method, generation, average_ar, max_ar, min_ar, average_latency, max_latency, min_latency
surrogate, 1, 0.085328125, 0.53125, 0.0, 13522.8905, 50000.0, 21.0
surrogate, 2, 0.13865625, 0.59375, 0.03125, 30.396, 36.0, 21.0
surrogate, 3, 0.17309375, 0.65625, 0.03125, 29.6675, 37.0, 21.0
surrogate, 4, 0.20265625, 0.65625, 0.03125, 29.365, 37.0, 21.0
surrogate, 5, 0.202234375, 0.65625, 0.03125, 28.373, 37.0, 21.0
surrogate, 6, 0.18759375, 0.75, 0.03125, 27.2385, 38.0, 19.0
surrogate, 7, 0.14225, 0.75, 0.03125, 25.35, 38.0, 19.0
surrogate, 8, 0.063796875, 1.0, 0.03125, 23.328, 38.0, 19.0
emulator, 8, 1.0, 1.0, 1.0, 38.0, 38.0, 38.0
