method, generation, latency, ar
surrogate, 1, 27.0, 0.28125
surrogate, 1, 25.0, 0.21875
surrogate, 1, 23.0, 0.09375
surrogate, 1, 22.0, 0.0625
surrogate, 2, 27.0, 0.28125
surrogate, 2, 25.0, 0.21875
surrogate, 2, 25.0, 0.21875
surrogate, 2, 23.0, 0.09375
surrogate, 2, 23.0, 0.09375
surrogate, 2, 22.0, 0.0625
surrogate, 3, 27.0, 0.5
surrogate, 3, 26.0, 0.28125
surrogate, 3, 25.0, 0.21875
surrogate, 3, 25.0, 0.21875
surrogate, 3, 25.0, 0.21875
surrogate, 3, 23.0, 0.09375
surrogate, 3, 23.0, 0.09375
surrogate, 3, 23.0, 0.09375
surrogate, 3, 23.0, 0.09375
surrogate, 3, 22.0, 0.0625
surrogate, 3, 22.0, 0.0625
surrogate, 4, 27.0, 0.5
surrogate, 4, 26.0, 0.28125
surrogate, 4, 24.0, 0.21875
surrogate, 4, 23.0, 0.15625
surrogate, 4, 22.0, 0.0625
surrogate, 4, 22.0, 0.0625
surrogate, 4, 22.0, 0.0625
surrogate, 4, 22.0, 0.0625
surrogate, 5, 27.0, 0.5
surrogate, 5, 26.0, 0.28125
surrogate, 5, 24.0, 0.21875
surrogate, 5, 21.0, 0.15625
surrogate, 6, 32.0, 0.6875
surrogate, 6, 27.0, 0.5
surrogate, 6, 27.0, 0.5
surrogate, 6, 27.0, 0.5
surrogate, 6, 26.0, 0.28125
surrogate, 6, 26.0, 0.28125
surrogate, 6, 26.0, 0.28125
surrogate, 6, 26.0, 0.28125
surrogate, 6, 23.0, 0.21875
surrogate, 6, 21.0, 0.15625
surrogate, 6, 21.0, 0.15625
surrogate, 7, 32.0, 0.6875
surrogate, 7, 30.0, 0.59375
surrogate, 7, 27.0, 0.5
surrogate, 7, 27.0, 0.5
surrogate, 7, 27.0, 0.5
surrogate, 7, 26.0, 0.28125
surrogate, 7, 26.0, 0.28125
surrogate, 7, 26.0, 0.28125
surrogate, 7, 26.0, 0.28125
surrogate, 7, 26.0, 0.28125
surrogate, 7, 26.0, 0.28125
surrogate, 7, 23.0, 0.21875
surrogate, 7, 23.0, 0.21875
surrogate, 7, 21.0, 0.15625
surrogate, 7, 21.0, 0.15625
surrogate, 8, 32.0, 0.6875
surrogate, 8, 32.0, 0.6875
surrogate, 8, 30.0, 0.59375
surrogate, 8, 30.0, 0.59375
surrogate, 8, 30.0, 0.59375
surrogate, 8, 27.0, 0.5
surrogate, 8, 27.0, 0.5
surrogate, 8, 27.0, 0.5
surrogate, 8, 26.0, 0.28125
surrogate, 8, 26.0, 0.28125
surrogate, 8, 26.0, 0.28125
surrogate, 8, 26.0, 0.28125
surrogate, 8, 26.0, 0.28125
surrogate, 8, 26.0, 0.28125
surrogate, 8, 23.0, 0.21875
surrogate, 8, 23.0, 0.21875
surrogate, 8, 21.0, 0.15625
surrogate, 8, 21.0, 0.15625
surrogate, 8, 21.0, 0.15625
surrogate, 9, 32.0, 0.6875
surrogate, 9, 32.0, 0.6875
surrogate, 9, 29.0, 0.59375
surrogate, 9, 27.0, 0.5
surrogate, 9, 27.0, 0.5
surrogate, 9, 27.0, 0.5
surrogate, 9, 26.0, 0.28125
surrogate, 9, 26.0, 0.28125
surrogate, 9, 26.0, 0.28125
surrogate, 9, 26.0, 0.28125
surrogate, 9, 26.0, 0.28125
surrogate, 9, 26.0, 0.28125
surrogate, 9, 26.0, 0.28125
surrogate, 9, 23.0, 0.21875
surrogate, 9, 23.0, 0.21875
surrogate, 9, 21.0, 0.15625
surrogate, 9, 21.0, 0.15625
surrogate, 9, 21.0, 0.15625
surrogate, 9, 21.0, 0.15625
surrogate, 9, 21.0, 0.15625
surrogate, 10, 30.0, 0.6875
surrogate, 10, 29.0, 0.59375
surrogate, 10, 27.0, 0.5
surrogate, 10, 27.0, 0.5
surrogate, 10, 27.0, 0.5
surrogate, 10, 27.0, 0.5
surrogate, 10, 26.0, 0.28125
surrogate, 10, 26.0, 0.28125
surrogate, 10, 26.0, 0.28125
surrogate, 10, 26.0, 0.28125
surrogate, 10, 26.0, 0.28125
surrogate, 10, 26.0, 0.28125
surrogate, 10, 26.0, 0.28125
surrogate, 10, 26.0, 0.28125
surrogate, 10, 23.0, 0.21875
surrogate, 10, 23.0, 0.21875
surrogate, 10, 23.0, 0.21875
surrogate, 10, 21.0, 0.15625
surrogate, 10, 21.0, 0.15625
surrogate, 10, 21.0, 0.15625
surrogate, 10, 21.0, 0.15625
surrogate, 10, 21.0, 0.15625
surrogate, 10, 21.0, 0.15625
surrogate, 10, 21.0, 0.15625
surrogate, 11, 30.0, 0.6875
surrogate, 11, 29.0, 0.59375
surrogate, 11, 27.0, 0.5
surrogate, 11, 27.0, 0.5
surrogate, 11, 27.0, 0.5
surrogate, 11, 27.0, 0.5
surrogate, 11, 25.0, 0.28125
surrogate, 11, 23.0, 0.21875
surrogate, 11, 23.0, 0.21875
surrogate, 11, 23.0, 0.21875
surrogate, 11, 23.0, 0.21875
surrogate, 11, 21.0, 0.15625
surrogate, 11, 21.0, 0.15625
surrogate, 11, 21.0, 0.15625
surrogate, 11, 21.0, 0.15625
surrogate, 11, 21.0, 0.15625
surrogate, 11, 21.0, 0.15625
surrogate, 11, 21.0, 0.15625
surrogate, 11, 21.0, 0.15625
surrogate, 12, 30.0, 0.6875
surrogate, 12, 29.0, 0.59375
surrogate, 12, 29.0, 0.59375
surrogate, 12, 27.0, 0.5
surrogate, 12, 27.0, 0.5
surrogate, 12, 27.0, 0.5
surrogate, 12, 27.0, 0.5
surrogate, 12, 23.0, 0.28125
surrogate, 12, 22.0, 0.21875
surrogate, 12, 21.0, 0.15625
surrogate, 12, 21.0, 0.15625
surrogate, 12, 21.0, 0.15625
surrogate, 12, 21.0, 0.15625
surrogate, 12, 21.0, 0.15625
surrogate, 12, 21.0, 0.15625
surrogate, 12, 21.0, 0.15625
surrogate, 12, 21.0, 0.15625
surrogate, 13, 30.0, 0.6875
surrogate, 13, 29.0, 0.59375
surrogate, 13, 29.0, 0.59375
surrogate, 13, 27.0, 0.5
surrogate, 13, 27.0, 0.5
surrogate, 13, 27.0, 0.5
surrogate, 13, 27.0, 0.5
surrogate, 13, 23.0, 0.28125
surrogate, 13, 23.0, 0.28125
surrogate, 13, 22.0, 0.21875
surrogate, 13, 22.0, 0.21875
surrogate, 13, 21.0, 0.15625
surrogate, 13, 21.0, 0.15625
surrogate, 13, 21.0, 0.15625
surrogate, 13, 21.0, 0.15625
surrogate, 13, 21.0, 0.15625
surrogate, 13, 21.0, 0.15625
surrogate, 13, 21.0, 0.15625
surrogate, 13, 21.0, 0.15625
surrogate, 13, 21.0, 0.15625
surrogate, 14, 30.0, 0.6875
surrogate, 14, 28.0, 0.59375
surrogate, 14, 27.0, 0.5
surrogate, 14, 27.0, 0.5
surrogate, 14, 27.0, 0.5
surrogate, 14, 27.0, 0.5
surrogate, 14, 23.0, 0.28125
surrogate, 14, 23.0, 0.28125
surrogate, 14, 22.0, 0.21875
surrogate, 14, 22.0, 0.21875
surrogate, 14, 22.0, 0.21875
surrogate, 14, 21.0, 0.15625
surrogate, 14, 21.0, 0.15625
surrogate, 14, 21.0, 0.15625
surrogate, 14, 21.0, 0.15625
surrogate, 14, 21.0, 0.15625
surrogate, 14, 21.0, 0.15625
surrogate, 14, 21.0, 0.15625
surrogate, 14, 21.0, 0.15625
surrogate, 14, 21.0, 0.15625
surrogate, 15, 30.0, 0.6875
surrogate, 15, 30.0, 0.6875
surrogate, 15, 28.0, 0.59375
surrogate, 15, 28.0, 0.59375
surrogate, 15, 26.0, 0.5
surrogate, 15, 23.0, 0.28125
surrogate, 15, 23.0, 0.28125
surrogate, 15, 23.0, 0.28125
surrogate, 15, 22.0, 0.21875
surrogate, 15, 22.0, 0.21875
surrogate, 15, 22.0, 0.21875
surrogate, 15, 22.0, 0.21875
surrogate, 15, 21.0, 0.15625
surrogate, 15, 21.0, 0.15625
surrogate, 15, 21.0, 0.15625
surrogate, 15, 21.0, 0.15625
surrogate, 15, 21.0, 0.15625
surrogate, 15, 21.0, 0.15625
surrogate, 15, 21.0, 0.15625
surrogate, 15, 21.0, 0.15625
surrogate, 15, 21.0, 0.15625
surrogate, 15, 21.0, 0.15625
surrogate, 16, 30.0, 0.6875
surrogate, 16, 30.0, 0.6875
surrogate, 16, 28.0, 0.59375
surrogate, 16, 28.0, 0.59375
surrogate, 16, 26.0, 0.5
surrogate, 16, 23.0, 0.28125
surrogate, 16, 23.0, 0.28125
surrogate, 16, 23.0, 0.28125
surrogate, 16, 23.0, 0.28125
surrogate, 16, 22.0, 0.21875
surrogate, 16, 22.0, 0.21875
surrogate, 16, 22.0, 0.21875
surrogate, 16, 22.0, 0.21875
surrogate, 16, 22.0, 0.21875
surrogate, 16, 21.0, 0.15625
surrogate, 16, 21.0, 0.15625
surrogate, 16, 21.0, 0.15625
surrogate, 16, 21.0, 0.15625
surrogate, 16, 21.0, 0.15625
surrogate, 16, 21.0, 0.15625
surrogate, 16, 21.0, 0.15625
surrogate, 16, 21.0, 0.15625
surrogate, 16, 21.0, 0.15625
surrogate, 16, 21.0, 0.15625
surrogate, 17, 30.0, 0.6875
surrogate, 17, 30.0, 0.6875
surrogate, 17, 30.0, 0.6875
surrogate, 17, 28.0, 0.59375
surrogate, 17, 28.0, 0.59375
surrogate, 17, 26.0, 0.5
surrogate, 17, 26.0, 0.5
surrogate, 17, 23.0, 0.28125
surrogate, 17, 23.0, 0.28125
surrogate, 17, 23.0, 0.28125
surrogate, 17, 23.0, 0.28125
surrogate, 17, 23.0, 0.28125
surrogate, 17, 22.0, 0.21875
surrogate, 17, 22.0, 0.21875
surrogate, 17, 22.0, 0.21875
surrogate, 17, 22.0, 0.21875
surrogate, 17, 22.0, 0.21875
surrogate, 17, 22.0, 0.21875
surrogate, 17, 21.0, 0.15625
surrogate, 17, 21.0, 0.15625
surrogate, 17, 21.0, 0.15625
surrogate, 17, 21.0, 0.15625
surrogate, 17, 21.0, 0.15625
surrogate, 17, 21.0, 0.15625
surrogate, 17, 21.0, 0.15625
surrogate, 17, 21.0, 0.15625
surrogate, 17, 21.0, 0.15625
surrogate, 17, 21.0, 0.15625
surrogate, 18, 30.0, 0.6875
surrogate, 18, 30.0, 0.6875
surrogate, 18, 30.0, 0.6875
surrogate, 18, 30.0, 0.6875
surrogate, 18, 28.0, 0.59375
surrogate, 18, 28.0, 0.59375
surrogate, 18, 28.0, 0.59375
surrogate, 18, 26.0, 0.5
surrogate, 18, 26.0, 0.5
surrogate, 18, 26.0, 0.5
surrogate, 18, 23.0, 0.28125
surrogate, 18, 23.0, 0.28125
surrogate, 18, 23.0, 0.28125
surrogate, 18, 23.0, 0.28125
surrogate, 18, 23.0, 0.28125
surrogate, 18, 23.0, 0.28125
surrogate, 18, 22.0, 0.21875
surrogate, 18, 22.0, 0.21875
surrogate, 18, 22.0, 0.21875
surrogate, 18, 22.0, 0.21875
surrogate, 18, 22.0, 0.21875
surrogate, 18, 22.0, 0.21875
surrogate, 18, 22.0, 0.21875
surrogate, 18, 21.0, 0.15625
surrogate, 18, 21.0, 0.15625
surrogate, 18, 21.0, 0.15625
surrogate, 18, 21.0, 0.15625
surrogate, 18, 21.0, 0.15625
surrogate, 18, 21.0, 0.15625
surrogate, 18, 21.0, 0.15625
surrogate, 18, 21.0, 0.15625
surrogate, 18, 21.0, 0.15625
surrogate, 18, 21.0, 0.15625
surrogate, 19, 30.0, 0.6875
surrogate, 19, 30.0, 0.6875
surrogate, 19, 30.0, 0.6875
surrogate, 19, 30.0, 0.6875
surrogate, 19, 28.0, 0.59375
surrogate, 19, 28.0, 0.59375
surrogate, 19, 28.0, 0.59375
surrogate, 19, 28.0, 0.59375
surrogate, 19, 26.0, 0.5
surrogate, 19, 26.0, 0.5
surrogate, 19, 26.0, 0.5
surrogate, 19, 26.0, 0.5
surrogate, 19, 23.0, 0.28125
surrogate, 19, 23.0, 0.28125
surrogate, 19, 23.0, 0.28125
surrogate, 19, 23.0, 0.28125
surrogate, 19, 23.0, 0.28125
surrogate, 19, 23.0, 0.28125
surrogate, 19, 23.0, 0.28125
surrogate, 19, 22.0, 0.21875
surrogate, 19, 22.0, 0.21875
surrogate, 19, 22.0, 0.21875
surrogate, 19, 22.0, 0.21875
surrogate, 19, 22.0, 0.21875
surrogate, 19, 22.0, 0.21875
surrogate, 19, 22.0, 0.21875
surrogate, 19, 22.0, 0.21875
surrogate, 19, 21.0, 0.15625
surrogate, 19, 21.0, 0.15625
surrogate, 19, 21.0, 0.15625
surrogate, 19, 21.0, 0.15625
surrogate, 19, 21.0, 0.15625
surrogate, 19, 21.0, 0.15625
surrogate, 19, 21.0, 0.15625
surrogate, 19, 21.0, 0.15625
surrogate, 19, 21.0, 0.15625
surrogate, 19, 21.0, 0.15625
surrogate, 20, 30.0, 0.6875
surrogate, 20, 30.0, 0.6875
surrogate, 20, 30.0, 0.6875
surrogate, 20, 30.0, 0.6875
surrogate, 20, 28.0, 0.59375
surrogate, 20, 28.0, 0.59375
surrogate, 20, 28.0, 0.59375
surrogate, 20, 28.0, 0.59375
surrogate, 20, 26.0, 0.5
surrogate, 20, 26.0, 0.5
surrogate, 20, 26.0, 0.5
surrogate, 20, 26.0, 0.5
surrogate, 20, 26.0, 0.5
surrogate, 20, 23.0, 0.28125
surrogate, 20, 23.0, 0.28125
surrogate, 20, 23.0, 0.28125
surrogate, 20, 23.0, 0.28125
surrogate, 20, 23.0, 0.28125
surrogate, 20, 23.0, 0.28125
surrogate, 20, 23.0, 0.28125
surrogate, 20, 23.0, 0.28125
surrogate, 20, 22.0, 0.21875
surrogate, 20, 22.0, 0.21875
surrogate, 20, 22.0, 0.21875
surrogate, 20, 22.0, 0.21875
surrogate, 20, 22.0, 0.21875
surrogate, 20, 22.0, 0.21875
surrogate, 20, 22.0, 0.21875
surrogate, 20, 22.0, 0.21875
surrogate, 20, 22.0, 0.21875
surrogate, 20, 21.0, 0.15625
surrogate, 20, 21.0, 0.15625
surrogate, 20, 21.0, 0.15625
surrogate, 20, 21.0, 0.15625
surrogate, 20, 21.0, 0.15625
surrogate, 20, 21.0, 0.15625
surrogate, 20, 21.0, 0.15625
surrogate, 20, 21.0, 0.15625
surrogate, 20, 21.0, 0.15625
surrogate, 20, 21.0, 0.15625
surrogate, 20, 21.0, 0.15625
surrogate, 21, 30.0, 0.6875
surrogate, 21, 30.0, 0.6875
surrogate, 21, 30.0, 0.6875
surrogate, 21, 30.0, 0.6875
surrogate, 21, 30.0, 0.6875
surrogate, 21, 28.0, 0.59375
surrogate, 21, 28.0, 0.59375
surrogate, 21, 28.0, 0.59375
surrogate, 21, 28.0, 0.59375
surrogate, 21, 26.0, 0.5
surrogate, 21, 26.0, 0.5
surrogate, 21, 26.0, 0.5
surrogate, 21, 26.0, 0.5
surrogate, 21, 26.0, 0.5
surrogate, 21, 23.0, 0.28125
surrogate, 21, 23.0, 0.28125
surrogate, 21, 23.0, 0.28125
surrogate, 21, 23.0, 0.28125
surrogate, 21, 23.0, 0.28125
surrogate, 21, 23.0, 0.28125
surrogate, 21, 23.0, 0.28125
surrogate, 21, 23.0, 0.28125
surrogate, 21, 22.0, 0.21875
surrogate, 21, 22.0, 0.21875
surrogate, 21, 22.0, 0.21875
surrogate, 21, 22.0, 0.21875
surrogate, 21, 22.0, 0.21875
surrogate, 21, 22.0, 0.21875
surrogate, 21, 22.0, 0.21875
surrogate, 21, 22.0, 0.21875
surrogate, 21, 22.0, 0.21875
surrogate, 21, 22.0, 0.21875
surrogate, 21, 21.0, 0.15625
surrogate, 21, 21.0, 0.15625
surrogate, 21, 21.0, 0.15625
surrogate, 21, 21.0, 0.15625
surrogate, 21, 21.0, 0.15625
surrogate, 21, 21.0, 0.15625
surrogate, 21, 21.0, 0.15625
surrogate, 21, 21.0, 0.15625
surrogate, 21, 21.0, 0.15625
surrogate, 21, 21.0, 0.15625
surrogate, 21, 21.0, 0.15625
surrogate, 21, 21.0, 0.15625
surrogate, 22, 32.0, 0.8125
surrogate, 22, 30.0, 0.6875
surrogate, 22, 30.0, 0.6875
surrogate, 22, 30.0, 0.6875
surrogate, 22, 30.0, 0.6875
surrogate, 22, 30.0, 0.6875
surrogate, 22, 28.0, 0.59375
surrogate, 22, 28.0, 0.59375
surrogate, 22, 28.0, 0.59375
surrogate, 22, 28.0, 0.59375
surrogate, 22, 26.0, 0.5
surrogate, 22, 26.0, 0.5
surrogate, 22, 26.0, 0.5
surrogate, 22, 26.0, 0.5
surrogate, 22, 26.0, 0.5
surrogate, 22, 26.0, 0.5
surrogate, 22, 23.0, 0.28125
surrogate, 22, 23.0, 0.28125
surrogate, 22, 23.0, 0.28125
surrogate, 22, 23.0, 0.28125
surrogate, 22, 23.0, 0.28125
surrogate, 22, 23.0, 0.28125
surrogate, 22, 23.0, 0.28125
surrogate, 22, 23.0, 0.28125
surrogate, 22, 23.0, 0.28125
surrogate, 22, 22.0, 0.21875
surrogate, 22, 22.0, 0.21875
surrogate, 22, 22.0, 0.21875
surrogate, 22, 22.0, 0.21875
surrogate, 22, 22.0, 0.21875
surrogate, 22, 22.0, 0.21875
surrogate, 22, 22.0, 0.21875
surrogate, 22, 22.0, 0.21875
surrogate, 22, 22.0, 0.21875
surrogate, 22, 22.0, 0.21875
surrogate, 22, 22.0, 0.21875
surrogate, 22, 21.0, 0.15625
surrogate, 22, 21.0, 0.15625
surrogate, 22, 21.0, 0.15625
surrogate, 22, 21.0, 0.15625
surrogate, 22, 21.0, 0.15625
surrogate, 22, 21.0, 0.15625
surrogate, 22, 21.0, 0.15625
surrogate, 22, 21.0, 0.15625
surrogate, 22, 21.0, 0.15625
surrogate, 22, 21.0, 0.15625
surrogate, 22, 21.0, 0.15625
surrogate, 22, 21.0, 0.15625
surrogate, 22, 21.0, 0.15625
surrogate, 23, 32.0, 0.8125
surrogate, 23, 30.0, 0.6875
surrogate, 23, 30.0, 0.6875
surrogate, 23, 30.0, 0.6875
surrogate, 23, 30.0, 0.6875
surrogate, 23, 30.0, 0.6875
surrogate, 23, 28.0, 0.59375
surrogate, 23, 28.0, 0.59375
surrogate, 23, 28.0, 0.59375
surrogate, 23, 28.0, 0.59375
surrogate, 23, 26.0, 0.5
surrogate, 23, 26.0, 0.5
surrogate, 23, 26.0, 0.5
surrogate, 23, 26.0, 0.5
surrogate, 23, 26.0, 0.5
surrogate, 23, 26.0, 0.5
surrogate, 23, 26.0, 0.5
surrogate, 23, 23.0, 0.28125
surrogate, 23, 23.0, 0.28125
surrogate, 23, 23.0, 0.28125
surrogate, 23, 23.0, 0.28125
surrogate, 23, 23.0, 0.28125
surrogate, 23, 23.0, 0.28125
surrogate, 23, 23.0, 0.28125
surrogate, 23, 23.0, 0.28125
surrogate, 23, 23.0, 0.28125
surrogate, 23, 23.0, 0.28125
surrogate, 23, 22.0, 0.21875
surrogate, 23, 22.0, 0.21875
surrogate, 23, 22.0, 0.21875
surrogate, 23, 22.0, 0.21875
surrogate, 23, 22.0, 0.21875
surrogate, 23, 22.0, 0.21875
surrogate, 23, 22.0, 0.21875
surrogate, 23, 22.0, 0.21875
surrogate, 23, 22.0, 0.21875
surrogate, 23, 22.0, 0.21875
surrogate, 23, 22.0, 0.21875
surrogate, 23, 21.0, 0.15625
surrogate, 23, 21.0, 0.15625
surrogate, 23, 21.0, 0.15625
surrogate, 23, 21.0, 0.15625
surrogate, 23, 21.0, 0.15625
surrogate, 23, 21.0, 0.15625
surrogate, 23, 21.0, 0.15625
surrogate, 23, 21.0, 0.15625
surrogate, 23, 21.0, 0.15625
surrogate, 23, 21.0, 0.15625
surrogate, 23, 21.0, 0.15625
surrogate, 23, 21.0, 0.15625
surrogate, 23, 21.0, 0.15625
surrogate, 23, 21.0, 0.15625
surrogate, 24, 32.0, 0.8125
surrogate, 24, 30.0, 0.6875
surrogate, 24, 30.0, 0.6875
surrogate, 24, 30.0, 0.6875
surrogate, 24, 30.0, 0.6875
surrogate, 24, 30.0, 0.6875
surrogate, 24, 28.0, 0.59375
surrogate, 24, 28.0, 0.59375
surrogate, 24, 28.0, 0.59375
surrogate, 24, 28.0, 0.59375
surrogate, 24, 26.0, 0.5
surrogate, 24, 26.0, 0.5
surrogate, 24, 26.0, 0.5
surrogate, 24, 26.0, 0.5
surrogate, 24, 26.0, 0.5
surrogate, 24, 26.0, 0.5
surrogate, 24, 26.0, 0.5
surrogate, 24, 25.0, 0.4375
surrogate, 24, 23.0, 0.28125
surrogate, 24, 23.0, 0.28125
surrogate, 24, 23.0, 0.28125
surrogate, 24, 23.0, 0.28125
surrogate, 24, 23.0, 0.28125
surrogate, 24, 23.0, 0.28125
surrogate, 24, 23.0, 0.28125
surrogate, 24, 23.0, 0.28125
surrogate, 24, 23.0, 0.28125
surrogate, 24, 23.0, 0.28125
surrogate, 24, 22.0, 0.21875
surrogate, 24, 22.0, 0.21875
surrogate, 24, 22.0, 0.21875
surrogate, 24, 22.0, 0.21875
surrogate, 24, 22.0, 0.21875
surrogate, 24, 22.0, 0.21875
surrogate, 24, 22.0, 0.21875
surrogate, 24, 22.0, 0.21875
surrogate, 24, 22.0, 0.21875
surrogate, 24, 22.0, 0.21875
surrogate, 24, 22.0, 0.21875
surrogate, 24, 21.0, 0.15625
surrogate, 24, 21.0, 0.15625
surrogate, 24, 21.0, 0.15625
surrogate, 24, 21.0, 0.15625
surrogate, 24, 21.0, 0.15625
surrogate, 24, 21.0, 0.15625
surrogate, 24, 21.0, 0.15625
surrogate, 24, 21.0, 0.15625
surrogate, 24, 21.0, 0.15625
surrogate, 24, 21.0, 0.15625
surrogate, 24, 21.0, 0.15625
surrogate, 24, 21.0, 0.15625
surrogate, 24, 21.0, 0.15625
surrogate, 24, 21.0, 0.15625
surrogate, 24, 21.0, 0.15625
surrogate, 25, 32.0, 0.8125
surrogate, 25, 30.0, 0.6875
surrogate, 25, 30.0, 0.6875
surrogate, 25, 30.0, 0.6875
surrogate, 25, 30.0, 0.6875
surrogate, 25, 30.0, 0.6875
surrogate, 25, 28.0, 0.59375
surrogate, 25, 28.0, 0.59375
surrogate, 25, 28.0, 0.59375
surrogate, 25, 28.0, 0.59375
surrogate, 25, 26.0, 0.5
surrogate, 25, 26.0, 0.5
surrogate, 25, 26.0, 0.5
surrogate, 25, 26.0, 0.5
surrogate, 25, 26.0, 0.5
surrogate, 25, 26.0, 0.5
surrogate, 25, 26.0, 0.5
surrogate, 25, 25.0, 0.4375
surrogate, 25, 25.0, 0.4375
surrogate, 25, 23.0, 0.28125
surrogate, 25, 23.0, 0.28125
surrogate, 25, 23.0, 0.28125
surrogate, 25, 23.0, 0.28125
surrogate, 25, 23.0, 0.28125
surrogate, 25, 23.0, 0.28125
surrogate, 25, 23.0, 0.28125
surrogate, 25, 23.0, 0.28125
surrogate, 25, 23.0, 0.28125
surrogate, 25, 23.0, 0.28125
surrogate, 25, 23.0, 0.28125
surrogate, 25, 22.0, 0.21875
surrogate, 25, 22.0, 0.21875
surrogate, 25, 22.0, 0.21875
surrogate, 25, 22.0, 0.21875
surrogate, 25, 22.0, 0.21875
surrogate, 25, 22.0, 0.21875
surrogate, 25, 22.0, 0.21875
surrogate, 25, 22.0, 0.21875
surrogate, 25, 22.0, 0.21875
surrogate, 25, 22.0, 0.21875
surrogate, 25, 22.0, 0.21875
surrogate, 25, 22.0, 0.21875
surrogate, 25, 21.0, 0.15625
surrogate, 25, 21.0, 0.15625
surrogate, 25, 21.0, 0.15625
surrogate, 25, 21.0, 0.15625
surrogate, 25, 21.0, 0.15625
surrogate, 25, 21.0, 0.15625
surrogate, 25, 21.0, 0.15625
surrogate, 25, 21.0, 0.15625
surrogate, 25, 21.0, 0.15625
surrogate, 25, 21.0, 0.15625
surrogate, 25, 21.0, 0.15625
surrogate, 25, 21.0, 0.15625
surrogate, 25, 21.0, 0.15625
surrogate, 25, 21.0, 0.15625
surrogate, 25, 21.0, 0.15625
surrogate, 25, 21.0, 0.15625
surrogate, 26, 32.0, 0.8125
surrogate, 26, 30.0, 0.6875
surrogate, 26, 30.0, 0.6875
surrogate, 26, 30.0, 0.6875
surrogate, 26, 30.0, 0.6875
surrogate, 26, 30.0, 0.6875
surrogate, 26, 28.0, 0.59375
surrogate, 26, 28.0, 0.59375
surrogate, 26, 28.0, 0.59375
surrogate, 26, 28.0, 0.59375
surrogate, 26, 28.0, 0.59375
surrogate, 26, 26.0, 0.5
surrogate, 26, 26.0, 0.5
surrogate, 26, 26.0, 0.5
surrogate, 26, 26.0, 0.5
surrogate, 26, 26.0, 0.5
surrogate, 26, 26.0, 0.5
surrogate, 26, 26.0, 0.5
surrogate, 26, 26.0, 0.5
surrogate, 26, 25.0, 0.4375
surrogate, 26, 25.0, 0.4375
surrogate, 26, 23.0, 0.28125
surrogate, 26, 23.0, 0.28125
surrogate, 26, 23.0, 0.28125
surrogate, 26, 23.0, 0.28125
surrogate, 26, 23.0, 0.28125
surrogate, 26, 23.0, 0.28125
surrogate, 26, 23.0, 0.28125
surrogate, 26, 23.0, 0.28125
surrogate, 26, 23.0, 0.28125
surrogate, 26, 23.0, 0.28125
surrogate, 26, 23.0, 0.28125
surrogate, 26, 23.0, 0.28125
surrogate, 26, 22.0, 0.21875
surrogate, 26, 22.0, 0.21875
surrogate, 26, 22.0, 0.21875
surrogate, 26, 22.0, 0.21875
surrogate, 26, 22.0, 0.21875
surrogate, 26, 22.0, 0.21875
surrogate, 26, 22.0, 0.21875
surrogate, 26, 22.0, 0.21875
surrogate, 26, 22.0, 0.21875
surrogate, 26, 22.0, 0.21875
surrogate, 26, 22.0, 0.21875
surrogate, 26, 22.0, 0.21875
surrogate, 26, 21.0, 0.15625
surrogate, 26, 21.0, 0.15625
surrogate, 26, 21.0, 0.15625
surrogate, 26, 21.0, 0.15625
surrogate, 26, 21.0, 0.15625
surrogate, 26, 21.0, 0.15625
surrogate, 26, 21.0, 0.15625
surrogate, 26, 21.0, 0.15625
surrogate, 26, 21.0, 0.15625
surrogate, 26, 21.0, 0.15625
surrogate, 26, 21.0, 0.15625
surrogate, 26, 21.0, 0.15625
surrogate, 26, 21.0, 0.15625
surrogate, 26, 21.0, 0.15625
surrogate, 26, 21.0, 0.15625
surrogate, 26, 21.0, 0.15625
surrogate, 27, 32.0, 0.8125
surrogate, 27, 30.0, 0.6875
surrogate, 27, 30.0, 0.6875
surrogate, 27, 30.0, 0.6875
surrogate, 27, 30.0, 0.6875
surrogate, 27, 30.0, 0.6875
surrogate, 27, 28.0, 0.59375
surrogate, 27, 28.0, 0.59375
surrogate, 27, 28.0, 0.59375
surrogate, 27, 28.0, 0.59375
surrogate, 27, 28.0, 0.59375
surrogate, 27, 28.0, 0.59375
surrogate, 27, 26.0, 0.5
surrogate, 27, 26.0, 0.5
surrogate, 27, 26.0, 0.5
surrogate, 27, 26.0, 0.5
surrogate, 27, 26.0, 0.5
surrogate, 27, 26.0, 0.5
surrogate, 27, 26.0, 0.5
surrogate, 27, 26.0, 0.5
surrogate, 27, 25.0, 0.4375
surrogate, 27, 25.0, 0.4375
surrogate, 27, 25.0, 0.4375
surrogate, 27, 23.0, 0.28125
surrogate, 27, 23.0, 0.28125
surrogate, 27, 23.0, 0.28125
surrogate, 27, 23.0, 0.28125
surrogate, 27, 23.0, 0.28125
surrogate, 27, 23.0, 0.28125
surrogate, 27, 23.0, 0.28125
surrogate, 27, 23.0, 0.28125
surrogate, 27, 23.0, 0.28125
surrogate, 27, 23.0, 0.28125
surrogate, 27, 23.0, 0.28125
surrogate, 27, 23.0, 0.28125
surrogate, 27, 23.0, 0.28125
surrogate, 27, 22.0, 0.21875
surrogate, 27, 22.0, 0.21875
surrogate, 27, 22.0, 0.21875
surrogate, 27, 22.0, 0.21875
surrogate, 27, 22.0, 0.21875
surrogate, 27, 22.0, 0.21875
surrogate, 27, 22.0, 0.21875
surrogate, 27, 22.0, 0.21875
surrogate, 27, 22.0, 0.21875
surrogate, 27, 22.0, 0.21875
surrogate, 27, 22.0, 0.21875
surrogate, 27, 22.0, 0.21875
surrogate, 27, 22.0, 0.21875
surrogate, 27, 21.0, 0.15625
surrogate, 27, 21.0, 0.15625
surrogate, 27, 21.0, 0.15625
surrogate, 27, 21.0, 0.15625
surrogate, 27, 21.0, 0.15625
surrogate, 27, 21.0, 0.15625
surrogate, 27, 21.0, 0.15625
surrogate, 27, 21.0, 0.15625
surrogate, 27, 21.0, 0.15625
surrogate, 27, 21.0, 0.15625
surrogate, 27, 21.0, 0.15625
surrogate, 27, 21.0, 0.15625
surrogate, 27, 21.0, 0.15625
surrogate, 27, 21.0, 0.15625
surrogate, 27, 21.0, 0.15625
surrogate, 27, 21.0, 0.15625
surrogate, 28, 32.0, 0.90625
surrogate, 28, 30.0, 0.6875
surrogate, 28, 30.0, 0.6875
surrogate, 28, 30.0, 0.6875
surrogate, 28, 30.0, 0.6875
surrogate, 28, 30.0, 0.6875
surrogate, 28, 28.0, 0.59375
surrogate, 28, 28.0, 0.59375
surrogate, 28, 28.0, 0.59375
surrogate, 28, 28.0, 0.59375
surrogate, 28, 28.0, 0.59375
surrogate, 28, 28.0, 0.59375
surrogate, 28, 26.0, 0.5
surrogate, 28, 26.0, 0.5
surrogate, 28, 26.0, 0.5
surrogate, 28, 26.0, 0.5
surrogate, 28, 26.0, 0.5
surrogate, 28, 26.0, 0.5
surrogate, 28, 26.0, 0.5
surrogate, 28, 26.0, 0.5
surrogate, 28, 26.0, 0.5
surrogate, 28, 25.0, 0.4375
surrogate, 28, 25.0, 0.4375
surrogate, 28, 25.0, 0.4375
surrogate, 28, 23.0, 0.28125
surrogate, 28, 23.0, 0.28125
surrogate, 28, 23.0, 0.28125
surrogate, 28, 23.0, 0.28125
surrogate, 28, 23.0, 0.28125
surrogate, 28, 23.0, 0.28125
surrogate, 28, 23.0, 0.28125
surrogate, 28, 23.0, 0.28125
surrogate, 28, 23.0, 0.28125
surrogate, 28, 23.0, 0.28125
surrogate, 28, 23.0, 0.28125
surrogate, 28, 23.0, 0.28125
surrogate, 28, 23.0, 0.28125
surrogate, 28, 22.0, 0.21875
surrogate, 28, 22.0, 0.21875
surrogate, 28, 22.0, 0.21875
surrogate, 28, 22.0, 0.21875
surrogate, 28, 22.0, 0.21875
surrogate, 28, 22.0, 0.21875
surrogate, 28, 22.0, 0.21875
surrogate, 28, 22.0, 0.21875
surrogate, 28, 22.0, 0.21875
surrogate, 28, 22.0, 0.21875
surrogate, 28, 22.0, 0.21875
surrogate, 28, 22.0, 0.21875
surrogate, 28, 22.0, 0.21875
surrogate, 28, 22.0, 0.21875
surrogate, 28, 21.0, 0.15625
surrogate, 28, 21.0, 0.15625
surrogate, 28, 21.0, 0.15625
surrogate, 28, 21.0, 0.15625
surrogate, 28, 21.0, 0.15625
surrogate, 28, 21.0, 0.15625
surrogate, 28, 21.0, 0.15625
surrogate, 28, 21.0, 0.15625
surrogate, 28, 21.0, 0.15625
surrogate, 28, 21.0, 0.15625
surrogate, 28, 21.0, 0.15625
surrogate, 28, 21.0, 0.15625
surrogate, 28, 21.0, 0.15625
surrogate, 28, 21.0, 0.15625
surrogate, 28, 21.0, 0.15625
surrogate, 28, 21.0, 0.15625
surrogate, 29, 32.0, 0.90625
surrogate, 29, 30.0, 0.6875
surrogate, 29, 30.0, 0.6875
surrogate, 29, 30.0, 0.6875
surrogate, 29, 30.0, 0.6875
surrogate, 29, 30.0, 0.6875
surrogate, 29, 30.0, 0.6875
surrogate, 29, 28.0, 0.59375
surrogate, 29, 28.0, 0.59375
surrogate, 29, 28.0, 0.59375
surrogate, 29, 28.0, 0.59375
surrogate, 29, 28.0, 0.59375
surrogate, 29, 28.0, 0.59375
surrogate, 29, 28.0, 0.59375
surrogate, 29, 26.0, 0.5
surrogate, 29, 26.0, 0.5
surrogate, 29, 26.0, 0.5
surrogate, 29, 26.0, 0.5
surrogate, 29, 26.0, 0.5
surrogate, 29, 26.0, 0.5
surrogate, 29, 26.0, 0.5
surrogate, 29, 26.0, 0.5
surrogate, 29, 26.0, 0.5
surrogate, 29, 26.0, 0.5
surrogate, 29, 25.0, 0.4375
surrogate, 29, 25.0, 0.4375
surrogate, 29, 25.0, 0.4375
surrogate, 29, 25.0, 0.4375
surrogate, 29, 23.0, 0.28125
surrogate, 29, 23.0, 0.28125
surrogate, 29, 23.0, 0.28125
surrogate, 29, 23.0, 0.28125
surrogate, 29, 23.0, 0.28125
surrogate, 29, 23.0, 0.28125
surrogate, 29, 23.0, 0.28125
surrogate, 29, 23.0, 0.28125
surrogate, 29, 23.0, 0.28125
surrogate, 29, 23.0, 0.28125
surrogate, 29, 23.0, 0.28125
surrogate, 29, 23.0, 0.28125
surrogate, 29, 23.0, 0.28125
surrogate, 29, 23.0, 0.28125
surrogate, 29, 22.0, 0.21875
surrogate, 29, 22.0, 0.21875
surrogate, 29, 22.0, 0.21875
surrogate, 29, 22.0, 0.21875
surrogate, 29, 22.0, 0.21875
surrogate, 29, 22.0, 0.21875
surrogate, 29, 22.0, 0.21875
surrogate, 29, 22.0, 0.21875
surrogate, 29, 22.0, 0.21875
surrogate, 29, 22.0, 0.21875
surrogate, 29, 22.0, 0.21875
surrogate, 29, 22.0, 0.21875
surrogate, 29, 22.0, 0.21875
surrogate, 29, 22.0, 0.21875
surrogate, 29, 21.0, 0.15625
surrogate, 29, 21.0, 0.15625
surrogate, 29, 21.0, 0.15625
surrogate, 29, 21.0, 0.15625
surrogate, 29, 21.0, 0.15625
surrogate, 29, 21.0, 0.15625
surrogate, 29, 21.0, 0.15625
surrogate, 29, 21.0, 0.15625
surrogate, 29, 21.0, 0.15625
surrogate, 29, 21.0, 0.15625
surrogate, 29, 21.0, 0.15625
surrogate, 29, 21.0, 0.15625
surrogate, 29, 21.0, 0.15625
surrogate, 29, 21.0, 0.15625
surrogate, 29, 21.0, 0.15625
surrogate, 29, 21.0, 0.15625
surrogate, 30, 32.0, 0.90625
surrogate, 30, 30.0, 0.6875
surrogate, 30, 30.0, 0.6875
surrogate, 30, 30.0, 0.6875
surrogate, 30, 30.0, 0.6875
surrogate, 30, 30.0, 0.6875
surrogate, 30, 30.0, 0.6875
surrogate, 30, 28.0, 0.59375
surrogate, 30, 28.0, 0.59375
surrogate, 30, 28.0, 0.59375
surrogate, 30, 28.0, 0.59375
surrogate, 30, 28.0, 0.59375
surrogate, 30, 28.0, 0.59375
surrogate, 30, 28.0, 0.59375
surrogate, 30, 26.0, 0.5
surrogate, 30, 26.0, 0.5
surrogate, 30, 26.0, 0.5
surrogate, 30, 26.0, 0.5
surrogate, 30, 26.0, 0.5
surrogate, 30, 26.0, 0.5
surrogate, 30, 26.0, 0.5
surrogate, 30, 26.0, 0.5
surrogate, 30, 26.0, 0.5
surrogate, 30, 26.0, 0.5
surrogate, 30, 26.0, 0.5
surrogate, 30, 25.0, 0.4375
surrogate, 30, 25.0, 0.4375
surrogate, 30, 25.0, 0.4375
surrogate, 30, 25.0, 0.4375
surrogate, 30, 23.0, 0.28125
surrogate, 30, 23.0, 0.28125
surrogate, 30, 23.0, 0.28125
surrogate, 30, 23.0, 0.28125
surrogate, 30, 23.0, 0.28125
surrogate, 30, 23.0, 0.28125
surrogate, 30, 23.0, 0.28125
surrogate, 30, 23.0, 0.28125
surrogate, 30, 23.0, 0.28125
surrogate, 30, 23.0, 0.28125
surrogate, 30, 23.0, 0.28125
surrogate, 30, 23.0, 0.28125
surrogate, 30, 23.0, 0.28125
surrogate, 30, 23.0, 0.28125
surrogate, 30, 23.0, 0.28125
surrogate, 30, 22.0, 0.21875
surrogate, 30, 22.0, 0.21875
surrogate, 30, 22.0, 0.21875
surrogate, 30, 22.0, 0.21875
surrogate, 30, 22.0, 0.21875
surrogate, 30, 22.0, 0.21875
surrogate, 30, 22.0, 0.21875
surrogate, 30, 22.0, 0.21875
surrogate, 30, 22.0, 0.21875
surrogate, 30, 22.0, 0.21875
surrogate, 30, 22.0, 0.21875
surrogate, 30, 22.0, 0.21875
surrogate, 30, 22.0, 0.21875
surrogate, 30, 22.0, 0.21875
surrogate, 30, 21.0, 0.15625
surrogate, 30, 21.0, 0.15625
surrogate, 30, 21.0, 0.15625
surrogate, 30, 21.0, 0.15625
surrogate, 30, 21.0, 0.15625
surrogate, 30, 21.0, 0.15625
surrogate, 30, 21.0, 0.15625
surrogate, 30, 21.0, 0.15625
surrogate, 30, 21.0, 0.15625
surrogate, 30, 21.0, 0.15625
surrogate, 30, 21.0, 0.15625
surrogate, 30, 21.0, 0.15625
surrogate, 30, 21.0, 0.15625
surrogate, 30, 21.0, 0.15625
surrogate, 30, 21.0, 0.15625
surrogate, 30, 21.0, 0.15625
surrogate, 31, 32.0, 0.90625
surrogate, 31, 30.0, 0.6875
surrogate, 31, 30.0, 0.6875
surrogate, 31, 30.0, 0.6875
surrogate, 31, 30.0, 0.6875
surrogate, 31, 30.0, 0.6875
surrogate, 31, 30.0, 0.6875
surrogate, 31, 30.0, 0.6875
surrogate, 31, 28.0, 0.59375
surrogate, 31, 28.0, 0.59375
surrogate, 31, 28.0, 0.59375
surrogate, 31, 28.0, 0.59375
surrogate, 31, 28.0, 0.59375
surrogate, 31, 28.0, 0.59375
surrogate, 31, 28.0, 0.59375
surrogate, 31, 26.0, 0.5
surrogate, 31, 26.0, 0.5
surrogate, 31, 26.0, 0.5
surrogate, 31, 26.0, 0.5
surrogate, 31, 26.0, 0.5
surrogate, 31, 26.0, 0.5
surrogate, 31, 26.0, 0.5
surrogate, 31, 26.0, 0.5
surrogate, 31, 26.0, 0.5
surrogate, 31, 26.0, 0.5
surrogate, 31, 26.0, 0.5
surrogate, 31, 25.0, 0.4375
surrogate, 31, 25.0, 0.4375
surrogate, 31, 25.0, 0.4375
surrogate, 31, 25.0, 0.4375
surrogate, 31, 25.0, 0.4375
surrogate, 31, 23.0, 0.28125
surrogate, 31, 23.0, 0.28125
surrogate, 31, 23.0, 0.28125
surrogate, 31, 23.0, 0.28125
surrogate, 31, 23.0, 0.28125
surrogate, 31, 23.0, 0.28125
surrogate, 31, 23.0, 0.28125
surrogate, 31, 23.0, 0.28125
surrogate, 31, 23.0, 0.28125
surrogate, 31, 23.0, 0.28125
surrogate, 31, 23.0, 0.28125
surrogate, 31, 23.0, 0.28125
surrogate, 31, 23.0, 0.28125
surrogate, 31, 23.0, 0.28125
surrogate, 31, 23.0, 0.28125
surrogate, 31, 23.0, 0.28125
surrogate, 31, 22.0, 0.21875
surrogate, 31, 22.0, 0.21875
surrogate, 31, 22.0, 0.21875
surrogate, 31, 22.0, 0.21875
surrogate, 31, 22.0, 0.21875
surrogate, 31, 22.0, 0.21875
surrogate, 31, 22.0, 0.21875
surrogate, 31, 22.0, 0.21875
surrogate, 31, 22.0, 0.21875
surrogate, 31, 22.0, 0.21875
surrogate, 31, 22.0, 0.21875
surrogate, 31, 22.0, 0.21875
surrogate, 31, 22.0, 0.21875
surrogate, 31, 22.0, 0.21875
surrogate, 31, 22.0, 0.21875
surrogate, 31, 21.0, 0.15625
surrogate, 31, 21.0, 0.15625
surrogate, 31, 21.0, 0.15625
surrogate, 31, 21.0, 0.15625
surrogate, 31, 21.0, 0.15625
surrogate, 31, 21.0, 0.15625
surrogate, 31, 21.0, 0.15625
surrogate, 31, 21.0, 0.15625
surrogate, 31, 21.0, 0.15625
surrogate, 31, 21.0, 0.15625
surrogate, 31, 21.0, 0.15625
surrogate, 31, 21.0, 0.15625
surrogate, 31, 21.0, 0.15625
surrogate, 31, 21.0, 0.15625
surrogate, 31, 21.0, 0.15625
surrogate, 31, 21.0, 0.15625
surrogate, 32, 32.0, 0.90625
surrogate, 32, 30.0, 0.6875
surrogate, 32, 30.0, 0.6875
surrogate, 32, 30.0, 0.6875
surrogate, 32, 30.0, 0.6875
surrogate, 32, 30.0, 0.6875
surrogate, 32, 30.0, 0.6875
surrogate, 32, 30.0, 0.6875
surrogate, 32, 30.0, 0.6875
surrogate, 32, 28.0, 0.59375
surrogate, 32, 28.0, 0.59375
surrogate, 32, 28.0, 0.59375
surrogate, 32, 28.0, 0.59375
surrogate, 32, 28.0, 0.59375
surrogate, 32, 28.0, 0.59375
surrogate, 32, 28.0, 0.59375
surrogate, 32, 28.0, 0.59375
surrogate, 32, 26.0, 0.5
surrogate, 32, 26.0, 0.5
surrogate, 32, 26.0, 0.5
surrogate, 32, 26.0, 0.5
surrogate, 32, 26.0, 0.5
surrogate, 32, 26.0, 0.5
surrogate, 32, 26.0, 0.5
surrogate, 32, 26.0, 0.5
surrogate, 32, 26.0, 0.5
surrogate, 32, 26.0, 0.5
surrogate, 32, 26.0, 0.5
surrogate, 32, 26.0, 0.5
surrogate, 32, 25.0, 0.4375
surrogate, 32, 25.0, 0.4375
surrogate, 32, 25.0, 0.4375
surrogate, 32, 25.0, 0.4375
surrogate, 32, 25.0, 0.4375
surrogate, 32, 23.0, 0.28125
surrogate, 32, 23.0, 0.28125
surrogate, 32, 23.0, 0.28125
surrogate, 32, 23.0, 0.28125
surrogate, 32, 23.0, 0.28125
surrogate, 32, 23.0, 0.28125
surrogate, 32, 23.0, 0.28125
surrogate, 32, 23.0, 0.28125
surrogate, 32, 23.0, 0.28125
surrogate, 32, 23.0, 0.28125
surrogate, 32, 23.0, 0.28125
surrogate, 32, 23.0, 0.28125
surrogate, 32, 23.0, 0.28125
surrogate, 32, 23.0, 0.28125
surrogate, 32, 23.0, 0.28125
surrogate, 32, 23.0, 0.28125
surrogate, 32, 22.0, 0.21875
surrogate, 32, 22.0, 0.21875
surrogate, 32, 22.0, 0.21875
surrogate, 32, 22.0, 0.21875
surrogate, 32, 22.0, 0.21875
surrogate, 32, 22.0, 0.21875
surrogate, 32, 22.0, 0.21875
surrogate, 32, 22.0, 0.21875
surrogate, 32, 22.0, 0.21875
surrogate, 32, 22.0, 0.21875
surrogate, 32, 22.0, 0.21875
surrogate, 32, 22.0, 0.21875
surrogate, 32, 22.0, 0.21875
surrogate, 32, 22.0, 0.21875
surrogate, 32, 22.0, 0.21875
surrogate, 32, 22.0, 0.21875
surrogate, 32, 21.0, 0.15625
surrogate, 32, 21.0, 0.15625
surrogate, 32, 21.0, 0.15625
surrogate, 32, 21.0, 0.15625
surrogate, 32, 21.0, 0.15625
surrogate, 32, 21.0, 0.15625
surrogate, 32, 21.0, 0.15625
surrogate, 32, 21.0, 0.15625
surrogate, 32, 21.0, 0.15625
surrogate, 32, 21.0, 0.15625
surrogate, 32, 21.0, 0.15625
surrogate, 32, 21.0, 0.15625
surrogate, 32, 21.0, 0.15625
surrogate, 32, 21.0, 0.15625
surrogate, 32, 21.0, 0.15625
surrogate, 32, 21.0, 0.15625
surrogate, 32, 21.0, 0.15625
surrogate, 33, 32.0, 0.90625
surrogate, 33, 30.0, 0.6875
surrogate, 33, 30.0, 0.6875
surrogate, 33, 30.0, 0.6875
surrogate, 33, 30.0, 0.6875
surrogate, 33, 30.0, 0.6875
surrogate, 33, 30.0, 0.6875
surrogate, 33, 30.0, 0.6875
surrogate, 33, 30.0, 0.6875
surrogate, 33, 28.0, 0.59375
surrogate, 33, 28.0, 0.59375
surrogate, 33, 28.0, 0.59375
surrogate, 33, 28.0, 0.59375
surrogate, 33, 28.0, 0.59375
surrogate, 33, 28.0, 0.59375
surrogate, 33, 28.0, 0.59375
surrogate, 33, 28.0, 0.59375
surrogate, 33, 26.0, 0.5
surrogate, 33, 26.0, 0.5
surrogate, 33, 26.0, 0.5
surrogate, 33, 26.0, 0.5
surrogate, 33, 26.0, 0.5
surrogate, 33, 26.0, 0.5
surrogate, 33, 26.0, 0.5
surrogate, 33, 26.0, 0.5
surrogate, 33, 26.0, 0.5
surrogate, 33, 26.0, 0.5
surrogate, 33, 26.0, 0.5
surrogate, 33, 26.0, 0.5
surrogate, 33, 25.0, 0.4375
surrogate, 33, 25.0, 0.4375
surrogate, 33, 25.0, 0.4375
surrogate, 33, 25.0, 0.4375
surrogate, 33, 25.0, 0.4375
surrogate, 33, 23.0, 0.28125
surrogate, 33, 23.0, 0.28125
surrogate, 33, 23.0, 0.28125
surrogate, 33, 23.0, 0.28125
surrogate, 33, 23.0, 0.28125
surrogate, 33, 23.0, 0.28125
surrogate, 33, 23.0, 0.28125
surrogate, 33, 23.0, 0.28125
surrogate, 33, 23.0, 0.28125
surrogate, 33, 23.0, 0.28125
surrogate, 33, 23.0, 0.28125
surrogate, 33, 23.0, 0.28125
surrogate, 33, 23.0, 0.28125
surrogate, 33, 23.0, 0.28125
surrogate, 33, 23.0, 0.28125
surrogate, 33, 23.0, 0.28125
surrogate, 33, 22.0, 0.21875
surrogate, 33, 22.0, 0.21875
surrogate, 33, 22.0, 0.21875
surrogate, 33, 22.0, 0.21875
surrogate, 33, 22.0, 0.21875
surrogate, 33, 22.0, 0.21875
surrogate, 33, 22.0, 0.21875
surrogate, 33, 22.0, 0.21875
surrogate, 33, 22.0, 0.21875
surrogate, 33, 22.0, 0.21875
surrogate, 33, 22.0, 0.21875
surrogate, 33, 22.0, 0.21875
surrogate, 33, 22.0, 0.21875
surrogate, 33, 22.0, 0.21875
surrogate, 33, 22.0, 0.21875
surrogate, 33, 22.0, 0.21875
surrogate, 33, 22.0, 0.21875
surrogate, 33, 21.0, 0.15625
surrogate, 33, 21.0, 0.15625
surrogate, 33, 21.0, 0.15625
surrogate, 33, 21.0, 0.15625
surrogate, 33, 21.0, 0.15625
surrogate, 33, 21.0, 0.15625
surrogate, 33, 21.0, 0.15625
surrogate, 33, 21.0, 0.15625
surrogate, 33, 21.0, 0.15625
surrogate, 33, 21.0, 0.15625
surrogate, 33, 21.0, 0.15625
surrogate, 33, 21.0, 0.15625
surrogate, 33, 21.0, 0.15625
surrogate, 33, 21.0, 0.15625
surrogate, 33, 21.0, 0.15625
surrogate, 33, 21.0, 0.15625
surrogate, 33, 21.0, 0.15625
surrogate, 34, 32.0, 0.90625
surrogate, 34, 30.0, 0.6875
surrogate, 34, 30.0, 0.6875
surrogate, 34, 30.0, 0.6875
surrogate, 34, 30.0, 0.6875
surrogate, 34, 30.0, 0.6875
surrogate, 34, 30.0, 0.6875
surrogate, 34, 30.0, 0.6875
surrogate, 34, 30.0, 0.6875
surrogate, 34, 30.0, 0.6875
surrogate, 34, 28.0, 0.59375
surrogate, 34, 28.0, 0.59375
surrogate, 34, 28.0, 0.59375
surrogate, 34, 28.0, 0.59375
surrogate, 34, 28.0, 0.59375
surrogate, 34, 28.0, 0.59375
surrogate, 34, 28.0, 0.59375
surrogate, 34, 28.0, 0.59375
surrogate, 34, 26.0, 0.5
surrogate, 34, 26.0, 0.5
surrogate, 34, 26.0, 0.5
surrogate, 34, 26.0, 0.5
surrogate, 34, 26.0, 0.5
surrogate, 34, 26.0, 0.5
surrogate, 34, 26.0, 0.5
surrogate, 34, 26.0, 0.5
surrogate, 34, 26.0, 0.5
surrogate, 34, 26.0, 0.5
surrogate, 34, 26.0, 0.5
surrogate, 34, 26.0, 0.5
surrogate, 34, 25.0, 0.4375
surrogate, 34, 25.0, 0.4375
surrogate, 34, 25.0, 0.4375
surrogate, 34, 25.0, 0.4375
surrogate, 34, 25.0, 0.4375
surrogate, 34, 25.0, 0.4375
surrogate, 34, 23.0, 0.28125
surrogate, 34, 23.0, 0.28125
surrogate, 34, 23.0, 0.28125
surrogate, 34, 23.0, 0.28125
surrogate, 34, 23.0, 0.28125
surrogate, 34, 23.0, 0.28125
surrogate, 34, 23.0, 0.28125
surrogate, 34, 23.0, 0.28125
surrogate, 34, 23.0, 0.28125
surrogate, 34, 23.0, 0.28125
surrogate, 34, 23.0, 0.28125
surrogate, 34, 23.0, 0.28125
surrogate, 34, 23.0, 0.28125
surrogate, 34, 23.0, 0.28125
surrogate, 34, 23.0, 0.28125
surrogate, 34, 23.0, 0.28125
surrogate, 34, 22.0, 0.21875
surrogate, 34, 22.0, 0.21875
surrogate, 34, 22.0, 0.21875
surrogate, 34, 22.0, 0.21875
surrogate, 34, 22.0, 0.21875
surrogate, 34, 22.0, 0.21875
surrogate, 34, 22.0, 0.21875
surrogate, 34, 22.0, 0.21875
surrogate, 34, 22.0, 0.21875
surrogate, 34, 22.0, 0.21875
surrogate, 34, 22.0, 0.21875
surrogate, 34, 22.0, 0.21875
surrogate, 34, 22.0, 0.21875
surrogate, 34, 22.0, 0.21875
surrogate, 34, 22.0, 0.21875
surrogate, 34, 22.0, 0.21875
surrogate, 34, 22.0, 0.21875
surrogate, 34, 22.0, 0.21875
surrogate, 34, 21.0, 0.15625
surrogate, 34, 21.0, 0.15625
surrogate, 34, 21.0, 0.15625
surrogate, 34, 21.0, 0.15625
surrogate, 34, 21.0, 0.15625
surrogate, 34, 21.0, 0.15625
surrogate, 34, 21.0, 0.15625
surrogate, 34, 21.0, 0.15625
surrogate, 34, 21.0, 0.15625
surrogate, 34, 21.0, 0.15625
surrogate, 34, 21.0, 0.15625
surrogate, 34, 21.0, 0.15625
surrogate, 34, 21.0, 0.15625
surrogate, 34, 21.0, 0.15625
surrogate, 34, 21.0, 0.15625
surrogate, 34, 21.0, 0.15625
surrogate, 34, 21.0, 0.15625
surrogate, 34, 21.0, 0.15625
surrogate, 35, 32.0, 0.90625
surrogate, 35, 30.0, 0.6875
surrogate, 35, 30.0, 0.6875
surrogate, 35, 30.0, 0.6875
surrogate, 35, 30.0, 0.6875
surrogate, 35, 30.0, 0.6875
surrogate, 35, 30.0, 0.6875
surrogate, 35, 30.0, 0.6875
surrogate, 35, 30.0, 0.6875
surrogate, 35, 30.0, 0.6875
surrogate, 35, 28.0, 0.59375
surrogate, 35, 28.0, 0.59375
surrogate, 35, 28.0, 0.59375
surrogate, 35, 28.0, 0.59375
surrogate, 35, 28.0, 0.59375
surrogate, 35, 28.0, 0.59375
surrogate, 35, 28.0, 0.59375
surrogate, 35, 28.0, 0.59375
surrogate, 35, 25.0, 0.5
surrogate, 35, 25.0, 0.5
surrogate, 35, 23.0, 0.28125
surrogate, 35, 23.0, 0.28125
surrogate, 35, 23.0, 0.28125
surrogate, 35, 23.0, 0.28125
surrogate, 35, 23.0, 0.28125
surrogate, 35, 23.0, 0.28125
surrogate, 35, 23.0, 0.28125
surrogate, 35, 23.0, 0.28125
surrogate, 35, 23.0, 0.28125
surrogate, 35, 23.0, 0.28125
surrogate, 35, 23.0, 0.28125
surrogate, 35, 23.0, 0.28125
surrogate, 35, 23.0, 0.28125
surrogate, 35, 23.0, 0.28125
surrogate, 35, 23.0, 0.28125
surrogate, 35, 23.0, 0.28125
surrogate, 35, 22.0, 0.21875
surrogate, 35, 22.0, 0.21875
surrogate, 35, 22.0, 0.21875
surrogate, 35, 22.0, 0.21875
surrogate, 35, 22.0, 0.21875
surrogate, 35, 22.0, 0.21875
surrogate, 35, 22.0, 0.21875
surrogate, 35, 22.0, 0.21875
surrogate, 35, 22.0, 0.21875
surrogate, 35, 22.0, 0.21875
surrogate, 35, 22.0, 0.21875
surrogate, 35, 22.0, 0.21875
surrogate, 35, 22.0, 0.21875
surrogate, 35, 22.0, 0.21875
surrogate, 35, 22.0, 0.21875
surrogate, 35, 22.0, 0.21875
surrogate, 35, 22.0, 0.21875
surrogate, 35, 22.0, 0.21875
surrogate, 35, 22.0, 0.21875
surrogate, 35, 21.0, 0.15625
surrogate, 35, 21.0, 0.15625
surrogate, 35, 21.0, 0.15625
surrogate, 35, 21.0, 0.15625
surrogate, 35, 21.0, 0.15625
surrogate, 35, 21.0, 0.15625
surrogate, 35, 21.0, 0.15625
surrogate, 35, 21.0, 0.15625
surrogate, 35, 21.0, 0.15625
surrogate, 35, 21.0, 0.15625
surrogate, 35, 21.0, 0.15625
surrogate, 35, 21.0, 0.15625
surrogate, 35, 21.0, 0.15625
surrogate, 35, 21.0, 0.15625
surrogate, 35, 21.0, 0.15625
surrogate, 35, 21.0, 0.15625
surrogate, 35, 21.0, 0.15625
surrogate, 35, 21.0, 0.15625
surrogate, 35, 21.0, 0.15625
surrogate, 36, 32.0, 0.90625
surrogate, 36, 30.0, 0.6875
surrogate, 36, 30.0, 0.6875
surrogate, 36, 30.0, 0.6875
surrogate, 36, 30.0, 0.6875
surrogate, 36, 30.0, 0.6875
surrogate, 36, 30.0, 0.6875
surrogate, 36, 30.0, 0.6875
surrogate, 36, 30.0, 0.6875
surrogate, 36, 30.0, 0.6875
surrogate, 36, 28.0, 0.59375
surrogate, 36, 28.0, 0.59375
surrogate, 36, 28.0, 0.59375
surrogate, 36, 28.0, 0.59375
surrogate, 36, 28.0, 0.59375
surrogate, 36, 28.0, 0.59375
surrogate, 36, 28.0, 0.59375
surrogate, 36, 28.0, 0.59375
surrogate, 36, 28.0, 0.59375
surrogate, 36, 28.0, 0.59375
surrogate, 36, 25.0, 0.5
surrogate, 36, 25.0, 0.5
surrogate, 36, 25.0, 0.5
surrogate, 36, 23.0, 0.28125
surrogate, 36, 23.0, 0.28125
surrogate, 36, 23.0, 0.28125
surrogate, 36, 23.0, 0.28125
surrogate, 36, 23.0, 0.28125
surrogate, 36, 23.0, 0.28125
surrogate, 36, 23.0, 0.28125
surrogate, 36, 23.0, 0.28125
surrogate, 36, 23.0, 0.28125
surrogate, 36, 23.0, 0.28125
surrogate, 36, 23.0, 0.28125
surrogate, 36, 23.0, 0.28125
surrogate, 36, 23.0, 0.28125
surrogate, 36, 23.0, 0.28125
surrogate, 36, 23.0, 0.28125
surrogate, 36, 23.0, 0.28125
surrogate, 36, 21.0, 0.21875
surrogate, 37, 32.0, 0.90625
surrogate, 37, 31.0, 0.8125
surrogate, 37, 30.0, 0.6875
surrogate, 37, 30.0, 0.6875
surrogate, 37, 30.0, 0.6875
surrogate, 37, 30.0, 0.6875
surrogate, 37, 30.0, 0.6875
surrogate, 37, 30.0, 0.6875
surrogate, 37, 30.0, 0.6875
surrogate, 37, 30.0, 0.6875
surrogate, 37, 30.0, 0.6875
surrogate, 37, 30.0, 0.6875
surrogate, 37, 30.0, 0.6875
surrogate, 37, 28.0, 0.59375
surrogate, 37, 28.0, 0.59375
surrogate, 37, 28.0, 0.59375
surrogate, 37, 28.0, 0.59375
surrogate, 37, 28.0, 0.59375
surrogate, 37, 28.0, 0.59375
surrogate, 37, 28.0, 0.59375
surrogate, 37, 28.0, 0.59375
surrogate, 37, 28.0, 0.59375
surrogate, 37, 28.0, 0.59375
surrogate, 37, 25.0, 0.5
surrogate, 37, 25.0, 0.5
surrogate, 37, 25.0, 0.5
surrogate, 37, 23.0, 0.28125
surrogate, 37, 23.0, 0.28125
surrogate, 37, 23.0, 0.28125
surrogate, 37, 23.0, 0.28125
surrogate, 37, 23.0, 0.28125
surrogate, 37, 23.0, 0.28125
surrogate, 37, 23.0, 0.28125
surrogate, 37, 23.0, 0.28125
surrogate, 37, 23.0, 0.28125
surrogate, 37, 23.0, 0.28125
surrogate, 37, 23.0, 0.28125
surrogate, 37, 23.0, 0.28125
surrogate, 37, 23.0, 0.28125
surrogate, 37, 23.0, 0.28125
surrogate, 37, 23.0, 0.28125
surrogate, 37, 23.0, 0.28125
surrogate, 37, 23.0, 0.28125
surrogate, 37, 21.0, 0.21875
surrogate, 38, 32.0, 0.90625
surrogate, 38, 31.0, 0.8125
surrogate, 38, 30.0, 0.6875
surrogate, 38, 30.0, 0.6875
surrogate, 38, 30.0, 0.6875
surrogate, 38, 30.0, 0.6875
surrogate, 38, 30.0, 0.6875
surrogate, 38, 30.0, 0.6875
surrogate, 38, 30.0, 0.6875
surrogate, 38, 30.0, 0.6875
surrogate, 38, 30.0, 0.6875
surrogate, 38, 30.0, 0.6875
surrogate, 38, 30.0, 0.6875
surrogate, 38, 28.0, 0.59375
surrogate, 38, 28.0, 0.59375
surrogate, 38, 28.0, 0.59375
surrogate, 38, 28.0, 0.59375
surrogate, 38, 28.0, 0.59375
surrogate, 38, 28.0, 0.59375
surrogate, 38, 28.0, 0.59375
surrogate, 38, 28.0, 0.59375
surrogate, 38, 28.0, 0.59375
surrogate, 38, 28.0, 0.59375
surrogate, 38, 25.0, 0.5
surrogate, 38, 25.0, 0.5
surrogate, 38, 25.0, 0.5
surrogate, 38, 25.0, 0.5
surrogate, 38, 22.0, 0.28125
surrogate, 38, 21.0, 0.21875
surrogate, 38, 21.0, 0.21875
surrogate, 39, 32.0, 0.90625
surrogate, 39, 31.0, 0.8125
surrogate, 39, 30.0, 0.6875
surrogate, 39, 30.0, 0.6875
surrogate, 39, 30.0, 0.6875
surrogate, 39, 30.0, 0.6875
surrogate, 39, 30.0, 0.6875
surrogate, 39, 30.0, 0.6875
surrogate, 39, 30.0, 0.6875
surrogate, 39, 30.0, 0.6875
surrogate, 39, 30.0, 0.6875
surrogate, 39, 30.0, 0.6875
surrogate, 39, 30.0, 0.6875
surrogate, 39, 30.0, 0.6875
surrogate, 39, 28.0, 0.59375
surrogate, 39, 28.0, 0.59375
surrogate, 39, 28.0, 0.59375
surrogate, 39, 28.0, 0.59375
surrogate, 39, 28.0, 0.59375
surrogate, 39, 28.0, 0.59375
surrogate, 39, 28.0, 0.59375
surrogate, 39, 28.0, 0.59375
surrogate, 39, 28.0, 0.59375
surrogate, 39, 28.0, 0.59375
surrogate, 39, 28.0, 0.59375
surrogate, 39, 25.0, 0.5
surrogate, 39, 25.0, 0.5
surrogate, 39, 25.0, 0.5
surrogate, 39, 25.0, 0.5
surrogate, 39, 25.0, 0.5
surrogate, 39, 22.0, 0.28125
surrogate, 39, 22.0, 0.28125
surrogate, 39, 21.0, 0.21875
surrogate, 39, 21.0, 0.21875
surrogate, 39, 21.0, 0.21875
surrogate, 40, 32.0, 0.90625
surrogate, 40, 31.0, 0.8125
surrogate, 40, 30.0, 0.6875
surrogate, 40, 30.0, 0.6875
surrogate, 40, 30.0, 0.6875
surrogate, 40, 30.0, 0.6875
surrogate, 40, 30.0, 0.6875
surrogate, 40, 30.0, 0.6875
surrogate, 40, 30.0, 0.6875
surrogate, 40, 30.0, 0.6875
surrogate, 40, 30.0, 0.6875
surrogate, 40, 30.0, 0.6875
surrogate, 40, 30.0, 0.6875
surrogate, 40, 30.0, 0.6875
surrogate, 40, 28.0, 0.59375
surrogate, 40, 28.0, 0.59375
surrogate, 40, 28.0, 0.59375
surrogate, 40, 28.0, 0.59375
surrogate, 40, 28.0, 0.59375
surrogate, 40, 28.0, 0.59375
surrogate, 40, 28.0, 0.59375
surrogate, 40, 28.0, 0.59375
surrogate, 40, 28.0, 0.59375
surrogate, 40, 28.0, 0.59375
surrogate, 40, 28.0, 0.59375
surrogate, 40, 28.0, 0.59375
surrogate, 40, 25.0, 0.5
surrogate, 40, 25.0, 0.5
surrogate, 40, 25.0, 0.5
surrogate, 40, 25.0, 0.5
surrogate, 40, 25.0, 0.5
surrogate, 40, 25.0, 0.5
surrogate, 40, 22.0, 0.28125
surrogate, 40, 22.0, 0.28125
surrogate, 40, 22.0, 0.28125
surrogate, 40, 21.0, 0.21875
surrogate, 40, 21.0, 0.21875
surrogate, 40, 21.0, 0.21875
surrogate, 41, 32.0, 0.90625
surrogate, 41, 31.0, 0.8125
surrogate, 41, 30.0, 0.6875
surrogate, 41, 30.0, 0.6875
surrogate, 41, 30.0, 0.6875
surrogate, 41, 30.0, 0.6875
surrogate, 41, 30.0, 0.6875
surrogate, 41, 30.0, 0.6875
surrogate, 41, 30.0, 0.6875
surrogate, 41, 30.0, 0.6875
surrogate, 41, 30.0, 0.6875
surrogate, 41, 30.0, 0.6875
surrogate, 41, 30.0, 0.6875
surrogate, 41, 30.0, 0.6875
surrogate, 41, 28.0, 0.59375
surrogate, 41, 28.0, 0.59375
surrogate, 41, 28.0, 0.59375
surrogate, 41, 28.0, 0.59375
surrogate, 41, 28.0, 0.59375
surrogate, 41, 28.0, 0.59375
surrogate, 41, 28.0, 0.59375
surrogate, 41, 28.0, 0.59375
surrogate, 41, 28.0, 0.59375
surrogate, 41, 28.0, 0.59375
surrogate, 41, 28.0, 0.59375
surrogate, 41, 28.0, 0.59375
surrogate, 41, 28.0, 0.59375
surrogate, 41, 25.0, 0.5
surrogate, 41, 25.0, 0.5
surrogate, 41, 25.0, 0.5
surrogate, 41, 25.0, 0.5
surrogate, 41, 25.0, 0.5
surrogate, 41, 25.0, 0.5
surrogate, 41, 22.0, 0.28125
surrogate, 41, 22.0, 0.28125
surrogate, 41, 22.0, 0.28125
surrogate, 41, 21.0, 0.21875
surrogate, 41, 21.0, 0.21875
surrogate, 41, 21.0, 0.21875
surrogate, 41, 21.0, 0.21875
surrogate, 42, 32.0, 0.90625
surrogate, 42, 31.0, 0.8125
surrogate, 42, 31.0, 0.8125
surrogate, 42, 30.0, 0.6875
surrogate, 42, 30.0, 0.6875
surrogate, 42, 30.0, 0.6875
surrogate, 42, 30.0, 0.6875
surrogate, 42, 30.0, 0.6875
surrogate, 42, 30.0, 0.6875
surrogate, 42, 30.0, 0.6875
surrogate, 42, 30.0, 0.6875
surrogate, 42, 30.0, 0.6875
surrogate, 42, 30.0, 0.6875
surrogate, 42, 30.0, 0.6875
surrogate, 42, 30.0, 0.6875
surrogate, 42, 28.0, 0.59375
surrogate, 42, 28.0, 0.59375
surrogate, 42, 28.0, 0.59375
surrogate, 42, 28.0, 0.59375
surrogate, 42, 28.0, 0.59375
surrogate, 42, 28.0, 0.59375
surrogate, 42, 28.0, 0.59375
surrogate, 42, 28.0, 0.59375
surrogate, 42, 28.0, 0.59375
surrogate, 42, 28.0, 0.59375
surrogate, 42, 28.0, 0.59375
surrogate, 42, 28.0, 0.59375
surrogate, 42, 28.0, 0.59375
surrogate, 42, 25.0, 0.5
surrogate, 42, 25.0, 0.5
surrogate, 42, 25.0, 0.5
surrogate, 42, 25.0, 0.5
surrogate, 42, 25.0, 0.5
surrogate, 42, 25.0, 0.5
surrogate, 42, 22.0, 0.28125
surrogate, 42, 22.0, 0.28125
surrogate, 42, 22.0, 0.28125
surrogate, 42, 21.0, 0.21875
surrogate, 42, 21.0, 0.21875
surrogate, 42, 21.0, 0.21875
surrogate, 42, 21.0, 0.21875
surrogate, 42, 21.0, 0.21875
surrogate, 43, 32.0, 0.90625
surrogate, 43, 31.0, 0.8125
surrogate, 43, 31.0, 0.8125
surrogate, 43, 30.0, 0.6875
surrogate, 43, 30.0, 0.6875
surrogate, 43, 30.0, 0.6875
surrogate, 43, 30.0, 0.6875
surrogate, 43, 30.0, 0.6875
surrogate, 43, 30.0, 0.6875
surrogate, 43, 30.0, 0.6875
surrogate, 43, 30.0, 0.6875
surrogate, 43, 30.0, 0.6875
surrogate, 43, 30.0, 0.6875
surrogate, 43, 30.0, 0.6875
surrogate, 43, 30.0, 0.6875
surrogate, 43, 28.0, 0.59375
surrogate, 43, 28.0, 0.59375
surrogate, 43, 28.0, 0.59375
surrogate, 43, 28.0, 0.59375
surrogate, 43, 28.0, 0.59375
surrogate, 43, 28.0, 0.59375
surrogate, 43, 28.0, 0.59375
surrogate, 43, 28.0, 0.59375
surrogate, 43, 28.0, 0.59375
surrogate, 43, 28.0, 0.59375
surrogate, 43, 28.0, 0.59375
surrogate, 43, 28.0, 0.59375
surrogate, 43, 28.0, 0.59375
surrogate, 43, 25.0, 0.5
surrogate, 43, 25.0, 0.5
surrogate, 43, 25.0, 0.5
surrogate, 43, 25.0, 0.5
surrogate, 43, 25.0, 0.5
surrogate, 43, 25.0, 0.5
surrogate, 43, 24.0, 0.4375
surrogate, 43, 22.0, 0.28125
surrogate, 43, 22.0, 0.28125
surrogate, 43, 22.0, 0.28125
surrogate, 43, 21.0, 0.21875
surrogate, 43, 21.0, 0.21875
surrogate, 43, 21.0, 0.21875
surrogate, 43, 21.0, 0.21875
surrogate, 43, 21.0, 0.21875
surrogate, 43, 21.0, 0.21875
surrogate, 44, 31.0, 0.90625
surrogate, 44, 30.0, 0.6875
surrogate, 44, 30.0, 0.6875
surrogate, 44, 30.0, 0.6875
surrogate, 44, 30.0, 0.6875
surrogate, 44, 30.0, 0.6875
surrogate, 44, 30.0, 0.6875
surrogate, 44, 30.0, 0.6875
surrogate, 44, 30.0, 0.6875
surrogate, 44, 30.0, 0.6875
surrogate, 44, 30.0, 0.6875
surrogate, 44, 30.0, 0.6875
surrogate, 44, 30.0, 0.6875
surrogate, 44, 30.0, 0.6875
surrogate, 44, 28.0, 0.59375
surrogate, 44, 28.0, 0.59375
surrogate, 44, 28.0, 0.59375
surrogate, 44, 28.0, 0.59375
surrogate, 44, 28.0, 0.59375
surrogate, 44, 28.0, 0.59375
surrogate, 44, 28.0, 0.59375
surrogate, 44, 28.0, 0.59375
surrogate, 44, 28.0, 0.59375
surrogate, 44, 28.0, 0.59375
surrogate, 44, 28.0, 0.59375
surrogate, 44, 28.0, 0.59375
surrogate, 44, 28.0, 0.59375
surrogate, 44, 28.0, 0.59375
surrogate, 44, 25.0, 0.5
surrogate, 44, 25.0, 0.5
surrogate, 44, 25.0, 0.5
surrogate, 44, 25.0, 0.5
surrogate, 44, 25.0, 0.5
surrogate, 44, 25.0, 0.5
surrogate, 44, 25.0, 0.5
surrogate, 44, 25.0, 0.5
surrogate, 44, 24.0, 0.4375
surrogate, 44, 22.0, 0.28125
surrogate, 44, 22.0, 0.28125
surrogate, 44, 22.0, 0.28125
surrogate, 44, 22.0, 0.28125
surrogate, 44, 21.0, 0.21875
surrogate, 44, 21.0, 0.21875
surrogate, 44, 21.0, 0.21875
surrogate, 44, 21.0, 0.21875
surrogate, 44, 21.0, 0.21875
surrogate, 44, 21.0, 0.21875
surrogate, 44, 21.0, 0.21875
surrogate, 44, 21.0, 0.21875
surrogate, 45, 31.0, 0.90625
surrogate, 45, 30.0, 0.6875
surrogate, 45, 30.0, 0.6875
surrogate, 45, 30.0, 0.6875
surrogate, 45, 30.0, 0.6875
surrogate, 45, 30.0, 0.6875
surrogate, 45, 30.0, 0.6875
surrogate, 45, 30.0, 0.6875
surrogate, 45, 30.0, 0.6875
surrogate, 45, 30.0, 0.6875
surrogate, 45, 30.0, 0.6875
surrogate, 45, 30.0, 0.6875
surrogate, 45, 30.0, 0.6875
surrogate, 45, 30.0, 0.6875
surrogate, 45, 28.0, 0.59375
surrogate, 45, 28.0, 0.59375
surrogate, 45, 28.0, 0.59375
surrogate, 45, 28.0, 0.59375
surrogate, 45, 28.0, 0.59375
surrogate, 45, 28.0, 0.59375
surrogate, 45, 28.0, 0.59375
surrogate, 45, 28.0, 0.59375
surrogate, 45, 28.0, 0.59375
surrogate, 45, 28.0, 0.59375
surrogate, 45, 28.0, 0.59375
surrogate, 45, 28.0, 0.59375
surrogate, 45, 28.0, 0.59375
surrogate, 45, 28.0, 0.59375
surrogate, 45, 28.0, 0.59375
surrogate, 45, 25.0, 0.5
surrogate, 45, 25.0, 0.5
surrogate, 45, 25.0, 0.5
surrogate, 45, 25.0, 0.5
surrogate, 45, 25.0, 0.5
surrogate, 45, 25.0, 0.5
surrogate, 45, 25.0, 0.5
surrogate, 45, 25.0, 0.5
surrogate, 45, 25.0, 0.5
surrogate, 45, 24.0, 0.4375
surrogate, 45, 22.0, 0.28125
surrogate, 45, 22.0, 0.28125
surrogate, 45, 22.0, 0.28125
surrogate, 45, 22.0, 0.28125
surrogate, 45, 21.0, 0.21875
surrogate, 45, 21.0, 0.21875
surrogate, 45, 21.0, 0.21875
surrogate, 45, 21.0, 0.21875
surrogate, 45, 21.0, 0.21875
surrogate, 45, 21.0, 0.21875
surrogate, 45, 21.0, 0.21875
surrogate, 45, 21.0, 0.21875
surrogate, 46, 31.0, 0.90625
surrogate, 46, 30.0, 0.6875
surrogate, 46, 30.0, 0.6875
surrogate, 46, 30.0, 0.6875
surrogate, 46, 30.0, 0.6875
surrogate, 46, 30.0, 0.6875
surrogate, 46, 30.0, 0.6875
surrogate, 46, 30.0, 0.6875
surrogate, 46, 30.0, 0.6875
surrogate, 46, 30.0, 0.6875
surrogate, 46, 30.0, 0.6875
surrogate, 46, 30.0, 0.6875
surrogate, 46, 30.0, 0.6875
surrogate, 46, 30.0, 0.6875
surrogate, 46, 30.0, 0.6875
surrogate, 46, 28.0, 0.59375
surrogate, 46, 28.0, 0.59375
surrogate, 46, 28.0, 0.59375
surrogate, 46, 28.0, 0.59375
surrogate, 46, 28.0, 0.59375
surrogate, 46, 28.0, 0.59375
surrogate, 46, 28.0, 0.59375
surrogate, 46, 28.0, 0.59375
surrogate, 46, 28.0, 0.59375
surrogate, 46, 28.0, 0.59375
surrogate, 46, 28.0, 0.59375
surrogate, 46, 28.0, 0.59375
surrogate, 46, 28.0, 0.59375
surrogate, 46, 28.0, 0.59375
surrogate, 46, 28.0, 0.59375
surrogate, 46, 25.0, 0.5
surrogate, 46, 25.0, 0.5
surrogate, 46, 25.0, 0.5
surrogate, 46, 25.0, 0.5
surrogate, 46, 25.0, 0.5
surrogate, 46, 25.0, 0.5
surrogate, 46, 25.0, 0.5
surrogate, 46, 25.0, 0.5
surrogate, 46, 25.0, 0.5
surrogate, 46, 24.0, 0.4375
surrogate, 46, 24.0, 0.4375
surrogate, 46, 22.0, 0.28125
surrogate, 46, 22.0, 0.28125
surrogate, 46, 22.0, 0.28125
surrogate, 46, 22.0, 0.28125
surrogate, 46, 22.0, 0.28125
surrogate, 46, 21.0, 0.21875
surrogate, 46, 21.0, 0.21875
surrogate, 46, 21.0, 0.21875
surrogate, 46, 21.0, 0.21875
surrogate, 46, 21.0, 0.21875
surrogate, 46, 21.0, 0.21875
surrogate, 46, 21.0, 0.21875
surrogate, 46, 21.0, 0.21875
surrogate, 46, 21.0, 0.21875
surrogate, 47, 31.0, 0.90625
surrogate, 47, 30.0, 0.6875
surrogate, 47, 30.0, 0.6875
surrogate, 47, 30.0, 0.6875
surrogate, 47, 30.0, 0.6875
surrogate, 47, 30.0, 0.6875
surrogate, 47, 30.0, 0.6875
surrogate, 47, 30.0, 0.6875
surrogate, 47, 30.0, 0.6875
surrogate, 47, 30.0, 0.6875
surrogate, 47, 30.0, 0.6875
surrogate, 47, 30.0, 0.6875
surrogate, 47, 30.0, 0.6875
surrogate, 47, 30.0, 0.6875
surrogate, 47, 30.0, 0.6875
surrogate, 47, 28.0, 0.59375
surrogate, 47, 28.0, 0.59375
surrogate, 47, 28.0, 0.59375
surrogate, 47, 28.0, 0.59375
surrogate, 47, 28.0, 0.59375
surrogate, 47, 28.0, 0.59375
surrogate, 47, 28.0, 0.59375
surrogate, 47, 28.0, 0.59375
surrogate, 47, 28.0, 0.59375
surrogate, 47, 28.0, 0.59375
surrogate, 47, 28.0, 0.59375
surrogate, 47, 28.0, 0.59375
surrogate, 47, 28.0, 0.59375
surrogate, 47, 28.0, 0.59375
surrogate, 47, 28.0, 0.59375
surrogate, 47, 25.0, 0.5
surrogate, 47, 25.0, 0.5
surrogate, 47, 25.0, 0.5
surrogate, 47, 25.0, 0.5
surrogate, 47, 25.0, 0.5
surrogate, 47, 25.0, 0.5
surrogate, 47, 25.0, 0.5
surrogate, 47, 25.0, 0.5
surrogate, 47, 25.0, 0.5
surrogate, 47, 24.0, 0.4375
surrogate, 47, 24.0, 0.4375
surrogate, 47, 22.0, 0.28125
surrogate, 47, 22.0, 0.28125
surrogate, 47, 22.0, 0.28125
surrogate, 47, 22.0, 0.28125
surrogate, 47, 22.0, 0.28125
surrogate, 47, 22.0, 0.28125
surrogate, 47, 21.0, 0.21875
surrogate, 47, 21.0, 0.21875
surrogate, 47, 21.0, 0.21875
surrogate, 47, 21.0, 0.21875
surrogate, 47, 21.0, 0.21875
surrogate, 47, 21.0, 0.21875
surrogate, 47, 21.0, 0.21875
surrogate, 47, 21.0, 0.21875
surrogate, 47, 21.0, 0.21875
surrogate, 48, 31.0, 0.90625
surrogate, 48, 30.0, 0.6875
surrogate, 48, 30.0, 0.6875
surrogate, 48, 30.0, 0.6875
surrogate, 48, 30.0, 0.6875
surrogate, 48, 30.0, 0.6875
surrogate, 48, 30.0, 0.6875
surrogate, 48, 30.0, 0.6875
surrogate, 48, 30.0, 0.6875
surrogate, 48, 30.0, 0.6875
surrogate, 48, 30.0, 0.6875
surrogate, 48, 30.0, 0.6875
surrogate, 48, 30.0, 0.6875
surrogate, 48, 30.0, 0.6875
surrogate, 48, 30.0, 0.6875
surrogate, 48, 28.0, 0.59375
surrogate, 48, 28.0, 0.59375
surrogate, 48, 28.0, 0.59375
surrogate, 48, 28.0, 0.59375
surrogate, 48, 28.0, 0.59375
surrogate, 48, 28.0, 0.59375
surrogate, 48, 28.0, 0.59375
surrogate, 48, 28.0, 0.59375
surrogate, 48, 28.0, 0.59375
surrogate, 48, 28.0, 0.59375
surrogate, 48, 28.0, 0.59375
surrogate, 48, 28.0, 0.59375
surrogate, 48, 28.0, 0.59375
surrogate, 48, 28.0, 0.59375
surrogate, 48, 28.0, 0.59375
surrogate, 48, 28.0, 0.59375
surrogate, 48, 25.0, 0.5
surrogate, 48, 25.0, 0.5
surrogate, 48, 25.0, 0.5
surrogate, 48, 25.0, 0.5
surrogate, 48, 25.0, 0.5
surrogate, 48, 25.0, 0.5
surrogate, 48, 25.0, 0.5
surrogate, 48, 25.0, 0.5
surrogate, 48, 25.0, 0.5
surrogate, 48, 24.0, 0.4375
surrogate, 48, 24.0, 0.4375
surrogate, 48, 22.0, 0.28125
surrogate, 48, 22.0, 0.28125
surrogate, 48, 22.0, 0.28125
surrogate, 48, 22.0, 0.28125
surrogate, 48, 22.0, 0.28125
surrogate, 48, 22.0, 0.28125
surrogate, 48, 21.0, 0.21875
surrogate, 48, 21.0, 0.21875
surrogate, 48, 21.0, 0.21875
surrogate, 48, 21.0, 0.21875
surrogate, 48, 21.0, 0.21875
surrogate, 48, 21.0, 0.21875
surrogate, 48, 21.0, 0.21875
surrogate, 48, 21.0, 0.21875
surrogate, 48, 21.0, 0.21875
surrogate, 48, 21.0, 0.21875
surrogate, 49, 31.0, 0.90625
surrogate, 49, 30.0, 0.6875
surrogate, 49, 30.0, 0.6875
surrogate, 49, 30.0, 0.6875
surrogate, 49, 30.0, 0.6875
surrogate, 49, 30.0, 0.6875
surrogate, 49, 30.0, 0.6875
surrogate, 49, 30.0, 0.6875
surrogate, 49, 30.0, 0.6875
surrogate, 49, 30.0, 0.6875
surrogate, 49, 30.0, 0.6875
surrogate, 49, 30.0, 0.6875
surrogate, 49, 30.0, 0.6875
surrogate, 49, 30.0, 0.6875
surrogate, 49, 30.0, 0.6875
surrogate, 49, 28.0, 0.59375
surrogate, 49, 28.0, 0.59375
surrogate, 49, 28.0, 0.59375
surrogate, 49, 28.0, 0.59375
surrogate, 49, 28.0, 0.59375
surrogate, 49, 28.0, 0.59375
surrogate, 49, 28.0, 0.59375
surrogate, 49, 28.0, 0.59375
surrogate, 49, 28.0, 0.59375
surrogate, 49, 28.0, 0.59375
surrogate, 49, 28.0, 0.59375
surrogate, 49, 28.0, 0.59375
surrogate, 49, 28.0, 0.59375
surrogate, 49, 28.0, 0.59375
surrogate, 49, 28.0, 0.59375
surrogate, 49, 28.0, 0.59375
surrogate, 49, 25.0, 0.5
surrogate, 49, 25.0, 0.5
surrogate, 49, 25.0, 0.5
surrogate, 49, 25.0, 0.5
surrogate, 49, 25.0, 0.5
surrogate, 49, 25.0, 0.5
surrogate, 49, 25.0, 0.5
surrogate, 49, 25.0, 0.5
surrogate, 49, 25.0, 0.5
surrogate, 49, 25.0, 0.5
surrogate, 49, 24.0, 0.4375
surrogate, 49, 24.0, 0.4375
surrogate, 49, 22.0, 0.28125
surrogate, 49, 22.0, 0.28125
surrogate, 49, 22.0, 0.28125
surrogate, 49, 22.0, 0.28125
surrogate, 49, 22.0, 0.28125
surrogate, 49, 22.0, 0.28125
surrogate, 49, 22.0, 0.28125
surrogate, 49, 21.0, 0.21875
surrogate, 49, 21.0, 0.21875
surrogate, 49, 21.0, 0.21875
surrogate, 49, 21.0, 0.21875
surrogate, 49, 21.0, 0.21875
surrogate, 49, 21.0, 0.21875
surrogate, 49, 21.0, 0.21875
surrogate, 49, 21.0, 0.21875
surrogate, 49, 21.0, 0.21875
surrogate, 49, 21.0, 0.21875
surrogate, 50, 31.0, 0.90625
surrogate, 50, 30.0, 0.6875
surrogate, 50, 30.0, 0.6875
surrogate, 50, 30.0, 0.6875
surrogate, 50, 30.0, 0.6875
surrogate, 50, 30.0, 0.6875
surrogate, 50, 30.0, 0.6875
surrogate, 50, 30.0, 0.6875
surrogate, 50, 30.0, 0.6875
surrogate, 50, 30.0, 0.6875
surrogate, 50, 30.0, 0.6875
surrogate, 50, 30.0, 0.6875
surrogate, 50, 30.0, 0.6875
surrogate, 50, 30.0, 0.6875
surrogate, 50, 30.0, 0.6875
surrogate, 50, 28.0, 0.59375
surrogate, 50, 28.0, 0.59375
surrogate, 50, 28.0, 0.59375
surrogate, 50, 28.0, 0.59375
surrogate, 50, 28.0, 0.59375
surrogate, 50, 28.0, 0.59375
surrogate, 50, 28.0, 0.59375
surrogate, 50, 28.0, 0.59375
surrogate, 50, 28.0, 0.59375
surrogate, 50, 28.0, 0.59375
surrogate, 50, 28.0, 0.59375
surrogate, 50, 28.0, 0.59375
surrogate, 50, 28.0, 0.59375
surrogate, 50, 28.0, 0.59375
surrogate, 50, 28.0, 0.59375
surrogate, 50, 28.0, 0.59375
surrogate, 50, 25.0, 0.5
surrogate, 50, 25.0, 0.5
surrogate, 50, 25.0, 0.5
surrogate, 50, 25.0, 0.5
surrogate, 50, 25.0, 0.5
surrogate, 50, 25.0, 0.5
surrogate, 50, 25.0, 0.5
surrogate, 50, 25.0, 0.5
surrogate, 50, 25.0, 0.5
surrogate, 50, 25.0, 0.5
surrogate, 50, 24.0, 0.4375
surrogate, 50, 24.0, 0.4375
surrogate, 50, 22.0, 0.28125
surrogate, 50, 22.0, 0.28125
surrogate, 50, 22.0, 0.28125
surrogate, 50, 22.0, 0.28125
surrogate, 50, 22.0, 0.28125
surrogate, 50, 22.0, 0.28125
surrogate, 50, 22.0, 0.28125
surrogate, 50, 21.0, 0.21875
surrogate, 50, 21.0, 0.21875
surrogate, 50, 21.0, 0.21875
surrogate, 50, 21.0, 0.21875
surrogate, 50, 21.0, 0.21875
surrogate, 50, 21.0, 0.21875
surrogate, 50, 21.0, 0.21875
surrogate, 50, 21.0, 0.21875
surrogate, 50, 21.0, 0.21875
surrogate, 50, 21.0, 0.21875
surrogate, 51, 31.0, 0.90625
surrogate, 51, 30.0, 0.6875
surrogate, 51, 30.0, 0.6875
surrogate, 51, 30.0, 0.6875
surrogate, 51, 30.0, 0.6875
surrogate, 51, 30.0, 0.6875
surrogate, 51, 30.0, 0.6875
surrogate, 51, 30.0, 0.6875
surrogate, 51, 30.0, 0.6875
surrogate, 51, 30.0, 0.6875
surrogate, 51, 30.0, 0.6875
surrogate, 51, 30.0, 0.6875
surrogate, 51, 30.0, 0.6875
surrogate, 51, 30.0, 0.6875
surrogate, 51, 30.0, 0.6875
surrogate, 51, 28.0, 0.59375
surrogate, 51, 28.0, 0.59375
surrogate, 51, 28.0, 0.59375
surrogate, 51, 28.0, 0.59375
surrogate, 51, 28.0, 0.59375
surrogate, 51, 28.0, 0.59375
surrogate, 51, 28.0, 0.59375
surrogate, 51, 28.0, 0.59375
surrogate, 51, 28.0, 0.59375
surrogate, 51, 28.0, 0.59375
surrogate, 51, 28.0, 0.59375
surrogate, 51, 28.0, 0.59375
surrogate, 51, 28.0, 0.59375
surrogate, 51, 28.0, 0.59375
surrogate, 51, 28.0, 0.59375
surrogate, 51, 28.0, 0.59375
surrogate, 51, 28.0, 0.59375
surrogate, 51, 25.0, 0.5
surrogate, 51, 25.0, 0.5
surrogate, 51, 25.0, 0.5
surrogate, 51, 25.0, 0.5
surrogate, 51, 25.0, 0.5
surrogate, 51, 25.0, 0.5
surrogate, 51, 25.0, 0.5
surrogate, 51, 25.0, 0.5
surrogate, 51, 25.0, 0.5
surrogate, 51, 25.0, 0.5
surrogate, 51, 24.0, 0.4375
surrogate, 51, 24.0, 0.4375
surrogate, 51, 24.0, 0.4375
surrogate, 51, 22.0, 0.28125
surrogate, 51, 22.0, 0.28125
surrogate, 51, 22.0, 0.28125
surrogate, 51, 22.0, 0.28125
surrogate, 51, 22.0, 0.28125
surrogate, 51, 22.0, 0.28125
surrogate, 51, 22.0, 0.28125
surrogate, 51, 22.0, 0.28125
surrogate, 51, 21.0, 0.21875
surrogate, 51, 21.0, 0.21875
surrogate, 51, 21.0, 0.21875
surrogate, 51, 21.0, 0.21875
surrogate, 51, 21.0, 0.21875
surrogate, 51, 21.0, 0.21875
surrogate, 51, 21.0, 0.21875
surrogate, 51, 21.0, 0.21875
surrogate, 51, 21.0, 0.21875
surrogate, 51, 21.0, 0.21875
surrogate, 51, 21.0, 0.21875
surrogate, 52, 31.0, 0.90625
surrogate, 52, 30.0, 0.6875
surrogate, 52, 30.0, 0.6875
surrogate, 52, 30.0, 0.6875
surrogate, 52, 30.0, 0.6875
surrogate, 52, 30.0, 0.6875
surrogate, 52, 30.0, 0.6875
surrogate, 52, 30.0, 0.6875
surrogate, 52, 30.0, 0.6875
surrogate, 52, 30.0, 0.6875
surrogate, 52, 30.0, 0.6875
surrogate, 52, 30.0, 0.6875
surrogate, 52, 30.0, 0.6875
surrogate, 52, 30.0, 0.6875
surrogate, 52, 30.0, 0.6875
surrogate, 52, 28.0, 0.59375
surrogate, 52, 28.0, 0.59375
surrogate, 52, 28.0, 0.59375
surrogate, 52, 28.0, 0.59375
surrogate, 52, 28.0, 0.59375
surrogate, 52, 28.0, 0.59375
surrogate, 52, 28.0, 0.59375
surrogate, 52, 28.0, 0.59375
surrogate, 52, 28.0, 0.59375
surrogate, 52, 28.0, 0.59375
surrogate, 52, 28.0, 0.59375
surrogate, 52, 28.0, 0.59375
surrogate, 52, 28.0, 0.59375
surrogate, 52, 28.0, 0.59375
surrogate, 52, 28.0, 0.59375
surrogate, 52, 28.0, 0.59375
surrogate, 52, 28.0, 0.59375
surrogate, 52, 25.0, 0.5
surrogate, 52, 25.0, 0.5
surrogate, 52, 25.0, 0.5
surrogate, 52, 25.0, 0.5
surrogate, 52, 25.0, 0.5
surrogate, 52, 25.0, 0.5
surrogate, 52, 25.0, 0.5
surrogate, 52, 25.0, 0.5
surrogate, 52, 25.0, 0.5
surrogate, 52, 25.0, 0.5
surrogate, 52, 25.0, 0.5
surrogate, 52, 24.0, 0.4375
surrogate, 52, 24.0, 0.4375
surrogate, 52, 24.0, 0.4375
surrogate, 52, 24.0, 0.4375
surrogate, 52, 22.0, 0.28125
surrogate, 52, 22.0, 0.28125
surrogate, 52, 22.0, 0.28125
surrogate, 52, 22.0, 0.28125
surrogate, 52, 22.0, 0.28125
surrogate, 52, 22.0, 0.28125
surrogate, 52, 22.0, 0.28125
surrogate, 52, 22.0, 0.28125
surrogate, 52, 21.0, 0.21875
surrogate, 52, 21.0, 0.21875
surrogate, 52, 21.0, 0.21875
surrogate, 52, 21.0, 0.21875
surrogate, 52, 21.0, 0.21875
surrogate, 52, 21.0, 0.21875
surrogate, 52, 21.0, 0.21875
surrogate, 52, 21.0, 0.21875
surrogate, 52, 21.0, 0.21875
surrogate, 52, 21.0, 0.21875
surrogate, 52, 21.0, 0.21875
surrogate, 52, 21.0, 0.21875
surrogate, 53, 31.0, 0.90625
surrogate, 53, 30.0, 0.6875
surrogate, 53, 30.0, 0.6875
surrogate, 53, 30.0, 0.6875
surrogate, 53, 30.0, 0.6875
surrogate, 53, 30.0, 0.6875
surrogate, 53, 30.0, 0.6875
surrogate, 53, 30.0, 0.6875
surrogate, 53, 30.0, 0.6875
surrogate, 53, 30.0, 0.6875
surrogate, 53, 30.0, 0.6875
surrogate, 53, 30.0, 0.6875
surrogate, 53, 30.0, 0.6875
surrogate, 53, 30.0, 0.6875
surrogate, 53, 30.0, 0.6875
surrogate, 53, 30.0, 0.6875
surrogate, 53, 28.0, 0.59375
surrogate, 53, 28.0, 0.59375
surrogate, 53, 28.0, 0.59375
surrogate, 53, 28.0, 0.59375
surrogate, 53, 28.0, 0.59375
surrogate, 53, 28.0, 0.59375
surrogate, 53, 28.0, 0.59375
surrogate, 53, 28.0, 0.59375
surrogate, 53, 28.0, 0.59375
surrogate, 53, 28.0, 0.59375
surrogate, 53, 28.0, 0.59375
surrogate, 53, 28.0, 0.59375
surrogate, 53, 28.0, 0.59375
surrogate, 53, 28.0, 0.59375
surrogate, 53, 28.0, 0.59375
surrogate, 53, 28.0, 0.59375
surrogate, 53, 28.0, 0.59375
surrogate, 53, 25.0, 0.5
surrogate, 53, 25.0, 0.5
surrogate, 53, 25.0, 0.5
surrogate, 53, 25.0, 0.5
surrogate, 53, 25.0, 0.5
surrogate, 53, 25.0, 0.5
surrogate, 53, 25.0, 0.5
surrogate, 53, 25.0, 0.5
surrogate, 53, 25.0, 0.5
surrogate, 53, 25.0, 0.5
surrogate, 53, 25.0, 0.5
surrogate, 53, 24.0, 0.4375
surrogate, 53, 24.0, 0.4375
surrogate, 53, 24.0, 0.4375
surrogate, 53, 24.0, 0.4375
surrogate, 53, 24.0, 0.4375
surrogate, 53, 22.0, 0.28125
surrogate, 53, 22.0, 0.28125
surrogate, 53, 22.0, 0.28125
surrogate, 53, 22.0, 0.28125
surrogate, 53, 22.0, 0.28125
surrogate, 53, 22.0, 0.28125
surrogate, 53, 22.0, 0.28125
surrogate, 53, 22.0, 0.28125
surrogate, 53, 21.0, 0.21875
surrogate, 53, 21.0, 0.21875
surrogate, 53, 21.0, 0.21875
surrogate, 53, 21.0, 0.21875
surrogate, 53, 21.0, 0.21875
surrogate, 53, 21.0, 0.21875
surrogate, 53, 21.0, 0.21875
surrogate, 53, 21.0, 0.21875
surrogate, 53, 21.0, 0.21875
surrogate, 53, 21.0, 0.21875
surrogate, 53, 21.0, 0.21875
surrogate, 53, 21.0, 0.21875
surrogate, 53, 21.0, 0.21875
surrogate, 54, 31.0, 0.90625
surrogate, 54, 30.0, 0.6875
surrogate, 54, 30.0, 0.6875
surrogate, 54, 30.0, 0.6875
surrogate, 54, 30.0, 0.6875
surrogate, 54, 30.0, 0.6875
surrogate, 54, 30.0, 0.6875
surrogate, 54, 30.0, 0.6875
surrogate, 54, 30.0, 0.6875
surrogate, 54, 30.0, 0.6875
surrogate, 54, 30.0, 0.6875
surrogate, 54, 30.0, 0.6875
surrogate, 54, 30.0, 0.6875
surrogate, 54, 30.0, 0.6875
surrogate, 54, 30.0, 0.6875
surrogate, 54, 30.0, 0.6875
surrogate, 54, 28.0, 0.59375
surrogate, 54, 28.0, 0.59375
surrogate, 54, 28.0, 0.59375
surrogate, 54, 28.0, 0.59375
surrogate, 54, 28.0, 0.59375
surrogate, 54, 28.0, 0.59375
surrogate, 54, 28.0, 0.59375
surrogate, 54, 28.0, 0.59375
surrogate, 54, 28.0, 0.59375
surrogate, 54, 28.0, 0.59375
surrogate, 54, 28.0, 0.59375
surrogate, 54, 28.0, 0.59375
surrogate, 54, 28.0, 0.59375
surrogate, 54, 28.0, 0.59375
surrogate, 54, 28.0, 0.59375
surrogate, 54, 28.0, 0.59375
surrogate, 54, 28.0, 0.59375
surrogate, 54, 25.0, 0.5
surrogate, 54, 25.0, 0.5
surrogate, 54, 25.0, 0.5
surrogate, 54, 25.0, 0.5
surrogate, 54, 25.0, 0.5
surrogate, 54, 25.0, 0.5
surrogate, 54, 25.0, 0.5
surrogate, 54, 25.0, 0.5
surrogate, 54, 25.0, 0.5
surrogate, 54, 25.0, 0.5
surrogate, 54, 25.0, 0.5
surrogate, 54, 24.0, 0.4375
surrogate, 54, 24.0, 0.4375
surrogate, 54, 24.0, 0.4375
surrogate, 54, 24.0, 0.4375
surrogate, 54, 24.0, 0.4375
surrogate, 54, 22.0, 0.28125
surrogate, 54, 22.0, 0.28125
surrogate, 54, 22.0, 0.28125
surrogate, 54, 22.0, 0.28125
surrogate, 54, 22.0, 0.28125
surrogate, 54, 22.0, 0.28125
surrogate, 54, 22.0, 0.28125
surrogate, 54, 22.0, 0.28125
surrogate, 54, 21.0, 0.21875
surrogate, 54, 21.0, 0.21875
surrogate, 54, 21.0, 0.21875
surrogate, 54, 21.0, 0.21875
surrogate, 54, 21.0, 0.21875
surrogate, 54, 21.0, 0.21875
surrogate, 54, 21.0, 0.21875
surrogate, 54, 21.0, 0.21875
surrogate, 54, 21.0, 0.21875
surrogate, 54, 21.0, 0.21875
surrogate, 54, 21.0, 0.21875
surrogate, 54, 21.0, 0.21875
surrogate, 54, 21.0, 0.21875
surrogate, 54, 21.0, 0.21875
surrogate, 55, 31.0, 0.90625
surrogate, 55, 30.0, 0.6875
surrogate, 55, 30.0, 0.6875
surrogate, 55, 30.0, 0.6875
surrogate, 55, 30.0, 0.6875
surrogate, 55, 30.0, 0.6875
surrogate, 55, 30.0, 0.6875
surrogate, 55, 30.0, 0.6875
surrogate, 55, 30.0, 0.6875
surrogate, 55, 30.0, 0.6875
surrogate, 55, 30.0, 0.6875
surrogate, 55, 30.0, 0.6875
surrogate, 55, 30.0, 0.6875
surrogate, 55, 30.0, 0.6875
surrogate, 55, 30.0, 0.6875
surrogate, 55, 30.0, 0.6875
surrogate, 55, 30.0, 0.6875
surrogate, 55, 28.0, 0.59375
surrogate, 55, 28.0, 0.59375
surrogate, 55, 28.0, 0.59375
surrogate, 55, 28.0, 0.59375
surrogate, 55, 28.0, 0.59375
surrogate, 55, 28.0, 0.59375
surrogate, 55, 28.0, 0.59375
surrogate, 55, 28.0, 0.59375
surrogate, 55, 28.0, 0.59375
surrogate, 55, 28.0, 0.59375
surrogate, 55, 28.0, 0.59375
surrogate, 55, 28.0, 0.59375
surrogate, 55, 28.0, 0.59375
surrogate, 55, 28.0, 0.59375
surrogate, 55, 28.0, 0.59375
surrogate, 55, 28.0, 0.59375
surrogate, 55, 28.0, 0.59375
surrogate, 55, 28.0, 0.59375
surrogate, 55, 25.0, 0.5
surrogate, 55, 25.0, 0.5
surrogate, 55, 25.0, 0.5
surrogate, 55, 25.0, 0.5
surrogate, 55, 25.0, 0.5
surrogate, 55, 25.0, 0.5
surrogate, 55, 25.0, 0.5
surrogate, 55, 25.0, 0.5
surrogate, 55, 25.0, 0.5
surrogate, 55, 25.0, 0.5
surrogate, 55, 25.0, 0.5
surrogate, 55, 24.0, 0.4375
surrogate, 55, 24.0, 0.4375
surrogate, 55, 24.0, 0.4375
surrogate, 55, 24.0, 0.4375
surrogate, 55, 24.0, 0.4375
surrogate, 55, 22.0, 0.28125
surrogate, 55, 22.0, 0.28125
surrogate, 55, 22.0, 0.28125
surrogate, 55, 22.0, 0.28125
surrogate, 55, 22.0, 0.28125
surrogate, 55, 22.0, 0.28125
surrogate, 55, 22.0, 0.28125
surrogate, 55, 22.0, 0.28125
surrogate, 55, 21.0, 0.21875
surrogate, 55, 21.0, 0.21875
surrogate, 55, 21.0, 0.21875
surrogate, 55, 21.0, 0.21875
surrogate, 55, 21.0, 0.21875
surrogate, 55, 21.0, 0.21875
surrogate, 55, 21.0, 0.21875
surrogate, 55, 21.0, 0.21875
surrogate, 55, 21.0, 0.21875
surrogate, 55, 21.0, 0.21875
surrogate, 55, 21.0, 0.21875
surrogate, 55, 21.0, 0.21875
surrogate, 55, 21.0, 0.21875
surrogate, 55, 21.0, 0.21875
surrogate, 55, 21.0, 0.21875
surrogate, 56, 31.0, 0.90625
surrogate, 56, 30.0, 0.6875
surrogate, 56, 30.0, 0.6875
surrogate, 56, 30.0, 0.6875
surrogate, 56, 30.0, 0.6875
surrogate, 56, 30.0, 0.6875
surrogate, 56, 30.0, 0.6875
surrogate, 56, 30.0, 0.6875
surrogate, 56, 30.0, 0.6875
surrogate, 56, 30.0, 0.6875
surrogate, 56, 30.0, 0.6875
surrogate, 56, 30.0, 0.6875
surrogate, 56, 30.0, 0.6875
surrogate, 56, 30.0, 0.6875
surrogate, 56, 30.0, 0.6875
surrogate, 56, 30.0, 0.6875
surrogate, 56, 30.0, 0.6875
surrogate, 56, 30.0, 0.6875
surrogate, 56, 28.0, 0.59375
surrogate, 56, 28.0, 0.59375
surrogate, 56, 28.0, 0.59375
surrogate, 56, 28.0, 0.59375
surrogate, 56, 28.0, 0.59375
surrogate, 56, 28.0, 0.59375
surrogate, 56, 28.0, 0.59375
surrogate, 56, 28.0, 0.59375
surrogate, 56, 28.0, 0.59375
surrogate, 56, 28.0, 0.59375
surrogate, 56, 28.0, 0.59375
surrogate, 56, 28.0, 0.59375
surrogate, 56, 28.0, 0.59375
surrogate, 56, 28.0, 0.59375
surrogate, 56, 28.0, 0.59375
surrogate, 56, 28.0, 0.59375
surrogate, 56, 28.0, 0.59375
surrogate, 56, 28.0, 0.59375
surrogate, 56, 28.0, 0.59375
surrogate, 56, 25.0, 0.5
surrogate, 56, 25.0, 0.5
surrogate, 56, 25.0, 0.5
surrogate, 56, 25.0, 0.5
surrogate, 56, 25.0, 0.5
surrogate, 56, 25.0, 0.5
surrogate, 56, 25.0, 0.5
surrogate, 56, 25.0, 0.5
surrogate, 56, 25.0, 0.5
surrogate, 56, 25.0, 0.5
surrogate, 56, 25.0, 0.5
surrogate, 56, 24.0, 0.4375
surrogate, 56, 24.0, 0.4375
surrogate, 56, 24.0, 0.4375
surrogate, 56, 24.0, 0.4375
surrogate, 56, 24.0, 0.4375
surrogate, 56, 22.0, 0.28125
surrogate, 56, 22.0, 0.28125
surrogate, 56, 22.0, 0.28125
surrogate, 56, 22.0, 0.28125
surrogate, 56, 22.0, 0.28125
surrogate, 56, 22.0, 0.28125
surrogate, 56, 22.0, 0.28125
surrogate, 56, 22.0, 0.28125
surrogate, 56, 22.0, 0.28125
surrogate, 56, 21.0, 0.21875
surrogate, 56, 21.0, 0.21875
surrogate, 56, 21.0, 0.21875
surrogate, 56, 21.0, 0.21875
surrogate, 56, 21.0, 0.21875
surrogate, 56, 21.0, 0.21875
surrogate, 56, 21.0, 0.21875
surrogate, 56, 21.0, 0.21875
surrogate, 56, 21.0, 0.21875
surrogate, 56, 21.0, 0.21875
surrogate, 56, 21.0, 0.21875
surrogate, 56, 21.0, 0.21875
surrogate, 56, 21.0, 0.21875
surrogate, 56, 21.0, 0.21875
surrogate, 56, 21.0, 0.21875
surrogate, 56, 21.0, 0.21875
surrogate, 57, 31.0, 0.90625
surrogate, 57, 30.0, 0.6875
surrogate, 57, 30.0, 0.6875
surrogate, 57, 30.0, 0.6875
surrogate, 57, 30.0, 0.6875
surrogate, 57, 30.0, 0.6875
surrogate, 57, 30.0, 0.6875
surrogate, 57, 30.0, 0.6875
surrogate, 57, 30.0, 0.6875
surrogate, 57, 30.0, 0.6875
surrogate, 57, 30.0, 0.6875
surrogate, 57, 30.0, 0.6875
surrogate, 57, 30.0, 0.6875
surrogate, 57, 30.0, 0.6875
surrogate, 57, 30.0, 0.6875
surrogate, 57, 30.0, 0.6875
surrogate, 57, 30.0, 0.6875
surrogate, 57, 30.0, 0.6875
surrogate, 57, 28.0, 0.59375
surrogate, 57, 28.0, 0.59375
surrogate, 57, 28.0, 0.59375
surrogate, 57, 28.0, 0.59375
surrogate, 57, 28.0, 0.59375
surrogate, 57, 28.0, 0.59375
surrogate, 57, 28.0, 0.59375
surrogate, 57, 28.0, 0.59375
surrogate, 57, 28.0, 0.59375
surrogate, 57, 28.0, 0.59375
surrogate, 57, 28.0, 0.59375
surrogate, 57, 28.0, 0.59375
surrogate, 57, 28.0, 0.59375
surrogate, 57, 28.0, 0.59375
surrogate, 57, 28.0, 0.59375
surrogate, 57, 28.0, 0.59375
surrogate, 57, 28.0, 0.59375
surrogate, 57, 28.0, 0.59375
surrogate, 57, 28.0, 0.59375
surrogate, 57, 25.0, 0.5
surrogate, 57, 25.0, 0.5
surrogate, 57, 25.0, 0.5
surrogate, 57, 25.0, 0.5
surrogate, 57, 25.0, 0.5
surrogate, 57, 25.0, 0.5
surrogate, 57, 25.0, 0.5
surrogate, 57, 25.0, 0.5
surrogate, 57, 25.0, 0.5
surrogate, 57, 25.0, 0.5
surrogate, 57, 25.0, 0.5
surrogate, 57, 24.0, 0.4375
surrogate, 57, 24.0, 0.4375
surrogate, 57, 24.0, 0.4375
surrogate, 57, 24.0, 0.4375
surrogate, 57, 24.0, 0.4375
surrogate, 57, 24.0, 0.4375
surrogate, 57, 22.0, 0.28125
surrogate, 57, 22.0, 0.28125
surrogate, 57, 22.0, 0.28125
surrogate, 57, 22.0, 0.28125
surrogate, 57, 22.0, 0.28125
surrogate, 57, 22.0, 0.28125
surrogate, 57, 22.0, 0.28125
surrogate, 57, 22.0, 0.28125
surrogate, 57, 22.0, 0.28125
surrogate, 57, 21.0, 0.21875
surrogate, 57, 21.0, 0.21875
surrogate, 57, 21.0, 0.21875
surrogate, 57, 21.0, 0.21875
surrogate, 57, 21.0, 0.21875
surrogate, 57, 21.0, 0.21875
surrogate, 57, 21.0, 0.21875
surrogate, 57, 21.0, 0.21875
surrogate, 57, 21.0, 0.21875
surrogate, 57, 21.0, 0.21875
surrogate, 57, 21.0, 0.21875
surrogate, 57, 21.0, 0.21875
surrogate, 57, 21.0, 0.21875
surrogate, 57, 21.0, 0.21875
surrogate, 57, 21.0, 0.21875
surrogate, 57, 21.0, 0.21875
surrogate, 57, 21.0, 0.21875
surrogate, 58, 31.0, 0.90625
surrogate, 58, 30.0, 0.6875
surrogate, 58, 30.0, 0.6875
surrogate, 58, 30.0, 0.6875
surrogate, 58, 30.0, 0.6875
surrogate, 58, 30.0, 0.6875
surrogate, 58, 30.0, 0.6875
surrogate, 58, 30.0, 0.6875
surrogate, 58, 30.0, 0.6875
surrogate, 58, 30.0, 0.6875
surrogate, 58, 30.0, 0.6875
surrogate, 58, 30.0, 0.6875
surrogate, 58, 30.0, 0.6875
surrogate, 58, 30.0, 0.6875
surrogate, 58, 30.0, 0.6875
surrogate, 58, 30.0, 0.6875
surrogate, 58, 30.0, 0.6875
surrogate, 58, 30.0, 0.6875
surrogate, 58, 30.0, 0.6875
surrogate, 58, 28.0, 0.59375
surrogate, 58, 28.0, 0.59375
surrogate, 58, 28.0, 0.59375
surrogate, 58, 28.0, 0.59375
surrogate, 58, 28.0, 0.59375
surrogate, 58, 28.0, 0.59375
surrogate, 58, 28.0, 0.59375
surrogate, 58, 28.0, 0.59375
surrogate, 58, 28.0, 0.59375
surrogate, 58, 28.0, 0.59375
surrogate, 58, 28.0, 0.59375
surrogate, 58, 28.0, 0.59375
surrogate, 58, 28.0, 0.59375
surrogate, 58, 28.0, 0.59375
surrogate, 58, 28.0, 0.59375
surrogate, 58, 28.0, 0.59375
surrogate, 58, 28.0, 0.59375
surrogate, 58, 28.0, 0.59375
surrogate, 58, 28.0, 0.59375
surrogate, 58, 25.0, 0.5
surrogate, 58, 25.0, 0.5
surrogate, 58, 25.0, 0.5
surrogate, 58, 25.0, 0.5
surrogate, 58, 25.0, 0.5
surrogate, 58, 25.0, 0.5
surrogate, 58, 25.0, 0.5
surrogate, 58, 25.0, 0.5
surrogate, 58, 25.0, 0.5
surrogate, 58, 25.0, 0.5
surrogate, 58, 25.0, 0.5
surrogate, 58, 24.0, 0.4375
surrogate, 58, 24.0, 0.4375
surrogate, 58, 24.0, 0.4375
surrogate, 58, 24.0, 0.4375
surrogate, 58, 24.0, 0.4375
surrogate, 58, 24.0, 0.4375
surrogate, 58, 22.0, 0.28125
surrogate, 58, 22.0, 0.28125
surrogate, 58, 22.0, 0.28125
surrogate, 58, 22.0, 0.28125
surrogate, 58, 22.0, 0.28125
surrogate, 58, 22.0, 0.28125
surrogate, 58, 22.0, 0.28125
surrogate, 58, 22.0, 0.28125
surrogate, 58, 22.0, 0.28125
surrogate, 58, 21.0, 0.21875
surrogate, 58, 21.0, 0.21875
surrogate, 58, 21.0, 0.21875
surrogate, 58, 21.0, 0.21875
surrogate, 58, 21.0, 0.21875
surrogate, 58, 21.0, 0.21875
surrogate, 58, 21.0, 0.21875
surrogate, 58, 21.0, 0.21875
surrogate, 58, 21.0, 0.21875
surrogate, 58, 21.0, 0.21875
surrogate, 58, 21.0, 0.21875
surrogate, 58, 21.0, 0.21875
surrogate, 58, 21.0, 0.21875
surrogate, 58, 21.0, 0.21875
surrogate, 58, 21.0, 0.21875
surrogate, 58, 21.0, 0.21875
surrogate, 58, 21.0, 0.21875
surrogate, 58, 21.0, 0.21875
surrogate, 59, 31.0, 0.90625
surrogate, 59, 30.0, 0.6875
surrogate, 59, 30.0, 0.6875
surrogate, 59, 30.0, 0.6875
surrogate, 59, 30.0, 0.6875
surrogate, 59, 30.0, 0.6875
surrogate, 59, 30.0, 0.6875
surrogate, 59, 30.0, 0.6875
surrogate, 59, 30.0, 0.6875
surrogate, 59, 30.0, 0.6875
surrogate, 59, 30.0, 0.6875
surrogate, 59, 30.0, 0.6875
surrogate, 59, 30.0, 0.6875
surrogate, 59, 30.0, 0.6875
surrogate, 59, 30.0, 0.6875
surrogate, 59, 30.0, 0.6875
surrogate, 59, 30.0, 0.6875
surrogate, 59, 30.0, 0.6875
surrogate, 59, 30.0, 0.6875
surrogate, 59, 30.0, 0.6875
surrogate, 59, 28.0, 0.59375
surrogate, 59, 28.0, 0.59375
surrogate, 59, 28.0, 0.59375
surrogate, 59, 28.0, 0.59375
surrogate, 59, 28.0, 0.59375
surrogate, 59, 28.0, 0.59375
surrogate, 59, 28.0, 0.59375
surrogate, 59, 28.0, 0.59375
surrogate, 59, 28.0, 0.59375
surrogate, 59, 28.0, 0.59375
surrogate, 59, 28.0, 0.59375
surrogate, 59, 28.0, 0.59375
surrogate, 59, 28.0, 0.59375
surrogate, 59, 28.0, 0.59375
surrogate, 59, 28.0, 0.59375
surrogate, 59, 28.0, 0.59375
surrogate, 59, 28.0, 0.59375
surrogate, 59, 28.0, 0.59375
surrogate, 59, 28.0, 0.59375
surrogate, 59, 28.0, 0.59375
surrogate, 59, 25.0, 0.5
surrogate, 59, 25.0, 0.5
surrogate, 59, 25.0, 0.5
surrogate, 59, 25.0, 0.5
surrogate, 59, 25.0, 0.5
surrogate, 59, 25.0, 0.5
surrogate, 59, 25.0, 0.5
surrogate, 59, 25.0, 0.5
surrogate, 59, 25.0, 0.5
surrogate, 59, 25.0, 0.5
surrogate, 59, 25.0, 0.5
surrogate, 59, 25.0, 0.5
surrogate, 59, 24.0, 0.4375
surrogate, 59, 24.0, 0.4375
surrogate, 59, 24.0, 0.4375
surrogate, 59, 24.0, 0.4375
surrogate, 59, 24.0, 0.4375
surrogate, 59, 24.0, 0.4375
surrogate, 59, 22.0, 0.28125
surrogate, 59, 22.0, 0.28125
surrogate, 59, 22.0, 0.28125
surrogate, 59, 22.0, 0.28125
surrogate, 59, 22.0, 0.28125
surrogate, 59, 22.0, 0.28125
surrogate, 59, 22.0, 0.28125
surrogate, 59, 22.0, 0.28125
surrogate, 59, 22.0, 0.28125
surrogate, 59, 21.0, 0.21875
surrogate, 59, 21.0, 0.21875
surrogate, 59, 21.0, 0.21875
surrogate, 59, 21.0, 0.21875
surrogate, 59, 21.0, 0.21875
surrogate, 59, 21.0, 0.21875
surrogate, 59, 21.0, 0.21875
surrogate, 59, 21.0, 0.21875
surrogate, 59, 21.0, 0.21875
surrogate, 59, 21.0, 0.21875
surrogate, 59, 21.0, 0.21875
surrogate, 59, 21.0, 0.21875
surrogate, 59, 21.0, 0.21875
surrogate, 59, 21.0, 0.21875
surrogate, 59, 21.0, 0.21875
surrogate, 59, 21.0, 0.21875
surrogate, 59, 21.0, 0.21875
surrogate, 59, 21.0, 0.21875
surrogate, 59, 21.0, 0.21875
surrogate, 60, 31.0, 0.90625
surrogate, 60, 30.0, 0.6875
surrogate, 60, 30.0, 0.6875
surrogate, 60, 30.0, 0.6875
surrogate, 60, 30.0, 0.6875
surrogate, 60, 30.0, 0.6875
surrogate, 60, 30.0, 0.6875
surrogate, 60, 30.0, 0.6875
surrogate, 60, 30.0, 0.6875
surrogate, 60, 30.0, 0.6875
surrogate, 60, 30.0, 0.6875
surrogate, 60, 30.0, 0.6875
surrogate, 60, 30.0, 0.6875
surrogate, 60, 30.0, 0.6875
surrogate, 60, 30.0, 0.6875
surrogate, 60, 30.0, 0.6875
surrogate, 60, 30.0, 0.6875
surrogate, 60, 30.0, 0.6875
surrogate, 60, 30.0, 0.6875
surrogate, 60, 30.0, 0.6875
surrogate, 60, 30.0, 0.6875
surrogate, 60, 28.0, 0.59375
surrogate, 60, 28.0, 0.59375
surrogate, 60, 28.0, 0.59375
surrogate, 60, 28.0, 0.59375
surrogate, 60, 28.0, 0.59375
surrogate, 60, 28.0, 0.59375
surrogate, 60, 28.0, 0.59375
surrogate, 60, 28.0, 0.59375
surrogate, 60, 28.0, 0.59375
surrogate, 60, 28.0, 0.59375
surrogate, 60, 28.0, 0.59375
surrogate, 60, 28.0, 0.59375
surrogate, 60, 28.0, 0.59375
surrogate, 60, 28.0, 0.59375
surrogate, 60, 28.0, 0.59375
surrogate, 60, 28.0, 0.59375
surrogate, 60, 28.0, 0.59375
surrogate, 60, 28.0, 0.59375
surrogate, 60, 28.0, 0.59375
surrogate, 60, 28.0, 0.59375
surrogate, 60, 25.0, 0.5
surrogate, 60, 25.0, 0.5
surrogate, 60, 25.0, 0.5
surrogate, 60, 25.0, 0.5
surrogate, 60, 25.0, 0.5
surrogate, 60, 25.0, 0.5
surrogate, 60, 25.0, 0.5
surrogate, 60, 25.0, 0.5
surrogate, 60, 25.0, 0.5
surrogate, 60, 25.0, 0.5
surrogate, 60, 25.0, 0.5
surrogate, 60, 25.0, 0.5
surrogate, 60, 25.0, 0.5
surrogate, 60, 24.0, 0.4375
surrogate, 60, 24.0, 0.4375
surrogate, 60, 24.0, 0.4375
surrogate, 60, 24.0, 0.4375
surrogate, 60, 24.0, 0.4375
surrogate, 60, 24.0, 0.4375
surrogate, 60, 22.0, 0.28125
surrogate, 60, 22.0, 0.28125
surrogate, 60, 22.0, 0.28125
surrogate, 60, 22.0, 0.28125
surrogate, 60, 22.0, 0.28125
surrogate, 60, 22.0, 0.28125
surrogate, 60, 22.0, 0.28125
surrogate, 60, 22.0, 0.28125
surrogate, 60, 22.0, 0.28125
surrogate, 60, 21.0, 0.21875
surrogate, 60, 21.0, 0.21875
surrogate, 60, 21.0, 0.21875
surrogate, 60, 21.0, 0.21875
surrogate, 60, 21.0, 0.21875
surrogate, 60, 21.0, 0.21875
surrogate, 60, 21.0, 0.21875
surrogate, 60, 21.0, 0.21875
surrogate, 60, 21.0, 0.21875
surrogate, 60, 21.0, 0.21875
surrogate, 60, 21.0, 0.21875
surrogate, 60, 21.0, 0.21875
surrogate, 60, 21.0, 0.21875
surrogate, 60, 21.0, 0.21875
surrogate, 60, 21.0, 0.21875
surrogate, 60, 21.0, 0.21875
surrogate, 60, 21.0, 0.21875
surrogate, 60, 21.0, 0.21875
surrogate, 60, 21.0, 0.21875
surrogate, 61, 31.0, 0.90625
surrogate, 61, 30.0, 0.6875
surrogate, 61, 30.0, 0.6875
surrogate, 61, 30.0, 0.6875
surrogate, 61, 30.0, 0.6875
surrogate, 61, 30.0, 0.6875
surrogate, 61, 30.0, 0.6875
surrogate, 61, 30.0, 0.6875
surrogate, 61, 30.0, 0.6875
surrogate, 61, 30.0, 0.6875
surrogate, 61, 30.0, 0.6875
surrogate, 61, 30.0, 0.6875
surrogate, 61, 30.0, 0.6875
surrogate, 61, 30.0, 0.6875
surrogate, 61, 30.0, 0.6875
surrogate, 61, 30.0, 0.6875
surrogate, 61, 30.0, 0.6875
surrogate, 61, 30.0, 0.6875
surrogate, 61, 30.0, 0.6875
surrogate, 61, 30.0, 0.6875
surrogate, 61, 30.0, 0.6875
surrogate, 61, 27.0, 0.59375
surrogate, 61, 25.0, 0.5
surrogate, 61, 25.0, 0.5
surrogate, 61, 25.0, 0.5
surrogate, 61, 25.0, 0.5
surrogate, 61, 25.0, 0.5
surrogate, 61, 25.0, 0.5
surrogate, 61, 25.0, 0.5
surrogate, 61, 25.0, 0.5
surrogate, 61, 25.0, 0.5
surrogate, 61, 25.0, 0.5
surrogate, 61, 25.0, 0.5
surrogate, 61, 25.0, 0.5
surrogate, 61, 25.0, 0.5
surrogate, 61, 25.0, 0.5
surrogate, 61, 24.0, 0.4375
surrogate, 61, 24.0, 0.4375
surrogate, 61, 24.0, 0.4375
surrogate, 61, 24.0, 0.4375
surrogate, 61, 24.0, 0.4375
surrogate, 61, 24.0, 0.4375
surrogate, 61, 24.0, 0.4375
surrogate, 61, 22.0, 0.28125
surrogate, 61, 22.0, 0.28125
surrogate, 61, 22.0, 0.28125
surrogate, 61, 22.0, 0.28125
surrogate, 61, 22.0, 0.28125
surrogate, 61, 22.0, 0.28125
surrogate, 61, 22.0, 0.28125
surrogate, 61, 22.0, 0.28125
surrogate, 61, 22.0, 0.28125
surrogate, 61, 22.0, 0.28125
surrogate, 61, 21.0, 0.21875
surrogate, 61, 21.0, 0.21875
surrogate, 61, 21.0, 0.21875
surrogate, 61, 21.0, 0.21875
surrogate, 61, 21.0, 0.21875
surrogate, 61, 21.0, 0.21875
surrogate, 61, 21.0, 0.21875
surrogate, 61, 21.0, 0.21875
surrogate, 61, 21.0, 0.21875
surrogate, 61, 21.0, 0.21875
surrogate, 61, 21.0, 0.21875
surrogate, 61, 21.0, 0.21875
surrogate, 61, 21.0, 0.21875
surrogate, 61, 21.0, 0.21875
surrogate, 61, 21.0, 0.21875
surrogate, 61, 21.0, 0.21875
surrogate, 61, 21.0, 0.21875
surrogate, 61, 21.0, 0.21875
surrogate, 61, 21.0, 0.21875
surrogate, 62, 31.0, 0.90625
surrogate, 62, 30.0, 0.6875
surrogate, 62, 30.0, 0.6875
surrogate, 62, 30.0, 0.6875
surrogate, 62, 30.0, 0.6875
surrogate, 62, 30.0, 0.6875
surrogate, 62, 30.0, 0.6875
surrogate, 62, 30.0, 0.6875
surrogate, 62, 30.0, 0.6875
surrogate, 62, 30.0, 0.6875
surrogate, 62, 30.0, 0.6875
surrogate, 62, 30.0, 0.6875
surrogate, 62, 30.0, 0.6875
surrogate, 62, 30.0, 0.6875
surrogate, 62, 30.0, 0.6875
surrogate, 62, 30.0, 0.6875
surrogate, 62, 30.0, 0.6875
surrogate, 62, 30.0, 0.6875
surrogate, 62, 30.0, 0.6875
surrogate, 62, 30.0, 0.6875
surrogate, 62, 30.0, 0.6875
surrogate, 62, 27.0, 0.59375
surrogate, 62, 25.0, 0.5
surrogate, 62, 25.0, 0.5
surrogate, 62, 25.0, 0.5
surrogate, 62, 25.0, 0.5
surrogate, 62, 25.0, 0.5
surrogate, 62, 25.0, 0.5
surrogate, 62, 25.0, 0.5
surrogate, 62, 25.0, 0.5
surrogate, 62, 25.0, 0.5
surrogate, 62, 25.0, 0.5
surrogate, 62, 25.0, 0.5
surrogate, 62, 25.0, 0.5
surrogate, 62, 25.0, 0.5
surrogate, 62, 25.0, 0.5
surrogate, 62, 25.0, 0.5
surrogate, 62, 24.0, 0.4375
surrogate, 62, 24.0, 0.4375
surrogate, 62, 24.0, 0.4375
surrogate, 62, 24.0, 0.4375
surrogate, 62, 24.0, 0.4375
surrogate, 62, 24.0, 0.4375
surrogate, 62, 24.0, 0.4375
surrogate, 62, 22.0, 0.28125
surrogate, 62, 22.0, 0.28125
surrogate, 62, 22.0, 0.28125
surrogate, 62, 22.0, 0.28125
surrogate, 62, 22.0, 0.28125
surrogate, 62, 22.0, 0.28125
surrogate, 62, 22.0, 0.28125
surrogate, 62, 22.0, 0.28125
surrogate, 62, 22.0, 0.28125
surrogate, 62, 22.0, 0.28125
surrogate, 62, 21.0, 0.21875
surrogate, 62, 21.0, 0.21875
surrogate, 62, 21.0, 0.21875
surrogate, 62, 21.0, 0.21875
surrogate, 62, 21.0, 0.21875
surrogate, 62, 21.0, 0.21875
surrogate, 62, 21.0, 0.21875
surrogate, 62, 21.0, 0.21875
surrogate, 62, 21.0, 0.21875
surrogate, 62, 21.0, 0.21875
surrogate, 62, 21.0, 0.21875
surrogate, 62, 21.0, 0.21875
surrogate, 62, 21.0, 0.21875
surrogate, 62, 21.0, 0.21875
surrogate, 62, 21.0, 0.21875
surrogate, 62, 21.0, 0.21875
surrogate, 62, 21.0, 0.21875
surrogate, 62, 21.0, 0.21875
surrogate, 62, 21.0, 0.21875
surrogate, 63, 31.0, 0.90625
surrogate, 63, 30.0, 0.6875
surrogate, 63, 30.0, 0.6875
surrogate, 63, 30.0, 0.6875
surrogate, 63, 30.0, 0.6875
surrogate, 63, 30.0, 0.6875
surrogate, 63, 30.0, 0.6875
surrogate, 63, 30.0, 0.6875
surrogate, 63, 30.0, 0.6875
surrogate, 63, 30.0, 0.6875
surrogate, 63, 30.0, 0.6875
surrogate, 63, 30.0, 0.6875
surrogate, 63, 30.0, 0.6875
surrogate, 63, 30.0, 0.6875
surrogate, 63, 30.0, 0.6875
surrogate, 63, 30.0, 0.6875
surrogate, 63, 30.0, 0.6875
surrogate, 63, 30.0, 0.6875
surrogate, 63, 30.0, 0.6875
surrogate, 63, 30.0, 0.6875
surrogate, 63, 30.0, 0.6875
surrogate, 63, 30.0, 0.6875
surrogate, 63, 27.0, 0.59375
surrogate, 63, 25.0, 0.5
surrogate, 63, 25.0, 0.5
surrogate, 63, 25.0, 0.5
surrogate, 63, 25.0, 0.5
surrogate, 63, 25.0, 0.5
surrogate, 63, 25.0, 0.5
surrogate, 63, 25.0, 0.5
surrogate, 63, 25.0, 0.5
surrogate, 63, 25.0, 0.5
surrogate, 63, 25.0, 0.5
surrogate, 63, 25.0, 0.5
surrogate, 63, 25.0, 0.5
surrogate, 63, 25.0, 0.5
surrogate, 63, 25.0, 0.5
surrogate, 63, 25.0, 0.5
surrogate, 63, 25.0, 0.5
surrogate, 63, 24.0, 0.4375
surrogate, 63, 24.0, 0.4375
surrogate, 63, 24.0, 0.4375
surrogate, 63, 24.0, 0.4375
surrogate, 63, 24.0, 0.4375
surrogate, 63, 24.0, 0.4375
surrogate, 63, 24.0, 0.4375
surrogate, 63, 22.0, 0.28125
surrogate, 63, 22.0, 0.28125
surrogate, 63, 22.0, 0.28125
surrogate, 63, 22.0, 0.28125
surrogate, 63, 22.0, 0.28125
surrogate, 63, 22.0, 0.28125
surrogate, 63, 22.0, 0.28125
surrogate, 63, 22.0, 0.28125
surrogate, 63, 22.0, 0.28125
surrogate, 63, 22.0, 0.28125
surrogate, 63, 22.0, 0.28125
surrogate, 63, 21.0, 0.21875
surrogate, 63, 21.0, 0.21875
surrogate, 63, 21.0, 0.21875
surrogate, 63, 21.0, 0.21875
surrogate, 63, 21.0, 0.21875
surrogate, 63, 21.0, 0.21875
surrogate, 63, 21.0, 0.21875
surrogate, 63, 21.0, 0.21875
surrogate, 63, 21.0, 0.21875
surrogate, 63, 21.0, 0.21875
surrogate, 63, 21.0, 0.21875
surrogate, 63, 21.0, 0.21875
surrogate, 63, 21.0, 0.21875
surrogate, 63, 21.0, 0.21875
surrogate, 63, 21.0, 0.21875
surrogate, 63, 21.0, 0.21875
surrogate, 63, 21.0, 0.21875
surrogate, 63, 21.0, 0.21875
surrogate, 63, 21.0, 0.21875
surrogate, 64, 31.0, 0.90625
surrogate, 64, 31.0, 0.90625
surrogate, 64, 30.0, 0.6875
surrogate, 64, 30.0, 0.6875
surrogate, 64, 30.0, 0.6875
surrogate, 64, 30.0, 0.6875
surrogate, 64, 30.0, 0.6875
surrogate, 64, 30.0, 0.6875
surrogate, 64, 30.0, 0.6875
surrogate, 64, 30.0, 0.6875
surrogate, 64, 30.0, 0.6875
surrogate, 64, 30.0, 0.6875
surrogate, 64, 30.0, 0.6875
surrogate, 64, 30.0, 0.6875
surrogate, 64, 30.0, 0.6875
surrogate, 64, 30.0, 0.6875
surrogate, 64, 30.0, 0.6875
surrogate, 64, 30.0, 0.6875
surrogate, 64, 30.0, 0.6875
surrogate, 64, 30.0, 0.6875
surrogate, 64, 30.0, 0.6875
surrogate, 64, 30.0, 0.6875
surrogate, 64, 30.0, 0.6875
surrogate, 64, 27.0, 0.59375
surrogate, 64, 25.0, 0.5
surrogate, 64, 25.0, 0.5
surrogate, 64, 25.0, 0.5
surrogate, 64, 25.0, 0.5
surrogate, 64, 25.0, 0.5
surrogate, 64, 25.0, 0.5
surrogate, 64, 25.0, 0.5
surrogate, 64, 25.0, 0.5
surrogate, 64, 25.0, 0.5
surrogate, 64, 25.0, 0.5
surrogate, 64, 25.0, 0.5
surrogate, 64, 25.0, 0.5
surrogate, 64, 25.0, 0.5
surrogate, 64, 25.0, 0.5
surrogate, 64, 25.0, 0.5
surrogate, 64, 25.0, 0.5
surrogate, 64, 25.0, 0.5
surrogate, 64, 24.0, 0.4375
surrogate, 64, 24.0, 0.4375
surrogate, 64, 24.0, 0.4375
surrogate, 64, 24.0, 0.4375
surrogate, 64, 24.0, 0.4375
surrogate, 64, 24.0, 0.4375
surrogate, 64, 24.0, 0.4375
surrogate, 64, 24.0, 0.4375
surrogate, 64, 22.0, 0.28125
surrogate, 64, 22.0, 0.28125
surrogate, 64, 22.0, 0.28125
surrogate, 64, 22.0, 0.28125
surrogate, 64, 22.0, 0.28125
surrogate, 64, 22.0, 0.28125
surrogate, 64, 22.0, 0.28125
surrogate, 64, 22.0, 0.28125
surrogate, 64, 22.0, 0.28125
surrogate, 64, 22.0, 0.28125
surrogate, 64, 22.0, 0.28125
surrogate, 64, 21.0, 0.21875
surrogate, 64, 21.0, 0.21875
surrogate, 64, 21.0, 0.21875
surrogate, 64, 21.0, 0.21875
surrogate, 64, 21.0, 0.21875
surrogate, 64, 21.0, 0.21875
surrogate, 64, 21.0, 0.21875
surrogate, 64, 21.0, 0.21875
surrogate, 64, 21.0, 0.21875
surrogate, 64, 21.0, 0.21875
surrogate, 64, 21.0, 0.21875
surrogate, 64, 21.0, 0.21875
surrogate, 64, 21.0, 0.21875
surrogate, 64, 21.0, 0.21875
surrogate, 64, 21.0, 0.21875
surrogate, 64, 21.0, 0.21875
surrogate, 64, 21.0, 0.21875
surrogate, 64, 21.0, 0.21875
surrogate, 64, 21.0, 0.21875
surrogate, 65, 31.0, 0.90625
surrogate, 65, 31.0, 0.90625
surrogate, 65, 30.0, 0.6875
surrogate, 65, 30.0, 0.6875
surrogate, 65, 30.0, 0.6875
surrogate, 65, 30.0, 0.6875
surrogate, 65, 30.0, 0.6875
surrogate, 65, 30.0, 0.6875
surrogate, 65, 30.0, 0.6875
surrogate, 65, 30.0, 0.6875
surrogate, 65, 30.0, 0.6875
surrogate, 65, 30.0, 0.6875
surrogate, 65, 30.0, 0.6875
surrogate, 65, 30.0, 0.6875
surrogate, 65, 30.0, 0.6875
surrogate, 65, 30.0, 0.6875
surrogate, 65, 30.0, 0.6875
surrogate, 65, 30.0, 0.6875
surrogate, 65, 30.0, 0.6875
surrogate, 65, 30.0, 0.6875
surrogate, 65, 30.0, 0.6875
surrogate, 65, 30.0, 0.6875
surrogate, 65, 30.0, 0.6875
surrogate, 65, 27.0, 0.59375
surrogate, 65, 25.0, 0.5
surrogate, 65, 25.0, 0.5
surrogate, 65, 25.0, 0.5
surrogate, 65, 25.0, 0.5
surrogate, 65, 25.0, 0.5
surrogate, 65, 25.0, 0.5
surrogate, 65, 25.0, 0.5
surrogate, 65, 25.0, 0.5
surrogate, 65, 25.0, 0.5
surrogate, 65, 25.0, 0.5
surrogate, 65, 25.0, 0.5
surrogate, 65, 25.0, 0.5
surrogate, 65, 25.0, 0.5
surrogate, 65, 25.0, 0.5
surrogate, 65, 25.0, 0.5
surrogate, 65, 25.0, 0.5
surrogate, 65, 25.0, 0.5
surrogate, 65, 24.0, 0.4375
surrogate, 65, 24.0, 0.4375
surrogate, 65, 24.0, 0.4375
surrogate, 65, 24.0, 0.4375
surrogate, 65, 24.0, 0.4375
surrogate, 65, 24.0, 0.4375
surrogate, 65, 24.0, 0.4375
surrogate, 65, 24.0, 0.4375
surrogate, 65, 22.0, 0.28125
surrogate, 65, 22.0, 0.28125
surrogate, 65, 22.0, 0.28125
surrogate, 65, 22.0, 0.28125
surrogate, 65, 22.0, 0.28125
surrogate, 65, 22.0, 0.28125
surrogate, 65, 22.0, 0.28125
surrogate, 65, 22.0, 0.28125
surrogate, 65, 22.0, 0.28125
surrogate, 65, 22.0, 0.28125
surrogate, 65, 22.0, 0.28125
surrogate, 65, 21.0, 0.21875
surrogate, 65, 21.0, 0.21875
surrogate, 65, 21.0, 0.21875
surrogate, 65, 21.0, 0.21875
surrogate, 65, 21.0, 0.21875
surrogate, 65, 21.0, 0.21875
surrogate, 65, 21.0, 0.21875
surrogate, 65, 21.0, 0.21875
surrogate, 65, 21.0, 0.21875
surrogate, 65, 21.0, 0.21875
surrogate, 65, 21.0, 0.21875
surrogate, 65, 21.0, 0.21875
surrogate, 65, 21.0, 0.21875
surrogate, 65, 21.0, 0.21875
surrogate, 65, 21.0, 0.21875
surrogate, 65, 21.0, 0.21875
surrogate, 65, 21.0, 0.21875
surrogate, 65, 21.0, 0.21875
surrogate, 65, 21.0, 0.21875
surrogate, 66, 31.0, 0.90625
surrogate, 66, 31.0, 0.90625
surrogate, 66, 30.0, 0.6875
surrogate, 66, 30.0, 0.6875
surrogate, 66, 30.0, 0.6875
surrogate, 66, 30.0, 0.6875
surrogate, 66, 30.0, 0.6875
surrogate, 66, 30.0, 0.6875
surrogate, 66, 30.0, 0.6875
surrogate, 66, 30.0, 0.6875
surrogate, 66, 30.0, 0.6875
surrogate, 66, 30.0, 0.6875
surrogate, 66, 30.0, 0.6875
surrogate, 66, 30.0, 0.6875
surrogate, 66, 30.0, 0.6875
surrogate, 66, 30.0, 0.6875
surrogate, 66, 30.0, 0.6875
surrogate, 66, 30.0, 0.6875
surrogate, 66, 30.0, 0.6875
surrogate, 66, 30.0, 0.6875
surrogate, 66, 30.0, 0.6875
surrogate, 66, 30.0, 0.6875
surrogate, 66, 30.0, 0.6875
surrogate, 66, 30.0, 0.6875
surrogate, 66, 27.0, 0.59375
surrogate, 66, 25.0, 0.5
surrogate, 66, 25.0, 0.5
surrogate, 66, 25.0, 0.5
surrogate, 66, 25.0, 0.5
surrogate, 66, 25.0, 0.5
surrogate, 66, 25.0, 0.5
surrogate, 66, 25.0, 0.5
surrogate, 66, 25.0, 0.5
surrogate, 66, 25.0, 0.5
surrogate, 66, 25.0, 0.5
surrogate, 66, 25.0, 0.5
surrogate, 66, 25.0, 0.5
surrogate, 66, 25.0, 0.5
surrogate, 66, 25.0, 0.5
surrogate, 66, 25.0, 0.5
surrogate, 66, 25.0, 0.5
surrogate, 66, 25.0, 0.5
surrogate, 66, 24.0, 0.4375
surrogate, 66, 24.0, 0.4375
surrogate, 66, 24.0, 0.4375
surrogate, 66, 24.0, 0.4375
surrogate, 66, 24.0, 0.4375
surrogate, 66, 24.0, 0.4375
surrogate, 66, 24.0, 0.4375
surrogate, 66, 24.0, 0.4375
surrogate, 66, 22.0, 0.28125
surrogate, 66, 22.0, 0.28125
surrogate, 66, 22.0, 0.28125
surrogate, 66, 22.0, 0.28125
surrogate, 66, 22.0, 0.28125
surrogate, 66, 22.0, 0.28125
surrogate, 66, 22.0, 0.28125
surrogate, 66, 22.0, 0.28125
surrogate, 66, 22.0, 0.28125
surrogate, 66, 22.0, 0.28125
surrogate, 66, 22.0, 0.28125
surrogate, 66, 22.0, 0.28125
surrogate, 66, 21.0, 0.21875
surrogate, 66, 21.0, 0.21875
surrogate, 66, 21.0, 0.21875
surrogate, 66, 21.0, 0.21875
surrogate, 66, 21.0, 0.21875
surrogate, 66, 21.0, 0.21875
surrogate, 66, 21.0, 0.21875
surrogate, 66, 21.0, 0.21875
surrogate, 66, 21.0, 0.21875
surrogate, 66, 21.0, 0.21875
surrogate, 66, 21.0, 0.21875
surrogate, 66, 21.0, 0.21875
surrogate, 66, 21.0, 0.21875
surrogate, 66, 21.0, 0.21875
surrogate, 66, 21.0, 0.21875
surrogate, 66, 21.0, 0.21875
surrogate, 66, 21.0, 0.21875
surrogate, 66, 21.0, 0.21875
surrogate, 66, 21.0, 0.21875
surrogate, 66, 21.0, 0.21875
surrogate, 67, 31.0, 0.90625
surrogate, 67, 31.0, 0.90625
surrogate, 67, 30.0, 0.6875
surrogate, 67, 30.0, 0.6875
surrogate, 67, 30.0, 0.6875
surrogate, 67, 30.0, 0.6875
surrogate, 67, 30.0, 0.6875
surrogate, 67, 30.0, 0.6875
surrogate, 67, 30.0, 0.6875
surrogate, 67, 30.0, 0.6875
surrogate, 67, 30.0, 0.6875
surrogate, 67, 30.0, 0.6875
surrogate, 67, 30.0, 0.6875
surrogate, 67, 30.0, 0.6875
surrogate, 67, 30.0, 0.6875
surrogate, 67, 30.0, 0.6875
surrogate, 67, 30.0, 0.6875
surrogate, 67, 30.0, 0.6875
surrogate, 67, 30.0, 0.6875
surrogate, 67, 30.0, 0.6875
surrogate, 67, 30.0, 0.6875
surrogate, 67, 30.0, 0.6875
surrogate, 67, 30.0, 0.6875
surrogate, 67, 30.0, 0.6875
surrogate, 67, 27.0, 0.59375
surrogate, 67, 27.0, 0.59375
surrogate, 67, 25.0, 0.5
surrogate, 67, 25.0, 0.5
surrogate, 67, 25.0, 0.5
surrogate, 67, 25.0, 0.5
surrogate, 67, 25.0, 0.5
surrogate, 67, 25.0, 0.5
surrogate, 67, 25.0, 0.5
surrogate, 67, 25.0, 0.5
surrogate, 67, 25.0, 0.5
surrogate, 67, 25.0, 0.5
surrogate, 67, 25.0, 0.5
surrogate, 67, 25.0, 0.5
surrogate, 67, 25.0, 0.5
surrogate, 67, 25.0, 0.5
surrogate, 67, 25.0, 0.5
surrogate, 67, 25.0, 0.5
surrogate, 67, 25.0, 0.5
surrogate, 67, 25.0, 0.5
surrogate, 67, 24.0, 0.4375
surrogate, 67, 24.0, 0.4375
surrogate, 67, 24.0, 0.4375
surrogate, 67, 24.0, 0.4375
surrogate, 67, 24.0, 0.4375
surrogate, 67, 24.0, 0.4375
surrogate, 67, 24.0, 0.4375
surrogate, 67, 24.0, 0.4375
surrogate, 67, 24.0, 0.4375
surrogate, 67, 22.0, 0.28125
surrogate, 67, 22.0, 0.28125
surrogate, 67, 22.0, 0.28125
surrogate, 67, 22.0, 0.28125
surrogate, 67, 22.0, 0.28125
surrogate, 67, 22.0, 0.28125
surrogate, 67, 22.0, 0.28125
surrogate, 67, 22.0, 0.28125
surrogate, 67, 22.0, 0.28125
surrogate, 67, 22.0, 0.28125
surrogate, 67, 22.0, 0.28125
surrogate, 67, 22.0, 0.28125
surrogate, 67, 22.0, 0.28125
surrogate, 67, 21.0, 0.21875
surrogate, 67, 21.0, 0.21875
surrogate, 67, 21.0, 0.21875
surrogate, 67, 21.0, 0.21875
surrogate, 67, 21.0, 0.21875
surrogate, 67, 21.0, 0.21875
surrogate, 67, 21.0, 0.21875
surrogate, 67, 21.0, 0.21875
surrogate, 67, 21.0, 0.21875
surrogate, 67, 21.0, 0.21875
surrogate, 67, 21.0, 0.21875
surrogate, 67, 21.0, 0.21875
surrogate, 67, 21.0, 0.21875
surrogate, 67, 21.0, 0.21875
surrogate, 67, 21.0, 0.21875
surrogate, 67, 21.0, 0.21875
surrogate, 67, 21.0, 0.21875
surrogate, 67, 21.0, 0.21875
surrogate, 67, 21.0, 0.21875
surrogate, 67, 21.0, 0.21875
surrogate, 67, 21.0, 0.21875
surrogate, 68, 31.0, 0.90625
surrogate, 68, 31.0, 0.90625
surrogate, 68, 30.0, 0.6875
surrogate, 68, 30.0, 0.6875
surrogate, 68, 30.0, 0.6875
surrogate, 68, 30.0, 0.6875
surrogate, 68, 30.0, 0.6875
surrogate, 68, 30.0, 0.6875
surrogate, 68, 30.0, 0.6875
surrogate, 68, 30.0, 0.6875
surrogate, 68, 30.0, 0.6875
surrogate, 68, 30.0, 0.6875
surrogate, 68, 30.0, 0.6875
surrogate, 68, 30.0, 0.6875
surrogate, 68, 30.0, 0.6875
surrogate, 68, 30.0, 0.6875
surrogate, 68, 30.0, 0.6875
surrogate, 68, 30.0, 0.6875
surrogate, 68, 30.0, 0.6875
surrogate, 68, 30.0, 0.6875
surrogate, 68, 30.0, 0.6875
surrogate, 68, 30.0, 0.6875
surrogate, 68, 30.0, 0.6875
surrogate, 68, 30.0, 0.6875
surrogate, 68, 27.0, 0.59375
surrogate, 68, 27.0, 0.59375
surrogate, 68, 25.0, 0.5
surrogate, 68, 25.0, 0.5
surrogate, 68, 25.0, 0.5
surrogate, 68, 25.0, 0.5
surrogate, 68, 25.0, 0.5
surrogate, 68, 25.0, 0.5
surrogate, 68, 25.0, 0.5
surrogate, 68, 25.0, 0.5
surrogate, 68, 25.0, 0.5
surrogate, 68, 25.0, 0.5
surrogate, 68, 25.0, 0.5
surrogate, 68, 25.0, 0.5
surrogate, 68, 25.0, 0.5
surrogate, 68, 25.0, 0.5
surrogate, 68, 25.0, 0.5
surrogate, 68, 25.0, 0.5
surrogate, 68, 25.0, 0.5
surrogate, 68, 25.0, 0.5
surrogate, 68, 25.0, 0.5
surrogate, 68, 24.0, 0.4375
surrogate, 68, 24.0, 0.4375
surrogate, 68, 24.0, 0.4375
surrogate, 68, 24.0, 0.4375
surrogate, 68, 24.0, 0.4375
surrogate, 68, 24.0, 0.4375
surrogate, 68, 24.0, 0.4375
surrogate, 68, 24.0, 0.4375
surrogate, 68, 24.0, 0.4375
surrogate, 68, 22.0, 0.28125
surrogate, 68, 22.0, 0.28125
surrogate, 68, 22.0, 0.28125
surrogate, 68, 22.0, 0.28125
surrogate, 68, 22.0, 0.28125
surrogate, 68, 22.0, 0.28125
surrogate, 68, 22.0, 0.28125
surrogate, 68, 22.0, 0.28125
surrogate, 68, 22.0, 0.28125
surrogate, 68, 22.0, 0.28125
surrogate, 68, 22.0, 0.28125
surrogate, 68, 22.0, 0.28125
surrogate, 68, 22.0, 0.28125
surrogate, 68, 21.0, 0.21875
surrogate, 68, 21.0, 0.21875
surrogate, 68, 21.0, 0.21875
surrogate, 68, 21.0, 0.21875
surrogate, 68, 21.0, 0.21875
surrogate, 68, 21.0, 0.21875
surrogate, 68, 21.0, 0.21875
surrogate, 68, 21.0, 0.21875
surrogate, 68, 21.0, 0.21875
surrogate, 68, 21.0, 0.21875
surrogate, 68, 21.0, 0.21875
surrogate, 68, 21.0, 0.21875
surrogate, 68, 21.0, 0.21875
surrogate, 68, 21.0, 0.21875
surrogate, 68, 21.0, 0.21875
surrogate, 68, 21.0, 0.21875
surrogate, 68, 21.0, 0.21875
surrogate, 68, 21.0, 0.21875
surrogate, 68, 21.0, 0.21875
surrogate, 68, 21.0, 0.21875
surrogate, 68, 21.0, 0.21875
surrogate, 68, 21.0, 0.21875
surrogate, 69, 31.0, 0.90625
surrogate, 69, 31.0, 0.90625
surrogate, 69, 31.0, 0.90625
surrogate, 69, 30.0, 0.6875
surrogate, 69, 30.0, 0.6875
surrogate, 69, 30.0, 0.6875
surrogate, 69, 30.0, 0.6875
surrogate, 69, 30.0, 0.6875
surrogate, 69, 30.0, 0.6875
surrogate, 69, 30.0, 0.6875
surrogate, 69, 30.0, 0.6875
surrogate, 69, 30.0, 0.6875
surrogate, 69, 30.0, 0.6875
surrogate, 69, 30.0, 0.6875
surrogate, 69, 30.0, 0.6875
surrogate, 69, 30.0, 0.6875
surrogate, 69, 30.0, 0.6875
surrogate, 69, 30.0, 0.6875
surrogate, 69, 30.0, 0.6875
surrogate, 69, 30.0, 0.6875
surrogate, 69, 30.0, 0.6875
surrogate, 69, 30.0, 0.6875
surrogate, 69, 30.0, 0.6875
surrogate, 69, 30.0, 0.6875
surrogate, 69, 30.0, 0.6875
surrogate, 69, 30.0, 0.6875
surrogate, 69, 27.0, 0.59375
surrogate, 69, 27.0, 0.59375
surrogate, 69, 27.0, 0.59375
surrogate, 69, 25.0, 0.5
surrogate, 69, 25.0, 0.5
surrogate, 69, 25.0, 0.5
surrogate, 69, 25.0, 0.5
surrogate, 69, 25.0, 0.5
surrogate, 69, 25.0, 0.5
surrogate, 69, 25.0, 0.5
surrogate, 69, 25.0, 0.5
surrogate, 69, 25.0, 0.5
surrogate, 69, 25.0, 0.5
surrogate, 69, 25.0, 0.5
surrogate, 69, 25.0, 0.5
surrogate, 69, 25.0, 0.5
surrogate, 69, 25.0, 0.5
surrogate, 69, 25.0, 0.5
surrogate, 69, 25.0, 0.5
surrogate, 69, 25.0, 0.5
surrogate, 69, 25.0, 0.5
surrogate, 69, 25.0, 0.5
surrogate, 69, 24.0, 0.4375
surrogate, 69, 24.0, 0.4375
surrogate, 69, 24.0, 0.4375
surrogate, 69, 24.0, 0.4375
surrogate, 69, 24.0, 0.4375
surrogate, 69, 24.0, 0.4375
surrogate, 69, 24.0, 0.4375
surrogate, 69, 24.0, 0.4375
surrogate, 69, 24.0, 0.4375
surrogate, 69, 22.0, 0.28125
surrogate, 69, 22.0, 0.28125
surrogate, 69, 22.0, 0.28125
surrogate, 69, 22.0, 0.28125
surrogate, 69, 22.0, 0.28125
surrogate, 69, 22.0, 0.28125
surrogate, 69, 22.0, 0.28125
surrogate, 69, 22.0, 0.28125
surrogate, 69, 22.0, 0.28125
surrogate, 69, 22.0, 0.28125
surrogate, 69, 22.0, 0.28125
surrogate, 69, 22.0, 0.28125
surrogate, 69, 22.0, 0.28125
surrogate, 69, 22.0, 0.28125
surrogate, 69, 21.0, 0.21875
surrogate, 69, 21.0, 0.21875
surrogate, 69, 21.0, 0.21875
surrogate, 69, 21.0, 0.21875
surrogate, 69, 21.0, 0.21875
surrogate, 69, 21.0, 0.21875
surrogate, 69, 21.0, 0.21875
surrogate, 69, 21.0, 0.21875
surrogate, 69, 21.0, 0.21875
surrogate, 69, 21.0, 0.21875
surrogate, 69, 21.0, 0.21875
surrogate, 69, 21.0, 0.21875
surrogate, 69, 21.0, 0.21875
surrogate, 69, 21.0, 0.21875
surrogate, 69, 21.0, 0.21875
surrogate, 69, 21.0, 0.21875
surrogate, 69, 21.0, 0.21875
surrogate, 69, 21.0, 0.21875
surrogate, 69, 21.0, 0.21875
surrogate, 69, 21.0, 0.21875
surrogate, 69, 21.0, 0.21875
surrogate, 69, 21.0, 0.21875
surrogate, 70, 31.0, 0.90625
surrogate, 70, 31.0, 0.90625
surrogate, 70, 31.0, 0.90625
surrogate, 70, 30.0, 0.6875
surrogate, 70, 30.0, 0.6875
surrogate, 70, 30.0, 0.6875
surrogate, 70, 30.0, 0.6875
surrogate, 70, 30.0, 0.6875
surrogate, 70, 30.0, 0.6875
surrogate, 70, 30.0, 0.6875
surrogate, 70, 30.0, 0.6875
surrogate, 70, 30.0, 0.6875
surrogate, 70, 30.0, 0.6875
surrogate, 70, 30.0, 0.6875
surrogate, 70, 30.0, 0.6875
surrogate, 70, 30.0, 0.6875
surrogate, 70, 30.0, 0.6875
surrogate, 70, 30.0, 0.6875
surrogate, 70, 30.0, 0.6875
surrogate, 70, 30.0, 0.6875
surrogate, 70, 30.0, 0.6875
surrogate, 70, 30.0, 0.6875
surrogate, 70, 30.0, 0.6875
surrogate, 70, 30.0, 0.6875
surrogate, 70, 30.0, 0.6875
surrogate, 70, 30.0, 0.6875
surrogate, 70, 27.0, 0.59375
surrogate, 70, 27.0, 0.59375
surrogate, 70, 27.0, 0.59375
surrogate, 70, 27.0, 0.59375
surrogate, 70, 25.0, 0.5
surrogate, 70, 25.0, 0.5
surrogate, 70, 25.0, 0.5
surrogate, 70, 25.0, 0.5
surrogate, 70, 25.0, 0.5
surrogate, 70, 25.0, 0.5
surrogate, 70, 25.0, 0.5
surrogate, 70, 25.0, 0.5
surrogate, 70, 25.0, 0.5
surrogate, 70, 25.0, 0.5
surrogate, 70, 25.0, 0.5
surrogate, 70, 25.0, 0.5
surrogate, 70, 25.0, 0.5
surrogate, 70, 25.0, 0.5
surrogate, 70, 25.0, 0.5
surrogate, 70, 25.0, 0.5
surrogate, 70, 25.0, 0.5
surrogate, 70, 25.0, 0.5
surrogate, 70, 25.0, 0.5
surrogate, 70, 24.0, 0.4375
surrogate, 70, 24.0, 0.4375
surrogate, 70, 24.0, 0.4375
surrogate, 70, 24.0, 0.4375
surrogate, 70, 24.0, 0.4375
surrogate, 70, 24.0, 0.4375
surrogate, 70, 24.0, 0.4375
surrogate, 70, 24.0, 0.4375
surrogate, 70, 24.0, 0.4375
surrogate, 70, 24.0, 0.4375
surrogate, 70, 22.0, 0.28125
surrogate, 70, 22.0, 0.28125
surrogate, 70, 22.0, 0.28125
surrogate, 70, 22.0, 0.28125
surrogate, 70, 22.0, 0.28125
surrogate, 70, 22.0, 0.28125
surrogate, 70, 22.0, 0.28125
surrogate, 70, 22.0, 0.28125
surrogate, 70, 22.0, 0.28125
surrogate, 70, 22.0, 0.28125
surrogate, 70, 22.0, 0.28125
surrogate, 70, 22.0, 0.28125
surrogate, 70, 22.0, 0.28125
surrogate, 70, 22.0, 0.28125
surrogate, 70, 22.0, 0.28125
surrogate, 70, 21.0, 0.21875
surrogate, 70, 21.0, 0.21875
surrogate, 70, 21.0, 0.21875
surrogate, 70, 21.0, 0.21875
surrogate, 70, 21.0, 0.21875
surrogate, 70, 21.0, 0.21875
surrogate, 70, 21.0, 0.21875
surrogate, 70, 21.0, 0.21875
surrogate, 70, 21.0, 0.21875
surrogate, 70, 21.0, 0.21875
surrogate, 70, 21.0, 0.21875
surrogate, 70, 21.0, 0.21875
surrogate, 70, 21.0, 0.21875
surrogate, 70, 21.0, 0.21875
surrogate, 70, 21.0, 0.21875
surrogate, 70, 21.0, 0.21875
surrogate, 70, 21.0, 0.21875
surrogate, 70, 21.0, 0.21875
surrogate, 70, 21.0, 0.21875
surrogate, 70, 21.0, 0.21875
surrogate, 70, 21.0, 0.21875
surrogate, 70, 21.0, 0.21875
surrogate, 70, 21.0, 0.21875
surrogate, 71, 31.0, 0.90625
surrogate, 71, 31.0, 0.90625
surrogate, 71, 31.0, 0.90625
surrogate, 71, 30.0, 0.6875
surrogate, 71, 30.0, 0.6875
surrogate, 71, 30.0, 0.6875
surrogate, 71, 30.0, 0.6875
surrogate, 71, 30.0, 0.6875
surrogate, 71, 30.0, 0.6875
surrogate, 71, 30.0, 0.6875
surrogate, 71, 30.0, 0.6875
surrogate, 71, 30.0, 0.6875
surrogate, 71, 30.0, 0.6875
surrogate, 71, 30.0, 0.6875
surrogate, 71, 30.0, 0.6875
surrogate, 71, 30.0, 0.6875
surrogate, 71, 30.0, 0.6875
surrogate, 71, 30.0, 0.6875
surrogate, 71, 30.0, 0.6875
surrogate, 71, 30.0, 0.6875
surrogate, 71, 30.0, 0.6875
surrogate, 71, 30.0, 0.6875
surrogate, 71, 30.0, 0.6875
surrogate, 71, 30.0, 0.6875
surrogate, 71, 30.0, 0.6875
surrogate, 71, 30.0, 0.6875
surrogate, 71, 30.0, 0.6875
surrogate, 71, 27.0, 0.59375
surrogate, 71, 27.0, 0.59375
surrogate, 71, 27.0, 0.59375
surrogate, 71, 27.0, 0.59375
surrogate, 71, 27.0, 0.59375
surrogate, 71, 25.0, 0.5
surrogate, 71, 25.0, 0.5
surrogate, 71, 25.0, 0.5
surrogate, 71, 25.0, 0.5
surrogate, 71, 25.0, 0.5
surrogate, 71, 25.0, 0.5
surrogate, 71, 25.0, 0.5
surrogate, 71, 25.0, 0.5
surrogate, 71, 25.0, 0.5
surrogate, 71, 25.0, 0.5
surrogate, 71, 25.0, 0.5
surrogate, 71, 25.0, 0.5
surrogate, 71, 25.0, 0.5
surrogate, 71, 25.0, 0.5
surrogate, 71, 25.0, 0.5
surrogate, 71, 25.0, 0.5
surrogate, 71, 25.0, 0.5
surrogate, 71, 25.0, 0.5
surrogate, 71, 25.0, 0.5
surrogate, 71, 24.0, 0.4375
surrogate, 71, 24.0, 0.4375
surrogate, 71, 24.0, 0.4375
surrogate, 71, 24.0, 0.4375
surrogate, 71, 24.0, 0.4375
surrogate, 71, 24.0, 0.4375
surrogate, 71, 24.0, 0.4375
surrogate, 71, 24.0, 0.4375
surrogate, 71, 24.0, 0.4375
surrogate, 71, 24.0, 0.4375
surrogate, 71, 22.0, 0.28125
surrogate, 71, 22.0, 0.28125
surrogate, 71, 22.0, 0.28125
surrogate, 71, 22.0, 0.28125
surrogate, 71, 22.0, 0.28125
surrogate, 71, 22.0, 0.28125
surrogate, 71, 22.0, 0.28125
surrogate, 71, 22.0, 0.28125
surrogate, 71, 22.0, 0.28125
surrogate, 71, 22.0, 0.28125
surrogate, 71, 22.0, 0.28125
surrogate, 71, 22.0, 0.28125
surrogate, 71, 22.0, 0.28125
surrogate, 71, 22.0, 0.28125
surrogate, 71, 22.0, 0.28125
surrogate, 71, 21.0, 0.21875
surrogate, 71, 21.0, 0.21875
surrogate, 71, 21.0, 0.21875
surrogate, 71, 21.0, 0.21875
surrogate, 71, 21.0, 0.21875
surrogate, 71, 21.0, 0.21875
surrogate, 71, 21.0, 0.21875
surrogate, 71, 21.0, 0.21875
surrogate, 71, 21.0, 0.21875
surrogate, 71, 21.0, 0.21875
surrogate, 71, 21.0, 0.21875
surrogate, 71, 21.0, 0.21875
surrogate, 71, 21.0, 0.21875
surrogate, 71, 21.0, 0.21875
surrogate, 71, 21.0, 0.21875
surrogate, 71, 21.0, 0.21875
surrogate, 71, 21.0, 0.21875
surrogate, 71, 21.0, 0.21875
surrogate, 71, 21.0, 0.21875
surrogate, 71, 21.0, 0.21875
surrogate, 71, 21.0, 0.21875
surrogate, 71, 21.0, 0.21875
surrogate, 71, 21.0, 0.21875
surrogate, 72, 31.0, 0.90625
surrogate, 72, 31.0, 0.90625
surrogate, 72, 31.0, 0.90625
surrogate, 72, 30.0, 0.6875
surrogate, 72, 30.0, 0.6875
surrogate, 72, 30.0, 0.6875
surrogate, 72, 30.0, 0.6875
surrogate, 72, 30.0, 0.6875
surrogate, 72, 30.0, 0.6875
surrogate, 72, 30.0, 0.6875
surrogate, 72, 30.0, 0.6875
surrogate, 72, 30.0, 0.6875
surrogate, 72, 30.0, 0.6875
surrogate, 72, 30.0, 0.6875
surrogate, 72, 30.0, 0.6875
surrogate, 72, 30.0, 0.6875
surrogate, 72, 30.0, 0.6875
surrogate, 72, 30.0, 0.6875
surrogate, 72, 30.0, 0.6875
surrogate, 72, 30.0, 0.6875
surrogate, 72, 30.0, 0.6875
surrogate, 72, 30.0, 0.6875
surrogate, 72, 30.0, 0.6875
surrogate, 72, 30.0, 0.6875
surrogate, 72, 30.0, 0.6875
surrogate, 72, 30.0, 0.6875
surrogate, 72, 30.0, 0.6875
surrogate, 72, 27.0, 0.59375
surrogate, 72, 27.0, 0.59375
surrogate, 72, 27.0, 0.59375
surrogate, 72, 27.0, 0.59375
surrogate, 72, 27.0, 0.59375
surrogate, 72, 27.0, 0.59375
surrogate, 72, 25.0, 0.5
surrogate, 72, 25.0, 0.5
surrogate, 72, 25.0, 0.5
surrogate, 72, 25.0, 0.5
surrogate, 72, 25.0, 0.5
surrogate, 72, 25.0, 0.5
surrogate, 72, 25.0, 0.5
surrogate, 72, 25.0, 0.5
surrogate, 72, 25.0, 0.5
surrogate, 72, 25.0, 0.5
surrogate, 72, 25.0, 0.5
surrogate, 72, 25.0, 0.5
surrogate, 72, 25.0, 0.5
surrogate, 72, 25.0, 0.5
surrogate, 72, 25.0, 0.5
surrogate, 72, 25.0, 0.5
surrogate, 72, 25.0, 0.5
surrogate, 72, 25.0, 0.5
surrogate, 72, 25.0, 0.5
surrogate, 72, 24.0, 0.4375
surrogate, 72, 24.0, 0.4375
surrogate, 72, 24.0, 0.4375
surrogate, 72, 24.0, 0.4375
surrogate, 72, 24.0, 0.4375
surrogate, 72, 24.0, 0.4375
surrogate, 72, 24.0, 0.4375
surrogate, 72, 24.0, 0.4375
surrogate, 72, 24.0, 0.4375
surrogate, 72, 24.0, 0.4375
surrogate, 72, 22.0, 0.28125
surrogate, 72, 22.0, 0.28125
surrogate, 72, 22.0, 0.28125
surrogate, 72, 22.0, 0.28125
surrogate, 72, 22.0, 0.28125
surrogate, 72, 22.0, 0.28125
surrogate, 72, 22.0, 0.28125
surrogate, 72, 22.0, 0.28125
surrogate, 72, 22.0, 0.28125
surrogate, 72, 22.0, 0.28125
surrogate, 72, 22.0, 0.28125
surrogate, 72, 22.0, 0.28125
surrogate, 72, 22.0, 0.28125
surrogate, 72, 22.0, 0.28125
surrogate, 72, 22.0, 0.28125
surrogate, 72, 21.0, 0.21875
surrogate, 72, 21.0, 0.21875
surrogate, 72, 21.0, 0.21875
surrogate, 72, 21.0, 0.21875
surrogate, 72, 21.0, 0.21875
surrogate, 72, 21.0, 0.21875
surrogate, 72, 21.0, 0.21875
surrogate, 72, 21.0, 0.21875
surrogate, 72, 21.0, 0.21875
surrogate, 72, 21.0, 0.21875
surrogate, 72, 21.0, 0.21875
surrogate, 72, 21.0, 0.21875
surrogate, 72, 21.0, 0.21875
surrogate, 72, 21.0, 0.21875
surrogate, 72, 21.0, 0.21875
surrogate, 72, 21.0, 0.21875
surrogate, 72, 21.0, 0.21875
surrogate, 72, 21.0, 0.21875
surrogate, 72, 21.0, 0.21875
surrogate, 72, 21.0, 0.21875
surrogate, 72, 21.0, 0.21875
surrogate, 72, 21.0, 0.21875
surrogate, 72, 21.0, 0.21875
surrogate, 72, 21.0, 0.21875
surrogate, 73, 31.0, 0.90625
surrogate, 73, 31.0, 0.90625
surrogate, 73, 31.0, 0.90625
surrogate, 73, 30.0, 0.6875
surrogate, 73, 30.0, 0.6875
surrogate, 73, 30.0, 0.6875
surrogate, 73, 30.0, 0.6875
surrogate, 73, 30.0, 0.6875
surrogate, 73, 30.0, 0.6875
surrogate, 73, 30.0, 0.6875
surrogate, 73, 30.0, 0.6875
surrogate, 73, 30.0, 0.6875
surrogate, 73, 30.0, 0.6875
surrogate, 73, 30.0, 0.6875
surrogate, 73, 30.0, 0.6875
surrogate, 73, 30.0, 0.6875
surrogate, 73, 30.0, 0.6875
surrogate, 73, 30.0, 0.6875
surrogate, 73, 30.0, 0.6875
surrogate, 73, 30.0, 0.6875
surrogate, 73, 30.0, 0.6875
surrogate, 73, 30.0, 0.6875
surrogate, 73, 30.0, 0.6875
surrogate, 73, 30.0, 0.6875
surrogate, 73, 30.0, 0.6875
surrogate, 73, 30.0, 0.6875
surrogate, 73, 30.0, 0.6875
surrogate, 73, 27.0, 0.59375
surrogate, 73, 27.0, 0.59375
surrogate, 73, 27.0, 0.59375
surrogate, 73, 27.0, 0.59375
surrogate, 73, 27.0, 0.59375
surrogate, 73, 27.0, 0.59375
surrogate, 73, 25.0, 0.5
surrogate, 73, 25.0, 0.5
surrogate, 73, 25.0, 0.5
surrogate, 73, 25.0, 0.5
surrogate, 73, 25.0, 0.5
surrogate, 73, 25.0, 0.5
surrogate, 73, 25.0, 0.5
surrogate, 73, 25.0, 0.5
surrogate, 73, 25.0, 0.5
surrogate, 73, 25.0, 0.5
surrogate, 73, 25.0, 0.5
surrogate, 73, 25.0, 0.5
surrogate, 73, 25.0, 0.5
surrogate, 73, 25.0, 0.5
surrogate, 73, 25.0, 0.5
surrogate, 73, 25.0, 0.5
surrogate, 73, 25.0, 0.5
surrogate, 73, 25.0, 0.5
surrogate, 73, 25.0, 0.5
surrogate, 73, 24.0, 0.4375
surrogate, 73, 24.0, 0.4375
surrogate, 73, 24.0, 0.4375
surrogate, 73, 24.0, 0.4375
surrogate, 73, 24.0, 0.4375
surrogate, 73, 24.0, 0.4375
surrogate, 73, 24.0, 0.4375
surrogate, 73, 24.0, 0.4375
surrogate, 73, 24.0, 0.4375
surrogate, 73, 24.0, 0.4375
surrogate, 73, 22.0, 0.28125
surrogate, 73, 22.0, 0.28125
surrogate, 73, 22.0, 0.28125
surrogate, 73, 22.0, 0.28125
surrogate, 73, 22.0, 0.28125
surrogate, 73, 22.0, 0.28125
surrogate, 73, 22.0, 0.28125
surrogate, 73, 22.0, 0.28125
surrogate, 73, 22.0, 0.28125
surrogate, 73, 22.0, 0.28125
surrogate, 73, 22.0, 0.28125
surrogate, 73, 22.0, 0.28125
surrogate, 73, 22.0, 0.28125
surrogate, 73, 22.0, 0.28125
surrogate, 73, 22.0, 0.28125
surrogate, 73, 21.0, 0.21875
surrogate, 73, 21.0, 0.21875
surrogate, 73, 21.0, 0.21875
surrogate, 73, 21.0, 0.21875
surrogate, 73, 21.0, 0.21875
surrogate, 73, 21.0, 0.21875
surrogate, 73, 21.0, 0.21875
surrogate, 73, 21.0, 0.21875
surrogate, 73, 21.0, 0.21875
surrogate, 73, 21.0, 0.21875
surrogate, 73, 21.0, 0.21875
surrogate, 73, 21.0, 0.21875
surrogate, 73, 21.0, 0.21875
surrogate, 73, 21.0, 0.21875
surrogate, 73, 21.0, 0.21875
surrogate, 73, 21.0, 0.21875
surrogate, 73, 21.0, 0.21875
surrogate, 73, 21.0, 0.21875
surrogate, 73, 21.0, 0.21875
surrogate, 73, 21.0, 0.21875
surrogate, 73, 21.0, 0.21875
surrogate, 73, 21.0, 0.21875
surrogate, 73, 21.0, 0.21875
surrogate, 73, 21.0, 0.21875
surrogate, 74, 31.0, 0.90625
surrogate, 74, 31.0, 0.90625
surrogate, 74, 31.0, 0.90625
surrogate, 74, 30.0, 0.6875
surrogate, 74, 30.0, 0.6875
surrogate, 74, 30.0, 0.6875
surrogate, 74, 30.0, 0.6875
surrogate, 74, 30.0, 0.6875
surrogate, 74, 30.0, 0.6875
surrogate, 74, 30.0, 0.6875
surrogate, 74, 30.0, 0.6875
surrogate, 74, 30.0, 0.6875
surrogate, 74, 30.0, 0.6875
surrogate, 74, 30.0, 0.6875
surrogate, 74, 30.0, 0.6875
surrogate, 74, 30.0, 0.6875
surrogate, 74, 30.0, 0.6875
surrogate, 74, 30.0, 0.6875
surrogate, 74, 30.0, 0.6875
surrogate, 74, 30.0, 0.6875
surrogate, 74, 30.0, 0.6875
surrogate, 74, 30.0, 0.6875
surrogate, 74, 30.0, 0.6875
surrogate, 74, 30.0, 0.6875
surrogate, 74, 30.0, 0.6875
surrogate, 74, 30.0, 0.6875
surrogate, 74, 30.0, 0.6875
surrogate, 74, 30.0, 0.6875
surrogate, 74, 27.0, 0.59375
surrogate, 74, 27.0, 0.59375
surrogate, 74, 27.0, 0.59375
surrogate, 74, 27.0, 0.59375
surrogate, 74, 27.0, 0.59375
surrogate, 74, 27.0, 0.59375
surrogate, 74, 25.0, 0.5
surrogate, 74, 25.0, 0.5
surrogate, 74, 25.0, 0.5
surrogate, 74, 25.0, 0.5
surrogate, 74, 25.0, 0.5
surrogate, 74, 25.0, 0.5
surrogate, 74, 25.0, 0.5
surrogate, 74, 25.0, 0.5
surrogate, 74, 25.0, 0.5
surrogate, 74, 25.0, 0.5
surrogate, 74, 25.0, 0.5
surrogate, 74, 25.0, 0.5
surrogate, 74, 25.0, 0.5
surrogate, 74, 25.0, 0.5
surrogate, 74, 25.0, 0.5
surrogate, 74, 25.0, 0.5
surrogate, 74, 25.0, 0.5
surrogate, 74, 25.0, 0.5
surrogate, 74, 25.0, 0.5
surrogate, 74, 24.0, 0.4375
surrogate, 74, 24.0, 0.4375
surrogate, 74, 24.0, 0.4375
surrogate, 74, 24.0, 0.4375
surrogate, 74, 24.0, 0.4375
surrogate, 74, 24.0, 0.4375
surrogate, 74, 24.0, 0.4375
surrogate, 74, 24.0, 0.4375
surrogate, 74, 24.0, 0.4375
surrogate, 74, 24.0, 0.4375
surrogate, 74, 22.0, 0.28125
surrogate, 74, 22.0, 0.28125
surrogate, 74, 22.0, 0.28125
surrogate, 74, 22.0, 0.28125
surrogate, 74, 22.0, 0.28125
surrogate, 74, 22.0, 0.28125
surrogate, 74, 22.0, 0.28125
surrogate, 74, 22.0, 0.28125
surrogate, 74, 22.0, 0.28125
surrogate, 74, 22.0, 0.28125
surrogate, 74, 22.0, 0.28125
surrogate, 74, 22.0, 0.28125
surrogate, 74, 22.0, 0.28125
surrogate, 74, 22.0, 0.28125
surrogate, 74, 22.0, 0.28125
surrogate, 74, 22.0, 0.28125
surrogate, 74, 21.0, 0.21875
surrogate, 74, 21.0, 0.21875
surrogate, 74, 21.0, 0.21875
surrogate, 74, 21.0, 0.21875
surrogate, 74, 21.0, 0.21875
surrogate, 74, 21.0, 0.21875
surrogate, 74, 21.0, 0.21875
surrogate, 74, 21.0, 0.21875
surrogate, 74, 21.0, 0.21875
surrogate, 74, 21.0, 0.21875
surrogate, 74, 21.0, 0.21875
surrogate, 74, 21.0, 0.21875
surrogate, 74, 21.0, 0.21875
surrogate, 74, 21.0, 0.21875
surrogate, 74, 21.0, 0.21875
surrogate, 74, 21.0, 0.21875
surrogate, 74, 21.0, 0.21875
surrogate, 74, 21.0, 0.21875
surrogate, 74, 21.0, 0.21875
surrogate, 74, 21.0, 0.21875
surrogate, 74, 21.0, 0.21875
surrogate, 74, 21.0, 0.21875
surrogate, 74, 21.0, 0.21875
surrogate, 74, 21.0, 0.21875
surrogate, 75, 31.0, 0.90625
surrogate, 75, 31.0, 0.90625
surrogate, 75, 31.0, 0.90625
surrogate, 75, 31.0, 0.90625
surrogate, 75, 30.0, 0.6875
surrogate, 75, 30.0, 0.6875
surrogate, 75, 30.0, 0.6875
surrogate, 75, 30.0, 0.6875
surrogate, 75, 30.0, 0.6875
surrogate, 75, 30.0, 0.6875
surrogate, 75, 30.0, 0.6875
surrogate, 75, 30.0, 0.6875
surrogate, 75, 30.0, 0.6875
surrogate, 75, 30.0, 0.6875
surrogate, 75, 30.0, 0.6875
surrogate, 75, 30.0, 0.6875
surrogate, 75, 30.0, 0.6875
surrogate, 75, 30.0, 0.6875
surrogate, 75, 30.0, 0.6875
surrogate, 75, 30.0, 0.6875
surrogate, 75, 30.0, 0.6875
surrogate, 75, 30.0, 0.6875
surrogate, 75, 30.0, 0.6875
surrogate, 75, 30.0, 0.6875
surrogate, 75, 30.0, 0.6875
surrogate, 75, 30.0, 0.6875
surrogate, 75, 30.0, 0.6875
surrogate, 75, 30.0, 0.6875
surrogate, 75, 30.0, 0.6875
surrogate, 75, 27.0, 0.59375
surrogate, 75, 27.0, 0.59375
surrogate, 75, 27.0, 0.59375
surrogate, 75, 27.0, 0.59375
surrogate, 75, 27.0, 0.59375
surrogate, 75, 27.0, 0.59375
surrogate, 75, 27.0, 0.59375
surrogate, 75, 25.0, 0.5
surrogate, 75, 25.0, 0.5
surrogate, 75, 25.0, 0.5
surrogate, 75, 25.0, 0.5
surrogate, 75, 25.0, 0.5
surrogate, 75, 25.0, 0.5
surrogate, 75, 25.0, 0.5
surrogate, 75, 25.0, 0.5
surrogate, 75, 25.0, 0.5
surrogate, 75, 25.0, 0.5
surrogate, 75, 25.0, 0.5
surrogate, 75, 25.0, 0.5
surrogate, 75, 25.0, 0.5
surrogate, 75, 25.0, 0.5
surrogate, 75, 25.0, 0.5
surrogate, 75, 25.0, 0.5
surrogate, 75, 25.0, 0.5
surrogate, 75, 25.0, 0.5
surrogate, 75, 25.0, 0.5
surrogate, 75, 25.0, 0.5
surrogate, 75, 24.0, 0.4375
surrogate, 75, 24.0, 0.4375
surrogate, 75, 24.0, 0.4375
surrogate, 75, 24.0, 0.4375
surrogate, 75, 24.0, 0.4375
surrogate, 75, 24.0, 0.4375
surrogate, 75, 24.0, 0.4375
surrogate, 75, 24.0, 0.4375
surrogate, 75, 24.0, 0.4375
surrogate, 75, 24.0, 0.4375
surrogate, 75, 22.0, 0.28125
surrogate, 75, 22.0, 0.28125
surrogate, 75, 22.0, 0.28125
surrogate, 75, 22.0, 0.28125
surrogate, 75, 22.0, 0.28125
surrogate, 75, 22.0, 0.28125
surrogate, 75, 22.0, 0.28125
surrogate, 75, 22.0, 0.28125
surrogate, 75, 22.0, 0.28125
surrogate, 75, 22.0, 0.28125
surrogate, 75, 22.0, 0.28125
surrogate, 75, 22.0, 0.28125
surrogate, 75, 22.0, 0.28125
surrogate, 75, 22.0, 0.28125
surrogate, 75, 22.0, 0.28125
surrogate, 75, 22.0, 0.28125
surrogate, 75, 21.0, 0.21875
surrogate, 75, 21.0, 0.21875
surrogate, 75, 21.0, 0.21875
surrogate, 75, 21.0, 0.21875
surrogate, 75, 21.0, 0.21875
surrogate, 75, 21.0, 0.21875
surrogate, 75, 21.0, 0.21875
surrogate, 75, 21.0, 0.21875
surrogate, 75, 21.0, 0.21875
surrogate, 75, 21.0, 0.21875
surrogate, 75, 21.0, 0.21875
surrogate, 75, 21.0, 0.21875
surrogate, 75, 21.0, 0.21875
surrogate, 75, 21.0, 0.21875
surrogate, 75, 21.0, 0.21875
surrogate, 75, 21.0, 0.21875
surrogate, 75, 21.0, 0.21875
surrogate, 75, 21.0, 0.21875
surrogate, 75, 21.0, 0.21875
surrogate, 75, 21.0, 0.21875
surrogate, 75, 21.0, 0.21875
surrogate, 75, 21.0, 0.21875
surrogate, 75, 21.0, 0.21875
surrogate, 75, 21.0, 0.21875
surrogate, 76, 31.0, 0.90625
surrogate, 76, 31.0, 0.90625
surrogate, 76, 31.0, 0.90625
surrogate, 76, 31.0, 0.90625
surrogate, 76, 30.0, 0.6875
surrogate, 76, 30.0, 0.6875
surrogate, 76, 30.0, 0.6875
surrogate, 76, 30.0, 0.6875
surrogate, 76, 30.0, 0.6875
surrogate, 76, 30.0, 0.6875
surrogate, 76, 30.0, 0.6875
surrogate, 76, 30.0, 0.6875
surrogate, 76, 30.0, 0.6875
surrogate, 76, 30.0, 0.6875
surrogate, 76, 30.0, 0.6875
surrogate, 76, 30.0, 0.6875
surrogate, 76, 30.0, 0.6875
surrogate, 76, 30.0, 0.6875
surrogate, 76, 30.0, 0.6875
surrogate, 76, 30.0, 0.6875
surrogate, 76, 30.0, 0.6875
surrogate, 76, 30.0, 0.6875
surrogate, 76, 30.0, 0.6875
surrogate, 76, 30.0, 0.6875
surrogate, 76, 30.0, 0.6875
surrogate, 76, 30.0, 0.6875
surrogate, 76, 30.0, 0.6875
surrogate, 76, 30.0, 0.6875
surrogate, 76, 30.0, 0.6875
surrogate, 76, 27.0, 0.59375
surrogate, 76, 27.0, 0.59375
surrogate, 76, 27.0, 0.59375
surrogate, 76, 27.0, 0.59375
surrogate, 76, 27.0, 0.59375
surrogate, 76, 27.0, 0.59375
surrogate, 76, 27.0, 0.59375
surrogate, 76, 25.0, 0.5
surrogate, 76, 25.0, 0.5
surrogate, 76, 25.0, 0.5
surrogate, 76, 25.0, 0.5
surrogate, 76, 25.0, 0.5
surrogate, 76, 25.0, 0.5
surrogate, 76, 25.0, 0.5
surrogate, 76, 25.0, 0.5
surrogate, 76, 25.0, 0.5
surrogate, 76, 25.0, 0.5
surrogate, 76, 25.0, 0.5
surrogate, 76, 25.0, 0.5
surrogate, 76, 25.0, 0.5
surrogate, 76, 25.0, 0.5
surrogate, 76, 25.0, 0.5
surrogate, 76, 25.0, 0.5
surrogate, 76, 25.0, 0.5
surrogate, 76, 25.0, 0.5
surrogate, 76, 25.0, 0.5
surrogate, 76, 25.0, 0.5
surrogate, 76, 25.0, 0.5
surrogate, 76, 24.0, 0.4375
surrogate, 76, 24.0, 0.4375
surrogate, 76, 24.0, 0.4375
surrogate, 76, 24.0, 0.4375
surrogate, 76, 24.0, 0.4375
surrogate, 76, 24.0, 0.4375
surrogate, 76, 24.0, 0.4375
surrogate, 76, 24.0, 0.4375
surrogate, 76, 24.0, 0.4375
surrogate, 76, 24.0, 0.4375
surrogate, 76, 22.0, 0.28125
surrogate, 76, 22.0, 0.28125
surrogate, 76, 22.0, 0.28125
surrogate, 76, 22.0, 0.28125
surrogate, 76, 22.0, 0.28125
surrogate, 76, 22.0, 0.28125
surrogate, 76, 22.0, 0.28125
surrogate, 76, 22.0, 0.28125
surrogate, 76, 22.0, 0.28125
surrogate, 76, 22.0, 0.28125
surrogate, 76, 22.0, 0.28125
surrogate, 76, 22.0, 0.28125
surrogate, 76, 22.0, 0.28125
surrogate, 76, 22.0, 0.28125
surrogate, 76, 22.0, 0.28125
surrogate, 76, 22.0, 0.28125
surrogate, 76, 22.0, 0.28125
surrogate, 76, 21.0, 0.21875
surrogate, 76, 21.0, 0.21875
surrogate, 76, 21.0, 0.21875
surrogate, 76, 21.0, 0.21875
surrogate, 76, 21.0, 0.21875
surrogate, 76, 21.0, 0.21875
surrogate, 76, 21.0, 0.21875
surrogate, 76, 21.0, 0.21875
surrogate, 76, 21.0, 0.21875
surrogate, 76, 21.0, 0.21875
surrogate, 76, 21.0, 0.21875
surrogate, 76, 21.0, 0.21875
surrogate, 76, 21.0, 0.21875
surrogate, 76, 21.0, 0.21875
surrogate, 76, 21.0, 0.21875
surrogate, 76, 21.0, 0.21875
surrogate, 76, 21.0, 0.21875
surrogate, 76, 21.0, 0.21875
surrogate, 76, 21.0, 0.21875
surrogate, 76, 21.0, 0.21875
surrogate, 76, 21.0, 0.21875
surrogate, 76, 21.0, 0.21875
surrogate, 76, 21.0, 0.21875
surrogate, 76, 21.0, 0.21875
surrogate, 77, 31.0, 0.90625
surrogate, 77, 31.0, 0.90625
surrogate, 77, 31.0, 0.90625
surrogate, 77, 31.0, 0.90625
surrogate, 77, 30.0, 0.6875
surrogate, 77, 30.0, 0.6875
surrogate, 77, 30.0, 0.6875
surrogate, 77, 30.0, 0.6875
surrogate, 77, 30.0, 0.6875
surrogate, 77, 30.0, 0.6875
surrogate, 77, 30.0, 0.6875
surrogate, 77, 30.0, 0.6875
surrogate, 77, 30.0, 0.6875
surrogate, 77, 30.0, 0.6875
surrogate, 77, 30.0, 0.6875
surrogate, 77, 30.0, 0.6875
surrogate, 77, 30.0, 0.6875
surrogate, 77, 30.0, 0.6875
surrogate, 77, 30.0, 0.6875
surrogate, 77, 30.0, 0.6875
surrogate, 77, 30.0, 0.6875
surrogate, 77, 30.0, 0.6875
surrogate, 77, 30.0, 0.6875
surrogate, 77, 30.0, 0.6875
surrogate, 77, 30.0, 0.6875
surrogate, 77, 30.0, 0.6875
surrogate, 77, 30.0, 0.6875
surrogate, 77, 30.0, 0.6875
surrogate, 77, 30.0, 0.6875
surrogate, 77, 27.0, 0.59375
surrogate, 77, 27.0, 0.59375
surrogate, 77, 27.0, 0.59375
surrogate, 77, 27.0, 0.59375
surrogate, 77, 27.0, 0.59375
surrogate, 77, 27.0, 0.59375
surrogate, 77, 27.0, 0.59375
surrogate, 77, 27.0, 0.59375
surrogate, 77, 25.0, 0.5
surrogate, 77, 25.0, 0.5
surrogate, 77, 25.0, 0.5
surrogate, 77, 25.0, 0.5
surrogate, 77, 25.0, 0.5
surrogate, 77, 25.0, 0.5
surrogate, 77, 25.0, 0.5
surrogate, 77, 25.0, 0.5
surrogate, 77, 25.0, 0.5
surrogate, 77, 25.0, 0.5
surrogate, 77, 25.0, 0.5
surrogate, 77, 25.0, 0.5
surrogate, 77, 25.0, 0.5
surrogate, 77, 25.0, 0.5
surrogate, 77, 25.0, 0.5
surrogate, 77, 25.0, 0.5
surrogate, 77, 25.0, 0.5
surrogate, 77, 25.0, 0.5
surrogate, 77, 25.0, 0.5
surrogate, 77, 25.0, 0.5
surrogate, 77, 25.0, 0.5
surrogate, 77, 24.0, 0.4375
surrogate, 77, 24.0, 0.4375
surrogate, 77, 24.0, 0.4375
surrogate, 77, 24.0, 0.4375
surrogate, 77, 24.0, 0.4375
surrogate, 77, 24.0, 0.4375
surrogate, 77, 24.0, 0.4375
surrogate, 77, 24.0, 0.4375
surrogate, 77, 24.0, 0.4375
surrogate, 77, 24.0, 0.4375
surrogate, 77, 22.0, 0.28125
surrogate, 77, 22.0, 0.28125
surrogate, 77, 22.0, 0.28125
surrogate, 77, 22.0, 0.28125
surrogate, 77, 22.0, 0.28125
surrogate, 77, 22.0, 0.28125
surrogate, 77, 22.0, 0.28125
surrogate, 77, 22.0, 0.28125
surrogate, 77, 22.0, 0.28125
surrogate, 77, 22.0, 0.28125
surrogate, 77, 22.0, 0.28125
surrogate, 77, 22.0, 0.28125
surrogate, 77, 22.0, 0.28125
surrogate, 77, 22.0, 0.28125
surrogate, 77, 22.0, 0.28125
surrogate, 77, 22.0, 0.28125
surrogate, 77, 22.0, 0.28125
surrogate, 77, 21.0, 0.21875
surrogate, 77, 21.0, 0.21875
surrogate, 77, 21.0, 0.21875
surrogate, 77, 21.0, 0.21875
surrogate, 77, 21.0, 0.21875
surrogate, 77, 21.0, 0.21875
surrogate, 77, 21.0, 0.21875
surrogate, 77, 21.0, 0.21875
surrogate, 77, 21.0, 0.21875
surrogate, 77, 21.0, 0.21875
surrogate, 77, 21.0, 0.21875
surrogate, 77, 21.0, 0.21875
surrogate, 77, 21.0, 0.21875
surrogate, 77, 21.0, 0.21875
surrogate, 77, 21.0, 0.21875
surrogate, 77, 21.0, 0.21875
surrogate, 77, 21.0, 0.21875
surrogate, 77, 21.0, 0.21875
surrogate, 77, 21.0, 0.21875
surrogate, 77, 21.0, 0.21875
surrogate, 77, 21.0, 0.21875
surrogate, 77, 21.0, 0.21875
surrogate, 77, 21.0, 0.21875
surrogate, 77, 21.0, 0.21875
surrogate, 77, 21.0, 0.21875
surrogate, 78, 31.0, 0.90625
surrogate, 78, 31.0, 0.90625
surrogate, 78, 31.0, 0.90625
surrogate, 78, 31.0, 0.90625
surrogate, 78, 30.0, 0.6875
surrogate, 78, 30.0, 0.6875
surrogate, 78, 30.0, 0.6875
surrogate, 78, 30.0, 0.6875
surrogate, 78, 30.0, 0.6875
surrogate, 78, 30.0, 0.6875
surrogate, 78, 30.0, 0.6875
surrogate, 78, 30.0, 0.6875
surrogate, 78, 30.0, 0.6875
surrogate, 78, 30.0, 0.6875
surrogate, 78, 30.0, 0.6875
surrogate, 78, 30.0, 0.6875
surrogate, 78, 30.0, 0.6875
surrogate, 78, 30.0, 0.6875
surrogate, 78, 30.0, 0.6875
surrogate, 78, 30.0, 0.6875
surrogate, 78, 30.0, 0.6875
surrogate, 78, 30.0, 0.6875
surrogate, 78, 30.0, 0.6875
surrogate, 78, 30.0, 0.6875
surrogate, 78, 30.0, 0.6875
surrogate, 78, 30.0, 0.6875
surrogate, 78, 30.0, 0.6875
surrogate, 78, 30.0, 0.6875
surrogate, 78, 30.0, 0.6875
surrogate, 78, 27.0, 0.59375
surrogate, 78, 27.0, 0.59375
surrogate, 78, 27.0, 0.59375
surrogate, 78, 27.0, 0.59375
surrogate, 78, 27.0, 0.59375
surrogate, 78, 27.0, 0.59375
surrogate, 78, 27.0, 0.59375
surrogate, 78, 27.0, 0.59375
surrogate, 78, 25.0, 0.5
surrogate, 78, 25.0, 0.5
surrogate, 78, 25.0, 0.5
surrogate, 78, 25.0, 0.5
surrogate, 78, 25.0, 0.5
surrogate, 78, 25.0, 0.5
surrogate, 78, 25.0, 0.5
surrogate, 78, 25.0, 0.5
surrogate, 78, 25.0, 0.5
surrogate, 78, 25.0, 0.5
surrogate, 78, 25.0, 0.5
surrogate, 78, 25.0, 0.5
surrogate, 78, 25.0, 0.5
surrogate, 78, 25.0, 0.5
surrogate, 78, 25.0, 0.5
surrogate, 78, 25.0, 0.5
surrogate, 78, 25.0, 0.5
surrogate, 78, 25.0, 0.5
surrogate, 78, 25.0, 0.5
surrogate, 78, 25.0, 0.5
surrogate, 78, 25.0, 0.5
surrogate, 78, 24.0, 0.4375
surrogate, 78, 24.0, 0.4375
surrogate, 78, 24.0, 0.4375
surrogate, 78, 24.0, 0.4375
surrogate, 78, 24.0, 0.4375
surrogate, 78, 24.0, 0.4375
surrogate, 78, 24.0, 0.4375
surrogate, 78, 24.0, 0.4375
surrogate, 78, 24.0, 0.4375
surrogate, 78, 24.0, 0.4375
surrogate, 78, 22.0, 0.28125
surrogate, 78, 22.0, 0.28125
surrogate, 78, 22.0, 0.28125
surrogate, 78, 22.0, 0.28125
surrogate, 78, 22.0, 0.28125
surrogate, 78, 22.0, 0.28125
surrogate, 78, 22.0, 0.28125
surrogate, 78, 22.0, 0.28125
surrogate, 78, 22.0, 0.28125
surrogate, 78, 22.0, 0.28125
surrogate, 78, 22.0, 0.28125
surrogate, 78, 22.0, 0.28125
surrogate, 78, 22.0, 0.28125
surrogate, 78, 22.0, 0.28125
surrogate, 78, 22.0, 0.28125
surrogate, 78, 22.0, 0.28125
surrogate, 78, 22.0, 0.28125
surrogate, 78, 21.0, 0.21875
surrogate, 78, 21.0, 0.21875
surrogate, 78, 21.0, 0.21875
surrogate, 78, 21.0, 0.21875
surrogate, 78, 21.0, 0.21875
surrogate, 78, 21.0, 0.21875
surrogate, 78, 21.0, 0.21875
surrogate, 78, 21.0, 0.21875
surrogate, 78, 21.0, 0.21875
surrogate, 78, 21.0, 0.21875
surrogate, 78, 21.0, 0.21875
surrogate, 78, 21.0, 0.21875
surrogate, 78, 21.0, 0.21875
surrogate, 78, 21.0, 0.21875
surrogate, 78, 21.0, 0.21875
surrogate, 78, 21.0, 0.21875
surrogate, 78, 21.0, 0.21875
surrogate, 78, 21.0, 0.21875
surrogate, 78, 21.0, 0.21875
surrogate, 78, 21.0, 0.21875
surrogate, 78, 21.0, 0.21875
surrogate, 78, 21.0, 0.21875
surrogate, 78, 21.0, 0.21875
surrogate, 78, 21.0, 0.21875
surrogate, 78, 21.0, 0.21875
surrogate, 79, 31.0, 0.90625
surrogate, 79, 31.0, 0.90625
surrogate, 79, 31.0, 0.90625
surrogate, 79, 31.0, 0.90625
surrogate, 79, 30.0, 0.6875
surrogate, 79, 30.0, 0.6875
surrogate, 79, 30.0, 0.6875
surrogate, 79, 30.0, 0.6875
surrogate, 79, 30.0, 0.6875
surrogate, 79, 30.0, 0.6875
surrogate, 79, 30.0, 0.6875
surrogate, 79, 30.0, 0.6875
surrogate, 79, 30.0, 0.6875
surrogate, 79, 30.0, 0.6875
surrogate, 79, 30.0, 0.6875
surrogate, 79, 30.0, 0.6875
surrogate, 79, 30.0, 0.6875
surrogate, 79, 30.0, 0.6875
surrogate, 79, 30.0, 0.6875
surrogate, 79, 30.0, 0.6875
surrogate, 79, 30.0, 0.6875
surrogate, 79, 30.0, 0.6875
surrogate, 79, 30.0, 0.6875
surrogate, 79, 30.0, 0.6875
surrogate, 79, 30.0, 0.6875
surrogate, 79, 30.0, 0.6875
surrogate, 79, 30.0, 0.6875
surrogate, 79, 30.0, 0.6875
surrogate, 79, 30.0, 0.6875
surrogate, 79, 27.0, 0.59375
surrogate, 79, 27.0, 0.59375
surrogate, 79, 27.0, 0.59375
surrogate, 79, 27.0, 0.59375
surrogate, 79, 27.0, 0.59375
surrogate, 79, 27.0, 0.59375
surrogate, 79, 27.0, 0.59375
surrogate, 79, 27.0, 0.59375
surrogate, 79, 27.0, 0.59375
surrogate, 79, 25.0, 0.5
surrogate, 79, 25.0, 0.5
surrogate, 79, 25.0, 0.5
surrogate, 79, 25.0, 0.5
surrogate, 79, 25.0, 0.5
surrogate, 79, 25.0, 0.5
surrogate, 79, 25.0, 0.5
surrogate, 79, 25.0, 0.5
surrogate, 79, 25.0, 0.5
surrogate, 79, 25.0, 0.5
surrogate, 79, 25.0, 0.5
surrogate, 79, 25.0, 0.5
surrogate, 79, 25.0, 0.5
surrogate, 79, 25.0, 0.5
surrogate, 79, 25.0, 0.5
surrogate, 79, 25.0, 0.5
surrogate, 79, 25.0, 0.5
surrogate, 79, 25.0, 0.5
surrogate, 79, 25.0, 0.5
surrogate, 79, 25.0, 0.5
surrogate, 79, 25.0, 0.5
surrogate, 79, 24.0, 0.4375
surrogate, 79, 24.0, 0.4375
surrogate, 79, 24.0, 0.4375
surrogate, 79, 24.0, 0.4375
surrogate, 79, 24.0, 0.4375
surrogate, 79, 24.0, 0.4375
surrogate, 79, 24.0, 0.4375
surrogate, 79, 24.0, 0.4375
surrogate, 79, 24.0, 0.4375
surrogate, 79, 24.0, 0.4375
surrogate, 79, 24.0, 0.4375
surrogate, 79, 22.0, 0.28125
surrogate, 79, 22.0, 0.28125
surrogate, 79, 22.0, 0.28125
surrogate, 79, 22.0, 0.28125
surrogate, 79, 22.0, 0.28125
surrogate, 79, 22.0, 0.28125
surrogate, 79, 22.0, 0.28125
surrogate, 79, 22.0, 0.28125
surrogate, 79, 22.0, 0.28125
surrogate, 79, 22.0, 0.28125
surrogate, 79, 22.0, 0.28125
surrogate, 79, 22.0, 0.28125
surrogate, 79, 22.0, 0.28125
surrogate, 79, 22.0, 0.28125
surrogate, 79, 22.0, 0.28125
surrogate, 79, 22.0, 0.28125
surrogate, 79, 22.0, 0.28125
surrogate, 79, 21.0, 0.21875
surrogate, 79, 21.0, 0.21875
surrogate, 79, 21.0, 0.21875
surrogate, 79, 21.0, 0.21875
surrogate, 79, 21.0, 0.21875
surrogate, 79, 21.0, 0.21875
surrogate, 79, 21.0, 0.21875
surrogate, 79, 21.0, 0.21875
surrogate, 79, 21.0, 0.21875
surrogate, 79, 21.0, 0.21875
surrogate, 79, 21.0, 0.21875
surrogate, 79, 21.0, 0.21875
surrogate, 79, 21.0, 0.21875
surrogate, 79, 21.0, 0.21875
surrogate, 79, 21.0, 0.21875
surrogate, 79, 21.0, 0.21875
surrogate, 79, 21.0, 0.21875
surrogate, 79, 21.0, 0.21875
surrogate, 79, 21.0, 0.21875
surrogate, 79, 21.0, 0.21875
surrogate, 79, 21.0, 0.21875
surrogate, 79, 21.0, 0.21875
surrogate, 79, 21.0, 0.21875
surrogate, 79, 21.0, 0.21875
surrogate, 79, 21.0, 0.21875
surrogate, 80, 31.0, 0.90625
surrogate, 80, 31.0, 0.90625
surrogate, 80, 31.0, 0.90625
surrogate, 80, 31.0, 0.90625
surrogate, 80, 30.0, 0.6875
surrogate, 80, 30.0, 0.6875
surrogate, 80, 30.0, 0.6875
surrogate, 80, 30.0, 0.6875
surrogate, 80, 30.0, 0.6875
surrogate, 80, 30.0, 0.6875
surrogate, 80, 30.0, 0.6875
surrogate, 80, 30.0, 0.6875
surrogate, 80, 30.0, 0.6875
surrogate, 80, 30.0, 0.6875
surrogate, 80, 30.0, 0.6875
surrogate, 80, 30.0, 0.6875
surrogate, 80, 30.0, 0.6875
surrogate, 80, 30.0, 0.6875
surrogate, 80, 30.0, 0.6875
surrogate, 80, 30.0, 0.6875
surrogate, 80, 30.0, 0.6875
surrogate, 80, 30.0, 0.6875
surrogate, 80, 30.0, 0.6875
surrogate, 80, 30.0, 0.6875
surrogate, 80, 30.0, 0.6875
surrogate, 80, 30.0, 0.6875
surrogate, 80, 30.0, 0.6875
surrogate, 80, 30.0, 0.6875
surrogate, 80, 30.0, 0.6875
surrogate, 80, 27.0, 0.59375
surrogate, 80, 27.0, 0.59375
surrogate, 80, 27.0, 0.59375
surrogate, 80, 27.0, 0.59375
surrogate, 80, 27.0, 0.59375
surrogate, 80, 27.0, 0.59375
surrogate, 80, 27.0, 0.59375
surrogate, 80, 27.0, 0.59375
surrogate, 80, 27.0, 0.59375
surrogate, 80, 25.0, 0.5
surrogate, 80, 25.0, 0.5
surrogate, 80, 25.0, 0.5
surrogate, 80, 25.0, 0.5
surrogate, 80, 25.0, 0.5
surrogate, 80, 25.0, 0.5
surrogate, 80, 25.0, 0.5
surrogate, 80, 25.0, 0.5
surrogate, 80, 25.0, 0.5
surrogate, 80, 25.0, 0.5
surrogate, 80, 25.0, 0.5
surrogate, 80, 25.0, 0.5
surrogate, 80, 25.0, 0.5
surrogate, 80, 25.0, 0.5
surrogate, 80, 25.0, 0.5
surrogate, 80, 25.0, 0.5
surrogate, 80, 25.0, 0.5
surrogate, 80, 25.0, 0.5
surrogate, 80, 25.0, 0.5
surrogate, 80, 25.0, 0.5
surrogate, 80, 25.0, 0.5
surrogate, 80, 25.0, 0.5
surrogate, 80, 24.0, 0.4375
surrogate, 80, 24.0, 0.4375
surrogate, 80, 24.0, 0.4375
surrogate, 80, 24.0, 0.4375
surrogate, 80, 24.0, 0.4375
surrogate, 80, 24.0, 0.4375
surrogate, 80, 24.0, 0.4375
surrogate, 80, 24.0, 0.4375
surrogate, 80, 24.0, 0.4375
surrogate, 80, 24.0, 0.4375
surrogate, 80, 24.0, 0.4375
surrogate, 80, 22.0, 0.28125
surrogate, 80, 22.0, 0.28125
surrogate, 80, 22.0, 0.28125
surrogate, 80, 22.0, 0.28125
surrogate, 80, 22.0, 0.28125
surrogate, 80, 22.0, 0.28125
surrogate, 80, 22.0, 0.28125
surrogate, 80, 22.0, 0.28125
surrogate, 80, 22.0, 0.28125
surrogate, 80, 22.0, 0.28125
surrogate, 80, 22.0, 0.28125
surrogate, 80, 22.0, 0.28125
surrogate, 80, 22.0, 0.28125
surrogate, 80, 22.0, 0.28125
surrogate, 80, 22.0, 0.28125
surrogate, 80, 22.0, 0.28125
surrogate, 80, 22.0, 0.28125
surrogate, 80, 21.0, 0.21875
surrogate, 80, 21.0, 0.21875
surrogate, 80, 21.0, 0.21875
surrogate, 80, 21.0, 0.21875
surrogate, 80, 21.0, 0.21875
surrogate, 80, 21.0, 0.21875
surrogate, 80, 21.0, 0.21875
surrogate, 80, 21.0, 0.21875
surrogate, 80, 21.0, 0.21875
surrogate, 80, 21.0, 0.21875
surrogate, 80, 21.0, 0.21875
surrogate, 80, 21.0, 0.21875
surrogate, 80, 21.0, 0.21875
surrogate, 80, 21.0, 0.21875
surrogate, 80, 21.0, 0.21875
surrogate, 80, 21.0, 0.21875
surrogate, 80, 21.0, 0.21875
surrogate, 80, 21.0, 0.21875
surrogate, 80, 21.0, 0.21875
surrogate, 80, 21.0, 0.21875
surrogate, 80, 21.0, 0.21875
surrogate, 80, 21.0, 0.21875
surrogate, 80, 21.0, 0.21875
surrogate, 80, 21.0, 0.21875
surrogate, 80, 21.0, 0.21875
surrogate, 80, 21.0, 0.21875
surrogate, 81, 31.0, 0.90625
surrogate, 81, 31.0, 0.90625
surrogate, 81, 31.0, 0.90625
surrogate, 81, 31.0, 0.90625
surrogate, 81, 31.0, 0.90625
surrogate, 81, 30.0, 0.6875
surrogate, 81, 30.0, 0.6875
surrogate, 81, 30.0, 0.6875
surrogate, 81, 30.0, 0.6875
surrogate, 81, 30.0, 0.6875
surrogate, 81, 30.0, 0.6875
surrogate, 81, 30.0, 0.6875
surrogate, 81, 30.0, 0.6875
surrogate, 81, 30.0, 0.6875
surrogate, 81, 30.0, 0.6875
surrogate, 81, 30.0, 0.6875
surrogate, 81, 30.0, 0.6875
surrogate, 81, 30.0, 0.6875
surrogate, 81, 30.0, 0.6875
surrogate, 81, 30.0, 0.6875
surrogate, 81, 30.0, 0.6875
surrogate, 81, 30.0, 0.6875
surrogate, 81, 30.0, 0.6875
surrogate, 81, 30.0, 0.6875
surrogate, 81, 30.0, 0.6875
surrogate, 81, 30.0, 0.6875
surrogate, 81, 30.0, 0.6875
surrogate, 81, 30.0, 0.6875
surrogate, 81, 30.0, 0.6875
surrogate, 81, 30.0, 0.6875
surrogate, 81, 27.0, 0.59375
surrogate, 81, 27.0, 0.59375
surrogate, 81, 27.0, 0.59375
surrogate, 81, 27.0, 0.59375
surrogate, 81, 27.0, 0.59375
surrogate, 81, 27.0, 0.59375
surrogate, 81, 27.0, 0.59375
surrogate, 81, 27.0, 0.59375
surrogate, 81, 27.0, 0.59375
surrogate, 81, 27.0, 0.59375
surrogate, 81, 25.0, 0.5
surrogate, 81, 25.0, 0.5
surrogate, 81, 25.0, 0.5
surrogate, 81, 25.0, 0.5
surrogate, 81, 25.0, 0.5
surrogate, 81, 25.0, 0.5
surrogate, 81, 25.0, 0.5
surrogate, 81, 25.0, 0.5
surrogate, 81, 25.0, 0.5
surrogate, 81, 25.0, 0.5
surrogate, 81, 25.0, 0.5
surrogate, 81, 25.0, 0.5
surrogate, 81, 25.0, 0.5
surrogate, 81, 25.0, 0.5
surrogate, 81, 25.0, 0.5
surrogate, 81, 25.0, 0.5
surrogate, 81, 25.0, 0.5
surrogate, 81, 25.0, 0.5
surrogate, 81, 25.0, 0.5
surrogate, 81, 25.0, 0.5
surrogate, 81, 25.0, 0.5
surrogate, 81, 25.0, 0.5
surrogate, 81, 24.0, 0.4375
surrogate, 81, 24.0, 0.4375
surrogate, 81, 24.0, 0.4375
surrogate, 81, 24.0, 0.4375
surrogate, 81, 24.0, 0.4375
surrogate, 81, 24.0, 0.4375
surrogate, 81, 24.0, 0.4375
surrogate, 81, 24.0, 0.4375
surrogate, 81, 24.0, 0.4375
surrogate, 81, 24.0, 0.4375
surrogate, 81, 24.0, 0.4375
surrogate, 81, 24.0, 0.4375
surrogate, 81, 22.0, 0.28125
surrogate, 81, 22.0, 0.28125
surrogate, 81, 22.0, 0.28125
surrogate, 81, 22.0, 0.28125
surrogate, 81, 22.0, 0.28125
surrogate, 81, 22.0, 0.28125
surrogate, 81, 22.0, 0.28125
surrogate, 81, 22.0, 0.28125
surrogate, 81, 22.0, 0.28125
surrogate, 81, 22.0, 0.28125
surrogate, 81, 22.0, 0.28125
surrogate, 81, 22.0, 0.28125
surrogate, 81, 22.0, 0.28125
surrogate, 81, 22.0, 0.28125
surrogate, 81, 22.0, 0.28125
surrogate, 81, 22.0, 0.28125
surrogate, 81, 22.0, 0.28125
surrogate, 81, 22.0, 0.28125
surrogate, 81, 21.0, 0.21875
surrogate, 81, 21.0, 0.21875
surrogate, 81, 21.0, 0.21875
surrogate, 81, 21.0, 0.21875
surrogate, 81, 21.0, 0.21875
surrogate, 81, 21.0, 0.21875
surrogate, 81, 21.0, 0.21875
surrogate, 81, 21.0, 0.21875
surrogate, 81, 21.0, 0.21875
surrogate, 81, 21.0, 0.21875
surrogate, 81, 21.0, 0.21875
surrogate, 81, 21.0, 0.21875
surrogate, 81, 21.0, 0.21875
surrogate, 81, 21.0, 0.21875
surrogate, 81, 21.0, 0.21875
surrogate, 81, 21.0, 0.21875
surrogate, 81, 21.0, 0.21875
surrogate, 81, 21.0, 0.21875
surrogate, 81, 21.0, 0.21875
surrogate, 81, 21.0, 0.21875
surrogate, 81, 21.0, 0.21875
surrogate, 81, 21.0, 0.21875
surrogate, 81, 21.0, 0.21875
surrogate, 81, 21.0, 0.21875
surrogate, 81, 21.0, 0.21875
surrogate, 81, 21.0, 0.21875
surrogate, 81, 21.0, 0.21875
surrogate, 82, 31.0, 0.90625
surrogate, 82, 31.0, 0.90625
surrogate, 82, 31.0, 0.90625
surrogate, 82, 31.0, 0.90625
surrogate, 82, 31.0, 0.90625
surrogate, 82, 30.0, 0.6875
surrogate, 82, 30.0, 0.6875
surrogate, 82, 30.0, 0.6875
surrogate, 82, 30.0, 0.6875
surrogate, 82, 30.0, 0.6875
surrogate, 82, 30.0, 0.6875
surrogate, 82, 30.0, 0.6875
surrogate, 82, 30.0, 0.6875
surrogate, 82, 30.0, 0.6875
surrogate, 82, 30.0, 0.6875
surrogate, 82, 30.0, 0.6875
surrogate, 82, 30.0, 0.6875
surrogate, 82, 30.0, 0.6875
surrogate, 82, 30.0, 0.6875
surrogate, 82, 30.0, 0.6875
surrogate, 82, 30.0, 0.6875
surrogate, 82, 30.0, 0.6875
surrogate, 82, 30.0, 0.6875
surrogate, 82, 30.0, 0.6875
surrogate, 82, 30.0, 0.6875
surrogate, 82, 30.0, 0.6875
surrogate, 82, 30.0, 0.6875
surrogate, 82, 30.0, 0.6875
surrogate, 82, 30.0, 0.6875
surrogate, 82, 30.0, 0.6875
surrogate, 82, 27.0, 0.59375
surrogate, 82, 27.0, 0.59375
surrogate, 82, 27.0, 0.59375
surrogate, 82, 27.0, 0.59375
surrogate, 82, 27.0, 0.59375
surrogate, 82, 27.0, 0.59375
surrogate, 82, 27.0, 0.59375
surrogate, 82, 27.0, 0.59375
surrogate, 82, 27.0, 0.59375
surrogate, 82, 27.0, 0.59375
surrogate, 82, 27.0, 0.59375
surrogate, 82, 25.0, 0.5
surrogate, 82, 25.0, 0.5
surrogate, 82, 25.0, 0.5
surrogate, 82, 25.0, 0.5
surrogate, 82, 25.0, 0.5
surrogate, 82, 25.0, 0.5
surrogate, 82, 25.0, 0.5
surrogate, 82, 25.0, 0.5
surrogate, 82, 25.0, 0.5
surrogate, 82, 25.0, 0.5
surrogate, 82, 25.0, 0.5
surrogate, 82, 25.0, 0.5
surrogate, 82, 25.0, 0.5
surrogate, 82, 25.0, 0.5
surrogate, 82, 25.0, 0.5
surrogate, 82, 25.0, 0.5
surrogate, 82, 25.0, 0.5
surrogate, 82, 25.0, 0.5
surrogate, 82, 25.0, 0.5
surrogate, 82, 25.0, 0.5
surrogate, 82, 25.0, 0.5
surrogate, 82, 25.0, 0.5
surrogate, 82, 24.0, 0.4375
surrogate, 82, 24.0, 0.4375
surrogate, 82, 24.0, 0.4375
surrogate, 82, 24.0, 0.4375
surrogate, 82, 24.0, 0.4375
surrogate, 82, 24.0, 0.4375
surrogate, 82, 24.0, 0.4375
surrogate, 82, 24.0, 0.4375
surrogate, 82, 24.0, 0.4375
surrogate, 82, 24.0, 0.4375
surrogate, 82, 24.0, 0.4375
surrogate, 82, 24.0, 0.4375
surrogate, 82, 24.0, 0.4375
surrogate, 82, 22.0, 0.28125
surrogate, 82, 22.0, 0.28125
surrogate, 82, 22.0, 0.28125
surrogate, 82, 22.0, 0.28125
surrogate, 82, 22.0, 0.28125
surrogate, 82, 22.0, 0.28125
surrogate, 82, 22.0, 0.28125
surrogate, 82, 22.0, 0.28125
surrogate, 82, 22.0, 0.28125
surrogate, 82, 22.0, 0.28125
surrogate, 82, 22.0, 0.28125
surrogate, 82, 22.0, 0.28125
surrogate, 82, 22.0, 0.28125
surrogate, 82, 22.0, 0.28125
surrogate, 82, 22.0, 0.28125
surrogate, 82, 22.0, 0.28125
surrogate, 82, 22.0, 0.28125
surrogate, 82, 22.0, 0.28125
surrogate, 82, 21.0, 0.21875
surrogate, 82, 21.0, 0.21875
surrogate, 82, 21.0, 0.21875
surrogate, 82, 21.0, 0.21875
surrogate, 82, 21.0, 0.21875
surrogate, 82, 21.0, 0.21875
surrogate, 82, 21.0, 0.21875
surrogate, 82, 21.0, 0.21875
surrogate, 82, 21.0, 0.21875
surrogate, 82, 21.0, 0.21875
surrogate, 82, 21.0, 0.21875
surrogate, 82, 21.0, 0.21875
surrogate, 82, 21.0, 0.21875
surrogate, 82, 21.0, 0.21875
surrogate, 82, 21.0, 0.21875
surrogate, 82, 21.0, 0.21875
surrogate, 82, 21.0, 0.21875
surrogate, 82, 21.0, 0.21875
surrogate, 82, 21.0, 0.21875
surrogate, 82, 21.0, 0.21875
surrogate, 82, 21.0, 0.21875
surrogate, 82, 21.0, 0.21875
surrogate, 82, 21.0, 0.21875
surrogate, 82, 21.0, 0.21875
surrogate, 82, 21.0, 0.21875
surrogate, 82, 21.0, 0.21875
surrogate, 82, 21.0, 0.21875
surrogate, 82, 21.0, 0.21875
surrogate, 83, 31.0, 0.90625
surrogate, 83, 31.0, 0.90625
surrogate, 83, 31.0, 0.90625
surrogate, 83, 31.0, 0.90625
surrogate, 83, 31.0, 0.90625
surrogate, 83, 31.0, 0.90625
surrogate, 83, 30.0, 0.6875
surrogate, 83, 30.0, 0.6875
surrogate, 83, 30.0, 0.6875
surrogate, 83, 30.0, 0.6875
surrogate, 83, 30.0, 0.6875
surrogate, 83, 30.0, 0.6875
surrogate, 83, 30.0, 0.6875
surrogate, 83, 30.0, 0.6875
surrogate, 83, 30.0, 0.6875
surrogate, 83, 30.0, 0.6875
surrogate, 83, 30.0, 0.6875
surrogate, 83, 30.0, 0.6875
surrogate, 83, 30.0, 0.6875
surrogate, 83, 30.0, 0.6875
surrogate, 83, 30.0, 0.6875
surrogate, 83, 30.0, 0.6875
surrogate, 83, 30.0, 0.6875
surrogate, 83, 30.0, 0.6875
surrogate, 83, 30.0, 0.6875
surrogate, 83, 30.0, 0.6875
surrogate, 83, 30.0, 0.6875
surrogate, 83, 30.0, 0.6875
surrogate, 83, 30.0, 0.6875
surrogate, 83, 30.0, 0.6875
surrogate, 83, 30.0, 0.6875
surrogate, 83, 27.0, 0.59375
surrogate, 83, 27.0, 0.59375
surrogate, 83, 27.0, 0.59375
surrogate, 83, 27.0, 0.59375
surrogate, 83, 27.0, 0.59375
surrogate, 83, 27.0, 0.59375
surrogate, 83, 27.0, 0.59375
surrogate, 83, 27.0, 0.59375
surrogate, 83, 27.0, 0.59375
surrogate, 83, 27.0, 0.59375
surrogate, 83, 27.0, 0.59375
surrogate, 83, 27.0, 0.59375
surrogate, 83, 25.0, 0.5
surrogate, 83, 25.0, 0.5
surrogate, 83, 25.0, 0.5
surrogate, 83, 25.0, 0.5
surrogate, 83, 25.0, 0.5
surrogate, 83, 25.0, 0.5
surrogate, 83, 25.0, 0.5
surrogate, 83, 25.0, 0.5
surrogate, 83, 25.0, 0.5
surrogate, 83, 25.0, 0.5
surrogate, 83, 25.0, 0.5
surrogate, 83, 25.0, 0.5
surrogate, 83, 25.0, 0.5
surrogate, 83, 25.0, 0.5
surrogate, 83, 25.0, 0.5
surrogate, 83, 25.0, 0.5
surrogate, 83, 25.0, 0.5
surrogate, 83, 25.0, 0.5
surrogate, 83, 25.0, 0.5
surrogate, 83, 25.0, 0.5
surrogate, 83, 25.0, 0.5
surrogate, 83, 25.0, 0.5
surrogate, 83, 25.0, 0.5
surrogate, 83, 24.0, 0.4375
surrogate, 83, 24.0, 0.4375
surrogate, 83, 24.0, 0.4375
surrogate, 83, 24.0, 0.4375
surrogate, 83, 24.0, 0.4375
surrogate, 83, 24.0, 0.4375
surrogate, 83, 24.0, 0.4375
surrogate, 83, 24.0, 0.4375
surrogate, 83, 24.0, 0.4375
surrogate, 83, 24.0, 0.4375
surrogate, 83, 24.0, 0.4375
surrogate, 83, 24.0, 0.4375
surrogate, 83, 24.0, 0.4375
surrogate, 83, 24.0, 0.4375
surrogate, 83, 22.0, 0.28125
surrogate, 83, 22.0, 0.28125
surrogate, 83, 22.0, 0.28125
surrogate, 83, 22.0, 0.28125
surrogate, 83, 22.0, 0.28125
surrogate, 83, 22.0, 0.28125
surrogate, 83, 22.0, 0.28125
surrogate, 83, 22.0, 0.28125
surrogate, 83, 22.0, 0.28125
surrogate, 83, 22.0, 0.28125
surrogate, 83, 22.0, 0.28125
surrogate, 83, 22.0, 0.28125
surrogate, 83, 22.0, 0.28125
surrogate, 83, 22.0, 0.28125
surrogate, 83, 22.0, 0.28125
surrogate, 83, 22.0, 0.28125
surrogate, 83, 22.0, 0.28125
surrogate, 83, 22.0, 0.28125
surrogate, 83, 22.0, 0.28125
surrogate, 83, 21.0, 0.21875
surrogate, 83, 21.0, 0.21875
surrogate, 83, 21.0, 0.21875
surrogate, 83, 21.0, 0.21875
surrogate, 83, 21.0, 0.21875
surrogate, 83, 21.0, 0.21875
surrogate, 83, 21.0, 0.21875
surrogate, 83, 21.0, 0.21875
surrogate, 83, 21.0, 0.21875
surrogate, 83, 21.0, 0.21875
surrogate, 83, 21.0, 0.21875
surrogate, 83, 21.0, 0.21875
surrogate, 83, 21.0, 0.21875
surrogate, 83, 21.0, 0.21875
surrogate, 83, 21.0, 0.21875
surrogate, 83, 21.0, 0.21875
surrogate, 83, 21.0, 0.21875
surrogate, 83, 21.0, 0.21875
surrogate, 83, 21.0, 0.21875
surrogate, 83, 21.0, 0.21875
surrogate, 83, 21.0, 0.21875
surrogate, 83, 21.0, 0.21875
surrogate, 83, 21.0, 0.21875
surrogate, 83, 21.0, 0.21875
surrogate, 83, 21.0, 0.21875
surrogate, 83, 21.0, 0.21875
surrogate, 83, 21.0, 0.21875
surrogate, 83, 21.0, 0.21875
surrogate, 83, 21.0, 0.21875
surrogate, 84, 31.0, 0.90625
surrogate, 84, 31.0, 0.90625
surrogate, 84, 31.0, 0.90625
surrogate, 84, 31.0, 0.90625
surrogate, 84, 31.0, 0.90625
surrogate, 84, 31.0, 0.90625
surrogate, 84, 30.0, 0.6875
surrogate, 84, 30.0, 0.6875
surrogate, 84, 30.0, 0.6875
surrogate, 84, 30.0, 0.6875
surrogate, 84, 30.0, 0.6875
surrogate, 84, 30.0, 0.6875
surrogate, 84, 30.0, 0.6875
surrogate, 84, 30.0, 0.6875
surrogate, 84, 30.0, 0.6875
surrogate, 84, 30.0, 0.6875
surrogate, 84, 30.0, 0.6875
surrogate, 84, 30.0, 0.6875
surrogate, 84, 30.0, 0.6875
surrogate, 84, 30.0, 0.6875
surrogate, 84, 30.0, 0.6875
surrogate, 84, 30.0, 0.6875
surrogate, 84, 30.0, 0.6875
surrogate, 84, 30.0, 0.6875
surrogate, 84, 30.0, 0.6875
surrogate, 84, 30.0, 0.6875
surrogate, 84, 30.0, 0.6875
surrogate, 84, 30.0, 0.6875
surrogate, 84, 30.0, 0.6875
surrogate, 84, 30.0, 0.6875
surrogate, 84, 30.0, 0.6875
surrogate, 84, 30.0, 0.6875
surrogate, 84, 27.0, 0.59375
surrogate, 84, 27.0, 0.59375
surrogate, 84, 27.0, 0.59375
surrogate, 84, 27.0, 0.59375
surrogate, 84, 27.0, 0.59375
surrogate, 84, 27.0, 0.59375
surrogate, 84, 27.0, 0.59375
surrogate, 84, 27.0, 0.59375
surrogate, 84, 27.0, 0.59375
surrogate, 84, 27.0, 0.59375
surrogate, 84, 27.0, 0.59375
surrogate, 84, 27.0, 0.59375
surrogate, 84, 27.0, 0.59375
surrogate, 84, 25.0, 0.5
surrogate, 84, 25.0, 0.5
surrogate, 84, 25.0, 0.5
surrogate, 84, 25.0, 0.5
surrogate, 84, 25.0, 0.5
surrogate, 84, 25.0, 0.5
surrogate, 84, 25.0, 0.5
surrogate, 84, 25.0, 0.5
surrogate, 84, 25.0, 0.5
surrogate, 84, 25.0, 0.5
surrogate, 84, 25.0, 0.5
surrogate, 84, 25.0, 0.5
surrogate, 84, 25.0, 0.5
surrogate, 84, 25.0, 0.5
surrogate, 84, 25.0, 0.5
surrogate, 84, 25.0, 0.5
surrogate, 84, 25.0, 0.5
surrogate, 84, 25.0, 0.5
surrogate, 84, 25.0, 0.5
surrogate, 84, 25.0, 0.5
surrogate, 84, 25.0, 0.5
surrogate, 84, 25.0, 0.5
surrogate, 84, 25.0, 0.5
surrogate, 84, 24.0, 0.4375
surrogate, 84, 24.0, 0.4375
surrogate, 84, 24.0, 0.4375
surrogate, 84, 24.0, 0.4375
surrogate, 84, 24.0, 0.4375
surrogate, 84, 24.0, 0.4375
surrogate, 84, 24.0, 0.4375
surrogate, 84, 24.0, 0.4375
surrogate, 84, 24.0, 0.4375
surrogate, 84, 24.0, 0.4375
surrogate, 84, 24.0, 0.4375
surrogate, 84, 24.0, 0.4375
surrogate, 84, 24.0, 0.4375
surrogate, 84, 24.0, 0.4375
surrogate, 84, 24.0, 0.4375
surrogate, 84, 22.0, 0.28125
surrogate, 84, 22.0, 0.28125
surrogate, 84, 22.0, 0.28125
surrogate, 84, 22.0, 0.28125
surrogate, 84, 22.0, 0.28125
surrogate, 84, 22.0, 0.28125
surrogate, 84, 22.0, 0.28125
surrogate, 84, 22.0, 0.28125
surrogate, 84, 22.0, 0.28125
surrogate, 84, 22.0, 0.28125
surrogate, 84, 22.0, 0.28125
surrogate, 84, 22.0, 0.28125
surrogate, 84, 22.0, 0.28125
surrogate, 84, 22.0, 0.28125
surrogate, 84, 22.0, 0.28125
surrogate, 84, 22.0, 0.28125
surrogate, 84, 22.0, 0.28125
surrogate, 84, 22.0, 0.28125
surrogate, 84, 22.0, 0.28125
surrogate, 84, 22.0, 0.28125
surrogate, 84, 21.0, 0.21875
surrogate, 84, 21.0, 0.21875
surrogate, 84, 21.0, 0.21875
surrogate, 84, 21.0, 0.21875
surrogate, 84, 21.0, 0.21875
surrogate, 84, 21.0, 0.21875
surrogate, 84, 21.0, 0.21875
surrogate, 84, 21.0, 0.21875
surrogate, 84, 21.0, 0.21875
surrogate, 84, 21.0, 0.21875
surrogate, 84, 21.0, 0.21875
surrogate, 84, 21.0, 0.21875
surrogate, 84, 21.0, 0.21875
surrogate, 84, 21.0, 0.21875
surrogate, 84, 21.0, 0.21875
surrogate, 84, 21.0, 0.21875
surrogate, 84, 21.0, 0.21875
surrogate, 84, 21.0, 0.21875
surrogate, 84, 21.0, 0.21875
surrogate, 84, 21.0, 0.21875
surrogate, 84, 21.0, 0.21875
surrogate, 84, 21.0, 0.21875
surrogate, 84, 21.0, 0.21875
surrogate, 84, 21.0, 0.21875
surrogate, 84, 21.0, 0.21875
surrogate, 84, 21.0, 0.21875
surrogate, 84, 21.0, 0.21875
surrogate, 84, 21.0, 0.21875
surrogate, 84, 21.0, 0.21875
surrogate, 84, 21.0, 0.21875
surrogate, 85, 31.0, 0.90625
surrogate, 85, 31.0, 0.90625
surrogate, 85, 31.0, 0.90625
surrogate, 85, 31.0, 0.90625
surrogate, 85, 31.0, 0.90625
surrogate, 85, 31.0, 0.90625
surrogate, 85, 30.0, 0.6875
surrogate, 85, 30.0, 0.6875
surrogate, 85, 30.0, 0.6875
surrogate, 85, 30.0, 0.6875
surrogate, 85, 30.0, 0.6875
surrogate, 85, 30.0, 0.6875
surrogate, 85, 30.0, 0.6875
surrogate, 85, 30.0, 0.6875
surrogate, 85, 30.0, 0.6875
surrogate, 85, 30.0, 0.6875
surrogate, 85, 30.0, 0.6875
surrogate, 85, 30.0, 0.6875
surrogate, 85, 30.0, 0.6875
surrogate, 85, 30.0, 0.6875
surrogate, 85, 30.0, 0.6875
surrogate, 85, 30.0, 0.6875
surrogate, 85, 30.0, 0.6875
surrogate, 85, 30.0, 0.6875
surrogate, 85, 30.0, 0.6875
surrogate, 85, 30.0, 0.6875
surrogate, 85, 30.0, 0.6875
surrogate, 85, 30.0, 0.6875
surrogate, 85, 30.0, 0.6875
surrogate, 85, 30.0, 0.6875
surrogate, 85, 30.0, 0.6875
surrogate, 85, 30.0, 0.6875
surrogate, 85, 30.0, 0.6875
surrogate, 85, 27.0, 0.59375
surrogate, 85, 27.0, 0.59375
surrogate, 85, 27.0, 0.59375
surrogate, 85, 27.0, 0.59375
surrogate, 85, 27.0, 0.59375
surrogate, 85, 27.0, 0.59375
surrogate, 85, 27.0, 0.59375
surrogate, 85, 27.0, 0.59375
surrogate, 85, 27.0, 0.59375
surrogate, 85, 27.0, 0.59375
surrogate, 85, 27.0, 0.59375
surrogate, 85, 27.0, 0.59375
surrogate, 85, 27.0, 0.59375
surrogate, 85, 25.0, 0.5
surrogate, 85, 25.0, 0.5
surrogate, 85, 25.0, 0.5
surrogate, 85, 25.0, 0.5
surrogate, 85, 25.0, 0.5
surrogate, 85, 25.0, 0.5
surrogate, 85, 25.0, 0.5
surrogate, 85, 25.0, 0.5
surrogate, 85, 25.0, 0.5
surrogate, 85, 25.0, 0.5
surrogate, 85, 25.0, 0.5
surrogate, 85, 25.0, 0.5
surrogate, 85, 25.0, 0.5
surrogate, 85, 25.0, 0.5
surrogate, 85, 25.0, 0.5
surrogate, 85, 25.0, 0.5
surrogate, 85, 25.0, 0.5
surrogate, 85, 25.0, 0.5
surrogate, 85, 25.0, 0.5
surrogate, 85, 25.0, 0.5
surrogate, 85, 25.0, 0.5
surrogate, 85, 25.0, 0.5
surrogate, 85, 25.0, 0.5
surrogate, 85, 25.0, 0.5
surrogate, 85, 24.0, 0.4375
surrogate, 85, 24.0, 0.4375
surrogate, 85, 24.0, 0.4375
surrogate, 85, 24.0, 0.4375
surrogate, 85, 24.0, 0.4375
surrogate, 85, 24.0, 0.4375
surrogate, 85, 24.0, 0.4375
surrogate, 85, 24.0, 0.4375
surrogate, 85, 24.0, 0.4375
surrogate, 85, 24.0, 0.4375
surrogate, 85, 24.0, 0.4375
surrogate, 85, 24.0, 0.4375
surrogate, 85, 24.0, 0.4375
surrogate, 85, 24.0, 0.4375
surrogate, 85, 24.0, 0.4375
surrogate, 85, 24.0, 0.4375
surrogate, 85, 22.0, 0.28125
surrogate, 85, 22.0, 0.28125
surrogate, 85, 22.0, 0.28125
surrogate, 85, 22.0, 0.28125
surrogate, 85, 22.0, 0.28125
surrogate, 85, 22.0, 0.28125
surrogate, 85, 22.0, 0.28125
surrogate, 85, 22.0, 0.28125
surrogate, 85, 22.0, 0.28125
surrogate, 85, 22.0, 0.28125
surrogate, 85, 22.0, 0.28125
surrogate, 85, 22.0, 0.28125
surrogate, 85, 22.0, 0.28125
surrogate, 85, 22.0, 0.28125
surrogate, 85, 22.0, 0.28125
surrogate, 85, 22.0, 0.28125
surrogate, 85, 22.0, 0.28125
surrogate, 85, 22.0, 0.28125
surrogate, 85, 22.0, 0.28125
surrogate, 85, 22.0, 0.28125
surrogate, 85, 21.0, 0.21875
surrogate, 85, 21.0, 0.21875
surrogate, 85, 21.0, 0.21875
surrogate, 85, 21.0, 0.21875
surrogate, 85, 21.0, 0.21875
surrogate, 85, 21.0, 0.21875
surrogate, 85, 21.0, 0.21875
surrogate, 85, 21.0, 0.21875
surrogate, 85, 21.0, 0.21875
surrogate, 85, 21.0, 0.21875
surrogate, 85, 21.0, 0.21875
surrogate, 85, 21.0, 0.21875
surrogate, 85, 21.0, 0.21875
surrogate, 85, 21.0, 0.21875
surrogate, 85, 21.0, 0.21875
surrogate, 85, 21.0, 0.21875
surrogate, 85, 21.0, 0.21875
surrogate, 85, 21.0, 0.21875
surrogate, 85, 21.0, 0.21875
surrogate, 85, 21.0, 0.21875
surrogate, 85, 21.0, 0.21875
surrogate, 85, 21.0, 0.21875
surrogate, 85, 21.0, 0.21875
surrogate, 85, 21.0, 0.21875
surrogate, 85, 21.0, 0.21875
surrogate, 85, 21.0, 0.21875
surrogate, 85, 21.0, 0.21875
surrogate, 85, 21.0, 0.21875
surrogate, 85, 21.0, 0.21875
surrogate, 85, 21.0, 0.21875
surrogate, 86, 31.0, 0.90625
surrogate, 86, 31.0, 0.90625
surrogate, 86, 31.0, 0.90625
surrogate, 86, 31.0, 0.90625
surrogate, 86, 31.0, 0.90625
surrogate, 86, 31.0, 0.90625
surrogate, 86, 30.0, 0.6875
surrogate, 86, 30.0, 0.6875
surrogate, 86, 30.0, 0.6875
surrogate, 86, 30.0, 0.6875
surrogate, 86, 30.0, 0.6875
surrogate, 86, 30.0, 0.6875
surrogate, 86, 30.0, 0.6875
surrogate, 86, 30.0, 0.6875
surrogate, 86, 30.0, 0.6875
surrogate, 86, 30.0, 0.6875
surrogate, 86, 30.0, 0.6875
surrogate, 86, 30.0, 0.6875
surrogate, 86, 30.0, 0.6875
surrogate, 86, 30.0, 0.6875
surrogate, 86, 30.0, 0.6875
surrogate, 86, 30.0, 0.6875
surrogate, 86, 30.0, 0.6875
surrogate, 86, 30.0, 0.6875
surrogate, 86, 30.0, 0.6875
surrogate, 86, 30.0, 0.6875
surrogate, 86, 30.0, 0.6875
surrogate, 86, 30.0, 0.6875
surrogate, 86, 30.0, 0.6875
surrogate, 86, 30.0, 0.6875
surrogate, 86, 30.0, 0.6875
surrogate, 86, 30.0, 0.6875
surrogate, 86, 30.0, 0.6875
surrogate, 86, 30.0, 0.6875
surrogate, 86, 27.0, 0.59375
surrogate, 86, 27.0, 0.59375
surrogate, 86, 27.0, 0.59375
surrogate, 86, 27.0, 0.59375
surrogate, 86, 27.0, 0.59375
surrogate, 86, 27.0, 0.59375
surrogate, 86, 27.0, 0.59375
surrogate, 86, 27.0, 0.59375
surrogate, 86, 27.0, 0.59375
surrogate, 86, 27.0, 0.59375
surrogate, 86, 27.0, 0.59375
surrogate, 86, 27.0, 0.59375
surrogate, 86, 27.0, 0.59375
surrogate, 86, 25.0, 0.5
surrogate, 86, 25.0, 0.5
surrogate, 86, 25.0, 0.5
surrogate, 86, 25.0, 0.5
surrogate, 86, 25.0, 0.5
surrogate, 86, 25.0, 0.5
surrogate, 86, 25.0, 0.5
surrogate, 86, 25.0, 0.5
surrogate, 86, 25.0, 0.5
surrogate, 86, 25.0, 0.5
surrogate, 86, 25.0, 0.5
surrogate, 86, 25.0, 0.5
surrogate, 86, 25.0, 0.5
surrogate, 86, 25.0, 0.5
surrogate, 86, 25.0, 0.5
surrogate, 86, 25.0, 0.5
surrogate, 86, 25.0, 0.5
surrogate, 86, 25.0, 0.5
surrogate, 86, 25.0, 0.5
surrogate, 86, 25.0, 0.5
surrogate, 86, 25.0, 0.5
surrogate, 86, 25.0, 0.5
surrogate, 86, 25.0, 0.5
surrogate, 86, 25.0, 0.5
surrogate, 86, 24.0, 0.4375
surrogate, 86, 24.0, 0.4375
surrogate, 86, 24.0, 0.4375
surrogate, 86, 24.0, 0.4375
surrogate, 86, 24.0, 0.4375
surrogate, 86, 24.0, 0.4375
surrogate, 86, 24.0, 0.4375
surrogate, 86, 24.0, 0.4375
surrogate, 86, 24.0, 0.4375
surrogate, 86, 24.0, 0.4375
surrogate, 86, 24.0, 0.4375
surrogate, 86, 24.0, 0.4375
surrogate, 86, 24.0, 0.4375
surrogate, 86, 24.0, 0.4375
surrogate, 86, 24.0, 0.4375
surrogate, 86, 24.0, 0.4375
surrogate, 86, 24.0, 0.4375
surrogate, 86, 22.0, 0.28125
surrogate, 86, 22.0, 0.28125
surrogate, 86, 22.0, 0.28125
surrogate, 86, 22.0, 0.28125
surrogate, 86, 22.0, 0.28125
surrogate, 86, 22.0, 0.28125
surrogate, 86, 22.0, 0.28125
surrogate, 86, 22.0, 0.28125
surrogate, 86, 22.0, 0.28125
surrogate, 86, 22.0, 0.28125
surrogate, 86, 22.0, 0.28125
surrogate, 86, 22.0, 0.28125
surrogate, 86, 22.0, 0.28125
surrogate, 86, 22.0, 0.28125
surrogate, 86, 22.0, 0.28125
surrogate, 86, 22.0, 0.28125
surrogate, 86, 22.0, 0.28125
surrogate, 86, 22.0, 0.28125
surrogate, 86, 22.0, 0.28125
surrogate, 86, 22.0, 0.28125
surrogate, 86, 22.0, 0.28125
surrogate, 86, 21.0, 0.21875
surrogate, 86, 21.0, 0.21875
surrogate, 86, 21.0, 0.21875
surrogate, 86, 21.0, 0.21875
surrogate, 86, 21.0, 0.21875
surrogate, 86, 21.0, 0.21875
surrogate, 86, 21.0, 0.21875
surrogate, 86, 21.0, 0.21875
surrogate, 86, 21.0, 0.21875
surrogate, 86, 21.0, 0.21875
surrogate, 86, 21.0, 0.21875
surrogate, 86, 21.0, 0.21875
surrogate, 86, 21.0, 0.21875
surrogate, 86, 21.0, 0.21875
surrogate, 86, 21.0, 0.21875
surrogate, 86, 21.0, 0.21875
surrogate, 86, 21.0, 0.21875
surrogate, 86, 21.0, 0.21875
surrogate, 86, 21.0, 0.21875
surrogate, 86, 21.0, 0.21875
surrogate, 86, 21.0, 0.21875
surrogate, 86, 21.0, 0.21875
surrogate, 86, 21.0, 0.21875
surrogate, 86, 21.0, 0.21875
surrogate, 86, 21.0, 0.21875
surrogate, 86, 21.0, 0.21875
surrogate, 86, 21.0, 0.21875
surrogate, 86, 21.0, 0.21875
surrogate, 86, 21.0, 0.21875
surrogate, 86, 21.0, 0.21875
surrogate, 87, 31.0, 0.90625
surrogate, 87, 31.0, 0.90625
surrogate, 87, 31.0, 0.90625
surrogate, 87, 31.0, 0.90625
surrogate, 87, 31.0, 0.90625
surrogate, 87, 31.0, 0.90625
surrogate, 87, 31.0, 0.90625
surrogate, 87, 30.0, 0.6875
surrogate, 87, 30.0, 0.6875
surrogate, 87, 30.0, 0.6875
surrogate, 87, 30.0, 0.6875
surrogate, 87, 30.0, 0.6875
surrogate, 87, 30.0, 0.6875
surrogate, 87, 30.0, 0.6875
surrogate, 87, 30.0, 0.6875
surrogate, 87, 30.0, 0.6875
surrogate, 87, 30.0, 0.6875
surrogate, 87, 30.0, 0.6875
surrogate, 87, 30.0, 0.6875
surrogate, 87, 30.0, 0.6875
surrogate, 87, 30.0, 0.6875
surrogate, 87, 30.0, 0.6875
surrogate, 87, 30.0, 0.6875
surrogate, 87, 30.0, 0.6875
surrogate, 87, 30.0, 0.6875
surrogate, 87, 30.0, 0.6875
surrogate, 87, 30.0, 0.6875
surrogate, 87, 30.0, 0.6875
surrogate, 87, 30.0, 0.6875
surrogate, 87, 30.0, 0.6875
surrogate, 87, 30.0, 0.6875
surrogate, 87, 30.0, 0.6875
surrogate, 87, 30.0, 0.6875
surrogate, 87, 30.0, 0.6875
surrogate, 87, 30.0, 0.6875
surrogate, 87, 27.0, 0.59375
surrogate, 87, 27.0, 0.59375
surrogate, 87, 27.0, 0.59375
surrogate, 87, 27.0, 0.59375
surrogate, 87, 27.0, 0.59375
surrogate, 87, 27.0, 0.59375
surrogate, 87, 27.0, 0.59375
surrogate, 87, 27.0, 0.59375
surrogate, 87, 27.0, 0.59375
surrogate, 87, 27.0, 0.59375
surrogate, 87, 27.0, 0.59375
surrogate, 87, 27.0, 0.59375
surrogate, 87, 27.0, 0.59375
surrogate, 87, 25.0, 0.5
surrogate, 87, 25.0, 0.5
surrogate, 87, 25.0, 0.5
surrogate, 87, 25.0, 0.5
surrogate, 87, 25.0, 0.5
surrogate, 87, 25.0, 0.5
surrogate, 87, 25.0, 0.5
surrogate, 87, 25.0, 0.5
surrogate, 87, 25.0, 0.5
surrogate, 87, 25.0, 0.5
surrogate, 87, 25.0, 0.5
surrogate, 87, 25.0, 0.5
surrogate, 87, 25.0, 0.5
surrogate, 87, 25.0, 0.5
surrogate, 87, 25.0, 0.5
surrogate, 87, 25.0, 0.5
surrogate, 87, 25.0, 0.5
surrogate, 87, 25.0, 0.5
surrogate, 87, 25.0, 0.5
surrogate, 87, 25.0, 0.5
surrogate, 87, 25.0, 0.5
surrogate, 87, 25.0, 0.5
surrogate, 87, 25.0, 0.5
surrogate, 87, 25.0, 0.5
surrogate, 87, 24.0, 0.4375
surrogate, 87, 24.0, 0.4375
surrogate, 87, 24.0, 0.4375
surrogate, 87, 24.0, 0.4375
surrogate, 87, 24.0, 0.4375
surrogate, 87, 24.0, 0.4375
surrogate, 87, 24.0, 0.4375
surrogate, 87, 24.0, 0.4375
surrogate, 87, 24.0, 0.4375
surrogate, 87, 24.0, 0.4375
surrogate, 87, 24.0, 0.4375
surrogate, 87, 24.0, 0.4375
surrogate, 87, 24.0, 0.4375
surrogate, 87, 24.0, 0.4375
surrogate, 87, 24.0, 0.4375
surrogate, 87, 24.0, 0.4375
surrogate, 87, 24.0, 0.4375
surrogate, 87, 22.0, 0.28125
surrogate, 87, 22.0, 0.28125
surrogate, 87, 22.0, 0.28125
surrogate, 87, 22.0, 0.28125
surrogate, 87, 22.0, 0.28125
surrogate, 87, 22.0, 0.28125
surrogate, 87, 22.0, 0.28125
surrogate, 87, 22.0, 0.28125
surrogate, 87, 22.0, 0.28125
surrogate, 87, 22.0, 0.28125
surrogate, 87, 22.0, 0.28125
surrogate, 87, 22.0, 0.28125
surrogate, 87, 22.0, 0.28125
surrogate, 87, 22.0, 0.28125
surrogate, 87, 22.0, 0.28125
surrogate, 87, 22.0, 0.28125
surrogate, 87, 22.0, 0.28125
surrogate, 87, 22.0, 0.28125
surrogate, 87, 22.0, 0.28125
surrogate, 87, 22.0, 0.28125
surrogate, 87, 22.0, 0.28125
surrogate, 87, 22.0, 0.28125
surrogate, 87, 21.0, 0.21875
surrogate, 87, 21.0, 0.21875
surrogate, 87, 21.0, 0.21875
surrogate, 87, 21.0, 0.21875
surrogate, 87, 21.0, 0.21875
surrogate, 87, 21.0, 0.21875
surrogate, 87, 21.0, 0.21875
surrogate, 87, 21.0, 0.21875
surrogate, 87, 21.0, 0.21875
surrogate, 87, 21.0, 0.21875
surrogate, 87, 21.0, 0.21875
surrogate, 87, 21.0, 0.21875
surrogate, 87, 21.0, 0.21875
surrogate, 87, 21.0, 0.21875
surrogate, 87, 21.0, 0.21875
surrogate, 87, 21.0, 0.21875
surrogate, 87, 21.0, 0.21875
surrogate, 87, 21.0, 0.21875
surrogate, 87, 21.0, 0.21875
surrogate, 87, 21.0, 0.21875
surrogate, 87, 21.0, 0.21875
surrogate, 87, 21.0, 0.21875
surrogate, 87, 21.0, 0.21875
surrogate, 87, 21.0, 0.21875
surrogate, 87, 21.0, 0.21875
surrogate, 87, 21.0, 0.21875
surrogate, 87, 21.0, 0.21875
surrogate, 87, 21.0, 0.21875
surrogate, 87, 21.0, 0.21875
surrogate, 87, 21.0, 0.21875
surrogate, 88, 31.0, 0.90625
surrogate, 88, 31.0, 0.90625
surrogate, 88, 31.0, 0.90625
surrogate, 88, 31.0, 0.90625
surrogate, 88, 31.0, 0.90625
surrogate, 88, 31.0, 0.90625
surrogate, 88, 31.0, 0.90625
surrogate, 88, 30.0, 0.6875
surrogate, 88, 30.0, 0.6875
surrogate, 88, 30.0, 0.6875
surrogate, 88, 30.0, 0.6875
surrogate, 88, 30.0, 0.6875
surrogate, 88, 30.0, 0.6875
surrogate, 88, 30.0, 0.6875
surrogate, 88, 30.0, 0.6875
surrogate, 88, 30.0, 0.6875
surrogate, 88, 30.0, 0.6875
surrogate, 88, 30.0, 0.6875
surrogate, 88, 30.0, 0.6875
surrogate, 88, 30.0, 0.6875
surrogate, 88, 30.0, 0.6875
surrogate, 88, 30.0, 0.6875
surrogate, 88, 30.0, 0.6875
surrogate, 88, 30.0, 0.6875
surrogate, 88, 30.0, 0.6875
surrogate, 88, 30.0, 0.6875
surrogate, 88, 30.0, 0.6875
surrogate, 88, 30.0, 0.6875
surrogate, 88, 30.0, 0.6875
surrogate, 88, 30.0, 0.6875
surrogate, 88, 30.0, 0.6875
surrogate, 88, 30.0, 0.6875
surrogate, 88, 30.0, 0.6875
surrogate, 88, 30.0, 0.6875
surrogate, 88, 30.0, 0.6875
surrogate, 88, 27.0, 0.59375
surrogate, 88, 27.0, 0.59375
surrogate, 88, 27.0, 0.59375
surrogate, 88, 27.0, 0.59375
surrogate, 88, 27.0, 0.59375
surrogate, 88, 27.0, 0.59375
surrogate, 88, 27.0, 0.59375
surrogate, 88, 27.0, 0.59375
surrogate, 88, 27.0, 0.59375
surrogate, 88, 27.0, 0.59375
surrogate, 88, 27.0, 0.59375
surrogate, 88, 27.0, 0.59375
surrogate, 88, 27.0, 0.59375
surrogate, 88, 27.0, 0.59375
surrogate, 88, 25.0, 0.5
surrogate, 88, 25.0, 0.5
surrogate, 88, 25.0, 0.5
surrogate, 88, 25.0, 0.5
surrogate, 88, 25.0, 0.5
surrogate, 88, 25.0, 0.5
surrogate, 88, 25.0, 0.5
surrogate, 88, 25.0, 0.5
surrogate, 88, 25.0, 0.5
surrogate, 88, 25.0, 0.5
surrogate, 88, 25.0, 0.5
surrogate, 88, 25.0, 0.5
surrogate, 88, 25.0, 0.5
surrogate, 88, 25.0, 0.5
surrogate, 88, 25.0, 0.5
surrogate, 88, 25.0, 0.5
surrogate, 88, 25.0, 0.5
surrogate, 88, 25.0, 0.5
surrogate, 88, 25.0, 0.5
surrogate, 88, 25.0, 0.5
surrogate, 88, 25.0, 0.5
surrogate, 88, 25.0, 0.5
surrogate, 88, 25.0, 0.5
surrogate, 88, 25.0, 0.5
surrogate, 88, 25.0, 0.5
surrogate, 88, 24.0, 0.4375
surrogate, 88, 24.0, 0.4375
surrogate, 88, 24.0, 0.4375
surrogate, 88, 24.0, 0.4375
surrogate, 88, 24.0, 0.4375
surrogate, 88, 24.0, 0.4375
surrogate, 88, 24.0, 0.4375
surrogate, 88, 24.0, 0.4375
surrogate, 88, 24.0, 0.4375
surrogate, 88, 24.0, 0.4375
surrogate, 88, 24.0, 0.4375
surrogate, 88, 24.0, 0.4375
surrogate, 88, 24.0, 0.4375
surrogate, 88, 24.0, 0.4375
surrogate, 88, 24.0, 0.4375
surrogate, 88, 24.0, 0.4375
surrogate, 88, 24.0, 0.4375
surrogate, 88, 22.0, 0.28125
surrogate, 88, 22.0, 0.28125
surrogate, 88, 22.0, 0.28125
surrogate, 88, 22.0, 0.28125
surrogate, 88, 22.0, 0.28125
surrogate, 88, 22.0, 0.28125
surrogate, 88, 22.0, 0.28125
surrogate, 88, 22.0, 0.28125
surrogate, 88, 22.0, 0.28125
surrogate, 88, 22.0, 0.28125
surrogate, 88, 22.0, 0.28125
surrogate, 88, 22.0, 0.28125
surrogate, 88, 22.0, 0.28125
surrogate, 88, 22.0, 0.28125
surrogate, 88, 22.0, 0.28125
surrogate, 88, 22.0, 0.28125
surrogate, 88, 22.0, 0.28125
surrogate, 88, 22.0, 0.28125
surrogate, 88, 22.0, 0.28125
surrogate, 88, 22.0, 0.28125
surrogate, 88, 22.0, 0.28125
surrogate, 88, 22.0, 0.28125
surrogate, 88, 22.0, 0.28125
surrogate, 88, 21.0, 0.21875
surrogate, 88, 21.0, 0.21875
surrogate, 88, 21.0, 0.21875
surrogate, 88, 21.0, 0.21875
surrogate, 88, 21.0, 0.21875
surrogate, 88, 21.0, 0.21875
surrogate, 88, 21.0, 0.21875
surrogate, 88, 21.0, 0.21875
surrogate, 88, 21.0, 0.21875
surrogate, 88, 21.0, 0.21875
surrogate, 88, 21.0, 0.21875
surrogate, 88, 21.0, 0.21875
surrogate, 88, 21.0, 0.21875
surrogate, 88, 21.0, 0.21875
surrogate, 88, 21.0, 0.21875
surrogate, 88, 21.0, 0.21875
surrogate, 88, 21.0, 0.21875
surrogate, 88, 21.0, 0.21875
surrogate, 88, 21.0, 0.21875
surrogate, 88, 21.0, 0.21875
surrogate, 88, 21.0, 0.21875
surrogate, 88, 21.0, 0.21875
surrogate, 88, 21.0, 0.21875
surrogate, 88, 21.0, 0.21875
surrogate, 88, 21.0, 0.21875
surrogate, 88, 21.0, 0.21875
surrogate, 88, 21.0, 0.21875
surrogate, 88, 21.0, 0.21875
surrogate, 88, 21.0, 0.21875
surrogate, 88, 21.0, 0.21875
surrogate, 88, 21.0, 0.21875
surrogate, 89, 31.0, 0.90625
surrogate, 89, 31.0, 0.90625
surrogate, 89, 31.0, 0.90625
surrogate, 89, 31.0, 0.90625
surrogate, 89, 31.0, 0.90625
surrogate, 89, 31.0, 0.90625
surrogate, 89, 31.0, 0.90625
surrogate, 89, 30.0, 0.6875
surrogate, 89, 30.0, 0.6875
surrogate, 89, 30.0, 0.6875
surrogate, 89, 30.0, 0.6875
surrogate, 89, 30.0, 0.6875
surrogate, 89, 30.0, 0.6875
surrogate, 89, 30.0, 0.6875
surrogate, 89, 30.0, 0.6875
surrogate, 89, 30.0, 0.6875
surrogate, 89, 30.0, 0.6875
surrogate, 89, 30.0, 0.6875
surrogate, 89, 30.0, 0.6875
surrogate, 89, 30.0, 0.6875
surrogate, 89, 30.0, 0.6875
surrogate, 89, 30.0, 0.6875
surrogate, 89, 30.0, 0.6875
surrogate, 89, 30.0, 0.6875
surrogate, 89, 30.0, 0.6875
surrogate, 89, 30.0, 0.6875
surrogate, 89, 30.0, 0.6875
surrogate, 89, 30.0, 0.6875
surrogate, 89, 30.0, 0.6875
surrogate, 89, 30.0, 0.6875
surrogate, 89, 30.0, 0.6875
surrogate, 89, 30.0, 0.6875
surrogate, 89, 30.0, 0.6875
surrogate, 89, 30.0, 0.6875
surrogate, 89, 30.0, 0.6875
surrogate, 89, 27.0, 0.59375
surrogate, 89, 27.0, 0.59375
surrogate, 89, 27.0, 0.59375
surrogate, 89, 27.0, 0.59375
surrogate, 89, 27.0, 0.59375
surrogate, 89, 27.0, 0.59375
surrogate, 89, 27.0, 0.59375
surrogate, 89, 27.0, 0.59375
surrogate, 89, 27.0, 0.59375
surrogate, 89, 27.0, 0.59375
surrogate, 89, 27.0, 0.59375
surrogate, 89, 27.0, 0.59375
surrogate, 89, 27.0, 0.59375
surrogate, 89, 27.0, 0.59375
surrogate, 89, 25.0, 0.5
surrogate, 89, 25.0, 0.5
surrogate, 89, 25.0, 0.5
surrogate, 89, 25.0, 0.5
surrogate, 89, 25.0, 0.5
surrogate, 89, 25.0, 0.5
surrogate, 89, 25.0, 0.5
surrogate, 89, 25.0, 0.5
surrogate, 89, 25.0, 0.5
surrogate, 89, 25.0, 0.5
surrogate, 89, 25.0, 0.5
surrogate, 89, 25.0, 0.5
surrogate, 89, 25.0, 0.5
surrogate, 89, 25.0, 0.5
surrogate, 89, 25.0, 0.5
surrogate, 89, 25.0, 0.5
surrogate, 89, 25.0, 0.5
surrogate, 89, 25.0, 0.5
surrogate, 89, 25.0, 0.5
surrogate, 89, 25.0, 0.5
surrogate, 89, 25.0, 0.5
surrogate, 89, 25.0, 0.5
surrogate, 89, 25.0, 0.5
surrogate, 89, 25.0, 0.5
surrogate, 89, 25.0, 0.5
surrogate, 89, 24.0, 0.4375
surrogate, 89, 24.0, 0.4375
surrogate, 89, 24.0, 0.4375
surrogate, 89, 24.0, 0.4375
surrogate, 89, 24.0, 0.4375
surrogate, 89, 24.0, 0.4375
surrogate, 89, 24.0, 0.4375
surrogate, 89, 24.0, 0.4375
surrogate, 89, 24.0, 0.4375
surrogate, 89, 24.0, 0.4375
surrogate, 89, 24.0, 0.4375
surrogate, 89, 24.0, 0.4375
surrogate, 89, 24.0, 0.4375
surrogate, 89, 24.0, 0.4375
surrogate, 89, 24.0, 0.4375
surrogate, 89, 24.0, 0.4375
surrogate, 89, 24.0, 0.4375
surrogate, 89, 22.0, 0.28125
surrogate, 89, 22.0, 0.28125
surrogate, 89, 22.0, 0.28125
surrogate, 89, 22.0, 0.28125
surrogate, 89, 22.0, 0.28125
surrogate, 89, 22.0, 0.28125
surrogate, 89, 22.0, 0.28125
surrogate, 89, 22.0, 0.28125
surrogate, 89, 22.0, 0.28125
surrogate, 89, 22.0, 0.28125
surrogate, 89, 22.0, 0.28125
surrogate, 89, 22.0, 0.28125
surrogate, 89, 22.0, 0.28125
surrogate, 89, 22.0, 0.28125
surrogate, 89, 22.0, 0.28125
surrogate, 89, 22.0, 0.28125
surrogate, 89, 22.0, 0.28125
surrogate, 89, 22.0, 0.28125
surrogate, 89, 22.0, 0.28125
surrogate, 89, 22.0, 0.28125
surrogate, 89, 22.0, 0.28125
surrogate, 89, 22.0, 0.28125
surrogate, 89, 22.0, 0.28125
surrogate, 89, 21.0, 0.21875
surrogate, 89, 21.0, 0.21875
surrogate, 89, 21.0, 0.21875
surrogate, 89, 21.0, 0.21875
surrogate, 89, 21.0, 0.21875
surrogate, 89, 21.0, 0.21875
surrogate, 89, 21.0, 0.21875
surrogate, 89, 21.0, 0.21875
surrogate, 89, 21.0, 0.21875
surrogate, 89, 21.0, 0.21875
surrogate, 89, 21.0, 0.21875
surrogate, 89, 21.0, 0.21875
surrogate, 89, 21.0, 0.21875
surrogate, 89, 21.0, 0.21875
surrogate, 89, 21.0, 0.21875
surrogate, 89, 21.0, 0.21875
surrogate, 89, 21.0, 0.21875
surrogate, 89, 21.0, 0.21875
surrogate, 89, 21.0, 0.21875
surrogate, 89, 21.0, 0.21875
surrogate, 89, 21.0, 0.21875
surrogate, 89, 21.0, 0.21875
surrogate, 89, 21.0, 0.21875
surrogate, 89, 21.0, 0.21875
surrogate, 89, 21.0, 0.21875
surrogate, 89, 21.0, 0.21875
surrogate, 89, 21.0, 0.21875
surrogate, 89, 21.0, 0.21875
surrogate, 89, 21.0, 0.21875
surrogate, 89, 21.0, 0.21875
surrogate, 89, 21.0, 0.21875
surrogate, 89, 21.0, 0.21875
surrogate, 90, 31.0, 0.90625
surrogate, 90, 31.0, 0.90625
surrogate, 90, 31.0, 0.90625
surrogate, 90, 31.0, 0.90625
surrogate, 90, 31.0, 0.90625
surrogate, 90, 31.0, 0.90625
surrogate, 90, 31.0, 0.90625
surrogate, 90, 30.0, 0.6875
surrogate, 90, 30.0, 0.6875
surrogate, 90, 30.0, 0.6875
surrogate, 90, 30.0, 0.6875
surrogate, 90, 30.0, 0.6875
surrogate, 90, 30.0, 0.6875
surrogate, 90, 30.0, 0.6875
surrogate, 90, 30.0, 0.6875
surrogate, 90, 30.0, 0.6875
surrogate, 90, 30.0, 0.6875
surrogate, 90, 30.0, 0.6875
surrogate, 90, 30.0, 0.6875
surrogate, 90, 30.0, 0.6875
surrogate, 90, 30.0, 0.6875
surrogate, 90, 30.0, 0.6875
surrogate, 90, 30.0, 0.6875
surrogate, 90, 30.0, 0.6875
surrogate, 90, 30.0, 0.6875
surrogate, 90, 30.0, 0.6875
surrogate, 90, 30.0, 0.6875
surrogate, 90, 30.0, 0.6875
surrogate, 90, 30.0, 0.6875
surrogate, 90, 30.0, 0.6875
surrogate, 90, 30.0, 0.6875
surrogate, 90, 30.0, 0.6875
surrogate, 90, 30.0, 0.6875
surrogate, 90, 30.0, 0.6875
surrogate, 90, 30.0, 0.6875
surrogate, 90, 27.0, 0.59375
surrogate, 90, 27.0, 0.59375
surrogate, 90, 27.0, 0.59375
surrogate, 90, 27.0, 0.59375
surrogate, 90, 27.0, 0.59375
surrogate, 90, 27.0, 0.59375
surrogate, 90, 27.0, 0.59375
surrogate, 90, 27.0, 0.59375
surrogate, 90, 27.0, 0.59375
surrogate, 90, 27.0, 0.59375
surrogate, 90, 27.0, 0.59375
surrogate, 90, 27.0, 0.59375
surrogate, 90, 27.0, 0.59375
surrogate, 90, 27.0, 0.59375
surrogate, 90, 25.0, 0.5
surrogate, 90, 25.0, 0.5
surrogate, 90, 25.0, 0.5
surrogate, 90, 25.0, 0.5
surrogate, 90, 25.0, 0.5
surrogate, 90, 25.0, 0.5
surrogate, 90, 25.0, 0.5
surrogate, 90, 25.0, 0.5
surrogate, 90, 25.0, 0.5
surrogate, 90, 25.0, 0.5
surrogate, 90, 25.0, 0.5
surrogate, 90, 25.0, 0.5
surrogate, 90, 25.0, 0.5
surrogate, 90, 25.0, 0.5
surrogate, 90, 25.0, 0.5
surrogate, 90, 25.0, 0.5
surrogate, 90, 25.0, 0.5
surrogate, 90, 25.0, 0.5
surrogate, 90, 25.0, 0.5
surrogate, 90, 25.0, 0.5
surrogate, 90, 25.0, 0.5
surrogate, 90, 25.0, 0.5
surrogate, 90, 25.0, 0.5
surrogate, 90, 25.0, 0.5
surrogate, 90, 25.0, 0.5
surrogate, 90, 24.0, 0.4375
surrogate, 90, 24.0, 0.4375
surrogate, 90, 24.0, 0.4375
surrogate, 90, 24.0, 0.4375
surrogate, 90, 24.0, 0.4375
surrogate, 90, 24.0, 0.4375
surrogate, 90, 24.0, 0.4375
surrogate, 90, 24.0, 0.4375
surrogate, 90, 24.0, 0.4375
surrogate, 90, 24.0, 0.4375
surrogate, 90, 24.0, 0.4375
surrogate, 90, 24.0, 0.4375
surrogate, 90, 24.0, 0.4375
surrogate, 90, 24.0, 0.4375
surrogate, 90, 24.0, 0.4375
surrogate, 90, 24.0, 0.4375
surrogate, 90, 24.0, 0.4375
surrogate, 90, 22.0, 0.28125
surrogate, 90, 22.0, 0.28125
surrogate, 90, 22.0, 0.28125
surrogate, 90, 22.0, 0.28125
surrogate, 90, 22.0, 0.28125
surrogate, 90, 22.0, 0.28125
surrogate, 90, 22.0, 0.28125
surrogate, 90, 22.0, 0.28125
surrogate, 90, 22.0, 0.28125
surrogate, 90, 22.0, 0.28125
surrogate, 90, 22.0, 0.28125
surrogate, 90, 22.0, 0.28125
surrogate, 90, 22.0, 0.28125
surrogate, 90, 22.0, 0.28125
surrogate, 90, 22.0, 0.28125
surrogate, 90, 22.0, 0.28125
surrogate, 90, 22.0, 0.28125
surrogate, 90, 22.0, 0.28125
surrogate, 90, 22.0, 0.28125
surrogate, 90, 22.0, 0.28125
surrogate, 90, 22.0, 0.28125
surrogate, 90, 22.0, 0.28125
surrogate, 90, 22.0, 0.28125
surrogate, 90, 21.0, 0.21875
surrogate, 90, 21.0, 0.21875
surrogate, 90, 21.0, 0.21875
surrogate, 90, 21.0, 0.21875
surrogate, 90, 21.0, 0.21875
surrogate, 90, 21.0, 0.21875
surrogate, 90, 21.0, 0.21875
surrogate, 90, 21.0, 0.21875
surrogate, 90, 21.0, 0.21875
surrogate, 90, 21.0, 0.21875
surrogate, 90, 21.0, 0.21875
surrogate, 90, 21.0, 0.21875
surrogate, 90, 21.0, 0.21875
surrogate, 90, 21.0, 0.21875
surrogate, 90, 21.0, 0.21875
surrogate, 90, 21.0, 0.21875
surrogate, 90, 21.0, 0.21875
surrogate, 90, 21.0, 0.21875
surrogate, 90, 21.0, 0.21875
surrogate, 90, 21.0, 0.21875
surrogate, 90, 21.0, 0.21875
surrogate, 90, 21.0, 0.21875
surrogate, 90, 21.0, 0.21875
surrogate, 90, 21.0, 0.21875
surrogate, 90, 21.0, 0.21875
surrogate, 90, 21.0, 0.21875
surrogate, 90, 21.0, 0.21875
surrogate, 90, 21.0, 0.21875
surrogate, 90, 21.0, 0.21875
surrogate, 90, 21.0, 0.21875
surrogate, 90, 21.0, 0.21875
surrogate, 90, 21.0, 0.21875
surrogate, 91, 31.0, 0.90625
surrogate, 91, 31.0, 0.90625
surrogate, 91, 31.0, 0.90625
surrogate, 91, 31.0, 0.90625
surrogate, 91, 31.0, 0.90625
surrogate, 91, 31.0, 0.90625
surrogate, 91, 31.0, 0.90625
surrogate, 91, 30.0, 0.6875
surrogate, 91, 30.0, 0.6875
surrogate, 91, 30.0, 0.6875
surrogate, 91, 30.0, 0.6875
surrogate, 91, 30.0, 0.6875
surrogate, 91, 30.0, 0.6875
surrogate, 91, 30.0, 0.6875
surrogate, 91, 30.0, 0.6875
surrogate, 91, 30.0, 0.6875
surrogate, 91, 30.0, 0.6875
surrogate, 91, 30.0, 0.6875
surrogate, 91, 30.0, 0.6875
surrogate, 91, 30.0, 0.6875
surrogate, 91, 30.0, 0.6875
surrogate, 91, 30.0, 0.6875
surrogate, 91, 30.0, 0.6875
surrogate, 91, 30.0, 0.6875
surrogate, 91, 30.0, 0.6875
surrogate, 91, 30.0, 0.6875
surrogate, 91, 30.0, 0.6875
surrogate, 91, 30.0, 0.6875
surrogate, 91, 30.0, 0.6875
surrogate, 91, 30.0, 0.6875
surrogate, 91, 30.0, 0.6875
surrogate, 91, 30.0, 0.6875
surrogate, 91, 30.0, 0.6875
surrogate, 91, 30.0, 0.6875
surrogate, 91, 30.0, 0.6875
surrogate, 91, 27.0, 0.59375
surrogate, 91, 27.0, 0.59375
surrogate, 91, 27.0, 0.59375
surrogate, 91, 27.0, 0.59375
surrogate, 91, 27.0, 0.59375
surrogate, 91, 27.0, 0.59375
surrogate, 91, 27.0, 0.59375
surrogate, 91, 27.0, 0.59375
surrogate, 91, 27.0, 0.59375
surrogate, 91, 27.0, 0.59375
surrogate, 91, 27.0, 0.59375
surrogate, 91, 27.0, 0.59375
surrogate, 91, 27.0, 0.59375
surrogate, 91, 27.0, 0.59375
surrogate, 91, 25.0, 0.5
surrogate, 91, 25.0, 0.5
surrogate, 91, 25.0, 0.5
surrogate, 91, 25.0, 0.5
surrogate, 91, 25.0, 0.5
surrogate, 91, 25.0, 0.5
surrogate, 91, 25.0, 0.5
surrogate, 91, 25.0, 0.5
surrogate, 91, 25.0, 0.5
surrogate, 91, 25.0, 0.5
surrogate, 91, 25.0, 0.5
surrogate, 91, 25.0, 0.5
surrogate, 91, 25.0, 0.5
surrogate, 91, 25.0, 0.5
surrogate, 91, 25.0, 0.5
surrogate, 91, 25.0, 0.5
surrogate, 91, 25.0, 0.5
surrogate, 91, 25.0, 0.5
surrogate, 91, 25.0, 0.5
surrogate, 91, 25.0, 0.5
surrogate, 91, 25.0, 0.5
surrogate, 91, 25.0, 0.5
surrogate, 91, 25.0, 0.5
surrogate, 91, 25.0, 0.5
surrogate, 91, 25.0, 0.5
surrogate, 91, 25.0, 0.5
surrogate, 91, 24.0, 0.4375
surrogate, 91, 24.0, 0.4375
surrogate, 91, 24.0, 0.4375
surrogate, 91, 24.0, 0.4375
surrogate, 91, 24.0, 0.4375
surrogate, 91, 24.0, 0.4375
surrogate, 91, 24.0, 0.4375
surrogate, 91, 24.0, 0.4375
surrogate, 91, 24.0, 0.4375
surrogate, 91, 24.0, 0.4375
surrogate, 91, 24.0, 0.4375
surrogate, 91, 24.0, 0.4375
surrogate, 91, 24.0, 0.4375
surrogate, 91, 24.0, 0.4375
surrogate, 91, 24.0, 0.4375
surrogate, 91, 24.0, 0.4375
surrogate, 91, 24.0, 0.4375
surrogate, 91, 22.0, 0.28125
surrogate, 91, 22.0, 0.28125
surrogate, 91, 22.0, 0.28125
surrogate, 91, 22.0, 0.28125
surrogate, 91, 22.0, 0.28125
surrogate, 91, 22.0, 0.28125
surrogate, 91, 22.0, 0.28125
surrogate, 91, 22.0, 0.28125
surrogate, 91, 22.0, 0.28125
surrogate, 91, 22.0, 0.28125
surrogate, 91, 22.0, 0.28125
surrogate, 91, 22.0, 0.28125
surrogate, 91, 22.0, 0.28125
surrogate, 91, 22.0, 0.28125
surrogate, 91, 22.0, 0.28125
surrogate, 91, 22.0, 0.28125
surrogate, 91, 22.0, 0.28125
surrogate, 91, 22.0, 0.28125
surrogate, 91, 22.0, 0.28125
surrogate, 91, 22.0, 0.28125
surrogate, 91, 22.0, 0.28125
surrogate, 91, 22.0, 0.28125
surrogate, 91, 22.0, 0.28125
surrogate, 91, 22.0, 0.28125
surrogate, 91, 21.0, 0.21875
surrogate, 91, 21.0, 0.21875
surrogate, 91, 21.0, 0.21875
surrogate, 91, 21.0, 0.21875
surrogate, 91, 21.0, 0.21875
surrogate, 91, 21.0, 0.21875
surrogate, 91, 21.0, 0.21875
surrogate, 91, 21.0, 0.21875
surrogate, 91, 21.0, 0.21875
surrogate, 91, 21.0, 0.21875
surrogate, 91, 21.0, 0.21875
surrogate, 91, 21.0, 0.21875
surrogate, 91, 21.0, 0.21875
surrogate, 91, 21.0, 0.21875
surrogate, 91, 21.0, 0.21875
surrogate, 91, 21.0, 0.21875
surrogate, 91, 21.0, 0.21875
surrogate, 91, 21.0, 0.21875
surrogate, 91, 21.0, 0.21875
surrogate, 91, 21.0, 0.21875
surrogate, 91, 21.0, 0.21875
surrogate, 91, 21.0, 0.21875
surrogate, 91, 21.0, 0.21875
surrogate, 91, 21.0, 0.21875
surrogate, 91, 21.0, 0.21875
surrogate, 91, 21.0, 0.21875
surrogate, 91, 21.0, 0.21875
surrogate, 91, 21.0, 0.21875
surrogate, 91, 21.0, 0.21875
surrogate, 91, 21.0, 0.21875
surrogate, 91, 21.0, 0.21875
surrogate, 91, 21.0, 0.21875
surrogate, 91, 21.0, 0.21875
surrogate, 92, 31.0, 0.90625
surrogate, 92, 31.0, 0.90625
surrogate, 92, 31.0, 0.90625
surrogate, 92, 31.0, 0.90625
surrogate, 92, 31.0, 0.90625
surrogate, 92, 31.0, 0.90625
surrogate, 92, 31.0, 0.90625
surrogate, 92, 30.0, 0.6875
surrogate, 92, 30.0, 0.6875
surrogate, 92, 30.0, 0.6875
surrogate, 92, 30.0, 0.6875
surrogate, 92, 30.0, 0.6875
surrogate, 92, 30.0, 0.6875
surrogate, 92, 30.0, 0.6875
surrogate, 92, 30.0, 0.6875
surrogate, 92, 30.0, 0.6875
surrogate, 92, 30.0, 0.6875
surrogate, 92, 30.0, 0.6875
surrogate, 92, 30.0, 0.6875
surrogate, 92, 30.0, 0.6875
surrogate, 92, 30.0, 0.6875
surrogate, 92, 30.0, 0.6875
surrogate, 92, 30.0, 0.6875
surrogate, 92, 30.0, 0.6875
surrogate, 92, 30.0, 0.6875
surrogate, 92, 30.0, 0.6875
surrogate, 92, 30.0, 0.6875
surrogate, 92, 30.0, 0.6875
surrogate, 92, 30.0, 0.6875
surrogate, 92, 30.0, 0.6875
surrogate, 92, 30.0, 0.6875
surrogate, 92, 30.0, 0.6875
surrogate, 92, 30.0, 0.6875
surrogate, 92, 30.0, 0.6875
surrogate, 92, 30.0, 0.6875
surrogate, 92, 27.0, 0.59375
surrogate, 92, 27.0, 0.59375
surrogate, 92, 27.0, 0.59375
surrogate, 92, 27.0, 0.59375
surrogate, 92, 27.0, 0.59375
surrogate, 92, 27.0, 0.59375
surrogate, 92, 27.0, 0.59375
surrogate, 92, 27.0, 0.59375
surrogate, 92, 27.0, 0.59375
surrogate, 92, 27.0, 0.59375
surrogate, 92, 27.0, 0.59375
surrogate, 92, 27.0, 0.59375
surrogate, 92, 27.0, 0.59375
surrogate, 92, 27.0, 0.59375
surrogate, 92, 25.0, 0.5
surrogate, 92, 25.0, 0.5
surrogate, 92, 25.0, 0.5
surrogate, 92, 25.0, 0.5
surrogate, 92, 25.0, 0.5
surrogate, 92, 25.0, 0.5
surrogate, 92, 25.0, 0.5
surrogate, 92, 25.0, 0.5
surrogate, 92, 25.0, 0.5
surrogate, 92, 25.0, 0.5
surrogate, 92, 25.0, 0.5
surrogate, 92, 25.0, 0.5
surrogate, 92, 25.0, 0.5
surrogate, 92, 25.0, 0.5
surrogate, 92, 25.0, 0.5
surrogate, 92, 25.0, 0.5
surrogate, 92, 25.0, 0.5
surrogate, 92, 25.0, 0.5
surrogate, 92, 25.0, 0.5
surrogate, 92, 25.0, 0.5
surrogate, 92, 25.0, 0.5
surrogate, 92, 25.0, 0.5
surrogate, 92, 25.0, 0.5
surrogate, 92, 25.0, 0.5
surrogate, 92, 25.0, 0.5
surrogate, 92, 25.0, 0.5
surrogate, 92, 24.0, 0.4375
surrogate, 92, 24.0, 0.4375
surrogate, 92, 24.0, 0.4375
surrogate, 92, 24.0, 0.4375
surrogate, 92, 24.0, 0.4375
surrogate, 92, 24.0, 0.4375
surrogate, 92, 24.0, 0.4375
surrogate, 92, 24.0, 0.4375
surrogate, 92, 24.0, 0.4375
surrogate, 92, 24.0, 0.4375
surrogate, 92, 24.0, 0.4375
surrogate, 92, 24.0, 0.4375
surrogate, 92, 24.0, 0.4375
surrogate, 92, 24.0, 0.4375
surrogate, 92, 24.0, 0.4375
surrogate, 92, 24.0, 0.4375
surrogate, 92, 24.0, 0.4375
surrogate, 92, 22.0, 0.28125
surrogate, 92, 22.0, 0.28125
surrogate, 92, 22.0, 0.28125
surrogate, 92, 22.0, 0.28125
surrogate, 92, 22.0, 0.28125
surrogate, 92, 22.0, 0.28125
surrogate, 92, 22.0, 0.28125
surrogate, 92, 22.0, 0.28125
surrogate, 92, 22.0, 0.28125
surrogate, 92, 22.0, 0.28125
surrogate, 92, 22.0, 0.28125
surrogate, 92, 22.0, 0.28125
surrogate, 92, 22.0, 0.28125
surrogate, 92, 22.0, 0.28125
surrogate, 92, 22.0, 0.28125
surrogate, 92, 22.0, 0.28125
surrogate, 92, 22.0, 0.28125
surrogate, 92, 22.0, 0.28125
surrogate, 92, 22.0, 0.28125
surrogate, 92, 22.0, 0.28125
surrogate, 92, 22.0, 0.28125
surrogate, 92, 22.0, 0.28125
surrogate, 92, 22.0, 0.28125
surrogate, 92, 22.0, 0.28125
surrogate, 92, 21.0, 0.21875
surrogate, 92, 21.0, 0.21875
surrogate, 92, 21.0, 0.21875
surrogate, 92, 21.0, 0.21875
surrogate, 92, 21.0, 0.21875
surrogate, 92, 21.0, 0.21875
surrogate, 92, 21.0, 0.21875
surrogate, 92, 21.0, 0.21875
surrogate, 92, 21.0, 0.21875
surrogate, 92, 21.0, 0.21875
surrogate, 92, 21.0, 0.21875
surrogate, 92, 21.0, 0.21875
surrogate, 92, 21.0, 0.21875
surrogate, 92, 21.0, 0.21875
surrogate, 92, 21.0, 0.21875
surrogate, 92, 21.0, 0.21875
surrogate, 92, 21.0, 0.21875
surrogate, 92, 21.0, 0.21875
surrogate, 92, 21.0, 0.21875
surrogate, 92, 21.0, 0.21875
surrogate, 92, 21.0, 0.21875
surrogate, 92, 21.0, 0.21875
surrogate, 92, 21.0, 0.21875
surrogate, 92, 21.0, 0.21875
surrogate, 92, 21.0, 0.21875
surrogate, 92, 21.0, 0.21875
surrogate, 92, 21.0, 0.21875
surrogate, 92, 21.0, 0.21875
surrogate, 92, 21.0, 0.21875
surrogate, 92, 21.0, 0.21875
surrogate, 92, 21.0, 0.21875
surrogate, 92, 21.0, 0.21875
surrogate, 92, 21.0, 0.21875
surrogate, 92, 21.0, 0.21875
surrogate, 93, 31.0, 0.90625
surrogate, 93, 31.0, 0.90625
surrogate, 93, 31.0, 0.90625
surrogate, 93, 31.0, 0.90625
surrogate, 93, 31.0, 0.90625
surrogate, 93, 31.0, 0.90625
surrogate, 93, 31.0, 0.90625
surrogate, 93, 30.0, 0.6875
surrogate, 93, 30.0, 0.6875
surrogate, 93, 30.0, 0.6875
surrogate, 93, 30.0, 0.6875
surrogate, 93, 30.0, 0.6875
surrogate, 93, 30.0, 0.6875
surrogate, 93, 30.0, 0.6875
surrogate, 93, 30.0, 0.6875
surrogate, 93, 30.0, 0.6875
surrogate, 93, 30.0, 0.6875
surrogate, 93, 30.0, 0.6875
surrogate, 93, 30.0, 0.6875
surrogate, 93, 30.0, 0.6875
surrogate, 93, 30.0, 0.6875
surrogate, 93, 30.0, 0.6875
surrogate, 93, 30.0, 0.6875
surrogate, 93, 30.0, 0.6875
surrogate, 93, 30.0, 0.6875
surrogate, 93, 30.0, 0.6875
surrogate, 93, 30.0, 0.6875
surrogate, 93, 30.0, 0.6875
surrogate, 93, 30.0, 0.6875
surrogate, 93, 30.0, 0.6875
surrogate, 93, 30.0, 0.6875
surrogate, 93, 30.0, 0.6875
surrogate, 93, 30.0, 0.6875
surrogate, 93, 30.0, 0.6875
surrogate, 93, 30.0, 0.6875
surrogate, 93, 27.0, 0.59375
surrogate, 93, 27.0, 0.59375
surrogate, 93, 27.0, 0.59375
surrogate, 93, 27.0, 0.59375
surrogate, 93, 27.0, 0.59375
surrogate, 93, 27.0, 0.59375
surrogate, 93, 27.0, 0.59375
surrogate, 93, 27.0, 0.59375
surrogate, 93, 27.0, 0.59375
surrogate, 93, 27.0, 0.59375
surrogate, 93, 27.0, 0.59375
surrogate, 93, 27.0, 0.59375
surrogate, 93, 27.0, 0.59375
surrogate, 93, 27.0, 0.59375
surrogate, 93, 25.0, 0.5
surrogate, 93, 25.0, 0.5
surrogate, 93, 25.0, 0.5
surrogate, 93, 25.0, 0.5
surrogate, 93, 25.0, 0.5
surrogate, 93, 25.0, 0.5
surrogate, 93, 25.0, 0.5
surrogate, 93, 25.0, 0.5
surrogate, 93, 25.0, 0.5
surrogate, 93, 25.0, 0.5
surrogate, 93, 25.0, 0.5
surrogate, 93, 25.0, 0.5
surrogate, 93, 25.0, 0.5
surrogate, 93, 25.0, 0.5
surrogate, 93, 25.0, 0.5
surrogate, 93, 25.0, 0.5
surrogate, 93, 25.0, 0.5
surrogate, 93, 25.0, 0.5
surrogate, 93, 25.0, 0.5
surrogate, 93, 25.0, 0.5
surrogate, 93, 25.0, 0.5
surrogate, 93, 25.0, 0.5
surrogate, 93, 25.0, 0.5
surrogate, 93, 25.0, 0.5
surrogate, 93, 25.0, 0.5
surrogate, 93, 25.0, 0.5
surrogate, 93, 25.0, 0.5
surrogate, 93, 24.0, 0.4375
surrogate, 93, 24.0, 0.4375
surrogate, 93, 24.0, 0.4375
surrogate, 93, 24.0, 0.4375
surrogate, 93, 24.0, 0.4375
surrogate, 93, 24.0, 0.4375
surrogate, 93, 24.0, 0.4375
surrogate, 93, 24.0, 0.4375
surrogate, 93, 24.0, 0.4375
surrogate, 93, 24.0, 0.4375
surrogate, 93, 24.0, 0.4375
surrogate, 93, 24.0, 0.4375
surrogate, 93, 24.0, 0.4375
surrogate, 93, 24.0, 0.4375
surrogate, 93, 24.0, 0.4375
surrogate, 93, 24.0, 0.4375
surrogate, 93, 24.0, 0.4375
surrogate, 93, 24.0, 0.4375
surrogate, 93, 22.0, 0.28125
surrogate, 93, 22.0, 0.28125
surrogate, 93, 22.0, 0.28125
surrogate, 93, 22.0, 0.28125
surrogate, 93, 22.0, 0.28125
surrogate, 93, 22.0, 0.28125
surrogate, 93, 22.0, 0.28125
surrogate, 93, 22.0, 0.28125
surrogate, 93, 22.0, 0.28125
surrogate, 93, 22.0, 0.28125
surrogate, 93, 22.0, 0.28125
surrogate, 93, 22.0, 0.28125
surrogate, 93, 22.0, 0.28125
surrogate, 93, 22.0, 0.28125
surrogate, 93, 22.0, 0.28125
surrogate, 93, 22.0, 0.28125
surrogate, 93, 22.0, 0.28125
surrogate, 93, 22.0, 0.28125
surrogate, 93, 22.0, 0.28125
surrogate, 93, 22.0, 0.28125
surrogate, 93, 22.0, 0.28125
surrogate, 93, 22.0, 0.28125
surrogate, 93, 22.0, 0.28125
surrogate, 93, 22.0, 0.28125
surrogate, 93, 22.0, 0.28125
surrogate, 93, 21.0, 0.21875
surrogate, 93, 21.0, 0.21875
surrogate, 93, 21.0, 0.21875
surrogate, 93, 21.0, 0.21875
surrogate, 93, 21.0, 0.21875
surrogate, 93, 21.0, 0.21875
surrogate, 93, 21.0, 0.21875
surrogate, 93, 21.0, 0.21875
surrogate, 93, 21.0, 0.21875
surrogate, 93, 21.0, 0.21875
surrogate, 93, 21.0, 0.21875
surrogate, 93, 21.0, 0.21875
surrogate, 93, 21.0, 0.21875
surrogate, 93, 21.0, 0.21875
surrogate, 93, 21.0, 0.21875
surrogate, 93, 21.0, 0.21875
surrogate, 93, 21.0, 0.21875
surrogate, 93, 21.0, 0.21875
surrogate, 93, 21.0, 0.21875
surrogate, 93, 21.0, 0.21875
surrogate, 93, 21.0, 0.21875
surrogate, 93, 21.0, 0.21875
surrogate, 93, 21.0, 0.21875
surrogate, 93, 21.0, 0.21875
surrogate, 93, 21.0, 0.21875
surrogate, 93, 21.0, 0.21875
surrogate, 93, 21.0, 0.21875
surrogate, 93, 21.0, 0.21875
surrogate, 93, 21.0, 0.21875
surrogate, 93, 21.0, 0.21875
surrogate, 93, 21.0, 0.21875
surrogate, 93, 21.0, 0.21875
surrogate, 93, 21.0, 0.21875
surrogate, 93, 21.0, 0.21875
surrogate, 94, 31.0, 0.90625
surrogate, 94, 31.0, 0.90625
surrogate, 94, 31.0, 0.90625
surrogate, 94, 31.0, 0.90625
surrogate, 94, 31.0, 0.90625
surrogate, 94, 31.0, 0.90625
surrogate, 94, 31.0, 0.90625
surrogate, 94, 31.0, 0.90625
surrogate, 94, 30.0, 0.6875
surrogate, 94, 30.0, 0.6875
surrogate, 94, 30.0, 0.6875
surrogate, 94, 30.0, 0.6875
surrogate, 94, 30.0, 0.6875
surrogate, 94, 30.0, 0.6875
surrogate, 94, 30.0, 0.6875
surrogate, 94, 30.0, 0.6875
surrogate, 94, 30.0, 0.6875
surrogate, 94, 30.0, 0.6875
surrogate, 94, 30.0, 0.6875
surrogate, 94, 30.0, 0.6875
surrogate, 94, 30.0, 0.6875
surrogate, 94, 30.0, 0.6875
surrogate, 94, 30.0, 0.6875
surrogate, 94, 30.0, 0.6875
surrogate, 94, 30.0, 0.6875
surrogate, 94, 30.0, 0.6875
surrogate, 94, 30.0, 0.6875
surrogate, 94, 30.0, 0.6875
surrogate, 94, 30.0, 0.6875
surrogate, 94, 30.0, 0.6875
surrogate, 94, 30.0, 0.6875
surrogate, 94, 30.0, 0.6875
surrogate, 94, 30.0, 0.6875
surrogate, 94, 30.0, 0.6875
surrogate, 94, 30.0, 0.6875
surrogate, 94, 30.0, 0.6875
surrogate, 94, 27.0, 0.59375
surrogate, 94, 27.0, 0.59375
surrogate, 94, 27.0, 0.59375
surrogate, 94, 27.0, 0.59375
surrogate, 94, 27.0, 0.59375
surrogate, 94, 27.0, 0.59375
surrogate, 94, 27.0, 0.59375
surrogate, 94, 27.0, 0.59375
surrogate, 94, 27.0, 0.59375
surrogate, 94, 27.0, 0.59375
surrogate, 94, 27.0, 0.59375
surrogate, 94, 27.0, 0.59375
surrogate, 94, 27.0, 0.59375
surrogate, 94, 27.0, 0.59375
surrogate, 94, 27.0, 0.59375
surrogate, 94, 25.0, 0.5
surrogate, 94, 25.0, 0.5
surrogate, 94, 25.0, 0.5
surrogate, 94, 25.0, 0.5
surrogate, 94, 25.0, 0.5
surrogate, 94, 25.0, 0.5
surrogate, 94, 25.0, 0.5
surrogate, 94, 25.0, 0.5
surrogate, 94, 25.0, 0.5
surrogate, 94, 25.0, 0.5
surrogate, 94, 25.0, 0.5
surrogate, 94, 25.0, 0.5
surrogate, 94, 25.0, 0.5
surrogate, 94, 25.0, 0.5
surrogate, 94, 25.0, 0.5
surrogate, 94, 25.0, 0.5
surrogate, 94, 25.0, 0.5
surrogate, 94, 25.0, 0.5
surrogate, 94, 25.0, 0.5
surrogate, 94, 25.0, 0.5
surrogate, 94, 25.0, 0.5
surrogate, 94, 25.0, 0.5
surrogate, 94, 25.0, 0.5
surrogate, 94, 25.0, 0.5
surrogate, 94, 25.0, 0.5
surrogate, 94, 25.0, 0.5
surrogate, 94, 25.0, 0.5
surrogate, 94, 24.0, 0.4375
surrogate, 94, 24.0, 0.4375
surrogate, 94, 24.0, 0.4375
surrogate, 94, 24.0, 0.4375
surrogate, 94, 24.0, 0.4375
surrogate, 94, 24.0, 0.4375
surrogate, 94, 24.0, 0.4375
surrogate, 94, 24.0, 0.4375
surrogate, 94, 24.0, 0.4375
surrogate, 94, 24.0, 0.4375
surrogate, 94, 24.0, 0.4375
surrogate, 94, 24.0, 0.4375
surrogate, 94, 24.0, 0.4375
surrogate, 94, 24.0, 0.4375
surrogate, 94, 24.0, 0.4375
surrogate, 94, 24.0, 0.4375
surrogate, 94, 24.0, 0.4375
surrogate, 94, 24.0, 0.4375
surrogate, 94, 22.0, 0.28125
surrogate, 94, 22.0, 0.28125
surrogate, 94, 22.0, 0.28125
surrogate, 94, 22.0, 0.28125
surrogate, 94, 22.0, 0.28125
surrogate, 94, 22.0, 0.28125
surrogate, 94, 22.0, 0.28125
surrogate, 94, 22.0, 0.28125
surrogate, 94, 22.0, 0.28125
surrogate, 94, 22.0, 0.28125
surrogate, 94, 22.0, 0.28125
surrogate, 94, 22.0, 0.28125
surrogate, 94, 22.0, 0.28125
surrogate, 94, 22.0, 0.28125
surrogate, 94, 22.0, 0.28125
surrogate, 94, 22.0, 0.28125
surrogate, 94, 22.0, 0.28125
surrogate, 94, 22.0, 0.28125
surrogate, 94, 22.0, 0.28125
surrogate, 94, 22.0, 0.28125
surrogate, 94, 22.0, 0.28125
surrogate, 94, 22.0, 0.28125
surrogate, 94, 22.0, 0.28125
surrogate, 94, 22.0, 0.28125
surrogate, 94, 22.0, 0.28125
surrogate, 94, 21.0, 0.21875
surrogate, 94, 21.0, 0.21875
surrogate, 94, 21.0, 0.21875
surrogate, 94, 21.0, 0.21875
surrogate, 94, 21.0, 0.21875
surrogate, 94, 21.0, 0.21875
surrogate, 94, 21.0, 0.21875
surrogate, 94, 21.0, 0.21875
surrogate, 94, 21.0, 0.21875
surrogate, 94, 21.0, 0.21875
surrogate, 94, 21.0, 0.21875
surrogate, 94, 21.0, 0.21875
surrogate, 94, 21.0, 0.21875
surrogate, 94, 21.0, 0.21875
surrogate, 94, 21.0, 0.21875
surrogate, 94, 21.0, 0.21875
surrogate, 94, 21.0, 0.21875
surrogate, 94, 21.0, 0.21875
surrogate, 94, 21.0, 0.21875
surrogate, 94, 21.0, 0.21875
surrogate, 94, 21.0, 0.21875
surrogate, 94, 21.0, 0.21875
surrogate, 94, 21.0, 0.21875
surrogate, 94, 21.0, 0.21875
surrogate, 94, 21.0, 0.21875
surrogate, 94, 21.0, 0.21875
surrogate, 94, 21.0, 0.21875
surrogate, 94, 21.0, 0.21875
surrogate, 94, 21.0, 0.21875
surrogate, 94, 21.0, 0.21875
surrogate, 94, 21.0, 0.21875
surrogate, 94, 21.0, 0.21875
surrogate, 94, 21.0, 0.21875
surrogate, 94, 21.0, 0.21875
surrogate, 95, 31.0, 0.90625
surrogate, 95, 31.0, 0.90625
surrogate, 95, 31.0, 0.90625
surrogate, 95, 31.0, 0.90625
surrogate, 95, 31.0, 0.90625
surrogate, 95, 31.0, 0.90625
surrogate, 95, 31.0, 0.90625
surrogate, 95, 31.0, 0.90625
surrogate, 95, 30.0, 0.6875
surrogate, 95, 30.0, 0.6875
surrogate, 95, 30.0, 0.6875
surrogate, 95, 30.0, 0.6875
surrogate, 95, 30.0, 0.6875
surrogate, 95, 30.0, 0.6875
surrogate, 95, 30.0, 0.6875
surrogate, 95, 30.0, 0.6875
surrogate, 95, 30.0, 0.6875
surrogate, 95, 30.0, 0.6875
surrogate, 95, 30.0, 0.6875
surrogate, 95, 30.0, 0.6875
surrogate, 95, 30.0, 0.6875
surrogate, 95, 30.0, 0.6875
surrogate, 95, 30.0, 0.6875
surrogate, 95, 30.0, 0.6875
surrogate, 95, 30.0, 0.6875
surrogate, 95, 30.0, 0.6875
surrogate, 95, 30.0, 0.6875
surrogate, 95, 30.0, 0.6875
surrogate, 95, 30.0, 0.6875
surrogate, 95, 30.0, 0.6875
surrogate, 95, 30.0, 0.6875
surrogate, 95, 30.0, 0.6875
surrogate, 95, 30.0, 0.6875
surrogate, 95, 30.0, 0.6875
surrogate, 95, 30.0, 0.6875
surrogate, 95, 30.0, 0.6875
surrogate, 95, 27.0, 0.59375
surrogate, 95, 27.0, 0.59375
surrogate, 95, 27.0, 0.59375
surrogate, 95, 27.0, 0.59375
surrogate, 95, 27.0, 0.59375
surrogate, 95, 27.0, 0.59375
surrogate, 95, 27.0, 0.59375
surrogate, 95, 27.0, 0.59375
surrogate, 95, 27.0, 0.59375
surrogate, 95, 27.0, 0.59375
surrogate, 95, 27.0, 0.59375
surrogate, 95, 27.0, 0.59375
surrogate, 95, 27.0, 0.59375
surrogate, 95, 27.0, 0.59375
surrogate, 95, 27.0, 0.59375
surrogate, 95, 25.0, 0.5
surrogate, 95, 25.0, 0.5
surrogate, 95, 25.0, 0.5
surrogate, 95, 25.0, 0.5
surrogate, 95, 25.0, 0.5
surrogate, 95, 25.0, 0.5
surrogate, 95, 25.0, 0.5
surrogate, 95, 25.0, 0.5
surrogate, 95, 25.0, 0.5
surrogate, 95, 25.0, 0.5
surrogate, 95, 25.0, 0.5
surrogate, 95, 25.0, 0.5
surrogate, 95, 25.0, 0.5
surrogate, 95, 25.0, 0.5
surrogate, 95, 25.0, 0.5
surrogate, 95, 25.0, 0.5
surrogate, 95, 25.0, 0.5
surrogate, 95, 25.0, 0.5
surrogate, 95, 25.0, 0.5
surrogate, 95, 25.0, 0.5
surrogate, 95, 25.0, 0.5
surrogate, 95, 25.0, 0.5
surrogate, 95, 25.0, 0.5
surrogate, 95, 25.0, 0.5
surrogate, 95, 25.0, 0.5
surrogate, 95, 25.0, 0.5
surrogate, 95, 25.0, 0.5
surrogate, 95, 25.0, 0.5
surrogate, 95, 24.0, 0.4375
surrogate, 95, 24.0, 0.4375
surrogate, 95, 24.0, 0.4375
surrogate, 95, 24.0, 0.4375
surrogate, 95, 24.0, 0.4375
surrogate, 95, 24.0, 0.4375
surrogate, 95, 24.0, 0.4375
surrogate, 95, 24.0, 0.4375
surrogate, 95, 24.0, 0.4375
surrogate, 95, 24.0, 0.4375
surrogate, 95, 24.0, 0.4375
surrogate, 95, 24.0, 0.4375
surrogate, 95, 24.0, 0.4375
surrogate, 95, 24.0, 0.4375
surrogate, 95, 24.0, 0.4375
surrogate, 95, 24.0, 0.4375
surrogate, 95, 24.0, 0.4375
surrogate, 95, 24.0, 0.4375
surrogate, 95, 24.0, 0.4375
surrogate, 95, 22.0, 0.28125
surrogate, 95, 22.0, 0.28125
surrogate, 95, 22.0, 0.28125
surrogate, 95, 22.0, 0.28125
surrogate, 95, 22.0, 0.28125
surrogate, 95, 22.0, 0.28125
surrogate, 95, 22.0, 0.28125
surrogate, 95, 22.0, 0.28125
surrogate, 95, 22.0, 0.28125
surrogate, 95, 22.0, 0.28125
surrogate, 95, 22.0, 0.28125
surrogate, 95, 22.0, 0.28125
surrogate, 95, 22.0, 0.28125
surrogate, 95, 22.0, 0.28125
surrogate, 95, 22.0, 0.28125
surrogate, 95, 22.0, 0.28125
surrogate, 95, 22.0, 0.28125
surrogate, 95, 22.0, 0.28125
surrogate, 95, 22.0, 0.28125
surrogate, 95, 22.0, 0.28125
surrogate, 95, 22.0, 0.28125
surrogate, 95, 22.0, 0.28125
surrogate, 95, 22.0, 0.28125
surrogate, 95, 22.0, 0.28125
surrogate, 95, 22.0, 0.28125
surrogate, 95, 21.0, 0.21875
surrogate, 95, 21.0, 0.21875
surrogate, 95, 21.0, 0.21875
surrogate, 95, 21.0, 0.21875
surrogate, 95, 21.0, 0.21875
surrogate, 95, 21.0, 0.21875
surrogate, 95, 21.0, 0.21875
surrogate, 95, 21.0, 0.21875
surrogate, 95, 21.0, 0.21875
surrogate, 95, 21.0, 0.21875
surrogate, 95, 21.0, 0.21875
surrogate, 95, 21.0, 0.21875
surrogate, 95, 21.0, 0.21875
surrogate, 95, 21.0, 0.21875
surrogate, 95, 21.0, 0.21875
surrogate, 95, 21.0, 0.21875
surrogate, 95, 21.0, 0.21875
surrogate, 95, 21.0, 0.21875
surrogate, 95, 21.0, 0.21875
surrogate, 95, 21.0, 0.21875
surrogate, 95, 21.0, 0.21875
surrogate, 95, 21.0, 0.21875
surrogate, 95, 21.0, 0.21875
surrogate, 95, 21.0, 0.21875
surrogate, 95, 21.0, 0.21875
surrogate, 95, 21.0, 0.21875
surrogate, 95, 21.0, 0.21875
surrogate, 95, 21.0, 0.21875
surrogate, 95, 21.0, 0.21875
surrogate, 95, 21.0, 0.21875
surrogate, 95, 21.0, 0.21875
surrogate, 95, 21.0, 0.21875
surrogate, 95, 21.0, 0.21875
surrogate, 95, 21.0, 0.21875
surrogate, 95, 21.0, 0.21875
surrogate, 96, 31.0, 0.90625
surrogate, 96, 31.0, 0.90625
surrogate, 96, 31.0, 0.90625
surrogate, 96, 31.0, 0.90625
surrogate, 96, 31.0, 0.90625
surrogate, 96, 31.0, 0.90625
surrogate, 96, 31.0, 0.90625
surrogate, 96, 31.0, 0.90625
surrogate, 96, 29.0, 0.6875
surrogate, 96, 27.0, 0.59375
surrogate, 96, 27.0, 0.59375
surrogate, 96, 27.0, 0.59375
surrogate, 96, 27.0, 0.59375
surrogate, 96, 27.0, 0.59375
surrogate, 96, 27.0, 0.59375
surrogate, 96, 27.0, 0.59375
surrogate, 96, 27.0, 0.59375
surrogate, 96, 27.0, 0.59375
surrogate, 96, 27.0, 0.59375
surrogate, 96, 27.0, 0.59375
surrogate, 96, 27.0, 0.59375
surrogate, 96, 27.0, 0.59375
surrogate, 96, 27.0, 0.59375
surrogate, 96, 27.0, 0.59375
surrogate, 96, 27.0, 0.59375
surrogate, 96, 25.0, 0.5
surrogate, 96, 25.0, 0.5
surrogate, 96, 25.0, 0.5
surrogate, 96, 25.0, 0.5
surrogate, 96, 25.0, 0.5
surrogate, 96, 25.0, 0.5
surrogate, 96, 25.0, 0.5
surrogate, 96, 25.0, 0.5
surrogate, 96, 25.0, 0.5
surrogate, 96, 25.0, 0.5
surrogate, 96, 25.0, 0.5
surrogate, 96, 25.0, 0.5
surrogate, 96, 25.0, 0.5
surrogate, 96, 25.0, 0.5
surrogate, 96, 25.0, 0.5
surrogate, 96, 25.0, 0.5
surrogate, 96, 25.0, 0.5
surrogate, 96, 25.0, 0.5
surrogate, 96, 25.0, 0.5
surrogate, 96, 25.0, 0.5
surrogate, 96, 25.0, 0.5
surrogate, 96, 25.0, 0.5
surrogate, 96, 25.0, 0.5
surrogate, 96, 25.0, 0.5
surrogate, 96, 25.0, 0.5
surrogate, 96, 25.0, 0.5
surrogate, 96, 25.0, 0.5
surrogate, 96, 25.0, 0.5
surrogate, 96, 25.0, 0.5
surrogate, 96, 24.0, 0.4375
surrogate, 96, 24.0, 0.4375
surrogate, 96, 24.0, 0.4375
surrogate, 96, 24.0, 0.4375
surrogate, 96, 24.0, 0.4375
surrogate, 96, 24.0, 0.4375
surrogate, 96, 24.0, 0.4375
surrogate, 96, 24.0, 0.4375
surrogate, 96, 24.0, 0.4375
surrogate, 96, 24.0, 0.4375
surrogate, 96, 24.0, 0.4375
surrogate, 96, 24.0, 0.4375
surrogate, 96, 24.0, 0.4375
surrogate, 96, 24.0, 0.4375
surrogate, 96, 24.0, 0.4375
surrogate, 96, 24.0, 0.4375
surrogate, 96, 24.0, 0.4375
surrogate, 96, 24.0, 0.4375
surrogate, 96, 24.0, 0.4375
surrogate, 96, 22.0, 0.28125
surrogate, 96, 22.0, 0.28125
surrogate, 96, 22.0, 0.28125
surrogate, 96, 22.0, 0.28125
surrogate, 96, 22.0, 0.28125
surrogate, 96, 22.0, 0.28125
surrogate, 96, 22.0, 0.28125
surrogate, 96, 22.0, 0.28125
surrogate, 96, 22.0, 0.28125
surrogate, 96, 22.0, 0.28125
surrogate, 96, 22.0, 0.28125
surrogate, 96, 22.0, 0.28125
surrogate, 96, 22.0, 0.28125
surrogate, 96, 22.0, 0.28125
surrogate, 96, 22.0, 0.28125
surrogate, 96, 22.0, 0.28125
surrogate, 96, 22.0, 0.28125
surrogate, 96, 22.0, 0.28125
surrogate, 96, 22.0, 0.28125
surrogate, 96, 22.0, 0.28125
surrogate, 96, 22.0, 0.28125
surrogate, 96, 22.0, 0.28125
surrogate, 96, 22.0, 0.28125
surrogate, 96, 22.0, 0.28125
surrogate, 96, 22.0, 0.28125
surrogate, 96, 22.0, 0.28125
surrogate, 96, 21.0, 0.21875
surrogate, 96, 21.0, 0.21875
surrogate, 96, 21.0, 0.21875
surrogate, 96, 21.0, 0.21875
surrogate, 96, 21.0, 0.21875
surrogate, 96, 21.0, 0.21875
surrogate, 96, 21.0, 0.21875
surrogate, 96, 21.0, 0.21875
surrogate, 96, 21.0, 0.21875
surrogate, 96, 21.0, 0.21875
surrogate, 96, 21.0, 0.21875
surrogate, 96, 21.0, 0.21875
surrogate, 96, 21.0, 0.21875
surrogate, 96, 21.0, 0.21875
surrogate, 96, 21.0, 0.21875
surrogate, 96, 21.0, 0.21875
surrogate, 96, 21.0, 0.21875
surrogate, 96, 21.0, 0.21875
surrogate, 96, 21.0, 0.21875
surrogate, 96, 21.0, 0.21875
surrogate, 96, 21.0, 0.21875
surrogate, 96, 21.0, 0.21875
surrogate, 96, 21.0, 0.21875
surrogate, 96, 21.0, 0.21875
surrogate, 96, 21.0, 0.21875
surrogate, 96, 21.0, 0.21875
surrogate, 96, 21.0, 0.21875
surrogate, 96, 21.0, 0.21875
surrogate, 96, 21.0, 0.21875
surrogate, 96, 21.0, 0.21875
surrogate, 96, 21.0, 0.21875
surrogate, 96, 21.0, 0.21875
surrogate, 96, 21.0, 0.21875
surrogate, 96, 21.0, 0.21875
surrogate, 96, 21.0, 0.21875
surrogate, 96, 21.0, 0.21875
surrogate, 97, 31.0, 0.90625
surrogate, 97, 31.0, 0.90625
surrogate, 97, 31.0, 0.90625
surrogate, 97, 31.0, 0.90625
surrogate, 97, 31.0, 0.90625
surrogate, 97, 31.0, 0.90625
surrogate, 97, 31.0, 0.90625
surrogate, 97, 31.0, 0.90625
surrogate, 97, 29.0, 0.6875
surrogate, 97, 27.0, 0.59375
surrogate, 97, 27.0, 0.59375
surrogate, 97, 27.0, 0.59375
surrogate, 97, 27.0, 0.59375
surrogate, 97, 27.0, 0.59375
surrogate, 97, 27.0, 0.59375
surrogate, 97, 27.0, 0.59375
surrogate, 97, 27.0, 0.59375
surrogate, 97, 27.0, 0.59375
surrogate, 97, 27.0, 0.59375
surrogate, 97, 27.0, 0.59375
surrogate, 97, 27.0, 0.59375
surrogate, 97, 27.0, 0.59375
surrogate, 97, 27.0, 0.59375
surrogate, 97, 27.0, 0.59375
surrogate, 97, 27.0, 0.59375
surrogate, 97, 25.0, 0.5
surrogate, 97, 25.0, 0.5
surrogate, 97, 25.0, 0.5
surrogate, 97, 25.0, 0.5
surrogate, 97, 25.0, 0.5
surrogate, 97, 25.0, 0.5
surrogate, 97, 25.0, 0.5
surrogate, 97, 25.0, 0.5
surrogate, 97, 25.0, 0.5
surrogate, 97, 25.0, 0.5
surrogate, 97, 25.0, 0.5
surrogate, 97, 25.0, 0.5
surrogate, 97, 25.0, 0.5
surrogate, 97, 25.0, 0.5
surrogate, 97, 25.0, 0.5
surrogate, 97, 25.0, 0.5
surrogate, 97, 25.0, 0.5
surrogate, 97, 25.0, 0.5
surrogate, 97, 25.0, 0.5
surrogate, 97, 25.0, 0.5
surrogate, 97, 25.0, 0.5
surrogate, 97, 25.0, 0.5
surrogate, 97, 25.0, 0.5
surrogate, 97, 25.0, 0.5
surrogate, 97, 25.0, 0.5
surrogate, 97, 25.0, 0.5
surrogate, 97, 25.0, 0.5
surrogate, 97, 25.0, 0.5
surrogate, 97, 25.0, 0.5
surrogate, 97, 24.0, 0.4375
surrogate, 97, 24.0, 0.4375
surrogate, 97, 24.0, 0.4375
surrogate, 97, 24.0, 0.4375
surrogate, 97, 24.0, 0.4375
surrogate, 97, 24.0, 0.4375
surrogate, 97, 24.0, 0.4375
surrogate, 97, 24.0, 0.4375
surrogate, 97, 24.0, 0.4375
surrogate, 97, 24.0, 0.4375
surrogate, 97, 24.0, 0.4375
surrogate, 97, 24.0, 0.4375
surrogate, 97, 24.0, 0.4375
surrogate, 97, 24.0, 0.4375
surrogate, 97, 24.0, 0.4375
surrogate, 97, 24.0, 0.4375
surrogate, 97, 24.0, 0.4375
surrogate, 97, 24.0, 0.4375
surrogate, 97, 24.0, 0.4375
surrogate, 97, 22.0, 0.28125
surrogate, 97, 22.0, 0.28125
surrogate, 97, 22.0, 0.28125
surrogate, 97, 22.0, 0.28125
surrogate, 97, 22.0, 0.28125
surrogate, 97, 22.0, 0.28125
surrogate, 97, 22.0, 0.28125
surrogate, 97, 22.0, 0.28125
surrogate, 97, 22.0, 0.28125
surrogate, 97, 22.0, 0.28125
surrogate, 97, 22.0, 0.28125
surrogate, 97, 22.0, 0.28125
surrogate, 97, 22.0, 0.28125
surrogate, 97, 22.0, 0.28125
surrogate, 97, 22.0, 0.28125
surrogate, 97, 22.0, 0.28125
surrogate, 97, 22.0, 0.28125
surrogate, 97, 22.0, 0.28125
surrogate, 97, 22.0, 0.28125
surrogate, 97, 22.0, 0.28125
surrogate, 97, 22.0, 0.28125
surrogate, 97, 22.0, 0.28125
surrogate, 97, 22.0, 0.28125
surrogate, 97, 22.0, 0.28125
surrogate, 97, 22.0, 0.28125
surrogate, 97, 22.0, 0.28125
surrogate, 97, 21.0, 0.21875
surrogate, 97, 21.0, 0.21875
surrogate, 97, 21.0, 0.21875
surrogate, 97, 21.0, 0.21875
surrogate, 97, 21.0, 0.21875
surrogate, 97, 21.0, 0.21875
surrogate, 97, 21.0, 0.21875
surrogate, 97, 21.0, 0.21875
surrogate, 97, 21.0, 0.21875
surrogate, 97, 21.0, 0.21875
surrogate, 97, 21.0, 0.21875
surrogate, 97, 21.0, 0.21875
surrogate, 97, 21.0, 0.21875
surrogate, 97, 21.0, 0.21875
surrogate, 97, 21.0, 0.21875
surrogate, 97, 21.0, 0.21875
surrogate, 97, 21.0, 0.21875
surrogate, 97, 21.0, 0.21875
surrogate, 97, 21.0, 0.21875
surrogate, 97, 21.0, 0.21875
surrogate, 97, 21.0, 0.21875
surrogate, 97, 21.0, 0.21875
surrogate, 97, 21.0, 0.21875
surrogate, 97, 21.0, 0.21875
surrogate, 97, 21.0, 0.21875
surrogate, 97, 21.0, 0.21875
surrogate, 97, 21.0, 0.21875
surrogate, 97, 21.0, 0.21875
surrogate, 97, 21.0, 0.21875
surrogate, 97, 21.0, 0.21875
surrogate, 97, 21.0, 0.21875
surrogate, 97, 21.0, 0.21875
surrogate, 97, 21.0, 0.21875
surrogate, 97, 21.0, 0.21875
surrogate, 97, 21.0, 0.21875
surrogate, 97, 21.0, 0.21875
surrogate, 98, 31.0, 0.90625
surrogate, 98, 31.0, 0.90625
surrogate, 98, 31.0, 0.90625
surrogate, 98, 31.0, 0.90625
surrogate, 98, 31.0, 0.90625
surrogate, 98, 31.0, 0.90625
surrogate, 98, 31.0, 0.90625
surrogate, 98, 31.0, 0.90625
surrogate, 98, 29.0, 0.6875
surrogate, 98, 27.0, 0.59375
surrogate, 98, 27.0, 0.59375
surrogate, 98, 27.0, 0.59375
surrogate, 98, 27.0, 0.59375
surrogate, 98, 27.0, 0.59375
surrogate, 98, 27.0, 0.59375
surrogate, 98, 27.0, 0.59375
surrogate, 98, 27.0, 0.59375
surrogate, 98, 27.0, 0.59375
surrogate, 98, 27.0, 0.59375
surrogate, 98, 27.0, 0.59375
surrogate, 98, 27.0, 0.59375
surrogate, 98, 27.0, 0.59375
surrogate, 98, 27.0, 0.59375
surrogate, 98, 27.0, 0.59375
surrogate, 98, 27.0, 0.59375
surrogate, 98, 25.0, 0.5
surrogate, 98, 25.0, 0.5
surrogate, 98, 25.0, 0.5
surrogate, 98, 25.0, 0.5
surrogate, 98, 25.0, 0.5
surrogate, 98, 25.0, 0.5
surrogate, 98, 25.0, 0.5
surrogate, 98, 25.0, 0.5
surrogate, 98, 25.0, 0.5
surrogate, 98, 25.0, 0.5
surrogate, 98, 25.0, 0.5
surrogate, 98, 25.0, 0.5
surrogate, 98, 25.0, 0.5
surrogate, 98, 25.0, 0.5
surrogate, 98, 25.0, 0.5
surrogate, 98, 25.0, 0.5
surrogate, 98, 25.0, 0.5
surrogate, 98, 25.0, 0.5
surrogate, 98, 25.0, 0.5
surrogate, 98, 25.0, 0.5
surrogate, 98, 25.0, 0.5
surrogate, 98, 25.0, 0.5
surrogate, 98, 25.0, 0.5
surrogate, 98, 25.0, 0.5
surrogate, 98, 25.0, 0.5
surrogate, 98, 25.0, 0.5
surrogate, 98, 25.0, 0.5
surrogate, 98, 25.0, 0.5
surrogate, 98, 25.0, 0.5
surrogate, 98, 24.0, 0.4375
surrogate, 98, 24.0, 0.4375
surrogate, 98, 24.0, 0.4375
surrogate, 98, 24.0, 0.4375
surrogate, 98, 24.0, 0.4375
surrogate, 98, 24.0, 0.4375
surrogate, 98, 24.0, 0.4375
surrogate, 98, 24.0, 0.4375
surrogate, 98, 24.0, 0.4375
surrogate, 98, 24.0, 0.4375
surrogate, 98, 24.0, 0.4375
surrogate, 98, 24.0, 0.4375
surrogate, 98, 24.0, 0.4375
surrogate, 98, 24.0, 0.4375
surrogate, 98, 24.0, 0.4375
surrogate, 98, 24.0, 0.4375
surrogate, 98, 24.0, 0.4375
surrogate, 98, 24.0, 0.4375
surrogate, 98, 24.0, 0.4375
surrogate, 98, 24.0, 0.4375
surrogate, 98, 22.0, 0.28125
surrogate, 98, 22.0, 0.28125
surrogate, 98, 22.0, 0.28125
surrogate, 98, 22.0, 0.28125
surrogate, 98, 22.0, 0.28125
surrogate, 98, 22.0, 0.28125
surrogate, 98, 22.0, 0.28125
surrogate, 98, 22.0, 0.28125
surrogate, 98, 22.0, 0.28125
surrogate, 98, 22.0, 0.28125
surrogate, 98, 22.0, 0.28125
surrogate, 98, 22.0, 0.28125
surrogate, 98, 22.0, 0.28125
surrogate, 98, 22.0, 0.28125
surrogate, 98, 22.0, 0.28125
surrogate, 98, 22.0, 0.28125
surrogate, 98, 22.0, 0.28125
surrogate, 98, 22.0, 0.28125
surrogate, 98, 22.0, 0.28125
surrogate, 98, 22.0, 0.28125
surrogate, 98, 22.0, 0.28125
surrogate, 98, 22.0, 0.28125
surrogate, 98, 22.0, 0.28125
surrogate, 98, 22.0, 0.28125
surrogate, 98, 22.0, 0.28125
surrogate, 98, 22.0, 0.28125
surrogate, 98, 21.0, 0.21875
surrogate, 98, 21.0, 0.21875
surrogate, 98, 21.0, 0.21875
surrogate, 98, 21.0, 0.21875
surrogate, 98, 21.0, 0.21875
surrogate, 98, 21.0, 0.21875
surrogate, 98, 21.0, 0.21875
surrogate, 98, 21.0, 0.21875
surrogate, 98, 21.0, 0.21875
surrogate, 98, 21.0, 0.21875
surrogate, 98, 21.0, 0.21875
surrogate, 98, 21.0, 0.21875
surrogate, 98, 21.0, 0.21875
surrogate, 98, 21.0, 0.21875
surrogate, 98, 21.0, 0.21875
surrogate, 98, 21.0, 0.21875
surrogate, 98, 21.0, 0.21875
surrogate, 98, 21.0, 0.21875
surrogate, 98, 21.0, 0.21875
surrogate, 98, 21.0, 0.21875
surrogate, 98, 21.0, 0.21875
surrogate, 98, 21.0, 0.21875
surrogate, 98, 21.0, 0.21875
surrogate, 98, 21.0, 0.21875
surrogate, 98, 21.0, 0.21875
surrogate, 98, 21.0, 0.21875
surrogate, 98, 21.0, 0.21875
surrogate, 98, 21.0, 0.21875
surrogate, 98, 21.0, 0.21875
surrogate, 98, 21.0, 0.21875
surrogate, 98, 21.0, 0.21875
surrogate, 98, 21.0, 0.21875
surrogate, 98, 21.0, 0.21875
surrogate, 98, 21.0, 0.21875
surrogate, 98, 21.0, 0.21875
surrogate, 98, 21.0, 0.21875
surrogate, 98, 21.0, 0.21875
surrogate, 99, 31.0, 0.90625
surrogate, 99, 31.0, 0.90625
surrogate, 99, 31.0, 0.90625
surrogate, 99, 31.0, 0.90625
surrogate, 99, 31.0, 0.90625
surrogate, 99, 31.0, 0.90625
surrogate, 99, 31.0, 0.90625
surrogate, 99, 31.0, 0.90625
surrogate, 99, 31.0, 0.90625
surrogate, 99, 29.0, 0.6875
surrogate, 99, 27.0, 0.59375
surrogate, 99, 27.0, 0.59375
surrogate, 99, 27.0, 0.59375
surrogate, 99, 27.0, 0.59375
surrogate, 99, 27.0, 0.59375
surrogate, 99, 27.0, 0.59375
surrogate, 99, 27.0, 0.59375
surrogate, 99, 27.0, 0.59375
surrogate, 99, 27.0, 0.59375
surrogate, 99, 27.0, 0.59375
surrogate, 99, 27.0, 0.59375
surrogate, 99, 27.0, 0.59375
surrogate, 99, 27.0, 0.59375
surrogate, 99, 27.0, 0.59375
surrogate, 99, 27.0, 0.59375
surrogate, 99, 27.0, 0.59375
surrogate, 99, 27.0, 0.59375
surrogate, 99, 25.0, 0.5
surrogate, 99, 25.0, 0.5
surrogate, 99, 25.0, 0.5
surrogate, 99, 25.0, 0.5
surrogate, 99, 25.0, 0.5
surrogate, 99, 25.0, 0.5
surrogate, 99, 25.0, 0.5
surrogate, 99, 25.0, 0.5
surrogate, 99, 25.0, 0.5
surrogate, 99, 25.0, 0.5
surrogate, 99, 25.0, 0.5
surrogate, 99, 25.0, 0.5
surrogate, 99, 25.0, 0.5
surrogate, 99, 25.0, 0.5
surrogate, 99, 25.0, 0.5
surrogate, 99, 25.0, 0.5
surrogate, 99, 25.0, 0.5
surrogate, 99, 25.0, 0.5
surrogate, 99, 25.0, 0.5
surrogate, 99, 25.0, 0.5
surrogate, 99, 25.0, 0.5
surrogate, 99, 25.0, 0.5
surrogate, 99, 25.0, 0.5
surrogate, 99, 25.0, 0.5
surrogate, 99, 25.0, 0.5
surrogate, 99, 25.0, 0.5
surrogate, 99, 25.0, 0.5
surrogate, 99, 25.0, 0.5
surrogate, 99, 25.0, 0.5
surrogate, 99, 24.0, 0.4375
surrogate, 99, 24.0, 0.4375
surrogate, 99, 24.0, 0.4375
surrogate, 99, 24.0, 0.4375
surrogate, 99, 24.0, 0.4375
surrogate, 99, 24.0, 0.4375
surrogate, 99, 24.0, 0.4375
surrogate, 99, 24.0, 0.4375
surrogate, 99, 24.0, 0.4375
surrogate, 99, 24.0, 0.4375
surrogate, 99, 24.0, 0.4375
surrogate, 99, 24.0, 0.4375
surrogate, 99, 24.0, 0.4375
surrogate, 99, 24.0, 0.4375
surrogate, 99, 24.0, 0.4375
surrogate, 99, 24.0, 0.4375
surrogate, 99, 24.0, 0.4375
surrogate, 99, 24.0, 0.4375
surrogate, 99, 24.0, 0.4375
surrogate, 99, 24.0, 0.4375
surrogate, 99, 22.0, 0.28125
surrogate, 99, 22.0, 0.28125
surrogate, 99, 22.0, 0.28125
surrogate, 99, 22.0, 0.28125
surrogate, 99, 22.0, 0.28125
surrogate, 99, 22.0, 0.28125
surrogate, 99, 22.0, 0.28125
surrogate, 99, 22.0, 0.28125
surrogate, 99, 22.0, 0.28125
surrogate, 99, 22.0, 0.28125
surrogate, 99, 22.0, 0.28125
surrogate, 99, 22.0, 0.28125
surrogate, 99, 22.0, 0.28125
surrogate, 99, 22.0, 0.28125
surrogate, 99, 22.0, 0.28125
surrogate, 99, 22.0, 0.28125
surrogate, 99, 22.0, 0.28125
surrogate, 99, 22.0, 0.28125
surrogate, 99, 22.0, 0.28125
surrogate, 99, 22.0, 0.28125
surrogate, 99, 22.0, 0.28125
surrogate, 99, 22.0, 0.28125
surrogate, 99, 22.0, 0.28125
surrogate, 99, 22.0, 0.28125
surrogate, 99, 22.0, 0.28125
surrogate, 99, 22.0, 0.28125
surrogate, 99, 22.0, 0.28125
surrogate, 99, 21.0, 0.21875
surrogate, 99, 21.0, 0.21875
surrogate, 99, 21.0, 0.21875
surrogate, 99, 21.0, 0.21875
surrogate, 99, 21.0, 0.21875
surrogate, 99, 21.0, 0.21875
surrogate, 99, 21.0, 0.21875
surrogate, 99, 21.0, 0.21875
surrogate, 99, 21.0, 0.21875
surrogate, 99, 21.0, 0.21875
surrogate, 99, 21.0, 0.21875
surrogate, 99, 21.0, 0.21875
surrogate, 99, 21.0, 0.21875
surrogate, 99, 21.0, 0.21875
surrogate, 99, 21.0, 0.21875
surrogate, 99, 21.0, 0.21875
surrogate, 99, 21.0, 0.21875
surrogate, 99, 21.0, 0.21875
surrogate, 99, 21.0, 0.21875
surrogate, 99, 21.0, 0.21875
surrogate, 99, 21.0, 0.21875
surrogate, 99, 21.0, 0.21875
surrogate, 99, 21.0, 0.21875
surrogate, 99, 21.0, 0.21875
surrogate, 99, 21.0, 0.21875
surrogate, 99, 21.0, 0.21875
surrogate, 99, 21.0, 0.21875
surrogate, 99, 21.0, 0.21875
surrogate, 99, 21.0, 0.21875
surrogate, 99, 21.0, 0.21875
surrogate, 99, 21.0, 0.21875
surrogate, 99, 21.0, 0.21875
surrogate, 99, 21.0, 0.21875
surrogate, 99, 21.0, 0.21875
surrogate, 99, 21.0, 0.21875
surrogate, 99, 21.0, 0.21875
surrogate, 99, 21.0, 0.21875
surrogate, 100, 31.0, 0.90625
surrogate, 100, 31.0, 0.90625
surrogate, 100, 31.0, 0.90625
surrogate, 100, 31.0, 0.90625
surrogate, 100, 31.0, 0.90625
surrogate, 100, 31.0, 0.90625
surrogate, 100, 31.0, 0.90625
surrogate, 100, 31.0, 0.90625
surrogate, 100, 31.0, 0.90625
surrogate, 100, 29.0, 0.6875
surrogate, 100, 27.0, 0.59375
surrogate, 100, 27.0, 0.59375
surrogate, 100, 27.0, 0.59375
surrogate, 100, 27.0, 0.59375
surrogate, 100, 27.0, 0.59375
surrogate, 100, 27.0, 0.59375
surrogate, 100, 27.0, 0.59375
surrogate, 100, 27.0, 0.59375
surrogate, 100, 27.0, 0.59375
surrogate, 100, 27.0, 0.59375
surrogate, 100, 27.0, 0.59375
surrogate, 100, 27.0, 0.59375
surrogate, 100, 27.0, 0.59375
surrogate, 100, 27.0, 0.59375
surrogate, 100, 27.0, 0.59375
surrogate, 100, 27.0, 0.59375
surrogate, 100, 27.0, 0.59375
surrogate, 100, 25.0, 0.5
surrogate, 100, 25.0, 0.5
surrogate, 100, 25.0, 0.5
surrogate, 100, 25.0, 0.5
surrogate, 100, 25.0, 0.5
surrogate, 100, 25.0, 0.5
surrogate, 100, 25.0, 0.5
surrogate, 100, 25.0, 0.5
surrogate, 100, 25.0, 0.5
surrogate, 100, 25.0, 0.5
surrogate, 100, 25.0, 0.5
surrogate, 100, 25.0, 0.5
surrogate, 100, 25.0, 0.5
surrogate, 100, 25.0, 0.5
surrogate, 100, 25.0, 0.5
surrogate, 100, 25.0, 0.5
surrogate, 100, 25.0, 0.5
surrogate, 100, 25.0, 0.5
surrogate, 100, 25.0, 0.5
surrogate, 100, 25.0, 0.5
surrogate, 100, 25.0, 0.5
surrogate, 100, 25.0, 0.5
surrogate, 100, 25.0, 0.5
surrogate, 100, 25.0, 0.5
surrogate, 100, 25.0, 0.5
surrogate, 100, 25.0, 0.5
surrogate, 100, 25.0, 0.5
surrogate, 100, 25.0, 0.5
surrogate, 100, 25.0, 0.5
surrogate, 100, 25.0, 0.5
surrogate, 100, 24.0, 0.4375
surrogate, 100, 24.0, 0.4375
surrogate, 100, 24.0, 0.4375
surrogate, 100, 24.0, 0.4375
surrogate, 100, 24.0, 0.4375
surrogate, 100, 24.0, 0.4375
surrogate, 100, 24.0, 0.4375
surrogate, 100, 24.0, 0.4375
surrogate, 100, 24.0, 0.4375
surrogate, 100, 24.0, 0.4375
surrogate, 100, 24.0, 0.4375
surrogate, 100, 24.0, 0.4375
surrogate, 100, 24.0, 0.4375
surrogate, 100, 24.0, 0.4375
surrogate, 100, 24.0, 0.4375
surrogate, 100, 24.0, 0.4375
surrogate, 100, 24.0, 0.4375
surrogate, 100, 24.0, 0.4375
surrogate, 100, 24.0, 0.4375
surrogate, 100, 24.0, 0.4375
surrogate, 100, 24.0, 0.4375
surrogate, 100, 22.0, 0.28125
surrogate, 100, 22.0, 0.28125
surrogate, 100, 22.0, 0.28125
surrogate, 100, 22.0, 0.28125
surrogate, 100, 22.0, 0.28125
surrogate, 100, 22.0, 0.28125
surrogate, 100, 22.0, 0.28125
surrogate, 100, 22.0, 0.28125
surrogate, 100, 22.0, 0.28125
surrogate, 100, 22.0, 0.28125
surrogate, 100, 22.0, 0.28125
surrogate, 100, 22.0, 0.28125
surrogate, 100, 22.0, 0.28125
surrogate, 100, 22.0, 0.28125
surrogate, 100, 22.0, 0.28125
surrogate, 100, 22.0, 0.28125
surrogate, 100, 22.0, 0.28125
surrogate, 100, 22.0, 0.28125
surrogate, 100, 22.0, 0.28125
surrogate, 100, 22.0, 0.28125
surrogate, 100, 22.0, 0.28125
surrogate, 100, 22.0, 0.28125
surrogate, 100, 22.0, 0.28125
surrogate, 100, 22.0, 0.28125
surrogate, 100, 22.0, 0.28125
surrogate, 100, 22.0, 0.28125
surrogate, 100, 22.0, 0.28125
surrogate, 100, 21.0, 0.21875
surrogate, 100, 21.0, 0.21875
surrogate, 100, 21.0, 0.21875
surrogate, 100, 21.0, 0.21875
surrogate, 100, 21.0, 0.21875
surrogate, 100, 21.0, 0.21875
surrogate, 100, 21.0, 0.21875
surrogate, 100, 21.0, 0.21875
surrogate, 100, 21.0, 0.21875
surrogate, 100, 21.0, 0.21875
surrogate, 100, 21.0, 0.21875
surrogate, 100, 21.0, 0.21875
surrogate, 100, 21.0, 0.21875
surrogate, 100, 21.0, 0.21875
surrogate, 100, 21.0, 0.21875
surrogate, 100, 21.0, 0.21875
surrogate, 100, 21.0, 0.21875
surrogate, 100, 21.0, 0.21875
surrogate, 100, 21.0, 0.21875
surrogate, 100, 21.0, 0.21875
surrogate, 100, 21.0, 0.21875
surrogate, 100, 21.0, 0.21875
surrogate, 100, 21.0, 0.21875
surrogate, 100, 21.0, 0.21875
surrogate, 100, 21.0, 0.21875
surrogate, 100, 21.0, 0.21875
surrogate, 100, 21.0, 0.21875
surrogate, 100, 21.0, 0.21875
surrogate, 100, 21.0, 0.21875
surrogate, 100, 21.0, 0.21875
surrogate, 100, 21.0, 0.21875
surrogate, 100, 21.0, 0.21875
surrogate, 100, 21.0, 0.21875
surrogate, 100, 21.0, 0.21875
surrogate, 100, 21.0, 0.21875
surrogate, 100, 21.0, 0.21875
surrogate, 100, 21.0, 0.21875
surrogate, 100, 21.0, 0.21875
