method, generation, latency, ar
surrogate, 1, 26.0, 0.3125
surrogate, 1, 25.0, 0.15625
surrogate, 1, 24.0, 0.125
surrogate, 1, 21.0, 0.09375
surrogate, 2, 29.0, 0.34375
surrogate, 2, 26.0, 0.3125
surrogate, 2, 24.0, 0.25
surrogate, 2, 21.0, 0.09375
surrogate, 3, 29.0, 0.34375
surrogate, 3, 26.0, 0.3125
surrogate, 3, 24.0, 0.25
surrogate, 3, 24.0, 0.25
surrogate, 3, 21.0, 0.09375
surrogate, 4, 30.0, 0.5
surrogate, 4, 29.0, 0.34375
surrogate, 4, 29.0, 0.34375
surrogate, 4, 26.0, 0.3125
surrogate, 4, 26.0, 0.3125
surrogate, 4, 24.0, 0.25
surrogate, 4, 24.0, 0.25
surrogate, 4, 24.0, 0.25
surrogate, 4, 21.0, 0.09375
surrogate, 4, 21.0, 0.09375
surrogate, 4, 21.0, 0.09375
surrogate, 5, 30.0, 0.5
surrogate, 5, 29.0, 0.34375
surrogate, 5, 29.0, 0.34375
surrogate, 5, 26.0, 0.3125
surrogate, 5, 26.0, 0.3125
surrogate, 5, 24.0, 0.25
surrogate, 5, 24.0, 0.25
surrogate, 5, 24.0, 0.25
surrogate, 5, 24.0, 0.25
surrogate, 5, 21.0, 0.09375
surrogate, 5, 21.0, 0.09375
surrogate, 5, 21.0, 0.09375
surrogate, 6, 30.0, 0.5
surrogate, 6, 29.0, 0.34375
surrogate, 6, 29.0, 0.34375
surrogate, 6, 29.0, 0.34375
surrogate, 6, 26.0, 0.3125
surrogate, 6, 26.0, 0.3125
surrogate, 6, 24.0, 0.25
surrogate, 6, 24.0, 0.25
surrogate, 6, 24.0, 0.25
surrogate, 6, 24.0, 0.25
surrogate, 6, 24.0, 0.25
surrogate, 6, 21.0, 0.09375
surrogate, 6, 21.0, 0.09375
surrogate, 6, 21.0, 0.09375
surrogate, 7, 30.0, 0.5
surrogate, 7, 28.0, 0.34375
surrogate, 7, 26.0, 0.3125
surrogate, 7, 26.0, 0.3125
surrogate, 7, 26.0, 0.3125
surrogate, 7, 24.0, 0.25
surrogate, 7, 24.0, 0.25
surrogate, 7, 24.0, 0.25
surrogate, 7, 24.0, 0.25
surrogate, 7, 24.0, 0.25
surrogate, 7, 21.0, 0.09375
surrogate, 7, 21.0, 0.09375
surrogate, 7, 21.0, 0.09375
surrogate, 8, 28.0, 0.5
surrogate, 8, 26.0, 0.3125
surrogate, 8, 26.0, 0.3125
surrogate, 8, 26.0, 0.3125
surrogate, 8, 26.0, 0.3125
surrogate, 8, 24.0, 0.25
surrogate, 8, 24.0, 0.25
surrogate, 8, 24.0, 0.25
surrogate, 8, 24.0, 0.25
surrogate, 8, 24.0, 0.25
surrogate, 8, 21.0, 0.09375
surrogate, 8, 21.0, 0.09375
surrogate, 8, 21.0, 0.09375
surrogate, 9, 28.0, 0.5
surrogate, 9, 28.0, 0.5
surrogate, 9, 26.0, 0.3125
surrogate, 9, 26.0, 0.3125
surrogate, 9, 26.0, 0.3125
surrogate, 9, 26.0, 0.3125
surrogate, 9, 24.0, 0.25
surrogate, 9, 24.0, 0.25
surrogate, 9, 24.0, 0.25
surrogate, 9, 24.0, 0.25
surrogate, 9, 24.0, 0.25
surrogate, 9, 24.0, 0.25
surrogate, 9, 21.0, 0.09375
surrogate, 9, 21.0, 0.09375
surrogate, 9, 21.0, 0.09375
surrogate, 10, 28.0, 0.5
surrogate, 10, 28.0, 0.5
surrogate, 10, 26.0, 0.3125
surrogate, 10, 26.0, 0.3125
surrogate, 10, 26.0, 0.3125
surrogate, 10, 26.0, 0.3125
surrogate, 10, 24.0, 0.25
surrogate, 10, 24.0, 0.25
surrogate, 10, 24.0, 0.25
surrogate, 10, 24.0, 0.25
surrogate, 10, 24.0, 0.25
surrogate, 10, 24.0, 0.25
surrogate, 10, 21.0, 0.09375
surrogate, 10, 21.0, 0.09375
surrogate, 10, 21.0, 0.09375
surrogate, 11, 28.0, 0.5
surrogate, 11, 28.0, 0.5
surrogate, 11, 26.0, 0.3125
surrogate, 11, 26.0, 0.3125
surrogate, 11, 26.0, 0.3125
surrogate, 11, 26.0, 0.3125
surrogate, 11, 24.0, 0.25
surrogate, 11, 24.0, 0.25
surrogate, 11, 24.0, 0.25
surrogate, 11, 24.0, 0.25
surrogate, 11, 24.0, 0.25
surrogate, 11, 24.0, 0.25
surrogate, 11, 24.0, 0.25
surrogate, 11, 21.0, 0.09375
surrogate, 11, 21.0, 0.09375
surrogate, 11, 21.0, 0.09375
surrogate, 11, 21.0, 0.09375
surrogate, 12, 32.0, 0.6875
surrogate, 12, 28.0, 0.5
surrogate, 12, 28.0, 0.5
surrogate, 12, 26.0, 0.3125
surrogate, 12, 26.0, 0.3125
surrogate, 12, 26.0, 0.3125
surrogate, 12, 26.0, 0.3125
surrogate, 12, 26.0, 0.3125
surrogate, 12, 24.0, 0.25
surrogate, 12, 24.0, 0.25
surrogate, 12, 24.0, 0.25
surrogate, 12, 24.0, 0.25
surrogate, 12, 24.0, 0.25
surrogate, 12, 24.0, 0.25
surrogate, 12, 24.0, 0.25
surrogate, 12, 21.0, 0.09375
surrogate, 12, 21.0, 0.09375
surrogate, 12, 21.0, 0.09375
surrogate, 12, 21.0, 0.09375
surrogate, 12, 21.0, 0.09375
surrogate, 13, 32.0, 0.6875
surrogate, 13, 28.0, 0.5
surrogate, 13, 28.0, 0.5
surrogate, 13, 26.0, 0.3125
surrogate, 13, 26.0, 0.3125
surrogate, 13, 26.0, 0.3125
surrogate, 13, 26.0, 0.3125
surrogate, 13, 26.0, 0.3125
surrogate, 13, 24.0, 0.25
surrogate, 13, 24.0, 0.25
surrogate, 13, 24.0, 0.25
surrogate, 13, 24.0, 0.25
surrogate, 13, 24.0, 0.25
surrogate, 13, 24.0, 0.25
surrogate, 13, 24.0, 0.25
surrogate, 13, 21.0, 0.09375
surrogate, 13, 21.0, 0.09375
surrogate, 13, 21.0, 0.09375
surrogate, 13, 21.0, 0.09375
surrogate, 13, 21.0, 0.09375
surrogate, 14, 32.0, 0.6875
surrogate, 14, 28.0, 0.5
surrogate, 14, 28.0, 0.5
surrogate, 14, 26.0, 0.3125
surrogate, 14, 26.0, 0.3125
surrogate, 14, 26.0, 0.3125
surrogate, 14, 26.0, 0.3125
surrogate, 14, 26.0, 0.3125
surrogate, 14, 24.0, 0.25
surrogate, 14, 24.0, 0.25
surrogate, 14, 24.0, 0.25
surrogate, 14, 24.0, 0.25
surrogate, 14, 24.0, 0.25
surrogate, 14, 24.0, 0.25
surrogate, 14, 24.0, 0.25
surrogate, 14, 21.0, 0.09375
surrogate, 14, 21.0, 0.09375
surrogate, 14, 21.0, 0.09375
surrogate, 14, 21.0, 0.09375
surrogate, 14, 21.0, 0.09375
surrogate, 15, 32.0, 0.6875
surrogate, 15, 28.0, 0.5
surrogate, 15, 28.0, 0.5
surrogate, 15, 26.0, 0.3125
surrogate, 15, 26.0, 0.3125
surrogate, 15, 26.0, 0.3125
surrogate, 15, 26.0, 0.3125
surrogate, 15, 26.0, 0.3125
surrogate, 15, 26.0, 0.3125
surrogate, 15, 24.0, 0.25
surrogate, 15, 24.0, 0.25
surrogate, 15, 24.0, 0.25
surrogate, 15, 24.0, 0.25
surrogate, 15, 24.0, 0.25
surrogate, 15, 24.0, 0.25
surrogate, 15, 24.0, 0.25
surrogate, 15, 21.0, 0.09375
surrogate, 15, 21.0, 0.09375
surrogate, 15, 21.0, 0.09375
surrogate, 15, 21.0, 0.09375
surrogate, 15, 21.0, 0.09375
surrogate, 15, 21.0, 0.09375
surrogate, 16, 33.0, 0.78125
surrogate, 16, 32.0, 0.6875
surrogate, 16, 28.0, 0.5
surrogate, 16, 28.0, 0.5
surrogate, 16, 27.0, 0.375
surrogate, 16, 26.0, 0.3125
surrogate, 16, 26.0, 0.3125
surrogate, 16, 26.0, 0.3125
surrogate, 16, 26.0, 0.3125
surrogate, 16, 26.0, 0.3125
surrogate, 16, 26.0, 0.3125
surrogate, 16, 24.0, 0.25
surrogate, 16, 24.0, 0.25
surrogate, 16, 24.0, 0.25
surrogate, 16, 24.0, 0.25
surrogate, 16, 24.0, 0.25
surrogate, 16, 24.0, 0.25
surrogate, 16, 24.0, 0.25
surrogate, 16, 21.0, 0.09375
surrogate, 16, 21.0, 0.09375
surrogate, 16, 21.0, 0.09375
surrogate, 16, 21.0, 0.09375
surrogate, 16, 21.0, 0.09375
surrogate, 16, 21.0, 0.09375
surrogate, 17, 33.0, 0.78125
surrogate, 17, 32.0, 0.6875
surrogate, 17, 28.0, 0.5
surrogate, 17, 28.0, 0.5
surrogate, 17, 26.0, 0.375
surrogate, 17, 24.0, 0.25
surrogate, 17, 24.0, 0.25
surrogate, 17, 24.0, 0.25
surrogate, 17, 24.0, 0.25
surrogate, 17, 24.0, 0.25
surrogate, 17, 24.0, 0.25
surrogate, 17, 24.0, 0.25
surrogate, 17, 24.0, 0.25
surrogate, 17, 21.0, 0.09375
surrogate, 17, 21.0, 0.09375
surrogate, 17, 21.0, 0.09375
surrogate, 17, 21.0, 0.09375
surrogate, 17, 21.0, 0.09375
surrogate, 17, 21.0, 0.09375
surrogate, 18, 33.0, 0.78125
surrogate, 18, 32.0, 0.71875
surrogate, 18, 28.0, 0.5
surrogate, 18, 28.0, 0.5
surrogate, 18, 26.0, 0.375
surrogate, 18, 26.0, 0.375
surrogate, 18, 24.0, 0.25
surrogate, 18, 24.0, 0.25
surrogate, 18, 24.0, 0.25
surrogate, 18, 24.0, 0.25
surrogate, 18, 24.0, 0.25
surrogate, 18, 24.0, 0.25
surrogate, 18, 24.0, 0.25
surrogate, 18, 24.0, 0.25
surrogate, 18, 21.0, 0.09375
surrogate, 18, 21.0, 0.09375
surrogate, 18, 21.0, 0.09375
surrogate, 18, 21.0, 0.09375
surrogate, 18, 21.0, 0.09375
surrogate, 18, 21.0, 0.09375
surrogate, 19, 33.0, 0.78125
surrogate, 19, 32.0, 0.71875
surrogate, 19, 32.0, 0.71875
surrogate, 19, 28.0, 0.5
surrogate, 19, 28.0, 0.5
surrogate, 19, 28.0, 0.5
surrogate, 19, 26.0, 0.375
surrogate, 19, 26.0, 0.375
surrogate, 19, 24.0, 0.25
surrogate, 19, 24.0, 0.25
surrogate, 19, 24.0, 0.25
surrogate, 19, 24.0, 0.25
surrogate, 19, 24.0, 0.25
surrogate, 19, 24.0, 0.25
surrogate, 19, 24.0, 0.25
surrogate, 19, 24.0, 0.25
surrogate, 19, 24.0, 0.25
surrogate, 19, 21.0, 0.09375
surrogate, 19, 21.0, 0.09375
surrogate, 19, 21.0, 0.09375
surrogate, 19, 21.0, 0.09375
surrogate, 19, 21.0, 0.09375
surrogate, 19, 21.0, 0.09375
surrogate, 19, 21.0, 0.09375
surrogate, 20, 33.0, 0.78125
surrogate, 20, 32.0, 0.71875
surrogate, 20, 32.0, 0.71875
surrogate, 20, 28.0, 0.5
surrogate, 20, 28.0, 0.5
surrogate, 20, 28.0, 0.5
surrogate, 20, 26.0, 0.375
surrogate, 20, 26.0, 0.375
surrogate, 20, 26.0, 0.375
surrogate, 20, 24.0, 0.25
surrogate, 20, 24.0, 0.25
surrogate, 20, 24.0, 0.25
surrogate, 20, 24.0, 0.25
surrogate, 20, 24.0, 0.25
surrogate, 20, 24.0, 0.25
surrogate, 20, 24.0, 0.25
surrogate, 20, 24.0, 0.25
surrogate, 20, 24.0, 0.25
surrogate, 20, 21.0, 0.09375
surrogate, 20, 21.0, 0.09375
surrogate, 20, 21.0, 0.09375
surrogate, 20, 21.0, 0.09375
surrogate, 20, 21.0, 0.09375
surrogate, 20, 21.0, 0.09375
surrogate, 20, 21.0, 0.09375
surrogate, 21, 33.0, 0.78125
surrogate, 21, 32.0, 0.71875
surrogate, 21, 32.0, 0.71875
surrogate, 21, 28.0, 0.5
surrogate, 21, 28.0, 0.5
surrogate, 21, 28.0, 0.5
surrogate, 21, 26.0, 0.375
surrogate, 21, 26.0, 0.375
surrogate, 21, 26.0, 0.375
surrogate, 21, 24.0, 0.25
surrogate, 21, 24.0, 0.25
surrogate, 21, 24.0, 0.25
surrogate, 21, 24.0, 0.25
surrogate, 21, 24.0, 0.25
surrogate, 21, 24.0, 0.25
surrogate, 21, 24.0, 0.25
surrogate, 21, 24.0, 0.25
surrogate, 21, 24.0, 0.25
surrogate, 21, 24.0, 0.25
surrogate, 21, 21.0, 0.09375
surrogate, 21, 21.0, 0.09375
surrogate, 21, 21.0, 0.09375
surrogate, 21, 21.0, 0.09375
surrogate, 21, 21.0, 0.09375
surrogate, 21, 21.0, 0.09375
surrogate, 21, 21.0, 0.09375
surrogate, 22, 33.0, 0.78125
surrogate, 22, 32.0, 0.71875
surrogate, 22, 32.0, 0.71875
surrogate, 22, 28.0, 0.5
surrogate, 22, 28.0, 0.5
surrogate, 22, 28.0, 0.5
surrogate, 22, 26.0, 0.375
surrogate, 22, 26.0, 0.375
surrogate, 22, 26.0, 0.375
surrogate, 22, 24.0, 0.25
surrogate, 22, 24.0, 0.25
surrogate, 22, 24.0, 0.25
surrogate, 22, 24.0, 0.25
surrogate, 22, 24.0, 0.25
surrogate, 22, 24.0, 0.25
surrogate, 22, 24.0, 0.25
surrogate, 22, 24.0, 0.25
surrogate, 22, 24.0, 0.25
surrogate, 22, 24.0, 0.25
surrogate, 22, 21.0, 0.09375
surrogate, 22, 21.0, 0.09375
surrogate, 22, 21.0, 0.09375
surrogate, 22, 21.0, 0.09375
surrogate, 22, 21.0, 0.09375
surrogate, 22, 21.0, 0.09375
surrogate, 22, 21.0, 0.09375
surrogate, 23, 33.0, 0.78125
surrogate, 23, 32.0, 0.71875
surrogate, 23, 32.0, 0.71875
surrogate, 23, 28.0, 0.5
surrogate, 23, 28.0, 0.5
surrogate, 23, 28.0, 0.5
surrogate, 23, 28.0, 0.5
surrogate, 23, 26.0, 0.375
surrogate, 23, 26.0, 0.375
surrogate, 23, 26.0, 0.375
surrogate, 23, 26.0, 0.375
surrogate, 23, 24.0, 0.25
surrogate, 23, 24.0, 0.25
surrogate, 23, 24.0, 0.25
surrogate, 23, 24.0, 0.25
surrogate, 23, 24.0, 0.25
surrogate, 23, 24.0, 0.25
surrogate, 23, 24.0, 0.25
surrogate, 23, 24.0, 0.25
surrogate, 23, 24.0, 0.25
surrogate, 23, 24.0, 0.25
surrogate, 23, 24.0, 0.25
surrogate, 23, 21.0, 0.09375
surrogate, 23, 21.0, 0.09375
surrogate, 23, 21.0, 0.09375
surrogate, 23, 21.0, 0.09375
surrogate, 23, 21.0, 0.09375
surrogate, 23, 21.0, 0.09375
surrogate, 23, 21.0, 0.09375
surrogate, 23, 21.0, 0.09375
surrogate, 24, 33.0, 0.78125
surrogate, 24, 32.0, 0.71875
surrogate, 24, 32.0, 0.71875
surrogate, 24, 28.0, 0.5
surrogate, 24, 28.0, 0.5
surrogate, 24, 28.0, 0.5
surrogate, 24, 28.0, 0.5
surrogate, 24, 26.0, 0.375
surrogate, 24, 26.0, 0.375
surrogate, 24, 26.0, 0.375
surrogate, 24, 26.0, 0.375
surrogate, 24, 26.0, 0.375
surrogate, 24, 24.0, 0.25
surrogate, 24, 24.0, 0.25
surrogate, 24, 24.0, 0.25
surrogate, 24, 24.0, 0.25
surrogate, 24, 24.0, 0.25
surrogate, 24, 24.0, 0.25
surrogate, 24, 24.0, 0.25
surrogate, 24, 24.0, 0.25
surrogate, 24, 24.0, 0.25
surrogate, 24, 24.0, 0.25
surrogate, 24, 24.0, 0.25
surrogate, 24, 21.0, 0.09375
surrogate, 24, 21.0, 0.09375
surrogate, 24, 21.0, 0.09375
surrogate, 24, 21.0, 0.09375
surrogate, 24, 21.0, 0.09375
surrogate, 24, 21.0, 0.09375
surrogate, 24, 21.0, 0.09375
surrogate, 24, 21.0, 0.09375
surrogate, 24, 21.0, 0.09375
surrogate, 25, 33.0, 0.78125
surrogate, 25, 32.0, 0.71875
surrogate, 25, 32.0, 0.71875
surrogate, 25, 28.0, 0.5
surrogate, 25, 28.0, 0.5
surrogate, 25, 28.0, 0.5
surrogate, 25, 28.0, 0.5
surrogate, 25, 26.0, 0.375
surrogate, 25, 26.0, 0.375
surrogate, 25, 26.0, 0.375
surrogate, 25, 26.0, 0.375
surrogate, 25, 26.0, 0.375
surrogate, 25, 24.0, 0.25
surrogate, 25, 24.0, 0.25
surrogate, 25, 24.0, 0.25
surrogate, 25, 24.0, 0.25
surrogate, 25, 24.0, 0.25
surrogate, 25, 24.0, 0.25
surrogate, 25, 24.0, 0.25
surrogate, 25, 24.0, 0.25
surrogate, 25, 24.0, 0.25
surrogate, 25, 24.0, 0.25
surrogate, 25, 24.0, 0.25
surrogate, 25, 21.0, 0.09375
surrogate, 25, 21.0, 0.09375
surrogate, 25, 21.0, 0.09375
surrogate, 25, 21.0, 0.09375
surrogate, 25, 21.0, 0.09375
surrogate, 25, 21.0, 0.09375
surrogate, 25, 21.0, 0.09375
surrogate, 25, 21.0, 0.09375
surrogate, 25, 21.0, 0.09375
surrogate, 25, 21.0, 0.09375
surrogate, 26, 33.0, 0.78125
surrogate, 26, 32.0, 0.71875
surrogate, 26, 32.0, 0.71875
surrogate, 26, 28.0, 0.5
surrogate, 26, 28.0, 0.5
surrogate, 26, 28.0, 0.5
surrogate, 26, 28.0, 0.5
surrogate, 26, 26.0, 0.375
surrogate, 26, 26.0, 0.375
surrogate, 26, 26.0, 0.375
surrogate, 26, 26.0, 0.375
surrogate, 26, 26.0, 0.375
surrogate, 26, 24.0, 0.25
surrogate, 26, 24.0, 0.25
surrogate, 26, 24.0, 0.25
surrogate, 26, 24.0, 0.25
surrogate, 26, 24.0, 0.25
surrogate, 26, 24.0, 0.25
surrogate, 26, 24.0, 0.25
surrogate, 26, 24.0, 0.25
surrogate, 26, 24.0, 0.25
surrogate, 26, 24.0, 0.25
surrogate, 26, 24.0, 0.25
surrogate, 26, 21.0, 0.09375
surrogate, 26, 21.0, 0.09375
surrogate, 26, 21.0, 0.09375
surrogate, 26, 21.0, 0.09375
surrogate, 26, 21.0, 0.09375
surrogate, 26, 21.0, 0.09375
surrogate, 26, 21.0, 0.09375
surrogate, 26, 21.0, 0.09375
surrogate, 26, 21.0, 0.09375
surrogate, 26, 21.0, 0.09375
surrogate, 27, 33.0, 0.78125
surrogate, 27, 32.0, 0.71875
surrogate, 27, 32.0, 0.71875
surrogate, 27, 28.0, 0.5
surrogate, 27, 28.0, 0.5
surrogate, 27, 28.0, 0.5
surrogate, 27, 28.0, 0.5
surrogate, 27, 26.0, 0.375
surrogate, 27, 26.0, 0.375
surrogate, 27, 26.0, 0.375
surrogate, 27, 26.0, 0.375
surrogate, 27, 26.0, 0.375
surrogate, 27, 24.0, 0.25
surrogate, 27, 24.0, 0.25
surrogate, 27, 24.0, 0.25
surrogate, 27, 24.0, 0.25
surrogate, 27, 24.0, 0.25
surrogate, 27, 24.0, 0.25
surrogate, 27, 24.0, 0.25
surrogate, 27, 24.0, 0.25
surrogate, 27, 24.0, 0.25
surrogate, 27, 24.0, 0.25
surrogate, 27, 24.0, 0.25
surrogate, 27, 21.0, 0.09375
surrogate, 27, 21.0, 0.09375
surrogate, 27, 21.0, 0.09375
surrogate, 27, 21.0, 0.09375
surrogate, 27, 21.0, 0.09375
surrogate, 27, 21.0, 0.09375
surrogate, 27, 21.0, 0.09375
surrogate, 27, 21.0, 0.09375
surrogate, 27, 21.0, 0.09375
surrogate, 27, 21.0, 0.09375
surrogate, 27, 21.0, 0.09375
surrogate, 28, 33.0, 0.78125
surrogate, 28, 32.0, 0.71875
surrogate, 28, 32.0, 0.71875
surrogate, 28, 28.0, 0.5
surrogate, 28, 28.0, 0.5
surrogate, 28, 28.0, 0.5
surrogate, 28, 28.0, 0.5
surrogate, 28, 28.0, 0.5
surrogate, 28, 26.0, 0.375
surrogate, 28, 26.0, 0.375
surrogate, 28, 26.0, 0.375
surrogate, 28, 26.0, 0.375
surrogate, 28, 26.0, 0.375
surrogate, 28, 24.0, 0.25
surrogate, 28, 24.0, 0.25
surrogate, 28, 24.0, 0.25
surrogate, 28, 24.0, 0.25
surrogate, 28, 24.0, 0.25
surrogate, 28, 24.0, 0.25
surrogate, 28, 24.0, 0.25
surrogate, 28, 24.0, 0.25
surrogate, 28, 24.0, 0.25
surrogate, 28, 24.0, 0.25
surrogate, 28, 24.0, 0.25
surrogate, 28, 21.0, 0.09375
surrogate, 28, 21.0, 0.09375
surrogate, 28, 21.0, 0.09375
surrogate, 28, 21.0, 0.09375
surrogate, 28, 21.0, 0.09375
surrogate, 28, 21.0, 0.09375
surrogate, 28, 21.0, 0.09375
surrogate, 28, 21.0, 0.09375
surrogate, 28, 21.0, 0.09375
surrogate, 28, 21.0, 0.09375
surrogate, 28, 21.0, 0.09375
surrogate, 29, 33.0, 0.78125
surrogate, 29, 32.0, 0.71875
surrogate, 29, 32.0, 0.71875
surrogate, 29, 28.0, 0.5
surrogate, 29, 28.0, 0.5
surrogate, 29, 28.0, 0.5
surrogate, 29, 28.0, 0.5
surrogate, 29, 28.0, 0.5
surrogate, 29, 26.0, 0.375
surrogate, 29, 26.0, 0.375
surrogate, 29, 26.0, 0.375
surrogate, 29, 26.0, 0.375
surrogate, 29, 26.0, 0.375
surrogate, 29, 24.0, 0.25
surrogate, 29, 24.0, 0.25
surrogate, 29, 24.0, 0.25
surrogate, 29, 24.0, 0.25
surrogate, 29, 24.0, 0.25
surrogate, 29, 24.0, 0.25
surrogate, 29, 24.0, 0.25
surrogate, 29, 24.0, 0.25
surrogate, 29, 24.0, 0.25
surrogate, 29, 24.0, 0.25
surrogate, 29, 24.0, 0.25
surrogate, 29, 21.0, 0.09375
surrogate, 29, 21.0, 0.09375
surrogate, 29, 21.0, 0.09375
surrogate, 29, 21.0, 0.09375
surrogate, 29, 21.0, 0.09375
surrogate, 29, 21.0, 0.09375
surrogate, 29, 21.0, 0.09375
surrogate, 29, 21.0, 0.09375
surrogate, 29, 21.0, 0.09375
surrogate, 29, 21.0, 0.09375
surrogate, 29, 21.0, 0.09375
surrogate, 30, 35.0, 0.9375
surrogate, 30, 33.0, 0.78125
surrogate, 30, 32.0, 0.71875
surrogate, 30, 32.0, 0.71875
surrogate, 30, 28.0, 0.5
surrogate, 30, 28.0, 0.5
surrogate, 30, 28.0, 0.5
surrogate, 30, 28.0, 0.5
surrogate, 30, 28.0, 0.5
surrogate, 30, 26.0, 0.375
surrogate, 30, 26.0, 0.375
surrogate, 30, 26.0, 0.375
surrogate, 30, 26.0, 0.375
surrogate, 30, 26.0, 0.375
surrogate, 30, 24.0, 0.25
surrogate, 30, 24.0, 0.25
surrogate, 30, 24.0, 0.25
surrogate, 30, 24.0, 0.25
surrogate, 30, 24.0, 0.25
surrogate, 30, 24.0, 0.25
surrogate, 30, 24.0, 0.25
surrogate, 30, 24.0, 0.25
surrogate, 30, 24.0, 0.25
surrogate, 30, 24.0, 0.25
surrogate, 30, 24.0, 0.25
surrogate, 30, 24.0, 0.25
surrogate, 30, 21.0, 0.09375
surrogate, 30, 21.0, 0.09375
surrogate, 30, 21.0, 0.09375
surrogate, 30, 21.0, 0.09375
surrogate, 30, 21.0, 0.09375
surrogate, 30, 21.0, 0.09375
surrogate, 30, 21.0, 0.09375
surrogate, 30, 21.0, 0.09375
surrogate, 30, 21.0, 0.09375
surrogate, 30, 21.0, 0.09375
surrogate, 30, 21.0, 0.09375
surrogate, 30, 21.0, 0.09375
surrogate, 31, 35.0, 0.9375
surrogate, 31, 33.0, 0.78125
surrogate, 31, 32.0, 0.71875
surrogate, 31, 32.0, 0.71875
surrogate, 31, 32.0, 0.71875
surrogate, 31, 28.0, 0.5
surrogate, 31, 28.0, 0.5
surrogate, 31, 28.0, 0.5
surrogate, 31, 28.0, 0.5
surrogate, 31, 28.0, 0.5
surrogate, 31, 26.0, 0.375
surrogate, 31, 26.0, 0.375
surrogate, 31, 26.0, 0.375
surrogate, 31, 26.0, 0.375
surrogate, 31, 26.0, 0.375
surrogate, 31, 24.0, 0.25
surrogate, 31, 24.0, 0.25
surrogate, 31, 24.0, 0.25
surrogate, 31, 24.0, 0.25
surrogate, 31, 24.0, 0.25
surrogate, 31, 24.0, 0.25
surrogate, 31, 24.0, 0.25
surrogate, 31, 24.0, 0.25
surrogate, 31, 24.0, 0.25
surrogate, 31, 24.0, 0.25
surrogate, 31, 24.0, 0.25
surrogate, 31, 24.0, 0.25
surrogate, 31, 24.0, 0.25
surrogate, 31, 21.0, 0.09375
surrogate, 31, 21.0, 0.09375
surrogate, 31, 21.0, 0.09375
surrogate, 31, 21.0, 0.09375
surrogate, 31, 21.0, 0.09375
surrogate, 31, 21.0, 0.09375
surrogate, 31, 21.0, 0.09375
surrogate, 31, 21.0, 0.09375
surrogate, 31, 21.0, 0.09375
surrogate, 31, 21.0, 0.09375
surrogate, 31, 21.0, 0.09375
surrogate, 31, 21.0, 0.09375
surrogate, 31, 21.0, 0.09375
surrogate, 32, 35.0, 0.9375
surrogate, 32, 33.0, 0.78125
surrogate, 32, 32.0, 0.71875
surrogate, 32, 32.0, 0.71875
surrogate, 32, 32.0, 0.71875
surrogate, 32, 28.0, 0.5
surrogate, 32, 28.0, 0.5
surrogate, 32, 28.0, 0.5
surrogate, 32, 28.0, 0.5
surrogate, 32, 28.0, 0.5
surrogate, 32, 28.0, 0.5
surrogate, 32, 26.0, 0.375
surrogate, 32, 26.0, 0.375
surrogate, 32, 26.0, 0.375
surrogate, 32, 26.0, 0.375
surrogate, 32, 26.0, 0.375
surrogate, 32, 24.0, 0.25
surrogate, 32, 24.0, 0.25
surrogate, 32, 24.0, 0.25
surrogate, 32, 24.0, 0.25
surrogate, 32, 24.0, 0.25
surrogate, 32, 24.0, 0.25
surrogate, 32, 24.0, 0.25
surrogate, 32, 24.0, 0.25
surrogate, 32, 24.0, 0.25
surrogate, 32, 24.0, 0.25
surrogate, 32, 24.0, 0.25
surrogate, 32, 24.0, 0.25
surrogate, 32, 24.0, 0.25
surrogate, 32, 24.0, 0.25
surrogate, 32, 21.0, 0.09375
surrogate, 32, 21.0, 0.09375
surrogate, 32, 21.0, 0.09375
surrogate, 32, 21.0, 0.09375
surrogate, 32, 21.0, 0.09375
surrogate, 32, 21.0, 0.09375
surrogate, 32, 21.0, 0.09375
surrogate, 32, 21.0, 0.09375
surrogate, 32, 21.0, 0.09375
surrogate, 32, 21.0, 0.09375
surrogate, 32, 21.0, 0.09375
surrogate, 32, 21.0, 0.09375
surrogate, 32, 21.0, 0.09375
surrogate, 33, 35.0, 0.9375
surrogate, 33, 33.0, 0.78125
surrogate, 33, 32.0, 0.71875
surrogate, 33, 32.0, 0.71875
surrogate, 33, 32.0, 0.71875
surrogate, 33, 32.0, 0.71875
surrogate, 33, 28.0, 0.5
surrogate, 33, 28.0, 0.5
surrogate, 33, 28.0, 0.5
surrogate, 33, 28.0, 0.5
surrogate, 33, 28.0, 0.5
surrogate, 33, 28.0, 0.5
surrogate, 33, 26.0, 0.375
surrogate, 33, 26.0, 0.375
surrogate, 33, 26.0, 0.375
surrogate, 33, 26.0, 0.375
surrogate, 33, 26.0, 0.375
surrogate, 33, 24.0, 0.25
surrogate, 33, 24.0, 0.25
surrogate, 33, 24.0, 0.25
surrogate, 33, 24.0, 0.25
surrogate, 33, 24.0, 0.25
surrogate, 33, 24.0, 0.25
surrogate, 33, 24.0, 0.25
surrogate, 33, 24.0, 0.25
surrogate, 33, 24.0, 0.25
surrogate, 33, 24.0, 0.25
surrogate, 33, 24.0, 0.25
surrogate, 33, 24.0, 0.25
surrogate, 33, 24.0, 0.25
surrogate, 33, 24.0, 0.25
surrogate, 33, 21.0, 0.09375
surrogate, 33, 21.0, 0.09375
surrogate, 33, 21.0, 0.09375
surrogate, 33, 21.0, 0.09375
surrogate, 33, 21.0, 0.09375
surrogate, 33, 21.0, 0.09375
surrogate, 33, 21.0, 0.09375
surrogate, 33, 21.0, 0.09375
surrogate, 33, 21.0, 0.09375
surrogate, 33, 21.0, 0.09375
surrogate, 33, 21.0, 0.09375
surrogate, 33, 21.0, 0.09375
surrogate, 33, 21.0, 0.09375
surrogate, 33, 21.0, 0.09375
surrogate, 34, 34.0, 0.9375
surrogate, 34, 33.0, 0.78125
surrogate, 34, 32.0, 0.71875
surrogate, 34, 32.0, 0.71875
surrogate, 34, 32.0, 0.71875
surrogate, 34, 32.0, 0.71875
surrogate, 34, 28.0, 0.5
surrogate, 34, 28.0, 0.5
surrogate, 34, 28.0, 0.5
surrogate, 34, 28.0, 0.5
surrogate, 34, 28.0, 0.5
surrogate, 34, 28.0, 0.5
surrogate, 34, 26.0, 0.375
surrogate, 34, 26.0, 0.375
surrogate, 34, 26.0, 0.375
surrogate, 34, 26.0, 0.375
surrogate, 34, 26.0, 0.375
surrogate, 34, 26.0, 0.375
surrogate, 34, 24.0, 0.25
surrogate, 34, 24.0, 0.25
surrogate, 34, 24.0, 0.25
surrogate, 34, 24.0, 0.25
surrogate, 34, 24.0, 0.25
surrogate, 34, 24.0, 0.25
surrogate, 34, 24.0, 0.25
surrogate, 34, 24.0, 0.25
surrogate, 34, 24.0, 0.25
surrogate, 34, 24.0, 0.25
surrogate, 34, 24.0, 0.25
surrogate, 34, 24.0, 0.25
surrogate, 34, 24.0, 0.25
surrogate, 34, 24.0, 0.25
surrogate, 34, 21.0, 0.09375
surrogate, 34, 21.0, 0.09375
surrogate, 34, 21.0, 0.09375
surrogate, 34, 21.0, 0.09375
surrogate, 34, 21.0, 0.09375
surrogate, 34, 21.0, 0.09375
surrogate, 34, 21.0, 0.09375
surrogate, 34, 21.0, 0.09375
surrogate, 34, 21.0, 0.09375
surrogate, 34, 21.0, 0.09375
surrogate, 34, 21.0, 0.09375
surrogate, 34, 21.0, 0.09375
surrogate, 34, 21.0, 0.09375
surrogate, 34, 21.0, 0.09375
surrogate, 35, 34.0, 0.9375
surrogate, 35, 33.0, 0.78125
surrogate, 35, 32.0, 0.71875
surrogate, 35, 32.0, 0.71875
surrogate, 35, 32.0, 0.71875
surrogate, 35, 32.0, 0.71875
surrogate, 35, 28.0, 0.5
surrogate, 35, 28.0, 0.5
surrogate, 35, 28.0, 0.5
surrogate, 35, 28.0, 0.5
surrogate, 35, 28.0, 0.5
surrogate, 35, 28.0, 0.5
surrogate, 35, 26.0, 0.375
surrogate, 35, 26.0, 0.375
surrogate, 35, 26.0, 0.375
surrogate, 35, 26.0, 0.375
surrogate, 35, 26.0, 0.375
surrogate, 35, 26.0, 0.375
surrogate, 35, 26.0, 0.375
surrogate, 35, 24.0, 0.25
surrogate, 35, 24.0, 0.25
surrogate, 35, 24.0, 0.25
surrogate, 35, 24.0, 0.25
surrogate, 35, 24.0, 0.25
surrogate, 35, 24.0, 0.25
surrogate, 35, 24.0, 0.25
surrogate, 35, 24.0, 0.25
surrogate, 35, 24.0, 0.25
surrogate, 35, 24.0, 0.25
surrogate, 35, 24.0, 0.25
surrogate, 35, 24.0, 0.25
surrogate, 35, 24.0, 0.25
surrogate, 35, 24.0, 0.25
surrogate, 35, 21.0, 0.09375
surrogate, 35, 21.0, 0.09375
surrogate, 35, 21.0, 0.09375
surrogate, 35, 21.0, 0.09375
surrogate, 35, 21.0, 0.09375
surrogate, 35, 21.0, 0.09375
surrogate, 35, 21.0, 0.09375
surrogate, 35, 21.0, 0.09375
surrogate, 35, 21.0, 0.09375
surrogate, 35, 21.0, 0.09375
surrogate, 35, 21.0, 0.09375
surrogate, 35, 21.0, 0.09375
surrogate, 35, 21.0, 0.09375
surrogate, 35, 21.0, 0.09375
surrogate, 35, 21.0, 0.09375
surrogate, 36, 34.0, 0.9375
surrogate, 36, 33.0, 0.78125
surrogate, 36, 32.0, 0.71875
surrogate, 36, 32.0, 0.71875
surrogate, 36, 32.0, 0.71875
surrogate, 36, 32.0, 0.71875
surrogate, 36, 32.0, 0.71875
surrogate, 36, 28.0, 0.5
surrogate, 36, 28.0, 0.5
surrogate, 36, 28.0, 0.5
surrogate, 36, 28.0, 0.5
surrogate, 36, 28.0, 0.5
surrogate, 36, 28.0, 0.5
surrogate, 36, 26.0, 0.375
surrogate, 36, 26.0, 0.375
surrogate, 36, 26.0, 0.375
surrogate, 36, 26.0, 0.375
surrogate, 36, 26.0, 0.375
surrogate, 36, 26.0, 0.375
surrogate, 36, 26.0, 0.375
surrogate, 36, 24.0, 0.25
surrogate, 36, 24.0, 0.25
surrogate, 36, 24.0, 0.25
surrogate, 36, 24.0, 0.25
surrogate, 36, 24.0, 0.25
surrogate, 36, 24.0, 0.25
surrogate, 36, 24.0, 0.25
surrogate, 36, 24.0, 0.25
surrogate, 36, 24.0, 0.25
surrogate, 36, 24.0, 0.25
surrogate, 36, 24.0, 0.25
surrogate, 36, 24.0, 0.25
surrogate, 36, 24.0, 0.25
surrogate, 36, 24.0, 0.25
surrogate, 36, 21.0, 0.09375
surrogate, 36, 21.0, 0.09375
surrogate, 36, 21.0, 0.09375
surrogate, 36, 21.0, 0.09375
surrogate, 36, 21.0, 0.09375
surrogate, 36, 21.0, 0.09375
surrogate, 36, 21.0, 0.09375
surrogate, 36, 21.0, 0.09375
surrogate, 36, 21.0, 0.09375
surrogate, 36, 21.0, 0.09375
surrogate, 36, 21.0, 0.09375
surrogate, 36, 21.0, 0.09375
surrogate, 36, 21.0, 0.09375
surrogate, 36, 21.0, 0.09375
surrogate, 36, 21.0, 0.09375
surrogate, 37, 34.0, 0.9375
surrogate, 37, 33.0, 0.78125
surrogate, 37, 32.0, 0.71875
surrogate, 37, 32.0, 0.71875
surrogate, 37, 32.0, 0.71875
surrogate, 37, 32.0, 0.71875
surrogate, 37, 32.0, 0.71875
surrogate, 37, 28.0, 0.5
surrogate, 37, 28.0, 0.5
surrogate, 37, 28.0, 0.5
surrogate, 37, 28.0, 0.5
surrogate, 37, 28.0, 0.5
surrogate, 37, 28.0, 0.5
surrogate, 37, 26.0, 0.375
surrogate, 37, 26.0, 0.375
surrogate, 37, 26.0, 0.375
surrogate, 37, 26.0, 0.375
surrogate, 37, 26.0, 0.375
surrogate, 37, 26.0, 0.375
surrogate, 37, 26.0, 0.375
surrogate, 37, 24.0, 0.25
surrogate, 37, 24.0, 0.25
surrogate, 37, 24.0, 0.25
surrogate, 37, 24.0, 0.25
surrogate, 37, 24.0, 0.25
surrogate, 37, 24.0, 0.25
surrogate, 37, 24.0, 0.25
surrogate, 37, 24.0, 0.25
surrogate, 37, 24.0, 0.25
surrogate, 37, 24.0, 0.25
surrogate, 37, 24.0, 0.25
surrogate, 37, 24.0, 0.25
surrogate, 37, 24.0, 0.25
surrogate, 37, 24.0, 0.25
surrogate, 37, 21.0, 0.09375
surrogate, 37, 21.0, 0.09375
surrogate, 37, 21.0, 0.09375
surrogate, 37, 21.0, 0.09375
surrogate, 37, 21.0, 0.09375
surrogate, 37, 21.0, 0.09375
surrogate, 37, 21.0, 0.09375
surrogate, 37, 21.0, 0.09375
surrogate, 37, 21.0, 0.09375
surrogate, 37, 21.0, 0.09375
surrogate, 37, 21.0, 0.09375
surrogate, 37, 21.0, 0.09375
surrogate, 37, 21.0, 0.09375
surrogate, 37, 21.0, 0.09375
surrogate, 37, 21.0, 0.09375
surrogate, 37, 21.0, 0.09375
surrogate, 38, 34.0, 0.9375
surrogate, 38, 34.0, 0.9375
surrogate, 38, 33.0, 0.78125
surrogate, 38, 32.0, 0.71875
surrogate, 38, 32.0, 0.71875
surrogate, 38, 32.0, 0.71875
surrogate, 38, 32.0, 0.71875
surrogate, 38, 32.0, 0.71875
surrogate, 38, 31.0, 0.59375
surrogate, 38, 28.0, 0.5
surrogate, 38, 28.0, 0.5
surrogate, 38, 28.0, 0.5
surrogate, 38, 28.0, 0.5
surrogate, 38, 28.0, 0.5
surrogate, 38, 28.0, 0.5
surrogate, 38, 26.0, 0.375
surrogate, 38, 26.0, 0.375
surrogate, 38, 26.0, 0.375
surrogate, 38, 26.0, 0.375
surrogate, 38, 26.0, 0.375
surrogate, 38, 26.0, 0.375
surrogate, 38, 26.0, 0.375
surrogate, 38, 26.0, 0.375
surrogate, 38, 24.0, 0.25
surrogate, 38, 24.0, 0.25
surrogate, 38, 24.0, 0.25
surrogate, 38, 24.0, 0.25
surrogate, 38, 24.0, 0.25
surrogate, 38, 24.0, 0.25
surrogate, 38, 24.0, 0.25
surrogate, 38, 24.0, 0.25
surrogate, 38, 24.0, 0.25
surrogate, 38, 24.0, 0.25
surrogate, 38, 24.0, 0.25
surrogate, 38, 24.0, 0.25
surrogate, 38, 24.0, 0.25
surrogate, 38, 24.0, 0.25
surrogate, 38, 24.0, 0.25
surrogate, 38, 21.0, 0.09375
surrogate, 38, 21.0, 0.09375
surrogate, 38, 21.0, 0.09375
surrogate, 38, 21.0, 0.09375
surrogate, 38, 21.0, 0.09375
surrogate, 38, 21.0, 0.09375
surrogate, 38, 21.0, 0.09375
surrogate, 38, 21.0, 0.09375
surrogate, 38, 21.0, 0.09375
surrogate, 38, 21.0, 0.09375
surrogate, 38, 21.0, 0.09375
surrogate, 38, 21.0, 0.09375
surrogate, 38, 21.0, 0.09375
surrogate, 38, 21.0, 0.09375
surrogate, 38, 21.0, 0.09375
surrogate, 38, 21.0, 0.09375
surrogate, 39, 34.0, 0.9375
surrogate, 39, 34.0, 0.9375
surrogate, 39, 33.0, 0.78125
surrogate, 39, 33.0, 0.78125
surrogate, 39, 32.0, 0.71875
surrogate, 39, 32.0, 0.71875
surrogate, 39, 32.0, 0.71875
surrogate, 39, 32.0, 0.71875
surrogate, 39, 32.0, 0.71875
surrogate, 39, 31.0, 0.59375
surrogate, 39, 28.0, 0.5
surrogate, 39, 28.0, 0.5
surrogate, 39, 28.0, 0.5
surrogate, 39, 28.0, 0.5
surrogate, 39, 28.0, 0.5
surrogate, 39, 28.0, 0.5
surrogate, 39, 28.0, 0.5
surrogate, 39, 26.0, 0.375
surrogate, 39, 26.0, 0.375
surrogate, 39, 26.0, 0.375
surrogate, 39, 26.0, 0.375
surrogate, 39, 26.0, 0.375
surrogate, 39, 26.0, 0.375
surrogate, 39, 26.0, 0.375
surrogate, 39, 26.0, 0.375
surrogate, 39, 26.0, 0.375
surrogate, 39, 24.0, 0.25
surrogate, 39, 24.0, 0.25
surrogate, 39, 24.0, 0.25
surrogate, 39, 24.0, 0.25
surrogate, 39, 24.0, 0.25
surrogate, 39, 24.0, 0.25
surrogate, 39, 24.0, 0.25
surrogate, 39, 24.0, 0.25
surrogate, 39, 24.0, 0.25
surrogate, 39, 24.0, 0.25
surrogate, 39, 24.0, 0.25
surrogate, 39, 24.0, 0.25
surrogate, 39, 24.0, 0.25
surrogate, 39, 24.0, 0.25
surrogate, 39, 24.0, 0.25
surrogate, 39, 24.0, 0.25
surrogate, 39, 21.0, 0.09375
surrogate, 39, 21.0, 0.09375
surrogate, 39, 21.0, 0.09375
surrogate, 39, 21.0, 0.09375
surrogate, 39, 21.0, 0.09375
surrogate, 39, 21.0, 0.09375
surrogate, 39, 21.0, 0.09375
surrogate, 39, 21.0, 0.09375
surrogate, 39, 21.0, 0.09375
surrogate, 39, 21.0, 0.09375
surrogate, 39, 21.0, 0.09375
surrogate, 39, 21.0, 0.09375
surrogate, 39, 21.0, 0.09375
surrogate, 39, 21.0, 0.09375
surrogate, 39, 21.0, 0.09375
surrogate, 39, 21.0, 0.09375
surrogate, 40, 34.0, 0.9375
surrogate, 40, 34.0, 0.9375
surrogate, 40, 33.0, 0.78125
surrogate, 40, 33.0, 0.78125
surrogate, 40, 32.0, 0.71875
surrogate, 40, 32.0, 0.71875
surrogate, 40, 32.0, 0.71875
surrogate, 40, 32.0, 0.71875
surrogate, 40, 32.0, 0.71875
surrogate, 40, 31.0, 0.59375
surrogate, 40, 28.0, 0.5
surrogate, 40, 28.0, 0.5
surrogate, 40, 28.0, 0.5
surrogate, 40, 28.0, 0.5
surrogate, 40, 28.0, 0.5
surrogate, 40, 28.0, 0.5
surrogate, 40, 28.0, 0.5
surrogate, 40, 26.0, 0.375
surrogate, 40, 26.0, 0.375
surrogate, 40, 26.0, 0.375
surrogate, 40, 26.0, 0.375
surrogate, 40, 26.0, 0.375
surrogate, 40, 26.0, 0.375
surrogate, 40, 26.0, 0.375
surrogate, 40, 26.0, 0.375
surrogate, 40, 26.0, 0.375
surrogate, 40, 24.0, 0.25
surrogate, 40, 24.0, 0.25
surrogate, 40, 24.0, 0.25
surrogate, 40, 24.0, 0.25
surrogate, 40, 24.0, 0.25
surrogate, 40, 24.0, 0.25
surrogate, 40, 24.0, 0.25
surrogate, 40, 24.0, 0.25
surrogate, 40, 24.0, 0.25
surrogate, 40, 24.0, 0.25
surrogate, 40, 24.0, 0.25
surrogate, 40, 24.0, 0.25
surrogate, 40, 24.0, 0.25
surrogate, 40, 24.0, 0.25
surrogate, 40, 24.0, 0.25
surrogate, 40, 24.0, 0.25
surrogate, 40, 21.0, 0.09375
surrogate, 40, 21.0, 0.09375
surrogate, 40, 21.0, 0.09375
surrogate, 40, 21.0, 0.09375
surrogate, 40, 21.0, 0.09375
surrogate, 40, 21.0, 0.09375
surrogate, 40, 21.0, 0.09375
surrogate, 40, 21.0, 0.09375
surrogate, 40, 21.0, 0.09375
surrogate, 40, 21.0, 0.09375
surrogate, 40, 21.0, 0.09375
surrogate, 40, 21.0, 0.09375
surrogate, 40, 21.0, 0.09375
surrogate, 40, 21.0, 0.09375
surrogate, 40, 21.0, 0.09375
surrogate, 40, 21.0, 0.09375
surrogate, 41, 34.0, 0.9375
surrogate, 41, 34.0, 0.9375
surrogate, 41, 33.0, 0.78125
surrogate, 41, 33.0, 0.78125
surrogate, 41, 32.0, 0.71875
surrogate, 41, 32.0, 0.71875
surrogate, 41, 32.0, 0.71875
surrogate, 41, 32.0, 0.71875
surrogate, 41, 32.0, 0.71875
surrogate, 41, 32.0, 0.71875
surrogate, 41, 31.0, 0.59375
surrogate, 41, 31.0, 0.59375
surrogate, 41, 28.0, 0.5
surrogate, 41, 28.0, 0.5
surrogate, 41, 28.0, 0.5
surrogate, 41, 28.0, 0.5
surrogate, 41, 28.0, 0.5
surrogate, 41, 28.0, 0.5
surrogate, 41, 28.0, 0.5
surrogate, 41, 26.0, 0.375
surrogate, 41, 26.0, 0.375
surrogate, 41, 26.0, 0.375
surrogate, 41, 26.0, 0.375
surrogate, 41, 26.0, 0.375
surrogate, 41, 26.0, 0.375
surrogate, 41, 26.0, 0.375
surrogate, 41, 26.0, 0.375
surrogate, 41, 26.0, 0.375
surrogate, 41, 24.0, 0.25
surrogate, 41, 24.0, 0.25
surrogate, 41, 24.0, 0.25
surrogate, 41, 24.0, 0.25
surrogate, 41, 24.0, 0.25
surrogate, 41, 24.0, 0.25
surrogate, 41, 24.0, 0.25
surrogate, 41, 24.0, 0.25
surrogate, 41, 24.0, 0.25
surrogate, 41, 24.0, 0.25
surrogate, 41, 24.0, 0.25
surrogate, 41, 24.0, 0.25
surrogate, 41, 24.0, 0.25
surrogate, 41, 24.0, 0.25
surrogate, 41, 24.0, 0.25
surrogate, 41, 24.0, 0.25
surrogate, 41, 21.0, 0.09375
surrogate, 41, 21.0, 0.09375
surrogate, 41, 21.0, 0.09375
surrogate, 41, 21.0, 0.09375
surrogate, 41, 21.0, 0.09375
surrogate, 41, 21.0, 0.09375
surrogate, 41, 21.0, 0.09375
surrogate, 41, 21.0, 0.09375
surrogate, 41, 21.0, 0.09375
surrogate, 41, 21.0, 0.09375
surrogate, 41, 21.0, 0.09375
surrogate, 41, 21.0, 0.09375
surrogate, 41, 21.0, 0.09375
surrogate, 41, 21.0, 0.09375
surrogate, 41, 21.0, 0.09375
surrogate, 41, 21.0, 0.09375
surrogate, 42, 34.0, 0.9375
surrogate, 42, 34.0, 0.9375
surrogate, 42, 34.0, 0.9375
surrogate, 42, 33.0, 0.78125
surrogate, 42, 33.0, 0.78125
surrogate, 42, 32.0, 0.71875
surrogate, 42, 32.0, 0.71875
surrogate, 42, 32.0, 0.71875
surrogate, 42, 32.0, 0.71875
surrogate, 42, 32.0, 0.71875
surrogate, 42, 32.0, 0.71875
surrogate, 42, 30.0, 0.59375
surrogate, 42, 28.0, 0.5
surrogate, 42, 28.0, 0.5
surrogate, 42, 28.0, 0.5
surrogate, 42, 28.0, 0.5
surrogate, 42, 28.0, 0.5
surrogate, 42, 28.0, 0.5
surrogate, 42, 28.0, 0.5
surrogate, 42, 26.0, 0.375
surrogate, 42, 26.0, 0.375
surrogate, 42, 26.0, 0.375
surrogate, 42, 26.0, 0.375
surrogate, 42, 26.0, 0.375
surrogate, 42, 26.0, 0.375
surrogate, 42, 26.0, 0.375
surrogate, 42, 26.0, 0.375
surrogate, 42, 26.0, 0.375
surrogate, 42, 24.0, 0.25
surrogate, 42, 24.0, 0.25
surrogate, 42, 24.0, 0.25
surrogate, 42, 24.0, 0.25
surrogate, 42, 24.0, 0.25
surrogate, 42, 24.0, 0.25
surrogate, 42, 24.0, 0.25
surrogate, 42, 24.0, 0.25
surrogate, 42, 24.0, 0.25
surrogate, 42, 24.0, 0.25
surrogate, 42, 24.0, 0.25
surrogate, 42, 24.0, 0.25
surrogate, 42, 24.0, 0.25
surrogate, 42, 24.0, 0.25
surrogate, 42, 24.0, 0.25
surrogate, 42, 24.0, 0.25
surrogate, 42, 21.0, 0.09375
surrogate, 42, 21.0, 0.09375
surrogate, 42, 21.0, 0.09375
surrogate, 42, 21.0, 0.09375
surrogate, 42, 21.0, 0.09375
surrogate, 42, 21.0, 0.09375
surrogate, 42, 21.0, 0.09375
surrogate, 42, 21.0, 0.09375
surrogate, 42, 21.0, 0.09375
surrogate, 42, 21.0, 0.09375
surrogate, 42, 21.0, 0.09375
surrogate, 42, 21.0, 0.09375
surrogate, 42, 21.0, 0.09375
surrogate, 42, 21.0, 0.09375
surrogate, 42, 21.0, 0.09375
surrogate, 42, 21.0, 0.09375
surrogate, 43, 34.0, 0.9375
surrogate, 43, 34.0, 0.9375
surrogate, 43, 34.0, 0.9375
surrogate, 43, 33.0, 0.78125
surrogate, 43, 33.0, 0.78125
surrogate, 43, 32.0, 0.71875
surrogate, 43, 32.0, 0.71875
surrogate, 43, 32.0, 0.71875
surrogate, 43, 32.0, 0.71875
surrogate, 43, 32.0, 0.71875
surrogate, 43, 32.0, 0.71875
surrogate, 43, 30.0, 0.59375
surrogate, 43, 28.0, 0.5
surrogate, 43, 28.0, 0.5
surrogate, 43, 28.0, 0.5
surrogate, 43, 28.0, 0.5
surrogate, 43, 28.0, 0.5
surrogate, 43, 28.0, 0.5
surrogate, 43, 28.0, 0.5
surrogate, 43, 26.0, 0.375
surrogate, 43, 26.0, 0.375
surrogate, 43, 26.0, 0.375
surrogate, 43, 26.0, 0.375
surrogate, 43, 26.0, 0.375
surrogate, 43, 26.0, 0.375
surrogate, 43, 26.0, 0.375
surrogate, 43, 26.0, 0.375
surrogate, 43, 26.0, 0.375
surrogate, 43, 24.0, 0.25
surrogate, 43, 24.0, 0.25
surrogate, 43, 24.0, 0.25
surrogate, 43, 24.0, 0.25
surrogate, 43, 24.0, 0.25
surrogate, 43, 24.0, 0.25
surrogate, 43, 24.0, 0.25
surrogate, 43, 24.0, 0.25
surrogate, 43, 24.0, 0.25
surrogate, 43, 24.0, 0.25
surrogate, 43, 24.0, 0.25
surrogate, 43, 24.0, 0.25
surrogate, 43, 24.0, 0.25
surrogate, 43, 24.0, 0.25
surrogate, 43, 24.0, 0.25
surrogate, 43, 24.0, 0.25
surrogate, 43, 24.0, 0.25
surrogate, 43, 21.0, 0.09375
surrogate, 43, 21.0, 0.09375
surrogate, 43, 21.0, 0.09375
surrogate, 43, 21.0, 0.09375
surrogate, 43, 21.0, 0.09375
surrogate, 43, 21.0, 0.09375
surrogate, 43, 21.0, 0.09375
surrogate, 43, 21.0, 0.09375
surrogate, 43, 21.0, 0.09375
surrogate, 43, 21.0, 0.09375
surrogate, 43, 21.0, 0.09375
surrogate, 43, 21.0, 0.09375
surrogate, 43, 21.0, 0.09375
surrogate, 43, 21.0, 0.09375
surrogate, 43, 21.0, 0.09375
surrogate, 43, 21.0, 0.09375
surrogate, 44, 34.0, 0.9375
surrogate, 44, 34.0, 0.9375
surrogate, 44, 34.0, 0.9375
surrogate, 44, 34.0, 0.9375
surrogate, 44, 33.0, 0.78125
surrogate, 44, 33.0, 0.78125
surrogate, 44, 32.0, 0.71875
surrogate, 44, 32.0, 0.71875
surrogate, 44, 32.0, 0.71875
surrogate, 44, 32.0, 0.71875
surrogate, 44, 32.0, 0.71875
surrogate, 44, 32.0, 0.71875
surrogate, 44, 30.0, 0.59375
surrogate, 44, 28.0, 0.5
surrogate, 44, 28.0, 0.5
surrogate, 44, 28.0, 0.5
surrogate, 44, 28.0, 0.5
surrogate, 44, 28.0, 0.5
surrogate, 44, 28.0, 0.5
surrogate, 44, 28.0, 0.5
surrogate, 44, 26.0, 0.375
surrogate, 44, 26.0, 0.375
surrogate, 44, 26.0, 0.375
surrogate, 44, 26.0, 0.375
surrogate, 44, 26.0, 0.375
surrogate, 44, 26.0, 0.375
surrogate, 44, 26.0, 0.375
surrogate, 44, 26.0, 0.375
surrogate, 44, 26.0, 0.375
surrogate, 44, 24.0, 0.25
surrogate, 44, 24.0, 0.25
surrogate, 44, 24.0, 0.25
surrogate, 44, 24.0, 0.25
surrogate, 44, 24.0, 0.25
surrogate, 44, 24.0, 0.25
surrogate, 44, 24.0, 0.25
surrogate, 44, 24.0, 0.25
surrogate, 44, 24.0, 0.25
surrogate, 44, 24.0, 0.25
surrogate, 44, 24.0, 0.25
surrogate, 44, 24.0, 0.25
surrogate, 44, 24.0, 0.25
surrogate, 44, 24.0, 0.25
surrogate, 44, 24.0, 0.25
surrogate, 44, 24.0, 0.25
surrogate, 44, 24.0, 0.25
surrogate, 44, 21.0, 0.09375
surrogate, 44, 21.0, 0.09375
surrogate, 44, 21.0, 0.09375
surrogate, 44, 21.0, 0.09375
surrogate, 44, 21.0, 0.09375
surrogate, 44, 21.0, 0.09375
surrogate, 44, 21.0, 0.09375
surrogate, 44, 21.0, 0.09375
surrogate, 44, 21.0, 0.09375
surrogate, 44, 21.0, 0.09375
surrogate, 44, 21.0, 0.09375
surrogate, 44, 21.0, 0.09375
surrogate, 44, 21.0, 0.09375
surrogate, 44, 21.0, 0.09375
surrogate, 44, 21.0, 0.09375
surrogate, 44, 21.0, 0.09375
surrogate, 45, 34.0, 0.9375
surrogate, 45, 34.0, 0.9375
surrogate, 45, 34.0, 0.9375
surrogate, 45, 34.0, 0.9375
surrogate, 45, 33.0, 0.78125
surrogate, 45, 33.0, 0.78125
surrogate, 45, 32.0, 0.71875
surrogate, 45, 32.0, 0.71875
surrogate, 45, 32.0, 0.71875
surrogate, 45, 32.0, 0.71875
surrogate, 45, 32.0, 0.71875
surrogate, 45, 32.0, 0.71875
surrogate, 45, 30.0, 0.59375
surrogate, 45, 30.0, 0.59375
surrogate, 45, 28.0, 0.5
surrogate, 45, 28.0, 0.5
surrogate, 45, 28.0, 0.5
surrogate, 45, 28.0, 0.5
surrogate, 45, 28.0, 0.5
surrogate, 45, 28.0, 0.5
surrogate, 45, 28.0, 0.5
surrogate, 45, 26.0, 0.375
surrogate, 45, 26.0, 0.375
surrogate, 45, 26.0, 0.375
surrogate, 45, 26.0, 0.375
surrogate, 45, 26.0, 0.375
surrogate, 45, 26.0, 0.375
surrogate, 45, 26.0, 0.375
surrogate, 45, 26.0, 0.375
surrogate, 45, 26.0, 0.375
surrogate, 45, 24.0, 0.25
surrogate, 45, 24.0, 0.25
surrogate, 45, 24.0, 0.25
surrogate, 45, 24.0, 0.25
surrogate, 45, 24.0, 0.25
surrogate, 45, 24.0, 0.25
surrogate, 45, 24.0, 0.25
surrogate, 45, 24.0, 0.25
surrogate, 45, 24.0, 0.25
surrogate, 45, 24.0, 0.25
surrogate, 45, 24.0, 0.25
surrogate, 45, 24.0, 0.25
surrogate, 45, 24.0, 0.25
surrogate, 45, 24.0, 0.25
surrogate, 45, 24.0, 0.25
surrogate, 45, 24.0, 0.25
surrogate, 45, 24.0, 0.25
surrogate, 45, 21.0, 0.09375
surrogate, 45, 21.0, 0.09375
surrogate, 45, 21.0, 0.09375
surrogate, 45, 21.0, 0.09375
surrogate, 45, 21.0, 0.09375
surrogate, 45, 21.0, 0.09375
surrogate, 45, 21.0, 0.09375
surrogate, 45, 21.0, 0.09375
surrogate, 45, 21.0, 0.09375
surrogate, 45, 21.0, 0.09375
surrogate, 45, 21.0, 0.09375
surrogate, 45, 21.0, 0.09375
surrogate, 45, 21.0, 0.09375
surrogate, 45, 21.0, 0.09375
surrogate, 45, 21.0, 0.09375
surrogate, 45, 21.0, 0.09375
surrogate, 45, 21.0, 0.09375
surrogate, 46, 34.0, 0.9375
surrogate, 46, 34.0, 0.9375
surrogate, 46, 34.0, 0.9375
surrogate, 46, 34.0, 0.9375
surrogate, 46, 33.0, 0.78125
surrogate, 46, 33.0, 0.78125
surrogate, 46, 32.0, 0.71875
surrogate, 46, 32.0, 0.71875
surrogate, 46, 32.0, 0.71875
surrogate, 46, 32.0, 0.71875
surrogate, 46, 32.0, 0.71875
surrogate, 46, 32.0, 0.71875
surrogate, 46, 32.0, 0.71875
surrogate, 46, 30.0, 0.59375
surrogate, 46, 30.0, 0.59375
surrogate, 46, 28.0, 0.5
surrogate, 46, 28.0, 0.5
surrogate, 46, 28.0, 0.5
surrogate, 46, 28.0, 0.5
surrogate, 46, 28.0, 0.5
surrogate, 46, 28.0, 0.5
surrogate, 46, 28.0, 0.5
surrogate, 46, 28.0, 0.5
surrogate, 46, 26.0, 0.375
surrogate, 46, 26.0, 0.375
surrogate, 46, 26.0, 0.375
surrogate, 46, 26.0, 0.375
surrogate, 46, 26.0, 0.375
surrogate, 46, 26.0, 0.375
surrogate, 46, 26.0, 0.375
surrogate, 46, 26.0, 0.375
surrogate, 46, 26.0, 0.375
surrogate, 46, 24.0, 0.25
surrogate, 46, 24.0, 0.25
surrogate, 46, 24.0, 0.25
surrogate, 46, 24.0, 0.25
surrogate, 46, 24.0, 0.25
surrogate, 46, 24.0, 0.25
surrogate, 46, 24.0, 0.25
surrogate, 46, 24.0, 0.25
surrogate, 46, 24.0, 0.25
surrogate, 46, 24.0, 0.25
surrogate, 46, 24.0, 0.25
surrogate, 46, 24.0, 0.25
surrogate, 46, 24.0, 0.25
surrogate, 46, 24.0, 0.25
surrogate, 46, 24.0, 0.25
surrogate, 46, 24.0, 0.25
surrogate, 46, 24.0, 0.25
surrogate, 46, 21.0, 0.09375
surrogate, 46, 21.0, 0.09375
surrogate, 46, 21.0, 0.09375
surrogate, 46, 21.0, 0.09375
surrogate, 46, 21.0, 0.09375
surrogate, 46, 21.0, 0.09375
surrogate, 46, 21.0, 0.09375
surrogate, 46, 21.0, 0.09375
surrogate, 46, 21.0, 0.09375
surrogate, 46, 21.0, 0.09375
surrogate, 46, 21.0, 0.09375
surrogate, 46, 21.0, 0.09375
surrogate, 46, 21.0, 0.09375
surrogate, 46, 21.0, 0.09375
surrogate, 46, 21.0, 0.09375
surrogate, 46, 21.0, 0.09375
surrogate, 46, 21.0, 0.09375
surrogate, 46, 21.0, 0.09375
surrogate, 47, 34.0, 0.9375
surrogate, 47, 34.0, 0.9375
surrogate, 47, 34.0, 0.9375
surrogate, 47, 34.0, 0.9375
surrogate, 47, 33.0, 0.78125
surrogate, 47, 33.0, 0.78125
surrogate, 47, 32.0, 0.71875
surrogate, 47, 32.0, 0.71875
surrogate, 47, 32.0, 0.71875
surrogate, 47, 32.0, 0.71875
surrogate, 47, 32.0, 0.71875
surrogate, 47, 32.0, 0.71875
surrogate, 47, 32.0, 0.71875
surrogate, 47, 31.0, 0.6875
surrogate, 47, 30.0, 0.59375
surrogate, 47, 30.0, 0.59375
surrogate, 47, 28.0, 0.5
surrogate, 47, 28.0, 0.5
surrogate, 47, 28.0, 0.5
surrogate, 47, 28.0, 0.5
surrogate, 47, 28.0, 0.5
surrogate, 47, 28.0, 0.5
surrogate, 47, 28.0, 0.5
surrogate, 47, 28.0, 0.5
surrogate, 47, 26.0, 0.375
surrogate, 47, 26.0, 0.375
surrogate, 47, 26.0, 0.375
surrogate, 47, 26.0, 0.375
surrogate, 47, 26.0, 0.375
surrogate, 47, 26.0, 0.375
surrogate, 47, 26.0, 0.375
surrogate, 47, 26.0, 0.375
surrogate, 47, 26.0, 0.375
surrogate, 47, 24.0, 0.25
surrogate, 47, 24.0, 0.25
surrogate, 47, 24.0, 0.25
surrogate, 47, 24.0, 0.25
surrogate, 47, 24.0, 0.25
surrogate, 47, 24.0, 0.25
surrogate, 47, 24.0, 0.25
surrogate, 47, 24.0, 0.25
surrogate, 47, 24.0, 0.25
surrogate, 47, 24.0, 0.25
surrogate, 47, 24.0, 0.25
surrogate, 47, 24.0, 0.25
surrogate, 47, 24.0, 0.25
surrogate, 47, 24.0, 0.25
surrogate, 47, 24.0, 0.25
surrogate, 47, 24.0, 0.25
surrogate, 47, 24.0, 0.25
surrogate, 47, 21.0, 0.09375
surrogate, 47, 21.0, 0.09375
surrogate, 47, 21.0, 0.09375
surrogate, 47, 21.0, 0.09375
surrogate, 47, 21.0, 0.09375
surrogate, 47, 21.0, 0.09375
surrogate, 47, 21.0, 0.09375
surrogate, 47, 21.0, 0.09375
surrogate, 47, 21.0, 0.09375
surrogate, 47, 21.0, 0.09375
surrogate, 47, 21.0, 0.09375
surrogate, 47, 21.0, 0.09375
surrogate, 47, 21.0, 0.09375
surrogate, 47, 21.0, 0.09375
surrogate, 47, 21.0, 0.09375
surrogate, 47, 21.0, 0.09375
surrogate, 47, 21.0, 0.09375
surrogate, 47, 21.0, 0.09375
surrogate, 48, 34.0, 0.9375
surrogate, 48, 34.0, 0.9375
surrogate, 48, 34.0, 0.9375
surrogate, 48, 34.0, 0.9375
surrogate, 48, 33.0, 0.78125
surrogate, 48, 33.0, 0.78125
surrogate, 48, 32.0, 0.71875
surrogate, 48, 32.0, 0.71875
surrogate, 48, 32.0, 0.71875
surrogate, 48, 32.0, 0.71875
surrogate, 48, 32.0, 0.71875
surrogate, 48, 32.0, 0.71875
surrogate, 48, 32.0, 0.71875
surrogate, 48, 31.0, 0.6875
surrogate, 48, 30.0, 0.59375
surrogate, 48, 30.0, 0.59375
surrogate, 48, 28.0, 0.5
surrogate, 48, 28.0, 0.5
surrogate, 48, 28.0, 0.5
surrogate, 48, 28.0, 0.5
surrogate, 48, 28.0, 0.5
surrogate, 48, 28.0, 0.5
surrogate, 48, 28.0, 0.5
surrogate, 48, 28.0, 0.5
surrogate, 48, 26.0, 0.375
surrogate, 48, 26.0, 0.375
surrogate, 48, 26.0, 0.375
surrogate, 48, 26.0, 0.375
surrogate, 48, 26.0, 0.375
surrogate, 48, 26.0, 0.375
surrogate, 48, 26.0, 0.375
surrogate, 48, 26.0, 0.375
surrogate, 48, 26.0, 0.375
surrogate, 48, 24.0, 0.25
surrogate, 48, 24.0, 0.25
surrogate, 48, 24.0, 0.25
surrogate, 48, 24.0, 0.25
surrogate, 48, 24.0, 0.25
surrogate, 48, 24.0, 0.25
surrogate, 48, 24.0, 0.25
surrogate, 48, 24.0, 0.25
surrogate, 48, 24.0, 0.25
surrogate, 48, 24.0, 0.25
surrogate, 48, 24.0, 0.25
surrogate, 48, 24.0, 0.25
surrogate, 48, 24.0, 0.25
surrogate, 48, 24.0, 0.25
surrogate, 48, 24.0, 0.25
surrogate, 48, 24.0, 0.25
surrogate, 48, 24.0, 0.25
surrogate, 48, 21.0, 0.09375
surrogate, 48, 21.0, 0.09375
surrogate, 48, 21.0, 0.09375
surrogate, 48, 21.0, 0.09375
surrogate, 48, 21.0, 0.09375
surrogate, 48, 21.0, 0.09375
surrogate, 48, 21.0, 0.09375
surrogate, 48, 21.0, 0.09375
surrogate, 48, 21.0, 0.09375
surrogate, 48, 21.0, 0.09375
surrogate, 48, 21.0, 0.09375
surrogate, 48, 21.0, 0.09375
surrogate, 48, 21.0, 0.09375
surrogate, 48, 21.0, 0.09375
surrogate, 48, 21.0, 0.09375
surrogate, 48, 21.0, 0.09375
surrogate, 48, 21.0, 0.09375
surrogate, 48, 21.0, 0.09375
surrogate, 48, 21.0, 0.09375
surrogate, 49, 34.0, 0.9375
surrogate, 49, 34.0, 0.9375
surrogate, 49, 34.0, 0.9375
surrogate, 49, 34.0, 0.9375
surrogate, 49, 33.0, 0.78125
surrogate, 49, 33.0, 0.78125
surrogate, 49, 32.0, 0.71875
surrogate, 49, 32.0, 0.71875
surrogate, 49, 32.0, 0.71875
surrogate, 49, 32.0, 0.71875
surrogate, 49, 32.0, 0.71875
surrogate, 49, 32.0, 0.71875
surrogate, 49, 32.0, 0.71875
surrogate, 49, 32.0, 0.71875
surrogate, 49, 31.0, 0.6875
surrogate, 49, 30.0, 0.59375
surrogate, 49, 30.0, 0.59375
surrogate, 49, 28.0, 0.5
surrogate, 49, 28.0, 0.5
surrogate, 49, 28.0, 0.5
surrogate, 49, 28.0, 0.5
surrogate, 49, 28.0, 0.5
surrogate, 49, 28.0, 0.5
surrogate, 49, 28.0, 0.5
surrogate, 49, 28.0, 0.5
surrogate, 49, 26.0, 0.375
surrogate, 49, 26.0, 0.375
surrogate, 49, 26.0, 0.375
surrogate, 49, 26.0, 0.375
surrogate, 49, 26.0, 0.375
surrogate, 49, 26.0, 0.375
surrogate, 49, 26.0, 0.375
surrogate, 49, 26.0, 0.375
surrogate, 49, 26.0, 0.375
surrogate, 49, 26.0, 0.375
surrogate, 49, 24.0, 0.25
surrogate, 49, 24.0, 0.25
surrogate, 49, 24.0, 0.25
surrogate, 49, 24.0, 0.25
surrogate, 49, 24.0, 0.25
surrogate, 49, 24.0, 0.25
surrogate, 49, 24.0, 0.25
surrogate, 49, 24.0, 0.25
surrogate, 49, 24.0, 0.25
surrogate, 49, 24.0, 0.25
surrogate, 49, 24.0, 0.25
surrogate, 49, 24.0, 0.25
surrogate, 49, 24.0, 0.25
surrogate, 49, 24.0, 0.25
surrogate, 49, 24.0, 0.25
surrogate, 49, 24.0, 0.25
surrogate, 49, 24.0, 0.25
surrogate, 49, 21.0, 0.09375
surrogate, 49, 21.0, 0.09375
surrogate, 49, 21.0, 0.09375
surrogate, 49, 21.0, 0.09375
surrogate, 49, 21.0, 0.09375
surrogate, 49, 21.0, 0.09375
surrogate, 49, 21.0, 0.09375
surrogate, 49, 21.0, 0.09375
surrogate, 49, 21.0, 0.09375
surrogate, 49, 21.0, 0.09375
surrogate, 49, 21.0, 0.09375
surrogate, 49, 21.0, 0.09375
surrogate, 49, 21.0, 0.09375
surrogate, 49, 21.0, 0.09375
surrogate, 49, 21.0, 0.09375
surrogate, 49, 21.0, 0.09375
surrogate, 49, 21.0, 0.09375
surrogate, 49, 21.0, 0.09375
surrogate, 49, 21.0, 0.09375
surrogate, 50, 34.0, 0.9375
surrogate, 50, 34.0, 0.9375
surrogate, 50, 34.0, 0.9375
surrogate, 50, 34.0, 0.9375
surrogate, 50, 33.0, 0.78125
surrogate, 50, 33.0, 0.78125
surrogate, 50, 32.0, 0.71875
surrogate, 50, 32.0, 0.71875
surrogate, 50, 32.0, 0.71875
surrogate, 50, 32.0, 0.71875
surrogate, 50, 32.0, 0.71875
surrogate, 50, 32.0, 0.71875
surrogate, 50, 32.0, 0.71875
surrogate, 50, 32.0, 0.71875
surrogate, 50, 32.0, 0.71875
surrogate, 50, 31.0, 0.6875
surrogate, 50, 31.0, 0.6875
surrogate, 50, 30.0, 0.59375
surrogate, 50, 30.0, 0.59375
surrogate, 50, 28.0, 0.5
surrogate, 50, 28.0, 0.5
surrogate, 50, 28.0, 0.5
surrogate, 50, 28.0, 0.5
surrogate, 50, 28.0, 0.5
surrogate, 50, 28.0, 0.5
surrogate, 50, 28.0, 0.5
surrogate, 50, 28.0, 0.5
surrogate, 50, 28.0, 0.5
surrogate, 50, 26.0, 0.375
surrogate, 50, 26.0, 0.375
surrogate, 50, 26.0, 0.375
surrogate, 50, 26.0, 0.375
surrogate, 50, 26.0, 0.375
surrogate, 50, 26.0, 0.375
surrogate, 50, 26.0, 0.375
surrogate, 50, 26.0, 0.375
surrogate, 50, 26.0, 0.375
surrogate, 50, 26.0, 0.375
surrogate, 50, 26.0, 0.375
surrogate, 50, 24.0, 0.25
surrogate, 50, 24.0, 0.25
surrogate, 50, 24.0, 0.25
surrogate, 50, 24.0, 0.25
surrogate, 50, 24.0, 0.25
surrogate, 50, 24.0, 0.25
surrogate, 50, 24.0, 0.25
surrogate, 50, 24.0, 0.25
surrogate, 50, 24.0, 0.25
surrogate, 50, 24.0, 0.25
surrogate, 50, 24.0, 0.25
surrogate, 50, 24.0, 0.25
surrogate, 50, 24.0, 0.25
surrogate, 50, 24.0, 0.25
surrogate, 50, 24.0, 0.25
surrogate, 50, 24.0, 0.25
surrogate, 50, 24.0, 0.25
surrogate, 50, 21.0, 0.09375
surrogate, 50, 21.0, 0.09375
surrogate, 50, 21.0, 0.09375
surrogate, 50, 21.0, 0.09375
surrogate, 50, 21.0, 0.09375
surrogate, 50, 21.0, 0.09375
surrogate, 50, 21.0, 0.09375
surrogate, 50, 21.0, 0.09375
surrogate, 50, 21.0, 0.09375
surrogate, 50, 21.0, 0.09375
surrogate, 50, 21.0, 0.09375
surrogate, 50, 21.0, 0.09375
surrogate, 50, 21.0, 0.09375
surrogate, 50, 21.0, 0.09375
surrogate, 50, 21.0, 0.09375
surrogate, 50, 21.0, 0.09375
surrogate, 50, 21.0, 0.09375
surrogate, 50, 21.0, 0.09375
surrogate, 50, 21.0, 0.09375
surrogate, 51, 34.0, 0.9375
surrogate, 51, 34.0, 0.9375
surrogate, 51, 34.0, 0.9375
surrogate, 51, 34.0, 0.9375
surrogate, 51, 33.0, 0.78125
surrogate, 51, 33.0, 0.78125
surrogate, 51, 32.0, 0.71875
surrogate, 51, 32.0, 0.71875
surrogate, 51, 32.0, 0.71875
surrogate, 51, 32.0, 0.71875
surrogate, 51, 32.0, 0.71875
surrogate, 51, 32.0, 0.71875
surrogate, 51, 32.0, 0.71875
surrogate, 51, 32.0, 0.71875
surrogate, 51, 32.0, 0.71875
surrogate, 51, 32.0, 0.71875
surrogate, 51, 31.0, 0.6875
surrogate, 51, 31.0, 0.6875
surrogate, 51, 30.0, 0.59375
surrogate, 51, 30.0, 0.59375
surrogate, 51, 30.0, 0.59375
surrogate, 51, 28.0, 0.5
surrogate, 51, 28.0, 0.5
surrogate, 51, 28.0, 0.5
surrogate, 51, 28.0, 0.5
surrogate, 51, 28.0, 0.5
surrogate, 51, 28.0, 0.5
surrogate, 51, 28.0, 0.5
surrogate, 51, 28.0, 0.5
surrogate, 51, 28.0, 0.5
surrogate, 51, 28.0, 0.5
surrogate, 51, 26.0, 0.375
surrogate, 51, 26.0, 0.375
surrogate, 51, 26.0, 0.375
surrogate, 51, 26.0, 0.375
surrogate, 51, 26.0, 0.375
surrogate, 51, 26.0, 0.375
surrogate, 51, 26.0, 0.375
surrogate, 51, 26.0, 0.375
surrogate, 51, 26.0, 0.375
surrogate, 51, 26.0, 0.375
surrogate, 51, 26.0, 0.375
surrogate, 51, 24.0, 0.25
surrogate, 51, 24.0, 0.25
surrogate, 51, 24.0, 0.25
surrogate, 51, 24.0, 0.25
surrogate, 51, 24.0, 0.25
surrogate, 51, 24.0, 0.25
surrogate, 51, 24.0, 0.25
surrogate, 51, 24.0, 0.25
surrogate, 51, 24.0, 0.25
surrogate, 51, 24.0, 0.25
surrogate, 51, 24.0, 0.25
surrogate, 51, 24.0, 0.25
surrogate, 51, 24.0, 0.25
surrogate, 51, 24.0, 0.25
surrogate, 51, 24.0, 0.25
surrogate, 51, 24.0, 0.25
surrogate, 51, 24.0, 0.25
surrogate, 51, 24.0, 0.25
surrogate, 51, 21.0, 0.09375
surrogate, 51, 21.0, 0.09375
surrogate, 51, 21.0, 0.09375
surrogate, 51, 21.0, 0.09375
surrogate, 51, 21.0, 0.09375
surrogate, 51, 21.0, 0.09375
surrogate, 51, 21.0, 0.09375
surrogate, 51, 21.0, 0.09375
surrogate, 51, 21.0, 0.09375
surrogate, 51, 21.0, 0.09375
surrogate, 51, 21.0, 0.09375
surrogate, 51, 21.0, 0.09375
surrogate, 51, 21.0, 0.09375
surrogate, 51, 21.0, 0.09375
surrogate, 51, 21.0, 0.09375
surrogate, 51, 21.0, 0.09375
surrogate, 51, 21.0, 0.09375
surrogate, 51, 21.0, 0.09375
surrogate, 51, 21.0, 0.09375
surrogate, 52, 34.0, 0.9375
surrogate, 52, 34.0, 0.9375
surrogate, 52, 34.0, 0.9375
surrogate, 52, 34.0, 0.9375
surrogate, 52, 33.0, 0.78125
surrogate, 52, 33.0, 0.78125
surrogate, 52, 32.0, 0.71875
surrogate, 52, 32.0, 0.71875
surrogate, 52, 32.0, 0.71875
surrogate, 52, 32.0, 0.71875
surrogate, 52, 32.0, 0.71875
surrogate, 52, 32.0, 0.71875
surrogate, 52, 32.0, 0.71875
surrogate, 52, 32.0, 0.71875
surrogate, 52, 32.0, 0.71875
surrogate, 52, 32.0, 0.71875
surrogate, 52, 31.0, 0.6875
surrogate, 52, 31.0, 0.6875
surrogate, 52, 31.0, 0.6875
surrogate, 52, 30.0, 0.59375
surrogate, 52, 30.0, 0.59375
surrogate, 52, 30.0, 0.59375
surrogate, 52, 28.0, 0.5
surrogate, 52, 28.0, 0.5
surrogate, 52, 28.0, 0.5
surrogate, 52, 28.0, 0.5
surrogate, 52, 28.0, 0.5
surrogate, 52, 28.0, 0.5
surrogate, 52, 28.0, 0.5
surrogate, 52, 28.0, 0.5
surrogate, 52, 28.0, 0.5
surrogate, 52, 28.0, 0.5
surrogate, 52, 28.0, 0.5
surrogate, 52, 26.0, 0.375
surrogate, 52, 26.0, 0.375
surrogate, 52, 26.0, 0.375
surrogate, 52, 26.0, 0.375
surrogate, 52, 26.0, 0.375
surrogate, 52, 26.0, 0.375
surrogate, 52, 26.0, 0.375
surrogate, 52, 26.0, 0.375
surrogate, 52, 26.0, 0.375
surrogate, 52, 26.0, 0.375
surrogate, 52, 26.0, 0.375
surrogate, 52, 24.0, 0.25
surrogate, 52, 24.0, 0.25
surrogate, 52, 24.0, 0.25
surrogate, 52, 24.0, 0.25
surrogate, 52, 24.0, 0.25
surrogate, 52, 24.0, 0.25
surrogate, 52, 24.0, 0.25
surrogate, 52, 24.0, 0.25
surrogate, 52, 24.0, 0.25
surrogate, 52, 24.0, 0.25
surrogate, 52, 24.0, 0.25
surrogate, 52, 24.0, 0.25
surrogate, 52, 24.0, 0.25
surrogate, 52, 24.0, 0.25
surrogate, 52, 24.0, 0.25
surrogate, 52, 24.0, 0.25
surrogate, 52, 24.0, 0.25
surrogate, 52, 24.0, 0.25
surrogate, 52, 24.0, 0.25
surrogate, 52, 21.0, 0.09375
surrogate, 52, 21.0, 0.09375
surrogate, 52, 21.0, 0.09375
surrogate, 52, 21.0, 0.09375
surrogate, 52, 21.0, 0.09375
surrogate, 52, 21.0, 0.09375
surrogate, 52, 21.0, 0.09375
surrogate, 52, 21.0, 0.09375
surrogate, 52, 21.0, 0.09375
surrogate, 52, 21.0, 0.09375
surrogate, 52, 21.0, 0.09375
surrogate, 52, 21.0, 0.09375
surrogate, 52, 21.0, 0.09375
surrogate, 52, 21.0, 0.09375
surrogate, 52, 21.0, 0.09375
surrogate, 52, 21.0, 0.09375
surrogate, 52, 21.0, 0.09375
surrogate, 52, 21.0, 0.09375
surrogate, 52, 21.0, 0.09375
surrogate, 52, 21.0, 0.09375
surrogate, 53, 34.0, 0.9375
surrogate, 53, 34.0, 0.9375
surrogate, 53, 34.0, 0.9375
surrogate, 53, 34.0, 0.9375
surrogate, 53, 33.0, 0.78125
surrogate, 53, 33.0, 0.78125
surrogate, 53, 32.0, 0.71875
surrogate, 53, 32.0, 0.71875
surrogate, 53, 32.0, 0.71875
surrogate, 53, 32.0, 0.71875
surrogate, 53, 32.0, 0.71875
surrogate, 53, 32.0, 0.71875
surrogate, 53, 32.0, 0.71875
surrogate, 53, 32.0, 0.71875
surrogate, 53, 32.0, 0.71875
surrogate, 53, 32.0, 0.71875
surrogate, 53, 31.0, 0.6875
surrogate, 53, 31.0, 0.6875
surrogate, 53, 31.0, 0.6875
surrogate, 53, 30.0, 0.59375
surrogate, 53, 30.0, 0.59375
surrogate, 53, 30.0, 0.59375
surrogate, 53, 28.0, 0.5
surrogate, 53, 28.0, 0.5
surrogate, 53, 28.0, 0.5
surrogate, 53, 28.0, 0.5
surrogate, 53, 28.0, 0.5
surrogate, 53, 28.0, 0.5
surrogate, 53, 28.0, 0.5
surrogate, 53, 28.0, 0.5
surrogate, 53, 28.0, 0.5
surrogate, 53, 28.0, 0.5
surrogate, 53, 28.0, 0.5
surrogate, 53, 26.0, 0.375
surrogate, 53, 26.0, 0.375
surrogate, 53, 26.0, 0.375
surrogate, 53, 26.0, 0.375
surrogate, 53, 26.0, 0.375
surrogate, 53, 26.0, 0.375
surrogate, 53, 26.0, 0.375
surrogate, 53, 26.0, 0.375
surrogate, 53, 26.0, 0.375
surrogate, 53, 26.0, 0.375
surrogate, 53, 26.0, 0.375
surrogate, 53, 24.0, 0.25
surrogate, 53, 24.0, 0.25
surrogate, 53, 24.0, 0.25
surrogate, 53, 24.0, 0.25
surrogate, 53, 24.0, 0.25
surrogate, 53, 24.0, 0.25
surrogate, 53, 24.0, 0.25
surrogate, 53, 24.0, 0.25
surrogate, 53, 24.0, 0.25
surrogate, 53, 24.0, 0.25
surrogate, 53, 24.0, 0.25
surrogate, 53, 24.0, 0.25
surrogate, 53, 24.0, 0.25
surrogate, 53, 24.0, 0.25
surrogate, 53, 24.0, 0.25
surrogate, 53, 24.0, 0.25
surrogate, 53, 24.0, 0.25
surrogate, 53, 24.0, 0.25
surrogate, 53, 24.0, 0.25
surrogate, 53, 21.0, 0.09375
surrogate, 53, 21.0, 0.09375
surrogate, 53, 21.0, 0.09375
surrogate, 53, 21.0, 0.09375
surrogate, 53, 21.0, 0.09375
surrogate, 53, 21.0, 0.09375
surrogate, 53, 21.0, 0.09375
surrogate, 53, 21.0, 0.09375
surrogate, 53, 21.0, 0.09375
surrogate, 53, 21.0, 0.09375
surrogate, 53, 21.0, 0.09375
surrogate, 53, 21.0, 0.09375
surrogate, 53, 21.0, 0.09375
surrogate, 53, 21.0, 0.09375
surrogate, 53, 21.0, 0.09375
surrogate, 53, 21.0, 0.09375
surrogate, 53, 21.0, 0.09375
surrogate, 53, 21.0, 0.09375
surrogate, 53, 21.0, 0.09375
surrogate, 53, 21.0, 0.09375
surrogate, 54, 34.0, 0.9375
surrogate, 54, 34.0, 0.9375
surrogate, 54, 34.0, 0.9375
surrogate, 54, 34.0, 0.9375
surrogate, 54, 34.0, 0.9375
surrogate, 54, 33.0, 0.78125
surrogate, 54, 33.0, 0.78125
surrogate, 54, 31.0, 0.71875
surrogate, 54, 30.0, 0.59375
surrogate, 54, 30.0, 0.59375
surrogate, 54, 30.0, 0.59375
surrogate, 54, 30.0, 0.59375
surrogate, 54, 28.0, 0.5
surrogate, 54, 28.0, 0.5
surrogate, 54, 28.0, 0.5
surrogate, 54, 28.0, 0.5
surrogate, 54, 28.0, 0.5
surrogate, 54, 28.0, 0.5
surrogate, 54, 28.0, 0.5
surrogate, 54, 28.0, 0.5
surrogate, 54, 28.0, 0.5
surrogate, 54, 28.0, 0.5
surrogate, 54, 28.0, 0.5
surrogate, 54, 26.0, 0.375
surrogate, 54, 26.0, 0.375
surrogate, 54, 26.0, 0.375
surrogate, 54, 26.0, 0.375
surrogate, 54, 26.0, 0.375
surrogate, 54, 26.0, 0.375
surrogate, 54, 26.0, 0.375
surrogate, 54, 26.0, 0.375
surrogate, 54, 26.0, 0.375
surrogate, 54, 26.0, 0.375
surrogate, 54, 26.0, 0.375
surrogate, 54, 24.0, 0.25
surrogate, 54, 24.0, 0.25
surrogate, 54, 24.0, 0.25
surrogate, 54, 24.0, 0.25
surrogate, 54, 24.0, 0.25
surrogate, 54, 24.0, 0.25
surrogate, 54, 24.0, 0.25
surrogate, 54, 24.0, 0.25
surrogate, 54, 24.0, 0.25
surrogate, 54, 24.0, 0.25
surrogate, 54, 24.0, 0.25
surrogate, 54, 24.0, 0.25
surrogate, 54, 24.0, 0.25
surrogate, 54, 24.0, 0.25
surrogate, 54, 24.0, 0.25
surrogate, 54, 24.0, 0.25
surrogate, 54, 24.0, 0.25
surrogate, 54, 24.0, 0.25
surrogate, 54, 24.0, 0.25
surrogate, 54, 24.0, 0.25
surrogate, 54, 21.0, 0.09375
surrogate, 54, 21.0, 0.09375
surrogate, 54, 21.0, 0.09375
surrogate, 54, 21.0, 0.09375
surrogate, 54, 21.0, 0.09375
surrogate, 54, 21.0, 0.09375
surrogate, 54, 21.0, 0.09375
surrogate, 54, 21.0, 0.09375
surrogate, 54, 21.0, 0.09375
surrogate, 54, 21.0, 0.09375
surrogate, 54, 21.0, 0.09375
surrogate, 54, 21.0, 0.09375
surrogate, 54, 21.0, 0.09375
surrogate, 54, 21.0, 0.09375
surrogate, 54, 21.0, 0.09375
surrogate, 54, 21.0, 0.09375
surrogate, 54, 21.0, 0.09375
surrogate, 54, 21.0, 0.09375
surrogate, 54, 21.0, 0.09375
surrogate, 54, 21.0, 0.09375
surrogate, 54, 21.0, 0.09375
surrogate, 54, 21.0, 0.09375
surrogate, 54, 21.0, 0.09375
surrogate, 55, 34.0, 0.9375
surrogate, 55, 34.0, 0.9375
surrogate, 55, 34.0, 0.9375
surrogate, 55, 34.0, 0.9375
surrogate, 55, 34.0, 0.9375
surrogate, 55, 33.0, 0.78125
surrogate, 55, 33.0, 0.78125
surrogate, 55, 31.0, 0.71875
surrogate, 55, 30.0, 0.59375
surrogate, 55, 30.0, 0.59375
surrogate, 55, 30.0, 0.59375
surrogate, 55, 30.0, 0.59375
surrogate, 55, 28.0, 0.5
surrogate, 55, 28.0, 0.5
surrogate, 55, 28.0, 0.5
surrogate, 55, 28.0, 0.5
surrogate, 55, 28.0, 0.5
surrogate, 55, 28.0, 0.5
surrogate, 55, 28.0, 0.5
surrogate, 55, 28.0, 0.5
surrogate, 55, 28.0, 0.5
surrogate, 55, 28.0, 0.5
surrogate, 55, 28.0, 0.5
surrogate, 55, 26.0, 0.375
surrogate, 55, 26.0, 0.375
surrogate, 55, 26.0, 0.375
surrogate, 55, 26.0, 0.375
surrogate, 55, 26.0, 0.375
surrogate, 55, 26.0, 0.375
surrogate, 55, 26.0, 0.375
surrogate, 55, 26.0, 0.375
surrogate, 55, 26.0, 0.375
surrogate, 55, 26.0, 0.375
surrogate, 55, 26.0, 0.375
surrogate, 55, 24.0, 0.25
surrogate, 55, 24.0, 0.25
surrogate, 55, 24.0, 0.25
surrogate, 55, 24.0, 0.25
surrogate, 55, 24.0, 0.25
surrogate, 55, 24.0, 0.25
surrogate, 55, 24.0, 0.25
surrogate, 55, 24.0, 0.25
surrogate, 55, 24.0, 0.25
surrogate, 55, 24.0, 0.25
surrogate, 55, 24.0, 0.25
surrogate, 55, 24.0, 0.25
surrogate, 55, 24.0, 0.25
surrogate, 55, 24.0, 0.25
surrogate, 55, 24.0, 0.25
surrogate, 55, 24.0, 0.25
surrogate, 55, 24.0, 0.25
surrogate, 55, 24.0, 0.25
surrogate, 55, 24.0, 0.25
surrogate, 55, 24.0, 0.25
surrogate, 55, 21.0, 0.09375
surrogate, 55, 21.0, 0.09375
surrogate, 55, 21.0, 0.09375
surrogate, 55, 21.0, 0.09375
surrogate, 55, 21.0, 0.09375
surrogate, 55, 21.0, 0.09375
surrogate, 55, 21.0, 0.09375
surrogate, 55, 21.0, 0.09375
surrogate, 55, 21.0, 0.09375
surrogate, 55, 21.0, 0.09375
surrogate, 55, 21.0, 0.09375
surrogate, 55, 21.0, 0.09375
surrogate, 55, 21.0, 0.09375
surrogate, 55, 21.0, 0.09375
surrogate, 55, 21.0, 0.09375
surrogate, 55, 21.0, 0.09375
surrogate, 55, 21.0, 0.09375
surrogate, 55, 21.0, 0.09375
surrogate, 55, 21.0, 0.09375
surrogate, 55, 21.0, 0.09375
surrogate, 55, 21.0, 0.09375
surrogate, 55, 21.0, 0.09375
surrogate, 55, 21.0, 0.09375
surrogate, 56, 34.0, 0.9375
surrogate, 56, 34.0, 0.9375
surrogate, 56, 34.0, 0.9375
surrogate, 56, 34.0, 0.9375
surrogate, 56, 34.0, 0.9375
surrogate, 56, 33.0, 0.78125
surrogate, 56, 33.0, 0.78125
surrogate, 56, 33.0, 0.78125
surrogate, 56, 31.0, 0.71875
surrogate, 56, 30.0, 0.59375
surrogate, 56, 30.0, 0.59375
surrogate, 56, 30.0, 0.59375
surrogate, 56, 30.0, 0.59375
surrogate, 56, 30.0, 0.59375
surrogate, 56, 28.0, 0.5
surrogate, 56, 28.0, 0.5
surrogate, 56, 28.0, 0.5
surrogate, 56, 28.0, 0.5
surrogate, 56, 28.0, 0.5
surrogate, 56, 28.0, 0.5
surrogate, 56, 28.0, 0.5
surrogate, 56, 28.0, 0.5
surrogate, 56, 28.0, 0.5
surrogate, 56, 28.0, 0.5
surrogate, 56, 28.0, 0.5
surrogate, 56, 26.0, 0.375
surrogate, 56, 26.0, 0.375
surrogate, 56, 26.0, 0.375
surrogate, 56, 26.0, 0.375
surrogate, 56, 26.0, 0.375
surrogate, 56, 26.0, 0.375
surrogate, 56, 26.0, 0.375
surrogate, 56, 26.0, 0.375
surrogate, 56, 26.0, 0.375
surrogate, 56, 26.0, 0.375
surrogate, 56, 26.0, 0.375
surrogate, 56, 26.0, 0.375
surrogate, 56, 24.0, 0.25
surrogate, 56, 24.0, 0.25
surrogate, 56, 24.0, 0.25
surrogate, 56, 24.0, 0.25
surrogate, 56, 24.0, 0.25
surrogate, 56, 24.0, 0.25
surrogate, 56, 24.0, 0.25
surrogate, 56, 24.0, 0.25
surrogate, 56, 24.0, 0.25
surrogate, 56, 24.0, 0.25
surrogate, 56, 24.0, 0.25
surrogate, 56, 24.0, 0.25
surrogate, 56, 24.0, 0.25
surrogate, 56, 24.0, 0.25
surrogate, 56, 24.0, 0.25
surrogate, 56, 24.0, 0.25
surrogate, 56, 24.0, 0.25
surrogate, 56, 24.0, 0.25
surrogate, 56, 24.0, 0.25
surrogate, 56, 24.0, 0.25
surrogate, 56, 24.0, 0.25
surrogate, 56, 21.0, 0.09375
surrogate, 56, 21.0, 0.09375
surrogate, 56, 21.0, 0.09375
surrogate, 56, 21.0, 0.09375
surrogate, 56, 21.0, 0.09375
surrogate, 56, 21.0, 0.09375
surrogate, 56, 21.0, 0.09375
surrogate, 56, 21.0, 0.09375
surrogate, 56, 21.0, 0.09375
surrogate, 56, 21.0, 0.09375
surrogate, 56, 21.0, 0.09375
surrogate, 56, 21.0, 0.09375
surrogate, 56, 21.0, 0.09375
surrogate, 56, 21.0, 0.09375
surrogate, 56, 21.0, 0.09375
surrogate, 56, 21.0, 0.09375
surrogate, 56, 21.0, 0.09375
surrogate, 56, 21.0, 0.09375
surrogate, 56, 21.0, 0.09375
surrogate, 56, 21.0, 0.09375
surrogate, 56, 21.0, 0.09375
surrogate, 56, 21.0, 0.09375
surrogate, 56, 21.0, 0.09375
surrogate, 56, 21.0, 0.09375
surrogate, 57, 34.0, 0.9375
surrogate, 57, 34.0, 0.9375
surrogate, 57, 34.0, 0.9375
surrogate, 57, 34.0, 0.9375
surrogate, 57, 34.0, 0.9375
surrogate, 57, 32.0, 0.78125
surrogate, 57, 31.0, 0.71875
surrogate, 57, 30.0, 0.59375
surrogate, 57, 30.0, 0.59375
surrogate, 57, 30.0, 0.59375
surrogate, 57, 30.0, 0.59375
surrogate, 57, 30.0, 0.59375
surrogate, 57, 30.0, 0.59375
surrogate, 57, 28.0, 0.5
surrogate, 57, 28.0, 0.5
surrogate, 57, 28.0, 0.5
surrogate, 57, 28.0, 0.5
surrogate, 57, 28.0, 0.5
surrogate, 57, 28.0, 0.5
surrogate, 57, 28.0, 0.5
surrogate, 57, 28.0, 0.5
surrogate, 57, 28.0, 0.5
surrogate, 57, 28.0, 0.5
surrogate, 57, 28.0, 0.5
surrogate, 57, 26.0, 0.375
surrogate, 57, 26.0, 0.375
surrogate, 57, 26.0, 0.375
surrogate, 57, 26.0, 0.375
surrogate, 57, 26.0, 0.375
surrogate, 57, 26.0, 0.375
surrogate, 57, 26.0, 0.375
surrogate, 57, 26.0, 0.375
surrogate, 57, 26.0, 0.375
surrogate, 57, 26.0, 0.375
surrogate, 57, 26.0, 0.375
surrogate, 57, 26.0, 0.375
surrogate, 57, 26.0, 0.375
surrogate, 57, 24.0, 0.25
surrogate, 57, 24.0, 0.25
surrogate, 57, 24.0, 0.25
surrogate, 57, 24.0, 0.25
surrogate, 57, 24.0, 0.25
surrogate, 57, 24.0, 0.25
surrogate, 57, 24.0, 0.25
surrogate, 57, 24.0, 0.25
surrogate, 57, 24.0, 0.25
surrogate, 57, 24.0, 0.25
surrogate, 57, 24.0, 0.25
surrogate, 57, 24.0, 0.25
surrogate, 57, 24.0, 0.25
surrogate, 57, 24.0, 0.25
surrogate, 57, 24.0, 0.25
surrogate, 57, 24.0, 0.25
surrogate, 57, 24.0, 0.25
surrogate, 57, 24.0, 0.25
surrogate, 57, 24.0, 0.25
surrogate, 57, 24.0, 0.25
surrogate, 57, 24.0, 0.25
surrogate, 57, 21.0, 0.09375
surrogate, 57, 21.0, 0.09375
surrogate, 57, 21.0, 0.09375
surrogate, 57, 21.0, 0.09375
surrogate, 57, 21.0, 0.09375
surrogate, 57, 21.0, 0.09375
surrogate, 57, 21.0, 0.09375
surrogate, 57, 21.0, 0.09375
surrogate, 57, 21.0, 0.09375
surrogate, 57, 21.0, 0.09375
surrogate, 57, 21.0, 0.09375
surrogate, 57, 21.0, 0.09375
surrogate, 57, 21.0, 0.09375
surrogate, 57, 21.0, 0.09375
surrogate, 57, 21.0, 0.09375
surrogate, 57, 21.0, 0.09375
surrogate, 57, 21.0, 0.09375
surrogate, 57, 21.0, 0.09375
surrogate, 57, 21.0, 0.09375
surrogate, 57, 21.0, 0.09375
surrogate, 57, 21.0, 0.09375
surrogate, 57, 21.0, 0.09375
surrogate, 57, 21.0, 0.09375
surrogate, 57, 21.0, 0.09375
surrogate, 58, 34.0, 0.9375
surrogate, 58, 34.0, 0.9375
surrogate, 58, 34.0, 0.9375
surrogate, 58, 34.0, 0.9375
surrogate, 58, 34.0, 0.9375
surrogate, 58, 32.0, 0.78125
surrogate, 58, 31.0, 0.71875
surrogate, 58, 30.0, 0.59375
surrogate, 58, 30.0, 0.59375
surrogate, 58, 30.0, 0.59375
surrogate, 58, 30.0, 0.59375
surrogate, 58, 30.0, 0.59375
surrogate, 58, 30.0, 0.59375
surrogate, 58, 28.0, 0.5
surrogate, 58, 28.0, 0.5
surrogate, 58, 28.0, 0.5
surrogate, 58, 28.0, 0.5
surrogate, 58, 28.0, 0.5
surrogate, 58, 28.0, 0.5
surrogate, 58, 28.0, 0.5
surrogate, 58, 28.0, 0.5
surrogate, 58, 28.0, 0.5
surrogate, 58, 28.0, 0.5
surrogate, 58, 28.0, 0.5
surrogate, 58, 28.0, 0.5
surrogate, 58, 26.0, 0.375
surrogate, 58, 26.0, 0.375
surrogate, 58, 26.0, 0.375
surrogate, 58, 26.0, 0.375
surrogate, 58, 26.0, 0.375
surrogate, 58, 26.0, 0.375
surrogate, 58, 26.0, 0.375
surrogate, 58, 26.0, 0.375
surrogate, 58, 26.0, 0.375
surrogate, 58, 26.0, 0.375
surrogate, 58, 26.0, 0.375
surrogate, 58, 26.0, 0.375
surrogate, 58, 26.0, 0.375
surrogate, 58, 26.0, 0.375
surrogate, 58, 24.0, 0.25
surrogate, 58, 24.0, 0.25
surrogate, 58, 24.0, 0.25
surrogate, 58, 24.0, 0.25
surrogate, 58, 24.0, 0.25
surrogate, 58, 24.0, 0.25
surrogate, 58, 24.0, 0.25
surrogate, 58, 24.0, 0.25
surrogate, 58, 24.0, 0.25
surrogate, 58, 24.0, 0.25
surrogate, 58, 24.0, 0.25
surrogate, 58, 24.0, 0.25
surrogate, 58, 24.0, 0.25
surrogate, 58, 24.0, 0.25
surrogate, 58, 24.0, 0.25
surrogate, 58, 24.0, 0.25
surrogate, 58, 24.0, 0.25
surrogate, 58, 24.0, 0.25
surrogate, 58, 24.0, 0.25
surrogate, 58, 24.0, 0.25
surrogate, 58, 24.0, 0.25
surrogate, 58, 21.0, 0.09375
surrogate, 58, 21.0, 0.09375
surrogate, 58, 21.0, 0.09375
surrogate, 58, 21.0, 0.09375
surrogate, 58, 21.0, 0.09375
surrogate, 58, 21.0, 0.09375
surrogate, 58, 21.0, 0.09375
surrogate, 58, 21.0, 0.09375
surrogate, 58, 21.0, 0.09375
surrogate, 58, 21.0, 0.09375
surrogate, 58, 21.0, 0.09375
surrogate, 58, 21.0, 0.09375
surrogate, 58, 21.0, 0.09375
surrogate, 58, 21.0, 0.09375
surrogate, 58, 21.0, 0.09375
surrogate, 58, 21.0, 0.09375
surrogate, 58, 21.0, 0.09375
surrogate, 58, 21.0, 0.09375
surrogate, 58, 21.0, 0.09375
surrogate, 58, 21.0, 0.09375
surrogate, 58, 21.0, 0.09375
surrogate, 58, 21.0, 0.09375
surrogate, 58, 21.0, 0.09375
surrogate, 58, 21.0, 0.09375
surrogate, 59, 34.0, 0.9375
surrogate, 59, 34.0, 0.9375
surrogate, 59, 34.0, 0.9375
surrogate, 59, 34.0, 0.9375
surrogate, 59, 34.0, 0.9375
surrogate, 59, 32.0, 0.78125
surrogate, 59, 31.0, 0.71875
surrogate, 59, 30.0, 0.59375
surrogate, 59, 30.0, 0.59375
surrogate, 59, 30.0, 0.59375
surrogate, 59, 30.0, 0.59375
surrogate, 59, 30.0, 0.59375
surrogate, 59, 30.0, 0.59375
surrogate, 59, 28.0, 0.5
surrogate, 59, 28.0, 0.5
surrogate, 59, 28.0, 0.5
surrogate, 59, 28.0, 0.5
surrogate, 59, 28.0, 0.5
surrogate, 59, 28.0, 0.5
surrogate, 59, 28.0, 0.5
surrogate, 59, 28.0, 0.5
surrogate, 59, 28.0, 0.5
surrogate, 59, 28.0, 0.5
surrogate, 59, 28.0, 0.5
surrogate, 59, 28.0, 0.5
surrogate, 59, 28.0, 0.5
surrogate, 59, 26.0, 0.375
surrogate, 59, 26.0, 0.375
surrogate, 59, 26.0, 0.375
surrogate, 59, 26.0, 0.375
surrogate, 59, 26.0, 0.375
surrogate, 59, 26.0, 0.375
surrogate, 59, 26.0, 0.375
surrogate, 59, 26.0, 0.375
surrogate, 59, 26.0, 0.375
surrogate, 59, 26.0, 0.375
surrogate, 59, 26.0, 0.375
surrogate, 59, 26.0, 0.375
surrogate, 59, 26.0, 0.375
surrogate, 59, 26.0, 0.375
surrogate, 59, 26.0, 0.375
surrogate, 59, 24.0, 0.25
surrogate, 59, 24.0, 0.25
surrogate, 59, 24.0, 0.25
surrogate, 59, 24.0, 0.25
surrogate, 59, 24.0, 0.25
surrogate, 59, 24.0, 0.25
surrogate, 59, 24.0, 0.25
surrogate, 59, 24.0, 0.25
surrogate, 59, 24.0, 0.25
surrogate, 59, 24.0, 0.25
surrogate, 59, 24.0, 0.25
surrogate, 59, 24.0, 0.25
surrogate, 59, 24.0, 0.25
surrogate, 59, 24.0, 0.25
surrogate, 59, 24.0, 0.25
surrogate, 59, 24.0, 0.25
surrogate, 59, 24.0, 0.25
surrogate, 59, 24.0, 0.25
surrogate, 59, 24.0, 0.25
surrogate, 59, 24.0, 0.25
surrogate, 59, 24.0, 0.25
surrogate, 59, 24.0, 0.25
surrogate, 59, 21.0, 0.09375
surrogate, 59, 21.0, 0.09375
surrogate, 59, 21.0, 0.09375
surrogate, 59, 21.0, 0.09375
surrogate, 59, 21.0, 0.09375
surrogate, 59, 21.0, 0.09375
surrogate, 59, 21.0, 0.09375
surrogate, 59, 21.0, 0.09375
surrogate, 59, 21.0, 0.09375
surrogate, 59, 21.0, 0.09375
surrogate, 59, 21.0, 0.09375
surrogate, 59, 21.0, 0.09375
surrogate, 59, 21.0, 0.09375
surrogate, 59, 21.0, 0.09375
surrogate, 59, 21.0, 0.09375
surrogate, 59, 21.0, 0.09375
surrogate, 59, 21.0, 0.09375
surrogate, 59, 21.0, 0.09375
surrogate, 59, 21.0, 0.09375
surrogate, 59, 21.0, 0.09375
surrogate, 59, 21.0, 0.09375
surrogate, 59, 21.0, 0.09375
surrogate, 59, 21.0, 0.09375
surrogate, 59, 21.0, 0.09375
surrogate, 59, 21.0, 0.09375
surrogate, 60, 34.0, 0.9375
surrogate, 60, 34.0, 0.9375
surrogate, 60, 34.0, 0.9375
surrogate, 60, 34.0, 0.9375
surrogate, 60, 34.0, 0.9375
surrogate, 60, 34.0, 0.9375
surrogate, 60, 32.0, 0.78125
surrogate, 60, 31.0, 0.71875
surrogate, 60, 30.0, 0.59375
surrogate, 60, 30.0, 0.59375
surrogate, 60, 30.0, 0.59375
surrogate, 60, 30.0, 0.59375
surrogate, 60, 30.0, 0.59375
surrogate, 60, 30.0, 0.59375
surrogate, 60, 28.0, 0.5
surrogate, 60, 28.0, 0.5
surrogate, 60, 28.0, 0.5
surrogate, 60, 28.0, 0.5
surrogate, 60, 28.0, 0.5
surrogate, 60, 28.0, 0.5
surrogate, 60, 28.0, 0.5
surrogate, 60, 28.0, 0.5
surrogate, 60, 28.0, 0.5
surrogate, 60, 28.0, 0.5
surrogate, 60, 28.0, 0.5
surrogate, 60, 28.0, 0.5
surrogate, 60, 28.0, 0.5
surrogate, 60, 28.0, 0.5
surrogate, 60, 26.0, 0.375
surrogate, 60, 26.0, 0.375
surrogate, 60, 26.0, 0.375
surrogate, 60, 26.0, 0.375
surrogate, 60, 26.0, 0.375
surrogate, 60, 26.0, 0.375
surrogate, 60, 26.0, 0.375
surrogate, 60, 26.0, 0.375
surrogate, 60, 26.0, 0.375
surrogate, 60, 26.0, 0.375
surrogate, 60, 26.0, 0.375
surrogate, 60, 26.0, 0.375
surrogate, 60, 26.0, 0.375
surrogate, 60, 26.0, 0.375
surrogate, 60, 26.0, 0.375
surrogate, 60, 26.0, 0.375
surrogate, 60, 24.0, 0.25
surrogate, 60, 24.0, 0.25
surrogate, 60, 24.0, 0.25
surrogate, 60, 24.0, 0.25
surrogate, 60, 24.0, 0.25
surrogate, 60, 24.0, 0.25
surrogate, 60, 24.0, 0.25
surrogate, 60, 24.0, 0.25
surrogate, 60, 24.0, 0.25
surrogate, 60, 24.0, 0.25
surrogate, 60, 24.0, 0.25
surrogate, 60, 24.0, 0.25
surrogate, 60, 24.0, 0.25
surrogate, 60, 24.0, 0.25
surrogate, 60, 24.0, 0.25
surrogate, 60, 24.0, 0.25
surrogate, 60, 24.0, 0.25
surrogate, 60, 24.0, 0.25
surrogate, 60, 24.0, 0.25
surrogate, 60, 24.0, 0.25
surrogate, 60, 24.0, 0.25
surrogate, 60, 24.0, 0.25
surrogate, 60, 21.0, 0.09375
surrogate, 60, 21.0, 0.09375
surrogate, 60, 21.0, 0.09375
surrogate, 60, 21.0, 0.09375
surrogate, 60, 21.0, 0.09375
surrogate, 60, 21.0, 0.09375
surrogate, 60, 21.0, 0.09375
surrogate, 60, 21.0, 0.09375
surrogate, 60, 21.0, 0.09375
surrogate, 60, 21.0, 0.09375
surrogate, 60, 21.0, 0.09375
surrogate, 60, 21.0, 0.09375
surrogate, 60, 21.0, 0.09375
surrogate, 60, 21.0, 0.09375
surrogate, 60, 21.0, 0.09375
surrogate, 60, 21.0, 0.09375
surrogate, 60, 21.0, 0.09375
surrogate, 60, 21.0, 0.09375
surrogate, 60, 21.0, 0.09375
surrogate, 60, 21.0, 0.09375
surrogate, 60, 21.0, 0.09375
surrogate, 60, 21.0, 0.09375
surrogate, 60, 21.0, 0.09375
surrogate, 60, 21.0, 0.09375
surrogate, 60, 21.0, 0.09375
surrogate, 61, 34.0, 0.9375
surrogate, 61, 34.0, 0.9375
surrogate, 61, 34.0, 0.9375
surrogate, 61, 34.0, 0.9375
surrogate, 61, 34.0, 0.9375
surrogate, 61, 34.0, 0.9375
surrogate, 61, 32.0, 0.78125
surrogate, 61, 31.0, 0.71875
surrogate, 61, 30.0, 0.59375
surrogate, 61, 30.0, 0.59375
surrogate, 61, 30.0, 0.59375
surrogate, 61, 30.0, 0.59375
surrogate, 61, 30.0, 0.59375
surrogate, 61, 30.0, 0.59375
surrogate, 61, 30.0, 0.59375
surrogate, 61, 28.0, 0.5
surrogate, 61, 28.0, 0.5
surrogate, 61, 28.0, 0.5
surrogate, 61, 28.0, 0.5
surrogate, 61, 28.0, 0.5
surrogate, 61, 28.0, 0.5
surrogate, 61, 28.0, 0.5
surrogate, 61, 28.0, 0.5
surrogate, 61, 28.0, 0.5
surrogate, 61, 28.0, 0.5
surrogate, 61, 28.0, 0.5
surrogate, 61, 28.0, 0.5
surrogate, 61, 28.0, 0.5
surrogate, 61, 28.0, 0.5
surrogate, 61, 26.0, 0.375
surrogate, 61, 26.0, 0.375
surrogate, 61, 26.0, 0.375
surrogate, 61, 26.0, 0.375
surrogate, 61, 26.0, 0.375
surrogate, 61, 26.0, 0.375
surrogate, 61, 26.0, 0.375
surrogate, 61, 26.0, 0.375
surrogate, 61, 26.0, 0.375
surrogate, 61, 26.0, 0.375
surrogate, 61, 26.0, 0.375
surrogate, 61, 26.0, 0.375
surrogate, 61, 26.0, 0.375
surrogate, 61, 26.0, 0.375
surrogate, 61, 26.0, 0.375
surrogate, 61, 26.0, 0.375
surrogate, 61, 24.0, 0.25
surrogate, 61, 24.0, 0.25
surrogate, 61, 24.0, 0.25
surrogate, 61, 24.0, 0.25
surrogate, 61, 24.0, 0.25
surrogate, 61, 24.0, 0.25
surrogate, 61, 24.0, 0.25
surrogate, 61, 24.0, 0.25
surrogate, 61, 24.0, 0.25
surrogate, 61, 24.0, 0.25
surrogate, 61, 24.0, 0.25
surrogate, 61, 24.0, 0.25
surrogate, 61, 24.0, 0.25
surrogate, 61, 24.0, 0.25
surrogate, 61, 24.0, 0.25
surrogate, 61, 24.0, 0.25
surrogate, 61, 24.0, 0.25
surrogate, 61, 24.0, 0.25
surrogate, 61, 24.0, 0.25
surrogate, 61, 24.0, 0.25
surrogate, 61, 24.0, 0.25
surrogate, 61, 24.0, 0.25
surrogate, 61, 24.0, 0.25
surrogate, 61, 21.0, 0.09375
surrogate, 61, 21.0, 0.09375
surrogate, 61, 21.0, 0.09375
surrogate, 61, 21.0, 0.09375
surrogate, 61, 21.0, 0.09375
surrogate, 61, 21.0, 0.09375
surrogate, 61, 21.0, 0.09375
surrogate, 61, 21.0, 0.09375
surrogate, 61, 21.0, 0.09375
surrogate, 61, 21.0, 0.09375
surrogate, 61, 21.0, 0.09375
surrogate, 61, 21.0, 0.09375
surrogate, 61, 21.0, 0.09375
surrogate, 61, 21.0, 0.09375
surrogate, 61, 21.0, 0.09375
surrogate, 61, 21.0, 0.09375
surrogate, 61, 21.0, 0.09375
surrogate, 61, 21.0, 0.09375
surrogate, 61, 21.0, 0.09375
surrogate, 61, 21.0, 0.09375
surrogate, 61, 21.0, 0.09375
surrogate, 61, 21.0, 0.09375
surrogate, 61, 21.0, 0.09375
surrogate, 61, 21.0, 0.09375
surrogate, 61, 21.0, 0.09375
surrogate, 62, 34.0, 0.9375
surrogate, 62, 34.0, 0.9375
surrogate, 62, 34.0, 0.9375
surrogate, 62, 34.0, 0.9375
surrogate, 62, 34.0, 0.9375
surrogate, 62, 34.0, 0.9375
surrogate, 62, 32.0, 0.78125
surrogate, 62, 31.0, 0.71875
surrogate, 62, 30.0, 0.59375
surrogate, 62, 30.0, 0.59375
surrogate, 62, 30.0, 0.59375
surrogate, 62, 30.0, 0.59375
surrogate, 62, 30.0, 0.59375
surrogate, 62, 30.0, 0.59375
surrogate, 62, 30.0, 0.59375
surrogate, 62, 28.0, 0.5
surrogate, 62, 28.0, 0.5
surrogate, 62, 28.0, 0.5
surrogate, 62, 28.0, 0.5
surrogate, 62, 28.0, 0.5
surrogate, 62, 28.0, 0.5
surrogate, 62, 28.0, 0.5
surrogate, 62, 28.0, 0.5
surrogate, 62, 28.0, 0.5
surrogate, 62, 28.0, 0.5
surrogate, 62, 28.0, 0.5
surrogate, 62, 28.0, 0.5
surrogate, 62, 28.0, 0.5
surrogate, 62, 28.0, 0.5
surrogate, 62, 26.0, 0.375
surrogate, 62, 26.0, 0.375
surrogate, 62, 26.0, 0.375
surrogate, 62, 26.0, 0.375
surrogate, 62, 26.0, 0.375
surrogate, 62, 26.0, 0.375
surrogate, 62, 26.0, 0.375
surrogate, 62, 26.0, 0.375
surrogate, 62, 26.0, 0.375
surrogate, 62, 26.0, 0.375
surrogate, 62, 26.0, 0.375
surrogate, 62, 26.0, 0.375
surrogate, 62, 26.0, 0.375
surrogate, 62, 26.0, 0.375
surrogate, 62, 26.0, 0.375
surrogate, 62, 26.0, 0.375
surrogate, 62, 23.0, 0.25
surrogate, 62, 21.0, 0.09375
surrogate, 62, 21.0, 0.09375
surrogate, 62, 21.0, 0.09375
surrogate, 62, 21.0, 0.09375
surrogate, 62, 21.0, 0.09375
surrogate, 62, 21.0, 0.09375
surrogate, 62, 21.0, 0.09375
surrogate, 62, 21.0, 0.09375
surrogate, 62, 21.0, 0.09375
surrogate, 62, 21.0, 0.09375
surrogate, 62, 21.0, 0.09375
surrogate, 62, 21.0, 0.09375
surrogate, 62, 21.0, 0.09375
surrogate, 62, 21.0, 0.09375
surrogate, 62, 21.0, 0.09375
surrogate, 62, 21.0, 0.09375
surrogate, 62, 21.0, 0.09375
surrogate, 62, 21.0, 0.09375
surrogate, 62, 21.0, 0.09375
surrogate, 62, 21.0, 0.09375
surrogate, 62, 21.0, 0.09375
surrogate, 62, 21.0, 0.09375
surrogate, 62, 21.0, 0.09375
surrogate, 62, 21.0, 0.09375
surrogate, 62, 21.0, 0.09375
surrogate, 63, 34.0, 0.9375
surrogate, 63, 34.0, 0.9375
surrogate, 63, 34.0, 0.9375
surrogate, 63, 34.0, 0.9375
surrogate, 63, 34.0, 0.9375
surrogate, 63, 34.0, 0.9375
surrogate, 63, 32.0, 0.78125
surrogate, 63, 31.0, 0.71875
surrogate, 63, 30.0, 0.59375
surrogate, 63, 30.0, 0.59375
surrogate, 63, 30.0, 0.59375
surrogate, 63, 30.0, 0.59375
surrogate, 63, 30.0, 0.59375
surrogate, 63, 30.0, 0.59375
surrogate, 63, 30.0, 0.59375
surrogate, 63, 30.0, 0.59375
surrogate, 63, 28.0, 0.5
surrogate, 63, 28.0, 0.5
surrogate, 63, 28.0, 0.5
surrogate, 63, 28.0, 0.5
surrogate, 63, 28.0, 0.5
surrogate, 63, 28.0, 0.5
surrogate, 63, 28.0, 0.5
surrogate, 63, 28.0, 0.5
surrogate, 63, 28.0, 0.5
surrogate, 63, 28.0, 0.5
surrogate, 63, 28.0, 0.5
surrogate, 63, 28.0, 0.5
surrogate, 63, 28.0, 0.5
surrogate, 63, 28.0, 0.5
surrogate, 63, 26.0, 0.375
surrogate, 63, 26.0, 0.375
surrogate, 63, 26.0, 0.375
surrogate, 63, 26.0, 0.375
surrogate, 63, 26.0, 0.375
surrogate, 63, 26.0, 0.375
surrogate, 63, 26.0, 0.375
surrogate, 63, 26.0, 0.375
surrogate, 63, 26.0, 0.375
surrogate, 63, 26.0, 0.375
surrogate, 63, 26.0, 0.375
surrogate, 63, 26.0, 0.375
surrogate, 63, 26.0, 0.375
surrogate, 63, 26.0, 0.375
surrogate, 63, 26.0, 0.375
surrogate, 63, 26.0, 0.375
surrogate, 63, 26.0, 0.375
surrogate, 63, 23.0, 0.25
surrogate, 63, 21.0, 0.09375
surrogate, 63, 21.0, 0.09375
surrogate, 63, 21.0, 0.09375
surrogate, 63, 21.0, 0.09375
surrogate, 63, 21.0, 0.09375
surrogate, 63, 21.0, 0.09375
surrogate, 63, 21.0, 0.09375
surrogate, 63, 21.0, 0.09375
surrogate, 63, 21.0, 0.09375
surrogate, 63, 21.0, 0.09375
surrogate, 63, 21.0, 0.09375
surrogate, 63, 21.0, 0.09375
surrogate, 63, 21.0, 0.09375
surrogate, 63, 21.0, 0.09375
surrogate, 63, 21.0, 0.09375
surrogate, 63, 21.0, 0.09375
surrogate, 63, 21.0, 0.09375
surrogate, 63, 21.0, 0.09375
surrogate, 63, 21.0, 0.09375
surrogate, 63, 21.0, 0.09375
surrogate, 63, 21.0, 0.09375
surrogate, 63, 21.0, 0.09375
surrogate, 63, 21.0, 0.09375
surrogate, 63, 21.0, 0.09375
surrogate, 63, 21.0, 0.09375
surrogate, 63, 21.0, 0.09375
surrogate, 64, 34.0, 0.9375
surrogate, 64, 34.0, 0.9375
surrogate, 64, 34.0, 0.9375
surrogate, 64, 34.0, 0.9375
surrogate, 64, 34.0, 0.9375
surrogate, 64, 34.0, 0.9375
surrogate, 64, 33.0, 0.84375
surrogate, 64, 32.0, 0.78125
surrogate, 64, 31.0, 0.71875
surrogate, 64, 30.0, 0.59375
surrogate, 64, 30.0, 0.59375
surrogate, 64, 30.0, 0.59375
surrogate, 64, 30.0, 0.59375
surrogate, 64, 30.0, 0.59375
surrogate, 64, 30.0, 0.59375
surrogate, 64, 30.0, 0.59375
surrogate, 64, 30.0, 0.59375
surrogate, 64, 28.0, 0.5
surrogate, 64, 28.0, 0.5
surrogate, 64, 28.0, 0.5
surrogate, 64, 28.0, 0.5
surrogate, 64, 28.0, 0.5
surrogate, 64, 28.0, 0.5
surrogate, 64, 28.0, 0.5
surrogate, 64, 28.0, 0.5
surrogate, 64, 28.0, 0.5
surrogate, 64, 28.0, 0.5
surrogate, 64, 28.0, 0.5
surrogate, 64, 28.0, 0.5
surrogate, 64, 28.0, 0.5
surrogate, 64, 28.0, 0.5
surrogate, 64, 26.0, 0.375
surrogate, 64, 26.0, 0.375
surrogate, 64, 26.0, 0.375
surrogate, 64, 26.0, 0.375
surrogate, 64, 26.0, 0.375
surrogate, 64, 26.0, 0.375
surrogate, 64, 26.0, 0.375
surrogate, 64, 26.0, 0.375
surrogate, 64, 26.0, 0.375
surrogate, 64, 26.0, 0.375
surrogate, 64, 26.0, 0.375
surrogate, 64, 26.0, 0.375
surrogate, 64, 26.0, 0.375
surrogate, 64, 26.0, 0.375
surrogate, 64, 26.0, 0.375
surrogate, 64, 26.0, 0.375
surrogate, 64, 26.0, 0.375
surrogate, 64, 23.0, 0.25
surrogate, 64, 21.0, 0.09375
surrogate, 64, 21.0, 0.09375
surrogate, 64, 21.0, 0.09375
surrogate, 64, 21.0, 0.09375
surrogate, 64, 21.0, 0.09375
surrogate, 64, 21.0, 0.09375
surrogate, 64, 21.0, 0.09375
surrogate, 64, 21.0, 0.09375
surrogate, 64, 21.0, 0.09375
surrogate, 64, 21.0, 0.09375
surrogate, 64, 21.0, 0.09375
surrogate, 64, 21.0, 0.09375
surrogate, 64, 21.0, 0.09375
surrogate, 64, 21.0, 0.09375
surrogate, 64, 21.0, 0.09375
surrogate, 64, 21.0, 0.09375
surrogate, 64, 21.0, 0.09375
surrogate, 64, 21.0, 0.09375
surrogate, 64, 21.0, 0.09375
surrogate, 64, 21.0, 0.09375
surrogate, 64, 21.0, 0.09375
surrogate, 64, 21.0, 0.09375
surrogate, 64, 21.0, 0.09375
surrogate, 64, 21.0, 0.09375
surrogate, 64, 21.0, 0.09375
surrogate, 64, 21.0, 0.09375
surrogate, 64, 21.0, 0.09375
surrogate, 65, 34.0, 0.9375
surrogate, 65, 34.0, 0.9375
surrogate, 65, 34.0, 0.9375
surrogate, 65, 34.0, 0.9375
surrogate, 65, 34.0, 0.9375
surrogate, 65, 34.0, 0.9375
surrogate, 65, 33.0, 0.84375
surrogate, 65, 32.0, 0.78125
surrogate, 65, 31.0, 0.71875
surrogate, 65, 30.0, 0.59375
surrogate, 65, 30.0, 0.59375
surrogate, 65, 30.0, 0.59375
surrogate, 65, 30.0, 0.59375
surrogate, 65, 30.0, 0.59375
surrogate, 65, 30.0, 0.59375
surrogate, 65, 30.0, 0.59375
surrogate, 65, 30.0, 0.59375
surrogate, 65, 30.0, 0.59375
surrogate, 65, 28.0, 0.5
surrogate, 65, 28.0, 0.5
surrogate, 65, 28.0, 0.5
surrogate, 65, 28.0, 0.5
surrogate, 65, 28.0, 0.5
surrogate, 65, 28.0, 0.5
surrogate, 65, 28.0, 0.5
surrogate, 65, 28.0, 0.5
surrogate, 65, 28.0, 0.5
surrogate, 65, 28.0, 0.5
surrogate, 65, 28.0, 0.5
surrogate, 65, 28.0, 0.5
surrogate, 65, 28.0, 0.5
surrogate, 65, 28.0, 0.5
surrogate, 65, 26.0, 0.375
surrogate, 65, 26.0, 0.375
surrogate, 65, 26.0, 0.375
surrogate, 65, 26.0, 0.375
surrogate, 65, 26.0, 0.375
surrogate, 65, 26.0, 0.375
surrogate, 65, 26.0, 0.375
surrogate, 65, 26.0, 0.375
surrogate, 65, 26.0, 0.375
surrogate, 65, 26.0, 0.375
surrogate, 65, 26.0, 0.375
surrogate, 65, 26.0, 0.375
surrogate, 65, 26.0, 0.375
surrogate, 65, 26.0, 0.375
surrogate, 65, 26.0, 0.375
surrogate, 65, 26.0, 0.375
surrogate, 65, 26.0, 0.375
surrogate, 65, 23.0, 0.25
surrogate, 65, 23.0, 0.25
surrogate, 65, 21.0, 0.09375
surrogate, 65, 21.0, 0.09375
surrogate, 65, 21.0, 0.09375
surrogate, 65, 21.0, 0.09375
surrogate, 65, 21.0, 0.09375
surrogate, 65, 21.0, 0.09375
surrogate, 65, 21.0, 0.09375
surrogate, 65, 21.0, 0.09375
surrogate, 65, 21.0, 0.09375
surrogate, 65, 21.0, 0.09375
surrogate, 65, 21.0, 0.09375
surrogate, 65, 21.0, 0.09375
surrogate, 65, 21.0, 0.09375
surrogate, 65, 21.0, 0.09375
surrogate, 65, 21.0, 0.09375
surrogate, 65, 21.0, 0.09375
surrogate, 65, 21.0, 0.09375
surrogate, 65, 21.0, 0.09375
surrogate, 65, 21.0, 0.09375
surrogate, 65, 21.0, 0.09375
surrogate, 65, 21.0, 0.09375
surrogate, 65, 21.0, 0.09375
surrogate, 65, 21.0, 0.09375
surrogate, 65, 21.0, 0.09375
surrogate, 65, 21.0, 0.09375
surrogate, 65, 21.0, 0.09375
surrogate, 65, 21.0, 0.09375
surrogate, 66, 34.0, 0.9375
surrogate, 66, 34.0, 0.9375
surrogate, 66, 34.0, 0.9375
surrogate, 66, 34.0, 0.9375
surrogate, 66, 34.0, 0.9375
surrogate, 66, 34.0, 0.9375
surrogate, 66, 34.0, 0.9375
surrogate, 66, 33.0, 0.84375
surrogate, 66, 32.0, 0.78125
surrogate, 66, 31.0, 0.71875
surrogate, 66, 30.0, 0.59375
surrogate, 66, 30.0, 0.59375
surrogate, 66, 30.0, 0.59375
surrogate, 66, 30.0, 0.59375
surrogate, 66, 30.0, 0.59375
surrogate, 66, 30.0, 0.59375
surrogate, 66, 30.0, 0.59375
surrogate, 66, 30.0, 0.59375
surrogate, 66, 30.0, 0.59375
surrogate, 66, 28.0, 0.5
surrogate, 66, 28.0, 0.5
surrogate, 66, 28.0, 0.5
surrogate, 66, 28.0, 0.5
surrogate, 66, 28.0, 0.5
surrogate, 66, 28.0, 0.5
surrogate, 66, 28.0, 0.5
surrogate, 66, 28.0, 0.5
surrogate, 66, 28.0, 0.5
surrogate, 66, 28.0, 0.5
surrogate, 66, 28.0, 0.5
surrogate, 66, 28.0, 0.5
surrogate, 66, 28.0, 0.5
surrogate, 66, 28.0, 0.5
surrogate, 66, 26.0, 0.375
surrogate, 66, 26.0, 0.375
surrogate, 66, 26.0, 0.375
surrogate, 66, 26.0, 0.375
surrogate, 66, 26.0, 0.375
surrogate, 66, 26.0, 0.375
surrogate, 66, 26.0, 0.375
surrogate, 66, 26.0, 0.375
surrogate, 66, 26.0, 0.375
surrogate, 66, 26.0, 0.375
surrogate, 66, 26.0, 0.375
surrogate, 66, 26.0, 0.375
surrogate, 66, 26.0, 0.375
surrogate, 66, 26.0, 0.375
surrogate, 66, 26.0, 0.375
surrogate, 66, 26.0, 0.375
surrogate, 66, 26.0, 0.375
surrogate, 66, 26.0, 0.375
surrogate, 66, 23.0, 0.25
surrogate, 66, 23.0, 0.25
surrogate, 66, 21.0, 0.09375
surrogate, 66, 21.0, 0.09375
surrogate, 66, 21.0, 0.09375
surrogate, 66, 21.0, 0.09375
surrogate, 66, 21.0, 0.09375
surrogate, 66, 21.0, 0.09375
surrogate, 66, 21.0, 0.09375
surrogate, 66, 21.0, 0.09375
surrogate, 66, 21.0, 0.09375
surrogate, 66, 21.0, 0.09375
surrogate, 66, 21.0, 0.09375
surrogate, 66, 21.0, 0.09375
surrogate, 66, 21.0, 0.09375
surrogate, 66, 21.0, 0.09375
surrogate, 66, 21.0, 0.09375
surrogate, 66, 21.0, 0.09375
surrogate, 66, 21.0, 0.09375
surrogate, 66, 21.0, 0.09375
surrogate, 66, 21.0, 0.09375
surrogate, 66, 21.0, 0.09375
surrogate, 66, 21.0, 0.09375
surrogate, 66, 21.0, 0.09375
surrogate, 66, 21.0, 0.09375
surrogate, 66, 21.0, 0.09375
surrogate, 66, 21.0, 0.09375
surrogate, 66, 21.0, 0.09375
surrogate, 66, 21.0, 0.09375
surrogate, 66, 21.0, 0.09375
surrogate, 67, 34.0, 0.9375
surrogate, 67, 34.0, 0.9375
surrogate, 67, 34.0, 0.9375
surrogate, 67, 34.0, 0.9375
surrogate, 67, 34.0, 0.9375
surrogate, 67, 34.0, 0.9375
surrogate, 67, 34.0, 0.9375
surrogate, 67, 34.0, 0.9375
surrogate, 67, 33.0, 0.84375
surrogate, 67, 32.0, 0.78125
surrogate, 67, 31.0, 0.71875
surrogate, 67, 31.0, 0.71875
surrogate, 67, 30.0, 0.59375
surrogate, 67, 30.0, 0.59375
surrogate, 67, 30.0, 0.59375
surrogate, 67, 30.0, 0.59375
surrogate, 67, 30.0, 0.59375
surrogate, 67, 30.0, 0.59375
surrogate, 67, 30.0, 0.59375
surrogate, 67, 30.0, 0.59375
surrogate, 67, 30.0, 0.59375
surrogate, 67, 30.0, 0.59375
surrogate, 67, 28.0, 0.5
surrogate, 67, 28.0, 0.5
surrogate, 67, 28.0, 0.5
surrogate, 67, 28.0, 0.5
surrogate, 67, 28.0, 0.5
surrogate, 67, 28.0, 0.5
surrogate, 67, 28.0, 0.5
surrogate, 67, 28.0, 0.5
surrogate, 67, 28.0, 0.5
surrogate, 67, 28.0, 0.5
surrogate, 67, 28.0, 0.5
surrogate, 67, 28.0, 0.5
surrogate, 67, 28.0, 0.5
surrogate, 67, 28.0, 0.5
surrogate, 67, 26.0, 0.375
surrogate, 67, 26.0, 0.375
surrogate, 67, 26.0, 0.375
surrogate, 67, 26.0, 0.375
surrogate, 67, 26.0, 0.375
surrogate, 67, 26.0, 0.375
surrogate, 67, 26.0, 0.375
surrogate, 67, 26.0, 0.375
surrogate, 67, 26.0, 0.375
surrogate, 67, 26.0, 0.375
surrogate, 67, 26.0, 0.375
surrogate, 67, 26.0, 0.375
surrogate, 67, 26.0, 0.375
surrogate, 67, 26.0, 0.375
surrogate, 67, 26.0, 0.375
surrogate, 67, 26.0, 0.375
surrogate, 67, 26.0, 0.375
surrogate, 67, 26.0, 0.375
surrogate, 67, 23.0, 0.25
surrogate, 67, 23.0, 0.25
surrogate, 67, 23.0, 0.25
surrogate, 67, 21.0, 0.09375
surrogate, 67, 21.0, 0.09375
surrogate, 67, 21.0, 0.09375
surrogate, 67, 21.0, 0.09375
surrogate, 67, 21.0, 0.09375
surrogate, 67, 21.0, 0.09375
surrogate, 67, 21.0, 0.09375
surrogate, 67, 21.0, 0.09375
surrogate, 67, 21.0, 0.09375
surrogate, 67, 21.0, 0.09375
surrogate, 67, 21.0, 0.09375
surrogate, 67, 21.0, 0.09375
surrogate, 67, 21.0, 0.09375
surrogate, 67, 21.0, 0.09375
surrogate, 67, 21.0, 0.09375
surrogate, 67, 21.0, 0.09375
surrogate, 67, 21.0, 0.09375
surrogate, 67, 21.0, 0.09375
surrogate, 67, 21.0, 0.09375
surrogate, 67, 21.0, 0.09375
surrogate, 67, 21.0, 0.09375
surrogate, 67, 21.0, 0.09375
surrogate, 67, 21.0, 0.09375
surrogate, 67, 21.0, 0.09375
surrogate, 67, 21.0, 0.09375
surrogate, 67, 21.0, 0.09375
surrogate, 67, 21.0, 0.09375
surrogate, 67, 21.0, 0.09375
surrogate, 68, 34.0, 0.9375
surrogate, 68, 34.0, 0.9375
surrogate, 68, 34.0, 0.9375
surrogate, 68, 34.0, 0.9375
surrogate, 68, 34.0, 0.9375
surrogate, 68, 34.0, 0.9375
surrogate, 68, 34.0, 0.9375
surrogate, 68, 34.0, 0.9375
surrogate, 68, 33.0, 0.84375
surrogate, 68, 32.0, 0.78125
surrogate, 68, 31.0, 0.71875
surrogate, 68, 31.0, 0.71875
surrogate, 68, 30.0, 0.59375
surrogate, 68, 30.0, 0.59375
surrogate, 68, 30.0, 0.59375
surrogate, 68, 30.0, 0.59375
surrogate, 68, 30.0, 0.59375
surrogate, 68, 30.0, 0.59375
surrogate, 68, 30.0, 0.59375
surrogate, 68, 30.0, 0.59375
surrogate, 68, 30.0, 0.59375
surrogate, 68, 30.0, 0.59375
surrogate, 68, 28.0, 0.5
surrogate, 68, 28.0, 0.5
surrogate, 68, 28.0, 0.5
surrogate, 68, 28.0, 0.5
surrogate, 68, 28.0, 0.5
surrogate, 68, 28.0, 0.5
surrogate, 68, 28.0, 0.5
surrogate, 68, 28.0, 0.5
surrogate, 68, 28.0, 0.5
surrogate, 68, 28.0, 0.5
surrogate, 68, 28.0, 0.5
surrogate, 68, 28.0, 0.5
surrogate, 68, 28.0, 0.5
surrogate, 68, 28.0, 0.5
surrogate, 68, 26.0, 0.375
surrogate, 68, 26.0, 0.375
surrogate, 68, 26.0, 0.375
surrogate, 68, 26.0, 0.375
surrogate, 68, 26.0, 0.375
surrogate, 68, 26.0, 0.375
surrogate, 68, 26.0, 0.375
surrogate, 68, 26.0, 0.375
surrogate, 68, 26.0, 0.375
surrogate, 68, 26.0, 0.375
surrogate, 68, 26.0, 0.375
surrogate, 68, 26.0, 0.375
surrogate, 68, 26.0, 0.375
surrogate, 68, 26.0, 0.375
surrogate, 68, 26.0, 0.375
surrogate, 68, 26.0, 0.375
surrogate, 68, 26.0, 0.375
surrogate, 68, 26.0, 0.375
surrogate, 68, 23.0, 0.25
surrogate, 68, 23.0, 0.25
surrogate, 68, 23.0, 0.25
surrogate, 68, 21.0, 0.09375
surrogate, 68, 21.0, 0.09375
surrogate, 68, 21.0, 0.09375
surrogate, 68, 21.0, 0.09375
surrogate, 68, 21.0, 0.09375
surrogate, 68, 21.0, 0.09375
surrogate, 68, 21.0, 0.09375
surrogate, 68, 21.0, 0.09375
surrogate, 68, 21.0, 0.09375
surrogate, 68, 21.0, 0.09375
surrogate, 68, 21.0, 0.09375
surrogate, 68, 21.0, 0.09375
surrogate, 68, 21.0, 0.09375
surrogate, 68, 21.0, 0.09375
surrogate, 68, 21.0, 0.09375
surrogate, 68, 21.0, 0.09375
surrogate, 68, 21.0, 0.09375
surrogate, 68, 21.0, 0.09375
surrogate, 68, 21.0, 0.09375
surrogate, 68, 21.0, 0.09375
surrogate, 68, 21.0, 0.09375
surrogate, 68, 21.0, 0.09375
surrogate, 68, 21.0, 0.09375
surrogate, 68, 21.0, 0.09375
surrogate, 68, 21.0, 0.09375
surrogate, 68, 21.0, 0.09375
surrogate, 68, 21.0, 0.09375
surrogate, 68, 21.0, 0.09375
surrogate, 69, 34.0, 0.9375
surrogate, 69, 34.0, 0.9375
surrogate, 69, 34.0, 0.9375
surrogate, 69, 34.0, 0.9375
surrogate, 69, 34.0, 0.9375
surrogate, 69, 34.0, 0.9375
surrogate, 69, 34.0, 0.9375
surrogate, 69, 34.0, 0.9375
surrogate, 69, 33.0, 0.84375
surrogate, 69, 33.0, 0.84375
surrogate, 69, 32.0, 0.78125
surrogate, 69, 31.0, 0.71875
surrogate, 69, 31.0, 0.71875
surrogate, 69, 30.0, 0.59375
surrogate, 69, 30.0, 0.59375
surrogate, 69, 30.0, 0.59375
surrogate, 69, 30.0, 0.59375
surrogate, 69, 30.0, 0.59375
surrogate, 69, 30.0, 0.59375
surrogate, 69, 30.0, 0.59375
surrogate, 69, 30.0, 0.59375
surrogate, 69, 30.0, 0.59375
surrogate, 69, 30.0, 0.59375
surrogate, 69, 28.0, 0.5
surrogate, 69, 28.0, 0.5
surrogate, 69, 28.0, 0.5
surrogate, 69, 28.0, 0.5
surrogate, 69, 28.0, 0.5
surrogate, 69, 28.0, 0.5
surrogate, 69, 28.0, 0.5
surrogate, 69, 28.0, 0.5
surrogate, 69, 28.0, 0.5
surrogate, 69, 28.0, 0.5
surrogate, 69, 28.0, 0.5
surrogate, 69, 28.0, 0.5
surrogate, 69, 28.0, 0.5
surrogate, 69, 28.0, 0.5
surrogate, 69, 26.0, 0.375
surrogate, 69, 26.0, 0.375
surrogate, 69, 26.0, 0.375
surrogate, 69, 26.0, 0.375
surrogate, 69, 26.0, 0.375
surrogate, 69, 26.0, 0.375
surrogate, 69, 26.0, 0.375
surrogate, 69, 26.0, 0.375
surrogate, 69, 26.0, 0.375
surrogate, 69, 26.0, 0.375
surrogate, 69, 26.0, 0.375
surrogate, 69, 26.0, 0.375
surrogate, 69, 26.0, 0.375
surrogate, 69, 26.0, 0.375
surrogate, 69, 26.0, 0.375
surrogate, 69, 26.0, 0.375
surrogate, 69, 26.0, 0.375
surrogate, 69, 26.0, 0.375
surrogate, 69, 23.0, 0.25
surrogate, 69, 23.0, 0.25
surrogate, 69, 23.0, 0.25
surrogate, 69, 21.0, 0.09375
surrogate, 69, 21.0, 0.09375
surrogate, 69, 21.0, 0.09375
surrogate, 69, 21.0, 0.09375
surrogate, 69, 21.0, 0.09375
surrogate, 69, 21.0, 0.09375
surrogate, 69, 21.0, 0.09375
surrogate, 69, 21.0, 0.09375
surrogate, 69, 21.0, 0.09375
surrogate, 69, 21.0, 0.09375
surrogate, 69, 21.0, 0.09375
surrogate, 69, 21.0, 0.09375
surrogate, 69, 21.0, 0.09375
surrogate, 69, 21.0, 0.09375
surrogate, 69, 21.0, 0.09375
surrogate, 69, 21.0, 0.09375
surrogate, 69, 21.0, 0.09375
surrogate, 69, 21.0, 0.09375
surrogate, 69, 21.0, 0.09375
surrogate, 69, 21.0, 0.09375
surrogate, 69, 21.0, 0.09375
surrogate, 69, 21.0, 0.09375
surrogate, 69, 21.0, 0.09375
surrogate, 69, 21.0, 0.09375
surrogate, 69, 21.0, 0.09375
surrogate, 69, 21.0, 0.09375
surrogate, 69, 21.0, 0.09375
surrogate, 69, 21.0, 0.09375
surrogate, 70, 34.0, 0.9375
surrogate, 70, 34.0, 0.9375
surrogate, 70, 34.0, 0.9375
surrogate, 70, 34.0, 0.9375
surrogate, 70, 34.0, 0.9375
surrogate, 70, 34.0, 0.9375
surrogate, 70, 34.0, 0.9375
surrogate, 70, 34.0, 0.9375
surrogate, 70, 34.0, 0.9375
surrogate, 70, 33.0, 0.84375
surrogate, 70, 33.0, 0.84375
surrogate, 70, 32.0, 0.78125
surrogate, 70, 31.0, 0.71875
surrogate, 70, 31.0, 0.71875
surrogate, 70, 30.0, 0.59375
surrogate, 70, 30.0, 0.59375
surrogate, 70, 30.0, 0.59375
surrogate, 70, 30.0, 0.59375
surrogate, 70, 30.0, 0.59375
surrogate, 70, 30.0, 0.59375
surrogate, 70, 30.0, 0.59375
surrogate, 70, 30.0, 0.59375
surrogate, 70, 30.0, 0.59375
surrogate, 70, 30.0, 0.59375
surrogate, 70, 30.0, 0.59375
surrogate, 70, 28.0, 0.5
surrogate, 70, 28.0, 0.5
surrogate, 70, 28.0, 0.5
surrogate, 70, 28.0, 0.5
surrogate, 70, 28.0, 0.5
surrogate, 70, 28.0, 0.5
surrogate, 70, 28.0, 0.5
surrogate, 70, 28.0, 0.5
surrogate, 70, 28.0, 0.5
surrogate, 70, 28.0, 0.5
surrogate, 70, 28.0, 0.5
surrogate, 70, 28.0, 0.5
surrogate, 70, 28.0, 0.5
surrogate, 70, 28.0, 0.5
surrogate, 70, 26.0, 0.375
surrogate, 70, 26.0, 0.375
surrogate, 70, 26.0, 0.375
surrogate, 70, 26.0, 0.375
surrogate, 70, 26.0, 0.375
surrogate, 70, 26.0, 0.375
surrogate, 70, 26.0, 0.375
surrogate, 70, 26.0, 0.375
surrogate, 70, 26.0, 0.375
surrogate, 70, 26.0, 0.375
surrogate, 70, 26.0, 0.375
surrogate, 70, 26.0, 0.375
surrogate, 70, 26.0, 0.375
surrogate, 70, 26.0, 0.375
surrogate, 70, 26.0, 0.375
surrogate, 70, 26.0, 0.375
surrogate, 70, 26.0, 0.375
surrogate, 70, 26.0, 0.375
surrogate, 70, 26.0, 0.375
surrogate, 70, 23.0, 0.25
surrogate, 70, 23.0, 0.25
surrogate, 70, 23.0, 0.25
surrogate, 70, 21.0, 0.09375
surrogate, 70, 21.0, 0.09375
surrogate, 70, 21.0, 0.09375
surrogate, 70, 21.0, 0.09375
surrogate, 70, 21.0, 0.09375
surrogate, 70, 21.0, 0.09375
surrogate, 70, 21.0, 0.09375
surrogate, 70, 21.0, 0.09375
surrogate, 70, 21.0, 0.09375
surrogate, 70, 21.0, 0.09375
surrogate, 70, 21.0, 0.09375
surrogate, 70, 21.0, 0.09375
surrogate, 70, 21.0, 0.09375
surrogate, 70, 21.0, 0.09375
surrogate, 70, 21.0, 0.09375
surrogate, 70, 21.0, 0.09375
surrogate, 70, 21.0, 0.09375
surrogate, 70, 21.0, 0.09375
surrogate, 70, 21.0, 0.09375
surrogate, 70, 21.0, 0.09375
surrogate, 70, 21.0, 0.09375
surrogate, 70, 21.0, 0.09375
surrogate, 70, 21.0, 0.09375
surrogate, 70, 21.0, 0.09375
surrogate, 70, 21.0, 0.09375
surrogate, 70, 21.0, 0.09375
surrogate, 70, 21.0, 0.09375
surrogate, 70, 21.0, 0.09375
surrogate, 70, 21.0, 0.09375
surrogate, 71, 34.0, 0.9375
surrogate, 71, 34.0, 0.9375
surrogate, 71, 34.0, 0.9375
surrogate, 71, 34.0, 0.9375
surrogate, 71, 34.0, 0.9375
surrogate, 71, 34.0, 0.9375
surrogate, 71, 34.0, 0.9375
surrogate, 71, 34.0, 0.9375
surrogate, 71, 34.0, 0.9375
surrogate, 71, 33.0, 0.84375
surrogate, 71, 33.0, 0.84375
surrogate, 71, 32.0, 0.78125
surrogate, 71, 31.0, 0.71875
surrogate, 71, 31.0, 0.71875
surrogate, 71, 30.0, 0.59375
surrogate, 71, 30.0, 0.59375
surrogate, 71, 30.0, 0.59375
surrogate, 71, 30.0, 0.59375
surrogate, 71, 30.0, 0.59375
surrogate, 71, 30.0, 0.59375
surrogate, 71, 30.0, 0.59375
surrogate, 71, 30.0, 0.59375
surrogate, 71, 30.0, 0.59375
surrogate, 71, 30.0, 0.59375
surrogate, 71, 30.0, 0.59375
surrogate, 71, 28.0, 0.5
surrogate, 71, 28.0, 0.5
surrogate, 71, 28.0, 0.5
surrogate, 71, 28.0, 0.5
surrogate, 71, 28.0, 0.5
surrogate, 71, 28.0, 0.5
surrogate, 71, 28.0, 0.5
surrogate, 71, 28.0, 0.5
surrogate, 71, 28.0, 0.5
surrogate, 71, 28.0, 0.5
surrogate, 71, 28.0, 0.5
surrogate, 71, 28.0, 0.5
surrogate, 71, 28.0, 0.5
surrogate, 71, 28.0, 0.5
surrogate, 71, 26.0, 0.375
surrogate, 71, 26.0, 0.375
surrogate, 71, 26.0, 0.375
surrogate, 71, 26.0, 0.375
surrogate, 71, 26.0, 0.375
surrogate, 71, 26.0, 0.375
surrogate, 71, 26.0, 0.375
surrogate, 71, 26.0, 0.375
surrogate, 71, 26.0, 0.375
surrogate, 71, 26.0, 0.375
surrogate, 71, 26.0, 0.375
surrogate, 71, 26.0, 0.375
surrogate, 71, 26.0, 0.375
surrogate, 71, 26.0, 0.375
surrogate, 71, 26.0, 0.375
surrogate, 71, 26.0, 0.375
surrogate, 71, 26.0, 0.375
surrogate, 71, 26.0, 0.375
surrogate, 71, 26.0, 0.375
surrogate, 71, 23.0, 0.25
surrogate, 71, 23.0, 0.25
surrogate, 71, 23.0, 0.25
surrogate, 71, 21.0, 0.09375
surrogate, 71, 21.0, 0.09375
surrogate, 71, 21.0, 0.09375
surrogate, 71, 21.0, 0.09375
surrogate, 71, 21.0, 0.09375
surrogate, 71, 21.0, 0.09375
surrogate, 71, 21.0, 0.09375
surrogate, 71, 21.0, 0.09375
surrogate, 71, 21.0, 0.09375
surrogate, 71, 21.0, 0.09375
surrogate, 71, 21.0, 0.09375
surrogate, 71, 21.0, 0.09375
surrogate, 71, 21.0, 0.09375
surrogate, 71, 21.0, 0.09375
surrogate, 71, 21.0, 0.09375
surrogate, 71, 21.0, 0.09375
surrogate, 71, 21.0, 0.09375
surrogate, 71, 21.0, 0.09375
surrogate, 71, 21.0, 0.09375
surrogate, 71, 21.0, 0.09375
surrogate, 71, 21.0, 0.09375
surrogate, 71, 21.0, 0.09375
surrogate, 71, 21.0, 0.09375
surrogate, 71, 21.0, 0.09375
surrogate, 71, 21.0, 0.09375
surrogate, 71, 21.0, 0.09375
surrogate, 71, 21.0, 0.09375
surrogate, 71, 21.0, 0.09375
surrogate, 71, 21.0, 0.09375
surrogate, 71, 21.0, 0.09375
surrogate, 72, 34.0, 0.9375
surrogate, 72, 34.0, 0.9375
surrogate, 72, 34.0, 0.9375
surrogate, 72, 34.0, 0.9375
surrogate, 72, 34.0, 0.9375
surrogate, 72, 34.0, 0.9375
surrogate, 72, 34.0, 0.9375
surrogate, 72, 34.0, 0.9375
surrogate, 72, 34.0, 0.9375
surrogate, 72, 33.0, 0.84375
surrogate, 72, 33.0, 0.84375
surrogate, 72, 32.0, 0.78125
surrogate, 72, 31.0, 0.71875
surrogate, 72, 31.0, 0.71875
surrogate, 72, 31.0, 0.71875
surrogate, 72, 30.0, 0.59375
surrogate, 72, 30.0, 0.59375
surrogate, 72, 30.0, 0.59375
surrogate, 72, 30.0, 0.59375
surrogate, 72, 30.0, 0.59375
surrogate, 72, 30.0, 0.59375
surrogate, 72, 30.0, 0.59375
surrogate, 72, 30.0, 0.59375
surrogate, 72, 30.0, 0.59375
surrogate, 72, 30.0, 0.59375
surrogate, 72, 30.0, 0.59375
surrogate, 72, 28.0, 0.5
surrogate, 72, 28.0, 0.5
surrogate, 72, 28.0, 0.5
surrogate, 72, 28.0, 0.5
surrogate, 72, 28.0, 0.5
surrogate, 72, 28.0, 0.5
surrogate, 72, 28.0, 0.5
surrogate, 72, 28.0, 0.5
surrogate, 72, 28.0, 0.5
surrogate, 72, 28.0, 0.5
surrogate, 72, 28.0, 0.5
surrogate, 72, 28.0, 0.5
surrogate, 72, 28.0, 0.5
surrogate, 72, 28.0, 0.5
surrogate, 72, 26.0, 0.375
surrogate, 72, 26.0, 0.375
surrogate, 72, 26.0, 0.375
surrogate, 72, 26.0, 0.375
surrogate, 72, 26.0, 0.375
surrogate, 72, 26.0, 0.375
surrogate, 72, 26.0, 0.375
surrogate, 72, 26.0, 0.375
surrogate, 72, 26.0, 0.375
surrogate, 72, 26.0, 0.375
surrogate, 72, 26.0, 0.375
surrogate, 72, 26.0, 0.375
surrogate, 72, 26.0, 0.375
surrogate, 72, 26.0, 0.375
surrogate, 72, 26.0, 0.375
surrogate, 72, 26.0, 0.375
surrogate, 72, 26.0, 0.375
surrogate, 72, 26.0, 0.375
surrogate, 72, 26.0, 0.375
surrogate, 72, 23.0, 0.25
surrogate, 72, 23.0, 0.25
surrogate, 72, 23.0, 0.25
surrogate, 72, 23.0, 0.25
surrogate, 72, 21.0, 0.09375
surrogate, 72, 21.0, 0.09375
surrogate, 72, 21.0, 0.09375
surrogate, 72, 21.0, 0.09375
surrogate, 72, 21.0, 0.09375
surrogate, 72, 21.0, 0.09375
surrogate, 72, 21.0, 0.09375
surrogate, 72, 21.0, 0.09375
surrogate, 72, 21.0, 0.09375
surrogate, 72, 21.0, 0.09375
surrogate, 72, 21.0, 0.09375
surrogate, 72, 21.0, 0.09375
surrogate, 72, 21.0, 0.09375
surrogate, 72, 21.0, 0.09375
surrogate, 72, 21.0, 0.09375
surrogate, 72, 21.0, 0.09375
surrogate, 72, 21.0, 0.09375
surrogate, 72, 21.0, 0.09375
surrogate, 72, 21.0, 0.09375
surrogate, 72, 21.0, 0.09375
surrogate, 72, 21.0, 0.09375
surrogate, 72, 21.0, 0.09375
surrogate, 72, 21.0, 0.09375
surrogate, 72, 21.0, 0.09375
surrogate, 72, 21.0, 0.09375
surrogate, 72, 21.0, 0.09375
surrogate, 72, 21.0, 0.09375
surrogate, 72, 21.0, 0.09375
surrogate, 72, 21.0, 0.09375
surrogate, 72, 21.0, 0.09375
surrogate, 73, 34.0, 0.9375
surrogate, 73, 34.0, 0.9375
surrogate, 73, 34.0, 0.9375
surrogate, 73, 34.0, 0.9375
surrogate, 73, 34.0, 0.9375
surrogate, 73, 34.0, 0.9375
surrogate, 73, 34.0, 0.9375
surrogate, 73, 34.0, 0.9375
surrogate, 73, 34.0, 0.9375
surrogate, 73, 34.0, 0.9375
surrogate, 73, 33.0, 0.84375
surrogate, 73, 33.0, 0.84375
surrogate, 73, 32.0, 0.78125
surrogate, 73, 31.0, 0.71875
surrogate, 73, 31.0, 0.71875
surrogate, 73, 31.0, 0.71875
surrogate, 73, 30.0, 0.59375
surrogate, 73, 30.0, 0.59375
surrogate, 73, 30.0, 0.59375
surrogate, 73, 30.0, 0.59375
surrogate, 73, 30.0, 0.59375
surrogate, 73, 30.0, 0.59375
surrogate, 73, 30.0, 0.59375
surrogate, 73, 30.0, 0.59375
surrogate, 73, 30.0, 0.59375
surrogate, 73, 30.0, 0.59375
surrogate, 73, 30.0, 0.59375
surrogate, 73, 30.0, 0.59375
surrogate, 73, 28.0, 0.5
surrogate, 73, 28.0, 0.5
surrogate, 73, 28.0, 0.5
surrogate, 73, 28.0, 0.5
surrogate, 73, 28.0, 0.5
surrogate, 73, 28.0, 0.5
surrogate, 73, 28.0, 0.5
surrogate, 73, 28.0, 0.5
surrogate, 73, 28.0, 0.5
surrogate, 73, 28.0, 0.5
surrogate, 73, 28.0, 0.5
surrogate, 73, 28.0, 0.5
surrogate, 73, 28.0, 0.5
surrogate, 73, 28.0, 0.5
surrogate, 73, 26.0, 0.375
surrogate, 73, 26.0, 0.375
surrogate, 73, 26.0, 0.375
surrogate, 73, 26.0, 0.375
surrogate, 73, 26.0, 0.375
surrogate, 73, 26.0, 0.375
surrogate, 73, 26.0, 0.375
surrogate, 73, 26.0, 0.375
surrogate, 73, 26.0, 0.375
surrogate, 73, 26.0, 0.375
surrogate, 73, 26.0, 0.375
surrogate, 73, 26.0, 0.375
surrogate, 73, 26.0, 0.375
surrogate, 73, 26.0, 0.375
surrogate, 73, 26.0, 0.375
surrogate, 73, 26.0, 0.375
surrogate, 73, 26.0, 0.375
surrogate, 73, 26.0, 0.375
surrogate, 73, 26.0, 0.375
surrogate, 73, 23.0, 0.25
surrogate, 73, 23.0, 0.25
surrogate, 73, 23.0, 0.25
surrogate, 73, 23.0, 0.25
surrogate, 73, 21.0, 0.09375
surrogate, 73, 21.0, 0.09375
surrogate, 73, 21.0, 0.09375
surrogate, 73, 21.0, 0.09375
surrogate, 73, 21.0, 0.09375
surrogate, 73, 21.0, 0.09375
surrogate, 73, 21.0, 0.09375
surrogate, 73, 21.0, 0.09375
surrogate, 73, 21.0, 0.09375
surrogate, 73, 21.0, 0.09375
surrogate, 73, 21.0, 0.09375
surrogate, 73, 21.0, 0.09375
surrogate, 73, 21.0, 0.09375
surrogate, 73, 21.0, 0.09375
surrogate, 73, 21.0, 0.09375
surrogate, 73, 21.0, 0.09375
surrogate, 73, 21.0, 0.09375
surrogate, 73, 21.0, 0.09375
surrogate, 73, 21.0, 0.09375
surrogate, 73, 21.0, 0.09375
surrogate, 73, 21.0, 0.09375
surrogate, 73, 21.0, 0.09375
surrogate, 73, 21.0, 0.09375
surrogate, 73, 21.0, 0.09375
surrogate, 73, 21.0, 0.09375
surrogate, 73, 21.0, 0.09375
surrogate, 73, 21.0, 0.09375
surrogate, 73, 21.0, 0.09375
surrogate, 73, 21.0, 0.09375
surrogate, 73, 21.0, 0.09375
surrogate, 74, 34.0, 0.9375
surrogate, 74, 34.0, 0.9375
surrogate, 74, 34.0, 0.9375
surrogate, 74, 34.0, 0.9375
surrogate, 74, 34.0, 0.9375
surrogate, 74, 34.0, 0.9375
surrogate, 74, 34.0, 0.9375
surrogate, 74, 34.0, 0.9375
surrogate, 74, 34.0, 0.9375
surrogate, 74, 34.0, 0.9375
surrogate, 74, 34.0, 0.9375
surrogate, 74, 33.0, 0.84375
surrogate, 74, 33.0, 0.84375
surrogate, 74, 32.0, 0.78125
surrogate, 74, 31.0, 0.71875
surrogate, 74, 31.0, 0.71875
surrogate, 74, 31.0, 0.71875
surrogate, 74, 30.0, 0.59375
surrogate, 74, 30.0, 0.59375
surrogate, 74, 30.0, 0.59375
surrogate, 74, 30.0, 0.59375
surrogate, 74, 30.0, 0.59375
surrogate, 74, 30.0, 0.59375
surrogate, 74, 30.0, 0.59375
surrogate, 74, 30.0, 0.59375
surrogate, 74, 30.0, 0.59375
surrogate, 74, 30.0, 0.59375
surrogate, 74, 30.0, 0.59375
surrogate, 74, 30.0, 0.59375
surrogate, 74, 28.0, 0.5
surrogate, 74, 28.0, 0.5
surrogate, 74, 28.0, 0.5
surrogate, 74, 28.0, 0.5
surrogate, 74, 28.0, 0.5
surrogate, 74, 28.0, 0.5
surrogate, 74, 28.0, 0.5
surrogate, 74, 28.0, 0.5
surrogate, 74, 28.0, 0.5
surrogate, 74, 28.0, 0.5
surrogate, 74, 28.0, 0.5
surrogate, 74, 28.0, 0.5
surrogate, 74, 28.0, 0.5
surrogate, 74, 28.0, 0.5
surrogate, 74, 26.0, 0.375
surrogate, 74, 26.0, 0.375
surrogate, 74, 26.0, 0.375
surrogate, 74, 26.0, 0.375
surrogate, 74, 26.0, 0.375
surrogate, 74, 26.0, 0.375
surrogate, 74, 26.0, 0.375
surrogate, 74, 26.0, 0.375
surrogate, 74, 26.0, 0.375
surrogate, 74, 26.0, 0.375
surrogate, 74, 26.0, 0.375
surrogate, 74, 26.0, 0.375
surrogate, 74, 26.0, 0.375
surrogate, 74, 26.0, 0.375
surrogate, 74, 26.0, 0.375
surrogate, 74, 26.0, 0.375
surrogate, 74, 26.0, 0.375
surrogate, 74, 26.0, 0.375
surrogate, 74, 26.0, 0.375
surrogate, 74, 26.0, 0.375
surrogate, 74, 23.0, 0.25
surrogate, 74, 23.0, 0.25
surrogate, 74, 23.0, 0.25
surrogate, 74, 23.0, 0.25
surrogate, 74, 21.0, 0.09375
surrogate, 74, 21.0, 0.09375
surrogate, 74, 21.0, 0.09375
surrogate, 74, 21.0, 0.09375
surrogate, 74, 21.0, 0.09375
surrogate, 74, 21.0, 0.09375
surrogate, 74, 21.0, 0.09375
surrogate, 74, 21.0, 0.09375
surrogate, 74, 21.0, 0.09375
surrogate, 74, 21.0, 0.09375
surrogate, 74, 21.0, 0.09375
surrogate, 74, 21.0, 0.09375
surrogate, 74, 21.0, 0.09375
surrogate, 74, 21.0, 0.09375
surrogate, 74, 21.0, 0.09375
surrogate, 74, 21.0, 0.09375
surrogate, 74, 21.0, 0.09375
surrogate, 74, 21.0, 0.09375
surrogate, 74, 21.0, 0.09375
surrogate, 74, 21.0, 0.09375
surrogate, 74, 21.0, 0.09375
surrogate, 74, 21.0, 0.09375
surrogate, 74, 21.0, 0.09375
surrogate, 74, 21.0, 0.09375
surrogate, 74, 21.0, 0.09375
surrogate, 74, 21.0, 0.09375
surrogate, 74, 21.0, 0.09375
surrogate, 74, 21.0, 0.09375
surrogate, 74, 21.0, 0.09375
surrogate, 74, 21.0, 0.09375
surrogate, 75, 34.0, 0.9375
surrogate, 75, 34.0, 0.9375
surrogate, 75, 34.0, 0.9375
surrogate, 75, 34.0, 0.9375
surrogate, 75, 34.0, 0.9375
surrogate, 75, 34.0, 0.9375
surrogate, 75, 34.0, 0.9375
surrogate, 75, 34.0, 0.9375
surrogate, 75, 34.0, 0.9375
surrogate, 75, 34.0, 0.9375
surrogate, 75, 34.0, 0.9375
surrogate, 75, 33.0, 0.84375
surrogate, 75, 33.0, 0.84375
surrogate, 75, 32.0, 0.78125
surrogate, 75, 31.0, 0.71875
surrogate, 75, 31.0, 0.71875
surrogate, 75, 31.0, 0.71875
surrogate, 75, 30.0, 0.59375
surrogate, 75, 30.0, 0.59375
surrogate, 75, 30.0, 0.59375
surrogate, 75, 30.0, 0.59375
surrogate, 75, 30.0, 0.59375
surrogate, 75, 30.0, 0.59375
surrogate, 75, 30.0, 0.59375
surrogate, 75, 30.0, 0.59375
surrogate, 75, 30.0, 0.59375
surrogate, 75, 30.0, 0.59375
surrogate, 75, 30.0, 0.59375
surrogate, 75, 30.0, 0.59375
surrogate, 75, 28.0, 0.5
surrogate, 75, 28.0, 0.5
surrogate, 75, 28.0, 0.5
surrogate, 75, 28.0, 0.5
surrogate, 75, 28.0, 0.5
surrogate, 75, 28.0, 0.5
surrogate, 75, 28.0, 0.5
surrogate, 75, 28.0, 0.5
surrogate, 75, 28.0, 0.5
surrogate, 75, 28.0, 0.5
surrogate, 75, 28.0, 0.5
surrogate, 75, 28.0, 0.5
surrogate, 75, 28.0, 0.5
surrogate, 75, 28.0, 0.5
surrogate, 75, 26.0, 0.375
surrogate, 75, 26.0, 0.375
surrogate, 75, 26.0, 0.375
surrogate, 75, 26.0, 0.375
surrogate, 75, 26.0, 0.375
surrogate, 75, 26.0, 0.375
surrogate, 75, 26.0, 0.375
surrogate, 75, 26.0, 0.375
surrogate, 75, 26.0, 0.375
surrogate, 75, 26.0, 0.375
surrogate, 75, 26.0, 0.375
surrogate, 75, 26.0, 0.375
surrogate, 75, 26.0, 0.375
surrogate, 75, 26.0, 0.375
surrogate, 75, 26.0, 0.375
surrogate, 75, 26.0, 0.375
surrogate, 75, 26.0, 0.375
surrogate, 75, 26.0, 0.375
surrogate, 75, 26.0, 0.375
surrogate, 75, 26.0, 0.375
surrogate, 75, 23.0, 0.25
surrogate, 75, 23.0, 0.25
surrogate, 75, 23.0, 0.25
surrogate, 75, 23.0, 0.25
surrogate, 75, 21.0, 0.09375
surrogate, 75, 21.0, 0.09375
surrogate, 75, 21.0, 0.09375
surrogate, 75, 21.0, 0.09375
surrogate, 75, 21.0, 0.09375
surrogate, 75, 21.0, 0.09375
surrogate, 75, 21.0, 0.09375
surrogate, 75, 21.0, 0.09375
surrogate, 75, 21.0, 0.09375
surrogate, 75, 21.0, 0.09375
surrogate, 75, 21.0, 0.09375
surrogate, 75, 21.0, 0.09375
surrogate, 75, 21.0, 0.09375
surrogate, 75, 21.0, 0.09375
surrogate, 75, 21.0, 0.09375
surrogate, 75, 21.0, 0.09375
surrogate, 75, 21.0, 0.09375
surrogate, 75, 21.0, 0.09375
surrogate, 75, 21.0, 0.09375
surrogate, 75, 21.0, 0.09375
surrogate, 75, 21.0, 0.09375
surrogate, 75, 21.0, 0.09375
surrogate, 75, 21.0, 0.09375
surrogate, 75, 21.0, 0.09375
surrogate, 75, 21.0, 0.09375
surrogate, 75, 21.0, 0.09375
surrogate, 75, 21.0, 0.09375
surrogate, 75, 21.0, 0.09375
surrogate, 75, 21.0, 0.09375
surrogate, 75, 21.0, 0.09375
surrogate, 76, 34.0, 0.9375
surrogate, 76, 34.0, 0.9375
surrogate, 76, 34.0, 0.9375
surrogate, 76, 34.0, 0.9375
surrogate, 76, 34.0, 0.9375
surrogate, 76, 34.0, 0.9375
surrogate, 76, 34.0, 0.9375
surrogate, 76, 34.0, 0.9375
surrogate, 76, 34.0, 0.9375
surrogate, 76, 34.0, 0.9375
surrogate, 76, 34.0, 0.9375
surrogate, 76, 33.0, 0.84375
surrogate, 76, 33.0, 0.84375
surrogate, 76, 32.0, 0.78125
surrogate, 76, 31.0, 0.71875
surrogate, 76, 31.0, 0.71875
surrogate, 76, 31.0, 0.71875
surrogate, 76, 30.0, 0.59375
surrogate, 76, 30.0, 0.59375
surrogate, 76, 30.0, 0.59375
surrogate, 76, 30.0, 0.59375
surrogate, 76, 30.0, 0.59375
surrogate, 76, 30.0, 0.59375
surrogate, 76, 30.0, 0.59375
surrogate, 76, 30.0, 0.59375
surrogate, 76, 30.0, 0.59375
surrogate, 76, 30.0, 0.59375
surrogate, 76, 30.0, 0.59375
surrogate, 76, 30.0, 0.59375
surrogate, 76, 28.0, 0.5
surrogate, 76, 28.0, 0.5
surrogate, 76, 28.0, 0.5
surrogate, 76, 28.0, 0.5
surrogate, 76, 28.0, 0.5
surrogate, 76, 28.0, 0.5
surrogate, 76, 28.0, 0.5
surrogate, 76, 28.0, 0.5
surrogate, 76, 28.0, 0.5
surrogate, 76, 28.0, 0.5
surrogate, 76, 28.0, 0.5
surrogate, 76, 28.0, 0.5
surrogate, 76, 28.0, 0.5
surrogate, 76, 28.0, 0.5
surrogate, 76, 26.0, 0.375
surrogate, 76, 26.0, 0.375
surrogate, 76, 26.0, 0.375
surrogate, 76, 26.0, 0.375
surrogate, 76, 26.0, 0.375
surrogate, 76, 26.0, 0.375
surrogate, 76, 26.0, 0.375
surrogate, 76, 26.0, 0.375
surrogate, 76, 26.0, 0.375
surrogate, 76, 26.0, 0.375
surrogate, 76, 26.0, 0.375
surrogate, 76, 26.0, 0.375
surrogate, 76, 26.0, 0.375
surrogate, 76, 26.0, 0.375
surrogate, 76, 26.0, 0.375
surrogate, 76, 26.0, 0.375
surrogate, 76, 26.0, 0.375
surrogate, 76, 26.0, 0.375
surrogate, 76, 26.0, 0.375
surrogate, 76, 26.0, 0.375
surrogate, 76, 23.0, 0.25
surrogate, 76, 23.0, 0.25
surrogate, 76, 23.0, 0.25
surrogate, 76, 23.0, 0.25
surrogate, 76, 21.0, 0.09375
surrogate, 76, 21.0, 0.09375
surrogate, 76, 21.0, 0.09375
surrogate, 76, 21.0, 0.09375
surrogate, 76, 21.0, 0.09375
surrogate, 76, 21.0, 0.09375
surrogate, 76, 21.0, 0.09375
surrogate, 76, 21.0, 0.09375
surrogate, 76, 21.0, 0.09375
surrogate, 76, 21.0, 0.09375
surrogate, 76, 21.0, 0.09375
surrogate, 76, 21.0, 0.09375
surrogate, 76, 21.0, 0.09375
surrogate, 76, 21.0, 0.09375
surrogate, 76, 21.0, 0.09375
surrogate, 76, 21.0, 0.09375
surrogate, 76, 21.0, 0.09375
surrogate, 76, 21.0, 0.09375
surrogate, 76, 21.0, 0.09375
surrogate, 76, 21.0, 0.09375
surrogate, 76, 21.0, 0.09375
surrogate, 76, 21.0, 0.09375
surrogate, 76, 21.0, 0.09375
surrogate, 76, 21.0, 0.09375
surrogate, 76, 21.0, 0.09375
surrogate, 76, 21.0, 0.09375
surrogate, 76, 21.0, 0.09375
surrogate, 76, 21.0, 0.09375
surrogate, 76, 21.0, 0.09375
surrogate, 76, 21.0, 0.09375
surrogate, 76, 21.0, 0.09375
surrogate, 77, 34.0, 0.9375
surrogate, 77, 34.0, 0.9375
surrogate, 77, 34.0, 0.9375
surrogate, 77, 34.0, 0.9375
surrogate, 77, 34.0, 0.9375
surrogate, 77, 34.0, 0.9375
surrogate, 77, 34.0, 0.9375
surrogate, 77, 34.0, 0.9375
surrogate, 77, 34.0, 0.9375
surrogate, 77, 34.0, 0.9375
surrogate, 77, 34.0, 0.9375
surrogate, 77, 34.0, 0.9375
surrogate, 77, 33.0, 0.84375
surrogate, 77, 33.0, 0.84375
surrogate, 77, 32.0, 0.78125
surrogate, 77, 31.0, 0.71875
surrogate, 77, 31.0, 0.71875
surrogate, 77, 31.0, 0.71875
surrogate, 77, 30.0, 0.59375
surrogate, 77, 30.0, 0.59375
surrogate, 77, 30.0, 0.59375
surrogate, 77, 30.0, 0.59375
surrogate, 77, 30.0, 0.59375
surrogate, 77, 30.0, 0.59375
surrogate, 77, 30.0, 0.59375
surrogate, 77, 30.0, 0.59375
surrogate, 77, 30.0, 0.59375
surrogate, 77, 30.0, 0.59375
surrogate, 77, 30.0, 0.59375
surrogate, 77, 30.0, 0.59375
surrogate, 77, 30.0, 0.59375
surrogate, 77, 28.0, 0.5
surrogate, 77, 28.0, 0.5
surrogate, 77, 28.0, 0.5
surrogate, 77, 28.0, 0.5
surrogate, 77, 28.0, 0.5
surrogate, 77, 28.0, 0.5
surrogate, 77, 28.0, 0.5
surrogate, 77, 28.0, 0.5
surrogate, 77, 28.0, 0.5
surrogate, 77, 28.0, 0.5
surrogate, 77, 28.0, 0.5
surrogate, 77, 28.0, 0.5
surrogate, 77, 28.0, 0.5
surrogate, 77, 28.0, 0.5
surrogate, 77, 26.0, 0.375
surrogate, 77, 26.0, 0.375
surrogate, 77, 26.0, 0.375
surrogate, 77, 26.0, 0.375
surrogate, 77, 26.0, 0.375
surrogate, 77, 26.0, 0.375
surrogate, 77, 26.0, 0.375
surrogate, 77, 26.0, 0.375
surrogate, 77, 26.0, 0.375
surrogate, 77, 26.0, 0.375
surrogate, 77, 26.0, 0.375
surrogate, 77, 26.0, 0.375
surrogate, 77, 26.0, 0.375
surrogate, 77, 26.0, 0.375
surrogate, 77, 26.0, 0.375
surrogate, 77, 26.0, 0.375
surrogate, 77, 26.0, 0.375
surrogate, 77, 26.0, 0.375
surrogate, 77, 26.0, 0.375
surrogate, 77, 26.0, 0.375
surrogate, 77, 23.0, 0.25
surrogate, 77, 23.0, 0.25
surrogate, 77, 23.0, 0.25
surrogate, 77, 23.0, 0.25
surrogate, 77, 21.0, 0.09375
surrogate, 77, 21.0, 0.09375
surrogate, 77, 21.0, 0.09375
surrogate, 77, 21.0, 0.09375
surrogate, 77, 21.0, 0.09375
surrogate, 77, 21.0, 0.09375
surrogate, 77, 21.0, 0.09375
surrogate, 77, 21.0, 0.09375
surrogate, 77, 21.0, 0.09375
surrogate, 77, 21.0, 0.09375
surrogate, 77, 21.0, 0.09375
surrogate, 77, 21.0, 0.09375
surrogate, 77, 21.0, 0.09375
surrogate, 77, 21.0, 0.09375
surrogate, 77, 21.0, 0.09375
surrogate, 77, 21.0, 0.09375
surrogate, 77, 21.0, 0.09375
surrogate, 77, 21.0, 0.09375
surrogate, 77, 21.0, 0.09375
surrogate, 77, 21.0, 0.09375
surrogate, 77, 21.0, 0.09375
surrogate, 77, 21.0, 0.09375
surrogate, 77, 21.0, 0.09375
surrogate, 77, 21.0, 0.09375
surrogate, 77, 21.0, 0.09375
surrogate, 77, 21.0, 0.09375
surrogate, 77, 21.0, 0.09375
surrogate, 77, 21.0, 0.09375
surrogate, 77, 21.0, 0.09375
surrogate, 77, 21.0, 0.09375
surrogate, 77, 21.0, 0.09375
surrogate, 78, 34.0, 0.9375
surrogate, 78, 34.0, 0.9375
surrogate, 78, 34.0, 0.9375
surrogate, 78, 34.0, 0.9375
surrogate, 78, 34.0, 0.9375
surrogate, 78, 34.0, 0.9375
surrogate, 78, 34.0, 0.9375
surrogate, 78, 34.0, 0.9375
surrogate, 78, 34.0, 0.9375
surrogate, 78, 34.0, 0.9375
surrogate, 78, 34.0, 0.9375
surrogate, 78, 34.0, 0.9375
surrogate, 78, 33.0, 0.84375
surrogate, 78, 33.0, 0.84375
surrogate, 78, 32.0, 0.78125
surrogate, 78, 31.0, 0.71875
surrogate, 78, 31.0, 0.71875
surrogate, 78, 31.0, 0.71875
surrogate, 78, 30.0, 0.59375
surrogate, 78, 30.0, 0.59375
surrogate, 78, 30.0, 0.59375
surrogate, 78, 30.0, 0.59375
surrogate, 78, 30.0, 0.59375
surrogate, 78, 30.0, 0.59375
surrogate, 78, 30.0, 0.59375
surrogate, 78, 30.0, 0.59375
surrogate, 78, 30.0, 0.59375
surrogate, 78, 30.0, 0.59375
surrogate, 78, 30.0, 0.59375
surrogate, 78, 30.0, 0.59375
surrogate, 78, 30.0, 0.59375
surrogate, 78, 30.0, 0.59375
surrogate, 78, 28.0, 0.5
surrogate, 78, 28.0, 0.5
surrogate, 78, 28.0, 0.5
surrogate, 78, 28.0, 0.5
surrogate, 78, 28.0, 0.5
surrogate, 78, 28.0, 0.5
surrogate, 78, 28.0, 0.5
surrogate, 78, 28.0, 0.5
surrogate, 78, 28.0, 0.5
surrogate, 78, 28.0, 0.5
surrogate, 78, 28.0, 0.5
surrogate, 78, 28.0, 0.5
surrogate, 78, 28.0, 0.5
surrogate, 78, 28.0, 0.5
surrogate, 78, 26.0, 0.375
surrogate, 78, 26.0, 0.375
surrogate, 78, 26.0, 0.375
surrogate, 78, 26.0, 0.375
surrogate, 78, 26.0, 0.375
surrogate, 78, 26.0, 0.375
surrogate, 78, 26.0, 0.375
surrogate, 78, 26.0, 0.375
surrogate, 78, 26.0, 0.375
surrogate, 78, 26.0, 0.375
surrogate, 78, 26.0, 0.375
surrogate, 78, 26.0, 0.375
surrogate, 78, 26.0, 0.375
surrogate, 78, 26.0, 0.375
surrogate, 78, 26.0, 0.375
surrogate, 78, 26.0, 0.375
surrogate, 78, 26.0, 0.375
surrogate, 78, 26.0, 0.375
surrogate, 78, 26.0, 0.375
surrogate, 78, 26.0, 0.375
surrogate, 78, 23.0, 0.25
surrogate, 78, 23.0, 0.25
surrogate, 78, 23.0, 0.25
surrogate, 78, 23.0, 0.25
surrogate, 78, 23.0, 0.25
surrogate, 78, 21.0, 0.09375
surrogate, 78, 21.0, 0.09375
surrogate, 78, 21.0, 0.09375
surrogate, 78, 21.0, 0.09375
surrogate, 78, 21.0, 0.09375
surrogate, 78, 21.0, 0.09375
surrogate, 78, 21.0, 0.09375
surrogate, 78, 21.0, 0.09375
surrogate, 78, 21.0, 0.09375
surrogate, 78, 21.0, 0.09375
surrogate, 78, 21.0, 0.09375
surrogate, 78, 21.0, 0.09375
surrogate, 78, 21.0, 0.09375
surrogate, 78, 21.0, 0.09375
surrogate, 78, 21.0, 0.09375
surrogate, 78, 21.0, 0.09375
surrogate, 78, 21.0, 0.09375
surrogate, 78, 21.0, 0.09375
surrogate, 78, 21.0, 0.09375
surrogate, 78, 21.0, 0.09375
surrogate, 78, 21.0, 0.09375
surrogate, 78, 21.0, 0.09375
surrogate, 78, 21.0, 0.09375
surrogate, 78, 21.0, 0.09375
surrogate, 78, 21.0, 0.09375
surrogate, 78, 21.0, 0.09375
surrogate, 78, 21.0, 0.09375
surrogate, 78, 21.0, 0.09375
surrogate, 78, 21.0, 0.09375
surrogate, 78, 21.0, 0.09375
surrogate, 78, 21.0, 0.09375
surrogate, 78, 21.0, 0.09375
surrogate, 79, 34.0, 0.9375
surrogate, 79, 34.0, 0.9375
surrogate, 79, 34.0, 0.9375
surrogate, 79, 34.0, 0.9375
surrogate, 79, 34.0, 0.9375
surrogate, 79, 34.0, 0.9375
surrogate, 79, 34.0, 0.9375
surrogate, 79, 34.0, 0.9375
surrogate, 79, 34.0, 0.9375
surrogate, 79, 34.0, 0.9375
surrogate, 79, 34.0, 0.9375
surrogate, 79, 34.0, 0.9375
surrogate, 79, 33.0, 0.84375
surrogate, 79, 33.0, 0.84375
surrogate, 79, 32.0, 0.78125
surrogate, 79, 32.0, 0.78125
surrogate, 79, 31.0, 0.71875
surrogate, 79, 31.0, 0.71875
surrogate, 79, 31.0, 0.71875
surrogate, 79, 30.0, 0.59375
surrogate, 79, 30.0, 0.59375
surrogate, 79, 30.0, 0.59375
surrogate, 79, 30.0, 0.59375
surrogate, 79, 30.0, 0.59375
surrogate, 79, 30.0, 0.59375
surrogate, 79, 30.0, 0.59375
surrogate, 79, 30.0, 0.59375
surrogate, 79, 30.0, 0.59375
surrogate, 79, 30.0, 0.59375
surrogate, 79, 30.0, 0.59375
surrogate, 79, 30.0, 0.59375
surrogate, 79, 30.0, 0.59375
surrogate, 79, 30.0, 0.59375
surrogate, 79, 28.0, 0.5
surrogate, 79, 28.0, 0.5
surrogate, 79, 28.0, 0.5
surrogate, 79, 28.0, 0.5
surrogate, 79, 28.0, 0.5
surrogate, 79, 28.0, 0.5
surrogate, 79, 28.0, 0.5
surrogate, 79, 28.0, 0.5
surrogate, 79, 28.0, 0.5
surrogate, 79, 28.0, 0.5
surrogate, 79, 28.0, 0.5
surrogate, 79, 28.0, 0.5
surrogate, 79, 28.0, 0.5
surrogate, 79, 28.0, 0.5
surrogate, 79, 26.0, 0.375
surrogate, 79, 26.0, 0.375
surrogate, 79, 26.0, 0.375
surrogate, 79, 26.0, 0.375
surrogate, 79, 26.0, 0.375
surrogate, 79, 26.0, 0.375
surrogate, 79, 26.0, 0.375
surrogate, 79, 26.0, 0.375
surrogate, 79, 26.0, 0.375
surrogate, 79, 26.0, 0.375
surrogate, 79, 26.0, 0.375
surrogate, 79, 26.0, 0.375
surrogate, 79, 26.0, 0.375
surrogate, 79, 26.0, 0.375
surrogate, 79, 26.0, 0.375
surrogate, 79, 26.0, 0.375
surrogate, 79, 26.0, 0.375
surrogate, 79, 26.0, 0.375
surrogate, 79, 26.0, 0.375
surrogate, 79, 26.0, 0.375
surrogate, 79, 26.0, 0.375
surrogate, 79, 23.0, 0.25
surrogate, 79, 23.0, 0.25
surrogate, 79, 23.0, 0.25
surrogate, 79, 23.0, 0.25
surrogate, 79, 23.0, 0.25
surrogate, 79, 23.0, 0.25
surrogate, 79, 21.0, 0.09375
surrogate, 79, 21.0, 0.09375
surrogate, 79, 21.0, 0.09375
surrogate, 79, 21.0, 0.09375
surrogate, 79, 21.0, 0.09375
surrogate, 79, 21.0, 0.09375
surrogate, 79, 21.0, 0.09375
surrogate, 79, 21.0, 0.09375
surrogate, 79, 21.0, 0.09375
surrogate, 79, 21.0, 0.09375
surrogate, 79, 21.0, 0.09375
surrogate, 79, 21.0, 0.09375
surrogate, 79, 21.0, 0.09375
surrogate, 79, 21.0, 0.09375
surrogate, 79, 21.0, 0.09375
surrogate, 79, 21.0, 0.09375
surrogate, 79, 21.0, 0.09375
surrogate, 79, 21.0, 0.09375
surrogate, 79, 21.0, 0.09375
surrogate, 79, 21.0, 0.09375
surrogate, 79, 21.0, 0.09375
surrogate, 79, 21.0, 0.09375
surrogate, 79, 21.0, 0.09375
surrogate, 79, 21.0, 0.09375
surrogate, 79, 21.0, 0.09375
surrogate, 79, 21.0, 0.09375
surrogate, 79, 21.0, 0.09375
surrogate, 79, 21.0, 0.09375
surrogate, 79, 21.0, 0.09375
surrogate, 79, 21.0, 0.09375
surrogate, 79, 21.0, 0.09375
surrogate, 79, 21.0, 0.09375
surrogate, 80, 34.0, 0.9375
surrogate, 80, 34.0, 0.9375
surrogate, 80, 34.0, 0.9375
surrogate, 80, 34.0, 0.9375
surrogate, 80, 34.0, 0.9375
surrogate, 80, 34.0, 0.9375
surrogate, 80, 34.0, 0.9375
surrogate, 80, 34.0, 0.9375
surrogate, 80, 34.0, 0.9375
surrogate, 80, 34.0, 0.9375
surrogate, 80, 34.0, 0.9375
surrogate, 80, 34.0, 0.9375
surrogate, 80, 33.0, 0.84375
surrogate, 80, 33.0, 0.84375
surrogate, 80, 32.0, 0.78125
surrogate, 80, 32.0, 0.78125
surrogate, 80, 31.0, 0.71875
surrogate, 80, 31.0, 0.71875
surrogate, 80, 31.0, 0.71875
surrogate, 80, 30.0, 0.59375
surrogate, 80, 30.0, 0.59375
surrogate, 80, 30.0, 0.59375
surrogate, 80, 30.0, 0.59375
surrogate, 80, 30.0, 0.59375
surrogate, 80, 30.0, 0.59375
surrogate, 80, 30.0, 0.59375
surrogate, 80, 30.0, 0.59375
surrogate, 80, 30.0, 0.59375
surrogate, 80, 30.0, 0.59375
surrogate, 80, 30.0, 0.59375
surrogate, 80, 30.0, 0.59375
surrogate, 80, 30.0, 0.59375
surrogate, 80, 30.0, 0.59375
surrogate, 80, 28.0, 0.5
surrogate, 80, 28.0, 0.5
surrogate, 80, 28.0, 0.5
surrogate, 80, 28.0, 0.5
surrogate, 80, 28.0, 0.5
surrogate, 80, 28.0, 0.5
surrogate, 80, 28.0, 0.5
surrogate, 80, 28.0, 0.5
surrogate, 80, 28.0, 0.5
surrogate, 80, 28.0, 0.5
surrogate, 80, 28.0, 0.5
surrogate, 80, 28.0, 0.5
surrogate, 80, 28.0, 0.5
surrogate, 80, 28.0, 0.5
surrogate, 80, 26.0, 0.375
surrogate, 80, 26.0, 0.375
surrogate, 80, 26.0, 0.375
surrogate, 80, 26.0, 0.375
surrogate, 80, 26.0, 0.375
surrogate, 80, 26.0, 0.375
surrogate, 80, 26.0, 0.375
surrogate, 80, 26.0, 0.375
surrogate, 80, 26.0, 0.375
surrogate, 80, 26.0, 0.375
surrogate, 80, 26.0, 0.375
surrogate, 80, 26.0, 0.375
surrogate, 80, 26.0, 0.375
surrogate, 80, 26.0, 0.375
surrogate, 80, 26.0, 0.375
surrogate, 80, 26.0, 0.375
surrogate, 80, 26.0, 0.375
surrogate, 80, 26.0, 0.375
surrogate, 80, 26.0, 0.375
surrogate, 80, 26.0, 0.375
surrogate, 80, 26.0, 0.375
surrogate, 80, 23.0, 0.25
surrogate, 80, 23.0, 0.25
surrogate, 80, 23.0, 0.25
surrogate, 80, 23.0, 0.25
surrogate, 80, 23.0, 0.25
surrogate, 80, 23.0, 0.25
surrogate, 80, 23.0, 0.25
surrogate, 80, 21.0, 0.09375
surrogate, 80, 21.0, 0.09375
surrogate, 80, 21.0, 0.09375
surrogate, 80, 21.0, 0.09375
surrogate, 80, 21.0, 0.09375
surrogate, 80, 21.0, 0.09375
surrogate, 80, 21.0, 0.09375
surrogate, 80, 21.0, 0.09375
surrogate, 80, 21.0, 0.09375
surrogate, 80, 21.0, 0.09375
surrogate, 80, 21.0, 0.09375
surrogate, 80, 21.0, 0.09375
surrogate, 80, 21.0, 0.09375
surrogate, 80, 21.0, 0.09375
surrogate, 80, 21.0, 0.09375
surrogate, 80, 21.0, 0.09375
surrogate, 80, 21.0, 0.09375
surrogate, 80, 21.0, 0.09375
surrogate, 80, 21.0, 0.09375
surrogate, 80, 21.0, 0.09375
surrogate, 80, 21.0, 0.09375
surrogate, 80, 21.0, 0.09375
surrogate, 80, 21.0, 0.09375
surrogate, 80, 21.0, 0.09375
surrogate, 80, 21.0, 0.09375
surrogate, 80, 21.0, 0.09375
surrogate, 80, 21.0, 0.09375
surrogate, 80, 21.0, 0.09375
surrogate, 80, 21.0, 0.09375
surrogate, 80, 21.0, 0.09375
surrogate, 80, 21.0, 0.09375
surrogate, 80, 21.0, 0.09375
surrogate, 80, 21.0, 0.09375
surrogate, 81, 34.0, 0.9375
surrogate, 81, 34.0, 0.9375
surrogate, 81, 34.0, 0.9375
surrogate, 81, 34.0, 0.9375
surrogate, 81, 34.0, 0.9375
surrogate, 81, 34.0, 0.9375
surrogate, 81, 34.0, 0.9375
surrogate, 81, 34.0, 0.9375
surrogate, 81, 34.0, 0.9375
surrogate, 81, 34.0, 0.9375
surrogate, 81, 34.0, 0.9375
surrogate, 81, 34.0, 0.9375
surrogate, 81, 33.0, 0.84375
surrogate, 81, 33.0, 0.84375
surrogate, 81, 32.0, 0.78125
surrogate, 81, 32.0, 0.78125
surrogate, 81, 31.0, 0.71875
surrogate, 81, 31.0, 0.71875
surrogate, 81, 31.0, 0.71875
surrogate, 81, 30.0, 0.59375
surrogate, 81, 30.0, 0.59375
surrogate, 81, 30.0, 0.59375
surrogate, 81, 30.0, 0.59375
surrogate, 81, 30.0, 0.59375
surrogate, 81, 30.0, 0.59375
surrogate, 81, 30.0, 0.59375
surrogate, 81, 30.0, 0.59375
surrogate, 81, 30.0, 0.59375
surrogate, 81, 30.0, 0.59375
surrogate, 81, 30.0, 0.59375
surrogate, 81, 30.0, 0.59375
surrogate, 81, 30.0, 0.59375
surrogate, 81, 30.0, 0.59375
surrogate, 81, 28.0, 0.5
surrogate, 81, 28.0, 0.5
surrogate, 81, 28.0, 0.5
surrogate, 81, 28.0, 0.5
surrogate, 81, 28.0, 0.5
surrogate, 81, 28.0, 0.5
surrogate, 81, 28.0, 0.5
surrogate, 81, 28.0, 0.5
surrogate, 81, 28.0, 0.5
surrogate, 81, 28.0, 0.5
surrogate, 81, 28.0, 0.5
surrogate, 81, 28.0, 0.5
surrogate, 81, 28.0, 0.5
surrogate, 81, 28.0, 0.5
surrogate, 81, 26.0, 0.375
surrogate, 81, 26.0, 0.375
surrogate, 81, 26.0, 0.375
surrogate, 81, 26.0, 0.375
surrogate, 81, 26.0, 0.375
surrogate, 81, 26.0, 0.375
surrogate, 81, 26.0, 0.375
surrogate, 81, 26.0, 0.375
surrogate, 81, 26.0, 0.375
surrogate, 81, 26.0, 0.375
surrogate, 81, 26.0, 0.375
surrogate, 81, 26.0, 0.375
surrogate, 81, 26.0, 0.375
surrogate, 81, 26.0, 0.375
surrogate, 81, 26.0, 0.375
surrogate, 81, 26.0, 0.375
surrogate, 81, 26.0, 0.375
surrogate, 81, 26.0, 0.375
surrogate, 81, 26.0, 0.375
surrogate, 81, 26.0, 0.375
surrogate, 81, 26.0, 0.375
surrogate, 81, 23.0, 0.25
surrogate, 81, 23.0, 0.25
surrogate, 81, 23.0, 0.25
surrogate, 81, 23.0, 0.25
surrogate, 81, 23.0, 0.25
surrogate, 81, 23.0, 0.25
surrogate, 81, 23.0, 0.25
surrogate, 81, 23.0, 0.25
surrogate, 81, 21.0, 0.09375
surrogate, 81, 21.0, 0.09375
surrogate, 81, 21.0, 0.09375
surrogate, 81, 21.0, 0.09375
surrogate, 81, 21.0, 0.09375
surrogate, 81, 21.0, 0.09375
surrogate, 81, 21.0, 0.09375
surrogate, 81, 21.0, 0.09375
surrogate, 81, 21.0, 0.09375
surrogate, 81, 21.0, 0.09375
surrogate, 81, 21.0, 0.09375
surrogate, 81, 21.0, 0.09375
surrogate, 81, 21.0, 0.09375
surrogate, 81, 21.0, 0.09375
surrogate, 81, 21.0, 0.09375
surrogate, 81, 21.0, 0.09375
surrogate, 81, 21.0, 0.09375
surrogate, 81, 21.0, 0.09375
surrogate, 81, 21.0, 0.09375
surrogate, 81, 21.0, 0.09375
surrogate, 81, 21.0, 0.09375
surrogate, 81, 21.0, 0.09375
surrogate, 81, 21.0, 0.09375
surrogate, 81, 21.0, 0.09375
surrogate, 81, 21.0, 0.09375
surrogate, 81, 21.0, 0.09375
surrogate, 81, 21.0, 0.09375
surrogate, 81, 21.0, 0.09375
surrogate, 81, 21.0, 0.09375
surrogate, 81, 21.0, 0.09375
surrogate, 81, 21.0, 0.09375
surrogate, 81, 21.0, 0.09375
surrogate, 81, 21.0, 0.09375
surrogate, 82, 34.0, 0.9375
surrogate, 82, 34.0, 0.9375
surrogate, 82, 34.0, 0.9375
surrogate, 82, 34.0, 0.9375
surrogate, 82, 34.0, 0.9375
surrogate, 82, 34.0, 0.9375
surrogate, 82, 34.0, 0.9375
surrogate, 82, 34.0, 0.9375
surrogate, 82, 34.0, 0.9375
surrogate, 82, 34.0, 0.9375
surrogate, 82, 34.0, 0.9375
surrogate, 82, 34.0, 0.9375
surrogate, 82, 34.0, 0.9375
surrogate, 82, 33.0, 0.84375
surrogate, 82, 33.0, 0.84375
surrogate, 82, 32.0, 0.78125
surrogate, 82, 32.0, 0.78125
surrogate, 82, 31.0, 0.71875
surrogate, 82, 31.0, 0.71875
surrogate, 82, 31.0, 0.71875
surrogate, 82, 30.0, 0.59375
surrogate, 82, 30.0, 0.59375
surrogate, 82, 30.0, 0.59375
surrogate, 82, 30.0, 0.59375
surrogate, 82, 30.0, 0.59375
surrogate, 82, 30.0, 0.59375
surrogate, 82, 30.0, 0.59375
surrogate, 82, 30.0, 0.59375
surrogate, 82, 30.0, 0.59375
surrogate, 82, 30.0, 0.59375
surrogate, 82, 30.0, 0.59375
surrogate, 82, 30.0, 0.59375
surrogate, 82, 30.0, 0.59375
surrogate, 82, 30.0, 0.59375
surrogate, 82, 28.0, 0.5
surrogate, 82, 28.0, 0.5
surrogate, 82, 28.0, 0.5
surrogate, 82, 28.0, 0.5
surrogate, 82, 28.0, 0.5
surrogate, 82, 28.0, 0.5
surrogate, 82, 28.0, 0.5
surrogate, 82, 28.0, 0.5
surrogate, 82, 28.0, 0.5
surrogate, 82, 28.0, 0.5
surrogate, 82, 28.0, 0.5
surrogate, 82, 28.0, 0.5
surrogate, 82, 28.0, 0.5
surrogate, 82, 28.0, 0.5
surrogate, 82, 28.0, 0.5
surrogate, 82, 26.0, 0.375
surrogate, 82, 26.0, 0.375
surrogate, 82, 26.0, 0.375
surrogate, 82, 26.0, 0.375
surrogate, 82, 26.0, 0.375
surrogate, 82, 26.0, 0.375
surrogate, 82, 26.0, 0.375
surrogate, 82, 26.0, 0.375
surrogate, 82, 26.0, 0.375
surrogate, 82, 26.0, 0.375
surrogate, 82, 26.0, 0.375
surrogate, 82, 26.0, 0.375
surrogate, 82, 26.0, 0.375
surrogate, 82, 26.0, 0.375
surrogate, 82, 26.0, 0.375
surrogate, 82, 26.0, 0.375
surrogate, 82, 26.0, 0.375
surrogate, 82, 26.0, 0.375
surrogate, 82, 26.0, 0.375
surrogate, 82, 26.0, 0.375
surrogate, 82, 26.0, 0.375
surrogate, 82, 26.0, 0.375
surrogate, 82, 23.0, 0.25
surrogate, 82, 23.0, 0.25
surrogate, 82, 23.0, 0.25
surrogate, 82, 23.0, 0.25
surrogate, 82, 23.0, 0.25
surrogate, 82, 23.0, 0.25
surrogate, 82, 23.0, 0.25
surrogate, 82, 23.0, 0.25
surrogate, 82, 21.0, 0.09375
surrogate, 82, 21.0, 0.09375
surrogate, 82, 21.0, 0.09375
surrogate, 82, 21.0, 0.09375
surrogate, 82, 21.0, 0.09375
surrogate, 82, 21.0, 0.09375
surrogate, 82, 21.0, 0.09375
surrogate, 82, 21.0, 0.09375
surrogate, 82, 21.0, 0.09375
surrogate, 82, 21.0, 0.09375
surrogate, 82, 21.0, 0.09375
surrogate, 82, 21.0, 0.09375
surrogate, 82, 21.0, 0.09375
surrogate, 82, 21.0, 0.09375
surrogate, 82, 21.0, 0.09375
surrogate, 82, 21.0, 0.09375
surrogate, 82, 21.0, 0.09375
surrogate, 82, 21.0, 0.09375
surrogate, 82, 21.0, 0.09375
surrogate, 82, 21.0, 0.09375
surrogate, 82, 21.0, 0.09375
surrogate, 82, 21.0, 0.09375
surrogate, 82, 21.0, 0.09375
surrogate, 82, 21.0, 0.09375
surrogate, 82, 21.0, 0.09375
surrogate, 82, 21.0, 0.09375
surrogate, 82, 21.0, 0.09375
surrogate, 82, 21.0, 0.09375
surrogate, 82, 21.0, 0.09375
surrogate, 82, 21.0, 0.09375
surrogate, 82, 21.0, 0.09375
surrogate, 82, 21.0, 0.09375
surrogate, 82, 21.0, 0.09375
surrogate, 82, 21.0, 0.09375
surrogate, 83, 34.0, 0.9375
surrogate, 83, 34.0, 0.9375
surrogate, 83, 34.0, 0.9375
surrogate, 83, 34.0, 0.9375
surrogate, 83, 34.0, 0.9375
surrogate, 83, 34.0, 0.9375
surrogate, 83, 34.0, 0.9375
surrogate, 83, 34.0, 0.9375
surrogate, 83, 34.0, 0.9375
surrogate, 83, 34.0, 0.9375
surrogate, 83, 34.0, 0.9375
surrogate, 83, 34.0, 0.9375
surrogate, 83, 34.0, 0.9375
surrogate, 83, 33.0, 0.84375
surrogate, 83, 33.0, 0.84375
surrogate, 83, 32.0, 0.78125
surrogate, 83, 32.0, 0.78125
surrogate, 83, 31.0, 0.71875
surrogate, 83, 31.0, 0.71875
surrogate, 83, 31.0, 0.71875
surrogate, 83, 30.0, 0.59375
surrogate, 83, 30.0, 0.59375
surrogate, 83, 30.0, 0.59375
surrogate, 83, 30.0, 0.59375
surrogate, 83, 30.0, 0.59375
surrogate, 83, 30.0, 0.59375
surrogate, 83, 30.0, 0.59375
surrogate, 83, 30.0, 0.59375
surrogate, 83, 30.0, 0.59375
surrogate, 83, 30.0, 0.59375
surrogate, 83, 30.0, 0.59375
surrogate, 83, 30.0, 0.59375
surrogate, 83, 30.0, 0.59375
surrogate, 83, 30.0, 0.59375
surrogate, 83, 28.0, 0.5
surrogate, 83, 28.0, 0.5
surrogate, 83, 28.0, 0.5
surrogate, 83, 28.0, 0.5
surrogate, 83, 28.0, 0.5
surrogate, 83, 28.0, 0.5
surrogate, 83, 28.0, 0.5
surrogate, 83, 28.0, 0.5
surrogate, 83, 28.0, 0.5
surrogate, 83, 28.0, 0.5
surrogate, 83, 28.0, 0.5
surrogate, 83, 28.0, 0.5
surrogate, 83, 28.0, 0.5
surrogate, 83, 28.0, 0.5
surrogate, 83, 28.0, 0.5
surrogate, 83, 28.0, 0.5
surrogate, 83, 26.0, 0.375
surrogate, 83, 26.0, 0.375
surrogate, 83, 26.0, 0.375
surrogate, 83, 26.0, 0.375
surrogate, 83, 26.0, 0.375
surrogate, 83, 26.0, 0.375
surrogate, 83, 26.0, 0.375
surrogate, 83, 26.0, 0.375
surrogate, 83, 26.0, 0.375
surrogate, 83, 26.0, 0.375
surrogate, 83, 26.0, 0.375
surrogate, 83, 26.0, 0.375
surrogate, 83, 26.0, 0.375
surrogate, 83, 26.0, 0.375
surrogate, 83, 26.0, 0.375
surrogate, 83, 26.0, 0.375
surrogate, 83, 26.0, 0.375
surrogate, 83, 26.0, 0.375
surrogate, 83, 26.0, 0.375
surrogate, 83, 26.0, 0.375
surrogate, 83, 26.0, 0.375
surrogate, 83, 26.0, 0.375
surrogate, 83, 23.0, 0.25
surrogate, 83, 23.0, 0.25
surrogate, 83, 23.0, 0.25
surrogate, 83, 23.0, 0.25
surrogate, 83, 23.0, 0.25
surrogate, 83, 23.0, 0.25
surrogate, 83, 23.0, 0.25
surrogate, 83, 23.0, 0.25
surrogate, 83, 21.0, 0.09375
surrogate, 83, 21.0, 0.09375
surrogate, 83, 21.0, 0.09375
surrogate, 83, 21.0, 0.09375
surrogate, 83, 21.0, 0.09375
surrogate, 83, 21.0, 0.09375
surrogate, 83, 21.0, 0.09375
surrogate, 83, 21.0, 0.09375
surrogate, 83, 21.0, 0.09375
surrogate, 83, 21.0, 0.09375
surrogate, 83, 21.0, 0.09375
surrogate, 83, 21.0, 0.09375
surrogate, 83, 21.0, 0.09375
surrogate, 83, 21.0, 0.09375
surrogate, 83, 21.0, 0.09375
surrogate, 83, 21.0, 0.09375
surrogate, 83, 21.0, 0.09375
surrogate, 83, 21.0, 0.09375
surrogate, 83, 21.0, 0.09375
surrogate, 83, 21.0, 0.09375
surrogate, 83, 21.0, 0.09375
surrogate, 83, 21.0, 0.09375
surrogate, 83, 21.0, 0.09375
surrogate, 83, 21.0, 0.09375
surrogate, 83, 21.0, 0.09375
surrogate, 83, 21.0, 0.09375
surrogate, 83, 21.0, 0.09375
surrogate, 83, 21.0, 0.09375
surrogate, 83, 21.0, 0.09375
surrogate, 83, 21.0, 0.09375
surrogate, 83, 21.0, 0.09375
surrogate, 83, 21.0, 0.09375
surrogate, 83, 21.0, 0.09375
surrogate, 83, 21.0, 0.09375
surrogate, 84, 34.0, 0.9375
surrogate, 84, 34.0, 0.9375
surrogate, 84, 34.0, 0.9375
surrogate, 84, 34.0, 0.9375
surrogate, 84, 34.0, 0.9375
surrogate, 84, 34.0, 0.9375
surrogate, 84, 34.0, 0.9375
surrogate, 84, 34.0, 0.9375
surrogate, 84, 34.0, 0.9375
surrogate, 84, 34.0, 0.9375
surrogate, 84, 34.0, 0.9375
surrogate, 84, 34.0, 0.9375
surrogate, 84, 34.0, 0.9375
surrogate, 84, 34.0, 0.9375
surrogate, 84, 33.0, 0.84375
surrogate, 84, 33.0, 0.84375
surrogate, 84, 32.0, 0.78125
surrogate, 84, 32.0, 0.78125
surrogate, 84, 31.0, 0.71875
surrogate, 84, 31.0, 0.71875
surrogate, 84, 31.0, 0.71875
surrogate, 84, 30.0, 0.59375
surrogate, 84, 30.0, 0.59375
surrogate, 84, 30.0, 0.59375
surrogate, 84, 30.0, 0.59375
surrogate, 84, 30.0, 0.59375
surrogate, 84, 30.0, 0.59375
surrogate, 84, 30.0, 0.59375
surrogate, 84, 30.0, 0.59375
surrogate, 84, 30.0, 0.59375
surrogate, 84, 30.0, 0.59375
surrogate, 84, 30.0, 0.59375
surrogate, 84, 30.0, 0.59375
surrogate, 84, 30.0, 0.59375
surrogate, 84, 30.0, 0.59375
surrogate, 84, 28.0, 0.5
surrogate, 84, 28.0, 0.5
surrogate, 84, 28.0, 0.5
surrogate, 84, 28.0, 0.5
surrogate, 84, 28.0, 0.5
surrogate, 84, 28.0, 0.5
surrogate, 84, 28.0, 0.5
surrogate, 84, 28.0, 0.5
surrogate, 84, 28.0, 0.5
surrogate, 84, 28.0, 0.5
surrogate, 84, 28.0, 0.5
surrogate, 84, 28.0, 0.5
surrogate, 84, 28.0, 0.5
surrogate, 84, 28.0, 0.5
surrogate, 84, 28.0, 0.5
surrogate, 84, 28.0, 0.5
surrogate, 84, 26.0, 0.375
surrogate, 84, 26.0, 0.375
surrogate, 84, 26.0, 0.375
surrogate, 84, 26.0, 0.375
surrogate, 84, 26.0, 0.375
surrogate, 84, 26.0, 0.375
surrogate, 84, 26.0, 0.375
surrogate, 84, 26.0, 0.375
surrogate, 84, 26.0, 0.375
surrogate, 84, 26.0, 0.375
surrogate, 84, 26.0, 0.375
surrogate, 84, 26.0, 0.375
surrogate, 84, 26.0, 0.375
surrogate, 84, 26.0, 0.375
surrogate, 84, 26.0, 0.375
surrogate, 84, 26.0, 0.375
surrogate, 84, 26.0, 0.375
surrogate, 84, 26.0, 0.375
surrogate, 84, 26.0, 0.375
surrogate, 84, 26.0, 0.375
surrogate, 84, 26.0, 0.375
surrogate, 84, 26.0, 0.375
surrogate, 84, 26.0, 0.375
surrogate, 84, 23.0, 0.25
surrogate, 84, 23.0, 0.25
surrogate, 84, 23.0, 0.25
surrogate, 84, 23.0, 0.25
surrogate, 84, 23.0, 0.25
surrogate, 84, 23.0, 0.25
surrogate, 84, 23.0, 0.25
surrogate, 84, 23.0, 0.25
surrogate, 84, 21.0, 0.09375
surrogate, 84, 21.0, 0.09375
surrogate, 84, 21.0, 0.09375
surrogate, 84, 21.0, 0.09375
surrogate, 84, 21.0, 0.09375
surrogate, 84, 21.0, 0.09375
surrogate, 84, 21.0, 0.09375
surrogate, 84, 21.0, 0.09375
surrogate, 84, 21.0, 0.09375
surrogate, 84, 21.0, 0.09375
surrogate, 84, 21.0, 0.09375
surrogate, 84, 21.0, 0.09375
surrogate, 84, 21.0, 0.09375
surrogate, 84, 21.0, 0.09375
surrogate, 84, 21.0, 0.09375
surrogate, 84, 21.0, 0.09375
surrogate, 84, 21.0, 0.09375
surrogate, 84, 21.0, 0.09375
surrogate, 84, 21.0, 0.09375
surrogate, 84, 21.0, 0.09375
surrogate, 84, 21.0, 0.09375
surrogate, 84, 21.0, 0.09375
surrogate, 84, 21.0, 0.09375
surrogate, 84, 21.0, 0.09375
surrogate, 84, 21.0, 0.09375
surrogate, 84, 21.0, 0.09375
surrogate, 84, 21.0, 0.09375
surrogate, 84, 21.0, 0.09375
surrogate, 84, 21.0, 0.09375
surrogate, 84, 21.0, 0.09375
surrogate, 84, 21.0, 0.09375
surrogate, 84, 21.0, 0.09375
surrogate, 84, 21.0, 0.09375
surrogate, 84, 21.0, 0.09375
surrogate, 84, 21.0, 0.09375
surrogate, 85, 34.0, 0.9375
surrogate, 85, 34.0, 0.9375
surrogate, 85, 34.0, 0.9375
surrogate, 85, 34.0, 0.9375
surrogate, 85, 34.0, 0.9375
surrogate, 85, 34.0, 0.9375
surrogate, 85, 34.0, 0.9375
surrogate, 85, 34.0, 0.9375
surrogate, 85, 34.0, 0.9375
surrogate, 85, 34.0, 0.9375
surrogate, 85, 34.0, 0.9375
surrogate, 85, 34.0, 0.9375
surrogate, 85, 34.0, 0.9375
surrogate, 85, 34.0, 0.9375
surrogate, 85, 33.0, 0.84375
surrogate, 85, 33.0, 0.84375
surrogate, 85, 32.0, 0.78125
surrogate, 85, 32.0, 0.78125
surrogate, 85, 31.0, 0.71875
surrogate, 85, 31.0, 0.71875
surrogate, 85, 31.0, 0.71875
surrogate, 85, 31.0, 0.71875
surrogate, 85, 30.0, 0.59375
surrogate, 85, 30.0, 0.59375
surrogate, 85, 30.0, 0.59375
surrogate, 85, 30.0, 0.59375
surrogate, 85, 30.0, 0.59375
surrogate, 85, 30.0, 0.59375
surrogate, 85, 30.0, 0.59375
surrogate, 85, 30.0, 0.59375
surrogate, 85, 30.0, 0.59375
surrogate, 85, 30.0, 0.59375
surrogate, 85, 30.0, 0.59375
surrogate, 85, 30.0, 0.59375
surrogate, 85, 30.0, 0.59375
surrogate, 85, 30.0, 0.59375
surrogate, 85, 30.0, 0.59375
surrogate, 85, 28.0, 0.5
surrogate, 85, 28.0, 0.5
surrogate, 85, 28.0, 0.5
surrogate, 85, 28.0, 0.5
surrogate, 85, 28.0, 0.5
surrogate, 85, 28.0, 0.5
surrogate, 85, 28.0, 0.5
surrogate, 85, 28.0, 0.5
surrogate, 85, 28.0, 0.5
surrogate, 85, 28.0, 0.5
surrogate, 85, 28.0, 0.5
surrogate, 85, 28.0, 0.5
surrogate, 85, 28.0, 0.5
surrogate, 85, 28.0, 0.5
surrogate, 85, 28.0, 0.5
surrogate, 85, 28.0, 0.5
surrogate, 85, 26.0, 0.375
surrogate, 85, 26.0, 0.375
surrogate, 85, 26.0, 0.375
surrogate, 85, 26.0, 0.375
surrogate, 85, 26.0, 0.375
surrogate, 85, 26.0, 0.375
surrogate, 85, 26.0, 0.375
surrogate, 85, 26.0, 0.375
surrogate, 85, 26.0, 0.375
surrogate, 85, 26.0, 0.375
surrogate, 85, 26.0, 0.375
surrogate, 85, 26.0, 0.375
surrogate, 85, 26.0, 0.375
surrogate, 85, 26.0, 0.375
surrogate, 85, 26.0, 0.375
surrogate, 85, 26.0, 0.375
surrogate, 85, 26.0, 0.375
surrogate, 85, 26.0, 0.375
surrogate, 85, 26.0, 0.375
surrogate, 85, 26.0, 0.375
surrogate, 85, 26.0, 0.375
surrogate, 85, 26.0, 0.375
surrogate, 85, 26.0, 0.375
surrogate, 85, 23.0, 0.25
surrogate, 85, 23.0, 0.25
surrogate, 85, 23.0, 0.25
surrogate, 85, 23.0, 0.25
surrogate, 85, 23.0, 0.25
surrogate, 85, 23.0, 0.25
surrogate, 85, 23.0, 0.25
surrogate, 85, 23.0, 0.25
surrogate, 85, 21.0, 0.09375
surrogate, 85, 21.0, 0.09375
surrogate, 85, 21.0, 0.09375
surrogate, 85, 21.0, 0.09375
surrogate, 85, 21.0, 0.09375
surrogate, 85, 21.0, 0.09375
surrogate, 85, 21.0, 0.09375
surrogate, 85, 21.0, 0.09375
surrogate, 85, 21.0, 0.09375
surrogate, 85, 21.0, 0.09375
surrogate, 85, 21.0, 0.09375
surrogate, 85, 21.0, 0.09375
surrogate, 85, 21.0, 0.09375
surrogate, 85, 21.0, 0.09375
surrogate, 85, 21.0, 0.09375
surrogate, 85, 21.0, 0.09375
surrogate, 85, 21.0, 0.09375
surrogate, 85, 21.0, 0.09375
surrogate, 85, 21.0, 0.09375
surrogate, 85, 21.0, 0.09375
surrogate, 85, 21.0, 0.09375
surrogate, 85, 21.0, 0.09375
surrogate, 85, 21.0, 0.09375
surrogate, 85, 21.0, 0.09375
surrogate, 85, 21.0, 0.09375
surrogate, 85, 21.0, 0.09375
surrogate, 85, 21.0, 0.09375
surrogate, 85, 21.0, 0.09375
surrogate, 85, 21.0, 0.09375
surrogate, 85, 21.0, 0.09375
surrogate, 85, 21.0, 0.09375
surrogate, 85, 21.0, 0.09375
surrogate, 85, 21.0, 0.09375
surrogate, 85, 21.0, 0.09375
surrogate, 85, 21.0, 0.09375
surrogate, 86, 34.0, 0.9375
surrogate, 86, 34.0, 0.9375
surrogate, 86, 34.0, 0.9375
surrogate, 86, 34.0, 0.9375
surrogate, 86, 34.0, 0.9375
surrogate, 86, 34.0, 0.9375
surrogate, 86, 34.0, 0.9375
surrogate, 86, 34.0, 0.9375
surrogate, 86, 34.0, 0.9375
surrogate, 86, 34.0, 0.9375
surrogate, 86, 34.0, 0.9375
surrogate, 86, 34.0, 0.9375
surrogate, 86, 34.0, 0.9375
surrogate, 86, 34.0, 0.9375
surrogate, 86, 34.0, 0.9375
surrogate, 86, 33.0, 0.84375
surrogate, 86, 33.0, 0.84375
surrogate, 86, 32.0, 0.78125
surrogate, 86, 32.0, 0.78125
surrogate, 86, 31.0, 0.71875
surrogate, 86, 31.0, 0.71875
surrogate, 86, 31.0, 0.71875
surrogate, 86, 31.0, 0.71875
surrogate, 86, 31.0, 0.71875
surrogate, 86, 30.0, 0.59375
surrogate, 86, 30.0, 0.59375
surrogate, 86, 30.0, 0.59375
surrogate, 86, 30.0, 0.59375
surrogate, 86, 30.0, 0.59375
surrogate, 86, 30.0, 0.59375
surrogate, 86, 30.0, 0.59375
surrogate, 86, 30.0, 0.59375
surrogate, 86, 30.0, 0.59375
surrogate, 86, 30.0, 0.59375
surrogate, 86, 30.0, 0.59375
surrogate, 86, 30.0, 0.59375
surrogate, 86, 30.0, 0.59375
surrogate, 86, 30.0, 0.59375
surrogate, 86, 30.0, 0.59375
surrogate, 86, 28.0, 0.5
surrogate, 86, 28.0, 0.5
surrogate, 86, 28.0, 0.5
surrogate, 86, 28.0, 0.5
surrogate, 86, 28.0, 0.5
surrogate, 86, 28.0, 0.5
surrogate, 86, 28.0, 0.5
surrogate, 86, 28.0, 0.5
surrogate, 86, 28.0, 0.5
surrogate, 86, 28.0, 0.5
surrogate, 86, 28.0, 0.5
surrogate, 86, 28.0, 0.5
surrogate, 86, 28.0, 0.5
surrogate, 86, 28.0, 0.5
surrogate, 86, 28.0, 0.5
surrogate, 86, 28.0, 0.5
surrogate, 86, 28.0, 0.5
surrogate, 86, 26.0, 0.375
surrogate, 86, 26.0, 0.375
surrogate, 86, 26.0, 0.375
surrogate, 86, 26.0, 0.375
surrogate, 86, 26.0, 0.375
surrogate, 86, 26.0, 0.375
surrogate, 86, 26.0, 0.375
surrogate, 86, 26.0, 0.375
surrogate, 86, 26.0, 0.375
surrogate, 86, 26.0, 0.375
surrogate, 86, 26.0, 0.375
surrogate, 86, 26.0, 0.375
surrogate, 86, 26.0, 0.375
surrogate, 86, 26.0, 0.375
surrogate, 86, 26.0, 0.375
surrogate, 86, 26.0, 0.375
surrogate, 86, 26.0, 0.375
surrogate, 86, 26.0, 0.375
surrogate, 86, 26.0, 0.375
surrogate, 86, 26.0, 0.375
surrogate, 86, 26.0, 0.375
surrogate, 86, 26.0, 0.375
surrogate, 86, 26.0, 0.375
surrogate, 86, 23.0, 0.25
surrogate, 86, 23.0, 0.25
surrogate, 86, 23.0, 0.25
surrogate, 86, 23.0, 0.25
surrogate, 86, 23.0, 0.25
surrogate, 86, 23.0, 0.25
surrogate, 86, 23.0, 0.25
surrogate, 86, 23.0, 0.25
surrogate, 86, 21.0, 0.09375
surrogate, 86, 21.0, 0.09375
surrogate, 86, 21.0, 0.09375
surrogate, 86, 21.0, 0.09375
surrogate, 86, 21.0, 0.09375
surrogate, 86, 21.0, 0.09375
surrogate, 86, 21.0, 0.09375
surrogate, 86, 21.0, 0.09375
surrogate, 86, 21.0, 0.09375
surrogate, 86, 21.0, 0.09375
surrogate, 86, 21.0, 0.09375
surrogate, 86, 21.0, 0.09375
surrogate, 86, 21.0, 0.09375
surrogate, 86, 21.0, 0.09375
surrogate, 86, 21.0, 0.09375
surrogate, 86, 21.0, 0.09375
surrogate, 86, 21.0, 0.09375
surrogate, 86, 21.0, 0.09375
surrogate, 86, 21.0, 0.09375
surrogate, 86, 21.0, 0.09375
surrogate, 86, 21.0, 0.09375
surrogate, 86, 21.0, 0.09375
surrogate, 86, 21.0, 0.09375
surrogate, 86, 21.0, 0.09375
surrogate, 86, 21.0, 0.09375
surrogate, 86, 21.0, 0.09375
surrogate, 86, 21.0, 0.09375
surrogate, 86, 21.0, 0.09375
surrogate, 86, 21.0, 0.09375
surrogate, 86, 21.0, 0.09375
surrogate, 86, 21.0, 0.09375
surrogate, 86, 21.0, 0.09375
surrogate, 86, 21.0, 0.09375
surrogate, 86, 21.0, 0.09375
surrogate, 86, 21.0, 0.09375
surrogate, 87, 34.0, 0.9375
surrogate, 87, 34.0, 0.9375
surrogate, 87, 34.0, 0.9375
surrogate, 87, 34.0, 0.9375
surrogate, 87, 34.0, 0.9375
surrogate, 87, 34.0, 0.9375
surrogate, 87, 34.0, 0.9375
surrogate, 87, 34.0, 0.9375
surrogate, 87, 34.0, 0.9375
surrogate, 87, 34.0, 0.9375
surrogate, 87, 34.0, 0.9375
surrogate, 87, 34.0, 0.9375
surrogate, 87, 34.0, 0.9375
surrogate, 87, 34.0, 0.9375
surrogate, 87, 34.0, 0.9375
surrogate, 87, 33.0, 0.84375
surrogate, 87, 33.0, 0.84375
surrogate, 87, 32.0, 0.78125
surrogate, 87, 32.0, 0.78125
surrogate, 87, 31.0, 0.71875
surrogate, 87, 31.0, 0.71875
surrogate, 87, 31.0, 0.71875
surrogate, 87, 31.0, 0.71875
surrogate, 87, 31.0, 0.71875
surrogate, 87, 30.0, 0.59375
surrogate, 87, 30.0, 0.59375
surrogate, 87, 30.0, 0.59375
surrogate, 87, 30.0, 0.59375
surrogate, 87, 30.0, 0.59375
surrogate, 87, 30.0, 0.59375
surrogate, 87, 30.0, 0.59375
surrogate, 87, 30.0, 0.59375
surrogate, 87, 30.0, 0.59375
surrogate, 87, 30.0, 0.59375
surrogate, 87, 30.0, 0.59375
surrogate, 87, 30.0, 0.59375
surrogate, 87, 30.0, 0.59375
surrogate, 87, 30.0, 0.59375
surrogate, 87, 30.0, 0.59375
surrogate, 87, 30.0, 0.59375
surrogate, 87, 28.0, 0.5
surrogate, 87, 28.0, 0.5
surrogate, 87, 28.0, 0.5
surrogate, 87, 28.0, 0.5
surrogate, 87, 28.0, 0.5
surrogate, 87, 28.0, 0.5
surrogate, 87, 28.0, 0.5
surrogate, 87, 28.0, 0.5
surrogate, 87, 28.0, 0.5
surrogate, 87, 28.0, 0.5
surrogate, 87, 28.0, 0.5
surrogate, 87, 28.0, 0.5
surrogate, 87, 28.0, 0.5
surrogate, 87, 28.0, 0.5
surrogate, 87, 28.0, 0.5
surrogate, 87, 28.0, 0.5
surrogate, 87, 28.0, 0.5
surrogate, 87, 28.0, 0.5
surrogate, 87, 26.0, 0.375
surrogate, 87, 26.0, 0.375
surrogate, 87, 26.0, 0.375
surrogate, 87, 26.0, 0.375
surrogate, 87, 26.0, 0.375
surrogate, 87, 26.0, 0.375
surrogate, 87, 26.0, 0.375
surrogate, 87, 26.0, 0.375
surrogate, 87, 26.0, 0.375
surrogate, 87, 26.0, 0.375
surrogate, 87, 26.0, 0.375
surrogate, 87, 26.0, 0.375
surrogate, 87, 26.0, 0.375
surrogate, 87, 26.0, 0.375
surrogate, 87, 26.0, 0.375
surrogate, 87, 26.0, 0.375
surrogate, 87, 26.0, 0.375
surrogate, 87, 26.0, 0.375
surrogate, 87, 26.0, 0.375
surrogate, 87, 26.0, 0.375
surrogate, 87, 26.0, 0.375
surrogate, 87, 26.0, 0.375
surrogate, 87, 26.0, 0.375
surrogate, 87, 26.0, 0.375
surrogate, 87, 23.0, 0.25
surrogate, 87, 23.0, 0.25
surrogate, 87, 23.0, 0.25
surrogate, 87, 23.0, 0.25
surrogate, 87, 23.0, 0.25
surrogate, 87, 23.0, 0.25
surrogate, 87, 23.0, 0.25
surrogate, 87, 23.0, 0.25
surrogate, 87, 21.0, 0.09375
surrogate, 87, 21.0, 0.09375
surrogate, 87, 21.0, 0.09375
surrogate, 87, 21.0, 0.09375
surrogate, 87, 21.0, 0.09375
surrogate, 87, 21.0, 0.09375
surrogate, 87, 21.0, 0.09375
surrogate, 87, 21.0, 0.09375
surrogate, 87, 21.0, 0.09375
surrogate, 87, 21.0, 0.09375
surrogate, 87, 21.0, 0.09375
surrogate, 87, 21.0, 0.09375
surrogate, 87, 21.0, 0.09375
surrogate, 87, 21.0, 0.09375
surrogate, 87, 21.0, 0.09375
surrogate, 87, 21.0, 0.09375
surrogate, 87, 21.0, 0.09375
surrogate, 87, 21.0, 0.09375
surrogate, 87, 21.0, 0.09375
surrogate, 87, 21.0, 0.09375
surrogate, 87, 21.0, 0.09375
surrogate, 87, 21.0, 0.09375
surrogate, 87, 21.0, 0.09375
surrogate, 87, 21.0, 0.09375
surrogate, 87, 21.0, 0.09375
surrogate, 87, 21.0, 0.09375
surrogate, 87, 21.0, 0.09375
surrogate, 87, 21.0, 0.09375
surrogate, 87, 21.0, 0.09375
surrogate, 87, 21.0, 0.09375
surrogate, 87, 21.0, 0.09375
surrogate, 87, 21.0, 0.09375
surrogate, 87, 21.0, 0.09375
surrogate, 87, 21.0, 0.09375
surrogate, 87, 21.0, 0.09375
surrogate, 87, 21.0, 0.09375
surrogate, 88, 34.0, 0.9375
surrogate, 88, 34.0, 0.9375
surrogate, 88, 34.0, 0.9375
surrogate, 88, 34.0, 0.9375
surrogate, 88, 34.0, 0.9375
surrogate, 88, 34.0, 0.9375
surrogate, 88, 34.0, 0.9375
surrogate, 88, 34.0, 0.9375
surrogate, 88, 34.0, 0.9375
surrogate, 88, 34.0, 0.9375
surrogate, 88, 34.0, 0.9375
surrogate, 88, 34.0, 0.9375
surrogate, 88, 34.0, 0.9375
surrogate, 88, 34.0, 0.9375
surrogate, 88, 34.0, 0.9375
surrogate, 88, 33.0, 0.84375
surrogate, 88, 33.0, 0.84375
surrogate, 88, 33.0, 0.84375
surrogate, 88, 32.0, 0.78125
surrogate, 88, 32.0, 0.78125
surrogate, 88, 31.0, 0.71875
surrogate, 88, 31.0, 0.71875
surrogate, 88, 31.0, 0.71875
surrogate, 88, 31.0, 0.71875
surrogate, 88, 31.0, 0.71875
surrogate, 88, 30.0, 0.59375
surrogate, 88, 30.0, 0.59375
surrogate, 88, 30.0, 0.59375
surrogate, 88, 30.0, 0.59375
surrogate, 88, 30.0, 0.59375
surrogate, 88, 30.0, 0.59375
surrogate, 88, 30.0, 0.59375
surrogate, 88, 30.0, 0.59375
surrogate, 88, 30.0, 0.59375
surrogate, 88, 30.0, 0.59375
surrogate, 88, 30.0, 0.59375
surrogate, 88, 30.0, 0.59375
surrogate, 88, 30.0, 0.59375
surrogate, 88, 30.0, 0.59375
surrogate, 88, 30.0, 0.59375
surrogate, 88, 30.0, 0.59375
surrogate, 88, 28.0, 0.5
surrogate, 88, 28.0, 0.5
surrogate, 88, 28.0, 0.5
surrogate, 88, 28.0, 0.5
surrogate, 88, 28.0, 0.5
surrogate, 88, 28.0, 0.5
surrogate, 88, 28.0, 0.5
surrogate, 88, 28.0, 0.5
surrogate, 88, 28.0, 0.5
surrogate, 88, 28.0, 0.5
surrogate, 88, 28.0, 0.5
surrogate, 88, 28.0, 0.5
surrogate, 88, 28.0, 0.5
surrogate, 88, 28.0, 0.5
surrogate, 88, 28.0, 0.5
surrogate, 88, 28.0, 0.5
surrogate, 88, 28.0, 0.5
surrogate, 88, 28.0, 0.5
surrogate, 88, 28.0, 0.5
surrogate, 88, 26.0, 0.375
surrogate, 88, 26.0, 0.375
surrogate, 88, 26.0, 0.375
surrogate, 88, 26.0, 0.375
surrogate, 88, 26.0, 0.375
surrogate, 88, 26.0, 0.375
surrogate, 88, 26.0, 0.375
surrogate, 88, 26.0, 0.375
surrogate, 88, 26.0, 0.375
surrogate, 88, 26.0, 0.375
surrogate, 88, 26.0, 0.375
surrogate, 88, 26.0, 0.375
surrogate, 88, 26.0, 0.375
surrogate, 88, 26.0, 0.375
surrogate, 88, 26.0, 0.375
surrogate, 88, 26.0, 0.375
surrogate, 88, 26.0, 0.375
surrogate, 88, 26.0, 0.375
surrogate, 88, 26.0, 0.375
surrogate, 88, 26.0, 0.375
surrogate, 88, 26.0, 0.375
surrogate, 88, 26.0, 0.375
surrogate, 88, 26.0, 0.375
surrogate, 88, 26.0, 0.375
surrogate, 88, 23.0, 0.25
surrogate, 88, 23.0, 0.25
surrogate, 88, 23.0, 0.25
surrogate, 88, 23.0, 0.25
surrogate, 88, 23.0, 0.25
surrogate, 88, 23.0, 0.25
surrogate, 88, 23.0, 0.25
surrogate, 88, 23.0, 0.25
surrogate, 88, 21.0, 0.09375
surrogate, 88, 21.0, 0.09375
surrogate, 88, 21.0, 0.09375
surrogate, 88, 21.0, 0.09375
surrogate, 88, 21.0, 0.09375
surrogate, 88, 21.0, 0.09375
surrogate, 88, 21.0, 0.09375
surrogate, 88, 21.0, 0.09375
surrogate, 88, 21.0, 0.09375
surrogate, 88, 21.0, 0.09375
surrogate, 88, 21.0, 0.09375
surrogate, 88, 21.0, 0.09375
surrogate, 88, 21.0, 0.09375
surrogate, 88, 21.0, 0.09375
surrogate, 88, 21.0, 0.09375
surrogate, 88, 21.0, 0.09375
surrogate, 88, 21.0, 0.09375
surrogate, 88, 21.0, 0.09375
surrogate, 88, 21.0, 0.09375
surrogate, 88, 21.0, 0.09375
surrogate, 88, 21.0, 0.09375
surrogate, 88, 21.0, 0.09375
surrogate, 88, 21.0, 0.09375
surrogate, 88, 21.0, 0.09375
surrogate, 88, 21.0, 0.09375
surrogate, 88, 21.0, 0.09375
surrogate, 88, 21.0, 0.09375
surrogate, 88, 21.0, 0.09375
surrogate, 88, 21.0, 0.09375
surrogate, 88, 21.0, 0.09375
surrogate, 88, 21.0, 0.09375
surrogate, 88, 21.0, 0.09375
surrogate, 88, 21.0, 0.09375
surrogate, 88, 21.0, 0.09375
surrogate, 88, 21.0, 0.09375
surrogate, 88, 21.0, 0.09375
surrogate, 89, 34.0, 0.9375
surrogate, 89, 34.0, 0.9375
surrogate, 89, 34.0, 0.9375
surrogate, 89, 34.0, 0.9375
surrogate, 89, 34.0, 0.9375
surrogate, 89, 34.0, 0.9375
surrogate, 89, 34.0, 0.9375
surrogate, 89, 34.0, 0.9375
surrogate, 89, 34.0, 0.9375
surrogate, 89, 34.0, 0.9375
surrogate, 89, 34.0, 0.9375
surrogate, 89, 34.0, 0.9375
surrogate, 89, 34.0, 0.9375
surrogate, 89, 34.0, 0.9375
surrogate, 89, 34.0, 0.9375
surrogate, 89, 33.0, 0.84375
surrogate, 89, 33.0, 0.84375
surrogate, 89, 33.0, 0.84375
surrogate, 89, 32.0, 0.78125
surrogate, 89, 32.0, 0.78125
surrogate, 89, 31.0, 0.71875
surrogate, 89, 31.0, 0.71875
surrogate, 89, 31.0, 0.71875
surrogate, 89, 31.0, 0.71875
surrogate, 89, 31.0, 0.71875
surrogate, 89, 29.0, 0.59375
surrogate, 89, 28.0, 0.5
surrogate, 89, 28.0, 0.5
surrogate, 89, 28.0, 0.5
surrogate, 89, 28.0, 0.5
surrogate, 89, 28.0, 0.5
surrogate, 89, 28.0, 0.5
surrogate, 89, 28.0, 0.5
surrogate, 89, 28.0, 0.5
surrogate, 89, 28.0, 0.5
surrogate, 89, 28.0, 0.5
surrogate, 89, 28.0, 0.5
surrogate, 89, 28.0, 0.5
surrogate, 89, 28.0, 0.5
surrogate, 89, 28.0, 0.5
surrogate, 89, 28.0, 0.5
surrogate, 89, 28.0, 0.5
surrogate, 89, 28.0, 0.5
surrogate, 89, 28.0, 0.5
surrogate, 89, 28.0, 0.5
surrogate, 89, 26.0, 0.375
surrogate, 89, 26.0, 0.375
surrogate, 89, 26.0, 0.375
surrogate, 89, 26.0, 0.375
surrogate, 89, 26.0, 0.375
surrogate, 89, 26.0, 0.375
surrogate, 89, 26.0, 0.375
surrogate, 89, 26.0, 0.375
surrogate, 89, 26.0, 0.375
surrogate, 89, 26.0, 0.375
surrogate, 89, 26.0, 0.375
surrogate, 89, 26.0, 0.375
surrogate, 89, 26.0, 0.375
surrogate, 89, 26.0, 0.375
surrogate, 89, 26.0, 0.375
surrogate, 89, 26.0, 0.375
surrogate, 89, 26.0, 0.375
surrogate, 89, 26.0, 0.375
surrogate, 89, 26.0, 0.375
surrogate, 89, 26.0, 0.375
surrogate, 89, 26.0, 0.375
surrogate, 89, 26.0, 0.375
surrogate, 89, 26.0, 0.375
surrogate, 89, 26.0, 0.375
surrogate, 89, 23.0, 0.25
surrogate, 89, 23.0, 0.25
surrogate, 89, 23.0, 0.25
surrogate, 89, 23.0, 0.25
surrogate, 89, 23.0, 0.25
surrogate, 89, 23.0, 0.25
surrogate, 89, 23.0, 0.25
surrogate, 89, 23.0, 0.25
surrogate, 89, 21.0, 0.09375
surrogate, 89, 21.0, 0.09375
surrogate, 89, 21.0, 0.09375
surrogate, 89, 21.0, 0.09375
surrogate, 89, 21.0, 0.09375
surrogate, 89, 21.0, 0.09375
surrogate, 89, 21.0, 0.09375
surrogate, 89, 21.0, 0.09375
surrogate, 89, 21.0, 0.09375
surrogate, 89, 21.0, 0.09375
surrogate, 89, 21.0, 0.09375
surrogate, 89, 21.0, 0.09375
surrogate, 89, 21.0, 0.09375
surrogate, 89, 21.0, 0.09375
surrogate, 89, 21.0, 0.09375
surrogate, 89, 21.0, 0.09375
surrogate, 89, 21.0, 0.09375
surrogate, 89, 21.0, 0.09375
surrogate, 89, 21.0, 0.09375
surrogate, 89, 21.0, 0.09375
surrogate, 89, 21.0, 0.09375
surrogate, 89, 21.0, 0.09375
surrogate, 89, 21.0, 0.09375
surrogate, 89, 21.0, 0.09375
surrogate, 89, 21.0, 0.09375
surrogate, 89, 21.0, 0.09375
surrogate, 89, 21.0, 0.09375
surrogate, 89, 21.0, 0.09375
surrogate, 89, 21.0, 0.09375
surrogate, 89, 21.0, 0.09375
surrogate, 89, 21.0, 0.09375
surrogate, 89, 21.0, 0.09375
surrogate, 89, 21.0, 0.09375
surrogate, 89, 21.0, 0.09375
surrogate, 89, 21.0, 0.09375
surrogate, 89, 21.0, 0.09375
surrogate, 90, 34.0, 0.9375
surrogate, 90, 34.0, 0.9375
surrogate, 90, 34.0, 0.9375
surrogate, 90, 34.0, 0.9375
surrogate, 90, 34.0, 0.9375
surrogate, 90, 34.0, 0.9375
surrogate, 90, 34.0, 0.9375
surrogate, 90, 34.0, 0.9375
surrogate, 90, 34.0, 0.9375
surrogate, 90, 34.0, 0.9375
surrogate, 90, 34.0, 0.9375
surrogate, 90, 34.0, 0.9375
surrogate, 90, 34.0, 0.9375
surrogate, 90, 34.0, 0.9375
surrogate, 90, 34.0, 0.9375
surrogate, 90, 33.0, 0.84375
surrogate, 90, 33.0, 0.84375
surrogate, 90, 33.0, 0.84375
surrogate, 90, 33.0, 0.84375
surrogate, 90, 32.0, 0.78125
surrogate, 90, 32.0, 0.78125
surrogate, 90, 31.0, 0.71875
surrogate, 90, 31.0, 0.71875
surrogate, 90, 31.0, 0.71875
surrogate, 90, 31.0, 0.71875
surrogate, 90, 31.0, 0.71875
surrogate, 90, 31.0, 0.71875
surrogate, 90, 29.0, 0.59375
surrogate, 90, 28.0, 0.5
surrogate, 90, 28.0, 0.5
surrogate, 90, 28.0, 0.5
surrogate, 90, 28.0, 0.5
surrogate, 90, 28.0, 0.5
surrogate, 90, 28.0, 0.5
surrogate, 90, 28.0, 0.5
surrogate, 90, 28.0, 0.5
surrogate, 90, 28.0, 0.5
surrogate, 90, 28.0, 0.5
surrogate, 90, 28.0, 0.5
surrogate, 90, 28.0, 0.5
surrogate, 90, 28.0, 0.5
surrogate, 90, 28.0, 0.5
surrogate, 90, 28.0, 0.5
surrogate, 90, 28.0, 0.5
surrogate, 90, 28.0, 0.5
surrogate, 90, 28.0, 0.5
surrogate, 90, 28.0, 0.5
surrogate, 90, 28.0, 0.5
surrogate, 90, 26.0, 0.375
surrogate, 90, 26.0, 0.375
surrogate, 90, 26.0, 0.375
surrogate, 90, 26.0, 0.375
surrogate, 90, 26.0, 0.375
surrogate, 90, 26.0, 0.375
surrogate, 90, 26.0, 0.375
surrogate, 90, 26.0, 0.375
surrogate, 90, 26.0, 0.375
surrogate, 90, 26.0, 0.375
surrogate, 90, 26.0, 0.375
surrogate, 90, 26.0, 0.375
surrogate, 90, 26.0, 0.375
surrogate, 90, 26.0, 0.375
surrogate, 90, 26.0, 0.375
surrogate, 90, 26.0, 0.375
surrogate, 90, 26.0, 0.375
surrogate, 90, 26.0, 0.375
surrogate, 90, 26.0, 0.375
surrogate, 90, 26.0, 0.375
surrogate, 90, 26.0, 0.375
surrogate, 90, 26.0, 0.375
surrogate, 90, 26.0, 0.375
surrogate, 90, 26.0, 0.375
surrogate, 90, 23.0, 0.25
surrogate, 90, 23.0, 0.25
surrogate, 90, 23.0, 0.25
surrogate, 90, 23.0, 0.25
surrogate, 90, 23.0, 0.25
surrogate, 90, 23.0, 0.25
surrogate, 90, 23.0, 0.25
surrogate, 90, 23.0, 0.25
surrogate, 90, 23.0, 0.25
surrogate, 90, 21.0, 0.09375
surrogate, 90, 21.0, 0.09375
surrogate, 90, 21.0, 0.09375
surrogate, 90, 21.0, 0.09375
surrogate, 90, 21.0, 0.09375
surrogate, 90, 21.0, 0.09375
surrogate, 90, 21.0, 0.09375
surrogate, 90, 21.0, 0.09375
surrogate, 90, 21.0, 0.09375
surrogate, 90, 21.0, 0.09375
surrogate, 90, 21.0, 0.09375
surrogate, 90, 21.0, 0.09375
surrogate, 90, 21.0, 0.09375
surrogate, 90, 21.0, 0.09375
surrogate, 90, 21.0, 0.09375
surrogate, 90, 21.0, 0.09375
surrogate, 90, 21.0, 0.09375
surrogate, 90, 21.0, 0.09375
surrogate, 90, 21.0, 0.09375
surrogate, 90, 21.0, 0.09375
surrogate, 90, 21.0, 0.09375
surrogate, 90, 21.0, 0.09375
surrogate, 90, 21.0, 0.09375
surrogate, 90, 21.0, 0.09375
surrogate, 90, 21.0, 0.09375
surrogate, 90, 21.0, 0.09375
surrogate, 90, 21.0, 0.09375
surrogate, 90, 21.0, 0.09375
surrogate, 90, 21.0, 0.09375
surrogate, 90, 21.0, 0.09375
surrogate, 90, 21.0, 0.09375
surrogate, 90, 21.0, 0.09375
surrogate, 90, 21.0, 0.09375
surrogate, 90, 21.0, 0.09375
surrogate, 90, 21.0, 0.09375
surrogate, 90, 21.0, 0.09375
surrogate, 90, 21.0, 0.09375
surrogate, 91, 34.0, 0.9375
surrogate, 91, 34.0, 0.9375
surrogate, 91, 34.0, 0.9375
surrogate, 91, 34.0, 0.9375
surrogate, 91, 34.0, 0.9375
surrogate, 91, 34.0, 0.9375
surrogate, 91, 34.0, 0.9375
surrogate, 91, 34.0, 0.9375
surrogate, 91, 34.0, 0.9375
surrogate, 91, 34.0, 0.9375
surrogate, 91, 34.0, 0.9375
surrogate, 91, 34.0, 0.9375
surrogate, 91, 34.0, 0.9375
surrogate, 91, 34.0, 0.9375
surrogate, 91, 34.0, 0.9375
surrogate, 91, 33.0, 0.84375
surrogate, 91, 33.0, 0.84375
surrogate, 91, 33.0, 0.84375
surrogate, 91, 33.0, 0.84375
surrogate, 91, 32.0, 0.78125
surrogate, 91, 32.0, 0.78125
surrogate, 91, 31.0, 0.71875
surrogate, 91, 31.0, 0.71875
surrogate, 91, 31.0, 0.71875
surrogate, 91, 31.0, 0.71875
surrogate, 91, 31.0, 0.71875
surrogate, 91, 31.0, 0.71875
surrogate, 91, 29.0, 0.59375
surrogate, 91, 28.0, 0.5
surrogate, 91, 28.0, 0.5
surrogate, 91, 28.0, 0.5
surrogate, 91, 28.0, 0.5
surrogate, 91, 28.0, 0.5
surrogate, 91, 28.0, 0.5
surrogate, 91, 28.0, 0.5
surrogate, 91, 28.0, 0.5
surrogate, 91, 28.0, 0.5
surrogate, 91, 28.0, 0.5
surrogate, 91, 28.0, 0.5
surrogate, 91, 28.0, 0.5
surrogate, 91, 28.0, 0.5
surrogate, 91, 28.0, 0.5
surrogate, 91, 28.0, 0.5
surrogate, 91, 28.0, 0.5
surrogate, 91, 28.0, 0.5
surrogate, 91, 28.0, 0.5
surrogate, 91, 28.0, 0.5
surrogate, 91, 28.0, 0.5
surrogate, 91, 26.0, 0.375
surrogate, 91, 26.0, 0.375
surrogate, 91, 26.0, 0.375
surrogate, 91, 26.0, 0.375
surrogate, 91, 26.0, 0.375
surrogate, 91, 26.0, 0.375
surrogate, 91, 26.0, 0.375
surrogate, 91, 26.0, 0.375
surrogate, 91, 26.0, 0.375
surrogate, 91, 26.0, 0.375
surrogate, 91, 26.0, 0.375
surrogate, 91, 26.0, 0.375
surrogate, 91, 26.0, 0.375
surrogate, 91, 26.0, 0.375
surrogate, 91, 26.0, 0.375
surrogate, 91, 26.0, 0.375
surrogate, 91, 26.0, 0.375
surrogate, 91, 26.0, 0.375
surrogate, 91, 26.0, 0.375
surrogate, 91, 26.0, 0.375
surrogate, 91, 26.0, 0.375
surrogate, 91, 26.0, 0.375
surrogate, 91, 26.0, 0.375
surrogate, 91, 26.0, 0.375
surrogate, 91, 23.0, 0.25
surrogate, 91, 23.0, 0.25
surrogate, 91, 23.0, 0.25
surrogate, 91, 23.0, 0.25
surrogate, 91, 23.0, 0.25
surrogate, 91, 23.0, 0.25
surrogate, 91, 23.0, 0.25
surrogate, 91, 23.0, 0.25
surrogate, 91, 23.0, 0.25
surrogate, 91, 21.0, 0.09375
surrogate, 91, 21.0, 0.09375
surrogate, 91, 21.0, 0.09375
surrogate, 91, 21.0, 0.09375
surrogate, 91, 21.0, 0.09375
surrogate, 91, 21.0, 0.09375
surrogate, 91, 21.0, 0.09375
surrogate, 91, 21.0, 0.09375
surrogate, 91, 21.0, 0.09375
surrogate, 91, 21.0, 0.09375
surrogate, 91, 21.0, 0.09375
surrogate, 91, 21.0, 0.09375
surrogate, 91, 21.0, 0.09375
surrogate, 91, 21.0, 0.09375
surrogate, 91, 21.0, 0.09375
surrogate, 91, 21.0, 0.09375
surrogate, 91, 21.0, 0.09375
surrogate, 91, 21.0, 0.09375
surrogate, 91, 21.0, 0.09375
surrogate, 91, 21.0, 0.09375
surrogate, 91, 21.0, 0.09375
surrogate, 91, 21.0, 0.09375
surrogate, 91, 21.0, 0.09375
surrogate, 91, 21.0, 0.09375
surrogate, 91, 21.0, 0.09375
surrogate, 91, 21.0, 0.09375
surrogate, 91, 21.0, 0.09375
surrogate, 91, 21.0, 0.09375
surrogate, 91, 21.0, 0.09375
surrogate, 91, 21.0, 0.09375
surrogate, 91, 21.0, 0.09375
surrogate, 91, 21.0, 0.09375
surrogate, 91, 21.0, 0.09375
surrogate, 91, 21.0, 0.09375
surrogate, 91, 21.0, 0.09375
surrogate, 91, 21.0, 0.09375
surrogate, 91, 21.0, 0.09375
surrogate, 92, 34.0, 0.9375
surrogate, 92, 34.0, 0.9375
surrogate, 92, 34.0, 0.9375
surrogate, 92, 34.0, 0.9375
surrogate, 92, 34.0, 0.9375
surrogate, 92, 34.0, 0.9375
surrogate, 92, 34.0, 0.9375
surrogate, 92, 34.0, 0.9375
surrogate, 92, 34.0, 0.9375
surrogate, 92, 34.0, 0.9375
surrogate, 92, 34.0, 0.9375
surrogate, 92, 34.0, 0.9375
surrogate, 92, 34.0, 0.9375
surrogate, 92, 34.0, 0.9375
surrogate, 92, 34.0, 0.9375
surrogate, 92, 33.0, 0.84375
surrogate, 92, 33.0, 0.84375
surrogate, 92, 33.0, 0.84375
surrogate, 92, 33.0, 0.84375
surrogate, 92, 32.0, 0.78125
surrogate, 92, 32.0, 0.78125
surrogate, 92, 31.0, 0.71875
surrogate, 92, 31.0, 0.71875
surrogate, 92, 31.0, 0.71875
surrogate, 92, 31.0, 0.71875
surrogate, 92, 31.0, 0.71875
surrogate, 92, 31.0, 0.71875
surrogate, 92, 29.0, 0.59375
surrogate, 92, 28.0, 0.5
surrogate, 92, 28.0, 0.5
surrogate, 92, 28.0, 0.5
surrogate, 92, 28.0, 0.5
surrogate, 92, 28.0, 0.5
surrogate, 92, 28.0, 0.5
surrogate, 92, 28.0, 0.5
surrogate, 92, 28.0, 0.5
surrogate, 92, 28.0, 0.5
surrogate, 92, 28.0, 0.5
surrogate, 92, 28.0, 0.5
surrogate, 92, 28.0, 0.5
surrogate, 92, 28.0, 0.5
surrogate, 92, 28.0, 0.5
surrogate, 92, 28.0, 0.5
surrogate, 92, 28.0, 0.5
surrogate, 92, 28.0, 0.5
surrogate, 92, 28.0, 0.5
surrogate, 92, 28.0, 0.5
surrogate, 92, 28.0, 0.5
surrogate, 92, 26.0, 0.375
surrogate, 92, 26.0, 0.375
surrogate, 92, 26.0, 0.375
surrogate, 92, 26.0, 0.375
surrogate, 92, 26.0, 0.375
surrogate, 92, 26.0, 0.375
surrogate, 92, 26.0, 0.375
surrogate, 92, 26.0, 0.375
surrogate, 92, 26.0, 0.375
surrogate, 92, 26.0, 0.375
surrogate, 92, 26.0, 0.375
surrogate, 92, 26.0, 0.375
surrogate, 92, 26.0, 0.375
surrogate, 92, 26.0, 0.375
surrogate, 92, 26.0, 0.375
surrogate, 92, 26.0, 0.375
surrogate, 92, 26.0, 0.375
surrogate, 92, 26.0, 0.375
surrogate, 92, 26.0, 0.375
surrogate, 92, 26.0, 0.375
surrogate, 92, 26.0, 0.375
surrogate, 92, 26.0, 0.375
surrogate, 92, 26.0, 0.375
surrogate, 92, 26.0, 0.375
surrogate, 92, 23.0, 0.25
surrogate, 92, 23.0, 0.25
surrogate, 92, 23.0, 0.25
surrogate, 92, 23.0, 0.25
surrogate, 92, 23.0, 0.25
surrogate, 92, 23.0, 0.25
surrogate, 92, 23.0, 0.25
surrogate, 92, 23.0, 0.25
surrogate, 92, 23.0, 0.25
surrogate, 92, 21.0, 0.09375
surrogate, 92, 21.0, 0.09375
surrogate, 92, 21.0, 0.09375
surrogate, 92, 21.0, 0.09375
surrogate, 92, 21.0, 0.09375
surrogate, 92, 21.0, 0.09375
surrogate, 92, 21.0, 0.09375
surrogate, 92, 21.0, 0.09375
surrogate, 92, 21.0, 0.09375
surrogate, 92, 21.0, 0.09375
surrogate, 92, 21.0, 0.09375
surrogate, 92, 21.0, 0.09375
surrogate, 92, 21.0, 0.09375
surrogate, 92, 21.0, 0.09375
surrogate, 92, 21.0, 0.09375
surrogate, 92, 21.0, 0.09375
surrogate, 92, 21.0, 0.09375
surrogate, 92, 21.0, 0.09375
surrogate, 92, 21.0, 0.09375
surrogate, 92, 21.0, 0.09375
surrogate, 92, 21.0, 0.09375
surrogate, 92, 21.0, 0.09375
surrogate, 92, 21.0, 0.09375
surrogate, 92, 21.0, 0.09375
surrogate, 92, 21.0, 0.09375
surrogate, 92, 21.0, 0.09375
surrogate, 92, 21.0, 0.09375
surrogate, 92, 21.0, 0.09375
surrogate, 92, 21.0, 0.09375
surrogate, 92, 21.0, 0.09375
surrogate, 92, 21.0, 0.09375
surrogate, 92, 21.0, 0.09375
surrogate, 92, 21.0, 0.09375
surrogate, 92, 21.0, 0.09375
surrogate, 92, 21.0, 0.09375
surrogate, 92, 21.0, 0.09375
surrogate, 92, 21.0, 0.09375
surrogate, 93, 34.0, 0.9375
surrogate, 93, 34.0, 0.9375
surrogate, 93, 34.0, 0.9375
surrogate, 93, 34.0, 0.9375
surrogate, 93, 34.0, 0.9375
surrogate, 93, 34.0, 0.9375
surrogate, 93, 34.0, 0.9375
surrogate, 93, 34.0, 0.9375
surrogate, 93, 34.0, 0.9375
surrogate, 93, 34.0, 0.9375
surrogate, 93, 34.0, 0.9375
surrogate, 93, 34.0, 0.9375
surrogate, 93, 34.0, 0.9375
surrogate, 93, 34.0, 0.9375
surrogate, 93, 34.0, 0.9375
surrogate, 93, 33.0, 0.84375
surrogate, 93, 33.0, 0.84375
surrogate, 93, 33.0, 0.84375
surrogate, 93, 33.0, 0.84375
surrogate, 93, 32.0, 0.78125
surrogate, 93, 32.0, 0.78125
surrogate, 93, 31.0, 0.71875
surrogate, 93, 31.0, 0.71875
surrogate, 93, 31.0, 0.71875
surrogate, 93, 31.0, 0.71875
surrogate, 93, 31.0, 0.71875
surrogate, 93, 31.0, 0.71875
surrogate, 93, 29.0, 0.59375
surrogate, 93, 28.0, 0.5
surrogate, 93, 28.0, 0.5
surrogate, 93, 28.0, 0.5
surrogate, 93, 28.0, 0.5
surrogate, 93, 28.0, 0.5
surrogate, 93, 28.0, 0.5
surrogate, 93, 28.0, 0.5
surrogate, 93, 28.0, 0.5
surrogate, 93, 28.0, 0.5
surrogate, 93, 28.0, 0.5
surrogate, 93, 28.0, 0.5
surrogate, 93, 28.0, 0.5
surrogate, 93, 28.0, 0.5
surrogate, 93, 28.0, 0.5
surrogate, 93, 28.0, 0.5
surrogate, 93, 28.0, 0.5
surrogate, 93, 28.0, 0.5
surrogate, 93, 28.0, 0.5
surrogate, 93, 28.0, 0.5
surrogate, 93, 28.0, 0.5
surrogate, 93, 26.0, 0.375
surrogate, 93, 26.0, 0.375
surrogate, 93, 26.0, 0.375
surrogate, 93, 26.0, 0.375
surrogate, 93, 26.0, 0.375
surrogate, 93, 26.0, 0.375
surrogate, 93, 26.0, 0.375
surrogate, 93, 26.0, 0.375
surrogate, 93, 26.0, 0.375
surrogate, 93, 26.0, 0.375
surrogate, 93, 26.0, 0.375
surrogate, 93, 26.0, 0.375
surrogate, 93, 26.0, 0.375
surrogate, 93, 26.0, 0.375
surrogate, 93, 26.0, 0.375
surrogate, 93, 26.0, 0.375
surrogate, 93, 26.0, 0.375
surrogate, 93, 26.0, 0.375
surrogate, 93, 26.0, 0.375
surrogate, 93, 26.0, 0.375
surrogate, 93, 26.0, 0.375
surrogate, 93, 26.0, 0.375
surrogate, 93, 26.0, 0.375
surrogate, 93, 26.0, 0.375
surrogate, 93, 23.0, 0.25
surrogate, 93, 23.0, 0.25
surrogate, 93, 23.0, 0.25
surrogate, 93, 23.0, 0.25
surrogate, 93, 23.0, 0.25
surrogate, 93, 23.0, 0.25
surrogate, 93, 23.0, 0.25
surrogate, 93, 23.0, 0.25
surrogate, 93, 23.0, 0.25
surrogate, 93, 21.0, 0.09375
surrogate, 93, 21.0, 0.09375
surrogate, 93, 21.0, 0.09375
surrogate, 93, 21.0, 0.09375
surrogate, 93, 21.0, 0.09375
surrogate, 93, 21.0, 0.09375
surrogate, 93, 21.0, 0.09375
surrogate, 93, 21.0, 0.09375
surrogate, 93, 21.0, 0.09375
surrogate, 93, 21.0, 0.09375
surrogate, 93, 21.0, 0.09375
surrogate, 93, 21.0, 0.09375
surrogate, 93, 21.0, 0.09375
surrogate, 93, 21.0, 0.09375
surrogate, 93, 21.0, 0.09375
surrogate, 93, 21.0, 0.09375
surrogate, 93, 21.0, 0.09375
surrogate, 93, 21.0, 0.09375
surrogate, 93, 21.0, 0.09375
surrogate, 93, 21.0, 0.09375
surrogate, 93, 21.0, 0.09375
surrogate, 93, 21.0, 0.09375
surrogate, 93, 21.0, 0.09375
surrogate, 93, 21.0, 0.09375
surrogate, 93, 21.0, 0.09375
surrogate, 93, 21.0, 0.09375
surrogate, 93, 21.0, 0.09375
surrogate, 93, 21.0, 0.09375
surrogate, 93, 21.0, 0.09375
surrogate, 93, 21.0, 0.09375
surrogate, 93, 21.0, 0.09375
surrogate, 93, 21.0, 0.09375
surrogate, 93, 21.0, 0.09375
surrogate, 93, 21.0, 0.09375
surrogate, 93, 21.0, 0.09375
surrogate, 93, 21.0, 0.09375
surrogate, 93, 21.0, 0.09375
surrogate, 94, 34.0, 0.9375
surrogate, 94, 34.0, 0.9375
surrogate, 94, 34.0, 0.9375
surrogate, 94, 34.0, 0.9375
surrogate, 94, 34.0, 0.9375
surrogate, 94, 34.0, 0.9375
surrogate, 94, 34.0, 0.9375
surrogate, 94, 34.0, 0.9375
surrogate, 94, 34.0, 0.9375
surrogate, 94, 34.0, 0.9375
surrogate, 94, 34.0, 0.9375
surrogate, 94, 34.0, 0.9375
surrogate, 94, 34.0, 0.9375
surrogate, 94, 34.0, 0.9375
surrogate, 94, 34.0, 0.9375
surrogate, 94, 33.0, 0.84375
surrogate, 94, 33.0, 0.84375
surrogate, 94, 33.0, 0.84375
surrogate, 94, 33.0, 0.84375
surrogate, 94, 32.0, 0.78125
surrogate, 94, 32.0, 0.78125
surrogate, 94, 31.0, 0.71875
surrogate, 94, 31.0, 0.71875
surrogate, 94, 31.0, 0.71875
surrogate, 94, 31.0, 0.71875
surrogate, 94, 31.0, 0.71875
surrogate, 94, 31.0, 0.71875
surrogate, 94, 29.0, 0.59375
surrogate, 94, 28.0, 0.5
surrogate, 94, 28.0, 0.5
surrogate, 94, 28.0, 0.5
surrogate, 94, 28.0, 0.5
surrogate, 94, 28.0, 0.5
surrogate, 94, 28.0, 0.5
surrogate, 94, 28.0, 0.5
surrogate, 94, 28.0, 0.5
surrogate, 94, 28.0, 0.5
surrogate, 94, 28.0, 0.5
surrogate, 94, 28.0, 0.5
surrogate, 94, 28.0, 0.5
surrogate, 94, 28.0, 0.5
surrogate, 94, 28.0, 0.5
surrogate, 94, 28.0, 0.5
surrogate, 94, 28.0, 0.5
surrogate, 94, 28.0, 0.5
surrogate, 94, 28.0, 0.5
surrogate, 94, 28.0, 0.5
surrogate, 94, 28.0, 0.5
surrogate, 94, 26.0, 0.375
surrogate, 94, 26.0, 0.375
surrogate, 94, 26.0, 0.375
surrogate, 94, 26.0, 0.375
surrogate, 94, 26.0, 0.375
surrogate, 94, 26.0, 0.375
surrogate, 94, 26.0, 0.375
surrogate, 94, 26.0, 0.375
surrogate, 94, 26.0, 0.375
surrogate, 94, 26.0, 0.375
surrogate, 94, 26.0, 0.375
surrogate, 94, 26.0, 0.375
surrogate, 94, 26.0, 0.375
surrogate, 94, 26.0, 0.375
surrogate, 94, 26.0, 0.375
surrogate, 94, 26.0, 0.375
surrogate, 94, 26.0, 0.375
surrogate, 94, 26.0, 0.375
surrogate, 94, 26.0, 0.375
surrogate, 94, 26.0, 0.375
surrogate, 94, 26.0, 0.375
surrogate, 94, 26.0, 0.375
surrogate, 94, 26.0, 0.375
surrogate, 94, 26.0, 0.375
surrogate, 94, 23.0, 0.25
surrogate, 94, 23.0, 0.25
surrogate, 94, 23.0, 0.25
surrogate, 94, 23.0, 0.25
surrogate, 94, 23.0, 0.25
surrogate, 94, 23.0, 0.25
surrogate, 94, 23.0, 0.25
surrogate, 94, 23.0, 0.25
surrogate, 94, 23.0, 0.25
surrogate, 94, 21.0, 0.09375
surrogate, 94, 21.0, 0.09375
surrogate, 94, 21.0, 0.09375
surrogate, 94, 21.0, 0.09375
surrogate, 94, 21.0, 0.09375
surrogate, 94, 21.0, 0.09375
surrogate, 94, 21.0, 0.09375
surrogate, 94, 21.0, 0.09375
surrogate, 94, 21.0, 0.09375
surrogate, 94, 21.0, 0.09375
surrogate, 94, 21.0, 0.09375
surrogate, 94, 21.0, 0.09375
surrogate, 94, 21.0, 0.09375
surrogate, 94, 21.0, 0.09375
surrogate, 94, 21.0, 0.09375
surrogate, 94, 21.0, 0.09375
surrogate, 94, 21.0, 0.09375
surrogate, 94, 21.0, 0.09375
surrogate, 94, 21.0, 0.09375
surrogate, 94, 21.0, 0.09375
surrogate, 94, 21.0, 0.09375
surrogate, 94, 21.0, 0.09375
surrogate, 94, 21.0, 0.09375
surrogate, 94, 21.0, 0.09375
surrogate, 94, 21.0, 0.09375
surrogate, 94, 21.0, 0.09375
surrogate, 94, 21.0, 0.09375
surrogate, 94, 21.0, 0.09375
surrogate, 94, 21.0, 0.09375
surrogate, 94, 21.0, 0.09375
surrogate, 94, 21.0, 0.09375
surrogate, 94, 21.0, 0.09375
surrogate, 94, 21.0, 0.09375
surrogate, 94, 21.0, 0.09375
surrogate, 94, 21.0, 0.09375
surrogate, 94, 21.0, 0.09375
surrogate, 94, 21.0, 0.09375
surrogate, 95, 34.0, 0.9375
surrogate, 95, 34.0, 0.9375
surrogate, 95, 34.0, 0.9375
surrogate, 95, 34.0, 0.9375
surrogate, 95, 34.0, 0.9375
surrogate, 95, 34.0, 0.9375
surrogate, 95, 34.0, 0.9375
surrogate, 95, 34.0, 0.9375
surrogate, 95, 34.0, 0.9375
surrogate, 95, 34.0, 0.9375
surrogate, 95, 34.0, 0.9375
surrogate, 95, 34.0, 0.9375
surrogate, 95, 34.0, 0.9375
surrogate, 95, 34.0, 0.9375
surrogate, 95, 34.0, 0.9375
surrogate, 95, 33.0, 0.84375
surrogate, 95, 33.0, 0.84375
surrogate, 95, 33.0, 0.84375
surrogate, 95, 33.0, 0.84375
surrogate, 95, 32.0, 0.78125
surrogate, 95, 32.0, 0.78125
surrogate, 95, 31.0, 0.71875
surrogate, 95, 31.0, 0.71875
surrogate, 95, 31.0, 0.71875
surrogate, 95, 31.0, 0.71875
surrogate, 95, 31.0, 0.71875
surrogate, 95, 31.0, 0.71875
surrogate, 95, 29.0, 0.59375
surrogate, 95, 28.0, 0.5
surrogate, 95, 28.0, 0.5
surrogate, 95, 28.0, 0.5
surrogate, 95, 28.0, 0.5
surrogate, 95, 28.0, 0.5
surrogate, 95, 28.0, 0.5
surrogate, 95, 28.0, 0.5
surrogate, 95, 28.0, 0.5
surrogate, 95, 28.0, 0.5
surrogate, 95, 28.0, 0.5
surrogate, 95, 28.0, 0.5
surrogate, 95, 28.0, 0.5
surrogate, 95, 28.0, 0.5
surrogate, 95, 28.0, 0.5
surrogate, 95, 28.0, 0.5
surrogate, 95, 28.0, 0.5
surrogate, 95, 28.0, 0.5
surrogate, 95, 28.0, 0.5
surrogate, 95, 28.0, 0.5
surrogate, 95, 28.0, 0.5
surrogate, 95, 28.0, 0.5
surrogate, 95, 26.0, 0.375
surrogate, 95, 26.0, 0.375
surrogate, 95, 26.0, 0.375
surrogate, 95, 26.0, 0.375
surrogate, 95, 26.0, 0.375
surrogate, 95, 26.0, 0.375
surrogate, 95, 26.0, 0.375
surrogate, 95, 26.0, 0.375
surrogate, 95, 26.0, 0.375
surrogate, 95, 26.0, 0.375
surrogate, 95, 26.0, 0.375
surrogate, 95, 26.0, 0.375
surrogate, 95, 26.0, 0.375
surrogate, 95, 26.0, 0.375
surrogate, 95, 26.0, 0.375
surrogate, 95, 26.0, 0.375
surrogate, 95, 26.0, 0.375
surrogate, 95, 26.0, 0.375
surrogate, 95, 26.0, 0.375
surrogate, 95, 26.0, 0.375
surrogate, 95, 26.0, 0.375
surrogate, 95, 26.0, 0.375
surrogate, 95, 26.0, 0.375
surrogate, 95, 26.0, 0.375
surrogate, 95, 23.0, 0.25
surrogate, 95, 23.0, 0.25
surrogate, 95, 23.0, 0.25
surrogate, 95, 23.0, 0.25
surrogate, 95, 23.0, 0.25
surrogate, 95, 23.0, 0.25
surrogate, 95, 23.0, 0.25
surrogate, 95, 23.0, 0.25
surrogate, 95, 23.0, 0.25
surrogate, 95, 21.0, 0.09375
surrogate, 95, 21.0, 0.09375
surrogate, 95, 21.0, 0.09375
surrogate, 95, 21.0, 0.09375
surrogate, 95, 21.0, 0.09375
surrogate, 95, 21.0, 0.09375
surrogate, 95, 21.0, 0.09375
surrogate, 95, 21.0, 0.09375
surrogate, 95, 21.0, 0.09375
surrogate, 95, 21.0, 0.09375
surrogate, 95, 21.0, 0.09375
surrogate, 95, 21.0, 0.09375
surrogate, 95, 21.0, 0.09375
surrogate, 95, 21.0, 0.09375
surrogate, 95, 21.0, 0.09375
surrogate, 95, 21.0, 0.09375
surrogate, 95, 21.0, 0.09375
surrogate, 95, 21.0, 0.09375
surrogate, 95, 21.0, 0.09375
surrogate, 95, 21.0, 0.09375
surrogate, 95, 21.0, 0.09375
surrogate, 95, 21.0, 0.09375
surrogate, 95, 21.0, 0.09375
surrogate, 95, 21.0, 0.09375
surrogate, 95, 21.0, 0.09375
surrogate, 95, 21.0, 0.09375
surrogate, 95, 21.0, 0.09375
surrogate, 95, 21.0, 0.09375
surrogate, 95, 21.0, 0.09375
surrogate, 95, 21.0, 0.09375
surrogate, 95, 21.0, 0.09375
surrogate, 95, 21.0, 0.09375
surrogate, 95, 21.0, 0.09375
surrogate, 95, 21.0, 0.09375
surrogate, 95, 21.0, 0.09375
surrogate, 95, 21.0, 0.09375
surrogate, 95, 21.0, 0.09375
surrogate, 96, 34.0, 0.9375
surrogate, 96, 34.0, 0.9375
surrogate, 96, 34.0, 0.9375
surrogate, 96, 34.0, 0.9375
surrogate, 96, 34.0, 0.9375
surrogate, 96, 34.0, 0.9375
surrogate, 96, 34.0, 0.9375
surrogate, 96, 34.0, 0.9375
surrogate, 96, 34.0, 0.9375
surrogate, 96, 34.0, 0.9375
surrogate, 96, 34.0, 0.9375
surrogate, 96, 34.0, 0.9375
surrogate, 96, 34.0, 0.9375
surrogate, 96, 34.0, 0.9375
surrogate, 96, 34.0, 0.9375
surrogate, 96, 33.0, 0.84375
surrogate, 96, 33.0, 0.84375
surrogate, 96, 33.0, 0.84375
surrogate, 96, 33.0, 0.84375
surrogate, 96, 32.0, 0.78125
surrogate, 96, 32.0, 0.78125
surrogate, 96, 31.0, 0.71875
surrogate, 96, 31.0, 0.71875
surrogate, 96, 31.0, 0.71875
surrogate, 96, 31.0, 0.71875
surrogate, 96, 31.0, 0.71875
surrogate, 96, 31.0, 0.71875
surrogate, 96, 29.0, 0.59375
surrogate, 96, 28.0, 0.5
surrogate, 96, 28.0, 0.5
surrogate, 96, 28.0, 0.5
surrogate, 96, 28.0, 0.5
surrogate, 96, 28.0, 0.5
surrogate, 96, 28.0, 0.5
surrogate, 96, 28.0, 0.5
surrogate, 96, 28.0, 0.5
surrogate, 96, 28.0, 0.5
surrogate, 96, 28.0, 0.5
surrogate, 96, 28.0, 0.5
surrogate, 96, 28.0, 0.5
surrogate, 96, 28.0, 0.5
surrogate, 96, 28.0, 0.5
surrogate, 96, 28.0, 0.5
surrogate, 96, 28.0, 0.5
surrogate, 96, 28.0, 0.5
surrogate, 96, 28.0, 0.5
surrogate, 96, 28.0, 0.5
surrogate, 96, 28.0, 0.5
surrogate, 96, 28.0, 0.5
surrogate, 96, 28.0, 0.5
surrogate, 96, 26.0, 0.375
surrogate, 96, 26.0, 0.375
surrogate, 96, 26.0, 0.375
surrogate, 96, 26.0, 0.375
surrogate, 96, 26.0, 0.375
surrogate, 96, 26.0, 0.375
surrogate, 96, 26.0, 0.375
surrogate, 96, 26.0, 0.375
surrogate, 96, 26.0, 0.375
surrogate, 96, 26.0, 0.375
surrogate, 96, 26.0, 0.375
surrogate, 96, 26.0, 0.375
surrogate, 96, 26.0, 0.375
surrogate, 96, 26.0, 0.375
surrogate, 96, 26.0, 0.375
surrogate, 96, 26.0, 0.375
surrogate, 96, 26.0, 0.375
surrogate, 96, 26.0, 0.375
surrogate, 96, 26.0, 0.375
surrogate, 96, 26.0, 0.375
surrogate, 96, 26.0, 0.375
surrogate, 96, 26.0, 0.375
surrogate, 96, 26.0, 0.375
surrogate, 96, 26.0, 0.375
surrogate, 96, 23.0, 0.25
surrogate, 96, 23.0, 0.25
surrogate, 96, 23.0, 0.25
surrogate, 96, 23.0, 0.25
surrogate, 96, 23.0, 0.25
surrogate, 96, 23.0, 0.25
surrogate, 96, 23.0, 0.25
surrogate, 96, 23.0, 0.25
surrogate, 96, 23.0, 0.25
surrogate, 96, 21.0, 0.09375
surrogate, 96, 21.0, 0.09375
surrogate, 96, 21.0, 0.09375
surrogate, 96, 21.0, 0.09375
surrogate, 96, 21.0, 0.09375
surrogate, 96, 21.0, 0.09375
surrogate, 96, 21.0, 0.09375
surrogate, 96, 21.0, 0.09375
surrogate, 96, 21.0, 0.09375
surrogate, 96, 21.0, 0.09375
surrogate, 96, 21.0, 0.09375
surrogate, 96, 21.0, 0.09375
surrogate, 96, 21.0, 0.09375
surrogate, 96, 21.0, 0.09375
surrogate, 96, 21.0, 0.09375
surrogate, 96, 21.0, 0.09375
surrogate, 96, 21.0, 0.09375
surrogate, 96, 21.0, 0.09375
surrogate, 96, 21.0, 0.09375
surrogate, 96, 21.0, 0.09375
surrogate, 96, 21.0, 0.09375
surrogate, 96, 21.0, 0.09375
surrogate, 96, 21.0, 0.09375
surrogate, 96, 21.0, 0.09375
surrogate, 96, 21.0, 0.09375
surrogate, 96, 21.0, 0.09375
surrogate, 96, 21.0, 0.09375
surrogate, 96, 21.0, 0.09375
surrogate, 96, 21.0, 0.09375
surrogate, 96, 21.0, 0.09375
surrogate, 96, 21.0, 0.09375
surrogate, 96, 21.0, 0.09375
surrogate, 96, 21.0, 0.09375
surrogate, 96, 21.0, 0.09375
surrogate, 96, 21.0, 0.09375
surrogate, 96, 21.0, 0.09375
surrogate, 96, 21.0, 0.09375
surrogate, 97, 34.0, 0.9375
surrogate, 97, 34.0, 0.9375
surrogate, 97, 34.0, 0.9375
surrogate, 97, 34.0, 0.9375
surrogate, 97, 34.0, 0.9375
surrogate, 97, 34.0, 0.9375
surrogate, 97, 34.0, 0.9375
surrogate, 97, 34.0, 0.9375
surrogate, 97, 34.0, 0.9375
surrogate, 97, 34.0, 0.9375
surrogate, 97, 34.0, 0.9375
surrogate, 97, 34.0, 0.9375
surrogate, 97, 34.0, 0.9375
surrogate, 97, 34.0, 0.9375
surrogate, 97, 34.0, 0.9375
surrogate, 97, 33.0, 0.84375
surrogate, 97, 33.0, 0.84375
surrogate, 97, 33.0, 0.84375
surrogate, 97, 33.0, 0.84375
surrogate, 97, 32.0, 0.78125
surrogate, 97, 32.0, 0.78125
surrogate, 97, 31.0, 0.71875
surrogate, 97, 31.0, 0.71875
surrogate, 97, 31.0, 0.71875
surrogate, 97, 31.0, 0.71875
surrogate, 97, 31.0, 0.71875
surrogate, 97, 31.0, 0.71875
surrogate, 97, 29.0, 0.59375
surrogate, 97, 29.0, 0.59375
surrogate, 97, 28.0, 0.5
surrogate, 97, 28.0, 0.5
surrogate, 97, 28.0, 0.5
surrogate, 97, 28.0, 0.5
surrogate, 97, 28.0, 0.5
surrogate, 97, 28.0, 0.5
surrogate, 97, 28.0, 0.5
surrogate, 97, 28.0, 0.5
surrogate, 97, 28.0, 0.5
surrogate, 97, 28.0, 0.5
surrogate, 97, 28.0, 0.5
surrogate, 97, 28.0, 0.5
surrogate, 97, 28.0, 0.5
surrogate, 97, 28.0, 0.5
surrogate, 97, 28.0, 0.5
surrogate, 97, 28.0, 0.5
surrogate, 97, 28.0, 0.5
surrogate, 97, 28.0, 0.5
surrogate, 97, 28.0, 0.5
surrogate, 97, 28.0, 0.5
surrogate, 97, 28.0, 0.5
surrogate, 97, 28.0, 0.5
surrogate, 97, 28.0, 0.5
surrogate, 97, 26.0, 0.375
surrogate, 97, 26.0, 0.375
surrogate, 97, 26.0, 0.375
surrogate, 97, 26.0, 0.375
surrogate, 97, 26.0, 0.375
surrogate, 97, 26.0, 0.375
surrogate, 97, 26.0, 0.375
surrogate, 97, 26.0, 0.375
surrogate, 97, 26.0, 0.375
surrogate, 97, 26.0, 0.375
surrogate, 97, 26.0, 0.375
surrogate, 97, 26.0, 0.375
surrogate, 97, 26.0, 0.375
surrogate, 97, 26.0, 0.375
surrogate, 97, 26.0, 0.375
surrogate, 97, 26.0, 0.375
surrogate, 97, 26.0, 0.375
surrogate, 97, 26.0, 0.375
surrogate, 97, 26.0, 0.375
surrogate, 97, 26.0, 0.375
surrogate, 97, 26.0, 0.375
surrogate, 97, 26.0, 0.375
surrogate, 97, 26.0, 0.375
surrogate, 97, 26.0, 0.375
surrogate, 97, 26.0, 0.375
surrogate, 97, 23.0, 0.25
surrogate, 97, 23.0, 0.25
surrogate, 97, 23.0, 0.25
surrogate, 97, 23.0, 0.25
surrogate, 97, 23.0, 0.25
surrogate, 97, 23.0, 0.25
surrogate, 97, 23.0, 0.25
surrogate, 97, 23.0, 0.25
surrogate, 97, 23.0, 0.25
surrogate, 97, 21.0, 0.09375
surrogate, 97, 21.0, 0.09375
surrogate, 97, 21.0, 0.09375
surrogate, 97, 21.0, 0.09375
surrogate, 97, 21.0, 0.09375
surrogate, 97, 21.0, 0.09375
surrogate, 97, 21.0, 0.09375
surrogate, 97, 21.0, 0.09375
surrogate, 97, 21.0, 0.09375
surrogate, 97, 21.0, 0.09375
surrogate, 97, 21.0, 0.09375
surrogate, 97, 21.0, 0.09375
surrogate, 97, 21.0, 0.09375
surrogate, 97, 21.0, 0.09375
surrogate, 97, 21.0, 0.09375
surrogate, 97, 21.0, 0.09375
surrogate, 97, 21.0, 0.09375
surrogate, 97, 21.0, 0.09375
surrogate, 97, 21.0, 0.09375
surrogate, 97, 21.0, 0.09375
surrogate, 97, 21.0, 0.09375
surrogate, 97, 21.0, 0.09375
surrogate, 97, 21.0, 0.09375
surrogate, 97, 21.0, 0.09375
surrogate, 97, 21.0, 0.09375
surrogate, 97, 21.0, 0.09375
surrogate, 97, 21.0, 0.09375
surrogate, 97, 21.0, 0.09375
surrogate, 97, 21.0, 0.09375
surrogate, 97, 21.0, 0.09375
surrogate, 97, 21.0, 0.09375
surrogate, 97, 21.0, 0.09375
surrogate, 97, 21.0, 0.09375
surrogate, 97, 21.0, 0.09375
surrogate, 97, 21.0, 0.09375
surrogate, 97, 21.0, 0.09375
surrogate, 97, 21.0, 0.09375
surrogate, 97, 21.0, 0.09375
surrogate, 98, 34.0, 0.9375
surrogate, 98, 34.0, 0.9375
surrogate, 98, 34.0, 0.9375
surrogate, 98, 34.0, 0.9375
surrogate, 98, 34.0, 0.9375
surrogate, 98, 34.0, 0.9375
surrogate, 98, 34.0, 0.9375
surrogate, 98, 34.0, 0.9375
surrogate, 98, 34.0, 0.9375
surrogate, 98, 34.0, 0.9375
surrogate, 98, 34.0, 0.9375
surrogate, 98, 34.0, 0.9375
surrogate, 98, 34.0, 0.9375
surrogate, 98, 34.0, 0.9375
surrogate, 98, 34.0, 0.9375
surrogate, 98, 33.0, 0.84375
surrogate, 98, 33.0, 0.84375
surrogate, 98, 33.0, 0.84375
surrogate, 98, 33.0, 0.84375
surrogate, 98, 33.0, 0.84375
surrogate, 98, 32.0, 0.78125
surrogate, 98, 32.0, 0.78125
surrogate, 98, 31.0, 0.71875
surrogate, 98, 31.0, 0.71875
surrogate, 98, 31.0, 0.71875
surrogate, 98, 31.0, 0.71875
surrogate, 98, 31.0, 0.71875
surrogate, 98, 31.0, 0.71875
surrogate, 98, 31.0, 0.71875
surrogate, 98, 29.0, 0.59375
surrogate, 98, 29.0, 0.59375
surrogate, 98, 28.0, 0.5
surrogate, 98, 28.0, 0.5
surrogate, 98, 28.0, 0.5
surrogate, 98, 28.0, 0.5
surrogate, 98, 28.0, 0.5
surrogate, 98, 28.0, 0.5
surrogate, 98, 28.0, 0.5
surrogate, 98, 28.0, 0.5
surrogate, 98, 28.0, 0.5
surrogate, 98, 28.0, 0.5
surrogate, 98, 28.0, 0.5
surrogate, 98, 28.0, 0.5
surrogate, 98, 28.0, 0.5
surrogate, 98, 28.0, 0.5
surrogate, 98, 28.0, 0.5
surrogate, 98, 28.0, 0.5
surrogate, 98, 28.0, 0.5
surrogate, 98, 28.0, 0.5
surrogate, 98, 28.0, 0.5
surrogate, 98, 28.0, 0.5
surrogate, 98, 28.0, 0.5
surrogate, 98, 28.0, 0.5
surrogate, 98, 28.0, 0.5
surrogate, 98, 26.0, 0.375
surrogate, 98, 26.0, 0.375
surrogate, 98, 26.0, 0.375
surrogate, 98, 26.0, 0.375
surrogate, 98, 26.0, 0.375
surrogate, 98, 26.0, 0.375
surrogate, 98, 26.0, 0.375
surrogate, 98, 26.0, 0.375
surrogate, 98, 26.0, 0.375
surrogate, 98, 26.0, 0.375
surrogate, 98, 26.0, 0.375
surrogate, 98, 26.0, 0.375
surrogate, 98, 26.0, 0.375
surrogate, 98, 26.0, 0.375
surrogate, 98, 26.0, 0.375
surrogate, 98, 26.0, 0.375
surrogate, 98, 26.0, 0.375
surrogate, 98, 26.0, 0.375
surrogate, 98, 26.0, 0.375
surrogate, 98, 26.0, 0.375
surrogate, 98, 26.0, 0.375
surrogate, 98, 26.0, 0.375
surrogate, 98, 26.0, 0.375
surrogate, 98, 26.0, 0.375
surrogate, 98, 26.0, 0.375
surrogate, 98, 26.0, 0.375
surrogate, 98, 23.0, 0.25
surrogate, 98, 23.0, 0.25
surrogate, 98, 23.0, 0.25
surrogate, 98, 23.0, 0.25
surrogate, 98, 23.0, 0.25
surrogate, 98, 23.0, 0.25
surrogate, 98, 23.0, 0.25
surrogate, 98, 23.0, 0.25
surrogate, 98, 23.0, 0.25
surrogate, 98, 23.0, 0.25
surrogate, 98, 21.0, 0.09375
surrogate, 98, 21.0, 0.09375
surrogate, 98, 21.0, 0.09375
surrogate, 98, 21.0, 0.09375
surrogate, 98, 21.0, 0.09375
surrogate, 98, 21.0, 0.09375
surrogate, 98, 21.0, 0.09375
surrogate, 98, 21.0, 0.09375
surrogate, 98, 21.0, 0.09375
surrogate, 98, 21.0, 0.09375
surrogate, 98, 21.0, 0.09375
surrogate, 98, 21.0, 0.09375
surrogate, 98, 21.0, 0.09375
surrogate, 98, 21.0, 0.09375
surrogate, 98, 21.0, 0.09375
surrogate, 98, 21.0, 0.09375
surrogate, 98, 21.0, 0.09375
surrogate, 98, 21.0, 0.09375
surrogate, 98, 21.0, 0.09375
surrogate, 98, 21.0, 0.09375
surrogate, 98, 21.0, 0.09375
surrogate, 98, 21.0, 0.09375
surrogate, 98, 21.0, 0.09375
surrogate, 98, 21.0, 0.09375
surrogate, 98, 21.0, 0.09375
surrogate, 98, 21.0, 0.09375
surrogate, 98, 21.0, 0.09375
surrogate, 98, 21.0, 0.09375
surrogate, 98, 21.0, 0.09375
surrogate, 98, 21.0, 0.09375
surrogate, 98, 21.0, 0.09375
surrogate, 98, 21.0, 0.09375
surrogate, 98, 21.0, 0.09375
surrogate, 98, 21.0, 0.09375
surrogate, 98, 21.0, 0.09375
surrogate, 98, 21.0, 0.09375
surrogate, 98, 21.0, 0.09375
surrogate, 98, 21.0, 0.09375
surrogate, 99, 34.0, 0.9375
surrogate, 99, 34.0, 0.9375
surrogate, 99, 34.0, 0.9375
surrogate, 99, 34.0, 0.9375
surrogate, 99, 34.0, 0.9375
surrogate, 99, 34.0, 0.9375
surrogate, 99, 34.0, 0.9375
surrogate, 99, 34.0, 0.9375
surrogate, 99, 34.0, 0.9375
surrogate, 99, 34.0, 0.9375
surrogate, 99, 34.0, 0.9375
surrogate, 99, 34.0, 0.9375
surrogate, 99, 34.0, 0.9375
surrogate, 99, 34.0, 0.9375
surrogate, 99, 34.0, 0.9375
surrogate, 99, 33.0, 0.84375
surrogate, 99, 33.0, 0.84375
surrogate, 99, 33.0, 0.84375
surrogate, 99, 33.0, 0.84375
surrogate, 99, 33.0, 0.84375
surrogate, 99, 33.0, 0.84375
surrogate, 99, 32.0, 0.78125
surrogate, 99, 32.0, 0.78125
surrogate, 99, 31.0, 0.71875
surrogate, 99, 31.0, 0.71875
surrogate, 99, 31.0, 0.71875
surrogate, 99, 31.0, 0.71875
surrogate, 99, 31.0, 0.71875
surrogate, 99, 31.0, 0.71875
surrogate, 99, 31.0, 0.71875
surrogate, 99, 29.0, 0.59375
surrogate, 99, 29.0, 0.59375
surrogate, 99, 29.0, 0.59375
surrogate, 99, 28.0, 0.5
surrogate, 99, 28.0, 0.5
surrogate, 99, 28.0, 0.5
surrogate, 99, 28.0, 0.5
surrogate, 99, 28.0, 0.5
surrogate, 99, 28.0, 0.5
surrogate, 99, 28.0, 0.5
surrogate, 99, 28.0, 0.5
surrogate, 99, 28.0, 0.5
surrogate, 99, 28.0, 0.5
surrogate, 99, 28.0, 0.5
surrogate, 99, 28.0, 0.5
surrogate, 99, 28.0, 0.5
surrogate, 99, 28.0, 0.5
surrogate, 99, 28.0, 0.5
surrogate, 99, 28.0, 0.5
surrogate, 99, 28.0, 0.5
surrogate, 99, 28.0, 0.5
surrogate, 99, 28.0, 0.5
surrogate, 99, 28.0, 0.5
surrogate, 99, 28.0, 0.5
surrogate, 99, 28.0, 0.5
surrogate, 99, 28.0, 0.5
surrogate, 99, 28.0, 0.5
surrogate, 99, 26.0, 0.375
surrogate, 99, 26.0, 0.375
surrogate, 99, 26.0, 0.375
surrogate, 99, 26.0, 0.375
surrogate, 99, 26.0, 0.375
surrogate, 99, 26.0, 0.375
surrogate, 99, 26.0, 0.375
surrogate, 99, 26.0, 0.375
surrogate, 99, 26.0, 0.375
surrogate, 99, 26.0, 0.375
surrogate, 99, 26.0, 0.375
surrogate, 99, 26.0, 0.375
surrogate, 99, 26.0, 0.375
surrogate, 99, 26.0, 0.375
surrogate, 99, 26.0, 0.375
surrogate, 99, 26.0, 0.375
surrogate, 99, 26.0, 0.375
surrogate, 99, 26.0, 0.375
surrogate, 99, 26.0, 0.375
surrogate, 99, 26.0, 0.375
surrogate, 99, 26.0, 0.375
surrogate, 99, 26.0, 0.375
surrogate, 99, 26.0, 0.375
surrogate, 99, 26.0, 0.375
surrogate, 99, 26.0, 0.375
surrogate, 99, 26.0, 0.375
surrogate, 99, 26.0, 0.375
surrogate, 99, 23.0, 0.25
surrogate, 99, 23.0, 0.25
surrogate, 99, 23.0, 0.25
surrogate, 99, 23.0, 0.25
surrogate, 99, 23.0, 0.25
surrogate, 99, 23.0, 0.25
surrogate, 99, 23.0, 0.25
surrogate, 99, 23.0, 0.25
surrogate, 99, 23.0, 0.25
surrogate, 99, 23.0, 0.25
surrogate, 99, 21.0, 0.09375
surrogate, 99, 21.0, 0.09375
surrogate, 99, 21.0, 0.09375
surrogate, 99, 21.0, 0.09375
surrogate, 99, 21.0, 0.09375
surrogate, 99, 21.0, 0.09375
surrogate, 99, 21.0, 0.09375
surrogate, 99, 21.0, 0.09375
surrogate, 99, 21.0, 0.09375
surrogate, 99, 21.0, 0.09375
surrogate, 99, 21.0, 0.09375
surrogate, 99, 21.0, 0.09375
surrogate, 99, 21.0, 0.09375
surrogate, 99, 21.0, 0.09375
surrogate, 99, 21.0, 0.09375
surrogate, 99, 21.0, 0.09375
surrogate, 99, 21.0, 0.09375
surrogate, 99, 21.0, 0.09375
surrogate, 99, 21.0, 0.09375
surrogate, 99, 21.0, 0.09375
surrogate, 99, 21.0, 0.09375
surrogate, 99, 21.0, 0.09375
surrogate, 99, 21.0, 0.09375
surrogate, 99, 21.0, 0.09375
surrogate, 99, 21.0, 0.09375
surrogate, 99, 21.0, 0.09375
surrogate, 99, 21.0, 0.09375
surrogate, 99, 21.0, 0.09375
surrogate, 99, 21.0, 0.09375
surrogate, 99, 21.0, 0.09375
surrogate, 99, 21.0, 0.09375
surrogate, 99, 21.0, 0.09375
surrogate, 99, 21.0, 0.09375
surrogate, 99, 21.0, 0.09375
surrogate, 99, 21.0, 0.09375
surrogate, 99, 21.0, 0.09375
surrogate, 99, 21.0, 0.09375
surrogate, 99, 21.0, 0.09375
surrogate, 99, 21.0, 0.09375
surrogate, 100, 34.0, 0.9375
surrogate, 100, 34.0, 0.9375
surrogate, 100, 34.0, 0.9375
surrogate, 100, 34.0, 0.9375
surrogate, 100, 34.0, 0.9375
surrogate, 100, 34.0, 0.9375
surrogate, 100, 34.0, 0.9375
surrogate, 100, 34.0, 0.9375
surrogate, 100, 34.0, 0.9375
surrogate, 100, 34.0, 0.9375
surrogate, 100, 34.0, 0.9375
surrogate, 100, 34.0, 0.9375
surrogate, 100, 34.0, 0.9375
surrogate, 100, 34.0, 0.9375
surrogate, 100, 34.0, 0.9375
surrogate, 100, 33.0, 0.84375
surrogate, 100, 33.0, 0.84375
surrogate, 100, 33.0, 0.84375
surrogate, 100, 33.0, 0.84375
surrogate, 100, 33.0, 0.84375
surrogate, 100, 33.0, 0.84375
surrogate, 100, 32.0, 0.78125
surrogate, 100, 32.0, 0.78125
surrogate, 100, 32.0, 0.78125
surrogate, 100, 31.0, 0.71875
surrogate, 100, 31.0, 0.71875
surrogate, 100, 31.0, 0.71875
surrogate, 100, 31.0, 0.71875
surrogate, 100, 31.0, 0.71875
surrogate, 100, 31.0, 0.71875
surrogate, 100, 31.0, 0.71875
surrogate, 100, 29.0, 0.59375
surrogate, 100, 29.0, 0.59375
surrogate, 100, 29.0, 0.59375
surrogate, 100, 29.0, 0.59375
surrogate, 100, 28.0, 0.5
surrogate, 100, 28.0, 0.5
surrogate, 100, 28.0, 0.5
surrogate, 100, 28.0, 0.5
surrogate, 100, 28.0, 0.5
surrogate, 100, 28.0, 0.5
surrogate, 100, 28.0, 0.5
surrogate, 100, 28.0, 0.5
surrogate, 100, 28.0, 0.5
surrogate, 100, 28.0, 0.5
surrogate, 100, 28.0, 0.5
surrogate, 100, 28.0, 0.5
surrogate, 100, 28.0, 0.5
surrogate, 100, 28.0, 0.5
surrogate, 100, 28.0, 0.5
surrogate, 100, 28.0, 0.5
surrogate, 100, 28.0, 0.5
surrogate, 100, 28.0, 0.5
surrogate, 100, 28.0, 0.5
surrogate, 100, 28.0, 0.5
surrogate, 100, 28.0, 0.5
surrogate, 100, 28.0, 0.5
surrogate, 100, 28.0, 0.5
surrogate, 100, 28.0, 0.5
surrogate, 100, 26.0, 0.375
surrogate, 100, 26.0, 0.375
surrogate, 100, 26.0, 0.375
surrogate, 100, 26.0, 0.375
surrogate, 100, 26.0, 0.375
surrogate, 100, 26.0, 0.375
surrogate, 100, 26.0, 0.375
surrogate, 100, 26.0, 0.375
surrogate, 100, 26.0, 0.375
surrogate, 100, 26.0, 0.375
surrogate, 100, 26.0, 0.375
surrogate, 100, 26.0, 0.375
surrogate, 100, 26.0, 0.375
surrogate, 100, 26.0, 0.375
surrogate, 100, 26.0, 0.375
surrogate, 100, 26.0, 0.375
surrogate, 100, 26.0, 0.375
surrogate, 100, 26.0, 0.375
surrogate, 100, 26.0, 0.375
surrogate, 100, 26.0, 0.375
surrogate, 100, 26.0, 0.375
surrogate, 100, 26.0, 0.375
surrogate, 100, 26.0, 0.375
surrogate, 100, 26.0, 0.375
surrogate, 100, 26.0, 0.375
surrogate, 100, 26.0, 0.375
surrogate, 100, 26.0, 0.375
surrogate, 100, 26.0, 0.375
surrogate, 100, 23.0, 0.25
surrogate, 100, 23.0, 0.25
surrogate, 100, 23.0, 0.25
surrogate, 100, 23.0, 0.25
surrogate, 100, 23.0, 0.25
surrogate, 100, 23.0, 0.25
surrogate, 100, 23.0, 0.25
surrogate, 100, 23.0, 0.25
surrogate, 100, 23.0, 0.25
surrogate, 100, 23.0, 0.25
surrogate, 100, 21.0, 0.09375
surrogate, 100, 21.0, 0.09375
surrogate, 100, 21.0, 0.09375
surrogate, 100, 21.0, 0.09375
surrogate, 100, 21.0, 0.09375
surrogate, 100, 21.0, 0.09375
surrogate, 100, 21.0, 0.09375
surrogate, 100, 21.0, 0.09375
surrogate, 100, 21.0, 0.09375
surrogate, 100, 21.0, 0.09375
surrogate, 100, 21.0, 0.09375
surrogate, 100, 21.0, 0.09375
surrogate, 100, 21.0, 0.09375
surrogate, 100, 21.0, 0.09375
surrogate, 100, 21.0, 0.09375
surrogate, 100, 21.0, 0.09375
surrogate, 100, 21.0, 0.09375
surrogate, 100, 21.0, 0.09375
surrogate, 100, 21.0, 0.09375
surrogate, 100, 21.0, 0.09375
surrogate, 100, 21.0, 0.09375
surrogate, 100, 21.0, 0.09375
surrogate, 100, 21.0, 0.09375
surrogate, 100, 21.0, 0.09375
surrogate, 100, 21.0, 0.09375
surrogate, 100, 21.0, 0.09375
surrogate, 100, 21.0, 0.09375
surrogate, 100, 21.0, 0.09375
surrogate, 100, 21.0, 0.09375
surrogate, 100, 21.0, 0.09375
surrogate, 100, 21.0, 0.09375
surrogate, 100, 21.0, 0.09375
surrogate, 100, 21.0, 0.09375
surrogate, 100, 21.0, 0.09375
surrogate, 100, 21.0, 0.09375
surrogate, 100, 21.0, 0.09375
surrogate, 100, 21.0, 0.09375
surrogate, 100, 21.0, 0.09375
surrogate, 100, 21.0, 0.09375
