method, generation, latency, ar
surrogate, 1, 31.0, 0.5625
surrogate, 1, 29.0, 0.375
surrogate, 1, 26.0, 0.3125
surrogate, 1, 25.0, 0.25
surrogate, 1, 25.0, 0.25
surrogate, 1, 23.0, 0.15625
surrogate, 1, 20.0, 0.0625
surrogate, 2, 31.0, 0.5625
surrogate, 2, 29.0, 0.5
surrogate, 2, 26.0, 0.3125
surrogate, 2, 26.0, 0.3125
surrogate, 2, 25.0, 0.25
surrogate, 2, 25.0, 0.25
surrogate, 2, 25.0, 0.25
surrogate, 2, 25.0, 0.25
surrogate, 2, 23.0, 0.15625
surrogate, 2, 20.0, 0.0625
surrogate, 2, 20.0, 0.0625
surrogate, 3, 31.0, 0.5625
surrogate, 3, 30.0, 0.53125
surrogate, 3, 29.0, 0.5
surrogate, 3, 28.0, 0.40625
surrogate, 3, 26.0, 0.3125
surrogate, 3, 26.0, 0.3125
surrogate, 3, 26.0, 0.3125
surrogate, 3, 25.0, 0.25
surrogate, 3, 25.0, 0.25
surrogate, 3, 25.0, 0.25
surrogate, 3, 25.0, 0.25
surrogate, 3, 25.0, 0.25
surrogate, 3, 23.0, 0.15625
surrogate, 3, 23.0, 0.15625
surrogate, 3, 20.0, 0.0625
surrogate, 3, 20.0, 0.0625
surrogate, 3, 20.0, 0.0625
surrogate, 4, 31.0, 0.59375
surrogate, 4, 30.0, 0.53125
surrogate, 4, 30.0, 0.53125
surrogate, 4, 29.0, 0.5
surrogate, 4, 29.0, 0.5
surrogate, 4, 28.0, 0.40625
surrogate, 4, 25.0, 0.3125
surrogate, 4, 24.0, 0.25
surrogate, 4, 24.0, 0.25
surrogate, 4, 23.0, 0.15625
surrogate, 4, 23.0, 0.15625
surrogate, 4, 20.0, 0.0625
surrogate, 4, 20.0, 0.0625
surrogate, 4, 20.0, 0.0625
surrogate, 4, 20.0, 0.0625
surrogate, 4, 20.0, 0.0625
surrogate, 5, 31.0, 0.59375
surrogate, 5, 29.0, 0.53125
surrogate, 5, 27.0, 0.40625
surrogate, 5, 25.0, 0.3125
surrogate, 5, 25.0, 0.3125
surrogate, 5, 24.0, 0.25
surrogate, 5, 24.0, 0.25
surrogate, 5, 24.0, 0.25
surrogate, 5, 23.0, 0.15625
surrogate, 5, 23.0, 0.15625
surrogate, 5, 20.0, 0.0625
surrogate, 5, 20.0, 0.0625
surrogate, 5, 20.0, 0.0625
surrogate, 5, 20.0, 0.0625
surrogate, 5, 20.0, 0.0625
surrogate, 5, 20.0, 0.0625
surrogate, 5, 20.0, 0.0625
surrogate, 6, 31.0, 0.625
surrogate, 6, 29.0, 0.53125
surrogate, 6, 27.0, 0.40625
surrogate, 6, 27.0, 0.40625
surrogate, 6, 25.0, 0.3125
surrogate, 6, 25.0, 0.3125
surrogate, 6, 23.0, 0.25
surrogate, 6, 20.0, 0.0625
surrogate, 6, 20.0, 0.0625
surrogate, 6, 20.0, 0.0625
surrogate, 6, 20.0, 0.0625
surrogate, 6, 20.0, 0.0625
surrogate, 6, 20.0, 0.0625
surrogate, 6, 20.0, 0.0625
surrogate, 6, 20.0, 0.0625
surrogate, 6, 20.0, 0.0625
surrogate, 7, 31.0, 0.625
surrogate, 7, 31.0, 0.625
surrogate, 7, 29.0, 0.53125
surrogate, 7, 29.0, 0.53125
surrogate, 7, 27.0, 0.40625
surrogate, 7, 27.0, 0.40625
surrogate, 7, 25.0, 0.3125
surrogate, 7, 25.0, 0.3125
surrogate, 7, 23.0, 0.25
surrogate, 7, 20.0, 0.0625
surrogate, 7, 20.0, 0.0625
surrogate, 7, 20.0, 0.0625
surrogate, 7, 20.0, 0.0625
surrogate, 7, 20.0, 0.0625
surrogate, 7, 20.0, 0.0625
surrogate, 7, 20.0, 0.0625
surrogate, 7, 20.0, 0.0625
surrogate, 7, 20.0, 0.0625
surrogate, 7, 20.0, 0.0625
surrogate, 8, 31.0, 0.625
surrogate, 8, 31.0, 0.625
surrogate, 8, 29.0, 0.53125
surrogate, 8, 29.0, 0.53125
surrogate, 8, 29.0, 0.53125
surrogate, 8, 27.0, 0.40625
surrogate, 8, 27.0, 0.40625
surrogate, 8, 25.0, 0.3125
surrogate, 8, 25.0, 0.3125
surrogate, 8, 25.0, 0.3125
surrogate, 8, 23.0, 0.25
surrogate, 8, 23.0, 0.25
surrogate, 8, 20.0, 0.0625
surrogate, 8, 20.0, 0.0625
surrogate, 8, 20.0, 0.0625
surrogate, 8, 20.0, 0.0625
surrogate, 8, 20.0, 0.0625
surrogate, 8, 20.0, 0.0625
surrogate, 8, 20.0, 0.0625
surrogate, 8, 20.0, 0.0625
surrogate, 8, 20.0, 0.0625
surrogate, 8, 20.0, 0.0625
surrogate, 9, 31.0, 0.625
surrogate, 9, 31.0, 0.625
surrogate, 9, 31.0, 0.625
surrogate, 9, 30.0, 0.5625
surrogate, 9, 29.0, 0.53125
surrogate, 9, 29.0, 0.53125
surrogate, 9, 29.0, 0.53125
surrogate, 9, 29.0, 0.53125
surrogate, 9, 28.0, 0.5
surrogate, 9, 27.0, 0.40625
surrogate, 9, 27.0, 0.40625
surrogate, 9, 25.0, 0.3125
surrogate, 9, 25.0, 0.3125
surrogate, 9, 25.0, 0.3125
surrogate, 9, 23.0, 0.25
surrogate, 9, 23.0, 0.25
surrogate, 9, 20.0, 0.0625
surrogate, 9, 20.0, 0.0625
surrogate, 9, 20.0, 0.0625
surrogate, 9, 20.0, 0.0625
surrogate, 9, 20.0, 0.0625
surrogate, 9, 20.0, 0.0625
surrogate, 9, 20.0, 0.0625
surrogate, 9, 20.0, 0.0625
surrogate, 9, 20.0, 0.0625
surrogate, 9, 20.0, 0.0625
surrogate, 10, 31.0, 0.625
surrogate, 10, 31.0, 0.625
surrogate, 10, 31.0, 0.625
surrogate, 10, 31.0, 0.625
surrogate, 10, 30.0, 0.5625
surrogate, 10, 29.0, 0.53125
surrogate, 10, 29.0, 0.53125
surrogate, 10, 29.0, 0.53125
surrogate, 10, 29.0, 0.53125
surrogate, 10, 27.0, 0.5
surrogate, 10, 26.0, 0.34375
surrogate, 10, 26.0, 0.34375
surrogate, 10, 25.0, 0.3125
surrogate, 10, 25.0, 0.3125
surrogate, 10, 25.0, 0.3125
surrogate, 10, 23.0, 0.25
surrogate, 10, 23.0, 0.25
surrogate, 10, 23.0, 0.25
surrogate, 10, 20.0, 0.0625
surrogate, 10, 20.0, 0.0625
surrogate, 10, 20.0, 0.0625
surrogate, 10, 20.0, 0.0625
surrogate, 10, 20.0, 0.0625
surrogate, 10, 20.0, 0.0625
surrogate, 10, 20.0, 0.0625
surrogate, 10, 20.0, 0.0625
surrogate, 10, 20.0, 0.0625
surrogate, 10, 20.0, 0.0625
surrogate, 10, 20.0, 0.0625
surrogate, 11, 31.0, 0.625
surrogate, 11, 31.0, 0.625
surrogate, 11, 31.0, 0.625
surrogate, 11, 31.0, 0.625
surrogate, 11, 31.0, 0.625
surrogate, 11, 30.0, 0.5625
surrogate, 11, 29.0, 0.53125
surrogate, 11, 29.0, 0.53125
surrogate, 11, 29.0, 0.53125
surrogate, 11, 29.0, 0.53125
surrogate, 11, 27.0, 0.5
surrogate, 11, 26.0, 0.34375
surrogate, 11, 26.0, 0.34375
surrogate, 11, 26.0, 0.34375
surrogate, 11, 25.0, 0.3125
surrogate, 11, 25.0, 0.3125
surrogate, 11, 25.0, 0.3125
surrogate, 11, 23.0, 0.25
surrogate, 11, 23.0, 0.25
surrogate, 11, 23.0, 0.25
surrogate, 11, 20.0, 0.0625
surrogate, 11, 20.0, 0.0625
surrogate, 11, 20.0, 0.0625
surrogate, 11, 20.0, 0.0625
surrogate, 11, 20.0, 0.0625
surrogate, 11, 20.0, 0.0625
surrogate, 11, 20.0, 0.0625
surrogate, 11, 20.0, 0.0625
surrogate, 11, 20.0, 0.0625
surrogate, 11, 20.0, 0.0625
surrogate, 11, 20.0, 0.0625
surrogate, 12, 31.0, 0.625
surrogate, 12, 31.0, 0.625
surrogate, 12, 31.0, 0.625
surrogate, 12, 31.0, 0.625
surrogate, 12, 31.0, 0.625
surrogate, 12, 30.0, 0.5625
surrogate, 12, 30.0, 0.5625
surrogate, 12, 28.0, 0.53125
surrogate, 12, 27.0, 0.5
surrogate, 12, 26.0, 0.34375
surrogate, 12, 26.0, 0.34375
surrogate, 12, 26.0, 0.34375
surrogate, 12, 26.0, 0.34375
surrogate, 12, 24.0, 0.3125
surrogate, 12, 23.0, 0.25
surrogate, 12, 23.0, 0.25
surrogate, 12, 23.0, 0.25
surrogate, 12, 23.0, 0.25
surrogate, 12, 20.0, 0.0625
surrogate, 12, 20.0, 0.0625
surrogate, 12, 20.0, 0.0625
surrogate, 12, 20.0, 0.0625
surrogate, 12, 20.0, 0.0625
surrogate, 12, 20.0, 0.0625
surrogate, 12, 20.0, 0.0625
surrogate, 12, 20.0, 0.0625
surrogate, 12, 20.0, 0.0625
surrogate, 12, 20.0, 0.0625
surrogate, 12, 20.0, 0.0625
surrogate, 12, 20.0, 0.0625
surrogate, 12, 20.0, 0.0625
surrogate, 13, 31.0, 0.625
surrogate, 13, 31.0, 0.625
surrogate, 13, 31.0, 0.625
surrogate, 13, 31.0, 0.625
surrogate, 13, 31.0, 0.625
surrogate, 13, 30.0, 0.5625
surrogate, 13, 30.0, 0.5625
surrogate, 13, 28.0, 0.53125
surrogate, 13, 27.0, 0.5
surrogate, 13, 26.0, 0.34375
surrogate, 13, 26.0, 0.34375
surrogate, 13, 26.0, 0.34375
surrogate, 13, 26.0, 0.34375
surrogate, 13, 24.0, 0.3125
surrogate, 13, 24.0, 0.3125
surrogate, 13, 23.0, 0.25
surrogate, 13, 23.0, 0.25
surrogate, 13, 23.0, 0.25
surrogate, 13, 23.0, 0.25
surrogate, 13, 23.0, 0.25
surrogate, 13, 20.0, 0.0625
surrogate, 13, 20.0, 0.0625
surrogate, 13, 20.0, 0.0625
surrogate, 13, 20.0, 0.0625
surrogate, 13, 20.0, 0.0625
surrogate, 13, 20.0, 0.0625
surrogate, 13, 20.0, 0.0625
surrogate, 13, 20.0, 0.0625
surrogate, 13, 20.0, 0.0625
surrogate, 13, 20.0, 0.0625
surrogate, 13, 20.0, 0.0625
surrogate, 13, 20.0, 0.0625
surrogate, 13, 20.0, 0.0625
surrogate, 14, 31.0, 0.625
surrogate, 14, 31.0, 0.625
surrogate, 14, 31.0, 0.625
surrogate, 14, 31.0, 0.625
surrogate, 14, 31.0, 0.625
surrogate, 14, 30.0, 0.5625
surrogate, 14, 30.0, 0.5625
surrogate, 14, 30.0, 0.5625
surrogate, 14, 28.0, 0.53125
surrogate, 14, 28.0, 0.53125
surrogate, 14, 27.0, 0.5
surrogate, 14, 26.0, 0.34375
surrogate, 14, 26.0, 0.34375
surrogate, 14, 26.0, 0.34375
surrogate, 14, 26.0, 0.34375
surrogate, 14, 24.0, 0.3125
surrogate, 14, 24.0, 0.3125
surrogate, 14, 24.0, 0.3125
surrogate, 14, 23.0, 0.25
surrogate, 14, 23.0, 0.25
surrogate, 14, 23.0, 0.25
surrogate, 14, 23.0, 0.25
surrogate, 14, 23.0, 0.25
surrogate, 14, 23.0, 0.25
surrogate, 14, 20.0, 0.0625
surrogate, 14, 20.0, 0.0625
surrogate, 14, 20.0, 0.0625
surrogate, 14, 20.0, 0.0625
surrogate, 14, 20.0, 0.0625
surrogate, 14, 20.0, 0.0625
surrogate, 14, 20.0, 0.0625
surrogate, 14, 20.0, 0.0625
surrogate, 14, 20.0, 0.0625
surrogate, 14, 20.0, 0.0625
surrogate, 14, 20.0, 0.0625
surrogate, 14, 20.0, 0.0625
surrogate, 14, 20.0, 0.0625
surrogate, 14, 20.0, 0.0625
surrogate, 15, 31.0, 0.625
surrogate, 15, 31.0, 0.625
surrogate, 15, 31.0, 0.625
surrogate, 15, 31.0, 0.625
surrogate, 15, 31.0, 0.625
surrogate, 15, 31.0, 0.625
surrogate, 15, 30.0, 0.5625
surrogate, 15, 30.0, 0.5625
surrogate, 15, 30.0, 0.5625
surrogate, 15, 30.0, 0.5625
surrogate, 15, 28.0, 0.53125
surrogate, 15, 28.0, 0.53125
surrogate, 15, 28.0, 0.53125
surrogate, 15, 27.0, 0.5
surrogate, 15, 26.0, 0.34375
surrogate, 15, 26.0, 0.34375
surrogate, 15, 26.0, 0.34375
surrogate, 15, 26.0, 0.34375
surrogate, 15, 26.0, 0.34375
surrogate, 15, 24.0, 0.3125
surrogate, 15, 24.0, 0.3125
surrogate, 15, 24.0, 0.3125
surrogate, 15, 23.0, 0.25
surrogate, 15, 23.0, 0.25
surrogate, 15, 23.0, 0.25
surrogate, 15, 23.0, 0.25
surrogate, 15, 23.0, 0.25
surrogate, 15, 23.0, 0.25
surrogate, 15, 20.0, 0.0625
surrogate, 15, 20.0, 0.0625
surrogate, 15, 20.0, 0.0625
surrogate, 15, 20.0, 0.0625
surrogate, 15, 20.0, 0.0625
surrogate, 15, 20.0, 0.0625
surrogate, 15, 20.0, 0.0625
surrogate, 15, 20.0, 0.0625
surrogate, 15, 20.0, 0.0625
surrogate, 15, 20.0, 0.0625
surrogate, 15, 20.0, 0.0625
surrogate, 15, 20.0, 0.0625
surrogate, 15, 20.0, 0.0625
surrogate, 15, 20.0, 0.0625
surrogate, 15, 20.0, 0.0625
surrogate, 16, 31.0, 0.625
surrogate, 16, 31.0, 0.625
surrogate, 16, 31.0, 0.625
surrogate, 16, 31.0, 0.625
surrogate, 16, 31.0, 0.625
surrogate, 16, 31.0, 0.625
surrogate, 16, 31.0, 0.625
surrogate, 16, 30.0, 0.5625
surrogate, 16, 30.0, 0.5625
surrogate, 16, 30.0, 0.5625
surrogate, 16, 30.0, 0.5625
surrogate, 16, 30.0, 0.5625
surrogate, 16, 28.0, 0.53125
surrogate, 16, 28.0, 0.53125
surrogate, 16, 28.0, 0.53125
surrogate, 16, 28.0, 0.53125
surrogate, 16, 27.0, 0.5
surrogate, 16, 27.0, 0.5
surrogate, 16, 25.0, 0.34375
surrogate, 16, 24.0, 0.3125
surrogate, 16, 24.0, 0.3125
surrogate, 16, 24.0, 0.3125
surrogate, 16, 24.0, 0.3125
surrogate, 16, 23.0, 0.25
surrogate, 16, 23.0, 0.25
surrogate, 16, 23.0, 0.25
surrogate, 16, 23.0, 0.25
surrogate, 16, 23.0, 0.25
surrogate, 16, 23.0, 0.25
surrogate, 16, 23.0, 0.25
surrogate, 16, 20.0, 0.0625
surrogate, 16, 20.0, 0.0625
surrogate, 16, 20.0, 0.0625
surrogate, 16, 20.0, 0.0625
surrogate, 16, 20.0, 0.0625
surrogate, 16, 20.0, 0.0625
surrogate, 16, 20.0, 0.0625
surrogate, 16, 20.0, 0.0625
surrogate, 16, 20.0, 0.0625
surrogate, 16, 20.0, 0.0625
surrogate, 16, 20.0, 0.0625
surrogate, 16, 20.0, 0.0625
surrogate, 16, 20.0, 0.0625
surrogate, 16, 20.0, 0.0625
surrogate, 16, 20.0, 0.0625
surrogate, 16, 20.0, 0.0625
surrogate, 17, 31.0, 0.625
surrogate, 17, 31.0, 0.625
surrogate, 17, 31.0, 0.625
surrogate, 17, 31.0, 0.625
surrogate, 17, 31.0, 0.625
surrogate, 17, 31.0, 0.625
surrogate, 17, 31.0, 0.625
surrogate, 17, 31.0, 0.625
surrogate, 17, 30.0, 0.5625
surrogate, 17, 30.0, 0.5625
surrogate, 17, 30.0, 0.5625
surrogate, 17, 30.0, 0.5625
surrogate, 17, 30.0, 0.5625
surrogate, 17, 30.0, 0.5625
surrogate, 17, 28.0, 0.53125
surrogate, 17, 28.0, 0.53125
surrogate, 17, 28.0, 0.53125
surrogate, 17, 28.0, 0.53125
surrogate, 17, 28.0, 0.53125
surrogate, 17, 27.0, 0.5
surrogate, 17, 27.0, 0.5
surrogate, 17, 27.0, 0.5
surrogate, 17, 25.0, 0.34375
surrogate, 17, 24.0, 0.3125
surrogate, 17, 24.0, 0.3125
surrogate, 17, 24.0, 0.3125
surrogate, 17, 24.0, 0.3125
surrogate, 17, 24.0, 0.3125
surrogate, 17, 23.0, 0.25
surrogate, 17, 23.0, 0.25
surrogate, 17, 23.0, 0.25
surrogate, 17, 23.0, 0.25
surrogate, 17, 23.0, 0.25
surrogate, 17, 23.0, 0.25
surrogate, 17, 23.0, 0.25
surrogate, 17, 23.0, 0.25
surrogate, 17, 20.0, 0.0625
surrogate, 17, 20.0, 0.0625
surrogate, 17, 20.0, 0.0625
surrogate, 17, 20.0, 0.0625
surrogate, 17, 20.0, 0.0625
surrogate, 17, 20.0, 0.0625
surrogate, 17, 20.0, 0.0625
surrogate, 17, 20.0, 0.0625
surrogate, 17, 20.0, 0.0625
surrogate, 17, 20.0, 0.0625
surrogate, 17, 20.0, 0.0625
surrogate, 17, 20.0, 0.0625
surrogate, 17, 20.0, 0.0625
surrogate, 17, 20.0, 0.0625
surrogate, 17, 20.0, 0.0625
surrogate, 17, 20.0, 0.0625
surrogate, 17, 20.0, 0.0625
surrogate, 18, 31.0, 0.625
surrogate, 18, 31.0, 0.625
surrogate, 18, 31.0, 0.625
surrogate, 18, 31.0, 0.625
surrogate, 18, 31.0, 0.625
surrogate, 18, 31.0, 0.625
surrogate, 18, 31.0, 0.625
surrogate, 18, 31.0, 0.625
surrogate, 18, 29.0, 0.5625
surrogate, 18, 29.0, 0.5625
surrogate, 18, 28.0, 0.53125
surrogate, 18, 28.0, 0.53125
surrogate, 18, 28.0, 0.53125
surrogate, 18, 28.0, 0.53125
surrogate, 18, 28.0, 0.53125
surrogate, 18, 27.0, 0.5
surrogate, 18, 27.0, 0.5
surrogate, 18, 27.0, 0.5
surrogate, 18, 25.0, 0.34375
surrogate, 18, 25.0, 0.34375
surrogate, 18, 24.0, 0.3125
surrogate, 18, 24.0, 0.3125
surrogate, 18, 24.0, 0.3125
surrogate, 18, 24.0, 0.3125
surrogate, 18, 24.0, 0.3125
surrogate, 18, 24.0, 0.3125
surrogate, 18, 23.0, 0.25
surrogate, 18, 23.0, 0.25
surrogate, 18, 23.0, 0.25
surrogate, 18, 23.0, 0.25
surrogate, 18, 23.0, 0.25
surrogate, 18, 23.0, 0.25
surrogate, 18, 23.0, 0.25
surrogate, 18, 23.0, 0.25
surrogate, 18, 23.0, 0.25
surrogate, 18, 20.0, 0.0625
surrogate, 18, 20.0, 0.0625
surrogate, 18, 20.0, 0.0625
surrogate, 18, 20.0, 0.0625
surrogate, 18, 20.0, 0.0625
surrogate, 18, 20.0, 0.0625
surrogate, 18, 20.0, 0.0625
surrogate, 18, 20.0, 0.0625
surrogate, 18, 20.0, 0.0625
surrogate, 18, 20.0, 0.0625
surrogate, 18, 20.0, 0.0625
surrogate, 18, 20.0, 0.0625
surrogate, 18, 20.0, 0.0625
surrogate, 18, 20.0, 0.0625
surrogate, 18, 20.0, 0.0625
surrogate, 18, 20.0, 0.0625
surrogate, 18, 20.0, 0.0625
surrogate, 18, 20.0, 0.0625
surrogate, 19, 30.0, 0.625
surrogate, 19, 29.0, 0.5625
surrogate, 19, 29.0, 0.5625
surrogate, 19, 28.0, 0.53125
surrogate, 19, 28.0, 0.53125
surrogate, 19, 28.0, 0.53125
surrogate, 19, 28.0, 0.53125
surrogate, 19, 28.0, 0.53125
surrogate, 19, 27.0, 0.5
surrogate, 19, 27.0, 0.5
surrogate, 19, 27.0, 0.5
surrogate, 19, 25.0, 0.34375
surrogate, 19, 25.0, 0.34375
surrogate, 19, 25.0, 0.34375
surrogate, 19, 24.0, 0.3125
surrogate, 19, 24.0, 0.3125
surrogate, 19, 24.0, 0.3125
surrogate, 19, 24.0, 0.3125
surrogate, 19, 24.0, 0.3125
surrogate, 19, 24.0, 0.3125
surrogate, 19, 24.0, 0.3125
surrogate, 19, 23.0, 0.25
surrogate, 19, 23.0, 0.25
surrogate, 19, 23.0, 0.25
surrogate, 19, 23.0, 0.25
surrogate, 19, 23.0, 0.25
surrogate, 19, 23.0, 0.25
surrogate, 19, 23.0, 0.25
surrogate, 19, 23.0, 0.25
surrogate, 19, 23.0, 0.25
surrogate, 19, 23.0, 0.25
surrogate, 19, 20.0, 0.0625
surrogate, 19, 20.0, 0.0625
surrogate, 19, 20.0, 0.0625
surrogate, 19, 20.0, 0.0625
surrogate, 19, 20.0, 0.0625
surrogate, 19, 20.0, 0.0625
surrogate, 19, 20.0, 0.0625
surrogate, 19, 20.0, 0.0625
surrogate, 19, 20.0, 0.0625
surrogate, 19, 20.0, 0.0625
surrogate, 19, 20.0, 0.0625
surrogate, 19, 20.0, 0.0625
surrogate, 19, 20.0, 0.0625
surrogate, 19, 20.0, 0.0625
surrogate, 19, 20.0, 0.0625
surrogate, 19, 20.0, 0.0625
surrogate, 19, 20.0, 0.0625
surrogate, 19, 20.0, 0.0625
surrogate, 19, 20.0, 0.0625
surrogate, 20, 30.0, 0.625
surrogate, 20, 30.0, 0.625
surrogate, 20, 29.0, 0.5625
surrogate, 20, 29.0, 0.5625
surrogate, 20, 29.0, 0.5625
surrogate, 20, 28.0, 0.53125
surrogate, 20, 28.0, 0.53125
surrogate, 20, 28.0, 0.53125
surrogate, 20, 28.0, 0.53125
surrogate, 20, 28.0, 0.53125
surrogate, 20, 28.0, 0.53125
surrogate, 20, 27.0, 0.5
surrogate, 20, 27.0, 0.5
surrogate, 20, 27.0, 0.5
surrogate, 20, 27.0, 0.5
surrogate, 20, 24.0, 0.34375
surrogate, 20, 23.0, 0.25
surrogate, 20, 23.0, 0.25
surrogate, 20, 23.0, 0.25
surrogate, 20, 23.0, 0.25
surrogate, 20, 23.0, 0.25
surrogate, 20, 23.0, 0.25
surrogate, 20, 23.0, 0.25
surrogate, 20, 23.0, 0.25
surrogate, 20, 23.0, 0.25
surrogate, 20, 23.0, 0.25
surrogate, 20, 20.0, 0.0625
surrogate, 20, 20.0, 0.0625
surrogate, 20, 20.0, 0.0625
surrogate, 20, 20.0, 0.0625
surrogate, 20, 20.0, 0.0625
surrogate, 20, 20.0, 0.0625
surrogate, 20, 20.0, 0.0625
surrogate, 20, 20.0, 0.0625
surrogate, 20, 20.0, 0.0625
surrogate, 20, 20.0, 0.0625
surrogate, 20, 20.0, 0.0625
surrogate, 20, 20.0, 0.0625
surrogate, 20, 20.0, 0.0625
surrogate, 20, 20.0, 0.0625
surrogate, 20, 20.0, 0.0625
surrogate, 20, 20.0, 0.0625
surrogate, 20, 20.0, 0.0625
surrogate, 20, 20.0, 0.0625
surrogate, 20, 20.0, 0.0625
surrogate, 20, 20.0, 0.0625
surrogate, 20, 20.0, 0.0625
surrogate, 21, 30.0, 0.65625
surrogate, 21, 29.0, 0.5625
surrogate, 21, 29.0, 0.5625
surrogate, 21, 29.0, 0.5625
surrogate, 21, 29.0, 0.5625
surrogate, 21, 28.0, 0.53125
surrogate, 21, 28.0, 0.53125
surrogate, 21, 28.0, 0.53125
surrogate, 21, 28.0, 0.53125
surrogate, 21, 28.0, 0.53125
surrogate, 21, 28.0, 0.53125
surrogate, 21, 28.0, 0.53125
surrogate, 21, 27.0, 0.5
surrogate, 21, 27.0, 0.5
surrogate, 21, 27.0, 0.5
surrogate, 21, 27.0, 0.5
surrogate, 21, 27.0, 0.5
surrogate, 21, 24.0, 0.34375
surrogate, 21, 24.0, 0.34375
surrogate, 21, 23.0, 0.25
surrogate, 21, 23.0, 0.25
surrogate, 21, 23.0, 0.25
surrogate, 21, 23.0, 0.25
surrogate, 21, 23.0, 0.25
surrogate, 21, 23.0, 0.25
surrogate, 21, 23.0, 0.25
surrogate, 21, 23.0, 0.25
surrogate, 21, 23.0, 0.25
surrogate, 21, 23.0, 0.25
surrogate, 21, 20.0, 0.0625
surrogate, 21, 20.0, 0.0625
surrogate, 21, 20.0, 0.0625
surrogate, 21, 20.0, 0.0625
surrogate, 21, 20.0, 0.0625
surrogate, 21, 20.0, 0.0625
surrogate, 21, 20.0, 0.0625
surrogate, 21, 20.0, 0.0625
surrogate, 21, 20.0, 0.0625
surrogate, 21, 20.0, 0.0625
surrogate, 21, 20.0, 0.0625
surrogate, 21, 20.0, 0.0625
surrogate, 21, 20.0, 0.0625
surrogate, 21, 20.0, 0.0625
surrogate, 21, 20.0, 0.0625
surrogate, 21, 20.0, 0.0625
surrogate, 21, 20.0, 0.0625
surrogate, 21, 20.0, 0.0625
surrogate, 21, 20.0, 0.0625
surrogate, 21, 20.0, 0.0625
surrogate, 21, 20.0, 0.0625
surrogate, 21, 20.0, 0.0625
surrogate, 22, 30.0, 0.65625
surrogate, 22, 29.0, 0.5625
surrogate, 22, 29.0, 0.5625
surrogate, 22, 29.0, 0.5625
surrogate, 22, 29.0, 0.5625
surrogate, 22, 29.0, 0.5625
surrogate, 22, 28.0, 0.53125
surrogate, 22, 28.0, 0.53125
surrogate, 22, 28.0, 0.53125
surrogate, 22, 28.0, 0.53125
surrogate, 22, 28.0, 0.53125
surrogate, 22, 28.0, 0.53125
surrogate, 22, 28.0, 0.53125
surrogate, 22, 28.0, 0.53125
surrogate, 22, 27.0, 0.5
surrogate, 22, 27.0, 0.5
surrogate, 22, 27.0, 0.5
surrogate, 22, 27.0, 0.5
surrogate, 22, 27.0, 0.5
surrogate, 22, 24.0, 0.34375
surrogate, 22, 24.0, 0.34375
surrogate, 22, 23.0, 0.25
surrogate, 22, 23.0, 0.25
surrogate, 22, 23.0, 0.25
surrogate, 22, 23.0, 0.25
surrogate, 22, 23.0, 0.25
surrogate, 22, 23.0, 0.25
surrogate, 22, 23.0, 0.25
surrogate, 22, 23.0, 0.25
surrogate, 22, 23.0, 0.25
surrogate, 22, 23.0, 0.25
surrogate, 22, 20.0, 0.0625
surrogate, 22, 20.0, 0.0625
surrogate, 22, 20.0, 0.0625
surrogate, 22, 20.0, 0.0625
surrogate, 22, 20.0, 0.0625
surrogate, 22, 20.0, 0.0625
surrogate, 22, 20.0, 0.0625
surrogate, 22, 20.0, 0.0625
surrogate, 22, 20.0, 0.0625
surrogate, 22, 20.0, 0.0625
surrogate, 22, 20.0, 0.0625
surrogate, 22, 20.0, 0.0625
surrogate, 22, 20.0, 0.0625
surrogate, 22, 20.0, 0.0625
surrogate, 22, 20.0, 0.0625
surrogate, 22, 20.0, 0.0625
surrogate, 22, 20.0, 0.0625
surrogate, 22, 20.0, 0.0625
surrogate, 22, 20.0, 0.0625
surrogate, 22, 20.0, 0.0625
surrogate, 22, 20.0, 0.0625
surrogate, 22, 20.0, 0.0625
surrogate, 22, 20.0, 0.0625
surrogate, 23, 30.0, 0.65625
surrogate, 23, 29.0, 0.5625
surrogate, 23, 29.0, 0.5625
surrogate, 23, 29.0, 0.5625
surrogate, 23, 29.0, 0.5625
surrogate, 23, 29.0, 0.5625
surrogate, 23, 28.0, 0.53125
surrogate, 23, 28.0, 0.53125
surrogate, 23, 28.0, 0.53125
surrogate, 23, 28.0, 0.53125
surrogate, 23, 28.0, 0.53125
surrogate, 23, 28.0, 0.53125
surrogate, 23, 28.0, 0.53125
surrogate, 23, 28.0, 0.53125
surrogate, 23, 28.0, 0.53125
surrogate, 23, 27.0, 0.5
surrogate, 23, 27.0, 0.5
surrogate, 23, 27.0, 0.5
surrogate, 23, 27.0, 0.5
surrogate, 23, 27.0, 0.5
surrogate, 23, 27.0, 0.5
surrogate, 23, 24.0, 0.34375
surrogate, 23, 24.0, 0.34375
surrogate, 23, 23.0, 0.25
surrogate, 23, 23.0, 0.25
surrogate, 23, 23.0, 0.25
surrogate, 23, 23.0, 0.25
surrogate, 23, 23.0, 0.25
surrogate, 23, 23.0, 0.25
surrogate, 23, 23.0, 0.25
surrogate, 23, 23.0, 0.25
surrogate, 23, 23.0, 0.25
surrogate, 23, 23.0, 0.25
surrogate, 23, 20.0, 0.0625
surrogate, 23, 20.0, 0.0625
surrogate, 23, 20.0, 0.0625
surrogate, 23, 20.0, 0.0625
surrogate, 23, 20.0, 0.0625
surrogate, 23, 20.0, 0.0625
surrogate, 23, 20.0, 0.0625
surrogate, 23, 20.0, 0.0625
surrogate, 23, 20.0, 0.0625
surrogate, 23, 20.0, 0.0625
surrogate, 23, 20.0, 0.0625
surrogate, 23, 20.0, 0.0625
surrogate, 23, 20.0, 0.0625
surrogate, 23, 20.0, 0.0625
surrogate, 23, 20.0, 0.0625
surrogate, 23, 20.0, 0.0625
surrogate, 23, 20.0, 0.0625
surrogate, 23, 20.0, 0.0625
surrogate, 23, 20.0, 0.0625
surrogate, 23, 20.0, 0.0625
surrogate, 23, 20.0, 0.0625
surrogate, 23, 20.0, 0.0625
surrogate, 23, 20.0, 0.0625
surrogate, 24, 30.0, 0.65625
surrogate, 24, 29.0, 0.5625
surrogate, 24, 29.0, 0.5625
surrogate, 24, 29.0, 0.5625
surrogate, 24, 29.0, 0.5625
surrogate, 24, 29.0, 0.5625
surrogate, 24, 29.0, 0.5625
surrogate, 24, 28.0, 0.53125
surrogate, 24, 28.0, 0.53125
surrogate, 24, 28.0, 0.53125
surrogate, 24, 28.0, 0.53125
surrogate, 24, 28.0, 0.53125
surrogate, 24, 28.0, 0.53125
surrogate, 24, 28.0, 0.53125
surrogate, 24, 28.0, 0.53125
surrogate, 24, 28.0, 0.53125
surrogate, 24, 27.0, 0.5
surrogate, 24, 27.0, 0.5
surrogate, 24, 27.0, 0.5
surrogate, 24, 27.0, 0.5
surrogate, 24, 27.0, 0.5
surrogate, 24, 27.0, 0.5
surrogate, 24, 27.0, 0.5
surrogate, 24, 24.0, 0.34375
surrogate, 24, 24.0, 0.34375
surrogate, 24, 24.0, 0.34375
surrogate, 24, 23.0, 0.25
surrogate, 24, 23.0, 0.25
surrogate, 24, 23.0, 0.25
surrogate, 24, 23.0, 0.25
surrogate, 24, 23.0, 0.25
surrogate, 24, 23.0, 0.25
surrogate, 24, 23.0, 0.25
surrogate, 24, 23.0, 0.25
surrogate, 24, 23.0, 0.25
surrogate, 24, 23.0, 0.25
surrogate, 24, 20.0, 0.0625
surrogate, 24, 20.0, 0.0625
surrogate, 24, 20.0, 0.0625
surrogate, 24, 20.0, 0.0625
surrogate, 24, 20.0, 0.0625
surrogate, 24, 20.0, 0.0625
surrogate, 24, 20.0, 0.0625
surrogate, 24, 20.0, 0.0625
surrogate, 24, 20.0, 0.0625
surrogate, 24, 20.0, 0.0625
surrogate, 24, 20.0, 0.0625
surrogate, 24, 20.0, 0.0625
surrogate, 24, 20.0, 0.0625
surrogate, 24, 20.0, 0.0625
surrogate, 24, 20.0, 0.0625
surrogate, 24, 20.0, 0.0625
surrogate, 24, 20.0, 0.0625
surrogate, 24, 20.0, 0.0625
surrogate, 24, 20.0, 0.0625
surrogate, 24, 20.0, 0.0625
surrogate, 24, 20.0, 0.0625
surrogate, 24, 20.0, 0.0625
surrogate, 24, 20.0, 0.0625
surrogate, 24, 20.0, 0.0625
surrogate, 25, 30.0, 0.65625
surrogate, 25, 29.0, 0.5625
surrogate, 25, 29.0, 0.5625
surrogate, 25, 29.0, 0.5625
surrogate, 25, 29.0, 0.5625
surrogate, 25, 29.0, 0.5625
surrogate, 25, 29.0, 0.5625
surrogate, 25, 29.0, 0.5625
surrogate, 25, 28.0, 0.53125
surrogate, 25, 28.0, 0.53125
surrogate, 25, 28.0, 0.53125
surrogate, 25, 28.0, 0.53125
surrogate, 25, 28.0, 0.53125
surrogate, 25, 28.0, 0.53125
surrogate, 25, 28.0, 0.53125
surrogate, 25, 28.0, 0.53125
surrogate, 25, 28.0, 0.53125
surrogate, 25, 28.0, 0.53125
surrogate, 25, 27.0, 0.5
surrogate, 25, 27.0, 0.5
surrogate, 25, 27.0, 0.5
surrogate, 25, 27.0, 0.5
surrogate, 25, 27.0, 0.5
surrogate, 25, 27.0, 0.5
surrogate, 25, 27.0, 0.5
surrogate, 25, 24.0, 0.34375
surrogate, 25, 24.0, 0.34375
surrogate, 25, 24.0, 0.34375
surrogate, 25, 23.0, 0.25
surrogate, 25, 23.0, 0.25
surrogate, 25, 23.0, 0.25
surrogate, 25, 23.0, 0.25
surrogate, 25, 23.0, 0.25
surrogate, 25, 23.0, 0.25
surrogate, 25, 23.0, 0.25
surrogate, 25, 23.0, 0.25
surrogate, 25, 23.0, 0.25
surrogate, 25, 23.0, 0.25
surrogate, 25, 20.0, 0.0625
surrogate, 25, 20.0, 0.0625
surrogate, 25, 20.0, 0.0625
surrogate, 25, 20.0, 0.0625
surrogate, 25, 20.0, 0.0625
surrogate, 25, 20.0, 0.0625
surrogate, 25, 20.0, 0.0625
surrogate, 25, 20.0, 0.0625
surrogate, 25, 20.0, 0.0625
surrogate, 25, 20.0, 0.0625
surrogate, 25, 20.0, 0.0625
surrogate, 25, 20.0, 0.0625
surrogate, 25, 20.0, 0.0625
surrogate, 25, 20.0, 0.0625
surrogate, 25, 20.0, 0.0625
surrogate, 25, 20.0, 0.0625
surrogate, 25, 20.0, 0.0625
surrogate, 25, 20.0, 0.0625
surrogate, 25, 20.0, 0.0625
surrogate, 25, 20.0, 0.0625
surrogate, 25, 20.0, 0.0625
surrogate, 25, 20.0, 0.0625
surrogate, 25, 20.0, 0.0625
surrogate, 25, 20.0, 0.0625
surrogate, 25, 20.0, 0.0625
surrogate, 26, 33.0, 0.84375
surrogate, 26, 31.0, 0.71875
surrogate, 26, 30.0, 0.65625
surrogate, 26, 30.0, 0.65625
surrogate, 26, 29.0, 0.5625
surrogate, 26, 29.0, 0.5625
surrogate, 26, 29.0, 0.5625
surrogate, 26, 29.0, 0.5625
surrogate, 26, 29.0, 0.5625
surrogate, 26, 29.0, 0.5625
surrogate, 26, 29.0, 0.5625
surrogate, 26, 29.0, 0.5625
surrogate, 26, 28.0, 0.53125
surrogate, 26, 28.0, 0.53125
surrogate, 26, 28.0, 0.53125
surrogate, 26, 28.0, 0.53125
surrogate, 26, 28.0, 0.53125
surrogate, 26, 28.0, 0.53125
surrogate, 26, 28.0, 0.53125
surrogate, 26, 28.0, 0.53125
surrogate, 26, 28.0, 0.53125
surrogate, 26, 28.0, 0.53125
surrogate, 26, 27.0, 0.5
surrogate, 26, 27.0, 0.5
surrogate, 26, 27.0, 0.5
surrogate, 26, 27.0, 0.5
surrogate, 26, 27.0, 0.5
surrogate, 26, 27.0, 0.5
surrogate, 26, 27.0, 0.5
surrogate, 26, 24.0, 0.34375
surrogate, 26, 24.0, 0.34375
surrogate, 26, 24.0, 0.34375
surrogate, 26, 23.0, 0.25
surrogate, 26, 23.0, 0.25
surrogate, 26, 23.0, 0.25
surrogate, 26, 23.0, 0.25
surrogate, 26, 23.0, 0.25
surrogate, 26, 23.0, 0.25
surrogate, 26, 23.0, 0.25
surrogate, 26, 23.0, 0.25
surrogate, 26, 23.0, 0.25
surrogate, 26, 23.0, 0.25
surrogate, 26, 23.0, 0.25
surrogate, 26, 20.0, 0.0625
surrogate, 26, 20.0, 0.0625
surrogate, 26, 20.0, 0.0625
surrogate, 26, 20.0, 0.0625
surrogate, 26, 20.0, 0.0625
surrogate, 26, 20.0, 0.0625
surrogate, 26, 20.0, 0.0625
surrogate, 26, 20.0, 0.0625
surrogate, 26, 20.0, 0.0625
surrogate, 26, 20.0, 0.0625
surrogate, 26, 20.0, 0.0625
surrogate, 26, 20.0, 0.0625
surrogate, 26, 20.0, 0.0625
surrogate, 26, 20.0, 0.0625
surrogate, 26, 20.0, 0.0625
surrogate, 26, 20.0, 0.0625
surrogate, 26, 20.0, 0.0625
surrogate, 26, 20.0, 0.0625
surrogate, 26, 20.0, 0.0625
surrogate, 26, 20.0, 0.0625
surrogate, 26, 20.0, 0.0625
surrogate, 26, 20.0, 0.0625
surrogate, 26, 20.0, 0.0625
surrogate, 26, 20.0, 0.0625
surrogate, 26, 20.0, 0.0625
surrogate, 27, 33.0, 0.84375
surrogate, 27, 31.0, 0.71875
surrogate, 27, 30.0, 0.65625
surrogate, 27, 30.0, 0.65625
surrogate, 27, 30.0, 0.65625
surrogate, 27, 29.0, 0.5625
surrogate, 27, 29.0, 0.5625
surrogate, 27, 29.0, 0.5625
surrogate, 27, 29.0, 0.5625
surrogate, 27, 29.0, 0.5625
surrogate, 27, 29.0, 0.5625
surrogate, 27, 29.0, 0.5625
surrogate, 27, 29.0, 0.5625
surrogate, 27, 28.0, 0.53125
surrogate, 27, 28.0, 0.53125
surrogate, 27, 28.0, 0.53125
surrogate, 27, 28.0, 0.53125
surrogate, 27, 28.0, 0.53125
surrogate, 27, 28.0, 0.53125
surrogate, 27, 28.0, 0.53125
surrogate, 27, 28.0, 0.53125
surrogate, 27, 28.0, 0.53125
surrogate, 27, 28.0, 0.53125
surrogate, 27, 27.0, 0.5
surrogate, 27, 27.0, 0.5
surrogate, 27, 27.0, 0.5
surrogate, 27, 27.0, 0.5
surrogate, 27, 27.0, 0.5
surrogate, 27, 27.0, 0.5
surrogate, 27, 27.0, 0.5
surrogate, 27, 24.0, 0.34375
surrogate, 27, 24.0, 0.34375
surrogate, 27, 24.0, 0.34375
surrogate, 27, 23.0, 0.25
surrogate, 27, 23.0, 0.25
surrogate, 27, 23.0, 0.25
surrogate, 27, 23.0, 0.25
surrogate, 27, 23.0, 0.25
surrogate, 27, 23.0, 0.25
surrogate, 27, 23.0, 0.25
surrogate, 27, 23.0, 0.25
surrogate, 27, 23.0, 0.25
surrogate, 27, 23.0, 0.25
surrogate, 27, 23.0, 0.25
surrogate, 27, 23.0, 0.25
surrogate, 27, 20.0, 0.0625
surrogate, 27, 20.0, 0.0625
surrogate, 27, 20.0, 0.0625
surrogate, 27, 20.0, 0.0625
surrogate, 27, 20.0, 0.0625
surrogate, 27, 20.0, 0.0625
surrogate, 27, 20.0, 0.0625
surrogate, 27, 20.0, 0.0625
surrogate, 27, 20.0, 0.0625
surrogate, 27, 20.0, 0.0625
surrogate, 27, 20.0, 0.0625
surrogate, 27, 20.0, 0.0625
surrogate, 27, 20.0, 0.0625
surrogate, 27, 20.0, 0.0625
surrogate, 27, 20.0, 0.0625
surrogate, 27, 20.0, 0.0625
surrogate, 27, 20.0, 0.0625
surrogate, 27, 20.0, 0.0625
surrogate, 27, 20.0, 0.0625
surrogate, 27, 20.0, 0.0625
surrogate, 27, 20.0, 0.0625
surrogate, 27, 20.0, 0.0625
surrogate, 27, 20.0, 0.0625
surrogate, 27, 20.0, 0.0625
surrogate, 27, 20.0, 0.0625
surrogate, 27, 20.0, 0.0625
surrogate, 28, 33.0, 0.84375
surrogate, 28, 31.0, 0.71875
surrogate, 28, 30.0, 0.65625
surrogate, 28, 30.0, 0.65625
surrogate, 28, 30.0, 0.65625
surrogate, 28, 30.0, 0.65625
surrogate, 28, 29.0, 0.5625
surrogate, 28, 29.0, 0.5625
surrogate, 28, 29.0, 0.5625
surrogate, 28, 29.0, 0.5625
surrogate, 28, 29.0, 0.5625
surrogate, 28, 29.0, 0.5625
surrogate, 28, 29.0, 0.5625
surrogate, 28, 29.0, 0.5625
surrogate, 28, 28.0, 0.53125
surrogate, 28, 28.0, 0.53125
surrogate, 28, 28.0, 0.53125
surrogate, 28, 28.0, 0.53125
surrogate, 28, 28.0, 0.53125
surrogate, 28, 28.0, 0.53125
surrogate, 28, 28.0, 0.53125
surrogate, 28, 28.0, 0.53125
surrogate, 28, 28.0, 0.53125
surrogate, 28, 28.0, 0.53125
surrogate, 28, 28.0, 0.53125
surrogate, 28, 27.0, 0.5
surrogate, 28, 27.0, 0.5
surrogate, 28, 27.0, 0.5
surrogate, 28, 27.0, 0.5
surrogate, 28, 27.0, 0.5
surrogate, 28, 27.0, 0.5
surrogate, 28, 27.0, 0.5
surrogate, 28, 24.0, 0.34375
surrogate, 28, 24.0, 0.34375
surrogate, 28, 24.0, 0.34375
surrogate, 28, 24.0, 0.34375
surrogate, 28, 23.0, 0.25
surrogate, 28, 23.0, 0.25
surrogate, 28, 23.0, 0.25
surrogate, 28, 23.0, 0.25
surrogate, 28, 23.0, 0.25
surrogate, 28, 23.0, 0.25
surrogate, 28, 23.0, 0.25
surrogate, 28, 23.0, 0.25
surrogate, 28, 23.0, 0.25
surrogate, 28, 23.0, 0.25
surrogate, 28, 23.0, 0.25
surrogate, 28, 23.0, 0.25
surrogate, 28, 23.0, 0.25
surrogate, 28, 20.0, 0.0625
surrogate, 28, 20.0, 0.0625
surrogate, 28, 20.0, 0.0625
surrogate, 28, 20.0, 0.0625
surrogate, 28, 20.0, 0.0625
surrogate, 28, 20.0, 0.0625
surrogate, 28, 20.0, 0.0625
surrogate, 28, 20.0, 0.0625
surrogate, 28, 20.0, 0.0625
surrogate, 28, 20.0, 0.0625
surrogate, 28, 20.0, 0.0625
surrogate, 28, 20.0, 0.0625
surrogate, 28, 20.0, 0.0625
surrogate, 28, 20.0, 0.0625
surrogate, 28, 20.0, 0.0625
surrogate, 28, 20.0, 0.0625
surrogate, 28, 20.0, 0.0625
surrogate, 28, 20.0, 0.0625
surrogate, 28, 20.0, 0.0625
surrogate, 28, 20.0, 0.0625
surrogate, 28, 20.0, 0.0625
surrogate, 28, 20.0, 0.0625
surrogate, 28, 20.0, 0.0625
surrogate, 28, 20.0, 0.0625
surrogate, 28, 20.0, 0.0625
surrogate, 28, 20.0, 0.0625
surrogate, 28, 20.0, 0.0625
surrogate, 29, 33.0, 0.84375
surrogate, 29, 31.0, 0.71875
surrogate, 29, 31.0, 0.71875
surrogate, 29, 30.0, 0.65625
surrogate, 29, 30.0, 0.65625
surrogate, 29, 30.0, 0.65625
surrogate, 29, 30.0, 0.65625
surrogate, 29, 30.0, 0.65625
surrogate, 29, 29.0, 0.5625
surrogate, 29, 29.0, 0.5625
surrogate, 29, 29.0, 0.5625
surrogate, 29, 29.0, 0.5625
surrogate, 29, 29.0, 0.5625
surrogate, 29, 29.0, 0.5625
surrogate, 29, 29.0, 0.5625
surrogate, 29, 29.0, 0.5625
surrogate, 29, 29.0, 0.5625
surrogate, 29, 28.0, 0.53125
surrogate, 29, 28.0, 0.53125
surrogate, 29, 28.0, 0.53125
surrogate, 29, 28.0, 0.53125
surrogate, 29, 28.0, 0.53125
surrogate, 29, 28.0, 0.53125
surrogate, 29, 28.0, 0.53125
surrogate, 29, 28.0, 0.53125
surrogate, 29, 28.0, 0.53125
surrogate, 29, 28.0, 0.53125
surrogate, 29, 28.0, 0.53125
surrogate, 29, 28.0, 0.53125
surrogate, 29, 27.0, 0.5
surrogate, 29, 27.0, 0.5
surrogate, 29, 27.0, 0.5
surrogate, 29, 27.0, 0.5
surrogate, 29, 27.0, 0.5
surrogate, 29, 27.0, 0.5
surrogate, 29, 27.0, 0.5
surrogate, 29, 27.0, 0.5
surrogate, 29, 24.0, 0.34375
surrogate, 29, 24.0, 0.34375
surrogate, 29, 24.0, 0.34375
surrogate, 29, 24.0, 0.34375
surrogate, 29, 24.0, 0.34375
surrogate, 29, 23.0, 0.25
surrogate, 29, 23.0, 0.25
surrogate, 29, 23.0, 0.25
surrogate, 29, 23.0, 0.25
surrogate, 29, 23.0, 0.25
surrogate, 29, 23.0, 0.25
surrogate, 29, 23.0, 0.25
surrogate, 29, 23.0, 0.25
surrogate, 29, 23.0, 0.25
surrogate, 29, 23.0, 0.25
surrogate, 29, 23.0, 0.25
surrogate, 29, 23.0, 0.25
surrogate, 29, 23.0, 0.25
surrogate, 29, 23.0, 0.25
surrogate, 29, 20.0, 0.0625
surrogate, 29, 20.0, 0.0625
surrogate, 29, 20.0, 0.0625
surrogate, 29, 20.0, 0.0625
surrogate, 29, 20.0, 0.0625
surrogate, 29, 20.0, 0.0625
surrogate, 29, 20.0, 0.0625
surrogate, 29, 20.0, 0.0625
surrogate, 29, 20.0, 0.0625
surrogate, 29, 20.0, 0.0625
surrogate, 29, 20.0, 0.0625
surrogate, 29, 20.0, 0.0625
surrogate, 29, 20.0, 0.0625
surrogate, 29, 20.0, 0.0625
surrogate, 29, 20.0, 0.0625
surrogate, 29, 20.0, 0.0625
surrogate, 29, 20.0, 0.0625
surrogate, 29, 20.0, 0.0625
surrogate, 29, 20.0, 0.0625
surrogate, 29, 20.0, 0.0625
surrogate, 29, 20.0, 0.0625
surrogate, 29, 20.0, 0.0625
surrogate, 29, 20.0, 0.0625
surrogate, 29, 20.0, 0.0625
surrogate, 29, 20.0, 0.0625
surrogate, 29, 20.0, 0.0625
surrogate, 29, 20.0, 0.0625
surrogate, 29, 20.0, 0.0625
surrogate, 30, 33.0, 0.84375
surrogate, 30, 31.0, 0.71875
surrogate, 30, 31.0, 0.71875
surrogate, 30, 30.0, 0.65625
surrogate, 30, 30.0, 0.65625
surrogate, 30, 30.0, 0.65625
surrogate, 30, 30.0, 0.65625
surrogate, 30, 30.0, 0.65625
surrogate, 30, 30.0, 0.65625
surrogate, 30, 29.0, 0.5625
surrogate, 30, 29.0, 0.5625
surrogate, 30, 29.0, 0.5625
surrogate, 30, 29.0, 0.5625
surrogate, 30, 29.0, 0.5625
surrogate, 30, 29.0, 0.5625
surrogate, 30, 29.0, 0.5625
surrogate, 30, 29.0, 0.5625
surrogate, 30, 29.0, 0.5625
surrogate, 30, 28.0, 0.53125
surrogate, 30, 28.0, 0.53125
surrogate, 30, 28.0, 0.53125
surrogate, 30, 28.0, 0.53125
surrogate, 30, 28.0, 0.53125
surrogate, 30, 28.0, 0.53125
surrogate, 30, 28.0, 0.53125
surrogate, 30, 28.0, 0.53125
surrogate, 30, 28.0, 0.53125
surrogate, 30, 28.0, 0.53125
surrogate, 30, 28.0, 0.53125
surrogate, 30, 28.0, 0.53125
surrogate, 30, 27.0, 0.5
surrogate, 30, 27.0, 0.5
surrogate, 30, 27.0, 0.5
surrogate, 30, 27.0, 0.5
surrogate, 30, 27.0, 0.5
surrogate, 30, 27.0, 0.5
surrogate, 30, 27.0, 0.5
surrogate, 30, 27.0, 0.5
surrogate, 30, 24.0, 0.34375
surrogate, 30, 24.0, 0.34375
surrogate, 30, 24.0, 0.34375
surrogate, 30, 24.0, 0.34375
surrogate, 30, 24.0, 0.34375
surrogate, 30, 24.0, 0.34375
surrogate, 30, 23.0, 0.3125
surrogate, 30, 20.0, 0.0625
surrogate, 30, 20.0, 0.0625
surrogate, 30, 20.0, 0.0625
surrogate, 30, 20.0, 0.0625
surrogate, 30, 20.0, 0.0625
surrogate, 30, 20.0, 0.0625
surrogate, 30, 20.0, 0.0625
surrogate, 30, 20.0, 0.0625
surrogate, 30, 20.0, 0.0625
surrogate, 30, 20.0, 0.0625
surrogate, 30, 20.0, 0.0625
surrogate, 30, 20.0, 0.0625
surrogate, 30, 20.0, 0.0625
surrogate, 30, 20.0, 0.0625
surrogate, 30, 20.0, 0.0625
surrogate, 30, 20.0, 0.0625
surrogate, 30, 20.0, 0.0625
surrogate, 30, 20.0, 0.0625
surrogate, 30, 20.0, 0.0625
surrogate, 30, 20.0, 0.0625
surrogate, 30, 20.0, 0.0625
surrogate, 30, 20.0, 0.0625
surrogate, 30, 20.0, 0.0625
surrogate, 30, 20.0, 0.0625
surrogate, 30, 20.0, 0.0625
surrogate, 30, 20.0, 0.0625
surrogate, 30, 20.0, 0.0625
surrogate, 30, 20.0, 0.0625
surrogate, 31, 33.0, 0.84375
surrogate, 31, 33.0, 0.84375
surrogate, 31, 31.0, 0.71875
surrogate, 31, 31.0, 0.71875
surrogate, 31, 30.0, 0.65625
surrogate, 31, 30.0, 0.65625
surrogate, 31, 30.0, 0.65625
surrogate, 31, 30.0, 0.65625
surrogate, 31, 30.0, 0.65625
surrogate, 31, 30.0, 0.65625
surrogate, 31, 30.0, 0.65625
surrogate, 31, 29.0, 0.5625
surrogate, 31, 29.0, 0.5625
surrogate, 31, 29.0, 0.5625
surrogate, 31, 29.0, 0.5625
surrogate, 31, 29.0, 0.5625
surrogate, 31, 29.0, 0.5625
surrogate, 31, 29.0, 0.5625
surrogate, 31, 29.0, 0.5625
surrogate, 31, 29.0, 0.5625
surrogate, 31, 28.0, 0.53125
surrogate, 31, 28.0, 0.53125
surrogate, 31, 28.0, 0.53125
surrogate, 31, 28.0, 0.53125
surrogate, 31, 28.0, 0.53125
surrogate, 31, 28.0, 0.53125
surrogate, 31, 28.0, 0.53125
surrogate, 31, 28.0, 0.53125
surrogate, 31, 28.0, 0.53125
surrogate, 31, 28.0, 0.53125
surrogate, 31, 28.0, 0.53125
surrogate, 31, 28.0, 0.53125
surrogate, 31, 27.0, 0.5
surrogate, 31, 27.0, 0.5
surrogate, 31, 27.0, 0.5
surrogate, 31, 27.0, 0.5
surrogate, 31, 27.0, 0.5
surrogate, 31, 27.0, 0.5
surrogate, 31, 27.0, 0.5
surrogate, 31, 27.0, 0.5
surrogate, 31, 27.0, 0.5
surrogate, 31, 24.0, 0.34375
surrogate, 31, 24.0, 0.34375
surrogate, 31, 24.0, 0.34375
surrogate, 31, 24.0, 0.34375
surrogate, 31, 24.0, 0.34375
surrogate, 31, 24.0, 0.34375
surrogate, 31, 24.0, 0.34375
surrogate, 31, 23.0, 0.3125
surrogate, 31, 20.0, 0.0625
surrogate, 31, 20.0, 0.0625
surrogate, 31, 20.0, 0.0625
surrogate, 31, 20.0, 0.0625
surrogate, 31, 20.0, 0.0625
surrogate, 31, 20.0, 0.0625
surrogate, 31, 20.0, 0.0625
surrogate, 31, 20.0, 0.0625
surrogate, 31, 20.0, 0.0625
surrogate, 31, 20.0, 0.0625
surrogate, 31, 20.0, 0.0625
surrogate, 31, 20.0, 0.0625
surrogate, 31, 20.0, 0.0625
surrogate, 31, 20.0, 0.0625
surrogate, 31, 20.0, 0.0625
surrogate, 31, 20.0, 0.0625
surrogate, 31, 20.0, 0.0625
surrogate, 31, 20.0, 0.0625
surrogate, 31, 20.0, 0.0625
surrogate, 31, 20.0, 0.0625
surrogate, 31, 20.0, 0.0625
surrogate, 31, 20.0, 0.0625
surrogate, 31, 20.0, 0.0625
surrogate, 31, 20.0, 0.0625
surrogate, 31, 20.0, 0.0625
surrogate, 31, 20.0, 0.0625
surrogate, 31, 20.0, 0.0625
surrogate, 31, 20.0, 0.0625
surrogate, 31, 20.0, 0.0625
surrogate, 32, 35.0, 0.9375
surrogate, 32, 32.0, 0.84375
surrogate, 32, 31.0, 0.71875
surrogate, 32, 31.0, 0.71875
surrogate, 32, 30.0, 0.65625
surrogate, 32, 30.0, 0.65625
surrogate, 32, 30.0, 0.65625
surrogate, 32, 30.0, 0.65625
surrogate, 32, 30.0, 0.65625
surrogate, 32, 30.0, 0.65625
surrogate, 32, 30.0, 0.65625
surrogate, 32, 30.0, 0.65625
surrogate, 32, 29.0, 0.5625
surrogate, 32, 29.0, 0.5625
surrogate, 32, 29.0, 0.5625
surrogate, 32, 29.0, 0.5625
surrogate, 32, 29.0, 0.5625
surrogate, 32, 29.0, 0.5625
surrogate, 32, 29.0, 0.5625
surrogate, 32, 29.0, 0.5625
surrogate, 32, 29.0, 0.5625
surrogate, 32, 29.0, 0.5625
surrogate, 32, 28.0, 0.53125
surrogate, 32, 28.0, 0.53125
surrogate, 32, 28.0, 0.53125
surrogate, 32, 28.0, 0.53125
surrogate, 32, 28.0, 0.53125
surrogate, 32, 28.0, 0.53125
surrogate, 32, 28.0, 0.53125
surrogate, 32, 28.0, 0.53125
surrogate, 32, 28.0, 0.53125
surrogate, 32, 28.0, 0.53125
surrogate, 32, 28.0, 0.53125
surrogate, 32, 28.0, 0.53125
surrogate, 32, 28.0, 0.53125
surrogate, 32, 27.0, 0.5
surrogate, 32, 27.0, 0.5
surrogate, 32, 27.0, 0.5
surrogate, 32, 27.0, 0.5
surrogate, 32, 27.0, 0.5
surrogate, 32, 27.0, 0.5
surrogate, 32, 27.0, 0.5
surrogate, 32, 27.0, 0.5
surrogate, 32, 27.0, 0.5
surrogate, 32, 27.0, 0.5
surrogate, 32, 24.0, 0.34375
surrogate, 32, 24.0, 0.34375
surrogate, 32, 24.0, 0.34375
surrogate, 32, 24.0, 0.34375
surrogate, 32, 24.0, 0.34375
surrogate, 32, 24.0, 0.34375
surrogate, 32, 24.0, 0.34375
surrogate, 32, 23.0, 0.3125
surrogate, 32, 20.0, 0.0625
surrogate, 32, 20.0, 0.0625
surrogate, 32, 20.0, 0.0625
surrogate, 32, 20.0, 0.0625
surrogate, 32, 20.0, 0.0625
surrogate, 32, 20.0, 0.0625
surrogate, 32, 20.0, 0.0625
surrogate, 32, 20.0, 0.0625
surrogate, 32, 20.0, 0.0625
surrogate, 32, 20.0, 0.0625
surrogate, 32, 20.0, 0.0625
surrogate, 32, 20.0, 0.0625
surrogate, 32, 20.0, 0.0625
surrogate, 32, 20.0, 0.0625
surrogate, 32, 20.0, 0.0625
surrogate, 32, 20.0, 0.0625
surrogate, 32, 20.0, 0.0625
surrogate, 32, 20.0, 0.0625
surrogate, 32, 20.0, 0.0625
surrogate, 32, 20.0, 0.0625
surrogate, 32, 20.0, 0.0625
surrogate, 32, 20.0, 0.0625
surrogate, 32, 20.0, 0.0625
surrogate, 32, 20.0, 0.0625
surrogate, 32, 20.0, 0.0625
surrogate, 32, 20.0, 0.0625
surrogate, 32, 20.0, 0.0625
surrogate, 32, 20.0, 0.0625
surrogate, 32, 20.0, 0.0625
surrogate, 32, 20.0, 0.0625
surrogate, 33, 35.0, 0.9375
surrogate, 33, 32.0, 0.84375
surrogate, 33, 31.0, 0.71875
surrogate, 33, 31.0, 0.71875
surrogate, 33, 30.0, 0.65625
surrogate, 33, 30.0, 0.65625
surrogate, 33, 30.0, 0.65625
surrogate, 33, 30.0, 0.65625
surrogate, 33, 30.0, 0.65625
surrogate, 33, 30.0, 0.65625
surrogate, 33, 30.0, 0.65625
surrogate, 33, 30.0, 0.65625
surrogate, 33, 29.0, 0.5625
surrogate, 33, 29.0, 0.5625
surrogate, 33, 29.0, 0.5625
surrogate, 33, 29.0, 0.5625
surrogate, 33, 29.0, 0.5625
surrogate, 33, 29.0, 0.5625
surrogate, 33, 29.0, 0.5625
surrogate, 33, 29.0, 0.5625
surrogate, 33, 29.0, 0.5625
surrogate, 33, 29.0, 0.5625
surrogate, 33, 29.0, 0.5625
surrogate, 33, 28.0, 0.53125
surrogate, 33, 28.0, 0.53125
surrogate, 33, 28.0, 0.53125
surrogate, 33, 28.0, 0.53125
surrogate, 33, 28.0, 0.53125
surrogate, 33, 28.0, 0.53125
surrogate, 33, 28.0, 0.53125
surrogate, 33, 28.0, 0.53125
surrogate, 33, 28.0, 0.53125
surrogate, 33, 28.0, 0.53125
surrogate, 33, 28.0, 0.53125
surrogate, 33, 28.0, 0.53125
surrogate, 33, 28.0, 0.53125
surrogate, 33, 28.0, 0.53125
surrogate, 33, 27.0, 0.5
surrogate, 33, 27.0, 0.5
surrogate, 33, 27.0, 0.5
surrogate, 33, 27.0, 0.5
surrogate, 33, 27.0, 0.5
surrogate, 33, 27.0, 0.5
surrogate, 33, 27.0, 0.5
surrogate, 33, 27.0, 0.5
surrogate, 33, 27.0, 0.5
surrogate, 33, 27.0, 0.5
surrogate, 33, 24.0, 0.34375
surrogate, 33, 24.0, 0.34375
surrogate, 33, 24.0, 0.34375
surrogate, 33, 24.0, 0.34375
surrogate, 33, 24.0, 0.34375
surrogate, 33, 24.0, 0.34375
surrogate, 33, 24.0, 0.34375
surrogate, 33, 23.0, 0.3125
surrogate, 33, 23.0, 0.3125
surrogate, 33, 20.0, 0.0625
surrogate, 33, 20.0, 0.0625
surrogate, 33, 20.0, 0.0625
surrogate, 33, 20.0, 0.0625
surrogate, 33, 20.0, 0.0625
surrogate, 33, 20.0, 0.0625
surrogate, 33, 20.0, 0.0625
surrogate, 33, 20.0, 0.0625
surrogate, 33, 20.0, 0.0625
surrogate, 33, 20.0, 0.0625
surrogate, 33, 20.0, 0.0625
surrogate, 33, 20.0, 0.0625
surrogate, 33, 20.0, 0.0625
surrogate, 33, 20.0, 0.0625
surrogate, 33, 20.0, 0.0625
surrogate, 33, 20.0, 0.0625
surrogate, 33, 20.0, 0.0625
surrogate, 33, 20.0, 0.0625
surrogate, 33, 20.0, 0.0625
surrogate, 33, 20.0, 0.0625
surrogate, 33, 20.0, 0.0625
surrogate, 33, 20.0, 0.0625
surrogate, 33, 20.0, 0.0625
surrogate, 33, 20.0, 0.0625
surrogate, 33, 20.0, 0.0625
surrogate, 33, 20.0, 0.0625
surrogate, 33, 20.0, 0.0625
surrogate, 33, 20.0, 0.0625
surrogate, 33, 20.0, 0.0625
surrogate, 33, 20.0, 0.0625
surrogate, 34, 33.0, 0.9375
surrogate, 34, 32.0, 0.84375
surrogate, 34, 31.0, 0.71875
surrogate, 34, 31.0, 0.71875
surrogate, 34, 30.0, 0.65625
surrogate, 34, 30.0, 0.65625
surrogate, 34, 30.0, 0.65625
surrogate, 34, 30.0, 0.65625
surrogate, 34, 30.0, 0.65625
surrogate, 34, 30.0, 0.65625
surrogate, 34, 30.0, 0.65625
surrogate, 34, 30.0, 0.65625
surrogate, 34, 29.0, 0.5625
surrogate, 34, 29.0, 0.5625
surrogate, 34, 29.0, 0.5625
surrogate, 34, 29.0, 0.5625
surrogate, 34, 29.0, 0.5625
surrogate, 34, 29.0, 0.5625
surrogate, 34, 29.0, 0.5625
surrogate, 34, 29.0, 0.5625
surrogate, 34, 29.0, 0.5625
surrogate, 34, 29.0, 0.5625
surrogate, 34, 29.0, 0.5625
surrogate, 34, 28.0, 0.53125
surrogate, 34, 28.0, 0.53125
surrogate, 34, 28.0, 0.53125
surrogate, 34, 28.0, 0.53125
surrogate, 34, 28.0, 0.53125
surrogate, 34, 28.0, 0.53125
surrogate, 34, 28.0, 0.53125
surrogate, 34, 28.0, 0.53125
surrogate, 34, 28.0, 0.53125
surrogate, 34, 28.0, 0.53125
surrogate, 34, 28.0, 0.53125
surrogate, 34, 28.0, 0.53125
surrogate, 34, 28.0, 0.53125
surrogate, 34, 28.0, 0.53125
surrogate, 34, 28.0, 0.53125
surrogate, 34, 27.0, 0.5
surrogate, 34, 27.0, 0.5
surrogate, 34, 27.0, 0.5
surrogate, 34, 27.0, 0.5
surrogate, 34, 27.0, 0.5
surrogate, 34, 27.0, 0.5
surrogate, 34, 27.0, 0.5
surrogate, 34, 27.0, 0.5
surrogate, 34, 27.0, 0.5
surrogate, 34, 27.0, 0.5
surrogate, 34, 24.0, 0.34375
surrogate, 34, 24.0, 0.34375
surrogate, 34, 24.0, 0.34375
surrogate, 34, 24.0, 0.34375
surrogate, 34, 24.0, 0.34375
surrogate, 34, 24.0, 0.34375
surrogate, 34, 24.0, 0.34375
surrogate, 34, 24.0, 0.34375
surrogate, 34, 23.0, 0.3125
surrogate, 34, 23.0, 0.3125
surrogate, 34, 20.0, 0.0625
surrogate, 34, 20.0, 0.0625
surrogate, 34, 20.0, 0.0625
surrogate, 34, 20.0, 0.0625
surrogate, 34, 20.0, 0.0625
surrogate, 34, 20.0, 0.0625
surrogate, 34, 20.0, 0.0625
surrogate, 34, 20.0, 0.0625
surrogate, 34, 20.0, 0.0625
surrogate, 34, 20.0, 0.0625
surrogate, 34, 20.0, 0.0625
surrogate, 34, 20.0, 0.0625
surrogate, 34, 20.0, 0.0625
surrogate, 34, 20.0, 0.0625
surrogate, 34, 20.0, 0.0625
surrogate, 34, 20.0, 0.0625
surrogate, 34, 20.0, 0.0625
surrogate, 34, 20.0, 0.0625
surrogate, 34, 20.0, 0.0625
surrogate, 34, 20.0, 0.0625
surrogate, 34, 20.0, 0.0625
surrogate, 34, 20.0, 0.0625
surrogate, 34, 20.0, 0.0625
surrogate, 34, 20.0, 0.0625
surrogate, 34, 20.0, 0.0625
surrogate, 34, 20.0, 0.0625
surrogate, 34, 20.0, 0.0625
surrogate, 34, 20.0, 0.0625
surrogate, 34, 20.0, 0.0625
surrogate, 34, 20.0, 0.0625
surrogate, 34, 20.0, 0.0625
surrogate, 35, 33.0, 0.9375
surrogate, 35, 32.0, 0.84375
surrogate, 35, 32.0, 0.84375
surrogate, 35, 31.0, 0.71875
surrogate, 35, 31.0, 0.71875
surrogate, 35, 30.0, 0.65625
surrogate, 35, 30.0, 0.65625
surrogate, 35, 30.0, 0.65625
surrogate, 35, 30.0, 0.65625
surrogate, 35, 30.0, 0.65625
surrogate, 35, 30.0, 0.65625
surrogate, 35, 30.0, 0.65625
surrogate, 35, 30.0, 0.65625
surrogate, 35, 30.0, 0.65625
surrogate, 35, 29.0, 0.5625
surrogate, 35, 29.0, 0.5625
surrogate, 35, 29.0, 0.5625
surrogate, 35, 29.0, 0.5625
surrogate, 35, 29.0, 0.5625
surrogate, 35, 29.0, 0.5625
surrogate, 35, 29.0, 0.5625
surrogate, 35, 29.0, 0.5625
surrogate, 35, 29.0, 0.5625
surrogate, 35, 29.0, 0.5625
surrogate, 35, 29.0, 0.5625
surrogate, 35, 28.0, 0.53125
surrogate, 35, 28.0, 0.53125
surrogate, 35, 28.0, 0.53125
surrogate, 35, 28.0, 0.53125
surrogate, 35, 28.0, 0.53125
surrogate, 35, 28.0, 0.53125
surrogate, 35, 28.0, 0.53125
surrogate, 35, 28.0, 0.53125
surrogate, 35, 28.0, 0.53125
surrogate, 35, 28.0, 0.53125
surrogate, 35, 28.0, 0.53125
surrogate, 35, 28.0, 0.53125
surrogate, 35, 28.0, 0.53125
surrogate, 35, 28.0, 0.53125
surrogate, 35, 28.0, 0.53125
surrogate, 35, 27.0, 0.5
surrogate, 35, 27.0, 0.5
surrogate, 35, 27.0, 0.5
surrogate, 35, 27.0, 0.5
surrogate, 35, 27.0, 0.5
surrogate, 35, 27.0, 0.5
surrogate, 35, 27.0, 0.5
surrogate, 35, 27.0, 0.5
surrogate, 35, 27.0, 0.5
surrogate, 35, 27.0, 0.5
surrogate, 35, 24.0, 0.34375
surrogate, 35, 24.0, 0.34375
surrogate, 35, 24.0, 0.34375
surrogate, 35, 24.0, 0.34375
surrogate, 35, 24.0, 0.34375
surrogate, 35, 24.0, 0.34375
surrogate, 35, 24.0, 0.34375
surrogate, 35, 24.0, 0.34375
surrogate, 35, 23.0, 0.3125
surrogate, 35, 23.0, 0.3125
surrogate, 35, 23.0, 0.3125
surrogate, 35, 20.0, 0.0625
surrogate, 35, 20.0, 0.0625
surrogate, 35, 20.0, 0.0625
surrogate, 35, 20.0, 0.0625
surrogate, 35, 20.0, 0.0625
surrogate, 35, 20.0, 0.0625
surrogate, 35, 20.0, 0.0625
surrogate, 35, 20.0, 0.0625
surrogate, 35, 20.0, 0.0625
surrogate, 35, 20.0, 0.0625
surrogate, 35, 20.0, 0.0625
surrogate, 35, 20.0, 0.0625
surrogate, 35, 20.0, 0.0625
surrogate, 35, 20.0, 0.0625
surrogate, 35, 20.0, 0.0625
surrogate, 35, 20.0, 0.0625
surrogate, 35, 20.0, 0.0625
surrogate, 35, 20.0, 0.0625
surrogate, 35, 20.0, 0.0625
surrogate, 35, 20.0, 0.0625
surrogate, 35, 20.0, 0.0625
surrogate, 35, 20.0, 0.0625
surrogate, 35, 20.0, 0.0625
surrogate, 35, 20.0, 0.0625
surrogate, 35, 20.0, 0.0625
surrogate, 35, 20.0, 0.0625
surrogate, 35, 20.0, 0.0625
surrogate, 35, 20.0, 0.0625
surrogate, 35, 20.0, 0.0625
surrogate, 35, 20.0, 0.0625
surrogate, 35, 20.0, 0.0625
surrogate, 35, 20.0, 0.0625
surrogate, 36, 33.0, 0.9375
surrogate, 36, 32.0, 0.84375
surrogate, 36, 32.0, 0.84375
surrogate, 36, 31.0, 0.71875
surrogate, 36, 31.0, 0.71875
surrogate, 36, 31.0, 0.71875
surrogate, 36, 30.0, 0.65625
surrogate, 36, 30.0, 0.65625
surrogate, 36, 30.0, 0.65625
surrogate, 36, 30.0, 0.65625
surrogate, 36, 30.0, 0.65625
surrogate, 36, 30.0, 0.65625
surrogate, 36, 30.0, 0.65625
surrogate, 36, 30.0, 0.65625
surrogate, 36, 30.0, 0.65625
surrogate, 36, 30.0, 0.65625
surrogate, 36, 29.0, 0.5625
surrogate, 36, 29.0, 0.5625
surrogate, 36, 29.0, 0.5625
surrogate, 36, 29.0, 0.5625
surrogate, 36, 29.0, 0.5625
surrogate, 36, 29.0, 0.5625
surrogate, 36, 29.0, 0.5625
surrogate, 36, 29.0, 0.5625
surrogate, 36, 29.0, 0.5625
surrogate, 36, 29.0, 0.5625
surrogate, 36, 29.0, 0.5625
surrogate, 36, 27.0, 0.53125
surrogate, 36, 24.0, 0.34375
surrogate, 36, 24.0, 0.34375
surrogate, 36, 24.0, 0.34375
surrogate, 36, 24.0, 0.34375
surrogate, 36, 24.0, 0.34375
surrogate, 36, 24.0, 0.34375
surrogate, 36, 24.0, 0.34375
surrogate, 36, 24.0, 0.34375
surrogate, 36, 23.0, 0.3125
surrogate, 36, 23.0, 0.3125
surrogate, 36, 23.0, 0.3125
surrogate, 36, 23.0, 0.3125
surrogate, 36, 20.0, 0.0625
surrogate, 36, 20.0, 0.0625
surrogate, 36, 20.0, 0.0625
surrogate, 36, 20.0, 0.0625
surrogate, 36, 20.0, 0.0625
surrogate, 36, 20.0, 0.0625
surrogate, 36, 20.0, 0.0625
surrogate, 36, 20.0, 0.0625
surrogate, 36, 20.0, 0.0625
surrogate, 36, 20.0, 0.0625
surrogate, 36, 20.0, 0.0625
surrogate, 36, 20.0, 0.0625
surrogate, 36, 20.0, 0.0625
surrogate, 36, 20.0, 0.0625
surrogate, 36, 20.0, 0.0625
surrogate, 36, 20.0, 0.0625
surrogate, 36, 20.0, 0.0625
surrogate, 36, 20.0, 0.0625
surrogate, 36, 20.0, 0.0625
surrogate, 36, 20.0, 0.0625
surrogate, 36, 20.0, 0.0625
surrogate, 36, 20.0, 0.0625
surrogate, 36, 20.0, 0.0625
surrogate, 36, 20.0, 0.0625
surrogate, 36, 20.0, 0.0625
surrogate, 36, 20.0, 0.0625
surrogate, 36, 20.0, 0.0625
surrogate, 36, 20.0, 0.0625
surrogate, 36, 20.0, 0.0625
surrogate, 36, 20.0, 0.0625
surrogate, 36, 20.0, 0.0625
surrogate, 36, 20.0, 0.0625
surrogate, 36, 20.0, 0.0625
surrogate, 37, 33.0, 0.9375
surrogate, 37, 32.0, 0.84375
surrogate, 37, 32.0, 0.84375
surrogate, 37, 32.0, 0.84375
surrogate, 37, 31.0, 0.71875
surrogate, 37, 31.0, 0.71875
surrogate, 37, 31.0, 0.71875
surrogate, 37, 30.0, 0.65625
surrogate, 37, 30.0, 0.65625
surrogate, 37, 30.0, 0.65625
surrogate, 37, 30.0, 0.65625
surrogate, 37, 30.0, 0.65625
surrogate, 37, 30.0, 0.65625
surrogate, 37, 30.0, 0.65625
surrogate, 37, 30.0, 0.65625
surrogate, 37, 30.0, 0.65625
surrogate, 37, 30.0, 0.65625
surrogate, 37, 28.0, 0.5625
surrogate, 37, 27.0, 0.53125
surrogate, 37, 27.0, 0.53125
surrogate, 37, 24.0, 0.34375
surrogate, 37, 24.0, 0.34375
surrogate, 37, 24.0, 0.34375
surrogate, 37, 24.0, 0.34375
surrogate, 37, 24.0, 0.34375
surrogate, 37, 24.0, 0.34375
surrogate, 37, 24.0, 0.34375
surrogate, 37, 24.0, 0.34375
surrogate, 37, 24.0, 0.34375
surrogate, 37, 23.0, 0.3125
surrogate, 37, 23.0, 0.3125
surrogate, 37, 23.0, 0.3125
surrogate, 37, 23.0, 0.3125
surrogate, 37, 20.0, 0.0625
surrogate, 37, 20.0, 0.0625
surrogate, 37, 20.0, 0.0625
surrogate, 37, 20.0, 0.0625
surrogate, 37, 20.0, 0.0625
surrogate, 37, 20.0, 0.0625
surrogate, 37, 20.0, 0.0625
surrogate, 37, 20.0, 0.0625
surrogate, 37, 20.0, 0.0625
surrogate, 37, 20.0, 0.0625
surrogate, 37, 20.0, 0.0625
surrogate, 37, 20.0, 0.0625
surrogate, 37, 20.0, 0.0625
surrogate, 37, 20.0, 0.0625
surrogate, 37, 20.0, 0.0625
surrogate, 37, 20.0, 0.0625
surrogate, 37, 20.0, 0.0625
surrogate, 37, 20.0, 0.0625
surrogate, 37, 20.0, 0.0625
surrogate, 37, 20.0, 0.0625
surrogate, 37, 20.0, 0.0625
surrogate, 37, 20.0, 0.0625
surrogate, 37, 20.0, 0.0625
surrogate, 37, 20.0, 0.0625
surrogate, 37, 20.0, 0.0625
surrogate, 37, 20.0, 0.0625
surrogate, 37, 20.0, 0.0625
surrogate, 37, 20.0, 0.0625
surrogate, 37, 20.0, 0.0625
surrogate, 37, 20.0, 0.0625
surrogate, 37, 20.0, 0.0625
surrogate, 37, 20.0, 0.0625
surrogate, 37, 20.0, 0.0625
surrogate, 37, 20.0, 0.0625
surrogate, 38, 33.0, 0.9375
surrogate, 38, 32.0, 0.84375
surrogate, 38, 32.0, 0.84375
surrogate, 38, 32.0, 0.84375
surrogate, 38, 31.0, 0.71875
surrogate, 38, 31.0, 0.71875
surrogate, 38, 31.0, 0.71875
surrogate, 38, 30.0, 0.65625
surrogate, 38, 30.0, 0.65625
surrogate, 38, 30.0, 0.65625
surrogate, 38, 30.0, 0.65625
surrogate, 38, 30.0, 0.65625
surrogate, 38, 30.0, 0.65625
surrogate, 38, 30.0, 0.65625
surrogate, 38, 30.0, 0.65625
surrogate, 38, 30.0, 0.65625
surrogate, 38, 30.0, 0.65625
surrogate, 38, 30.0, 0.65625
surrogate, 38, 28.0, 0.5625
surrogate, 38, 27.0, 0.53125
surrogate, 38, 27.0, 0.53125
surrogate, 38, 24.0, 0.34375
surrogate, 38, 24.0, 0.34375
surrogate, 38, 24.0, 0.34375
surrogate, 38, 24.0, 0.34375
surrogate, 38, 24.0, 0.34375
surrogate, 38, 24.0, 0.34375
surrogate, 38, 24.0, 0.34375
surrogate, 38, 24.0, 0.34375
surrogate, 38, 24.0, 0.34375
surrogate, 38, 24.0, 0.34375
surrogate, 38, 23.0, 0.3125
surrogate, 38, 23.0, 0.3125
surrogate, 38, 23.0, 0.3125
surrogate, 38, 23.0, 0.3125
surrogate, 38, 20.0, 0.0625
surrogate, 38, 20.0, 0.0625
surrogate, 38, 20.0, 0.0625
surrogate, 38, 20.0, 0.0625
surrogate, 38, 20.0, 0.0625
surrogate, 38, 20.0, 0.0625
surrogate, 38, 20.0, 0.0625
surrogate, 38, 20.0, 0.0625
surrogate, 38, 20.0, 0.0625
surrogate, 38, 20.0, 0.0625
surrogate, 38, 20.0, 0.0625
surrogate, 38, 20.0, 0.0625
surrogate, 38, 20.0, 0.0625
surrogate, 38, 20.0, 0.0625
surrogate, 38, 20.0, 0.0625
surrogate, 38, 20.0, 0.0625
surrogate, 38, 20.0, 0.0625
surrogate, 38, 20.0, 0.0625
surrogate, 38, 20.0, 0.0625
surrogate, 38, 20.0, 0.0625
surrogate, 38, 20.0, 0.0625
surrogate, 38, 20.0, 0.0625
surrogate, 38, 20.0, 0.0625
surrogate, 38, 20.0, 0.0625
surrogate, 38, 20.0, 0.0625
surrogate, 38, 20.0, 0.0625
surrogate, 38, 20.0, 0.0625
surrogate, 38, 20.0, 0.0625
surrogate, 38, 20.0, 0.0625
surrogate, 38, 20.0, 0.0625
surrogate, 38, 20.0, 0.0625
surrogate, 38, 20.0, 0.0625
surrogate, 38, 20.0, 0.0625
surrogate, 38, 20.0, 0.0625
surrogate, 39, 33.0, 0.9375
surrogate, 39, 33.0, 0.9375
surrogate, 39, 32.0, 0.84375
surrogate, 39, 32.0, 0.84375
surrogate, 39, 32.0, 0.84375
surrogate, 39, 32.0, 0.84375
surrogate, 39, 31.0, 0.71875
surrogate, 39, 31.0, 0.71875
surrogate, 39, 31.0, 0.71875
surrogate, 39, 31.0, 0.71875
surrogate, 39, 30.0, 0.65625
surrogate, 39, 30.0, 0.65625
surrogate, 39, 30.0, 0.65625
surrogate, 39, 30.0, 0.65625
surrogate, 39, 30.0, 0.65625
surrogate, 39, 30.0, 0.65625
surrogate, 39, 30.0, 0.65625
surrogate, 39, 30.0, 0.65625
surrogate, 39, 30.0, 0.65625
surrogate, 39, 30.0, 0.65625
surrogate, 39, 30.0, 0.65625
surrogate, 39, 30.0, 0.65625
surrogate, 39, 28.0, 0.5625
surrogate, 39, 28.0, 0.5625
surrogate, 39, 27.0, 0.53125
surrogate, 39, 27.0, 0.53125
surrogate, 39, 27.0, 0.53125
surrogate, 39, 24.0, 0.34375
surrogate, 39, 24.0, 0.34375
surrogate, 39, 24.0, 0.34375
surrogate, 39, 24.0, 0.34375
surrogate, 39, 24.0, 0.34375
surrogate, 39, 24.0, 0.34375
surrogate, 39, 24.0, 0.34375
surrogate, 39, 24.0, 0.34375
surrogate, 39, 24.0, 0.34375
surrogate, 39, 24.0, 0.34375
surrogate, 39, 23.0, 0.3125
surrogate, 39, 23.0, 0.3125
surrogate, 39, 23.0, 0.3125
surrogate, 39, 23.0, 0.3125
surrogate, 39, 23.0, 0.3125
surrogate, 39, 20.0, 0.0625
surrogate, 39, 20.0, 0.0625
surrogate, 39, 20.0, 0.0625
surrogate, 39, 20.0, 0.0625
surrogate, 39, 20.0, 0.0625
surrogate, 39, 20.0, 0.0625
surrogate, 39, 20.0, 0.0625
surrogate, 39, 20.0, 0.0625
surrogate, 39, 20.0, 0.0625
surrogate, 39, 20.0, 0.0625
surrogate, 39, 20.0, 0.0625
surrogate, 39, 20.0, 0.0625
surrogate, 39, 20.0, 0.0625
surrogate, 39, 20.0, 0.0625
surrogate, 39, 20.0, 0.0625
surrogate, 39, 20.0, 0.0625
surrogate, 39, 20.0, 0.0625
surrogate, 39, 20.0, 0.0625
surrogate, 39, 20.0, 0.0625
surrogate, 39, 20.0, 0.0625
surrogate, 39, 20.0, 0.0625
surrogate, 39, 20.0, 0.0625
surrogate, 39, 20.0, 0.0625
surrogate, 39, 20.0, 0.0625
surrogate, 39, 20.0, 0.0625
surrogate, 39, 20.0, 0.0625
surrogate, 39, 20.0, 0.0625
surrogate, 39, 20.0, 0.0625
surrogate, 39, 20.0, 0.0625
surrogate, 39, 20.0, 0.0625
surrogate, 39, 20.0, 0.0625
surrogate, 39, 20.0, 0.0625
surrogate, 39, 20.0, 0.0625
surrogate, 39, 20.0, 0.0625
surrogate, 39, 20.0, 0.0625
surrogate, 40, 33.0, 0.9375
surrogate, 40, 33.0, 0.9375
surrogate, 40, 32.0, 0.84375
surrogate, 40, 32.0, 0.84375
surrogate, 40, 32.0, 0.84375
surrogate, 40, 32.0, 0.84375
surrogate, 40, 31.0, 0.71875
surrogate, 40, 31.0, 0.71875
surrogate, 40, 31.0, 0.71875
surrogate, 40, 31.0, 0.71875
surrogate, 40, 30.0, 0.65625
surrogate, 40, 30.0, 0.65625
surrogate, 40, 30.0, 0.65625
surrogate, 40, 30.0, 0.65625
surrogate, 40, 30.0, 0.65625
surrogate, 40, 30.0, 0.65625
surrogate, 40, 30.0, 0.65625
surrogate, 40, 30.0, 0.65625
surrogate, 40, 30.0, 0.65625
surrogate, 40, 30.0, 0.65625
surrogate, 40, 30.0, 0.65625
surrogate, 40, 30.0, 0.65625
surrogate, 40, 28.0, 0.5625
surrogate, 40, 28.0, 0.5625
surrogate, 40, 28.0, 0.5625
surrogate, 40, 27.0, 0.53125
surrogate, 40, 27.0, 0.53125
surrogate, 40, 27.0, 0.53125
surrogate, 40, 27.0, 0.53125
surrogate, 40, 24.0, 0.34375
surrogate, 40, 24.0, 0.34375
surrogate, 40, 24.0, 0.34375
surrogate, 40, 24.0, 0.34375
surrogate, 40, 24.0, 0.34375
surrogate, 40, 24.0, 0.34375
surrogate, 40, 24.0, 0.34375
surrogate, 40, 24.0, 0.34375
surrogate, 40, 24.0, 0.34375
surrogate, 40, 24.0, 0.34375
surrogate, 40, 23.0, 0.3125
surrogate, 40, 23.0, 0.3125
surrogate, 40, 23.0, 0.3125
surrogate, 40, 23.0, 0.3125
surrogate, 40, 23.0, 0.3125
surrogate, 40, 23.0, 0.3125
surrogate, 40, 20.0, 0.0625
surrogate, 40, 20.0, 0.0625
surrogate, 40, 20.0, 0.0625
surrogate, 40, 20.0, 0.0625
surrogate, 40, 20.0, 0.0625
surrogate, 40, 20.0, 0.0625
surrogate, 40, 20.0, 0.0625
surrogate, 40, 20.0, 0.0625
surrogate, 40, 20.0, 0.0625
surrogate, 40, 20.0, 0.0625
surrogate, 40, 20.0, 0.0625
surrogate, 40, 20.0, 0.0625
surrogate, 40, 20.0, 0.0625
surrogate, 40, 20.0, 0.0625
surrogate, 40, 20.0, 0.0625
surrogate, 40, 20.0, 0.0625
surrogate, 40, 20.0, 0.0625
surrogate, 40, 20.0, 0.0625
surrogate, 40, 20.0, 0.0625
surrogate, 40, 20.0, 0.0625
surrogate, 40, 20.0, 0.0625
surrogate, 40, 20.0, 0.0625
surrogate, 40, 20.0, 0.0625
surrogate, 40, 20.0, 0.0625
surrogate, 40, 20.0, 0.0625
surrogate, 40, 20.0, 0.0625
surrogate, 40, 20.0, 0.0625
surrogate, 40, 20.0, 0.0625
surrogate, 40, 20.0, 0.0625
surrogate, 40, 20.0, 0.0625
surrogate, 40, 20.0, 0.0625
surrogate, 40, 20.0, 0.0625
surrogate, 40, 20.0, 0.0625
surrogate, 40, 20.0, 0.0625
surrogate, 40, 20.0, 0.0625
surrogate, 41, 33.0, 0.9375
surrogate, 41, 33.0, 0.9375
surrogate, 41, 32.0, 0.84375
surrogate, 41, 32.0, 0.84375
surrogate, 41, 32.0, 0.84375
surrogate, 41, 32.0, 0.84375
surrogate, 41, 30.0, 0.71875
surrogate, 41, 28.0, 0.5625
surrogate, 41, 28.0, 0.5625
surrogate, 41, 28.0, 0.5625
surrogate, 41, 28.0, 0.5625
surrogate, 41, 27.0, 0.53125
surrogate, 41, 27.0, 0.53125
surrogate, 41, 27.0, 0.53125
surrogate, 41, 27.0, 0.53125
surrogate, 41, 27.0, 0.53125
surrogate, 41, 24.0, 0.34375
surrogate, 41, 24.0, 0.34375
surrogate, 41, 24.0, 0.34375
surrogate, 41, 24.0, 0.34375
surrogate, 41, 24.0, 0.34375
surrogate, 41, 24.0, 0.34375
surrogate, 41, 24.0, 0.34375
surrogate, 41, 24.0, 0.34375
surrogate, 41, 24.0, 0.34375
surrogate, 41, 24.0, 0.34375
surrogate, 41, 24.0, 0.34375
surrogate, 41, 23.0, 0.3125
surrogate, 41, 23.0, 0.3125
surrogate, 41, 23.0, 0.3125
surrogate, 41, 23.0, 0.3125
surrogate, 41, 23.0, 0.3125
surrogate, 41, 23.0, 0.3125
surrogate, 41, 20.0, 0.0625
surrogate, 41, 20.0, 0.0625
surrogate, 41, 20.0, 0.0625
surrogate, 41, 20.0, 0.0625
surrogate, 41, 20.0, 0.0625
surrogate, 41, 20.0, 0.0625
surrogate, 41, 20.0, 0.0625
surrogate, 41, 20.0, 0.0625
surrogate, 41, 20.0, 0.0625
surrogate, 41, 20.0, 0.0625
surrogate, 41, 20.0, 0.0625
surrogate, 41, 20.0, 0.0625
surrogate, 41, 20.0, 0.0625
surrogate, 41, 20.0, 0.0625
surrogate, 41, 20.0, 0.0625
surrogate, 41, 20.0, 0.0625
surrogate, 41, 20.0, 0.0625
surrogate, 41, 20.0, 0.0625
surrogate, 41, 20.0, 0.0625
surrogate, 41, 20.0, 0.0625
surrogate, 41, 20.0, 0.0625
surrogate, 41, 20.0, 0.0625
surrogate, 41, 20.0, 0.0625
surrogate, 41, 20.0, 0.0625
surrogate, 41, 20.0, 0.0625
surrogate, 41, 20.0, 0.0625
surrogate, 41, 20.0, 0.0625
surrogate, 41, 20.0, 0.0625
surrogate, 41, 20.0, 0.0625
surrogate, 41, 20.0, 0.0625
surrogate, 41, 20.0, 0.0625
surrogate, 41, 20.0, 0.0625
surrogate, 41, 20.0, 0.0625
surrogate, 41, 20.0, 0.0625
surrogate, 41, 20.0, 0.0625
surrogate, 41, 20.0, 0.0625
surrogate, 41, 20.0, 0.0625
surrogate, 41, 20.0, 0.0625
surrogate, 42, 33.0, 0.9375
surrogate, 42, 33.0, 0.9375
surrogate, 42, 32.0, 0.84375
surrogate, 42, 32.0, 0.84375
surrogate, 42, 32.0, 0.84375
surrogate, 42, 32.0, 0.84375
surrogate, 42, 30.0, 0.71875
surrogate, 42, 28.0, 0.5625
surrogate, 42, 28.0, 0.5625
surrogate, 42, 28.0, 0.5625
surrogate, 42, 28.0, 0.5625
surrogate, 42, 27.0, 0.53125
surrogate, 42, 27.0, 0.53125
surrogate, 42, 27.0, 0.53125
surrogate, 42, 27.0, 0.53125
surrogate, 42, 27.0, 0.53125
surrogate, 42, 24.0, 0.34375
surrogate, 42, 24.0, 0.34375
surrogate, 42, 24.0, 0.34375
surrogate, 42, 24.0, 0.34375
surrogate, 42, 24.0, 0.34375
surrogate, 42, 24.0, 0.34375
surrogate, 42, 24.0, 0.34375
surrogate, 42, 24.0, 0.34375
surrogate, 42, 24.0, 0.34375
surrogate, 42, 24.0, 0.34375
surrogate, 42, 24.0, 0.34375
surrogate, 42, 23.0, 0.3125
surrogate, 42, 23.0, 0.3125
surrogate, 42, 23.0, 0.3125
surrogate, 42, 23.0, 0.3125
surrogate, 42, 23.0, 0.3125
surrogate, 42, 23.0, 0.3125
surrogate, 42, 20.0, 0.0625
surrogate, 42, 20.0, 0.0625
surrogate, 42, 20.0, 0.0625
surrogate, 42, 20.0, 0.0625
surrogate, 42, 20.0, 0.0625
surrogate, 42, 20.0, 0.0625
surrogate, 42, 20.0, 0.0625
surrogate, 42, 20.0, 0.0625
surrogate, 42, 20.0, 0.0625
surrogate, 42, 20.0, 0.0625
surrogate, 42, 20.0, 0.0625
surrogate, 42, 20.0, 0.0625
surrogate, 42, 20.0, 0.0625
surrogate, 42, 20.0, 0.0625
surrogate, 42, 20.0, 0.0625
surrogate, 42, 20.0, 0.0625
surrogate, 42, 20.0, 0.0625
surrogate, 42, 20.0, 0.0625
surrogate, 42, 20.0, 0.0625
surrogate, 42, 20.0, 0.0625
surrogate, 42, 20.0, 0.0625
surrogate, 42, 20.0, 0.0625
surrogate, 42, 20.0, 0.0625
surrogate, 42, 20.0, 0.0625
surrogate, 42, 20.0, 0.0625
surrogate, 42, 20.0, 0.0625
surrogate, 42, 20.0, 0.0625
surrogate, 42, 20.0, 0.0625
surrogate, 42, 20.0, 0.0625
surrogate, 42, 20.0, 0.0625
surrogate, 42, 20.0, 0.0625
surrogate, 42, 20.0, 0.0625
surrogate, 42, 20.0, 0.0625
surrogate, 42, 20.0, 0.0625
surrogate, 42, 20.0, 0.0625
surrogate, 42, 20.0, 0.0625
surrogate, 42, 20.0, 0.0625
surrogate, 42, 20.0, 0.0625
surrogate, 43, 33.0, 0.9375
surrogate, 43, 33.0, 0.9375
surrogate, 43, 33.0, 0.9375
surrogate, 43, 32.0, 0.84375
surrogate, 43, 32.0, 0.84375
surrogate, 43, 32.0, 0.84375
surrogate, 43, 32.0, 0.84375
surrogate, 43, 32.0, 0.84375
surrogate, 43, 30.0, 0.71875
surrogate, 43, 28.0, 0.5625
surrogate, 43, 28.0, 0.5625
surrogate, 43, 28.0, 0.5625
surrogate, 43, 28.0, 0.5625
surrogate, 43, 27.0, 0.53125
surrogate, 43, 27.0, 0.53125
surrogate, 43, 27.0, 0.53125
surrogate, 43, 27.0, 0.53125
surrogate, 43, 27.0, 0.53125
surrogate, 43, 27.0, 0.53125
surrogate, 43, 26.0, 0.46875
surrogate, 43, 26.0, 0.46875
surrogate, 43, 24.0, 0.34375
surrogate, 43, 24.0, 0.34375
surrogate, 43, 24.0, 0.34375
surrogate, 43, 24.0, 0.34375
surrogate, 43, 24.0, 0.34375
surrogate, 43, 24.0, 0.34375
surrogate, 43, 24.0, 0.34375
surrogate, 43, 24.0, 0.34375
surrogate, 43, 24.0, 0.34375
surrogate, 43, 24.0, 0.34375
surrogate, 43, 24.0, 0.34375
surrogate, 43, 23.0, 0.3125
surrogate, 43, 23.0, 0.3125
surrogate, 43, 23.0, 0.3125
surrogate, 43, 23.0, 0.3125
surrogate, 43, 23.0, 0.3125
surrogate, 43, 23.0, 0.3125
surrogate, 43, 20.0, 0.0625
surrogate, 43, 20.0, 0.0625
surrogate, 43, 20.0, 0.0625
surrogate, 43, 20.0, 0.0625
surrogate, 43, 20.0, 0.0625
surrogate, 43, 20.0, 0.0625
surrogate, 43, 20.0, 0.0625
surrogate, 43, 20.0, 0.0625
surrogate, 43, 20.0, 0.0625
surrogate, 43, 20.0, 0.0625
surrogate, 43, 20.0, 0.0625
surrogate, 43, 20.0, 0.0625
surrogate, 43, 20.0, 0.0625
surrogate, 43, 20.0, 0.0625
surrogate, 43, 20.0, 0.0625
surrogate, 43, 20.0, 0.0625
surrogate, 43, 20.0, 0.0625
surrogate, 43, 20.0, 0.0625
surrogate, 43, 20.0, 0.0625
surrogate, 43, 20.0, 0.0625
surrogate, 43, 20.0, 0.0625
surrogate, 43, 20.0, 0.0625
surrogate, 43, 20.0, 0.0625
surrogate, 43, 20.0, 0.0625
surrogate, 43, 20.0, 0.0625
surrogate, 43, 20.0, 0.0625
surrogate, 43, 20.0, 0.0625
surrogate, 43, 20.0, 0.0625
surrogate, 43, 20.0, 0.0625
surrogate, 43, 20.0, 0.0625
surrogate, 43, 20.0, 0.0625
surrogate, 43, 20.0, 0.0625
surrogate, 43, 20.0, 0.0625
surrogate, 43, 20.0, 0.0625
surrogate, 43, 20.0, 0.0625
surrogate, 43, 20.0, 0.0625
surrogate, 43, 20.0, 0.0625
surrogate, 43, 20.0, 0.0625
surrogate, 44, 33.0, 0.9375
surrogate, 44, 33.0, 0.9375
surrogate, 44, 33.0, 0.9375
surrogate, 44, 32.0, 0.84375
surrogate, 44, 32.0, 0.84375
surrogate, 44, 32.0, 0.84375
surrogate, 44, 32.0, 0.84375
surrogate, 44, 32.0, 0.84375
surrogate, 44, 32.0, 0.84375
surrogate, 44, 30.0, 0.71875
surrogate, 44, 28.0, 0.5625
surrogate, 44, 28.0, 0.5625
surrogate, 44, 28.0, 0.5625
surrogate, 44, 28.0, 0.5625
surrogate, 44, 27.0, 0.53125
surrogate, 44, 27.0, 0.53125
surrogate, 44, 27.0, 0.53125
surrogate, 44, 27.0, 0.53125
surrogate, 44, 27.0, 0.53125
surrogate, 44, 27.0, 0.53125
surrogate, 44, 26.0, 0.46875
surrogate, 44, 26.0, 0.46875
surrogate, 44, 26.0, 0.46875
surrogate, 44, 25.0, 0.40625
surrogate, 44, 24.0, 0.34375
surrogate, 44, 24.0, 0.34375
surrogate, 44, 24.0, 0.34375
surrogate, 44, 24.0, 0.34375
surrogate, 44, 24.0, 0.34375
surrogate, 44, 24.0, 0.34375
surrogate, 44, 24.0, 0.34375
surrogate, 44, 24.0, 0.34375
surrogate, 44, 24.0, 0.34375
surrogate, 44, 24.0, 0.34375
surrogate, 44, 24.0, 0.34375
surrogate, 44, 24.0, 0.34375
surrogate, 44, 23.0, 0.3125
surrogate, 44, 23.0, 0.3125
surrogate, 44, 23.0, 0.3125
surrogate, 44, 23.0, 0.3125
surrogate, 44, 23.0, 0.3125
surrogate, 44, 23.0, 0.3125
surrogate, 44, 20.0, 0.0625
surrogate, 44, 20.0, 0.0625
surrogate, 44, 20.0, 0.0625
surrogate, 44, 20.0, 0.0625
surrogate, 44, 20.0, 0.0625
surrogate, 44, 20.0, 0.0625
surrogate, 44, 20.0, 0.0625
surrogate, 44, 20.0, 0.0625
surrogate, 44, 20.0, 0.0625
surrogate, 44, 20.0, 0.0625
surrogate, 44, 20.0, 0.0625
surrogate, 44, 20.0, 0.0625
surrogate, 44, 20.0, 0.0625
surrogate, 44, 20.0, 0.0625
surrogate, 44, 20.0, 0.0625
surrogate, 44, 20.0, 0.0625
surrogate, 44, 20.0, 0.0625
surrogate, 44, 20.0, 0.0625
surrogate, 44, 20.0, 0.0625
surrogate, 44, 20.0, 0.0625
surrogate, 44, 20.0, 0.0625
surrogate, 44, 20.0, 0.0625
surrogate, 44, 20.0, 0.0625
surrogate, 44, 20.0, 0.0625
surrogate, 44, 20.0, 0.0625
surrogate, 44, 20.0, 0.0625
surrogate, 44, 20.0, 0.0625
surrogate, 44, 20.0, 0.0625
surrogate, 44, 20.0, 0.0625
surrogate, 44, 20.0, 0.0625
surrogate, 44, 20.0, 0.0625
surrogate, 44, 20.0, 0.0625
surrogate, 44, 20.0, 0.0625
surrogate, 44, 20.0, 0.0625
surrogate, 44, 20.0, 0.0625
surrogate, 44, 20.0, 0.0625
surrogate, 44, 20.0, 0.0625
surrogate, 44, 20.0, 0.0625
surrogate, 45, 33.0, 0.9375
surrogate, 45, 33.0, 0.9375
surrogate, 45, 33.0, 0.9375
surrogate, 45, 31.0, 0.84375
surrogate, 45, 30.0, 0.71875
surrogate, 45, 29.0, 0.59375
surrogate, 45, 28.0, 0.5625
surrogate, 45, 28.0, 0.5625
surrogate, 45, 28.0, 0.5625
surrogate, 45, 28.0, 0.5625
surrogate, 45, 28.0, 0.5625
surrogate, 45, 27.0, 0.53125
surrogate, 45, 27.0, 0.53125
surrogate, 45, 27.0, 0.53125
surrogate, 45, 27.0, 0.53125
surrogate, 45, 27.0, 0.53125
surrogate, 45, 27.0, 0.53125
surrogate, 45, 26.0, 0.46875
surrogate, 45, 26.0, 0.46875
surrogate, 45, 26.0, 0.46875
surrogate, 45, 25.0, 0.40625
surrogate, 45, 25.0, 0.40625
surrogate, 45, 24.0, 0.34375
surrogate, 45, 24.0, 0.34375
surrogate, 45, 24.0, 0.34375
surrogate, 45, 24.0, 0.34375
surrogate, 45, 24.0, 0.34375
surrogate, 45, 24.0, 0.34375
surrogate, 45, 24.0, 0.34375
surrogate, 45, 24.0, 0.34375
surrogate, 45, 24.0, 0.34375
surrogate, 45, 24.0, 0.34375
surrogate, 45, 24.0, 0.34375
surrogate, 45, 24.0, 0.34375
surrogate, 45, 24.0, 0.34375
surrogate, 45, 23.0, 0.3125
surrogate, 45, 23.0, 0.3125
surrogate, 45, 23.0, 0.3125
surrogate, 45, 23.0, 0.3125
surrogate, 45, 23.0, 0.3125
surrogate, 45, 23.0, 0.3125
surrogate, 45, 20.0, 0.0625
surrogate, 45, 20.0, 0.0625
surrogate, 45, 20.0, 0.0625
surrogate, 45, 20.0, 0.0625
surrogate, 45, 20.0, 0.0625
surrogate, 45, 20.0, 0.0625
surrogate, 45, 20.0, 0.0625
surrogate, 45, 20.0, 0.0625
surrogate, 45, 20.0, 0.0625
surrogate, 45, 20.0, 0.0625
surrogate, 45, 20.0, 0.0625
surrogate, 45, 20.0, 0.0625
surrogate, 45, 20.0, 0.0625
surrogate, 45, 20.0, 0.0625
surrogate, 45, 20.0, 0.0625
surrogate, 45, 20.0, 0.0625
surrogate, 45, 20.0, 0.0625
surrogate, 45, 20.0, 0.0625
surrogate, 45, 20.0, 0.0625
surrogate, 45, 20.0, 0.0625
surrogate, 45, 20.0, 0.0625
surrogate, 45, 20.0, 0.0625
surrogate, 45, 20.0, 0.0625
surrogate, 45, 20.0, 0.0625
surrogate, 45, 20.0, 0.0625
surrogate, 45, 20.0, 0.0625
surrogate, 45, 20.0, 0.0625
surrogate, 45, 20.0, 0.0625
surrogate, 45, 20.0, 0.0625
surrogate, 45, 20.0, 0.0625
surrogate, 45, 20.0, 0.0625
surrogate, 45, 20.0, 0.0625
surrogate, 45, 20.0, 0.0625
surrogate, 45, 20.0, 0.0625
surrogate, 45, 20.0, 0.0625
surrogate, 45, 20.0, 0.0625
surrogate, 45, 20.0, 0.0625
surrogate, 45, 20.0, 0.0625
surrogate, 45, 20.0, 0.0625
surrogate, 46, 33.0, 0.9375
surrogate, 46, 33.0, 0.9375
surrogate, 46, 33.0, 0.9375
surrogate, 46, 31.0, 0.84375
surrogate, 46, 30.0, 0.71875
surrogate, 46, 29.0, 0.59375
surrogate, 46, 28.0, 0.5625
surrogate, 46, 28.0, 0.5625
surrogate, 46, 28.0, 0.5625
surrogate, 46, 28.0, 0.5625
surrogate, 46, 28.0, 0.5625
surrogate, 46, 27.0, 0.53125
surrogate, 46, 27.0, 0.53125
surrogate, 46, 27.0, 0.53125
surrogate, 46, 27.0, 0.53125
surrogate, 46, 27.0, 0.53125
surrogate, 46, 27.0, 0.53125
surrogate, 46, 27.0, 0.53125
surrogate, 46, 26.0, 0.46875
surrogate, 46, 26.0, 0.46875
surrogate, 46, 26.0, 0.46875
surrogate, 46, 25.0, 0.40625
surrogate, 46, 25.0, 0.40625
surrogate, 46, 25.0, 0.40625
surrogate, 46, 24.0, 0.34375
surrogate, 46, 24.0, 0.34375
surrogate, 46, 24.0, 0.34375
surrogate, 46, 24.0, 0.34375
surrogate, 46, 24.0, 0.34375
surrogate, 46, 24.0, 0.34375
surrogate, 46, 24.0, 0.34375
surrogate, 46, 24.0, 0.34375
surrogate, 46, 24.0, 0.34375
surrogate, 46, 24.0, 0.34375
surrogate, 46, 24.0, 0.34375
surrogate, 46, 24.0, 0.34375
surrogate, 46, 24.0, 0.34375
surrogate, 46, 24.0, 0.34375
surrogate, 46, 23.0, 0.3125
surrogate, 46, 23.0, 0.3125
surrogate, 46, 23.0, 0.3125
surrogate, 46, 23.0, 0.3125
surrogate, 46, 23.0, 0.3125
surrogate, 46, 23.0, 0.3125
surrogate, 46, 20.0, 0.0625
surrogate, 46, 20.0, 0.0625
surrogate, 46, 20.0, 0.0625
surrogate, 46, 20.0, 0.0625
surrogate, 46, 20.0, 0.0625
surrogate, 46, 20.0, 0.0625
surrogate, 46, 20.0, 0.0625
surrogate, 46, 20.0, 0.0625
surrogate, 46, 20.0, 0.0625
surrogate, 46, 20.0, 0.0625
surrogate, 46, 20.0, 0.0625
surrogate, 46, 20.0, 0.0625
surrogate, 46, 20.0, 0.0625
surrogate, 46, 20.0, 0.0625
surrogate, 46, 20.0, 0.0625
surrogate, 46, 20.0, 0.0625
surrogate, 46, 20.0, 0.0625
surrogate, 46, 20.0, 0.0625
surrogate, 46, 20.0, 0.0625
surrogate, 46, 20.0, 0.0625
surrogate, 46, 20.0, 0.0625
surrogate, 46, 20.0, 0.0625
surrogate, 46, 20.0, 0.0625
surrogate, 46, 20.0, 0.0625
surrogate, 46, 20.0, 0.0625
surrogate, 46, 20.0, 0.0625
surrogate, 46, 20.0, 0.0625
surrogate, 46, 20.0, 0.0625
surrogate, 46, 20.0, 0.0625
surrogate, 46, 20.0, 0.0625
surrogate, 46, 20.0, 0.0625
surrogate, 46, 20.0, 0.0625
surrogate, 46, 20.0, 0.0625
surrogate, 46, 20.0, 0.0625
surrogate, 46, 20.0, 0.0625
surrogate, 46, 20.0, 0.0625
surrogate, 46, 20.0, 0.0625
surrogate, 46, 20.0, 0.0625
surrogate, 46, 20.0, 0.0625
surrogate, 46, 20.0, 0.0625
surrogate, 47, 33.0, 0.9375
surrogate, 47, 33.0, 0.9375
surrogate, 47, 33.0, 0.9375
surrogate, 47, 31.0, 0.84375
surrogate, 47, 30.0, 0.71875
surrogate, 47, 29.0, 0.59375
surrogate, 47, 28.0, 0.5625
surrogate, 47, 28.0, 0.5625
surrogate, 47, 28.0, 0.5625
surrogate, 47, 28.0, 0.5625
surrogate, 47, 28.0, 0.5625
surrogate, 47, 27.0, 0.53125
surrogate, 47, 27.0, 0.53125
surrogate, 47, 27.0, 0.53125
surrogate, 47, 27.0, 0.53125
surrogate, 47, 27.0, 0.53125
surrogate, 47, 27.0, 0.53125
surrogate, 47, 27.0, 0.53125
surrogate, 47, 26.0, 0.46875
surrogate, 47, 26.0, 0.46875
surrogate, 47, 26.0, 0.46875
surrogate, 47, 25.0, 0.40625
surrogate, 47, 25.0, 0.40625
surrogate, 47, 25.0, 0.40625
surrogate, 47, 24.0, 0.34375
surrogate, 47, 24.0, 0.34375
surrogate, 47, 24.0, 0.34375
surrogate, 47, 24.0, 0.34375
surrogate, 47, 24.0, 0.34375
surrogate, 47, 24.0, 0.34375
surrogate, 47, 24.0, 0.34375
surrogate, 47, 24.0, 0.34375
surrogate, 47, 24.0, 0.34375
surrogate, 47, 24.0, 0.34375
surrogate, 47, 24.0, 0.34375
surrogate, 47, 24.0, 0.34375
surrogate, 47, 24.0, 0.34375
surrogate, 47, 24.0, 0.34375
surrogate, 47, 24.0, 0.34375
surrogate, 47, 23.0, 0.3125
surrogate, 47, 23.0, 0.3125
surrogate, 47, 23.0, 0.3125
surrogate, 47, 23.0, 0.3125
surrogate, 47, 23.0, 0.3125
surrogate, 47, 23.0, 0.3125
surrogate, 47, 23.0, 0.3125
surrogate, 47, 20.0, 0.0625
surrogate, 47, 20.0, 0.0625
surrogate, 47, 20.0, 0.0625
surrogate, 47, 20.0, 0.0625
surrogate, 47, 20.0, 0.0625
surrogate, 47, 20.0, 0.0625
surrogate, 47, 20.0, 0.0625
surrogate, 47, 20.0, 0.0625
surrogate, 47, 20.0, 0.0625
surrogate, 47, 20.0, 0.0625
surrogate, 47, 20.0, 0.0625
surrogate, 47, 20.0, 0.0625
surrogate, 47, 20.0, 0.0625
surrogate, 47, 20.0, 0.0625
surrogate, 47, 20.0, 0.0625
surrogate, 47, 20.0, 0.0625
surrogate, 47, 20.0, 0.0625
surrogate, 47, 20.0, 0.0625
surrogate, 47, 20.0, 0.0625
surrogate, 47, 20.0, 0.0625
surrogate, 47, 20.0, 0.0625
surrogate, 47, 20.0, 0.0625
surrogate, 47, 20.0, 0.0625
surrogate, 47, 20.0, 0.0625
surrogate, 47, 20.0, 0.0625
surrogate, 47, 20.0, 0.0625
surrogate, 47, 20.0, 0.0625
surrogate, 47, 20.0, 0.0625
surrogate, 47, 20.0, 0.0625
surrogate, 47, 20.0, 0.0625
surrogate, 47, 20.0, 0.0625
surrogate, 47, 20.0, 0.0625
surrogate, 47, 20.0, 0.0625
surrogate, 47, 20.0, 0.0625
surrogate, 47, 20.0, 0.0625
surrogate, 47, 20.0, 0.0625
surrogate, 47, 20.0, 0.0625
surrogate, 47, 20.0, 0.0625
surrogate, 47, 20.0, 0.0625
surrogate, 47, 20.0, 0.0625
surrogate, 47, 20.0, 0.0625
surrogate, 48, 32.0, 0.9375
surrogate, 48, 31.0, 0.84375
surrogate, 48, 30.0, 0.71875
surrogate, 48, 30.0, 0.71875
surrogate, 48, 29.0, 0.59375
surrogate, 48, 28.0, 0.5625
surrogate, 48, 28.0, 0.5625
surrogate, 48, 28.0, 0.5625
surrogate, 48, 28.0, 0.5625
surrogate, 48, 28.0, 0.5625
surrogate, 48, 27.0, 0.53125
surrogate, 48, 27.0, 0.53125
surrogate, 48, 27.0, 0.53125
surrogate, 48, 27.0, 0.53125
surrogate, 48, 27.0, 0.53125
surrogate, 48, 27.0, 0.53125
surrogate, 48, 27.0, 0.53125
surrogate, 48, 27.0, 0.53125
surrogate, 48, 26.0, 0.46875
surrogate, 48, 26.0, 0.46875
surrogate, 48, 26.0, 0.46875
surrogate, 48, 26.0, 0.46875
surrogate, 48, 25.0, 0.40625
surrogate, 48, 25.0, 0.40625
surrogate, 48, 25.0, 0.40625
surrogate, 48, 25.0, 0.40625
surrogate, 48, 24.0, 0.34375
surrogate, 48, 24.0, 0.34375
surrogate, 48, 24.0, 0.34375
surrogate, 48, 24.0, 0.34375
surrogate, 48, 24.0, 0.34375
surrogate, 48, 24.0, 0.34375
surrogate, 48, 24.0, 0.34375
surrogate, 48, 24.0, 0.34375
surrogate, 48, 24.0, 0.34375
surrogate, 48, 24.0, 0.34375
surrogate, 48, 24.0, 0.34375
surrogate, 48, 24.0, 0.34375
surrogate, 48, 24.0, 0.34375
surrogate, 48, 24.0, 0.34375
surrogate, 48, 24.0, 0.34375
surrogate, 48, 24.0, 0.34375
surrogate, 48, 23.0, 0.3125
surrogate, 48, 23.0, 0.3125
surrogate, 48, 23.0, 0.3125
surrogate, 48, 23.0, 0.3125
surrogate, 48, 23.0, 0.3125
surrogate, 48, 23.0, 0.3125
surrogate, 48, 23.0, 0.3125
surrogate, 48, 23.0, 0.3125
surrogate, 48, 20.0, 0.0625
surrogate, 48, 20.0, 0.0625
surrogate, 48, 20.0, 0.0625
surrogate, 48, 20.0, 0.0625
surrogate, 48, 20.0, 0.0625
surrogate, 48, 20.0, 0.0625
surrogate, 48, 20.0, 0.0625
surrogate, 48, 20.0, 0.0625
surrogate, 48, 20.0, 0.0625
surrogate, 48, 20.0, 0.0625
surrogate, 48, 20.0, 0.0625
surrogate, 48, 20.0, 0.0625
surrogate, 48, 20.0, 0.0625
surrogate, 48, 20.0, 0.0625
surrogate, 48, 20.0, 0.0625
surrogate, 48, 20.0, 0.0625
surrogate, 48, 20.0, 0.0625
surrogate, 48, 20.0, 0.0625
surrogate, 48, 20.0, 0.0625
surrogate, 48, 20.0, 0.0625
surrogate, 48, 20.0, 0.0625
surrogate, 48, 20.0, 0.0625
surrogate, 48, 20.0, 0.0625
surrogate, 48, 20.0, 0.0625
surrogate, 48, 20.0, 0.0625
surrogate, 48, 20.0, 0.0625
surrogate, 48, 20.0, 0.0625
surrogate, 48, 20.0, 0.0625
surrogate, 48, 20.0, 0.0625
surrogate, 48, 20.0, 0.0625
surrogate, 48, 20.0, 0.0625
surrogate, 48, 20.0, 0.0625
surrogate, 48, 20.0, 0.0625
surrogate, 48, 20.0, 0.0625
surrogate, 48, 20.0, 0.0625
surrogate, 48, 20.0, 0.0625
surrogate, 48, 20.0, 0.0625
surrogate, 48, 20.0, 0.0625
surrogate, 48, 20.0, 0.0625
surrogate, 48, 20.0, 0.0625
surrogate, 48, 20.0, 0.0625
surrogate, 48, 20.0, 0.0625
surrogate, 49, 32.0, 0.9375
surrogate, 49, 31.0, 0.84375
surrogate, 49, 30.0, 0.71875
surrogate, 49, 30.0, 0.71875
surrogate, 49, 29.0, 0.59375
surrogate, 49, 29.0, 0.59375
surrogate, 49, 28.0, 0.5625
surrogate, 49, 28.0, 0.5625
surrogate, 49, 28.0, 0.5625
surrogate, 49, 28.0, 0.5625
surrogate, 49, 28.0, 0.5625
surrogate, 49, 27.0, 0.53125
surrogate, 49, 27.0, 0.53125
surrogate, 49, 27.0, 0.53125
surrogate, 49, 27.0, 0.53125
surrogate, 49, 27.0, 0.53125
surrogate, 49, 27.0, 0.53125
surrogate, 49, 27.0, 0.53125
surrogate, 49, 27.0, 0.53125
surrogate, 49, 26.0, 0.46875
surrogate, 49, 26.0, 0.46875
surrogate, 49, 26.0, 0.46875
surrogate, 49, 26.0, 0.46875
surrogate, 49, 25.0, 0.40625
surrogate, 49, 25.0, 0.40625
surrogate, 49, 25.0, 0.40625
surrogate, 49, 25.0, 0.40625
surrogate, 49, 24.0, 0.34375
surrogate, 49, 24.0, 0.34375
surrogate, 49, 24.0, 0.34375
surrogate, 49, 24.0, 0.34375
surrogate, 49, 24.0, 0.34375
surrogate, 49, 24.0, 0.34375
surrogate, 49, 24.0, 0.34375
surrogate, 49, 24.0, 0.34375
surrogate, 49, 24.0, 0.34375
surrogate, 49, 24.0, 0.34375
surrogate, 49, 24.0, 0.34375
surrogate, 49, 24.0, 0.34375
surrogate, 49, 24.0, 0.34375
surrogate, 49, 24.0, 0.34375
surrogate, 49, 24.0, 0.34375
surrogate, 49, 24.0, 0.34375
surrogate, 49, 24.0, 0.34375
surrogate, 49, 23.0, 0.3125
surrogate, 49, 23.0, 0.3125
surrogate, 49, 23.0, 0.3125
surrogate, 49, 23.0, 0.3125
surrogate, 49, 23.0, 0.3125
surrogate, 49, 23.0, 0.3125
surrogate, 49, 23.0, 0.3125
surrogate, 49, 23.0, 0.3125
surrogate, 49, 23.0, 0.3125
surrogate, 49, 20.0, 0.0625
surrogate, 49, 20.0, 0.0625
surrogate, 49, 20.0, 0.0625
surrogate, 49, 20.0, 0.0625
surrogate, 49, 20.0, 0.0625
surrogate, 49, 20.0, 0.0625
surrogate, 49, 20.0, 0.0625
surrogate, 49, 20.0, 0.0625
surrogate, 49, 20.0, 0.0625
surrogate, 49, 20.0, 0.0625
surrogate, 49, 20.0, 0.0625
surrogate, 49, 20.0, 0.0625
surrogate, 49, 20.0, 0.0625
surrogate, 49, 20.0, 0.0625
surrogate, 49, 20.0, 0.0625
surrogate, 49, 20.0, 0.0625
surrogate, 49, 20.0, 0.0625
surrogate, 49, 20.0, 0.0625
surrogate, 49, 20.0, 0.0625
surrogate, 49, 20.0, 0.0625
surrogate, 49, 20.0, 0.0625
surrogate, 49, 20.0, 0.0625
surrogate, 49, 20.0, 0.0625
surrogate, 49, 20.0, 0.0625
surrogate, 49, 20.0, 0.0625
surrogate, 49, 20.0, 0.0625
surrogate, 49, 20.0, 0.0625
surrogate, 49, 20.0, 0.0625
surrogate, 49, 20.0, 0.0625
surrogate, 49, 20.0, 0.0625
surrogate, 49, 20.0, 0.0625
surrogate, 49, 20.0, 0.0625
surrogate, 49, 20.0, 0.0625
surrogate, 49, 20.0, 0.0625
surrogate, 49, 20.0, 0.0625
surrogate, 49, 20.0, 0.0625
surrogate, 49, 20.0, 0.0625
surrogate, 49, 20.0, 0.0625
surrogate, 49, 20.0, 0.0625
surrogate, 49, 20.0, 0.0625
surrogate, 49, 20.0, 0.0625
surrogate, 49, 20.0, 0.0625
surrogate, 50, 32.0, 0.9375
surrogate, 50, 31.0, 0.84375
surrogate, 50, 30.0, 0.71875
surrogate, 50, 30.0, 0.71875
surrogate, 50, 29.0, 0.59375
surrogate, 50, 29.0, 0.59375
surrogate, 50, 29.0, 0.59375
surrogate, 50, 28.0, 0.5625
surrogate, 50, 28.0, 0.5625
surrogate, 50, 28.0, 0.5625
surrogate, 50, 28.0, 0.5625
surrogate, 50, 28.0, 0.5625
surrogate, 50, 28.0, 0.5625
surrogate, 50, 27.0, 0.53125
surrogate, 50, 27.0, 0.53125
surrogate, 50, 27.0, 0.53125
surrogate, 50, 27.0, 0.53125
surrogate, 50, 27.0, 0.53125
surrogate, 50, 27.0, 0.53125
surrogate, 50, 27.0, 0.53125
surrogate, 50, 27.0, 0.53125
surrogate, 50, 26.0, 0.46875
surrogate, 50, 26.0, 0.46875
surrogate, 50, 26.0, 0.46875
surrogate, 50, 26.0, 0.46875
surrogate, 50, 25.0, 0.40625
surrogate, 50, 25.0, 0.40625
surrogate, 50, 25.0, 0.40625
surrogate, 50, 25.0, 0.40625
surrogate, 50, 25.0, 0.40625
surrogate, 50, 24.0, 0.34375
surrogate, 50, 24.0, 0.34375
surrogate, 50, 24.0, 0.34375
surrogate, 50, 24.0, 0.34375
surrogate, 50, 24.0, 0.34375
surrogate, 50, 24.0, 0.34375
surrogate, 50, 24.0, 0.34375
surrogate, 50, 24.0, 0.34375
surrogate, 50, 24.0, 0.34375
surrogate, 50, 24.0, 0.34375
surrogate, 50, 24.0, 0.34375
surrogate, 50, 24.0, 0.34375
surrogate, 50, 24.0, 0.34375
surrogate, 50, 24.0, 0.34375
surrogate, 50, 24.0, 0.34375
surrogate, 50, 24.0, 0.34375
surrogate, 50, 24.0, 0.34375
surrogate, 50, 24.0, 0.34375
surrogate, 50, 23.0, 0.3125
surrogate, 50, 23.0, 0.3125
surrogate, 50, 23.0, 0.3125
surrogate, 50, 23.0, 0.3125
surrogate, 50, 23.0, 0.3125
surrogate, 50, 23.0, 0.3125
surrogate, 50, 23.0, 0.3125
surrogate, 50, 23.0, 0.3125
surrogate, 50, 23.0, 0.3125
surrogate, 50, 23.0, 0.3125
surrogate, 50, 20.0, 0.0625
surrogate, 50, 20.0, 0.0625
surrogate, 50, 20.0, 0.0625
surrogate, 50, 20.0, 0.0625
surrogate, 50, 20.0, 0.0625
surrogate, 50, 20.0, 0.0625
surrogate, 50, 20.0, 0.0625
surrogate, 50, 20.0, 0.0625
surrogate, 50, 20.0, 0.0625
surrogate, 50, 20.0, 0.0625
surrogate, 50, 20.0, 0.0625
surrogate, 50, 20.0, 0.0625
surrogate, 50, 20.0, 0.0625
surrogate, 50, 20.0, 0.0625
surrogate, 50, 20.0, 0.0625
surrogate, 50, 20.0, 0.0625
surrogate, 50, 20.0, 0.0625
surrogate, 50, 20.0, 0.0625
surrogate, 50, 20.0, 0.0625
surrogate, 50, 20.0, 0.0625
surrogate, 50, 20.0, 0.0625
surrogate, 50, 20.0, 0.0625
surrogate, 50, 20.0, 0.0625
surrogate, 50, 20.0, 0.0625
surrogate, 50, 20.0, 0.0625
surrogate, 50, 20.0, 0.0625
surrogate, 50, 20.0, 0.0625
surrogate, 50, 20.0, 0.0625
surrogate, 50, 20.0, 0.0625
surrogate, 50, 20.0, 0.0625
surrogate, 50, 20.0, 0.0625
surrogate, 50, 20.0, 0.0625
surrogate, 50, 20.0, 0.0625
surrogate, 50, 20.0, 0.0625
surrogate, 50, 20.0, 0.0625
surrogate, 50, 20.0, 0.0625
surrogate, 50, 20.0, 0.0625
surrogate, 50, 20.0, 0.0625
surrogate, 50, 20.0, 0.0625
surrogate, 50, 20.0, 0.0625
surrogate, 50, 20.0, 0.0625
surrogate, 50, 20.0, 0.0625
surrogate, 51, 32.0, 0.9375
surrogate, 51, 31.0, 0.84375
surrogate, 51, 30.0, 0.71875
surrogate, 51, 30.0, 0.71875
surrogate, 51, 29.0, 0.59375
surrogate, 51, 29.0, 0.59375
surrogate, 51, 29.0, 0.59375
surrogate, 51, 29.0, 0.59375
surrogate, 51, 28.0, 0.5625
surrogate, 51, 28.0, 0.5625
surrogate, 51, 28.0, 0.5625
surrogate, 51, 28.0, 0.5625
surrogate, 51, 28.0, 0.5625
surrogate, 51, 28.0, 0.5625
surrogate, 51, 28.0, 0.5625
surrogate, 51, 27.0, 0.53125
surrogate, 51, 27.0, 0.53125
surrogate, 51, 27.0, 0.53125
surrogate, 51, 27.0, 0.53125
surrogate, 51, 27.0, 0.53125
surrogate, 51, 27.0, 0.53125
surrogate, 51, 27.0, 0.53125
surrogate, 51, 27.0, 0.53125
surrogate, 51, 26.0, 0.46875
surrogate, 51, 26.0, 0.46875
surrogate, 51, 26.0, 0.46875
surrogate, 51, 26.0, 0.46875
surrogate, 51, 25.0, 0.40625
surrogate, 51, 25.0, 0.40625
surrogate, 51, 25.0, 0.40625
surrogate, 51, 25.0, 0.40625
surrogate, 51, 25.0, 0.40625
surrogate, 51, 24.0, 0.34375
surrogate, 51, 24.0, 0.34375
surrogate, 51, 24.0, 0.34375
surrogate, 51, 24.0, 0.34375
surrogate, 51, 24.0, 0.34375
surrogate, 51, 24.0, 0.34375
surrogate, 51, 24.0, 0.34375
surrogate, 51, 24.0, 0.34375
surrogate, 51, 24.0, 0.34375
surrogate, 51, 24.0, 0.34375
surrogate, 51, 24.0, 0.34375
surrogate, 51, 24.0, 0.34375
surrogate, 51, 24.0, 0.34375
surrogate, 51, 24.0, 0.34375
surrogate, 51, 24.0, 0.34375
surrogate, 51, 24.0, 0.34375
surrogate, 51, 24.0, 0.34375
surrogate, 51, 24.0, 0.34375
surrogate, 51, 24.0, 0.34375
surrogate, 51, 23.0, 0.3125
surrogate, 51, 23.0, 0.3125
surrogate, 51, 23.0, 0.3125
surrogate, 51, 23.0, 0.3125
surrogate, 51, 23.0, 0.3125
surrogate, 51, 23.0, 0.3125
surrogate, 51, 23.0, 0.3125
surrogate, 51, 23.0, 0.3125
surrogate, 51, 23.0, 0.3125
surrogate, 51, 23.0, 0.3125
surrogate, 51, 23.0, 0.3125
surrogate, 51, 20.0, 0.0625
surrogate, 51, 20.0, 0.0625
surrogate, 51, 20.0, 0.0625
surrogate, 51, 20.0, 0.0625
surrogate, 51, 20.0, 0.0625
surrogate, 51, 20.0, 0.0625
surrogate, 51, 20.0, 0.0625
surrogate, 51, 20.0, 0.0625
surrogate, 51, 20.0, 0.0625
surrogate, 51, 20.0, 0.0625
surrogate, 51, 20.0, 0.0625
surrogate, 51, 20.0, 0.0625
surrogate, 51, 20.0, 0.0625
surrogate, 51, 20.0, 0.0625
surrogate, 51, 20.0, 0.0625
surrogate, 51, 20.0, 0.0625
surrogate, 51, 20.0, 0.0625
surrogate, 51, 20.0, 0.0625
surrogate, 51, 20.0, 0.0625
surrogate, 51, 20.0, 0.0625
surrogate, 51, 20.0, 0.0625
surrogate, 51, 20.0, 0.0625
surrogate, 51, 20.0, 0.0625
surrogate, 51, 20.0, 0.0625
surrogate, 51, 20.0, 0.0625
surrogate, 51, 20.0, 0.0625
surrogate, 51, 20.0, 0.0625
surrogate, 51, 20.0, 0.0625
surrogate, 51, 20.0, 0.0625
surrogate, 51, 20.0, 0.0625
surrogate, 51, 20.0, 0.0625
surrogate, 51, 20.0, 0.0625
surrogate, 51, 20.0, 0.0625
surrogate, 51, 20.0, 0.0625
surrogate, 51, 20.0, 0.0625
surrogate, 51, 20.0, 0.0625
surrogate, 51, 20.0, 0.0625
surrogate, 51, 20.0, 0.0625
surrogate, 51, 20.0, 0.0625
surrogate, 51, 20.0, 0.0625
surrogate, 51, 20.0, 0.0625
surrogate, 51, 20.0, 0.0625
surrogate, 51, 20.0, 0.0625
surrogate, 52, 32.0, 0.9375
surrogate, 52, 31.0, 0.84375
surrogate, 52, 30.0, 0.71875
surrogate, 52, 30.0, 0.71875
surrogate, 52, 29.0, 0.59375
surrogate, 52, 29.0, 0.59375
surrogate, 52, 29.0, 0.59375
surrogate, 52, 29.0, 0.59375
surrogate, 52, 28.0, 0.5625
surrogate, 52, 28.0, 0.5625
surrogate, 52, 28.0, 0.5625
surrogate, 52, 28.0, 0.5625
surrogate, 52, 28.0, 0.5625
surrogate, 52, 28.0, 0.5625
surrogate, 52, 28.0, 0.5625
surrogate, 52, 27.0, 0.53125
surrogate, 52, 27.0, 0.53125
surrogate, 52, 27.0, 0.53125
surrogate, 52, 27.0, 0.53125
surrogate, 52, 27.0, 0.53125
surrogate, 52, 27.0, 0.53125
surrogate, 52, 27.0, 0.53125
surrogate, 52, 27.0, 0.53125
surrogate, 52, 26.0, 0.46875
surrogate, 52, 26.0, 0.46875
surrogate, 52, 26.0, 0.46875
surrogate, 52, 26.0, 0.46875
surrogate, 52, 26.0, 0.46875
surrogate, 52, 25.0, 0.40625
surrogate, 52, 25.0, 0.40625
surrogate, 52, 25.0, 0.40625
surrogate, 52, 25.0, 0.40625
surrogate, 52, 25.0, 0.40625
surrogate, 52, 25.0, 0.40625
surrogate, 52, 24.0, 0.34375
surrogate, 52, 24.0, 0.34375
surrogate, 52, 24.0, 0.34375
surrogate, 52, 24.0, 0.34375
surrogate, 52, 24.0, 0.34375
surrogate, 52, 24.0, 0.34375
surrogate, 52, 24.0, 0.34375
surrogate, 52, 24.0, 0.34375
surrogate, 52, 24.0, 0.34375
surrogate, 52, 24.0, 0.34375
surrogate, 52, 24.0, 0.34375
surrogate, 52, 24.0, 0.34375
surrogate, 52, 24.0, 0.34375
surrogate, 52, 24.0, 0.34375
surrogate, 52, 24.0, 0.34375
surrogate, 52, 24.0, 0.34375
surrogate, 52, 24.0, 0.34375
surrogate, 52, 24.0, 0.34375
surrogate, 52, 24.0, 0.34375
surrogate, 52, 24.0, 0.34375
surrogate, 52, 23.0, 0.3125
surrogate, 52, 23.0, 0.3125
surrogate, 52, 23.0, 0.3125
surrogate, 52, 23.0, 0.3125
surrogate, 52, 23.0, 0.3125
surrogate, 52, 23.0, 0.3125
surrogate, 52, 23.0, 0.3125
surrogate, 52, 23.0, 0.3125
surrogate, 52, 23.0, 0.3125
surrogate, 52, 23.0, 0.3125
surrogate, 52, 23.0, 0.3125
surrogate, 52, 23.0, 0.3125
surrogate, 52, 20.0, 0.0625
surrogate, 52, 20.0, 0.0625
surrogate, 52, 20.0, 0.0625
surrogate, 52, 20.0, 0.0625
surrogate, 52, 20.0, 0.0625
surrogate, 52, 20.0, 0.0625
surrogate, 52, 20.0, 0.0625
surrogate, 52, 20.0, 0.0625
surrogate, 52, 20.0, 0.0625
surrogate, 52, 20.0, 0.0625
surrogate, 52, 20.0, 0.0625
surrogate, 52, 20.0, 0.0625
surrogate, 52, 20.0, 0.0625
surrogate, 52, 20.0, 0.0625
surrogate, 52, 20.0, 0.0625
surrogate, 52, 20.0, 0.0625
surrogate, 52, 20.0, 0.0625
surrogate, 52, 20.0, 0.0625
surrogate, 52, 20.0, 0.0625
surrogate, 52, 20.0, 0.0625
surrogate, 52, 20.0, 0.0625
surrogate, 52, 20.0, 0.0625
surrogate, 52, 20.0, 0.0625
surrogate, 52, 20.0, 0.0625
surrogate, 52, 20.0, 0.0625
surrogate, 52, 20.0, 0.0625
surrogate, 52, 20.0, 0.0625
surrogate, 52, 20.0, 0.0625
surrogate, 52, 20.0, 0.0625
surrogate, 52, 20.0, 0.0625
surrogate, 52, 20.0, 0.0625
surrogate, 52, 20.0, 0.0625
surrogate, 52, 20.0, 0.0625
surrogate, 52, 20.0, 0.0625
surrogate, 52, 20.0, 0.0625
surrogate, 52, 20.0, 0.0625
surrogate, 52, 20.0, 0.0625
surrogate, 52, 20.0, 0.0625
surrogate, 52, 20.0, 0.0625
surrogate, 52, 20.0, 0.0625
surrogate, 52, 20.0, 0.0625
surrogate, 52, 20.0, 0.0625
surrogate, 52, 20.0, 0.0625
surrogate, 52, 20.0, 0.0625
surrogate, 53, 32.0, 0.9375
surrogate, 53, 31.0, 0.84375
surrogate, 53, 30.0, 0.71875
surrogate, 53, 30.0, 0.71875
surrogate, 53, 30.0, 0.71875
surrogate, 53, 29.0, 0.59375
surrogate, 53, 29.0, 0.59375
surrogate, 53, 29.0, 0.59375
surrogate, 53, 29.0, 0.59375
surrogate, 53, 28.0, 0.5625
surrogate, 53, 28.0, 0.5625
surrogate, 53, 28.0, 0.5625
surrogate, 53, 28.0, 0.5625
surrogate, 53, 28.0, 0.5625
surrogate, 53, 28.0, 0.5625
surrogate, 53, 28.0, 0.5625
surrogate, 53, 27.0, 0.53125
surrogate, 53, 27.0, 0.53125
surrogate, 53, 27.0, 0.53125
surrogate, 53, 27.0, 0.53125
surrogate, 53, 27.0, 0.53125
surrogate, 53, 27.0, 0.53125
surrogate, 53, 27.0, 0.53125
surrogate, 53, 27.0, 0.53125
surrogate, 53, 26.0, 0.46875
surrogate, 53, 26.0, 0.46875
surrogate, 53, 26.0, 0.46875
surrogate, 53, 26.0, 0.46875
surrogate, 53, 26.0, 0.46875
surrogate, 53, 25.0, 0.40625
surrogate, 53, 25.0, 0.40625
surrogate, 53, 25.0, 0.40625
surrogate, 53, 25.0, 0.40625
surrogate, 53, 25.0, 0.40625
surrogate, 53, 25.0, 0.40625
surrogate, 53, 24.0, 0.34375
surrogate, 53, 24.0, 0.34375
surrogate, 53, 24.0, 0.34375
surrogate, 53, 24.0, 0.34375
surrogate, 53, 24.0, 0.34375
surrogate, 53, 24.0, 0.34375
surrogate, 53, 24.0, 0.34375
surrogate, 53, 24.0, 0.34375
surrogate, 53, 24.0, 0.34375
surrogate, 53, 24.0, 0.34375
surrogate, 53, 24.0, 0.34375
surrogate, 53, 24.0, 0.34375
surrogate, 53, 24.0, 0.34375
surrogate, 53, 24.0, 0.34375
surrogate, 53, 24.0, 0.34375
surrogate, 53, 24.0, 0.34375
surrogate, 53, 24.0, 0.34375
surrogate, 53, 24.0, 0.34375
surrogate, 53, 24.0, 0.34375
surrogate, 53, 24.0, 0.34375
surrogate, 53, 23.0, 0.3125
surrogate, 53, 23.0, 0.3125
surrogate, 53, 23.0, 0.3125
surrogate, 53, 23.0, 0.3125
surrogate, 53, 23.0, 0.3125
surrogate, 53, 23.0, 0.3125
surrogate, 53, 23.0, 0.3125
surrogate, 53, 23.0, 0.3125
surrogate, 53, 23.0, 0.3125
surrogate, 53, 23.0, 0.3125
surrogate, 53, 23.0, 0.3125
surrogate, 53, 23.0, 0.3125
surrogate, 53, 20.0, 0.0625
surrogate, 53, 20.0, 0.0625
surrogate, 53, 20.0, 0.0625
surrogate, 53, 20.0, 0.0625
surrogate, 53, 20.0, 0.0625
surrogate, 53, 20.0, 0.0625
surrogate, 53, 20.0, 0.0625
surrogate, 53, 20.0, 0.0625
surrogate, 53, 20.0, 0.0625
surrogate, 53, 20.0, 0.0625
surrogate, 53, 20.0, 0.0625
surrogate, 53, 20.0, 0.0625
surrogate, 53, 20.0, 0.0625
surrogate, 53, 20.0, 0.0625
surrogate, 53, 20.0, 0.0625
surrogate, 53, 20.0, 0.0625
surrogate, 53, 20.0, 0.0625
surrogate, 53, 20.0, 0.0625
surrogate, 53, 20.0, 0.0625
surrogate, 53, 20.0, 0.0625
surrogate, 53, 20.0, 0.0625
surrogate, 53, 20.0, 0.0625
surrogate, 53, 20.0, 0.0625
surrogate, 53, 20.0, 0.0625
surrogate, 53, 20.0, 0.0625
surrogate, 53, 20.0, 0.0625
surrogate, 53, 20.0, 0.0625
surrogate, 53, 20.0, 0.0625
surrogate, 53, 20.0, 0.0625
surrogate, 53, 20.0, 0.0625
surrogate, 53, 20.0, 0.0625
surrogate, 53, 20.0, 0.0625
surrogate, 53, 20.0, 0.0625
surrogate, 53, 20.0, 0.0625
surrogate, 53, 20.0, 0.0625
surrogate, 53, 20.0, 0.0625
surrogate, 53, 20.0, 0.0625
surrogate, 53, 20.0, 0.0625
surrogate, 53, 20.0, 0.0625
surrogate, 53, 20.0, 0.0625
surrogate, 53, 20.0, 0.0625
surrogate, 53, 20.0, 0.0625
surrogate, 53, 20.0, 0.0625
surrogate, 53, 20.0, 0.0625
surrogate, 54, 32.0, 0.9375
surrogate, 54, 31.0, 0.84375
surrogate, 54, 30.0, 0.71875
surrogate, 54, 30.0, 0.71875
surrogate, 54, 30.0, 0.71875
surrogate, 54, 29.0, 0.59375
surrogate, 54, 29.0, 0.59375
surrogate, 54, 29.0, 0.59375
surrogate, 54, 29.0, 0.59375
surrogate, 54, 28.0, 0.5625
surrogate, 54, 28.0, 0.5625
surrogate, 54, 28.0, 0.5625
surrogate, 54, 28.0, 0.5625
surrogate, 54, 28.0, 0.5625
surrogate, 54, 28.0, 0.5625
surrogate, 54, 28.0, 0.5625
surrogate, 54, 27.0, 0.53125
surrogate, 54, 27.0, 0.53125
surrogate, 54, 27.0, 0.53125
surrogate, 54, 27.0, 0.53125
surrogate, 54, 27.0, 0.53125
surrogate, 54, 27.0, 0.53125
surrogate, 54, 27.0, 0.53125
surrogate, 54, 27.0, 0.53125
surrogate, 54, 26.0, 0.46875
surrogate, 54, 26.0, 0.46875
surrogate, 54, 26.0, 0.46875
surrogate, 54, 26.0, 0.46875
surrogate, 54, 26.0, 0.46875
surrogate, 54, 26.0, 0.46875
surrogate, 54, 25.0, 0.40625
surrogate, 54, 25.0, 0.40625
surrogate, 54, 25.0, 0.40625
surrogate, 54, 25.0, 0.40625
surrogate, 54, 25.0, 0.40625
surrogate, 54, 25.0, 0.40625
surrogate, 54, 25.0, 0.40625
surrogate, 54, 24.0, 0.34375
surrogate, 54, 24.0, 0.34375
surrogate, 54, 24.0, 0.34375
surrogate, 54, 24.0, 0.34375
surrogate, 54, 24.0, 0.34375
surrogate, 54, 24.0, 0.34375
surrogate, 54, 24.0, 0.34375
surrogate, 54, 24.0, 0.34375
surrogate, 54, 24.0, 0.34375
surrogate, 54, 24.0, 0.34375
surrogate, 54, 24.0, 0.34375
surrogate, 54, 24.0, 0.34375
surrogate, 54, 24.0, 0.34375
surrogate, 54, 24.0, 0.34375
surrogate, 54, 24.0, 0.34375
surrogate, 54, 24.0, 0.34375
surrogate, 54, 24.0, 0.34375
surrogate, 54, 24.0, 0.34375
surrogate, 54, 24.0, 0.34375
surrogate, 54, 24.0, 0.34375
surrogate, 54, 24.0, 0.34375
surrogate, 54, 23.0, 0.3125
surrogate, 54, 23.0, 0.3125
surrogate, 54, 23.0, 0.3125
surrogate, 54, 23.0, 0.3125
surrogate, 54, 23.0, 0.3125
surrogate, 54, 23.0, 0.3125
surrogate, 54, 23.0, 0.3125
surrogate, 54, 23.0, 0.3125
surrogate, 54, 23.0, 0.3125
surrogate, 54, 23.0, 0.3125
surrogate, 54, 23.0, 0.3125
surrogate, 54, 23.0, 0.3125
surrogate, 54, 20.0, 0.0625
surrogate, 54, 20.0, 0.0625
surrogate, 54, 20.0, 0.0625
surrogate, 54, 20.0, 0.0625
surrogate, 54, 20.0, 0.0625
surrogate, 54, 20.0, 0.0625
surrogate, 54, 20.0, 0.0625
surrogate, 54, 20.0, 0.0625
surrogate, 54, 20.0, 0.0625
surrogate, 54, 20.0, 0.0625
surrogate, 54, 20.0, 0.0625
surrogate, 54, 20.0, 0.0625
surrogate, 54, 20.0, 0.0625
surrogate, 54, 20.0, 0.0625
surrogate, 54, 20.0, 0.0625
surrogate, 54, 20.0, 0.0625
surrogate, 54, 20.0, 0.0625
surrogate, 54, 20.0, 0.0625
surrogate, 54, 20.0, 0.0625
surrogate, 54, 20.0, 0.0625
surrogate, 54, 20.0, 0.0625
surrogate, 54, 20.0, 0.0625
surrogate, 54, 20.0, 0.0625
surrogate, 54, 20.0, 0.0625
surrogate, 54, 20.0, 0.0625
surrogate, 54, 20.0, 0.0625
surrogate, 54, 20.0, 0.0625
surrogate, 54, 20.0, 0.0625
surrogate, 54, 20.0, 0.0625
surrogate, 54, 20.0, 0.0625
surrogate, 54, 20.0, 0.0625
surrogate, 54, 20.0, 0.0625
surrogate, 54, 20.0, 0.0625
surrogate, 54, 20.0, 0.0625
surrogate, 54, 20.0, 0.0625
surrogate, 54, 20.0, 0.0625
surrogate, 54, 20.0, 0.0625
surrogate, 54, 20.0, 0.0625
surrogate, 54, 20.0, 0.0625
surrogate, 54, 20.0, 0.0625
surrogate, 54, 20.0, 0.0625
surrogate, 54, 20.0, 0.0625
surrogate, 54, 20.0, 0.0625
surrogate, 54, 20.0, 0.0625
surrogate, 55, 32.0, 0.9375
surrogate, 55, 31.0, 0.84375
surrogate, 55, 30.0, 0.71875
surrogate, 55, 30.0, 0.71875
surrogate, 55, 30.0, 0.71875
surrogate, 55, 29.0, 0.59375
surrogate, 55, 29.0, 0.59375
surrogate, 55, 29.0, 0.59375
surrogate, 55, 29.0, 0.59375
surrogate, 55, 29.0, 0.59375
surrogate, 55, 28.0, 0.5625
surrogate, 55, 28.0, 0.5625
surrogate, 55, 28.0, 0.5625
surrogate, 55, 28.0, 0.5625
surrogate, 55, 28.0, 0.5625
surrogate, 55, 28.0, 0.5625
surrogate, 55, 28.0, 0.5625
surrogate, 55, 27.0, 0.53125
surrogate, 55, 27.0, 0.53125
surrogate, 55, 27.0, 0.53125
surrogate, 55, 27.0, 0.53125
surrogate, 55, 27.0, 0.53125
surrogate, 55, 27.0, 0.53125
surrogate, 55, 27.0, 0.53125
surrogate, 55, 27.0, 0.53125
surrogate, 55, 26.0, 0.46875
surrogate, 55, 26.0, 0.46875
surrogate, 55, 26.0, 0.46875
surrogate, 55, 26.0, 0.46875
surrogate, 55, 26.0, 0.46875
surrogate, 55, 26.0, 0.46875
surrogate, 55, 25.0, 0.40625
surrogate, 55, 25.0, 0.40625
surrogate, 55, 25.0, 0.40625
surrogate, 55, 25.0, 0.40625
surrogate, 55, 25.0, 0.40625
surrogate, 55, 25.0, 0.40625
surrogate, 55, 25.0, 0.40625
surrogate, 55, 24.0, 0.34375
surrogate, 55, 24.0, 0.34375
surrogate, 55, 24.0, 0.34375
surrogate, 55, 24.0, 0.34375
surrogate, 55, 24.0, 0.34375
surrogate, 55, 24.0, 0.34375
surrogate, 55, 24.0, 0.34375
surrogate, 55, 24.0, 0.34375
surrogate, 55, 24.0, 0.34375
surrogate, 55, 24.0, 0.34375
surrogate, 55, 24.0, 0.34375
surrogate, 55, 24.0, 0.34375
surrogate, 55, 24.0, 0.34375
surrogate, 55, 24.0, 0.34375
surrogate, 55, 24.0, 0.34375
surrogate, 55, 24.0, 0.34375
surrogate, 55, 24.0, 0.34375
surrogate, 55, 24.0, 0.34375
surrogate, 55, 24.0, 0.34375
surrogate, 55, 24.0, 0.34375
surrogate, 55, 24.0, 0.34375
surrogate, 55, 23.0, 0.3125
surrogate, 55, 23.0, 0.3125
surrogate, 55, 23.0, 0.3125
surrogate, 55, 23.0, 0.3125
surrogate, 55, 23.0, 0.3125
surrogate, 55, 23.0, 0.3125
surrogate, 55, 23.0, 0.3125
surrogate, 55, 23.0, 0.3125
surrogate, 55, 23.0, 0.3125
surrogate, 55, 23.0, 0.3125
surrogate, 55, 23.0, 0.3125
surrogate, 55, 23.0, 0.3125
surrogate, 55, 20.0, 0.0625
surrogate, 55, 20.0, 0.0625
surrogate, 55, 20.0, 0.0625
surrogate, 55, 20.0, 0.0625
surrogate, 55, 20.0, 0.0625
surrogate, 55, 20.0, 0.0625
surrogate, 55, 20.0, 0.0625
surrogate, 55, 20.0, 0.0625
surrogate, 55, 20.0, 0.0625
surrogate, 55, 20.0, 0.0625
surrogate, 55, 20.0, 0.0625
surrogate, 55, 20.0, 0.0625
surrogate, 55, 20.0, 0.0625
surrogate, 55, 20.0, 0.0625
surrogate, 55, 20.0, 0.0625
surrogate, 55, 20.0, 0.0625
surrogate, 55, 20.0, 0.0625
surrogate, 55, 20.0, 0.0625
surrogate, 55, 20.0, 0.0625
surrogate, 55, 20.0, 0.0625
surrogate, 55, 20.0, 0.0625
surrogate, 55, 20.0, 0.0625
surrogate, 55, 20.0, 0.0625
surrogate, 55, 20.0, 0.0625
surrogate, 55, 20.0, 0.0625
surrogate, 55, 20.0, 0.0625
surrogate, 55, 20.0, 0.0625
surrogate, 55, 20.0, 0.0625
surrogate, 55, 20.0, 0.0625
surrogate, 55, 20.0, 0.0625
surrogate, 55, 20.0, 0.0625
surrogate, 55, 20.0, 0.0625
surrogate, 55, 20.0, 0.0625
surrogate, 55, 20.0, 0.0625
surrogate, 55, 20.0, 0.0625
surrogate, 55, 20.0, 0.0625
surrogate, 55, 20.0, 0.0625
surrogate, 55, 20.0, 0.0625
surrogate, 55, 20.0, 0.0625
surrogate, 55, 20.0, 0.0625
surrogate, 55, 20.0, 0.0625
surrogate, 55, 20.0, 0.0625
surrogate, 55, 20.0, 0.0625
surrogate, 55, 20.0, 0.0625
surrogate, 56, 32.0, 0.9375
surrogate, 56, 31.0, 0.84375
surrogate, 56, 30.0, 0.71875
surrogate, 56, 30.0, 0.71875
surrogate, 56, 30.0, 0.71875
surrogate, 56, 29.0, 0.59375
surrogate, 56, 29.0, 0.59375
surrogate, 56, 29.0, 0.59375
surrogate, 56, 29.0, 0.59375
surrogate, 56, 29.0, 0.59375
surrogate, 56, 29.0, 0.59375
surrogate, 56, 28.0, 0.5625
surrogate, 56, 28.0, 0.5625
surrogate, 56, 28.0, 0.5625
surrogate, 56, 28.0, 0.5625
surrogate, 56, 28.0, 0.5625
surrogate, 56, 28.0, 0.5625
surrogate, 56, 28.0, 0.5625
surrogate, 56, 27.0, 0.53125
surrogate, 56, 27.0, 0.53125
surrogate, 56, 27.0, 0.53125
surrogate, 56, 27.0, 0.53125
surrogate, 56, 27.0, 0.53125
surrogate, 56, 27.0, 0.53125
surrogate, 56, 27.0, 0.53125
surrogate, 56, 27.0, 0.53125
surrogate, 56, 26.0, 0.46875
surrogate, 56, 26.0, 0.46875
surrogate, 56, 26.0, 0.46875
surrogate, 56, 26.0, 0.46875
surrogate, 56, 26.0, 0.46875
surrogate, 56, 26.0, 0.46875
surrogate, 56, 25.0, 0.40625
surrogate, 56, 25.0, 0.40625
surrogate, 56, 25.0, 0.40625
surrogate, 56, 25.0, 0.40625
surrogate, 56, 25.0, 0.40625
surrogate, 56, 25.0, 0.40625
surrogate, 56, 25.0, 0.40625
surrogate, 56, 24.0, 0.34375
surrogate, 56, 24.0, 0.34375
surrogate, 56, 24.0, 0.34375
surrogate, 56, 24.0, 0.34375
surrogate, 56, 24.0, 0.34375
surrogate, 56, 24.0, 0.34375
surrogate, 56, 24.0, 0.34375
surrogate, 56, 24.0, 0.34375
surrogate, 56, 24.0, 0.34375
surrogate, 56, 24.0, 0.34375
surrogate, 56, 24.0, 0.34375
surrogate, 56, 24.0, 0.34375
surrogate, 56, 24.0, 0.34375
surrogate, 56, 24.0, 0.34375
surrogate, 56, 24.0, 0.34375
surrogate, 56, 24.0, 0.34375
surrogate, 56, 24.0, 0.34375
surrogate, 56, 24.0, 0.34375
surrogate, 56, 24.0, 0.34375
surrogate, 56, 24.0, 0.34375
surrogate, 56, 24.0, 0.34375
surrogate, 56, 23.0, 0.3125
surrogate, 56, 23.0, 0.3125
surrogate, 56, 23.0, 0.3125
surrogate, 56, 23.0, 0.3125
surrogate, 56, 23.0, 0.3125
surrogate, 56, 23.0, 0.3125
surrogate, 56, 23.0, 0.3125
surrogate, 56, 23.0, 0.3125
surrogate, 56, 23.0, 0.3125
surrogate, 56, 23.0, 0.3125
surrogate, 56, 23.0, 0.3125
surrogate, 56, 23.0, 0.3125
surrogate, 56, 20.0, 0.0625
surrogate, 56, 20.0, 0.0625
surrogate, 56, 20.0, 0.0625
surrogate, 56, 20.0, 0.0625
surrogate, 56, 20.0, 0.0625
surrogate, 56, 20.0, 0.0625
surrogate, 56, 20.0, 0.0625
surrogate, 56, 20.0, 0.0625
surrogate, 56, 20.0, 0.0625
surrogate, 56, 20.0, 0.0625
surrogate, 56, 20.0, 0.0625
surrogate, 56, 20.0, 0.0625
surrogate, 56, 20.0, 0.0625
surrogate, 56, 20.0, 0.0625
surrogate, 56, 20.0, 0.0625
surrogate, 56, 20.0, 0.0625
surrogate, 56, 20.0, 0.0625
surrogate, 56, 20.0, 0.0625
surrogate, 56, 20.0, 0.0625
surrogate, 56, 20.0, 0.0625
surrogate, 56, 20.0, 0.0625
surrogate, 56, 20.0, 0.0625
surrogate, 56, 20.0, 0.0625
surrogate, 56, 20.0, 0.0625
surrogate, 56, 20.0, 0.0625
surrogate, 56, 20.0, 0.0625
surrogate, 56, 20.0, 0.0625
surrogate, 56, 20.0, 0.0625
surrogate, 56, 20.0, 0.0625
surrogate, 56, 20.0, 0.0625
surrogate, 56, 20.0, 0.0625
surrogate, 56, 20.0, 0.0625
surrogate, 56, 20.0, 0.0625
surrogate, 56, 20.0, 0.0625
surrogate, 56, 20.0, 0.0625
surrogate, 56, 20.0, 0.0625
surrogate, 56, 20.0, 0.0625
surrogate, 56, 20.0, 0.0625
surrogate, 56, 20.0, 0.0625
surrogate, 56, 20.0, 0.0625
surrogate, 56, 20.0, 0.0625
surrogate, 56, 20.0, 0.0625
surrogate, 56, 20.0, 0.0625
surrogate, 56, 20.0, 0.0625
surrogate, 57, 32.0, 0.9375
surrogate, 57, 32.0, 0.9375
surrogate, 57, 31.0, 0.84375
surrogate, 57, 30.0, 0.71875
surrogate, 57, 30.0, 0.71875
surrogate, 57, 30.0, 0.71875
surrogate, 57, 29.0, 0.59375
surrogate, 57, 29.0, 0.59375
surrogate, 57, 29.0, 0.59375
surrogate, 57, 29.0, 0.59375
surrogate, 57, 29.0, 0.59375
surrogate, 57, 29.0, 0.59375
surrogate, 57, 28.0, 0.5625
surrogate, 57, 28.0, 0.5625
surrogate, 57, 28.0, 0.5625
surrogate, 57, 28.0, 0.5625
surrogate, 57, 28.0, 0.5625
surrogate, 57, 28.0, 0.5625
surrogate, 57, 28.0, 0.5625
surrogate, 57, 27.0, 0.53125
surrogate, 57, 27.0, 0.53125
surrogate, 57, 27.0, 0.53125
surrogate, 57, 27.0, 0.53125
surrogate, 57, 27.0, 0.53125
surrogate, 57, 27.0, 0.53125
surrogate, 57, 27.0, 0.53125
surrogate, 57, 27.0, 0.53125
surrogate, 57, 26.0, 0.46875
surrogate, 57, 26.0, 0.46875
surrogate, 57, 26.0, 0.46875
surrogate, 57, 26.0, 0.46875
surrogate, 57, 26.0, 0.46875
surrogate, 57, 26.0, 0.46875
surrogate, 57, 25.0, 0.40625
surrogate, 57, 25.0, 0.40625
surrogate, 57, 25.0, 0.40625
surrogate, 57, 25.0, 0.40625
surrogate, 57, 25.0, 0.40625
surrogate, 57, 25.0, 0.40625
surrogate, 57, 25.0, 0.40625
surrogate, 57, 25.0, 0.40625
surrogate, 57, 24.0, 0.34375
surrogate, 57, 24.0, 0.34375
surrogate, 57, 24.0, 0.34375
surrogate, 57, 24.0, 0.34375
surrogate, 57, 24.0, 0.34375
surrogate, 57, 24.0, 0.34375
surrogate, 57, 24.0, 0.34375
surrogate, 57, 24.0, 0.34375
surrogate, 57, 24.0, 0.34375
surrogate, 57, 24.0, 0.34375
surrogate, 57, 24.0, 0.34375
surrogate, 57, 24.0, 0.34375
surrogate, 57, 24.0, 0.34375
surrogate, 57, 24.0, 0.34375
surrogate, 57, 24.0, 0.34375
surrogate, 57, 24.0, 0.34375
surrogate, 57, 24.0, 0.34375
surrogate, 57, 24.0, 0.34375
surrogate, 57, 24.0, 0.34375
surrogate, 57, 24.0, 0.34375
surrogate, 57, 24.0, 0.34375
surrogate, 57, 23.0, 0.3125
surrogate, 57, 23.0, 0.3125
surrogate, 57, 23.0, 0.3125
surrogate, 57, 23.0, 0.3125
surrogate, 57, 23.0, 0.3125
surrogate, 57, 23.0, 0.3125
surrogate, 57, 23.0, 0.3125
surrogate, 57, 23.0, 0.3125
surrogate, 57, 23.0, 0.3125
surrogate, 57, 23.0, 0.3125
surrogate, 57, 23.0, 0.3125
surrogate, 57, 23.0, 0.3125
surrogate, 57, 23.0, 0.3125
surrogate, 57, 20.0, 0.0625
surrogate, 57, 20.0, 0.0625
surrogate, 57, 20.0, 0.0625
surrogate, 57, 20.0, 0.0625
surrogate, 57, 20.0, 0.0625
surrogate, 57, 20.0, 0.0625
surrogate, 57, 20.0, 0.0625
surrogate, 57, 20.0, 0.0625
surrogate, 57, 20.0, 0.0625
surrogate, 57, 20.0, 0.0625
surrogate, 57, 20.0, 0.0625
surrogate, 57, 20.0, 0.0625
surrogate, 57, 20.0, 0.0625
surrogate, 57, 20.0, 0.0625
surrogate, 57, 20.0, 0.0625
surrogate, 57, 20.0, 0.0625
surrogate, 57, 20.0, 0.0625
surrogate, 57, 20.0, 0.0625
surrogate, 57, 20.0, 0.0625
surrogate, 57, 20.0, 0.0625
surrogate, 57, 20.0, 0.0625
surrogate, 57, 20.0, 0.0625
surrogate, 57, 20.0, 0.0625
surrogate, 57, 20.0, 0.0625
surrogate, 57, 20.0, 0.0625
surrogate, 57, 20.0, 0.0625
surrogate, 57, 20.0, 0.0625
surrogate, 57, 20.0, 0.0625
surrogate, 57, 20.0, 0.0625
surrogate, 57, 20.0, 0.0625
surrogate, 57, 20.0, 0.0625
surrogate, 57, 20.0, 0.0625
surrogate, 57, 20.0, 0.0625
surrogate, 57, 20.0, 0.0625
surrogate, 57, 20.0, 0.0625
surrogate, 57, 20.0, 0.0625
surrogate, 57, 20.0, 0.0625
surrogate, 57, 20.0, 0.0625
surrogate, 57, 20.0, 0.0625
surrogate, 57, 20.0, 0.0625
surrogate, 57, 20.0, 0.0625
surrogate, 57, 20.0, 0.0625
surrogate, 57, 20.0, 0.0625
surrogate, 57, 20.0, 0.0625
surrogate, 58, 32.0, 0.9375
surrogate, 58, 32.0, 0.9375
surrogate, 58, 31.0, 0.84375
surrogate, 58, 30.0, 0.71875
surrogate, 58, 30.0, 0.71875
surrogate, 58, 30.0, 0.71875
surrogate, 58, 29.0, 0.59375
surrogate, 58, 29.0, 0.59375
surrogate, 58, 29.0, 0.59375
surrogate, 58, 29.0, 0.59375
surrogate, 58, 29.0, 0.59375
surrogate, 58, 29.0, 0.59375
surrogate, 58, 28.0, 0.5625
surrogate, 58, 28.0, 0.5625
surrogate, 58, 28.0, 0.5625
surrogate, 58, 28.0, 0.5625
surrogate, 58, 28.0, 0.5625
surrogate, 58, 28.0, 0.5625
surrogate, 58, 28.0, 0.5625
surrogate, 58, 28.0, 0.5625
surrogate, 58, 27.0, 0.53125
surrogate, 58, 27.0, 0.53125
surrogate, 58, 27.0, 0.53125
surrogate, 58, 27.0, 0.53125
surrogate, 58, 27.0, 0.53125
surrogate, 58, 27.0, 0.53125
surrogate, 58, 27.0, 0.53125
surrogate, 58, 27.0, 0.53125
surrogate, 58, 26.0, 0.46875
surrogate, 58, 26.0, 0.46875
surrogate, 58, 26.0, 0.46875
surrogate, 58, 26.0, 0.46875
surrogate, 58, 26.0, 0.46875
surrogate, 58, 26.0, 0.46875
surrogate, 58, 25.0, 0.40625
surrogate, 58, 25.0, 0.40625
surrogate, 58, 25.0, 0.40625
surrogate, 58, 25.0, 0.40625
surrogate, 58, 25.0, 0.40625
surrogate, 58, 25.0, 0.40625
surrogate, 58, 25.0, 0.40625
surrogate, 58, 25.0, 0.40625
surrogate, 58, 25.0, 0.40625
surrogate, 58, 24.0, 0.34375
surrogate, 58, 24.0, 0.34375
surrogate, 58, 24.0, 0.34375
surrogate, 58, 24.0, 0.34375
surrogate, 58, 24.0, 0.34375
surrogate, 58, 24.0, 0.34375
surrogate, 58, 24.0, 0.34375
surrogate, 58, 24.0, 0.34375
surrogate, 58, 24.0, 0.34375
surrogate, 58, 24.0, 0.34375
surrogate, 58, 24.0, 0.34375
surrogate, 58, 24.0, 0.34375
surrogate, 58, 24.0, 0.34375
surrogate, 58, 24.0, 0.34375
surrogate, 58, 24.0, 0.34375
surrogate, 58, 24.0, 0.34375
surrogate, 58, 24.0, 0.34375
surrogate, 58, 24.0, 0.34375
surrogate, 58, 24.0, 0.34375
surrogate, 58, 24.0, 0.34375
surrogate, 58, 24.0, 0.34375
surrogate, 58, 24.0, 0.34375
surrogate, 58, 23.0, 0.3125
surrogate, 58, 23.0, 0.3125
surrogate, 58, 23.0, 0.3125
surrogate, 58, 23.0, 0.3125
surrogate, 58, 23.0, 0.3125
surrogate, 58, 23.0, 0.3125
surrogate, 58, 23.0, 0.3125
surrogate, 58, 23.0, 0.3125
surrogate, 58, 23.0, 0.3125
surrogate, 58, 23.0, 0.3125
surrogate, 58, 23.0, 0.3125
surrogate, 58, 23.0, 0.3125
surrogate, 58, 23.0, 0.3125
surrogate, 58, 20.0, 0.0625
surrogate, 58, 20.0, 0.0625
surrogate, 58, 20.0, 0.0625
surrogate, 58, 20.0, 0.0625
surrogate, 58, 20.0, 0.0625
surrogate, 58, 20.0, 0.0625
surrogate, 58, 20.0, 0.0625
surrogate, 58, 20.0, 0.0625
surrogate, 58, 20.0, 0.0625
surrogate, 58, 20.0, 0.0625
surrogate, 58, 20.0, 0.0625
surrogate, 58, 20.0, 0.0625
surrogate, 58, 20.0, 0.0625
surrogate, 58, 20.0, 0.0625
surrogate, 58, 20.0, 0.0625
surrogate, 58, 20.0, 0.0625
surrogate, 58, 20.0, 0.0625
surrogate, 58, 20.0, 0.0625
surrogate, 58, 20.0, 0.0625
surrogate, 58, 20.0, 0.0625
surrogate, 58, 20.0, 0.0625
surrogate, 58, 20.0, 0.0625
surrogate, 58, 20.0, 0.0625
surrogate, 58, 20.0, 0.0625
surrogate, 58, 20.0, 0.0625
surrogate, 58, 20.0, 0.0625
surrogate, 58, 20.0, 0.0625
surrogate, 58, 20.0, 0.0625
surrogate, 58, 20.0, 0.0625
surrogate, 58, 20.0, 0.0625
surrogate, 58, 20.0, 0.0625
surrogate, 58, 20.0, 0.0625
surrogate, 58, 20.0, 0.0625
surrogate, 58, 20.0, 0.0625
surrogate, 58, 20.0, 0.0625
surrogate, 58, 20.0, 0.0625
surrogate, 58, 20.0, 0.0625
surrogate, 58, 20.0, 0.0625
surrogate, 58, 20.0, 0.0625
surrogate, 58, 20.0, 0.0625
surrogate, 58, 20.0, 0.0625
surrogate, 58, 20.0, 0.0625
surrogate, 58, 20.0, 0.0625
surrogate, 58, 20.0, 0.0625
surrogate, 59, 32.0, 0.9375
surrogate, 59, 32.0, 0.9375
surrogate, 59, 31.0, 0.84375
surrogate, 59, 30.0, 0.71875
surrogate, 59, 30.0, 0.71875
surrogate, 59, 30.0, 0.71875
surrogate, 59, 29.0, 0.59375
surrogate, 59, 29.0, 0.59375
surrogate, 59, 29.0, 0.59375
surrogate, 59, 29.0, 0.59375
surrogate, 59, 29.0, 0.59375
surrogate, 59, 29.0, 0.59375
surrogate, 59, 29.0, 0.59375
surrogate, 59, 28.0, 0.5625
surrogate, 59, 28.0, 0.5625
surrogate, 59, 28.0, 0.5625
surrogate, 59, 28.0, 0.5625
surrogate, 59, 28.0, 0.5625
surrogate, 59, 28.0, 0.5625
surrogate, 59, 28.0, 0.5625
surrogate, 59, 28.0, 0.5625
surrogate, 59, 27.0, 0.53125
surrogate, 59, 27.0, 0.53125
surrogate, 59, 27.0, 0.53125
surrogate, 59, 27.0, 0.53125
surrogate, 59, 27.0, 0.53125
surrogate, 59, 27.0, 0.53125
surrogate, 59, 27.0, 0.53125
surrogate, 59, 27.0, 0.53125
surrogate, 59, 26.0, 0.46875
surrogate, 59, 26.0, 0.46875
surrogate, 59, 26.0, 0.46875
surrogate, 59, 26.0, 0.46875
surrogate, 59, 26.0, 0.46875
surrogate, 59, 26.0, 0.46875
surrogate, 59, 25.0, 0.40625
surrogate, 59, 25.0, 0.40625
surrogate, 59, 25.0, 0.40625
surrogate, 59, 25.0, 0.40625
surrogate, 59, 25.0, 0.40625
surrogate, 59, 25.0, 0.40625
surrogate, 59, 25.0, 0.40625
surrogate, 59, 25.0, 0.40625
surrogate, 59, 25.0, 0.40625
surrogate, 59, 24.0, 0.34375
surrogate, 59, 24.0, 0.34375
surrogate, 59, 24.0, 0.34375
surrogate, 59, 24.0, 0.34375
surrogate, 59, 24.0, 0.34375
surrogate, 59, 24.0, 0.34375
surrogate, 59, 24.0, 0.34375
surrogate, 59, 24.0, 0.34375
surrogate, 59, 24.0, 0.34375
surrogate, 59, 24.0, 0.34375
surrogate, 59, 24.0, 0.34375
surrogate, 59, 24.0, 0.34375
surrogate, 59, 24.0, 0.34375
surrogate, 59, 24.0, 0.34375
surrogate, 59, 24.0, 0.34375
surrogate, 59, 24.0, 0.34375
surrogate, 59, 24.0, 0.34375
surrogate, 59, 24.0, 0.34375
surrogate, 59, 24.0, 0.34375
surrogate, 59, 24.0, 0.34375
surrogate, 59, 24.0, 0.34375
surrogate, 59, 24.0, 0.34375
surrogate, 59, 24.0, 0.34375
surrogate, 59, 23.0, 0.3125
surrogate, 59, 23.0, 0.3125
surrogate, 59, 23.0, 0.3125
surrogate, 59, 23.0, 0.3125
surrogate, 59, 23.0, 0.3125
surrogate, 59, 23.0, 0.3125
surrogate, 59, 23.0, 0.3125
surrogate, 59, 23.0, 0.3125
surrogate, 59, 23.0, 0.3125
surrogate, 59, 23.0, 0.3125
surrogate, 59, 23.0, 0.3125
surrogate, 59, 23.0, 0.3125
surrogate, 59, 23.0, 0.3125
surrogate, 59, 20.0, 0.0625
surrogate, 59, 20.0, 0.0625
surrogate, 59, 20.0, 0.0625
surrogate, 59, 20.0, 0.0625
surrogate, 59, 20.0, 0.0625
surrogate, 59, 20.0, 0.0625
surrogate, 59, 20.0, 0.0625
surrogate, 59, 20.0, 0.0625
surrogate, 59, 20.0, 0.0625
surrogate, 59, 20.0, 0.0625
surrogate, 59, 20.0, 0.0625
surrogate, 59, 20.0, 0.0625
surrogate, 59, 20.0, 0.0625
surrogate, 59, 20.0, 0.0625
surrogate, 59, 20.0, 0.0625
surrogate, 59, 20.0, 0.0625
surrogate, 59, 20.0, 0.0625
surrogate, 59, 20.0, 0.0625
surrogate, 59, 20.0, 0.0625
surrogate, 59, 20.0, 0.0625
surrogate, 59, 20.0, 0.0625
surrogate, 59, 20.0, 0.0625
surrogate, 59, 20.0, 0.0625
surrogate, 59, 20.0, 0.0625
surrogate, 59, 20.0, 0.0625
surrogate, 59, 20.0, 0.0625
surrogate, 59, 20.0, 0.0625
surrogate, 59, 20.0, 0.0625
surrogate, 59, 20.0, 0.0625
surrogate, 59, 20.0, 0.0625
surrogate, 59, 20.0, 0.0625
surrogate, 59, 20.0, 0.0625
surrogate, 59, 20.0, 0.0625
surrogate, 59, 20.0, 0.0625
surrogate, 59, 20.0, 0.0625
surrogate, 59, 20.0, 0.0625
surrogate, 59, 20.0, 0.0625
surrogate, 59, 20.0, 0.0625
surrogate, 59, 20.0, 0.0625
surrogate, 59, 20.0, 0.0625
surrogate, 59, 20.0, 0.0625
surrogate, 59, 20.0, 0.0625
surrogate, 59, 20.0, 0.0625
surrogate, 59, 20.0, 0.0625
surrogate, 60, 32.0, 0.9375
surrogate, 60, 32.0, 0.9375
surrogate, 60, 31.0, 0.84375
surrogate, 60, 30.0, 0.71875
surrogate, 60, 30.0, 0.71875
surrogate, 60, 30.0, 0.71875
surrogate, 60, 30.0, 0.71875
surrogate, 60, 29.0, 0.59375
surrogate, 60, 29.0, 0.59375
surrogate, 60, 29.0, 0.59375
surrogate, 60, 29.0, 0.59375
surrogate, 60, 29.0, 0.59375
surrogate, 60, 29.0, 0.59375
surrogate, 60, 29.0, 0.59375
surrogate, 60, 28.0, 0.5625
surrogate, 60, 28.0, 0.5625
surrogate, 60, 28.0, 0.5625
surrogate, 60, 28.0, 0.5625
surrogate, 60, 28.0, 0.5625
surrogate, 60, 28.0, 0.5625
surrogate, 60, 28.0, 0.5625
surrogate, 60, 28.0, 0.5625
surrogate, 60, 27.0, 0.53125
surrogate, 60, 27.0, 0.53125
surrogate, 60, 27.0, 0.53125
surrogate, 60, 27.0, 0.53125
surrogate, 60, 27.0, 0.53125
surrogate, 60, 27.0, 0.53125
surrogate, 60, 27.0, 0.53125
surrogate, 60, 27.0, 0.53125
surrogate, 60, 26.0, 0.46875
surrogate, 60, 26.0, 0.46875
surrogate, 60, 26.0, 0.46875
surrogate, 60, 26.0, 0.46875
surrogate, 60, 26.0, 0.46875
surrogate, 60, 26.0, 0.46875
surrogate, 60, 25.0, 0.40625
surrogate, 60, 25.0, 0.40625
surrogate, 60, 25.0, 0.40625
surrogate, 60, 25.0, 0.40625
surrogate, 60, 25.0, 0.40625
surrogate, 60, 25.0, 0.40625
surrogate, 60, 25.0, 0.40625
surrogate, 60, 25.0, 0.40625
surrogate, 60, 25.0, 0.40625
surrogate, 60, 25.0, 0.40625
surrogate, 60, 24.0, 0.34375
surrogate, 60, 24.0, 0.34375
surrogate, 60, 24.0, 0.34375
surrogate, 60, 24.0, 0.34375
surrogate, 60, 24.0, 0.34375
surrogate, 60, 24.0, 0.34375
surrogate, 60, 24.0, 0.34375
surrogate, 60, 24.0, 0.34375
surrogate, 60, 24.0, 0.34375
surrogate, 60, 24.0, 0.34375
surrogate, 60, 24.0, 0.34375
surrogate, 60, 24.0, 0.34375
surrogate, 60, 24.0, 0.34375
surrogate, 60, 24.0, 0.34375
surrogate, 60, 24.0, 0.34375
surrogate, 60, 24.0, 0.34375
surrogate, 60, 24.0, 0.34375
surrogate, 60, 24.0, 0.34375
surrogate, 60, 24.0, 0.34375
surrogate, 60, 24.0, 0.34375
surrogate, 60, 24.0, 0.34375
surrogate, 60, 24.0, 0.34375
surrogate, 60, 24.0, 0.34375
surrogate, 60, 24.0, 0.34375
surrogate, 60, 23.0, 0.3125
surrogate, 60, 23.0, 0.3125
surrogate, 60, 23.0, 0.3125
surrogate, 60, 23.0, 0.3125
surrogate, 60, 23.0, 0.3125
surrogate, 60, 23.0, 0.3125
surrogate, 60, 23.0, 0.3125
surrogate, 60, 23.0, 0.3125
surrogate, 60, 23.0, 0.3125
surrogate, 60, 23.0, 0.3125
surrogate, 60, 23.0, 0.3125
surrogate, 60, 23.0, 0.3125
surrogate, 60, 23.0, 0.3125
surrogate, 60, 23.0, 0.3125
surrogate, 60, 20.0, 0.0625
surrogate, 60, 20.0, 0.0625
surrogate, 60, 20.0, 0.0625
surrogate, 60, 20.0, 0.0625
surrogate, 60, 20.0, 0.0625
surrogate, 60, 20.0, 0.0625
surrogate, 60, 20.0, 0.0625
surrogate, 60, 20.0, 0.0625
surrogate, 60, 20.0, 0.0625
surrogate, 60, 20.0, 0.0625
surrogate, 60, 20.0, 0.0625
surrogate, 60, 20.0, 0.0625
surrogate, 60, 20.0, 0.0625
surrogate, 60, 20.0, 0.0625
surrogate, 60, 20.0, 0.0625
surrogate, 60, 20.0, 0.0625
surrogate, 60, 20.0, 0.0625
surrogate, 60, 20.0, 0.0625
surrogate, 60, 20.0, 0.0625
surrogate, 60, 20.0, 0.0625
surrogate, 60, 20.0, 0.0625
surrogate, 60, 20.0, 0.0625
surrogate, 60, 20.0, 0.0625
surrogate, 60, 20.0, 0.0625
surrogate, 60, 20.0, 0.0625
surrogate, 60, 20.0, 0.0625
surrogate, 60, 20.0, 0.0625
surrogate, 60, 20.0, 0.0625
surrogate, 60, 20.0, 0.0625
surrogate, 60, 20.0, 0.0625
surrogate, 60, 20.0, 0.0625
surrogate, 60, 20.0, 0.0625
surrogate, 60, 20.0, 0.0625
surrogate, 60, 20.0, 0.0625
surrogate, 60, 20.0, 0.0625
surrogate, 60, 20.0, 0.0625
surrogate, 60, 20.0, 0.0625
surrogate, 60, 20.0, 0.0625
surrogate, 60, 20.0, 0.0625
surrogate, 60, 20.0, 0.0625
surrogate, 60, 20.0, 0.0625
surrogate, 60, 20.0, 0.0625
surrogate, 60, 20.0, 0.0625
surrogate, 60, 20.0, 0.0625
surrogate, 60, 20.0, 0.0625
surrogate, 61, 32.0, 0.9375
surrogate, 61, 32.0, 0.9375
surrogate, 61, 32.0, 0.9375
surrogate, 61, 31.0, 0.84375
surrogate, 61, 30.0, 0.71875
surrogate, 61, 30.0, 0.71875
surrogate, 61, 30.0, 0.71875
surrogate, 61, 30.0, 0.71875
surrogate, 61, 30.0, 0.71875
surrogate, 61, 29.0, 0.59375
surrogate, 61, 29.0, 0.59375
surrogate, 61, 29.0, 0.59375
surrogate, 61, 29.0, 0.59375
surrogate, 61, 29.0, 0.59375
surrogate, 61, 29.0, 0.59375
surrogate, 61, 29.0, 0.59375
surrogate, 61, 28.0, 0.5625
surrogate, 61, 28.0, 0.5625
surrogate, 61, 28.0, 0.5625
surrogate, 61, 28.0, 0.5625
surrogate, 61, 28.0, 0.5625
surrogate, 61, 28.0, 0.5625
surrogate, 61, 28.0, 0.5625
surrogate, 61, 28.0, 0.5625
surrogate, 61, 27.0, 0.53125
surrogate, 61, 27.0, 0.53125
surrogate, 61, 27.0, 0.53125
surrogate, 61, 27.0, 0.53125
surrogate, 61, 27.0, 0.53125
surrogate, 61, 27.0, 0.53125
surrogate, 61, 27.0, 0.53125
surrogate, 61, 27.0, 0.53125
surrogate, 61, 26.0, 0.46875
surrogate, 61, 26.0, 0.46875
surrogate, 61, 26.0, 0.46875
surrogate, 61, 26.0, 0.46875
surrogate, 61, 26.0, 0.46875
surrogate, 61, 26.0, 0.46875
surrogate, 61, 25.0, 0.40625
surrogate, 61, 25.0, 0.40625
surrogate, 61, 25.0, 0.40625
surrogate, 61, 25.0, 0.40625
surrogate, 61, 25.0, 0.40625
surrogate, 61, 25.0, 0.40625
surrogate, 61, 25.0, 0.40625
surrogate, 61, 25.0, 0.40625
surrogate, 61, 25.0, 0.40625
surrogate, 61, 25.0, 0.40625
surrogate, 61, 24.0, 0.34375
surrogate, 61, 24.0, 0.34375
surrogate, 61, 24.0, 0.34375
surrogate, 61, 24.0, 0.34375
surrogate, 61, 24.0, 0.34375
surrogate, 61, 24.0, 0.34375
surrogate, 61, 24.0, 0.34375
surrogate, 61, 24.0, 0.34375
surrogate, 61, 24.0, 0.34375
surrogate, 61, 24.0, 0.34375
surrogate, 61, 24.0, 0.34375
surrogate, 61, 24.0, 0.34375
surrogate, 61, 24.0, 0.34375
surrogate, 61, 24.0, 0.34375
surrogate, 61, 24.0, 0.34375
surrogate, 61, 24.0, 0.34375
surrogate, 61, 24.0, 0.34375
surrogate, 61, 24.0, 0.34375
surrogate, 61, 24.0, 0.34375
surrogate, 61, 24.0, 0.34375
surrogate, 61, 24.0, 0.34375
surrogate, 61, 24.0, 0.34375
surrogate, 61, 24.0, 0.34375
surrogate, 61, 24.0, 0.34375
surrogate, 61, 24.0, 0.34375
surrogate, 61, 23.0, 0.3125
surrogate, 61, 23.0, 0.3125
surrogate, 61, 23.0, 0.3125
surrogate, 61, 23.0, 0.3125
surrogate, 61, 23.0, 0.3125
surrogate, 61, 23.0, 0.3125
surrogate, 61, 23.0, 0.3125
surrogate, 61, 23.0, 0.3125
surrogate, 61, 23.0, 0.3125
surrogate, 61, 23.0, 0.3125
surrogate, 61, 23.0, 0.3125
surrogate, 61, 23.0, 0.3125
surrogate, 61, 23.0, 0.3125
surrogate, 61, 23.0, 0.3125
surrogate, 61, 20.0, 0.0625
surrogate, 61, 20.0, 0.0625
surrogate, 61, 20.0, 0.0625
surrogate, 61, 20.0, 0.0625
surrogate, 61, 20.0, 0.0625
surrogate, 61, 20.0, 0.0625
surrogate, 61, 20.0, 0.0625
surrogate, 61, 20.0, 0.0625
surrogate, 61, 20.0, 0.0625
surrogate, 61, 20.0, 0.0625
surrogate, 61, 20.0, 0.0625
surrogate, 61, 20.0, 0.0625
surrogate, 61, 20.0, 0.0625
surrogate, 61, 20.0, 0.0625
surrogate, 61, 20.0, 0.0625
surrogate, 61, 20.0, 0.0625
surrogate, 61, 20.0, 0.0625
surrogate, 61, 20.0, 0.0625
surrogate, 61, 20.0, 0.0625
surrogate, 61, 20.0, 0.0625
surrogate, 61, 20.0, 0.0625
surrogate, 61, 20.0, 0.0625
surrogate, 61, 20.0, 0.0625
surrogate, 61, 20.0, 0.0625
surrogate, 61, 20.0, 0.0625
surrogate, 61, 20.0, 0.0625
surrogate, 61, 20.0, 0.0625
surrogate, 61, 20.0, 0.0625
surrogate, 61, 20.0, 0.0625
surrogate, 61, 20.0, 0.0625
surrogate, 61, 20.0, 0.0625
surrogate, 61, 20.0, 0.0625
surrogate, 61, 20.0, 0.0625
surrogate, 61, 20.0, 0.0625
surrogate, 61, 20.0, 0.0625
surrogate, 61, 20.0, 0.0625
surrogate, 61, 20.0, 0.0625
surrogate, 61, 20.0, 0.0625
surrogate, 61, 20.0, 0.0625
surrogate, 61, 20.0, 0.0625
surrogate, 61, 20.0, 0.0625
surrogate, 61, 20.0, 0.0625
surrogate, 61, 20.0, 0.0625
surrogate, 61, 20.0, 0.0625
surrogate, 61, 20.0, 0.0625
surrogate, 61, 20.0, 0.0625
surrogate, 62, 32.0, 0.9375
surrogate, 62, 32.0, 0.9375
surrogate, 62, 32.0, 0.9375
surrogate, 62, 31.0, 0.84375
surrogate, 62, 31.0, 0.84375
surrogate, 62, 30.0, 0.71875
surrogate, 62, 30.0, 0.71875
surrogate, 62, 30.0, 0.71875
surrogate, 62, 30.0, 0.71875
surrogate, 62, 30.0, 0.71875
surrogate, 62, 30.0, 0.71875
surrogate, 62, 29.0, 0.59375
surrogate, 62, 29.0, 0.59375
surrogate, 62, 29.0, 0.59375
surrogate, 62, 29.0, 0.59375
surrogate, 62, 29.0, 0.59375
surrogate, 62, 29.0, 0.59375
surrogate, 62, 29.0, 0.59375
surrogate, 62, 28.0, 0.5625
surrogate, 62, 28.0, 0.5625
surrogate, 62, 28.0, 0.5625
surrogate, 62, 28.0, 0.5625
surrogate, 62, 28.0, 0.5625
surrogate, 62, 28.0, 0.5625
surrogate, 62, 28.0, 0.5625
surrogate, 62, 28.0, 0.5625
surrogate, 62, 27.0, 0.53125
surrogate, 62, 27.0, 0.53125
surrogate, 62, 27.0, 0.53125
surrogate, 62, 27.0, 0.53125
surrogate, 62, 27.0, 0.53125
surrogate, 62, 27.0, 0.53125
surrogate, 62, 27.0, 0.53125
surrogate, 62, 27.0, 0.53125
surrogate, 62, 26.0, 0.46875
surrogate, 62, 26.0, 0.46875
surrogate, 62, 26.0, 0.46875
surrogate, 62, 26.0, 0.46875
surrogate, 62, 26.0, 0.46875
surrogate, 62, 26.0, 0.46875
surrogate, 62, 25.0, 0.40625
surrogate, 62, 25.0, 0.40625
surrogate, 62, 25.0, 0.40625
surrogate, 62, 25.0, 0.40625
surrogate, 62, 25.0, 0.40625
surrogate, 62, 25.0, 0.40625
surrogate, 62, 25.0, 0.40625
surrogate, 62, 25.0, 0.40625
surrogate, 62, 25.0, 0.40625
surrogate, 62, 25.0, 0.40625
surrogate, 62, 25.0, 0.40625
surrogate, 62, 24.0, 0.34375
surrogate, 62, 24.0, 0.34375
surrogate, 62, 24.0, 0.34375
surrogate, 62, 24.0, 0.34375
surrogate, 62, 24.0, 0.34375
surrogate, 62, 24.0, 0.34375
surrogate, 62, 24.0, 0.34375
surrogate, 62, 24.0, 0.34375
surrogate, 62, 24.0, 0.34375
surrogate, 62, 24.0, 0.34375
surrogate, 62, 24.0, 0.34375
surrogate, 62, 24.0, 0.34375
surrogate, 62, 24.0, 0.34375
surrogate, 62, 24.0, 0.34375
surrogate, 62, 24.0, 0.34375
surrogate, 62, 24.0, 0.34375
surrogate, 62, 24.0, 0.34375
surrogate, 62, 24.0, 0.34375
surrogate, 62, 24.0, 0.34375
surrogate, 62, 24.0, 0.34375
surrogate, 62, 24.0, 0.34375
surrogate, 62, 24.0, 0.34375
surrogate, 62, 24.0, 0.34375
surrogate, 62, 24.0, 0.34375
surrogate, 62, 24.0, 0.34375
surrogate, 62, 23.0, 0.3125
surrogate, 62, 23.0, 0.3125
surrogate, 62, 23.0, 0.3125
surrogate, 62, 23.0, 0.3125
surrogate, 62, 23.0, 0.3125
surrogate, 62, 23.0, 0.3125
surrogate, 62, 23.0, 0.3125
surrogate, 62, 23.0, 0.3125
surrogate, 62, 23.0, 0.3125
surrogate, 62, 23.0, 0.3125
surrogate, 62, 23.0, 0.3125
surrogate, 62, 23.0, 0.3125
surrogate, 62, 23.0, 0.3125
surrogate, 62, 23.0, 0.3125
surrogate, 62, 20.0, 0.0625
surrogate, 62, 20.0, 0.0625
surrogate, 62, 20.0, 0.0625
surrogate, 62, 20.0, 0.0625
surrogate, 62, 20.0, 0.0625
surrogate, 62, 20.0, 0.0625
surrogate, 62, 20.0, 0.0625
surrogate, 62, 20.0, 0.0625
surrogate, 62, 20.0, 0.0625
surrogate, 62, 20.0, 0.0625
surrogate, 62, 20.0, 0.0625
surrogate, 62, 20.0, 0.0625
surrogate, 62, 20.0, 0.0625
surrogate, 62, 20.0, 0.0625
surrogate, 62, 20.0, 0.0625
surrogate, 62, 20.0, 0.0625
surrogate, 62, 20.0, 0.0625
surrogate, 62, 20.0, 0.0625
surrogate, 62, 20.0, 0.0625
surrogate, 62, 20.0, 0.0625
surrogate, 62, 20.0, 0.0625
surrogate, 62, 20.0, 0.0625
surrogate, 62, 20.0, 0.0625
surrogate, 62, 20.0, 0.0625
surrogate, 62, 20.0, 0.0625
surrogate, 62, 20.0, 0.0625
surrogate, 62, 20.0, 0.0625
surrogate, 62, 20.0, 0.0625
surrogate, 62, 20.0, 0.0625
surrogate, 62, 20.0, 0.0625
surrogate, 62, 20.0, 0.0625
surrogate, 62, 20.0, 0.0625
surrogate, 62, 20.0, 0.0625
surrogate, 62, 20.0, 0.0625
surrogate, 62, 20.0, 0.0625
surrogate, 62, 20.0, 0.0625
surrogate, 62, 20.0, 0.0625
surrogate, 62, 20.0, 0.0625
surrogate, 62, 20.0, 0.0625
surrogate, 62, 20.0, 0.0625
surrogate, 62, 20.0, 0.0625
surrogate, 62, 20.0, 0.0625
surrogate, 62, 20.0, 0.0625
surrogate, 62, 20.0, 0.0625
surrogate, 62, 20.0, 0.0625
surrogate, 62, 20.0, 0.0625
surrogate, 63, 32.0, 0.9375
surrogate, 63, 32.0, 0.9375
surrogate, 63, 32.0, 0.9375
surrogate, 63, 31.0, 0.84375
surrogate, 63, 31.0, 0.84375
surrogate, 63, 30.0, 0.71875
surrogate, 63, 30.0, 0.71875
surrogate, 63, 30.0, 0.71875
surrogate, 63, 30.0, 0.71875
surrogate, 63, 30.0, 0.71875
surrogate, 63, 30.0, 0.71875
surrogate, 63, 30.0, 0.71875
surrogate, 63, 29.0, 0.59375
surrogate, 63, 29.0, 0.59375
surrogate, 63, 29.0, 0.59375
surrogate, 63, 29.0, 0.59375
surrogate, 63, 29.0, 0.59375
surrogate, 63, 29.0, 0.59375
surrogate, 63, 29.0, 0.59375
surrogate, 63, 28.0, 0.5625
surrogate, 63, 28.0, 0.5625
surrogate, 63, 28.0, 0.5625
surrogate, 63, 28.0, 0.5625
surrogate, 63, 28.0, 0.5625
surrogate, 63, 28.0, 0.5625
surrogate, 63, 28.0, 0.5625
surrogate, 63, 28.0, 0.5625
surrogate, 63, 27.0, 0.53125
surrogate, 63, 27.0, 0.53125
surrogate, 63, 27.0, 0.53125
surrogate, 63, 27.0, 0.53125
surrogate, 63, 27.0, 0.53125
surrogate, 63, 27.0, 0.53125
surrogate, 63, 27.0, 0.53125
surrogate, 63, 27.0, 0.53125
surrogate, 63, 27.0, 0.53125
surrogate, 63, 26.0, 0.46875
surrogate, 63, 26.0, 0.46875
surrogate, 63, 26.0, 0.46875
surrogate, 63, 26.0, 0.46875
surrogate, 63, 26.0, 0.46875
surrogate, 63, 26.0, 0.46875
surrogate, 63, 25.0, 0.40625
surrogate, 63, 25.0, 0.40625
surrogate, 63, 25.0, 0.40625
surrogate, 63, 25.0, 0.40625
surrogate, 63, 25.0, 0.40625
surrogate, 63, 25.0, 0.40625
surrogate, 63, 25.0, 0.40625
surrogate, 63, 25.0, 0.40625
surrogate, 63, 25.0, 0.40625
surrogate, 63, 25.0, 0.40625
surrogate, 63, 25.0, 0.40625
surrogate, 63, 24.0, 0.34375
surrogate, 63, 24.0, 0.34375
surrogate, 63, 24.0, 0.34375
surrogate, 63, 24.0, 0.34375
surrogate, 63, 24.0, 0.34375
surrogate, 63, 24.0, 0.34375
surrogate, 63, 24.0, 0.34375
surrogate, 63, 24.0, 0.34375
surrogate, 63, 24.0, 0.34375
surrogate, 63, 24.0, 0.34375
surrogate, 63, 24.0, 0.34375
surrogate, 63, 24.0, 0.34375
surrogate, 63, 24.0, 0.34375
surrogate, 63, 24.0, 0.34375
surrogate, 63, 24.0, 0.34375
surrogate, 63, 24.0, 0.34375
surrogate, 63, 24.0, 0.34375
surrogate, 63, 24.0, 0.34375
surrogate, 63, 24.0, 0.34375
surrogate, 63, 24.0, 0.34375
surrogate, 63, 24.0, 0.34375
surrogate, 63, 24.0, 0.34375
surrogate, 63, 24.0, 0.34375
surrogate, 63, 24.0, 0.34375
surrogate, 63, 24.0, 0.34375
surrogate, 63, 23.0, 0.3125
surrogate, 63, 23.0, 0.3125
surrogate, 63, 23.0, 0.3125
surrogate, 63, 23.0, 0.3125
surrogate, 63, 23.0, 0.3125
surrogate, 63, 23.0, 0.3125
surrogate, 63, 23.0, 0.3125
surrogate, 63, 23.0, 0.3125
surrogate, 63, 23.0, 0.3125
surrogate, 63, 23.0, 0.3125
surrogate, 63, 23.0, 0.3125
surrogate, 63, 23.0, 0.3125
surrogate, 63, 23.0, 0.3125
surrogate, 63, 23.0, 0.3125
surrogate, 63, 23.0, 0.3125
surrogate, 63, 20.0, 0.0625
surrogate, 63, 20.0, 0.0625
surrogate, 63, 20.0, 0.0625
surrogate, 63, 20.0, 0.0625
surrogate, 63, 20.0, 0.0625
surrogate, 63, 20.0, 0.0625
surrogate, 63, 20.0, 0.0625
surrogate, 63, 20.0, 0.0625
surrogate, 63, 20.0, 0.0625
surrogate, 63, 20.0, 0.0625
surrogate, 63, 20.0, 0.0625
surrogate, 63, 20.0, 0.0625
surrogate, 63, 20.0, 0.0625
surrogate, 63, 20.0, 0.0625
surrogate, 63, 20.0, 0.0625
surrogate, 63, 20.0, 0.0625
surrogate, 63, 20.0, 0.0625
surrogate, 63, 20.0, 0.0625
surrogate, 63, 20.0, 0.0625
surrogate, 63, 20.0, 0.0625
surrogate, 63, 20.0, 0.0625
surrogate, 63, 20.0, 0.0625
surrogate, 63, 20.0, 0.0625
surrogate, 63, 20.0, 0.0625
surrogate, 63, 20.0, 0.0625
surrogate, 63, 20.0, 0.0625
surrogate, 63, 20.0, 0.0625
surrogate, 63, 20.0, 0.0625
surrogate, 63, 20.0, 0.0625
surrogate, 63, 20.0, 0.0625
surrogate, 63, 20.0, 0.0625
surrogate, 63, 20.0, 0.0625
surrogate, 63, 20.0, 0.0625
surrogate, 63, 20.0, 0.0625
surrogate, 63, 20.0, 0.0625
surrogate, 63, 20.0, 0.0625
surrogate, 63, 20.0, 0.0625
surrogate, 63, 20.0, 0.0625
surrogate, 63, 20.0, 0.0625
surrogate, 63, 20.0, 0.0625
surrogate, 63, 20.0, 0.0625
surrogate, 63, 20.0, 0.0625
surrogate, 63, 20.0, 0.0625
surrogate, 63, 20.0, 0.0625
surrogate, 63, 20.0, 0.0625
surrogate, 63, 20.0, 0.0625
surrogate, 64, 32.0, 0.9375
surrogate, 64, 32.0, 0.9375
surrogate, 64, 32.0, 0.9375
surrogate, 64, 31.0, 0.84375
surrogate, 64, 31.0, 0.84375
surrogate, 64, 30.0, 0.71875
surrogate, 64, 30.0, 0.71875
surrogate, 64, 30.0, 0.71875
surrogate, 64, 30.0, 0.71875
surrogate, 64, 30.0, 0.71875
surrogate, 64, 30.0, 0.71875
surrogate, 64, 30.0, 0.71875
surrogate, 64, 30.0, 0.71875
surrogate, 64, 29.0, 0.59375
surrogate, 64, 29.0, 0.59375
surrogate, 64, 29.0, 0.59375
surrogate, 64, 29.0, 0.59375
surrogate, 64, 29.0, 0.59375
surrogate, 64, 29.0, 0.59375
surrogate, 64, 29.0, 0.59375
surrogate, 64, 28.0, 0.5625
surrogate, 64, 28.0, 0.5625
surrogate, 64, 28.0, 0.5625
surrogate, 64, 28.0, 0.5625
surrogate, 64, 28.0, 0.5625
surrogate, 64, 28.0, 0.5625
surrogate, 64, 28.0, 0.5625
surrogate, 64, 28.0, 0.5625
surrogate, 64, 27.0, 0.53125
surrogate, 64, 27.0, 0.53125
surrogate, 64, 27.0, 0.53125
surrogate, 64, 27.0, 0.53125
surrogate, 64, 27.0, 0.53125
surrogate, 64, 27.0, 0.53125
surrogate, 64, 27.0, 0.53125
surrogate, 64, 27.0, 0.53125
surrogate, 64, 27.0, 0.53125
surrogate, 64, 27.0, 0.53125
surrogate, 64, 26.0, 0.46875
surrogate, 64, 26.0, 0.46875
surrogate, 64, 26.0, 0.46875
surrogate, 64, 26.0, 0.46875
surrogate, 64, 26.0, 0.46875
surrogate, 64, 26.0, 0.46875
surrogate, 64, 25.0, 0.40625
surrogate, 64, 25.0, 0.40625
surrogate, 64, 25.0, 0.40625
surrogate, 64, 25.0, 0.40625
surrogate, 64, 25.0, 0.40625
surrogate, 64, 25.0, 0.40625
surrogate, 64, 25.0, 0.40625
surrogate, 64, 25.0, 0.40625
surrogate, 64, 25.0, 0.40625
surrogate, 64, 25.0, 0.40625
surrogate, 64, 25.0, 0.40625
surrogate, 64, 25.0, 0.40625
surrogate, 64, 24.0, 0.34375
surrogate, 64, 24.0, 0.34375
surrogate, 64, 24.0, 0.34375
surrogate, 64, 24.0, 0.34375
surrogate, 64, 24.0, 0.34375
surrogate, 64, 24.0, 0.34375
surrogate, 64, 24.0, 0.34375
surrogate, 64, 24.0, 0.34375
surrogate, 64, 24.0, 0.34375
surrogate, 64, 24.0, 0.34375
surrogate, 64, 24.0, 0.34375
surrogate, 64, 24.0, 0.34375
surrogate, 64, 24.0, 0.34375
surrogate, 64, 24.0, 0.34375
surrogate, 64, 24.0, 0.34375
surrogate, 64, 24.0, 0.34375
surrogate, 64, 24.0, 0.34375
surrogate, 64, 24.0, 0.34375
surrogate, 64, 24.0, 0.34375
surrogate, 64, 24.0, 0.34375
surrogate, 64, 24.0, 0.34375
surrogate, 64, 24.0, 0.34375
surrogate, 64, 24.0, 0.34375
surrogate, 64, 24.0, 0.34375
surrogate, 64, 24.0, 0.34375
surrogate, 64, 23.0, 0.3125
surrogate, 64, 23.0, 0.3125
surrogate, 64, 23.0, 0.3125
surrogate, 64, 23.0, 0.3125
surrogate, 64, 23.0, 0.3125
surrogate, 64, 23.0, 0.3125
surrogate, 64, 23.0, 0.3125
surrogate, 64, 23.0, 0.3125
surrogate, 64, 23.0, 0.3125
surrogate, 64, 23.0, 0.3125
surrogate, 64, 23.0, 0.3125
surrogate, 64, 23.0, 0.3125
surrogate, 64, 23.0, 0.3125
surrogate, 64, 23.0, 0.3125
surrogate, 64, 23.0, 0.3125
surrogate, 64, 23.0, 0.3125
surrogate, 64, 20.0, 0.0625
surrogate, 64, 20.0, 0.0625
surrogate, 64, 20.0, 0.0625
surrogate, 64, 20.0, 0.0625
surrogate, 64, 20.0, 0.0625
surrogate, 64, 20.0, 0.0625
surrogate, 64, 20.0, 0.0625
surrogate, 64, 20.0, 0.0625
surrogate, 64, 20.0, 0.0625
surrogate, 64, 20.0, 0.0625
surrogate, 64, 20.0, 0.0625
surrogate, 64, 20.0, 0.0625
surrogate, 64, 20.0, 0.0625
surrogate, 64, 20.0, 0.0625
surrogate, 64, 20.0, 0.0625
surrogate, 64, 20.0, 0.0625
surrogate, 64, 20.0, 0.0625
surrogate, 64, 20.0, 0.0625
surrogate, 64, 20.0, 0.0625
surrogate, 64, 20.0, 0.0625
surrogate, 64, 20.0, 0.0625
surrogate, 64, 20.0, 0.0625
surrogate, 64, 20.0, 0.0625
surrogate, 64, 20.0, 0.0625
surrogate, 64, 20.0, 0.0625
surrogate, 64, 20.0, 0.0625
surrogate, 64, 20.0, 0.0625
surrogate, 64, 20.0, 0.0625
surrogate, 64, 20.0, 0.0625
surrogate, 64, 20.0, 0.0625
surrogate, 64, 20.0, 0.0625
surrogate, 64, 20.0, 0.0625
surrogate, 64, 20.0, 0.0625
surrogate, 64, 20.0, 0.0625
surrogate, 64, 20.0, 0.0625
surrogate, 64, 20.0, 0.0625
surrogate, 64, 20.0, 0.0625
surrogate, 64, 20.0, 0.0625
surrogate, 64, 20.0, 0.0625
surrogate, 64, 20.0, 0.0625
surrogate, 64, 20.0, 0.0625
surrogate, 64, 20.0, 0.0625
surrogate, 64, 20.0, 0.0625
surrogate, 64, 20.0, 0.0625
surrogate, 64, 20.0, 0.0625
surrogate, 64, 20.0, 0.0625
surrogate, 64, 20.0, 0.0625
surrogate, 65, 32.0, 0.9375
surrogate, 65, 32.0, 0.9375
surrogate, 65, 32.0, 0.9375
surrogate, 65, 31.0, 0.84375
surrogate, 65, 31.0, 0.84375
surrogate, 65, 31.0, 0.84375
surrogate, 65, 30.0, 0.71875
surrogate, 65, 30.0, 0.71875
surrogate, 65, 30.0, 0.71875
surrogate, 65, 30.0, 0.71875
surrogate, 65, 30.0, 0.71875
surrogate, 65, 30.0, 0.71875
surrogate, 65, 30.0, 0.71875
surrogate, 65, 30.0, 0.71875
surrogate, 65, 30.0, 0.71875
surrogate, 65, 29.0, 0.59375
surrogate, 65, 29.0, 0.59375
surrogate, 65, 29.0, 0.59375
surrogate, 65, 29.0, 0.59375
surrogate, 65, 29.0, 0.59375
surrogate, 65, 29.0, 0.59375
surrogate, 65, 29.0, 0.59375
surrogate, 65, 28.0, 0.5625
surrogate, 65, 28.0, 0.5625
surrogate, 65, 28.0, 0.5625
surrogate, 65, 28.0, 0.5625
surrogate, 65, 28.0, 0.5625
surrogate, 65, 28.0, 0.5625
surrogate, 65, 28.0, 0.5625
surrogate, 65, 28.0, 0.5625
surrogate, 65, 28.0, 0.5625
surrogate, 65, 27.0, 0.53125
surrogate, 65, 27.0, 0.53125
surrogate, 65, 27.0, 0.53125
surrogate, 65, 27.0, 0.53125
surrogate, 65, 27.0, 0.53125
surrogate, 65, 27.0, 0.53125
surrogate, 65, 27.0, 0.53125
surrogate, 65, 27.0, 0.53125
surrogate, 65, 27.0, 0.53125
surrogate, 65, 27.0, 0.53125
surrogate, 65, 26.0, 0.46875
surrogate, 65, 26.0, 0.46875
surrogate, 65, 26.0, 0.46875
surrogate, 65, 26.0, 0.46875
surrogate, 65, 26.0, 0.46875
surrogate, 65, 26.0, 0.46875
surrogate, 65, 26.0, 0.46875
surrogate, 65, 25.0, 0.40625
surrogate, 65, 25.0, 0.40625
surrogate, 65, 25.0, 0.40625
surrogate, 65, 25.0, 0.40625
surrogate, 65, 25.0, 0.40625
surrogate, 65, 25.0, 0.40625
surrogate, 65, 25.0, 0.40625
surrogate, 65, 25.0, 0.40625
surrogate, 65, 25.0, 0.40625
surrogate, 65, 25.0, 0.40625
surrogate, 65, 25.0, 0.40625
surrogate, 65, 25.0, 0.40625
surrogate, 65, 25.0, 0.40625
surrogate, 65, 24.0, 0.34375
surrogate, 65, 24.0, 0.34375
surrogate, 65, 24.0, 0.34375
surrogate, 65, 24.0, 0.34375
surrogate, 65, 24.0, 0.34375
surrogate, 65, 24.0, 0.34375
surrogate, 65, 24.0, 0.34375
surrogate, 65, 24.0, 0.34375
surrogate, 65, 24.0, 0.34375
surrogate, 65, 24.0, 0.34375
surrogate, 65, 24.0, 0.34375
surrogate, 65, 24.0, 0.34375
surrogate, 65, 24.0, 0.34375
surrogate, 65, 24.0, 0.34375
surrogate, 65, 24.0, 0.34375
surrogate, 65, 24.0, 0.34375
surrogate, 65, 24.0, 0.34375
surrogate, 65, 24.0, 0.34375
surrogate, 65, 24.0, 0.34375
surrogate, 65, 24.0, 0.34375
surrogate, 65, 24.0, 0.34375
surrogate, 65, 24.0, 0.34375
surrogate, 65, 24.0, 0.34375
surrogate, 65, 24.0, 0.34375
surrogate, 65, 24.0, 0.34375
surrogate, 65, 23.0, 0.3125
surrogate, 65, 23.0, 0.3125
surrogate, 65, 23.0, 0.3125
surrogate, 65, 23.0, 0.3125
surrogate, 65, 23.0, 0.3125
surrogate, 65, 23.0, 0.3125
surrogate, 65, 23.0, 0.3125
surrogate, 65, 23.0, 0.3125
surrogate, 65, 23.0, 0.3125
surrogate, 65, 23.0, 0.3125
surrogate, 65, 23.0, 0.3125
surrogate, 65, 23.0, 0.3125
surrogate, 65, 23.0, 0.3125
surrogate, 65, 23.0, 0.3125
surrogate, 65, 23.0, 0.3125
surrogate, 65, 23.0, 0.3125
surrogate, 65, 23.0, 0.3125
surrogate, 65, 20.0, 0.0625
surrogate, 65, 20.0, 0.0625
surrogate, 65, 20.0, 0.0625
surrogate, 65, 20.0, 0.0625
surrogate, 65, 20.0, 0.0625
surrogate, 65, 20.0, 0.0625
surrogate, 65, 20.0, 0.0625
surrogate, 65, 20.0, 0.0625
surrogate, 65, 20.0, 0.0625
surrogate, 65, 20.0, 0.0625
surrogate, 65, 20.0, 0.0625
surrogate, 65, 20.0, 0.0625
surrogate, 65, 20.0, 0.0625
surrogate, 65, 20.0, 0.0625
surrogate, 65, 20.0, 0.0625
surrogate, 65, 20.0, 0.0625
surrogate, 65, 20.0, 0.0625
surrogate, 65, 20.0, 0.0625
surrogate, 65, 20.0, 0.0625
surrogate, 65, 20.0, 0.0625
surrogate, 65, 20.0, 0.0625
surrogate, 65, 20.0, 0.0625
surrogate, 65, 20.0, 0.0625
surrogate, 65, 20.0, 0.0625
surrogate, 65, 20.0, 0.0625
surrogate, 65, 20.0, 0.0625
surrogate, 65, 20.0, 0.0625
surrogate, 65, 20.0, 0.0625
surrogate, 65, 20.0, 0.0625
surrogate, 65, 20.0, 0.0625
surrogate, 65, 20.0, 0.0625
surrogate, 65, 20.0, 0.0625
surrogate, 65, 20.0, 0.0625
surrogate, 65, 20.0, 0.0625
surrogate, 65, 20.0, 0.0625
surrogate, 65, 20.0, 0.0625
surrogate, 65, 20.0, 0.0625
surrogate, 65, 20.0, 0.0625
surrogate, 65, 20.0, 0.0625
surrogate, 65, 20.0, 0.0625
surrogate, 65, 20.0, 0.0625
surrogate, 65, 20.0, 0.0625
surrogate, 65, 20.0, 0.0625
surrogate, 65, 20.0, 0.0625
surrogate, 65, 20.0, 0.0625
surrogate, 65, 20.0, 0.0625
surrogate, 65, 20.0, 0.0625
surrogate, 65, 20.0, 0.0625
surrogate, 66, 32.0, 0.9375
surrogate, 66, 32.0, 0.9375
surrogate, 66, 32.0, 0.9375
surrogate, 66, 31.0, 0.84375
surrogate, 66, 31.0, 0.84375
surrogate, 66, 31.0, 0.84375
surrogate, 66, 30.0, 0.71875
surrogate, 66, 30.0, 0.71875
surrogate, 66, 30.0, 0.71875
surrogate, 66, 30.0, 0.71875
surrogate, 66, 30.0, 0.71875
surrogate, 66, 30.0, 0.71875
surrogate, 66, 30.0, 0.71875
surrogate, 66, 30.0, 0.71875
surrogate, 66, 30.0, 0.71875
surrogate, 66, 30.0, 0.71875
surrogate, 66, 29.0, 0.59375
surrogate, 66, 29.0, 0.59375
surrogate, 66, 29.0, 0.59375
surrogate, 66, 29.0, 0.59375
surrogate, 66, 29.0, 0.59375
surrogate, 66, 29.0, 0.59375
surrogate, 66, 29.0, 0.59375
surrogate, 66, 29.0, 0.59375
surrogate, 66, 28.0, 0.5625
surrogate, 66, 28.0, 0.5625
surrogate, 66, 28.0, 0.5625
surrogate, 66, 28.0, 0.5625
surrogate, 66, 28.0, 0.5625
surrogate, 66, 28.0, 0.5625
surrogate, 66, 28.0, 0.5625
surrogate, 66, 28.0, 0.5625
surrogate, 66, 28.0, 0.5625
surrogate, 66, 27.0, 0.53125
surrogate, 66, 27.0, 0.53125
surrogate, 66, 27.0, 0.53125
surrogate, 66, 27.0, 0.53125
surrogate, 66, 27.0, 0.53125
surrogate, 66, 27.0, 0.53125
surrogate, 66, 27.0, 0.53125
surrogate, 66, 27.0, 0.53125
surrogate, 66, 27.0, 0.53125
surrogate, 66, 27.0, 0.53125
surrogate, 66, 26.0, 0.46875
surrogate, 66, 26.0, 0.46875
surrogate, 66, 26.0, 0.46875
surrogate, 66, 26.0, 0.46875
surrogate, 66, 26.0, 0.46875
surrogate, 66, 26.0, 0.46875
surrogate, 66, 26.0, 0.46875
surrogate, 66, 25.0, 0.40625
surrogate, 66, 25.0, 0.40625
surrogate, 66, 25.0, 0.40625
surrogate, 66, 25.0, 0.40625
surrogate, 66, 25.0, 0.40625
surrogate, 66, 25.0, 0.40625
surrogate, 66, 25.0, 0.40625
surrogate, 66, 25.0, 0.40625
surrogate, 66, 25.0, 0.40625
surrogate, 66, 25.0, 0.40625
surrogate, 66, 25.0, 0.40625
surrogate, 66, 25.0, 0.40625
surrogate, 66, 25.0, 0.40625
surrogate, 66, 24.0, 0.34375
surrogate, 66, 24.0, 0.34375
surrogate, 66, 24.0, 0.34375
surrogate, 66, 24.0, 0.34375
surrogate, 66, 24.0, 0.34375
surrogate, 66, 24.0, 0.34375
surrogate, 66, 24.0, 0.34375
surrogate, 66, 24.0, 0.34375
surrogate, 66, 24.0, 0.34375
surrogate, 66, 24.0, 0.34375
surrogate, 66, 24.0, 0.34375
surrogate, 66, 24.0, 0.34375
surrogate, 66, 24.0, 0.34375
surrogate, 66, 24.0, 0.34375
surrogate, 66, 24.0, 0.34375
surrogate, 66, 24.0, 0.34375
surrogate, 66, 24.0, 0.34375
surrogate, 66, 24.0, 0.34375
surrogate, 66, 24.0, 0.34375
surrogate, 66, 24.0, 0.34375
surrogate, 66, 24.0, 0.34375
surrogate, 66, 24.0, 0.34375
surrogate, 66, 24.0, 0.34375
surrogate, 66, 24.0, 0.34375
surrogate, 66, 24.0, 0.34375
surrogate, 66, 24.0, 0.34375
surrogate, 66, 23.0, 0.3125
surrogate, 66, 23.0, 0.3125
surrogate, 66, 23.0, 0.3125
surrogate, 66, 23.0, 0.3125
surrogate, 66, 23.0, 0.3125
surrogate, 66, 23.0, 0.3125
surrogate, 66, 23.0, 0.3125
surrogate, 66, 23.0, 0.3125
surrogate, 66, 23.0, 0.3125
surrogate, 66, 23.0, 0.3125
surrogate, 66, 23.0, 0.3125
surrogate, 66, 23.0, 0.3125
surrogate, 66, 23.0, 0.3125
surrogate, 66, 23.0, 0.3125
surrogate, 66, 23.0, 0.3125
surrogate, 66, 23.0, 0.3125
surrogate, 66, 23.0, 0.3125
surrogate, 66, 20.0, 0.0625
surrogate, 66, 20.0, 0.0625
surrogate, 66, 20.0, 0.0625
surrogate, 66, 20.0, 0.0625
surrogate, 66, 20.0, 0.0625
surrogate, 66, 20.0, 0.0625
surrogate, 66, 20.0, 0.0625
surrogate, 66, 20.0, 0.0625
surrogate, 66, 20.0, 0.0625
surrogate, 66, 20.0, 0.0625
surrogate, 66, 20.0, 0.0625
surrogate, 66, 20.0, 0.0625
surrogate, 66, 20.0, 0.0625
surrogate, 66, 20.0, 0.0625
surrogate, 66, 20.0, 0.0625
surrogate, 66, 20.0, 0.0625
surrogate, 66, 20.0, 0.0625
surrogate, 66, 20.0, 0.0625
surrogate, 66, 20.0, 0.0625
surrogate, 66, 20.0, 0.0625
surrogate, 66, 20.0, 0.0625
surrogate, 66, 20.0, 0.0625
surrogate, 66, 20.0, 0.0625
surrogate, 66, 20.0, 0.0625
surrogate, 66, 20.0, 0.0625
surrogate, 66, 20.0, 0.0625
surrogate, 66, 20.0, 0.0625
surrogate, 66, 20.0, 0.0625
surrogate, 66, 20.0, 0.0625
surrogate, 66, 20.0, 0.0625
surrogate, 66, 20.0, 0.0625
surrogate, 66, 20.0, 0.0625
surrogate, 66, 20.0, 0.0625
surrogate, 66, 20.0, 0.0625
surrogate, 66, 20.0, 0.0625
surrogate, 66, 20.0, 0.0625
surrogate, 66, 20.0, 0.0625
surrogate, 66, 20.0, 0.0625
surrogate, 66, 20.0, 0.0625
surrogate, 66, 20.0, 0.0625
surrogate, 66, 20.0, 0.0625
surrogate, 66, 20.0, 0.0625
surrogate, 66, 20.0, 0.0625
surrogate, 66, 20.0, 0.0625
surrogate, 66, 20.0, 0.0625
surrogate, 66, 20.0, 0.0625
surrogate, 66, 20.0, 0.0625
surrogate, 66, 20.0, 0.0625
surrogate, 66, 20.0, 0.0625
surrogate, 67, 32.0, 0.9375
surrogate, 67, 32.0, 0.9375
surrogate, 67, 32.0, 0.9375
surrogate, 67, 31.0, 0.84375
surrogate, 67, 31.0, 0.84375
surrogate, 67, 31.0, 0.84375
surrogate, 67, 30.0, 0.71875
surrogate, 67, 30.0, 0.71875
surrogate, 67, 30.0, 0.71875
surrogate, 67, 30.0, 0.71875
surrogate, 67, 30.0, 0.71875
surrogate, 67, 30.0, 0.71875
surrogate, 67, 30.0, 0.71875
surrogate, 67, 30.0, 0.71875
surrogate, 67, 30.0, 0.71875
surrogate, 67, 30.0, 0.71875
surrogate, 67, 29.0, 0.59375
surrogate, 67, 29.0, 0.59375
surrogate, 67, 29.0, 0.59375
surrogate, 67, 29.0, 0.59375
surrogate, 67, 29.0, 0.59375
surrogate, 67, 29.0, 0.59375
surrogate, 67, 29.0, 0.59375
surrogate, 67, 29.0, 0.59375
surrogate, 67, 29.0, 0.59375
surrogate, 67, 28.0, 0.5625
surrogate, 67, 28.0, 0.5625
surrogate, 67, 28.0, 0.5625
surrogate, 67, 28.0, 0.5625
surrogate, 67, 28.0, 0.5625
surrogate, 67, 28.0, 0.5625
surrogate, 67, 28.0, 0.5625
surrogate, 67, 28.0, 0.5625
surrogate, 67, 28.0, 0.5625
surrogate, 67, 27.0, 0.53125
surrogate, 67, 27.0, 0.53125
surrogate, 67, 27.0, 0.53125
surrogate, 67, 27.0, 0.53125
surrogate, 67, 27.0, 0.53125
surrogate, 67, 27.0, 0.53125
surrogate, 67, 27.0, 0.53125
surrogate, 67, 27.0, 0.53125
surrogate, 67, 27.0, 0.53125
surrogate, 67, 27.0, 0.53125
surrogate, 67, 26.0, 0.46875
surrogate, 67, 26.0, 0.46875
surrogate, 67, 26.0, 0.46875
surrogate, 67, 26.0, 0.46875
surrogate, 67, 26.0, 0.46875
surrogate, 67, 26.0, 0.46875
surrogate, 67, 26.0, 0.46875
surrogate, 67, 26.0, 0.46875
surrogate, 67, 25.0, 0.40625
surrogate, 67, 25.0, 0.40625
surrogate, 67, 25.0, 0.40625
surrogate, 67, 25.0, 0.40625
surrogate, 67, 25.0, 0.40625
surrogate, 67, 25.0, 0.40625
surrogate, 67, 25.0, 0.40625
surrogate, 67, 25.0, 0.40625
surrogate, 67, 25.0, 0.40625
surrogate, 67, 25.0, 0.40625
surrogate, 67, 25.0, 0.40625
surrogate, 67, 25.0, 0.40625
surrogate, 67, 25.0, 0.40625
surrogate, 67, 24.0, 0.34375
surrogate, 67, 24.0, 0.34375
surrogate, 67, 24.0, 0.34375
surrogate, 67, 24.0, 0.34375
surrogate, 67, 24.0, 0.34375
surrogate, 67, 24.0, 0.34375
surrogate, 67, 24.0, 0.34375
surrogate, 67, 24.0, 0.34375
surrogate, 67, 24.0, 0.34375
surrogate, 67, 24.0, 0.34375
surrogate, 67, 24.0, 0.34375
surrogate, 67, 24.0, 0.34375
surrogate, 67, 24.0, 0.34375
surrogate, 67, 24.0, 0.34375
surrogate, 67, 24.0, 0.34375
surrogate, 67, 24.0, 0.34375
surrogate, 67, 24.0, 0.34375
surrogate, 67, 24.0, 0.34375
surrogate, 67, 24.0, 0.34375
surrogate, 67, 24.0, 0.34375
surrogate, 67, 24.0, 0.34375
surrogate, 67, 24.0, 0.34375
surrogate, 67, 24.0, 0.34375
surrogate, 67, 24.0, 0.34375
surrogate, 67, 24.0, 0.34375
surrogate, 67, 24.0, 0.34375
surrogate, 67, 23.0, 0.3125
surrogate, 67, 23.0, 0.3125
surrogate, 67, 23.0, 0.3125
surrogate, 67, 23.0, 0.3125
surrogate, 67, 23.0, 0.3125
surrogate, 67, 23.0, 0.3125
surrogate, 67, 23.0, 0.3125
surrogate, 67, 23.0, 0.3125
surrogate, 67, 23.0, 0.3125
surrogate, 67, 23.0, 0.3125
surrogate, 67, 23.0, 0.3125
surrogate, 67, 23.0, 0.3125
surrogate, 67, 23.0, 0.3125
surrogate, 67, 23.0, 0.3125
surrogate, 67, 23.0, 0.3125
surrogate, 67, 23.0, 0.3125
surrogate, 67, 23.0, 0.3125
surrogate, 67, 20.0, 0.0625
surrogate, 67, 20.0, 0.0625
surrogate, 67, 20.0, 0.0625
surrogate, 67, 20.0, 0.0625
surrogate, 67, 20.0, 0.0625
surrogate, 67, 20.0, 0.0625
surrogate, 67, 20.0, 0.0625
surrogate, 67, 20.0, 0.0625
surrogate, 67, 20.0, 0.0625
surrogate, 67, 20.0, 0.0625
surrogate, 67, 20.0, 0.0625
surrogate, 67, 20.0, 0.0625
surrogate, 67, 20.0, 0.0625
surrogate, 67, 20.0, 0.0625
surrogate, 67, 20.0, 0.0625
surrogate, 67, 20.0, 0.0625
surrogate, 67, 20.0, 0.0625
surrogate, 67, 20.0, 0.0625
surrogate, 67, 20.0, 0.0625
surrogate, 67, 20.0, 0.0625
surrogate, 67, 20.0, 0.0625
surrogate, 67, 20.0, 0.0625
surrogate, 67, 20.0, 0.0625
surrogate, 67, 20.0, 0.0625
surrogate, 67, 20.0, 0.0625
surrogate, 67, 20.0, 0.0625
surrogate, 67, 20.0, 0.0625
surrogate, 67, 20.0, 0.0625
surrogate, 67, 20.0, 0.0625
surrogate, 67, 20.0, 0.0625
surrogate, 67, 20.0, 0.0625
surrogate, 67, 20.0, 0.0625
surrogate, 67, 20.0, 0.0625
surrogate, 67, 20.0, 0.0625
surrogate, 67, 20.0, 0.0625
surrogate, 67, 20.0, 0.0625
surrogate, 67, 20.0, 0.0625
surrogate, 67, 20.0, 0.0625
surrogate, 67, 20.0, 0.0625
surrogate, 67, 20.0, 0.0625
surrogate, 67, 20.0, 0.0625
surrogate, 67, 20.0, 0.0625
surrogate, 67, 20.0, 0.0625
surrogate, 67, 20.0, 0.0625
surrogate, 67, 20.0, 0.0625
surrogate, 67, 20.0, 0.0625
surrogate, 67, 20.0, 0.0625
surrogate, 67, 20.0, 0.0625
surrogate, 67, 20.0, 0.0625
surrogate, 67, 20.0, 0.0625
surrogate, 68, 32.0, 0.9375
surrogate, 68, 32.0, 0.9375
surrogate, 68, 32.0, 0.9375
surrogate, 68, 31.0, 0.84375
surrogate, 68, 31.0, 0.84375
surrogate, 68, 31.0, 0.84375
surrogate, 68, 30.0, 0.71875
surrogate, 68, 30.0, 0.71875
surrogate, 68, 30.0, 0.71875
surrogate, 68, 30.0, 0.71875
surrogate, 68, 30.0, 0.71875
surrogate, 68, 30.0, 0.71875
surrogate, 68, 30.0, 0.71875
surrogate, 68, 30.0, 0.71875
surrogate, 68, 30.0, 0.71875
surrogate, 68, 30.0, 0.71875
surrogate, 68, 30.0, 0.71875
surrogate, 68, 29.0, 0.59375
surrogate, 68, 29.0, 0.59375
surrogate, 68, 29.0, 0.59375
surrogate, 68, 29.0, 0.59375
surrogate, 68, 29.0, 0.59375
surrogate, 68, 29.0, 0.59375
surrogate, 68, 29.0, 0.59375
surrogate, 68, 29.0, 0.59375
surrogate, 68, 29.0, 0.59375
surrogate, 68, 28.0, 0.5625
surrogate, 68, 28.0, 0.5625
surrogate, 68, 28.0, 0.5625
surrogate, 68, 28.0, 0.5625
surrogate, 68, 28.0, 0.5625
surrogate, 68, 28.0, 0.5625
surrogate, 68, 28.0, 0.5625
surrogate, 68, 28.0, 0.5625
surrogate, 68, 28.0, 0.5625
surrogate, 68, 27.0, 0.53125
surrogate, 68, 27.0, 0.53125
surrogate, 68, 27.0, 0.53125
surrogate, 68, 27.0, 0.53125
surrogate, 68, 27.0, 0.53125
surrogate, 68, 27.0, 0.53125
surrogate, 68, 27.0, 0.53125
surrogate, 68, 27.0, 0.53125
surrogate, 68, 27.0, 0.53125
surrogate, 68, 27.0, 0.53125
surrogate, 68, 26.0, 0.46875
surrogate, 68, 26.0, 0.46875
surrogate, 68, 26.0, 0.46875
surrogate, 68, 26.0, 0.46875
surrogate, 68, 26.0, 0.46875
surrogate, 68, 26.0, 0.46875
surrogate, 68, 26.0, 0.46875
surrogate, 68, 26.0, 0.46875
surrogate, 68, 25.0, 0.40625
surrogate, 68, 25.0, 0.40625
surrogate, 68, 25.0, 0.40625
surrogate, 68, 25.0, 0.40625
surrogate, 68, 25.0, 0.40625
surrogate, 68, 25.0, 0.40625
surrogate, 68, 25.0, 0.40625
surrogate, 68, 25.0, 0.40625
surrogate, 68, 25.0, 0.40625
surrogate, 68, 25.0, 0.40625
surrogate, 68, 25.0, 0.40625
surrogate, 68, 25.0, 0.40625
surrogate, 68, 25.0, 0.40625
surrogate, 68, 24.0, 0.34375
surrogate, 68, 24.0, 0.34375
surrogate, 68, 24.0, 0.34375
surrogate, 68, 24.0, 0.34375
surrogate, 68, 24.0, 0.34375
surrogate, 68, 24.0, 0.34375
surrogate, 68, 24.0, 0.34375
surrogate, 68, 24.0, 0.34375
surrogate, 68, 24.0, 0.34375
surrogate, 68, 24.0, 0.34375
surrogate, 68, 24.0, 0.34375
surrogate, 68, 24.0, 0.34375
surrogate, 68, 24.0, 0.34375
surrogate, 68, 24.0, 0.34375
surrogate, 68, 24.0, 0.34375
surrogate, 68, 24.0, 0.34375
surrogate, 68, 24.0, 0.34375
surrogate, 68, 24.0, 0.34375
surrogate, 68, 24.0, 0.34375
surrogate, 68, 24.0, 0.34375
surrogate, 68, 24.0, 0.34375
surrogate, 68, 24.0, 0.34375
surrogate, 68, 24.0, 0.34375
surrogate, 68, 24.0, 0.34375
surrogate, 68, 24.0, 0.34375
surrogate, 68, 24.0, 0.34375
surrogate, 68, 23.0, 0.3125
surrogate, 68, 23.0, 0.3125
surrogate, 68, 23.0, 0.3125
surrogate, 68, 23.0, 0.3125
surrogate, 68, 23.0, 0.3125
surrogate, 68, 23.0, 0.3125
surrogate, 68, 23.0, 0.3125
surrogate, 68, 23.0, 0.3125
surrogate, 68, 23.0, 0.3125
surrogate, 68, 23.0, 0.3125
surrogate, 68, 23.0, 0.3125
surrogate, 68, 23.0, 0.3125
surrogate, 68, 23.0, 0.3125
surrogate, 68, 23.0, 0.3125
surrogate, 68, 23.0, 0.3125
surrogate, 68, 23.0, 0.3125
surrogate, 68, 23.0, 0.3125
surrogate, 68, 20.0, 0.0625
surrogate, 68, 20.0, 0.0625
surrogate, 68, 20.0, 0.0625
surrogate, 68, 20.0, 0.0625
surrogate, 68, 20.0, 0.0625
surrogate, 68, 20.0, 0.0625
surrogate, 68, 20.0, 0.0625
surrogate, 68, 20.0, 0.0625
surrogate, 68, 20.0, 0.0625
surrogate, 68, 20.0, 0.0625
surrogate, 68, 20.0, 0.0625
surrogate, 68, 20.0, 0.0625
surrogate, 68, 20.0, 0.0625
surrogate, 68, 20.0, 0.0625
surrogate, 68, 20.0, 0.0625
surrogate, 68, 20.0, 0.0625
surrogate, 68, 20.0, 0.0625
surrogate, 68, 20.0, 0.0625
surrogate, 68, 20.0, 0.0625
surrogate, 68, 20.0, 0.0625
surrogate, 68, 20.0, 0.0625
surrogate, 68, 20.0, 0.0625
surrogate, 68, 20.0, 0.0625
surrogate, 68, 20.0, 0.0625
surrogate, 68, 20.0, 0.0625
surrogate, 68, 20.0, 0.0625
surrogate, 68, 20.0, 0.0625
surrogate, 68, 20.0, 0.0625
surrogate, 68, 20.0, 0.0625
surrogate, 68, 20.0, 0.0625
surrogate, 68, 20.0, 0.0625
surrogate, 68, 20.0, 0.0625
surrogate, 68, 20.0, 0.0625
surrogate, 68, 20.0, 0.0625
surrogate, 68, 20.0, 0.0625
surrogate, 68, 20.0, 0.0625
surrogate, 68, 20.0, 0.0625
surrogate, 68, 20.0, 0.0625
surrogate, 68, 20.0, 0.0625
surrogate, 68, 20.0, 0.0625
surrogate, 68, 20.0, 0.0625
surrogate, 68, 20.0, 0.0625
surrogate, 68, 20.0, 0.0625
surrogate, 68, 20.0, 0.0625
surrogate, 68, 20.0, 0.0625
surrogate, 68, 20.0, 0.0625
surrogate, 68, 20.0, 0.0625
surrogate, 68, 20.0, 0.0625
surrogate, 68, 20.0, 0.0625
surrogate, 68, 20.0, 0.0625
surrogate, 68, 20.0, 0.0625
surrogate, 69, 32.0, 0.9375
surrogate, 69, 32.0, 0.9375
surrogate, 69, 32.0, 0.9375
surrogate, 69, 32.0, 0.9375
surrogate, 69, 31.0, 0.84375
surrogate, 69, 31.0, 0.84375
surrogate, 69, 31.0, 0.84375
surrogate, 69, 30.0, 0.71875
surrogate, 69, 30.0, 0.71875
surrogate, 69, 30.0, 0.71875
surrogate, 69, 30.0, 0.71875
surrogate, 69, 30.0, 0.71875
surrogate, 69, 30.0, 0.71875
surrogate, 69, 30.0, 0.71875
surrogate, 69, 30.0, 0.71875
surrogate, 69, 30.0, 0.71875
surrogate, 69, 30.0, 0.71875
surrogate, 69, 30.0, 0.71875
surrogate, 69, 30.0, 0.71875
surrogate, 69, 29.0, 0.59375
surrogate, 69, 29.0, 0.59375
surrogate, 69, 29.0, 0.59375
surrogate, 69, 29.0, 0.59375
surrogate, 69, 29.0, 0.59375
surrogate, 69, 29.0, 0.59375
surrogate, 69, 29.0, 0.59375
surrogate, 69, 29.0, 0.59375
surrogate, 69, 29.0, 0.59375
surrogate, 69, 28.0, 0.5625
surrogate, 69, 28.0, 0.5625
surrogate, 69, 28.0, 0.5625
surrogate, 69, 28.0, 0.5625
surrogate, 69, 28.0, 0.5625
surrogate, 69, 28.0, 0.5625
surrogate, 69, 28.0, 0.5625
surrogate, 69, 28.0, 0.5625
surrogate, 69, 28.0, 0.5625
surrogate, 69, 27.0, 0.53125
surrogate, 69, 27.0, 0.53125
surrogate, 69, 27.0, 0.53125
surrogate, 69, 27.0, 0.53125
surrogate, 69, 27.0, 0.53125
surrogate, 69, 27.0, 0.53125
surrogate, 69, 27.0, 0.53125
surrogate, 69, 27.0, 0.53125
surrogate, 69, 27.0, 0.53125
surrogate, 69, 27.0, 0.53125
surrogate, 69, 26.0, 0.46875
surrogate, 69, 26.0, 0.46875
surrogate, 69, 26.0, 0.46875
surrogate, 69, 26.0, 0.46875
surrogate, 69, 26.0, 0.46875
surrogate, 69, 26.0, 0.46875
surrogate, 69, 26.0, 0.46875
surrogate, 69, 26.0, 0.46875
surrogate, 69, 25.0, 0.40625
surrogate, 69, 25.0, 0.40625
surrogate, 69, 25.0, 0.40625
surrogate, 69, 25.0, 0.40625
surrogate, 69, 25.0, 0.40625
surrogate, 69, 25.0, 0.40625
surrogate, 69, 25.0, 0.40625
surrogate, 69, 25.0, 0.40625
surrogate, 69, 25.0, 0.40625
surrogate, 69, 25.0, 0.40625
surrogate, 69, 25.0, 0.40625
surrogate, 69, 25.0, 0.40625
surrogate, 69, 25.0, 0.40625
surrogate, 69, 24.0, 0.34375
surrogate, 69, 24.0, 0.34375
surrogate, 69, 24.0, 0.34375
surrogate, 69, 24.0, 0.34375
surrogate, 69, 24.0, 0.34375
surrogate, 69, 24.0, 0.34375
surrogate, 69, 24.0, 0.34375
surrogate, 69, 24.0, 0.34375
surrogate, 69, 24.0, 0.34375
surrogate, 69, 24.0, 0.34375
surrogate, 69, 24.0, 0.34375
surrogate, 69, 24.0, 0.34375
surrogate, 69, 24.0, 0.34375
surrogate, 69, 24.0, 0.34375
surrogate, 69, 24.0, 0.34375
surrogate, 69, 24.0, 0.34375
surrogate, 69, 24.0, 0.34375
surrogate, 69, 24.0, 0.34375
surrogate, 69, 24.0, 0.34375
surrogate, 69, 24.0, 0.34375
surrogate, 69, 24.0, 0.34375
surrogate, 69, 24.0, 0.34375
surrogate, 69, 24.0, 0.34375
surrogate, 69, 24.0, 0.34375
surrogate, 69, 24.0, 0.34375
surrogate, 69, 24.0, 0.34375
surrogate, 69, 24.0, 0.34375
surrogate, 69, 23.0, 0.3125
surrogate, 69, 23.0, 0.3125
surrogate, 69, 23.0, 0.3125
surrogate, 69, 23.0, 0.3125
surrogate, 69, 23.0, 0.3125
surrogate, 69, 23.0, 0.3125
surrogate, 69, 23.0, 0.3125
surrogate, 69, 23.0, 0.3125
surrogate, 69, 23.0, 0.3125
surrogate, 69, 23.0, 0.3125
surrogate, 69, 23.0, 0.3125
surrogate, 69, 23.0, 0.3125
surrogate, 69, 23.0, 0.3125
surrogate, 69, 23.0, 0.3125
surrogate, 69, 23.0, 0.3125
surrogate, 69, 23.0, 0.3125
surrogate, 69, 23.0, 0.3125
surrogate, 69, 20.0, 0.0625
surrogate, 69, 20.0, 0.0625
surrogate, 69, 20.0, 0.0625
surrogate, 69, 20.0, 0.0625
surrogate, 69, 20.0, 0.0625
surrogate, 69, 20.0, 0.0625
surrogate, 69, 20.0, 0.0625
surrogate, 69, 20.0, 0.0625
surrogate, 69, 20.0, 0.0625
surrogate, 69, 20.0, 0.0625
surrogate, 69, 20.0, 0.0625
surrogate, 69, 20.0, 0.0625
surrogate, 69, 20.0, 0.0625
surrogate, 69, 20.0, 0.0625
surrogate, 69, 20.0, 0.0625
surrogate, 69, 20.0, 0.0625
surrogate, 69, 20.0, 0.0625
surrogate, 69, 20.0, 0.0625
surrogate, 69, 20.0, 0.0625
surrogate, 69, 20.0, 0.0625
surrogate, 69, 20.0, 0.0625
surrogate, 69, 20.0, 0.0625
surrogate, 69, 20.0, 0.0625
surrogate, 69, 20.0, 0.0625
surrogate, 69, 20.0, 0.0625
surrogate, 69, 20.0, 0.0625
surrogate, 69, 20.0, 0.0625
surrogate, 69, 20.0, 0.0625
surrogate, 69, 20.0, 0.0625
surrogate, 69, 20.0, 0.0625
surrogate, 69, 20.0, 0.0625
surrogate, 69, 20.0, 0.0625
surrogate, 69, 20.0, 0.0625
surrogate, 69, 20.0, 0.0625
surrogate, 69, 20.0, 0.0625
surrogate, 69, 20.0, 0.0625
surrogate, 69, 20.0, 0.0625
surrogate, 69, 20.0, 0.0625
surrogate, 69, 20.0, 0.0625
surrogate, 69, 20.0, 0.0625
surrogate, 69, 20.0, 0.0625
surrogate, 69, 20.0, 0.0625
surrogate, 69, 20.0, 0.0625
surrogate, 69, 20.0, 0.0625
surrogate, 69, 20.0, 0.0625
surrogate, 69, 20.0, 0.0625
surrogate, 69, 20.0, 0.0625
surrogate, 69, 20.0, 0.0625
surrogate, 69, 20.0, 0.0625
surrogate, 69, 20.0, 0.0625
surrogate, 69, 20.0, 0.0625
surrogate, 70, 32.0, 0.9375
surrogate, 70, 32.0, 0.9375
surrogate, 70, 32.0, 0.9375
surrogate, 70, 32.0, 0.9375
surrogate, 70, 31.0, 0.84375
surrogate, 70, 31.0, 0.84375
surrogate, 70, 31.0, 0.84375
surrogate, 70, 30.0, 0.71875
surrogate, 70, 30.0, 0.71875
surrogate, 70, 30.0, 0.71875
surrogate, 70, 30.0, 0.71875
surrogate, 70, 30.0, 0.71875
surrogate, 70, 30.0, 0.71875
surrogate, 70, 30.0, 0.71875
surrogate, 70, 30.0, 0.71875
surrogate, 70, 30.0, 0.71875
surrogate, 70, 30.0, 0.71875
surrogate, 70, 30.0, 0.71875
surrogate, 70, 30.0, 0.71875
surrogate, 70, 29.0, 0.59375
surrogate, 70, 29.0, 0.59375
surrogate, 70, 29.0, 0.59375
surrogate, 70, 29.0, 0.59375
surrogate, 70, 29.0, 0.59375
surrogate, 70, 29.0, 0.59375
surrogate, 70, 29.0, 0.59375
surrogate, 70, 29.0, 0.59375
surrogate, 70, 29.0, 0.59375
surrogate, 70, 28.0, 0.5625
surrogate, 70, 28.0, 0.5625
surrogate, 70, 28.0, 0.5625
surrogate, 70, 28.0, 0.5625
surrogate, 70, 28.0, 0.5625
surrogate, 70, 28.0, 0.5625
surrogate, 70, 28.0, 0.5625
surrogate, 70, 28.0, 0.5625
surrogate, 70, 28.0, 0.5625
surrogate, 70, 27.0, 0.53125
surrogate, 70, 27.0, 0.53125
surrogate, 70, 27.0, 0.53125
surrogate, 70, 27.0, 0.53125
surrogate, 70, 27.0, 0.53125
surrogate, 70, 27.0, 0.53125
surrogate, 70, 27.0, 0.53125
surrogate, 70, 27.0, 0.53125
surrogate, 70, 27.0, 0.53125
surrogate, 70, 27.0, 0.53125
surrogate, 70, 27.0, 0.53125
surrogate, 70, 26.0, 0.46875
surrogate, 70, 26.0, 0.46875
surrogate, 70, 26.0, 0.46875
surrogate, 70, 26.0, 0.46875
surrogate, 70, 26.0, 0.46875
surrogate, 70, 26.0, 0.46875
surrogate, 70, 26.0, 0.46875
surrogate, 70, 26.0, 0.46875
surrogate, 70, 25.0, 0.40625
surrogate, 70, 25.0, 0.40625
surrogate, 70, 25.0, 0.40625
surrogate, 70, 25.0, 0.40625
surrogate, 70, 25.0, 0.40625
surrogate, 70, 25.0, 0.40625
surrogate, 70, 25.0, 0.40625
surrogate, 70, 25.0, 0.40625
surrogate, 70, 25.0, 0.40625
surrogate, 70, 25.0, 0.40625
surrogate, 70, 25.0, 0.40625
surrogate, 70, 25.0, 0.40625
surrogate, 70, 25.0, 0.40625
surrogate, 70, 24.0, 0.34375
surrogate, 70, 24.0, 0.34375
surrogate, 70, 24.0, 0.34375
surrogate, 70, 24.0, 0.34375
surrogate, 70, 24.0, 0.34375
surrogate, 70, 24.0, 0.34375
surrogate, 70, 24.0, 0.34375
surrogate, 70, 24.0, 0.34375
surrogate, 70, 24.0, 0.34375
surrogate, 70, 24.0, 0.34375
surrogate, 70, 24.0, 0.34375
surrogate, 70, 24.0, 0.34375
surrogate, 70, 24.0, 0.34375
surrogate, 70, 24.0, 0.34375
surrogate, 70, 24.0, 0.34375
surrogate, 70, 24.0, 0.34375
surrogate, 70, 24.0, 0.34375
surrogate, 70, 24.0, 0.34375
surrogate, 70, 24.0, 0.34375
surrogate, 70, 24.0, 0.34375
surrogate, 70, 24.0, 0.34375
surrogate, 70, 24.0, 0.34375
surrogate, 70, 24.0, 0.34375
surrogate, 70, 24.0, 0.34375
surrogate, 70, 24.0, 0.34375
surrogate, 70, 24.0, 0.34375
surrogate, 70, 24.0, 0.34375
surrogate, 70, 23.0, 0.3125
surrogate, 70, 23.0, 0.3125
surrogate, 70, 23.0, 0.3125
surrogate, 70, 23.0, 0.3125
surrogate, 70, 23.0, 0.3125
surrogate, 70, 23.0, 0.3125
surrogate, 70, 23.0, 0.3125
surrogate, 70, 23.0, 0.3125
surrogate, 70, 23.0, 0.3125
surrogate, 70, 23.0, 0.3125
surrogate, 70, 23.0, 0.3125
surrogate, 70, 23.0, 0.3125
surrogate, 70, 23.0, 0.3125
surrogate, 70, 23.0, 0.3125
surrogate, 70, 23.0, 0.3125
surrogate, 70, 23.0, 0.3125
surrogate, 70, 23.0, 0.3125
surrogate, 70, 20.0, 0.0625
surrogate, 70, 20.0, 0.0625
surrogate, 70, 20.0, 0.0625
surrogate, 70, 20.0, 0.0625
surrogate, 70, 20.0, 0.0625
surrogate, 70, 20.0, 0.0625
surrogate, 70, 20.0, 0.0625
surrogate, 70, 20.0, 0.0625
surrogate, 70, 20.0, 0.0625
surrogate, 70, 20.0, 0.0625
surrogate, 70, 20.0, 0.0625
surrogate, 70, 20.0, 0.0625
surrogate, 70, 20.0, 0.0625
surrogate, 70, 20.0, 0.0625
surrogate, 70, 20.0, 0.0625
surrogate, 70, 20.0, 0.0625
surrogate, 70, 20.0, 0.0625
surrogate, 70, 20.0, 0.0625
surrogate, 70, 20.0, 0.0625
surrogate, 70, 20.0, 0.0625
surrogate, 70, 20.0, 0.0625
surrogate, 70, 20.0, 0.0625
surrogate, 70, 20.0, 0.0625
surrogate, 70, 20.0, 0.0625
surrogate, 70, 20.0, 0.0625
surrogate, 70, 20.0, 0.0625
surrogate, 70, 20.0, 0.0625
surrogate, 70, 20.0, 0.0625
surrogate, 70, 20.0, 0.0625
surrogate, 70, 20.0, 0.0625
surrogate, 70, 20.0, 0.0625
surrogate, 70, 20.0, 0.0625
surrogate, 70, 20.0, 0.0625
surrogate, 70, 20.0, 0.0625
surrogate, 70, 20.0, 0.0625
surrogate, 70, 20.0, 0.0625
surrogate, 70, 20.0, 0.0625
surrogate, 70, 20.0, 0.0625
surrogate, 70, 20.0, 0.0625
surrogate, 70, 20.0, 0.0625
surrogate, 70, 20.0, 0.0625
surrogate, 70, 20.0, 0.0625
surrogate, 70, 20.0, 0.0625
surrogate, 70, 20.0, 0.0625
surrogate, 70, 20.0, 0.0625
surrogate, 70, 20.0, 0.0625
surrogate, 70, 20.0, 0.0625
surrogate, 70, 20.0, 0.0625
surrogate, 70, 20.0, 0.0625
surrogate, 70, 20.0, 0.0625
surrogate, 70, 20.0, 0.0625
surrogate, 70, 20.0, 0.0625
surrogate, 71, 32.0, 0.9375
surrogate, 71, 32.0, 0.9375
surrogate, 71, 32.0, 0.9375
surrogate, 71, 32.0, 0.9375
surrogate, 71, 31.0, 0.84375
surrogate, 71, 31.0, 0.84375
surrogate, 71, 31.0, 0.84375
surrogate, 71, 31.0, 0.84375
surrogate, 71, 30.0, 0.71875
surrogate, 71, 30.0, 0.71875
surrogate, 71, 30.0, 0.71875
surrogate, 71, 30.0, 0.71875
surrogate, 71, 30.0, 0.71875
surrogate, 71, 30.0, 0.71875
surrogate, 71, 30.0, 0.71875
surrogate, 71, 30.0, 0.71875
surrogate, 71, 30.0, 0.71875
surrogate, 71, 30.0, 0.71875
surrogate, 71, 30.0, 0.71875
surrogate, 71, 30.0, 0.71875
surrogate, 71, 29.0, 0.59375
surrogate, 71, 29.0, 0.59375
surrogate, 71, 29.0, 0.59375
surrogate, 71, 29.0, 0.59375
surrogate, 71, 29.0, 0.59375
surrogate, 71, 29.0, 0.59375
surrogate, 71, 29.0, 0.59375
surrogate, 71, 29.0, 0.59375
surrogate, 71, 29.0, 0.59375
surrogate, 71, 29.0, 0.59375
surrogate, 71, 28.0, 0.5625
surrogate, 71, 28.0, 0.5625
surrogate, 71, 28.0, 0.5625
surrogate, 71, 28.0, 0.5625
surrogate, 71, 28.0, 0.5625
surrogate, 71, 28.0, 0.5625
surrogate, 71, 28.0, 0.5625
surrogate, 71, 28.0, 0.5625
surrogate, 71, 28.0, 0.5625
surrogate, 71, 28.0, 0.5625
surrogate, 71, 27.0, 0.53125
surrogate, 71, 27.0, 0.53125
surrogate, 71, 27.0, 0.53125
surrogate, 71, 27.0, 0.53125
surrogate, 71, 27.0, 0.53125
surrogate, 71, 27.0, 0.53125
surrogate, 71, 27.0, 0.53125
surrogate, 71, 27.0, 0.53125
surrogate, 71, 27.0, 0.53125
surrogate, 71, 27.0, 0.53125
surrogate, 71, 27.0, 0.53125
surrogate, 71, 27.0, 0.53125
surrogate, 71, 26.0, 0.46875
surrogate, 71, 26.0, 0.46875
surrogate, 71, 26.0, 0.46875
surrogate, 71, 26.0, 0.46875
surrogate, 71, 26.0, 0.46875
surrogate, 71, 26.0, 0.46875
surrogate, 71, 26.0, 0.46875
surrogate, 71, 26.0, 0.46875
surrogate, 71, 25.0, 0.40625
surrogate, 71, 25.0, 0.40625
surrogate, 71, 25.0, 0.40625
surrogate, 71, 25.0, 0.40625
surrogate, 71, 25.0, 0.40625
surrogate, 71, 25.0, 0.40625
surrogate, 71, 25.0, 0.40625
surrogate, 71, 25.0, 0.40625
surrogate, 71, 25.0, 0.40625
surrogate, 71, 25.0, 0.40625
surrogate, 71, 25.0, 0.40625
surrogate, 71, 25.0, 0.40625
surrogate, 71, 25.0, 0.40625
surrogate, 71, 25.0, 0.40625
surrogate, 71, 24.0, 0.34375
surrogate, 71, 24.0, 0.34375
surrogate, 71, 24.0, 0.34375
surrogate, 71, 24.0, 0.34375
surrogate, 71, 24.0, 0.34375
surrogate, 71, 24.0, 0.34375
surrogate, 71, 24.0, 0.34375
surrogate, 71, 24.0, 0.34375
surrogate, 71, 24.0, 0.34375
surrogate, 71, 24.0, 0.34375
surrogate, 71, 24.0, 0.34375
surrogate, 71, 24.0, 0.34375
surrogate, 71, 24.0, 0.34375
surrogate, 71, 24.0, 0.34375
surrogate, 71, 24.0, 0.34375
surrogate, 71, 24.0, 0.34375
surrogate, 71, 24.0, 0.34375
surrogate, 71, 24.0, 0.34375
surrogate, 71, 24.0, 0.34375
surrogate, 71, 24.0, 0.34375
surrogate, 71, 24.0, 0.34375
surrogate, 71, 24.0, 0.34375
surrogate, 71, 24.0, 0.34375
surrogate, 71, 24.0, 0.34375
surrogate, 71, 24.0, 0.34375
surrogate, 71, 24.0, 0.34375
surrogate, 71, 24.0, 0.34375
surrogate, 71, 23.0, 0.3125
surrogate, 71, 23.0, 0.3125
surrogate, 71, 23.0, 0.3125
surrogate, 71, 23.0, 0.3125
surrogate, 71, 23.0, 0.3125
surrogate, 71, 23.0, 0.3125
surrogate, 71, 23.0, 0.3125
surrogate, 71, 23.0, 0.3125
surrogate, 71, 23.0, 0.3125
surrogate, 71, 23.0, 0.3125
surrogate, 71, 23.0, 0.3125
surrogate, 71, 23.0, 0.3125
surrogate, 71, 23.0, 0.3125
surrogate, 71, 23.0, 0.3125
surrogate, 71, 23.0, 0.3125
surrogate, 71, 23.0, 0.3125
surrogate, 71, 23.0, 0.3125
surrogate, 71, 23.0, 0.3125
surrogate, 71, 20.0, 0.0625
surrogate, 71, 20.0, 0.0625
surrogate, 71, 20.0, 0.0625
surrogate, 71, 20.0, 0.0625
surrogate, 71, 20.0, 0.0625
surrogate, 71, 20.0, 0.0625
surrogate, 71, 20.0, 0.0625
surrogate, 71, 20.0, 0.0625
surrogate, 71, 20.0, 0.0625
surrogate, 71, 20.0, 0.0625
surrogate, 71, 20.0, 0.0625
surrogate, 71, 20.0, 0.0625
surrogate, 71, 20.0, 0.0625
surrogate, 71, 20.0, 0.0625
surrogate, 71, 20.0, 0.0625
surrogate, 71, 20.0, 0.0625
surrogate, 71, 20.0, 0.0625
surrogate, 71, 20.0, 0.0625
surrogate, 71, 20.0, 0.0625
surrogate, 71, 20.0, 0.0625
surrogate, 71, 20.0, 0.0625
surrogate, 71, 20.0, 0.0625
surrogate, 71, 20.0, 0.0625
surrogate, 71, 20.0, 0.0625
surrogate, 71, 20.0, 0.0625
surrogate, 71, 20.0, 0.0625
surrogate, 71, 20.0, 0.0625
surrogate, 71, 20.0, 0.0625
surrogate, 71, 20.0, 0.0625
surrogate, 71, 20.0, 0.0625
surrogate, 71, 20.0, 0.0625
surrogate, 71, 20.0, 0.0625
surrogate, 71, 20.0, 0.0625
surrogate, 71, 20.0, 0.0625
surrogate, 71, 20.0, 0.0625
surrogate, 71, 20.0, 0.0625
surrogate, 71, 20.0, 0.0625
surrogate, 71, 20.0, 0.0625
surrogate, 71, 20.0, 0.0625
surrogate, 71, 20.0, 0.0625
surrogate, 71, 20.0, 0.0625
surrogate, 71, 20.0, 0.0625
surrogate, 71, 20.0, 0.0625
surrogate, 71, 20.0, 0.0625
surrogate, 71, 20.0, 0.0625
surrogate, 71, 20.0, 0.0625
surrogate, 71, 20.0, 0.0625
surrogate, 71, 20.0, 0.0625
surrogate, 71, 20.0, 0.0625
surrogate, 71, 20.0, 0.0625
surrogate, 71, 20.0, 0.0625
surrogate, 71, 20.0, 0.0625
surrogate, 72, 32.0, 0.9375
surrogate, 72, 32.0, 0.9375
surrogate, 72, 32.0, 0.9375
surrogate, 72, 32.0, 0.9375
surrogate, 72, 31.0, 0.84375
surrogate, 72, 31.0, 0.84375
surrogate, 72, 31.0, 0.84375
surrogate, 72, 31.0, 0.84375
surrogate, 72, 30.0, 0.71875
surrogate, 72, 30.0, 0.71875
surrogate, 72, 30.0, 0.71875
surrogate, 72, 30.0, 0.71875
surrogate, 72, 30.0, 0.71875
surrogate, 72, 30.0, 0.71875
surrogate, 72, 30.0, 0.71875
surrogate, 72, 30.0, 0.71875
surrogate, 72, 30.0, 0.71875
surrogate, 72, 30.0, 0.71875
surrogate, 72, 30.0, 0.71875
surrogate, 72, 30.0, 0.71875
surrogate, 72, 30.0, 0.71875
surrogate, 72, 29.0, 0.59375
surrogate, 72, 29.0, 0.59375
surrogate, 72, 29.0, 0.59375
surrogate, 72, 29.0, 0.59375
surrogate, 72, 29.0, 0.59375
surrogate, 72, 29.0, 0.59375
surrogate, 72, 29.0, 0.59375
surrogate, 72, 29.0, 0.59375
surrogate, 72, 29.0, 0.59375
surrogate, 72, 29.0, 0.59375
surrogate, 72, 28.0, 0.5625
surrogate, 72, 28.0, 0.5625
surrogate, 72, 28.0, 0.5625
surrogate, 72, 28.0, 0.5625
surrogate, 72, 28.0, 0.5625
surrogate, 72, 28.0, 0.5625
surrogate, 72, 28.0, 0.5625
surrogate, 72, 28.0, 0.5625
surrogate, 72, 28.0, 0.5625
surrogate, 72, 28.0, 0.5625
surrogate, 72, 27.0, 0.53125
surrogate, 72, 27.0, 0.53125
surrogate, 72, 27.0, 0.53125
surrogate, 72, 27.0, 0.53125
surrogate, 72, 27.0, 0.53125
surrogate, 72, 27.0, 0.53125
surrogate, 72, 27.0, 0.53125
surrogate, 72, 27.0, 0.53125
surrogate, 72, 27.0, 0.53125
surrogate, 72, 27.0, 0.53125
surrogate, 72, 27.0, 0.53125
surrogate, 72, 27.0, 0.53125
surrogate, 72, 26.0, 0.46875
surrogate, 72, 26.0, 0.46875
surrogate, 72, 26.0, 0.46875
surrogate, 72, 26.0, 0.46875
surrogate, 72, 26.0, 0.46875
surrogate, 72, 26.0, 0.46875
surrogate, 72, 26.0, 0.46875
surrogate, 72, 26.0, 0.46875
surrogate, 72, 25.0, 0.40625
surrogate, 72, 25.0, 0.40625
surrogate, 72, 25.0, 0.40625
surrogate, 72, 25.0, 0.40625
surrogate, 72, 25.0, 0.40625
surrogate, 72, 25.0, 0.40625
surrogate, 72, 25.0, 0.40625
surrogate, 72, 25.0, 0.40625
surrogate, 72, 25.0, 0.40625
surrogate, 72, 25.0, 0.40625
surrogate, 72, 25.0, 0.40625
surrogate, 72, 25.0, 0.40625
surrogate, 72, 25.0, 0.40625
surrogate, 72, 25.0, 0.40625
surrogate, 72, 24.0, 0.34375
surrogate, 72, 24.0, 0.34375
surrogate, 72, 24.0, 0.34375
surrogate, 72, 24.0, 0.34375
surrogate, 72, 24.0, 0.34375
surrogate, 72, 24.0, 0.34375
surrogate, 72, 24.0, 0.34375
surrogate, 72, 24.0, 0.34375
surrogate, 72, 24.0, 0.34375
surrogate, 72, 24.0, 0.34375
surrogate, 72, 24.0, 0.34375
surrogate, 72, 24.0, 0.34375
surrogate, 72, 24.0, 0.34375
surrogate, 72, 24.0, 0.34375
surrogate, 72, 24.0, 0.34375
surrogate, 72, 24.0, 0.34375
surrogate, 72, 24.0, 0.34375
surrogate, 72, 24.0, 0.34375
surrogate, 72, 24.0, 0.34375
surrogate, 72, 24.0, 0.34375
surrogate, 72, 24.0, 0.34375
surrogate, 72, 24.0, 0.34375
surrogate, 72, 24.0, 0.34375
surrogate, 72, 24.0, 0.34375
surrogate, 72, 24.0, 0.34375
surrogate, 72, 24.0, 0.34375
surrogate, 72, 24.0, 0.34375
surrogate, 72, 23.0, 0.3125
surrogate, 72, 23.0, 0.3125
surrogate, 72, 23.0, 0.3125
surrogate, 72, 23.0, 0.3125
surrogate, 72, 23.0, 0.3125
surrogate, 72, 23.0, 0.3125
surrogate, 72, 23.0, 0.3125
surrogate, 72, 23.0, 0.3125
surrogate, 72, 23.0, 0.3125
surrogate, 72, 23.0, 0.3125
surrogate, 72, 23.0, 0.3125
surrogate, 72, 23.0, 0.3125
surrogate, 72, 23.0, 0.3125
surrogate, 72, 23.0, 0.3125
surrogate, 72, 23.0, 0.3125
surrogate, 72, 23.0, 0.3125
surrogate, 72, 23.0, 0.3125
surrogate, 72, 23.0, 0.3125
surrogate, 72, 23.0, 0.3125
surrogate, 72, 20.0, 0.0625
surrogate, 72, 20.0, 0.0625
surrogate, 72, 20.0, 0.0625
surrogate, 72, 20.0, 0.0625
surrogate, 72, 20.0, 0.0625
surrogate, 72, 20.0, 0.0625
surrogate, 72, 20.0, 0.0625
surrogate, 72, 20.0, 0.0625
surrogate, 72, 20.0, 0.0625
surrogate, 72, 20.0, 0.0625
surrogate, 72, 20.0, 0.0625
surrogate, 72, 20.0, 0.0625
surrogate, 72, 20.0, 0.0625
surrogate, 72, 20.0, 0.0625
surrogate, 72, 20.0, 0.0625
surrogate, 72, 20.0, 0.0625
surrogate, 72, 20.0, 0.0625
surrogate, 72, 20.0, 0.0625
surrogate, 72, 20.0, 0.0625
surrogate, 72, 20.0, 0.0625
surrogate, 72, 20.0, 0.0625
surrogate, 72, 20.0, 0.0625
surrogate, 72, 20.0, 0.0625
surrogate, 72, 20.0, 0.0625
surrogate, 72, 20.0, 0.0625
surrogate, 72, 20.0, 0.0625
surrogate, 72, 20.0, 0.0625
surrogate, 72, 20.0, 0.0625
surrogate, 72, 20.0, 0.0625
surrogate, 72, 20.0, 0.0625
surrogate, 72, 20.0, 0.0625
surrogate, 72, 20.0, 0.0625
surrogate, 72, 20.0, 0.0625
surrogate, 72, 20.0, 0.0625
surrogate, 72, 20.0, 0.0625
surrogate, 72, 20.0, 0.0625
surrogate, 72, 20.0, 0.0625
surrogate, 72, 20.0, 0.0625
surrogate, 72, 20.0, 0.0625
surrogate, 72, 20.0, 0.0625
surrogate, 72, 20.0, 0.0625
surrogate, 72, 20.0, 0.0625
surrogate, 72, 20.0, 0.0625
surrogate, 72, 20.0, 0.0625
surrogate, 72, 20.0, 0.0625
surrogate, 72, 20.0, 0.0625
surrogate, 72, 20.0, 0.0625
surrogate, 72, 20.0, 0.0625
surrogate, 72, 20.0, 0.0625
surrogate, 72, 20.0, 0.0625
surrogate, 72, 20.0, 0.0625
surrogate, 72, 20.0, 0.0625
surrogate, 72, 20.0, 0.0625
surrogate, 73, 32.0, 0.9375
surrogate, 73, 32.0, 0.9375
surrogate, 73, 32.0, 0.9375
surrogate, 73, 32.0, 0.9375
surrogate, 73, 31.0, 0.84375
surrogate, 73, 31.0, 0.84375
surrogate, 73, 31.0, 0.84375
surrogate, 73, 31.0, 0.84375
surrogate, 73, 30.0, 0.71875
surrogate, 73, 30.0, 0.71875
surrogate, 73, 30.0, 0.71875
surrogate, 73, 30.0, 0.71875
surrogate, 73, 30.0, 0.71875
surrogate, 73, 30.0, 0.71875
surrogate, 73, 30.0, 0.71875
surrogate, 73, 30.0, 0.71875
surrogate, 73, 30.0, 0.71875
surrogate, 73, 30.0, 0.71875
surrogate, 73, 30.0, 0.71875
surrogate, 73, 30.0, 0.71875
surrogate, 73, 30.0, 0.71875
surrogate, 73, 29.0, 0.59375
surrogate, 73, 29.0, 0.59375
surrogate, 73, 29.0, 0.59375
surrogate, 73, 29.0, 0.59375
surrogate, 73, 29.0, 0.59375
surrogate, 73, 29.0, 0.59375
surrogate, 73, 29.0, 0.59375
surrogate, 73, 29.0, 0.59375
surrogate, 73, 29.0, 0.59375
surrogate, 73, 29.0, 0.59375
surrogate, 73, 28.0, 0.5625
surrogate, 73, 28.0, 0.5625
surrogate, 73, 28.0, 0.5625
surrogate, 73, 28.0, 0.5625
surrogate, 73, 28.0, 0.5625
surrogate, 73, 28.0, 0.5625
surrogate, 73, 28.0, 0.5625
surrogate, 73, 28.0, 0.5625
surrogate, 73, 28.0, 0.5625
surrogate, 73, 28.0, 0.5625
surrogate, 73, 27.0, 0.53125
surrogate, 73, 27.0, 0.53125
surrogate, 73, 27.0, 0.53125
surrogate, 73, 27.0, 0.53125
surrogate, 73, 27.0, 0.53125
surrogate, 73, 27.0, 0.53125
surrogate, 73, 27.0, 0.53125
surrogate, 73, 27.0, 0.53125
surrogate, 73, 27.0, 0.53125
surrogate, 73, 27.0, 0.53125
surrogate, 73, 27.0, 0.53125
surrogate, 73, 27.0, 0.53125
surrogate, 73, 26.0, 0.46875
surrogate, 73, 26.0, 0.46875
surrogate, 73, 26.0, 0.46875
surrogate, 73, 26.0, 0.46875
surrogate, 73, 26.0, 0.46875
surrogate, 73, 26.0, 0.46875
surrogate, 73, 26.0, 0.46875
surrogate, 73, 26.0, 0.46875
surrogate, 73, 26.0, 0.46875
surrogate, 73, 25.0, 0.40625
surrogate, 73, 25.0, 0.40625
surrogate, 73, 25.0, 0.40625
surrogate, 73, 25.0, 0.40625
surrogate, 73, 25.0, 0.40625
surrogate, 73, 25.0, 0.40625
surrogate, 73, 25.0, 0.40625
surrogate, 73, 25.0, 0.40625
surrogate, 73, 25.0, 0.40625
surrogate, 73, 25.0, 0.40625
surrogate, 73, 25.0, 0.40625
surrogate, 73, 25.0, 0.40625
surrogate, 73, 25.0, 0.40625
surrogate, 73, 25.0, 0.40625
surrogate, 73, 25.0, 0.40625
surrogate, 73, 24.0, 0.34375
surrogate, 73, 24.0, 0.34375
surrogate, 73, 24.0, 0.34375
surrogate, 73, 24.0, 0.34375
surrogate, 73, 24.0, 0.34375
surrogate, 73, 24.0, 0.34375
surrogate, 73, 24.0, 0.34375
surrogate, 73, 24.0, 0.34375
surrogate, 73, 24.0, 0.34375
surrogate, 73, 24.0, 0.34375
surrogate, 73, 24.0, 0.34375
surrogate, 73, 24.0, 0.34375
surrogate, 73, 24.0, 0.34375
surrogate, 73, 24.0, 0.34375
surrogate, 73, 24.0, 0.34375
surrogate, 73, 24.0, 0.34375
surrogate, 73, 24.0, 0.34375
surrogate, 73, 24.0, 0.34375
surrogate, 73, 24.0, 0.34375
surrogate, 73, 24.0, 0.34375
surrogate, 73, 24.0, 0.34375
surrogate, 73, 24.0, 0.34375
surrogate, 73, 24.0, 0.34375
surrogate, 73, 24.0, 0.34375
surrogate, 73, 24.0, 0.34375
surrogate, 73, 24.0, 0.34375
surrogate, 73, 24.0, 0.34375
surrogate, 73, 24.0, 0.34375
surrogate, 73, 23.0, 0.3125
surrogate, 73, 23.0, 0.3125
surrogate, 73, 23.0, 0.3125
surrogate, 73, 23.0, 0.3125
surrogate, 73, 23.0, 0.3125
surrogate, 73, 23.0, 0.3125
surrogate, 73, 23.0, 0.3125
surrogate, 73, 23.0, 0.3125
surrogate, 73, 23.0, 0.3125
surrogate, 73, 23.0, 0.3125
surrogate, 73, 23.0, 0.3125
surrogate, 73, 23.0, 0.3125
surrogate, 73, 23.0, 0.3125
surrogate, 73, 23.0, 0.3125
surrogate, 73, 23.0, 0.3125
surrogate, 73, 23.0, 0.3125
surrogate, 73, 23.0, 0.3125
surrogate, 73, 23.0, 0.3125
surrogate, 73, 23.0, 0.3125
surrogate, 73, 23.0, 0.3125
surrogate, 73, 20.0, 0.0625
surrogate, 73, 20.0, 0.0625
surrogate, 73, 20.0, 0.0625
surrogate, 73, 20.0, 0.0625
surrogate, 73, 20.0, 0.0625
surrogate, 73, 20.0, 0.0625
surrogate, 73, 20.0, 0.0625
surrogate, 73, 20.0, 0.0625
surrogate, 73, 20.0, 0.0625
surrogate, 73, 20.0, 0.0625
surrogate, 73, 20.0, 0.0625
surrogate, 73, 20.0, 0.0625
surrogate, 73, 20.0, 0.0625
surrogate, 73, 20.0, 0.0625
surrogate, 73, 20.0, 0.0625
surrogate, 73, 20.0, 0.0625
surrogate, 73, 20.0, 0.0625
surrogate, 73, 20.0, 0.0625
surrogate, 73, 20.0, 0.0625
surrogate, 73, 20.0, 0.0625
surrogate, 73, 20.0, 0.0625
surrogate, 73, 20.0, 0.0625
surrogate, 73, 20.0, 0.0625
surrogate, 73, 20.0, 0.0625
surrogate, 73, 20.0, 0.0625
surrogate, 73, 20.0, 0.0625
surrogate, 73, 20.0, 0.0625
surrogate, 73, 20.0, 0.0625
surrogate, 73, 20.0, 0.0625
surrogate, 73, 20.0, 0.0625
surrogate, 73, 20.0, 0.0625
surrogate, 73, 20.0, 0.0625
surrogate, 73, 20.0, 0.0625
surrogate, 73, 20.0, 0.0625
surrogate, 73, 20.0, 0.0625
surrogate, 73, 20.0, 0.0625
surrogate, 73, 20.0, 0.0625
surrogate, 73, 20.0, 0.0625
surrogate, 73, 20.0, 0.0625
surrogate, 73, 20.0, 0.0625
surrogate, 73, 20.0, 0.0625
surrogate, 73, 20.0, 0.0625
surrogate, 73, 20.0, 0.0625
surrogate, 73, 20.0, 0.0625
surrogate, 73, 20.0, 0.0625
surrogate, 73, 20.0, 0.0625
surrogate, 73, 20.0, 0.0625
surrogate, 73, 20.0, 0.0625
surrogate, 73, 20.0, 0.0625
surrogate, 73, 20.0, 0.0625
surrogate, 73, 20.0, 0.0625
surrogate, 73, 20.0, 0.0625
surrogate, 73, 20.0, 0.0625
surrogate, 73, 20.0, 0.0625
surrogate, 74, 32.0, 0.9375
surrogate, 74, 32.0, 0.9375
surrogate, 74, 32.0, 0.9375
surrogate, 74, 32.0, 0.9375
surrogate, 74, 31.0, 0.84375
surrogate, 74, 31.0, 0.84375
surrogate, 74, 31.0, 0.84375
surrogate, 74, 31.0, 0.84375
surrogate, 74, 30.0, 0.71875
surrogate, 74, 30.0, 0.71875
surrogate, 74, 30.0, 0.71875
surrogate, 74, 30.0, 0.71875
surrogate, 74, 30.0, 0.71875
surrogate, 74, 30.0, 0.71875
surrogate, 74, 30.0, 0.71875
surrogate, 74, 30.0, 0.71875
surrogate, 74, 30.0, 0.71875
surrogate, 74, 30.0, 0.71875
surrogate, 74, 30.0, 0.71875
surrogate, 74, 30.0, 0.71875
surrogate, 74, 30.0, 0.71875
surrogate, 74, 28.0, 0.59375
surrogate, 74, 27.0, 0.53125
surrogate, 74, 27.0, 0.53125
surrogate, 74, 27.0, 0.53125
surrogate, 74, 27.0, 0.53125
surrogate, 74, 27.0, 0.53125
surrogate, 74, 27.0, 0.53125
surrogate, 74, 27.0, 0.53125
surrogate, 74, 27.0, 0.53125
surrogate, 74, 27.0, 0.53125
surrogate, 74, 27.0, 0.53125
surrogate, 74, 27.0, 0.53125
surrogate, 74, 27.0, 0.53125
surrogate, 74, 27.0, 0.53125
surrogate, 74, 26.0, 0.46875
surrogate, 74, 26.0, 0.46875
surrogate, 74, 26.0, 0.46875
surrogate, 74, 26.0, 0.46875
surrogate, 74, 26.0, 0.46875
surrogate, 74, 26.0, 0.46875
surrogate, 74, 26.0, 0.46875
surrogate, 74, 26.0, 0.46875
surrogate, 74, 26.0, 0.46875
surrogate, 74, 25.0, 0.40625
surrogate, 74, 25.0, 0.40625
surrogate, 74, 25.0, 0.40625
surrogate, 74, 25.0, 0.40625
surrogate, 74, 25.0, 0.40625
surrogate, 74, 25.0, 0.40625
surrogate, 74, 25.0, 0.40625
surrogate, 74, 25.0, 0.40625
surrogate, 74, 25.0, 0.40625
surrogate, 74, 25.0, 0.40625
surrogate, 74, 25.0, 0.40625
surrogate, 74, 25.0, 0.40625
surrogate, 74, 25.0, 0.40625
surrogate, 74, 25.0, 0.40625
surrogate, 74, 25.0, 0.40625
surrogate, 74, 25.0, 0.40625
surrogate, 74, 24.0, 0.34375
surrogate, 74, 24.0, 0.34375
surrogate, 74, 24.0, 0.34375
surrogate, 74, 24.0, 0.34375
surrogate, 74, 24.0, 0.34375
surrogate, 74, 24.0, 0.34375
surrogate, 74, 24.0, 0.34375
surrogate, 74, 24.0, 0.34375
surrogate, 74, 24.0, 0.34375
surrogate, 74, 24.0, 0.34375
surrogate, 74, 24.0, 0.34375
surrogate, 74, 24.0, 0.34375
surrogate, 74, 24.0, 0.34375
surrogate, 74, 24.0, 0.34375
surrogate, 74, 24.0, 0.34375
surrogate, 74, 24.0, 0.34375
surrogate, 74, 24.0, 0.34375
surrogate, 74, 24.0, 0.34375
surrogate, 74, 24.0, 0.34375
surrogate, 74, 24.0, 0.34375
surrogate, 74, 24.0, 0.34375
surrogate, 74, 24.0, 0.34375
surrogate, 74, 24.0, 0.34375
surrogate, 74, 24.0, 0.34375
surrogate, 74, 24.0, 0.34375
surrogate, 74, 24.0, 0.34375
surrogate, 74, 24.0, 0.34375
surrogate, 74, 24.0, 0.34375
surrogate, 74, 23.0, 0.3125
surrogate, 74, 23.0, 0.3125
surrogate, 74, 23.0, 0.3125
surrogate, 74, 23.0, 0.3125
surrogate, 74, 23.0, 0.3125
surrogate, 74, 23.0, 0.3125
surrogate, 74, 23.0, 0.3125
surrogate, 74, 23.0, 0.3125
surrogate, 74, 23.0, 0.3125
surrogate, 74, 23.0, 0.3125
surrogate, 74, 23.0, 0.3125
surrogate, 74, 23.0, 0.3125
surrogate, 74, 23.0, 0.3125
surrogate, 74, 23.0, 0.3125
surrogate, 74, 23.0, 0.3125
surrogate, 74, 23.0, 0.3125
surrogate, 74, 23.0, 0.3125
surrogate, 74, 23.0, 0.3125
surrogate, 74, 23.0, 0.3125
surrogate, 74, 23.0, 0.3125
surrogate, 74, 20.0, 0.0625
surrogate, 74, 20.0, 0.0625
surrogate, 74, 20.0, 0.0625
surrogate, 74, 20.0, 0.0625
surrogate, 74, 20.0, 0.0625
surrogate, 74, 20.0, 0.0625
surrogate, 74, 20.0, 0.0625
surrogate, 74, 20.0, 0.0625
surrogate, 74, 20.0, 0.0625
surrogate, 74, 20.0, 0.0625
surrogate, 74, 20.0, 0.0625
surrogate, 74, 20.0, 0.0625
surrogate, 74, 20.0, 0.0625
surrogate, 74, 20.0, 0.0625
surrogate, 74, 20.0, 0.0625
surrogate, 74, 20.0, 0.0625
surrogate, 74, 20.0, 0.0625
surrogate, 74, 20.0, 0.0625
surrogate, 74, 20.0, 0.0625
surrogate, 74, 20.0, 0.0625
surrogate, 74, 20.0, 0.0625
surrogate, 74, 20.0, 0.0625
surrogate, 74, 20.0, 0.0625
surrogate, 74, 20.0, 0.0625
surrogate, 74, 20.0, 0.0625
surrogate, 74, 20.0, 0.0625
surrogate, 74, 20.0, 0.0625
surrogate, 74, 20.0, 0.0625
surrogate, 74, 20.0, 0.0625
surrogate, 74, 20.0, 0.0625
surrogate, 74, 20.0, 0.0625
surrogate, 74, 20.0, 0.0625
surrogate, 74, 20.0, 0.0625
surrogate, 74, 20.0, 0.0625
surrogate, 74, 20.0, 0.0625
surrogate, 74, 20.0, 0.0625
surrogate, 74, 20.0, 0.0625
surrogate, 74, 20.0, 0.0625
surrogate, 74, 20.0, 0.0625
surrogate, 74, 20.0, 0.0625
surrogate, 74, 20.0, 0.0625
surrogate, 74, 20.0, 0.0625
surrogate, 74, 20.0, 0.0625
surrogate, 74, 20.0, 0.0625
surrogate, 74, 20.0, 0.0625
surrogate, 74, 20.0, 0.0625
surrogate, 74, 20.0, 0.0625
surrogate, 74, 20.0, 0.0625
surrogate, 74, 20.0, 0.0625
surrogate, 74, 20.0, 0.0625
surrogate, 74, 20.0, 0.0625
surrogate, 74, 20.0, 0.0625
surrogate, 74, 20.0, 0.0625
surrogate, 74, 20.0, 0.0625
surrogate, 75, 32.0, 0.9375
surrogate, 75, 32.0, 0.9375
surrogate, 75, 32.0, 0.9375
surrogate, 75, 32.0, 0.9375
surrogate, 75, 31.0, 0.84375
surrogate, 75, 31.0, 0.84375
surrogate, 75, 31.0, 0.84375
surrogate, 75, 31.0, 0.84375
surrogate, 75, 30.0, 0.71875
surrogate, 75, 30.0, 0.71875
surrogate, 75, 30.0, 0.71875
surrogate, 75, 30.0, 0.71875
surrogate, 75, 30.0, 0.71875
surrogate, 75, 30.0, 0.71875
surrogate, 75, 30.0, 0.71875
surrogate, 75, 30.0, 0.71875
surrogate, 75, 30.0, 0.71875
surrogate, 75, 30.0, 0.71875
surrogate, 75, 30.0, 0.71875
surrogate, 75, 30.0, 0.71875
surrogate, 75, 30.0, 0.71875
surrogate, 75, 28.0, 0.59375
surrogate, 75, 27.0, 0.53125
surrogate, 75, 27.0, 0.53125
surrogate, 75, 27.0, 0.53125
surrogate, 75, 27.0, 0.53125
surrogate, 75, 27.0, 0.53125
surrogate, 75, 27.0, 0.53125
surrogate, 75, 27.0, 0.53125
surrogate, 75, 27.0, 0.53125
surrogate, 75, 27.0, 0.53125
surrogate, 75, 27.0, 0.53125
surrogate, 75, 27.0, 0.53125
surrogate, 75, 27.0, 0.53125
surrogate, 75, 27.0, 0.53125
surrogate, 75, 27.0, 0.53125
surrogate, 75, 26.0, 0.46875
surrogate, 75, 26.0, 0.46875
surrogate, 75, 26.0, 0.46875
surrogate, 75, 26.0, 0.46875
surrogate, 75, 26.0, 0.46875
surrogate, 75, 26.0, 0.46875
surrogate, 75, 26.0, 0.46875
surrogate, 75, 26.0, 0.46875
surrogate, 75, 26.0, 0.46875
surrogate, 75, 25.0, 0.40625
surrogate, 75, 25.0, 0.40625
surrogate, 75, 25.0, 0.40625
surrogate, 75, 25.0, 0.40625
surrogate, 75, 25.0, 0.40625
surrogate, 75, 25.0, 0.40625
surrogate, 75, 25.0, 0.40625
surrogate, 75, 25.0, 0.40625
surrogate, 75, 25.0, 0.40625
surrogate, 75, 25.0, 0.40625
surrogate, 75, 25.0, 0.40625
surrogate, 75, 25.0, 0.40625
surrogate, 75, 25.0, 0.40625
surrogate, 75, 25.0, 0.40625
surrogate, 75, 25.0, 0.40625
surrogate, 75, 25.0, 0.40625
surrogate, 75, 25.0, 0.40625
surrogate, 75, 24.0, 0.34375
surrogate, 75, 24.0, 0.34375
surrogate, 75, 24.0, 0.34375
surrogate, 75, 24.0, 0.34375
surrogate, 75, 24.0, 0.34375
surrogate, 75, 24.0, 0.34375
surrogate, 75, 24.0, 0.34375
surrogate, 75, 24.0, 0.34375
surrogate, 75, 24.0, 0.34375
surrogate, 75, 24.0, 0.34375
surrogate, 75, 24.0, 0.34375
surrogate, 75, 24.0, 0.34375
surrogate, 75, 24.0, 0.34375
surrogate, 75, 24.0, 0.34375
surrogate, 75, 24.0, 0.34375
surrogate, 75, 24.0, 0.34375
surrogate, 75, 24.0, 0.34375
surrogate, 75, 24.0, 0.34375
surrogate, 75, 24.0, 0.34375
surrogate, 75, 24.0, 0.34375
surrogate, 75, 24.0, 0.34375
surrogate, 75, 24.0, 0.34375
surrogate, 75, 24.0, 0.34375
surrogate, 75, 24.0, 0.34375
surrogate, 75, 24.0, 0.34375
surrogate, 75, 24.0, 0.34375
surrogate, 75, 24.0, 0.34375
surrogate, 75, 24.0, 0.34375
surrogate, 75, 24.0, 0.34375
surrogate, 75, 23.0, 0.3125
surrogate, 75, 23.0, 0.3125
surrogate, 75, 23.0, 0.3125
surrogate, 75, 23.0, 0.3125
surrogate, 75, 23.0, 0.3125
surrogate, 75, 23.0, 0.3125
surrogate, 75, 23.0, 0.3125
surrogate, 75, 23.0, 0.3125
surrogate, 75, 23.0, 0.3125
surrogate, 75, 23.0, 0.3125
surrogate, 75, 23.0, 0.3125
surrogate, 75, 23.0, 0.3125
surrogate, 75, 23.0, 0.3125
surrogate, 75, 23.0, 0.3125
surrogate, 75, 23.0, 0.3125
surrogate, 75, 23.0, 0.3125
surrogate, 75, 23.0, 0.3125
surrogate, 75, 23.0, 0.3125
surrogate, 75, 23.0, 0.3125
surrogate, 75, 23.0, 0.3125
surrogate, 75, 23.0, 0.3125
surrogate, 75, 20.0, 0.0625
surrogate, 75, 20.0, 0.0625
surrogate, 75, 20.0, 0.0625
surrogate, 75, 20.0, 0.0625
surrogate, 75, 20.0, 0.0625
surrogate, 75, 20.0, 0.0625
surrogate, 75, 20.0, 0.0625
surrogate, 75, 20.0, 0.0625
surrogate, 75, 20.0, 0.0625
surrogate, 75, 20.0, 0.0625
surrogate, 75, 20.0, 0.0625
surrogate, 75, 20.0, 0.0625
surrogate, 75, 20.0, 0.0625
surrogate, 75, 20.0, 0.0625
surrogate, 75, 20.0, 0.0625
surrogate, 75, 20.0, 0.0625
surrogate, 75, 20.0, 0.0625
surrogate, 75, 20.0, 0.0625
surrogate, 75, 20.0, 0.0625
surrogate, 75, 20.0, 0.0625
surrogate, 75, 20.0, 0.0625
surrogate, 75, 20.0, 0.0625
surrogate, 75, 20.0, 0.0625
surrogate, 75, 20.0, 0.0625
surrogate, 75, 20.0, 0.0625
surrogate, 75, 20.0, 0.0625
surrogate, 75, 20.0, 0.0625
surrogate, 75, 20.0, 0.0625
surrogate, 75, 20.0, 0.0625
surrogate, 75, 20.0, 0.0625
surrogate, 75, 20.0, 0.0625
surrogate, 75, 20.0, 0.0625
surrogate, 75, 20.0, 0.0625
surrogate, 75, 20.0, 0.0625
surrogate, 75, 20.0, 0.0625
surrogate, 75, 20.0, 0.0625
surrogate, 75, 20.0, 0.0625
surrogate, 75, 20.0, 0.0625
surrogate, 75, 20.0, 0.0625
surrogate, 75, 20.0, 0.0625
surrogate, 75, 20.0, 0.0625
surrogate, 75, 20.0, 0.0625
surrogate, 75, 20.0, 0.0625
surrogate, 75, 20.0, 0.0625
surrogate, 75, 20.0, 0.0625
surrogate, 75, 20.0, 0.0625
surrogate, 75, 20.0, 0.0625
surrogate, 75, 20.0, 0.0625
surrogate, 75, 20.0, 0.0625
surrogate, 75, 20.0, 0.0625
surrogate, 75, 20.0, 0.0625
surrogate, 75, 20.0, 0.0625
surrogate, 75, 20.0, 0.0625
surrogate, 75, 20.0, 0.0625
surrogate, 76, 32.0, 0.9375
surrogate, 76, 32.0, 0.9375
surrogate, 76, 32.0, 0.9375
surrogate, 76, 32.0, 0.9375
surrogate, 76, 31.0, 0.84375
surrogate, 76, 31.0, 0.84375
surrogate, 76, 31.0, 0.84375
surrogate, 76, 31.0, 0.84375
surrogate, 76, 31.0, 0.84375
surrogate, 76, 30.0, 0.71875
surrogate, 76, 30.0, 0.71875
surrogate, 76, 30.0, 0.71875
surrogate, 76, 30.0, 0.71875
surrogate, 76, 30.0, 0.71875
surrogate, 76, 30.0, 0.71875
surrogate, 76, 30.0, 0.71875
surrogate, 76, 30.0, 0.71875
surrogate, 76, 30.0, 0.71875
surrogate, 76, 30.0, 0.71875
surrogate, 76, 30.0, 0.71875
surrogate, 76, 30.0, 0.71875
surrogate, 76, 30.0, 0.71875
surrogate, 76, 28.0, 0.59375
surrogate, 76, 27.0, 0.53125
surrogate, 76, 27.0, 0.53125
surrogate, 76, 27.0, 0.53125
surrogate, 76, 27.0, 0.53125
surrogate, 76, 27.0, 0.53125
surrogate, 76, 27.0, 0.53125
surrogate, 76, 27.0, 0.53125
surrogate, 76, 27.0, 0.53125
surrogate, 76, 27.0, 0.53125
surrogate, 76, 27.0, 0.53125
surrogate, 76, 27.0, 0.53125
surrogate, 76, 27.0, 0.53125
surrogate, 76, 27.0, 0.53125
surrogate, 76, 27.0, 0.53125
surrogate, 76, 26.0, 0.46875
surrogate, 76, 26.0, 0.46875
surrogate, 76, 26.0, 0.46875
surrogate, 76, 26.0, 0.46875
surrogate, 76, 26.0, 0.46875
surrogate, 76, 26.0, 0.46875
surrogate, 76, 26.0, 0.46875
surrogate, 76, 26.0, 0.46875
surrogate, 76, 26.0, 0.46875
surrogate, 76, 26.0, 0.46875
surrogate, 76, 25.0, 0.40625
surrogate, 76, 25.0, 0.40625
surrogate, 76, 25.0, 0.40625
surrogate, 76, 25.0, 0.40625
surrogate, 76, 25.0, 0.40625
surrogate, 76, 25.0, 0.40625
surrogate, 76, 25.0, 0.40625
surrogate, 76, 25.0, 0.40625
surrogate, 76, 25.0, 0.40625
surrogate, 76, 25.0, 0.40625
surrogate, 76, 25.0, 0.40625
surrogate, 76, 25.0, 0.40625
surrogate, 76, 25.0, 0.40625
surrogate, 76, 25.0, 0.40625
surrogate, 76, 25.0, 0.40625
surrogate, 76, 25.0, 0.40625
surrogate, 76, 25.0, 0.40625
surrogate, 76, 24.0, 0.34375
surrogate, 76, 24.0, 0.34375
surrogate, 76, 24.0, 0.34375
surrogate, 76, 24.0, 0.34375
surrogate, 76, 24.0, 0.34375
surrogate, 76, 24.0, 0.34375
surrogate, 76, 24.0, 0.34375
surrogate, 76, 24.0, 0.34375
surrogate, 76, 24.0, 0.34375
surrogate, 76, 24.0, 0.34375
surrogate, 76, 24.0, 0.34375
surrogate, 76, 24.0, 0.34375
surrogate, 76, 24.0, 0.34375
surrogate, 76, 24.0, 0.34375
surrogate, 76, 24.0, 0.34375
surrogate, 76, 24.0, 0.34375
surrogate, 76, 24.0, 0.34375
surrogate, 76, 24.0, 0.34375
surrogate, 76, 24.0, 0.34375
surrogate, 76, 24.0, 0.34375
surrogate, 76, 24.0, 0.34375
surrogate, 76, 24.0, 0.34375
surrogate, 76, 24.0, 0.34375
surrogate, 76, 24.0, 0.34375
surrogate, 76, 24.0, 0.34375
surrogate, 76, 24.0, 0.34375
surrogate, 76, 24.0, 0.34375
surrogate, 76, 24.0, 0.34375
surrogate, 76, 24.0, 0.34375
surrogate, 76, 24.0, 0.34375
surrogate, 76, 23.0, 0.3125
surrogate, 76, 23.0, 0.3125
surrogate, 76, 23.0, 0.3125
surrogate, 76, 23.0, 0.3125
surrogate, 76, 23.0, 0.3125
surrogate, 76, 23.0, 0.3125
surrogate, 76, 23.0, 0.3125
surrogate, 76, 23.0, 0.3125
surrogate, 76, 23.0, 0.3125
surrogate, 76, 23.0, 0.3125
surrogate, 76, 23.0, 0.3125
surrogate, 76, 23.0, 0.3125
surrogate, 76, 23.0, 0.3125
surrogate, 76, 23.0, 0.3125
surrogate, 76, 23.0, 0.3125
surrogate, 76, 23.0, 0.3125
surrogate, 76, 23.0, 0.3125
surrogate, 76, 23.0, 0.3125
surrogate, 76, 23.0, 0.3125
surrogate, 76, 23.0, 0.3125
surrogate, 76, 23.0, 0.3125
surrogate, 76, 23.0, 0.3125
surrogate, 76, 20.0, 0.0625
surrogate, 76, 20.0, 0.0625
surrogate, 76, 20.0, 0.0625
surrogate, 76, 20.0, 0.0625
surrogate, 76, 20.0, 0.0625
surrogate, 76, 20.0, 0.0625
surrogate, 76, 20.0, 0.0625
surrogate, 76, 20.0, 0.0625
surrogate, 76, 20.0, 0.0625
surrogate, 76, 20.0, 0.0625
surrogate, 76, 20.0, 0.0625
surrogate, 76, 20.0, 0.0625
surrogate, 76, 20.0, 0.0625
surrogate, 76, 20.0, 0.0625
surrogate, 76, 20.0, 0.0625
surrogate, 76, 20.0, 0.0625
surrogate, 76, 20.0, 0.0625
surrogate, 76, 20.0, 0.0625
surrogate, 76, 20.0, 0.0625
surrogate, 76, 20.0, 0.0625
surrogate, 76, 20.0, 0.0625
surrogate, 76, 20.0, 0.0625
surrogate, 76, 20.0, 0.0625
surrogate, 76, 20.0, 0.0625
surrogate, 76, 20.0, 0.0625
surrogate, 76, 20.0, 0.0625
surrogate, 76, 20.0, 0.0625
surrogate, 76, 20.0, 0.0625
surrogate, 76, 20.0, 0.0625
surrogate, 76, 20.0, 0.0625
surrogate, 76, 20.0, 0.0625
surrogate, 76, 20.0, 0.0625
surrogate, 76, 20.0, 0.0625
surrogate, 76, 20.0, 0.0625
surrogate, 76, 20.0, 0.0625
surrogate, 76, 20.0, 0.0625
surrogate, 76, 20.0, 0.0625
surrogate, 76, 20.0, 0.0625
surrogate, 76, 20.0, 0.0625
surrogate, 76, 20.0, 0.0625
surrogate, 76, 20.0, 0.0625
surrogate, 76, 20.0, 0.0625
surrogate, 76, 20.0, 0.0625
surrogate, 76, 20.0, 0.0625
surrogate, 76, 20.0, 0.0625
surrogate, 76, 20.0, 0.0625
surrogate, 76, 20.0, 0.0625
surrogate, 76, 20.0, 0.0625
surrogate, 76, 20.0, 0.0625
surrogate, 76, 20.0, 0.0625
surrogate, 76, 20.0, 0.0625
surrogate, 76, 20.0, 0.0625
surrogate, 76, 20.0, 0.0625
surrogate, 76, 20.0, 0.0625
surrogate, 76, 20.0, 0.0625
surrogate, 77, 32.0, 0.9375
surrogate, 77, 32.0, 0.9375
surrogate, 77, 32.0, 0.9375
surrogate, 77, 32.0, 0.9375
surrogate, 77, 31.0, 0.84375
surrogate, 77, 31.0, 0.84375
surrogate, 77, 31.0, 0.84375
surrogate, 77, 31.0, 0.84375
surrogate, 77, 31.0, 0.84375
surrogate, 77, 30.0, 0.71875
surrogate, 77, 30.0, 0.71875
surrogate, 77, 30.0, 0.71875
surrogate, 77, 30.0, 0.71875
surrogate, 77, 30.0, 0.71875
surrogate, 77, 30.0, 0.71875
surrogate, 77, 30.0, 0.71875
surrogate, 77, 30.0, 0.71875
surrogate, 77, 30.0, 0.71875
surrogate, 77, 30.0, 0.71875
surrogate, 77, 30.0, 0.71875
surrogate, 77, 30.0, 0.71875
surrogate, 77, 30.0, 0.71875
surrogate, 77, 28.0, 0.59375
surrogate, 77, 27.0, 0.53125
surrogate, 77, 27.0, 0.53125
surrogate, 77, 27.0, 0.53125
surrogate, 77, 27.0, 0.53125
surrogate, 77, 27.0, 0.53125
surrogate, 77, 27.0, 0.53125
surrogate, 77, 27.0, 0.53125
surrogate, 77, 27.0, 0.53125
surrogate, 77, 27.0, 0.53125
surrogate, 77, 27.0, 0.53125
surrogate, 77, 27.0, 0.53125
surrogate, 77, 27.0, 0.53125
surrogate, 77, 27.0, 0.53125
surrogate, 77, 27.0, 0.53125
surrogate, 77, 27.0, 0.53125
surrogate, 77, 26.0, 0.46875
surrogate, 77, 26.0, 0.46875
surrogate, 77, 26.0, 0.46875
surrogate, 77, 26.0, 0.46875
surrogate, 77, 26.0, 0.46875
surrogate, 77, 26.0, 0.46875
surrogate, 77, 26.0, 0.46875
surrogate, 77, 26.0, 0.46875
surrogate, 77, 26.0, 0.46875
surrogate, 77, 26.0, 0.46875
surrogate, 77, 25.0, 0.40625
surrogate, 77, 25.0, 0.40625
surrogate, 77, 25.0, 0.40625
surrogate, 77, 25.0, 0.40625
surrogate, 77, 25.0, 0.40625
surrogate, 77, 25.0, 0.40625
surrogate, 77, 25.0, 0.40625
surrogate, 77, 25.0, 0.40625
surrogate, 77, 25.0, 0.40625
surrogate, 77, 25.0, 0.40625
surrogate, 77, 25.0, 0.40625
surrogate, 77, 25.0, 0.40625
surrogate, 77, 25.0, 0.40625
surrogate, 77, 25.0, 0.40625
surrogate, 77, 25.0, 0.40625
surrogate, 77, 25.0, 0.40625
surrogate, 77, 25.0, 0.40625
surrogate, 77, 24.0, 0.34375
surrogate, 77, 24.0, 0.34375
surrogate, 77, 24.0, 0.34375
surrogate, 77, 24.0, 0.34375
surrogate, 77, 24.0, 0.34375
surrogate, 77, 24.0, 0.34375
surrogate, 77, 24.0, 0.34375
surrogate, 77, 24.0, 0.34375
surrogate, 77, 24.0, 0.34375
surrogate, 77, 24.0, 0.34375
surrogate, 77, 24.0, 0.34375
surrogate, 77, 24.0, 0.34375
surrogate, 77, 24.0, 0.34375
surrogate, 77, 24.0, 0.34375
surrogate, 77, 24.0, 0.34375
surrogate, 77, 24.0, 0.34375
surrogate, 77, 24.0, 0.34375
surrogate, 77, 24.0, 0.34375
surrogate, 77, 24.0, 0.34375
surrogate, 77, 24.0, 0.34375
surrogate, 77, 24.0, 0.34375
surrogate, 77, 24.0, 0.34375
surrogate, 77, 24.0, 0.34375
surrogate, 77, 24.0, 0.34375
surrogate, 77, 24.0, 0.34375
surrogate, 77, 24.0, 0.34375
surrogate, 77, 24.0, 0.34375
surrogate, 77, 24.0, 0.34375
surrogate, 77, 24.0, 0.34375
surrogate, 77, 24.0, 0.34375
surrogate, 77, 23.0, 0.3125
surrogate, 77, 23.0, 0.3125
surrogate, 77, 23.0, 0.3125
surrogate, 77, 23.0, 0.3125
surrogate, 77, 23.0, 0.3125
surrogate, 77, 23.0, 0.3125
surrogate, 77, 23.0, 0.3125
surrogate, 77, 23.0, 0.3125
surrogate, 77, 23.0, 0.3125
surrogate, 77, 23.0, 0.3125
surrogate, 77, 23.0, 0.3125
surrogate, 77, 23.0, 0.3125
surrogate, 77, 23.0, 0.3125
surrogate, 77, 23.0, 0.3125
surrogate, 77, 23.0, 0.3125
surrogate, 77, 23.0, 0.3125
surrogate, 77, 23.0, 0.3125
surrogate, 77, 23.0, 0.3125
surrogate, 77, 23.0, 0.3125
surrogate, 77, 23.0, 0.3125
surrogate, 77, 23.0, 0.3125
surrogate, 77, 23.0, 0.3125
surrogate, 77, 20.0, 0.0625
surrogate, 77, 20.0, 0.0625
surrogate, 77, 20.0, 0.0625
surrogate, 77, 20.0, 0.0625
surrogate, 77, 20.0, 0.0625
surrogate, 77, 20.0, 0.0625
surrogate, 77, 20.0, 0.0625
surrogate, 77, 20.0, 0.0625
surrogate, 77, 20.0, 0.0625
surrogate, 77, 20.0, 0.0625
surrogate, 77, 20.0, 0.0625
surrogate, 77, 20.0, 0.0625
surrogate, 77, 20.0, 0.0625
surrogate, 77, 20.0, 0.0625
surrogate, 77, 20.0, 0.0625
surrogate, 77, 20.0, 0.0625
surrogate, 77, 20.0, 0.0625
surrogate, 77, 20.0, 0.0625
surrogate, 77, 20.0, 0.0625
surrogate, 77, 20.0, 0.0625
surrogate, 77, 20.0, 0.0625
surrogate, 77, 20.0, 0.0625
surrogate, 77, 20.0, 0.0625
surrogate, 77, 20.0, 0.0625
surrogate, 77, 20.0, 0.0625
surrogate, 77, 20.0, 0.0625
surrogate, 77, 20.0, 0.0625
surrogate, 77, 20.0, 0.0625
surrogate, 77, 20.0, 0.0625
surrogate, 77, 20.0, 0.0625
surrogate, 77, 20.0, 0.0625
surrogate, 77, 20.0, 0.0625
surrogate, 77, 20.0, 0.0625
surrogate, 77, 20.0, 0.0625
surrogate, 77, 20.0, 0.0625
surrogate, 77, 20.0, 0.0625
surrogate, 77, 20.0, 0.0625
surrogate, 77, 20.0, 0.0625
surrogate, 77, 20.0, 0.0625
surrogate, 77, 20.0, 0.0625
surrogate, 77, 20.0, 0.0625
surrogate, 77, 20.0, 0.0625
surrogate, 77, 20.0, 0.0625
surrogate, 77, 20.0, 0.0625
surrogate, 77, 20.0, 0.0625
surrogate, 77, 20.0, 0.0625
surrogate, 77, 20.0, 0.0625
surrogate, 77, 20.0, 0.0625
surrogate, 77, 20.0, 0.0625
surrogate, 77, 20.0, 0.0625
surrogate, 77, 20.0, 0.0625
surrogate, 77, 20.0, 0.0625
surrogate, 77, 20.0, 0.0625
surrogate, 77, 20.0, 0.0625
surrogate, 77, 20.0, 0.0625
surrogate, 78, 32.0, 0.9375
surrogate, 78, 32.0, 0.9375
surrogate, 78, 32.0, 0.9375
surrogate, 78, 32.0, 0.9375
surrogate, 78, 31.0, 0.84375
surrogate, 78, 31.0, 0.84375
surrogate, 78, 31.0, 0.84375
surrogate, 78, 31.0, 0.84375
surrogate, 78, 31.0, 0.84375
surrogate, 78, 30.0, 0.71875
surrogate, 78, 30.0, 0.71875
surrogate, 78, 30.0, 0.71875
surrogate, 78, 30.0, 0.71875
surrogate, 78, 30.0, 0.71875
surrogate, 78, 30.0, 0.71875
surrogate, 78, 30.0, 0.71875
surrogate, 78, 30.0, 0.71875
surrogate, 78, 30.0, 0.71875
surrogate, 78, 30.0, 0.71875
surrogate, 78, 30.0, 0.71875
surrogate, 78, 30.0, 0.71875
surrogate, 78, 30.0, 0.71875
surrogate, 78, 28.0, 0.59375
surrogate, 78, 27.0, 0.53125
surrogate, 78, 27.0, 0.53125
surrogate, 78, 27.0, 0.53125
surrogate, 78, 27.0, 0.53125
surrogate, 78, 27.0, 0.53125
surrogate, 78, 27.0, 0.53125
surrogate, 78, 27.0, 0.53125
surrogate, 78, 27.0, 0.53125
surrogate, 78, 27.0, 0.53125
surrogate, 78, 27.0, 0.53125
surrogate, 78, 27.0, 0.53125
surrogate, 78, 27.0, 0.53125
surrogate, 78, 27.0, 0.53125
surrogate, 78, 27.0, 0.53125
surrogate, 78, 27.0, 0.53125
surrogate, 78, 26.0, 0.46875
surrogate, 78, 26.0, 0.46875
surrogate, 78, 26.0, 0.46875
surrogate, 78, 26.0, 0.46875
surrogate, 78, 26.0, 0.46875
surrogate, 78, 26.0, 0.46875
surrogate, 78, 26.0, 0.46875
surrogate, 78, 26.0, 0.46875
surrogate, 78, 26.0, 0.46875
surrogate, 78, 26.0, 0.46875
surrogate, 78, 26.0, 0.46875
surrogate, 78, 25.0, 0.40625
surrogate, 78, 25.0, 0.40625
surrogate, 78, 25.0, 0.40625
surrogate, 78, 25.0, 0.40625
surrogate, 78, 25.0, 0.40625
surrogate, 78, 25.0, 0.40625
surrogate, 78, 25.0, 0.40625
surrogate, 78, 25.0, 0.40625
surrogate, 78, 25.0, 0.40625
surrogate, 78, 25.0, 0.40625
surrogate, 78, 25.0, 0.40625
surrogate, 78, 25.0, 0.40625
surrogate, 78, 25.0, 0.40625
surrogate, 78, 25.0, 0.40625
surrogate, 78, 25.0, 0.40625
surrogate, 78, 25.0, 0.40625
surrogate, 78, 25.0, 0.40625
surrogate, 78, 24.0, 0.34375
surrogate, 78, 24.0, 0.34375
surrogate, 78, 24.0, 0.34375
surrogate, 78, 24.0, 0.34375
surrogate, 78, 24.0, 0.34375
surrogate, 78, 24.0, 0.34375
surrogate, 78, 24.0, 0.34375
surrogate, 78, 24.0, 0.34375
surrogate, 78, 24.0, 0.34375
surrogate, 78, 24.0, 0.34375
surrogate, 78, 24.0, 0.34375
surrogate, 78, 24.0, 0.34375
surrogate, 78, 24.0, 0.34375
surrogate, 78, 24.0, 0.34375
surrogate, 78, 24.0, 0.34375
surrogate, 78, 24.0, 0.34375
surrogate, 78, 24.0, 0.34375
surrogate, 78, 24.0, 0.34375
surrogate, 78, 24.0, 0.34375
surrogate, 78, 24.0, 0.34375
surrogate, 78, 24.0, 0.34375
surrogate, 78, 24.0, 0.34375
surrogate, 78, 24.0, 0.34375
surrogate, 78, 24.0, 0.34375
surrogate, 78, 24.0, 0.34375
surrogate, 78, 24.0, 0.34375
surrogate, 78, 24.0, 0.34375
surrogate, 78, 24.0, 0.34375
surrogate, 78, 24.0, 0.34375
surrogate, 78, 24.0, 0.34375
surrogate, 78, 24.0, 0.34375
surrogate, 78, 23.0, 0.3125
surrogate, 78, 23.0, 0.3125
surrogate, 78, 23.0, 0.3125
surrogate, 78, 23.0, 0.3125
surrogate, 78, 23.0, 0.3125
surrogate, 78, 23.0, 0.3125
surrogate, 78, 23.0, 0.3125
surrogate, 78, 23.0, 0.3125
surrogate, 78, 23.0, 0.3125
surrogate, 78, 23.0, 0.3125
surrogate, 78, 23.0, 0.3125
surrogate, 78, 23.0, 0.3125
surrogate, 78, 23.0, 0.3125
surrogate, 78, 23.0, 0.3125
surrogate, 78, 23.0, 0.3125
surrogate, 78, 23.0, 0.3125
surrogate, 78, 23.0, 0.3125
surrogate, 78, 23.0, 0.3125
surrogate, 78, 23.0, 0.3125
surrogate, 78, 23.0, 0.3125
surrogate, 78, 23.0, 0.3125
surrogate, 78, 23.0, 0.3125
surrogate, 78, 20.0, 0.0625
surrogate, 78, 20.0, 0.0625
surrogate, 78, 20.0, 0.0625
surrogate, 78, 20.0, 0.0625
surrogate, 78, 20.0, 0.0625
surrogate, 78, 20.0, 0.0625
surrogate, 78, 20.0, 0.0625
surrogate, 78, 20.0, 0.0625
surrogate, 78, 20.0, 0.0625
surrogate, 78, 20.0, 0.0625
surrogate, 78, 20.0, 0.0625
surrogate, 78, 20.0, 0.0625
surrogate, 78, 20.0, 0.0625
surrogate, 78, 20.0, 0.0625
surrogate, 78, 20.0, 0.0625
surrogate, 78, 20.0, 0.0625
surrogate, 78, 20.0, 0.0625
surrogate, 78, 20.0, 0.0625
surrogate, 78, 20.0, 0.0625
surrogate, 78, 20.0, 0.0625
surrogate, 78, 20.0, 0.0625
surrogate, 78, 20.0, 0.0625
surrogate, 78, 20.0, 0.0625
surrogate, 78, 20.0, 0.0625
surrogate, 78, 20.0, 0.0625
surrogate, 78, 20.0, 0.0625
surrogate, 78, 20.0, 0.0625
surrogate, 78, 20.0, 0.0625
surrogate, 78, 20.0, 0.0625
surrogate, 78, 20.0, 0.0625
surrogate, 78, 20.0, 0.0625
surrogate, 78, 20.0, 0.0625
surrogate, 78, 20.0, 0.0625
surrogate, 78, 20.0, 0.0625
surrogate, 78, 20.0, 0.0625
surrogate, 78, 20.0, 0.0625
surrogate, 78, 20.0, 0.0625
surrogate, 78, 20.0, 0.0625
surrogate, 78, 20.0, 0.0625
surrogate, 78, 20.0, 0.0625
surrogate, 78, 20.0, 0.0625
surrogate, 78, 20.0, 0.0625
surrogate, 78, 20.0, 0.0625
surrogate, 78, 20.0, 0.0625
surrogate, 78, 20.0, 0.0625
surrogate, 78, 20.0, 0.0625
surrogate, 78, 20.0, 0.0625
surrogate, 78, 20.0, 0.0625
surrogate, 78, 20.0, 0.0625
surrogate, 78, 20.0, 0.0625
surrogate, 78, 20.0, 0.0625
surrogate, 78, 20.0, 0.0625
surrogate, 78, 20.0, 0.0625
surrogate, 78, 20.0, 0.0625
surrogate, 78, 20.0, 0.0625
surrogate, 79, 32.0, 0.9375
surrogate, 79, 32.0, 0.9375
surrogate, 79, 32.0, 0.9375
surrogate, 79, 32.0, 0.9375
surrogate, 79, 32.0, 0.9375
surrogate, 79, 31.0, 0.84375
surrogate, 79, 31.0, 0.84375
surrogate, 79, 31.0, 0.84375
surrogate, 79, 31.0, 0.84375
surrogate, 79, 31.0, 0.84375
surrogate, 79, 30.0, 0.71875
surrogate, 79, 30.0, 0.71875
surrogate, 79, 30.0, 0.71875
surrogate, 79, 30.0, 0.71875
surrogate, 79, 30.0, 0.71875
surrogate, 79, 30.0, 0.71875
surrogate, 79, 30.0, 0.71875
surrogate, 79, 30.0, 0.71875
surrogate, 79, 30.0, 0.71875
surrogate, 79, 30.0, 0.71875
surrogate, 79, 30.0, 0.71875
surrogate, 79, 30.0, 0.71875
surrogate, 79, 30.0, 0.71875
surrogate, 79, 28.0, 0.59375
surrogate, 79, 27.0, 0.53125
surrogate, 79, 27.0, 0.53125
surrogate, 79, 27.0, 0.53125
surrogate, 79, 27.0, 0.53125
surrogate, 79, 27.0, 0.53125
surrogate, 79, 27.0, 0.53125
surrogate, 79, 27.0, 0.53125
surrogate, 79, 27.0, 0.53125
surrogate, 79, 27.0, 0.53125
surrogate, 79, 27.0, 0.53125
surrogate, 79, 27.0, 0.53125
surrogate, 79, 27.0, 0.53125
surrogate, 79, 27.0, 0.53125
surrogate, 79, 27.0, 0.53125
surrogate, 79, 27.0, 0.53125
surrogate, 79, 26.0, 0.46875
surrogate, 79, 26.0, 0.46875
surrogate, 79, 26.0, 0.46875
surrogate, 79, 26.0, 0.46875
surrogate, 79, 26.0, 0.46875
surrogate, 79, 26.0, 0.46875
surrogate, 79, 26.0, 0.46875
surrogate, 79, 26.0, 0.46875
surrogate, 79, 26.0, 0.46875
surrogate, 79, 26.0, 0.46875
surrogate, 79, 26.0, 0.46875
surrogate, 79, 26.0, 0.46875
surrogate, 79, 25.0, 0.40625
surrogate, 79, 25.0, 0.40625
surrogate, 79, 25.0, 0.40625
surrogate, 79, 25.0, 0.40625
surrogate, 79, 25.0, 0.40625
surrogate, 79, 25.0, 0.40625
surrogate, 79, 25.0, 0.40625
surrogate, 79, 25.0, 0.40625
surrogate, 79, 25.0, 0.40625
surrogate, 79, 25.0, 0.40625
surrogate, 79, 25.0, 0.40625
surrogate, 79, 25.0, 0.40625
surrogate, 79, 25.0, 0.40625
surrogate, 79, 25.0, 0.40625
surrogate, 79, 25.0, 0.40625
surrogate, 79, 25.0, 0.40625
surrogate, 79, 25.0, 0.40625
surrogate, 79, 25.0, 0.40625
surrogate, 79, 24.0, 0.34375
surrogate, 79, 24.0, 0.34375
surrogate, 79, 24.0, 0.34375
surrogate, 79, 24.0, 0.34375
surrogate, 79, 24.0, 0.34375
surrogate, 79, 24.0, 0.34375
surrogate, 79, 24.0, 0.34375
surrogate, 79, 24.0, 0.34375
surrogate, 79, 24.0, 0.34375
surrogate, 79, 24.0, 0.34375
surrogate, 79, 24.0, 0.34375
surrogate, 79, 24.0, 0.34375
surrogate, 79, 24.0, 0.34375
surrogate, 79, 24.0, 0.34375
surrogate, 79, 24.0, 0.34375
surrogate, 79, 24.0, 0.34375
surrogate, 79, 24.0, 0.34375
surrogate, 79, 24.0, 0.34375
surrogate, 79, 24.0, 0.34375
surrogate, 79, 24.0, 0.34375
surrogate, 79, 24.0, 0.34375
surrogate, 79, 24.0, 0.34375
surrogate, 79, 24.0, 0.34375
surrogate, 79, 24.0, 0.34375
surrogate, 79, 24.0, 0.34375
surrogate, 79, 24.0, 0.34375
surrogate, 79, 24.0, 0.34375
surrogate, 79, 24.0, 0.34375
surrogate, 79, 24.0, 0.34375
surrogate, 79, 24.0, 0.34375
surrogate, 79, 24.0, 0.34375
surrogate, 79, 24.0, 0.34375
surrogate, 79, 23.0, 0.3125
surrogate, 79, 23.0, 0.3125
surrogate, 79, 23.0, 0.3125
surrogate, 79, 23.0, 0.3125
surrogate, 79, 23.0, 0.3125
surrogate, 79, 23.0, 0.3125
surrogate, 79, 23.0, 0.3125
surrogate, 79, 23.0, 0.3125
surrogate, 79, 23.0, 0.3125
surrogate, 79, 23.0, 0.3125
surrogate, 79, 23.0, 0.3125
surrogate, 79, 23.0, 0.3125
surrogate, 79, 23.0, 0.3125
surrogate, 79, 23.0, 0.3125
surrogate, 79, 23.0, 0.3125
surrogate, 79, 23.0, 0.3125
surrogate, 79, 23.0, 0.3125
surrogate, 79, 23.0, 0.3125
surrogate, 79, 23.0, 0.3125
surrogate, 79, 23.0, 0.3125
surrogate, 79, 23.0, 0.3125
surrogate, 79, 23.0, 0.3125
surrogate, 79, 23.0, 0.3125
surrogate, 79, 20.0, 0.0625
surrogate, 79, 20.0, 0.0625
surrogate, 79, 20.0, 0.0625
surrogate, 79, 20.0, 0.0625
surrogate, 79, 20.0, 0.0625
surrogate, 79, 20.0, 0.0625
surrogate, 79, 20.0, 0.0625
surrogate, 79, 20.0, 0.0625
surrogate, 79, 20.0, 0.0625
surrogate, 79, 20.0, 0.0625
surrogate, 79, 20.0, 0.0625
surrogate, 79, 20.0, 0.0625
surrogate, 79, 20.0, 0.0625
surrogate, 79, 20.0, 0.0625
surrogate, 79, 20.0, 0.0625
surrogate, 79, 20.0, 0.0625
surrogate, 79, 20.0, 0.0625
surrogate, 79, 20.0, 0.0625
surrogate, 79, 20.0, 0.0625
surrogate, 79, 20.0, 0.0625
surrogate, 79, 20.0, 0.0625
surrogate, 79, 20.0, 0.0625
surrogate, 79, 20.0, 0.0625
surrogate, 79, 20.0, 0.0625
surrogate, 79, 20.0, 0.0625
surrogate, 79, 20.0, 0.0625
surrogate, 79, 20.0, 0.0625
surrogate, 79, 20.0, 0.0625
surrogate, 79, 20.0, 0.0625
surrogate, 79, 20.0, 0.0625
surrogate, 79, 20.0, 0.0625
surrogate, 79, 20.0, 0.0625
surrogate, 79, 20.0, 0.0625
surrogate, 79, 20.0, 0.0625
surrogate, 79, 20.0, 0.0625
surrogate, 79, 20.0, 0.0625
surrogate, 79, 20.0, 0.0625
surrogate, 79, 20.0, 0.0625
surrogate, 79, 20.0, 0.0625
surrogate, 79, 20.0, 0.0625
surrogate, 79, 20.0, 0.0625
surrogate, 79, 20.0, 0.0625
surrogate, 79, 20.0, 0.0625
surrogate, 79, 20.0, 0.0625
surrogate, 79, 20.0, 0.0625
surrogate, 79, 20.0, 0.0625
surrogate, 79, 20.0, 0.0625
surrogate, 79, 20.0, 0.0625
surrogate, 79, 20.0, 0.0625
surrogate, 79, 20.0, 0.0625
surrogate, 79, 20.0, 0.0625
surrogate, 79, 20.0, 0.0625
surrogate, 79, 20.0, 0.0625
surrogate, 79, 20.0, 0.0625
surrogate, 79, 20.0, 0.0625
surrogate, 79, 20.0, 0.0625
surrogate, 80, 32.0, 0.9375
surrogate, 80, 32.0, 0.9375
surrogate, 80, 32.0, 0.9375
surrogate, 80, 32.0, 0.9375
surrogate, 80, 32.0, 0.9375
surrogate, 80, 32.0, 0.9375
surrogate, 80, 31.0, 0.84375
surrogate, 80, 31.0, 0.84375
surrogate, 80, 31.0, 0.84375
surrogate, 80, 31.0, 0.84375
surrogate, 80, 31.0, 0.84375
surrogate, 80, 31.0, 0.84375
surrogate, 80, 30.0, 0.71875
surrogate, 80, 30.0, 0.71875
surrogate, 80, 30.0, 0.71875
surrogate, 80, 30.0, 0.71875
surrogate, 80, 30.0, 0.71875
surrogate, 80, 30.0, 0.71875
surrogate, 80, 30.0, 0.71875
surrogate, 80, 30.0, 0.71875
surrogate, 80, 30.0, 0.71875
surrogate, 80, 30.0, 0.71875
surrogate, 80, 30.0, 0.71875
surrogate, 80, 30.0, 0.71875
surrogate, 80, 30.0, 0.71875
surrogate, 80, 28.0, 0.59375
surrogate, 80, 27.0, 0.53125
surrogate, 80, 27.0, 0.53125
surrogate, 80, 27.0, 0.53125
surrogate, 80, 27.0, 0.53125
surrogate, 80, 27.0, 0.53125
surrogate, 80, 27.0, 0.53125
surrogate, 80, 27.0, 0.53125
surrogate, 80, 27.0, 0.53125
surrogate, 80, 27.0, 0.53125
surrogate, 80, 27.0, 0.53125
surrogate, 80, 27.0, 0.53125
surrogate, 80, 27.0, 0.53125
surrogate, 80, 27.0, 0.53125
surrogate, 80, 27.0, 0.53125
surrogate, 80, 27.0, 0.53125
surrogate, 80, 27.0, 0.53125
surrogate, 80, 26.0, 0.46875
surrogate, 80, 26.0, 0.46875
surrogate, 80, 26.0, 0.46875
surrogate, 80, 26.0, 0.46875
surrogate, 80, 26.0, 0.46875
surrogate, 80, 26.0, 0.46875
surrogate, 80, 26.0, 0.46875
surrogate, 80, 26.0, 0.46875
surrogate, 80, 26.0, 0.46875
surrogate, 80, 26.0, 0.46875
surrogate, 80, 26.0, 0.46875
surrogate, 80, 26.0, 0.46875
surrogate, 80, 25.0, 0.40625
surrogate, 80, 25.0, 0.40625
surrogate, 80, 25.0, 0.40625
surrogate, 80, 25.0, 0.40625
surrogate, 80, 25.0, 0.40625
surrogate, 80, 25.0, 0.40625
surrogate, 80, 25.0, 0.40625
surrogate, 80, 25.0, 0.40625
surrogate, 80, 25.0, 0.40625
surrogate, 80, 25.0, 0.40625
surrogate, 80, 25.0, 0.40625
surrogate, 80, 25.0, 0.40625
surrogate, 80, 25.0, 0.40625
surrogate, 80, 25.0, 0.40625
surrogate, 80, 25.0, 0.40625
surrogate, 80, 25.0, 0.40625
surrogate, 80, 25.0, 0.40625
surrogate, 80, 25.0, 0.40625
surrogate, 80, 24.0, 0.34375
surrogate, 80, 24.0, 0.34375
surrogate, 80, 24.0, 0.34375
surrogate, 80, 24.0, 0.34375
surrogate, 80, 24.0, 0.34375
surrogate, 80, 24.0, 0.34375
surrogate, 80, 24.0, 0.34375
surrogate, 80, 24.0, 0.34375
surrogate, 80, 24.0, 0.34375
surrogate, 80, 24.0, 0.34375
surrogate, 80, 24.0, 0.34375
surrogate, 80, 24.0, 0.34375
surrogate, 80, 24.0, 0.34375
surrogate, 80, 24.0, 0.34375
surrogate, 80, 24.0, 0.34375
surrogate, 80, 24.0, 0.34375
surrogate, 80, 24.0, 0.34375
surrogate, 80, 24.0, 0.34375
surrogate, 80, 24.0, 0.34375
surrogate, 80, 24.0, 0.34375
surrogate, 80, 24.0, 0.34375
surrogate, 80, 24.0, 0.34375
surrogate, 80, 24.0, 0.34375
surrogate, 80, 24.0, 0.34375
surrogate, 80, 24.0, 0.34375
surrogate, 80, 24.0, 0.34375
surrogate, 80, 24.0, 0.34375
surrogate, 80, 24.0, 0.34375
surrogate, 80, 24.0, 0.34375
surrogate, 80, 24.0, 0.34375
surrogate, 80, 24.0, 0.34375
surrogate, 80, 24.0, 0.34375
surrogate, 80, 23.0, 0.3125
surrogate, 80, 23.0, 0.3125
surrogate, 80, 23.0, 0.3125
surrogate, 80, 23.0, 0.3125
surrogate, 80, 23.0, 0.3125
surrogate, 80, 23.0, 0.3125
surrogate, 80, 23.0, 0.3125
surrogate, 80, 23.0, 0.3125
surrogate, 80, 23.0, 0.3125
surrogate, 80, 23.0, 0.3125
surrogate, 80, 23.0, 0.3125
surrogate, 80, 23.0, 0.3125
surrogate, 80, 23.0, 0.3125
surrogate, 80, 23.0, 0.3125
surrogate, 80, 23.0, 0.3125
surrogate, 80, 23.0, 0.3125
surrogate, 80, 23.0, 0.3125
surrogate, 80, 23.0, 0.3125
surrogate, 80, 23.0, 0.3125
surrogate, 80, 23.0, 0.3125
surrogate, 80, 23.0, 0.3125
surrogate, 80, 23.0, 0.3125
surrogate, 80, 23.0, 0.3125
surrogate, 80, 20.0, 0.0625
surrogate, 80, 20.0, 0.0625
surrogate, 80, 20.0, 0.0625
surrogate, 80, 20.0, 0.0625
surrogate, 80, 20.0, 0.0625
surrogate, 80, 20.0, 0.0625
surrogate, 80, 20.0, 0.0625
surrogate, 80, 20.0, 0.0625
surrogate, 80, 20.0, 0.0625
surrogate, 80, 20.0, 0.0625
surrogate, 80, 20.0, 0.0625
surrogate, 80, 20.0, 0.0625
surrogate, 80, 20.0, 0.0625
surrogate, 80, 20.0, 0.0625
surrogate, 80, 20.0, 0.0625
surrogate, 80, 20.0, 0.0625
surrogate, 80, 20.0, 0.0625
surrogate, 80, 20.0, 0.0625
surrogate, 80, 20.0, 0.0625
surrogate, 80, 20.0, 0.0625
surrogate, 80, 20.0, 0.0625
surrogate, 80, 20.0, 0.0625
surrogate, 80, 20.0, 0.0625
surrogate, 80, 20.0, 0.0625
surrogate, 80, 20.0, 0.0625
surrogate, 80, 20.0, 0.0625
surrogate, 80, 20.0, 0.0625
surrogate, 80, 20.0, 0.0625
surrogate, 80, 20.0, 0.0625
surrogate, 80, 20.0, 0.0625
surrogate, 80, 20.0, 0.0625
surrogate, 80, 20.0, 0.0625
surrogate, 80, 20.0, 0.0625
surrogate, 80, 20.0, 0.0625
surrogate, 80, 20.0, 0.0625
surrogate, 80, 20.0, 0.0625
surrogate, 80, 20.0, 0.0625
surrogate, 80, 20.0, 0.0625
surrogate, 80, 20.0, 0.0625
surrogate, 80, 20.0, 0.0625
surrogate, 80, 20.0, 0.0625
surrogate, 80, 20.0, 0.0625
surrogate, 80, 20.0, 0.0625
surrogate, 80, 20.0, 0.0625
surrogate, 80, 20.0, 0.0625
surrogate, 80, 20.0, 0.0625
surrogate, 80, 20.0, 0.0625
surrogate, 80, 20.0, 0.0625
surrogate, 80, 20.0, 0.0625
surrogate, 80, 20.0, 0.0625
surrogate, 80, 20.0, 0.0625
surrogate, 80, 20.0, 0.0625
surrogate, 80, 20.0, 0.0625
surrogate, 80, 20.0, 0.0625
surrogate, 80, 20.0, 0.0625
surrogate, 80, 20.0, 0.0625
surrogate, 80, 20.0, 0.0625
surrogate, 81, 32.0, 0.9375
surrogate, 81, 32.0, 0.9375
surrogate, 81, 32.0, 0.9375
surrogate, 81, 32.0, 0.9375
surrogate, 81, 32.0, 0.9375
surrogate, 81, 32.0, 0.9375
surrogate, 81, 31.0, 0.84375
surrogate, 81, 31.0, 0.84375
surrogate, 81, 31.0, 0.84375
surrogate, 81, 31.0, 0.84375
surrogate, 81, 31.0, 0.84375
surrogate, 81, 31.0, 0.84375
surrogate, 81, 30.0, 0.71875
surrogate, 81, 30.0, 0.71875
surrogate, 81, 30.0, 0.71875
surrogate, 81, 30.0, 0.71875
surrogate, 81, 30.0, 0.71875
surrogate, 81, 30.0, 0.71875
surrogate, 81, 30.0, 0.71875
surrogate, 81, 30.0, 0.71875
surrogate, 81, 30.0, 0.71875
surrogate, 81, 30.0, 0.71875
surrogate, 81, 30.0, 0.71875
surrogate, 81, 30.0, 0.71875
surrogate, 81, 30.0, 0.71875
surrogate, 81, 30.0, 0.71875
surrogate, 81, 28.0, 0.59375
surrogate, 81, 27.0, 0.53125
surrogate, 81, 27.0, 0.53125
surrogate, 81, 27.0, 0.53125
surrogate, 81, 27.0, 0.53125
surrogate, 81, 27.0, 0.53125
surrogate, 81, 27.0, 0.53125
surrogate, 81, 27.0, 0.53125
surrogate, 81, 27.0, 0.53125
surrogate, 81, 27.0, 0.53125
surrogate, 81, 27.0, 0.53125
surrogate, 81, 27.0, 0.53125
surrogate, 81, 27.0, 0.53125
surrogate, 81, 27.0, 0.53125
surrogate, 81, 27.0, 0.53125
surrogate, 81, 27.0, 0.53125
surrogate, 81, 27.0, 0.53125
surrogate, 81, 27.0, 0.53125
surrogate, 81, 26.0, 0.46875
surrogate, 81, 26.0, 0.46875
surrogate, 81, 26.0, 0.46875
surrogate, 81, 26.0, 0.46875
surrogate, 81, 26.0, 0.46875
surrogate, 81, 26.0, 0.46875
surrogate, 81, 26.0, 0.46875
surrogate, 81, 26.0, 0.46875
surrogate, 81, 26.0, 0.46875
surrogate, 81, 26.0, 0.46875
surrogate, 81, 26.0, 0.46875
surrogate, 81, 26.0, 0.46875
surrogate, 81, 25.0, 0.40625
surrogate, 81, 25.0, 0.40625
surrogate, 81, 25.0, 0.40625
surrogate, 81, 25.0, 0.40625
surrogate, 81, 25.0, 0.40625
surrogate, 81, 25.0, 0.40625
surrogate, 81, 25.0, 0.40625
surrogate, 81, 25.0, 0.40625
surrogate, 81, 25.0, 0.40625
surrogate, 81, 25.0, 0.40625
surrogate, 81, 25.0, 0.40625
surrogate, 81, 25.0, 0.40625
surrogate, 81, 25.0, 0.40625
surrogate, 81, 25.0, 0.40625
surrogate, 81, 25.0, 0.40625
surrogate, 81, 25.0, 0.40625
surrogate, 81, 25.0, 0.40625
surrogate, 81, 25.0, 0.40625
surrogate, 81, 25.0, 0.40625
surrogate, 81, 24.0, 0.34375
surrogate, 81, 24.0, 0.34375
surrogate, 81, 24.0, 0.34375
surrogate, 81, 24.0, 0.34375
surrogate, 81, 24.0, 0.34375
surrogate, 81, 24.0, 0.34375
surrogate, 81, 24.0, 0.34375
surrogate, 81, 24.0, 0.34375
surrogate, 81, 24.0, 0.34375
surrogate, 81, 24.0, 0.34375
surrogate, 81, 24.0, 0.34375
surrogate, 81, 24.0, 0.34375
surrogate, 81, 24.0, 0.34375
surrogate, 81, 24.0, 0.34375
surrogate, 81, 24.0, 0.34375
surrogate, 81, 24.0, 0.34375
surrogate, 81, 24.0, 0.34375
surrogate, 81, 24.0, 0.34375
surrogate, 81, 24.0, 0.34375
surrogate, 81, 24.0, 0.34375
surrogate, 81, 24.0, 0.34375
surrogate, 81, 24.0, 0.34375
surrogate, 81, 24.0, 0.34375
surrogate, 81, 24.0, 0.34375
surrogate, 81, 24.0, 0.34375
surrogate, 81, 24.0, 0.34375
surrogate, 81, 24.0, 0.34375
surrogate, 81, 24.0, 0.34375
surrogate, 81, 24.0, 0.34375
surrogate, 81, 24.0, 0.34375
surrogate, 81, 24.0, 0.34375
surrogate, 81, 24.0, 0.34375
surrogate, 81, 24.0, 0.34375
surrogate, 81, 23.0, 0.3125
surrogate, 81, 23.0, 0.3125
surrogate, 81, 23.0, 0.3125
surrogate, 81, 23.0, 0.3125
surrogate, 81, 23.0, 0.3125
surrogate, 81, 23.0, 0.3125
surrogate, 81, 23.0, 0.3125
surrogate, 81, 23.0, 0.3125
surrogate, 81, 23.0, 0.3125
surrogate, 81, 23.0, 0.3125
surrogate, 81, 23.0, 0.3125
surrogate, 81, 23.0, 0.3125
surrogate, 81, 23.0, 0.3125
surrogate, 81, 23.0, 0.3125
surrogate, 81, 23.0, 0.3125
surrogate, 81, 23.0, 0.3125
surrogate, 81, 23.0, 0.3125
surrogate, 81, 23.0, 0.3125
surrogate, 81, 23.0, 0.3125
surrogate, 81, 23.0, 0.3125
surrogate, 81, 23.0, 0.3125
surrogate, 81, 23.0, 0.3125
surrogate, 81, 23.0, 0.3125
surrogate, 81, 20.0, 0.0625
surrogate, 81, 20.0, 0.0625
surrogate, 81, 20.0, 0.0625
surrogate, 81, 20.0, 0.0625
surrogate, 81, 20.0, 0.0625
surrogate, 81, 20.0, 0.0625
surrogate, 81, 20.0, 0.0625
surrogate, 81, 20.0, 0.0625
surrogate, 81, 20.0, 0.0625
surrogate, 81, 20.0, 0.0625
surrogate, 81, 20.0, 0.0625
surrogate, 81, 20.0, 0.0625
surrogate, 81, 20.0, 0.0625
surrogate, 81, 20.0, 0.0625
surrogate, 81, 20.0, 0.0625
surrogate, 81, 20.0, 0.0625
surrogate, 81, 20.0, 0.0625
surrogate, 81, 20.0, 0.0625
surrogate, 81, 20.0, 0.0625
surrogate, 81, 20.0, 0.0625
surrogate, 81, 20.0, 0.0625
surrogate, 81, 20.0, 0.0625
surrogate, 81, 20.0, 0.0625
surrogate, 81, 20.0, 0.0625
surrogate, 81, 20.0, 0.0625
surrogate, 81, 20.0, 0.0625
surrogate, 81, 20.0, 0.0625
surrogate, 81, 20.0, 0.0625
surrogate, 81, 20.0, 0.0625
surrogate, 81, 20.0, 0.0625
surrogate, 81, 20.0, 0.0625
surrogate, 81, 20.0, 0.0625
surrogate, 81, 20.0, 0.0625
surrogate, 81, 20.0, 0.0625
surrogate, 81, 20.0, 0.0625
surrogate, 81, 20.0, 0.0625
surrogate, 81, 20.0, 0.0625
surrogate, 81, 20.0, 0.0625
surrogate, 81, 20.0, 0.0625
surrogate, 81, 20.0, 0.0625
surrogate, 81, 20.0, 0.0625
surrogate, 81, 20.0, 0.0625
surrogate, 81, 20.0, 0.0625
surrogate, 81, 20.0, 0.0625
surrogate, 81, 20.0, 0.0625
surrogate, 81, 20.0, 0.0625
surrogate, 81, 20.0, 0.0625
surrogate, 81, 20.0, 0.0625
surrogate, 81, 20.0, 0.0625
surrogate, 81, 20.0, 0.0625
surrogate, 81, 20.0, 0.0625
surrogate, 81, 20.0, 0.0625
surrogate, 81, 20.0, 0.0625
surrogate, 81, 20.0, 0.0625
surrogate, 81, 20.0, 0.0625
surrogate, 81, 20.0, 0.0625
surrogate, 81, 20.0, 0.0625
surrogate, 81, 20.0, 0.0625
surrogate, 82, 32.0, 0.9375
surrogate, 82, 32.0, 0.9375
surrogate, 82, 32.0, 0.9375
surrogate, 82, 32.0, 0.9375
surrogate, 82, 32.0, 0.9375
surrogate, 82, 32.0, 0.9375
surrogate, 82, 31.0, 0.84375
surrogate, 82, 31.0, 0.84375
surrogate, 82, 31.0, 0.84375
surrogate, 82, 31.0, 0.84375
surrogate, 82, 31.0, 0.84375
surrogate, 82, 31.0, 0.84375
surrogate, 82, 30.0, 0.71875
surrogate, 82, 30.0, 0.71875
surrogate, 82, 30.0, 0.71875
surrogate, 82, 30.0, 0.71875
surrogate, 82, 30.0, 0.71875
surrogate, 82, 30.0, 0.71875
surrogate, 82, 30.0, 0.71875
surrogate, 82, 30.0, 0.71875
surrogate, 82, 30.0, 0.71875
surrogate, 82, 30.0, 0.71875
surrogate, 82, 30.0, 0.71875
surrogate, 82, 30.0, 0.71875
surrogate, 82, 30.0, 0.71875
surrogate, 82, 30.0, 0.71875
surrogate, 82, 28.0, 0.59375
surrogate, 82, 27.0, 0.53125
surrogate, 82, 27.0, 0.53125
surrogate, 82, 27.0, 0.53125
surrogate, 82, 27.0, 0.53125
surrogate, 82, 27.0, 0.53125
surrogate, 82, 27.0, 0.53125
surrogate, 82, 27.0, 0.53125
surrogate, 82, 27.0, 0.53125
surrogate, 82, 27.0, 0.53125
surrogate, 82, 27.0, 0.53125
surrogate, 82, 27.0, 0.53125
surrogate, 82, 27.0, 0.53125
surrogate, 82, 27.0, 0.53125
surrogate, 82, 27.0, 0.53125
surrogate, 82, 27.0, 0.53125
surrogate, 82, 27.0, 0.53125
surrogate, 82, 27.0, 0.53125
surrogate, 82, 26.0, 0.46875
surrogate, 82, 26.0, 0.46875
surrogate, 82, 26.0, 0.46875
surrogate, 82, 26.0, 0.46875
surrogate, 82, 26.0, 0.46875
surrogate, 82, 26.0, 0.46875
surrogate, 82, 26.0, 0.46875
surrogate, 82, 26.0, 0.46875
surrogate, 82, 26.0, 0.46875
surrogate, 82, 26.0, 0.46875
surrogate, 82, 26.0, 0.46875
surrogate, 82, 26.0, 0.46875
surrogate, 82, 26.0, 0.46875
surrogate, 82, 25.0, 0.40625
surrogate, 82, 25.0, 0.40625
surrogate, 82, 25.0, 0.40625
surrogate, 82, 25.0, 0.40625
surrogate, 82, 25.0, 0.40625
surrogate, 82, 25.0, 0.40625
surrogate, 82, 25.0, 0.40625
surrogate, 82, 25.0, 0.40625
surrogate, 82, 25.0, 0.40625
surrogate, 82, 25.0, 0.40625
surrogate, 82, 25.0, 0.40625
surrogate, 82, 25.0, 0.40625
surrogate, 82, 25.0, 0.40625
surrogate, 82, 25.0, 0.40625
surrogate, 82, 25.0, 0.40625
surrogate, 82, 25.0, 0.40625
surrogate, 82, 25.0, 0.40625
surrogate, 82, 25.0, 0.40625
surrogate, 82, 25.0, 0.40625
surrogate, 82, 24.0, 0.34375
surrogate, 82, 24.0, 0.34375
surrogate, 82, 24.0, 0.34375
surrogate, 82, 24.0, 0.34375
surrogate, 82, 24.0, 0.34375
surrogate, 82, 24.0, 0.34375
surrogate, 82, 24.0, 0.34375
surrogate, 82, 24.0, 0.34375
surrogate, 82, 24.0, 0.34375
surrogate, 82, 24.0, 0.34375
surrogate, 82, 24.0, 0.34375
surrogate, 82, 24.0, 0.34375
surrogate, 82, 24.0, 0.34375
surrogate, 82, 24.0, 0.34375
surrogate, 82, 24.0, 0.34375
surrogate, 82, 24.0, 0.34375
surrogate, 82, 24.0, 0.34375
surrogate, 82, 24.0, 0.34375
surrogate, 82, 24.0, 0.34375
surrogate, 82, 24.0, 0.34375
surrogate, 82, 24.0, 0.34375
surrogate, 82, 24.0, 0.34375
surrogate, 82, 24.0, 0.34375
surrogate, 82, 24.0, 0.34375
surrogate, 82, 24.0, 0.34375
surrogate, 82, 24.0, 0.34375
surrogate, 82, 24.0, 0.34375
surrogate, 82, 24.0, 0.34375
surrogate, 82, 24.0, 0.34375
surrogate, 82, 24.0, 0.34375
surrogate, 82, 24.0, 0.34375
surrogate, 82, 24.0, 0.34375
surrogate, 82, 24.0, 0.34375
surrogate, 82, 24.0, 0.34375
surrogate, 82, 23.0, 0.3125
surrogate, 82, 23.0, 0.3125
surrogate, 82, 23.0, 0.3125
surrogate, 82, 23.0, 0.3125
surrogate, 82, 23.0, 0.3125
surrogate, 82, 23.0, 0.3125
surrogate, 82, 23.0, 0.3125
surrogate, 82, 23.0, 0.3125
surrogate, 82, 23.0, 0.3125
surrogate, 82, 23.0, 0.3125
surrogate, 82, 23.0, 0.3125
surrogate, 82, 23.0, 0.3125
surrogate, 82, 23.0, 0.3125
surrogate, 82, 23.0, 0.3125
surrogate, 82, 23.0, 0.3125
surrogate, 82, 23.0, 0.3125
surrogate, 82, 23.0, 0.3125
surrogate, 82, 23.0, 0.3125
surrogate, 82, 23.0, 0.3125
surrogate, 82, 23.0, 0.3125
surrogate, 82, 23.0, 0.3125
surrogate, 82, 23.0, 0.3125
surrogate, 82, 23.0, 0.3125
surrogate, 82, 20.0, 0.0625
surrogate, 82, 20.0, 0.0625
surrogate, 82, 20.0, 0.0625
surrogate, 82, 20.0, 0.0625
surrogate, 82, 20.0, 0.0625
surrogate, 82, 20.0, 0.0625
surrogate, 82, 20.0, 0.0625
surrogate, 82, 20.0, 0.0625
surrogate, 82, 20.0, 0.0625
surrogate, 82, 20.0, 0.0625
surrogate, 82, 20.0, 0.0625
surrogate, 82, 20.0, 0.0625
surrogate, 82, 20.0, 0.0625
surrogate, 82, 20.0, 0.0625
surrogate, 82, 20.0, 0.0625
surrogate, 82, 20.0, 0.0625
surrogate, 82, 20.0, 0.0625
surrogate, 82, 20.0, 0.0625
surrogate, 82, 20.0, 0.0625
surrogate, 82, 20.0, 0.0625
surrogate, 82, 20.0, 0.0625
surrogate, 82, 20.0, 0.0625
surrogate, 82, 20.0, 0.0625
surrogate, 82, 20.0, 0.0625
surrogate, 82, 20.0, 0.0625
surrogate, 82, 20.0, 0.0625
surrogate, 82, 20.0, 0.0625
surrogate, 82, 20.0, 0.0625
surrogate, 82, 20.0, 0.0625
surrogate, 82, 20.0, 0.0625
surrogate, 82, 20.0, 0.0625
surrogate, 82, 20.0, 0.0625
surrogate, 82, 20.0, 0.0625
surrogate, 82, 20.0, 0.0625
surrogate, 82, 20.0, 0.0625
surrogate, 82, 20.0, 0.0625
surrogate, 82, 20.0, 0.0625
surrogate, 82, 20.0, 0.0625
surrogate, 82, 20.0, 0.0625
surrogate, 82, 20.0, 0.0625
surrogate, 82, 20.0, 0.0625
surrogate, 82, 20.0, 0.0625
surrogate, 82, 20.0, 0.0625
surrogate, 82, 20.0, 0.0625
surrogate, 82, 20.0, 0.0625
surrogate, 82, 20.0, 0.0625
surrogate, 82, 20.0, 0.0625
surrogate, 82, 20.0, 0.0625
surrogate, 82, 20.0, 0.0625
surrogate, 82, 20.0, 0.0625
surrogate, 82, 20.0, 0.0625
surrogate, 82, 20.0, 0.0625
surrogate, 82, 20.0, 0.0625
surrogate, 82, 20.0, 0.0625
surrogate, 82, 20.0, 0.0625
surrogate, 82, 20.0, 0.0625
surrogate, 82, 20.0, 0.0625
surrogate, 82, 20.0, 0.0625
surrogate, 83, 32.0, 0.9375
surrogate, 83, 32.0, 0.9375
surrogate, 83, 32.0, 0.9375
surrogate, 83, 32.0, 0.9375
surrogate, 83, 32.0, 0.9375
surrogate, 83, 32.0, 0.9375
surrogate, 83, 31.0, 0.84375
surrogate, 83, 31.0, 0.84375
surrogate, 83, 31.0, 0.84375
surrogate, 83, 31.0, 0.84375
surrogate, 83, 31.0, 0.84375
surrogate, 83, 31.0, 0.84375
surrogate, 83, 30.0, 0.71875
surrogate, 83, 30.0, 0.71875
surrogate, 83, 30.0, 0.71875
surrogate, 83, 30.0, 0.71875
surrogate, 83, 30.0, 0.71875
surrogate, 83, 30.0, 0.71875
surrogate, 83, 30.0, 0.71875
surrogate, 83, 30.0, 0.71875
surrogate, 83, 30.0, 0.71875
surrogate, 83, 30.0, 0.71875
surrogate, 83, 30.0, 0.71875
surrogate, 83, 30.0, 0.71875
surrogate, 83, 30.0, 0.71875
surrogate, 83, 30.0, 0.71875
surrogate, 83, 28.0, 0.59375
surrogate, 83, 27.0, 0.53125
surrogate, 83, 27.0, 0.53125
surrogate, 83, 27.0, 0.53125
surrogate, 83, 27.0, 0.53125
surrogate, 83, 27.0, 0.53125
surrogate, 83, 27.0, 0.53125
surrogate, 83, 27.0, 0.53125
surrogate, 83, 27.0, 0.53125
surrogate, 83, 27.0, 0.53125
surrogate, 83, 27.0, 0.53125
surrogate, 83, 27.0, 0.53125
surrogate, 83, 27.0, 0.53125
surrogate, 83, 27.0, 0.53125
surrogate, 83, 27.0, 0.53125
surrogate, 83, 27.0, 0.53125
surrogate, 83, 27.0, 0.53125
surrogate, 83, 27.0, 0.53125
surrogate, 83, 26.0, 0.46875
surrogate, 83, 26.0, 0.46875
surrogate, 83, 26.0, 0.46875
surrogate, 83, 26.0, 0.46875
surrogate, 83, 26.0, 0.46875
surrogate, 83, 26.0, 0.46875
surrogate, 83, 26.0, 0.46875
surrogate, 83, 26.0, 0.46875
surrogate, 83, 26.0, 0.46875
surrogate, 83, 26.0, 0.46875
surrogate, 83, 26.0, 0.46875
surrogate, 83, 26.0, 0.46875
surrogate, 83, 26.0, 0.46875
surrogate, 83, 26.0, 0.46875
surrogate, 83, 25.0, 0.40625
surrogate, 83, 25.0, 0.40625
surrogate, 83, 25.0, 0.40625
surrogate, 83, 25.0, 0.40625
surrogate, 83, 25.0, 0.40625
surrogate, 83, 25.0, 0.40625
surrogate, 83, 25.0, 0.40625
surrogate, 83, 25.0, 0.40625
surrogate, 83, 25.0, 0.40625
surrogate, 83, 25.0, 0.40625
surrogate, 83, 25.0, 0.40625
surrogate, 83, 25.0, 0.40625
surrogate, 83, 25.0, 0.40625
surrogate, 83, 25.0, 0.40625
surrogate, 83, 25.0, 0.40625
surrogate, 83, 25.0, 0.40625
surrogate, 83, 25.0, 0.40625
surrogate, 83, 25.0, 0.40625
surrogate, 83, 25.0, 0.40625
surrogate, 83, 25.0, 0.40625
surrogate, 83, 24.0, 0.34375
surrogate, 83, 24.0, 0.34375
surrogate, 83, 24.0, 0.34375
surrogate, 83, 24.0, 0.34375
surrogate, 83, 24.0, 0.34375
surrogate, 83, 24.0, 0.34375
surrogate, 83, 24.0, 0.34375
surrogate, 83, 24.0, 0.34375
surrogate, 83, 24.0, 0.34375
surrogate, 83, 24.0, 0.34375
surrogate, 83, 24.0, 0.34375
surrogate, 83, 24.0, 0.34375
surrogate, 83, 24.0, 0.34375
surrogate, 83, 24.0, 0.34375
surrogate, 83, 24.0, 0.34375
surrogate, 83, 24.0, 0.34375
surrogate, 83, 24.0, 0.34375
surrogate, 83, 24.0, 0.34375
surrogate, 83, 24.0, 0.34375
surrogate, 83, 24.0, 0.34375
surrogate, 83, 24.0, 0.34375
surrogate, 83, 24.0, 0.34375
surrogate, 83, 24.0, 0.34375
surrogate, 83, 24.0, 0.34375
surrogate, 83, 24.0, 0.34375
surrogate, 83, 24.0, 0.34375
surrogate, 83, 24.0, 0.34375
surrogate, 83, 24.0, 0.34375
surrogate, 83, 24.0, 0.34375
surrogate, 83, 24.0, 0.34375
surrogate, 83, 24.0, 0.34375
surrogate, 83, 24.0, 0.34375
surrogate, 83, 24.0, 0.34375
surrogate, 83, 24.0, 0.34375
surrogate, 83, 24.0, 0.34375
surrogate, 83, 23.0, 0.3125
surrogate, 83, 23.0, 0.3125
surrogate, 83, 23.0, 0.3125
surrogate, 83, 23.0, 0.3125
surrogate, 83, 23.0, 0.3125
surrogate, 83, 23.0, 0.3125
surrogate, 83, 23.0, 0.3125
surrogate, 83, 23.0, 0.3125
surrogate, 83, 23.0, 0.3125
surrogate, 83, 23.0, 0.3125
surrogate, 83, 23.0, 0.3125
surrogate, 83, 23.0, 0.3125
surrogate, 83, 23.0, 0.3125
surrogate, 83, 23.0, 0.3125
surrogate, 83, 23.0, 0.3125
surrogate, 83, 23.0, 0.3125
surrogate, 83, 23.0, 0.3125
surrogate, 83, 23.0, 0.3125
surrogate, 83, 23.0, 0.3125
surrogate, 83, 23.0, 0.3125
surrogate, 83, 23.0, 0.3125
surrogate, 83, 23.0, 0.3125
surrogate, 83, 23.0, 0.3125
surrogate, 83, 20.0, 0.0625
surrogate, 83, 20.0, 0.0625
surrogate, 83, 20.0, 0.0625
surrogate, 83, 20.0, 0.0625
surrogate, 83, 20.0, 0.0625
surrogate, 83, 20.0, 0.0625
surrogate, 83, 20.0, 0.0625
surrogate, 83, 20.0, 0.0625
surrogate, 83, 20.0, 0.0625
surrogate, 83, 20.0, 0.0625
surrogate, 83, 20.0, 0.0625
surrogate, 83, 20.0, 0.0625
surrogate, 83, 20.0, 0.0625
surrogate, 83, 20.0, 0.0625
surrogate, 83, 20.0, 0.0625
surrogate, 83, 20.0, 0.0625
surrogate, 83, 20.0, 0.0625
surrogate, 83, 20.0, 0.0625
surrogate, 83, 20.0, 0.0625
surrogate, 83, 20.0, 0.0625
surrogate, 83, 20.0, 0.0625
surrogate, 83, 20.0, 0.0625
surrogate, 83, 20.0, 0.0625
surrogate, 83, 20.0, 0.0625
surrogate, 83, 20.0, 0.0625
surrogate, 83, 20.0, 0.0625
surrogate, 83, 20.0, 0.0625
surrogate, 83, 20.0, 0.0625
surrogate, 83, 20.0, 0.0625
surrogate, 83, 20.0, 0.0625
surrogate, 83, 20.0, 0.0625
surrogate, 83, 20.0, 0.0625
surrogate, 83, 20.0, 0.0625
surrogate, 83, 20.0, 0.0625
surrogate, 83, 20.0, 0.0625
surrogate, 83, 20.0, 0.0625
surrogate, 83, 20.0, 0.0625
surrogate, 83, 20.0, 0.0625
surrogate, 83, 20.0, 0.0625
surrogate, 83, 20.0, 0.0625
surrogate, 83, 20.0, 0.0625
surrogate, 83, 20.0, 0.0625
surrogate, 83, 20.0, 0.0625
surrogate, 83, 20.0, 0.0625
surrogate, 83, 20.0, 0.0625
surrogate, 83, 20.0, 0.0625
surrogate, 83, 20.0, 0.0625
surrogate, 83, 20.0, 0.0625
surrogate, 83, 20.0, 0.0625
surrogate, 83, 20.0, 0.0625
surrogate, 83, 20.0, 0.0625
surrogate, 83, 20.0, 0.0625
surrogate, 83, 20.0, 0.0625
surrogate, 83, 20.0, 0.0625
surrogate, 83, 20.0, 0.0625
surrogate, 83, 20.0, 0.0625
surrogate, 83, 20.0, 0.0625
surrogate, 83, 20.0, 0.0625
surrogate, 83, 20.0, 0.0625
surrogate, 84, 32.0, 0.9375
surrogate, 84, 32.0, 0.9375
surrogate, 84, 32.0, 0.9375
surrogate, 84, 32.0, 0.9375
surrogate, 84, 32.0, 0.9375
surrogate, 84, 32.0, 0.9375
surrogate, 84, 31.0, 0.84375
surrogate, 84, 31.0, 0.84375
surrogate, 84, 31.0, 0.84375
surrogate, 84, 31.0, 0.84375
surrogate, 84, 31.0, 0.84375
surrogate, 84, 31.0, 0.84375
surrogate, 84, 30.0, 0.71875
surrogate, 84, 30.0, 0.71875
surrogate, 84, 30.0, 0.71875
surrogate, 84, 30.0, 0.71875
surrogate, 84, 30.0, 0.71875
surrogate, 84, 30.0, 0.71875
surrogate, 84, 30.0, 0.71875
surrogate, 84, 30.0, 0.71875
surrogate, 84, 30.0, 0.71875
surrogate, 84, 30.0, 0.71875
surrogate, 84, 30.0, 0.71875
surrogate, 84, 30.0, 0.71875
surrogate, 84, 30.0, 0.71875
surrogate, 84, 30.0, 0.71875
surrogate, 84, 30.0, 0.71875
surrogate, 84, 28.0, 0.59375
surrogate, 84, 27.0, 0.53125
surrogate, 84, 27.0, 0.53125
surrogate, 84, 27.0, 0.53125
surrogate, 84, 27.0, 0.53125
surrogate, 84, 27.0, 0.53125
surrogate, 84, 27.0, 0.53125
surrogate, 84, 27.0, 0.53125
surrogate, 84, 27.0, 0.53125
surrogate, 84, 27.0, 0.53125
surrogate, 84, 27.0, 0.53125
surrogate, 84, 27.0, 0.53125
surrogate, 84, 27.0, 0.53125
surrogate, 84, 27.0, 0.53125
surrogate, 84, 27.0, 0.53125
surrogate, 84, 27.0, 0.53125
surrogate, 84, 27.0, 0.53125
surrogate, 84, 27.0, 0.53125
surrogate, 84, 27.0, 0.53125
surrogate, 84, 26.0, 0.46875
surrogate, 84, 26.0, 0.46875
surrogate, 84, 26.0, 0.46875
surrogate, 84, 26.0, 0.46875
surrogate, 84, 26.0, 0.46875
surrogate, 84, 26.0, 0.46875
surrogate, 84, 26.0, 0.46875
surrogate, 84, 26.0, 0.46875
surrogate, 84, 26.0, 0.46875
surrogate, 84, 26.0, 0.46875
surrogate, 84, 26.0, 0.46875
surrogate, 84, 26.0, 0.46875
surrogate, 84, 26.0, 0.46875
surrogate, 84, 26.0, 0.46875
surrogate, 84, 26.0, 0.46875
surrogate, 84, 25.0, 0.40625
surrogate, 84, 25.0, 0.40625
surrogate, 84, 25.0, 0.40625
surrogate, 84, 25.0, 0.40625
surrogate, 84, 25.0, 0.40625
surrogate, 84, 25.0, 0.40625
surrogate, 84, 25.0, 0.40625
surrogate, 84, 25.0, 0.40625
surrogate, 84, 25.0, 0.40625
surrogate, 84, 25.0, 0.40625
surrogate, 84, 25.0, 0.40625
surrogate, 84, 25.0, 0.40625
surrogate, 84, 25.0, 0.40625
surrogate, 84, 25.0, 0.40625
surrogate, 84, 25.0, 0.40625
surrogate, 84, 25.0, 0.40625
surrogate, 84, 25.0, 0.40625
surrogate, 84, 25.0, 0.40625
surrogate, 84, 25.0, 0.40625
surrogate, 84, 25.0, 0.40625
surrogate, 84, 25.0, 0.40625
surrogate, 84, 24.0, 0.34375
surrogate, 84, 24.0, 0.34375
surrogate, 84, 24.0, 0.34375
surrogate, 84, 24.0, 0.34375
surrogate, 84, 24.0, 0.34375
surrogate, 84, 24.0, 0.34375
surrogate, 84, 24.0, 0.34375
surrogate, 84, 24.0, 0.34375
surrogate, 84, 24.0, 0.34375
surrogate, 84, 24.0, 0.34375
surrogate, 84, 24.0, 0.34375
surrogate, 84, 24.0, 0.34375
surrogate, 84, 24.0, 0.34375
surrogate, 84, 24.0, 0.34375
surrogate, 84, 24.0, 0.34375
surrogate, 84, 24.0, 0.34375
surrogate, 84, 24.0, 0.34375
surrogate, 84, 24.0, 0.34375
surrogate, 84, 24.0, 0.34375
surrogate, 84, 24.0, 0.34375
surrogate, 84, 24.0, 0.34375
surrogate, 84, 24.0, 0.34375
surrogate, 84, 24.0, 0.34375
surrogate, 84, 24.0, 0.34375
surrogate, 84, 24.0, 0.34375
surrogate, 84, 24.0, 0.34375
surrogate, 84, 24.0, 0.34375
surrogate, 84, 24.0, 0.34375
surrogate, 84, 24.0, 0.34375
surrogate, 84, 24.0, 0.34375
surrogate, 84, 24.0, 0.34375
surrogate, 84, 24.0, 0.34375
surrogate, 84, 24.0, 0.34375
surrogate, 84, 24.0, 0.34375
surrogate, 84, 24.0, 0.34375
surrogate, 84, 23.0, 0.3125
surrogate, 84, 23.0, 0.3125
surrogate, 84, 23.0, 0.3125
surrogate, 84, 23.0, 0.3125
surrogate, 84, 23.0, 0.3125
surrogate, 84, 23.0, 0.3125
surrogate, 84, 23.0, 0.3125
surrogate, 84, 23.0, 0.3125
surrogate, 84, 23.0, 0.3125
surrogate, 84, 23.0, 0.3125
surrogate, 84, 23.0, 0.3125
surrogate, 84, 23.0, 0.3125
surrogate, 84, 23.0, 0.3125
surrogate, 84, 23.0, 0.3125
surrogate, 84, 23.0, 0.3125
surrogate, 84, 23.0, 0.3125
surrogate, 84, 23.0, 0.3125
surrogate, 84, 23.0, 0.3125
surrogate, 84, 23.0, 0.3125
surrogate, 84, 23.0, 0.3125
surrogate, 84, 23.0, 0.3125
surrogate, 84, 23.0, 0.3125
surrogate, 84, 23.0, 0.3125
surrogate, 84, 23.0, 0.3125
surrogate, 84, 20.0, 0.0625
surrogate, 84, 20.0, 0.0625
surrogate, 84, 20.0, 0.0625
surrogate, 84, 20.0, 0.0625
surrogate, 84, 20.0, 0.0625
surrogate, 84, 20.0, 0.0625
surrogate, 84, 20.0, 0.0625
surrogate, 84, 20.0, 0.0625
surrogate, 84, 20.0, 0.0625
surrogate, 84, 20.0, 0.0625
surrogate, 84, 20.0, 0.0625
surrogate, 84, 20.0, 0.0625
surrogate, 84, 20.0, 0.0625
surrogate, 84, 20.0, 0.0625
surrogate, 84, 20.0, 0.0625
surrogate, 84, 20.0, 0.0625
surrogate, 84, 20.0, 0.0625
surrogate, 84, 20.0, 0.0625
surrogate, 84, 20.0, 0.0625
surrogate, 84, 20.0, 0.0625
surrogate, 84, 20.0, 0.0625
surrogate, 84, 20.0, 0.0625
surrogate, 84, 20.0, 0.0625
surrogate, 84, 20.0, 0.0625
surrogate, 84, 20.0, 0.0625
surrogate, 84, 20.0, 0.0625
surrogate, 84, 20.0, 0.0625
surrogate, 84, 20.0, 0.0625
surrogate, 84, 20.0, 0.0625
surrogate, 84, 20.0, 0.0625
surrogate, 84, 20.0, 0.0625
surrogate, 84, 20.0, 0.0625
surrogate, 84, 20.0, 0.0625
surrogate, 84, 20.0, 0.0625
surrogate, 84, 20.0, 0.0625
surrogate, 84, 20.0, 0.0625
surrogate, 84, 20.0, 0.0625
surrogate, 84, 20.0, 0.0625
surrogate, 84, 20.0, 0.0625
surrogate, 84, 20.0, 0.0625
surrogate, 84, 20.0, 0.0625
surrogate, 84, 20.0, 0.0625
surrogate, 84, 20.0, 0.0625
surrogate, 84, 20.0, 0.0625
surrogate, 84, 20.0, 0.0625
surrogate, 84, 20.0, 0.0625
surrogate, 84, 20.0, 0.0625
surrogate, 84, 20.0, 0.0625
surrogate, 84, 20.0, 0.0625
surrogate, 84, 20.0, 0.0625
surrogate, 84, 20.0, 0.0625
surrogate, 84, 20.0, 0.0625
surrogate, 84, 20.0, 0.0625
surrogate, 84, 20.0, 0.0625
surrogate, 84, 20.0, 0.0625
surrogate, 84, 20.0, 0.0625
surrogate, 84, 20.0, 0.0625
surrogate, 84, 20.0, 0.0625
surrogate, 84, 20.0, 0.0625
surrogate, 84, 20.0, 0.0625
surrogate, 85, 32.0, 0.9375
surrogate, 85, 32.0, 0.9375
surrogate, 85, 32.0, 0.9375
surrogate, 85, 32.0, 0.9375
surrogate, 85, 32.0, 0.9375
surrogate, 85, 32.0, 0.9375
surrogate, 85, 31.0, 0.84375
surrogate, 85, 31.0, 0.84375
surrogate, 85, 31.0, 0.84375
surrogate, 85, 31.0, 0.84375
surrogate, 85, 31.0, 0.84375
surrogate, 85, 31.0, 0.84375
surrogate, 85, 31.0, 0.84375
surrogate, 85, 30.0, 0.71875
surrogate, 85, 30.0, 0.71875
surrogate, 85, 30.0, 0.71875
surrogate, 85, 30.0, 0.71875
surrogate, 85, 30.0, 0.71875
surrogate, 85, 30.0, 0.71875
surrogate, 85, 30.0, 0.71875
surrogate, 85, 30.0, 0.71875
surrogate, 85, 30.0, 0.71875
surrogate, 85, 30.0, 0.71875
surrogate, 85, 30.0, 0.71875
surrogate, 85, 30.0, 0.71875
surrogate, 85, 30.0, 0.71875
surrogate, 85, 30.0, 0.71875
surrogate, 85, 30.0, 0.71875
surrogate, 85, 28.0, 0.59375
surrogate, 85, 27.0, 0.53125
surrogate, 85, 27.0, 0.53125
surrogate, 85, 27.0, 0.53125
surrogate, 85, 27.0, 0.53125
surrogate, 85, 27.0, 0.53125
surrogate, 85, 27.0, 0.53125
surrogate, 85, 27.0, 0.53125
surrogate, 85, 27.0, 0.53125
surrogate, 85, 27.0, 0.53125
surrogate, 85, 27.0, 0.53125
surrogate, 85, 27.0, 0.53125
surrogate, 85, 27.0, 0.53125
surrogate, 85, 27.0, 0.53125
surrogate, 85, 27.0, 0.53125
surrogate, 85, 27.0, 0.53125
surrogate, 85, 27.0, 0.53125
surrogate, 85, 27.0, 0.53125
surrogate, 85, 27.0, 0.53125
surrogate, 85, 26.0, 0.46875
surrogate, 85, 26.0, 0.46875
surrogate, 85, 26.0, 0.46875
surrogate, 85, 26.0, 0.46875
surrogate, 85, 26.0, 0.46875
surrogate, 85, 26.0, 0.46875
surrogate, 85, 26.0, 0.46875
surrogate, 85, 26.0, 0.46875
surrogate, 85, 26.0, 0.46875
surrogate, 85, 26.0, 0.46875
surrogate, 85, 26.0, 0.46875
surrogate, 85, 26.0, 0.46875
surrogate, 85, 26.0, 0.46875
surrogate, 85, 26.0, 0.46875
surrogate, 85, 26.0, 0.46875
surrogate, 85, 25.0, 0.40625
surrogate, 85, 25.0, 0.40625
surrogate, 85, 25.0, 0.40625
surrogate, 85, 25.0, 0.40625
surrogate, 85, 25.0, 0.40625
surrogate, 85, 25.0, 0.40625
surrogate, 85, 25.0, 0.40625
surrogate, 85, 25.0, 0.40625
surrogate, 85, 25.0, 0.40625
surrogate, 85, 25.0, 0.40625
surrogate, 85, 25.0, 0.40625
surrogate, 85, 25.0, 0.40625
surrogate, 85, 25.0, 0.40625
surrogate, 85, 25.0, 0.40625
surrogate, 85, 25.0, 0.40625
surrogate, 85, 25.0, 0.40625
surrogate, 85, 25.0, 0.40625
surrogate, 85, 25.0, 0.40625
surrogate, 85, 25.0, 0.40625
surrogate, 85, 25.0, 0.40625
surrogate, 85, 25.0, 0.40625
surrogate, 85, 24.0, 0.34375
surrogate, 85, 24.0, 0.34375
surrogate, 85, 24.0, 0.34375
surrogate, 85, 24.0, 0.34375
surrogate, 85, 24.0, 0.34375
surrogate, 85, 24.0, 0.34375
surrogate, 85, 24.0, 0.34375
surrogate, 85, 24.0, 0.34375
surrogate, 85, 24.0, 0.34375
surrogate, 85, 24.0, 0.34375
surrogate, 85, 24.0, 0.34375
surrogate, 85, 24.0, 0.34375
surrogate, 85, 24.0, 0.34375
surrogate, 85, 24.0, 0.34375
surrogate, 85, 24.0, 0.34375
surrogate, 85, 24.0, 0.34375
surrogate, 85, 24.0, 0.34375
surrogate, 85, 24.0, 0.34375
surrogate, 85, 24.0, 0.34375
surrogate, 85, 24.0, 0.34375
surrogate, 85, 24.0, 0.34375
surrogate, 85, 24.0, 0.34375
surrogate, 85, 24.0, 0.34375
surrogate, 85, 24.0, 0.34375
surrogate, 85, 24.0, 0.34375
surrogate, 85, 24.0, 0.34375
surrogate, 85, 24.0, 0.34375
surrogate, 85, 24.0, 0.34375
surrogate, 85, 24.0, 0.34375
surrogate, 85, 24.0, 0.34375
surrogate, 85, 24.0, 0.34375
surrogate, 85, 24.0, 0.34375
surrogate, 85, 24.0, 0.34375
surrogate, 85, 24.0, 0.34375
surrogate, 85, 24.0, 0.34375
surrogate, 85, 24.0, 0.34375
surrogate, 85, 23.0, 0.3125
surrogate, 85, 23.0, 0.3125
surrogate, 85, 23.0, 0.3125
surrogate, 85, 23.0, 0.3125
surrogate, 85, 23.0, 0.3125
surrogate, 85, 23.0, 0.3125
surrogate, 85, 23.0, 0.3125
surrogate, 85, 23.0, 0.3125
surrogate, 85, 23.0, 0.3125
surrogate, 85, 23.0, 0.3125
surrogate, 85, 23.0, 0.3125
surrogate, 85, 23.0, 0.3125
surrogate, 85, 23.0, 0.3125
surrogate, 85, 23.0, 0.3125
surrogate, 85, 23.0, 0.3125
surrogate, 85, 23.0, 0.3125
surrogate, 85, 23.0, 0.3125
surrogate, 85, 23.0, 0.3125
surrogate, 85, 23.0, 0.3125
surrogate, 85, 23.0, 0.3125
surrogate, 85, 23.0, 0.3125
surrogate, 85, 23.0, 0.3125
surrogate, 85, 23.0, 0.3125
surrogate, 85, 23.0, 0.3125
surrogate, 85, 20.0, 0.0625
surrogate, 85, 20.0, 0.0625
surrogate, 85, 20.0, 0.0625
surrogate, 85, 20.0, 0.0625
surrogate, 85, 20.0, 0.0625
surrogate, 85, 20.0, 0.0625
surrogate, 85, 20.0, 0.0625
surrogate, 85, 20.0, 0.0625
surrogate, 85, 20.0, 0.0625
surrogate, 85, 20.0, 0.0625
surrogate, 85, 20.0, 0.0625
surrogate, 85, 20.0, 0.0625
surrogate, 85, 20.0, 0.0625
surrogate, 85, 20.0, 0.0625
surrogate, 85, 20.0, 0.0625
surrogate, 85, 20.0, 0.0625
surrogate, 85, 20.0, 0.0625
surrogate, 85, 20.0, 0.0625
surrogate, 85, 20.0, 0.0625
surrogate, 85, 20.0, 0.0625
surrogate, 85, 20.0, 0.0625
surrogate, 85, 20.0, 0.0625
surrogate, 85, 20.0, 0.0625
surrogate, 85, 20.0, 0.0625
surrogate, 85, 20.0, 0.0625
surrogate, 85, 20.0, 0.0625
surrogate, 85, 20.0, 0.0625
surrogate, 85, 20.0, 0.0625
surrogate, 85, 20.0, 0.0625
surrogate, 85, 20.0, 0.0625
surrogate, 85, 20.0, 0.0625
surrogate, 85, 20.0, 0.0625
surrogate, 85, 20.0, 0.0625
surrogate, 85, 20.0, 0.0625
surrogate, 85, 20.0, 0.0625
surrogate, 85, 20.0, 0.0625
surrogate, 85, 20.0, 0.0625
surrogate, 85, 20.0, 0.0625
surrogate, 85, 20.0, 0.0625
surrogate, 85, 20.0, 0.0625
surrogate, 85, 20.0, 0.0625
surrogate, 85, 20.0, 0.0625
surrogate, 85, 20.0, 0.0625
surrogate, 85, 20.0, 0.0625
surrogate, 85, 20.0, 0.0625
surrogate, 85, 20.0, 0.0625
surrogate, 85, 20.0, 0.0625
surrogate, 85, 20.0, 0.0625
surrogate, 85, 20.0, 0.0625
surrogate, 85, 20.0, 0.0625
surrogate, 85, 20.0, 0.0625
surrogate, 85, 20.0, 0.0625
surrogate, 85, 20.0, 0.0625
surrogate, 85, 20.0, 0.0625
surrogate, 85, 20.0, 0.0625
surrogate, 85, 20.0, 0.0625
surrogate, 85, 20.0, 0.0625
surrogate, 85, 20.0, 0.0625
surrogate, 85, 20.0, 0.0625
surrogate, 85, 20.0, 0.0625
surrogate, 86, 32.0, 0.9375
surrogate, 86, 32.0, 0.9375
surrogate, 86, 32.0, 0.9375
surrogate, 86, 32.0, 0.9375
surrogate, 86, 32.0, 0.9375
surrogate, 86, 32.0, 0.9375
surrogate, 86, 31.0, 0.84375
surrogate, 86, 31.0, 0.84375
surrogate, 86, 31.0, 0.84375
surrogate, 86, 31.0, 0.84375
surrogate, 86, 31.0, 0.84375
surrogate, 86, 31.0, 0.84375
surrogate, 86, 31.0, 0.84375
surrogate, 86, 30.0, 0.71875
surrogate, 86, 30.0, 0.71875
surrogate, 86, 30.0, 0.71875
surrogate, 86, 30.0, 0.71875
surrogate, 86, 30.0, 0.71875
surrogate, 86, 30.0, 0.71875
surrogate, 86, 30.0, 0.71875
surrogate, 86, 30.0, 0.71875
surrogate, 86, 30.0, 0.71875
surrogate, 86, 30.0, 0.71875
surrogate, 86, 30.0, 0.71875
surrogate, 86, 30.0, 0.71875
surrogate, 86, 30.0, 0.71875
surrogate, 86, 30.0, 0.71875
surrogate, 86, 30.0, 0.71875
surrogate, 86, 30.0, 0.71875
surrogate, 86, 28.0, 0.59375
surrogate, 86, 28.0, 0.59375
surrogate, 86, 27.0, 0.53125
surrogate, 86, 27.0, 0.53125
surrogate, 86, 27.0, 0.53125
surrogate, 86, 27.0, 0.53125
surrogate, 86, 27.0, 0.53125
surrogate, 86, 27.0, 0.53125
surrogate, 86, 27.0, 0.53125
surrogate, 86, 27.0, 0.53125
surrogate, 86, 27.0, 0.53125
surrogate, 86, 27.0, 0.53125
surrogate, 86, 27.0, 0.53125
surrogate, 86, 27.0, 0.53125
surrogate, 86, 27.0, 0.53125
surrogate, 86, 27.0, 0.53125
surrogate, 86, 27.0, 0.53125
surrogate, 86, 27.0, 0.53125
surrogate, 86, 27.0, 0.53125
surrogate, 86, 27.0, 0.53125
surrogate, 86, 27.0, 0.53125
surrogate, 86, 26.0, 0.46875
surrogate, 86, 26.0, 0.46875
surrogate, 86, 26.0, 0.46875
surrogate, 86, 26.0, 0.46875
surrogate, 86, 26.0, 0.46875
surrogate, 86, 26.0, 0.46875
surrogate, 86, 26.0, 0.46875
surrogate, 86, 26.0, 0.46875
surrogate, 86, 26.0, 0.46875
surrogate, 86, 26.0, 0.46875
surrogate, 86, 26.0, 0.46875
surrogate, 86, 26.0, 0.46875
surrogate, 86, 26.0, 0.46875
surrogate, 86, 26.0, 0.46875
surrogate, 86, 26.0, 0.46875
surrogate, 86, 26.0, 0.46875
surrogate, 86, 25.0, 0.40625
surrogate, 86, 25.0, 0.40625
surrogate, 86, 25.0, 0.40625
surrogate, 86, 25.0, 0.40625
surrogate, 86, 25.0, 0.40625
surrogate, 86, 25.0, 0.40625
surrogate, 86, 25.0, 0.40625
surrogate, 86, 25.0, 0.40625
surrogate, 86, 25.0, 0.40625
surrogate, 86, 25.0, 0.40625
surrogate, 86, 25.0, 0.40625
surrogate, 86, 25.0, 0.40625
surrogate, 86, 25.0, 0.40625
surrogate, 86, 25.0, 0.40625
surrogate, 86, 25.0, 0.40625
surrogate, 86, 25.0, 0.40625
surrogate, 86, 25.0, 0.40625
surrogate, 86, 25.0, 0.40625
surrogate, 86, 25.0, 0.40625
surrogate, 86, 25.0, 0.40625
surrogate, 86, 25.0, 0.40625
surrogate, 86, 25.0, 0.40625
surrogate, 86, 24.0, 0.34375
surrogate, 86, 24.0, 0.34375
surrogate, 86, 24.0, 0.34375
surrogate, 86, 24.0, 0.34375
surrogate, 86, 24.0, 0.34375
surrogate, 86, 24.0, 0.34375
surrogate, 86, 24.0, 0.34375
surrogate, 86, 24.0, 0.34375
surrogate, 86, 24.0, 0.34375
surrogate, 86, 24.0, 0.34375
surrogate, 86, 24.0, 0.34375
surrogate, 86, 24.0, 0.34375
surrogate, 86, 24.0, 0.34375
surrogate, 86, 24.0, 0.34375
surrogate, 86, 24.0, 0.34375
surrogate, 86, 24.0, 0.34375
surrogate, 86, 24.0, 0.34375
surrogate, 86, 24.0, 0.34375
surrogate, 86, 24.0, 0.34375
surrogate, 86, 24.0, 0.34375
surrogate, 86, 24.0, 0.34375
surrogate, 86, 24.0, 0.34375
surrogate, 86, 24.0, 0.34375
surrogate, 86, 24.0, 0.34375
surrogate, 86, 24.0, 0.34375
surrogate, 86, 24.0, 0.34375
surrogate, 86, 24.0, 0.34375
surrogate, 86, 24.0, 0.34375
surrogate, 86, 24.0, 0.34375
surrogate, 86, 24.0, 0.34375
surrogate, 86, 24.0, 0.34375
surrogate, 86, 24.0, 0.34375
surrogate, 86, 24.0, 0.34375
surrogate, 86, 24.0, 0.34375
surrogate, 86, 24.0, 0.34375
surrogate, 86, 24.0, 0.34375
surrogate, 86, 24.0, 0.34375
surrogate, 86, 23.0, 0.3125
surrogate, 86, 23.0, 0.3125
surrogate, 86, 23.0, 0.3125
surrogate, 86, 23.0, 0.3125
surrogate, 86, 23.0, 0.3125
surrogate, 86, 23.0, 0.3125
surrogate, 86, 23.0, 0.3125
surrogate, 86, 23.0, 0.3125
surrogate, 86, 23.0, 0.3125
surrogate, 86, 23.0, 0.3125
surrogate, 86, 23.0, 0.3125
surrogate, 86, 23.0, 0.3125
surrogate, 86, 23.0, 0.3125
surrogate, 86, 23.0, 0.3125
surrogate, 86, 23.0, 0.3125
surrogate, 86, 23.0, 0.3125
surrogate, 86, 23.0, 0.3125
surrogate, 86, 23.0, 0.3125
surrogate, 86, 23.0, 0.3125
surrogate, 86, 23.0, 0.3125
surrogate, 86, 23.0, 0.3125
surrogate, 86, 23.0, 0.3125
surrogate, 86, 23.0, 0.3125
surrogate, 86, 23.0, 0.3125
surrogate, 86, 23.0, 0.3125
surrogate, 86, 20.0, 0.0625
surrogate, 86, 20.0, 0.0625
surrogate, 86, 20.0, 0.0625
surrogate, 86, 20.0, 0.0625
surrogate, 86, 20.0, 0.0625
surrogate, 86, 20.0, 0.0625
surrogate, 86, 20.0, 0.0625
surrogate, 86, 20.0, 0.0625
surrogate, 86, 20.0, 0.0625
surrogate, 86, 20.0, 0.0625
surrogate, 86, 20.0, 0.0625
surrogate, 86, 20.0, 0.0625
surrogate, 86, 20.0, 0.0625
surrogate, 86, 20.0, 0.0625
surrogate, 86, 20.0, 0.0625
surrogate, 86, 20.0, 0.0625
surrogate, 86, 20.0, 0.0625
surrogate, 86, 20.0, 0.0625
surrogate, 86, 20.0, 0.0625
surrogate, 86, 20.0, 0.0625
surrogate, 86, 20.0, 0.0625
surrogate, 86, 20.0, 0.0625
surrogate, 86, 20.0, 0.0625
surrogate, 86, 20.0, 0.0625
surrogate, 86, 20.0, 0.0625
surrogate, 86, 20.0, 0.0625
surrogate, 86, 20.0, 0.0625
surrogate, 86, 20.0, 0.0625
surrogate, 86, 20.0, 0.0625
surrogate, 86, 20.0, 0.0625
surrogate, 86, 20.0, 0.0625
surrogate, 86, 20.0, 0.0625
surrogate, 86, 20.0, 0.0625
surrogate, 86, 20.0, 0.0625
surrogate, 86, 20.0, 0.0625
surrogate, 86, 20.0, 0.0625
surrogate, 86, 20.0, 0.0625
surrogate, 86, 20.0, 0.0625
surrogate, 86, 20.0, 0.0625
surrogate, 86, 20.0, 0.0625
surrogate, 86, 20.0, 0.0625
surrogate, 86, 20.0, 0.0625
surrogate, 86, 20.0, 0.0625
surrogate, 86, 20.0, 0.0625
surrogate, 86, 20.0, 0.0625
surrogate, 86, 20.0, 0.0625
surrogate, 86, 20.0, 0.0625
surrogate, 86, 20.0, 0.0625
surrogate, 86, 20.0, 0.0625
surrogate, 86, 20.0, 0.0625
surrogate, 86, 20.0, 0.0625
surrogate, 86, 20.0, 0.0625
surrogate, 86, 20.0, 0.0625
surrogate, 86, 20.0, 0.0625
surrogate, 86, 20.0, 0.0625
surrogate, 86, 20.0, 0.0625
surrogate, 86, 20.0, 0.0625
surrogate, 86, 20.0, 0.0625
surrogate, 86, 20.0, 0.0625
surrogate, 86, 20.0, 0.0625
surrogate, 86, 20.0, 0.0625
surrogate, 87, 32.0, 0.9375
surrogate, 87, 32.0, 0.9375
surrogate, 87, 32.0, 0.9375
surrogate, 87, 32.0, 0.9375
surrogate, 87, 32.0, 0.9375
surrogate, 87, 32.0, 0.9375
surrogate, 87, 31.0, 0.84375
surrogate, 87, 31.0, 0.84375
surrogate, 87, 31.0, 0.84375
surrogate, 87, 31.0, 0.84375
surrogate, 87, 31.0, 0.84375
surrogate, 87, 31.0, 0.84375
surrogate, 87, 31.0, 0.84375
surrogate, 87, 30.0, 0.71875
surrogate, 87, 30.0, 0.71875
surrogate, 87, 30.0, 0.71875
surrogate, 87, 30.0, 0.71875
surrogate, 87, 30.0, 0.71875
surrogate, 87, 30.0, 0.71875
surrogate, 87, 30.0, 0.71875
surrogate, 87, 30.0, 0.71875
surrogate, 87, 30.0, 0.71875
surrogate, 87, 30.0, 0.71875
surrogate, 87, 30.0, 0.71875
surrogate, 87, 30.0, 0.71875
surrogate, 87, 30.0, 0.71875
surrogate, 87, 30.0, 0.71875
surrogate, 87, 30.0, 0.71875
surrogate, 87, 30.0, 0.71875
surrogate, 87, 30.0, 0.71875
surrogate, 87, 28.0, 0.59375
surrogate, 87, 28.0, 0.59375
surrogate, 87, 27.0, 0.53125
surrogate, 87, 27.0, 0.53125
surrogate, 87, 27.0, 0.53125
surrogate, 87, 27.0, 0.53125
surrogate, 87, 27.0, 0.53125
surrogate, 87, 27.0, 0.53125
surrogate, 87, 27.0, 0.53125
surrogate, 87, 27.0, 0.53125
surrogate, 87, 27.0, 0.53125
surrogate, 87, 27.0, 0.53125
surrogate, 87, 27.0, 0.53125
surrogate, 87, 27.0, 0.53125
surrogate, 87, 27.0, 0.53125
surrogate, 87, 27.0, 0.53125
surrogate, 87, 27.0, 0.53125
surrogate, 87, 27.0, 0.53125
surrogate, 87, 27.0, 0.53125
surrogate, 87, 27.0, 0.53125
surrogate, 87, 27.0, 0.53125
surrogate, 87, 27.0, 0.53125
surrogate, 87, 26.0, 0.46875
surrogate, 87, 26.0, 0.46875
surrogate, 87, 26.0, 0.46875
surrogate, 87, 26.0, 0.46875
surrogate, 87, 26.0, 0.46875
surrogate, 87, 26.0, 0.46875
surrogate, 87, 26.0, 0.46875
surrogate, 87, 26.0, 0.46875
surrogate, 87, 26.0, 0.46875
surrogate, 87, 26.0, 0.46875
surrogate, 87, 26.0, 0.46875
surrogate, 87, 26.0, 0.46875
surrogate, 87, 26.0, 0.46875
surrogate, 87, 26.0, 0.46875
surrogate, 87, 26.0, 0.46875
surrogate, 87, 26.0, 0.46875
surrogate, 87, 25.0, 0.40625
surrogate, 87, 25.0, 0.40625
surrogate, 87, 25.0, 0.40625
surrogate, 87, 25.0, 0.40625
surrogate, 87, 25.0, 0.40625
surrogate, 87, 25.0, 0.40625
surrogate, 87, 25.0, 0.40625
surrogate, 87, 25.0, 0.40625
surrogate, 87, 25.0, 0.40625
surrogate, 87, 25.0, 0.40625
surrogate, 87, 25.0, 0.40625
surrogate, 87, 25.0, 0.40625
surrogate, 87, 25.0, 0.40625
surrogate, 87, 25.0, 0.40625
surrogate, 87, 25.0, 0.40625
surrogate, 87, 25.0, 0.40625
surrogate, 87, 25.0, 0.40625
surrogate, 87, 25.0, 0.40625
surrogate, 87, 25.0, 0.40625
surrogate, 87, 25.0, 0.40625
surrogate, 87, 25.0, 0.40625
surrogate, 87, 25.0, 0.40625
surrogate, 87, 25.0, 0.40625
surrogate, 87, 24.0, 0.34375
surrogate, 87, 24.0, 0.34375
surrogate, 87, 24.0, 0.34375
surrogate, 87, 24.0, 0.34375
surrogate, 87, 24.0, 0.34375
surrogate, 87, 24.0, 0.34375
surrogate, 87, 24.0, 0.34375
surrogate, 87, 24.0, 0.34375
surrogate, 87, 24.0, 0.34375
surrogate, 87, 24.0, 0.34375
surrogate, 87, 24.0, 0.34375
surrogate, 87, 24.0, 0.34375
surrogate, 87, 24.0, 0.34375
surrogate, 87, 24.0, 0.34375
surrogate, 87, 24.0, 0.34375
surrogate, 87, 24.0, 0.34375
surrogate, 87, 24.0, 0.34375
surrogate, 87, 24.0, 0.34375
surrogate, 87, 24.0, 0.34375
surrogate, 87, 24.0, 0.34375
surrogate, 87, 24.0, 0.34375
surrogate, 87, 24.0, 0.34375
surrogate, 87, 24.0, 0.34375
surrogate, 87, 24.0, 0.34375
surrogate, 87, 24.0, 0.34375
surrogate, 87, 24.0, 0.34375
surrogate, 87, 24.0, 0.34375
surrogate, 87, 24.0, 0.34375
surrogate, 87, 24.0, 0.34375
surrogate, 87, 24.0, 0.34375
surrogate, 87, 24.0, 0.34375
surrogate, 87, 24.0, 0.34375
surrogate, 87, 24.0, 0.34375
surrogate, 87, 24.0, 0.34375
surrogate, 87, 24.0, 0.34375
surrogate, 87, 24.0, 0.34375
surrogate, 87, 24.0, 0.34375
surrogate, 87, 23.0, 0.3125
surrogate, 87, 23.0, 0.3125
surrogate, 87, 23.0, 0.3125
surrogate, 87, 23.0, 0.3125
surrogate, 87, 23.0, 0.3125
surrogate, 87, 23.0, 0.3125
surrogate, 87, 23.0, 0.3125
surrogate, 87, 23.0, 0.3125
surrogate, 87, 23.0, 0.3125
surrogate, 87, 23.0, 0.3125
surrogate, 87, 23.0, 0.3125
surrogate, 87, 23.0, 0.3125
surrogate, 87, 23.0, 0.3125
surrogate, 87, 23.0, 0.3125
surrogate, 87, 23.0, 0.3125
surrogate, 87, 23.0, 0.3125
surrogate, 87, 23.0, 0.3125
surrogate, 87, 23.0, 0.3125
surrogate, 87, 23.0, 0.3125
surrogate, 87, 23.0, 0.3125
surrogate, 87, 23.0, 0.3125
surrogate, 87, 23.0, 0.3125
surrogate, 87, 23.0, 0.3125
surrogate, 87, 23.0, 0.3125
surrogate, 87, 23.0, 0.3125
surrogate, 87, 23.0, 0.3125
surrogate, 87, 20.0, 0.0625
surrogate, 87, 20.0, 0.0625
surrogate, 87, 20.0, 0.0625
surrogate, 87, 20.0, 0.0625
surrogate, 87, 20.0, 0.0625
surrogate, 87, 20.0, 0.0625
surrogate, 87, 20.0, 0.0625
surrogate, 87, 20.0, 0.0625
surrogate, 87, 20.0, 0.0625
surrogate, 87, 20.0, 0.0625
surrogate, 87, 20.0, 0.0625
surrogate, 87, 20.0, 0.0625
surrogate, 87, 20.0, 0.0625
surrogate, 87, 20.0, 0.0625
surrogate, 87, 20.0, 0.0625
surrogate, 87, 20.0, 0.0625
surrogate, 87, 20.0, 0.0625
surrogate, 87, 20.0, 0.0625
surrogate, 87, 20.0, 0.0625
surrogate, 87, 20.0, 0.0625
surrogate, 87, 20.0, 0.0625
surrogate, 87, 20.0, 0.0625
surrogate, 87, 20.0, 0.0625
surrogate, 87, 20.0, 0.0625
surrogate, 87, 20.0, 0.0625
surrogate, 87, 20.0, 0.0625
surrogate, 87, 20.0, 0.0625
surrogate, 87, 20.0, 0.0625
surrogate, 87, 20.0, 0.0625
surrogate, 87, 20.0, 0.0625
surrogate, 87, 20.0, 0.0625
surrogate, 87, 20.0, 0.0625
surrogate, 87, 20.0, 0.0625
surrogate, 87, 20.0, 0.0625
surrogate, 87, 20.0, 0.0625
surrogate, 87, 20.0, 0.0625
surrogate, 87, 20.0, 0.0625
surrogate, 87, 20.0, 0.0625
surrogate, 87, 20.0, 0.0625
surrogate, 87, 20.0, 0.0625
surrogate, 87, 20.0, 0.0625
surrogate, 87, 20.0, 0.0625
surrogate, 87, 20.0, 0.0625
surrogate, 87, 20.0, 0.0625
surrogate, 87, 20.0, 0.0625
surrogate, 87, 20.0, 0.0625
surrogate, 87, 20.0, 0.0625
surrogate, 87, 20.0, 0.0625
surrogate, 87, 20.0, 0.0625
surrogate, 87, 20.0, 0.0625
surrogate, 87, 20.0, 0.0625
surrogate, 87, 20.0, 0.0625
surrogate, 87, 20.0, 0.0625
surrogate, 87, 20.0, 0.0625
surrogate, 87, 20.0, 0.0625
surrogate, 87, 20.0, 0.0625
surrogate, 87, 20.0, 0.0625
surrogate, 87, 20.0, 0.0625
surrogate, 87, 20.0, 0.0625
surrogate, 87, 20.0, 0.0625
surrogate, 87, 20.0, 0.0625
surrogate, 88, 32.0, 0.9375
surrogate, 88, 32.0, 0.9375
surrogate, 88, 32.0, 0.9375
surrogate, 88, 32.0, 0.9375
surrogate, 88, 32.0, 0.9375
surrogate, 88, 32.0, 0.9375
surrogate, 88, 31.0, 0.84375
surrogate, 88, 31.0, 0.84375
surrogate, 88, 31.0, 0.84375
surrogate, 88, 31.0, 0.84375
surrogate, 88, 31.0, 0.84375
surrogate, 88, 31.0, 0.84375
surrogate, 88, 31.0, 0.84375
surrogate, 88, 30.0, 0.71875
surrogate, 88, 30.0, 0.71875
surrogate, 88, 30.0, 0.71875
surrogate, 88, 30.0, 0.71875
surrogate, 88, 30.0, 0.71875
surrogate, 88, 30.0, 0.71875
surrogate, 88, 30.0, 0.71875
surrogate, 88, 30.0, 0.71875
surrogate, 88, 30.0, 0.71875
surrogate, 88, 30.0, 0.71875
surrogate, 88, 30.0, 0.71875
surrogate, 88, 30.0, 0.71875
surrogate, 88, 30.0, 0.71875
surrogate, 88, 30.0, 0.71875
surrogate, 88, 30.0, 0.71875
surrogate, 88, 30.0, 0.71875
surrogate, 88, 30.0, 0.71875
surrogate, 88, 28.0, 0.59375
surrogate, 88, 28.0, 0.59375
surrogate, 88, 27.0, 0.53125
surrogate, 88, 27.0, 0.53125
surrogate, 88, 27.0, 0.53125
surrogate, 88, 27.0, 0.53125
surrogate, 88, 27.0, 0.53125
surrogate, 88, 27.0, 0.53125
surrogate, 88, 27.0, 0.53125
surrogate, 88, 27.0, 0.53125
surrogate, 88, 27.0, 0.53125
surrogate, 88, 27.0, 0.53125
surrogate, 88, 27.0, 0.53125
surrogate, 88, 27.0, 0.53125
surrogate, 88, 27.0, 0.53125
surrogate, 88, 27.0, 0.53125
surrogate, 88, 27.0, 0.53125
surrogate, 88, 27.0, 0.53125
surrogate, 88, 27.0, 0.53125
surrogate, 88, 27.0, 0.53125
surrogate, 88, 27.0, 0.53125
surrogate, 88, 27.0, 0.53125
surrogate, 88, 27.0, 0.53125
surrogate, 88, 26.0, 0.46875
surrogate, 88, 26.0, 0.46875
surrogate, 88, 26.0, 0.46875
surrogate, 88, 26.0, 0.46875
surrogate, 88, 26.0, 0.46875
surrogate, 88, 26.0, 0.46875
surrogate, 88, 26.0, 0.46875
surrogate, 88, 26.0, 0.46875
surrogate, 88, 26.0, 0.46875
surrogate, 88, 26.0, 0.46875
surrogate, 88, 26.0, 0.46875
surrogate, 88, 26.0, 0.46875
surrogate, 88, 26.0, 0.46875
surrogate, 88, 26.0, 0.46875
surrogate, 88, 26.0, 0.46875
surrogate, 88, 26.0, 0.46875
surrogate, 88, 25.0, 0.40625
surrogate, 88, 25.0, 0.40625
surrogate, 88, 25.0, 0.40625
surrogate, 88, 25.0, 0.40625
surrogate, 88, 25.0, 0.40625
surrogate, 88, 25.0, 0.40625
surrogate, 88, 25.0, 0.40625
surrogate, 88, 25.0, 0.40625
surrogate, 88, 25.0, 0.40625
surrogate, 88, 25.0, 0.40625
surrogate, 88, 25.0, 0.40625
surrogate, 88, 25.0, 0.40625
surrogate, 88, 25.0, 0.40625
surrogate, 88, 25.0, 0.40625
surrogate, 88, 25.0, 0.40625
surrogate, 88, 25.0, 0.40625
surrogate, 88, 25.0, 0.40625
surrogate, 88, 25.0, 0.40625
surrogate, 88, 25.0, 0.40625
surrogate, 88, 25.0, 0.40625
surrogate, 88, 25.0, 0.40625
surrogate, 88, 25.0, 0.40625
surrogate, 88, 25.0, 0.40625
surrogate, 88, 25.0, 0.40625
surrogate, 88, 24.0, 0.34375
surrogate, 88, 24.0, 0.34375
surrogate, 88, 24.0, 0.34375
surrogate, 88, 24.0, 0.34375
surrogate, 88, 24.0, 0.34375
surrogate, 88, 24.0, 0.34375
surrogate, 88, 24.0, 0.34375
surrogate, 88, 24.0, 0.34375
surrogate, 88, 24.0, 0.34375
surrogate, 88, 24.0, 0.34375
surrogate, 88, 24.0, 0.34375
surrogate, 88, 24.0, 0.34375
surrogate, 88, 24.0, 0.34375
surrogate, 88, 24.0, 0.34375
surrogate, 88, 24.0, 0.34375
surrogate, 88, 24.0, 0.34375
surrogate, 88, 24.0, 0.34375
surrogate, 88, 24.0, 0.34375
surrogate, 88, 24.0, 0.34375
surrogate, 88, 24.0, 0.34375
surrogate, 88, 24.0, 0.34375
surrogate, 88, 24.0, 0.34375
surrogate, 88, 24.0, 0.34375
surrogate, 88, 24.0, 0.34375
surrogate, 88, 24.0, 0.34375
surrogate, 88, 24.0, 0.34375
surrogate, 88, 24.0, 0.34375
surrogate, 88, 24.0, 0.34375
surrogate, 88, 24.0, 0.34375
surrogate, 88, 24.0, 0.34375
surrogate, 88, 24.0, 0.34375
surrogate, 88, 24.0, 0.34375
surrogate, 88, 24.0, 0.34375
surrogate, 88, 24.0, 0.34375
surrogate, 88, 24.0, 0.34375
surrogate, 88, 24.0, 0.34375
surrogate, 88, 24.0, 0.34375
surrogate, 88, 23.0, 0.3125
surrogate, 88, 23.0, 0.3125
surrogate, 88, 23.0, 0.3125
surrogate, 88, 23.0, 0.3125
surrogate, 88, 23.0, 0.3125
surrogate, 88, 23.0, 0.3125
surrogate, 88, 23.0, 0.3125
surrogate, 88, 23.0, 0.3125
surrogate, 88, 23.0, 0.3125
surrogate, 88, 23.0, 0.3125
surrogate, 88, 23.0, 0.3125
surrogate, 88, 23.0, 0.3125
surrogate, 88, 23.0, 0.3125
surrogate, 88, 23.0, 0.3125
surrogate, 88, 23.0, 0.3125
surrogate, 88, 23.0, 0.3125
surrogate, 88, 23.0, 0.3125
surrogate, 88, 23.0, 0.3125
surrogate, 88, 23.0, 0.3125
surrogate, 88, 23.0, 0.3125
surrogate, 88, 23.0, 0.3125
surrogate, 88, 23.0, 0.3125
surrogate, 88, 23.0, 0.3125
surrogate, 88, 23.0, 0.3125
surrogate, 88, 23.0, 0.3125
surrogate, 88, 23.0, 0.3125
surrogate, 88, 20.0, 0.0625
surrogate, 88, 20.0, 0.0625
surrogate, 88, 20.0, 0.0625
surrogate, 88, 20.0, 0.0625
surrogate, 88, 20.0, 0.0625
surrogate, 88, 20.0, 0.0625
surrogate, 88, 20.0, 0.0625
surrogate, 88, 20.0, 0.0625
surrogate, 88, 20.0, 0.0625
surrogate, 88, 20.0, 0.0625
surrogate, 88, 20.0, 0.0625
surrogate, 88, 20.0, 0.0625
surrogate, 88, 20.0, 0.0625
surrogate, 88, 20.0, 0.0625
surrogate, 88, 20.0, 0.0625
surrogate, 88, 20.0, 0.0625
surrogate, 88, 20.0, 0.0625
surrogate, 88, 20.0, 0.0625
surrogate, 88, 20.0, 0.0625
surrogate, 88, 20.0, 0.0625
surrogate, 88, 20.0, 0.0625
surrogate, 88, 20.0, 0.0625
surrogate, 88, 20.0, 0.0625
surrogate, 88, 20.0, 0.0625
surrogate, 88, 20.0, 0.0625
surrogate, 88, 20.0, 0.0625
surrogate, 88, 20.0, 0.0625
surrogate, 88, 20.0, 0.0625
surrogate, 88, 20.0, 0.0625
surrogate, 88, 20.0, 0.0625
surrogate, 88, 20.0, 0.0625
surrogate, 88, 20.0, 0.0625
surrogate, 88, 20.0, 0.0625
surrogate, 88, 20.0, 0.0625
surrogate, 88, 20.0, 0.0625
surrogate, 88, 20.0, 0.0625
surrogate, 88, 20.0, 0.0625
surrogate, 88, 20.0, 0.0625
surrogate, 88, 20.0, 0.0625
surrogate, 88, 20.0, 0.0625
surrogate, 88, 20.0, 0.0625
surrogate, 88, 20.0, 0.0625
surrogate, 88, 20.0, 0.0625
surrogate, 88, 20.0, 0.0625
surrogate, 88, 20.0, 0.0625
surrogate, 88, 20.0, 0.0625
surrogate, 88, 20.0, 0.0625
surrogate, 88, 20.0, 0.0625
surrogate, 88, 20.0, 0.0625
surrogate, 88, 20.0, 0.0625
surrogate, 88, 20.0, 0.0625
surrogate, 88, 20.0, 0.0625
surrogate, 88, 20.0, 0.0625
surrogate, 88, 20.0, 0.0625
surrogate, 88, 20.0, 0.0625
surrogate, 88, 20.0, 0.0625
surrogate, 88, 20.0, 0.0625
surrogate, 88, 20.0, 0.0625
surrogate, 88, 20.0, 0.0625
surrogate, 88, 20.0, 0.0625
surrogate, 88, 20.0, 0.0625
surrogate, 89, 32.0, 0.9375
surrogate, 89, 32.0, 0.9375
surrogate, 89, 32.0, 0.9375
surrogate, 89, 32.0, 0.9375
surrogate, 89, 32.0, 0.9375
surrogate, 89, 32.0, 0.9375
surrogate, 89, 32.0, 0.9375
surrogate, 89, 31.0, 0.84375
surrogate, 89, 31.0, 0.84375
surrogate, 89, 31.0, 0.84375
surrogate, 89, 31.0, 0.84375
surrogate, 89, 31.0, 0.84375
surrogate, 89, 31.0, 0.84375
surrogate, 89, 31.0, 0.84375
surrogate, 89, 31.0, 0.84375
surrogate, 89, 30.0, 0.71875
surrogate, 89, 30.0, 0.71875
surrogate, 89, 30.0, 0.71875
surrogate, 89, 30.0, 0.71875
surrogate, 89, 30.0, 0.71875
surrogate, 89, 30.0, 0.71875
surrogate, 89, 30.0, 0.71875
surrogate, 89, 30.0, 0.71875
surrogate, 89, 30.0, 0.71875
surrogate, 89, 30.0, 0.71875
surrogate, 89, 30.0, 0.71875
surrogate, 89, 30.0, 0.71875
surrogate, 89, 30.0, 0.71875
surrogate, 89, 30.0, 0.71875
surrogate, 89, 30.0, 0.71875
surrogate, 89, 30.0, 0.71875
surrogate, 89, 30.0, 0.71875
surrogate, 89, 28.0, 0.59375
surrogate, 89, 28.0, 0.59375
surrogate, 89, 27.0, 0.53125
surrogate, 89, 27.0, 0.53125
surrogate, 89, 27.0, 0.53125
surrogate, 89, 27.0, 0.53125
surrogate, 89, 27.0, 0.53125
surrogate, 89, 27.0, 0.53125
surrogate, 89, 27.0, 0.53125
surrogate, 89, 27.0, 0.53125
surrogate, 89, 27.0, 0.53125
surrogate, 89, 27.0, 0.53125
surrogate, 89, 27.0, 0.53125
surrogate, 89, 27.0, 0.53125
surrogate, 89, 27.0, 0.53125
surrogate, 89, 27.0, 0.53125
surrogate, 89, 27.0, 0.53125
surrogate, 89, 27.0, 0.53125
surrogate, 89, 27.0, 0.53125
surrogate, 89, 27.0, 0.53125
surrogate, 89, 27.0, 0.53125
surrogate, 89, 27.0, 0.53125
surrogate, 89, 27.0, 0.53125
surrogate, 89, 26.0, 0.46875
surrogate, 89, 26.0, 0.46875
surrogate, 89, 26.0, 0.46875
surrogate, 89, 26.0, 0.46875
surrogate, 89, 26.0, 0.46875
surrogate, 89, 26.0, 0.46875
surrogate, 89, 26.0, 0.46875
surrogate, 89, 26.0, 0.46875
surrogate, 89, 26.0, 0.46875
surrogate, 89, 26.0, 0.46875
surrogate, 89, 26.0, 0.46875
surrogate, 89, 26.0, 0.46875
surrogate, 89, 26.0, 0.46875
surrogate, 89, 26.0, 0.46875
surrogate, 89, 26.0, 0.46875
surrogate, 89, 26.0, 0.46875
surrogate, 89, 26.0, 0.46875
surrogate, 89, 25.0, 0.40625
surrogate, 89, 25.0, 0.40625
surrogate, 89, 25.0, 0.40625
surrogate, 89, 25.0, 0.40625
surrogate, 89, 25.0, 0.40625
surrogate, 89, 25.0, 0.40625
surrogate, 89, 25.0, 0.40625
surrogate, 89, 25.0, 0.40625
surrogate, 89, 25.0, 0.40625
surrogate, 89, 25.0, 0.40625
surrogate, 89, 25.0, 0.40625
surrogate, 89, 25.0, 0.40625
surrogate, 89, 25.0, 0.40625
surrogate, 89, 25.0, 0.40625
surrogate, 89, 25.0, 0.40625
surrogate, 89, 25.0, 0.40625
surrogate, 89, 25.0, 0.40625
surrogate, 89, 25.0, 0.40625
surrogate, 89, 25.0, 0.40625
surrogate, 89, 25.0, 0.40625
surrogate, 89, 25.0, 0.40625
surrogate, 89, 25.0, 0.40625
surrogate, 89, 25.0, 0.40625
surrogate, 89, 25.0, 0.40625
surrogate, 89, 25.0, 0.40625
surrogate, 89, 24.0, 0.34375
surrogate, 89, 24.0, 0.34375
surrogate, 89, 24.0, 0.34375
surrogate, 89, 24.0, 0.34375
surrogate, 89, 24.0, 0.34375
surrogate, 89, 24.0, 0.34375
surrogate, 89, 24.0, 0.34375
surrogate, 89, 24.0, 0.34375
surrogate, 89, 24.0, 0.34375
surrogate, 89, 24.0, 0.34375
surrogate, 89, 24.0, 0.34375
surrogate, 89, 24.0, 0.34375
surrogate, 89, 24.0, 0.34375
surrogate, 89, 24.0, 0.34375
surrogate, 89, 24.0, 0.34375
surrogate, 89, 24.0, 0.34375
surrogate, 89, 24.0, 0.34375
surrogate, 89, 24.0, 0.34375
surrogate, 89, 24.0, 0.34375
surrogate, 89, 24.0, 0.34375
surrogate, 89, 24.0, 0.34375
surrogate, 89, 24.0, 0.34375
surrogate, 89, 24.0, 0.34375
surrogate, 89, 24.0, 0.34375
surrogate, 89, 24.0, 0.34375
surrogate, 89, 24.0, 0.34375
surrogate, 89, 24.0, 0.34375
surrogate, 89, 24.0, 0.34375
surrogate, 89, 24.0, 0.34375
surrogate, 89, 24.0, 0.34375
surrogate, 89, 24.0, 0.34375
surrogate, 89, 24.0, 0.34375
surrogate, 89, 24.0, 0.34375
surrogate, 89, 24.0, 0.34375
surrogate, 89, 24.0, 0.34375
surrogate, 89, 24.0, 0.34375
surrogate, 89, 24.0, 0.34375
surrogate, 89, 23.0, 0.3125
surrogate, 89, 23.0, 0.3125
surrogate, 89, 23.0, 0.3125
surrogate, 89, 23.0, 0.3125
surrogate, 89, 23.0, 0.3125
surrogate, 89, 23.0, 0.3125
surrogate, 89, 23.0, 0.3125
surrogate, 89, 23.0, 0.3125
surrogate, 89, 23.0, 0.3125
surrogate, 89, 23.0, 0.3125
surrogate, 89, 23.0, 0.3125
surrogate, 89, 23.0, 0.3125
surrogate, 89, 23.0, 0.3125
surrogate, 89, 23.0, 0.3125
surrogate, 89, 23.0, 0.3125
surrogate, 89, 23.0, 0.3125
surrogate, 89, 23.0, 0.3125
surrogate, 89, 23.0, 0.3125
surrogate, 89, 23.0, 0.3125
surrogate, 89, 23.0, 0.3125
surrogate, 89, 23.0, 0.3125
surrogate, 89, 23.0, 0.3125
surrogate, 89, 23.0, 0.3125
surrogate, 89, 23.0, 0.3125
surrogate, 89, 23.0, 0.3125
surrogate, 89, 23.0, 0.3125
surrogate, 89, 20.0, 0.0625
surrogate, 89, 20.0, 0.0625
surrogate, 89, 20.0, 0.0625
surrogate, 89, 20.0, 0.0625
surrogate, 89, 20.0, 0.0625
surrogate, 89, 20.0, 0.0625
surrogate, 89, 20.0, 0.0625
surrogate, 89, 20.0, 0.0625
surrogate, 89, 20.0, 0.0625
surrogate, 89, 20.0, 0.0625
surrogate, 89, 20.0, 0.0625
surrogate, 89, 20.0, 0.0625
surrogate, 89, 20.0, 0.0625
surrogate, 89, 20.0, 0.0625
surrogate, 89, 20.0, 0.0625
surrogate, 89, 20.0, 0.0625
surrogate, 89, 20.0, 0.0625
surrogate, 89, 20.0, 0.0625
surrogate, 89, 20.0, 0.0625
surrogate, 89, 20.0, 0.0625
surrogate, 89, 20.0, 0.0625
surrogate, 89, 20.0, 0.0625
surrogate, 89, 20.0, 0.0625
surrogate, 89, 20.0, 0.0625
surrogate, 89, 20.0, 0.0625
surrogate, 89, 20.0, 0.0625
surrogate, 89, 20.0, 0.0625
surrogate, 89, 20.0, 0.0625
surrogate, 89, 20.0, 0.0625
surrogate, 89, 20.0, 0.0625
surrogate, 89, 20.0, 0.0625
surrogate, 89, 20.0, 0.0625
surrogate, 89, 20.0, 0.0625
surrogate, 89, 20.0, 0.0625
surrogate, 89, 20.0, 0.0625
surrogate, 89, 20.0, 0.0625
surrogate, 89, 20.0, 0.0625
surrogate, 89, 20.0, 0.0625
surrogate, 89, 20.0, 0.0625
surrogate, 89, 20.0, 0.0625
surrogate, 89, 20.0, 0.0625
surrogate, 89, 20.0, 0.0625
surrogate, 89, 20.0, 0.0625
surrogate, 89, 20.0, 0.0625
surrogate, 89, 20.0, 0.0625
surrogate, 89, 20.0, 0.0625
surrogate, 89, 20.0, 0.0625
surrogate, 89, 20.0, 0.0625
surrogate, 89, 20.0, 0.0625
surrogate, 89, 20.0, 0.0625
surrogate, 89, 20.0, 0.0625
surrogate, 89, 20.0, 0.0625
surrogate, 89, 20.0, 0.0625
surrogate, 89, 20.0, 0.0625
surrogate, 89, 20.0, 0.0625
surrogate, 89, 20.0, 0.0625
surrogate, 89, 20.0, 0.0625
surrogate, 89, 20.0, 0.0625
surrogate, 89, 20.0, 0.0625
surrogate, 89, 20.0, 0.0625
surrogate, 89, 20.0, 0.0625
surrogate, 89, 20.0, 0.0625
surrogate, 90, 32.0, 0.9375
surrogate, 90, 32.0, 0.9375
surrogate, 90, 32.0, 0.9375
surrogate, 90, 32.0, 0.9375
surrogate, 90, 32.0, 0.9375
surrogate, 90, 32.0, 0.9375
surrogate, 90, 32.0, 0.9375
surrogate, 90, 31.0, 0.84375
surrogate, 90, 31.0, 0.84375
surrogate, 90, 31.0, 0.84375
surrogate, 90, 31.0, 0.84375
surrogate, 90, 31.0, 0.84375
surrogate, 90, 31.0, 0.84375
surrogate, 90, 31.0, 0.84375
surrogate, 90, 31.0, 0.84375
surrogate, 90, 30.0, 0.71875
surrogate, 90, 30.0, 0.71875
surrogate, 90, 30.0, 0.71875
surrogate, 90, 30.0, 0.71875
surrogate, 90, 30.0, 0.71875
surrogate, 90, 30.0, 0.71875
surrogate, 90, 30.0, 0.71875
surrogate, 90, 30.0, 0.71875
surrogate, 90, 30.0, 0.71875
surrogate, 90, 30.0, 0.71875
surrogate, 90, 30.0, 0.71875
surrogate, 90, 30.0, 0.71875
surrogate, 90, 30.0, 0.71875
surrogate, 90, 30.0, 0.71875
surrogate, 90, 30.0, 0.71875
surrogate, 90, 30.0, 0.71875
surrogate, 90, 30.0, 0.71875
surrogate, 90, 28.0, 0.59375
surrogate, 90, 28.0, 0.59375
surrogate, 90, 27.0, 0.53125
surrogate, 90, 27.0, 0.53125
surrogate, 90, 27.0, 0.53125
surrogate, 90, 27.0, 0.53125
surrogate, 90, 27.0, 0.53125
surrogate, 90, 27.0, 0.53125
surrogate, 90, 27.0, 0.53125
surrogate, 90, 27.0, 0.53125
surrogate, 90, 27.0, 0.53125
surrogate, 90, 27.0, 0.53125
surrogate, 90, 27.0, 0.53125
surrogate, 90, 27.0, 0.53125
surrogate, 90, 27.0, 0.53125
surrogate, 90, 27.0, 0.53125
surrogate, 90, 27.0, 0.53125
surrogate, 90, 27.0, 0.53125
surrogate, 90, 27.0, 0.53125
surrogate, 90, 27.0, 0.53125
surrogate, 90, 27.0, 0.53125
surrogate, 90, 27.0, 0.53125
surrogate, 90, 27.0, 0.53125
surrogate, 90, 26.0, 0.46875
surrogate, 90, 26.0, 0.46875
surrogate, 90, 26.0, 0.46875
surrogate, 90, 26.0, 0.46875
surrogate, 90, 26.0, 0.46875
surrogate, 90, 26.0, 0.46875
surrogate, 90, 26.0, 0.46875
surrogate, 90, 26.0, 0.46875
surrogate, 90, 26.0, 0.46875
surrogate, 90, 26.0, 0.46875
surrogate, 90, 26.0, 0.46875
surrogate, 90, 26.0, 0.46875
surrogate, 90, 26.0, 0.46875
surrogate, 90, 26.0, 0.46875
surrogate, 90, 26.0, 0.46875
surrogate, 90, 26.0, 0.46875
surrogate, 90, 26.0, 0.46875
surrogate, 90, 25.0, 0.40625
surrogate, 90, 25.0, 0.40625
surrogate, 90, 25.0, 0.40625
surrogate, 90, 25.0, 0.40625
surrogate, 90, 25.0, 0.40625
surrogate, 90, 25.0, 0.40625
surrogate, 90, 25.0, 0.40625
surrogate, 90, 25.0, 0.40625
surrogate, 90, 25.0, 0.40625
surrogate, 90, 25.0, 0.40625
surrogate, 90, 25.0, 0.40625
surrogate, 90, 25.0, 0.40625
surrogate, 90, 25.0, 0.40625
surrogate, 90, 25.0, 0.40625
surrogate, 90, 25.0, 0.40625
surrogate, 90, 25.0, 0.40625
surrogate, 90, 25.0, 0.40625
surrogate, 90, 25.0, 0.40625
surrogate, 90, 25.0, 0.40625
surrogate, 90, 25.0, 0.40625
surrogate, 90, 25.0, 0.40625
surrogate, 90, 25.0, 0.40625
surrogate, 90, 25.0, 0.40625
surrogate, 90, 25.0, 0.40625
surrogate, 90, 25.0, 0.40625
surrogate, 90, 24.0, 0.34375
surrogate, 90, 24.0, 0.34375
surrogate, 90, 24.0, 0.34375
surrogate, 90, 24.0, 0.34375
surrogate, 90, 24.0, 0.34375
surrogate, 90, 24.0, 0.34375
surrogate, 90, 24.0, 0.34375
surrogate, 90, 24.0, 0.34375
surrogate, 90, 24.0, 0.34375
surrogate, 90, 24.0, 0.34375
surrogate, 90, 24.0, 0.34375
surrogate, 90, 24.0, 0.34375
surrogate, 90, 24.0, 0.34375
surrogate, 90, 24.0, 0.34375
surrogate, 90, 24.0, 0.34375
surrogate, 90, 24.0, 0.34375
surrogate, 90, 24.0, 0.34375
surrogate, 90, 24.0, 0.34375
surrogate, 90, 24.0, 0.34375
surrogate, 90, 24.0, 0.34375
surrogate, 90, 24.0, 0.34375
surrogate, 90, 24.0, 0.34375
surrogate, 90, 24.0, 0.34375
surrogate, 90, 24.0, 0.34375
surrogate, 90, 24.0, 0.34375
surrogate, 90, 24.0, 0.34375
surrogate, 90, 24.0, 0.34375
surrogate, 90, 24.0, 0.34375
surrogate, 90, 24.0, 0.34375
surrogate, 90, 24.0, 0.34375
surrogate, 90, 24.0, 0.34375
surrogate, 90, 24.0, 0.34375
surrogate, 90, 24.0, 0.34375
surrogate, 90, 24.0, 0.34375
surrogate, 90, 24.0, 0.34375
surrogate, 90, 24.0, 0.34375
surrogate, 90, 24.0, 0.34375
surrogate, 90, 24.0, 0.34375
surrogate, 90, 23.0, 0.3125
surrogate, 90, 23.0, 0.3125
surrogate, 90, 23.0, 0.3125
surrogate, 90, 23.0, 0.3125
surrogate, 90, 23.0, 0.3125
surrogate, 90, 23.0, 0.3125
surrogate, 90, 23.0, 0.3125
surrogate, 90, 23.0, 0.3125
surrogate, 90, 23.0, 0.3125
surrogate, 90, 23.0, 0.3125
surrogate, 90, 23.0, 0.3125
surrogate, 90, 23.0, 0.3125
surrogate, 90, 23.0, 0.3125
surrogate, 90, 23.0, 0.3125
surrogate, 90, 23.0, 0.3125
surrogate, 90, 23.0, 0.3125
surrogate, 90, 23.0, 0.3125
surrogate, 90, 23.0, 0.3125
surrogate, 90, 23.0, 0.3125
surrogate, 90, 23.0, 0.3125
surrogate, 90, 23.0, 0.3125
surrogate, 90, 23.0, 0.3125
surrogate, 90, 23.0, 0.3125
surrogate, 90, 23.0, 0.3125
surrogate, 90, 23.0, 0.3125
surrogate, 90, 23.0, 0.3125
surrogate, 90, 23.0, 0.3125
surrogate, 90, 20.0, 0.0625
surrogate, 90, 20.0, 0.0625
surrogate, 90, 20.0, 0.0625
surrogate, 90, 20.0, 0.0625
surrogate, 90, 20.0, 0.0625
surrogate, 90, 20.0, 0.0625
surrogate, 90, 20.0, 0.0625
surrogate, 90, 20.0, 0.0625
surrogate, 90, 20.0, 0.0625
surrogate, 90, 20.0, 0.0625
surrogate, 90, 20.0, 0.0625
surrogate, 90, 20.0, 0.0625
surrogate, 90, 20.0, 0.0625
surrogate, 90, 20.0, 0.0625
surrogate, 90, 20.0, 0.0625
surrogate, 90, 20.0, 0.0625
surrogate, 90, 20.0, 0.0625
surrogate, 90, 20.0, 0.0625
surrogate, 90, 20.0, 0.0625
surrogate, 90, 20.0, 0.0625
surrogate, 90, 20.0, 0.0625
surrogate, 90, 20.0, 0.0625
surrogate, 90, 20.0, 0.0625
surrogate, 90, 20.0, 0.0625
surrogate, 90, 20.0, 0.0625
surrogate, 90, 20.0, 0.0625
surrogate, 90, 20.0, 0.0625
surrogate, 90, 20.0, 0.0625
surrogate, 90, 20.0, 0.0625
surrogate, 90, 20.0, 0.0625
surrogate, 90, 20.0, 0.0625
surrogate, 90, 20.0, 0.0625
surrogate, 90, 20.0, 0.0625
surrogate, 90, 20.0, 0.0625
surrogate, 90, 20.0, 0.0625
surrogate, 90, 20.0, 0.0625
surrogate, 90, 20.0, 0.0625
surrogate, 90, 20.0, 0.0625
surrogate, 90, 20.0, 0.0625
surrogate, 90, 20.0, 0.0625
surrogate, 90, 20.0, 0.0625
surrogate, 90, 20.0, 0.0625
surrogate, 90, 20.0, 0.0625
surrogate, 90, 20.0, 0.0625
surrogate, 90, 20.0, 0.0625
surrogate, 90, 20.0, 0.0625
surrogate, 90, 20.0, 0.0625
surrogate, 90, 20.0, 0.0625
surrogate, 90, 20.0, 0.0625
surrogate, 90, 20.0, 0.0625
surrogate, 90, 20.0, 0.0625
surrogate, 90, 20.0, 0.0625
surrogate, 90, 20.0, 0.0625
surrogate, 90, 20.0, 0.0625
surrogate, 90, 20.0, 0.0625
surrogate, 90, 20.0, 0.0625
surrogate, 90, 20.0, 0.0625
surrogate, 90, 20.0, 0.0625
surrogate, 90, 20.0, 0.0625
surrogate, 90, 20.0, 0.0625
surrogate, 90, 20.0, 0.0625
surrogate, 90, 20.0, 0.0625
surrogate, 90, 20.0, 0.0625
surrogate, 91, 32.0, 0.9375
surrogate, 91, 32.0, 0.9375
surrogate, 91, 32.0, 0.9375
surrogate, 91, 32.0, 0.9375
surrogate, 91, 32.0, 0.9375
surrogate, 91, 32.0, 0.9375
surrogate, 91, 32.0, 0.9375
surrogate, 91, 31.0, 0.84375
surrogate, 91, 31.0, 0.84375
surrogate, 91, 31.0, 0.84375
surrogate, 91, 31.0, 0.84375
surrogate, 91, 31.0, 0.84375
surrogate, 91, 31.0, 0.84375
surrogate, 91, 31.0, 0.84375
surrogate, 91, 31.0, 0.84375
surrogate, 91, 30.0, 0.71875
surrogate, 91, 30.0, 0.71875
surrogate, 91, 30.0, 0.71875
surrogate, 91, 30.0, 0.71875
surrogate, 91, 30.0, 0.71875
surrogate, 91, 30.0, 0.71875
surrogate, 91, 30.0, 0.71875
surrogate, 91, 30.0, 0.71875
surrogate, 91, 30.0, 0.71875
surrogate, 91, 30.0, 0.71875
surrogate, 91, 30.0, 0.71875
surrogate, 91, 30.0, 0.71875
surrogate, 91, 30.0, 0.71875
surrogate, 91, 30.0, 0.71875
surrogate, 91, 30.0, 0.71875
surrogate, 91, 30.0, 0.71875
surrogate, 91, 30.0, 0.71875
surrogate, 91, 28.0, 0.59375
surrogate, 91, 28.0, 0.59375
surrogate, 91, 27.0, 0.53125
surrogate, 91, 27.0, 0.53125
surrogate, 91, 27.0, 0.53125
surrogate, 91, 27.0, 0.53125
surrogate, 91, 27.0, 0.53125
surrogate, 91, 27.0, 0.53125
surrogate, 91, 27.0, 0.53125
surrogate, 91, 27.0, 0.53125
surrogate, 91, 27.0, 0.53125
surrogate, 91, 27.0, 0.53125
surrogate, 91, 27.0, 0.53125
surrogate, 91, 27.0, 0.53125
surrogate, 91, 27.0, 0.53125
surrogate, 91, 27.0, 0.53125
surrogate, 91, 27.0, 0.53125
surrogate, 91, 27.0, 0.53125
surrogate, 91, 27.0, 0.53125
surrogate, 91, 27.0, 0.53125
surrogate, 91, 27.0, 0.53125
surrogate, 91, 27.0, 0.53125
surrogate, 91, 27.0, 0.53125
surrogate, 91, 26.0, 0.46875
surrogate, 91, 26.0, 0.46875
surrogate, 91, 26.0, 0.46875
surrogate, 91, 26.0, 0.46875
surrogate, 91, 26.0, 0.46875
surrogate, 91, 26.0, 0.46875
surrogate, 91, 26.0, 0.46875
surrogate, 91, 26.0, 0.46875
surrogate, 91, 26.0, 0.46875
surrogate, 91, 26.0, 0.46875
surrogate, 91, 26.0, 0.46875
surrogate, 91, 26.0, 0.46875
surrogate, 91, 26.0, 0.46875
surrogate, 91, 26.0, 0.46875
surrogate, 91, 26.0, 0.46875
surrogate, 91, 26.0, 0.46875
surrogate, 91, 26.0, 0.46875
surrogate, 91, 25.0, 0.40625
surrogate, 91, 25.0, 0.40625
surrogate, 91, 25.0, 0.40625
surrogate, 91, 25.0, 0.40625
surrogate, 91, 25.0, 0.40625
surrogate, 91, 25.0, 0.40625
surrogate, 91, 25.0, 0.40625
surrogate, 91, 25.0, 0.40625
surrogate, 91, 25.0, 0.40625
surrogate, 91, 25.0, 0.40625
surrogate, 91, 25.0, 0.40625
surrogate, 91, 25.0, 0.40625
surrogate, 91, 25.0, 0.40625
surrogate, 91, 25.0, 0.40625
surrogate, 91, 25.0, 0.40625
surrogate, 91, 25.0, 0.40625
surrogate, 91, 25.0, 0.40625
surrogate, 91, 25.0, 0.40625
surrogate, 91, 25.0, 0.40625
surrogate, 91, 25.0, 0.40625
surrogate, 91, 25.0, 0.40625
surrogate, 91, 25.0, 0.40625
surrogate, 91, 25.0, 0.40625
surrogate, 91, 25.0, 0.40625
surrogate, 91, 25.0, 0.40625
surrogate, 91, 24.0, 0.34375
surrogate, 91, 24.0, 0.34375
surrogate, 91, 24.0, 0.34375
surrogate, 91, 24.0, 0.34375
surrogate, 91, 24.0, 0.34375
surrogate, 91, 24.0, 0.34375
surrogate, 91, 24.0, 0.34375
surrogate, 91, 24.0, 0.34375
surrogate, 91, 24.0, 0.34375
surrogate, 91, 24.0, 0.34375
surrogate, 91, 24.0, 0.34375
surrogate, 91, 24.0, 0.34375
surrogate, 91, 24.0, 0.34375
surrogate, 91, 24.0, 0.34375
surrogate, 91, 24.0, 0.34375
surrogate, 91, 24.0, 0.34375
surrogate, 91, 24.0, 0.34375
surrogate, 91, 24.0, 0.34375
surrogate, 91, 24.0, 0.34375
surrogate, 91, 24.0, 0.34375
surrogate, 91, 24.0, 0.34375
surrogate, 91, 24.0, 0.34375
surrogate, 91, 24.0, 0.34375
surrogate, 91, 24.0, 0.34375
surrogate, 91, 24.0, 0.34375
surrogate, 91, 24.0, 0.34375
surrogate, 91, 24.0, 0.34375
surrogate, 91, 24.0, 0.34375
surrogate, 91, 24.0, 0.34375
surrogate, 91, 24.0, 0.34375
surrogate, 91, 24.0, 0.34375
surrogate, 91, 24.0, 0.34375
surrogate, 91, 24.0, 0.34375
surrogate, 91, 24.0, 0.34375
surrogate, 91, 24.0, 0.34375
surrogate, 91, 24.0, 0.34375
surrogate, 91, 24.0, 0.34375
surrogate, 91, 24.0, 0.34375
surrogate, 91, 23.0, 0.3125
surrogate, 91, 23.0, 0.3125
surrogate, 91, 23.0, 0.3125
surrogate, 91, 23.0, 0.3125
surrogate, 91, 23.0, 0.3125
surrogate, 91, 23.0, 0.3125
surrogate, 91, 23.0, 0.3125
surrogate, 91, 23.0, 0.3125
surrogate, 91, 23.0, 0.3125
surrogate, 91, 23.0, 0.3125
surrogate, 91, 23.0, 0.3125
surrogate, 91, 23.0, 0.3125
surrogate, 91, 23.0, 0.3125
surrogate, 91, 23.0, 0.3125
surrogate, 91, 23.0, 0.3125
surrogate, 91, 23.0, 0.3125
surrogate, 91, 23.0, 0.3125
surrogate, 91, 23.0, 0.3125
surrogate, 91, 23.0, 0.3125
surrogate, 91, 23.0, 0.3125
surrogate, 91, 23.0, 0.3125
surrogate, 91, 23.0, 0.3125
surrogate, 91, 23.0, 0.3125
surrogate, 91, 23.0, 0.3125
surrogate, 91, 23.0, 0.3125
surrogate, 91, 23.0, 0.3125
surrogate, 91, 23.0, 0.3125
surrogate, 91, 20.0, 0.0625
surrogate, 91, 20.0, 0.0625
surrogate, 91, 20.0, 0.0625
surrogate, 91, 20.0, 0.0625
surrogate, 91, 20.0, 0.0625
surrogate, 91, 20.0, 0.0625
surrogate, 91, 20.0, 0.0625
surrogate, 91, 20.0, 0.0625
surrogate, 91, 20.0, 0.0625
surrogate, 91, 20.0, 0.0625
surrogate, 91, 20.0, 0.0625
surrogate, 91, 20.0, 0.0625
surrogate, 91, 20.0, 0.0625
surrogate, 91, 20.0, 0.0625
surrogate, 91, 20.0, 0.0625
surrogate, 91, 20.0, 0.0625
surrogate, 91, 20.0, 0.0625
surrogate, 91, 20.0, 0.0625
surrogate, 91, 20.0, 0.0625
surrogate, 91, 20.0, 0.0625
surrogate, 91, 20.0, 0.0625
surrogate, 91, 20.0, 0.0625
surrogate, 91, 20.0, 0.0625
surrogate, 91, 20.0, 0.0625
surrogate, 91, 20.0, 0.0625
surrogate, 91, 20.0, 0.0625
surrogate, 91, 20.0, 0.0625
surrogate, 91, 20.0, 0.0625
surrogate, 91, 20.0, 0.0625
surrogate, 91, 20.0, 0.0625
surrogate, 91, 20.0, 0.0625
surrogate, 91, 20.0, 0.0625
surrogate, 91, 20.0, 0.0625
surrogate, 91, 20.0, 0.0625
surrogate, 91, 20.0, 0.0625
surrogate, 91, 20.0, 0.0625
surrogate, 91, 20.0, 0.0625
surrogate, 91, 20.0, 0.0625
surrogate, 91, 20.0, 0.0625
surrogate, 91, 20.0, 0.0625
surrogate, 91, 20.0, 0.0625
surrogate, 91, 20.0, 0.0625
surrogate, 91, 20.0, 0.0625
surrogate, 91, 20.0, 0.0625
surrogate, 91, 20.0, 0.0625
surrogate, 91, 20.0, 0.0625
surrogate, 91, 20.0, 0.0625
surrogate, 91, 20.0, 0.0625
surrogate, 91, 20.0, 0.0625
surrogate, 91, 20.0, 0.0625
surrogate, 91, 20.0, 0.0625
surrogate, 91, 20.0, 0.0625
surrogate, 91, 20.0, 0.0625
surrogate, 91, 20.0, 0.0625
surrogate, 91, 20.0, 0.0625
surrogate, 91, 20.0, 0.0625
surrogate, 91, 20.0, 0.0625
surrogate, 91, 20.0, 0.0625
surrogate, 91, 20.0, 0.0625
surrogate, 91, 20.0, 0.0625
surrogate, 91, 20.0, 0.0625
surrogate, 91, 20.0, 0.0625
surrogate, 91, 20.0, 0.0625
surrogate, 92, 32.0, 0.9375
surrogate, 92, 32.0, 0.9375
surrogate, 92, 32.0, 0.9375
surrogate, 92, 32.0, 0.9375
surrogate, 92, 32.0, 0.9375
surrogate, 92, 32.0, 0.9375
surrogate, 92, 32.0, 0.9375
surrogate, 92, 32.0, 0.9375
surrogate, 92, 31.0, 0.84375
surrogate, 92, 31.0, 0.84375
surrogate, 92, 31.0, 0.84375
surrogate, 92, 31.0, 0.84375
surrogate, 92, 31.0, 0.84375
surrogate, 92, 31.0, 0.84375
surrogate, 92, 31.0, 0.84375
surrogate, 92, 31.0, 0.84375
surrogate, 92, 30.0, 0.71875
surrogate, 92, 30.0, 0.71875
surrogate, 92, 30.0, 0.71875
surrogate, 92, 30.0, 0.71875
surrogate, 92, 30.0, 0.71875
surrogate, 92, 30.0, 0.71875
surrogate, 92, 30.0, 0.71875
surrogate, 92, 30.0, 0.71875
surrogate, 92, 30.0, 0.71875
surrogate, 92, 30.0, 0.71875
surrogate, 92, 30.0, 0.71875
surrogate, 92, 30.0, 0.71875
surrogate, 92, 30.0, 0.71875
surrogate, 92, 30.0, 0.71875
surrogate, 92, 30.0, 0.71875
surrogate, 92, 30.0, 0.71875
surrogate, 92, 30.0, 0.71875
surrogate, 92, 30.0, 0.71875
surrogate, 92, 29.0, 0.625
surrogate, 92, 28.0, 0.59375
surrogate, 92, 28.0, 0.59375
surrogate, 92, 27.0, 0.53125
surrogate, 92, 27.0, 0.53125
surrogate, 92, 27.0, 0.53125
surrogate, 92, 27.0, 0.53125
surrogate, 92, 27.0, 0.53125
surrogate, 92, 27.0, 0.53125
surrogate, 92, 27.0, 0.53125
surrogate, 92, 27.0, 0.53125
surrogate, 92, 27.0, 0.53125
surrogate, 92, 27.0, 0.53125
surrogate, 92, 27.0, 0.53125
surrogate, 92, 27.0, 0.53125
surrogate, 92, 27.0, 0.53125
surrogate, 92, 27.0, 0.53125
surrogate, 92, 27.0, 0.53125
surrogate, 92, 27.0, 0.53125
surrogate, 92, 27.0, 0.53125
surrogate, 92, 27.0, 0.53125
surrogate, 92, 27.0, 0.53125
surrogate, 92, 27.0, 0.53125
surrogate, 92, 27.0, 0.53125
surrogate, 92, 27.0, 0.53125
surrogate, 92, 26.0, 0.46875
surrogate, 92, 26.0, 0.46875
surrogate, 92, 26.0, 0.46875
surrogate, 92, 26.0, 0.46875
surrogate, 92, 26.0, 0.46875
surrogate, 92, 26.0, 0.46875
surrogate, 92, 26.0, 0.46875
surrogate, 92, 26.0, 0.46875
surrogate, 92, 26.0, 0.46875
surrogate, 92, 26.0, 0.46875
surrogate, 92, 26.0, 0.46875
surrogate, 92, 26.0, 0.46875
surrogate, 92, 26.0, 0.46875
surrogate, 92, 26.0, 0.46875
surrogate, 92, 26.0, 0.46875
surrogate, 92, 26.0, 0.46875
surrogate, 92, 26.0, 0.46875
surrogate, 92, 25.0, 0.40625
surrogate, 92, 25.0, 0.40625
surrogate, 92, 25.0, 0.40625
surrogate, 92, 25.0, 0.40625
surrogate, 92, 25.0, 0.40625
surrogate, 92, 25.0, 0.40625
surrogate, 92, 25.0, 0.40625
surrogate, 92, 25.0, 0.40625
surrogate, 92, 25.0, 0.40625
surrogate, 92, 25.0, 0.40625
surrogate, 92, 25.0, 0.40625
surrogate, 92, 25.0, 0.40625
surrogate, 92, 25.0, 0.40625
surrogate, 92, 25.0, 0.40625
surrogate, 92, 25.0, 0.40625
surrogate, 92, 25.0, 0.40625
surrogate, 92, 25.0, 0.40625
surrogate, 92, 25.0, 0.40625
surrogate, 92, 25.0, 0.40625
surrogate, 92, 25.0, 0.40625
surrogate, 92, 25.0, 0.40625
surrogate, 92, 25.0, 0.40625
surrogate, 92, 25.0, 0.40625
surrogate, 92, 25.0, 0.40625
surrogate, 92, 25.0, 0.40625
surrogate, 92, 24.0, 0.34375
surrogate, 92, 24.0, 0.34375
surrogate, 92, 24.0, 0.34375
surrogate, 92, 24.0, 0.34375
surrogate, 92, 24.0, 0.34375
surrogate, 92, 24.0, 0.34375
surrogate, 92, 24.0, 0.34375
surrogate, 92, 24.0, 0.34375
surrogate, 92, 24.0, 0.34375
surrogate, 92, 24.0, 0.34375
surrogate, 92, 24.0, 0.34375
surrogate, 92, 24.0, 0.34375
surrogate, 92, 24.0, 0.34375
surrogate, 92, 24.0, 0.34375
surrogate, 92, 24.0, 0.34375
surrogate, 92, 24.0, 0.34375
surrogate, 92, 24.0, 0.34375
surrogate, 92, 24.0, 0.34375
surrogate, 92, 24.0, 0.34375
surrogate, 92, 24.0, 0.34375
surrogate, 92, 24.0, 0.34375
surrogate, 92, 24.0, 0.34375
surrogate, 92, 24.0, 0.34375
surrogate, 92, 24.0, 0.34375
surrogate, 92, 24.0, 0.34375
surrogate, 92, 24.0, 0.34375
surrogate, 92, 24.0, 0.34375
surrogate, 92, 24.0, 0.34375
surrogate, 92, 24.0, 0.34375
surrogate, 92, 24.0, 0.34375
surrogate, 92, 24.0, 0.34375
surrogate, 92, 24.0, 0.34375
surrogate, 92, 24.0, 0.34375
surrogate, 92, 24.0, 0.34375
surrogate, 92, 24.0, 0.34375
surrogate, 92, 24.0, 0.34375
surrogate, 92, 24.0, 0.34375
surrogate, 92, 24.0, 0.34375
surrogate, 92, 24.0, 0.34375
surrogate, 92, 23.0, 0.3125
surrogate, 92, 23.0, 0.3125
surrogate, 92, 23.0, 0.3125
surrogate, 92, 23.0, 0.3125
surrogate, 92, 23.0, 0.3125
surrogate, 92, 23.0, 0.3125
surrogate, 92, 23.0, 0.3125
surrogate, 92, 23.0, 0.3125
surrogate, 92, 23.0, 0.3125
surrogate, 92, 23.0, 0.3125
surrogate, 92, 23.0, 0.3125
surrogate, 92, 23.0, 0.3125
surrogate, 92, 23.0, 0.3125
surrogate, 92, 23.0, 0.3125
surrogate, 92, 23.0, 0.3125
surrogate, 92, 23.0, 0.3125
surrogate, 92, 23.0, 0.3125
surrogate, 92, 23.0, 0.3125
surrogate, 92, 23.0, 0.3125
surrogate, 92, 23.0, 0.3125
surrogate, 92, 23.0, 0.3125
surrogate, 92, 23.0, 0.3125
surrogate, 92, 23.0, 0.3125
surrogate, 92, 23.0, 0.3125
surrogate, 92, 23.0, 0.3125
surrogate, 92, 23.0, 0.3125
surrogate, 92, 23.0, 0.3125
surrogate, 92, 20.0, 0.0625
surrogate, 92, 20.0, 0.0625
surrogate, 92, 20.0, 0.0625
surrogate, 92, 20.0, 0.0625
surrogate, 92, 20.0, 0.0625
surrogate, 92, 20.0, 0.0625
surrogate, 92, 20.0, 0.0625
surrogate, 92, 20.0, 0.0625
surrogate, 92, 20.0, 0.0625
surrogate, 92, 20.0, 0.0625
surrogate, 92, 20.0, 0.0625
surrogate, 92, 20.0, 0.0625
surrogate, 92, 20.0, 0.0625
surrogate, 92, 20.0, 0.0625
surrogate, 92, 20.0, 0.0625
surrogate, 92, 20.0, 0.0625
surrogate, 92, 20.0, 0.0625
surrogate, 92, 20.0, 0.0625
surrogate, 92, 20.0, 0.0625
surrogate, 92, 20.0, 0.0625
surrogate, 92, 20.0, 0.0625
surrogate, 92, 20.0, 0.0625
surrogate, 92, 20.0, 0.0625
surrogate, 92, 20.0, 0.0625
surrogate, 92, 20.0, 0.0625
surrogate, 92, 20.0, 0.0625
surrogate, 92, 20.0, 0.0625
surrogate, 92, 20.0, 0.0625
surrogate, 92, 20.0, 0.0625
surrogate, 92, 20.0, 0.0625
surrogate, 92, 20.0, 0.0625
surrogate, 92, 20.0, 0.0625
surrogate, 92, 20.0, 0.0625
surrogate, 92, 20.0, 0.0625
surrogate, 92, 20.0, 0.0625
surrogate, 92, 20.0, 0.0625
surrogate, 92, 20.0, 0.0625
surrogate, 92, 20.0, 0.0625
surrogate, 92, 20.0, 0.0625
surrogate, 92, 20.0, 0.0625
surrogate, 92, 20.0, 0.0625
surrogate, 92, 20.0, 0.0625
surrogate, 92, 20.0, 0.0625
surrogate, 92, 20.0, 0.0625
surrogate, 92, 20.0, 0.0625
surrogate, 92, 20.0, 0.0625
surrogate, 92, 20.0, 0.0625
surrogate, 92, 20.0, 0.0625
surrogate, 92, 20.0, 0.0625
surrogate, 92, 20.0, 0.0625
surrogate, 92, 20.0, 0.0625
surrogate, 92, 20.0, 0.0625
surrogate, 92, 20.0, 0.0625
surrogate, 92, 20.0, 0.0625
surrogate, 92, 20.0, 0.0625
surrogate, 92, 20.0, 0.0625
surrogate, 92, 20.0, 0.0625
surrogate, 92, 20.0, 0.0625
surrogate, 92, 20.0, 0.0625
surrogate, 92, 20.0, 0.0625
surrogate, 92, 20.0, 0.0625
surrogate, 92, 20.0, 0.0625
surrogate, 92, 20.0, 0.0625
surrogate, 93, 32.0, 0.9375
surrogate, 93, 32.0, 0.9375
surrogate, 93, 32.0, 0.9375
surrogate, 93, 32.0, 0.9375
surrogate, 93, 32.0, 0.9375
surrogate, 93, 32.0, 0.9375
surrogate, 93, 32.0, 0.9375
surrogate, 93, 32.0, 0.9375
surrogate, 93, 31.0, 0.84375
surrogate, 93, 31.0, 0.84375
surrogate, 93, 31.0, 0.84375
surrogate, 93, 31.0, 0.84375
surrogate, 93, 31.0, 0.84375
surrogate, 93, 31.0, 0.84375
surrogate, 93, 31.0, 0.84375
surrogate, 93, 31.0, 0.84375
surrogate, 93, 30.0, 0.71875
surrogate, 93, 30.0, 0.71875
surrogate, 93, 30.0, 0.71875
surrogate, 93, 30.0, 0.71875
surrogate, 93, 30.0, 0.71875
surrogate, 93, 30.0, 0.71875
surrogate, 93, 30.0, 0.71875
surrogate, 93, 30.0, 0.71875
surrogate, 93, 30.0, 0.71875
surrogate, 93, 30.0, 0.71875
surrogate, 93, 30.0, 0.71875
surrogate, 93, 30.0, 0.71875
surrogate, 93, 30.0, 0.71875
surrogate, 93, 30.0, 0.71875
surrogate, 93, 30.0, 0.71875
surrogate, 93, 30.0, 0.71875
surrogate, 93, 30.0, 0.71875
surrogate, 93, 30.0, 0.71875
surrogate, 93, 29.0, 0.625
surrogate, 93, 29.0, 0.625
surrogate, 93, 28.0, 0.59375
surrogate, 93, 28.0, 0.59375
surrogate, 93, 27.0, 0.53125
surrogate, 93, 27.0, 0.53125
surrogate, 93, 27.0, 0.53125
surrogate, 93, 27.0, 0.53125
surrogate, 93, 27.0, 0.53125
surrogate, 93, 27.0, 0.53125
surrogate, 93, 27.0, 0.53125
surrogate, 93, 27.0, 0.53125
surrogate, 93, 27.0, 0.53125
surrogate, 93, 27.0, 0.53125
surrogate, 93, 27.0, 0.53125
surrogate, 93, 27.0, 0.53125
surrogate, 93, 27.0, 0.53125
surrogate, 93, 27.0, 0.53125
surrogate, 93, 27.0, 0.53125
surrogate, 93, 27.0, 0.53125
surrogate, 93, 27.0, 0.53125
surrogate, 93, 27.0, 0.53125
surrogate, 93, 27.0, 0.53125
surrogate, 93, 27.0, 0.53125
surrogate, 93, 27.0, 0.53125
surrogate, 93, 27.0, 0.53125
surrogate, 93, 26.0, 0.46875
surrogate, 93, 26.0, 0.46875
surrogate, 93, 26.0, 0.46875
surrogate, 93, 26.0, 0.46875
surrogate, 93, 26.0, 0.46875
surrogate, 93, 26.0, 0.46875
surrogate, 93, 26.0, 0.46875
surrogate, 93, 26.0, 0.46875
surrogate, 93, 26.0, 0.46875
surrogate, 93, 26.0, 0.46875
surrogate, 93, 26.0, 0.46875
surrogate, 93, 26.0, 0.46875
surrogate, 93, 26.0, 0.46875
surrogate, 93, 26.0, 0.46875
surrogate, 93, 26.0, 0.46875
surrogate, 93, 26.0, 0.46875
surrogate, 93, 26.0, 0.46875
surrogate, 93, 25.0, 0.40625
surrogate, 93, 25.0, 0.40625
surrogate, 93, 25.0, 0.40625
surrogate, 93, 25.0, 0.40625
surrogate, 93, 25.0, 0.40625
surrogate, 93, 25.0, 0.40625
surrogate, 93, 25.0, 0.40625
surrogate, 93, 25.0, 0.40625
surrogate, 93, 25.0, 0.40625
surrogate, 93, 25.0, 0.40625
surrogate, 93, 25.0, 0.40625
surrogate, 93, 25.0, 0.40625
surrogate, 93, 25.0, 0.40625
surrogate, 93, 25.0, 0.40625
surrogate, 93, 25.0, 0.40625
surrogate, 93, 25.0, 0.40625
surrogate, 93, 25.0, 0.40625
surrogate, 93, 25.0, 0.40625
surrogate, 93, 25.0, 0.40625
surrogate, 93, 25.0, 0.40625
surrogate, 93, 25.0, 0.40625
surrogate, 93, 25.0, 0.40625
surrogate, 93, 25.0, 0.40625
surrogate, 93, 25.0, 0.40625
surrogate, 93, 25.0, 0.40625
surrogate, 93, 25.0, 0.40625
surrogate, 93, 24.0, 0.34375
surrogate, 93, 24.0, 0.34375
surrogate, 93, 24.0, 0.34375
surrogate, 93, 24.0, 0.34375
surrogate, 93, 24.0, 0.34375
surrogate, 93, 24.0, 0.34375
surrogate, 93, 24.0, 0.34375
surrogate, 93, 24.0, 0.34375
surrogate, 93, 24.0, 0.34375
surrogate, 93, 24.0, 0.34375
surrogate, 93, 24.0, 0.34375
surrogate, 93, 24.0, 0.34375
surrogate, 93, 24.0, 0.34375
surrogate, 93, 24.0, 0.34375
surrogate, 93, 24.0, 0.34375
surrogate, 93, 24.0, 0.34375
surrogate, 93, 24.0, 0.34375
surrogate, 93, 24.0, 0.34375
surrogate, 93, 24.0, 0.34375
surrogate, 93, 24.0, 0.34375
surrogate, 93, 24.0, 0.34375
surrogate, 93, 24.0, 0.34375
surrogate, 93, 24.0, 0.34375
surrogate, 93, 24.0, 0.34375
surrogate, 93, 24.0, 0.34375
surrogate, 93, 24.0, 0.34375
surrogate, 93, 24.0, 0.34375
surrogate, 93, 24.0, 0.34375
surrogate, 93, 24.0, 0.34375
surrogate, 93, 24.0, 0.34375
surrogate, 93, 24.0, 0.34375
surrogate, 93, 24.0, 0.34375
surrogate, 93, 24.0, 0.34375
surrogate, 93, 24.0, 0.34375
surrogate, 93, 24.0, 0.34375
surrogate, 93, 24.0, 0.34375
surrogate, 93, 24.0, 0.34375
surrogate, 93, 24.0, 0.34375
surrogate, 93, 24.0, 0.34375
surrogate, 93, 23.0, 0.3125
surrogate, 93, 23.0, 0.3125
surrogate, 93, 23.0, 0.3125
surrogate, 93, 23.0, 0.3125
surrogate, 93, 23.0, 0.3125
surrogate, 93, 23.0, 0.3125
surrogate, 93, 23.0, 0.3125
surrogate, 93, 23.0, 0.3125
surrogate, 93, 23.0, 0.3125
surrogate, 93, 23.0, 0.3125
surrogate, 93, 23.0, 0.3125
surrogate, 93, 23.0, 0.3125
surrogate, 93, 23.0, 0.3125
surrogate, 93, 23.0, 0.3125
surrogate, 93, 23.0, 0.3125
surrogate, 93, 23.0, 0.3125
surrogate, 93, 23.0, 0.3125
surrogate, 93, 23.0, 0.3125
surrogate, 93, 23.0, 0.3125
surrogate, 93, 23.0, 0.3125
surrogate, 93, 23.0, 0.3125
surrogate, 93, 23.0, 0.3125
surrogate, 93, 23.0, 0.3125
surrogate, 93, 23.0, 0.3125
surrogate, 93, 23.0, 0.3125
surrogate, 93, 23.0, 0.3125
surrogate, 93, 23.0, 0.3125
surrogate, 93, 23.0, 0.3125
surrogate, 93, 20.0, 0.0625
surrogate, 93, 20.0, 0.0625
surrogate, 93, 20.0, 0.0625
surrogate, 93, 20.0, 0.0625
surrogate, 93, 20.0, 0.0625
surrogate, 93, 20.0, 0.0625
surrogate, 93, 20.0, 0.0625
surrogate, 93, 20.0, 0.0625
surrogate, 93, 20.0, 0.0625
surrogate, 93, 20.0, 0.0625
surrogate, 93, 20.0, 0.0625
surrogate, 93, 20.0, 0.0625
surrogate, 93, 20.0, 0.0625
surrogate, 93, 20.0, 0.0625
surrogate, 93, 20.0, 0.0625
surrogate, 93, 20.0, 0.0625
surrogate, 93, 20.0, 0.0625
surrogate, 93, 20.0, 0.0625
surrogate, 93, 20.0, 0.0625
surrogate, 93, 20.0, 0.0625
surrogate, 93, 20.0, 0.0625
surrogate, 93, 20.0, 0.0625
surrogate, 93, 20.0, 0.0625
surrogate, 93, 20.0, 0.0625
surrogate, 93, 20.0, 0.0625
surrogate, 93, 20.0, 0.0625
surrogate, 93, 20.0, 0.0625
surrogate, 93, 20.0, 0.0625
surrogate, 93, 20.0, 0.0625
surrogate, 93, 20.0, 0.0625
surrogate, 93, 20.0, 0.0625
surrogate, 93, 20.0, 0.0625
surrogate, 93, 20.0, 0.0625
surrogate, 93, 20.0, 0.0625
surrogate, 93, 20.0, 0.0625
surrogate, 93, 20.0, 0.0625
surrogate, 93, 20.0, 0.0625
surrogate, 93, 20.0, 0.0625
surrogate, 93, 20.0, 0.0625
surrogate, 93, 20.0, 0.0625
surrogate, 93, 20.0, 0.0625
surrogate, 93, 20.0, 0.0625
surrogate, 93, 20.0, 0.0625
surrogate, 93, 20.0, 0.0625
surrogate, 93, 20.0, 0.0625
surrogate, 93, 20.0, 0.0625
surrogate, 93, 20.0, 0.0625
surrogate, 93, 20.0, 0.0625
surrogate, 93, 20.0, 0.0625
surrogate, 93, 20.0, 0.0625
surrogate, 93, 20.0, 0.0625
surrogate, 93, 20.0, 0.0625
surrogate, 93, 20.0, 0.0625
surrogate, 93, 20.0, 0.0625
surrogate, 93, 20.0, 0.0625
surrogate, 93, 20.0, 0.0625
surrogate, 93, 20.0, 0.0625
surrogate, 93, 20.0, 0.0625
surrogate, 93, 20.0, 0.0625
surrogate, 93, 20.0, 0.0625
surrogate, 93, 20.0, 0.0625
surrogate, 93, 20.0, 0.0625
surrogate, 93, 20.0, 0.0625
surrogate, 94, 32.0, 0.9375
surrogate, 94, 32.0, 0.9375
surrogate, 94, 32.0, 0.9375
surrogate, 94, 32.0, 0.9375
surrogate, 94, 32.0, 0.9375
surrogate, 94, 32.0, 0.9375
surrogate, 94, 32.0, 0.9375
surrogate, 94, 32.0, 0.9375
surrogate, 94, 31.0, 0.84375
surrogate, 94, 31.0, 0.84375
surrogate, 94, 31.0, 0.84375
surrogate, 94, 31.0, 0.84375
surrogate, 94, 31.0, 0.84375
surrogate, 94, 31.0, 0.84375
surrogate, 94, 31.0, 0.84375
surrogate, 94, 31.0, 0.84375
surrogate, 94, 30.0, 0.71875
surrogate, 94, 30.0, 0.71875
surrogate, 94, 30.0, 0.71875
surrogate, 94, 30.0, 0.71875
surrogate, 94, 30.0, 0.71875
surrogate, 94, 30.0, 0.71875
surrogate, 94, 30.0, 0.71875
surrogate, 94, 30.0, 0.71875
surrogate, 94, 30.0, 0.71875
surrogate, 94, 30.0, 0.71875
surrogate, 94, 30.0, 0.71875
surrogate, 94, 30.0, 0.71875
surrogate, 94, 30.0, 0.71875
surrogate, 94, 30.0, 0.71875
surrogate, 94, 30.0, 0.71875
surrogate, 94, 30.0, 0.71875
surrogate, 94, 30.0, 0.71875
surrogate, 94, 30.0, 0.71875
surrogate, 94, 29.0, 0.625
surrogate, 94, 29.0, 0.625
surrogate, 94, 28.0, 0.59375
surrogate, 94, 28.0, 0.59375
surrogate, 94, 27.0, 0.53125
surrogate, 94, 27.0, 0.53125
surrogate, 94, 27.0, 0.53125
surrogate, 94, 27.0, 0.53125
surrogate, 94, 27.0, 0.53125
surrogate, 94, 27.0, 0.53125
surrogate, 94, 27.0, 0.53125
surrogate, 94, 27.0, 0.53125
surrogate, 94, 27.0, 0.53125
surrogate, 94, 27.0, 0.53125
surrogate, 94, 27.0, 0.53125
surrogate, 94, 27.0, 0.53125
surrogate, 94, 27.0, 0.53125
surrogate, 94, 27.0, 0.53125
surrogate, 94, 27.0, 0.53125
surrogate, 94, 27.0, 0.53125
surrogate, 94, 27.0, 0.53125
surrogate, 94, 27.0, 0.53125
surrogate, 94, 27.0, 0.53125
surrogate, 94, 27.0, 0.53125
surrogate, 94, 27.0, 0.53125
surrogate, 94, 27.0, 0.53125
surrogate, 94, 26.0, 0.46875
surrogate, 94, 26.0, 0.46875
surrogate, 94, 26.0, 0.46875
surrogate, 94, 26.0, 0.46875
surrogate, 94, 26.0, 0.46875
surrogate, 94, 26.0, 0.46875
surrogate, 94, 26.0, 0.46875
surrogate, 94, 26.0, 0.46875
surrogate, 94, 26.0, 0.46875
surrogate, 94, 26.0, 0.46875
surrogate, 94, 26.0, 0.46875
surrogate, 94, 26.0, 0.46875
surrogate, 94, 26.0, 0.46875
surrogate, 94, 26.0, 0.46875
surrogate, 94, 26.0, 0.46875
surrogate, 94, 26.0, 0.46875
surrogate, 94, 26.0, 0.46875
surrogate, 94, 25.0, 0.40625
surrogate, 94, 25.0, 0.40625
surrogate, 94, 25.0, 0.40625
surrogate, 94, 25.0, 0.40625
surrogate, 94, 25.0, 0.40625
surrogate, 94, 25.0, 0.40625
surrogate, 94, 25.0, 0.40625
surrogate, 94, 25.0, 0.40625
surrogate, 94, 25.0, 0.40625
surrogate, 94, 25.0, 0.40625
surrogate, 94, 25.0, 0.40625
surrogate, 94, 25.0, 0.40625
surrogate, 94, 25.0, 0.40625
surrogate, 94, 25.0, 0.40625
surrogate, 94, 25.0, 0.40625
surrogate, 94, 25.0, 0.40625
surrogate, 94, 25.0, 0.40625
surrogate, 94, 25.0, 0.40625
surrogate, 94, 25.0, 0.40625
surrogate, 94, 25.0, 0.40625
surrogate, 94, 25.0, 0.40625
surrogate, 94, 25.0, 0.40625
surrogate, 94, 25.0, 0.40625
surrogate, 94, 25.0, 0.40625
surrogate, 94, 25.0, 0.40625
surrogate, 94, 25.0, 0.40625
surrogate, 94, 24.0, 0.34375
surrogate, 94, 24.0, 0.34375
surrogate, 94, 24.0, 0.34375
surrogate, 94, 24.0, 0.34375
surrogate, 94, 24.0, 0.34375
surrogate, 94, 24.0, 0.34375
surrogate, 94, 24.0, 0.34375
surrogate, 94, 24.0, 0.34375
surrogate, 94, 24.0, 0.34375
surrogate, 94, 24.0, 0.34375
surrogate, 94, 24.0, 0.34375
surrogate, 94, 24.0, 0.34375
surrogate, 94, 24.0, 0.34375
surrogate, 94, 24.0, 0.34375
surrogate, 94, 24.0, 0.34375
surrogate, 94, 24.0, 0.34375
surrogate, 94, 24.0, 0.34375
surrogate, 94, 24.0, 0.34375
surrogate, 94, 24.0, 0.34375
surrogate, 94, 24.0, 0.34375
surrogate, 94, 24.0, 0.34375
surrogate, 94, 24.0, 0.34375
surrogate, 94, 24.0, 0.34375
surrogate, 94, 24.0, 0.34375
surrogate, 94, 24.0, 0.34375
surrogate, 94, 24.0, 0.34375
surrogate, 94, 24.0, 0.34375
surrogate, 94, 24.0, 0.34375
surrogate, 94, 24.0, 0.34375
surrogate, 94, 24.0, 0.34375
surrogate, 94, 24.0, 0.34375
surrogate, 94, 24.0, 0.34375
surrogate, 94, 24.0, 0.34375
surrogate, 94, 24.0, 0.34375
surrogate, 94, 24.0, 0.34375
surrogate, 94, 24.0, 0.34375
surrogate, 94, 24.0, 0.34375
surrogate, 94, 24.0, 0.34375
surrogate, 94, 24.0, 0.34375
surrogate, 94, 24.0, 0.34375
surrogate, 94, 23.0, 0.3125
surrogate, 94, 23.0, 0.3125
surrogate, 94, 23.0, 0.3125
surrogate, 94, 23.0, 0.3125
surrogate, 94, 23.0, 0.3125
surrogate, 94, 23.0, 0.3125
surrogate, 94, 23.0, 0.3125
surrogate, 94, 23.0, 0.3125
surrogate, 94, 23.0, 0.3125
surrogate, 94, 23.0, 0.3125
surrogate, 94, 23.0, 0.3125
surrogate, 94, 23.0, 0.3125
surrogate, 94, 23.0, 0.3125
surrogate, 94, 23.0, 0.3125
surrogate, 94, 23.0, 0.3125
surrogate, 94, 23.0, 0.3125
surrogate, 94, 23.0, 0.3125
surrogate, 94, 23.0, 0.3125
surrogate, 94, 23.0, 0.3125
surrogate, 94, 23.0, 0.3125
surrogate, 94, 23.0, 0.3125
surrogate, 94, 23.0, 0.3125
surrogate, 94, 23.0, 0.3125
surrogate, 94, 23.0, 0.3125
surrogate, 94, 23.0, 0.3125
surrogate, 94, 23.0, 0.3125
surrogate, 94, 23.0, 0.3125
surrogate, 94, 23.0, 0.3125
surrogate, 94, 20.0, 0.0625
surrogate, 94, 20.0, 0.0625
surrogate, 94, 20.0, 0.0625
surrogate, 94, 20.0, 0.0625
surrogate, 94, 20.0, 0.0625
surrogate, 94, 20.0, 0.0625
surrogate, 94, 20.0, 0.0625
surrogate, 94, 20.0, 0.0625
surrogate, 94, 20.0, 0.0625
surrogate, 94, 20.0, 0.0625
surrogate, 94, 20.0, 0.0625
surrogate, 94, 20.0, 0.0625
surrogate, 94, 20.0, 0.0625
surrogate, 94, 20.0, 0.0625
surrogate, 94, 20.0, 0.0625
surrogate, 94, 20.0, 0.0625
surrogate, 94, 20.0, 0.0625
surrogate, 94, 20.0, 0.0625
surrogate, 94, 20.0, 0.0625
surrogate, 94, 20.0, 0.0625
surrogate, 94, 20.0, 0.0625
surrogate, 94, 20.0, 0.0625
surrogate, 94, 20.0, 0.0625
surrogate, 94, 20.0, 0.0625
surrogate, 94, 20.0, 0.0625
surrogate, 94, 20.0, 0.0625
surrogate, 94, 20.0, 0.0625
surrogate, 94, 20.0, 0.0625
surrogate, 94, 20.0, 0.0625
surrogate, 94, 20.0, 0.0625
surrogate, 94, 20.0, 0.0625
surrogate, 94, 20.0, 0.0625
surrogate, 94, 20.0, 0.0625
surrogate, 94, 20.0, 0.0625
surrogate, 94, 20.0, 0.0625
surrogate, 94, 20.0, 0.0625
surrogate, 94, 20.0, 0.0625
surrogate, 94, 20.0, 0.0625
surrogate, 94, 20.0, 0.0625
surrogate, 94, 20.0, 0.0625
surrogate, 94, 20.0, 0.0625
surrogate, 94, 20.0, 0.0625
surrogate, 94, 20.0, 0.0625
surrogate, 94, 20.0, 0.0625
surrogate, 94, 20.0, 0.0625
surrogate, 94, 20.0, 0.0625
surrogate, 94, 20.0, 0.0625
surrogate, 94, 20.0, 0.0625
surrogate, 94, 20.0, 0.0625
surrogate, 94, 20.0, 0.0625
surrogate, 94, 20.0, 0.0625
surrogate, 94, 20.0, 0.0625
surrogate, 94, 20.0, 0.0625
surrogate, 94, 20.0, 0.0625
surrogate, 94, 20.0, 0.0625
surrogate, 94, 20.0, 0.0625
surrogate, 94, 20.0, 0.0625
surrogate, 94, 20.0, 0.0625
surrogate, 94, 20.0, 0.0625
surrogate, 94, 20.0, 0.0625
surrogate, 94, 20.0, 0.0625
surrogate, 94, 20.0, 0.0625
surrogate, 94, 20.0, 0.0625
surrogate, 95, 32.0, 0.9375
surrogate, 95, 32.0, 0.9375
surrogate, 95, 32.0, 0.9375
surrogate, 95, 32.0, 0.9375
surrogate, 95, 32.0, 0.9375
surrogate, 95, 32.0, 0.9375
surrogate, 95, 32.0, 0.9375
surrogate, 95, 32.0, 0.9375
surrogate, 95, 31.0, 0.84375
surrogate, 95, 31.0, 0.84375
surrogate, 95, 31.0, 0.84375
surrogate, 95, 31.0, 0.84375
surrogate, 95, 31.0, 0.84375
surrogate, 95, 31.0, 0.84375
surrogate, 95, 31.0, 0.84375
surrogate, 95, 31.0, 0.84375
surrogate, 95, 30.0, 0.71875
surrogate, 95, 30.0, 0.71875
surrogate, 95, 30.0, 0.71875
surrogate, 95, 30.0, 0.71875
surrogate, 95, 30.0, 0.71875
surrogate, 95, 30.0, 0.71875
surrogate, 95, 30.0, 0.71875
surrogate, 95, 30.0, 0.71875
surrogate, 95, 30.0, 0.71875
surrogate, 95, 30.0, 0.71875
surrogate, 95, 30.0, 0.71875
surrogate, 95, 30.0, 0.71875
surrogate, 95, 30.0, 0.71875
surrogate, 95, 30.0, 0.71875
surrogate, 95, 30.0, 0.71875
surrogate, 95, 30.0, 0.71875
surrogate, 95, 30.0, 0.71875
surrogate, 95, 30.0, 0.71875
surrogate, 95, 29.0, 0.625
surrogate, 95, 29.0, 0.625
surrogate, 95, 29.0, 0.625
surrogate, 95, 28.0, 0.59375
surrogate, 95, 28.0, 0.59375
surrogate, 95, 27.0, 0.53125
surrogate, 95, 27.0, 0.53125
surrogate, 95, 27.0, 0.53125
surrogate, 95, 27.0, 0.53125
surrogate, 95, 27.0, 0.53125
surrogate, 95, 27.0, 0.53125
surrogate, 95, 27.0, 0.53125
surrogate, 95, 27.0, 0.53125
surrogate, 95, 27.0, 0.53125
surrogate, 95, 27.0, 0.53125
surrogate, 95, 27.0, 0.53125
surrogate, 95, 27.0, 0.53125
surrogate, 95, 27.0, 0.53125
surrogate, 95, 27.0, 0.53125
surrogate, 95, 27.0, 0.53125
surrogate, 95, 27.0, 0.53125
surrogate, 95, 27.0, 0.53125
surrogate, 95, 27.0, 0.53125
surrogate, 95, 27.0, 0.53125
surrogate, 95, 27.0, 0.53125
surrogate, 95, 27.0, 0.53125
surrogate, 95, 27.0, 0.53125
surrogate, 95, 27.0, 0.53125
surrogate, 95, 26.0, 0.46875
surrogate, 95, 26.0, 0.46875
surrogate, 95, 26.0, 0.46875
surrogate, 95, 26.0, 0.46875
surrogate, 95, 26.0, 0.46875
surrogate, 95, 26.0, 0.46875
surrogate, 95, 26.0, 0.46875
surrogate, 95, 26.0, 0.46875
surrogate, 95, 26.0, 0.46875
surrogate, 95, 26.0, 0.46875
surrogate, 95, 26.0, 0.46875
surrogate, 95, 26.0, 0.46875
surrogate, 95, 26.0, 0.46875
surrogate, 95, 26.0, 0.46875
surrogate, 95, 26.0, 0.46875
surrogate, 95, 26.0, 0.46875
surrogate, 95, 26.0, 0.46875
surrogate, 95, 25.0, 0.40625
surrogate, 95, 25.0, 0.40625
surrogate, 95, 25.0, 0.40625
surrogate, 95, 25.0, 0.40625
surrogate, 95, 25.0, 0.40625
surrogate, 95, 25.0, 0.40625
surrogate, 95, 25.0, 0.40625
surrogate, 95, 25.0, 0.40625
surrogate, 95, 25.0, 0.40625
surrogate, 95, 25.0, 0.40625
surrogate, 95, 25.0, 0.40625
surrogate, 95, 25.0, 0.40625
surrogate, 95, 25.0, 0.40625
surrogate, 95, 25.0, 0.40625
surrogate, 95, 25.0, 0.40625
surrogate, 95, 25.0, 0.40625
surrogate, 95, 25.0, 0.40625
surrogate, 95, 25.0, 0.40625
surrogate, 95, 25.0, 0.40625
surrogate, 95, 25.0, 0.40625
surrogate, 95, 25.0, 0.40625
surrogate, 95, 25.0, 0.40625
surrogate, 95, 25.0, 0.40625
surrogate, 95, 25.0, 0.40625
surrogate, 95, 25.0, 0.40625
surrogate, 95, 25.0, 0.40625
surrogate, 95, 24.0, 0.34375
surrogate, 95, 24.0, 0.34375
surrogate, 95, 24.0, 0.34375
surrogate, 95, 24.0, 0.34375
surrogate, 95, 24.0, 0.34375
surrogate, 95, 24.0, 0.34375
surrogate, 95, 24.0, 0.34375
surrogate, 95, 24.0, 0.34375
surrogate, 95, 24.0, 0.34375
surrogate, 95, 24.0, 0.34375
surrogate, 95, 24.0, 0.34375
surrogate, 95, 24.0, 0.34375
surrogate, 95, 24.0, 0.34375
surrogate, 95, 24.0, 0.34375
surrogate, 95, 24.0, 0.34375
surrogate, 95, 24.0, 0.34375
surrogate, 95, 24.0, 0.34375
surrogate, 95, 24.0, 0.34375
surrogate, 95, 24.0, 0.34375
surrogate, 95, 24.0, 0.34375
surrogate, 95, 24.0, 0.34375
surrogate, 95, 24.0, 0.34375
surrogate, 95, 24.0, 0.34375
surrogate, 95, 24.0, 0.34375
surrogate, 95, 24.0, 0.34375
surrogate, 95, 24.0, 0.34375
surrogate, 95, 24.0, 0.34375
surrogate, 95, 24.0, 0.34375
surrogate, 95, 24.0, 0.34375
surrogate, 95, 24.0, 0.34375
surrogate, 95, 24.0, 0.34375
surrogate, 95, 24.0, 0.34375
surrogate, 95, 24.0, 0.34375
surrogate, 95, 24.0, 0.34375
surrogate, 95, 24.0, 0.34375
surrogate, 95, 24.0, 0.34375
surrogate, 95, 24.0, 0.34375
surrogate, 95, 24.0, 0.34375
surrogate, 95, 24.0, 0.34375
surrogate, 95, 24.0, 0.34375
surrogate, 95, 23.0, 0.3125
surrogate, 95, 23.0, 0.3125
surrogate, 95, 23.0, 0.3125
surrogate, 95, 23.0, 0.3125
surrogate, 95, 23.0, 0.3125
surrogate, 95, 23.0, 0.3125
surrogate, 95, 23.0, 0.3125
surrogate, 95, 23.0, 0.3125
surrogate, 95, 23.0, 0.3125
surrogate, 95, 23.0, 0.3125
surrogate, 95, 23.0, 0.3125
surrogate, 95, 23.0, 0.3125
surrogate, 95, 23.0, 0.3125
surrogate, 95, 23.0, 0.3125
surrogate, 95, 23.0, 0.3125
surrogate, 95, 23.0, 0.3125
surrogate, 95, 23.0, 0.3125
surrogate, 95, 23.0, 0.3125
surrogate, 95, 23.0, 0.3125
surrogate, 95, 23.0, 0.3125
surrogate, 95, 23.0, 0.3125
surrogate, 95, 23.0, 0.3125
surrogate, 95, 23.0, 0.3125
surrogate, 95, 23.0, 0.3125
surrogate, 95, 23.0, 0.3125
surrogate, 95, 23.0, 0.3125
surrogate, 95, 23.0, 0.3125
surrogate, 95, 23.0, 0.3125
surrogate, 95, 20.0, 0.0625
surrogate, 95, 20.0, 0.0625
surrogate, 95, 20.0, 0.0625
surrogate, 95, 20.0, 0.0625
surrogate, 95, 20.0, 0.0625
surrogate, 95, 20.0, 0.0625
surrogate, 95, 20.0, 0.0625
surrogate, 95, 20.0, 0.0625
surrogate, 95, 20.0, 0.0625
surrogate, 95, 20.0, 0.0625
surrogate, 95, 20.0, 0.0625
surrogate, 95, 20.0, 0.0625
surrogate, 95, 20.0, 0.0625
surrogate, 95, 20.0, 0.0625
surrogate, 95, 20.0, 0.0625
surrogate, 95, 20.0, 0.0625
surrogate, 95, 20.0, 0.0625
surrogate, 95, 20.0, 0.0625
surrogate, 95, 20.0, 0.0625
surrogate, 95, 20.0, 0.0625
surrogate, 95, 20.0, 0.0625
surrogate, 95, 20.0, 0.0625
surrogate, 95, 20.0, 0.0625
surrogate, 95, 20.0, 0.0625
surrogate, 95, 20.0, 0.0625
surrogate, 95, 20.0, 0.0625
surrogate, 95, 20.0, 0.0625
surrogate, 95, 20.0, 0.0625
surrogate, 95, 20.0, 0.0625
surrogate, 95, 20.0, 0.0625
surrogate, 95, 20.0, 0.0625
surrogate, 95, 20.0, 0.0625
surrogate, 95, 20.0, 0.0625
surrogate, 95, 20.0, 0.0625
surrogate, 95, 20.0, 0.0625
surrogate, 95, 20.0, 0.0625
surrogate, 95, 20.0, 0.0625
surrogate, 95, 20.0, 0.0625
surrogate, 95, 20.0, 0.0625
surrogate, 95, 20.0, 0.0625
surrogate, 95, 20.0, 0.0625
surrogate, 95, 20.0, 0.0625
surrogate, 95, 20.0, 0.0625
surrogate, 95, 20.0, 0.0625
surrogate, 95, 20.0, 0.0625
surrogate, 95, 20.0, 0.0625
surrogate, 95, 20.0, 0.0625
surrogate, 95, 20.0, 0.0625
surrogate, 95, 20.0, 0.0625
surrogate, 95, 20.0, 0.0625
surrogate, 95, 20.0, 0.0625
surrogate, 95, 20.0, 0.0625
surrogate, 95, 20.0, 0.0625
surrogate, 95, 20.0, 0.0625
surrogate, 95, 20.0, 0.0625
surrogate, 95, 20.0, 0.0625
surrogate, 95, 20.0, 0.0625
surrogate, 95, 20.0, 0.0625
surrogate, 95, 20.0, 0.0625
surrogate, 95, 20.0, 0.0625
surrogate, 95, 20.0, 0.0625
surrogate, 95, 20.0, 0.0625
surrogate, 95, 20.0, 0.0625
surrogate, 95, 20.0, 0.0625
surrogate, 96, 32.0, 0.9375
surrogate, 96, 32.0, 0.9375
surrogate, 96, 32.0, 0.9375
surrogate, 96, 32.0, 0.9375
surrogate, 96, 32.0, 0.9375
surrogate, 96, 32.0, 0.9375
surrogate, 96, 32.0, 0.9375
surrogate, 96, 32.0, 0.9375
surrogate, 96, 31.0, 0.84375
surrogate, 96, 31.0, 0.84375
surrogate, 96, 31.0, 0.84375
surrogate, 96, 31.0, 0.84375
surrogate, 96, 31.0, 0.84375
surrogate, 96, 31.0, 0.84375
surrogate, 96, 31.0, 0.84375
surrogate, 96, 31.0, 0.84375
surrogate, 96, 30.0, 0.71875
surrogate, 96, 30.0, 0.71875
surrogate, 96, 30.0, 0.71875
surrogate, 96, 30.0, 0.71875
surrogate, 96, 30.0, 0.71875
surrogate, 96, 30.0, 0.71875
surrogate, 96, 30.0, 0.71875
surrogate, 96, 30.0, 0.71875
surrogate, 96, 30.0, 0.71875
surrogate, 96, 30.0, 0.71875
surrogate, 96, 30.0, 0.71875
surrogate, 96, 30.0, 0.71875
surrogate, 96, 30.0, 0.71875
surrogate, 96, 30.0, 0.71875
surrogate, 96, 30.0, 0.71875
surrogate, 96, 30.0, 0.71875
surrogate, 96, 30.0, 0.71875
surrogate, 96, 30.0, 0.71875
surrogate, 96, 29.0, 0.625
surrogate, 96, 29.0, 0.625
surrogate, 96, 29.0, 0.625
surrogate, 96, 28.0, 0.59375
surrogate, 96, 28.0, 0.59375
surrogate, 96, 27.0, 0.53125
surrogate, 96, 27.0, 0.53125
surrogate, 96, 27.0, 0.53125
surrogate, 96, 27.0, 0.53125
surrogate, 96, 27.0, 0.53125
surrogate, 96, 27.0, 0.53125
surrogate, 96, 27.0, 0.53125
surrogate, 96, 27.0, 0.53125
surrogate, 96, 27.0, 0.53125
surrogate, 96, 27.0, 0.53125
surrogate, 96, 27.0, 0.53125
surrogate, 96, 27.0, 0.53125
surrogate, 96, 27.0, 0.53125
surrogate, 96, 27.0, 0.53125
surrogate, 96, 27.0, 0.53125
surrogate, 96, 27.0, 0.53125
surrogate, 96, 27.0, 0.53125
surrogate, 96, 27.0, 0.53125
surrogate, 96, 27.0, 0.53125
surrogate, 96, 27.0, 0.53125
surrogate, 96, 27.0, 0.53125
surrogate, 96, 27.0, 0.53125
surrogate, 96, 27.0, 0.53125
surrogate, 96, 27.0, 0.53125
surrogate, 96, 26.0, 0.46875
surrogate, 96, 26.0, 0.46875
surrogate, 96, 26.0, 0.46875
surrogate, 96, 26.0, 0.46875
surrogate, 96, 26.0, 0.46875
surrogate, 96, 26.0, 0.46875
surrogate, 96, 26.0, 0.46875
surrogate, 96, 26.0, 0.46875
surrogate, 96, 26.0, 0.46875
surrogate, 96, 26.0, 0.46875
surrogate, 96, 26.0, 0.46875
surrogate, 96, 26.0, 0.46875
surrogate, 96, 26.0, 0.46875
surrogate, 96, 26.0, 0.46875
surrogate, 96, 26.0, 0.46875
surrogate, 96, 26.0, 0.46875
surrogate, 96, 26.0, 0.46875
surrogate, 96, 25.0, 0.40625
surrogate, 96, 25.0, 0.40625
surrogate, 96, 25.0, 0.40625
surrogate, 96, 25.0, 0.40625
surrogate, 96, 25.0, 0.40625
surrogate, 96, 25.0, 0.40625
surrogate, 96, 25.0, 0.40625
surrogate, 96, 25.0, 0.40625
surrogate, 96, 25.0, 0.40625
surrogate, 96, 25.0, 0.40625
surrogate, 96, 25.0, 0.40625
surrogate, 96, 25.0, 0.40625
surrogate, 96, 25.0, 0.40625
surrogate, 96, 25.0, 0.40625
surrogate, 96, 25.0, 0.40625
surrogate, 96, 25.0, 0.40625
surrogate, 96, 25.0, 0.40625
surrogate, 96, 25.0, 0.40625
surrogate, 96, 25.0, 0.40625
surrogate, 96, 25.0, 0.40625
surrogate, 96, 25.0, 0.40625
surrogate, 96, 25.0, 0.40625
surrogate, 96, 25.0, 0.40625
surrogate, 96, 25.0, 0.40625
surrogate, 96, 25.0, 0.40625
surrogate, 96, 25.0, 0.40625
surrogate, 96, 25.0, 0.40625
surrogate, 96, 24.0, 0.34375
surrogate, 96, 24.0, 0.34375
surrogate, 96, 24.0, 0.34375
surrogate, 96, 24.0, 0.34375
surrogate, 96, 24.0, 0.34375
surrogate, 96, 24.0, 0.34375
surrogate, 96, 24.0, 0.34375
surrogate, 96, 24.0, 0.34375
surrogate, 96, 24.0, 0.34375
surrogate, 96, 24.0, 0.34375
surrogate, 96, 24.0, 0.34375
surrogate, 96, 24.0, 0.34375
surrogate, 96, 24.0, 0.34375
surrogate, 96, 24.0, 0.34375
surrogate, 96, 24.0, 0.34375
surrogate, 96, 24.0, 0.34375
surrogate, 96, 24.0, 0.34375
surrogate, 96, 24.0, 0.34375
surrogate, 96, 24.0, 0.34375
surrogate, 96, 24.0, 0.34375
surrogate, 96, 24.0, 0.34375
surrogate, 96, 24.0, 0.34375
surrogate, 96, 24.0, 0.34375
surrogate, 96, 24.0, 0.34375
surrogate, 96, 24.0, 0.34375
surrogate, 96, 24.0, 0.34375
surrogate, 96, 24.0, 0.34375
surrogate, 96, 24.0, 0.34375
surrogate, 96, 24.0, 0.34375
surrogate, 96, 24.0, 0.34375
surrogate, 96, 24.0, 0.34375
surrogate, 96, 24.0, 0.34375
surrogate, 96, 24.0, 0.34375
surrogate, 96, 24.0, 0.34375
surrogate, 96, 24.0, 0.34375
surrogate, 96, 24.0, 0.34375
surrogate, 96, 24.0, 0.34375
surrogate, 96, 24.0, 0.34375
surrogate, 96, 24.0, 0.34375
surrogate, 96, 24.0, 0.34375
surrogate, 96, 24.0, 0.34375
surrogate, 96, 23.0, 0.3125
surrogate, 96, 23.0, 0.3125
surrogate, 96, 23.0, 0.3125
surrogate, 96, 23.0, 0.3125
surrogate, 96, 23.0, 0.3125
surrogate, 96, 23.0, 0.3125
surrogate, 96, 23.0, 0.3125
surrogate, 96, 23.0, 0.3125
surrogate, 96, 23.0, 0.3125
surrogate, 96, 23.0, 0.3125
surrogate, 96, 23.0, 0.3125
surrogate, 96, 23.0, 0.3125
surrogate, 96, 23.0, 0.3125
surrogate, 96, 23.0, 0.3125
surrogate, 96, 23.0, 0.3125
surrogate, 96, 23.0, 0.3125
surrogate, 96, 23.0, 0.3125
surrogate, 96, 23.0, 0.3125
surrogate, 96, 23.0, 0.3125
surrogate, 96, 23.0, 0.3125
surrogate, 96, 23.0, 0.3125
surrogate, 96, 23.0, 0.3125
surrogate, 96, 23.0, 0.3125
surrogate, 96, 23.0, 0.3125
surrogate, 96, 23.0, 0.3125
surrogate, 96, 23.0, 0.3125
surrogate, 96, 23.0, 0.3125
surrogate, 96, 23.0, 0.3125
surrogate, 96, 20.0, 0.0625
surrogate, 96, 20.0, 0.0625
surrogate, 96, 20.0, 0.0625
surrogate, 96, 20.0, 0.0625
surrogate, 96, 20.0, 0.0625
surrogate, 96, 20.0, 0.0625
surrogate, 96, 20.0, 0.0625
surrogate, 96, 20.0, 0.0625
surrogate, 96, 20.0, 0.0625
surrogate, 96, 20.0, 0.0625
surrogate, 96, 20.0, 0.0625
surrogate, 96, 20.0, 0.0625
surrogate, 96, 20.0, 0.0625
surrogate, 96, 20.0, 0.0625
surrogate, 96, 20.0, 0.0625
surrogate, 96, 20.0, 0.0625
surrogate, 96, 20.0, 0.0625
surrogate, 96, 20.0, 0.0625
surrogate, 96, 20.0, 0.0625
surrogate, 96, 20.0, 0.0625
surrogate, 96, 20.0, 0.0625
surrogate, 96, 20.0, 0.0625
surrogate, 96, 20.0, 0.0625
surrogate, 96, 20.0, 0.0625
surrogate, 96, 20.0, 0.0625
surrogate, 96, 20.0, 0.0625
surrogate, 96, 20.0, 0.0625
surrogate, 96, 20.0, 0.0625
surrogate, 96, 20.0, 0.0625
surrogate, 96, 20.0, 0.0625
surrogate, 96, 20.0, 0.0625
surrogate, 96, 20.0, 0.0625
surrogate, 96, 20.0, 0.0625
surrogate, 96, 20.0, 0.0625
surrogate, 96, 20.0, 0.0625
surrogate, 96, 20.0, 0.0625
surrogate, 96, 20.0, 0.0625
surrogate, 96, 20.0, 0.0625
surrogate, 96, 20.0, 0.0625
surrogate, 96, 20.0, 0.0625
surrogate, 96, 20.0, 0.0625
surrogate, 96, 20.0, 0.0625
surrogate, 96, 20.0, 0.0625
surrogate, 96, 20.0, 0.0625
surrogate, 96, 20.0, 0.0625
surrogate, 96, 20.0, 0.0625
surrogate, 96, 20.0, 0.0625
surrogate, 96, 20.0, 0.0625
surrogate, 96, 20.0, 0.0625
surrogate, 96, 20.0, 0.0625
surrogate, 96, 20.0, 0.0625
surrogate, 96, 20.0, 0.0625
surrogate, 96, 20.0, 0.0625
surrogate, 96, 20.0, 0.0625
surrogate, 96, 20.0, 0.0625
surrogate, 96, 20.0, 0.0625
surrogate, 96, 20.0, 0.0625
surrogate, 96, 20.0, 0.0625
surrogate, 96, 20.0, 0.0625
surrogate, 96, 20.0, 0.0625
surrogate, 96, 20.0, 0.0625
surrogate, 96, 20.0, 0.0625
surrogate, 96, 20.0, 0.0625
surrogate, 96, 20.0, 0.0625
surrogate, 96, 20.0, 0.0625
surrogate, 97, 32.0, 0.9375
surrogate, 97, 32.0, 0.9375
surrogate, 97, 32.0, 0.9375
surrogate, 97, 32.0, 0.9375
surrogate, 97, 32.0, 0.9375
surrogate, 97, 32.0, 0.9375
surrogate, 97, 32.0, 0.9375
surrogate, 97, 32.0, 0.9375
surrogate, 97, 31.0, 0.84375
surrogate, 97, 31.0, 0.84375
surrogate, 97, 31.0, 0.84375
surrogate, 97, 31.0, 0.84375
surrogate, 97, 31.0, 0.84375
surrogate, 97, 31.0, 0.84375
surrogate, 97, 31.0, 0.84375
surrogate, 97, 31.0, 0.84375
surrogate, 97, 30.0, 0.71875
surrogate, 97, 30.0, 0.71875
surrogate, 97, 30.0, 0.71875
surrogate, 97, 30.0, 0.71875
surrogate, 97, 30.0, 0.71875
surrogate, 97, 30.0, 0.71875
surrogate, 97, 30.0, 0.71875
surrogate, 97, 30.0, 0.71875
surrogate, 97, 30.0, 0.71875
surrogate, 97, 30.0, 0.71875
surrogate, 97, 30.0, 0.71875
surrogate, 97, 30.0, 0.71875
surrogate, 97, 30.0, 0.71875
surrogate, 97, 30.0, 0.71875
surrogate, 97, 30.0, 0.71875
surrogate, 97, 30.0, 0.71875
surrogate, 97, 30.0, 0.71875
surrogate, 97, 30.0, 0.71875
surrogate, 97, 30.0, 0.71875
surrogate, 97, 29.0, 0.625
surrogate, 97, 29.0, 0.625
surrogate, 97, 29.0, 0.625
surrogate, 97, 28.0, 0.59375
surrogate, 97, 28.0, 0.59375
surrogate, 97, 28.0, 0.59375
surrogate, 97, 27.0, 0.53125
surrogate, 97, 27.0, 0.53125
surrogate, 97, 27.0, 0.53125
surrogate, 97, 27.0, 0.53125
surrogate, 97, 27.0, 0.53125
surrogate, 97, 27.0, 0.53125
surrogate, 97, 27.0, 0.53125
surrogate, 97, 27.0, 0.53125
surrogate, 97, 27.0, 0.53125
surrogate, 97, 27.0, 0.53125
surrogate, 97, 27.0, 0.53125
surrogate, 97, 27.0, 0.53125
surrogate, 97, 27.0, 0.53125
surrogate, 97, 27.0, 0.53125
surrogate, 97, 27.0, 0.53125
surrogate, 97, 27.0, 0.53125
surrogate, 97, 27.0, 0.53125
surrogate, 97, 27.0, 0.53125
surrogate, 97, 27.0, 0.53125
surrogate, 97, 27.0, 0.53125
surrogate, 97, 27.0, 0.53125
surrogate, 97, 27.0, 0.53125
surrogate, 97, 27.0, 0.53125
surrogate, 97, 27.0, 0.53125
surrogate, 97, 26.0, 0.46875
surrogate, 97, 26.0, 0.46875
surrogate, 97, 26.0, 0.46875
surrogate, 97, 26.0, 0.46875
surrogate, 97, 26.0, 0.46875
surrogate, 97, 26.0, 0.46875
surrogate, 97, 26.0, 0.46875
surrogate, 97, 26.0, 0.46875
surrogate, 97, 26.0, 0.46875
surrogate, 97, 26.0, 0.46875
surrogate, 97, 26.0, 0.46875
surrogate, 97, 26.0, 0.46875
surrogate, 97, 26.0, 0.46875
surrogate, 97, 26.0, 0.46875
surrogate, 97, 26.0, 0.46875
surrogate, 97, 26.0, 0.46875
surrogate, 97, 26.0, 0.46875
surrogate, 97, 25.0, 0.40625
surrogate, 97, 25.0, 0.40625
surrogate, 97, 25.0, 0.40625
surrogate, 97, 25.0, 0.40625
surrogate, 97, 25.0, 0.40625
surrogate, 97, 25.0, 0.40625
surrogate, 97, 25.0, 0.40625
surrogate, 97, 25.0, 0.40625
surrogate, 97, 25.0, 0.40625
surrogate, 97, 25.0, 0.40625
surrogate, 97, 25.0, 0.40625
surrogate, 97, 25.0, 0.40625
surrogate, 97, 25.0, 0.40625
surrogate, 97, 25.0, 0.40625
surrogate, 97, 25.0, 0.40625
surrogate, 97, 25.0, 0.40625
surrogate, 97, 25.0, 0.40625
surrogate, 97, 25.0, 0.40625
surrogate, 97, 25.0, 0.40625
surrogate, 97, 25.0, 0.40625
surrogate, 97, 25.0, 0.40625
surrogate, 97, 25.0, 0.40625
surrogate, 97, 25.0, 0.40625
surrogate, 97, 25.0, 0.40625
surrogate, 97, 25.0, 0.40625
surrogate, 97, 25.0, 0.40625
surrogate, 97, 25.0, 0.40625
surrogate, 97, 24.0, 0.34375
surrogate, 97, 24.0, 0.34375
surrogate, 97, 24.0, 0.34375
surrogate, 97, 24.0, 0.34375
surrogate, 97, 24.0, 0.34375
surrogate, 97, 24.0, 0.34375
surrogate, 97, 24.0, 0.34375
surrogate, 97, 24.0, 0.34375
surrogate, 97, 24.0, 0.34375
surrogate, 97, 24.0, 0.34375
surrogate, 97, 24.0, 0.34375
surrogate, 97, 24.0, 0.34375
surrogate, 97, 24.0, 0.34375
surrogate, 97, 24.0, 0.34375
surrogate, 97, 24.0, 0.34375
surrogate, 97, 24.0, 0.34375
surrogate, 97, 24.0, 0.34375
surrogate, 97, 24.0, 0.34375
surrogate, 97, 24.0, 0.34375
surrogate, 97, 24.0, 0.34375
surrogate, 97, 24.0, 0.34375
surrogate, 97, 24.0, 0.34375
surrogate, 97, 24.0, 0.34375
surrogate, 97, 24.0, 0.34375
surrogate, 97, 24.0, 0.34375
surrogate, 97, 24.0, 0.34375
surrogate, 97, 24.0, 0.34375
surrogate, 97, 24.0, 0.34375
surrogate, 97, 24.0, 0.34375
surrogate, 97, 24.0, 0.34375
surrogate, 97, 24.0, 0.34375
surrogate, 97, 24.0, 0.34375
surrogate, 97, 24.0, 0.34375
surrogate, 97, 24.0, 0.34375
surrogate, 97, 24.0, 0.34375
surrogate, 97, 24.0, 0.34375
surrogate, 97, 24.0, 0.34375
surrogate, 97, 24.0, 0.34375
surrogate, 97, 24.0, 0.34375
surrogate, 97, 24.0, 0.34375
surrogate, 97, 24.0, 0.34375
surrogate, 97, 23.0, 0.3125
surrogate, 97, 23.0, 0.3125
surrogate, 97, 23.0, 0.3125
surrogate, 97, 23.0, 0.3125
surrogate, 97, 23.0, 0.3125
surrogate, 97, 23.0, 0.3125
surrogate, 97, 23.0, 0.3125
surrogate, 97, 23.0, 0.3125
surrogate, 97, 23.0, 0.3125
surrogate, 97, 23.0, 0.3125
surrogate, 97, 23.0, 0.3125
surrogate, 97, 23.0, 0.3125
surrogate, 97, 23.0, 0.3125
surrogate, 97, 23.0, 0.3125
surrogate, 97, 23.0, 0.3125
surrogate, 97, 23.0, 0.3125
surrogate, 97, 23.0, 0.3125
surrogate, 97, 23.0, 0.3125
surrogate, 97, 23.0, 0.3125
surrogate, 97, 23.0, 0.3125
surrogate, 97, 23.0, 0.3125
surrogate, 97, 23.0, 0.3125
surrogate, 97, 23.0, 0.3125
surrogate, 97, 23.0, 0.3125
surrogate, 97, 23.0, 0.3125
surrogate, 97, 23.0, 0.3125
surrogate, 97, 23.0, 0.3125
surrogate, 97, 23.0, 0.3125
surrogate, 97, 23.0, 0.3125
surrogate, 97, 20.0, 0.0625
surrogate, 97, 20.0, 0.0625
surrogate, 97, 20.0, 0.0625
surrogate, 97, 20.0, 0.0625
surrogate, 97, 20.0, 0.0625
surrogate, 97, 20.0, 0.0625
surrogate, 97, 20.0, 0.0625
surrogate, 97, 20.0, 0.0625
surrogate, 97, 20.0, 0.0625
surrogate, 97, 20.0, 0.0625
surrogate, 97, 20.0, 0.0625
surrogate, 97, 20.0, 0.0625
surrogate, 97, 20.0, 0.0625
surrogate, 97, 20.0, 0.0625
surrogate, 97, 20.0, 0.0625
surrogate, 97, 20.0, 0.0625
surrogate, 97, 20.0, 0.0625
surrogate, 97, 20.0, 0.0625
surrogate, 97, 20.0, 0.0625
surrogate, 97, 20.0, 0.0625
surrogate, 97, 20.0, 0.0625
surrogate, 97, 20.0, 0.0625
surrogate, 97, 20.0, 0.0625
surrogate, 97, 20.0, 0.0625
surrogate, 97, 20.0, 0.0625
surrogate, 97, 20.0, 0.0625
surrogate, 97, 20.0, 0.0625
surrogate, 97, 20.0, 0.0625
surrogate, 97, 20.0, 0.0625
surrogate, 97, 20.0, 0.0625
surrogate, 97, 20.0, 0.0625
surrogate, 97, 20.0, 0.0625
surrogate, 97, 20.0, 0.0625
surrogate, 97, 20.0, 0.0625
surrogate, 97, 20.0, 0.0625
surrogate, 97, 20.0, 0.0625
surrogate, 97, 20.0, 0.0625
surrogate, 97, 20.0, 0.0625
surrogate, 97, 20.0, 0.0625
surrogate, 97, 20.0, 0.0625
surrogate, 97, 20.0, 0.0625
surrogate, 97, 20.0, 0.0625
surrogate, 97, 20.0, 0.0625
surrogate, 97, 20.0, 0.0625
surrogate, 97, 20.0, 0.0625
surrogate, 97, 20.0, 0.0625
surrogate, 97, 20.0, 0.0625
surrogate, 97, 20.0, 0.0625
surrogate, 97, 20.0, 0.0625
surrogate, 97, 20.0, 0.0625
surrogate, 97, 20.0, 0.0625
surrogate, 97, 20.0, 0.0625
surrogate, 97, 20.0, 0.0625
surrogate, 97, 20.0, 0.0625
surrogate, 97, 20.0, 0.0625
surrogate, 97, 20.0, 0.0625
surrogate, 97, 20.0, 0.0625
surrogate, 97, 20.0, 0.0625
surrogate, 97, 20.0, 0.0625
surrogate, 97, 20.0, 0.0625
surrogate, 97, 20.0, 0.0625
surrogate, 97, 20.0, 0.0625
surrogate, 97, 20.0, 0.0625
surrogate, 97, 20.0, 0.0625
surrogate, 97, 20.0, 0.0625
surrogate, 97, 20.0, 0.0625
surrogate, 98, 32.0, 0.9375
surrogate, 98, 32.0, 0.9375
surrogate, 98, 32.0, 0.9375
surrogate, 98, 32.0, 0.9375
surrogate, 98, 32.0, 0.9375
surrogate, 98, 32.0, 0.9375
surrogate, 98, 32.0, 0.9375
surrogate, 98, 32.0, 0.9375
surrogate, 98, 31.0, 0.84375
surrogate, 98, 31.0, 0.84375
surrogate, 98, 31.0, 0.84375
surrogate, 98, 31.0, 0.84375
surrogate, 98, 31.0, 0.84375
surrogate, 98, 31.0, 0.84375
surrogate, 98, 31.0, 0.84375
surrogate, 98, 31.0, 0.84375
surrogate, 98, 30.0, 0.71875
surrogate, 98, 30.0, 0.71875
surrogate, 98, 30.0, 0.71875
surrogate, 98, 30.0, 0.71875
surrogate, 98, 30.0, 0.71875
surrogate, 98, 30.0, 0.71875
surrogate, 98, 30.0, 0.71875
surrogate, 98, 30.0, 0.71875
surrogate, 98, 30.0, 0.71875
surrogate, 98, 30.0, 0.71875
surrogate, 98, 30.0, 0.71875
surrogate, 98, 30.0, 0.71875
surrogate, 98, 30.0, 0.71875
surrogate, 98, 30.0, 0.71875
surrogate, 98, 30.0, 0.71875
surrogate, 98, 30.0, 0.71875
surrogate, 98, 30.0, 0.71875
surrogate, 98, 30.0, 0.71875
surrogate, 98, 30.0, 0.71875
surrogate, 98, 29.0, 0.625
surrogate, 98, 29.0, 0.625
surrogate, 98, 29.0, 0.625
surrogate, 98, 28.0, 0.59375
surrogate, 98, 28.0, 0.59375
surrogate, 98, 28.0, 0.59375
surrogate, 98, 27.0, 0.53125
surrogate, 98, 27.0, 0.53125
surrogate, 98, 27.0, 0.53125
surrogate, 98, 27.0, 0.53125
surrogate, 98, 27.0, 0.53125
surrogate, 98, 27.0, 0.53125
surrogate, 98, 27.0, 0.53125
surrogate, 98, 27.0, 0.53125
surrogate, 98, 27.0, 0.53125
surrogate, 98, 27.0, 0.53125
surrogate, 98, 27.0, 0.53125
surrogate, 98, 27.0, 0.53125
surrogate, 98, 27.0, 0.53125
surrogate, 98, 27.0, 0.53125
surrogate, 98, 27.0, 0.53125
surrogate, 98, 27.0, 0.53125
surrogate, 98, 27.0, 0.53125
surrogate, 98, 27.0, 0.53125
surrogate, 98, 27.0, 0.53125
surrogate, 98, 27.0, 0.53125
surrogate, 98, 27.0, 0.53125
surrogate, 98, 27.0, 0.53125
surrogate, 98, 27.0, 0.53125
surrogate, 98, 27.0, 0.53125
surrogate, 98, 26.0, 0.46875
surrogate, 98, 26.0, 0.46875
surrogate, 98, 26.0, 0.46875
surrogate, 98, 26.0, 0.46875
surrogate, 98, 26.0, 0.46875
surrogate, 98, 26.0, 0.46875
surrogate, 98, 26.0, 0.46875
surrogate, 98, 26.0, 0.46875
surrogate, 98, 26.0, 0.46875
surrogate, 98, 26.0, 0.46875
surrogate, 98, 26.0, 0.46875
surrogate, 98, 26.0, 0.46875
surrogate, 98, 26.0, 0.46875
surrogate, 98, 26.0, 0.46875
surrogate, 98, 26.0, 0.46875
surrogate, 98, 26.0, 0.46875
surrogate, 98, 26.0, 0.46875
surrogate, 98, 25.0, 0.40625
surrogate, 98, 25.0, 0.40625
surrogate, 98, 25.0, 0.40625
surrogate, 98, 25.0, 0.40625
surrogate, 98, 25.0, 0.40625
surrogate, 98, 25.0, 0.40625
surrogate, 98, 25.0, 0.40625
surrogate, 98, 25.0, 0.40625
surrogate, 98, 25.0, 0.40625
surrogate, 98, 25.0, 0.40625
surrogate, 98, 25.0, 0.40625
surrogate, 98, 25.0, 0.40625
surrogate, 98, 25.0, 0.40625
surrogate, 98, 25.0, 0.40625
surrogate, 98, 25.0, 0.40625
surrogate, 98, 25.0, 0.40625
surrogate, 98, 25.0, 0.40625
surrogate, 98, 25.0, 0.40625
surrogate, 98, 25.0, 0.40625
surrogate, 98, 25.0, 0.40625
surrogate, 98, 25.0, 0.40625
surrogate, 98, 25.0, 0.40625
surrogate, 98, 25.0, 0.40625
surrogate, 98, 25.0, 0.40625
surrogate, 98, 25.0, 0.40625
surrogate, 98, 25.0, 0.40625
surrogate, 98, 25.0, 0.40625
surrogate, 98, 24.0, 0.34375
surrogate, 98, 24.0, 0.34375
surrogate, 98, 24.0, 0.34375
surrogate, 98, 24.0, 0.34375
surrogate, 98, 24.0, 0.34375
surrogate, 98, 24.0, 0.34375
surrogate, 98, 24.0, 0.34375
surrogate, 98, 24.0, 0.34375
surrogate, 98, 24.0, 0.34375
surrogate, 98, 24.0, 0.34375
surrogate, 98, 24.0, 0.34375
surrogate, 98, 24.0, 0.34375
surrogate, 98, 24.0, 0.34375
surrogate, 98, 24.0, 0.34375
surrogate, 98, 24.0, 0.34375
surrogate, 98, 24.0, 0.34375
surrogate, 98, 24.0, 0.34375
surrogate, 98, 24.0, 0.34375
surrogate, 98, 24.0, 0.34375
surrogate, 98, 24.0, 0.34375
surrogate, 98, 24.0, 0.34375
surrogate, 98, 24.0, 0.34375
surrogate, 98, 24.0, 0.34375
surrogate, 98, 24.0, 0.34375
surrogate, 98, 24.0, 0.34375
surrogate, 98, 24.0, 0.34375
surrogate, 98, 24.0, 0.34375
surrogate, 98, 24.0, 0.34375
surrogate, 98, 24.0, 0.34375
surrogate, 98, 24.0, 0.34375
surrogate, 98, 24.0, 0.34375
surrogate, 98, 24.0, 0.34375
surrogate, 98, 24.0, 0.34375
surrogate, 98, 24.0, 0.34375
surrogate, 98, 24.0, 0.34375
surrogate, 98, 24.0, 0.34375
surrogate, 98, 24.0, 0.34375
surrogate, 98, 24.0, 0.34375
surrogate, 98, 24.0, 0.34375
surrogate, 98, 24.0, 0.34375
surrogate, 98, 24.0, 0.34375
surrogate, 98, 23.0, 0.3125
surrogate, 98, 23.0, 0.3125
surrogate, 98, 23.0, 0.3125
surrogate, 98, 23.0, 0.3125
surrogate, 98, 23.0, 0.3125
surrogate, 98, 23.0, 0.3125
surrogate, 98, 23.0, 0.3125
surrogate, 98, 23.0, 0.3125
surrogate, 98, 23.0, 0.3125
surrogate, 98, 23.0, 0.3125
surrogate, 98, 23.0, 0.3125
surrogate, 98, 23.0, 0.3125
surrogate, 98, 23.0, 0.3125
surrogate, 98, 23.0, 0.3125
surrogate, 98, 23.0, 0.3125
surrogate, 98, 23.0, 0.3125
surrogate, 98, 23.0, 0.3125
surrogate, 98, 23.0, 0.3125
surrogate, 98, 23.0, 0.3125
surrogate, 98, 23.0, 0.3125
surrogate, 98, 23.0, 0.3125
surrogate, 98, 23.0, 0.3125
surrogate, 98, 23.0, 0.3125
surrogate, 98, 23.0, 0.3125
surrogate, 98, 23.0, 0.3125
surrogate, 98, 23.0, 0.3125
surrogate, 98, 23.0, 0.3125
surrogate, 98, 23.0, 0.3125
surrogate, 98, 23.0, 0.3125
surrogate, 98, 23.0, 0.3125
surrogate, 98, 20.0, 0.0625
surrogate, 98, 20.0, 0.0625
surrogate, 98, 20.0, 0.0625
surrogate, 98, 20.0, 0.0625
surrogate, 98, 20.0, 0.0625
surrogate, 98, 20.0, 0.0625
surrogate, 98, 20.0, 0.0625
surrogate, 98, 20.0, 0.0625
surrogate, 98, 20.0, 0.0625
surrogate, 98, 20.0, 0.0625
surrogate, 98, 20.0, 0.0625
surrogate, 98, 20.0, 0.0625
surrogate, 98, 20.0, 0.0625
surrogate, 98, 20.0, 0.0625
surrogate, 98, 20.0, 0.0625
surrogate, 98, 20.0, 0.0625
surrogate, 98, 20.0, 0.0625
surrogate, 98, 20.0, 0.0625
surrogate, 98, 20.0, 0.0625
surrogate, 98, 20.0, 0.0625
surrogate, 98, 20.0, 0.0625
surrogate, 98, 20.0, 0.0625
surrogate, 98, 20.0, 0.0625
surrogate, 98, 20.0, 0.0625
surrogate, 98, 20.0, 0.0625
surrogate, 98, 20.0, 0.0625
surrogate, 98, 20.0, 0.0625
surrogate, 98, 20.0, 0.0625
surrogate, 98, 20.0, 0.0625
surrogate, 98, 20.0, 0.0625
surrogate, 98, 20.0, 0.0625
surrogate, 98, 20.0, 0.0625
surrogate, 98, 20.0, 0.0625
surrogate, 98, 20.0, 0.0625
surrogate, 98, 20.0, 0.0625
surrogate, 98, 20.0, 0.0625
surrogate, 98, 20.0, 0.0625
surrogate, 98, 20.0, 0.0625
surrogate, 98, 20.0, 0.0625
surrogate, 98, 20.0, 0.0625
surrogate, 98, 20.0, 0.0625
surrogate, 98, 20.0, 0.0625
surrogate, 98, 20.0, 0.0625
surrogate, 98, 20.0, 0.0625
surrogate, 98, 20.0, 0.0625
surrogate, 98, 20.0, 0.0625
surrogate, 98, 20.0, 0.0625
surrogate, 98, 20.0, 0.0625
surrogate, 98, 20.0, 0.0625
surrogate, 98, 20.0, 0.0625
surrogate, 98, 20.0, 0.0625
surrogate, 98, 20.0, 0.0625
surrogate, 98, 20.0, 0.0625
surrogate, 98, 20.0, 0.0625
surrogate, 98, 20.0, 0.0625
surrogate, 98, 20.0, 0.0625
surrogate, 98, 20.0, 0.0625
surrogate, 98, 20.0, 0.0625
surrogate, 98, 20.0, 0.0625
surrogate, 98, 20.0, 0.0625
surrogate, 98, 20.0, 0.0625
surrogate, 98, 20.0, 0.0625
surrogate, 98, 20.0, 0.0625
surrogate, 98, 20.0, 0.0625
surrogate, 98, 20.0, 0.0625
surrogate, 98, 20.0, 0.0625
surrogate, 98, 20.0, 0.0625
surrogate, 99, 32.0, 0.9375
surrogate, 99, 32.0, 0.9375
surrogate, 99, 32.0, 0.9375
surrogate, 99, 32.0, 0.9375
surrogate, 99, 32.0, 0.9375
surrogate, 99, 32.0, 0.9375
surrogate, 99, 32.0, 0.9375
surrogate, 99, 32.0, 0.9375
surrogate, 99, 31.0, 0.84375
surrogate, 99, 31.0, 0.84375
surrogate, 99, 31.0, 0.84375
surrogate, 99, 31.0, 0.84375
surrogate, 99, 31.0, 0.84375
surrogate, 99, 31.0, 0.84375
surrogate, 99, 31.0, 0.84375
surrogate, 99, 31.0, 0.84375
surrogate, 99, 30.0, 0.71875
surrogate, 99, 30.0, 0.71875
surrogate, 99, 30.0, 0.71875
surrogate, 99, 30.0, 0.71875
surrogate, 99, 30.0, 0.71875
surrogate, 99, 30.0, 0.71875
surrogate, 99, 30.0, 0.71875
surrogate, 99, 30.0, 0.71875
surrogate, 99, 30.0, 0.71875
surrogate, 99, 30.0, 0.71875
surrogate, 99, 30.0, 0.71875
surrogate, 99, 30.0, 0.71875
surrogate, 99, 30.0, 0.71875
surrogate, 99, 30.0, 0.71875
surrogate, 99, 30.0, 0.71875
surrogate, 99, 30.0, 0.71875
surrogate, 99, 30.0, 0.71875
surrogate, 99, 30.0, 0.71875
surrogate, 99, 30.0, 0.71875
surrogate, 99, 29.0, 0.625
surrogate, 99, 29.0, 0.625
surrogate, 99, 29.0, 0.625
surrogate, 99, 28.0, 0.59375
surrogate, 99, 28.0, 0.59375
surrogate, 99, 28.0, 0.59375
surrogate, 99, 27.0, 0.53125
surrogate, 99, 27.0, 0.53125
surrogate, 99, 27.0, 0.53125
surrogate, 99, 27.0, 0.53125
surrogate, 99, 27.0, 0.53125
surrogate, 99, 27.0, 0.53125
surrogate, 99, 27.0, 0.53125
surrogate, 99, 27.0, 0.53125
surrogate, 99, 27.0, 0.53125
surrogate, 99, 27.0, 0.53125
surrogate, 99, 27.0, 0.53125
surrogate, 99, 27.0, 0.53125
surrogate, 99, 27.0, 0.53125
surrogate, 99, 27.0, 0.53125
surrogate, 99, 27.0, 0.53125
surrogate, 99, 27.0, 0.53125
surrogate, 99, 27.0, 0.53125
surrogate, 99, 27.0, 0.53125
surrogate, 99, 27.0, 0.53125
surrogate, 99, 27.0, 0.53125
surrogate, 99, 27.0, 0.53125
surrogate, 99, 27.0, 0.53125
surrogate, 99, 27.0, 0.53125
surrogate, 99, 27.0, 0.53125
surrogate, 99, 27.0, 0.53125
surrogate, 99, 26.0, 0.46875
surrogate, 99, 26.0, 0.46875
surrogate, 99, 26.0, 0.46875
surrogate, 99, 26.0, 0.46875
surrogate, 99, 26.0, 0.46875
surrogate, 99, 26.0, 0.46875
surrogate, 99, 26.0, 0.46875
surrogate, 99, 26.0, 0.46875
surrogate, 99, 26.0, 0.46875
surrogate, 99, 26.0, 0.46875
surrogate, 99, 26.0, 0.46875
surrogate, 99, 26.0, 0.46875
surrogate, 99, 26.0, 0.46875
surrogate, 99, 26.0, 0.46875
surrogate, 99, 26.0, 0.46875
surrogate, 99, 26.0, 0.46875
surrogate, 99, 26.0, 0.46875
surrogate, 99, 26.0, 0.46875
surrogate, 99, 25.0, 0.40625
surrogate, 99, 25.0, 0.40625
surrogate, 99, 25.0, 0.40625
surrogate, 99, 25.0, 0.40625
surrogate, 99, 25.0, 0.40625
surrogate, 99, 25.0, 0.40625
surrogate, 99, 25.0, 0.40625
surrogate, 99, 25.0, 0.40625
surrogate, 99, 25.0, 0.40625
surrogate, 99, 25.0, 0.40625
surrogate, 99, 25.0, 0.40625
surrogate, 99, 25.0, 0.40625
surrogate, 99, 25.0, 0.40625
surrogate, 99, 25.0, 0.40625
surrogate, 99, 25.0, 0.40625
surrogate, 99, 25.0, 0.40625
surrogate, 99, 25.0, 0.40625
surrogate, 99, 25.0, 0.40625
surrogate, 99, 25.0, 0.40625
surrogate, 99, 25.0, 0.40625
surrogate, 99, 25.0, 0.40625
surrogate, 99, 25.0, 0.40625
surrogate, 99, 25.0, 0.40625
surrogate, 99, 25.0, 0.40625
surrogate, 99, 25.0, 0.40625
surrogate, 99, 25.0, 0.40625
surrogate, 99, 25.0, 0.40625
surrogate, 99, 24.0, 0.34375
surrogate, 99, 24.0, 0.34375
surrogate, 99, 24.0, 0.34375
surrogate, 99, 24.0, 0.34375
surrogate, 99, 24.0, 0.34375
surrogate, 99, 24.0, 0.34375
surrogate, 99, 24.0, 0.34375
surrogate, 99, 24.0, 0.34375
surrogate, 99, 24.0, 0.34375
surrogate, 99, 24.0, 0.34375
surrogate, 99, 24.0, 0.34375
surrogate, 99, 24.0, 0.34375
surrogate, 99, 24.0, 0.34375
surrogate, 99, 24.0, 0.34375
surrogate, 99, 24.0, 0.34375
surrogate, 99, 24.0, 0.34375
surrogate, 99, 24.0, 0.34375
surrogate, 99, 24.0, 0.34375
surrogate, 99, 24.0, 0.34375
surrogate, 99, 24.0, 0.34375
surrogate, 99, 24.0, 0.34375
surrogate, 99, 24.0, 0.34375
surrogate, 99, 24.0, 0.34375
surrogate, 99, 24.0, 0.34375
surrogate, 99, 24.0, 0.34375
surrogate, 99, 24.0, 0.34375
surrogate, 99, 24.0, 0.34375
surrogate, 99, 24.0, 0.34375
surrogate, 99, 24.0, 0.34375
surrogate, 99, 24.0, 0.34375
surrogate, 99, 24.0, 0.34375
surrogate, 99, 24.0, 0.34375
surrogate, 99, 24.0, 0.34375
surrogate, 99, 24.0, 0.34375
surrogate, 99, 24.0, 0.34375
surrogate, 99, 24.0, 0.34375
surrogate, 99, 24.0, 0.34375
surrogate, 99, 24.0, 0.34375
surrogate, 99, 24.0, 0.34375
surrogate, 99, 24.0, 0.34375
surrogate, 99, 24.0, 0.34375
surrogate, 99, 23.0, 0.3125
surrogate, 99, 23.0, 0.3125
surrogate, 99, 23.0, 0.3125
surrogate, 99, 23.0, 0.3125
surrogate, 99, 23.0, 0.3125
surrogate, 99, 23.0, 0.3125
surrogate, 99, 23.0, 0.3125
surrogate, 99, 23.0, 0.3125
surrogate, 99, 23.0, 0.3125
surrogate, 99, 23.0, 0.3125
surrogate, 99, 23.0, 0.3125
surrogate, 99, 23.0, 0.3125
surrogate, 99, 23.0, 0.3125
surrogate, 99, 23.0, 0.3125
surrogate, 99, 23.0, 0.3125
surrogate, 99, 23.0, 0.3125
surrogate, 99, 23.0, 0.3125
surrogate, 99, 23.0, 0.3125
surrogate, 99, 23.0, 0.3125
surrogate, 99, 23.0, 0.3125
surrogate, 99, 23.0, 0.3125
surrogate, 99, 23.0, 0.3125
surrogate, 99, 23.0, 0.3125
surrogate, 99, 23.0, 0.3125
surrogate, 99, 23.0, 0.3125
surrogate, 99, 23.0, 0.3125
surrogate, 99, 23.0, 0.3125
surrogate, 99, 23.0, 0.3125
surrogate, 99, 23.0, 0.3125
surrogate, 99, 23.0, 0.3125
surrogate, 99, 23.0, 0.3125
surrogate, 99, 20.0, 0.0625
surrogate, 99, 20.0, 0.0625
surrogate, 99, 20.0, 0.0625
surrogate, 99, 20.0, 0.0625
surrogate, 99, 20.0, 0.0625
surrogate, 99, 20.0, 0.0625
surrogate, 99, 20.0, 0.0625
surrogate, 99, 20.0, 0.0625
surrogate, 99, 20.0, 0.0625
surrogate, 99, 20.0, 0.0625
surrogate, 99, 20.0, 0.0625
surrogate, 99, 20.0, 0.0625
surrogate, 99, 20.0, 0.0625
surrogate, 99, 20.0, 0.0625
surrogate, 99, 20.0, 0.0625
surrogate, 99, 20.0, 0.0625
surrogate, 99, 20.0, 0.0625
surrogate, 99, 20.0, 0.0625
surrogate, 99, 20.0, 0.0625
surrogate, 99, 20.0, 0.0625
surrogate, 99, 20.0, 0.0625
surrogate, 99, 20.0, 0.0625
surrogate, 99, 20.0, 0.0625
surrogate, 99, 20.0, 0.0625
surrogate, 99, 20.0, 0.0625
surrogate, 99, 20.0, 0.0625
surrogate, 99, 20.0, 0.0625
surrogate, 99, 20.0, 0.0625
surrogate, 99, 20.0, 0.0625
surrogate, 99, 20.0, 0.0625
surrogate, 99, 20.0, 0.0625
surrogate, 99, 20.0, 0.0625
surrogate, 99, 20.0, 0.0625
surrogate, 99, 20.0, 0.0625
surrogate, 99, 20.0, 0.0625
surrogate, 99, 20.0, 0.0625
surrogate, 99, 20.0, 0.0625
surrogate, 99, 20.0, 0.0625
surrogate, 99, 20.0, 0.0625
surrogate, 99, 20.0, 0.0625
surrogate, 99, 20.0, 0.0625
surrogate, 99, 20.0, 0.0625
surrogate, 99, 20.0, 0.0625
surrogate, 99, 20.0, 0.0625
surrogate, 99, 20.0, 0.0625
surrogate, 99, 20.0, 0.0625
surrogate, 99, 20.0, 0.0625
surrogate, 99, 20.0, 0.0625
surrogate, 99, 20.0, 0.0625
surrogate, 99, 20.0, 0.0625
surrogate, 99, 20.0, 0.0625
surrogate, 99, 20.0, 0.0625
surrogate, 99, 20.0, 0.0625
surrogate, 99, 20.0, 0.0625
surrogate, 99, 20.0, 0.0625
surrogate, 99, 20.0, 0.0625
surrogate, 99, 20.0, 0.0625
surrogate, 99, 20.0, 0.0625
surrogate, 99, 20.0, 0.0625
surrogate, 99, 20.0, 0.0625
surrogate, 99, 20.0, 0.0625
surrogate, 99, 20.0, 0.0625
surrogate, 99, 20.0, 0.0625
surrogate, 99, 20.0, 0.0625
surrogate, 99, 20.0, 0.0625
surrogate, 99, 20.0, 0.0625
surrogate, 99, 20.0, 0.0625
surrogate, 100, 32.0, 0.9375
surrogate, 100, 32.0, 0.9375
surrogate, 100, 32.0, 0.9375
surrogate, 100, 32.0, 0.9375
surrogate, 100, 32.0, 0.9375
surrogate, 100, 32.0, 0.9375
surrogate, 100, 32.0, 0.9375
surrogate, 100, 32.0, 0.9375
surrogate, 100, 31.0, 0.84375
surrogate, 100, 31.0, 0.84375
surrogate, 100, 31.0, 0.84375
surrogate, 100, 31.0, 0.84375
surrogate, 100, 31.0, 0.84375
surrogate, 100, 31.0, 0.84375
surrogate, 100, 31.0, 0.84375
surrogate, 100, 31.0, 0.84375
surrogate, 100, 30.0, 0.71875
surrogate, 100, 30.0, 0.71875
surrogate, 100, 30.0, 0.71875
surrogate, 100, 30.0, 0.71875
surrogate, 100, 30.0, 0.71875
surrogate, 100, 30.0, 0.71875
surrogate, 100, 30.0, 0.71875
surrogate, 100, 30.0, 0.71875
surrogate, 100, 30.0, 0.71875
surrogate, 100, 30.0, 0.71875
surrogate, 100, 30.0, 0.71875
surrogate, 100, 30.0, 0.71875
surrogate, 100, 30.0, 0.71875
surrogate, 100, 30.0, 0.71875
surrogate, 100, 30.0, 0.71875
surrogate, 100, 30.0, 0.71875
surrogate, 100, 30.0, 0.71875
surrogate, 100, 30.0, 0.71875
surrogate, 100, 30.0, 0.71875
surrogate, 100, 29.0, 0.625
surrogate, 100, 29.0, 0.625
surrogate, 100, 29.0, 0.625
surrogate, 100, 28.0, 0.59375
surrogate, 100, 28.0, 0.59375
surrogate, 100, 28.0, 0.59375
surrogate, 100, 27.0, 0.53125
surrogate, 100, 27.0, 0.53125
surrogate, 100, 27.0, 0.53125
surrogate, 100, 27.0, 0.53125
surrogate, 100, 27.0, 0.53125
surrogate, 100, 27.0, 0.53125
surrogate, 100, 27.0, 0.53125
surrogate, 100, 27.0, 0.53125
surrogate, 100, 27.0, 0.53125
surrogate, 100, 27.0, 0.53125
surrogate, 100, 27.0, 0.53125
surrogate, 100, 27.0, 0.53125
surrogate, 100, 27.0, 0.53125
surrogate, 100, 27.0, 0.53125
surrogate, 100, 27.0, 0.53125
surrogate, 100, 27.0, 0.53125
surrogate, 100, 27.0, 0.53125
surrogate, 100, 27.0, 0.53125
surrogate, 100, 27.0, 0.53125
surrogate, 100, 27.0, 0.53125
surrogate, 100, 27.0, 0.53125
surrogate, 100, 27.0, 0.53125
surrogate, 100, 27.0, 0.53125
surrogate, 100, 27.0, 0.53125
surrogate, 100, 27.0, 0.53125
surrogate, 100, 26.0, 0.46875
surrogate, 100, 26.0, 0.46875
surrogate, 100, 26.0, 0.46875
surrogate, 100, 26.0, 0.46875
surrogate, 100, 26.0, 0.46875
surrogate, 100, 26.0, 0.46875
surrogate, 100, 26.0, 0.46875
surrogate, 100, 26.0, 0.46875
surrogate, 100, 26.0, 0.46875
surrogate, 100, 26.0, 0.46875
surrogate, 100, 26.0, 0.46875
surrogate, 100, 26.0, 0.46875
surrogate, 100, 26.0, 0.46875
surrogate, 100, 26.0, 0.46875
surrogate, 100, 26.0, 0.46875
surrogate, 100, 26.0, 0.46875
surrogate, 100, 26.0, 0.46875
surrogate, 100, 26.0, 0.46875
surrogate, 100, 26.0, 0.46875
surrogate, 100, 25.0, 0.40625
surrogate, 100, 25.0, 0.40625
surrogate, 100, 25.0, 0.40625
surrogate, 100, 25.0, 0.40625
surrogate, 100, 25.0, 0.40625
surrogate, 100, 25.0, 0.40625
surrogate, 100, 25.0, 0.40625
surrogate, 100, 25.0, 0.40625
surrogate, 100, 25.0, 0.40625
surrogate, 100, 25.0, 0.40625
surrogate, 100, 25.0, 0.40625
surrogate, 100, 25.0, 0.40625
surrogate, 100, 25.0, 0.40625
surrogate, 100, 25.0, 0.40625
surrogate, 100, 25.0, 0.40625
surrogate, 100, 25.0, 0.40625
surrogate, 100, 25.0, 0.40625
surrogate, 100, 25.0, 0.40625
surrogate, 100, 25.0, 0.40625
surrogate, 100, 25.0, 0.40625
surrogate, 100, 25.0, 0.40625
surrogate, 100, 25.0, 0.40625
surrogate, 100, 25.0, 0.40625
surrogate, 100, 25.0, 0.40625
surrogate, 100, 25.0, 0.40625
surrogate, 100, 25.0, 0.40625
surrogate, 100, 25.0, 0.40625
surrogate, 100, 24.0, 0.34375
surrogate, 100, 24.0, 0.34375
surrogate, 100, 24.0, 0.34375
surrogate, 100, 24.0, 0.34375
surrogate, 100, 24.0, 0.34375
surrogate, 100, 24.0, 0.34375
surrogate, 100, 24.0, 0.34375
surrogate, 100, 24.0, 0.34375
surrogate, 100, 24.0, 0.34375
surrogate, 100, 24.0, 0.34375
surrogate, 100, 24.0, 0.34375
surrogate, 100, 24.0, 0.34375
surrogate, 100, 24.0, 0.34375
surrogate, 100, 24.0, 0.34375
surrogate, 100, 24.0, 0.34375
surrogate, 100, 24.0, 0.34375
surrogate, 100, 24.0, 0.34375
surrogate, 100, 24.0, 0.34375
surrogate, 100, 24.0, 0.34375
surrogate, 100, 24.0, 0.34375
surrogate, 100, 24.0, 0.34375
surrogate, 100, 24.0, 0.34375
surrogate, 100, 24.0, 0.34375
surrogate, 100, 24.0, 0.34375
surrogate, 100, 24.0, 0.34375
surrogate, 100, 24.0, 0.34375
surrogate, 100, 24.0, 0.34375
surrogate, 100, 24.0, 0.34375
surrogate, 100, 24.0, 0.34375
surrogate, 100, 24.0, 0.34375
surrogate, 100, 24.0, 0.34375
surrogate, 100, 24.0, 0.34375
surrogate, 100, 24.0, 0.34375
surrogate, 100, 24.0, 0.34375
surrogate, 100, 24.0, 0.34375
surrogate, 100, 24.0, 0.34375
surrogate, 100, 24.0, 0.34375
surrogate, 100, 24.0, 0.34375
surrogate, 100, 24.0, 0.34375
surrogate, 100, 24.0, 0.34375
surrogate, 100, 24.0, 0.34375
surrogate, 100, 23.0, 0.3125
surrogate, 100, 23.0, 0.3125
surrogate, 100, 23.0, 0.3125
surrogate, 100, 23.0, 0.3125
surrogate, 100, 23.0, 0.3125
surrogate, 100, 23.0, 0.3125
surrogate, 100, 23.0, 0.3125
surrogate, 100, 23.0, 0.3125
surrogate, 100, 23.0, 0.3125
surrogate, 100, 23.0, 0.3125
surrogate, 100, 23.0, 0.3125
surrogate, 100, 23.0, 0.3125
surrogate, 100, 23.0, 0.3125
surrogate, 100, 23.0, 0.3125
surrogate, 100, 23.0, 0.3125
surrogate, 100, 23.0, 0.3125
surrogate, 100, 23.0, 0.3125
surrogate, 100, 23.0, 0.3125
surrogate, 100, 23.0, 0.3125
surrogate, 100, 23.0, 0.3125
surrogate, 100, 23.0, 0.3125
surrogate, 100, 23.0, 0.3125
surrogate, 100, 23.0, 0.3125
surrogate, 100, 23.0, 0.3125
surrogate, 100, 23.0, 0.3125
surrogate, 100, 23.0, 0.3125
surrogate, 100, 23.0, 0.3125
surrogate, 100, 23.0, 0.3125
surrogate, 100, 23.0, 0.3125
surrogate, 100, 23.0, 0.3125
surrogate, 100, 23.0, 0.3125
surrogate, 100, 23.0, 0.3125
surrogate, 100, 20.0, 0.0625
surrogate, 100, 20.0, 0.0625
surrogate, 100, 20.0, 0.0625
surrogate, 100, 20.0, 0.0625
surrogate, 100, 20.0, 0.0625
surrogate, 100, 20.0, 0.0625
surrogate, 100, 20.0, 0.0625
surrogate, 100, 20.0, 0.0625
surrogate, 100, 20.0, 0.0625
surrogate, 100, 20.0, 0.0625
surrogate, 100, 20.0, 0.0625
surrogate, 100, 20.0, 0.0625
surrogate, 100, 20.0, 0.0625
surrogate, 100, 20.0, 0.0625
surrogate, 100, 20.0, 0.0625
surrogate, 100, 20.0, 0.0625
surrogate, 100, 20.0, 0.0625
surrogate, 100, 20.0, 0.0625
surrogate, 100, 20.0, 0.0625
surrogate, 100, 20.0, 0.0625
surrogate, 100, 20.0, 0.0625
surrogate, 100, 20.0, 0.0625
surrogate, 100, 20.0, 0.0625
surrogate, 100, 20.0, 0.0625
surrogate, 100, 20.0, 0.0625
surrogate, 100, 20.0, 0.0625
surrogate, 100, 20.0, 0.0625
surrogate, 100, 20.0, 0.0625
surrogate, 100, 20.0, 0.0625
surrogate, 100, 20.0, 0.0625
surrogate, 100, 20.0, 0.0625
surrogate, 100, 20.0, 0.0625
surrogate, 100, 20.0, 0.0625
surrogate, 100, 20.0, 0.0625
surrogate, 100, 20.0, 0.0625
surrogate, 100, 20.0, 0.0625
surrogate, 100, 20.0, 0.0625
surrogate, 100, 20.0, 0.0625
surrogate, 100, 20.0, 0.0625
surrogate, 100, 20.0, 0.0625
surrogate, 100, 20.0, 0.0625
surrogate, 100, 20.0, 0.0625
surrogate, 100, 20.0, 0.0625
surrogate, 100, 20.0, 0.0625
surrogate, 100, 20.0, 0.0625
surrogate, 100, 20.0, 0.0625
surrogate, 100, 20.0, 0.0625
surrogate, 100, 20.0, 0.0625
surrogate, 100, 20.0, 0.0625
surrogate, 100, 20.0, 0.0625
surrogate, 100, 20.0, 0.0625
surrogate, 100, 20.0, 0.0625
surrogate, 100, 20.0, 0.0625
surrogate, 100, 20.0, 0.0625
surrogate, 100, 20.0, 0.0625
surrogate, 100, 20.0, 0.0625
surrogate, 100, 20.0, 0.0625
surrogate, 100, 20.0, 0.0625
surrogate, 100, 20.0, 0.0625
surrogate, 100, 20.0, 0.0625
surrogate, 100, 20.0, 0.0625
surrogate, 100, 20.0, 0.0625
surrogate, 100, 20.0, 0.0625
surrogate, 100, 20.0, 0.0625
surrogate, 100, 20.0, 0.0625
surrogate, 100, 20.0, 0.0625
surrogate, 100, 20.0, 0.0625
