method, generation, latency, ar
surrogate, 1, 32.0, 0.6875
surrogate, 1, 29.0, 0.5
surrogate, 1, 28.0, 0.28125
surrogate, 1, 25.0, 0.25
surrogate, 1, 22.0, 0.0625
surrogate, 2, 32.0, 0.6875
surrogate, 2, 31.0, 0.59375
surrogate, 2, 28.0, 0.5
surrogate, 2, 25.0, 0.25
surrogate, 2, 25.0, 0.25
surrogate, 2, 22.0, 0.0625
surrogate, 3, 32.0, 0.6875
surrogate, 3, 31.0, 0.59375
surrogate, 3, 28.0, 0.5
surrogate, 3, 25.0, 0.25
surrogate, 3, 25.0, 0.25
surrogate, 3, 25.0, 0.25
surrogate, 3, 22.0, 0.0625
surrogate, 3, 22.0, 0.0625
surrogate, 4, 32.0, 0.6875
surrogate, 4, 32.0, 0.6875
surrogate, 4, 31.0, 0.59375
surrogate, 4, 28.0, 0.5
surrogate, 4, 28.0, 0.5
surrogate, 4, 26.0, 0.28125
surrogate, 4, 24.0, 0.25
surrogate, 4, 22.0, 0.0625
surrogate, 4, 22.0, 0.0625
surrogate, 4, 22.0, 0.0625
surrogate, 4, 22.0, 0.0625
surrogate, 5, 34.0, 0.78125
surrogate, 5, 32.0, 0.6875
surrogate, 5, 32.0, 0.6875
surrogate, 5, 32.0, 0.6875
surrogate, 5, 31.0, 0.59375
surrogate, 5, 28.0, 0.5
surrogate, 5, 28.0, 0.5
surrogate, 5, 28.0, 0.5
surrogate, 5, 26.0, 0.28125
surrogate, 5, 26.0, 0.28125
surrogate, 5, 24.0, 0.25
surrogate, 5, 22.0, 0.0625
surrogate, 5, 22.0, 0.0625
surrogate, 5, 22.0, 0.0625
surrogate, 5, 22.0, 0.0625
surrogate, 6, 34.0, 0.78125
surrogate, 6, 34.0, 0.78125
surrogate, 6, 32.0, 0.6875
surrogate, 6, 32.0, 0.6875
surrogate, 6, 32.0, 0.6875
surrogate, 6, 31.0, 0.59375
surrogate, 6, 31.0, 0.59375
surrogate, 6, 28.0, 0.5
surrogate, 6, 28.0, 0.5
surrogate, 6, 28.0, 0.5
surrogate, 6, 28.0, 0.5
surrogate, 6, 26.0, 0.28125
surrogate, 6, 26.0, 0.28125
surrogate, 6, 24.0, 0.25
surrogate, 6, 24.0, 0.25
surrogate, 6, 22.0, 0.0625
surrogate, 6, 22.0, 0.0625
surrogate, 6, 22.0, 0.0625
surrogate, 6, 22.0, 0.0625
surrogate, 7, 34.0, 0.78125
surrogate, 7, 34.0, 0.78125
surrogate, 7, 32.0, 0.6875
surrogate, 7, 32.0, 0.6875
surrogate, 7, 32.0, 0.6875
surrogate, 7, 30.0, 0.59375
surrogate, 7, 28.0, 0.5
surrogate, 7, 28.0, 0.5
surrogate, 7, 28.0, 0.5
surrogate, 7, 28.0, 0.5
surrogate, 7, 26.0, 0.28125
surrogate, 7, 26.0, 0.28125
surrogate, 7, 26.0, 0.28125
surrogate, 7, 24.0, 0.25
surrogate, 7, 24.0, 0.25
surrogate, 7, 22.0, 0.0625
surrogate, 7, 22.0, 0.0625
surrogate, 7, 22.0, 0.0625
surrogate, 7, 22.0, 0.0625
surrogate, 8, 34.0, 0.78125
surrogate, 8, 34.0, 0.78125
surrogate, 8, 32.0, 0.6875
surrogate, 8, 32.0, 0.6875
surrogate, 8, 32.0, 0.6875
surrogate, 8, 30.0, 0.59375
surrogate, 8, 28.0, 0.5
surrogate, 8, 28.0, 0.5
surrogate, 8, 28.0, 0.5
surrogate, 8, 28.0, 0.5
surrogate, 8, 28.0, 0.5
surrogate, 8, 26.0, 0.28125
surrogate, 8, 26.0, 0.28125
surrogate, 8, 26.0, 0.28125
surrogate, 8, 26.0, 0.28125
surrogate, 8, 24.0, 0.25
surrogate, 8, 24.0, 0.25
surrogate, 8, 24.0, 0.25
surrogate, 8, 22.0, 0.0625
surrogate, 8, 22.0, 0.0625
surrogate, 8, 22.0, 0.0625
surrogate, 8, 22.0, 0.0625
surrogate, 9, 33.0, 0.78125
surrogate, 9, 32.0, 0.6875
surrogate, 9, 32.0, 0.6875
surrogate, 9, 32.0, 0.6875
surrogate, 9, 32.0, 0.6875
surrogate, 9, 30.0, 0.59375
surrogate, 9, 30.0, 0.59375
surrogate, 9, 28.0, 0.5
surrogate, 9, 28.0, 0.5
surrogate, 9, 28.0, 0.5
surrogate, 9, 28.0, 0.5
surrogate, 9, 28.0, 0.5
surrogate, 9, 28.0, 0.5
surrogate, 9, 25.0, 0.28125
surrogate, 9, 24.0, 0.25
surrogate, 9, 24.0, 0.25
surrogate, 9, 24.0, 0.25
surrogate, 9, 24.0, 0.25
surrogate, 9, 22.0, 0.0625
surrogate, 9, 22.0, 0.0625
surrogate, 9, 22.0, 0.0625
surrogate, 9, 22.0, 0.0625
surrogate, 9, 22.0, 0.0625
surrogate, 9, 22.0, 0.0625
surrogate, 10, 33.0, 0.78125
surrogate, 10, 33.0, 0.78125
surrogate, 10, 32.0, 0.6875
surrogate, 10, 32.0, 0.6875
surrogate, 10, 32.0, 0.6875
surrogate, 10, 32.0, 0.6875
surrogate, 10, 30.0, 0.59375
surrogate, 10, 30.0, 0.59375
surrogate, 10, 30.0, 0.59375
surrogate, 10, 28.0, 0.5
surrogate, 10, 28.0, 0.5
surrogate, 10, 28.0, 0.5
surrogate, 10, 28.0, 0.5
surrogate, 10, 28.0, 0.5
surrogate, 10, 28.0, 0.5
surrogate, 10, 28.0, 0.5
surrogate, 10, 25.0, 0.28125
surrogate, 10, 25.0, 0.28125
surrogate, 10, 24.0, 0.25
surrogate, 10, 24.0, 0.25
surrogate, 10, 24.0, 0.25
surrogate, 10, 24.0, 0.25
surrogate, 10, 24.0, 0.25
surrogate, 10, 22.0, 0.0625
surrogate, 10, 22.0, 0.0625
surrogate, 10, 22.0, 0.0625
surrogate, 10, 22.0, 0.0625
surrogate, 10, 22.0, 0.0625
surrogate, 10, 22.0, 0.0625
surrogate, 10, 22.0, 0.0625
surrogate, 11, 33.0, 0.78125
surrogate, 11, 33.0, 0.78125
surrogate, 11, 33.0, 0.78125
surrogate, 11, 32.0, 0.6875
surrogate, 11, 32.0, 0.6875
surrogate, 11, 32.0, 0.6875
surrogate, 11, 32.0, 0.6875
surrogate, 11, 30.0, 0.59375
surrogate, 11, 30.0, 0.59375
surrogate, 11, 30.0, 0.59375
surrogate, 11, 28.0, 0.5
surrogate, 11, 28.0, 0.5
surrogate, 11, 28.0, 0.5
surrogate, 11, 28.0, 0.5
surrogate, 11, 28.0, 0.5
surrogate, 11, 28.0, 0.5
surrogate, 11, 28.0, 0.5
surrogate, 11, 28.0, 0.5
surrogate, 11, 25.0, 0.28125
surrogate, 11, 25.0, 0.28125
surrogate, 11, 24.0, 0.25
surrogate, 11, 24.0, 0.25
surrogate, 11, 24.0, 0.25
surrogate, 11, 24.0, 0.25
surrogate, 11, 24.0, 0.25
surrogate, 11, 24.0, 0.25
surrogate, 11, 22.0, 0.0625
surrogate, 11, 22.0, 0.0625
surrogate, 11, 22.0, 0.0625
surrogate, 11, 22.0, 0.0625
surrogate, 11, 22.0, 0.0625
surrogate, 11, 22.0, 0.0625
surrogate, 11, 22.0, 0.0625
surrogate, 11, 22.0, 0.0625
surrogate, 12, 33.0, 0.78125
surrogate, 12, 33.0, 0.78125
surrogate, 12, 33.0, 0.78125
surrogate, 12, 33.0, 0.78125
surrogate, 12, 32.0, 0.6875
surrogate, 12, 32.0, 0.6875
surrogate, 12, 32.0, 0.6875
surrogate, 12, 32.0, 0.6875
surrogate, 12, 30.0, 0.59375
surrogate, 12, 30.0, 0.59375
surrogate, 12, 30.0, 0.59375
surrogate, 12, 28.0, 0.5
surrogate, 12, 28.0, 0.5
surrogate, 12, 28.0, 0.5
surrogate, 12, 28.0, 0.5
surrogate, 12, 28.0, 0.5
surrogate, 12, 28.0, 0.5
surrogate, 12, 28.0, 0.5
surrogate, 12, 28.0, 0.5
surrogate, 12, 28.0, 0.5
surrogate, 12, 25.0, 0.28125
surrogate, 12, 25.0, 0.28125
surrogate, 12, 24.0, 0.25
surrogate, 12, 24.0, 0.25
surrogate, 12, 24.0, 0.25
surrogate, 12, 24.0, 0.25
surrogate, 12, 24.0, 0.25
surrogate, 12, 24.0, 0.25
surrogate, 12, 24.0, 0.25
surrogate, 12, 22.0, 0.0625
surrogate, 12, 22.0, 0.0625
surrogate, 12, 22.0, 0.0625
surrogate, 12, 22.0, 0.0625
surrogate, 12, 22.0, 0.0625
surrogate, 12, 22.0, 0.0625
surrogate, 12, 22.0, 0.0625
surrogate, 12, 22.0, 0.0625
surrogate, 12, 22.0, 0.0625
surrogate, 13, 33.0, 0.78125
surrogate, 13, 33.0, 0.78125
surrogate, 13, 33.0, 0.78125
surrogate, 13, 33.0, 0.78125
surrogate, 13, 33.0, 0.78125
surrogate, 13, 32.0, 0.6875
surrogate, 13, 32.0, 0.6875
surrogate, 13, 32.0, 0.6875
surrogate, 13, 32.0, 0.6875
surrogate, 13, 30.0, 0.59375
surrogate, 13, 30.0, 0.59375
surrogate, 13, 30.0, 0.59375
surrogate, 13, 30.0, 0.59375
surrogate, 13, 28.0, 0.5
surrogate, 13, 28.0, 0.5
surrogate, 13, 28.0, 0.5
surrogate, 13, 28.0, 0.5
surrogate, 13, 28.0, 0.5
surrogate, 13, 28.0, 0.5
surrogate, 13, 28.0, 0.5
surrogate, 13, 28.0, 0.5
surrogate, 13, 28.0, 0.5
surrogate, 13, 28.0, 0.5
surrogate, 13, 25.0, 0.28125
surrogate, 13, 25.0, 0.28125
surrogate, 13, 25.0, 0.28125
surrogate, 13, 24.0, 0.25
surrogate, 13, 24.0, 0.25
surrogate, 13, 24.0, 0.25
surrogate, 13, 24.0, 0.25
surrogate, 13, 24.0, 0.25
surrogate, 13, 24.0, 0.25
surrogate, 13, 24.0, 0.25
surrogate, 13, 22.0, 0.0625
surrogate, 13, 22.0, 0.0625
surrogate, 13, 22.0, 0.0625
surrogate, 13, 22.0, 0.0625
surrogate, 13, 22.0, 0.0625
surrogate, 13, 22.0, 0.0625
surrogate, 13, 22.0, 0.0625
surrogate, 13, 22.0, 0.0625
surrogate, 13, 22.0, 0.0625
surrogate, 13, 22.0, 0.0625
surrogate, 14, 33.0, 0.78125
surrogate, 14, 33.0, 0.78125
surrogate, 14, 33.0, 0.78125
surrogate, 14, 33.0, 0.78125
surrogate, 14, 33.0, 0.78125
surrogate, 14, 33.0, 0.78125
surrogate, 14, 32.0, 0.6875
surrogate, 14, 32.0, 0.6875
surrogate, 14, 32.0, 0.6875
surrogate, 14, 32.0, 0.6875
surrogate, 14, 30.0, 0.59375
surrogate, 14, 30.0, 0.59375
surrogate, 14, 30.0, 0.59375
surrogate, 14, 30.0, 0.59375
surrogate, 14, 28.0, 0.5
surrogate, 14, 28.0, 0.5
surrogate, 14, 28.0, 0.5
surrogate, 14, 28.0, 0.5
surrogate, 14, 28.0, 0.5
surrogate, 14, 28.0, 0.5
surrogate, 14, 28.0, 0.5
surrogate, 14, 28.0, 0.5
surrogate, 14, 28.0, 0.5
surrogate, 14, 28.0, 0.5
surrogate, 14, 28.0, 0.5
surrogate, 14, 25.0, 0.28125
surrogate, 14, 25.0, 0.28125
surrogate, 14, 25.0, 0.28125
surrogate, 14, 25.0, 0.28125
surrogate, 14, 24.0, 0.25
surrogate, 14, 24.0, 0.25
surrogate, 14, 24.0, 0.25
surrogate, 14, 24.0, 0.25
surrogate, 14, 24.0, 0.25
surrogate, 14, 24.0, 0.25
surrogate, 14, 24.0, 0.25
surrogate, 14, 24.0, 0.25
surrogate, 14, 22.0, 0.0625
surrogate, 14, 22.0, 0.0625
surrogate, 14, 22.0, 0.0625
surrogate, 14, 22.0, 0.0625
surrogate, 14, 22.0, 0.0625
surrogate, 14, 22.0, 0.0625
surrogate, 14, 22.0, 0.0625
surrogate, 14, 22.0, 0.0625
surrogate, 14, 22.0, 0.0625
surrogate, 14, 22.0, 0.0625
surrogate, 14, 22.0, 0.0625
surrogate, 15, 33.0, 0.78125
surrogate, 15, 33.0, 0.78125
surrogate, 15, 33.0, 0.78125
surrogate, 15, 33.0, 0.78125
surrogate, 15, 33.0, 0.78125
surrogate, 15, 33.0, 0.78125
surrogate, 15, 32.0, 0.6875
surrogate, 15, 32.0, 0.6875
surrogate, 15, 32.0, 0.6875
surrogate, 15, 32.0, 0.6875
surrogate, 15, 30.0, 0.59375
surrogate, 15, 30.0, 0.59375
surrogate, 15, 30.0, 0.59375
surrogate, 15, 30.0, 0.59375
surrogate, 15, 30.0, 0.59375
surrogate, 15, 28.0, 0.5
surrogate, 15, 28.0, 0.5
surrogate, 15, 28.0, 0.5
surrogate, 15, 28.0, 0.5
surrogate, 15, 28.0, 0.5
surrogate, 15, 28.0, 0.5
surrogate, 15, 28.0, 0.5
surrogate, 15, 28.0, 0.5
surrogate, 15, 28.0, 0.5
surrogate, 15, 28.0, 0.5
surrogate, 15, 28.0, 0.5
surrogate, 15, 28.0, 0.5
surrogate, 15, 25.0, 0.28125
surrogate, 15, 25.0, 0.28125
surrogate, 15, 25.0, 0.28125
surrogate, 15, 25.0, 0.28125
surrogate, 15, 25.0, 0.28125
surrogate, 15, 24.0, 0.25
surrogate, 15, 24.0, 0.25
surrogate, 15, 24.0, 0.25
surrogate, 15, 24.0, 0.25
surrogate, 15, 24.0, 0.25
surrogate, 15, 24.0, 0.25
surrogate, 15, 24.0, 0.25
surrogate, 15, 24.0, 0.25
surrogate, 15, 24.0, 0.25
surrogate, 15, 22.0, 0.0625
surrogate, 15, 22.0, 0.0625
surrogate, 15, 22.0, 0.0625
surrogate, 15, 22.0, 0.0625
surrogate, 15, 22.0, 0.0625
surrogate, 15, 22.0, 0.0625
surrogate, 15, 22.0, 0.0625
surrogate, 15, 22.0, 0.0625
surrogate, 15, 22.0, 0.0625
surrogate, 15, 22.0, 0.0625
surrogate, 15, 22.0, 0.0625
surrogate, 15, 22.0, 0.0625
surrogate, 16, 33.0, 0.78125
surrogate, 16, 33.0, 0.78125
surrogate, 16, 33.0, 0.78125
surrogate, 16, 33.0, 0.78125
surrogate, 16, 33.0, 0.78125
surrogate, 16, 33.0, 0.78125
surrogate, 16, 32.0, 0.6875
surrogate, 16, 32.0, 0.6875
surrogate, 16, 32.0, 0.6875
surrogate, 16, 32.0, 0.6875
surrogate, 16, 32.0, 0.6875
surrogate, 16, 30.0, 0.59375
surrogate, 16, 30.0, 0.59375
surrogate, 16, 30.0, 0.59375
surrogate, 16, 30.0, 0.59375
surrogate, 16, 30.0, 0.59375
surrogate, 16, 28.0, 0.5
surrogate, 16, 28.0, 0.5
surrogate, 16, 28.0, 0.5
surrogate, 16, 28.0, 0.5
surrogate, 16, 28.0, 0.5
surrogate, 16, 28.0, 0.5
surrogate, 16, 28.0, 0.5
surrogate, 16, 28.0, 0.5
surrogate, 16, 28.0, 0.5
surrogate, 16, 28.0, 0.5
surrogate, 16, 28.0, 0.5
surrogate, 16, 28.0, 0.5
surrogate, 16, 28.0, 0.5
surrogate, 16, 25.0, 0.28125
surrogate, 16, 25.0, 0.28125
surrogate, 16, 25.0, 0.28125
surrogate, 16, 25.0, 0.28125
surrogate, 16, 25.0, 0.28125
surrogate, 16, 24.0, 0.25
surrogate, 16, 24.0, 0.25
surrogate, 16, 24.0, 0.25
surrogate, 16, 24.0, 0.25
surrogate, 16, 24.0, 0.25
surrogate, 16, 24.0, 0.25
surrogate, 16, 24.0, 0.25
surrogate, 16, 24.0, 0.25
surrogate, 16, 24.0, 0.25
surrogate, 16, 24.0, 0.25
surrogate, 16, 22.0, 0.0625
surrogate, 16, 22.0, 0.0625
surrogate, 16, 22.0, 0.0625
surrogate, 16, 22.0, 0.0625
surrogate, 16, 22.0, 0.0625
surrogate, 16, 22.0, 0.0625
surrogate, 16, 22.0, 0.0625
surrogate, 16, 22.0, 0.0625
surrogate, 16, 22.0, 0.0625
surrogate, 16, 22.0, 0.0625
surrogate, 16, 22.0, 0.0625
surrogate, 16, 22.0, 0.0625
surrogate, 16, 22.0, 0.0625
surrogate, 17, 33.0, 0.78125
surrogate, 17, 33.0, 0.78125
surrogate, 17, 33.0, 0.78125
surrogate, 17, 33.0, 0.78125
surrogate, 17, 33.0, 0.78125
surrogate, 17, 33.0, 0.78125
surrogate, 17, 33.0, 0.78125
surrogate, 17, 32.0, 0.6875
surrogate, 17, 32.0, 0.6875
surrogate, 17, 32.0, 0.6875
surrogate, 17, 32.0, 0.6875
surrogate, 17, 32.0, 0.6875
surrogate, 17, 30.0, 0.59375
surrogate, 17, 30.0, 0.59375
surrogate, 17, 30.0, 0.59375
surrogate, 17, 30.0, 0.59375
surrogate, 17, 30.0, 0.59375
surrogate, 17, 28.0, 0.5
surrogate, 17, 28.0, 0.5
surrogate, 17, 28.0, 0.5
surrogate, 17, 28.0, 0.5
surrogate, 17, 28.0, 0.5
surrogate, 17, 28.0, 0.5
surrogate, 17, 28.0, 0.5
surrogate, 17, 28.0, 0.5
surrogate, 17, 28.0, 0.5
surrogate, 17, 28.0, 0.5
surrogate, 17, 28.0, 0.5
surrogate, 17, 28.0, 0.5
surrogate, 17, 28.0, 0.5
surrogate, 17, 28.0, 0.5
surrogate, 17, 25.0, 0.28125
surrogate, 17, 25.0, 0.28125
surrogate, 17, 25.0, 0.28125
surrogate, 17, 25.0, 0.28125
surrogate, 17, 25.0, 0.28125
surrogate, 17, 24.0, 0.25
surrogate, 17, 24.0, 0.25
surrogate, 17, 24.0, 0.25
surrogate, 17, 24.0, 0.25
surrogate, 17, 24.0, 0.25
surrogate, 17, 24.0, 0.25
surrogate, 17, 24.0, 0.25
surrogate, 17, 24.0, 0.25
surrogate, 17, 24.0, 0.25
surrogate, 17, 24.0, 0.25
surrogate, 17, 22.0, 0.0625
surrogate, 17, 22.0, 0.0625
surrogate, 17, 22.0, 0.0625
surrogate, 17, 22.0, 0.0625
surrogate, 17, 22.0, 0.0625
surrogate, 17, 22.0, 0.0625
surrogate, 17, 22.0, 0.0625
surrogate, 17, 22.0, 0.0625
surrogate, 17, 22.0, 0.0625
surrogate, 17, 22.0, 0.0625
surrogate, 17, 22.0, 0.0625
surrogate, 17, 22.0, 0.0625
surrogate, 17, 22.0, 0.0625
surrogate, 18, 33.0, 0.78125
surrogate, 18, 33.0, 0.78125
surrogate, 18, 33.0, 0.78125
surrogate, 18, 33.0, 0.78125
surrogate, 18, 33.0, 0.78125
surrogate, 18, 33.0, 0.78125
surrogate, 18, 33.0, 0.78125
surrogate, 18, 32.0, 0.6875
surrogate, 18, 32.0, 0.6875
surrogate, 18, 32.0, 0.6875
surrogate, 18, 32.0, 0.6875
surrogate, 18, 32.0, 0.6875
surrogate, 18, 32.0, 0.6875
surrogate, 18, 30.0, 0.59375
surrogate, 18, 30.0, 0.59375
surrogate, 18, 30.0, 0.59375
surrogate, 18, 30.0, 0.59375
surrogate, 18, 30.0, 0.59375
surrogate, 18, 30.0, 0.59375
surrogate, 18, 28.0, 0.5
surrogate, 18, 28.0, 0.5
surrogate, 18, 28.0, 0.5
surrogate, 18, 28.0, 0.5
surrogate, 18, 28.0, 0.5
surrogate, 18, 28.0, 0.5
surrogate, 18, 28.0, 0.5
surrogate, 18, 28.0, 0.5
surrogate, 18, 28.0, 0.5
surrogate, 18, 28.0, 0.5
surrogate, 18, 28.0, 0.5
surrogate, 18, 28.0, 0.5
surrogate, 18, 28.0, 0.5
surrogate, 18, 28.0, 0.5
surrogate, 18, 26.0, 0.3125
surrogate, 18, 25.0, 0.28125
surrogate, 18, 25.0, 0.28125
surrogate, 18, 25.0, 0.28125
surrogate, 18, 25.0, 0.28125
surrogate, 18, 25.0, 0.28125
surrogate, 18, 25.0, 0.28125
surrogate, 18, 24.0, 0.25
surrogate, 18, 24.0, 0.25
surrogate, 18, 24.0, 0.25
surrogate, 18, 24.0, 0.25
surrogate, 18, 24.0, 0.25
surrogate, 18, 24.0, 0.25
surrogate, 18, 24.0, 0.25
surrogate, 18, 24.0, 0.25
surrogate, 18, 24.0, 0.25
surrogate, 18, 24.0, 0.25
surrogate, 18, 24.0, 0.25
surrogate, 18, 22.0, 0.0625
surrogate, 18, 22.0, 0.0625
surrogate, 18, 22.0, 0.0625
surrogate, 18, 22.0, 0.0625
surrogate, 18, 22.0, 0.0625
surrogate, 18, 22.0, 0.0625
surrogate, 18, 22.0, 0.0625
surrogate, 18, 22.0, 0.0625
surrogate, 18, 22.0, 0.0625
surrogate, 18, 22.0, 0.0625
surrogate, 18, 22.0, 0.0625
surrogate, 18, 22.0, 0.0625
surrogate, 18, 22.0, 0.0625
surrogate, 19, 33.0, 0.78125
surrogate, 19, 33.0, 0.78125
surrogate, 19, 33.0, 0.78125
surrogate, 19, 33.0, 0.78125
surrogate, 19, 33.0, 0.78125
surrogate, 19, 33.0, 0.78125
surrogate, 19, 33.0, 0.78125
surrogate, 19, 33.0, 0.78125
surrogate, 19, 32.0, 0.6875
surrogate, 19, 32.0, 0.6875
surrogate, 19, 32.0, 0.6875
surrogate, 19, 32.0, 0.6875
surrogate, 19, 32.0, 0.6875
surrogate, 19, 32.0, 0.6875
surrogate, 19, 30.0, 0.59375
surrogate, 19, 30.0, 0.59375
surrogate, 19, 30.0, 0.59375
surrogate, 19, 30.0, 0.59375
surrogate, 19, 30.0, 0.59375
surrogate, 19, 30.0, 0.59375
surrogate, 19, 28.0, 0.5
surrogate, 19, 28.0, 0.5
surrogate, 19, 28.0, 0.5
surrogate, 19, 28.0, 0.5
surrogate, 19, 28.0, 0.5
surrogate, 19, 28.0, 0.5
surrogate, 19, 28.0, 0.5
surrogate, 19, 28.0, 0.5
surrogate, 19, 28.0, 0.5
surrogate, 19, 28.0, 0.5
surrogate, 19, 28.0, 0.5
surrogate, 19, 28.0, 0.5
surrogate, 19, 28.0, 0.5
surrogate, 19, 28.0, 0.5
surrogate, 19, 28.0, 0.5
surrogate, 19, 26.0, 0.3125
surrogate, 19, 26.0, 0.3125
surrogate, 19, 25.0, 0.28125
surrogate, 19, 25.0, 0.28125
surrogate, 19, 25.0, 0.28125
surrogate, 19, 25.0, 0.28125
surrogate, 19, 25.0, 0.28125
surrogate, 19, 25.0, 0.28125
surrogate, 19, 25.0, 0.28125
surrogate, 19, 24.0, 0.25
surrogate, 19, 24.0, 0.25
surrogate, 19, 24.0, 0.25
surrogate, 19, 24.0, 0.25
surrogate, 19, 24.0, 0.25
surrogate, 19, 24.0, 0.25
surrogate, 19, 24.0, 0.25
surrogate, 19, 24.0, 0.25
surrogate, 19, 24.0, 0.25
surrogate, 19, 24.0, 0.25
surrogate, 19, 24.0, 0.25
surrogate, 19, 22.0, 0.0625
surrogate, 19, 22.0, 0.0625
surrogate, 19, 22.0, 0.0625
surrogate, 19, 22.0, 0.0625
surrogate, 19, 22.0, 0.0625
surrogate, 19, 22.0, 0.0625
surrogate, 19, 22.0, 0.0625
surrogate, 19, 22.0, 0.0625
surrogate, 19, 22.0, 0.0625
surrogate, 19, 22.0, 0.0625
surrogate, 19, 22.0, 0.0625
surrogate, 19, 22.0, 0.0625
surrogate, 19, 22.0, 0.0625
surrogate, 20, 33.0, 0.78125
surrogate, 20, 33.0, 0.78125
surrogate, 20, 33.0, 0.78125
surrogate, 20, 33.0, 0.78125
surrogate, 20, 33.0, 0.78125
surrogate, 20, 33.0, 0.78125
surrogate, 20, 33.0, 0.78125
surrogate, 20, 33.0, 0.78125
surrogate, 20, 33.0, 0.78125
surrogate, 20, 32.0, 0.6875
surrogate, 20, 32.0, 0.6875
surrogate, 20, 32.0, 0.6875
surrogate, 20, 32.0, 0.6875
surrogate, 20, 32.0, 0.6875
surrogate, 20, 32.0, 0.6875
surrogate, 20, 30.0, 0.59375
surrogate, 20, 30.0, 0.59375
surrogate, 20, 30.0, 0.59375
surrogate, 20, 30.0, 0.59375
surrogate, 20, 30.0, 0.59375
surrogate, 20, 30.0, 0.59375
surrogate, 20, 28.0, 0.5
surrogate, 20, 28.0, 0.5
surrogate, 20, 28.0, 0.5
surrogate, 20, 28.0, 0.5
surrogate, 20, 28.0, 0.5
surrogate, 20, 28.0, 0.5
surrogate, 20, 28.0, 0.5
surrogate, 20, 28.0, 0.5
surrogate, 20, 28.0, 0.5
surrogate, 20, 28.0, 0.5
surrogate, 20, 28.0, 0.5
surrogate, 20, 28.0, 0.5
surrogate, 20, 28.0, 0.5
surrogate, 20, 28.0, 0.5
surrogate, 20, 28.0, 0.5
surrogate, 20, 28.0, 0.5
surrogate, 20, 26.0, 0.3125
surrogate, 20, 26.0, 0.3125
surrogate, 20, 25.0, 0.28125
surrogate, 20, 25.0, 0.28125
surrogate, 20, 25.0, 0.28125
surrogate, 20, 25.0, 0.28125
surrogate, 20, 25.0, 0.28125
surrogate, 20, 25.0, 0.28125
surrogate, 20, 25.0, 0.28125
surrogate, 20, 24.0, 0.25
surrogate, 20, 24.0, 0.25
surrogate, 20, 24.0, 0.25
surrogate, 20, 24.0, 0.25
surrogate, 20, 24.0, 0.25
surrogate, 20, 24.0, 0.25
surrogate, 20, 24.0, 0.25
surrogate, 20, 24.0, 0.25
surrogate, 20, 24.0, 0.25
surrogate, 20, 24.0, 0.25
surrogate, 20, 24.0, 0.25
surrogate, 20, 22.0, 0.0625
surrogate, 20, 22.0, 0.0625
surrogate, 20, 22.0, 0.0625
surrogate, 20, 22.0, 0.0625
surrogate, 20, 22.0, 0.0625
surrogate, 20, 22.0, 0.0625
surrogate, 20, 22.0, 0.0625
surrogate, 20, 22.0, 0.0625
surrogate, 20, 22.0, 0.0625
surrogate, 20, 22.0, 0.0625
surrogate, 20, 22.0, 0.0625
surrogate, 20, 22.0, 0.0625
surrogate, 20, 22.0, 0.0625
surrogate, 20, 22.0, 0.0625
surrogate, 21, 33.0, 0.78125
surrogate, 21, 33.0, 0.78125
surrogate, 21, 33.0, 0.78125
surrogate, 21, 33.0, 0.78125
surrogate, 21, 33.0, 0.78125
surrogate, 21, 33.0, 0.78125
surrogate, 21, 33.0, 0.78125
surrogate, 21, 33.0, 0.78125
surrogate, 21, 33.0, 0.78125
surrogate, 21, 32.0, 0.6875
surrogate, 21, 32.0, 0.6875
surrogate, 21, 32.0, 0.6875
surrogate, 21, 32.0, 0.6875
surrogate, 21, 32.0, 0.6875
surrogate, 21, 32.0, 0.6875
surrogate, 21, 32.0, 0.6875
surrogate, 21, 30.0, 0.59375
surrogate, 21, 30.0, 0.59375
surrogate, 21, 30.0, 0.59375
surrogate, 21, 30.0, 0.59375
surrogate, 21, 30.0, 0.59375
surrogate, 21, 30.0, 0.59375
surrogate, 21, 28.0, 0.5
surrogate, 21, 28.0, 0.5
surrogate, 21, 28.0, 0.5
surrogate, 21, 28.0, 0.5
surrogate, 21, 28.0, 0.5
surrogate, 21, 28.0, 0.5
surrogate, 21, 28.0, 0.5
surrogate, 21, 28.0, 0.5
surrogate, 21, 28.0, 0.5
surrogate, 21, 28.0, 0.5
surrogate, 21, 28.0, 0.5
surrogate, 21, 28.0, 0.5
surrogate, 21, 28.0, 0.5
surrogate, 21, 28.0, 0.5
surrogate, 21, 28.0, 0.5
surrogate, 21, 28.0, 0.5
surrogate, 21, 28.0, 0.5
surrogate, 21, 26.0, 0.3125
surrogate, 21, 26.0, 0.3125
surrogate, 21, 26.0, 0.3125
surrogate, 21, 25.0, 0.28125
surrogate, 21, 25.0, 0.28125
surrogate, 21, 25.0, 0.28125
surrogate, 21, 25.0, 0.28125
surrogate, 21, 25.0, 0.28125
surrogate, 21, 25.0, 0.28125
surrogate, 21, 25.0, 0.28125
surrogate, 21, 25.0, 0.28125
surrogate, 21, 24.0, 0.25
surrogate, 21, 24.0, 0.25
surrogate, 21, 24.0, 0.25
surrogate, 21, 24.0, 0.25
surrogate, 21, 24.0, 0.25
surrogate, 21, 24.0, 0.25
surrogate, 21, 24.0, 0.25
surrogate, 21, 24.0, 0.25
surrogate, 21, 24.0, 0.25
surrogate, 21, 24.0, 0.25
surrogate, 21, 24.0, 0.25
surrogate, 21, 24.0, 0.25
surrogate, 21, 22.0, 0.0625
surrogate, 21, 22.0, 0.0625
surrogate, 21, 22.0, 0.0625
surrogate, 21, 22.0, 0.0625
surrogate, 21, 22.0, 0.0625
surrogate, 21, 22.0, 0.0625
surrogate, 21, 22.0, 0.0625
surrogate, 21, 22.0, 0.0625
surrogate, 21, 22.0, 0.0625
surrogate, 21, 22.0, 0.0625
surrogate, 21, 22.0, 0.0625
surrogate, 21, 22.0, 0.0625
surrogate, 21, 22.0, 0.0625
surrogate, 21, 22.0, 0.0625
surrogate, 21, 22.0, 0.0625
surrogate, 22, 33.0, 0.78125
surrogate, 22, 33.0, 0.78125
surrogate, 22, 33.0, 0.78125
surrogate, 22, 33.0, 0.78125
surrogate, 22, 33.0, 0.78125
surrogate, 22, 33.0, 0.78125
surrogate, 22, 33.0, 0.78125
surrogate, 22, 33.0, 0.78125
surrogate, 22, 33.0, 0.78125
surrogate, 22, 32.0, 0.6875
surrogate, 22, 32.0, 0.6875
surrogate, 22, 32.0, 0.6875
surrogate, 22, 32.0, 0.6875
surrogate, 22, 32.0, 0.6875
surrogate, 22, 32.0, 0.6875
surrogate, 22, 32.0, 0.6875
surrogate, 22, 30.0, 0.59375
surrogate, 22, 30.0, 0.59375
surrogate, 22, 30.0, 0.59375
surrogate, 22, 30.0, 0.59375
surrogate, 22, 30.0, 0.59375
surrogate, 22, 30.0, 0.59375
surrogate, 22, 28.0, 0.5
surrogate, 22, 28.0, 0.5
surrogate, 22, 28.0, 0.5
surrogate, 22, 28.0, 0.5
surrogate, 22, 28.0, 0.5
surrogate, 22, 28.0, 0.5
surrogate, 22, 28.0, 0.5
surrogate, 22, 28.0, 0.5
surrogate, 22, 28.0, 0.5
surrogate, 22, 28.0, 0.5
surrogate, 22, 28.0, 0.5
surrogate, 22, 28.0, 0.5
surrogate, 22, 28.0, 0.5
surrogate, 22, 28.0, 0.5
surrogate, 22, 28.0, 0.5
surrogate, 22, 28.0, 0.5
surrogate, 22, 28.0, 0.5
surrogate, 22, 26.0, 0.3125
surrogate, 22, 26.0, 0.3125
surrogate, 22, 26.0, 0.3125
surrogate, 22, 26.0, 0.3125
surrogate, 22, 25.0, 0.28125
surrogate, 22, 25.0, 0.28125
surrogate, 22, 25.0, 0.28125
surrogate, 22, 25.0, 0.28125
surrogate, 22, 25.0, 0.28125
surrogate, 22, 25.0, 0.28125
surrogate, 22, 25.0, 0.28125
surrogate, 22, 25.0, 0.28125
surrogate, 22, 25.0, 0.28125
surrogate, 22, 24.0, 0.25
surrogate, 22, 24.0, 0.25
surrogate, 22, 24.0, 0.25
surrogate, 22, 24.0, 0.25
surrogate, 22, 24.0, 0.25
surrogate, 22, 24.0, 0.25
surrogate, 22, 24.0, 0.25
surrogate, 22, 24.0, 0.25
surrogate, 22, 24.0, 0.25
surrogate, 22, 24.0, 0.25
surrogate, 22, 24.0, 0.25
surrogate, 22, 24.0, 0.25
surrogate, 22, 24.0, 0.25
surrogate, 22, 22.0, 0.0625
surrogate, 22, 22.0, 0.0625
surrogate, 22, 22.0, 0.0625
surrogate, 22, 22.0, 0.0625
surrogate, 22, 22.0, 0.0625
surrogate, 22, 22.0, 0.0625
surrogate, 22, 22.0, 0.0625
surrogate, 22, 22.0, 0.0625
surrogate, 22, 22.0, 0.0625
surrogate, 22, 22.0, 0.0625
surrogate, 22, 22.0, 0.0625
surrogate, 22, 22.0, 0.0625
surrogate, 22, 22.0, 0.0625
surrogate, 22, 22.0, 0.0625
surrogate, 22, 22.0, 0.0625
surrogate, 22, 22.0, 0.0625
surrogate, 23, 33.0, 0.78125
surrogate, 23, 33.0, 0.78125
surrogate, 23, 33.0, 0.78125
surrogate, 23, 33.0, 0.78125
surrogate, 23, 33.0, 0.78125
surrogate, 23, 33.0, 0.78125
surrogate, 23, 33.0, 0.78125
surrogate, 23, 33.0, 0.78125
surrogate, 23, 33.0, 0.78125
surrogate, 23, 33.0, 0.78125
surrogate, 23, 32.0, 0.6875
surrogate, 23, 32.0, 0.6875
surrogate, 23, 32.0, 0.6875
surrogate, 23, 32.0, 0.6875
surrogate, 23, 32.0, 0.6875
surrogate, 23, 32.0, 0.6875
surrogate, 23, 32.0, 0.6875
surrogate, 23, 30.0, 0.59375
surrogate, 23, 30.0, 0.59375
surrogate, 23, 30.0, 0.59375
surrogate, 23, 30.0, 0.59375
surrogate, 23, 30.0, 0.59375
surrogate, 23, 30.0, 0.59375
surrogate, 23, 28.0, 0.5
surrogate, 23, 28.0, 0.5
surrogate, 23, 28.0, 0.5
surrogate, 23, 28.0, 0.5
surrogate, 23, 28.0, 0.5
surrogate, 23, 28.0, 0.5
surrogate, 23, 28.0, 0.5
surrogate, 23, 28.0, 0.5
surrogate, 23, 28.0, 0.5
surrogate, 23, 28.0, 0.5
surrogate, 23, 28.0, 0.5
surrogate, 23, 28.0, 0.5
surrogate, 23, 28.0, 0.5
surrogate, 23, 28.0, 0.5
surrogate, 23, 28.0, 0.5
surrogate, 23, 28.0, 0.5
surrogate, 23, 28.0, 0.5
surrogate, 23, 26.0, 0.3125
surrogate, 23, 26.0, 0.3125
surrogate, 23, 26.0, 0.3125
surrogate, 23, 26.0, 0.3125
surrogate, 23, 25.0, 0.28125
surrogate, 23, 25.0, 0.28125
surrogate, 23, 25.0, 0.28125
surrogate, 23, 25.0, 0.28125
surrogate, 23, 25.0, 0.28125
surrogate, 23, 25.0, 0.28125
surrogate, 23, 25.0, 0.28125
surrogate, 23, 25.0, 0.28125
surrogate, 23, 25.0, 0.28125
surrogate, 23, 24.0, 0.25
surrogate, 23, 24.0, 0.25
surrogate, 23, 24.0, 0.25
surrogate, 23, 24.0, 0.25
surrogate, 23, 24.0, 0.25
surrogate, 23, 24.0, 0.25
surrogate, 23, 24.0, 0.25
surrogate, 23, 24.0, 0.25
surrogate, 23, 24.0, 0.25
surrogate, 23, 24.0, 0.25
surrogate, 23, 24.0, 0.25
surrogate, 23, 24.0, 0.25
surrogate, 23, 24.0, 0.25
surrogate, 23, 22.0, 0.0625
surrogate, 23, 22.0, 0.0625
surrogate, 23, 22.0, 0.0625
surrogate, 23, 22.0, 0.0625
surrogate, 23, 22.0, 0.0625
surrogate, 23, 22.0, 0.0625
surrogate, 23, 22.0, 0.0625
surrogate, 23, 22.0, 0.0625
surrogate, 23, 22.0, 0.0625
surrogate, 23, 22.0, 0.0625
surrogate, 23, 22.0, 0.0625
surrogate, 23, 22.0, 0.0625
surrogate, 23, 22.0, 0.0625
surrogate, 23, 22.0, 0.0625
surrogate, 23, 22.0, 0.0625
surrogate, 23, 22.0, 0.0625
surrogate, 23, 22.0, 0.0625
surrogate, 24, 33.0, 0.78125
surrogate, 24, 33.0, 0.78125
surrogate, 24, 33.0, 0.78125
surrogate, 24, 33.0, 0.78125
surrogate, 24, 33.0, 0.78125
surrogate, 24, 33.0, 0.78125
surrogate, 24, 33.0, 0.78125
surrogate, 24, 33.0, 0.78125
surrogate, 24, 33.0, 0.78125
surrogate, 24, 33.0, 0.78125
surrogate, 24, 32.0, 0.6875
surrogate, 24, 32.0, 0.6875
surrogate, 24, 32.0, 0.6875
surrogate, 24, 32.0, 0.6875
surrogate, 24, 32.0, 0.6875
surrogate, 24, 32.0, 0.6875
surrogate, 24, 32.0, 0.6875
surrogate, 24, 30.0, 0.59375
surrogate, 24, 30.0, 0.59375
surrogate, 24, 30.0, 0.59375
surrogate, 24, 30.0, 0.59375
surrogate, 24, 30.0, 0.59375
surrogate, 24, 30.0, 0.59375
surrogate, 24, 30.0, 0.59375
surrogate, 24, 28.0, 0.5
surrogate, 24, 28.0, 0.5
surrogate, 24, 28.0, 0.5
surrogate, 24, 28.0, 0.5
surrogate, 24, 28.0, 0.5
surrogate, 24, 28.0, 0.5
surrogate, 24, 28.0, 0.5
surrogate, 24, 28.0, 0.5
surrogate, 24, 28.0, 0.5
surrogate, 24, 28.0, 0.5
surrogate, 24, 28.0, 0.5
surrogate, 24, 28.0, 0.5
surrogate, 24, 28.0, 0.5
surrogate, 24, 28.0, 0.5
surrogate, 24, 28.0, 0.5
surrogate, 24, 28.0, 0.5
surrogate, 24, 28.0, 0.5
surrogate, 24, 26.0, 0.3125
surrogate, 24, 26.0, 0.3125
surrogate, 24, 26.0, 0.3125
surrogate, 24, 26.0, 0.3125
surrogate, 24, 25.0, 0.28125
surrogate, 24, 25.0, 0.28125
surrogate, 24, 25.0, 0.28125
surrogate, 24, 25.0, 0.28125
surrogate, 24, 25.0, 0.28125
surrogate, 24, 25.0, 0.28125
surrogate, 24, 25.0, 0.28125
surrogate, 24, 25.0, 0.28125
surrogate, 24, 25.0, 0.28125
surrogate, 24, 25.0, 0.28125
surrogate, 24, 24.0, 0.25
surrogate, 24, 24.0, 0.25
surrogate, 24, 24.0, 0.25
surrogate, 24, 24.0, 0.25
surrogate, 24, 24.0, 0.25
surrogate, 24, 24.0, 0.25
surrogate, 24, 24.0, 0.25
surrogate, 24, 24.0, 0.25
surrogate, 24, 24.0, 0.25
surrogate, 24, 24.0, 0.25
surrogate, 24, 24.0, 0.25
surrogate, 24, 24.0, 0.25
surrogate, 24, 24.0, 0.25
surrogate, 24, 24.0, 0.25
surrogate, 24, 22.0, 0.0625
surrogate, 24, 22.0, 0.0625
surrogate, 24, 22.0, 0.0625
surrogate, 24, 22.0, 0.0625
surrogate, 24, 22.0, 0.0625
surrogate, 24, 22.0, 0.0625
surrogate, 24, 22.0, 0.0625
surrogate, 24, 22.0, 0.0625
surrogate, 24, 22.0, 0.0625
surrogate, 24, 22.0, 0.0625
surrogate, 24, 22.0, 0.0625
surrogate, 24, 22.0, 0.0625
surrogate, 24, 22.0, 0.0625
surrogate, 24, 22.0, 0.0625
surrogate, 24, 22.0, 0.0625
surrogate, 24, 22.0, 0.0625
surrogate, 24, 22.0, 0.0625
surrogate, 24, 22.0, 0.0625
surrogate, 25, 33.0, 0.78125
surrogate, 25, 33.0, 0.78125
surrogate, 25, 33.0, 0.78125
surrogate, 25, 33.0, 0.78125
surrogate, 25, 33.0, 0.78125
surrogate, 25, 33.0, 0.78125
surrogate, 25, 33.0, 0.78125
surrogate, 25, 33.0, 0.78125
surrogate, 25, 33.0, 0.78125
surrogate, 25, 33.0, 0.78125
surrogate, 25, 33.0, 0.78125
surrogate, 25, 32.0, 0.6875
surrogate, 25, 32.0, 0.6875
surrogate, 25, 32.0, 0.6875
surrogate, 25, 32.0, 0.6875
surrogate, 25, 32.0, 0.6875
surrogate, 25, 32.0, 0.6875
surrogate, 25, 32.0, 0.6875
surrogate, 25, 32.0, 0.6875
surrogate, 25, 30.0, 0.59375
surrogate, 25, 30.0, 0.59375
surrogate, 25, 30.0, 0.59375
surrogate, 25, 30.0, 0.59375
surrogate, 25, 30.0, 0.59375
surrogate, 25, 30.0, 0.59375
surrogate, 25, 30.0, 0.59375
surrogate, 25, 30.0, 0.59375
surrogate, 25, 28.0, 0.5
surrogate, 25, 28.0, 0.5
surrogate, 25, 28.0, 0.5
surrogate, 25, 28.0, 0.5
surrogate, 25, 28.0, 0.5
surrogate, 25, 28.0, 0.5
surrogate, 25, 28.0, 0.5
surrogate, 25, 28.0, 0.5
surrogate, 25, 28.0, 0.5
surrogate, 25, 28.0, 0.5
surrogate, 25, 28.0, 0.5
surrogate, 25, 28.0, 0.5
surrogate, 25, 28.0, 0.5
surrogate, 25, 28.0, 0.5
surrogate, 25, 28.0, 0.5
surrogate, 25, 28.0, 0.5
surrogate, 25, 28.0, 0.5
surrogate, 25, 26.0, 0.3125
surrogate, 25, 26.0, 0.3125
surrogate, 25, 26.0, 0.3125
surrogate, 25, 26.0, 0.3125
surrogate, 25, 26.0, 0.3125
surrogate, 25, 25.0, 0.28125
surrogate, 25, 25.0, 0.28125
surrogate, 25, 25.0, 0.28125
surrogate, 25, 25.0, 0.28125
surrogate, 25, 25.0, 0.28125
surrogate, 25, 25.0, 0.28125
surrogate, 25, 25.0, 0.28125
surrogate, 25, 25.0, 0.28125
surrogate, 25, 25.0, 0.28125
surrogate, 25, 25.0, 0.28125
surrogate, 25, 25.0, 0.28125
surrogate, 25, 24.0, 0.25
surrogate, 25, 24.0, 0.25
surrogate, 25, 24.0, 0.25
surrogate, 25, 24.0, 0.25
surrogate, 25, 24.0, 0.25
surrogate, 25, 24.0, 0.25
surrogate, 25, 24.0, 0.25
surrogate, 25, 24.0, 0.25
surrogate, 25, 24.0, 0.25
surrogate, 25, 24.0, 0.25
surrogate, 25, 24.0, 0.25
surrogate, 25, 24.0, 0.25
surrogate, 25, 24.0, 0.25
surrogate, 25, 24.0, 0.25
surrogate, 25, 24.0, 0.25
surrogate, 25, 22.0, 0.0625
surrogate, 25, 22.0, 0.0625
surrogate, 25, 22.0, 0.0625
surrogate, 25, 22.0, 0.0625
surrogate, 25, 22.0, 0.0625
surrogate, 25, 22.0, 0.0625
surrogate, 25, 22.0, 0.0625
surrogate, 25, 22.0, 0.0625
surrogate, 25, 22.0, 0.0625
surrogate, 25, 22.0, 0.0625
surrogate, 25, 22.0, 0.0625
surrogate, 25, 22.0, 0.0625
surrogate, 25, 22.0, 0.0625
surrogate, 25, 22.0, 0.0625
surrogate, 25, 22.0, 0.0625
surrogate, 25, 22.0, 0.0625
surrogate, 25, 22.0, 0.0625
surrogate, 25, 22.0, 0.0625
surrogate, 25, 22.0, 0.0625
surrogate, 26, 33.0, 0.78125
surrogate, 26, 33.0, 0.78125
surrogate, 26, 33.0, 0.78125
surrogate, 26, 33.0, 0.78125
surrogate, 26, 33.0, 0.78125
surrogate, 26, 33.0, 0.78125
surrogate, 26, 33.0, 0.78125
surrogate, 26, 33.0, 0.78125
surrogate, 26, 33.0, 0.78125
surrogate, 26, 33.0, 0.78125
surrogate, 26, 33.0, 0.78125
surrogate, 26, 33.0, 0.78125
surrogate, 26, 32.0, 0.6875
surrogate, 26, 32.0, 0.6875
surrogate, 26, 32.0, 0.6875
surrogate, 26, 32.0, 0.6875
surrogate, 26, 32.0, 0.6875
surrogate, 26, 32.0, 0.6875
surrogate, 26, 32.0, 0.6875
surrogate, 26, 32.0, 0.6875
surrogate, 26, 32.0, 0.6875
surrogate, 26, 30.0, 0.59375
surrogate, 26, 30.0, 0.59375
surrogate, 26, 30.0, 0.59375
surrogate, 26, 30.0, 0.59375
surrogate, 26, 30.0, 0.59375
surrogate, 26, 30.0, 0.59375
surrogate, 26, 30.0, 0.59375
surrogate, 26, 30.0, 0.59375
surrogate, 26, 30.0, 0.59375
surrogate, 26, 28.0, 0.5
surrogate, 26, 28.0, 0.5
surrogate, 26, 28.0, 0.5
surrogate, 26, 28.0, 0.5
surrogate, 26, 28.0, 0.5
surrogate, 26, 28.0, 0.5
surrogate, 26, 28.0, 0.5
surrogate, 26, 28.0, 0.5
surrogate, 26, 28.0, 0.5
surrogate, 26, 28.0, 0.5
surrogate, 26, 28.0, 0.5
surrogate, 26, 28.0, 0.5
surrogate, 26, 28.0, 0.5
surrogate, 26, 28.0, 0.5
surrogate, 26, 28.0, 0.5
surrogate, 26, 28.0, 0.5
surrogate, 26, 28.0, 0.5
surrogate, 26, 28.0, 0.5
surrogate, 26, 25.0, 0.3125
surrogate, 26, 24.0, 0.25
surrogate, 26, 24.0, 0.25
surrogate, 26, 24.0, 0.25
surrogate, 26, 24.0, 0.25
surrogate, 26, 24.0, 0.25
surrogate, 26, 24.0, 0.25
surrogate, 26, 24.0, 0.25
surrogate, 26, 24.0, 0.25
surrogate, 26, 24.0, 0.25
surrogate, 26, 24.0, 0.25
surrogate, 26, 24.0, 0.25
surrogate, 26, 24.0, 0.25
surrogate, 26, 24.0, 0.25
surrogate, 26, 24.0, 0.25
surrogate, 26, 24.0, 0.25
surrogate, 26, 24.0, 0.25
surrogate, 26, 22.0, 0.0625
surrogate, 26, 22.0, 0.0625
surrogate, 26, 22.0, 0.0625
surrogate, 26, 22.0, 0.0625
surrogate, 26, 22.0, 0.0625
surrogate, 26, 22.0, 0.0625
surrogate, 26, 22.0, 0.0625
surrogate, 26, 22.0, 0.0625
surrogate, 26, 22.0, 0.0625
surrogate, 26, 22.0, 0.0625
surrogate, 26, 22.0, 0.0625
surrogate, 26, 22.0, 0.0625
surrogate, 26, 22.0, 0.0625
surrogate, 26, 22.0, 0.0625
surrogate, 26, 22.0, 0.0625
surrogate, 26, 22.0, 0.0625
surrogate, 26, 22.0, 0.0625
surrogate, 26, 22.0, 0.0625
surrogate, 26, 22.0, 0.0625
surrogate, 26, 22.0, 0.0625
surrogate, 26, 22.0, 0.0625
surrogate, 26, 22.0, 0.0625
surrogate, 27, 33.0, 0.78125
surrogate, 27, 33.0, 0.78125
surrogate, 27, 33.0, 0.78125
surrogate, 27, 33.0, 0.78125
surrogate, 27, 33.0, 0.78125
surrogate, 27, 33.0, 0.78125
surrogate, 27, 33.0, 0.78125
surrogate, 27, 33.0, 0.78125
surrogate, 27, 33.0, 0.78125
surrogate, 27, 33.0, 0.78125
surrogate, 27, 33.0, 0.78125
surrogate, 27, 33.0, 0.78125
surrogate, 27, 32.0, 0.6875
surrogate, 27, 32.0, 0.6875
surrogate, 27, 32.0, 0.6875
surrogate, 27, 32.0, 0.6875
surrogate, 27, 32.0, 0.6875
surrogate, 27, 32.0, 0.6875
surrogate, 27, 32.0, 0.6875
surrogate, 27, 32.0, 0.6875
surrogate, 27, 32.0, 0.6875
surrogate, 27, 32.0, 0.6875
surrogate, 27, 30.0, 0.59375
surrogate, 27, 30.0, 0.59375
surrogate, 27, 30.0, 0.59375
surrogate, 27, 30.0, 0.59375
surrogate, 27, 30.0, 0.59375
surrogate, 27, 30.0, 0.59375
surrogate, 27, 30.0, 0.59375
surrogate, 27, 30.0, 0.59375
surrogate, 27, 30.0, 0.59375
surrogate, 27, 28.0, 0.5
surrogate, 27, 28.0, 0.5
surrogate, 27, 28.0, 0.5
surrogate, 27, 28.0, 0.5
surrogate, 27, 28.0, 0.5
surrogate, 27, 28.0, 0.5
surrogate, 27, 28.0, 0.5
surrogate, 27, 28.0, 0.5
surrogate, 27, 28.0, 0.5
surrogate, 27, 28.0, 0.5
surrogate, 27, 28.0, 0.5
surrogate, 27, 28.0, 0.5
surrogate, 27, 28.0, 0.5
surrogate, 27, 28.0, 0.5
surrogate, 27, 28.0, 0.5
surrogate, 27, 28.0, 0.5
surrogate, 27, 28.0, 0.5
surrogate, 27, 28.0, 0.5
surrogate, 27, 28.0, 0.5
surrogate, 27, 25.0, 0.3125
surrogate, 27, 24.0, 0.25
surrogate, 27, 24.0, 0.25
surrogate, 27, 24.0, 0.25
surrogate, 27, 24.0, 0.25
surrogate, 27, 24.0, 0.25
surrogate, 27, 24.0, 0.25
surrogate, 27, 24.0, 0.25
surrogate, 27, 24.0, 0.25
surrogate, 27, 24.0, 0.25
surrogate, 27, 24.0, 0.25
surrogate, 27, 24.0, 0.25
surrogate, 27, 24.0, 0.25
surrogate, 27, 24.0, 0.25
surrogate, 27, 24.0, 0.25
surrogate, 27, 24.0, 0.25
surrogate, 27, 24.0, 0.25
surrogate, 27, 22.0, 0.0625
surrogate, 27, 22.0, 0.0625
surrogate, 27, 22.0, 0.0625
surrogate, 27, 22.0, 0.0625
surrogate, 27, 22.0, 0.0625
surrogate, 27, 22.0, 0.0625
surrogate, 27, 22.0, 0.0625
surrogate, 27, 22.0, 0.0625
surrogate, 27, 22.0, 0.0625
surrogate, 27, 22.0, 0.0625
surrogate, 27, 22.0, 0.0625
surrogate, 27, 22.0, 0.0625
surrogate, 27, 22.0, 0.0625
surrogate, 27, 22.0, 0.0625
surrogate, 27, 22.0, 0.0625
surrogate, 27, 22.0, 0.0625
surrogate, 27, 22.0, 0.0625
surrogate, 27, 22.0, 0.0625
surrogate, 27, 22.0, 0.0625
surrogate, 27, 22.0, 0.0625
surrogate, 27, 22.0, 0.0625
surrogate, 27, 22.0, 0.0625
surrogate, 28, 33.0, 0.78125
surrogate, 28, 33.0, 0.78125
surrogate, 28, 33.0, 0.78125
surrogate, 28, 33.0, 0.78125
surrogate, 28, 33.0, 0.78125
surrogate, 28, 33.0, 0.78125
surrogate, 28, 33.0, 0.78125
surrogate, 28, 33.0, 0.78125
surrogate, 28, 33.0, 0.78125
surrogate, 28, 33.0, 0.78125
surrogate, 28, 33.0, 0.78125
surrogate, 28, 33.0, 0.78125
surrogate, 28, 32.0, 0.6875
surrogate, 28, 32.0, 0.6875
surrogate, 28, 32.0, 0.6875
surrogate, 28, 32.0, 0.6875
surrogate, 28, 32.0, 0.6875
surrogate, 28, 32.0, 0.6875
surrogate, 28, 32.0, 0.6875
surrogate, 28, 32.0, 0.6875
surrogate, 28, 32.0, 0.6875
surrogate, 28, 32.0, 0.6875
surrogate, 28, 30.0, 0.59375
surrogate, 28, 30.0, 0.59375
surrogate, 28, 30.0, 0.59375
surrogate, 28, 30.0, 0.59375
surrogate, 28, 30.0, 0.59375
surrogate, 28, 30.0, 0.59375
surrogate, 28, 30.0, 0.59375
surrogate, 28, 30.0, 0.59375
surrogate, 28, 30.0, 0.59375
surrogate, 28, 28.0, 0.5
surrogate, 28, 28.0, 0.5
surrogate, 28, 28.0, 0.5
surrogate, 28, 28.0, 0.5
surrogate, 28, 28.0, 0.5
surrogate, 28, 28.0, 0.5
surrogate, 28, 28.0, 0.5
surrogate, 28, 28.0, 0.5
surrogate, 28, 28.0, 0.5
surrogate, 28, 28.0, 0.5
surrogate, 28, 28.0, 0.5
surrogate, 28, 28.0, 0.5
surrogate, 28, 28.0, 0.5
surrogate, 28, 28.0, 0.5
surrogate, 28, 28.0, 0.5
surrogate, 28, 28.0, 0.5
surrogate, 28, 28.0, 0.5
surrogate, 28, 28.0, 0.5
surrogate, 28, 28.0, 0.5
surrogate, 28, 25.0, 0.3125
surrogate, 28, 25.0, 0.3125
surrogate, 28, 24.0, 0.25
surrogate, 28, 24.0, 0.25
surrogate, 28, 24.0, 0.25
surrogate, 28, 24.0, 0.25
surrogate, 28, 24.0, 0.25
surrogate, 28, 24.0, 0.25
surrogate, 28, 24.0, 0.25
surrogate, 28, 24.0, 0.25
surrogate, 28, 24.0, 0.25
surrogate, 28, 24.0, 0.25
surrogate, 28, 24.0, 0.25
surrogate, 28, 24.0, 0.25
surrogate, 28, 24.0, 0.25
surrogate, 28, 24.0, 0.25
surrogate, 28, 24.0, 0.25
surrogate, 28, 24.0, 0.25
surrogate, 28, 22.0, 0.0625
surrogate, 28, 22.0, 0.0625
surrogate, 28, 22.0, 0.0625
surrogate, 28, 22.0, 0.0625
surrogate, 28, 22.0, 0.0625
surrogate, 28, 22.0, 0.0625
surrogate, 28, 22.0, 0.0625
surrogate, 28, 22.0, 0.0625
surrogate, 28, 22.0, 0.0625
surrogate, 28, 22.0, 0.0625
surrogate, 28, 22.0, 0.0625
surrogate, 28, 22.0, 0.0625
surrogate, 28, 22.0, 0.0625
surrogate, 28, 22.0, 0.0625
surrogate, 28, 22.0, 0.0625
surrogate, 28, 22.0, 0.0625
surrogate, 28, 22.0, 0.0625
surrogate, 28, 22.0, 0.0625
surrogate, 28, 22.0, 0.0625
surrogate, 28, 22.0, 0.0625
surrogate, 28, 22.0, 0.0625
surrogate, 28, 22.0, 0.0625
surrogate, 29, 35.0, 0.84375
surrogate, 29, 33.0, 0.78125
surrogate, 29, 33.0, 0.78125
surrogate, 29, 33.0, 0.78125
surrogate, 29, 33.0, 0.78125
surrogate, 29, 33.0, 0.78125
surrogate, 29, 33.0, 0.78125
surrogate, 29, 33.0, 0.78125
surrogate, 29, 33.0, 0.78125
surrogate, 29, 33.0, 0.78125
surrogate, 29, 33.0, 0.78125
surrogate, 29, 33.0, 0.78125
surrogate, 29, 33.0, 0.78125
surrogate, 29, 32.0, 0.6875
surrogate, 29, 32.0, 0.6875
surrogate, 29, 32.0, 0.6875
surrogate, 29, 32.0, 0.6875
surrogate, 29, 32.0, 0.6875
surrogate, 29, 32.0, 0.6875
surrogate, 29, 32.0, 0.6875
surrogate, 29, 32.0, 0.6875
surrogate, 29, 32.0, 0.6875
surrogate, 29, 32.0, 0.6875
surrogate, 29, 30.0, 0.59375
surrogate, 29, 30.0, 0.59375
surrogate, 29, 30.0, 0.59375
surrogate, 29, 30.0, 0.59375
surrogate, 29, 30.0, 0.59375
surrogate, 29, 30.0, 0.59375
surrogate, 29, 30.0, 0.59375
surrogate, 29, 30.0, 0.59375
surrogate, 29, 30.0, 0.59375
surrogate, 29, 28.0, 0.5
surrogate, 29, 28.0, 0.5
surrogate, 29, 28.0, 0.5
surrogate, 29, 28.0, 0.5
surrogate, 29, 28.0, 0.5
surrogate, 29, 28.0, 0.5
surrogate, 29, 28.0, 0.5
surrogate, 29, 28.0, 0.5
surrogate, 29, 28.0, 0.5
surrogate, 29, 28.0, 0.5
surrogate, 29, 28.0, 0.5
surrogate, 29, 28.0, 0.5
surrogate, 29, 28.0, 0.5
surrogate, 29, 28.0, 0.5
surrogate, 29, 28.0, 0.5
surrogate, 29, 28.0, 0.5
surrogate, 29, 28.0, 0.5
surrogate, 29, 28.0, 0.5
surrogate, 29, 28.0, 0.5
surrogate, 29, 28.0, 0.5
surrogate, 29, 25.0, 0.3125
surrogate, 29, 25.0, 0.3125
surrogate, 29, 24.0, 0.25
surrogate, 29, 24.0, 0.25
surrogate, 29, 24.0, 0.25
surrogate, 29, 24.0, 0.25
surrogate, 29, 24.0, 0.25
surrogate, 29, 24.0, 0.25
surrogate, 29, 24.0, 0.25
surrogate, 29, 24.0, 0.25
surrogate, 29, 24.0, 0.25
surrogate, 29, 24.0, 0.25
surrogate, 29, 24.0, 0.25
surrogate, 29, 24.0, 0.25
surrogate, 29, 24.0, 0.25
surrogate, 29, 24.0, 0.25
surrogate, 29, 24.0, 0.25
surrogate, 29, 24.0, 0.25
surrogate, 29, 22.0, 0.0625
surrogate, 29, 22.0, 0.0625
surrogate, 29, 22.0, 0.0625
surrogate, 29, 22.0, 0.0625
surrogate, 29, 22.0, 0.0625
surrogate, 29, 22.0, 0.0625
surrogate, 29, 22.0, 0.0625
surrogate, 29, 22.0, 0.0625
surrogate, 29, 22.0, 0.0625
surrogate, 29, 22.0, 0.0625
surrogate, 29, 22.0, 0.0625
surrogate, 29, 22.0, 0.0625
surrogate, 29, 22.0, 0.0625
surrogate, 29, 22.0, 0.0625
surrogate, 29, 22.0, 0.0625
surrogate, 29, 22.0, 0.0625
surrogate, 29, 22.0, 0.0625
surrogate, 29, 22.0, 0.0625
surrogate, 29, 22.0, 0.0625
surrogate, 29, 22.0, 0.0625
surrogate, 29, 22.0, 0.0625
surrogate, 29, 22.0, 0.0625
surrogate, 30, 34.0, 0.875
surrogate, 30, 33.0, 0.78125
surrogate, 30, 33.0, 0.78125
surrogate, 30, 33.0, 0.78125
surrogate, 30, 33.0, 0.78125
surrogate, 30, 33.0, 0.78125
surrogate, 30, 33.0, 0.78125
surrogate, 30, 33.0, 0.78125
surrogate, 30, 33.0, 0.78125
surrogate, 30, 33.0, 0.78125
surrogate, 30, 33.0, 0.78125
surrogate, 30, 33.0, 0.78125
surrogate, 30, 33.0, 0.78125
surrogate, 30, 32.0, 0.6875
surrogate, 30, 32.0, 0.6875
surrogate, 30, 32.0, 0.6875
surrogate, 30, 32.0, 0.6875
surrogate, 30, 32.0, 0.6875
surrogate, 30, 32.0, 0.6875
surrogate, 30, 32.0, 0.6875
surrogate, 30, 32.0, 0.6875
surrogate, 30, 32.0, 0.6875
surrogate, 30, 32.0, 0.6875
surrogate, 30, 30.0, 0.59375
surrogate, 30, 30.0, 0.59375
surrogate, 30, 30.0, 0.59375
surrogate, 30, 30.0, 0.59375
surrogate, 30, 30.0, 0.59375
surrogate, 30, 30.0, 0.59375
surrogate, 30, 30.0, 0.59375
surrogate, 30, 30.0, 0.59375
surrogate, 30, 30.0, 0.59375
surrogate, 30, 28.0, 0.5
surrogate, 30, 28.0, 0.5
surrogate, 30, 28.0, 0.5
surrogate, 30, 28.0, 0.5
surrogate, 30, 28.0, 0.5
surrogate, 30, 28.0, 0.5
surrogate, 30, 28.0, 0.5
surrogate, 30, 28.0, 0.5
surrogate, 30, 28.0, 0.5
surrogate, 30, 28.0, 0.5
surrogate, 30, 28.0, 0.5
surrogate, 30, 28.0, 0.5
surrogate, 30, 28.0, 0.5
surrogate, 30, 28.0, 0.5
surrogate, 30, 28.0, 0.5
surrogate, 30, 28.0, 0.5
surrogate, 30, 28.0, 0.5
surrogate, 30, 28.0, 0.5
surrogate, 30, 28.0, 0.5
surrogate, 30, 28.0, 0.5
surrogate, 30, 28.0, 0.5
surrogate, 30, 24.0, 0.3125
surrogate, 30, 22.0, 0.0625
surrogate, 30, 22.0, 0.0625
surrogate, 30, 22.0, 0.0625
surrogate, 30, 22.0, 0.0625
surrogate, 30, 22.0, 0.0625
surrogate, 30, 22.0, 0.0625
surrogate, 30, 22.0, 0.0625
surrogate, 30, 22.0, 0.0625
surrogate, 30, 22.0, 0.0625
surrogate, 30, 22.0, 0.0625
surrogate, 30, 22.0, 0.0625
surrogate, 30, 22.0, 0.0625
surrogate, 30, 22.0, 0.0625
surrogate, 30, 22.0, 0.0625
surrogate, 30, 22.0, 0.0625
surrogate, 30, 22.0, 0.0625
surrogate, 30, 22.0, 0.0625
surrogate, 30, 22.0, 0.0625
surrogate, 30, 22.0, 0.0625
surrogate, 30, 22.0, 0.0625
surrogate, 30, 22.0, 0.0625
surrogate, 30, 22.0, 0.0625
surrogate, 30, 22.0, 0.0625
surrogate, 30, 22.0, 0.0625
surrogate, 31, 34.0, 0.875
surrogate, 31, 33.0, 0.78125
surrogate, 31, 33.0, 0.78125
surrogate, 31, 33.0, 0.78125
surrogate, 31, 33.0, 0.78125
surrogate, 31, 33.0, 0.78125
surrogate, 31, 33.0, 0.78125
surrogate, 31, 33.0, 0.78125
surrogate, 31, 33.0, 0.78125
surrogate, 31, 33.0, 0.78125
surrogate, 31, 33.0, 0.78125
surrogate, 31, 33.0, 0.78125
surrogate, 31, 33.0, 0.78125
surrogate, 31, 33.0, 0.78125
surrogate, 31, 32.0, 0.6875
surrogate, 31, 32.0, 0.6875
surrogate, 31, 32.0, 0.6875
surrogate, 31, 32.0, 0.6875
surrogate, 31, 32.0, 0.6875
surrogate, 31, 32.0, 0.6875
surrogate, 31, 32.0, 0.6875
surrogate, 31, 32.0, 0.6875
surrogate, 31, 32.0, 0.6875
surrogate, 31, 32.0, 0.6875
surrogate, 31, 30.0, 0.59375
surrogate, 31, 30.0, 0.59375
surrogate, 31, 30.0, 0.59375
surrogate, 31, 30.0, 0.59375
surrogate, 31, 30.0, 0.59375
surrogate, 31, 30.0, 0.59375
surrogate, 31, 30.0, 0.59375
surrogate, 31, 30.0, 0.59375
surrogate, 31, 30.0, 0.59375
surrogate, 31, 28.0, 0.5
surrogate, 31, 28.0, 0.5
surrogate, 31, 28.0, 0.5
surrogate, 31, 28.0, 0.5
surrogate, 31, 28.0, 0.5
surrogate, 31, 28.0, 0.5
surrogate, 31, 28.0, 0.5
surrogate, 31, 28.0, 0.5
surrogate, 31, 28.0, 0.5
surrogate, 31, 28.0, 0.5
surrogate, 31, 28.0, 0.5
surrogate, 31, 28.0, 0.5
surrogate, 31, 28.0, 0.5
surrogate, 31, 28.0, 0.5
surrogate, 31, 28.0, 0.5
surrogate, 31, 28.0, 0.5
surrogate, 31, 28.0, 0.5
surrogate, 31, 28.0, 0.5
surrogate, 31, 28.0, 0.5
surrogate, 31, 28.0, 0.5
surrogate, 31, 28.0, 0.5
surrogate, 31, 28.0, 0.5
surrogate, 31, 24.0, 0.3125
surrogate, 31, 22.0, 0.0625
surrogate, 31, 22.0, 0.0625
surrogate, 31, 22.0, 0.0625
surrogate, 31, 22.0, 0.0625
surrogate, 31, 22.0, 0.0625
surrogate, 31, 22.0, 0.0625
surrogate, 31, 22.0, 0.0625
surrogate, 31, 22.0, 0.0625
surrogate, 31, 22.0, 0.0625
surrogate, 31, 22.0, 0.0625
surrogate, 31, 22.0, 0.0625
surrogate, 31, 22.0, 0.0625
surrogate, 31, 22.0, 0.0625
surrogate, 31, 22.0, 0.0625
surrogate, 31, 22.0, 0.0625
surrogate, 31, 22.0, 0.0625
surrogate, 31, 22.0, 0.0625
surrogate, 31, 22.0, 0.0625
surrogate, 31, 22.0, 0.0625
surrogate, 31, 22.0, 0.0625
surrogate, 31, 22.0, 0.0625
surrogate, 31, 22.0, 0.0625
surrogate, 31, 22.0, 0.0625
surrogate, 31, 22.0, 0.0625
surrogate, 31, 22.0, 0.0625
surrogate, 32, 34.0, 0.875
surrogate, 32, 32.0, 0.78125
surrogate, 32, 30.0, 0.59375
surrogate, 32, 30.0, 0.59375
surrogate, 32, 30.0, 0.59375
surrogate, 32, 30.0, 0.59375
surrogate, 32, 30.0, 0.59375
surrogate, 32, 30.0, 0.59375
surrogate, 32, 30.0, 0.59375
surrogate, 32, 30.0, 0.59375
surrogate, 32, 30.0, 0.59375
surrogate, 32, 30.0, 0.59375
surrogate, 32, 28.0, 0.5
surrogate, 32, 28.0, 0.5
surrogate, 32, 28.0, 0.5
surrogate, 32, 28.0, 0.5
surrogate, 32, 28.0, 0.5
surrogate, 32, 28.0, 0.5
surrogate, 32, 28.0, 0.5
surrogate, 32, 28.0, 0.5
surrogate, 32, 28.0, 0.5
surrogate, 32, 28.0, 0.5
surrogate, 32, 28.0, 0.5
surrogate, 32, 28.0, 0.5
surrogate, 32, 28.0, 0.5
surrogate, 32, 28.0, 0.5
surrogate, 32, 28.0, 0.5
surrogate, 32, 28.0, 0.5
surrogate, 32, 28.0, 0.5
surrogate, 32, 28.0, 0.5
surrogate, 32, 28.0, 0.5
surrogate, 32, 28.0, 0.5
surrogate, 32, 28.0, 0.5
surrogate, 32, 28.0, 0.5
surrogate, 32, 24.0, 0.3125
surrogate, 32, 24.0, 0.3125
surrogate, 32, 22.0, 0.0625
surrogate, 32, 22.0, 0.0625
surrogate, 32, 22.0, 0.0625
surrogate, 32, 22.0, 0.0625
surrogate, 32, 22.0, 0.0625
surrogate, 32, 22.0, 0.0625
surrogate, 32, 22.0, 0.0625
surrogate, 32, 22.0, 0.0625
surrogate, 32, 22.0, 0.0625
surrogate, 32, 22.0, 0.0625
surrogate, 32, 22.0, 0.0625
surrogate, 32, 22.0, 0.0625
surrogate, 32, 22.0, 0.0625
surrogate, 32, 22.0, 0.0625
surrogate, 32, 22.0, 0.0625
surrogate, 32, 22.0, 0.0625
surrogate, 32, 22.0, 0.0625
surrogate, 32, 22.0, 0.0625
surrogate, 32, 22.0, 0.0625
surrogate, 32, 22.0, 0.0625
surrogate, 32, 22.0, 0.0625
surrogate, 32, 22.0, 0.0625
surrogate, 32, 22.0, 0.0625
surrogate, 32, 22.0, 0.0625
surrogate, 32, 22.0, 0.0625
surrogate, 32, 22.0, 0.0625
surrogate, 32, 22.0, 0.0625
surrogate, 33, 34.0, 0.875
surrogate, 33, 32.0, 0.78125
surrogate, 33, 30.0, 0.59375
surrogate, 33, 30.0, 0.59375
surrogate, 33, 30.0, 0.59375
surrogate, 33, 30.0, 0.59375
surrogate, 33, 30.0, 0.59375
surrogate, 33, 30.0, 0.59375
surrogate, 33, 30.0, 0.59375
surrogate, 33, 30.0, 0.59375
surrogate, 33, 30.0, 0.59375
surrogate, 33, 30.0, 0.59375
surrogate, 33, 28.0, 0.5
surrogate, 33, 28.0, 0.5
surrogate, 33, 28.0, 0.5
surrogate, 33, 28.0, 0.5
surrogate, 33, 28.0, 0.5
surrogate, 33, 28.0, 0.5
surrogate, 33, 28.0, 0.5
surrogate, 33, 28.0, 0.5
surrogate, 33, 28.0, 0.5
surrogate, 33, 28.0, 0.5
surrogate, 33, 28.0, 0.5
surrogate, 33, 28.0, 0.5
surrogate, 33, 28.0, 0.5
surrogate, 33, 28.0, 0.5
surrogate, 33, 28.0, 0.5
surrogate, 33, 28.0, 0.5
surrogate, 33, 28.0, 0.5
surrogate, 33, 28.0, 0.5
surrogate, 33, 28.0, 0.5
surrogate, 33, 28.0, 0.5
surrogate, 33, 28.0, 0.5
surrogate, 33, 28.0, 0.5
surrogate, 33, 24.0, 0.3125
surrogate, 33, 24.0, 0.3125
surrogate, 33, 24.0, 0.3125
surrogate, 33, 22.0, 0.0625
surrogate, 33, 22.0, 0.0625
surrogate, 33, 22.0, 0.0625
surrogate, 33, 22.0, 0.0625
surrogate, 33, 22.0, 0.0625
surrogate, 33, 22.0, 0.0625
surrogate, 33, 22.0, 0.0625
surrogate, 33, 22.0, 0.0625
surrogate, 33, 22.0, 0.0625
surrogate, 33, 22.0, 0.0625
surrogate, 33, 22.0, 0.0625
surrogate, 33, 22.0, 0.0625
surrogate, 33, 22.0, 0.0625
surrogate, 33, 22.0, 0.0625
surrogate, 33, 22.0, 0.0625
surrogate, 33, 22.0, 0.0625
surrogate, 33, 22.0, 0.0625
surrogate, 33, 22.0, 0.0625
surrogate, 33, 22.0, 0.0625
surrogate, 33, 22.0, 0.0625
surrogate, 33, 22.0, 0.0625
surrogate, 33, 22.0, 0.0625
surrogate, 33, 22.0, 0.0625
surrogate, 33, 22.0, 0.0625
surrogate, 33, 22.0, 0.0625
surrogate, 33, 22.0, 0.0625
surrogate, 33, 22.0, 0.0625
surrogate, 33, 22.0, 0.0625
surrogate, 34, 33.0, 0.875
surrogate, 34, 32.0, 0.78125
surrogate, 34, 32.0, 0.78125
surrogate, 34, 30.0, 0.59375
surrogate, 34, 30.0, 0.59375
surrogate, 34, 30.0, 0.59375
surrogate, 34, 30.0, 0.59375
surrogate, 34, 30.0, 0.59375
surrogate, 34, 30.0, 0.59375
surrogate, 34, 30.0, 0.59375
surrogate, 34, 30.0, 0.59375
surrogate, 34, 30.0, 0.59375
surrogate, 34, 30.0, 0.59375
surrogate, 34, 28.0, 0.5
surrogate, 34, 28.0, 0.5
surrogate, 34, 28.0, 0.5
surrogate, 34, 28.0, 0.5
surrogate, 34, 28.0, 0.5
surrogate, 34, 28.0, 0.5
surrogate, 34, 28.0, 0.5
surrogate, 34, 28.0, 0.5
surrogate, 34, 28.0, 0.5
surrogate, 34, 28.0, 0.5
surrogate, 34, 28.0, 0.5
surrogate, 34, 28.0, 0.5
surrogate, 34, 28.0, 0.5
surrogate, 34, 28.0, 0.5
surrogate, 34, 28.0, 0.5
surrogate, 34, 28.0, 0.5
surrogate, 34, 28.0, 0.5
surrogate, 34, 28.0, 0.5
surrogate, 34, 28.0, 0.5
surrogate, 34, 28.0, 0.5
surrogate, 34, 28.0, 0.5
surrogate, 34, 28.0, 0.5
surrogate, 34, 28.0, 0.5
surrogate, 34, 27.0, 0.46875
surrogate, 34, 24.0, 0.3125
surrogate, 34, 24.0, 0.3125
surrogate, 34, 24.0, 0.3125
surrogate, 34, 24.0, 0.3125
surrogate, 34, 22.0, 0.0625
surrogate, 34, 22.0, 0.0625
surrogate, 34, 22.0, 0.0625
surrogate, 34, 22.0, 0.0625
surrogate, 34, 22.0, 0.0625
surrogate, 34, 22.0, 0.0625
surrogate, 34, 22.0, 0.0625
surrogate, 34, 22.0, 0.0625
surrogate, 34, 22.0, 0.0625
surrogate, 34, 22.0, 0.0625
surrogate, 34, 22.0, 0.0625
surrogate, 34, 22.0, 0.0625
surrogate, 34, 22.0, 0.0625
surrogate, 34, 22.0, 0.0625
surrogate, 34, 22.0, 0.0625
surrogate, 34, 22.0, 0.0625
surrogate, 34, 22.0, 0.0625
surrogate, 34, 22.0, 0.0625
surrogate, 34, 22.0, 0.0625
surrogate, 34, 22.0, 0.0625
surrogate, 34, 22.0, 0.0625
surrogate, 34, 22.0, 0.0625
surrogate, 34, 22.0, 0.0625
surrogate, 34, 22.0, 0.0625
surrogate, 34, 22.0, 0.0625
surrogate, 34, 22.0, 0.0625
surrogate, 34, 22.0, 0.0625
surrogate, 34, 22.0, 0.0625
surrogate, 34, 22.0, 0.0625
surrogate, 35, 33.0, 0.875
surrogate, 35, 32.0, 0.78125
surrogate, 35, 32.0, 0.78125
surrogate, 35, 30.0, 0.59375
surrogate, 35, 30.0, 0.59375
surrogate, 35, 30.0, 0.59375
surrogate, 35, 30.0, 0.59375
surrogate, 35, 30.0, 0.59375
surrogate, 35, 30.0, 0.59375
surrogate, 35, 30.0, 0.59375
surrogate, 35, 30.0, 0.59375
surrogate, 35, 30.0, 0.59375
surrogate, 35, 30.0, 0.59375
surrogate, 35, 28.0, 0.5
surrogate, 35, 28.0, 0.5
surrogate, 35, 28.0, 0.5
surrogate, 35, 28.0, 0.5
surrogate, 35, 28.0, 0.5
surrogate, 35, 28.0, 0.5
surrogate, 35, 28.0, 0.5
surrogate, 35, 28.0, 0.5
surrogate, 35, 28.0, 0.5
surrogate, 35, 28.0, 0.5
surrogate, 35, 28.0, 0.5
surrogate, 35, 28.0, 0.5
surrogate, 35, 28.0, 0.5
surrogate, 35, 28.0, 0.5
surrogate, 35, 28.0, 0.5
surrogate, 35, 28.0, 0.5
surrogate, 35, 28.0, 0.5
surrogate, 35, 28.0, 0.5
surrogate, 35, 28.0, 0.5
surrogate, 35, 28.0, 0.5
surrogate, 35, 28.0, 0.5
surrogate, 35, 28.0, 0.5
surrogate, 35, 28.0, 0.5
surrogate, 35, 28.0, 0.5
surrogate, 35, 27.0, 0.46875
surrogate, 35, 24.0, 0.3125
surrogate, 35, 24.0, 0.3125
surrogate, 35, 24.0, 0.3125
surrogate, 35, 24.0, 0.3125
surrogate, 35, 24.0, 0.3125
surrogate, 35, 22.0, 0.0625
surrogate, 35, 22.0, 0.0625
surrogate, 35, 22.0, 0.0625
surrogate, 35, 22.0, 0.0625
surrogate, 35, 22.0, 0.0625
surrogate, 35, 22.0, 0.0625
surrogate, 35, 22.0, 0.0625
surrogate, 35, 22.0, 0.0625
surrogate, 35, 22.0, 0.0625
surrogate, 35, 22.0, 0.0625
surrogate, 35, 22.0, 0.0625
surrogate, 35, 22.0, 0.0625
surrogate, 35, 22.0, 0.0625
surrogate, 35, 22.0, 0.0625
surrogate, 35, 22.0, 0.0625
surrogate, 35, 22.0, 0.0625
surrogate, 35, 22.0, 0.0625
surrogate, 35, 22.0, 0.0625
surrogate, 35, 22.0, 0.0625
surrogate, 35, 22.0, 0.0625
surrogate, 35, 22.0, 0.0625
surrogate, 35, 22.0, 0.0625
surrogate, 35, 22.0, 0.0625
surrogate, 35, 22.0, 0.0625
surrogate, 35, 22.0, 0.0625
surrogate, 35, 22.0, 0.0625
surrogate, 35, 22.0, 0.0625
surrogate, 35, 22.0, 0.0625
surrogate, 35, 22.0, 0.0625
surrogate, 35, 22.0, 0.0625
surrogate, 36, 33.0, 0.875
surrogate, 36, 32.0, 0.78125
surrogate, 36, 32.0, 0.78125
surrogate, 36, 30.0, 0.59375
surrogate, 36, 30.0, 0.59375
surrogate, 36, 30.0, 0.59375
surrogate, 36, 30.0, 0.59375
surrogate, 36, 30.0, 0.59375
surrogate, 36, 30.0, 0.59375
surrogate, 36, 30.0, 0.59375
surrogate, 36, 30.0, 0.59375
surrogate, 36, 30.0, 0.59375
surrogate, 36, 30.0, 0.59375
surrogate, 36, 30.0, 0.59375
surrogate, 36, 28.0, 0.5
surrogate, 36, 28.0, 0.5
surrogate, 36, 28.0, 0.5
surrogate, 36, 28.0, 0.5
surrogate, 36, 28.0, 0.5
surrogate, 36, 28.0, 0.5
surrogate, 36, 28.0, 0.5
surrogate, 36, 28.0, 0.5
surrogate, 36, 28.0, 0.5
surrogate, 36, 28.0, 0.5
surrogate, 36, 28.0, 0.5
surrogate, 36, 28.0, 0.5
surrogate, 36, 28.0, 0.5
surrogate, 36, 28.0, 0.5
surrogate, 36, 28.0, 0.5
surrogate, 36, 28.0, 0.5
surrogate, 36, 28.0, 0.5
surrogate, 36, 28.0, 0.5
surrogate, 36, 28.0, 0.5
surrogate, 36, 28.0, 0.5
surrogate, 36, 28.0, 0.5
surrogate, 36, 28.0, 0.5
surrogate, 36, 28.0, 0.5
surrogate, 36, 28.0, 0.5
surrogate, 36, 27.0, 0.46875
surrogate, 36, 27.0, 0.46875
surrogate, 36, 24.0, 0.3125
surrogate, 36, 24.0, 0.3125
surrogate, 36, 24.0, 0.3125
surrogate, 36, 24.0, 0.3125
surrogate, 36, 24.0, 0.3125
surrogate, 36, 24.0, 0.3125
surrogate, 36, 22.0, 0.0625
surrogate, 36, 22.0, 0.0625
surrogate, 36, 22.0, 0.0625
surrogate, 36, 22.0, 0.0625
surrogate, 36, 22.0, 0.0625
surrogate, 36, 22.0, 0.0625
surrogate, 36, 22.0, 0.0625
surrogate, 36, 22.0, 0.0625
surrogate, 36, 22.0, 0.0625
surrogate, 36, 22.0, 0.0625
surrogate, 36, 22.0, 0.0625
surrogate, 36, 22.0, 0.0625
surrogate, 36, 22.0, 0.0625
surrogate, 36, 22.0, 0.0625
surrogate, 36, 22.0, 0.0625
surrogate, 36, 22.0, 0.0625
surrogate, 36, 22.0, 0.0625
surrogate, 36, 22.0, 0.0625
surrogate, 36, 22.0, 0.0625
surrogate, 36, 22.0, 0.0625
surrogate, 36, 22.0, 0.0625
surrogate, 36, 22.0, 0.0625
surrogate, 36, 22.0, 0.0625
surrogate, 36, 22.0, 0.0625
surrogate, 36, 22.0, 0.0625
surrogate, 36, 22.0, 0.0625
surrogate, 36, 22.0, 0.0625
surrogate, 36, 22.0, 0.0625
surrogate, 36, 22.0, 0.0625
surrogate, 36, 22.0, 0.0625
surrogate, 37, 33.0, 0.875
surrogate, 37, 32.0, 0.78125
surrogate, 37, 32.0, 0.78125
surrogate, 37, 30.0, 0.59375
surrogate, 37, 30.0, 0.59375
surrogate, 37, 30.0, 0.59375
surrogate, 37, 30.0, 0.59375
surrogate, 37, 30.0, 0.59375
surrogate, 37, 30.0, 0.59375
surrogate, 37, 30.0, 0.59375
surrogate, 37, 30.0, 0.59375
surrogate, 37, 30.0, 0.59375
surrogate, 37, 30.0, 0.59375
surrogate, 37, 30.0, 0.59375
surrogate, 37, 30.0, 0.59375
surrogate, 37, 28.0, 0.5
surrogate, 37, 28.0, 0.5
surrogate, 37, 28.0, 0.5
surrogate, 37, 28.0, 0.5
surrogate, 37, 28.0, 0.5
surrogate, 37, 28.0, 0.5
surrogate, 37, 28.0, 0.5
surrogate, 37, 28.0, 0.5
surrogate, 37, 28.0, 0.5
surrogate, 37, 28.0, 0.5
surrogate, 37, 28.0, 0.5
surrogate, 37, 28.0, 0.5
surrogate, 37, 28.0, 0.5
surrogate, 37, 28.0, 0.5
surrogate, 37, 28.0, 0.5
surrogate, 37, 28.0, 0.5
surrogate, 37, 28.0, 0.5
surrogate, 37, 28.0, 0.5
surrogate, 37, 28.0, 0.5
surrogate, 37, 28.0, 0.5
surrogate, 37, 28.0, 0.5
surrogate, 37, 28.0, 0.5
surrogate, 37, 28.0, 0.5
surrogate, 37, 28.0, 0.5
surrogate, 37, 28.0, 0.5
surrogate, 37, 27.0, 0.46875
surrogate, 37, 27.0, 0.46875
surrogate, 37, 27.0, 0.46875
surrogate, 37, 24.0, 0.3125
surrogate, 37, 24.0, 0.3125
surrogate, 37, 24.0, 0.3125
surrogate, 37, 24.0, 0.3125
surrogate, 37, 24.0, 0.3125
surrogate, 37, 24.0, 0.3125
surrogate, 37, 24.0, 0.3125
surrogate, 37, 22.0, 0.0625
surrogate, 37, 22.0, 0.0625
surrogate, 37, 22.0, 0.0625
surrogate, 37, 22.0, 0.0625
surrogate, 37, 22.0, 0.0625
surrogate, 37, 22.0, 0.0625
surrogate, 37, 22.0, 0.0625
surrogate, 37, 22.0, 0.0625
surrogate, 37, 22.0, 0.0625
surrogate, 37, 22.0, 0.0625
surrogate, 37, 22.0, 0.0625
surrogate, 37, 22.0, 0.0625
surrogate, 37, 22.0, 0.0625
surrogate, 37, 22.0, 0.0625
surrogate, 37, 22.0, 0.0625
surrogate, 37, 22.0, 0.0625
surrogate, 37, 22.0, 0.0625
surrogate, 37, 22.0, 0.0625
surrogate, 37, 22.0, 0.0625
surrogate, 37, 22.0, 0.0625
surrogate, 37, 22.0, 0.0625
surrogate, 37, 22.0, 0.0625
surrogate, 37, 22.0, 0.0625
surrogate, 37, 22.0, 0.0625
surrogate, 37, 22.0, 0.0625
surrogate, 37, 22.0, 0.0625
surrogate, 37, 22.0, 0.0625
surrogate, 37, 22.0, 0.0625
surrogate, 37, 22.0, 0.0625
surrogate, 37, 22.0, 0.0625
surrogate, 37, 22.0, 0.0625
surrogate, 38, 33.0, 0.875
surrogate, 38, 33.0, 0.875
surrogate, 38, 32.0, 0.78125
surrogate, 38, 32.0, 0.78125
surrogate, 38, 30.0, 0.59375
surrogate, 38, 30.0, 0.59375
surrogate, 38, 30.0, 0.59375
surrogate, 38, 30.0, 0.59375
surrogate, 38, 30.0, 0.59375
surrogate, 38, 30.0, 0.59375
surrogate, 38, 30.0, 0.59375
surrogate, 38, 30.0, 0.59375
surrogate, 38, 30.0, 0.59375
surrogate, 38, 30.0, 0.59375
surrogate, 38, 30.0, 0.59375
surrogate, 38, 30.0, 0.59375
surrogate, 38, 28.0, 0.5
surrogate, 38, 28.0, 0.5
surrogate, 38, 28.0, 0.5
surrogate, 38, 28.0, 0.5
surrogate, 38, 28.0, 0.5
surrogate, 38, 28.0, 0.5
surrogate, 38, 28.0, 0.5
surrogate, 38, 28.0, 0.5
surrogate, 38, 28.0, 0.5
surrogate, 38, 28.0, 0.5
surrogate, 38, 28.0, 0.5
surrogate, 38, 28.0, 0.5
surrogate, 38, 28.0, 0.5
surrogate, 38, 28.0, 0.5
surrogate, 38, 28.0, 0.5
surrogate, 38, 28.0, 0.5
surrogate, 38, 28.0, 0.5
surrogate, 38, 28.0, 0.5
surrogate, 38, 28.0, 0.5
surrogate, 38, 28.0, 0.5
surrogate, 38, 28.0, 0.5
surrogate, 38, 28.0, 0.5
surrogate, 38, 28.0, 0.5
surrogate, 38, 28.0, 0.5
surrogate, 38, 28.0, 0.5
surrogate, 38, 27.0, 0.46875
surrogate, 38, 27.0, 0.46875
surrogate, 38, 27.0, 0.46875
surrogate, 38, 27.0, 0.46875
surrogate, 38, 24.0, 0.3125
surrogate, 38, 24.0, 0.3125
surrogate, 38, 24.0, 0.3125
surrogate, 38, 24.0, 0.3125
surrogate, 38, 24.0, 0.3125
surrogate, 38, 24.0, 0.3125
surrogate, 38, 24.0, 0.3125
surrogate, 38, 24.0, 0.3125
surrogate, 38, 22.0, 0.0625
surrogate, 38, 22.0, 0.0625
surrogate, 38, 22.0, 0.0625
surrogate, 38, 22.0, 0.0625
surrogate, 38, 22.0, 0.0625
surrogate, 38, 22.0, 0.0625
surrogate, 38, 22.0, 0.0625
surrogate, 38, 22.0, 0.0625
surrogate, 38, 22.0, 0.0625
surrogate, 38, 22.0, 0.0625
surrogate, 38, 22.0, 0.0625
surrogate, 38, 22.0, 0.0625
surrogate, 38, 22.0, 0.0625
surrogate, 38, 22.0, 0.0625
surrogate, 38, 22.0, 0.0625
surrogate, 38, 22.0, 0.0625
surrogate, 38, 22.0, 0.0625
surrogate, 38, 22.0, 0.0625
surrogate, 38, 22.0, 0.0625
surrogate, 38, 22.0, 0.0625
surrogate, 38, 22.0, 0.0625
surrogate, 38, 22.0, 0.0625
surrogate, 38, 22.0, 0.0625
surrogate, 38, 22.0, 0.0625
surrogate, 38, 22.0, 0.0625
surrogate, 38, 22.0, 0.0625
surrogate, 38, 22.0, 0.0625
surrogate, 38, 22.0, 0.0625
surrogate, 38, 22.0, 0.0625
surrogate, 38, 22.0, 0.0625
surrogate, 38, 22.0, 0.0625
surrogate, 39, 33.0, 0.875
surrogate, 39, 33.0, 0.875
surrogate, 39, 32.0, 0.78125
surrogate, 39, 32.0, 0.78125
surrogate, 39, 30.0, 0.59375
surrogate, 39, 30.0, 0.59375
surrogate, 39, 30.0, 0.59375
surrogate, 39, 30.0, 0.59375
surrogate, 39, 30.0, 0.59375
surrogate, 39, 30.0, 0.59375
surrogate, 39, 30.0, 0.59375
surrogate, 39, 30.0, 0.59375
surrogate, 39, 30.0, 0.59375
surrogate, 39, 30.0, 0.59375
surrogate, 39, 30.0, 0.59375
surrogate, 39, 30.0, 0.59375
surrogate, 39, 28.0, 0.5
surrogate, 39, 28.0, 0.5
surrogate, 39, 28.0, 0.5
surrogate, 39, 28.0, 0.5
surrogate, 39, 28.0, 0.5
surrogate, 39, 28.0, 0.5
surrogate, 39, 28.0, 0.5
surrogate, 39, 28.0, 0.5
surrogate, 39, 28.0, 0.5
surrogate, 39, 28.0, 0.5
surrogate, 39, 28.0, 0.5
surrogate, 39, 28.0, 0.5
surrogate, 39, 28.0, 0.5
surrogate, 39, 28.0, 0.5
surrogate, 39, 28.0, 0.5
surrogate, 39, 28.0, 0.5
surrogate, 39, 28.0, 0.5
surrogate, 39, 28.0, 0.5
surrogate, 39, 28.0, 0.5
surrogate, 39, 28.0, 0.5
surrogate, 39, 28.0, 0.5
surrogate, 39, 28.0, 0.5
surrogate, 39, 28.0, 0.5
surrogate, 39, 28.0, 0.5
surrogate, 39, 28.0, 0.5
surrogate, 39, 27.0, 0.46875
surrogate, 39, 27.0, 0.46875
surrogate, 39, 27.0, 0.46875
surrogate, 39, 27.0, 0.46875
surrogate, 39, 24.0, 0.3125
surrogate, 39, 24.0, 0.3125
surrogate, 39, 24.0, 0.3125
surrogate, 39, 24.0, 0.3125
surrogate, 39, 24.0, 0.3125
surrogate, 39, 24.0, 0.3125
surrogate, 39, 24.0, 0.3125
surrogate, 39, 24.0, 0.3125
surrogate, 39, 22.0, 0.0625
surrogate, 39, 22.0, 0.0625
surrogate, 39, 22.0, 0.0625
surrogate, 39, 22.0, 0.0625
surrogate, 39, 22.0, 0.0625
surrogate, 39, 22.0, 0.0625
surrogate, 39, 22.0, 0.0625
surrogate, 39, 22.0, 0.0625
surrogate, 39, 22.0, 0.0625
surrogate, 39, 22.0, 0.0625
surrogate, 39, 22.0, 0.0625
surrogate, 39, 22.0, 0.0625
surrogate, 39, 22.0, 0.0625
surrogate, 39, 22.0, 0.0625
surrogate, 39, 22.0, 0.0625
surrogate, 39, 22.0, 0.0625
surrogate, 39, 22.0, 0.0625
surrogate, 39, 22.0, 0.0625
surrogate, 39, 22.0, 0.0625
surrogate, 39, 22.0, 0.0625
surrogate, 39, 22.0, 0.0625
surrogate, 39, 22.0, 0.0625
surrogate, 39, 22.0, 0.0625
surrogate, 39, 22.0, 0.0625
surrogate, 39, 22.0, 0.0625
surrogate, 39, 22.0, 0.0625
surrogate, 39, 22.0, 0.0625
surrogate, 39, 22.0, 0.0625
surrogate, 39, 22.0, 0.0625
surrogate, 39, 22.0, 0.0625
surrogate, 39, 22.0, 0.0625
surrogate, 39, 22.0, 0.0625
surrogate, 40, 33.0, 0.875
surrogate, 40, 33.0, 0.875
surrogate, 40, 32.0, 0.78125
surrogate, 40, 32.0, 0.78125
surrogate, 40, 32.0, 0.78125
surrogate, 40, 30.0, 0.59375
surrogate, 40, 30.0, 0.59375
surrogate, 40, 30.0, 0.59375
surrogate, 40, 30.0, 0.59375
surrogate, 40, 30.0, 0.59375
surrogate, 40, 30.0, 0.59375
surrogate, 40, 30.0, 0.59375
surrogate, 40, 30.0, 0.59375
surrogate, 40, 30.0, 0.59375
surrogate, 40, 30.0, 0.59375
surrogate, 40, 30.0, 0.59375
surrogate, 40, 30.0, 0.59375
surrogate, 40, 30.0, 0.59375
surrogate, 40, 27.0, 0.5
surrogate, 40, 24.0, 0.3125
surrogate, 40, 24.0, 0.3125
surrogate, 40, 24.0, 0.3125
surrogate, 40, 24.0, 0.3125
surrogate, 40, 24.0, 0.3125
surrogate, 40, 24.0, 0.3125
surrogate, 40, 24.0, 0.3125
surrogate, 40, 24.0, 0.3125
surrogate, 40, 24.0, 0.3125
surrogate, 40, 22.0, 0.0625
surrogate, 40, 22.0, 0.0625
surrogate, 40, 22.0, 0.0625
surrogate, 40, 22.0, 0.0625
surrogate, 40, 22.0, 0.0625
surrogate, 40, 22.0, 0.0625
surrogate, 40, 22.0, 0.0625
surrogate, 40, 22.0, 0.0625
surrogate, 40, 22.0, 0.0625
surrogate, 40, 22.0, 0.0625
surrogate, 40, 22.0, 0.0625
surrogate, 40, 22.0, 0.0625
surrogate, 40, 22.0, 0.0625
surrogate, 40, 22.0, 0.0625
surrogate, 40, 22.0, 0.0625
surrogate, 40, 22.0, 0.0625
surrogate, 40, 22.0, 0.0625
surrogate, 40, 22.0, 0.0625
surrogate, 40, 22.0, 0.0625
surrogate, 40, 22.0, 0.0625
surrogate, 40, 22.0, 0.0625
surrogate, 40, 22.0, 0.0625
surrogate, 40, 22.0, 0.0625
surrogate, 40, 22.0, 0.0625
surrogate, 40, 22.0, 0.0625
surrogate, 40, 22.0, 0.0625
surrogate, 40, 22.0, 0.0625
surrogate, 40, 22.0, 0.0625
surrogate, 40, 22.0, 0.0625
surrogate, 40, 22.0, 0.0625
surrogate, 40, 22.0, 0.0625
surrogate, 40, 22.0, 0.0625
surrogate, 40, 22.0, 0.0625
surrogate, 41, 33.0, 0.875
surrogate, 41, 33.0, 0.875
surrogate, 41, 32.0, 0.78125
surrogate, 41, 32.0, 0.78125
surrogate, 41, 32.0, 0.78125
surrogate, 41, 32.0, 0.78125
surrogate, 41, 30.0, 0.59375
surrogate, 41, 30.0, 0.59375
surrogate, 41, 30.0, 0.59375
surrogate, 41, 30.0, 0.59375
surrogate, 41, 30.0, 0.59375
surrogate, 41, 30.0, 0.59375
surrogate, 41, 30.0, 0.59375
surrogate, 41, 30.0, 0.59375
surrogate, 41, 30.0, 0.59375
surrogate, 41, 30.0, 0.59375
surrogate, 41, 30.0, 0.59375
surrogate, 41, 30.0, 0.59375
surrogate, 41, 30.0, 0.59375
surrogate, 41, 27.0, 0.5
surrogate, 41, 24.0, 0.3125
surrogate, 41, 24.0, 0.3125
surrogate, 41, 24.0, 0.3125
surrogate, 41, 24.0, 0.3125
surrogate, 41, 24.0, 0.3125
surrogate, 41, 24.0, 0.3125
surrogate, 41, 24.0, 0.3125
surrogate, 41, 24.0, 0.3125
surrogate, 41, 24.0, 0.3125
surrogate, 41, 24.0, 0.3125
surrogate, 41, 22.0, 0.0625
surrogate, 41, 22.0, 0.0625
surrogate, 41, 22.0, 0.0625
surrogate, 41, 22.0, 0.0625
surrogate, 41, 22.0, 0.0625
surrogate, 41, 22.0, 0.0625
surrogate, 41, 22.0, 0.0625
surrogate, 41, 22.0, 0.0625
surrogate, 41, 22.0, 0.0625
surrogate, 41, 22.0, 0.0625
surrogate, 41, 22.0, 0.0625
surrogate, 41, 22.0, 0.0625
surrogate, 41, 22.0, 0.0625
surrogate, 41, 22.0, 0.0625
surrogate, 41, 22.0, 0.0625
surrogate, 41, 22.0, 0.0625
surrogate, 41, 22.0, 0.0625
surrogate, 41, 22.0, 0.0625
surrogate, 41, 22.0, 0.0625
surrogate, 41, 22.0, 0.0625
surrogate, 41, 22.0, 0.0625
surrogate, 41, 22.0, 0.0625
surrogate, 41, 22.0, 0.0625
surrogate, 41, 22.0, 0.0625
surrogate, 41, 22.0, 0.0625
surrogate, 41, 22.0, 0.0625
surrogate, 41, 22.0, 0.0625
surrogate, 41, 22.0, 0.0625
surrogate, 41, 22.0, 0.0625
surrogate, 41, 22.0, 0.0625
surrogate, 41, 22.0, 0.0625
surrogate, 41, 22.0, 0.0625
surrogate, 41, 22.0, 0.0625
surrogate, 41, 22.0, 0.0625
surrogate, 42, 33.0, 0.875
surrogate, 42, 33.0, 0.875
surrogate, 42, 33.0, 0.875
surrogate, 42, 32.0, 0.78125
surrogate, 42, 32.0, 0.78125
surrogate, 42, 32.0, 0.78125
surrogate, 42, 32.0, 0.78125
surrogate, 42, 30.0, 0.59375
surrogate, 42, 30.0, 0.59375
surrogate, 42, 30.0, 0.59375
surrogate, 42, 30.0, 0.59375
surrogate, 42, 30.0, 0.59375
surrogate, 42, 30.0, 0.59375
surrogate, 42, 30.0, 0.59375
surrogate, 42, 30.0, 0.59375
surrogate, 42, 30.0, 0.59375
surrogate, 42, 30.0, 0.59375
surrogate, 42, 30.0, 0.59375
surrogate, 42, 30.0, 0.59375
surrogate, 42, 30.0, 0.59375
surrogate, 42, 27.0, 0.5
surrogate, 42, 24.0, 0.3125
surrogate, 42, 24.0, 0.3125
surrogate, 42, 24.0, 0.3125
surrogate, 42, 24.0, 0.3125
surrogate, 42, 24.0, 0.3125
surrogate, 42, 24.0, 0.3125
surrogate, 42, 24.0, 0.3125
surrogate, 42, 24.0, 0.3125
surrogate, 42, 24.0, 0.3125
surrogate, 42, 24.0, 0.3125
surrogate, 42, 24.0, 0.3125
surrogate, 42, 22.0, 0.0625
surrogate, 42, 22.0, 0.0625
surrogate, 42, 22.0, 0.0625
surrogate, 42, 22.0, 0.0625
surrogate, 42, 22.0, 0.0625
surrogate, 42, 22.0, 0.0625
surrogate, 42, 22.0, 0.0625
surrogate, 42, 22.0, 0.0625
surrogate, 42, 22.0, 0.0625
surrogate, 42, 22.0, 0.0625
surrogate, 42, 22.0, 0.0625
surrogate, 42, 22.0, 0.0625
surrogate, 42, 22.0, 0.0625
surrogate, 42, 22.0, 0.0625
surrogate, 42, 22.0, 0.0625
surrogate, 42, 22.0, 0.0625
surrogate, 42, 22.0, 0.0625
surrogate, 42, 22.0, 0.0625
surrogate, 42, 22.0, 0.0625
surrogate, 42, 22.0, 0.0625
surrogate, 42, 22.0, 0.0625
surrogate, 42, 22.0, 0.0625
surrogate, 42, 22.0, 0.0625
surrogate, 42, 22.0, 0.0625
surrogate, 42, 22.0, 0.0625
surrogate, 42, 22.0, 0.0625
surrogate, 42, 22.0, 0.0625
surrogate, 42, 22.0, 0.0625
surrogate, 42, 22.0, 0.0625
surrogate, 42, 22.0, 0.0625
surrogate, 42, 22.0, 0.0625
surrogate, 42, 22.0, 0.0625
surrogate, 42, 22.0, 0.0625
surrogate, 42, 22.0, 0.0625
surrogate, 43, 33.0, 0.875
surrogate, 43, 33.0, 0.875
surrogate, 43, 33.0, 0.875
surrogate, 43, 32.0, 0.78125
surrogate, 43, 32.0, 0.78125
surrogate, 43, 32.0, 0.78125
surrogate, 43, 32.0, 0.78125
surrogate, 43, 30.0, 0.59375
surrogate, 43, 30.0, 0.59375
surrogate, 43, 30.0, 0.59375
surrogate, 43, 30.0, 0.59375
surrogate, 43, 30.0, 0.59375
surrogate, 43, 30.0, 0.59375
surrogate, 43, 30.0, 0.59375
surrogate, 43, 30.0, 0.59375
surrogate, 43, 30.0, 0.59375
surrogate, 43, 30.0, 0.59375
surrogate, 43, 30.0, 0.59375
surrogate, 43, 30.0, 0.59375
surrogate, 43, 30.0, 0.59375
surrogate, 43, 27.0, 0.5
surrogate, 43, 24.0, 0.3125
surrogate, 43, 24.0, 0.3125
surrogate, 43, 24.0, 0.3125
surrogate, 43, 24.0, 0.3125
surrogate, 43, 24.0, 0.3125
surrogate, 43, 24.0, 0.3125
surrogate, 43, 24.0, 0.3125
surrogate, 43, 24.0, 0.3125
surrogate, 43, 24.0, 0.3125
surrogate, 43, 24.0, 0.3125
surrogate, 43, 24.0, 0.3125
surrogate, 43, 22.0, 0.0625
surrogate, 43, 22.0, 0.0625
surrogate, 43, 22.0, 0.0625
surrogate, 43, 22.0, 0.0625
surrogate, 43, 22.0, 0.0625
surrogate, 43, 22.0, 0.0625
surrogate, 43, 22.0, 0.0625
surrogate, 43, 22.0, 0.0625
surrogate, 43, 22.0, 0.0625
surrogate, 43, 22.0, 0.0625
surrogate, 43, 22.0, 0.0625
surrogate, 43, 22.0, 0.0625
surrogate, 43, 22.0, 0.0625
surrogate, 43, 22.0, 0.0625
surrogate, 43, 22.0, 0.0625
surrogate, 43, 22.0, 0.0625
surrogate, 43, 22.0, 0.0625
surrogate, 43, 22.0, 0.0625
surrogate, 43, 22.0, 0.0625
surrogate, 43, 22.0, 0.0625
surrogate, 43, 22.0, 0.0625
surrogate, 43, 22.0, 0.0625
surrogate, 43, 22.0, 0.0625
surrogate, 43, 22.0, 0.0625
surrogate, 43, 22.0, 0.0625
surrogate, 43, 22.0, 0.0625
surrogate, 43, 22.0, 0.0625
surrogate, 43, 22.0, 0.0625
surrogate, 43, 22.0, 0.0625
surrogate, 43, 22.0, 0.0625
surrogate, 43, 22.0, 0.0625
surrogate, 43, 22.0, 0.0625
surrogate, 43, 22.0, 0.0625
surrogate, 43, 22.0, 0.0625
surrogate, 44, 33.0, 0.875
surrogate, 44, 33.0, 0.875
surrogate, 44, 33.0, 0.875
surrogate, 44, 32.0, 0.78125
surrogate, 44, 32.0, 0.78125
surrogate, 44, 32.0, 0.78125
surrogate, 44, 32.0, 0.78125
surrogate, 44, 32.0, 0.78125
surrogate, 44, 30.0, 0.59375
surrogate, 44, 30.0, 0.59375
surrogate, 44, 30.0, 0.59375
surrogate, 44, 30.0, 0.59375
surrogate, 44, 30.0, 0.59375
surrogate, 44, 30.0, 0.59375
surrogate, 44, 30.0, 0.59375
surrogate, 44, 30.0, 0.59375
surrogate, 44, 30.0, 0.59375
surrogate, 44, 30.0, 0.59375
surrogate, 44, 30.0, 0.59375
surrogate, 44, 30.0, 0.59375
surrogate, 44, 30.0, 0.59375
surrogate, 44, 30.0, 0.59375
surrogate, 44, 27.0, 0.5
surrogate, 44, 27.0, 0.5
surrogate, 44, 24.0, 0.3125
surrogate, 44, 24.0, 0.3125
surrogate, 44, 24.0, 0.3125
surrogate, 44, 24.0, 0.3125
surrogate, 44, 24.0, 0.3125
surrogate, 44, 24.0, 0.3125
surrogate, 44, 24.0, 0.3125
surrogate, 44, 24.0, 0.3125
surrogate, 44, 24.0, 0.3125
surrogate, 44, 24.0, 0.3125
surrogate, 44, 24.0, 0.3125
surrogate, 44, 24.0, 0.3125
surrogate, 44, 22.0, 0.0625
surrogate, 44, 22.0, 0.0625
surrogate, 44, 22.0, 0.0625
surrogate, 44, 22.0, 0.0625
surrogate, 44, 22.0, 0.0625
surrogate, 44, 22.0, 0.0625
surrogate, 44, 22.0, 0.0625
surrogate, 44, 22.0, 0.0625
surrogate, 44, 22.0, 0.0625
surrogate, 44, 22.0, 0.0625
surrogate, 44, 22.0, 0.0625
surrogate, 44, 22.0, 0.0625
surrogate, 44, 22.0, 0.0625
surrogate, 44, 22.0, 0.0625
surrogate, 44, 22.0, 0.0625
surrogate, 44, 22.0, 0.0625
surrogate, 44, 22.0, 0.0625
surrogate, 44, 22.0, 0.0625
surrogate, 44, 22.0, 0.0625
surrogate, 44, 22.0, 0.0625
surrogate, 44, 22.0, 0.0625
surrogate, 44, 22.0, 0.0625
surrogate, 44, 22.0, 0.0625
surrogate, 44, 22.0, 0.0625
surrogate, 44, 22.0, 0.0625
surrogate, 44, 22.0, 0.0625
surrogate, 44, 22.0, 0.0625
surrogate, 44, 22.0, 0.0625
surrogate, 44, 22.0, 0.0625
surrogate, 44, 22.0, 0.0625
surrogate, 44, 22.0, 0.0625
surrogate, 44, 22.0, 0.0625
surrogate, 44, 22.0, 0.0625
surrogate, 44, 22.0, 0.0625
surrogate, 45, 33.0, 0.875
surrogate, 45, 33.0, 0.875
surrogate, 45, 33.0, 0.875
surrogate, 45, 32.0, 0.78125
surrogate, 45, 32.0, 0.78125
surrogate, 45, 32.0, 0.78125
surrogate, 45, 32.0, 0.78125
surrogate, 45, 32.0, 0.78125
surrogate, 45, 32.0, 0.78125
surrogate, 45, 30.0, 0.59375
surrogate, 45, 30.0, 0.59375
surrogate, 45, 30.0, 0.59375
surrogate, 45, 30.0, 0.59375
surrogate, 45, 30.0, 0.59375
surrogate, 45, 30.0, 0.59375
surrogate, 45, 30.0, 0.59375
surrogate, 45, 30.0, 0.59375
surrogate, 45, 30.0, 0.59375
surrogate, 45, 30.0, 0.59375
surrogate, 45, 30.0, 0.59375
surrogate, 45, 30.0, 0.59375
surrogate, 45, 30.0, 0.59375
surrogate, 45, 30.0, 0.59375
surrogate, 45, 27.0, 0.5
surrogate, 45, 27.0, 0.5
surrogate, 45, 24.0, 0.3125
surrogate, 45, 24.0, 0.3125
surrogate, 45, 24.0, 0.3125
surrogate, 45, 24.0, 0.3125
surrogate, 45, 24.0, 0.3125
surrogate, 45, 24.0, 0.3125
surrogate, 45, 24.0, 0.3125
surrogate, 45, 24.0, 0.3125
surrogate, 45, 24.0, 0.3125
surrogate, 45, 24.0, 0.3125
surrogate, 45, 24.0, 0.3125
surrogate, 45, 24.0, 0.3125
surrogate, 45, 22.0, 0.0625
surrogate, 45, 22.0, 0.0625
surrogate, 45, 22.0, 0.0625
surrogate, 45, 22.0, 0.0625
surrogate, 45, 22.0, 0.0625
surrogate, 45, 22.0, 0.0625
surrogate, 45, 22.0, 0.0625
surrogate, 45, 22.0, 0.0625
surrogate, 45, 22.0, 0.0625
surrogate, 45, 22.0, 0.0625
surrogate, 45, 22.0, 0.0625
surrogate, 45, 22.0, 0.0625
surrogate, 45, 22.0, 0.0625
surrogate, 45, 22.0, 0.0625
surrogate, 45, 22.0, 0.0625
surrogate, 45, 22.0, 0.0625
surrogate, 45, 22.0, 0.0625
surrogate, 45, 22.0, 0.0625
surrogate, 45, 22.0, 0.0625
surrogate, 45, 22.0, 0.0625
surrogate, 45, 22.0, 0.0625
surrogate, 45, 22.0, 0.0625
surrogate, 45, 22.0, 0.0625
surrogate, 45, 22.0, 0.0625
surrogate, 45, 22.0, 0.0625
surrogate, 45, 22.0, 0.0625
surrogate, 45, 22.0, 0.0625
surrogate, 45, 22.0, 0.0625
surrogate, 45, 22.0, 0.0625
surrogate, 45, 22.0, 0.0625
surrogate, 45, 22.0, 0.0625
surrogate, 45, 22.0, 0.0625
surrogate, 45, 22.0, 0.0625
surrogate, 45, 22.0, 0.0625
surrogate, 46, 33.0, 0.875
surrogate, 46, 33.0, 0.875
surrogate, 46, 33.0, 0.875
surrogate, 46, 32.0, 0.78125
surrogate, 46, 32.0, 0.78125
surrogate, 46, 32.0, 0.78125
surrogate, 46, 32.0, 0.78125
surrogate, 46, 32.0, 0.78125
surrogate, 46, 32.0, 0.78125
surrogate, 46, 30.0, 0.59375
surrogate, 46, 30.0, 0.59375
surrogate, 46, 30.0, 0.59375
surrogate, 46, 30.0, 0.59375
surrogate, 46, 30.0, 0.59375
surrogate, 46, 30.0, 0.59375
surrogate, 46, 30.0, 0.59375
surrogate, 46, 30.0, 0.59375
surrogate, 46, 30.0, 0.59375
surrogate, 46, 30.0, 0.59375
surrogate, 46, 30.0, 0.59375
surrogate, 46, 30.0, 0.59375
surrogate, 46, 30.0, 0.59375
surrogate, 46, 30.0, 0.59375
surrogate, 46, 27.0, 0.5
surrogate, 46, 27.0, 0.5
surrogate, 46, 27.0, 0.5
surrogate, 46, 24.0, 0.3125
surrogate, 46, 24.0, 0.3125
surrogate, 46, 24.0, 0.3125
surrogate, 46, 24.0, 0.3125
surrogate, 46, 24.0, 0.3125
surrogate, 46, 24.0, 0.3125
surrogate, 46, 24.0, 0.3125
surrogate, 46, 24.0, 0.3125
surrogate, 46, 24.0, 0.3125
surrogate, 46, 24.0, 0.3125
surrogate, 46, 24.0, 0.3125
surrogate, 46, 24.0, 0.3125
surrogate, 46, 22.0, 0.0625
surrogate, 46, 22.0, 0.0625
surrogate, 46, 22.0, 0.0625
surrogate, 46, 22.0, 0.0625
surrogate, 46, 22.0, 0.0625
surrogate, 46, 22.0, 0.0625
surrogate, 46, 22.0, 0.0625
surrogate, 46, 22.0, 0.0625
surrogate, 46, 22.0, 0.0625
surrogate, 46, 22.0, 0.0625
surrogate, 46, 22.0, 0.0625
surrogate, 46, 22.0, 0.0625
surrogate, 46, 22.0, 0.0625
surrogate, 46, 22.0, 0.0625
surrogate, 46, 22.0, 0.0625
surrogate, 46, 22.0, 0.0625
surrogate, 46, 22.0, 0.0625
surrogate, 46, 22.0, 0.0625
surrogate, 46, 22.0, 0.0625
surrogate, 46, 22.0, 0.0625
surrogate, 46, 22.0, 0.0625
surrogate, 46, 22.0, 0.0625
surrogate, 46, 22.0, 0.0625
surrogate, 46, 22.0, 0.0625
surrogate, 46, 22.0, 0.0625
surrogate, 46, 22.0, 0.0625
surrogate, 46, 22.0, 0.0625
surrogate, 46, 22.0, 0.0625
surrogate, 46, 22.0, 0.0625
surrogate, 46, 22.0, 0.0625
surrogate, 46, 22.0, 0.0625
surrogate, 46, 22.0, 0.0625
surrogate, 46, 22.0, 0.0625
surrogate, 46, 22.0, 0.0625
surrogate, 46, 22.0, 0.0625
surrogate, 47, 33.0, 0.875
surrogate, 47, 33.0, 0.875
surrogate, 47, 33.0, 0.875
surrogate, 47, 32.0, 0.78125
surrogate, 47, 32.0, 0.78125
surrogate, 47, 32.0, 0.78125
surrogate, 47, 32.0, 0.78125
surrogate, 47, 32.0, 0.78125
surrogate, 47, 32.0, 0.78125
surrogate, 47, 32.0, 0.78125
surrogate, 47, 30.0, 0.59375
surrogate, 47, 30.0, 0.59375
surrogate, 47, 30.0, 0.59375
surrogate, 47, 30.0, 0.59375
surrogate, 47, 30.0, 0.59375
surrogate, 47, 30.0, 0.59375
surrogate, 47, 30.0, 0.59375
surrogate, 47, 30.0, 0.59375
surrogate, 47, 30.0, 0.59375
surrogate, 47, 30.0, 0.59375
surrogate, 47, 30.0, 0.59375
surrogate, 47, 30.0, 0.59375
surrogate, 47, 30.0, 0.59375
surrogate, 47, 30.0, 0.59375
surrogate, 47, 30.0, 0.59375
surrogate, 47, 27.0, 0.5
surrogate, 47, 27.0, 0.5
surrogate, 47, 27.0, 0.5
surrogate, 47, 27.0, 0.5
surrogate, 47, 24.0, 0.3125
surrogate, 47, 24.0, 0.3125
surrogate, 47, 24.0, 0.3125
surrogate, 47, 24.0, 0.3125
surrogate, 47, 24.0, 0.3125
surrogate, 47, 24.0, 0.3125
surrogate, 47, 24.0, 0.3125
surrogate, 47, 24.0, 0.3125
surrogate, 47, 24.0, 0.3125
surrogate, 47, 24.0, 0.3125
surrogate, 47, 24.0, 0.3125
surrogate, 47, 24.0, 0.3125
surrogate, 47, 22.0, 0.0625
surrogate, 47, 22.0, 0.0625
surrogate, 47, 22.0, 0.0625
surrogate, 47, 22.0, 0.0625
surrogate, 47, 22.0, 0.0625
surrogate, 47, 22.0, 0.0625
surrogate, 47, 22.0, 0.0625
surrogate, 47, 22.0, 0.0625
surrogate, 47, 22.0, 0.0625
surrogate, 47, 22.0, 0.0625
surrogate, 47, 22.0, 0.0625
surrogate, 47, 22.0, 0.0625
surrogate, 47, 22.0, 0.0625
surrogate, 47, 22.0, 0.0625
surrogate, 47, 22.0, 0.0625
surrogate, 47, 22.0, 0.0625
surrogate, 47, 22.0, 0.0625
surrogate, 47, 22.0, 0.0625
surrogate, 47, 22.0, 0.0625
surrogate, 47, 22.0, 0.0625
surrogate, 47, 22.0, 0.0625
surrogate, 47, 22.0, 0.0625
surrogate, 47, 22.0, 0.0625
surrogate, 47, 22.0, 0.0625
surrogate, 47, 22.0, 0.0625
surrogate, 47, 22.0, 0.0625
surrogate, 47, 22.0, 0.0625
surrogate, 47, 22.0, 0.0625
surrogate, 47, 22.0, 0.0625
surrogate, 47, 22.0, 0.0625
surrogate, 47, 22.0, 0.0625
surrogate, 47, 22.0, 0.0625
surrogate, 47, 22.0, 0.0625
surrogate, 47, 22.0, 0.0625
surrogate, 47, 22.0, 0.0625
surrogate, 47, 22.0, 0.0625
surrogate, 48, 33.0, 0.875
surrogate, 48, 33.0, 0.875
surrogate, 48, 33.0, 0.875
surrogate, 48, 32.0, 0.78125
surrogate, 48, 32.0, 0.78125
surrogate, 48, 32.0, 0.78125
surrogate, 48, 32.0, 0.78125
surrogate, 48, 32.0, 0.78125
surrogate, 48, 32.0, 0.78125
surrogate, 48, 32.0, 0.78125
surrogate, 48, 30.0, 0.59375
surrogate, 48, 30.0, 0.59375
surrogate, 48, 30.0, 0.59375
surrogate, 48, 30.0, 0.59375
surrogate, 48, 30.0, 0.59375
surrogate, 48, 30.0, 0.59375
surrogate, 48, 30.0, 0.59375
surrogate, 48, 30.0, 0.59375
surrogate, 48, 30.0, 0.59375
surrogate, 48, 30.0, 0.59375
surrogate, 48, 30.0, 0.59375
surrogate, 48, 30.0, 0.59375
surrogate, 48, 30.0, 0.59375
surrogate, 48, 30.0, 0.59375
surrogate, 48, 30.0, 0.59375
surrogate, 48, 30.0, 0.59375
surrogate, 48, 27.0, 0.5
surrogate, 48, 27.0, 0.5
surrogate, 48, 27.0, 0.5
surrogate, 48, 27.0, 0.5
surrogate, 48, 24.0, 0.3125
surrogate, 48, 24.0, 0.3125
surrogate, 48, 24.0, 0.3125
surrogate, 48, 24.0, 0.3125
surrogate, 48, 24.0, 0.3125
surrogate, 48, 24.0, 0.3125
surrogate, 48, 24.0, 0.3125
surrogate, 48, 24.0, 0.3125
surrogate, 48, 24.0, 0.3125
surrogate, 48, 24.0, 0.3125
surrogate, 48, 24.0, 0.3125
surrogate, 48, 24.0, 0.3125
surrogate, 48, 24.0, 0.3125
surrogate, 48, 22.0, 0.0625
surrogate, 48, 22.0, 0.0625
surrogate, 48, 22.0, 0.0625
surrogate, 48, 22.0, 0.0625
surrogate, 48, 22.0, 0.0625
surrogate, 48, 22.0, 0.0625
surrogate, 48, 22.0, 0.0625
surrogate, 48, 22.0, 0.0625
surrogate, 48, 22.0, 0.0625
surrogate, 48, 22.0, 0.0625
surrogate, 48, 22.0, 0.0625
surrogate, 48, 22.0, 0.0625
surrogate, 48, 22.0, 0.0625
surrogate, 48, 22.0, 0.0625
surrogate, 48, 22.0, 0.0625
surrogate, 48, 22.0, 0.0625
surrogate, 48, 22.0, 0.0625
surrogate, 48, 22.0, 0.0625
surrogate, 48, 22.0, 0.0625
surrogate, 48, 22.0, 0.0625
surrogate, 48, 22.0, 0.0625
surrogate, 48, 22.0, 0.0625
surrogate, 48, 22.0, 0.0625
surrogate, 48, 22.0, 0.0625
surrogate, 48, 22.0, 0.0625
surrogate, 48, 22.0, 0.0625
surrogate, 48, 22.0, 0.0625
surrogate, 48, 22.0, 0.0625
surrogate, 48, 22.0, 0.0625
surrogate, 48, 22.0, 0.0625
surrogate, 48, 22.0, 0.0625
surrogate, 48, 22.0, 0.0625
surrogate, 48, 22.0, 0.0625
surrogate, 48, 22.0, 0.0625
surrogate, 48, 22.0, 0.0625
surrogate, 48, 22.0, 0.0625
surrogate, 48, 22.0, 0.0625
surrogate, 49, 33.0, 0.875
surrogate, 49, 33.0, 0.875
surrogate, 49, 33.0, 0.875
surrogate, 49, 32.0, 0.78125
surrogate, 49, 32.0, 0.78125
surrogate, 49, 32.0, 0.78125
surrogate, 49, 32.0, 0.78125
surrogate, 49, 32.0, 0.78125
surrogate, 49, 32.0, 0.78125
surrogate, 49, 32.0, 0.78125
surrogate, 49, 30.0, 0.59375
surrogate, 49, 30.0, 0.59375
surrogate, 49, 30.0, 0.59375
surrogate, 49, 30.0, 0.59375
surrogate, 49, 30.0, 0.59375
surrogate, 49, 30.0, 0.59375
surrogate, 49, 30.0, 0.59375
surrogate, 49, 30.0, 0.59375
surrogate, 49, 30.0, 0.59375
surrogate, 49, 30.0, 0.59375
surrogate, 49, 30.0, 0.59375
surrogate, 49, 30.0, 0.59375
surrogate, 49, 30.0, 0.59375
surrogate, 49, 30.0, 0.59375
surrogate, 49, 30.0, 0.59375
surrogate, 49, 30.0, 0.59375
surrogate, 49, 30.0, 0.59375
surrogate, 49, 27.0, 0.5
surrogate, 49, 27.0, 0.5
surrogate, 49, 27.0, 0.5
surrogate, 49, 27.0, 0.5
surrogate, 49, 24.0, 0.3125
surrogate, 49, 24.0, 0.3125
surrogate, 49, 24.0, 0.3125
surrogate, 49, 24.0, 0.3125
surrogate, 49, 24.0, 0.3125
surrogate, 49, 24.0, 0.3125
surrogate, 49, 24.0, 0.3125
surrogate, 49, 24.0, 0.3125
surrogate, 49, 24.0, 0.3125
surrogate, 49, 24.0, 0.3125
surrogate, 49, 24.0, 0.3125
surrogate, 49, 24.0, 0.3125
surrogate, 49, 24.0, 0.3125
surrogate, 49, 24.0, 0.3125
surrogate, 49, 22.0, 0.0625
surrogate, 49, 22.0, 0.0625
surrogate, 49, 22.0, 0.0625
surrogate, 49, 22.0, 0.0625
surrogate, 49, 22.0, 0.0625
surrogate, 49, 22.0, 0.0625
surrogate, 49, 22.0, 0.0625
surrogate, 49, 22.0, 0.0625
surrogate, 49, 22.0, 0.0625
surrogate, 49, 22.0, 0.0625
surrogate, 49, 22.0, 0.0625
surrogate, 49, 22.0, 0.0625
surrogate, 49, 22.0, 0.0625
surrogate, 49, 22.0, 0.0625
surrogate, 49, 22.0, 0.0625
surrogate, 49, 22.0, 0.0625
surrogate, 49, 22.0, 0.0625
surrogate, 49, 22.0, 0.0625
surrogate, 49, 22.0, 0.0625
surrogate, 49, 22.0, 0.0625
surrogate, 49, 22.0, 0.0625
surrogate, 49, 22.0, 0.0625
surrogate, 49, 22.0, 0.0625
surrogate, 49, 22.0, 0.0625
surrogate, 49, 22.0, 0.0625
surrogate, 49, 22.0, 0.0625
surrogate, 49, 22.0, 0.0625
surrogate, 49, 22.0, 0.0625
surrogate, 49, 22.0, 0.0625
surrogate, 49, 22.0, 0.0625
surrogate, 49, 22.0, 0.0625
surrogate, 49, 22.0, 0.0625
surrogate, 49, 22.0, 0.0625
surrogate, 49, 22.0, 0.0625
surrogate, 49, 22.0, 0.0625
surrogate, 49, 22.0, 0.0625
surrogate, 49, 22.0, 0.0625
surrogate, 49, 22.0, 0.0625
surrogate, 50, 33.0, 0.875
surrogate, 50, 33.0, 0.875
surrogate, 50, 33.0, 0.875
surrogate, 50, 33.0, 0.875
surrogate, 50, 32.0, 0.78125
surrogate, 50, 32.0, 0.78125
surrogate, 50, 32.0, 0.78125
surrogate, 50, 32.0, 0.78125
surrogate, 50, 32.0, 0.78125
surrogate, 50, 32.0, 0.78125
surrogate, 50, 32.0, 0.78125
surrogate, 50, 32.0, 0.78125
surrogate, 50, 30.0, 0.59375
surrogate, 50, 30.0, 0.59375
surrogate, 50, 30.0, 0.59375
surrogate, 50, 30.0, 0.59375
surrogate, 50, 30.0, 0.59375
surrogate, 50, 30.0, 0.59375
surrogate, 50, 30.0, 0.59375
surrogate, 50, 30.0, 0.59375
surrogate, 50, 30.0, 0.59375
surrogate, 50, 30.0, 0.59375
surrogate, 50, 30.0, 0.59375
surrogate, 50, 30.0, 0.59375
surrogate, 50, 30.0, 0.59375
surrogate, 50, 30.0, 0.59375
surrogate, 50, 30.0, 0.59375
surrogate, 50, 30.0, 0.59375
surrogate, 50, 30.0, 0.59375
surrogate, 50, 27.0, 0.5
surrogate, 50, 27.0, 0.5
surrogate, 50, 27.0, 0.5
surrogate, 50, 27.0, 0.5
surrogate, 50, 24.0, 0.3125
surrogate, 50, 24.0, 0.3125
surrogate, 50, 24.0, 0.3125
surrogate, 50, 24.0, 0.3125
surrogate, 50, 24.0, 0.3125
surrogate, 50, 24.0, 0.3125
surrogate, 50, 24.0, 0.3125
surrogate, 50, 24.0, 0.3125
surrogate, 50, 24.0, 0.3125
surrogate, 50, 24.0, 0.3125
surrogate, 50, 24.0, 0.3125
surrogate, 50, 24.0, 0.3125
surrogate, 50, 24.0, 0.3125
surrogate, 50, 24.0, 0.3125
surrogate, 50, 22.0, 0.0625
surrogate, 50, 22.0, 0.0625
surrogate, 50, 22.0, 0.0625
surrogate, 50, 22.0, 0.0625
surrogate, 50, 22.0, 0.0625
surrogate, 50, 22.0, 0.0625
surrogate, 50, 22.0, 0.0625
surrogate, 50, 22.0, 0.0625
surrogate, 50, 22.0, 0.0625
surrogate, 50, 22.0, 0.0625
surrogate, 50, 22.0, 0.0625
surrogate, 50, 22.0, 0.0625
surrogate, 50, 22.0, 0.0625
surrogate, 50, 22.0, 0.0625
surrogate, 50, 22.0, 0.0625
surrogate, 50, 22.0, 0.0625
surrogate, 50, 22.0, 0.0625
surrogate, 50, 22.0, 0.0625
surrogate, 50, 22.0, 0.0625
surrogate, 50, 22.0, 0.0625
surrogate, 50, 22.0, 0.0625
surrogate, 50, 22.0, 0.0625
surrogate, 50, 22.0, 0.0625
surrogate, 50, 22.0, 0.0625
surrogate, 50, 22.0, 0.0625
surrogate, 50, 22.0, 0.0625
surrogate, 50, 22.0, 0.0625
surrogate, 50, 22.0, 0.0625
surrogate, 50, 22.0, 0.0625
surrogate, 50, 22.0, 0.0625
surrogate, 50, 22.0, 0.0625
surrogate, 50, 22.0, 0.0625
surrogate, 50, 22.0, 0.0625
surrogate, 50, 22.0, 0.0625
surrogate, 50, 22.0, 0.0625
surrogate, 50, 22.0, 0.0625
surrogate, 50, 22.0, 0.0625
surrogate, 50, 22.0, 0.0625
surrogate, 50, 22.0, 0.0625
surrogate, 51, 33.0, 0.875
surrogate, 51, 33.0, 0.875
surrogate, 51, 33.0, 0.875
surrogate, 51, 33.0, 0.875
surrogate, 51, 32.0, 0.78125
surrogate, 51, 32.0, 0.78125
surrogate, 51, 32.0, 0.78125
surrogate, 51, 32.0, 0.78125
surrogate, 51, 32.0, 0.78125
surrogate, 51, 32.0, 0.78125
surrogate, 51, 32.0, 0.78125
surrogate, 51, 32.0, 0.78125
surrogate, 51, 30.0, 0.59375
surrogate, 51, 30.0, 0.59375
surrogate, 51, 30.0, 0.59375
surrogate, 51, 30.0, 0.59375
surrogate, 51, 30.0, 0.59375
surrogate, 51, 30.0, 0.59375
surrogate, 51, 30.0, 0.59375
surrogate, 51, 30.0, 0.59375
surrogate, 51, 30.0, 0.59375
surrogate, 51, 30.0, 0.59375
surrogate, 51, 30.0, 0.59375
surrogate, 51, 30.0, 0.59375
surrogate, 51, 30.0, 0.59375
surrogate, 51, 30.0, 0.59375
surrogate, 51, 30.0, 0.59375
surrogate, 51, 30.0, 0.59375
surrogate, 51, 30.0, 0.59375
surrogate, 51, 27.0, 0.5
surrogate, 51, 27.0, 0.5
surrogate, 51, 27.0, 0.5
surrogate, 51, 27.0, 0.5
surrogate, 51, 24.0, 0.3125
surrogate, 51, 24.0, 0.3125
surrogate, 51, 24.0, 0.3125
surrogate, 51, 24.0, 0.3125
surrogate, 51, 24.0, 0.3125
surrogate, 51, 24.0, 0.3125
surrogate, 51, 24.0, 0.3125
surrogate, 51, 24.0, 0.3125
surrogate, 51, 24.0, 0.3125
surrogate, 51, 24.0, 0.3125
surrogate, 51, 24.0, 0.3125
surrogate, 51, 24.0, 0.3125
surrogate, 51, 24.0, 0.3125
surrogate, 51, 24.0, 0.3125
surrogate, 51, 24.0, 0.3125
surrogate, 51, 22.0, 0.0625
surrogate, 51, 22.0, 0.0625
surrogate, 51, 22.0, 0.0625
surrogate, 51, 22.0, 0.0625
surrogate, 51, 22.0, 0.0625
surrogate, 51, 22.0, 0.0625
surrogate, 51, 22.0, 0.0625
surrogate, 51, 22.0, 0.0625
surrogate, 51, 22.0, 0.0625
surrogate, 51, 22.0, 0.0625
surrogate, 51, 22.0, 0.0625
surrogate, 51, 22.0, 0.0625
surrogate, 51, 22.0, 0.0625
surrogate, 51, 22.0, 0.0625
surrogate, 51, 22.0, 0.0625
surrogate, 51, 22.0, 0.0625
surrogate, 51, 22.0, 0.0625
surrogate, 51, 22.0, 0.0625
surrogate, 51, 22.0, 0.0625
surrogate, 51, 22.0, 0.0625
surrogate, 51, 22.0, 0.0625
surrogate, 51, 22.0, 0.0625
surrogate, 51, 22.0, 0.0625
surrogate, 51, 22.0, 0.0625
surrogate, 51, 22.0, 0.0625
surrogate, 51, 22.0, 0.0625
surrogate, 51, 22.0, 0.0625
surrogate, 51, 22.0, 0.0625
surrogate, 51, 22.0, 0.0625
surrogate, 51, 22.0, 0.0625
surrogate, 51, 22.0, 0.0625
surrogate, 51, 22.0, 0.0625
surrogate, 51, 22.0, 0.0625
surrogate, 51, 22.0, 0.0625
surrogate, 51, 22.0, 0.0625
surrogate, 51, 22.0, 0.0625
surrogate, 51, 22.0, 0.0625
surrogate, 51, 22.0, 0.0625
surrogate, 51, 22.0, 0.0625
surrogate, 51, 22.0, 0.0625
surrogate, 52, 33.0, 0.875
surrogate, 52, 33.0, 0.875
surrogate, 52, 33.0, 0.875
surrogate, 52, 33.0, 0.875
surrogate, 52, 33.0, 0.875
surrogate, 52, 32.0, 0.78125
surrogate, 52, 32.0, 0.78125
surrogate, 52, 32.0, 0.78125
surrogate, 52, 32.0, 0.78125
surrogate, 52, 32.0, 0.78125
surrogate, 52, 32.0, 0.78125
surrogate, 52, 32.0, 0.78125
surrogate, 52, 32.0, 0.78125
surrogate, 52, 32.0, 0.78125
surrogate, 52, 30.0, 0.59375
surrogate, 52, 30.0, 0.59375
surrogate, 52, 30.0, 0.59375
surrogate, 52, 30.0, 0.59375
surrogate, 52, 30.0, 0.59375
surrogate, 52, 30.0, 0.59375
surrogate, 52, 30.0, 0.59375
surrogate, 52, 30.0, 0.59375
surrogate, 52, 30.0, 0.59375
surrogate, 52, 30.0, 0.59375
surrogate, 52, 30.0, 0.59375
surrogate, 52, 30.0, 0.59375
surrogate, 52, 30.0, 0.59375
surrogate, 52, 30.0, 0.59375
surrogate, 52, 30.0, 0.59375
surrogate, 52, 30.0, 0.59375
surrogate, 52, 30.0, 0.59375
surrogate, 52, 27.0, 0.5
surrogate, 52, 27.0, 0.5
surrogate, 52, 27.0, 0.5
surrogate, 52, 27.0, 0.5
surrogate, 52, 27.0, 0.5
surrogate, 52, 24.0, 0.3125
surrogate, 52, 24.0, 0.3125
surrogate, 52, 24.0, 0.3125
surrogate, 52, 24.0, 0.3125
surrogate, 52, 24.0, 0.3125
surrogate, 52, 24.0, 0.3125
surrogate, 52, 24.0, 0.3125
surrogate, 52, 24.0, 0.3125
surrogate, 52, 24.0, 0.3125
surrogate, 52, 24.0, 0.3125
surrogate, 52, 24.0, 0.3125
surrogate, 52, 24.0, 0.3125
surrogate, 52, 24.0, 0.3125
surrogate, 52, 24.0, 0.3125
surrogate, 52, 24.0, 0.3125
surrogate, 52, 24.0, 0.3125
surrogate, 52, 22.0, 0.0625
surrogate, 52, 22.0, 0.0625
surrogate, 52, 22.0, 0.0625
surrogate, 52, 22.0, 0.0625
surrogate, 52, 22.0, 0.0625
surrogate, 52, 22.0, 0.0625
surrogate, 52, 22.0, 0.0625
surrogate, 52, 22.0, 0.0625
surrogate, 52, 22.0, 0.0625
surrogate, 52, 22.0, 0.0625
surrogate, 52, 22.0, 0.0625
surrogate, 52, 22.0, 0.0625
surrogate, 52, 22.0, 0.0625
surrogate, 52, 22.0, 0.0625
surrogate, 52, 22.0, 0.0625
surrogate, 52, 22.0, 0.0625
surrogate, 52, 22.0, 0.0625
surrogate, 52, 22.0, 0.0625
surrogate, 52, 22.0, 0.0625
surrogate, 52, 22.0, 0.0625
surrogate, 52, 22.0, 0.0625
surrogate, 52, 22.0, 0.0625
surrogate, 52, 22.0, 0.0625
surrogate, 52, 22.0, 0.0625
surrogate, 52, 22.0, 0.0625
surrogate, 52, 22.0, 0.0625
surrogate, 52, 22.0, 0.0625
surrogate, 52, 22.0, 0.0625
surrogate, 52, 22.0, 0.0625
surrogate, 52, 22.0, 0.0625
surrogate, 52, 22.0, 0.0625
surrogate, 52, 22.0, 0.0625
surrogate, 52, 22.0, 0.0625
surrogate, 52, 22.0, 0.0625
surrogate, 52, 22.0, 0.0625
surrogate, 52, 22.0, 0.0625
surrogate, 52, 22.0, 0.0625
surrogate, 52, 22.0, 0.0625
surrogate, 52, 22.0, 0.0625
surrogate, 52, 22.0, 0.0625
surrogate, 52, 22.0, 0.0625
surrogate, 53, 33.0, 0.875
surrogate, 53, 33.0, 0.875
surrogate, 53, 33.0, 0.875
surrogate, 53, 33.0, 0.875
surrogate, 53, 33.0, 0.875
surrogate, 53, 32.0, 0.78125
surrogate, 53, 32.0, 0.78125
surrogate, 53, 32.0, 0.78125
surrogate, 53, 32.0, 0.78125
surrogate, 53, 32.0, 0.78125
surrogate, 53, 32.0, 0.78125
surrogate, 53, 32.0, 0.78125
surrogate, 53, 32.0, 0.78125
surrogate, 53, 32.0, 0.78125
surrogate, 53, 30.0, 0.59375
surrogate, 53, 30.0, 0.59375
surrogate, 53, 30.0, 0.59375
surrogate, 53, 30.0, 0.59375
surrogate, 53, 30.0, 0.59375
surrogate, 53, 30.0, 0.59375
surrogate, 53, 30.0, 0.59375
surrogate, 53, 30.0, 0.59375
surrogate, 53, 30.0, 0.59375
surrogate, 53, 30.0, 0.59375
surrogate, 53, 30.0, 0.59375
surrogate, 53, 30.0, 0.59375
surrogate, 53, 30.0, 0.59375
surrogate, 53, 30.0, 0.59375
surrogate, 53, 30.0, 0.59375
surrogate, 53, 30.0, 0.59375
surrogate, 53, 30.0, 0.59375
surrogate, 53, 30.0, 0.59375
surrogate, 53, 27.0, 0.5
surrogate, 53, 27.0, 0.5
surrogate, 53, 27.0, 0.5
surrogate, 53, 27.0, 0.5
surrogate, 53, 27.0, 0.5
surrogate, 53, 24.0, 0.3125
surrogate, 53, 24.0, 0.3125
surrogate, 53, 24.0, 0.3125
surrogate, 53, 24.0, 0.3125
surrogate, 53, 24.0, 0.3125
surrogate, 53, 24.0, 0.3125
surrogate, 53, 24.0, 0.3125
surrogate, 53, 24.0, 0.3125
surrogate, 53, 24.0, 0.3125
surrogate, 53, 24.0, 0.3125
surrogate, 53, 24.0, 0.3125
surrogate, 53, 24.0, 0.3125
surrogate, 53, 24.0, 0.3125
surrogate, 53, 24.0, 0.3125
surrogate, 53, 24.0, 0.3125
surrogate, 53, 24.0, 0.3125
surrogate, 53, 22.0, 0.0625
surrogate, 53, 22.0, 0.0625
surrogate, 53, 22.0, 0.0625
surrogate, 53, 22.0, 0.0625
surrogate, 53, 22.0, 0.0625
surrogate, 53, 22.0, 0.0625
surrogate, 53, 22.0, 0.0625
surrogate, 53, 22.0, 0.0625
surrogate, 53, 22.0, 0.0625
surrogate, 53, 22.0, 0.0625
surrogate, 53, 22.0, 0.0625
surrogate, 53, 22.0, 0.0625
surrogate, 53, 22.0, 0.0625
surrogate, 53, 22.0, 0.0625
surrogate, 53, 22.0, 0.0625
surrogate, 53, 22.0, 0.0625
surrogate, 53, 22.0, 0.0625
surrogate, 53, 22.0, 0.0625
surrogate, 53, 22.0, 0.0625
surrogate, 53, 22.0, 0.0625
surrogate, 53, 22.0, 0.0625
surrogate, 53, 22.0, 0.0625
surrogate, 53, 22.0, 0.0625
surrogate, 53, 22.0, 0.0625
surrogate, 53, 22.0, 0.0625
surrogate, 53, 22.0, 0.0625
surrogate, 53, 22.0, 0.0625
surrogate, 53, 22.0, 0.0625
surrogate, 53, 22.0, 0.0625
surrogate, 53, 22.0, 0.0625
surrogate, 53, 22.0, 0.0625
surrogate, 53, 22.0, 0.0625
surrogate, 53, 22.0, 0.0625
surrogate, 53, 22.0, 0.0625
surrogate, 53, 22.0, 0.0625
surrogate, 53, 22.0, 0.0625
surrogate, 53, 22.0, 0.0625
surrogate, 53, 22.0, 0.0625
surrogate, 53, 22.0, 0.0625
surrogate, 53, 22.0, 0.0625
surrogate, 53, 22.0, 0.0625
surrogate, 53, 22.0, 0.0625
surrogate, 54, 33.0, 0.875
surrogate, 54, 33.0, 0.875
surrogate, 54, 33.0, 0.875
surrogate, 54, 33.0, 0.875
surrogate, 54, 33.0, 0.875
surrogate, 54, 33.0, 0.875
surrogate, 54, 32.0, 0.78125
surrogate, 54, 32.0, 0.78125
surrogate, 54, 32.0, 0.78125
surrogate, 54, 32.0, 0.78125
surrogate, 54, 32.0, 0.78125
surrogate, 54, 32.0, 0.78125
surrogate, 54, 32.0, 0.78125
surrogate, 54, 32.0, 0.78125
surrogate, 54, 32.0, 0.78125
surrogate, 54, 32.0, 0.78125
surrogate, 54, 30.0, 0.59375
surrogate, 54, 30.0, 0.59375
surrogate, 54, 30.0, 0.59375
surrogate, 54, 30.0, 0.59375
surrogate, 54, 30.0, 0.59375
surrogate, 54, 30.0, 0.59375
surrogate, 54, 30.0, 0.59375
surrogate, 54, 30.0, 0.59375
surrogate, 54, 30.0, 0.59375
surrogate, 54, 30.0, 0.59375
surrogate, 54, 30.0, 0.59375
surrogate, 54, 30.0, 0.59375
surrogate, 54, 30.0, 0.59375
surrogate, 54, 30.0, 0.59375
surrogate, 54, 30.0, 0.59375
surrogate, 54, 30.0, 0.59375
surrogate, 54, 30.0, 0.59375
surrogate, 54, 30.0, 0.59375
surrogate, 54, 30.0, 0.59375
surrogate, 54, 29.0, 0.5625
surrogate, 54, 27.0, 0.5
surrogate, 54, 27.0, 0.5
surrogate, 54, 27.0, 0.5
surrogate, 54, 27.0, 0.5
surrogate, 54, 27.0, 0.5
surrogate, 54, 27.0, 0.5
surrogate, 54, 24.0, 0.3125
surrogate, 54, 24.0, 0.3125
surrogate, 54, 24.0, 0.3125
surrogate, 54, 24.0, 0.3125
surrogate, 54, 24.0, 0.3125
surrogate, 54, 24.0, 0.3125
surrogate, 54, 24.0, 0.3125
surrogate, 54, 24.0, 0.3125
surrogate, 54, 24.0, 0.3125
surrogate, 54, 24.0, 0.3125
surrogate, 54, 24.0, 0.3125
surrogate, 54, 24.0, 0.3125
surrogate, 54, 24.0, 0.3125
surrogate, 54, 24.0, 0.3125
surrogate, 54, 24.0, 0.3125
surrogate, 54, 24.0, 0.3125
surrogate, 54, 24.0, 0.3125
surrogate, 54, 22.0, 0.0625
surrogate, 54, 22.0, 0.0625
surrogate, 54, 22.0, 0.0625
surrogate, 54, 22.0, 0.0625
surrogate, 54, 22.0, 0.0625
surrogate, 54, 22.0, 0.0625
surrogate, 54, 22.0, 0.0625
surrogate, 54, 22.0, 0.0625
surrogate, 54, 22.0, 0.0625
surrogate, 54, 22.0, 0.0625
surrogate, 54, 22.0, 0.0625
surrogate, 54, 22.0, 0.0625
surrogate, 54, 22.0, 0.0625
surrogate, 54, 22.0, 0.0625
surrogate, 54, 22.0, 0.0625
surrogate, 54, 22.0, 0.0625
surrogate, 54, 22.0, 0.0625
surrogate, 54, 22.0, 0.0625
surrogate, 54, 22.0, 0.0625
surrogate, 54, 22.0, 0.0625
surrogate, 54, 22.0, 0.0625
surrogate, 54, 22.0, 0.0625
surrogate, 54, 22.0, 0.0625
surrogate, 54, 22.0, 0.0625
surrogate, 54, 22.0, 0.0625
surrogate, 54, 22.0, 0.0625
surrogate, 54, 22.0, 0.0625
surrogate, 54, 22.0, 0.0625
surrogate, 54, 22.0, 0.0625
surrogate, 54, 22.0, 0.0625
surrogate, 54, 22.0, 0.0625
surrogate, 54, 22.0, 0.0625
surrogate, 54, 22.0, 0.0625
surrogate, 54, 22.0, 0.0625
surrogate, 54, 22.0, 0.0625
surrogate, 54, 22.0, 0.0625
surrogate, 54, 22.0, 0.0625
surrogate, 54, 22.0, 0.0625
surrogate, 54, 22.0, 0.0625
surrogate, 54, 22.0, 0.0625
surrogate, 54, 22.0, 0.0625
surrogate, 54, 22.0, 0.0625
surrogate, 54, 22.0, 0.0625
surrogate, 55, 33.0, 0.875
surrogate, 55, 33.0, 0.875
surrogate, 55, 33.0, 0.875
surrogate, 55, 33.0, 0.875
surrogate, 55, 33.0, 0.875
surrogate, 55, 33.0, 0.875
surrogate, 55, 33.0, 0.875
surrogate, 55, 32.0, 0.78125
surrogate, 55, 32.0, 0.78125
surrogate, 55, 32.0, 0.78125
surrogate, 55, 32.0, 0.78125
surrogate, 55, 32.0, 0.78125
surrogate, 55, 32.0, 0.78125
surrogate, 55, 32.0, 0.78125
surrogate, 55, 32.0, 0.78125
surrogate, 55, 32.0, 0.78125
surrogate, 55, 32.0, 0.78125
surrogate, 55, 30.0, 0.59375
surrogate, 55, 30.0, 0.59375
surrogate, 55, 30.0, 0.59375
surrogate, 55, 30.0, 0.59375
surrogate, 55, 30.0, 0.59375
surrogate, 55, 30.0, 0.59375
surrogate, 55, 30.0, 0.59375
surrogate, 55, 30.0, 0.59375
surrogate, 55, 30.0, 0.59375
surrogate, 55, 30.0, 0.59375
surrogate, 55, 30.0, 0.59375
surrogate, 55, 30.0, 0.59375
surrogate, 55, 30.0, 0.59375
surrogate, 55, 30.0, 0.59375
surrogate, 55, 30.0, 0.59375
surrogate, 55, 30.0, 0.59375
surrogate, 55, 30.0, 0.59375
surrogate, 55, 30.0, 0.59375
surrogate, 55, 30.0, 0.59375
surrogate, 55, 29.0, 0.5625
surrogate, 55, 27.0, 0.5
surrogate, 55, 27.0, 0.5
surrogate, 55, 27.0, 0.5
surrogate, 55, 27.0, 0.5
surrogate, 55, 27.0, 0.5
surrogate, 55, 27.0, 0.5
surrogate, 55, 24.0, 0.3125
surrogate, 55, 24.0, 0.3125
surrogate, 55, 24.0, 0.3125
surrogate, 55, 24.0, 0.3125
surrogate, 55, 24.0, 0.3125
surrogate, 55, 24.0, 0.3125
surrogate, 55, 24.0, 0.3125
surrogate, 55, 24.0, 0.3125
surrogate, 55, 24.0, 0.3125
surrogate, 55, 24.0, 0.3125
surrogate, 55, 24.0, 0.3125
surrogate, 55, 24.0, 0.3125
surrogate, 55, 24.0, 0.3125
surrogate, 55, 24.0, 0.3125
surrogate, 55, 24.0, 0.3125
surrogate, 55, 24.0, 0.3125
surrogate, 55, 24.0, 0.3125
surrogate, 55, 22.0, 0.0625
surrogate, 55, 22.0, 0.0625
surrogate, 55, 22.0, 0.0625
surrogate, 55, 22.0, 0.0625
surrogate, 55, 22.0, 0.0625
surrogate, 55, 22.0, 0.0625
surrogate, 55, 22.0, 0.0625
surrogate, 55, 22.0, 0.0625
surrogate, 55, 22.0, 0.0625
surrogate, 55, 22.0, 0.0625
surrogate, 55, 22.0, 0.0625
surrogate, 55, 22.0, 0.0625
surrogate, 55, 22.0, 0.0625
surrogate, 55, 22.0, 0.0625
surrogate, 55, 22.0, 0.0625
surrogate, 55, 22.0, 0.0625
surrogate, 55, 22.0, 0.0625
surrogate, 55, 22.0, 0.0625
surrogate, 55, 22.0, 0.0625
surrogate, 55, 22.0, 0.0625
surrogate, 55, 22.0, 0.0625
surrogate, 55, 22.0, 0.0625
surrogate, 55, 22.0, 0.0625
surrogate, 55, 22.0, 0.0625
surrogate, 55, 22.0, 0.0625
surrogate, 55, 22.0, 0.0625
surrogate, 55, 22.0, 0.0625
surrogate, 55, 22.0, 0.0625
surrogate, 55, 22.0, 0.0625
surrogate, 55, 22.0, 0.0625
surrogate, 55, 22.0, 0.0625
surrogate, 55, 22.0, 0.0625
surrogate, 55, 22.0, 0.0625
surrogate, 55, 22.0, 0.0625
surrogate, 55, 22.0, 0.0625
surrogate, 55, 22.0, 0.0625
surrogate, 55, 22.0, 0.0625
surrogate, 55, 22.0, 0.0625
surrogate, 55, 22.0, 0.0625
surrogate, 55, 22.0, 0.0625
surrogate, 55, 22.0, 0.0625
surrogate, 55, 22.0, 0.0625
surrogate, 55, 22.0, 0.0625
surrogate, 56, 33.0, 0.875
surrogate, 56, 33.0, 0.875
surrogate, 56, 33.0, 0.875
surrogate, 56, 33.0, 0.875
surrogate, 56, 33.0, 0.875
surrogate, 56, 33.0, 0.875
surrogate, 56, 33.0, 0.875
surrogate, 56, 32.0, 0.78125
surrogate, 56, 32.0, 0.78125
surrogate, 56, 32.0, 0.78125
surrogate, 56, 32.0, 0.78125
surrogate, 56, 32.0, 0.78125
surrogate, 56, 32.0, 0.78125
surrogate, 56, 32.0, 0.78125
surrogate, 56, 32.0, 0.78125
surrogate, 56, 32.0, 0.78125
surrogate, 56, 32.0, 0.78125
surrogate, 56, 32.0, 0.78125
surrogate, 56, 30.0, 0.59375
surrogate, 56, 30.0, 0.59375
surrogate, 56, 30.0, 0.59375
surrogate, 56, 30.0, 0.59375
surrogate, 56, 30.0, 0.59375
surrogate, 56, 30.0, 0.59375
surrogate, 56, 30.0, 0.59375
surrogate, 56, 30.0, 0.59375
surrogate, 56, 30.0, 0.59375
surrogate, 56, 30.0, 0.59375
surrogate, 56, 30.0, 0.59375
surrogate, 56, 30.0, 0.59375
surrogate, 56, 30.0, 0.59375
surrogate, 56, 30.0, 0.59375
surrogate, 56, 30.0, 0.59375
surrogate, 56, 30.0, 0.59375
surrogate, 56, 30.0, 0.59375
surrogate, 56, 30.0, 0.59375
surrogate, 56, 30.0, 0.59375
surrogate, 56, 29.0, 0.5625
surrogate, 56, 29.0, 0.5625
surrogate, 56, 27.0, 0.5
surrogate, 56, 27.0, 0.5
surrogate, 56, 27.0, 0.5
surrogate, 56, 27.0, 0.5
surrogate, 56, 27.0, 0.5
surrogate, 56, 27.0, 0.5
surrogate, 56, 27.0, 0.5
surrogate, 56, 24.0, 0.3125
surrogate, 56, 24.0, 0.3125
surrogate, 56, 24.0, 0.3125
surrogate, 56, 24.0, 0.3125
surrogate, 56, 24.0, 0.3125
surrogate, 56, 24.0, 0.3125
surrogate, 56, 24.0, 0.3125
surrogate, 56, 24.0, 0.3125
surrogate, 56, 24.0, 0.3125
surrogate, 56, 24.0, 0.3125
surrogate, 56, 24.0, 0.3125
surrogate, 56, 24.0, 0.3125
surrogate, 56, 24.0, 0.3125
surrogate, 56, 24.0, 0.3125
surrogate, 56, 24.0, 0.3125
surrogate, 56, 24.0, 0.3125
surrogate, 56, 24.0, 0.3125
surrogate, 56, 22.0, 0.0625
surrogate, 56, 22.0, 0.0625
surrogate, 56, 22.0, 0.0625
surrogate, 56, 22.0, 0.0625
surrogate, 56, 22.0, 0.0625
surrogate, 56, 22.0, 0.0625
surrogate, 56, 22.0, 0.0625
surrogate, 56, 22.0, 0.0625
surrogate, 56, 22.0, 0.0625
surrogate, 56, 22.0, 0.0625
surrogate, 56, 22.0, 0.0625
surrogate, 56, 22.0, 0.0625
surrogate, 56, 22.0, 0.0625
surrogate, 56, 22.0, 0.0625
surrogate, 56, 22.0, 0.0625
surrogate, 56, 22.0, 0.0625
surrogate, 56, 22.0, 0.0625
surrogate, 56, 22.0, 0.0625
surrogate, 56, 22.0, 0.0625
surrogate, 56, 22.0, 0.0625
surrogate, 56, 22.0, 0.0625
surrogate, 56, 22.0, 0.0625
surrogate, 56, 22.0, 0.0625
surrogate, 56, 22.0, 0.0625
surrogate, 56, 22.0, 0.0625
surrogate, 56, 22.0, 0.0625
surrogate, 56, 22.0, 0.0625
surrogate, 56, 22.0, 0.0625
surrogate, 56, 22.0, 0.0625
surrogate, 56, 22.0, 0.0625
surrogate, 56, 22.0, 0.0625
surrogate, 56, 22.0, 0.0625
surrogate, 56, 22.0, 0.0625
surrogate, 56, 22.0, 0.0625
surrogate, 56, 22.0, 0.0625
surrogate, 56, 22.0, 0.0625
surrogate, 56, 22.0, 0.0625
surrogate, 56, 22.0, 0.0625
surrogate, 56, 22.0, 0.0625
surrogate, 56, 22.0, 0.0625
surrogate, 56, 22.0, 0.0625
surrogate, 56, 22.0, 0.0625
surrogate, 56, 22.0, 0.0625
surrogate, 57, 33.0, 0.875
surrogate, 57, 33.0, 0.875
surrogate, 57, 33.0, 0.875
surrogate, 57, 33.0, 0.875
surrogate, 57, 33.0, 0.875
surrogate, 57, 33.0, 0.875
surrogate, 57, 33.0, 0.875
surrogate, 57, 32.0, 0.78125
surrogate, 57, 32.0, 0.78125
surrogate, 57, 32.0, 0.78125
surrogate, 57, 32.0, 0.78125
surrogate, 57, 32.0, 0.78125
surrogate, 57, 32.0, 0.78125
surrogate, 57, 32.0, 0.78125
surrogate, 57, 32.0, 0.78125
surrogate, 57, 32.0, 0.78125
surrogate, 57, 32.0, 0.78125
surrogate, 57, 32.0, 0.78125
surrogate, 57, 32.0, 0.78125
surrogate, 57, 30.0, 0.59375
surrogate, 57, 30.0, 0.59375
surrogate, 57, 30.0, 0.59375
surrogate, 57, 30.0, 0.59375
surrogate, 57, 30.0, 0.59375
surrogate, 57, 30.0, 0.59375
surrogate, 57, 30.0, 0.59375
surrogate, 57, 30.0, 0.59375
surrogate, 57, 30.0, 0.59375
surrogate, 57, 30.0, 0.59375
surrogate, 57, 30.0, 0.59375
surrogate, 57, 30.0, 0.59375
surrogate, 57, 30.0, 0.59375
surrogate, 57, 30.0, 0.59375
surrogate, 57, 30.0, 0.59375
surrogate, 57, 30.0, 0.59375
surrogate, 57, 30.0, 0.59375
surrogate, 57, 30.0, 0.59375
surrogate, 57, 30.0, 0.59375
surrogate, 57, 30.0, 0.59375
surrogate, 57, 29.0, 0.5625
surrogate, 57, 29.0, 0.5625
surrogate, 57, 29.0, 0.5625
surrogate, 57, 27.0, 0.5
surrogate, 57, 27.0, 0.5
surrogate, 57, 27.0, 0.5
surrogate, 57, 27.0, 0.5
surrogate, 57, 27.0, 0.5
surrogate, 57, 27.0, 0.5
surrogate, 57, 27.0, 0.5
surrogate, 57, 24.0, 0.3125
surrogate, 57, 24.0, 0.3125
surrogate, 57, 24.0, 0.3125
surrogate, 57, 24.0, 0.3125
surrogate, 57, 24.0, 0.3125
surrogate, 57, 24.0, 0.3125
surrogate, 57, 24.0, 0.3125
surrogate, 57, 24.0, 0.3125
surrogate, 57, 24.0, 0.3125
surrogate, 57, 24.0, 0.3125
surrogate, 57, 24.0, 0.3125
surrogate, 57, 24.0, 0.3125
surrogate, 57, 24.0, 0.3125
surrogate, 57, 24.0, 0.3125
surrogate, 57, 24.0, 0.3125
surrogate, 57, 24.0, 0.3125
surrogate, 57, 24.0, 0.3125
surrogate, 57, 24.0, 0.3125
surrogate, 57, 22.0, 0.0625
surrogate, 57, 22.0, 0.0625
surrogate, 57, 22.0, 0.0625
surrogate, 57, 22.0, 0.0625
surrogate, 57, 22.0, 0.0625
surrogate, 57, 22.0, 0.0625
surrogate, 57, 22.0, 0.0625
surrogate, 57, 22.0, 0.0625
surrogate, 57, 22.0, 0.0625
surrogate, 57, 22.0, 0.0625
surrogate, 57, 22.0, 0.0625
surrogate, 57, 22.0, 0.0625
surrogate, 57, 22.0, 0.0625
surrogate, 57, 22.0, 0.0625
surrogate, 57, 22.0, 0.0625
surrogate, 57, 22.0, 0.0625
surrogate, 57, 22.0, 0.0625
surrogate, 57, 22.0, 0.0625
surrogate, 57, 22.0, 0.0625
surrogate, 57, 22.0, 0.0625
surrogate, 57, 22.0, 0.0625
surrogate, 57, 22.0, 0.0625
surrogate, 57, 22.0, 0.0625
surrogate, 57, 22.0, 0.0625
surrogate, 57, 22.0, 0.0625
surrogate, 57, 22.0, 0.0625
surrogate, 57, 22.0, 0.0625
surrogate, 57, 22.0, 0.0625
surrogate, 57, 22.0, 0.0625
surrogate, 57, 22.0, 0.0625
surrogate, 57, 22.0, 0.0625
surrogate, 57, 22.0, 0.0625
surrogate, 57, 22.0, 0.0625
surrogate, 57, 22.0, 0.0625
surrogate, 57, 22.0, 0.0625
surrogate, 57, 22.0, 0.0625
surrogate, 57, 22.0, 0.0625
surrogate, 57, 22.0, 0.0625
surrogate, 57, 22.0, 0.0625
surrogate, 57, 22.0, 0.0625
surrogate, 57, 22.0, 0.0625
surrogate, 57, 22.0, 0.0625
surrogate, 57, 22.0, 0.0625
surrogate, 58, 33.0, 0.875
surrogate, 58, 33.0, 0.875
surrogate, 58, 33.0, 0.875
surrogate, 58, 33.0, 0.875
surrogate, 58, 33.0, 0.875
surrogate, 58, 33.0, 0.875
surrogate, 58, 33.0, 0.875
surrogate, 58, 33.0, 0.875
surrogate, 58, 32.0, 0.78125
surrogate, 58, 32.0, 0.78125
surrogate, 58, 32.0, 0.78125
surrogate, 58, 32.0, 0.78125
surrogate, 58, 32.0, 0.78125
surrogate, 58, 32.0, 0.78125
surrogate, 58, 32.0, 0.78125
surrogate, 58, 32.0, 0.78125
surrogate, 58, 32.0, 0.78125
surrogate, 58, 32.0, 0.78125
surrogate, 58, 32.0, 0.78125
surrogate, 58, 32.0, 0.78125
surrogate, 58, 32.0, 0.78125
surrogate, 58, 30.0, 0.59375
surrogate, 58, 30.0, 0.59375
surrogate, 58, 30.0, 0.59375
surrogate, 58, 30.0, 0.59375
surrogate, 58, 30.0, 0.59375
surrogate, 58, 30.0, 0.59375
surrogate, 58, 30.0, 0.59375
surrogate, 58, 30.0, 0.59375
surrogate, 58, 30.0, 0.59375
surrogate, 58, 30.0, 0.59375
surrogate, 58, 30.0, 0.59375
surrogate, 58, 30.0, 0.59375
surrogate, 58, 30.0, 0.59375
surrogate, 58, 30.0, 0.59375
surrogate, 58, 30.0, 0.59375
surrogate, 58, 30.0, 0.59375
surrogate, 58, 30.0, 0.59375
surrogate, 58, 30.0, 0.59375
surrogate, 58, 30.0, 0.59375
surrogate, 58, 30.0, 0.59375
surrogate, 58, 29.0, 0.5625
surrogate, 58, 29.0, 0.5625
surrogate, 58, 29.0, 0.5625
surrogate, 58, 29.0, 0.5625
surrogate, 58, 27.0, 0.5
surrogate, 58, 27.0, 0.5
surrogate, 58, 27.0, 0.5
surrogate, 58, 27.0, 0.5
surrogate, 58, 27.0, 0.5
surrogate, 58, 27.0, 0.5
surrogate, 58, 27.0, 0.5
surrogate, 58, 24.0, 0.3125
surrogate, 58, 24.0, 0.3125
surrogate, 58, 24.0, 0.3125
surrogate, 58, 24.0, 0.3125
surrogate, 58, 24.0, 0.3125
surrogate, 58, 24.0, 0.3125
surrogate, 58, 24.0, 0.3125
surrogate, 58, 24.0, 0.3125
surrogate, 58, 24.0, 0.3125
surrogate, 58, 24.0, 0.3125
surrogate, 58, 24.0, 0.3125
surrogate, 58, 24.0, 0.3125
surrogate, 58, 24.0, 0.3125
surrogate, 58, 24.0, 0.3125
surrogate, 58, 24.0, 0.3125
surrogate, 58, 24.0, 0.3125
surrogate, 58, 24.0, 0.3125
surrogate, 58, 24.0, 0.3125
surrogate, 58, 22.0, 0.0625
surrogate, 58, 22.0, 0.0625
surrogate, 58, 22.0, 0.0625
surrogate, 58, 22.0, 0.0625
surrogate, 58, 22.0, 0.0625
surrogate, 58, 22.0, 0.0625
surrogate, 58, 22.0, 0.0625
surrogate, 58, 22.0, 0.0625
surrogate, 58, 22.0, 0.0625
surrogate, 58, 22.0, 0.0625
surrogate, 58, 22.0, 0.0625
surrogate, 58, 22.0, 0.0625
surrogate, 58, 22.0, 0.0625
surrogate, 58, 22.0, 0.0625
surrogate, 58, 22.0, 0.0625
surrogate, 58, 22.0, 0.0625
surrogate, 58, 22.0, 0.0625
surrogate, 58, 22.0, 0.0625
surrogate, 58, 22.0, 0.0625
surrogate, 58, 22.0, 0.0625
surrogate, 58, 22.0, 0.0625
surrogate, 58, 22.0, 0.0625
surrogate, 58, 22.0, 0.0625
surrogate, 58, 22.0, 0.0625
surrogate, 58, 22.0, 0.0625
surrogate, 58, 22.0, 0.0625
surrogate, 58, 22.0, 0.0625
surrogate, 58, 22.0, 0.0625
surrogate, 58, 22.0, 0.0625
surrogate, 58, 22.0, 0.0625
surrogate, 58, 22.0, 0.0625
surrogate, 58, 22.0, 0.0625
surrogate, 58, 22.0, 0.0625
surrogate, 58, 22.0, 0.0625
surrogate, 58, 22.0, 0.0625
surrogate, 58, 22.0, 0.0625
surrogate, 58, 22.0, 0.0625
surrogate, 58, 22.0, 0.0625
surrogate, 58, 22.0, 0.0625
surrogate, 58, 22.0, 0.0625
surrogate, 58, 22.0, 0.0625
surrogate, 58, 22.0, 0.0625
surrogate, 58, 22.0, 0.0625
surrogate, 58, 22.0, 0.0625
surrogate, 59, 33.0, 0.875
surrogate, 59, 33.0, 0.875
surrogate, 59, 33.0, 0.875
surrogate, 59, 33.0, 0.875
surrogate, 59, 33.0, 0.875
surrogate, 59, 33.0, 0.875
surrogate, 59, 33.0, 0.875
surrogate, 59, 33.0, 0.875
surrogate, 59, 32.0, 0.78125
surrogate, 59, 32.0, 0.78125
surrogate, 59, 32.0, 0.78125
surrogate, 59, 32.0, 0.78125
surrogate, 59, 32.0, 0.78125
surrogate, 59, 32.0, 0.78125
surrogate, 59, 32.0, 0.78125
surrogate, 59, 32.0, 0.78125
surrogate, 59, 32.0, 0.78125
surrogate, 59, 32.0, 0.78125
surrogate, 59, 32.0, 0.78125
surrogate, 59, 32.0, 0.78125
surrogate, 59, 32.0, 0.78125
surrogate, 59, 32.0, 0.78125
surrogate, 59, 30.0, 0.59375
surrogate, 59, 30.0, 0.59375
surrogate, 59, 30.0, 0.59375
surrogate, 59, 30.0, 0.59375
surrogate, 59, 30.0, 0.59375
surrogate, 59, 30.0, 0.59375
surrogate, 59, 30.0, 0.59375
surrogate, 59, 30.0, 0.59375
surrogate, 59, 30.0, 0.59375
surrogate, 59, 30.0, 0.59375
surrogate, 59, 30.0, 0.59375
surrogate, 59, 30.0, 0.59375
surrogate, 59, 30.0, 0.59375
surrogate, 59, 30.0, 0.59375
surrogate, 59, 30.0, 0.59375
surrogate, 59, 30.0, 0.59375
surrogate, 59, 30.0, 0.59375
surrogate, 59, 30.0, 0.59375
surrogate, 59, 30.0, 0.59375
surrogate, 59, 30.0, 0.59375
surrogate, 59, 30.0, 0.59375
surrogate, 59, 29.0, 0.5625
surrogate, 59, 29.0, 0.5625
surrogate, 59, 29.0, 0.5625
surrogate, 59, 29.0, 0.5625
surrogate, 59, 29.0, 0.5625
surrogate, 59, 27.0, 0.5
surrogate, 59, 27.0, 0.5
surrogate, 59, 27.0, 0.5
surrogate, 59, 27.0, 0.5
surrogate, 59, 27.0, 0.5
surrogate, 59, 27.0, 0.5
surrogate, 59, 27.0, 0.5
surrogate, 59, 27.0, 0.5
surrogate, 59, 24.0, 0.3125
surrogate, 59, 24.0, 0.3125
surrogate, 59, 24.0, 0.3125
surrogate, 59, 24.0, 0.3125
surrogate, 59, 24.0, 0.3125
surrogate, 59, 24.0, 0.3125
surrogate, 59, 24.0, 0.3125
surrogate, 59, 24.0, 0.3125
surrogate, 59, 24.0, 0.3125
surrogate, 59, 24.0, 0.3125
surrogate, 59, 24.0, 0.3125
surrogate, 59, 24.0, 0.3125
surrogate, 59, 24.0, 0.3125
surrogate, 59, 24.0, 0.3125
surrogate, 59, 24.0, 0.3125
surrogate, 59, 24.0, 0.3125
surrogate, 59, 24.0, 0.3125
surrogate, 59, 24.0, 0.3125
surrogate, 59, 22.0, 0.0625
surrogate, 59, 22.0, 0.0625
surrogate, 59, 22.0, 0.0625
surrogate, 59, 22.0, 0.0625
surrogate, 59, 22.0, 0.0625
surrogate, 59, 22.0, 0.0625
surrogate, 59, 22.0, 0.0625
surrogate, 59, 22.0, 0.0625
surrogate, 59, 22.0, 0.0625
surrogate, 59, 22.0, 0.0625
surrogate, 59, 22.0, 0.0625
surrogate, 59, 22.0, 0.0625
surrogate, 59, 22.0, 0.0625
surrogate, 59, 22.0, 0.0625
surrogate, 59, 22.0, 0.0625
surrogate, 59, 22.0, 0.0625
surrogate, 59, 22.0, 0.0625
surrogate, 59, 22.0, 0.0625
surrogate, 59, 22.0, 0.0625
surrogate, 59, 22.0, 0.0625
surrogate, 59, 22.0, 0.0625
surrogate, 59, 22.0, 0.0625
surrogate, 59, 22.0, 0.0625
surrogate, 59, 22.0, 0.0625
surrogate, 59, 22.0, 0.0625
surrogate, 59, 22.0, 0.0625
surrogate, 59, 22.0, 0.0625
surrogate, 59, 22.0, 0.0625
surrogate, 59, 22.0, 0.0625
surrogate, 59, 22.0, 0.0625
surrogate, 59, 22.0, 0.0625
surrogate, 59, 22.0, 0.0625
surrogate, 59, 22.0, 0.0625
surrogate, 59, 22.0, 0.0625
surrogate, 59, 22.0, 0.0625
surrogate, 59, 22.0, 0.0625
surrogate, 59, 22.0, 0.0625
surrogate, 59, 22.0, 0.0625
surrogate, 59, 22.0, 0.0625
surrogate, 59, 22.0, 0.0625
surrogate, 59, 22.0, 0.0625
surrogate, 59, 22.0, 0.0625
surrogate, 59, 22.0, 0.0625
surrogate, 59, 22.0, 0.0625
surrogate, 59, 22.0, 0.0625
surrogate, 60, 33.0, 0.875
surrogate, 60, 33.0, 0.875
surrogate, 60, 33.0, 0.875
surrogate, 60, 33.0, 0.875
surrogate, 60, 33.0, 0.875
surrogate, 60, 33.0, 0.875
surrogate, 60, 33.0, 0.875
surrogate, 60, 33.0, 0.875
surrogate, 60, 32.0, 0.78125
surrogate, 60, 32.0, 0.78125
surrogate, 60, 32.0, 0.78125
surrogate, 60, 32.0, 0.78125
surrogate, 60, 32.0, 0.78125
surrogate, 60, 32.0, 0.78125
surrogate, 60, 32.0, 0.78125
surrogate, 60, 32.0, 0.78125
surrogate, 60, 32.0, 0.78125
surrogate, 60, 32.0, 0.78125
surrogate, 60, 32.0, 0.78125
surrogate, 60, 32.0, 0.78125
surrogate, 60, 32.0, 0.78125
surrogate, 60, 32.0, 0.78125
surrogate, 60, 32.0, 0.78125
surrogate, 60, 30.0, 0.59375
surrogate, 60, 30.0, 0.59375
surrogate, 60, 30.0, 0.59375
surrogate, 60, 30.0, 0.59375
surrogate, 60, 30.0, 0.59375
surrogate, 60, 30.0, 0.59375
surrogate, 60, 30.0, 0.59375
surrogate, 60, 30.0, 0.59375
surrogate, 60, 30.0, 0.59375
surrogate, 60, 30.0, 0.59375
surrogate, 60, 30.0, 0.59375
surrogate, 60, 30.0, 0.59375
surrogate, 60, 30.0, 0.59375
surrogate, 60, 30.0, 0.59375
surrogate, 60, 30.0, 0.59375
surrogate, 60, 30.0, 0.59375
surrogate, 60, 30.0, 0.59375
surrogate, 60, 30.0, 0.59375
surrogate, 60, 30.0, 0.59375
surrogate, 60, 30.0, 0.59375
surrogate, 60, 30.0, 0.59375
surrogate, 60, 30.0, 0.59375
surrogate, 60, 29.0, 0.5625
surrogate, 60, 29.0, 0.5625
surrogate, 60, 29.0, 0.5625
surrogate, 60, 29.0, 0.5625
surrogate, 60, 29.0, 0.5625
surrogate, 60, 29.0, 0.5625
surrogate, 60, 27.0, 0.5
surrogate, 60, 27.0, 0.5
surrogate, 60, 27.0, 0.5
surrogate, 60, 27.0, 0.5
surrogate, 60, 27.0, 0.5
surrogate, 60, 27.0, 0.5
surrogate, 60, 27.0, 0.5
surrogate, 60, 27.0, 0.5
surrogate, 60, 24.0, 0.3125
surrogate, 60, 24.0, 0.3125
surrogate, 60, 24.0, 0.3125
surrogate, 60, 24.0, 0.3125
surrogate, 60, 24.0, 0.3125
surrogate, 60, 24.0, 0.3125
surrogate, 60, 24.0, 0.3125
surrogate, 60, 24.0, 0.3125
surrogate, 60, 24.0, 0.3125
surrogate, 60, 24.0, 0.3125
surrogate, 60, 24.0, 0.3125
surrogate, 60, 24.0, 0.3125
surrogate, 60, 24.0, 0.3125
surrogate, 60, 24.0, 0.3125
surrogate, 60, 24.0, 0.3125
surrogate, 60, 24.0, 0.3125
surrogate, 60, 24.0, 0.3125
surrogate, 60, 24.0, 0.3125
surrogate, 60, 24.0, 0.3125
surrogate, 60, 22.0, 0.0625
surrogate, 60, 22.0, 0.0625
surrogate, 60, 22.0, 0.0625
surrogate, 60, 22.0, 0.0625
surrogate, 60, 22.0, 0.0625
surrogate, 60, 22.0, 0.0625
surrogate, 60, 22.0, 0.0625
surrogate, 60, 22.0, 0.0625
surrogate, 60, 22.0, 0.0625
surrogate, 60, 22.0, 0.0625
surrogate, 60, 22.0, 0.0625
surrogate, 60, 22.0, 0.0625
surrogate, 60, 22.0, 0.0625
surrogate, 60, 22.0, 0.0625
surrogate, 60, 22.0, 0.0625
surrogate, 60, 22.0, 0.0625
surrogate, 60, 22.0, 0.0625
surrogate, 60, 22.0, 0.0625
surrogate, 60, 22.0, 0.0625
surrogate, 60, 22.0, 0.0625
surrogate, 60, 22.0, 0.0625
surrogate, 60, 22.0, 0.0625
surrogate, 60, 22.0, 0.0625
surrogate, 60, 22.0, 0.0625
surrogate, 60, 22.0, 0.0625
surrogate, 60, 22.0, 0.0625
surrogate, 60, 22.0, 0.0625
surrogate, 60, 22.0, 0.0625
surrogate, 60, 22.0, 0.0625
surrogate, 60, 22.0, 0.0625
surrogate, 60, 22.0, 0.0625
surrogate, 60, 22.0, 0.0625
surrogate, 60, 22.0, 0.0625
surrogate, 60, 22.0, 0.0625
surrogate, 60, 22.0, 0.0625
surrogate, 60, 22.0, 0.0625
surrogate, 60, 22.0, 0.0625
surrogate, 60, 22.0, 0.0625
surrogate, 60, 22.0, 0.0625
surrogate, 60, 22.0, 0.0625
surrogate, 60, 22.0, 0.0625
surrogate, 60, 22.0, 0.0625
surrogate, 60, 22.0, 0.0625
surrogate, 60, 22.0, 0.0625
surrogate, 60, 22.0, 0.0625
surrogate, 61, 33.0, 0.875
surrogate, 61, 33.0, 0.875
surrogate, 61, 33.0, 0.875
surrogate, 61, 33.0, 0.875
surrogate, 61, 33.0, 0.875
surrogate, 61, 33.0, 0.875
surrogate, 61, 33.0, 0.875
surrogate, 61, 33.0, 0.875
surrogate, 61, 33.0, 0.875
surrogate, 61, 32.0, 0.78125
surrogate, 61, 32.0, 0.78125
surrogate, 61, 32.0, 0.78125
surrogate, 61, 32.0, 0.78125
surrogate, 61, 32.0, 0.78125
surrogate, 61, 32.0, 0.78125
surrogate, 61, 32.0, 0.78125
surrogate, 61, 32.0, 0.78125
surrogate, 61, 32.0, 0.78125
surrogate, 61, 32.0, 0.78125
surrogate, 61, 32.0, 0.78125
surrogate, 61, 32.0, 0.78125
surrogate, 61, 32.0, 0.78125
surrogate, 61, 32.0, 0.78125
surrogate, 61, 32.0, 0.78125
surrogate, 61, 30.0, 0.59375
surrogate, 61, 30.0, 0.59375
surrogate, 61, 30.0, 0.59375
surrogate, 61, 30.0, 0.59375
surrogate, 61, 30.0, 0.59375
surrogate, 61, 30.0, 0.59375
surrogate, 61, 30.0, 0.59375
surrogate, 61, 30.0, 0.59375
surrogate, 61, 30.0, 0.59375
surrogate, 61, 30.0, 0.59375
surrogate, 61, 30.0, 0.59375
surrogate, 61, 30.0, 0.59375
surrogate, 61, 30.0, 0.59375
surrogate, 61, 30.0, 0.59375
surrogate, 61, 30.0, 0.59375
surrogate, 61, 30.0, 0.59375
surrogate, 61, 30.0, 0.59375
surrogate, 61, 30.0, 0.59375
surrogate, 61, 30.0, 0.59375
surrogate, 61, 30.0, 0.59375
surrogate, 61, 30.0, 0.59375
surrogate, 61, 30.0, 0.59375
surrogate, 61, 30.0, 0.59375
surrogate, 61, 29.0, 0.5625
surrogate, 61, 29.0, 0.5625
surrogate, 61, 29.0, 0.5625
surrogate, 61, 29.0, 0.5625
surrogate, 61, 29.0, 0.5625
surrogate, 61, 29.0, 0.5625
surrogate, 61, 27.0, 0.5
surrogate, 61, 27.0, 0.5
surrogate, 61, 27.0, 0.5
surrogate, 61, 27.0, 0.5
surrogate, 61, 27.0, 0.5
surrogate, 61, 27.0, 0.5
surrogate, 61, 27.0, 0.5
surrogate, 61, 27.0, 0.5
surrogate, 61, 27.0, 0.5
surrogate, 61, 24.0, 0.3125
surrogate, 61, 24.0, 0.3125
surrogate, 61, 24.0, 0.3125
surrogate, 61, 24.0, 0.3125
surrogate, 61, 24.0, 0.3125
surrogate, 61, 24.0, 0.3125
surrogate, 61, 24.0, 0.3125
surrogate, 61, 24.0, 0.3125
surrogate, 61, 24.0, 0.3125
surrogate, 61, 24.0, 0.3125
surrogate, 61, 24.0, 0.3125
surrogate, 61, 24.0, 0.3125
surrogate, 61, 24.0, 0.3125
surrogate, 61, 24.0, 0.3125
surrogate, 61, 24.0, 0.3125
surrogate, 61, 24.0, 0.3125
surrogate, 61, 24.0, 0.3125
surrogate, 61, 24.0, 0.3125
surrogate, 61, 24.0, 0.3125
surrogate, 61, 24.0, 0.3125
surrogate, 61, 22.0, 0.0625
surrogate, 61, 22.0, 0.0625
surrogate, 61, 22.0, 0.0625
surrogate, 61, 22.0, 0.0625
surrogate, 61, 22.0, 0.0625
surrogate, 61, 22.0, 0.0625
surrogate, 61, 22.0, 0.0625
surrogate, 61, 22.0, 0.0625
surrogate, 61, 22.0, 0.0625
surrogate, 61, 22.0, 0.0625
surrogate, 61, 22.0, 0.0625
surrogate, 61, 22.0, 0.0625
surrogate, 61, 22.0, 0.0625
surrogate, 61, 22.0, 0.0625
surrogate, 61, 22.0, 0.0625
surrogate, 61, 22.0, 0.0625
surrogate, 61, 22.0, 0.0625
surrogate, 61, 22.0, 0.0625
surrogate, 61, 22.0, 0.0625
surrogate, 61, 22.0, 0.0625
surrogate, 61, 22.0, 0.0625
surrogate, 61, 22.0, 0.0625
surrogate, 61, 22.0, 0.0625
surrogate, 61, 22.0, 0.0625
surrogate, 61, 22.0, 0.0625
surrogate, 61, 22.0, 0.0625
surrogate, 61, 22.0, 0.0625
surrogate, 61, 22.0, 0.0625
surrogate, 61, 22.0, 0.0625
surrogate, 61, 22.0, 0.0625
surrogate, 61, 22.0, 0.0625
surrogate, 61, 22.0, 0.0625
surrogate, 61, 22.0, 0.0625
surrogate, 61, 22.0, 0.0625
surrogate, 61, 22.0, 0.0625
surrogate, 61, 22.0, 0.0625
surrogate, 61, 22.0, 0.0625
surrogate, 61, 22.0, 0.0625
surrogate, 61, 22.0, 0.0625
surrogate, 61, 22.0, 0.0625
surrogate, 61, 22.0, 0.0625
surrogate, 61, 22.0, 0.0625
surrogate, 61, 22.0, 0.0625
surrogate, 61, 22.0, 0.0625
surrogate, 61, 22.0, 0.0625
surrogate, 61, 22.0, 0.0625
surrogate, 62, 33.0, 0.875
surrogate, 62, 33.0, 0.875
surrogate, 62, 33.0, 0.875
surrogate, 62, 33.0, 0.875
surrogate, 62, 33.0, 0.875
surrogate, 62, 33.0, 0.875
surrogate, 62, 33.0, 0.875
surrogate, 62, 33.0, 0.875
surrogate, 62, 33.0, 0.875
surrogate, 62, 33.0, 0.875
surrogate, 62, 32.0, 0.78125
surrogate, 62, 32.0, 0.78125
surrogate, 62, 32.0, 0.78125
surrogate, 62, 32.0, 0.78125
surrogate, 62, 32.0, 0.78125
surrogate, 62, 32.0, 0.78125
surrogate, 62, 32.0, 0.78125
surrogate, 62, 32.0, 0.78125
surrogate, 62, 32.0, 0.78125
surrogate, 62, 32.0, 0.78125
surrogate, 62, 32.0, 0.78125
surrogate, 62, 32.0, 0.78125
surrogate, 62, 32.0, 0.78125
surrogate, 62, 32.0, 0.78125
surrogate, 62, 32.0, 0.78125
surrogate, 62, 30.0, 0.59375
surrogate, 62, 30.0, 0.59375
surrogate, 62, 30.0, 0.59375
surrogate, 62, 30.0, 0.59375
surrogate, 62, 30.0, 0.59375
surrogate, 62, 30.0, 0.59375
surrogate, 62, 30.0, 0.59375
surrogate, 62, 30.0, 0.59375
surrogate, 62, 30.0, 0.59375
surrogate, 62, 30.0, 0.59375
surrogate, 62, 30.0, 0.59375
surrogate, 62, 30.0, 0.59375
surrogate, 62, 30.0, 0.59375
surrogate, 62, 30.0, 0.59375
surrogate, 62, 30.0, 0.59375
surrogate, 62, 30.0, 0.59375
surrogate, 62, 30.0, 0.59375
surrogate, 62, 30.0, 0.59375
surrogate, 62, 30.0, 0.59375
surrogate, 62, 30.0, 0.59375
surrogate, 62, 30.0, 0.59375
surrogate, 62, 30.0, 0.59375
surrogate, 62, 30.0, 0.59375
surrogate, 62, 29.0, 0.5625
surrogate, 62, 29.0, 0.5625
surrogate, 62, 29.0, 0.5625
surrogate, 62, 29.0, 0.5625
surrogate, 62, 29.0, 0.5625
surrogate, 62, 29.0, 0.5625
surrogate, 62, 29.0, 0.5625
surrogate, 62, 27.0, 0.5
surrogate, 62, 27.0, 0.5
surrogate, 62, 27.0, 0.5
surrogate, 62, 27.0, 0.5
surrogate, 62, 27.0, 0.5
surrogate, 62, 27.0, 0.5
surrogate, 62, 27.0, 0.5
surrogate, 62, 27.0, 0.5
surrogate, 62, 27.0, 0.5
surrogate, 62, 27.0, 0.5
surrogate, 62, 24.0, 0.3125
surrogate, 62, 24.0, 0.3125
surrogate, 62, 24.0, 0.3125
surrogate, 62, 24.0, 0.3125
surrogate, 62, 24.0, 0.3125
surrogate, 62, 24.0, 0.3125
surrogate, 62, 24.0, 0.3125
surrogate, 62, 24.0, 0.3125
surrogate, 62, 24.0, 0.3125
surrogate, 62, 24.0, 0.3125
surrogate, 62, 24.0, 0.3125
surrogate, 62, 24.0, 0.3125
surrogate, 62, 24.0, 0.3125
surrogate, 62, 24.0, 0.3125
surrogate, 62, 24.0, 0.3125
surrogate, 62, 24.0, 0.3125
surrogate, 62, 24.0, 0.3125
surrogate, 62, 24.0, 0.3125
surrogate, 62, 24.0, 0.3125
surrogate, 62, 24.0, 0.3125
surrogate, 62, 24.0, 0.3125
surrogate, 62, 22.0, 0.0625
surrogate, 62, 22.0, 0.0625
surrogate, 62, 22.0, 0.0625
surrogate, 62, 22.0, 0.0625
surrogate, 62, 22.0, 0.0625
surrogate, 62, 22.0, 0.0625
surrogate, 62, 22.0, 0.0625
surrogate, 62, 22.0, 0.0625
surrogate, 62, 22.0, 0.0625
surrogate, 62, 22.0, 0.0625
surrogate, 62, 22.0, 0.0625
surrogate, 62, 22.0, 0.0625
surrogate, 62, 22.0, 0.0625
surrogate, 62, 22.0, 0.0625
surrogate, 62, 22.0, 0.0625
surrogate, 62, 22.0, 0.0625
surrogate, 62, 22.0, 0.0625
surrogate, 62, 22.0, 0.0625
surrogate, 62, 22.0, 0.0625
surrogate, 62, 22.0, 0.0625
surrogate, 62, 22.0, 0.0625
surrogate, 62, 22.0, 0.0625
surrogate, 62, 22.0, 0.0625
surrogate, 62, 22.0, 0.0625
surrogate, 62, 22.0, 0.0625
surrogate, 62, 22.0, 0.0625
surrogate, 62, 22.0, 0.0625
surrogate, 62, 22.0, 0.0625
surrogate, 62, 22.0, 0.0625
surrogate, 62, 22.0, 0.0625
surrogate, 62, 22.0, 0.0625
surrogate, 62, 22.0, 0.0625
surrogate, 62, 22.0, 0.0625
surrogate, 62, 22.0, 0.0625
surrogate, 62, 22.0, 0.0625
surrogate, 62, 22.0, 0.0625
surrogate, 62, 22.0, 0.0625
surrogate, 62, 22.0, 0.0625
surrogate, 62, 22.0, 0.0625
surrogate, 62, 22.0, 0.0625
surrogate, 62, 22.0, 0.0625
surrogate, 62, 22.0, 0.0625
surrogate, 62, 22.0, 0.0625
surrogate, 62, 22.0, 0.0625
surrogate, 62, 22.0, 0.0625
surrogate, 62, 22.0, 0.0625
surrogate, 62, 22.0, 0.0625
surrogate, 63, 33.0, 0.875
surrogate, 63, 33.0, 0.875
surrogate, 63, 33.0, 0.875
surrogate, 63, 33.0, 0.875
surrogate, 63, 33.0, 0.875
surrogate, 63, 33.0, 0.875
surrogate, 63, 33.0, 0.875
surrogate, 63, 33.0, 0.875
surrogate, 63, 33.0, 0.875
surrogate, 63, 33.0, 0.875
surrogate, 63, 32.0, 0.78125
surrogate, 63, 32.0, 0.78125
surrogate, 63, 32.0, 0.78125
surrogate, 63, 32.0, 0.78125
surrogate, 63, 32.0, 0.78125
surrogate, 63, 32.0, 0.78125
surrogate, 63, 32.0, 0.78125
surrogate, 63, 32.0, 0.78125
surrogate, 63, 32.0, 0.78125
surrogate, 63, 32.0, 0.78125
surrogate, 63, 32.0, 0.78125
surrogate, 63, 32.0, 0.78125
surrogate, 63, 32.0, 0.78125
surrogate, 63, 32.0, 0.78125
surrogate, 63, 32.0, 0.78125
surrogate, 63, 30.0, 0.59375
surrogate, 63, 30.0, 0.59375
surrogate, 63, 30.0, 0.59375
surrogate, 63, 30.0, 0.59375
surrogate, 63, 30.0, 0.59375
surrogate, 63, 30.0, 0.59375
surrogate, 63, 30.0, 0.59375
surrogate, 63, 30.0, 0.59375
surrogate, 63, 30.0, 0.59375
surrogate, 63, 30.0, 0.59375
surrogate, 63, 30.0, 0.59375
surrogate, 63, 30.0, 0.59375
surrogate, 63, 30.0, 0.59375
surrogate, 63, 30.0, 0.59375
surrogate, 63, 30.0, 0.59375
surrogate, 63, 30.0, 0.59375
surrogate, 63, 30.0, 0.59375
surrogate, 63, 30.0, 0.59375
surrogate, 63, 30.0, 0.59375
surrogate, 63, 30.0, 0.59375
surrogate, 63, 30.0, 0.59375
surrogate, 63, 30.0, 0.59375
surrogate, 63, 30.0, 0.59375
surrogate, 63, 29.0, 0.5625
surrogate, 63, 29.0, 0.5625
surrogate, 63, 29.0, 0.5625
surrogate, 63, 29.0, 0.5625
surrogate, 63, 29.0, 0.5625
surrogate, 63, 29.0, 0.5625
surrogate, 63, 29.0, 0.5625
surrogate, 63, 27.0, 0.5
surrogate, 63, 27.0, 0.5
surrogate, 63, 27.0, 0.5
surrogate, 63, 27.0, 0.5
surrogate, 63, 27.0, 0.5
surrogate, 63, 27.0, 0.5
surrogate, 63, 27.0, 0.5
surrogate, 63, 27.0, 0.5
surrogate, 63, 27.0, 0.5
surrogate, 63, 27.0, 0.5
surrogate, 63, 24.0, 0.3125
surrogate, 63, 24.0, 0.3125
surrogate, 63, 24.0, 0.3125
surrogate, 63, 24.0, 0.3125
surrogate, 63, 24.0, 0.3125
surrogate, 63, 24.0, 0.3125
surrogate, 63, 24.0, 0.3125
surrogate, 63, 24.0, 0.3125
surrogate, 63, 24.0, 0.3125
surrogate, 63, 24.0, 0.3125
surrogate, 63, 24.0, 0.3125
surrogate, 63, 24.0, 0.3125
surrogate, 63, 24.0, 0.3125
surrogate, 63, 24.0, 0.3125
surrogate, 63, 24.0, 0.3125
surrogate, 63, 24.0, 0.3125
surrogate, 63, 24.0, 0.3125
surrogate, 63, 24.0, 0.3125
surrogate, 63, 24.0, 0.3125
surrogate, 63, 24.0, 0.3125
surrogate, 63, 24.0, 0.3125
surrogate, 63, 24.0, 0.3125
surrogate, 63, 22.0, 0.0625
surrogate, 63, 22.0, 0.0625
surrogate, 63, 22.0, 0.0625
surrogate, 63, 22.0, 0.0625
surrogate, 63, 22.0, 0.0625
surrogate, 63, 22.0, 0.0625
surrogate, 63, 22.0, 0.0625
surrogate, 63, 22.0, 0.0625
surrogate, 63, 22.0, 0.0625
surrogate, 63, 22.0, 0.0625
surrogate, 63, 22.0, 0.0625
surrogate, 63, 22.0, 0.0625
surrogate, 63, 22.0, 0.0625
surrogate, 63, 22.0, 0.0625
surrogate, 63, 22.0, 0.0625
surrogate, 63, 22.0, 0.0625
surrogate, 63, 22.0, 0.0625
surrogate, 63, 22.0, 0.0625
surrogate, 63, 22.0, 0.0625
surrogate, 63, 22.0, 0.0625
surrogate, 63, 22.0, 0.0625
surrogate, 63, 22.0, 0.0625
surrogate, 63, 22.0, 0.0625
surrogate, 63, 22.0, 0.0625
surrogate, 63, 22.0, 0.0625
surrogate, 63, 22.0, 0.0625
surrogate, 63, 22.0, 0.0625
surrogate, 63, 22.0, 0.0625
surrogate, 63, 22.0, 0.0625
surrogate, 63, 22.0, 0.0625
surrogate, 63, 22.0, 0.0625
surrogate, 63, 22.0, 0.0625
surrogate, 63, 22.0, 0.0625
surrogate, 63, 22.0, 0.0625
surrogate, 63, 22.0, 0.0625
surrogate, 63, 22.0, 0.0625
surrogate, 63, 22.0, 0.0625
surrogate, 63, 22.0, 0.0625
surrogate, 63, 22.0, 0.0625
surrogate, 63, 22.0, 0.0625
surrogate, 63, 22.0, 0.0625
surrogate, 63, 22.0, 0.0625
surrogate, 63, 22.0, 0.0625
surrogate, 63, 22.0, 0.0625
surrogate, 63, 22.0, 0.0625
surrogate, 63, 22.0, 0.0625
surrogate, 63, 22.0, 0.0625
surrogate, 63, 22.0, 0.0625
surrogate, 64, 33.0, 0.875
surrogate, 64, 33.0, 0.875
surrogate, 64, 33.0, 0.875
surrogate, 64, 33.0, 0.875
surrogate, 64, 33.0, 0.875
surrogate, 64, 33.0, 0.875
surrogate, 64, 33.0, 0.875
surrogate, 64, 33.0, 0.875
surrogate, 64, 33.0, 0.875
surrogate, 64, 33.0, 0.875
surrogate, 64, 32.0, 0.78125
surrogate, 64, 32.0, 0.78125
surrogate, 64, 32.0, 0.78125
surrogate, 64, 32.0, 0.78125
surrogate, 64, 32.0, 0.78125
surrogate, 64, 32.0, 0.78125
surrogate, 64, 32.0, 0.78125
surrogate, 64, 32.0, 0.78125
surrogate, 64, 32.0, 0.78125
surrogate, 64, 32.0, 0.78125
surrogate, 64, 32.0, 0.78125
surrogate, 64, 32.0, 0.78125
surrogate, 64, 32.0, 0.78125
surrogate, 64, 32.0, 0.78125
surrogate, 64, 32.0, 0.78125
surrogate, 64, 30.0, 0.59375
surrogate, 64, 30.0, 0.59375
surrogate, 64, 30.0, 0.59375
surrogate, 64, 30.0, 0.59375
surrogate, 64, 30.0, 0.59375
surrogate, 64, 30.0, 0.59375
surrogate, 64, 30.0, 0.59375
surrogate, 64, 30.0, 0.59375
surrogate, 64, 30.0, 0.59375
surrogate, 64, 30.0, 0.59375
surrogate, 64, 30.0, 0.59375
surrogate, 64, 30.0, 0.59375
surrogate, 64, 30.0, 0.59375
surrogate, 64, 30.0, 0.59375
surrogate, 64, 30.0, 0.59375
surrogate, 64, 30.0, 0.59375
surrogate, 64, 30.0, 0.59375
surrogate, 64, 30.0, 0.59375
surrogate, 64, 30.0, 0.59375
surrogate, 64, 30.0, 0.59375
surrogate, 64, 30.0, 0.59375
surrogate, 64, 30.0, 0.59375
surrogate, 64, 30.0, 0.59375
surrogate, 64, 29.0, 0.5625
surrogate, 64, 29.0, 0.5625
surrogate, 64, 29.0, 0.5625
surrogate, 64, 29.0, 0.5625
surrogate, 64, 29.0, 0.5625
surrogate, 64, 29.0, 0.5625
surrogate, 64, 29.0, 0.5625
surrogate, 64, 27.0, 0.5
surrogate, 64, 27.0, 0.5
surrogate, 64, 27.0, 0.5
surrogate, 64, 27.0, 0.5
surrogate, 64, 27.0, 0.5
surrogate, 64, 27.0, 0.5
surrogate, 64, 27.0, 0.5
surrogate, 64, 27.0, 0.5
surrogate, 64, 27.0, 0.5
surrogate, 64, 27.0, 0.5
surrogate, 64, 27.0, 0.5
surrogate, 64, 24.0, 0.3125
surrogate, 64, 24.0, 0.3125
surrogate, 64, 24.0, 0.3125
surrogate, 64, 24.0, 0.3125
surrogate, 64, 24.0, 0.3125
surrogate, 64, 24.0, 0.3125
surrogate, 64, 24.0, 0.3125
surrogate, 64, 24.0, 0.3125
surrogate, 64, 24.0, 0.3125
surrogate, 64, 24.0, 0.3125
surrogate, 64, 24.0, 0.3125
surrogate, 64, 24.0, 0.3125
surrogate, 64, 24.0, 0.3125
surrogate, 64, 24.0, 0.3125
surrogate, 64, 24.0, 0.3125
surrogate, 64, 24.0, 0.3125
surrogate, 64, 24.0, 0.3125
surrogate, 64, 24.0, 0.3125
surrogate, 64, 24.0, 0.3125
surrogate, 64, 24.0, 0.3125
surrogate, 64, 24.0, 0.3125
surrogate, 64, 24.0, 0.3125
surrogate, 64, 24.0, 0.3125
surrogate, 64, 22.0, 0.0625
surrogate, 64, 22.0, 0.0625
surrogate, 64, 22.0, 0.0625
surrogate, 64, 22.0, 0.0625
surrogate, 64, 22.0, 0.0625
surrogate, 64, 22.0, 0.0625
surrogate, 64, 22.0, 0.0625
surrogate, 64, 22.0, 0.0625
surrogate, 64, 22.0, 0.0625
surrogate, 64, 22.0, 0.0625
surrogate, 64, 22.0, 0.0625
surrogate, 64, 22.0, 0.0625
surrogate, 64, 22.0, 0.0625
surrogate, 64, 22.0, 0.0625
surrogate, 64, 22.0, 0.0625
surrogate, 64, 22.0, 0.0625
surrogate, 64, 22.0, 0.0625
surrogate, 64, 22.0, 0.0625
surrogate, 64, 22.0, 0.0625
surrogate, 64, 22.0, 0.0625
surrogate, 64, 22.0, 0.0625
surrogate, 64, 22.0, 0.0625
surrogate, 64, 22.0, 0.0625
surrogate, 64, 22.0, 0.0625
surrogate, 64, 22.0, 0.0625
surrogate, 64, 22.0, 0.0625
surrogate, 64, 22.0, 0.0625
surrogate, 64, 22.0, 0.0625
surrogate, 64, 22.0, 0.0625
surrogate, 64, 22.0, 0.0625
surrogate, 64, 22.0, 0.0625
surrogate, 64, 22.0, 0.0625
surrogate, 64, 22.0, 0.0625
surrogate, 64, 22.0, 0.0625
surrogate, 64, 22.0, 0.0625
surrogate, 64, 22.0, 0.0625
surrogate, 64, 22.0, 0.0625
surrogate, 64, 22.0, 0.0625
surrogate, 64, 22.0, 0.0625
surrogate, 64, 22.0, 0.0625
surrogate, 64, 22.0, 0.0625
surrogate, 64, 22.0, 0.0625
surrogate, 64, 22.0, 0.0625
surrogate, 64, 22.0, 0.0625
surrogate, 64, 22.0, 0.0625
surrogate, 64, 22.0, 0.0625
surrogate, 64, 22.0, 0.0625
surrogate, 64, 22.0, 0.0625
surrogate, 65, 33.0, 0.875
surrogate, 65, 33.0, 0.875
surrogate, 65, 33.0, 0.875
surrogate, 65, 33.0, 0.875
surrogate, 65, 33.0, 0.875
surrogate, 65, 33.0, 0.875
surrogate, 65, 33.0, 0.875
surrogate, 65, 33.0, 0.875
surrogate, 65, 33.0, 0.875
surrogate, 65, 33.0, 0.875
surrogate, 65, 32.0, 0.78125
surrogate, 65, 32.0, 0.78125
surrogate, 65, 32.0, 0.78125
surrogate, 65, 32.0, 0.78125
surrogate, 65, 32.0, 0.78125
surrogate, 65, 32.0, 0.78125
surrogate, 65, 32.0, 0.78125
surrogate, 65, 32.0, 0.78125
surrogate, 65, 32.0, 0.78125
surrogate, 65, 32.0, 0.78125
surrogate, 65, 32.0, 0.78125
surrogate, 65, 32.0, 0.78125
surrogate, 65, 32.0, 0.78125
surrogate, 65, 32.0, 0.78125
surrogate, 65, 32.0, 0.78125
surrogate, 65, 30.0, 0.59375
surrogate, 65, 30.0, 0.59375
surrogate, 65, 30.0, 0.59375
surrogate, 65, 30.0, 0.59375
surrogate, 65, 30.0, 0.59375
surrogate, 65, 30.0, 0.59375
surrogate, 65, 30.0, 0.59375
surrogate, 65, 30.0, 0.59375
surrogate, 65, 30.0, 0.59375
surrogate, 65, 30.0, 0.59375
surrogate, 65, 30.0, 0.59375
surrogate, 65, 30.0, 0.59375
surrogate, 65, 30.0, 0.59375
surrogate, 65, 30.0, 0.59375
surrogate, 65, 30.0, 0.59375
surrogate, 65, 30.0, 0.59375
surrogate, 65, 30.0, 0.59375
surrogate, 65, 30.0, 0.59375
surrogate, 65, 30.0, 0.59375
surrogate, 65, 30.0, 0.59375
surrogate, 65, 30.0, 0.59375
surrogate, 65, 30.0, 0.59375
surrogate, 65, 30.0, 0.59375
surrogate, 65, 29.0, 0.5625
surrogate, 65, 29.0, 0.5625
surrogate, 65, 29.0, 0.5625
surrogate, 65, 29.0, 0.5625
surrogate, 65, 29.0, 0.5625
surrogate, 65, 29.0, 0.5625
surrogate, 65, 29.0, 0.5625
surrogate, 65, 27.0, 0.5
surrogate, 65, 27.0, 0.5
surrogate, 65, 27.0, 0.5
surrogate, 65, 27.0, 0.5
surrogate, 65, 27.0, 0.5
surrogate, 65, 27.0, 0.5
surrogate, 65, 27.0, 0.5
surrogate, 65, 27.0, 0.5
surrogate, 65, 27.0, 0.5
surrogate, 65, 27.0, 0.5
surrogate, 65, 27.0, 0.5
surrogate, 65, 24.0, 0.3125
surrogate, 65, 24.0, 0.3125
surrogate, 65, 24.0, 0.3125
surrogate, 65, 24.0, 0.3125
surrogate, 65, 24.0, 0.3125
surrogate, 65, 24.0, 0.3125
surrogate, 65, 24.0, 0.3125
surrogate, 65, 24.0, 0.3125
surrogate, 65, 24.0, 0.3125
surrogate, 65, 24.0, 0.3125
surrogate, 65, 24.0, 0.3125
surrogate, 65, 24.0, 0.3125
surrogate, 65, 24.0, 0.3125
surrogate, 65, 24.0, 0.3125
surrogate, 65, 24.0, 0.3125
surrogate, 65, 24.0, 0.3125
surrogate, 65, 24.0, 0.3125
surrogate, 65, 24.0, 0.3125
surrogate, 65, 24.0, 0.3125
surrogate, 65, 24.0, 0.3125
surrogate, 65, 24.0, 0.3125
surrogate, 65, 24.0, 0.3125
surrogate, 65, 24.0, 0.3125
surrogate, 65, 22.0, 0.0625
surrogate, 65, 22.0, 0.0625
surrogate, 65, 22.0, 0.0625
surrogate, 65, 22.0, 0.0625
surrogate, 65, 22.0, 0.0625
surrogate, 65, 22.0, 0.0625
surrogate, 65, 22.0, 0.0625
surrogate, 65, 22.0, 0.0625
surrogate, 65, 22.0, 0.0625
surrogate, 65, 22.0, 0.0625
surrogate, 65, 22.0, 0.0625
surrogate, 65, 22.0, 0.0625
surrogate, 65, 22.0, 0.0625
surrogate, 65, 22.0, 0.0625
surrogate, 65, 22.0, 0.0625
surrogate, 65, 22.0, 0.0625
surrogate, 65, 22.0, 0.0625
surrogate, 65, 22.0, 0.0625
surrogate, 65, 22.0, 0.0625
surrogate, 65, 22.0, 0.0625
surrogate, 65, 22.0, 0.0625
surrogate, 65, 22.0, 0.0625
surrogate, 65, 22.0, 0.0625
surrogate, 65, 22.0, 0.0625
surrogate, 65, 22.0, 0.0625
surrogate, 65, 22.0, 0.0625
surrogate, 65, 22.0, 0.0625
surrogate, 65, 22.0, 0.0625
surrogate, 65, 22.0, 0.0625
surrogate, 65, 22.0, 0.0625
surrogate, 65, 22.0, 0.0625
surrogate, 65, 22.0, 0.0625
surrogate, 65, 22.0, 0.0625
surrogate, 65, 22.0, 0.0625
surrogate, 65, 22.0, 0.0625
surrogate, 65, 22.0, 0.0625
surrogate, 65, 22.0, 0.0625
surrogate, 65, 22.0, 0.0625
surrogate, 65, 22.0, 0.0625
surrogate, 65, 22.0, 0.0625
surrogate, 65, 22.0, 0.0625
surrogate, 65, 22.0, 0.0625
surrogate, 65, 22.0, 0.0625
surrogate, 65, 22.0, 0.0625
surrogate, 65, 22.0, 0.0625
surrogate, 65, 22.0, 0.0625
surrogate, 65, 22.0, 0.0625
surrogate, 65, 22.0, 0.0625
surrogate, 66, 33.0, 0.875
surrogate, 66, 33.0, 0.875
surrogate, 66, 33.0, 0.875
surrogate, 66, 33.0, 0.875
surrogate, 66, 33.0, 0.875
surrogate, 66, 33.0, 0.875
surrogate, 66, 33.0, 0.875
surrogate, 66, 33.0, 0.875
surrogate, 66, 33.0, 0.875
surrogate, 66, 33.0, 0.875
surrogate, 66, 32.0, 0.78125
surrogate, 66, 32.0, 0.78125
surrogate, 66, 32.0, 0.78125
surrogate, 66, 32.0, 0.78125
surrogate, 66, 32.0, 0.78125
surrogate, 66, 32.0, 0.78125
surrogate, 66, 32.0, 0.78125
surrogate, 66, 32.0, 0.78125
surrogate, 66, 32.0, 0.78125
surrogate, 66, 32.0, 0.78125
surrogate, 66, 32.0, 0.78125
surrogate, 66, 32.0, 0.78125
surrogate, 66, 32.0, 0.78125
surrogate, 66, 32.0, 0.78125
surrogate, 66, 32.0, 0.78125
surrogate, 66, 30.0, 0.59375
surrogate, 66, 30.0, 0.59375
surrogate, 66, 30.0, 0.59375
surrogate, 66, 30.0, 0.59375
surrogate, 66, 30.0, 0.59375
surrogate, 66, 30.0, 0.59375
surrogate, 66, 30.0, 0.59375
surrogate, 66, 30.0, 0.59375
surrogate, 66, 30.0, 0.59375
surrogate, 66, 30.0, 0.59375
surrogate, 66, 30.0, 0.59375
surrogate, 66, 30.0, 0.59375
surrogate, 66, 30.0, 0.59375
surrogate, 66, 30.0, 0.59375
surrogate, 66, 30.0, 0.59375
surrogate, 66, 30.0, 0.59375
surrogate, 66, 30.0, 0.59375
surrogate, 66, 30.0, 0.59375
surrogate, 66, 30.0, 0.59375
surrogate, 66, 30.0, 0.59375
surrogate, 66, 30.0, 0.59375
surrogate, 66, 30.0, 0.59375
surrogate, 66, 30.0, 0.59375
surrogate, 66, 30.0, 0.59375
surrogate, 66, 29.0, 0.5625
surrogate, 66, 29.0, 0.5625
surrogate, 66, 29.0, 0.5625
surrogate, 66, 29.0, 0.5625
surrogate, 66, 29.0, 0.5625
surrogate, 66, 29.0, 0.5625
surrogate, 66, 29.0, 0.5625
surrogate, 66, 29.0, 0.5625
surrogate, 66, 27.0, 0.5
surrogate, 66, 27.0, 0.5
surrogate, 66, 27.0, 0.5
surrogate, 66, 27.0, 0.5
surrogate, 66, 27.0, 0.5
surrogate, 66, 27.0, 0.5
surrogate, 66, 27.0, 0.5
surrogate, 66, 27.0, 0.5
surrogate, 66, 27.0, 0.5
surrogate, 66, 27.0, 0.5
surrogate, 66, 27.0, 0.5
surrogate, 66, 27.0, 0.5
surrogate, 66, 24.0, 0.3125
surrogate, 66, 24.0, 0.3125
surrogate, 66, 24.0, 0.3125
surrogate, 66, 24.0, 0.3125
surrogate, 66, 24.0, 0.3125
surrogate, 66, 24.0, 0.3125
surrogate, 66, 24.0, 0.3125
surrogate, 66, 24.0, 0.3125
surrogate, 66, 24.0, 0.3125
surrogate, 66, 24.0, 0.3125
surrogate, 66, 24.0, 0.3125
surrogate, 66, 24.0, 0.3125
surrogate, 66, 24.0, 0.3125
surrogate, 66, 24.0, 0.3125
surrogate, 66, 24.0, 0.3125
surrogate, 66, 24.0, 0.3125
surrogate, 66, 24.0, 0.3125
surrogate, 66, 24.0, 0.3125
surrogate, 66, 24.0, 0.3125
surrogate, 66, 24.0, 0.3125
surrogate, 66, 24.0, 0.3125
surrogate, 66, 24.0, 0.3125
surrogate, 66, 24.0, 0.3125
surrogate, 66, 24.0, 0.3125
surrogate, 66, 22.0, 0.0625
surrogate, 66, 22.0, 0.0625
surrogate, 66, 22.0, 0.0625
surrogate, 66, 22.0, 0.0625
surrogate, 66, 22.0, 0.0625
surrogate, 66, 22.0, 0.0625
surrogate, 66, 22.0, 0.0625
surrogate, 66, 22.0, 0.0625
surrogate, 66, 22.0, 0.0625
surrogate, 66, 22.0, 0.0625
surrogate, 66, 22.0, 0.0625
surrogate, 66, 22.0, 0.0625
surrogate, 66, 22.0, 0.0625
surrogate, 66, 22.0, 0.0625
surrogate, 66, 22.0, 0.0625
surrogate, 66, 22.0, 0.0625
surrogate, 66, 22.0, 0.0625
surrogate, 66, 22.0, 0.0625
surrogate, 66, 22.0, 0.0625
surrogate, 66, 22.0, 0.0625
surrogate, 66, 22.0, 0.0625
surrogate, 66, 22.0, 0.0625
surrogate, 66, 22.0, 0.0625
surrogate, 66, 22.0, 0.0625
surrogate, 66, 22.0, 0.0625
surrogate, 66, 22.0, 0.0625
surrogate, 66, 22.0, 0.0625
surrogate, 66, 22.0, 0.0625
surrogate, 66, 22.0, 0.0625
surrogate, 66, 22.0, 0.0625
surrogate, 66, 22.0, 0.0625
surrogate, 66, 22.0, 0.0625
surrogate, 66, 22.0, 0.0625
surrogate, 66, 22.0, 0.0625
surrogate, 66, 22.0, 0.0625
surrogate, 66, 22.0, 0.0625
surrogate, 66, 22.0, 0.0625
surrogate, 66, 22.0, 0.0625
surrogate, 66, 22.0, 0.0625
surrogate, 66, 22.0, 0.0625
surrogate, 66, 22.0, 0.0625
surrogate, 66, 22.0, 0.0625
surrogate, 66, 22.0, 0.0625
surrogate, 66, 22.0, 0.0625
surrogate, 66, 22.0, 0.0625
surrogate, 66, 22.0, 0.0625
surrogate, 66, 22.0, 0.0625
surrogate, 66, 22.0, 0.0625
surrogate, 66, 22.0, 0.0625
surrogate, 67, 33.0, 0.875
surrogate, 67, 33.0, 0.875
surrogate, 67, 33.0, 0.875
surrogate, 67, 33.0, 0.875
surrogate, 67, 33.0, 0.875
surrogate, 67, 33.0, 0.875
surrogate, 67, 33.0, 0.875
surrogate, 67, 33.0, 0.875
surrogate, 67, 33.0, 0.875
surrogate, 67, 33.0, 0.875
surrogate, 67, 33.0, 0.875
surrogate, 67, 32.0, 0.78125
surrogate, 67, 32.0, 0.78125
surrogate, 67, 32.0, 0.78125
surrogate, 67, 32.0, 0.78125
surrogate, 67, 32.0, 0.78125
surrogate, 67, 32.0, 0.78125
surrogate, 67, 32.0, 0.78125
surrogate, 67, 32.0, 0.78125
surrogate, 67, 32.0, 0.78125
surrogate, 67, 32.0, 0.78125
surrogate, 67, 32.0, 0.78125
surrogate, 67, 32.0, 0.78125
surrogate, 67, 32.0, 0.78125
surrogate, 67, 32.0, 0.78125
surrogate, 67, 32.0, 0.78125
surrogate, 67, 30.0, 0.59375
surrogate, 67, 30.0, 0.59375
surrogate, 67, 30.0, 0.59375
surrogate, 67, 30.0, 0.59375
surrogate, 67, 30.0, 0.59375
surrogate, 67, 30.0, 0.59375
surrogate, 67, 30.0, 0.59375
surrogate, 67, 30.0, 0.59375
surrogate, 67, 30.0, 0.59375
surrogate, 67, 30.0, 0.59375
surrogate, 67, 30.0, 0.59375
surrogate, 67, 30.0, 0.59375
surrogate, 67, 30.0, 0.59375
surrogate, 67, 30.0, 0.59375
surrogate, 67, 30.0, 0.59375
surrogate, 67, 30.0, 0.59375
surrogate, 67, 30.0, 0.59375
surrogate, 67, 30.0, 0.59375
surrogate, 67, 30.0, 0.59375
surrogate, 67, 30.0, 0.59375
surrogate, 67, 30.0, 0.59375
surrogate, 67, 30.0, 0.59375
surrogate, 67, 30.0, 0.59375
surrogate, 67, 30.0, 0.59375
surrogate, 67, 29.0, 0.5625
surrogate, 67, 29.0, 0.5625
surrogate, 67, 29.0, 0.5625
surrogate, 67, 29.0, 0.5625
surrogate, 67, 29.0, 0.5625
surrogate, 67, 29.0, 0.5625
surrogate, 67, 29.0, 0.5625
surrogate, 67, 29.0, 0.5625
surrogate, 67, 29.0, 0.5625
surrogate, 67, 27.0, 0.5
surrogate, 67, 27.0, 0.5
surrogate, 67, 27.0, 0.5
surrogate, 67, 27.0, 0.5
surrogate, 67, 27.0, 0.5
surrogate, 67, 27.0, 0.5
surrogate, 67, 27.0, 0.5
surrogate, 67, 27.0, 0.5
surrogate, 67, 27.0, 0.5
surrogate, 67, 27.0, 0.5
surrogate, 67, 27.0, 0.5
surrogate, 67, 27.0, 0.5
surrogate, 67, 27.0, 0.5
surrogate, 67, 27.0, 0.5
surrogate, 67, 24.0, 0.3125
surrogate, 67, 24.0, 0.3125
surrogate, 67, 24.0, 0.3125
surrogate, 67, 24.0, 0.3125
surrogate, 67, 24.0, 0.3125
surrogate, 67, 24.0, 0.3125
surrogate, 67, 24.0, 0.3125
surrogate, 67, 24.0, 0.3125
surrogate, 67, 24.0, 0.3125
surrogate, 67, 24.0, 0.3125
surrogate, 67, 24.0, 0.3125
surrogate, 67, 24.0, 0.3125
surrogate, 67, 24.0, 0.3125
surrogate, 67, 24.0, 0.3125
surrogate, 67, 24.0, 0.3125
surrogate, 67, 24.0, 0.3125
surrogate, 67, 24.0, 0.3125
surrogate, 67, 24.0, 0.3125
surrogate, 67, 24.0, 0.3125
surrogate, 67, 24.0, 0.3125
surrogate, 67, 24.0, 0.3125
surrogate, 67, 24.0, 0.3125
surrogate, 67, 24.0, 0.3125
surrogate, 67, 24.0, 0.3125
surrogate, 67, 20.0, 0.0625
surrogate, 68, 33.0, 0.875
surrogate, 68, 33.0, 0.875
surrogate, 68, 33.0, 0.875
surrogate, 68, 33.0, 0.875
surrogate, 68, 33.0, 0.875
surrogate, 68, 33.0, 0.875
surrogate, 68, 33.0, 0.875
surrogate, 68, 33.0, 0.875
surrogate, 68, 33.0, 0.875
surrogate, 68, 33.0, 0.875
surrogate, 68, 33.0, 0.875
surrogate, 68, 33.0, 0.875
surrogate, 68, 32.0, 0.78125
surrogate, 68, 32.0, 0.78125
surrogate, 68, 32.0, 0.78125
surrogate, 68, 32.0, 0.78125
surrogate, 68, 32.0, 0.78125
surrogate, 68, 32.0, 0.78125
surrogate, 68, 32.0, 0.78125
surrogate, 68, 32.0, 0.78125
surrogate, 68, 32.0, 0.78125
surrogate, 68, 32.0, 0.78125
surrogate, 68, 32.0, 0.78125
surrogate, 68, 32.0, 0.78125
surrogate, 68, 32.0, 0.78125
surrogate, 68, 32.0, 0.78125
surrogate, 68, 32.0, 0.78125
surrogate, 68, 32.0, 0.78125
surrogate, 68, 29.0, 0.59375
surrogate, 68, 27.0, 0.5
surrogate, 68, 27.0, 0.5
surrogate, 68, 27.0, 0.5
surrogate, 68, 27.0, 0.5
surrogate, 68, 27.0, 0.5
surrogate, 68, 27.0, 0.5
surrogate, 68, 27.0, 0.5
surrogate, 68, 27.0, 0.5
surrogate, 68, 27.0, 0.5
surrogate, 68, 27.0, 0.5
surrogate, 68, 27.0, 0.5
surrogate, 68, 27.0, 0.5
surrogate, 68, 27.0, 0.5
surrogate, 68, 27.0, 0.5
surrogate, 68, 27.0, 0.5
surrogate, 68, 24.0, 0.3125
surrogate, 68, 24.0, 0.3125
surrogate, 68, 24.0, 0.3125
surrogate, 68, 24.0, 0.3125
surrogate, 68, 24.0, 0.3125
surrogate, 68, 24.0, 0.3125
surrogate, 68, 24.0, 0.3125
surrogate, 68, 24.0, 0.3125
surrogate, 68, 24.0, 0.3125
surrogate, 68, 24.0, 0.3125
surrogate, 68, 24.0, 0.3125
surrogate, 68, 24.0, 0.3125
surrogate, 68, 24.0, 0.3125
surrogate, 68, 24.0, 0.3125
surrogate, 68, 24.0, 0.3125
surrogate, 68, 24.0, 0.3125
surrogate, 68, 24.0, 0.3125
surrogate, 68, 24.0, 0.3125
surrogate, 68, 24.0, 0.3125
surrogate, 68, 24.0, 0.3125
surrogate, 68, 24.0, 0.3125
surrogate, 68, 24.0, 0.3125
surrogate, 68, 24.0, 0.3125
surrogate, 68, 24.0, 0.3125
surrogate, 68, 24.0, 0.3125
surrogate, 68, 24.0, 0.3125
surrogate, 68, 20.0, 0.0625
surrogate, 69, 33.0, 0.875
surrogate, 69, 33.0, 0.875
surrogate, 69, 33.0, 0.875
surrogate, 69, 33.0, 0.875
surrogate, 69, 33.0, 0.875
surrogate, 69, 33.0, 0.875
surrogate, 69, 33.0, 0.875
surrogate, 69, 33.0, 0.875
surrogate, 69, 33.0, 0.875
surrogate, 69, 33.0, 0.875
surrogate, 69, 33.0, 0.875
surrogate, 69, 33.0, 0.875
surrogate, 69, 33.0, 0.875
surrogate, 69, 33.0, 0.875
surrogate, 69, 33.0, 0.875
surrogate, 69, 32.0, 0.78125
surrogate, 69, 32.0, 0.78125
surrogate, 69, 32.0, 0.78125
surrogate, 69, 32.0, 0.78125
surrogate, 69, 32.0, 0.78125
surrogate, 69, 32.0, 0.78125
surrogate, 69, 32.0, 0.78125
surrogate, 69, 32.0, 0.78125
surrogate, 69, 32.0, 0.78125
surrogate, 69, 32.0, 0.78125
surrogate, 69, 32.0, 0.78125
surrogate, 69, 32.0, 0.78125
surrogate, 69, 32.0, 0.78125
surrogate, 69, 32.0, 0.78125
surrogate, 69, 32.0, 0.78125
surrogate, 69, 32.0, 0.78125
surrogate, 69, 32.0, 0.78125
surrogate, 69, 29.0, 0.59375
surrogate, 69, 26.0, 0.5
surrogate, 69, 24.0, 0.3125
surrogate, 69, 24.0, 0.3125
surrogate, 69, 24.0, 0.3125
surrogate, 69, 24.0, 0.3125
surrogate, 69, 24.0, 0.3125
surrogate, 69, 24.0, 0.3125
surrogate, 69, 24.0, 0.3125
surrogate, 69, 24.0, 0.3125
surrogate, 69, 24.0, 0.3125
surrogate, 69, 24.0, 0.3125
surrogate, 69, 24.0, 0.3125
surrogate, 69, 24.0, 0.3125
surrogate, 69, 24.0, 0.3125
surrogate, 69, 24.0, 0.3125
surrogate, 69, 24.0, 0.3125
surrogate, 69, 24.0, 0.3125
surrogate, 69, 24.0, 0.3125
surrogate, 69, 24.0, 0.3125
surrogate, 69, 24.0, 0.3125
surrogate, 69, 24.0, 0.3125
surrogate, 69, 24.0, 0.3125
surrogate, 69, 24.0, 0.3125
surrogate, 69, 24.0, 0.3125
surrogate, 69, 24.0, 0.3125
surrogate, 69, 24.0, 0.3125
surrogate, 69, 24.0, 0.3125
surrogate, 69, 24.0, 0.3125
surrogate, 69, 20.0, 0.0625
surrogate, 69, 20.0, 0.0625
surrogate, 69, 20.0, 0.0625
surrogate, 70, 33.0, 0.875
surrogate, 70, 33.0, 0.875
surrogate, 70, 33.0, 0.875
surrogate, 70, 33.0, 0.875
surrogate, 70, 33.0, 0.875
surrogate, 70, 33.0, 0.875
surrogate, 70, 33.0, 0.875
surrogate, 70, 33.0, 0.875
surrogate, 70, 33.0, 0.875
surrogate, 70, 33.0, 0.875
surrogate, 70, 33.0, 0.875
surrogate, 70, 33.0, 0.875
surrogate, 70, 33.0, 0.875
surrogate, 70, 33.0, 0.875
surrogate, 70, 33.0, 0.875
surrogate, 70, 32.0, 0.78125
surrogate, 70, 32.0, 0.78125
surrogate, 70, 32.0, 0.78125
surrogate, 70, 32.0, 0.78125
surrogate, 70, 32.0, 0.78125
surrogate, 70, 32.0, 0.78125
surrogate, 70, 32.0, 0.78125
surrogate, 70, 32.0, 0.78125
surrogate, 70, 32.0, 0.78125
surrogate, 70, 32.0, 0.78125
surrogate, 70, 32.0, 0.78125
surrogate, 70, 32.0, 0.78125
surrogate, 70, 32.0, 0.78125
surrogate, 70, 32.0, 0.78125
surrogate, 70, 32.0, 0.78125
surrogate, 70, 32.0, 0.78125
surrogate, 70, 32.0, 0.78125
surrogate, 70, 29.0, 0.59375
surrogate, 70, 29.0, 0.59375
surrogate, 70, 26.0, 0.5
surrogate, 70, 24.0, 0.3125
surrogate, 70, 24.0, 0.3125
surrogate, 70, 24.0, 0.3125
surrogate, 70, 24.0, 0.3125
surrogate, 70, 24.0, 0.3125
surrogate, 70, 24.0, 0.3125
surrogate, 70, 24.0, 0.3125
surrogate, 70, 24.0, 0.3125
surrogate, 70, 24.0, 0.3125
surrogate, 70, 24.0, 0.3125
surrogate, 70, 24.0, 0.3125
surrogate, 70, 24.0, 0.3125
surrogate, 70, 24.0, 0.3125
surrogate, 70, 24.0, 0.3125
surrogate, 70, 24.0, 0.3125
surrogate, 70, 24.0, 0.3125
surrogate, 70, 24.0, 0.3125
surrogate, 70, 24.0, 0.3125
surrogate, 70, 24.0, 0.3125
surrogate, 70, 24.0, 0.3125
surrogate, 70, 24.0, 0.3125
surrogate, 70, 24.0, 0.3125
surrogate, 70, 24.0, 0.3125
surrogate, 70, 24.0, 0.3125
surrogate, 70, 24.0, 0.3125
surrogate, 70, 24.0, 0.3125
surrogate, 70, 24.0, 0.3125
surrogate, 70, 20.0, 0.0625
surrogate, 70, 20.0, 0.0625
surrogate, 70, 20.0, 0.0625
surrogate, 71, 33.0, 0.875
surrogate, 71, 33.0, 0.875
surrogate, 71, 33.0, 0.875
surrogate, 71, 33.0, 0.875
surrogate, 71, 33.0, 0.875
surrogate, 71, 33.0, 0.875
surrogate, 71, 33.0, 0.875
surrogate, 71, 33.0, 0.875
surrogate, 71, 33.0, 0.875
surrogate, 71, 33.0, 0.875
surrogate, 71, 33.0, 0.875
surrogate, 71, 33.0, 0.875
surrogate, 71, 33.0, 0.875
surrogate, 71, 33.0, 0.875
surrogate, 71, 33.0, 0.875
surrogate, 71, 31.0, 0.78125
surrogate, 71, 29.0, 0.59375
surrogate, 71, 29.0, 0.59375
surrogate, 71, 26.0, 0.5
surrogate, 71, 23.0, 0.3125
surrogate, 71, 20.0, 0.0625
surrogate, 71, 20.0, 0.0625
surrogate, 71, 20.0, 0.0625
surrogate, 72, 33.0, 0.875
surrogate, 72, 33.0, 0.875
surrogate, 72, 33.0, 0.875
surrogate, 72, 33.0, 0.875
surrogate, 72, 33.0, 0.875
surrogate, 72, 33.0, 0.875
surrogate, 72, 33.0, 0.875
surrogate, 72, 33.0, 0.875
surrogate, 72, 33.0, 0.875
surrogate, 72, 33.0, 0.875
surrogate, 72, 33.0, 0.875
surrogate, 72, 33.0, 0.875
surrogate, 72, 33.0, 0.875
surrogate, 72, 33.0, 0.875
surrogate, 72, 33.0, 0.875
surrogate, 72, 33.0, 0.875
surrogate, 72, 31.0, 0.78125
surrogate, 72, 28.0, 0.59375
surrogate, 72, 28.0, 0.59375
surrogate, 72, 26.0, 0.5
surrogate, 72, 23.0, 0.3125
surrogate, 72, 20.0, 0.0625
surrogate, 72, 20.0, 0.0625
surrogate, 72, 20.0, 0.0625
surrogate, 72, 20.0, 0.0625
surrogate, 73, 32.0, 0.875
surrogate, 73, 32.0, 0.875
surrogate, 73, 31.0, 0.78125
surrogate, 73, 28.0, 0.59375
surrogate, 73, 28.0, 0.59375
surrogate, 73, 26.0, 0.5
surrogate, 73, 23.0, 0.3125
surrogate, 73, 23.0, 0.3125
surrogate, 73, 20.0, 0.0625
surrogate, 73, 20.0, 0.0625
surrogate, 73, 20.0, 0.0625
surrogate, 73, 20.0, 0.0625
surrogate, 73, 20.0, 0.0625
surrogate, 73, 20.0, 0.0625
surrogate, 74, 32.0, 0.875
surrogate, 74, 32.0, 0.875
surrogate, 74, 31.0, 0.78125
surrogate, 74, 31.0, 0.78125
surrogate, 74, 31.0, 0.78125
surrogate, 74, 28.0, 0.59375
surrogate, 74, 28.0, 0.59375
surrogate, 74, 26.0, 0.5
surrogate, 74, 23.0, 0.3125
surrogate, 74, 23.0, 0.3125
surrogate, 74, 20.0, 0.0625
surrogate, 74, 20.0, 0.0625
surrogate, 74, 20.0, 0.0625
surrogate, 74, 20.0, 0.0625
surrogate, 74, 20.0, 0.0625
surrogate, 74, 20.0, 0.0625
surrogate, 74, 20.0, 0.0625
surrogate, 74, 20.0, 0.0625
surrogate, 75, 32.0, 0.875
surrogate, 75, 32.0, 0.875
surrogate, 75, 31.0, 0.78125
surrogate, 75, 31.0, 0.78125
surrogate, 75, 31.0, 0.78125
surrogate, 75, 28.0, 0.59375
surrogate, 75, 28.0, 0.59375
surrogate, 75, 26.0, 0.5
surrogate, 75, 26.0, 0.5
surrogate, 75, 23.0, 0.3125
surrogate, 75, 23.0, 0.3125
surrogate, 75, 23.0, 0.3125
surrogate, 75, 20.0, 0.0625
surrogate, 75, 20.0, 0.0625
surrogate, 75, 20.0, 0.0625
surrogate, 75, 20.0, 0.0625
surrogate, 75, 20.0, 0.0625
surrogate, 75, 20.0, 0.0625
surrogate, 75, 20.0, 0.0625
surrogate, 75, 20.0, 0.0625
surrogate, 75, 20.0, 0.0625
surrogate, 76, 32.0, 0.875
surrogate, 76, 32.0, 0.875
surrogate, 76, 31.0, 0.78125
surrogate, 76, 31.0, 0.78125
surrogate, 76, 31.0, 0.78125
surrogate, 76, 28.0, 0.59375
surrogate, 76, 28.0, 0.59375
surrogate, 76, 26.0, 0.5
surrogate, 76, 26.0, 0.5
surrogate, 76, 23.0, 0.3125
surrogate, 76, 23.0, 0.3125
surrogate, 76, 23.0, 0.3125
surrogate, 76, 20.0, 0.0625
surrogate, 76, 20.0, 0.0625
surrogate, 76, 20.0, 0.0625
surrogate, 76, 20.0, 0.0625
surrogate, 76, 20.0, 0.0625
surrogate, 76, 20.0, 0.0625
surrogate, 76, 20.0, 0.0625
surrogate, 76, 20.0, 0.0625
surrogate, 76, 20.0, 0.0625
surrogate, 77, 32.0, 0.875
surrogate, 77, 32.0, 0.875
surrogate, 77, 32.0, 0.875
surrogate, 77, 31.0, 0.78125
surrogate, 77, 31.0, 0.78125
surrogate, 77, 31.0, 0.78125
surrogate, 77, 28.0, 0.59375
surrogate, 77, 28.0, 0.59375
surrogate, 77, 26.0, 0.5
surrogate, 77, 26.0, 0.5
surrogate, 77, 23.0, 0.3125
surrogate, 77, 23.0, 0.3125
surrogate, 77, 23.0, 0.3125
surrogate, 77, 20.0, 0.0625
surrogate, 77, 20.0, 0.0625
surrogate, 77, 20.0, 0.0625
surrogate, 77, 20.0, 0.0625
surrogate, 77, 20.0, 0.0625
surrogate, 77, 20.0, 0.0625
surrogate, 77, 20.0, 0.0625
surrogate, 77, 20.0, 0.0625
surrogate, 77, 20.0, 0.0625
surrogate, 77, 20.0, 0.0625
surrogate, 78, 32.0, 0.875
surrogate, 78, 32.0, 0.875
surrogate, 78, 32.0, 0.875
surrogate, 78, 31.0, 0.78125
surrogate, 78, 31.0, 0.78125
surrogate, 78, 31.0, 0.78125
surrogate, 78, 28.0, 0.59375
surrogate, 78, 28.0, 0.59375
surrogate, 78, 26.0, 0.5
surrogate, 78, 26.0, 0.5
surrogate, 78, 23.0, 0.3125
surrogate, 78, 23.0, 0.3125
surrogate, 78, 23.0, 0.3125
surrogate, 78, 20.0, 0.0625
surrogate, 78, 20.0, 0.0625
surrogate, 78, 20.0, 0.0625
surrogate, 78, 20.0, 0.0625
surrogate, 78, 20.0, 0.0625
surrogate, 78, 20.0, 0.0625
surrogate, 78, 20.0, 0.0625
surrogate, 78, 20.0, 0.0625
surrogate, 78, 20.0, 0.0625
surrogate, 78, 20.0, 0.0625
surrogate, 79, 32.0, 0.875
surrogate, 79, 32.0, 0.875
surrogate, 79, 32.0, 0.875
surrogate, 79, 31.0, 0.78125
surrogate, 79, 31.0, 0.78125
surrogate, 79, 31.0, 0.78125
surrogate, 79, 28.0, 0.59375
surrogate, 79, 28.0, 0.59375
surrogate, 79, 26.0, 0.5
surrogate, 79, 26.0, 0.5
surrogate, 79, 23.0, 0.3125
surrogate, 79, 23.0, 0.3125
surrogate, 79, 23.0, 0.3125
surrogate, 79, 20.0, 0.0625
surrogate, 79, 20.0, 0.0625
surrogate, 79, 20.0, 0.0625
surrogate, 79, 20.0, 0.0625
surrogate, 79, 20.0, 0.0625
surrogate, 79, 20.0, 0.0625
surrogate, 79, 20.0, 0.0625
surrogate, 79, 20.0, 0.0625
surrogate, 79, 20.0, 0.0625
surrogate, 79, 20.0, 0.0625
surrogate, 79, 20.0, 0.0625
surrogate, 80, 32.0, 0.875
surrogate, 80, 32.0, 0.875
surrogate, 80, 32.0, 0.875
surrogate, 80, 31.0, 0.78125
surrogate, 80, 31.0, 0.78125
surrogate, 80, 31.0, 0.78125
surrogate, 80, 28.0, 0.59375
surrogate, 80, 28.0, 0.59375
surrogate, 80, 28.0, 0.59375
surrogate, 80, 26.0, 0.5
surrogate, 80, 26.0, 0.5
surrogate, 80, 23.0, 0.3125
surrogate, 80, 23.0, 0.3125
surrogate, 80, 23.0, 0.3125
surrogate, 80, 20.0, 0.0625
surrogate, 80, 20.0, 0.0625
surrogate, 80, 20.0, 0.0625
surrogate, 80, 20.0, 0.0625
surrogate, 80, 20.0, 0.0625
surrogate, 80, 20.0, 0.0625
surrogate, 80, 20.0, 0.0625
surrogate, 80, 20.0, 0.0625
surrogate, 80, 20.0, 0.0625
surrogate, 80, 20.0, 0.0625
surrogate, 80, 20.0, 0.0625
surrogate, 81, 32.0, 0.875
surrogate, 81, 32.0, 0.875
surrogate, 81, 32.0, 0.875
surrogate, 81, 32.0, 0.875
surrogate, 81, 31.0, 0.78125
surrogate, 81, 31.0, 0.78125
surrogate, 81, 31.0, 0.78125
surrogate, 81, 28.0, 0.59375
surrogate, 81, 28.0, 0.59375
surrogate, 81, 28.0, 0.59375
surrogate, 81, 28.0, 0.59375
surrogate, 81, 26.0, 0.5
surrogate, 81, 26.0, 0.5
surrogate, 81, 23.0, 0.3125
surrogate, 81, 23.0, 0.3125
surrogate, 81, 23.0, 0.3125
surrogate, 81, 20.0, 0.0625
surrogate, 81, 20.0, 0.0625
surrogate, 81, 20.0, 0.0625
surrogate, 81, 20.0, 0.0625
surrogate, 81, 20.0, 0.0625
surrogate, 81, 20.0, 0.0625
surrogate, 81, 20.0, 0.0625
surrogate, 81, 20.0, 0.0625
surrogate, 81, 20.0, 0.0625
surrogate, 81, 20.0, 0.0625
surrogate, 81, 20.0, 0.0625
surrogate, 81, 20.0, 0.0625
surrogate, 82, 32.0, 0.875
surrogate, 82, 32.0, 0.875
surrogate, 82, 32.0, 0.875
surrogate, 82, 32.0, 0.875
surrogate, 82, 31.0, 0.78125
surrogate, 82, 31.0, 0.78125
surrogate, 82, 31.0, 0.78125
surrogate, 82, 30.0, 0.625
surrogate, 82, 28.0, 0.59375
surrogate, 82, 28.0, 0.59375
surrogate, 82, 28.0, 0.59375
surrogate, 82, 28.0, 0.59375
surrogate, 82, 28.0, 0.59375
surrogate, 82, 26.0, 0.5
surrogate, 82, 26.0, 0.5
surrogate, 82, 23.0, 0.3125
surrogate, 82, 23.0, 0.3125
surrogate, 82, 23.0, 0.3125
surrogate, 82, 23.0, 0.3125
surrogate, 82, 20.0, 0.0625
surrogate, 82, 20.0, 0.0625
surrogate, 82, 20.0, 0.0625
surrogate, 82, 20.0, 0.0625
surrogate, 82, 20.0, 0.0625
surrogate, 82, 20.0, 0.0625
surrogate, 82, 20.0, 0.0625
surrogate, 82, 20.0, 0.0625
surrogate, 82, 20.0, 0.0625
surrogate, 82, 20.0, 0.0625
surrogate, 82, 20.0, 0.0625
surrogate, 82, 20.0, 0.0625
surrogate, 83, 32.0, 0.875
surrogate, 83, 32.0, 0.875
surrogate, 83, 32.0, 0.875
surrogate, 83, 32.0, 0.875
surrogate, 83, 31.0, 0.78125
surrogate, 83, 31.0, 0.78125
surrogate, 83, 31.0, 0.78125
surrogate, 83, 30.0, 0.625
surrogate, 83, 28.0, 0.59375
surrogate, 83, 28.0, 0.59375
surrogate, 83, 28.0, 0.59375
surrogate, 83, 28.0, 0.59375
surrogate, 83, 28.0, 0.59375
surrogate, 83, 26.0, 0.5
surrogate, 83, 26.0, 0.5
surrogate, 83, 23.0, 0.3125
surrogate, 83, 23.0, 0.3125
surrogate, 83, 23.0, 0.3125
surrogate, 83, 23.0, 0.3125
surrogate, 83, 23.0, 0.3125
surrogate, 83, 20.0, 0.0625
surrogate, 83, 20.0, 0.0625
surrogate, 83, 20.0, 0.0625
surrogate, 83, 20.0, 0.0625
surrogate, 83, 20.0, 0.0625
surrogate, 83, 20.0, 0.0625
surrogate, 83, 20.0, 0.0625
surrogate, 83, 20.0, 0.0625
surrogate, 83, 20.0, 0.0625
surrogate, 83, 20.0, 0.0625
surrogate, 83, 20.0, 0.0625
surrogate, 83, 20.0, 0.0625
surrogate, 84, 32.0, 0.875
surrogate, 84, 32.0, 0.875
surrogate, 84, 32.0, 0.875
surrogate, 84, 32.0, 0.875
surrogate, 84, 31.0, 0.78125
surrogate, 84, 31.0, 0.78125
surrogate, 84, 31.0, 0.78125
surrogate, 84, 30.0, 0.625
surrogate, 84, 28.0, 0.59375
surrogate, 84, 28.0, 0.59375
surrogate, 84, 28.0, 0.59375
surrogate, 84, 28.0, 0.59375
surrogate, 84, 28.0, 0.59375
surrogate, 84, 26.0, 0.5
surrogate, 84, 26.0, 0.5
surrogate, 84, 26.0, 0.5
surrogate, 84, 23.0, 0.3125
surrogate, 84, 23.0, 0.3125
surrogate, 84, 23.0, 0.3125
surrogate, 84, 23.0, 0.3125
surrogate, 84, 23.0, 0.3125
surrogate, 84, 23.0, 0.3125
surrogate, 84, 20.0, 0.0625
surrogate, 84, 20.0, 0.0625
surrogate, 84, 20.0, 0.0625
surrogate, 84, 20.0, 0.0625
surrogate, 84, 20.0, 0.0625
surrogate, 84, 20.0, 0.0625
surrogate, 84, 20.0, 0.0625
surrogate, 84, 20.0, 0.0625
surrogate, 84, 20.0, 0.0625
surrogate, 84, 20.0, 0.0625
surrogate, 84, 20.0, 0.0625
surrogate, 84, 20.0, 0.0625
surrogate, 84, 20.0, 0.0625
surrogate, 85, 32.0, 0.875
surrogate, 85, 32.0, 0.875
surrogate, 85, 32.0, 0.875
surrogate, 85, 32.0, 0.875
surrogate, 85, 31.0, 0.78125
surrogate, 85, 31.0, 0.78125
surrogate, 85, 31.0, 0.78125
surrogate, 85, 30.0, 0.625
surrogate, 85, 28.0, 0.59375
surrogate, 85, 28.0, 0.59375
surrogate, 85, 28.0, 0.59375
surrogate, 85, 28.0, 0.59375
surrogate, 85, 28.0, 0.59375
surrogate, 85, 28.0, 0.59375
surrogate, 85, 26.0, 0.5
surrogate, 85, 26.0, 0.5
surrogate, 85, 26.0, 0.5
surrogate, 85, 23.0, 0.3125
surrogate, 85, 23.0, 0.3125
surrogate, 85, 23.0, 0.3125
surrogate, 85, 23.0, 0.3125
surrogate, 85, 23.0, 0.3125
surrogate, 85, 23.0, 0.3125
surrogate, 85, 23.0, 0.3125
surrogate, 85, 20.0, 0.0625
surrogate, 85, 20.0, 0.0625
surrogate, 85, 20.0, 0.0625
surrogate, 85, 20.0, 0.0625
surrogate, 85, 20.0, 0.0625
surrogate, 85, 20.0, 0.0625
surrogate, 85, 20.0, 0.0625
surrogate, 85, 20.0, 0.0625
surrogate, 85, 20.0, 0.0625
surrogate, 85, 20.0, 0.0625
surrogate, 85, 20.0, 0.0625
surrogate, 85, 20.0, 0.0625
surrogate, 85, 20.0, 0.0625
surrogate, 86, 32.0, 0.875
surrogate, 86, 32.0, 0.875
surrogate, 86, 32.0, 0.875
surrogate, 86, 32.0, 0.875
surrogate, 86, 32.0, 0.875
surrogate, 86, 31.0, 0.78125
surrogate, 86, 31.0, 0.78125
surrogate, 86, 31.0, 0.78125
surrogate, 86, 30.0, 0.625
surrogate, 86, 30.0, 0.625
surrogate, 86, 28.0, 0.59375
surrogate, 86, 28.0, 0.59375
surrogate, 86, 28.0, 0.59375
surrogate, 86, 28.0, 0.59375
surrogate, 86, 28.0, 0.59375
surrogate, 86, 28.0, 0.59375
surrogate, 86, 28.0, 0.59375
surrogate, 86, 26.0, 0.5
surrogate, 86, 26.0, 0.5
surrogate, 86, 26.0, 0.5
surrogate, 86, 26.0, 0.5
surrogate, 86, 23.0, 0.3125
surrogate, 86, 23.0, 0.3125
surrogate, 86, 23.0, 0.3125
surrogate, 86, 23.0, 0.3125
surrogate, 86, 23.0, 0.3125
surrogate, 86, 23.0, 0.3125
surrogate, 86, 23.0, 0.3125
surrogate, 86, 20.0, 0.0625
surrogate, 86, 20.0, 0.0625
surrogate, 86, 20.0, 0.0625
surrogate, 86, 20.0, 0.0625
surrogate, 86, 20.0, 0.0625
surrogate, 86, 20.0, 0.0625
surrogate, 86, 20.0, 0.0625
surrogate, 86, 20.0, 0.0625
surrogate, 86, 20.0, 0.0625
surrogate, 86, 20.0, 0.0625
surrogate, 86, 20.0, 0.0625
surrogate, 86, 20.0, 0.0625
surrogate, 86, 20.0, 0.0625
surrogate, 86, 20.0, 0.0625
surrogate, 87, 32.0, 0.875
surrogate, 87, 32.0, 0.875
surrogate, 87, 32.0, 0.875
surrogate, 87, 32.0, 0.875
surrogate, 87, 32.0, 0.875
surrogate, 87, 31.0, 0.78125
surrogate, 87, 31.0, 0.78125
surrogate, 87, 31.0, 0.78125
surrogate, 87, 30.0, 0.625
surrogate, 87, 30.0, 0.625
surrogate, 87, 28.0, 0.59375
surrogate, 87, 28.0, 0.59375
surrogate, 87, 28.0, 0.59375
surrogate, 87, 28.0, 0.59375
surrogate, 87, 28.0, 0.59375
surrogate, 87, 28.0, 0.59375
surrogate, 87, 28.0, 0.59375
surrogate, 87, 26.0, 0.5
surrogate, 87, 26.0, 0.5
surrogate, 87, 26.0, 0.5
surrogate, 87, 26.0, 0.5
surrogate, 87, 23.0, 0.3125
surrogate, 87, 23.0, 0.3125
surrogate, 87, 23.0, 0.3125
surrogate, 87, 23.0, 0.3125
surrogate, 87, 23.0, 0.3125
surrogate, 87, 23.0, 0.3125
surrogate, 87, 23.0, 0.3125
surrogate, 87, 23.0, 0.3125
surrogate, 87, 20.0, 0.0625
surrogate, 87, 20.0, 0.0625
surrogate, 87, 20.0, 0.0625
surrogate, 87, 20.0, 0.0625
surrogate, 87, 20.0, 0.0625
surrogate, 87, 20.0, 0.0625
surrogate, 87, 20.0, 0.0625
surrogate, 87, 20.0, 0.0625
surrogate, 87, 20.0, 0.0625
surrogate, 87, 20.0, 0.0625
surrogate, 87, 20.0, 0.0625
surrogate, 87, 20.0, 0.0625
surrogate, 87, 20.0, 0.0625
surrogate, 87, 20.0, 0.0625
surrogate, 87, 20.0, 0.0625
surrogate, 88, 32.0, 0.875
surrogate, 88, 32.0, 0.875
surrogate, 88, 32.0, 0.875
surrogate, 88, 32.0, 0.875
surrogate, 88, 32.0, 0.875
surrogate, 88, 32.0, 0.875
surrogate, 88, 31.0, 0.78125
surrogate, 88, 31.0, 0.78125
surrogate, 88, 31.0, 0.78125
surrogate, 88, 30.0, 0.625
surrogate, 88, 30.0, 0.625
surrogate, 88, 30.0, 0.625
surrogate, 88, 28.0, 0.59375
surrogate, 88, 28.0, 0.59375
surrogate, 88, 28.0, 0.59375
surrogate, 88, 28.0, 0.59375
surrogate, 88, 28.0, 0.59375
surrogate, 88, 28.0, 0.59375
surrogate, 88, 28.0, 0.59375
surrogate, 88, 26.0, 0.5
surrogate, 88, 26.0, 0.5
surrogate, 88, 26.0, 0.5
surrogate, 88, 26.0, 0.5
surrogate, 88, 26.0, 0.5
surrogate, 88, 23.0, 0.3125
surrogate, 88, 23.0, 0.3125
surrogate, 88, 23.0, 0.3125
surrogate, 88, 23.0, 0.3125
surrogate, 88, 23.0, 0.3125
surrogate, 88, 23.0, 0.3125
surrogate, 88, 23.0, 0.3125
surrogate, 88, 23.0, 0.3125
surrogate, 88, 20.0, 0.0625
surrogate, 88, 20.0, 0.0625
surrogate, 88, 20.0, 0.0625
surrogate, 88, 20.0, 0.0625
surrogate, 88, 20.0, 0.0625
surrogate, 88, 20.0, 0.0625
surrogate, 88, 20.0, 0.0625
surrogate, 88, 20.0, 0.0625
surrogate, 88, 20.0, 0.0625
surrogate, 88, 20.0, 0.0625
surrogate, 88, 20.0, 0.0625
surrogate, 88, 20.0, 0.0625
surrogate, 88, 20.0, 0.0625
surrogate, 88, 20.0, 0.0625
surrogate, 88, 20.0, 0.0625
surrogate, 89, 32.0, 0.875
surrogate, 89, 32.0, 0.875
surrogate, 89, 32.0, 0.875
surrogate, 89, 32.0, 0.875
surrogate, 89, 32.0, 0.875
surrogate, 89, 32.0, 0.875
surrogate, 89, 32.0, 0.875
surrogate, 89, 31.0, 0.78125
surrogate, 89, 31.0, 0.78125
surrogate, 89, 31.0, 0.78125
surrogate, 89, 31.0, 0.78125
surrogate, 89, 30.0, 0.625
surrogate, 89, 30.0, 0.625
surrogate, 89, 30.0, 0.625
surrogate, 89, 30.0, 0.625
surrogate, 89, 28.0, 0.59375
surrogate, 89, 28.0, 0.59375
surrogate, 89, 28.0, 0.59375
surrogate, 89, 28.0, 0.59375
surrogate, 89, 28.0, 0.59375
surrogate, 89, 28.0, 0.59375
surrogate, 89, 28.0, 0.59375
surrogate, 89, 26.0, 0.5
surrogate, 89, 26.0, 0.5
surrogate, 89, 26.0, 0.5
surrogate, 89, 26.0, 0.5
surrogate, 89, 26.0, 0.5
surrogate, 89, 23.0, 0.3125
surrogate, 89, 23.0, 0.3125
surrogate, 89, 23.0, 0.3125
surrogate, 89, 23.0, 0.3125
surrogate, 89, 23.0, 0.3125
surrogate, 89, 23.0, 0.3125
surrogate, 89, 23.0, 0.3125
surrogate, 89, 23.0, 0.3125
surrogate, 89, 20.0, 0.0625
surrogate, 89, 20.0, 0.0625
surrogate, 89, 20.0, 0.0625
surrogate, 89, 20.0, 0.0625
surrogate, 89, 20.0, 0.0625
surrogate, 89, 20.0, 0.0625
surrogate, 89, 20.0, 0.0625
surrogate, 89, 20.0, 0.0625
surrogate, 89, 20.0, 0.0625
surrogate, 89, 20.0, 0.0625
surrogate, 89, 20.0, 0.0625
surrogate, 89, 20.0, 0.0625
surrogate, 89, 20.0, 0.0625
surrogate, 89, 20.0, 0.0625
surrogate, 89, 20.0, 0.0625
surrogate, 90, 32.0, 0.875
surrogate, 90, 32.0, 0.875
surrogate, 90, 32.0, 0.875
surrogate, 90, 32.0, 0.875
surrogate, 90, 32.0, 0.875
surrogate, 90, 32.0, 0.875
surrogate, 90, 32.0, 0.875
surrogate, 90, 32.0, 0.875
surrogate, 90, 31.0, 0.78125
surrogate, 90, 31.0, 0.78125
surrogate, 90, 31.0, 0.78125
surrogate, 90, 31.0, 0.78125
surrogate, 90, 30.0, 0.625
surrogate, 90, 30.0, 0.625
surrogate, 90, 30.0, 0.625
surrogate, 90, 30.0, 0.625
surrogate, 90, 28.0, 0.59375
surrogate, 90, 28.0, 0.59375
surrogate, 90, 28.0, 0.59375
surrogate, 90, 28.0, 0.59375
surrogate, 90, 28.0, 0.59375
surrogate, 90, 28.0, 0.59375
surrogate, 90, 28.0, 0.59375
surrogate, 90, 26.0, 0.5
surrogate, 90, 26.0, 0.5
surrogate, 90, 26.0, 0.5
surrogate, 90, 26.0, 0.5
surrogate, 90, 26.0, 0.5
surrogate, 90, 23.0, 0.3125
surrogate, 90, 23.0, 0.3125
surrogate, 90, 23.0, 0.3125
surrogate, 90, 23.0, 0.3125
surrogate, 90, 23.0, 0.3125
surrogate, 90, 23.0, 0.3125
surrogate, 90, 23.0, 0.3125
surrogate, 90, 23.0, 0.3125
surrogate, 90, 23.0, 0.3125
surrogate, 90, 20.0, 0.0625
surrogate, 90, 20.0, 0.0625
surrogate, 90, 20.0, 0.0625
surrogate, 90, 20.0, 0.0625
surrogate, 90, 20.0, 0.0625
surrogate, 90, 20.0, 0.0625
surrogate, 90, 20.0, 0.0625
surrogate, 90, 20.0, 0.0625
surrogate, 90, 20.0, 0.0625
surrogate, 90, 20.0, 0.0625
surrogate, 90, 20.0, 0.0625
surrogate, 90, 20.0, 0.0625
surrogate, 90, 20.0, 0.0625
surrogate, 90, 20.0, 0.0625
surrogate, 90, 20.0, 0.0625
surrogate, 91, 32.0, 0.875
surrogate, 91, 32.0, 0.875
surrogate, 91, 32.0, 0.875
surrogate, 91, 32.0, 0.875
surrogate, 91, 32.0, 0.875
surrogate, 91, 32.0, 0.875
surrogate, 91, 32.0, 0.875
surrogate, 91, 32.0, 0.875
surrogate, 91, 31.0, 0.78125
surrogate, 91, 31.0, 0.78125
surrogate, 91, 31.0, 0.78125
surrogate, 91, 31.0, 0.78125
surrogate, 91, 31.0, 0.78125
surrogate, 91, 30.0, 0.625
surrogate, 91, 30.0, 0.625
surrogate, 91, 30.0, 0.625
surrogate, 91, 30.0, 0.625
surrogate, 91, 28.0, 0.59375
surrogate, 91, 28.0, 0.59375
surrogate, 91, 28.0, 0.59375
surrogate, 91, 28.0, 0.59375
surrogate, 91, 28.0, 0.59375
surrogate, 91, 28.0, 0.59375
surrogate, 91, 28.0, 0.59375
surrogate, 91, 28.0, 0.59375
surrogate, 91, 26.0, 0.5
surrogate, 91, 26.0, 0.5
surrogate, 91, 26.0, 0.5
surrogate, 91, 26.0, 0.5
surrogate, 91, 26.0, 0.5
surrogate, 91, 23.0, 0.3125
surrogate, 91, 23.0, 0.3125
surrogate, 91, 23.0, 0.3125
surrogate, 91, 23.0, 0.3125
surrogate, 91, 23.0, 0.3125
surrogate, 91, 23.0, 0.3125
surrogate, 91, 23.0, 0.3125
surrogate, 91, 23.0, 0.3125
surrogate, 91, 23.0, 0.3125
surrogate, 91, 23.0, 0.3125
surrogate, 91, 20.0, 0.0625
surrogate, 91, 20.0, 0.0625
surrogate, 91, 20.0, 0.0625
surrogate, 91, 20.0, 0.0625
surrogate, 91, 20.0, 0.0625
surrogate, 91, 20.0, 0.0625
surrogate, 91, 20.0, 0.0625
surrogate, 91, 20.0, 0.0625
surrogate, 91, 20.0, 0.0625
surrogate, 91, 20.0, 0.0625
surrogate, 91, 20.0, 0.0625
surrogate, 91, 20.0, 0.0625
surrogate, 91, 20.0, 0.0625
surrogate, 91, 20.0, 0.0625
surrogate, 91, 20.0, 0.0625
surrogate, 91, 20.0, 0.0625
surrogate, 92, 32.0, 0.875
surrogate, 92, 32.0, 0.875
surrogate, 92, 32.0, 0.875
surrogate, 92, 32.0, 0.875
surrogate, 92, 32.0, 0.875
surrogate, 92, 32.0, 0.875
surrogate, 92, 32.0, 0.875
surrogate, 92, 32.0, 0.875
surrogate, 92, 31.0, 0.78125
surrogate, 92, 31.0, 0.78125
surrogate, 92, 31.0, 0.78125
surrogate, 92, 31.0, 0.78125
surrogate, 92, 31.0, 0.78125
surrogate, 92, 30.0, 0.625
surrogate, 92, 30.0, 0.625
surrogate, 92, 30.0, 0.625
surrogate, 92, 30.0, 0.625
surrogate, 92, 28.0, 0.59375
surrogate, 92, 28.0, 0.59375
surrogate, 92, 28.0, 0.59375
surrogate, 92, 28.0, 0.59375
surrogate, 92, 28.0, 0.59375
surrogate, 92, 28.0, 0.59375
surrogate, 92, 28.0, 0.59375
surrogate, 92, 28.0, 0.59375
surrogate, 92, 26.0, 0.5
surrogate, 92, 26.0, 0.5
surrogate, 92, 26.0, 0.5
surrogate, 92, 26.0, 0.5
surrogate, 92, 26.0, 0.5
surrogate, 92, 26.0, 0.5
surrogate, 92, 23.0, 0.3125
surrogate, 92, 23.0, 0.3125
surrogate, 92, 23.0, 0.3125
surrogate, 92, 23.0, 0.3125
surrogate, 92, 23.0, 0.3125
surrogate, 92, 23.0, 0.3125
surrogate, 92, 23.0, 0.3125
surrogate, 92, 23.0, 0.3125
surrogate, 92, 23.0, 0.3125
surrogate, 92, 23.0, 0.3125
surrogate, 92, 20.0, 0.0625
surrogate, 92, 20.0, 0.0625
surrogate, 92, 20.0, 0.0625
surrogate, 92, 20.0, 0.0625
surrogate, 92, 20.0, 0.0625
surrogate, 92, 20.0, 0.0625
surrogate, 92, 20.0, 0.0625
surrogate, 92, 20.0, 0.0625
surrogate, 92, 20.0, 0.0625
surrogate, 92, 20.0, 0.0625
surrogate, 92, 20.0, 0.0625
surrogate, 92, 20.0, 0.0625
surrogate, 92, 20.0, 0.0625
surrogate, 92, 20.0, 0.0625
surrogate, 92, 20.0, 0.0625
surrogate, 92, 20.0, 0.0625
surrogate, 93, 32.0, 0.875
surrogate, 93, 32.0, 0.875
surrogate, 93, 32.0, 0.875
surrogate, 93, 32.0, 0.875
surrogate, 93, 32.0, 0.875
surrogate, 93, 32.0, 0.875
surrogate, 93, 32.0, 0.875
surrogate, 93, 32.0, 0.875
surrogate, 93, 31.0, 0.78125
surrogate, 93, 31.0, 0.78125
surrogate, 93, 31.0, 0.78125
surrogate, 93, 31.0, 0.78125
surrogate, 93, 31.0, 0.78125
surrogate, 93, 30.0, 0.625
surrogate, 93, 30.0, 0.625
surrogate, 93, 30.0, 0.625
surrogate, 93, 30.0, 0.625
surrogate, 93, 28.0, 0.59375
surrogate, 93, 28.0, 0.59375
surrogate, 93, 28.0, 0.59375
surrogate, 93, 28.0, 0.59375
surrogate, 93, 28.0, 0.59375
surrogate, 93, 28.0, 0.59375
surrogate, 93, 28.0, 0.59375
surrogate, 93, 28.0, 0.59375
surrogate, 93, 26.0, 0.5
surrogate, 93, 26.0, 0.5
surrogate, 93, 26.0, 0.5
surrogate, 93, 26.0, 0.5
surrogate, 93, 26.0, 0.5
surrogate, 93, 26.0, 0.5
surrogate, 93, 23.0, 0.3125
surrogate, 93, 23.0, 0.3125
surrogate, 93, 23.0, 0.3125
surrogate, 93, 23.0, 0.3125
surrogate, 93, 23.0, 0.3125
surrogate, 93, 23.0, 0.3125
surrogate, 93, 23.0, 0.3125
surrogate, 93, 23.0, 0.3125
surrogate, 93, 23.0, 0.3125
surrogate, 93, 23.0, 0.3125
surrogate, 93, 20.0, 0.0625
surrogate, 93, 20.0, 0.0625
surrogate, 93, 20.0, 0.0625
surrogate, 93, 20.0, 0.0625
surrogate, 93, 20.0, 0.0625
surrogate, 93, 20.0, 0.0625
surrogate, 93, 20.0, 0.0625
surrogate, 93, 20.0, 0.0625
surrogate, 93, 20.0, 0.0625
surrogate, 93, 20.0, 0.0625
surrogate, 93, 20.0, 0.0625
surrogate, 93, 20.0, 0.0625
surrogate, 93, 20.0, 0.0625
surrogate, 93, 20.0, 0.0625
surrogate, 93, 20.0, 0.0625
surrogate, 93, 20.0, 0.0625
surrogate, 94, 32.0, 0.875
surrogate, 94, 32.0, 0.875
surrogate, 94, 32.0, 0.875
surrogate, 94, 32.0, 0.875
surrogate, 94, 32.0, 0.875
surrogate, 94, 32.0, 0.875
surrogate, 94, 32.0, 0.875
surrogate, 94, 32.0, 0.875
surrogate, 94, 31.0, 0.78125
surrogate, 94, 31.0, 0.78125
surrogate, 94, 31.0, 0.78125
surrogate, 94, 31.0, 0.78125
surrogate, 94, 31.0, 0.78125
surrogate, 94, 30.0, 0.625
surrogate, 94, 30.0, 0.625
surrogate, 94, 30.0, 0.625
surrogate, 94, 30.0, 0.625
surrogate, 94, 28.0, 0.59375
surrogate, 94, 28.0, 0.59375
surrogate, 94, 28.0, 0.59375
surrogate, 94, 28.0, 0.59375
surrogate, 94, 28.0, 0.59375
surrogate, 94, 28.0, 0.59375
surrogate, 94, 28.0, 0.59375
surrogate, 94, 28.0, 0.59375
surrogate, 94, 28.0, 0.59375
surrogate, 94, 26.0, 0.5
surrogate, 94, 26.0, 0.5
surrogate, 94, 26.0, 0.5
surrogate, 94, 26.0, 0.5
surrogate, 94, 26.0, 0.5
surrogate, 94, 26.0, 0.5
surrogate, 94, 26.0, 0.5
surrogate, 94, 23.0, 0.3125
surrogate, 94, 23.0, 0.3125
surrogate, 94, 23.0, 0.3125
surrogate, 94, 23.0, 0.3125
surrogate, 94, 23.0, 0.3125
surrogate, 94, 23.0, 0.3125
surrogate, 94, 23.0, 0.3125
surrogate, 94, 23.0, 0.3125
surrogate, 94, 23.0, 0.3125
surrogate, 94, 23.0, 0.3125
surrogate, 94, 20.0, 0.0625
surrogate, 94, 20.0, 0.0625
surrogate, 94, 20.0, 0.0625
surrogate, 94, 20.0, 0.0625
surrogate, 94, 20.0, 0.0625
surrogate, 94, 20.0, 0.0625
surrogate, 94, 20.0, 0.0625
surrogate, 94, 20.0, 0.0625
surrogate, 94, 20.0, 0.0625
surrogate, 94, 20.0, 0.0625
surrogate, 94, 20.0, 0.0625
surrogate, 94, 20.0, 0.0625
surrogate, 94, 20.0, 0.0625
surrogate, 94, 20.0, 0.0625
surrogate, 94, 20.0, 0.0625
surrogate, 94, 20.0, 0.0625
surrogate, 95, 32.0, 0.875
surrogate, 95, 32.0, 0.875
surrogate, 95, 32.0, 0.875
surrogate, 95, 32.0, 0.875
surrogate, 95, 32.0, 0.875
surrogate, 95, 32.0, 0.875
surrogate, 95, 32.0, 0.875
surrogate, 95, 32.0, 0.875
surrogate, 95, 31.0, 0.78125
surrogate, 95, 31.0, 0.78125
surrogate, 95, 31.0, 0.78125
surrogate, 95, 31.0, 0.78125
surrogate, 95, 31.0, 0.78125
surrogate, 95, 30.0, 0.625
surrogate, 95, 30.0, 0.625
surrogate, 95, 30.0, 0.625
surrogate, 95, 30.0, 0.625
surrogate, 95, 28.0, 0.59375
surrogate, 95, 28.0, 0.59375
surrogate, 95, 28.0, 0.59375
surrogate, 95, 28.0, 0.59375
surrogate, 95, 28.0, 0.59375
surrogate, 95, 28.0, 0.59375
surrogate, 95, 28.0, 0.59375
surrogate, 95, 28.0, 0.59375
surrogate, 95, 28.0, 0.59375
surrogate, 95, 28.0, 0.59375
surrogate, 95, 26.0, 0.5
surrogate, 95, 26.0, 0.5
surrogate, 95, 26.0, 0.5
surrogate, 95, 26.0, 0.5
surrogate, 95, 26.0, 0.5
surrogate, 95, 26.0, 0.5
surrogate, 95, 26.0, 0.5
surrogate, 95, 22.0, 0.3125
surrogate, 95, 20.0, 0.0625
surrogate, 95, 20.0, 0.0625
surrogate, 95, 20.0, 0.0625
surrogate, 95, 20.0, 0.0625
surrogate, 95, 20.0, 0.0625
surrogate, 95, 20.0, 0.0625
surrogate, 95, 20.0, 0.0625
surrogate, 95, 20.0, 0.0625
surrogate, 95, 20.0, 0.0625
surrogate, 95, 20.0, 0.0625
surrogate, 95, 20.0, 0.0625
surrogate, 95, 20.0, 0.0625
surrogate, 95, 20.0, 0.0625
surrogate, 95, 20.0, 0.0625
surrogate, 95, 20.0, 0.0625
surrogate, 95, 20.0, 0.0625
surrogate, 95, 20.0, 0.0625
surrogate, 96, 32.0, 0.875
surrogate, 96, 32.0, 0.875
surrogate, 96, 32.0, 0.875
surrogate, 96, 32.0, 0.875
surrogate, 96, 32.0, 0.875
surrogate, 96, 32.0, 0.875
surrogate, 96, 32.0, 0.875
surrogate, 96, 32.0, 0.875
surrogate, 96, 31.0, 0.78125
surrogate, 96, 31.0, 0.78125
surrogate, 96, 31.0, 0.78125
surrogate, 96, 31.0, 0.78125
surrogate, 96, 31.0, 0.78125
surrogate, 96, 29.0, 0.625
surrogate, 96, 28.0, 0.59375
surrogate, 96, 28.0, 0.59375
surrogate, 96, 28.0, 0.59375
surrogate, 96, 28.0, 0.59375
surrogate, 96, 28.0, 0.59375
surrogate, 96, 28.0, 0.59375
surrogate, 96, 28.0, 0.59375
surrogate, 96, 28.0, 0.59375
surrogate, 96, 28.0, 0.59375
surrogate, 96, 28.0, 0.59375
surrogate, 96, 28.0, 0.59375
surrogate, 96, 26.0, 0.5
surrogate, 96, 26.0, 0.5
surrogate, 96, 26.0, 0.5
surrogate, 96, 26.0, 0.5
surrogate, 96, 26.0, 0.5
surrogate, 96, 26.0, 0.5
surrogate, 96, 26.0, 0.5
surrogate, 96, 22.0, 0.3125
surrogate, 96, 20.0, 0.0625
surrogate, 96, 20.0, 0.0625
surrogate, 96, 20.0, 0.0625
surrogate, 96, 20.0, 0.0625
surrogate, 96, 20.0, 0.0625
surrogate, 96, 20.0, 0.0625
surrogate, 96, 20.0, 0.0625
surrogate, 96, 20.0, 0.0625
surrogate, 96, 20.0, 0.0625
surrogate, 96, 20.0, 0.0625
surrogate, 96, 20.0, 0.0625
surrogate, 96, 20.0, 0.0625
surrogate, 96, 20.0, 0.0625
surrogate, 96, 20.0, 0.0625
surrogate, 96, 20.0, 0.0625
surrogate, 96, 20.0, 0.0625
surrogate, 96, 20.0, 0.0625
surrogate, 97, 32.0, 0.875
surrogate, 97, 32.0, 0.875
surrogate, 97, 32.0, 0.875
surrogate, 97, 32.0, 0.875
surrogate, 97, 32.0, 0.875
surrogate, 97, 32.0, 0.875
surrogate, 97, 32.0, 0.875
surrogate, 97, 32.0, 0.875
surrogate, 97, 31.0, 0.78125
surrogate, 97, 31.0, 0.78125
surrogate, 97, 31.0, 0.78125
surrogate, 97, 31.0, 0.78125
surrogate, 97, 31.0, 0.78125
surrogate, 97, 29.0, 0.625
surrogate, 97, 28.0, 0.59375
surrogate, 97, 28.0, 0.59375
surrogate, 97, 28.0, 0.59375
surrogate, 97, 28.0, 0.59375
surrogate, 97, 28.0, 0.59375
surrogate, 97, 28.0, 0.59375
surrogate, 97, 28.0, 0.59375
surrogate, 97, 28.0, 0.59375
surrogate, 97, 28.0, 0.59375
surrogate, 97, 28.0, 0.59375
surrogate, 97, 28.0, 0.59375
surrogate, 97, 28.0, 0.59375
surrogate, 97, 26.0, 0.5
surrogate, 97, 26.0, 0.5
surrogate, 97, 26.0, 0.5
surrogate, 97, 26.0, 0.5
surrogate, 97, 26.0, 0.5
surrogate, 97, 26.0, 0.5
surrogate, 97, 26.0, 0.5
surrogate, 97, 22.0, 0.3125
surrogate, 97, 22.0, 0.3125
surrogate, 97, 20.0, 0.0625
surrogate, 97, 20.0, 0.0625
surrogate, 97, 20.0, 0.0625
surrogate, 97, 20.0, 0.0625
surrogate, 97, 20.0, 0.0625
surrogate, 97, 20.0, 0.0625
surrogate, 97, 20.0, 0.0625
surrogate, 97, 20.0, 0.0625
surrogate, 97, 20.0, 0.0625
surrogate, 97, 20.0, 0.0625
surrogate, 97, 20.0, 0.0625
surrogate, 97, 20.0, 0.0625
surrogate, 97, 20.0, 0.0625
surrogate, 97, 20.0, 0.0625
surrogate, 97, 20.0, 0.0625
surrogate, 97, 20.0, 0.0625
surrogate, 97, 20.0, 0.0625
surrogate, 97, 20.0, 0.0625
surrogate, 98, 32.0, 0.875
surrogate, 98, 32.0, 0.875
surrogate, 98, 32.0, 0.875
surrogate, 98, 32.0, 0.875
surrogate, 98, 32.0, 0.875
surrogate, 98, 32.0, 0.875
surrogate, 98, 32.0, 0.875
surrogate, 98, 32.0, 0.875
surrogate, 98, 31.0, 0.78125
surrogate, 98, 31.0, 0.78125
surrogate, 98, 31.0, 0.78125
surrogate, 98, 31.0, 0.78125
surrogate, 98, 31.0, 0.78125
surrogate, 98, 31.0, 0.78125
surrogate, 98, 29.0, 0.625
surrogate, 98, 28.0, 0.59375
surrogate, 98, 28.0, 0.59375
surrogate, 98, 28.0, 0.59375
surrogate, 98, 28.0, 0.59375
surrogate, 98, 28.0, 0.59375
surrogate, 98, 28.0, 0.59375
surrogate, 98, 28.0, 0.59375
surrogate, 98, 28.0, 0.59375
surrogate, 98, 28.0, 0.59375
surrogate, 98, 28.0, 0.59375
surrogate, 98, 28.0, 0.59375
surrogate, 98, 28.0, 0.59375
surrogate, 98, 26.0, 0.5
surrogate, 98, 26.0, 0.5
surrogate, 98, 26.0, 0.5
surrogate, 98, 26.0, 0.5
surrogate, 98, 26.0, 0.5
surrogate, 98, 26.0, 0.5
surrogate, 98, 26.0, 0.5
surrogate, 98, 22.0, 0.3125
surrogate, 98, 22.0, 0.3125
surrogate, 98, 20.0, 0.0625
surrogate, 98, 20.0, 0.0625
surrogate, 98, 20.0, 0.0625
surrogate, 98, 20.0, 0.0625
surrogate, 98, 20.0, 0.0625
surrogate, 98, 20.0, 0.0625
surrogate, 98, 20.0, 0.0625
surrogate, 98, 20.0, 0.0625
surrogate, 98, 20.0, 0.0625
surrogate, 98, 20.0, 0.0625
surrogate, 98, 20.0, 0.0625
surrogate, 98, 20.0, 0.0625
surrogate, 98, 20.0, 0.0625
surrogate, 98, 20.0, 0.0625
surrogate, 98, 20.0, 0.0625
surrogate, 98, 20.0, 0.0625
surrogate, 98, 20.0, 0.0625
surrogate, 98, 20.0, 0.0625
surrogate, 98, 20.0, 0.0625
surrogate, 99, 32.0, 0.875
surrogate, 99, 32.0, 0.875
surrogate, 99, 32.0, 0.875
surrogate, 99, 32.0, 0.875
surrogate, 99, 32.0, 0.875
surrogate, 99, 32.0, 0.875
surrogate, 99, 32.0, 0.875
surrogate, 99, 32.0, 0.875
surrogate, 99, 32.0, 0.875
surrogate, 99, 31.0, 0.78125
surrogate, 99, 31.0, 0.78125
surrogate, 99, 31.0, 0.78125
surrogate, 99, 31.0, 0.78125
surrogate, 99, 31.0, 0.78125
surrogate, 99, 31.0, 0.78125
surrogate, 99, 29.0, 0.625
surrogate, 99, 28.0, 0.59375
surrogate, 99, 28.0, 0.59375
surrogate, 99, 28.0, 0.59375
surrogate, 99, 28.0, 0.59375
surrogate, 99, 28.0, 0.59375
surrogate, 99, 28.0, 0.59375
surrogate, 99, 28.0, 0.59375
surrogate, 99, 28.0, 0.59375
surrogate, 99, 28.0, 0.59375
surrogate, 99, 28.0, 0.59375
surrogate, 99, 28.0, 0.59375
surrogate, 99, 28.0, 0.59375
surrogate, 99, 26.0, 0.5
surrogate, 99, 26.0, 0.5
surrogate, 99, 26.0, 0.5
surrogate, 99, 26.0, 0.5
surrogate, 99, 26.0, 0.5
surrogate, 99, 26.0, 0.5
surrogate, 99, 26.0, 0.5
surrogate, 99, 26.0, 0.5
surrogate, 99, 22.0, 0.3125
surrogate, 99, 22.0, 0.3125
surrogate, 99, 20.0, 0.0625
surrogate, 99, 20.0, 0.0625
surrogate, 99, 20.0, 0.0625
surrogate, 99, 20.0, 0.0625
surrogate, 99, 20.0, 0.0625
surrogate, 99, 20.0, 0.0625
surrogate, 99, 20.0, 0.0625
surrogate, 99, 20.0, 0.0625
surrogate, 99, 20.0, 0.0625
surrogate, 99, 20.0, 0.0625
surrogate, 99, 20.0, 0.0625
surrogate, 99, 20.0, 0.0625
surrogate, 99, 20.0, 0.0625
surrogate, 99, 20.0, 0.0625
surrogate, 99, 20.0, 0.0625
surrogate, 99, 20.0, 0.0625
surrogate, 99, 20.0, 0.0625
surrogate, 99, 20.0, 0.0625
surrogate, 99, 20.0, 0.0625
surrogate, 100, 32.0, 0.875
surrogate, 100, 32.0, 0.875
surrogate, 100, 32.0, 0.875
surrogate, 100, 32.0, 0.875
surrogate, 100, 32.0, 0.875
surrogate, 100, 32.0, 0.875
surrogate, 100, 32.0, 0.875
surrogate, 100, 32.0, 0.875
surrogate, 100, 32.0, 0.875
surrogate, 100, 31.0, 0.78125
surrogate, 100, 31.0, 0.78125
surrogate, 100, 31.0, 0.78125
surrogate, 100, 31.0, 0.78125
surrogate, 100, 31.0, 0.78125
surrogate, 100, 31.0, 0.78125
surrogate, 100, 29.0, 0.625
surrogate, 100, 29.0, 0.625
surrogate, 100, 28.0, 0.59375
surrogate, 100, 28.0, 0.59375
surrogate, 100, 28.0, 0.59375
surrogate, 100, 28.0, 0.59375
surrogate, 100, 28.0, 0.59375
surrogate, 100, 28.0, 0.59375
surrogate, 100, 28.0, 0.59375
surrogate, 100, 28.0, 0.59375
surrogate, 100, 28.0, 0.59375
surrogate, 100, 28.0, 0.59375
surrogate, 100, 28.0, 0.59375
surrogate, 100, 28.0, 0.59375
surrogate, 100, 28.0, 0.59375
surrogate, 100, 26.0, 0.5
surrogate, 100, 26.0, 0.5
surrogate, 100, 26.0, 0.5
surrogate, 100, 26.0, 0.5
surrogate, 100, 26.0, 0.5
surrogate, 100, 26.0, 0.5
surrogate, 100, 26.0, 0.5
surrogate, 100, 26.0, 0.5
surrogate, 100, 26.0, 0.5
surrogate, 100, 22.0, 0.3125
surrogate, 100, 22.0, 0.3125
surrogate, 100, 22.0, 0.3125
surrogate, 100, 20.0, 0.0625
surrogate, 100, 20.0, 0.0625
surrogate, 100, 20.0, 0.0625
surrogate, 100, 20.0, 0.0625
surrogate, 100, 20.0, 0.0625
surrogate, 100, 20.0, 0.0625
surrogate, 100, 20.0, 0.0625
surrogate, 100, 20.0, 0.0625
surrogate, 100, 20.0, 0.0625
surrogate, 100, 20.0, 0.0625
surrogate, 100, 20.0, 0.0625
surrogate, 100, 20.0, 0.0625
surrogate, 100, 20.0, 0.0625
surrogate, 100, 20.0, 0.0625
surrogate, 100, 20.0, 0.0625
surrogate, 100, 20.0, 0.0625
surrogate, 100, 20.0, 0.0625
surrogate, 100, 20.0, 0.0625
surrogate, 100, 20.0, 0.0625
