2026-08-01 19:31:24.963766: I tensorflow/core/util/port.cc:153] oneDNN custom operations are on. You may see slightly different numerical results due to floating-point round-off errors from different computation orders. To turn them off, set the environment variable `TF_ENABLE_ONEDNN_OPTS=0`.
2026-08-01 19:31:24.964344: I external/local_xla/xla/tsl/cuda/cudart_stub.cc:32] Could not find cuda drivers on your machine, GPU will not be used.
2026-08-01 19:31:24.967385: I external/local_xla/xla/tsl/cuda/cudart_stub.cc:32] Could not find cuda drivers on your machine, GPU will not be used.
2026-08-01 19:31:24.977029: E external/local_xla/xla/stream_executor/cuda/cuda_fft.cc:477] Unable to register cuFFT factory: Attempting to register factory for plugin cuFFT when one has already been registered
WARNING: All log messages before absl::InitializeLog() is called are written to STDERR
E0000 00:00:1785609084.994120 2156610 cuda_dnn.cc:8310] Unable to register cuDNN factory: Attempting to register factory for plugin cuDNN when one has already been registered
E0000 00:00:1785609084.999194 2156610 cuda_blas.cc:1418] Unable to register cuBLAS factory: Attempting to register factory for plugin cuBLAS when one has already been registered
2026-08-01 19:31:25.016818: I tensorflow/core/platform/cpu_feature_guard.cc:210] This TensorFlow binary is optimized to use available CPU instructions in performance-critical operations.
To enable the following instructions: AVX2 AVX512F AVX512_VNNI FMA, in other operations, rebuild TensorFlow with the appropriate compiler flags.
2026-08-01 19:31:28.003866: E external/local_xla/xla/stream_executor/cuda/cuda_driver.cc:152] failed call to cuInit: INTERNAL: CUDA error: Failed call to cuInit: UNKNOWN ERROR (303)
Generating predefined weights.
Running the hybrid online-offline solver for experiment: 15_0.23_False_5_0.5_1_dc_noOfNeurons_1_0
Initial population of 20 individuals created. Starting evolution.
Decoding population for generation 1.
Decoded 20 individuals in 15.84 seconds.
Population decoded for generation 1. Starting evaluation.
Caching surrogate evaluations for generation 1.
Cached demands for 1035 embedding graphs in 1.37 seconds.
Latency prediction took 1.47 seconds for generation 1.
Evaluating population using surrogate for generation 1.
Finished generation 1 in 1.3635248220525682 seconds.
Writing Pareto Fronts for generation 1.
Qualified Individuals: 0/1
Qualified individuals less than 1. Continuing evolution.
Generation 2 started. Performing genetic operations.
Offspring generated for generation 2. Evaluating offspring.
Decoding population for generation 2.
Decoded 20 individuals in 16.68 seconds.
Population decoded for generation 2. Starting evaluation.
Caching surrogate evaluations for generation 2.
Cached demands for 1054 embedding graphs in 1.10 seconds.
Latency prediction took 1.56 seconds for generation 2.
Evaluating population using surrogate for generation 2.
Finished generation 2 in 1.3472667150199413 seconds.
Writing Pareto Fronts for generation 2.
Qualified Individuals: 1/1
Finished the evolution of weights using surrogate at generation 2.
Number of qualified individuals: 1
Time taken: 40.77s
Generating predefined weights.
Running the hybrid online-offline solver for experiment: 15_0.23_False_5_0.5_1_dc_noOfNeurons_1_1
Initial population of 20 individuals created. Starting evolution.
Decoding population for generation 1.
Decoded 20 individuals in 12.42 seconds.
Population decoded for generation 1. Starting evaluation.
Caching surrogate evaluations for generation 1.
Cached demands for 1049 embedding graphs in 0.80 seconds.
Latency prediction took 1.55 seconds for generation 1.
Evaluating population using surrogate for generation 1.
Finished generation 1 in 1.3740568349603564 seconds.
Writing Pareto Fronts for generation 1.
Qualified Individuals: 0/1
Qualified individuals less than 1. Continuing evolution.
Generation 2 started. Performing genetic operations.
Offspring generated for generation 2. Evaluating offspring.
Decoding population for generation 2.
Decoded 20 individuals in 15.61 seconds.
Population decoded for generation 2. Starting evaluation.
Caching surrogate evaluations for generation 2.
Cached demands for 1044 embedding graphs in 0.81 seconds.
Latency prediction took 1.51 seconds for generation 2.
Evaluating population using surrogate for generation 2.
Finished generation 2 in 1.3801455580396578 seconds.
Writing Pareto Fronts for generation 2.
Qualified Individuals: 0/1
Qualified individuals less than 1. Continuing evolution.
Generation 3 started. Performing genetic operations.
Offspring generated for generation 3. Evaluating offspring.
Decoding population for generation 3.
Decoded 20 individuals in 13.63 seconds.
Population decoded for generation 3. Starting evaluation.
Caching surrogate evaluations for generation 3.
Cached demands for 1046 embedding graphs in 0.83 seconds.
Latency prediction took 1.53 seconds for generation 3.
Evaluating population using surrogate for generation 3.
Finished generation 3 in 1.4079741209279746 seconds.
Writing Pareto Fronts for generation 3.
Qualified Individuals: 0/1
Qualified individuals less than 1. Continuing evolution.
Generation 4 started. Performing genetic operations.
Offspring generated for generation 4. Evaluating offspring.
Decoding population for generation 4.
Decoded 20 individuals in 12.55 seconds.
Population decoded for generation 4. Starting evaluation.
Caching surrogate evaluations for generation 4.
Cached demands for 1056 embedding graphs in 0.81 seconds.
Latency prediction took 1.53 seconds for generation 4.
Evaluating population using surrogate for generation 4.
Finished generation 4 in 1.3386370800435543 seconds.
Writing Pareto Fronts for generation 4.
Qualified Individuals: 2/1
Finished the evolution of weights using surrogate at generation 4.
Number of qualified individuals: 2
Time taken: 69.13s
Generating predefined weights.
Running the hybrid online-offline solver for experiment: 15_0.23_False_5_0.5_1_dc_noOfNeurons_1_2
Initial population of 20 individuals created. Starting evolution.
Decoding population for generation 1.
Decoded 20 individuals in 16.78 seconds.
Population decoded for generation 1. Starting evaluation.
Caching surrogate evaluations for generation 1.
Cached demands for 1007 embedding graphs in 0.78 seconds.
Latency prediction took 1.49 seconds for generation 1.
Evaluating population using surrogate for generation 1.
Finished generation 1 in 1.3610519570065662 seconds.
Writing Pareto Fronts for generation 1.
Qualified Individuals: 0/1
Qualified individuals less than 1. Continuing evolution.
Generation 2 started. Performing genetic operations.
Offspring generated for generation 2. Evaluating offspring.
Decoding population for generation 2.
Decoded 20 individuals in 14.95 seconds.
Population decoded for generation 2. Starting evaluation.
Caching surrogate evaluations for generation 2.
Cached demands for 1029 embedding graphs in 0.78 seconds.
Latency prediction took 1.49 seconds for generation 2.
Evaluating population using surrogate for generation 2.
Finished generation 2 in 1.4498302809661254 seconds.
Writing Pareto Fronts for generation 2.
Qualified Individuals: 0/1
Qualified individuals less than 1. Continuing evolution.
Generation 3 started. Performing genetic operations.
Offspring generated for generation 3. Evaluating offspring.
Decoding population for generation 3.
Decoded 20 individuals in 15.13 seconds.
Population decoded for generation 3. Starting evaluation.
Caching surrogate evaluations for generation 3.
Cached demands for 1004 embedding graphs in 1.08 seconds.
Latency prediction took 1.51 seconds for generation 3.
Evaluating population using surrogate for generation 3.
Finished generation 3 in 1.3891940689645708 seconds.
Writing Pareto Fronts for generation 3.
Qualified Individuals: 0/1
Qualified individuals less than 1. Continuing evolution.
Generation 4 started. Performing genetic operations.
Offspring generated for generation 4. Evaluating offspring.
Decoding population for generation 4.
Decoded 20 individuals in 17.70 seconds.
Population decoded for generation 4. Starting evaluation.
Caching surrogate evaluations for generation 4.
Cached demands for 1033 embedding graphs in 0.84 seconds.
Latency prediction took 1.58 seconds for generation 4.
Evaluating population using surrogate for generation 4.
Finished generation 4 in 1.4089954949449748 seconds.
Writing Pareto Fronts for generation 4.
Qualified Individuals: 0/1
Qualified individuals less than 1. Continuing evolution.
Generation 5 started. Performing genetic operations.
Offspring generated for generation 5. Evaluating offspring.
Decoding population for generation 5.
Decoded 20 individuals in 15.79 seconds.
Population decoded for generation 5. Starting evaluation.
Caching surrogate evaluations for generation 5.
Cached demands for 1017 embedding graphs in 0.82 seconds.
Latency prediction took 1.54 seconds for generation 5.
Evaluating population using surrogate for generation 5.
Finished generation 5 in 1.4069651729660109 seconds.
Writing Pareto Fronts for generation 5.
Qualified Individuals: 0/1
Qualified individuals less than 1. Continuing evolution.
Generation 6 started. Performing genetic operations.
Offspring generated for generation 6. Evaluating offspring.
Decoding population for generation 6.
Decoded 20 individuals in 16.21 seconds.
Population decoded for generation 6. Starting evaluation.
Caching surrogate evaluations for generation 6.
Cached demands for 1038 embedding graphs in 1.06 seconds.
Latency prediction took 1.57 seconds for generation 6.
Evaluating population using surrogate for generation 6.
Finished generation 6 in 1.4121681300457567 seconds.
Writing Pareto Fronts for generation 6.
Qualified Individuals: 0/1
Qualified individuals less than 1. Continuing evolution.
Generation 7 started. Performing genetic operations.
Offspring generated for generation 7. Evaluating offspring.
Decoding population for generation 7.
Decoded 20 individuals in 15.82 seconds.
Population decoded for generation 7. Starting evaluation.
Caching surrogate evaluations for generation 7.
Cached demands for 1037 embedding graphs in 0.80 seconds.
Latency prediction took 1.58 seconds for generation 7.
Evaluating population using surrogate for generation 7.
Finished generation 7 in 1.5385648399824277 seconds.
Writing Pareto Fronts for generation 7.
Qualified Individuals: 0/1
Qualified individuals less than 1. Continuing evolution.
Generation 8 started. Performing genetic operations.
Offspring generated for generation 8. Evaluating offspring.
Decoding population for generation 8.
Decoded 20 individuals in 15.92 seconds.
Population decoded for generation 8. Starting evaluation.
Caching surrogate evaluations for generation 8.
Cached demands for 1008 embedding graphs in 0.81 seconds.
Latency prediction took 1.56 seconds for generation 8.
Evaluating population using surrogate for generation 8.
Finished generation 8 in 1.3986240369267762 seconds.
Writing Pareto Fronts for generation 8.
Qualified Individuals: 0/1
Qualified individuals less than 1. Continuing evolution.
Generation 9 started. Performing genetic operations.
Offspring generated for generation 9. Evaluating offspring.
Decoding population for generation 9.
Decoded 20 individuals in 15.70 seconds.
Population decoded for generation 9. Starting evaluation.
Caching surrogate evaluations for generation 9.
Cached demands for 1041 embedding graphs in 0.80 seconds.
Latency prediction took 1.62 seconds for generation 9.
Evaluating population using surrogate for generation 9.
Finished generation 9 in 1.3820089970249683 seconds.
Writing Pareto Fronts for generation 9.
Qualified Individuals: 1/1
Finished the evolution of weights using surrogate at generation 9.
Number of qualified individuals: 1
Time taken: 178.68s
Generating predefined weights.
Running the hybrid online-offline solver for experiment: 15_0.23_False_5_0.5_1_dc_noOfNeurons_1_3
Initial population of 20 individuals created. Starting evolution.
Decoding population for generation 1.
Decoded 20 individuals in 16.61 seconds.
Population decoded for generation 1. Starting evaluation.
Caching surrogate evaluations for generation 1.
Cached demands for 1031 embedding graphs in 0.81 seconds.
Latency prediction took 1.52 seconds for generation 1.
Evaluating population using surrogate for generation 1.
Finished generation 1 in 1.3593534440733492 seconds.
Writing Pareto Fronts for generation 1.
Qualified Individuals: 1/1
Finished the evolution of weights using surrogate at generation 1.
Number of qualified individuals: 1
Time taken: 20.31s
Generating predefined weights.
Running the hybrid online-offline solver for experiment: 15_0.23_False_5_0.5_1_dc_noOfNeurons_1_4
Initial population of 20 individuals created. Starting evolution.
Decoding population for generation 1.
Decoded 20 individuals in 16.73 seconds.
Population decoded for generation 1. Starting evaluation.
Caching surrogate evaluations for generation 1.
Cached demands for 1004 embedding graphs in 0.81 seconds.
Latency prediction took 1.64 seconds for generation 1.
Evaluating population using surrogate for generation 1.
Finished generation 1 in 1.5200712870573625 seconds.
Writing Pareto Fronts for generation 1.
Qualified Individuals: 0/1
Qualified individuals less than 1. Continuing evolution.
Generation 2 started. Performing genetic operations.
Offspring generated for generation 2. Evaluating offspring.
Decoding population for generation 2.
Decoded 20 individuals in 16.27 seconds.
Population decoded for generation 2. Starting evaluation.
Caching surrogate evaluations for generation 2.
Cached demands for 993 embedding graphs in 0.84 seconds.
Latency prediction took 1.56 seconds for generation 2.
Evaluating population using surrogate for generation 2.
Finished generation 2 in 1.4207652379991487 seconds.
Writing Pareto Fronts for generation 2.
Qualified Individuals: 0/1
Qualified individuals less than 1. Continuing evolution.
Generation 3 started. Performing genetic operations.
Offspring generated for generation 3. Evaluating offspring.
Decoding population for generation 3.
Decoded 20 individuals in 16.29 seconds.
Population decoded for generation 3. Starting evaluation.
Caching surrogate evaluations for generation 3.
Cached demands for 1018 embedding graphs in 0.82 seconds.
Latency prediction took 1.60 seconds for generation 3.
Evaluating population using surrogate for generation 3.
Finished generation 3 in 1.4187000719830394 seconds.
Writing Pareto Fronts for generation 3.
Qualified Individuals: 0/1
Qualified individuals less than 1. Continuing evolution.
Generation 4 started. Performing genetic operations.
Offspring generated for generation 4. Evaluating offspring.
Decoding population for generation 4.
Decoded 20 individuals in 17.08 seconds.
Population decoded for generation 4. Starting evaluation.
Caching surrogate evaluations for generation 4.
Cached demands for 1034 embedding graphs in 1.08 seconds.
Latency prediction took 1.55 seconds for generation 4.
Evaluating population using surrogate for generation 4.
Finished generation 4 in 1.4207710759947076 seconds.
Writing Pareto Fronts for generation 4.
Qualified Individuals: 0/1
Qualified individuals less than 1. Continuing evolution.
Generation 5 started. Performing genetic operations.
Offspring generated for generation 5. Evaluating offspring.
Decoding population for generation 5.
Decoded 20 individuals in 17.05 seconds.
Population decoded for generation 5. Starting evaluation.
Caching surrogate evaluations for generation 5.
Cached demands for 1021 embedding graphs in 0.84 seconds.
Latency prediction took 1.58 seconds for generation 5.
Evaluating population using surrogate for generation 5.
Finished generation 5 in 1.459943191963248 seconds.
Writing Pareto Fronts for generation 5.
Qualified Individuals: 0/1
Qualified individuals less than 1. Continuing evolution.
Generation 6 started. Performing genetic operations.
Offspring generated for generation 6. Evaluating offspring.
Decoding population for generation 6.
Decoded 20 individuals in 16.71 seconds.
Population decoded for generation 6. Starting evaluation.
Caching surrogate evaluations for generation 6.
Cached demands for 1022 embedding graphs in 0.80 seconds.
Latency prediction took 1.64 seconds for generation 6.
Evaluating population using surrogate for generation 6.
Finished generation 6 in 1.4264823109842837 seconds.
Writing Pareto Fronts for generation 6.
Qualified Individuals: 0/1
Qualified individuals less than 1. Continuing evolution.
Generation 7 started. Performing genetic operations.
Offspring generated for generation 7. Evaluating offspring.
Decoding population for generation 7.
Decoded 20 individuals in 17.68 seconds.
Population decoded for generation 7. Starting evaluation.
Caching surrogate evaluations for generation 7.
Cached demands for 1010 embedding graphs in 0.83 seconds.
Latency prediction took 1.60 seconds for generation 7.
Evaluating population using surrogate for generation 7.
Finished generation 7 in 1.4628453659825027 seconds.
Writing Pareto Fronts for generation 7.
Qualified Individuals: 0/1
Qualified individuals less than 1. Continuing evolution.
Generation 8 started. Performing genetic operations.
Offspring generated for generation 8. Evaluating offspring.
Decoding population for generation 8.
Decoded 20 individuals in 17.48 seconds.
Population decoded for generation 8. Starting evaluation.
Caching surrogate evaluations for generation 8.
Cached demands for 1024 embedding graphs in 0.85 seconds.
Latency prediction took 1.68 seconds for generation 8.
Evaluating population using surrogate for generation 8.
Finished generation 8 in 1.4942872999235988 seconds.
Writing Pareto Fronts for generation 8.
Qualified Individuals: 0/1
Qualified individuals less than 1. Continuing evolution.
Generation 9 started. Performing genetic operations.
Offspring generated for generation 9. Evaluating offspring.
Decoding population for generation 9.
Decoded 20 individuals in 17.04 seconds.
Population decoded for generation 9. Starting evaluation.
Caching surrogate evaluations for generation 9.
Cached demands for 1022 embedding graphs in 1.10 seconds.
Latency prediction took 1.55 seconds for generation 9.
Evaluating population using surrogate for generation 9.
Finished generation 9 in 1.427039884030819 seconds.
Writing Pareto Fronts for generation 9.
Qualified Individuals: 0/1
Qualified individuals less than 1. Continuing evolution.
Generation 10 started. Performing genetic operations.
Offspring generated for generation 10. Evaluating offspring.
Decoding population for generation 10.
Decoded 20 individuals in 17.67 seconds.
Population decoded for generation 10. Starting evaluation.
Caching surrogate evaluations for generation 10.
Cached demands for 1023 embedding graphs in 0.84 seconds.
Latency prediction took 1.59 seconds for generation 10.
Evaluating population using surrogate for generation 10.
Finished generation 10 in 1.475669667008333 seconds.
Writing Pareto Fronts for generation 10.
Qualified Individuals: 0/1
Qualified individuals less than 1. Continuing evolution.
Generation 11 started. Performing genetic operations.
Offspring generated for generation 11. Evaluating offspring.
Decoding population for generation 11.
Decoded 20 individuals in 17.87 seconds.
Population decoded for generation 11. Starting evaluation.
Caching surrogate evaluations for generation 11.
Cached demands for 1010 embedding graphs in 0.83 seconds.
Latency prediction took 1.53 seconds for generation 11.
Evaluating population using surrogate for generation 11.
Finished generation 11 in 1.3830695709912106 seconds.
Writing Pareto Fronts for generation 11.
Qualified Individuals: 0/1
Qualified individuals less than 1. Continuing evolution.
Generation 12 started. Performing genetic operations.
Offspring generated for generation 12. Evaluating offspring.
Decoding population for generation 12.
Decoded 20 individuals in 16.89 seconds.
Population decoded for generation 12. Starting evaluation.
Caching surrogate evaluations for generation 12.
Cached demands for 1035 embedding graphs in 1.07 seconds.
Latency prediction took 1.59 seconds for generation 12.
Evaluating population using surrogate for generation 12.
Finished generation 12 in 1.453190944972448 seconds.
Writing Pareto Fronts for generation 12.
Qualified Individuals: 0/1
Qualified individuals less than 1. Continuing evolution.
Generation 13 started. Performing genetic operations.
Offspring generated for generation 13. Evaluating offspring.
Decoding population for generation 13.
Decoded 20 individuals in 16.70 seconds.
Population decoded for generation 13. Starting evaluation.
Caching surrogate evaluations for generation 13.
Cached demands for 1006 embedding graphs in 0.83 seconds.
Latency prediction took 1.58 seconds for generation 13.
Evaluating population using surrogate for generation 13.
Finished generation 13 in 1.5205279500223696 seconds.
Writing Pareto Fronts for generation 13.
Qualified Individuals: 0/1
Qualified individuals less than 1. Continuing evolution.
Generation 14 started. Performing genetic operations.
Offspring generated for generation 14. Evaluating offspring.
Decoding population for generation 14.
Decoded 20 individuals in 17.01 seconds.
Population decoded for generation 14. Starting evaluation.
Caching surrogate evaluations for generation 14.
Cached demands for 1028 embedding graphs in 0.81 seconds.
Latency prediction took 1.63 seconds for generation 14.
Evaluating population using surrogate for generation 14.
Finished generation 14 in 1.4487589849159122 seconds.
Writing Pareto Fronts for generation 14.
Qualified Individuals: 0/1
Qualified individuals less than 1. Continuing evolution.
Generation 15 started. Performing genetic operations.
Offspring generated for generation 15. Evaluating offspring.
Decoding population for generation 15.
Decoded 20 individuals in 17.02 seconds.
Population decoded for generation 15. Starting evaluation.
Caching surrogate evaluations for generation 15.
Cached demands for 1030 embedding graphs in 0.80 seconds.
Latency prediction took 1.56 seconds for generation 15.
Evaluating population using surrogate for generation 15.
Finished generation 15 in 1.5607201050734147 seconds.
Writing Pareto Fronts for generation 15.
Qualified Individuals: 1/1
Finished the evolution of weights using surrogate at generation 15.
Number of qualified individuals: 1
Time taken: 314.82s
Generating predefined weights.
Running the hybrid online-offline solver for experiment: 15_0.23_False_5_0.5_1_dc_noOfNeurons_1_5
Initial population of 20 individuals created. Starting evolution.
Decoding population for generation 1.
Decoded 20 individuals in 16.85 seconds.
Population decoded for generation 1. Starting evaluation.
Caching surrogate evaluations for generation 1.
Cached demands for 985 embedding graphs in 0.82 seconds.
Latency prediction took 1.58 seconds for generation 1.
Evaluating population using surrogate for generation 1.
Finished generation 1 in 1.4356296859914437 seconds.
Writing Pareto Fronts for generation 1.
Qualified Individuals: 0/1
Qualified individuals less than 1. Continuing evolution.
Generation 2 started. Performing genetic operations.
Offspring generated for generation 2. Evaluating offspring.
Decoding population for generation 2.
Decoded 20 individuals in 15.93 seconds.
Population decoded for generation 2. Starting evaluation.
Caching surrogate evaluations for generation 2.
Cached demands for 1023 embedding graphs in 0.82 seconds.
Latency prediction took 1.65 seconds for generation 2.
Evaluating population using surrogate for generation 2.
Finished generation 2 in 1.4860960359219462 seconds.
Writing Pareto Fronts for generation 2.
Qualified Individuals: 0/1
Qualified individuals less than 1. Continuing evolution.
Generation 3 started. Performing genetic operations.
Offspring generated for generation 3. Evaluating offspring.
Decoding population for generation 3.
Decoded 20 individuals in 17.21 seconds.
Population decoded for generation 3. Starting evaluation.
Caching surrogate evaluations for generation 3.
Cached demands for 1039 embedding graphs in 0.82 seconds.
Latency prediction took 1.66 seconds for generation 3.
Evaluating population using surrogate for generation 3.
Finished generation 3 in 1.4483678969554603 seconds.
Writing Pareto Fronts for generation 3.
Qualified Individuals: 1/1
Finished the evolution of weights using surrogate at generation 3.
Number of qualified individuals: 1
Time taken: 61.76s
Generating predefined weights.
Running the hybrid online-offline solver for experiment: 15_0.23_False_5_0.5_1_dc_noOfNeurons_1_6
Initial population of 20 individuals created. Starting evolution.
Decoding population for generation 1.
Decoded 20 individuals in 13.01 seconds.
Population decoded for generation 1. Starting evaluation.
Caching surrogate evaluations for generation 1.
Cached demands for 1019 embedding graphs in 0.78 seconds.
Latency prediction took 1.64 seconds for generation 1.
Evaluating population using surrogate for generation 1.
Finished generation 1 in 1.4382317329291254 seconds.
Writing Pareto Fronts for generation 1.
Qualified Individuals: 0/1
Qualified individuals less than 1. Continuing evolution.
Generation 2 started. Performing genetic operations.
Offspring generated for generation 2. Evaluating offspring.
Decoding population for generation 2.
Decoded 20 individuals in 13.61 seconds.
Population decoded for generation 2. Starting evaluation.
Caching surrogate evaluations for generation 2.
Cached demands for 1085 embedding graphs in 1.12 seconds.
Latency prediction took 1.64 seconds for generation 2.
Evaluating population using surrogate for generation 2.
Finished generation 2 in 1.4993319299537688 seconds.
Writing Pareto Fronts for generation 2.
Qualified Individuals: 0/1
Qualified individuals less than 1. Continuing evolution.
Generation 3 started. Performing genetic operations.
Offspring generated for generation 3. Evaluating offspring.
Decoding population for generation 3.
Decoded 20 individuals in 13.13 seconds.
Population decoded for generation 3. Starting evaluation.
Caching surrogate evaluations for generation 3.
Cached demands for 1075 embedding graphs in 0.79 seconds.
Latency prediction took 1.61 seconds for generation 3.
Evaluating population using surrogate for generation 3.
Finished generation 3 in 1.4522350729675964 seconds.
Writing Pareto Fronts for generation 3.
Qualified Individuals: 1/1
Finished the evolution of weights using surrogate at generation 3.
Number of qualified individuals: 1
Time taken: 51.80s
Generating predefined weights.
Running the hybrid online-offline solver for experiment: 15_0.23_False_5_0.5_1_dc_noOfNeurons_1_7
Initial population of 20 individuals created. Starting evolution.
Decoding population for generation 1.
Decoded 20 individuals in 17.57 seconds.
Population decoded for generation 1. Starting evaluation.
Caching surrogate evaluations for generation 1.
Cached demands for 1014 embedding graphs in 0.83 seconds.
Latency prediction took 1.67 seconds for generation 1.
Evaluating population using surrogate for generation 1.
Finished generation 1 in 1.4228393480880186 seconds.
Writing Pareto Fronts for generation 1.
Qualified Individuals: 0/1
Qualified individuals less than 1. Continuing evolution.
Generation 2 started. Performing genetic operations.
Offspring generated for generation 2. Evaluating offspring.
Decoding population for generation 2.
Decoded 20 individuals in 17.39 seconds.
Population decoded for generation 2. Starting evaluation.
Caching surrogate evaluations for generation 2.
Cached demands for 984 embedding graphs in 1.10 seconds.
Latency prediction took 1.57 seconds for generation 2.
Evaluating population using surrogate for generation 2.
Finished generation 2 in 1.5062298820121214 seconds.
Writing Pareto Fronts for generation 2.
Qualified Individuals: 0/1
Qualified individuals less than 1. Continuing evolution.
Generation 3 started. Performing genetic operations.
Offspring generated for generation 3. Evaluating offspring.
Decoding population for generation 3.
Decoded 20 individuals in 18.98 seconds.
Population decoded for generation 3. Starting evaluation.
Caching surrogate evaluations for generation 3.
Cached demands for 1013 embedding graphs in 0.85 seconds.
Latency prediction took 1.69 seconds for generation 3.
Evaluating population using surrogate for generation 3.
Finished generation 3 in 1.4860156259965152 seconds.
Writing Pareto Fronts for generation 3.
Qualified Individuals: 0/1
Qualified individuals less than 1. Continuing evolution.
Generation 4 started. Performing genetic operations.
Offspring generated for generation 4. Evaluating offspring.
Decoding population for generation 4.
Decoded 20 individuals in 17.95 seconds.
Population decoded for generation 4. Starting evaluation.
Caching surrogate evaluations for generation 4.
Cached demands for 1021 embedding graphs in 0.84 seconds.
Latency prediction took 1.61 seconds for generation 4.
Evaluating population using surrogate for generation 4.
Finished generation 4 in 1.5686724709812552 seconds.
Writing Pareto Fronts for generation 4.
Qualified Individuals: 0/1
Qualified individuals less than 1. Continuing evolution.
Generation 5 started. Performing genetic operations.
Offspring generated for generation 5. Evaluating offspring.
Decoding population for generation 5.
Decoded 20 individuals in 20.04 seconds.
Population decoded for generation 5. Starting evaluation.
Caching surrogate evaluations for generation 5.
Cached demands for 1045 embedding graphs in 0.85 seconds.
Latency prediction took 1.60 seconds for generation 5.
Evaluating population using surrogate for generation 5.
Finished generation 5 in 1.4619165830081329 seconds.
Writing Pareto Fronts for generation 5.
Qualified Individuals: 1/1
Finished the evolution of weights using surrogate at generation 5.
Number of qualified individuals: 1
Time taken: 112.07s
Generating predefined weights.
Running the hybrid online-offline solver for experiment: 15_0.23_False_5_0.5_1_dc_noOfNeurons_1_8
Initial population of 20 individuals created. Starting evolution.
Decoding population for generation 1.
Decoded 20 individuals in 18.01 seconds.
Population decoded for generation 1. Starting evaluation.
Caching surrogate evaluations for generation 1.
Cached demands for 1018 embedding graphs in 0.85 seconds.
Latency prediction took 1.58 seconds for generation 1.
Evaluating population using surrogate for generation 1.
Finished generation 1 in 1.4584021649789065 seconds.
Writing Pareto Fronts for generation 1.
Qualified Individuals: 0/1
Qualified individuals less than 1. Continuing evolution.
Generation 2 started. Performing genetic operations.
Offspring generated for generation 2. Evaluating offspring.
Decoding population for generation 2.
Decoded 20 individuals in 15.24 seconds.
Population decoded for generation 2. Starting evaluation.
Caching surrogate evaluations for generation 2.
Cached demands for 978 embedding graphs in 1.05 seconds.
Latency prediction took 1.70 seconds for generation 2.
Evaluating population using surrogate for generation 2.
Finished generation 2 in 1.4992921089287847 seconds.
Writing Pareto Fronts for generation 2.
Qualified Individuals: 0/1
Qualified individuals less than 1. Continuing evolution.
Generation 3 started. Performing genetic operations.
Offspring generated for generation 3. Evaluating offspring.
Decoding population for generation 3.
Decoded 20 individuals in 17.70 seconds.
Population decoded for generation 3. Starting evaluation.
Caching surrogate evaluations for generation 3.
Cached demands for 1063 embedding graphs in 0.81 seconds.
Latency prediction took 1.56 seconds for generation 3.
Evaluating population using surrogate for generation 3.
Finished generation 3 in 1.4644192269770429 seconds.
Writing Pareto Fronts for generation 3.
Qualified Individuals: 0/1
Qualified individuals less than 1. Continuing evolution.
Generation 4 started. Performing genetic operations.
Offspring generated for generation 4. Evaluating offspring.
Decoding population for generation 4.
Decoded 20 individuals in 17.20 seconds.
Population decoded for generation 4. Starting evaluation.
Caching surrogate evaluations for generation 4.
Cached demands for 1021 embedding graphs in 0.79 seconds.
Latency prediction took 1.56 seconds for generation 4.
Evaluating population using surrogate for generation 4.
Finished generation 4 in 1.4387741039972752 seconds.
Writing Pareto Fronts for generation 4.
Qualified Individuals: 0/1
Qualified individuals less than 1. Continuing evolution.
Generation 5 started. Performing genetic operations.
Offspring generated for generation 5. Evaluating offspring.
Decoding population for generation 5.
Decoded 20 individuals in 17.09 seconds.
Population decoded for generation 5. Starting evaluation.
Caching surrogate evaluations for generation 5.
Cached demands for 995 embedding graphs in 0.80 seconds.
Latency prediction took 1.71 seconds for generation 5.
Evaluating population using surrogate for generation 5.
Finished generation 5 in 1.4997265660203993 seconds.
Writing Pareto Fronts for generation 5.
Qualified Individuals: 0/1
Qualified individuals less than 1. Continuing evolution.
Generation 6 started. Performing genetic operations.
Offspring generated for generation 6. Evaluating offspring.
Decoding population for generation 6.
Decoded 20 individuals in 17.77 seconds.
Population decoded for generation 6. Starting evaluation.
Caching surrogate evaluations for generation 6.
Cached demands for 983 embedding graphs in 0.83 seconds.
Latency prediction took 1.69 seconds for generation 6.
Evaluating population using surrogate for generation 6.
Finished generation 6 in 1.4824470051098615 seconds.
Writing Pareto Fronts for generation 6.
Qualified Individuals: 0/1
Qualified individuals less than 1. Continuing evolution.
Generation 7 started. Performing genetic operations.
Offspring generated for generation 7. Evaluating offspring.
Decoding population for generation 7.
Decoded 20 individuals in 17.19 seconds.
Population decoded for generation 7. Starting evaluation.
Caching surrogate evaluations for generation 7.
Cached demands for 1035 embedding graphs in 0.84 seconds.
Latency prediction took 1.68 seconds for generation 7.
Evaluating population using surrogate for generation 7.
Finished generation 7 in 1.5162445839960128 seconds.
Writing Pareto Fronts for generation 7.
Qualified Individuals: 1/1
Finished the evolution of weights using surrogate at generation 7.
Number of qualified individuals: 1
Time taken: 148.19s
Generating predefined weights.
Running the hybrid online-offline solver for experiment: 15_0.23_False_5_0.5_1_dc_noOfNeurons_1_9
Initial population of 20 individuals created. Starting evolution.
Decoding population for generation 1.
Decoded 20 individuals in 15.67 seconds.
Population decoded for generation 1. Starting evaluation.
Caching surrogate evaluations for generation 1.
Cached demands for 1040 embedding graphs in 0.81 seconds.
Latency prediction took 1.64 seconds for generation 1.
Evaluating population using surrogate for generation 1.
Finished generation 1 in 1.5251089030643925 seconds.
Writing Pareto Fronts for generation 1.
Qualified Individuals: 0/1
Qualified individuals less than 1. Continuing evolution.
Generation 2 started. Performing genetic operations.
Offspring generated for generation 2. Evaluating offspring.
Decoding population for generation 2.
Decoded 20 individuals in 14.86 seconds.
Population decoded for generation 2. Starting evaluation.
Caching surrogate evaluations for generation 2.
Cached demands for 1028 embedding graphs in 0.80 seconds.
Latency prediction took 1.64 seconds for generation 2.
Evaluating population using surrogate for generation 2.
Finished generation 2 in 1.4948267819127068 seconds.
Writing Pareto Fronts for generation 2.
Qualified Individuals: 0/1
Qualified individuals less than 1. Continuing evolution.
Generation 3 started. Performing genetic operations.
Offspring generated for generation 3. Evaluating offspring.
Decoding population for generation 3.
Decoded 20 individuals in 14.58 seconds.
Population decoded for generation 3. Starting evaluation.
Caching surrogate evaluations for generation 3.
Cached demands for 1058 embedding graphs in 1.07 seconds.
Latency prediction took 1.68 seconds for generation 3.
Evaluating population using surrogate for generation 3.
Finished generation 3 in 1.4189766260096803 seconds.
Writing Pareto Fronts for generation 3.
Qualified Individuals: 1/1
Finished the evolution of weights using surrogate at generation 3.
Number of qualified individuals: 1
Time taken: 57.24s
Generating predefined weights.
Running the hybrid online-offline solver for experiment: 15_0.23_False_5_0.5_1_dc_noOfNeurons_1_10
Initial population of 20 individuals created. Starting evolution.
Decoding population for generation 1.
Decoded 20 individuals in 16.15 seconds.
Population decoded for generation 1. Starting evaluation.
Caching surrogate evaluations for generation 1.
Cached demands for 993 embedding graphs in 0.82 seconds.
Latency prediction took 1.58 seconds for generation 1.
Evaluating population using surrogate for generation 1.
Finished generation 1 in 1.4400847270153463 seconds.
Writing Pareto Fronts for generation 1.
Qualified Individuals: 0/1
Qualified individuals less than 1. Continuing evolution.
Generation 2 started. Performing genetic operations.
Offspring generated for generation 2. Evaluating offspring.
Decoding population for generation 2.
Decoded 20 individuals in 15.44 seconds.
Population decoded for generation 2. Starting evaluation.
Caching surrogate evaluations for generation 2.
Cached demands for 1042 embedding graphs in 0.81 seconds.
Latency prediction took 1.56 seconds for generation 2.
Evaluating population using surrogate for generation 2.
Finished generation 2 in 1.5224007980432361 seconds.
Writing Pareto Fronts for generation 2.
Qualified Individuals: 0/1
Qualified individuals less than 1. Continuing evolution.
Generation 3 started. Performing genetic operations.
Offspring generated for generation 3. Evaluating offspring.
Decoding population for generation 3.
Decoded 20 individuals in 16.76 seconds.
Population decoded for generation 3. Starting evaluation.
Caching surrogate evaluations for generation 3.
Cached demands for 1034 embedding graphs in 1.08 seconds.
Latency prediction took 1.58 seconds for generation 3.
Evaluating population using surrogate for generation 3.
Finished generation 3 in 1.4386231619864702 seconds.
Writing Pareto Fronts for generation 3.
Qualified Individuals: 0/1
Qualified individuals less than 1. Continuing evolution.
Generation 4 started. Performing genetic operations.
Offspring generated for generation 4. Evaluating offspring.
Decoding population for generation 4.
Decoded 20 individuals in 17.02 seconds.
Population decoded for generation 4. Starting evaluation.
Caching surrogate evaluations for generation 4.
Cached demands for 1017 embedding graphs in 0.82 seconds.
Latency prediction took 1.63 seconds for generation 4.
Evaluating population using surrogate for generation 4.
Finished generation 4 in 1.4873752219136804 seconds.
Writing Pareto Fronts for generation 4.
Qualified Individuals: 0/1
Qualified individuals less than 1. Continuing evolution.
Generation 5 started. Performing genetic operations.
Offspring generated for generation 5. Evaluating offspring.
Decoding population for generation 5.
Decoded 20 individuals in 16.10 seconds.
Population decoded for generation 5. Starting evaluation.
Caching surrogate evaluations for generation 5.
Cached demands for 1006 embedding graphs in 0.81 seconds.
Latency prediction took 1.58 seconds for generation 5.
Evaluating population using surrogate for generation 5.
Finished generation 5 in 1.504283461952582 seconds.
Writing Pareto Fronts for generation 5.
Qualified Individuals: 0/1
Qualified individuals less than 1. Continuing evolution.
Generation 6 started. Performing genetic operations.
Offspring generated for generation 6. Evaluating offspring.
Decoding population for generation 6.
Decoded 20 individuals in 16.15 seconds.
Population decoded for generation 6. Starting evaluation.
Caching surrogate evaluations for generation 6.
Cached demands for 1027 embedding graphs in 0.83 seconds.
Latency prediction took 1.66 seconds for generation 6.
Evaluating population using surrogate for generation 6.
Finished generation 6 in 1.5176621980499476 seconds.
Writing Pareto Fronts for generation 6.
Qualified Individuals: 0/1
Qualified individuals less than 1. Continuing evolution.
Generation 7 started. Performing genetic operations.
Offspring generated for generation 7. Evaluating offspring.
Decoding population for generation 7.
Decoded 20 individuals in 15.93 seconds.
Population decoded for generation 7. Starting evaluation.
Caching surrogate evaluations for generation 7.
Cached demands for 1029 embedding graphs in 0.83 seconds.
Latency prediction took 1.69 seconds for generation 7.
Evaluating population using surrogate for generation 7.
Finished generation 7 in 1.5234727929346263 seconds.
Writing Pareto Fronts for generation 7.
Qualified Individuals: 1/1
Finished the evolution of weights using surrogate at generation 7.
Number of qualified individuals: 1
Time taken: 141.43s
Generating predefined weights.
Running the hybrid online-offline solver for experiment: 15_0.23_False_5_0.5_1_dc_noOfNeurons_1_11
Initial population of 20 individuals created. Starting evolution.
Decoding population for generation 1.
Decoded 20 individuals in 16.35 seconds.
Population decoded for generation 1. Starting evaluation.
Caching surrogate evaluations for generation 1.
Cached demands for 962 embedding graphs in 0.80 seconds.
Latency prediction took 1.67 seconds for generation 1.
Evaluating population using surrogate for generation 1.
Finished generation 1 in 1.544503366923891 seconds.
Writing Pareto Fronts for generation 1.
Qualified Individuals: 1/1
Finished the evolution of weights using surrogate at generation 1.
Number of qualified individuals: 1
Time taken: 20.37s
Generating predefined weights.
Running the hybrid online-offline solver for experiment: 15_0.23_False_5_0.5_1_dc_noOfNeurons_1_12
Initial population of 20 individuals created. Starting evolution.
Decoding population for generation 1.
Decoded 20 individuals in 19.65 seconds.
Population decoded for generation 1. Starting evaluation.
Caching surrogate evaluations for generation 1.
Cached demands for 1025 embedding graphs in 0.81 seconds.
Latency prediction took 1.69 seconds for generation 1.
Evaluating population using surrogate for generation 1.
Finished generation 1 in 1.56747806398198 seconds.
Writing Pareto Fronts for generation 1.
Qualified Individuals: 1/1
Finished the evolution of weights using surrogate at generation 1.
Number of qualified individuals: 1
Time taken: 23.73s
Generating predefined weights.
Running the hybrid online-offline solver for experiment: 15_0.23_False_5_0.5_1_dc_noOfNeurons_1_13
Initial population of 20 individuals created. Starting evolution.
Decoding population for generation 1.
Decoded 20 individuals in 17.72 seconds.
Population decoded for generation 1. Starting evaluation.
Caching surrogate evaluations for generation 1.
Cached demands for 989 embedding graphs in 0.83 seconds.
Latency prediction took 1.70 seconds for generation 1.
Evaluating population using surrogate for generation 1.
Finished generation 1 in 1.532179775997065 seconds.
Writing Pareto Fronts for generation 1.
Qualified Individuals: 0/1
Qualified individuals less than 1. Continuing evolution.
Generation 2 started. Performing genetic operations.
Offspring generated for generation 2. Evaluating offspring.
Decoding population for generation 2.
Decoded 20 individuals in 16.52 seconds.
Population decoded for generation 2. Starting evaluation.
Caching surrogate evaluations for generation 2.
Cached demands for 1003 embedding graphs in 0.84 seconds.
Latency prediction took 1.57 seconds for generation 2.
Evaluating population using surrogate for generation 2.
Finished generation 2 in 1.482317743008025 seconds.
Writing Pareto Fronts for generation 2.
Qualified Individuals: 0/1
Qualified individuals less than 1. Continuing evolution.
Generation 3 started. Performing genetic operations.
Offspring generated for generation 3. Evaluating offspring.
Decoding population for generation 3.
Decoded 20 individuals in 17.11 seconds.
Population decoded for generation 3. Starting evaluation.
Caching surrogate evaluations for generation 3.
Cached demands for 1009 embedding graphs in 0.81 seconds.
Latency prediction took 1.74 seconds for generation 3.
Evaluating population using surrogate for generation 3.
Finished generation 3 in 1.4716843089554459 seconds.
Writing Pareto Fronts for generation 3.
Qualified Individuals: 0/1
Qualified individuals less than 1. Continuing evolution.
Generation 4 started. Performing genetic operations.
Offspring generated for generation 4. Evaluating offspring.
Decoding population for generation 4.
Decoded 20 individuals in 17.45 seconds.
Population decoded for generation 4. Starting evaluation.
Caching surrogate evaluations for generation 4.
Cached demands for 1027 embedding graphs in 0.83 seconds.
Latency prediction took 1.56 seconds for generation 4.
Evaluating population using surrogate for generation 4.
Finished generation 4 in 1.4330677799880505 seconds.
Writing Pareto Fronts for generation 4.
Qualified Individuals: 1/1
Finished the evolution of weights using surrogate at generation 4.
Number of qualified individuals: 1
Time taken: 84.68s
Generating predefined weights.
Running the hybrid online-offline solver for experiment: 15_0.23_False_5_0.5_1_dc_noOfNeurons_1_14
Initial population of 20 individuals created. Starting evolution.
Decoding population for generation 1.
Decoded 20 individuals in 16.25 seconds.
Population decoded for generation 1. Starting evaluation.
Caching surrogate evaluations for generation 1.
Cached demands for 1031 embedding graphs in 0.78 seconds.
Latency prediction took 1.56 seconds for generation 1.
Evaluating population using surrogate for generation 1.
Finished generation 1 in 1.45240038796328 seconds.
Writing Pareto Fronts for generation 1.
Qualified Individuals: 0/1
Qualified individuals less than 1. Continuing evolution.
Generation 2 started. Performing genetic operations.
Offspring generated for generation 2. Evaluating offspring.
Decoding population for generation 2.
Decoded 20 individuals in 15.23 seconds.
Population decoded for generation 2. Starting evaluation.
Caching surrogate evaluations for generation 2.
Cached demands for 1065 embedding graphs in 0.83 seconds.
Latency prediction took 1.61 seconds for generation 2.
Evaluating population using surrogate for generation 2.
Finished generation 2 in 1.5897747449344024 seconds.
Writing Pareto Fronts for generation 2.
Qualified Individuals: 0/1
Qualified individuals less than 1. Continuing evolution.
Generation 3 started. Performing genetic operations.
Offspring generated for generation 3. Evaluating offspring.
Decoding population for generation 3.
Decoded 20 individuals in 17.57 seconds.
Population decoded for generation 3. Starting evaluation.
Caching surrogate evaluations for generation 3.
Cached demands for 1017 embedding graphs in 1.10 seconds.
Latency prediction took 1.62 seconds for generation 3.
Evaluating population using surrogate for generation 3.
Finished generation 3 in 1.5412789579713717 seconds.
Writing Pareto Fronts for generation 3.
Qualified Individuals: 0/1
Qualified individuals less than 1. Continuing evolution.
Generation 4 started. Performing genetic operations.
Offspring generated for generation 4. Evaluating offspring.
Decoding population for generation 4.
Decoded 20 individuals in 17.53 seconds.
Population decoded for generation 4. Starting evaluation.
Caching surrogate evaluations for generation 4.
Cached demands for 1056 embedding graphs in 0.81 seconds.
Latency prediction took 1.64 seconds for generation 4.
Evaluating population using surrogate for generation 4.
Finished generation 4 in 1.4397926030214876 seconds.
Writing Pareto Fronts for generation 4.
Qualified Individuals: 1/1
Finished the evolution of weights using surrogate at generation 4.
Number of qualified individuals: 1
Time taken: 82.63s
Generating predefined weights.
Running the hybrid online-offline solver for experiment: 15_0.23_False_5_0.5_1_dc_noOfNeurons_1_15
Initial population of 20 individuals created. Starting evolution.
Decoding population for generation 1.
Decoded 20 individuals in 14.80 seconds.
Population decoded for generation 1. Starting evaluation.
Caching surrogate evaluations for generation 1.
Cached demands for 1003 embedding graphs in 0.79 seconds.
Latency prediction took 1.59 seconds for generation 1.
Evaluating population using surrogate for generation 1.
Finished generation 1 in 1.4103465980151668 seconds.
Writing Pareto Fronts for generation 1.
Qualified Individuals: 0/1
Qualified individuals less than 1. Continuing evolution.
Generation 2 started. Performing genetic operations.
Offspring generated for generation 2. Evaluating offspring.
Decoding population for generation 2.
Decoded 20 individuals in 15.87 seconds.
Population decoded for generation 2. Starting evaluation.
Caching surrogate evaluations for generation 2.
Cached demands for 1059 embedding graphs in 1.05 seconds.
Latency prediction took 1.66 seconds for generation 2.
Evaluating population using surrogate for generation 2.
Finished generation 2 in 1.4604747910052538 seconds.
Writing Pareto Fronts for generation 2.
Qualified Individuals: 0/1
Qualified individuals less than 1. Continuing evolution.
Generation 3 started. Performing genetic operations.
Offspring generated for generation 3. Evaluating offspring.
Decoding population for generation 3.
Decoded 20 individuals in 16.59 seconds.
Population decoded for generation 3. Starting evaluation.
Caching surrogate evaluations for generation 3.
Cached demands for 1064 embedding graphs in 0.83 seconds.
Latency prediction took 1.66 seconds for generation 3.
Evaluating population using surrogate for generation 3.
Finished generation 3 in 1.496997175971046 seconds.
Writing Pareto Fronts for generation 3.
Qualified Individuals: 0/1
Qualified individuals less than 1. Continuing evolution.
Generation 4 started. Performing genetic operations.
Offspring generated for generation 4. Evaluating offspring.
Decoding population for generation 4.
Decoded 20 individuals in 17.03 seconds.
Population decoded for generation 4. Starting evaluation.
Caching surrogate evaluations for generation 4.
Cached demands for 1020 embedding graphs in 0.82 seconds.
Latency prediction took 1.64 seconds for generation 4.
Evaluating population using surrogate for generation 4.
Finished generation 4 in 1.541006735060364 seconds.
Writing Pareto Fronts for generation 4.
Qualified Individuals: 0/1
Qualified individuals less than 1. Continuing evolution.
Generation 5 started. Performing genetic operations.
Offspring generated for generation 5. Evaluating offspring.
Decoding population for generation 5.
Decoded 20 individuals in 15.90 seconds.
Population decoded for generation 5. Starting evaluation.
Caching surrogate evaluations for generation 5.
Cached demands for 1005 embedding graphs in 0.80 seconds.
Latency prediction took 1.61 seconds for generation 5.
Evaluating population using surrogate for generation 5.
Finished generation 5 in 1.5300967980874702 seconds.
Writing Pareto Fronts for generation 5.
Qualified Individuals: 1/1
Finished the evolution of weights using surrogate at generation 5.
Number of qualified individuals: 1
Time taken: 100.20s
Generating predefined weights.
Running the hybrid online-offline solver for experiment: 15_0.23_False_5_0.5_1_dc_noOfNeurons_1_16
Initial population of 20 individuals created. Starting evolution.
Decoding population for generation 1.
Decoded 20 individuals in 16.19 seconds.
Population decoded for generation 1. Starting evaluation.
Caching surrogate evaluations for generation 1.
Cached demands for 1020 embedding graphs in 0.83 seconds.
Latency prediction took 1.76 seconds for generation 1.
Evaluating population using surrogate for generation 1.
Finished generation 1 in 1.4645771500654519 seconds.
Writing Pareto Fronts for generation 1.
Qualified Individuals: 0/1
Qualified individuals less than 1. Continuing evolution.
Generation 2 started. Performing genetic operations.
Offspring generated for generation 2. Evaluating offspring.
Decoding population for generation 2.
Decoded 20 individuals in 15.62 seconds.
Population decoded for generation 2. Starting evaluation.
Caching surrogate evaluations for generation 2.
Cached demands for 1045 embedding graphs in 0.83 seconds.
Latency prediction took 1.58 seconds for generation 2.
Evaluating population using surrogate for generation 2.
Finished generation 2 in 1.5137130740331486 seconds.
Writing Pareto Fronts for generation 2.
Qualified Individuals: 0/1
Qualified individuals less than 1. Continuing evolution.
Generation 3 started. Performing genetic operations.
Offspring generated for generation 3. Evaluating offspring.
Decoding population for generation 3.
Decoded 20 individuals in 19.16 seconds.
Population decoded for generation 3. Starting evaluation.
Caching surrogate evaluations for generation 3.
Cached demands for 1047 embedding graphs in 0.81 seconds.
Latency prediction took 1.60 seconds for generation 3.
Evaluating population using surrogate for generation 3.
Finished generation 3 in 1.5043730720644817 seconds.
Writing Pareto Fronts for generation 3.
Qualified Individuals: 1/1
Finished the evolution of weights using surrogate at generation 3.
Number of qualified individuals: 1
Time taken: 62.91s
Generating predefined weights.
Running the hybrid online-offline solver for experiment: 15_0.23_False_5_0.5_1_dc_noOfNeurons_1_17
Initial population of 20 individuals created. Starting evolution.
Decoding population for generation 1.
Decoded 20 individuals in 16.17 seconds.
Population decoded for generation 1. Starting evaluation.
Caching surrogate evaluations for generation 1.
Cached demands for 1007 embedding graphs in 0.80 seconds.
Latency prediction took 1.72 seconds for generation 1.
Evaluating population using surrogate for generation 1.
Finished generation 1 in 1.5280965400161222 seconds.
Writing Pareto Fronts for generation 1.
Qualified Individuals: 0/1
Qualified individuals less than 1. Continuing evolution.
Generation 2 started. Performing genetic operations.
Offspring generated for generation 2. Evaluating offspring.
Decoding population for generation 2.
Decoded 20 individuals in 17.30 seconds.
Population decoded for generation 2. Starting evaluation.
Caching surrogate evaluations for generation 2.
Cached demands for 1008 embedding graphs in 1.06 seconds.
Latency prediction took 1.60 seconds for generation 2.
Evaluating population using surrogate for generation 2.
Finished generation 2 in 1.4636779229622334 seconds.
Writing Pareto Fronts for generation 2.
Qualified Individuals: 0/1
Qualified individuals less than 1. Continuing evolution.
Generation 3 started. Performing genetic operations.
Offspring generated for generation 3. Evaluating offspring.
Decoding population for generation 3.
Decoded 20 individuals in 15.74 seconds.
Population decoded for generation 3. Starting evaluation.
Caching surrogate evaluations for generation 3.
Cached demands for 968 embedding graphs in 0.82 seconds.
Latency prediction took 1.67 seconds for generation 3.
Evaluating population using surrogate for generation 3.
Finished generation 3 in 1.5235648929374292 seconds.
Writing Pareto Fronts for generation 3.
Qualified Individuals: 0/1
Qualified individuals less than 1. Continuing evolution.
Generation 4 started. Performing genetic operations.
Offspring generated for generation 4. Evaluating offspring.
Decoding population for generation 4.
Decoded 20 individuals in 17.64 seconds.
Population decoded for generation 4. Starting evaluation.
Caching surrogate evaluations for generation 4.
Cached demands for 993 embedding graphs in 0.79 seconds.
Latency prediction took 1.60 seconds for generation 4.
Evaluating population using surrogate for generation 4.
Finished generation 4 in 1.4250091309659183 seconds.
Writing Pareto Fronts for generation 4.
Qualified Individuals: 0/1
Qualified individuals less than 1. Continuing evolution.
Generation 5 started. Performing genetic operations.
Offspring generated for generation 5. Evaluating offspring.
Decoding population for generation 5.
Decoded 20 individuals in 17.17 seconds.
Population decoded for generation 5. Starting evaluation.
Caching surrogate evaluations for generation 5.
Cached demands for 1006 embedding graphs in 0.82 seconds.
Latency prediction took 1.65 seconds for generation 5.
Evaluating population using surrogate for generation 5.
Finished generation 5 in 1.6067341740708798 seconds.
Writing Pareto Fronts for generation 5.
Qualified Individuals: 1/1
Finished the evolution of weights using surrogate at generation 5.
Number of qualified individuals: 1
Time taken: 104.21s
Generating predefined weights.
Running the hybrid online-offline solver for experiment: 15_0.23_False_5_0.5_1_dc_noOfNeurons_1_18
Initial population of 20 individuals created. Starting evolution.
Decoding population for generation 1.
Decoded 20 individuals in 16.17 seconds.
Population decoded for generation 1. Starting evaluation.
Caching surrogate evaluations for generation 1.
Cached demands for 1006 embedding graphs in 0.84 seconds.
Latency prediction took 1.66 seconds for generation 1.
Evaluating population using surrogate for generation 1.
Finished generation 1 in 1.5029599859844893 seconds.
Writing Pareto Fronts for generation 1.
Qualified Individuals: 0/1
Qualified individuals less than 1. Continuing evolution.
Generation 2 started. Performing genetic operations.
Offspring generated for generation 2. Evaluating offspring.
Decoding population for generation 2.
Decoded 20 individuals in 15.05 seconds.
Population decoded for generation 2. Starting evaluation.
Caching surrogate evaluations for generation 2.
Cached demands for 1004 embedding graphs in 0.83 seconds.
Latency prediction took 1.64 seconds for generation 2.
Evaluating population using surrogate for generation 2.
Finished generation 2 in 1.4401423539966345 seconds.
Writing Pareto Fronts for generation 2.
Qualified Individuals: 0/1
Qualified individuals less than 1. Continuing evolution.
Generation 3 started. Performing genetic operations.
Offspring generated for generation 3. Evaluating offspring.
Decoding population for generation 3.
Decoded 20 individuals in 17.69 seconds.
Population decoded for generation 3. Starting evaluation.
Caching surrogate evaluations for generation 3.
Cached demands for 1026 embedding graphs in 0.83 seconds.
Latency prediction took 1.68 seconds for generation 3.
Evaluating population using surrogate for generation 3.
Finished generation 3 in 1.5293306719977409 seconds.
Writing Pareto Fronts for generation 3.
Qualified Individuals: 0/1
Qualified individuals less than 1. Continuing evolution.
Generation 4 started. Performing genetic operations.
Offspring generated for generation 4. Evaluating offspring.
Decoding population for generation 4.
Decoded 20 individuals in 16.42 seconds.
Population decoded for generation 4. Starting evaluation.
Caching surrogate evaluations for generation 4.
Cached demands for 1002 embedding graphs in 0.82 seconds.
Latency prediction took 1.66 seconds for generation 4.
Evaluating population using surrogate for generation 4.
Finished generation 4 in 1.5060899979434907 seconds.
Writing Pareto Fronts for generation 4.
Qualified Individuals: 0/1
Qualified individuals less than 1. Continuing evolution.
Generation 5 started. Performing genetic operations.
Offspring generated for generation 5. Evaluating offspring.
Decoding population for generation 5.
Decoded 20 individuals in 16.47 seconds.
Population decoded for generation 5. Starting evaluation.
Caching surrogate evaluations for generation 5.
Cached demands for 987 embedding graphs in 1.08 seconds.
Latency prediction took 1.57 seconds for generation 5.
Evaluating population using surrogate for generation 5.
Finished generation 5 in 1.5924102789722383 seconds.
Writing Pareto Fronts for generation 5.
Qualified Individuals: 0/1
Qualified individuals less than 1. Continuing evolution.
Generation 6 started. Performing genetic operations.
Offspring generated for generation 6. Evaluating offspring.
Decoding population for generation 6.
Decoded 20 individuals in 17.48 seconds.
Population decoded for generation 6. Starting evaluation.
Caching surrogate evaluations for generation 6.
Cached demands for 982 embedding graphs in 0.82 seconds.
Latency prediction took 1.68 seconds for generation 6.
Evaluating population using surrogate for generation 6.
Finished generation 6 in 1.5322428370127454 seconds.
Writing Pareto Fronts for generation 6.
Qualified Individuals: 0/1
Qualified individuals less than 1. Continuing evolution.
Generation 7 started. Performing genetic operations.
Offspring generated for generation 7. Evaluating offspring.
Decoding population for generation 7.
Decoded 20 individuals in 15.71 seconds.
Population decoded for generation 7. Starting evaluation.
Caching surrogate evaluations for generation 7.
Cached demands for 995 embedding graphs in 0.80 seconds.
Latency prediction took 1.57 seconds for generation 7.
Evaluating population using surrogate for generation 7.
Finished generation 7 in 1.4394287100294605 seconds.
Writing Pareto Fronts for generation 7.
Qualified Individuals: 0/1
Qualified individuals less than 1. Continuing evolution.
Generation 8 started. Performing genetic operations.
Offspring generated for generation 8. Evaluating offspring.
Decoding population for generation 8.
Decoded 20 individuals in 15.69 seconds.
Population decoded for generation 8. Starting evaluation.
Caching surrogate evaluations for generation 8.
Cached demands for 982 embedding graphs in 1.09 seconds.
Latency prediction took 1.70 seconds for generation 8.
Evaluating population using surrogate for generation 8.
Finished generation 8 in 1.5179044370306656 seconds.
Writing Pareto Fronts for generation 8.
Qualified Individuals: 0/1
Qualified individuals less than 1. Continuing evolution.
Generation 9 started. Performing genetic operations.
Offspring generated for generation 9. Evaluating offspring.
Decoding population for generation 9.
Decoded 20 individuals in 15.86 seconds.
Population decoded for generation 9. Starting evaluation.
Caching surrogate evaluations for generation 9.
Cached demands for 978 embedding graphs in 0.81 seconds.
Latency prediction took 1.79 seconds for generation 9.
Evaluating population using surrogate for generation 9.
Finished generation 9 in 1.5418991220649332 seconds.
Writing Pareto Fronts for generation 9.
Qualified Individuals: 0/1
Qualified individuals less than 1. Continuing evolution.
Generation 10 started. Performing genetic operations.
Offspring generated for generation 10. Evaluating offspring.
Decoding population for generation 10.
Decoded 20 individuals in 15.30 seconds.
Population decoded for generation 10. Starting evaluation.
Caching surrogate evaluations for generation 10.
Cached demands for 984 embedding graphs in 0.82 seconds.
Latency prediction took 1.57 seconds for generation 10.
Evaluating population using surrogate for generation 10.
Finished generation 10 in 1.5085836499929428 seconds.
Writing Pareto Fronts for generation 10.
Qualified Individuals: 0/1
Qualified individuals less than 1. Continuing evolution.
Generation 11 started. Performing genetic operations.
Offspring generated for generation 11. Evaluating offspring.
Decoding population for generation 11.
Decoded 20 individuals in 16.19 seconds.
Population decoded for generation 11. Starting evaluation.
Caching surrogate evaluations for generation 11.
Cached demands for 976 embedding graphs in 0.81 seconds.
Latency prediction took 1.63 seconds for generation 11.
Evaluating population using surrogate for generation 11.
Finished generation 11 in 1.5538638809230179 seconds.
Writing Pareto Fronts for generation 11.
Qualified Individuals: 0/1
Qualified individuals less than 1. Continuing evolution.
Generation 12 started. Performing genetic operations.
Offspring generated for generation 12. Evaluating offspring.
Decoding population for generation 12.
Decoded 20 individuals in 15.35 seconds.
Population decoded for generation 12. Starting evaluation.
Caching surrogate evaluations for generation 12.
Cached demands for 994 embedding graphs in 0.84 seconds.
Latency prediction took 1.76 seconds for generation 12.
Evaluating population using surrogate for generation 12.
Finished generation 12 in 1.4817991059971973 seconds.
Writing Pareto Fronts for generation 12.
Qualified Individuals: 0/1
Qualified individuals less than 1. Continuing evolution.
Generation 13 started. Performing genetic operations.
Offspring generated for generation 13. Evaluating offspring.
Decoding population for generation 13.
Decoded 20 individuals in 16.11 seconds.
Population decoded for generation 13. Starting evaluation.
Caching surrogate evaluations for generation 13.
Cached demands for 966 embedding graphs in 0.81 seconds.
Latency prediction took 1.59 seconds for generation 13.
Evaluating population using surrogate for generation 13.
Finished generation 13 in 1.429155442980118 seconds.
Writing Pareto Fronts for generation 13.
Qualified Individuals: 0/1
Qualified individuals less than 1. Continuing evolution.
Generation 14 started. Performing genetic operations.
Offspring generated for generation 14. Evaluating offspring.
Decoding population for generation 14.
Decoded 20 individuals in 16.53 seconds.
Population decoded for generation 14. Starting evaluation.
Caching surrogate evaluations for generation 14.
Cached demands for 982 embedding graphs in 0.81 seconds.
Latency prediction took 1.57 seconds for generation 14.
Evaluating population using surrogate for generation 14.
Finished generation 14 in 1.5151006310479715 seconds.
Writing Pareto Fronts for generation 14.
Qualified Individuals: 0/1
Qualified individuals less than 1. Continuing evolution.
Generation 15 started. Performing genetic operations.
Offspring generated for generation 15. Evaluating offspring.
Decoding population for generation 15.
Decoded 20 individuals in 16.28 seconds.
Population decoded for generation 15. Starting evaluation.
Caching surrogate evaluations for generation 15.
Cached demands for 985 embedding graphs in 0.83 seconds.
Latency prediction took 1.67 seconds for generation 15.
Evaluating population using surrogate for generation 15.
Finished generation 15 in 1.469995911931619 seconds.
Writing Pareto Fronts for generation 15.
Qualified Individuals: 0/1
Qualified individuals less than 1. Continuing evolution.
Generation 16 started. Performing genetic operations.
Offspring generated for generation 16. Evaluating offspring.
Decoding population for generation 16.
Decoded 20 individuals in 16.25 seconds.
Population decoded for generation 16. Starting evaluation.
Caching surrogate evaluations for generation 16.
Cached demands for 1019 embedding graphs in 0.83 seconds.
Latency prediction took 1.63 seconds for generation 16.
Evaluating population using surrogate for generation 16.
Finished generation 16 in 1.5034700250253081 seconds.
Writing Pareto Fronts for generation 16.
Qualified Individuals: 0/1
Qualified individuals less than 1. Continuing evolution.
Generation 17 started. Performing genetic operations.
Offspring generated for generation 17. Evaluating offspring.
Decoding population for generation 17.
Decoded 20 individuals in 16.58 seconds.
Population decoded for generation 17. Starting evaluation.
Caching surrogate evaluations for generation 17.
Cached demands for 975 embedding graphs in 0.80 seconds.
Latency prediction took 1.75 seconds for generation 17.
Evaluating population using surrogate for generation 17.
Finished generation 17 in 1.4954737570369616 seconds.
Writing Pareto Fronts for generation 17.
Qualified Individuals: 0/1
Qualified individuals less than 1. Continuing evolution.
Generation 18 started. Performing genetic operations.
Offspring generated for generation 18. Evaluating offspring.
Decoding population for generation 18.
Decoded 20 individuals in 15.74 seconds.
Population decoded for generation 18. Starting evaluation.
Caching surrogate evaluations for generation 18.
Cached demands for 952 embedding graphs in 0.81 seconds.
Latency prediction took 1.63 seconds for generation 18.
Evaluating population using surrogate for generation 18.
Finished generation 18 in 1.418056503054686 seconds.
Writing Pareto Fronts for generation 18.
Qualified Individuals: 0/1
Qualified individuals less than 1. Continuing evolution.
Generation 19 started. Performing genetic operations.
Offspring generated for generation 19. Evaluating offspring.
Decoding population for generation 19.
Decoded 20 individuals in 15.99 seconds.
Population decoded for generation 19. Starting evaluation.
Caching surrogate evaluations for generation 19.
Cached demands for 979 embedding graphs in 1.11 seconds.
Latency prediction took 1.70 seconds for generation 19.
Evaluating population using surrogate for generation 19.
Finished generation 19 in 1.478023363975808 seconds.
Writing Pareto Fronts for generation 19.
Qualified Individuals: 0/1
Qualified individuals less than 1. Continuing evolution.
Generation 20 started. Performing genetic operations.
Offspring generated for generation 20. Evaluating offspring.
Decoding population for generation 20.
Decoded 20 individuals in 15.86 seconds.
Population decoded for generation 20. Starting evaluation.
Caching surrogate evaluations for generation 20.
Cached demands for 978 embedding graphs in 0.79 seconds.
Latency prediction took 1.61 seconds for generation 20.
Evaluating population using surrogate for generation 20.
Finished generation 20 in 1.4891660989960656 seconds.
Writing Pareto Fronts for generation 20.
Qualified Individuals: 0/1
Qualified individuals less than 1. Continuing evolution.
Generation 21 started. Performing genetic operations.
Offspring generated for generation 21. Evaluating offspring.
Decoding population for generation 21.
Decoded 20 individuals in 16.59 seconds.
Population decoded for generation 21. Starting evaluation.
Caching surrogate evaluations for generation 21.
Cached demands for 980 embedding graphs in 0.81 seconds.
Latency prediction took 1.61 seconds for generation 21.
Evaluating population using surrogate for generation 21.
Finished generation 21 in 1.4893600810319185 seconds.
Writing Pareto Fronts for generation 21.
Qualified Individuals: 0/1
Qualified individuals less than 1. Continuing evolution.
Generation 22 started. Performing genetic operations.
Offspring generated for generation 22. Evaluating offspring.
Decoding population for generation 22.
Decoded 20 individuals in 16.07 seconds.
Population decoded for generation 22. Starting evaluation.
Caching surrogate evaluations for generation 22.
Cached demands for 958 embedding graphs in 1.08 seconds.
Latency prediction took 1.64 seconds for generation 22.
Evaluating population using surrogate for generation 22.
Finished generation 22 in 1.5618105080211535 seconds.
Writing Pareto Fronts for generation 22.
Qualified Individuals: 0/1
Qualified individuals less than 1. Continuing evolution.
Generation 23 started. Performing genetic operations.
Offspring generated for generation 23. Evaluating offspring.
Decoding population for generation 23.
Decoded 20 individuals in 15.77 seconds.
Population decoded for generation 23. Starting evaluation.
Caching surrogate evaluations for generation 23.
Cached demands for 974 embedding graphs in 0.79 seconds.
Latency prediction took 1.61 seconds for generation 23.
Evaluating population using surrogate for generation 23.
Finished generation 23 in 1.501452662050724 seconds.
Writing Pareto Fronts for generation 23.
Qualified Individuals: 0/1
Qualified individuals less than 1. Continuing evolution.
Generation 24 started. Performing genetic operations.
Offspring generated for generation 24. Evaluating offspring.
Decoding population for generation 24.
Decoded 20 individuals in 15.64 seconds.
Population decoded for generation 24. Starting evaluation.
Caching surrogate evaluations for generation 24.
Cached demands for 967 embedding graphs in 0.80 seconds.
Latency prediction took 1.65 seconds for generation 24.
Evaluating population using surrogate for generation 24.
Finished generation 24 in 1.5912075580563396 seconds.
Writing Pareto Fronts for generation 24.
Qualified Individuals: 0/1
Qualified individuals less than 1. Continuing evolution.
Generation 25 started. Performing genetic operations.
Offspring generated for generation 25. Evaluating offspring.
Decoding population for generation 25.
Decoded 20 individuals in 16.66 seconds.
Population decoded for generation 25. Starting evaluation.
Caching surrogate evaluations for generation 25.
Cached demands for 978 embedding graphs in 0.83 seconds.
Latency prediction took 1.66 seconds for generation 25.
Evaluating population using surrogate for generation 25.
Finished generation 25 in 1.4963123520137742 seconds.
Writing Pareto Fronts for generation 25.
Qualified Individuals: 0/1
Qualified individuals less than 1. Continuing evolution.
Generation 26 started. Performing genetic operations.
Offspring generated for generation 26. Evaluating offspring.
Decoding population for generation 26.
Decoded 20 individuals in 17.33 seconds.
Population decoded for generation 26. Starting evaluation.
Caching surrogate evaluations for generation 26.
Cached demands for 954 embedding graphs in 0.79 seconds.
Latency prediction took 1.68 seconds for generation 26.
Evaluating population using surrogate for generation 26.
Finished generation 26 in 1.400416465010494 seconds.
Writing Pareto Fronts for generation 26.
Qualified Individuals: 0/1
Qualified individuals less than 1. Continuing evolution.
Generation 27 started. Performing genetic operations.
Offspring generated for generation 27. Evaluating offspring.
Decoding population for generation 27.
Decoded 20 individuals in 16.28 seconds.
Population decoded for generation 27. Starting evaluation.
Caching surrogate evaluations for generation 27.
Cached demands for 968 embedding graphs in 0.80 seconds.
Latency prediction took 1.64 seconds for generation 27.
Evaluating population using surrogate for generation 27.
Finished generation 27 in 1.4584805129561573 seconds.
Writing Pareto Fronts for generation 27.
Qualified Individuals: 0/1
Qualified individuals less than 1. Continuing evolution.
Generation 28 started. Performing genetic operations.
Offspring generated for generation 28. Evaluating offspring.
Decoding population for generation 28.
Decoded 20 individuals in 16.70 seconds.
Population decoded for generation 28. Starting evaluation.
Caching surrogate evaluations for generation 28.
Cached demands for 937 embedding graphs in 0.77 seconds.
Latency prediction took 1.61 seconds for generation 28.
Evaluating population using surrogate for generation 28.
Finished generation 28 in 1.4655688490020111 seconds.
Writing Pareto Fronts for generation 28.
Qualified Individuals: 0/1
Qualified individuals less than 1. Continuing evolution.
Generation 29 started. Performing genetic operations.
Offspring generated for generation 29. Evaluating offspring.
Decoding population for generation 29.
Decoded 20 individuals in 16.25 seconds.
Population decoded for generation 29. Starting evaluation.
Caching surrogate evaluations for generation 29.
Cached demands for 983 embedding graphs in 0.80 seconds.
Latency prediction took 1.58 seconds for generation 29.
Evaluating population using surrogate for generation 29.
Finished generation 29 in 1.4869642819976434 seconds.
Writing Pareto Fronts for generation 29.
Qualified Individuals: 0/1
Qualified individuals less than 1. Continuing evolution.
Generation 30 started. Performing genetic operations.
Offspring generated for generation 30. Evaluating offspring.
Decoding population for generation 30.
Decoded 20 individuals in 16.57 seconds.
Population decoded for generation 30. Starting evaluation.
Caching surrogate evaluations for generation 30.
Cached demands for 983 embedding graphs in 1.06 seconds.
Latency prediction took 1.71 seconds for generation 30.
Evaluating population using surrogate for generation 30.
Finished generation 30 in 1.5658051270293072 seconds.
Writing Pareto Fronts for generation 30.
Qualified Individuals: 0/1
Qualified individuals less than 1. Continuing evolution.
Generation 31 started. Performing genetic operations.
Offspring generated for generation 31. Evaluating offspring.
Decoding population for generation 31.
Decoded 20 individuals in 16.30 seconds.
Population decoded for generation 31. Starting evaluation.
Caching surrogate evaluations for generation 31.
Cached demands for 984 embedding graphs in 0.80 seconds.
Latency prediction took 1.65 seconds for generation 31.
Evaluating population using surrogate for generation 31.
Finished generation 31 in 1.5092411020305008 seconds.
Writing Pareto Fronts for generation 31.
Qualified Individuals: 0/1
Qualified individuals less than 1. Continuing evolution.
Generation 32 started. Performing genetic operations.
Offspring generated for generation 32. Evaluating offspring.
Decoding population for generation 32.
Decoded 20 individuals in 15.43 seconds.
Population decoded for generation 32. Starting evaluation.
Caching surrogate evaluations for generation 32.
Cached demands for 982 embedding graphs in 0.79 seconds.
Latency prediction took 1.58 seconds for generation 32.
Evaluating population using surrogate for generation 32.
Finished generation 32 in 1.460147088044323 seconds.
Writing Pareto Fronts for generation 32.
Qualified Individuals: 0/1
Qualified individuals less than 1. Continuing evolution.
Generation 33 started. Performing genetic operations.
Offspring generated for generation 33. Evaluating offspring.
Decoding population for generation 33.
Decoded 20 individuals in 18.10 seconds.
Population decoded for generation 33. Starting evaluation.
Caching surrogate evaluations for generation 33.
Cached demands for 1003 embedding graphs in 1.07 seconds.
Latency prediction took 1.70 seconds for generation 33.
Evaluating population using surrogate for generation 33.
Finished generation 33 in 1.491871397010982 seconds.
Writing Pareto Fronts for generation 33.
Qualified Individuals: 0/1
Qualified individuals less than 1. Continuing evolution.
Generation 34 started. Performing genetic operations.
Offspring generated for generation 34. Evaluating offspring.
Decoding population for generation 34.
Decoded 20 individuals in 15.68 seconds.
Population decoded for generation 34. Starting evaluation.
Caching surrogate evaluations for generation 34.
Cached demands for 1018 embedding graphs in 0.80 seconds.
Latency prediction took 1.70 seconds for generation 34.
Evaluating population using surrogate for generation 34.
Finished generation 34 in 1.5070243610534817 seconds.
Writing Pareto Fronts for generation 34.
Qualified Individuals: 0/1
Qualified individuals less than 1. Continuing evolution.
Generation 35 started. Performing genetic operations.
Offspring generated for generation 35. Evaluating offspring.
Decoding population for generation 35.
Decoded 20 individuals in 16.73 seconds.
Population decoded for generation 35. Starting evaluation.
Caching surrogate evaluations for generation 35.
Cached demands for 998 embedding graphs in 0.81 seconds.
Latency prediction took 1.67 seconds for generation 35.
Evaluating population using surrogate for generation 35.
Finished generation 35 in 1.4462087189313024 seconds.
Writing Pareto Fronts for generation 35.
Qualified Individuals: 0/1
Qualified individuals less than 1. Continuing evolution.
Generation 36 started. Performing genetic operations.
Offspring generated for generation 36. Evaluating offspring.
Decoding population for generation 36.
Decoded 20 individuals in 15.17 seconds.
Population decoded for generation 36. Starting evaluation.
Caching surrogate evaluations for generation 36.
Cached demands for 993 embedding graphs in 1.08 seconds.
Latency prediction took 1.60 seconds for generation 36.
Evaluating population using surrogate for generation 36.
Finished generation 36 in 1.4215514590032399 seconds.
Writing Pareto Fronts for generation 36.
Qualified Individuals: 0/1
Qualified individuals less than 1. Continuing evolution.
Generation 37 started. Performing genetic operations.
Offspring generated for generation 37. Evaluating offspring.
Decoding population for generation 37.
Decoded 20 individuals in 16.55 seconds.
Population decoded for generation 37. Starting evaluation.
Caching surrogate evaluations for generation 37.
Cached demands for 985 embedding graphs in 0.80 seconds.
Latency prediction took 1.66 seconds for generation 37.
Evaluating population using surrogate for generation 37.
Finished generation 37 in 1.4351756910327822 seconds.
Writing Pareto Fronts for generation 37.
Qualified Individuals: 0/1
Qualified individuals less than 1. Continuing evolution.
Generation 38 started. Performing genetic operations.
Offspring generated for generation 38. Evaluating offspring.
Decoding population for generation 38.
Decoded 20 individuals in 16.46 seconds.
Population decoded for generation 38. Starting evaluation.
Caching surrogate evaluations for generation 38.
Cached demands for 1006 embedding graphs in 0.84 seconds.
Latency prediction took 1.69 seconds for generation 38.
Evaluating population using surrogate for generation 38.
Finished generation 38 in 1.470493862987496 seconds.
Writing Pareto Fronts for generation 38.
Qualified Individuals: 0/1
Qualified individuals less than 1. Continuing evolution.
Generation 39 started. Performing genetic operations.
Offspring generated for generation 39. Evaluating offspring.
Decoding population for generation 39.
Decoded 20 individuals in 17.19 seconds.
Population decoded for generation 39. Starting evaluation.
Caching surrogate evaluations for generation 39.
Cached demands for 1028 embedding graphs in 0.80 seconds.
Latency prediction took 1.67 seconds for generation 39.
Evaluating population using surrogate for generation 39.
Finished generation 39 in 1.5358917550183833 seconds.
Writing Pareto Fronts for generation 39.
Qualified Individuals: 0/1
Qualified individuals less than 1. Continuing evolution.
Generation 40 started. Performing genetic operations.
Offspring generated for generation 40. Evaluating offspring.
Decoding population for generation 40.
Decoded 20 individuals in 17.13 seconds.
Population decoded for generation 40. Starting evaluation.
Caching surrogate evaluations for generation 40.
Cached demands for 981 embedding graphs in 0.80 seconds.
Latency prediction took 1.70 seconds for generation 40.
Evaluating population using surrogate for generation 40.
Finished generation 40 in 1.5214748869184405 seconds.
Writing Pareto Fronts for generation 40.
Qualified Individuals: 0/1
Qualified individuals less than 1. Continuing evolution.
Generation 41 started. Performing genetic operations.
Offspring generated for generation 41. Evaluating offspring.
Decoding population for generation 41.
Decoded 20 individuals in 17.08 seconds.
Population decoded for generation 41. Starting evaluation.
Caching surrogate evaluations for generation 41.
Cached demands for 1014 embedding graphs in 0.82 seconds.
Latency prediction took 1.67 seconds for generation 41.
Evaluating population using surrogate for generation 41.
Finished generation 41 in 1.499245285987854 seconds.
Writing Pareto Fronts for generation 41.
Qualified Individuals: 0/1
Qualified individuals less than 1. Continuing evolution.
Generation 42 started. Performing genetic operations.
Offspring generated for generation 42. Evaluating offspring.
Decoding population for generation 42.
Decoded 20 individuals in 16.35 seconds.
Population decoded for generation 42. Starting evaluation.
Caching surrogate evaluations for generation 42.
Cached demands for 1015 embedding graphs in 0.83 seconds.
Latency prediction took 1.58 seconds for generation 42.
Evaluating population using surrogate for generation 42.
Finished generation 42 in 1.456591162015684 seconds.
Writing Pareto Fronts for generation 42.
Qualified Individuals: 0/1
Qualified individuals less than 1. Continuing evolution.
Generation 43 started. Performing genetic operations.
Offspring generated for generation 43. Evaluating offspring.
Decoding population for generation 43.
Decoded 20 individuals in 15.98 seconds.
Population decoded for generation 43. Starting evaluation.
Caching surrogate evaluations for generation 43.
Cached demands for 1022 embedding graphs in 0.82 seconds.
Latency prediction took 1.62 seconds for generation 43.
Evaluating population using surrogate for generation 43.
Finished generation 43 in 1.4807890900410712 seconds.
Writing Pareto Fronts for generation 43.
Qualified Individuals: 0/1
Qualified individuals less than 1. Continuing evolution.
Generation 44 started. Performing genetic operations.
Offspring generated for generation 44. Evaluating offspring.
Decoding population for generation 44.
Decoded 20 individuals in 17.35 seconds.
Population decoded for generation 44. Starting evaluation.
Caching surrogate evaluations for generation 44.
Cached demands for 985 embedding graphs in 1.06 seconds.
Latency prediction took 1.65 seconds for generation 44.
Evaluating population using surrogate for generation 44.
Finished generation 44 in 1.5155124100856483 seconds.
Writing Pareto Fronts for generation 44.
Qualified Individuals: 0/1
Qualified individuals less than 1. Continuing evolution.
Generation 45 started. Performing genetic operations.
Offspring generated for generation 45. Evaluating offspring.
Decoding population for generation 45.
Decoded 20 individuals in 16.86 seconds.
Population decoded for generation 45. Starting evaluation.
Caching surrogate evaluations for generation 45.
Cached demands for 1009 embedding graphs in 0.82 seconds.
Latency prediction took 1.71 seconds for generation 45.
Evaluating population using surrogate for generation 45.
Finished generation 45 in 1.4513234820915386 seconds.
Writing Pareto Fronts for generation 45.
Qualified Individuals: 0/1
Qualified individuals less than 1. Continuing evolution.
Generation 46 started. Performing genetic operations.
Offspring generated for generation 46. Evaluating offspring.
Decoding population for generation 46.
Decoded 20 individuals in 16.46 seconds.
Population decoded for generation 46. Starting evaluation.
Caching surrogate evaluations for generation 46.
Cached demands for 996 embedding graphs in 0.80 seconds.
Latency prediction took 1.61 seconds for generation 46.
Evaluating population using surrogate for generation 46.
Finished generation 46 in 1.4465302280150354 seconds.
Writing Pareto Fronts for generation 46.
Qualified Individuals: 0/1
Qualified individuals less than 1. Continuing evolution.
Generation 47 started. Performing genetic operations.
Offspring generated for generation 47. Evaluating offspring.
Decoding population for generation 47.
Decoded 20 individuals in 16.29 seconds.
Population decoded for generation 47. Starting evaluation.
Caching surrogate evaluations for generation 47.
Cached demands for 994 embedding graphs in 0.80 seconds.
Latency prediction took 1.72 seconds for generation 47.
Evaluating population using surrogate for generation 47.
Finished generation 47 in 1.5105798449367285 seconds.
Writing Pareto Fronts for generation 47.
Qualified Individuals: 0/1
Qualified individuals less than 1. Continuing evolution.
Generation 48 started. Performing genetic operations.
Offspring generated for generation 48. Evaluating offspring.
Decoding population for generation 48.
Decoded 20 individuals in 17.22 seconds.
Population decoded for generation 48. Starting evaluation.
Caching surrogate evaluations for generation 48.
Cached demands for 970 embedding graphs in 0.79 seconds.
Latency prediction took 1.61 seconds for generation 48.
Evaluating population using surrogate for generation 48.
Finished generation 48 in 1.566154942032881 seconds.
Writing Pareto Fronts for generation 48.
Qualified Individuals: 0/1
Qualified individuals less than 1. Continuing evolution.
Generation 49 started. Performing genetic operations.
Offspring generated for generation 49. Evaluating offspring.
Decoding population for generation 49.
Decoded 20 individuals in 16.13 seconds.
Population decoded for generation 49. Starting evaluation.
Caching surrogate evaluations for generation 49.
Cached demands for 1007 embedding graphs in 0.82 seconds.
Latency prediction took 1.60 seconds for generation 49.
Evaluating population using surrogate for generation 49.
Finished generation 49 in 1.5359273760113865 seconds.
Writing Pareto Fronts for generation 49.
Qualified Individuals: 0/1
Qualified individuals less than 1. Continuing evolution.
Generation 50 started. Performing genetic operations.
Offspring generated for generation 50. Evaluating offspring.
Decoding population for generation 50.
Decoded 20 individuals in 16.88 seconds.
Population decoded for generation 50. Starting evaluation.
Caching surrogate evaluations for generation 50.
Cached demands for 984 embedding graphs in 0.81 seconds.
Latency prediction took 1.55 seconds for generation 50.
Evaluating population using surrogate for generation 50.
Finished generation 50 in 1.4623585839290172 seconds.
Writing Pareto Fronts for generation 50.
Qualified Individuals: 0/1
Qualified individuals less than 1. Continuing evolution.
Generation 51 started. Performing genetic operations.
Offspring generated for generation 51. Evaluating offspring.
Decoding population for generation 51.
Decoded 20 individuals in 16.52 seconds.
Population decoded for generation 51. Starting evaluation.
Caching surrogate evaluations for generation 51.
Cached demands for 990 embedding graphs in 0.82 seconds.
Latency prediction took 1.66 seconds for generation 51.
Evaluating population using surrogate for generation 51.
Finished generation 51 in 1.4518351689912379 seconds.
Writing Pareto Fronts for generation 51.
Qualified Individuals: 0/1
Qualified individuals less than 1. Continuing evolution.
Generation 52 started. Performing genetic operations.
Offspring generated for generation 52. Evaluating offspring.
Decoding population for generation 52.
Decoded 20 individuals in 16.93 seconds.
Population decoded for generation 52. Starting evaluation.
Caching surrogate evaluations for generation 52.
Cached demands for 1024 embedding graphs in 1.12 seconds.
Latency prediction took 1.69 seconds for generation 52.
Evaluating population using surrogate for generation 52.
Finished generation 52 in 1.5299772190628573 seconds.
Writing Pareto Fronts for generation 52.
Qualified Individuals: 0/1
Qualified individuals less than 1. Continuing evolution.
Generation 53 started. Performing genetic operations.
Offspring generated for generation 53. Evaluating offspring.
Decoding population for generation 53.
Decoded 20 individuals in 16.31 seconds.
Population decoded for generation 53. Starting evaluation.
Caching surrogate evaluations for generation 53.
Cached demands for 1015 embedding graphs in 0.84 seconds.
Latency prediction took 1.59 seconds for generation 53.
Evaluating population using surrogate for generation 53.
Finished generation 53 in 1.4855259659234434 seconds.
Writing Pareto Fronts for generation 53.
Qualified Individuals: 0/1
Qualified individuals less than 1. Continuing evolution.
Generation 54 started. Performing genetic operations.
Offspring generated for generation 54. Evaluating offspring.
Decoding population for generation 54.
Decoded 20 individuals in 16.11 seconds.
Population decoded for generation 54. Starting evaluation.
Caching surrogate evaluations for generation 54.
Cached demands for 1009 embedding graphs in 0.79 seconds.
Latency prediction took 1.70 seconds for generation 54.
Evaluating population using surrogate for generation 54.
Finished generation 54 in 1.4757205420173705 seconds.
Writing Pareto Fronts for generation 54.
Qualified Individuals: 0/1
Qualified individuals less than 1. Continuing evolution.
Generation 55 started. Performing genetic operations.
Offspring generated for generation 55. Evaluating offspring.
Decoding population for generation 55.
Decoded 20 individuals in 16.80 seconds.
Population decoded for generation 55. Starting evaluation.
Caching surrogate evaluations for generation 55.
Cached demands for 1016 embedding graphs in 1.09 seconds.
Latency prediction took 1.71 seconds for generation 55.
Evaluating population using surrogate for generation 55.
Finished generation 55 in 1.5746002950472757 seconds.
Writing Pareto Fronts for generation 55.
Qualified Individuals: 0/1
Qualified individuals less than 1. Continuing evolution.
Generation 56 started. Performing genetic operations.
Offspring generated for generation 56. Evaluating offspring.
Decoding population for generation 56.
Decoded 20 individuals in 16.64 seconds.
Population decoded for generation 56. Starting evaluation.
Caching surrogate evaluations for generation 56.
Cached demands for 1003 embedding graphs in 0.82 seconds.
Latency prediction took 1.71 seconds for generation 56.
Evaluating population using surrogate for generation 56.
Finished generation 56 in 1.549823361914605 seconds.
Writing Pareto Fronts for generation 56.
Qualified Individuals: 0/1
Qualified individuals less than 1. Continuing evolution.
Generation 57 started. Performing genetic operations.
Offspring generated for generation 57. Evaluating offspring.
Decoding population for generation 57.
Decoded 20 individuals in 16.25 seconds.
Population decoded for generation 57. Starting evaluation.
Caching surrogate evaluations for generation 57.
Cached demands for 973 embedding graphs in 0.82 seconds.
Latency prediction took 1.66 seconds for generation 57.
Evaluating population using surrogate for generation 57.
Finished generation 57 in 1.4565677380887792 seconds.
Writing Pareto Fronts for generation 57.
Qualified Individuals: 0/1
Qualified individuals less than 1. Continuing evolution.
Generation 58 started. Performing genetic operations.
Offspring generated for generation 58. Evaluating offspring.
Decoding population for generation 58.
Decoded 20 individuals in 16.17 seconds.
Population decoded for generation 58. Starting evaluation.
Caching surrogate evaluations for generation 58.
Cached demands for 983 embedding graphs in 0.82 seconds.
Latency prediction took 1.66 seconds for generation 58.
Evaluating population using surrogate for generation 58.
Finished generation 58 in 1.5467630599159747 seconds.
Writing Pareto Fronts for generation 58.
Qualified Individuals: 0/1
Qualified individuals less than 1. Continuing evolution.
Generation 59 started. Performing genetic operations.
Offspring generated for generation 59. Evaluating offspring.
Decoding population for generation 59.
Decoded 20 individuals in 15.79 seconds.
Population decoded for generation 59. Starting evaluation.
Caching surrogate evaluations for generation 59.
Cached demands for 1002 embedding graphs in 0.81 seconds.
Latency prediction took 1.68 seconds for generation 59.
Evaluating population using surrogate for generation 59.
Finished generation 59 in 1.5106882459949702 seconds.
Writing Pareto Fronts for generation 59.
Qualified Individuals: 0/1
Qualified individuals less than 1. Continuing evolution.
Generation 60 started. Performing genetic operations.
Offspring generated for generation 60. Evaluating offspring.
Decoding population for generation 60.
Decoded 20 individuals in 16.68 seconds.
Population decoded for generation 60. Starting evaluation.
Caching surrogate evaluations for generation 60.
Cached demands for 1006 embedding graphs in 0.82 seconds.
Latency prediction took 1.60 seconds for generation 60.
Evaluating population using surrogate for generation 60.
Finished generation 60 in 1.525454878108576 seconds.
Writing Pareto Fronts for generation 60.
Qualified Individuals: 0/1
Qualified individuals less than 1. Continuing evolution.
Generation 61 started. Performing genetic operations.
Offspring generated for generation 61. Evaluating offspring.
Decoding population for generation 61.
Decoded 20 individuals in 17.40 seconds.
Population decoded for generation 61. Starting evaluation.
Caching surrogate evaluations for generation 61.
Cached demands for 989 embedding graphs in 0.79 seconds.
Latency prediction took 1.64 seconds for generation 61.
Evaluating population using surrogate for generation 61.
Finished generation 61 in 1.4876162420259789 seconds.
Writing Pareto Fronts for generation 61.
Qualified Individuals: 0/1
Qualified individuals less than 1. Continuing evolution.
Generation 62 started. Performing genetic operations.
Offspring generated for generation 62. Evaluating offspring.
Decoding population for generation 62.
Decoded 20 individuals in 16.16 seconds.
Population decoded for generation 62. Starting evaluation.
Caching surrogate evaluations for generation 62.
Cached demands for 1015 embedding graphs in 0.82 seconds.
Latency prediction took 1.59 seconds for generation 62.
Evaluating population using surrogate for generation 62.
Finished generation 62 in 1.4385259490227327 seconds.
Writing Pareto Fronts for generation 62.
Qualified Individuals: 0/1
Qualified individuals less than 1. Continuing evolution.
Generation 63 started. Performing genetic operations.
Offspring generated for generation 63. Evaluating offspring.
Decoding population for generation 63.
Decoded 20 individuals in 16.73 seconds.
Population decoded for generation 63. Starting evaluation.
Caching surrogate evaluations for generation 63.
Cached demands for 1007 embedding graphs in 0.79 seconds.
Latency prediction took 1.59 seconds for generation 63.
Evaluating population using surrogate for generation 63.
Finished generation 63 in 1.4299761849688366 seconds.
Writing Pareto Fronts for generation 63.
Qualified Individuals: 0/1
Qualified individuals less than 1. Continuing evolution.
Generation 64 started. Performing genetic operations.
Offspring generated for generation 64. Evaluating offspring.
Decoding population for generation 64.
Decoded 20 individuals in 16.93 seconds.
Population decoded for generation 64. Starting evaluation.
Caching surrogate evaluations for generation 64.
Cached demands for 990 embedding graphs in 0.80 seconds.
Latency prediction took 1.71 seconds for generation 64.
Evaluating population using surrogate for generation 64.
Finished generation 64 in 1.535867037018761 seconds.
Writing Pareto Fronts for generation 64.
Qualified Individuals: 0/1
Qualified individuals less than 1. Continuing evolution.
Generation 65 started. Performing genetic operations.
Offspring generated for generation 65. Evaluating offspring.
Decoding population for generation 65.
Decoded 20 individuals in 16.54 seconds.
Population decoded for generation 65. Starting evaluation.
Caching surrogate evaluations for generation 65.
Cached demands for 1006 embedding graphs in 0.82 seconds.
Latency prediction took 1.67 seconds for generation 65.
Evaluating population using surrogate for generation 65.
Finished generation 65 in 1.5496696889167652 seconds.
Writing Pareto Fronts for generation 65.
Qualified Individuals: 0/1
Qualified individuals less than 1. Continuing evolution.
Generation 66 started. Performing genetic operations.
Offspring generated for generation 66. Evaluating offspring.
Decoding population for generation 66.
Decoded 20 individuals in 16.31 seconds.
Population decoded for generation 66. Starting evaluation.
Caching surrogate evaluations for generation 66.
Cached demands for 1009 embedding graphs in 1.09 seconds.
Latency prediction took 1.61 seconds for generation 66.
Evaluating population using surrogate for generation 66.
Finished generation 66 in 1.4773603989742696 seconds.
Writing Pareto Fronts for generation 66.
Qualified Individuals: 0/1
Qualified individuals less than 1. Continuing evolution.
Generation 67 started. Performing genetic operations.
Offspring generated for generation 67. Evaluating offspring.
Decoding population for generation 67.
Decoded 20 individuals in 16.60 seconds.
Population decoded for generation 67. Starting evaluation.
Caching surrogate evaluations for generation 67.
Cached demands for 1001 embedding graphs in 0.82 seconds.
Latency prediction took 1.62 seconds for generation 67.
Evaluating population using surrogate for generation 67.
Finished generation 67 in 1.54719774692785 seconds.
Writing Pareto Fronts for generation 67.
Qualified Individuals: 0/1
Qualified individuals less than 1. Continuing evolution.
Generation 68 started. Performing genetic operations.
Offspring generated for generation 68. Evaluating offspring.
Decoding population for generation 68.
Decoded 20 individuals in 17.19 seconds.
Population decoded for generation 68. Starting evaluation.
Caching surrogate evaluations for generation 68.
Cached demands for 984 embedding graphs in 0.81 seconds.
Latency prediction took 1.71 seconds for generation 68.
Evaluating population using surrogate for generation 68.
Finished generation 68 in 1.524666657904163 seconds.
Writing Pareto Fronts for generation 68.
Qualified Individuals: 0/1
Qualified individuals less than 1. Continuing evolution.
Generation 69 started. Performing genetic operations.
Offspring generated for generation 69. Evaluating offspring.
Decoding population for generation 69.
Decoded 20 individuals in 16.30 seconds.
Population decoded for generation 69. Starting evaluation.
Caching surrogate evaluations for generation 69.
Cached demands for 997 embedding graphs in 0.82 seconds.
Latency prediction took 1.66 seconds for generation 69.
Evaluating population using surrogate for generation 69.
Finished generation 69 in 1.5482616149820387 seconds.
Writing Pareto Fronts for generation 69.
Qualified Individuals: 0/1
Qualified individuals less than 1. Continuing evolution.
Generation 70 started. Performing genetic operations.
Offspring generated for generation 70. Evaluating offspring.
Decoding population for generation 70.
Decoded 20 individuals in 15.65 seconds.
Population decoded for generation 70. Starting evaluation.
Caching surrogate evaluations for generation 70.
Cached demands for 1006 embedding graphs in 0.80 seconds.
Latency prediction took 1.61 seconds for generation 70.
Evaluating population using surrogate for generation 70.
Finished generation 70 in 1.4626945989439264 seconds.
Writing Pareto Fronts for generation 70.
Qualified Individuals: 0/1
Qualified individuals less than 1. Continuing evolution.
Generation 71 started. Performing genetic operations.
Offspring generated for generation 71. Evaluating offspring.
Decoding population for generation 71.
Decoded 20 individuals in 16.16 seconds.
Population decoded for generation 71. Starting evaluation.
Caching surrogate evaluations for generation 71.
Cached demands for 988 embedding graphs in 0.82 seconds.
Latency prediction took 1.64 seconds for generation 71.
Evaluating population using surrogate for generation 71.
Finished generation 71 in 1.4717089330079034 seconds.
Writing Pareto Fronts for generation 71.
Qualified Individuals: 0/1
Qualified individuals less than 1. Continuing evolution.
Generation 72 started. Performing genetic operations.
Offspring generated for generation 72. Evaluating offspring.
Decoding population for generation 72.
Decoded 20 individuals in 17.63 seconds.
Population decoded for generation 72. Starting evaluation.
Caching surrogate evaluations for generation 72.
Cached demands for 1001 embedding graphs in 0.78 seconds.
Latency prediction took 1.64 seconds for generation 72.
Evaluating population using surrogate for generation 72.
Finished generation 72 in 1.4734577529598027 seconds.
Writing Pareto Fronts for generation 72.
Qualified Individuals: 0/1
Qualified individuals less than 1. Continuing evolution.
Generation 73 started. Performing genetic operations.
Offspring generated for generation 73. Evaluating offspring.
Decoding population for generation 73.
Decoded 20 individuals in 17.04 seconds.
Population decoded for generation 73. Starting evaluation.
Caching surrogate evaluations for generation 73.
Cached demands for 1014 embedding graphs in 0.84 seconds.
Latency prediction took 1.72 seconds for generation 73.
Evaluating population using surrogate for generation 73.
Finished generation 73 in 1.495148906018585 seconds.
Writing Pareto Fronts for generation 73.
Qualified Individuals: 0/1
Qualified individuals less than 1. Continuing evolution.
Generation 74 started. Performing genetic operations.
Offspring generated for generation 74. Evaluating offspring.
Decoding population for generation 74.
Decoded 20 individuals in 17.27 seconds.
Population decoded for generation 74. Starting evaluation.
Caching surrogate evaluations for generation 74.
Cached demands for 981 embedding graphs in 1.09 seconds.
Latency prediction took 1.66 seconds for generation 74.
Evaluating population using surrogate for generation 74.
Finished generation 74 in 1.5264256279915571 seconds.
Writing Pareto Fronts for generation 74.
Qualified Individuals: 0/1
Qualified individuals less than 1. Continuing evolution.
Generation 75 started. Performing genetic operations.
Offspring generated for generation 75. Evaluating offspring.
Decoding population for generation 75.
Decoded 20 individuals in 16.41 seconds.
Population decoded for generation 75. Starting evaluation.
Caching surrogate evaluations for generation 75.
Cached demands for 1019 embedding graphs in 0.82 seconds.
Latency prediction took 1.73 seconds for generation 75.
Evaluating population using surrogate for generation 75.
Finished generation 75 in 1.4875475800363347 seconds.
Writing Pareto Fronts for generation 75.
Qualified Individuals: 0/1
Qualified individuals less than 1. Continuing evolution.
Generation 76 started. Performing genetic operations.
Offspring generated for generation 76. Evaluating offspring.
Decoding population for generation 76.
Decoded 20 individuals in 17.41 seconds.
Population decoded for generation 76. Starting evaluation.
Caching surrogate evaluations for generation 76.
Cached demands for 1003 embedding graphs in 0.82 seconds.
Latency prediction took 1.73 seconds for generation 76.
Evaluating population using surrogate for generation 76.
Finished generation 76 in 1.5167330839904025 seconds.
Writing Pareto Fronts for generation 76.
Qualified Individuals: 0/1
Qualified individuals less than 1. Continuing evolution.
Generation 77 started. Performing genetic operations.
Offspring generated for generation 77. Evaluating offspring.
Decoding population for generation 77.
Decoded 20 individuals in 16.74 seconds.
Population decoded for generation 77. Starting evaluation.
Caching surrogate evaluations for generation 77.
Cached demands for 1004 embedding graphs in 0.80 seconds.
Latency prediction took 1.63 seconds for generation 77.
Evaluating population using surrogate for generation 77.
Finished generation 77 in 1.454749483964406 seconds.
Writing Pareto Fronts for generation 77.
Qualified Individuals: 0/1
Qualified individuals less than 1. Continuing evolution.
Generation 78 started. Performing genetic operations.
Offspring generated for generation 78. Evaluating offspring.
Decoding population for generation 78.
Decoded 20 individuals in 17.05 seconds.
Population decoded for generation 78. Starting evaluation.
Caching surrogate evaluations for generation 78.
Cached demands for 995 embedding graphs in 0.79 seconds.
Latency prediction took 1.64 seconds for generation 78.
Evaluating population using surrogate for generation 78.
Finished generation 78 in 1.505087494966574 seconds.
Writing Pareto Fronts for generation 78.
Qualified Individuals: 0/1
Qualified individuals less than 1. Continuing evolution.
Generation 79 started. Performing genetic operations.
Offspring generated for generation 79. Evaluating offspring.
Decoding population for generation 79.
Decoded 20 individuals in 17.75 seconds.
Population decoded for generation 79. Starting evaluation.
Caching surrogate evaluations for generation 79.
Cached demands for 1014 embedding graphs in 0.80 seconds.
Latency prediction took 1.65 seconds for generation 79.
Evaluating population using surrogate for generation 79.
Finished generation 79 in 1.5306310199666768 seconds.
Writing Pareto Fronts for generation 79.
Qualified Individuals: 0/1
Qualified individuals less than 1. Continuing evolution.
Generation 80 started. Performing genetic operations.
Offspring generated for generation 80. Evaluating offspring.
Decoding population for generation 80.
Decoded 20 individuals in 17.59 seconds.
Population decoded for generation 80. Starting evaluation.
Caching surrogate evaluations for generation 80.
Cached demands for 1015 embedding graphs in 0.82 seconds.
Latency prediction took 1.68 seconds for generation 80.
Evaluating population using surrogate for generation 80.
Finished generation 80 in 1.5303992090048268 seconds.
Writing Pareto Fronts for generation 80.
Qualified Individuals: 0/1
Qualified individuals less than 1. Continuing evolution.
Generation 81 started. Performing genetic operations.
Offspring generated for generation 81. Evaluating offspring.
Decoding population for generation 81.
Decoded 20 individuals in 16.24 seconds.
Population decoded for generation 81. Starting evaluation.
Caching surrogate evaluations for generation 81.
Cached demands for 1000 embedding graphs in 0.81 seconds.
Latency prediction took 1.67 seconds for generation 81.
Evaluating population using surrogate for generation 81.
Finished generation 81 in 1.4834460800047964 seconds.
Writing Pareto Fronts for generation 81.
Qualified Individuals: 0/1
Qualified individuals less than 1. Continuing evolution.
Generation 82 started. Performing genetic operations.
Offspring generated for generation 82. Evaluating offspring.
Decoding population for generation 82.
Decoded 20 individuals in 16.99 seconds.
Population decoded for generation 82. Starting evaluation.
Caching surrogate evaluations for generation 82.
Cached demands for 1013 embedding graphs in 1.12 seconds.
Latency prediction took 1.62 seconds for generation 82.
Evaluating population using surrogate for generation 82.
Finished generation 82 in 1.481684987898916 seconds.
Writing Pareto Fronts for generation 82.
Qualified Individuals: 0/1
Qualified individuals less than 1. Continuing evolution.
Generation 83 started. Performing genetic operations.
Offspring generated for generation 83. Evaluating offspring.
Decoding population for generation 83.
Decoded 20 individuals in 16.77 seconds.
Population decoded for generation 83. Starting evaluation.
Caching surrogate evaluations for generation 83.
Cached demands for 991 embedding graphs in 0.81 seconds.
Latency prediction took 1.55 seconds for generation 83.
Evaluating population using surrogate for generation 83.
Finished generation 83 in 1.4474366590147838 seconds.
Writing Pareto Fronts for generation 83.
Qualified Individuals: 0/1
Qualified individuals less than 1. Continuing evolution.
Generation 84 started. Performing genetic operations.
Offspring generated for generation 84. Evaluating offspring.
Decoding population for generation 84.
Decoded 20 individuals in 16.55 seconds.
Population decoded for generation 84. Starting evaluation.
Caching surrogate evaluations for generation 84.
Cached demands for 986 embedding graphs in 0.81 seconds.
Latency prediction took 1.63 seconds for generation 84.
Evaluating population using surrogate for generation 84.
Finished generation 84 in 1.5007235150551423 seconds.
Writing Pareto Fronts for generation 84.
Qualified Individuals: 0/1
Qualified individuals less than 1. Continuing evolution.
Generation 85 started. Performing genetic operations.
Offspring generated for generation 85. Evaluating offspring.
Decoding population for generation 85.
Decoded 20 individuals in 15.75 seconds.
Population decoded for generation 85. Starting evaluation.
Caching surrogate evaluations for generation 85.
Cached demands for 975 embedding graphs in 1.07 seconds.
Latency prediction took 1.61 seconds for generation 85.
Evaluating population using surrogate for generation 85.
Finished generation 85 in 1.4968356780009344 seconds.
Writing Pareto Fronts for generation 85.
Qualified Individuals: 0/1
Qualified individuals less than 1. Continuing evolution.
Generation 86 started. Performing genetic operations.
Offspring generated for generation 86. Evaluating offspring.
Decoding population for generation 86.
Decoded 20 individuals in 16.29 seconds.
Population decoded for generation 86. Starting evaluation.
Caching surrogate evaluations for generation 86.
Cached demands for 994 embedding graphs in 0.79 seconds.
Latency prediction took 1.62 seconds for generation 86.
Evaluating population using surrogate for generation 86.
Finished generation 86 in 1.495862907031551 seconds.
Writing Pareto Fronts for generation 86.
Qualified Individuals: 0/1
Qualified individuals less than 1. Continuing evolution.
Generation 87 started. Performing genetic operations.
Offspring generated for generation 87. Evaluating offspring.
Decoding population for generation 87.
Decoded 20 individuals in 16.73 seconds.
Population decoded for generation 87. Starting evaluation.
Caching surrogate evaluations for generation 87.
Cached demands for 1009 embedding graphs in 0.81 seconds.
Latency prediction took 1.81 seconds for generation 87.
Evaluating population using surrogate for generation 87.
Finished generation 87 in 1.6053991710068658 seconds.
Writing Pareto Fronts for generation 87.
Qualified Individuals: 0/1
Qualified individuals less than 1. Continuing evolution.
Generation 88 started. Performing genetic operations.
Offspring generated for generation 88. Evaluating offspring.
Decoding population for generation 88.
Decoded 20 individuals in 16.71 seconds.
Population decoded for generation 88. Starting evaluation.
Caching surrogate evaluations for generation 88.
Cached demands for 999 embedding graphs in 1.06 seconds.
Latency prediction took 1.63 seconds for generation 88.
Evaluating population using surrogate for generation 88.
Finished generation 88 in 1.4977747260127217 seconds.
Writing Pareto Fronts for generation 88.
Qualified Individuals: 0/1
Qualified individuals less than 1. Continuing evolution.
Generation 89 started. Performing genetic operations.
Offspring generated for generation 89. Evaluating offspring.
Decoding population for generation 89.
Decoded 20 individuals in 16.63 seconds.
Population decoded for generation 89. Starting evaluation.
Caching surrogate evaluations for generation 89.
Cached demands for 1013 embedding graphs in 0.81 seconds.
Latency prediction took 1.70 seconds for generation 89.
Evaluating population using surrogate for generation 89.
Finished generation 89 in 1.540306130074896 seconds.
Writing Pareto Fronts for generation 89.
Qualified Individuals: 0/1
Qualified individuals less than 1. Continuing evolution.
Generation 90 started. Performing genetic operations.
Offspring generated for generation 90. Evaluating offspring.
Decoding population for generation 90.
Decoded 20 individuals in 15.48 seconds.
Population decoded for generation 90. Starting evaluation.
Caching surrogate evaluations for generation 90.
Cached demands for 973 embedding graphs in 0.81 seconds.
Latency prediction took 1.61 seconds for generation 90.
Evaluating population using surrogate for generation 90.
Finished generation 90 in 1.4774531170260161 seconds.
Writing Pareto Fronts for generation 90.
Qualified Individuals: 0/1
Qualified individuals less than 1. Continuing evolution.
Generation 91 started. Performing genetic operations.
Offspring generated for generation 91. Evaluating offspring.
Decoding population for generation 91.
Decoded 20 individuals in 16.98 seconds.
Population decoded for generation 91. Starting evaluation.
Caching surrogate evaluations for generation 91.
Cached demands for 976 embedding graphs in 0.82 seconds.
Latency prediction took 1.69 seconds for generation 91.
Evaluating population using surrogate for generation 91.
Finished generation 91 in 1.5107718319632113 seconds.
Writing Pareto Fronts for generation 91.
Qualified Individuals: 0/1
Qualified individuals less than 1. Continuing evolution.
Generation 92 started. Performing genetic operations.
Offspring generated for generation 92. Evaluating offspring.
Decoding population for generation 92.
Decoded 20 individuals in 16.43 seconds.
Population decoded for generation 92. Starting evaluation.
Caching surrogate evaluations for generation 92.
Cached demands for 1022 embedding graphs in 0.80 seconds.
Latency prediction took 1.61 seconds for generation 92.
Evaluating population using surrogate for generation 92.
Finished generation 92 in 1.6113682170398533 seconds.
Writing Pareto Fronts for generation 92.
Qualified Individuals: 0/1
Qualified individuals less than 1. Continuing evolution.
Generation 93 started. Performing genetic operations.
Offspring generated for generation 93. Evaluating offspring.
Decoding population for generation 93.
Decoded 20 individuals in 16.50 seconds.
Population decoded for generation 93. Starting evaluation.
Caching surrogate evaluations for generation 93.
Cached demands for 1008 embedding graphs in 0.81 seconds.
Latency prediction took 1.69 seconds for generation 93.
Evaluating population using surrogate for generation 93.
Finished generation 93 in 1.488008453976363 seconds.
Writing Pareto Fronts for generation 93.
Qualified Individuals: 0/1
Qualified individuals less than 1. Continuing evolution.
Generation 94 started. Performing genetic operations.
Offspring generated for generation 94. Evaluating offspring.
Decoding population for generation 94.
Decoded 20 individuals in 17.23 seconds.
Population decoded for generation 94. Starting evaluation.
Caching surrogate evaluations for generation 94.
Cached demands for 997 embedding graphs in 0.79 seconds.
Latency prediction took 1.63 seconds for generation 94.
Evaluating population using surrogate for generation 94.
Finished generation 94 in 1.4904306620592251 seconds.
Writing Pareto Fronts for generation 94.
Qualified Individuals: 0/1
Qualified individuals less than 1. Continuing evolution.
Generation 95 started. Performing genetic operations.
Offspring generated for generation 95. Evaluating offspring.
Decoding population for generation 95.
Decoded 20 individuals in 16.05 seconds.
Population decoded for generation 95. Starting evaluation.
Caching surrogate evaluations for generation 95.
Cached demands for 1008 embedding graphs in 0.83 seconds.
Latency prediction took 1.63 seconds for generation 95.
Evaluating population using surrogate for generation 95.
Finished generation 95 in 1.5430340219754726 seconds.
Writing Pareto Fronts for generation 95.
Qualified Individuals: 0/1
Qualified individuals less than 1. Continuing evolution.
Generation 96 started. Performing genetic operations.
Offspring generated for generation 96. Evaluating offspring.
Decoding population for generation 96.
Decoded 20 individuals in 16.88 seconds.
Population decoded for generation 96. Starting evaluation.
Caching surrogate evaluations for generation 96.
Cached demands for 987 embedding graphs in 1.11 seconds.
Latency prediction took 1.71 seconds for generation 96.
Evaluating population using surrogate for generation 96.
Finished generation 96 in 1.5762404849519953 seconds.
Writing Pareto Fronts for generation 96.
Qualified Individuals: 0/1
Qualified individuals less than 1. Continuing evolution.
Generation 97 started. Performing genetic operations.
Offspring generated for generation 97. Evaluating offspring.
Decoding population for generation 97.
Decoded 20 individuals in 15.84 seconds.
Population decoded for generation 97. Starting evaluation.
Caching surrogate evaluations for generation 97.
Cached demands for 1009 embedding graphs in 0.79 seconds.
Latency prediction took 1.61 seconds for generation 97.
Evaluating population using surrogate for generation 97.
Finished generation 97 in 1.6010559239657596 seconds.
Writing Pareto Fronts for generation 97.
Qualified Individuals: 0/1
Qualified individuals less than 1. Continuing evolution.
Generation 98 started. Performing genetic operations.
Offspring generated for generation 98. Evaluating offspring.
Decoding population for generation 98.
Decoded 20 individuals in 16.21 seconds.
Population decoded for generation 98. Starting evaluation.
Caching surrogate evaluations for generation 98.
Cached demands for 1004 embedding graphs in 0.82 seconds.
Latency prediction took 1.64 seconds for generation 98.
Evaluating population using surrogate for generation 98.
Finished generation 98 in 1.5498991400236264 seconds.
Writing Pareto Fronts for generation 98.
Qualified Individuals: 0/1
Qualified individuals less than 1. Continuing evolution.
Generation 99 started. Performing genetic operations.
Offspring generated for generation 99. Evaluating offspring.
Decoding population for generation 99.
Decoded 20 individuals in 17.25 seconds.
Population decoded for generation 99. Starting evaluation.
Caching surrogate evaluations for generation 99.
Cached demands for 1003 embedding graphs in 1.06 seconds.
Latency prediction took 1.71 seconds for generation 99.
Evaluating population using surrogate for generation 99.
Finished generation 99 in 1.4460044910665601 seconds.
Writing Pareto Fronts for generation 99.
Qualified Individuals: 0/1
Qualified individuals less than 1. Continuing evolution.
Generation 100 started. Performing genetic operations.
Offspring generated for generation 100. Evaluating offspring.
Decoding population for generation 100.
Decoded 20 individuals in 16.13 seconds.
Population decoded for generation 100. Starting evaluation.
Caching surrogate evaluations for generation 100.
Cached demands for 984 embedding graphs in 0.83 seconds.
Latency prediction took 1.67 seconds for generation 100.
Evaluating population using surrogate for generation 100.
Finished generation 100 in 1.5277438239427283 seconds.
Writing Pareto Fronts for generation 100.
Qualified Individuals: 0/1
Time taken: 2052.34s
Generating predefined weights.
Running the hybrid online-offline solver for experiment: 15_0.23_False_5_0.5_1_dc_noOfNeurons_1_19
Initial population of 20 individuals created. Starting evolution.
Decoding population for generation 1.
Decoded 20 individuals in 14.49 seconds.
Population decoded for generation 1. Starting evaluation.
Caching surrogate evaluations for generation 1.
Cached demands for 1011 embedding graphs in 0.83 seconds.
Latency prediction took 1.64 seconds for generation 1.
Evaluating population using surrogate for generation 1.
Finished generation 1 in 1.5832809440325946 seconds.
Writing Pareto Fronts for generation 1.
Qualified Individuals: 0/1
Qualified individuals less than 1. Continuing evolution.
Generation 2 started. Performing genetic operations.
Offspring generated for generation 2. Evaluating offspring.
Decoding population for generation 2.
Decoded 20 individuals in 14.40 seconds.
Population decoded for generation 2. Starting evaluation.
Caching surrogate evaluations for generation 2.
Cached demands for 1029 embedding graphs in 1.03 seconds.
Latency prediction took 1.71 seconds for generation 2.
Evaluating population using surrogate for generation 2.
Finished generation 2 in 1.5448330939980224 seconds.
Writing Pareto Fronts for generation 2.
Qualified Individuals: 0/1
Qualified individuals less than 1. Continuing evolution.
Generation 3 started. Performing genetic operations.
Offspring generated for generation 3. Evaluating offspring.
Decoding population for generation 3.
Decoded 20 individuals in 14.66 seconds.
Population decoded for generation 3. Starting evaluation.
Caching surrogate evaluations for generation 3.
Cached demands for 1023 embedding graphs in 0.82 seconds.
Latency prediction took 1.69 seconds for generation 3.
Evaluating population using surrogate for generation 3.
Finished generation 3 in 1.5607866110512987 seconds.
Writing Pareto Fronts for generation 3.
Qualified Individuals: 0/1
Qualified individuals less than 1. Continuing evolution.
Generation 4 started. Performing genetic operations.
Offspring generated for generation 4. Evaluating offspring.
Decoding population for generation 4.
Decoded 20 individuals in 15.48 seconds.
Population decoded for generation 4. Starting evaluation.
Caching surrogate evaluations for generation 4.
Cached demands for 1036 embedding graphs in 0.81 seconds.
Latency prediction took 1.68 seconds for generation 4.
Evaluating population using surrogate for generation 4.
Finished generation 4 in 1.4729490809841082 seconds.
Writing Pareto Fronts for generation 4.
Qualified Individuals: 0/1
Qualified individuals less than 1. Continuing evolution.
Generation 5 started. Performing genetic operations.
Offspring generated for generation 5. Evaluating offspring.
Decoding population for generation 5.
Decoded 20 individuals in 14.97 seconds.
Population decoded for generation 5. Starting evaluation.
Caching surrogate evaluations for generation 5.
Cached demands for 1040 embedding graphs in 1.08 seconds.
Latency prediction took 1.65 seconds for generation 5.
Evaluating population using surrogate for generation 5.
Finished generation 5 in 1.511413767002523 seconds.
Writing Pareto Fronts for generation 5.
Qualified Individuals: 0/1
Qualified individuals less than 1. Continuing evolution.
Generation 6 started. Performing genetic operations.
Offspring generated for generation 6. Evaluating offspring.
Decoding population for generation 6.
Decoded 20 individuals in 15.31 seconds.
Population decoded for generation 6. Starting evaluation.
Caching surrogate evaluations for generation 6.
Cached demands for 1029 embedding graphs in 0.81 seconds.
Latency prediction took 1.59 seconds for generation 6.
Evaluating population using surrogate for generation 6.
Finished generation 6 in 1.4899615950416774 seconds.
Writing Pareto Fronts for generation 6.
Qualified Individuals: 0/1
Qualified individuals less than 1. Continuing evolution.
Generation 7 started. Performing genetic operations.
Offspring generated for generation 7. Evaluating offspring.
Decoding population for generation 7.
Decoded 20 individuals in 15.11 seconds.
Population decoded for generation 7. Starting evaluation.
Caching surrogate evaluations for generation 7.
Cached demands for 1032 embedding graphs in 0.80 seconds.
Latency prediction took 1.62 seconds for generation 7.
Evaluating population using surrogate for generation 7.
Finished generation 7 in 1.476964520988986 seconds.
Writing Pareto Fronts for generation 7.
Qualified Individuals: 0/1
Qualified individuals less than 1. Continuing evolution.
Generation 8 started. Performing genetic operations.
Offspring generated for generation 8. Evaluating offspring.
Decoding population for generation 8.
Decoded 20 individuals in 15.41 seconds.
Population decoded for generation 8. Starting evaluation.
Caching surrogate evaluations for generation 8.
Cached demands for 1054 embedding graphs in 1.07 seconds.
Latency prediction took 1.71 seconds for generation 8.
Evaluating population using surrogate for generation 8.
Finished generation 8 in 1.4955328960204497 seconds.
Writing Pareto Fronts for generation 8.
Qualified Individuals: 0/1
Qualified individuals less than 1. Continuing evolution.
Generation 9 started. Performing genetic operations.
Offspring generated for generation 9. Evaluating offspring.
Decoding population for generation 9.
Decoded 20 individuals in 14.91 seconds.
Population decoded for generation 9. Starting evaluation.
Caching surrogate evaluations for generation 9.
Cached demands for 1018 embedding graphs in 0.81 seconds.
Latency prediction took 1.62 seconds for generation 9.
Evaluating population using surrogate for generation 9.
Finished generation 9 in 1.525189362000674 seconds.
Writing Pareto Fronts for generation 9.
Qualified Individuals: 0/1
Qualified individuals less than 1. Continuing evolution.
Generation 10 started. Performing genetic operations.
Offspring generated for generation 10. Evaluating offspring.
Decoding population for generation 10.
Decoded 20 individuals in 15.64 seconds.
Population decoded for generation 10. Starting evaluation.
Caching surrogate evaluations for generation 10.
Cached demands for 1030 embedding graphs in 0.81 seconds.
Latency prediction took 1.74 seconds for generation 10.
Evaluating population using surrogate for generation 10.
Finished generation 10 in 1.5018064280739054 seconds.
Writing Pareto Fronts for generation 10.
Qualified Individuals: 0/1
Qualified individuals less than 1. Continuing evolution.
Generation 11 started. Performing genetic operations.
Offspring generated for generation 11. Evaluating offspring.
Decoding population for generation 11.
Decoded 20 individuals in 15.47 seconds.
Population decoded for generation 11. Starting evaluation.
Caching surrogate evaluations for generation 11.
Cached demands for 1039 embedding graphs in 0.82 seconds.
Latency prediction took 1.63 seconds for generation 11.
Evaluating population using surrogate for generation 11.
Finished generation 11 in 1.4683480779640377 seconds.
Writing Pareto Fronts for generation 11.
Qualified Individuals: 0/1
Qualified individuals less than 1. Continuing evolution.
Generation 12 started. Performing genetic operations.
Offspring generated for generation 12. Evaluating offspring.
Decoding population for generation 12.
Decoded 20 individuals in 14.76 seconds.
Population decoded for generation 12. Starting evaluation.
Caching surrogate evaluations for generation 12.
Cached demands for 1059 embedding graphs in 0.80 seconds.
Latency prediction took 1.70 seconds for generation 12.
Evaluating population using surrogate for generation 12.
Finished generation 12 in 1.570693413959816 seconds.
Writing Pareto Fronts for generation 12.
Qualified Individuals: 0/1
Qualified individuals less than 1. Continuing evolution.
Generation 13 started. Performing genetic operations.
Offspring generated for generation 13. Evaluating offspring.
Decoding population for generation 13.
Decoded 20 individuals in 14.95 seconds.
Population decoded for generation 13. Starting evaluation.
Caching surrogate evaluations for generation 13.
Cached demands for 1022 embedding graphs in 0.78 seconds.
Latency prediction took 1.59 seconds for generation 13.
Evaluating population using surrogate for generation 13.
Finished generation 13 in 1.479807854979299 seconds.
Writing Pareto Fronts for generation 13.
Qualified Individuals: 1/1
Finished the evolution of weights using surrogate at generation 13.
Number of qualified individuals: 1
Time taken: 248.35s
Generating predefined weights.
Running the hybrid online-offline solver for experiment: 15_0.23_False_5_0.5_1_dc_noOfNeurons_4_0
Initial population of 20 individuals created. Starting evolution.
Decoding population for generation 1.
Decoded 20 individuals in 17.39 seconds.
Population decoded for generation 1. Starting evaluation.
Caching surrogate evaluations for generation 1.
Cached demands for 1025 embedding graphs in 0.81 seconds.
Latency prediction took 1.62 seconds for generation 1.
Evaluating population using surrogate for generation 1.
Finished generation 1 in 1.4818664459744468 seconds.
Writing Pareto Fronts for generation 1.
Qualified Individuals: 0/1
Qualified individuals less than 1. Continuing evolution.
Generation 2 started. Performing genetic operations.
Offspring generated for generation 2. Evaluating offspring.
Decoding population for generation 2.
Decoded 20 individuals in 14.72 seconds.
Population decoded for generation 2. Starting evaluation.
Caching surrogate evaluations for generation 2.
Cached demands for 1033 embedding graphs in 0.81 seconds.
Latency prediction took 1.67 seconds for generation 2.
Evaluating population using surrogate for generation 2.
Finished generation 2 in 1.4420291959540918 seconds.
Writing Pareto Fronts for generation 2.
Qualified Individuals: 0/1
Qualified individuals less than 1. Continuing evolution.
Generation 3 started. Performing genetic operations.
Offspring generated for generation 3. Evaluating offspring.
Decoding population for generation 3.
Decoded 20 individuals in 16.07 seconds.
Population decoded for generation 3. Starting evaluation.
Caching surrogate evaluations for generation 3.
Cached demands for 1023 embedding graphs in 1.14 seconds.
Latency prediction took 1.59 seconds for generation 3.
Evaluating population using surrogate for generation 3.
Finished generation 3 in 1.486417485983111 seconds.
Writing Pareto Fronts for generation 3.
Qualified Individuals: 0/1
Qualified individuals less than 1. Continuing evolution.
Generation 4 started. Performing genetic operations.
Offspring generated for generation 4. Evaluating offspring.
Decoding population for generation 4.
Decoded 20 individuals in 14.97 seconds.
Population decoded for generation 4. Starting evaluation.
Caching surrogate evaluations for generation 4.
Cached demands for 1037 embedding graphs in 0.86 seconds.
Latency prediction took 1.67 seconds for generation 4.
Evaluating population using surrogate for generation 4.
Finished generation 4 in 1.5807975699426606 seconds.
Writing Pareto Fronts for generation 4.
Qualified Individuals: 0/1
Qualified individuals less than 1. Continuing evolution.
Generation 5 started. Performing genetic operations.
Offspring generated for generation 5. Evaluating offspring.
Decoding population for generation 5.
Decoded 20 individuals in 16.85 seconds.
Population decoded for generation 5. Starting evaluation.
Caching surrogate evaluations for generation 5.
Cached demands for 1017 embedding graphs in 0.83 seconds.
Latency prediction took 1.61 seconds for generation 5.
Evaluating population using surrogate for generation 5.
Finished generation 5 in 1.5640677800402045 seconds.
Writing Pareto Fronts for generation 5.
Qualified Individuals: 0/1
Qualified individuals less than 1. Continuing evolution.
Generation 6 started. Performing genetic operations.
Offspring generated for generation 6. Evaluating offspring.
Decoding population for generation 6.
Decoded 20 individuals in 15.41 seconds.
Population decoded for generation 6. Starting evaluation.
Caching surrogate evaluations for generation 6.
Cached demands for 1012 embedding graphs in 0.82 seconds.
Latency prediction took 1.68 seconds for generation 6.
Evaluating population using surrogate for generation 6.
Finished generation 6 in 1.4800700540654361 seconds.
Writing Pareto Fronts for generation 6.
Qualified Individuals: 1/1
Finished the evolution of weights using surrogate at generation 6.
Number of qualified individuals: 1
Time taken: 119.74s
Generating predefined weights.
Running the hybrid online-offline solver for experiment: 15_0.23_False_5_0.5_1_dc_noOfNeurons_4_1
Initial population of 20 individuals created. Starting evolution.
Decoding population for generation 1.
Decoded 20 individuals in 17.41 seconds.
Population decoded for generation 1. Starting evaluation.
Caching surrogate evaluations for generation 1.
Cached demands for 1040 embedding graphs in 0.82 seconds.
Latency prediction took 1.67 seconds for generation 1.
Evaluating population using surrogate for generation 1.
Finished generation 1 in 1.5474270939594135 seconds.
Writing Pareto Fronts for generation 1.
Qualified Individuals: 0/1
Qualified individuals less than 1. Continuing evolution.
Generation 2 started. Performing genetic operations.
Offspring generated for generation 2. Evaluating offspring.
Decoding population for generation 2.
Decoded 20 individuals in 15.02 seconds.
Population decoded for generation 2. Starting evaluation.
Caching surrogate evaluations for generation 2.
Cached demands for 1030 embedding graphs in 0.83 seconds.
Latency prediction took 1.66 seconds for generation 2.
Evaluating population using surrogate for generation 2.
Finished generation 2 in 1.5038084560073912 seconds.
Writing Pareto Fronts for generation 2.
Qualified Individuals: 0/1
Qualified individuals less than 1. Continuing evolution.
Generation 3 started. Performing genetic operations.
Offspring generated for generation 3. Evaluating offspring.
Decoding population for generation 3.
Decoded 20 individuals in 17.05 seconds.
Population decoded for generation 3. Starting evaluation.
Caching surrogate evaluations for generation 3.
Cached demands for 1037 embedding graphs in 0.80 seconds.
Latency prediction took 1.62 seconds for generation 3.
Evaluating population using surrogate for generation 3.
Finished generation 3 in 1.4498877939768136 seconds.
Writing Pareto Fronts for generation 3.
Qualified Individuals: 0/1
Qualified individuals less than 1. Continuing evolution.
Generation 4 started. Performing genetic operations.
Offspring generated for generation 4. Evaluating offspring.
Decoding population for generation 4.
Decoded 20 individuals in 18.39 seconds.
Population decoded for generation 4. Starting evaluation.
Caching surrogate evaluations for generation 4.
Cached demands for 1023 embedding graphs in 0.80 seconds.
Latency prediction took 1.59 seconds for generation 4.
Evaluating population using surrogate for generation 4.
Finished generation 4 in 1.6182183088967577 seconds.
Writing Pareto Fronts for generation 4.
Qualified Individuals: 0/1
Qualified individuals less than 1. Continuing evolution.
Generation 5 started. Performing genetic operations.
Offspring generated for generation 5. Evaluating offspring.
Decoding population for generation 5.
Decoded 20 individuals in 16.11 seconds.
Population decoded for generation 5. Starting evaluation.
Caching surrogate evaluations for generation 5.
Cached demands for 1022 embedding graphs in 1.07 seconds.
Latency prediction took 1.60 seconds for generation 5.
Evaluating population using surrogate for generation 5.
Finished generation 5 in 1.5198458379600197 seconds.
Writing Pareto Fronts for generation 5.
Qualified Individuals: 0/1
Qualified individuals less than 1. Continuing evolution.
Generation 6 started. Performing genetic operations.
Offspring generated for generation 6. Evaluating offspring.
Decoding population for generation 6.
Decoded 20 individuals in 15.51 seconds.
Population decoded for generation 6. Starting evaluation.
Caching surrogate evaluations for generation 6.
Cached demands for 1017 embedding graphs in 0.81 seconds.
Latency prediction took 1.69 seconds for generation 6.
Evaluating population using surrogate for generation 6.
Finished generation 6 in 1.5066271760733798 seconds.
Writing Pareto Fronts for generation 6.
Qualified Individuals: 0/1
Qualified individuals less than 1. Continuing evolution.
Generation 7 started. Performing genetic operations.
Offspring generated for generation 7. Evaluating offspring.
Decoding population for generation 7.
Decoded 20 individuals in 18.12 seconds.
Population decoded for generation 7. Starting evaluation.
Caching surrogate evaluations for generation 7.
Cached demands for 1016 embedding graphs in 0.82 seconds.
Latency prediction took 1.60 seconds for generation 7.
Evaluating population using surrogate for generation 7.
Finished generation 7 in 1.45144021010492 seconds.
Writing Pareto Fronts for generation 7.
Qualified Individuals: 0/1
Qualified individuals less than 1. Continuing evolution.
Generation 8 started. Performing genetic operations.
Offspring generated for generation 8. Evaluating offspring.
Decoding population for generation 8.
Decoded 20 individuals in 17.17 seconds.
Population decoded for generation 8. Starting evaluation.
Caching surrogate evaluations for generation 8.
Cached demands for 1029 embedding graphs in 0.79 seconds.
Latency prediction took 1.75 seconds for generation 8.
Evaluating population using surrogate for generation 8.
Finished generation 8 in 1.5737845370313153 seconds.
Writing Pareto Fronts for generation 8.
Qualified Individuals: 0/1
Qualified individuals less than 1. Continuing evolution.
Generation 9 started. Performing genetic operations.
Offspring generated for generation 9. Evaluating offspring.
Decoding population for generation 9.
Decoded 20 individuals in 16.89 seconds.
Population decoded for generation 9. Starting evaluation.
Caching surrogate evaluations for generation 9.
Cached demands for 1012 embedding graphs in 0.83 seconds.
Latency prediction took 1.68 seconds for generation 9.
Evaluating population using surrogate for generation 9.
Finished generation 9 in 1.4587974370224401 seconds.
Writing Pareto Fronts for generation 9.
Qualified Individuals: 0/1
Qualified individuals less than 1. Continuing evolution.
Generation 10 started. Performing genetic operations.
Offspring generated for generation 10. Evaluating offspring.
Decoding population for generation 10.
Decoded 20 individuals in 18.46 seconds.
Population decoded for generation 10. Starting evaluation.
Caching surrogate evaluations for generation 10.
Cached demands for 1058 embedding graphs in 0.81 seconds.
Latency prediction took 1.63 seconds for generation 10.
Evaluating population using surrogate for generation 10.
Finished generation 10 in 1.5457537410547957 seconds.
Writing Pareto Fronts for generation 10.
Qualified Individuals: 1/1
Finished the evolution of weights using surrogate at generation 10.
Number of qualified individuals: 1
Time taken: 210.40s
Generating predefined weights.
Running the hybrid online-offline solver for experiment: 15_0.23_False_5_0.5_1_dc_noOfNeurons_4_2
Initial population of 20 individuals created. Starting evolution.
Decoding population for generation 1.
Decoded 20 individuals in 16.34 seconds.
Population decoded for generation 1. Starting evaluation.
Caching surrogate evaluations for generation 1.
Cached demands for 1015 embedding graphs in 0.82 seconds.
Latency prediction took 1.63 seconds for generation 1.
Evaluating population using surrogate for generation 1.
Finished generation 1 in 1.5799445289885625 seconds.
Writing Pareto Fronts for generation 1.
Qualified Individuals: 0/1
Qualified individuals less than 1. Continuing evolution.
Generation 2 started. Performing genetic operations.
Offspring generated for generation 2. Evaluating offspring.
Decoding population for generation 2.
Decoded 20 individuals in 14.32 seconds.
Population decoded for generation 2. Starting evaluation.
Caching surrogate evaluations for generation 2.
Cached demands for 1025 embedding graphs in 0.80 seconds.
Latency prediction took 1.66 seconds for generation 2.
Evaluating population using surrogate for generation 2.
Finished generation 2 in 1.4542919199448079 seconds.
Writing Pareto Fronts for generation 2.
Qualified Individuals: 0/1
Qualified individuals less than 1. Continuing evolution.
Generation 3 started. Performing genetic operations.
Offspring generated for generation 3. Evaluating offspring.
Decoding population for generation 3.
Decoded 20 individuals in 16.07 seconds.
Population decoded for generation 3. Starting evaluation.
Caching surrogate evaluations for generation 3.
Cached demands for 1027 embedding graphs in 0.82 seconds.
Latency prediction took 1.69 seconds for generation 3.
Evaluating population using surrogate for generation 3.
Finished generation 3 in 1.498172860010527 seconds.
Writing Pareto Fronts for generation 3.
Qualified Individuals: 0/1
Qualified individuals less than 1. Continuing evolution.
Generation 4 started. Performing genetic operations.
Offspring generated for generation 4. Evaluating offspring.
Decoding population for generation 4.
Decoded 20 individuals in 15.79 seconds.
Population decoded for generation 4. Starting evaluation.
Caching surrogate evaluations for generation 4.
Cached demands for 1042 embedding graphs in 0.80 seconds.
Latency prediction took 1.62 seconds for generation 4.
Evaluating population using surrogate for generation 4.
Finished generation 4 in 1.535086645046249 seconds.
Writing Pareto Fronts for generation 4.
Qualified Individuals: 1/1
Finished the evolution of weights using surrogate at generation 4.
Number of qualified individuals: 1
Time taken: 78.49s
Generating predefined weights.
Running the hybrid online-offline solver for experiment: 15_0.23_False_5_0.5_1_dc_noOfNeurons_4_3
Initial population of 20 individuals created. Starting evolution.
Decoding population for generation 1.
Decoded 20 individuals in 18.94 seconds.
Population decoded for generation 1. Starting evaluation.
Caching surrogate evaluations for generation 1.
Cached demands for 1024 embedding graphs in 0.83 seconds.
Latency prediction took 1.61 seconds for generation 1.
Evaluating population using surrogate for generation 1.
Finished generation 1 in 1.4349515490466729 seconds.
Writing Pareto Fronts for generation 1.
Qualified Individuals: 0/1
Qualified individuals less than 1. Continuing evolution.
Generation 2 started. Performing genetic operations.
Offspring generated for generation 2. Evaluating offspring.
Decoding population for generation 2.
Decoded 20 individuals in 16.86 seconds.
Population decoded for generation 2. Starting evaluation.
Caching surrogate evaluations for generation 2.
Cached demands for 1007 embedding graphs in 0.81 seconds.
Latency prediction took 1.84 seconds for generation 2.
Evaluating population using surrogate for generation 2.
Finished generation 2 in 1.5461826069513336 seconds.
Writing Pareto Fronts for generation 2.
Qualified Individuals: 0/1
Qualified individuals less than 1. Continuing evolution.
Generation 3 started. Performing genetic operations.
Offspring generated for generation 3. Evaluating offspring.
Decoding population for generation 3.
Decoded 20 individuals in 16.37 seconds.
Population decoded for generation 3. Starting evaluation.
Caching surrogate evaluations for generation 3.
Cached demands for 1034 embedding graphs in 0.82 seconds.
Latency prediction took 1.62 seconds for generation 3.
Evaluating population using surrogate for generation 3.
Finished generation 3 in 1.461577455047518 seconds.
Writing Pareto Fronts for generation 3.
Qualified Individuals: 1/1
Finished the evolution of weights using surrogate at generation 3.
Number of qualified individuals: 1
Time taken: 64.21s
Generating predefined weights.
Running the hybrid online-offline solver for experiment: 15_0.23_False_5_0.5_1_dc_noOfNeurons_4_4
Initial population of 20 individuals created. Starting evolution.
Decoding population for generation 1.
Decoded 20 individuals in 15.89 seconds.
Population decoded for generation 1. Starting evaluation.
Caching surrogate evaluations for generation 1.
Cached demands for 1032 embedding graphs in 1.07 seconds.
Latency prediction took 1.68 seconds for generation 1.
Evaluating population using surrogate for generation 1.
Finished generation 1 in 1.5014688150258735 seconds.
Writing Pareto Fronts for generation 1.
Qualified Individuals: 0/1
Qualified individuals less than 1. Continuing evolution.
Generation 2 started. Performing genetic operations.
Offspring generated for generation 2. Evaluating offspring.
Decoding population for generation 2.
Decoded 20 individuals in 15.64 seconds.
Population decoded for generation 2. Starting evaluation.
Caching surrogate evaluations for generation 2.
Cached demands for 1031 embedding graphs in 0.81 seconds.
Latency prediction took 1.64 seconds for generation 2.
Evaluating population using surrogate for generation 2.
Finished generation 2 in 1.5106328370748088 seconds.
Writing Pareto Fronts for generation 2.
Qualified Individuals: 0/1
Qualified individuals less than 1. Continuing evolution.
Generation 3 started. Performing genetic operations.
Offspring generated for generation 3. Evaluating offspring.
Decoding population for generation 3.
Decoded 20 individuals in 15.98 seconds.
Population decoded for generation 3. Starting evaluation.
Caching surrogate evaluations for generation 3.
Cached demands for 1027 embedding graphs in 0.83 seconds.
Latency prediction took 1.64 seconds for generation 3.
Evaluating population using surrogate for generation 3.
Finished generation 3 in 1.489143255050294 seconds.
Writing Pareto Fronts for generation 3.
Qualified Individuals: 0/1
Qualified individuals less than 1. Continuing evolution.
Generation 4 started. Performing genetic operations.
Offspring generated for generation 4. Evaluating offspring.
Decoding population for generation 4.
Decoded 20 individuals in 16.31 seconds.
Population decoded for generation 4. Starting evaluation.
Caching surrogate evaluations for generation 4.
Cached demands for 1038 embedding graphs in 0.80 seconds.
Latency prediction took 1.65 seconds for generation 4.
Evaluating population using surrogate for generation 4.
Finished generation 4 in 1.5196219159988686 seconds.
Writing Pareto Fronts for generation 4.
Qualified Individuals: 0/1
Qualified individuals less than 1. Continuing evolution.
Generation 5 started. Performing genetic operations.
Offspring generated for generation 5. Evaluating offspring.
Decoding population for generation 5.
Decoded 20 individuals in 15.63 seconds.
Population decoded for generation 5. Starting evaluation.
Caching surrogate evaluations for generation 5.
Cached demands for 1033 embedding graphs in 0.82 seconds.
Latency prediction took 1.63 seconds for generation 5.
Evaluating population using surrogate for generation 5.
Finished generation 5 in 1.4588345610536635 seconds.
Writing Pareto Fronts for generation 5.
Qualified Individuals: 0/1
Qualified individuals less than 1. Continuing evolution.
Generation 6 started. Performing genetic operations.
Offspring generated for generation 6. Evaluating offspring.
Decoding population for generation 6.
Decoded 20 individuals in 16.41 seconds.
Population decoded for generation 6. Starting evaluation.
Caching surrogate evaluations for generation 6.
Cached demands for 1033 embedding graphs in 1.08 seconds.
Latency prediction took 1.73 seconds for generation 6.
Evaluating population using surrogate for generation 6.
Finished generation 6 in 1.5114464290672913 seconds.
Writing Pareto Fronts for generation 6.
Qualified Individuals: 0/1
Qualified individuals less than 1. Continuing evolution.
Generation 7 started. Performing genetic operations.
Offspring generated for generation 7. Evaluating offspring.
Decoding population for generation 7.
Decoded 20 individuals in 15.32 seconds.
Population decoded for generation 7. Starting evaluation.
Caching surrogate evaluations for generation 7.
Cached demands for 1039 embedding graphs in 0.79 seconds.
Latency prediction took 1.59 seconds for generation 7.
Evaluating population using surrogate for generation 7.
Finished generation 7 in 1.51821519411169 seconds.
Writing Pareto Fronts for generation 7.
Qualified Individuals: 0/1
Qualified individuals less than 1. Continuing evolution.
Generation 8 started. Performing genetic operations.
Offspring generated for generation 8. Evaluating offspring.
Decoding population for generation 8.
Decoded 20 individuals in 16.10 seconds.
Population decoded for generation 8. Starting evaluation.
Caching surrogate evaluations for generation 8.
Cached demands for 1032 embedding graphs in 0.83 seconds.
Latency prediction took 1.72 seconds for generation 8.
Evaluating population using surrogate for generation 8.
Finished generation 8 in 1.596084529068321 seconds.
Writing Pareto Fronts for generation 8.
Qualified Individuals: 1/1
Finished the evolution of weights using surrogate at generation 8.
Number of qualified individuals: 1
Time taken: 159.91s
Generating predefined weights.
Running the hybrid online-offline solver for experiment: 15_0.23_False_5_0.5_1_dc_noOfNeurons_4_5
Initial population of 20 individuals created. Starting evolution.
Decoding population for generation 1.
Decoded 20 individuals in 16.08 seconds.
Population decoded for generation 1. Starting evaluation.
Caching surrogate evaluations for generation 1.
Cached demands for 1024 embedding graphs in 1.06 seconds.
Latency prediction took 1.67 seconds for generation 1.
Evaluating population using surrogate for generation 1.
Finished generation 1 in 1.5626526339910924 seconds.
Writing Pareto Fronts for generation 1.
Qualified Individuals: 0/1
Qualified individuals less than 1. Continuing evolution.
Generation 2 started. Performing genetic operations.
Offspring generated for generation 2. Evaluating offspring.
Decoding population for generation 2.
Decoded 20 individuals in 15.59 seconds.
Population decoded for generation 2. Starting evaluation.
Caching surrogate evaluations for generation 2.
Cached demands for 1007 embedding graphs in 0.81 seconds.
Latency prediction took 1.74 seconds for generation 2.
Evaluating population using surrogate for generation 2.
Finished generation 2 in 1.555713705951348 seconds.
Writing Pareto Fronts for generation 2.
Qualified Individuals: 0/1
Qualified individuals less than 1. Continuing evolution.
Generation 3 started. Performing genetic operations.
Offspring generated for generation 3. Evaluating offspring.
Decoding population for generation 3.
Decoded 20 individuals in 15.96 seconds.
Population decoded for generation 3. Starting evaluation.
Caching surrogate evaluations for generation 3.
Cached demands for 1023 embedding graphs in 0.79 seconds.
Latency prediction took 1.68 seconds for generation 3.
Evaluating population using surrogate for generation 3.
Finished generation 3 in 1.4689239090075716 seconds.
Writing Pareto Fronts for generation 3.
Qualified Individuals: 0/1
Qualified individuals less than 1. Continuing evolution.
Generation 4 started. Performing genetic operations.
Offspring generated for generation 4. Evaluating offspring.
Decoding population for generation 4.
Decoded 20 individuals in 16.26 seconds.
Population decoded for generation 4. Starting evaluation.
Caching surrogate evaluations for generation 4.
Cached demands for 1016 embedding graphs in 0.81 seconds.
Latency prediction took 1.61 seconds for generation 4.
Evaluating population using surrogate for generation 4.
Finished generation 4 in 1.4776299130171537 seconds.
Writing Pareto Fronts for generation 4.
Qualified Individuals: 0/1
Qualified individuals less than 1. Continuing evolution.
Generation 5 started. Performing genetic operations.
Offspring generated for generation 5. Evaluating offspring.
Decoding population for generation 5.
Decoded 20 individuals in 16.18 seconds.
Population decoded for generation 5. Starting evaluation.
Caching surrogate evaluations for generation 5.
Cached demands for 1024 embedding graphs in 0.81 seconds.
Latency prediction took 1.60 seconds for generation 5.
Evaluating population using surrogate for generation 5.
Finished generation 5 in 1.4890249830204993 seconds.
Writing Pareto Fronts for generation 5.
Qualified Individuals: 0/1
Qualified individuals less than 1. Continuing evolution.
Generation 6 started. Performing genetic operations.
Offspring generated for generation 6. Evaluating offspring.
Decoding population for generation 6.
Decoded 20 individuals in 14.88 seconds.
Population decoded for generation 6. Starting evaluation.
Caching surrogate evaluations for generation 6.
Cached demands for 1021 embedding graphs in 1.09 seconds.
Latency prediction took 1.59 seconds for generation 6.
Evaluating population using surrogate for generation 6.
Finished generation 6 in 1.488932503038086 seconds.
Writing Pareto Fronts for generation 6.
Qualified Individuals: 1/1
Finished the evolution of weights using surrogate at generation 6.
Number of qualified individuals: 1
Time taken: 119.41s
Generating predefined weights.
Running the hybrid online-offline solver for experiment: 15_0.23_False_5_0.5_1_dc_noOfNeurons_4_6
Initial population of 20 individuals created. Starting evolution.
Decoding population for generation 1.
Decoded 20 individuals in 15.21 seconds.
Population decoded for generation 1. Starting evaluation.
Caching surrogate evaluations for generation 1.
Cached demands for 1016 embedding graphs in 0.79 seconds.
Latency prediction took 1.62 seconds for generation 1.
Evaluating population using surrogate for generation 1.
Finished generation 1 in 1.5166084540542215 seconds.
Writing Pareto Fronts for generation 1.
Qualified Individuals: 0/1
Qualified individuals less than 1. Continuing evolution.
Generation 2 started. Performing genetic operations.
Offspring generated for generation 2. Evaluating offspring.
Decoding population for generation 2.
Decoded 20 individuals in 14.84 seconds.
Population decoded for generation 2. Starting evaluation.
Caching surrogate evaluations for generation 2.
Cached demands for 1005 embedding graphs in 0.81 seconds.
Latency prediction took 1.63 seconds for generation 2.
Evaluating population using surrogate for generation 2.
Finished generation 2 in 1.5219346400117502 seconds.
Writing Pareto Fronts for generation 2.
Qualified Individuals: 0/1
Qualified individuals less than 1. Continuing evolution.
Generation 3 started. Performing genetic operations.
Offspring generated for generation 3. Evaluating offspring.
Decoding population for generation 3.
Decoded 20 individuals in 15.31 seconds.
Population decoded for generation 3. Starting evaluation.
Caching surrogate evaluations for generation 3.
Cached demands for 1020 embedding graphs in 1.10 seconds.
Latency prediction took 1.67 seconds for generation 3.
Evaluating population using surrogate for generation 3.
Finished generation 3 in 1.4757146100746468 seconds.
Writing Pareto Fronts for generation 3.
Qualified Individuals: 0/1
Qualified individuals less than 1. Continuing evolution.
Generation 4 started. Performing genetic operations.
Offspring generated for generation 4. Evaluating offspring.
Decoding population for generation 4.
Decoded 20 individuals in 16.11 seconds.
Population decoded for generation 4. Starting evaluation.
Caching surrogate evaluations for generation 4.
Cached demands for 1021 embedding graphs in 0.80 seconds.
Latency prediction took 1.62 seconds for generation 4.
Evaluating population using surrogate for generation 4.
Finished generation 4 in 1.516674661077559 seconds.
Writing Pareto Fronts for generation 4.
Qualified Individuals: 0/1
Qualified individuals less than 1. Continuing evolution.
Generation 5 started. Performing genetic operations.
Offspring generated for generation 5. Evaluating offspring.
Decoding population for generation 5.
Decoded 20 individuals in 16.55 seconds.
Population decoded for generation 5. Starting evaluation.
Caching surrogate evaluations for generation 5.
Cached demands for 1044 embedding graphs in 0.81 seconds.
Latency prediction took 1.65 seconds for generation 5.
Evaluating population using surrogate for generation 5.
Finished generation 5 in 1.4609082390088588 seconds.
Writing Pareto Fronts for generation 5.
Qualified Individuals: 1/1
Finished the evolution of weights using surrogate at generation 5.
Number of qualified individuals: 1
Time taken: 98.13s
Generating predefined weights.
Running the hybrid online-offline solver for experiment: 15_0.23_False_5_0.5_1_dc_noOfNeurons_4_7
Initial population of 20 individuals created. Starting evolution.
Decoding population for generation 1.
Decoded 20 individuals in 16.37 seconds.
Population decoded for generation 1. Starting evaluation.
Caching surrogate evaluations for generation 1.
Cached demands for 1025 embedding graphs in 0.81 seconds.
Latency prediction took 1.62 seconds for generation 1.
Evaluating population using surrogate for generation 1.
Finished generation 1 in 1.4791003690334037 seconds.
Writing Pareto Fronts for generation 1.
Qualified Individuals: 0/1
Qualified individuals less than 1. Continuing evolution.
Generation 2 started. Performing genetic operations.
Offspring generated for generation 2. Evaluating offspring.
Decoding population for generation 2.
Decoded 20 individuals in 14.82 seconds.
Population decoded for generation 2. Starting evaluation.
Caching surrogate evaluations for generation 2.
Cached demands for 1016 embedding graphs in 0.80 seconds.
Latency prediction took 1.69 seconds for generation 2.
Evaluating population using surrogate for generation 2.
Finished generation 2 in 1.4364266159245744 seconds.
Writing Pareto Fronts for generation 2.
Qualified Individuals: 0/1
Qualified individuals less than 1. Continuing evolution.
Generation 3 started. Performing genetic operations.
Offspring generated for generation 3. Evaluating offspring.
Decoding population for generation 3.
Decoded 20 individuals in 15.97 seconds.
Population decoded for generation 3. Starting evaluation.
Caching surrogate evaluations for generation 3.
Cached demands for 1043 embedding graphs in 1.06 seconds.
Latency prediction took 1.66 seconds for generation 3.
Evaluating population using surrogate for generation 3.
Finished generation 3 in 1.5247207359643653 seconds.
Writing Pareto Fronts for generation 3.
Qualified Individuals: 1/1
Finished the evolution of weights using surrogate at generation 3.
Number of qualified individuals: 1
Time taken: 59.28s
Generating predefined weights.
Running the hybrid online-offline solver for experiment: 15_0.23_False_5_0.5_1_dc_noOfNeurons_4_8
Initial population of 20 individuals created. Starting evolution.
Decoding population for generation 1.
Decoded 20 individuals in 17.10 seconds.
Population decoded for generation 1. Starting evaluation.
Caching surrogate evaluations for generation 1.
Cached demands for 1015 embedding graphs in 0.84 seconds.
Latency prediction took 1.69 seconds for generation 1.
Evaluating population using surrogate for generation 1.
Finished generation 1 in 1.6060658060014248 seconds.
Writing Pareto Fronts for generation 1.
Qualified Individuals: 0/1
Qualified individuals less than 1. Continuing evolution.
Generation 2 started. Performing genetic operations.
Offspring generated for generation 2. Evaluating offspring.
Decoding population for generation 2.
Decoded 20 individuals in 14.96 seconds.
Population decoded for generation 2. Starting evaluation.
Caching surrogate evaluations for generation 2.
Cached demands for 1041 embedding graphs in 0.82 seconds.
Latency prediction took 1.63 seconds for generation 2.
Evaluating population using surrogate for generation 2.
Finished generation 2 in 1.5655508710769936 seconds.
Writing Pareto Fronts for generation 2.
Qualified Individuals: 1/1
Finished the evolution of weights using surrogate at generation 2.
Number of qualified individuals: 1
Time taken: 40.25s
Generating predefined weights.
Running the hybrid online-offline solver for experiment: 15_0.23_False_5_0.5_1_dc_noOfNeurons_4_9
Initial population of 20 individuals created. Starting evolution.
Decoding population for generation 1.
Decoded 20 individuals in 16.33 seconds.
Population decoded for generation 1. Starting evaluation.
Caching surrogate evaluations for generation 1.
Cached demands for 1023 embedding graphs in 1.06 seconds.
Latency prediction took 1.64 seconds for generation 1.
Evaluating population using surrogate for generation 1.
Finished generation 1 in 1.4760317150503397 seconds.
Writing Pareto Fronts for generation 1.
Qualified Individuals: 0/1
Qualified individuals less than 1. Continuing evolution.
Generation 2 started. Performing genetic operations.
Offspring generated for generation 2. Evaluating offspring.
Decoding population for generation 2.
Decoded 20 individuals in 15.45 seconds.
Population decoded for generation 2. Starting evaluation.
Caching surrogate evaluations for generation 2.
Cached demands for 1008 embedding graphs in 0.83 seconds.
Latency prediction took 1.72 seconds for generation 2.
Evaluating population using surrogate for generation 2.
Finished generation 2 in 1.5150016699917614 seconds.
Writing Pareto Fronts for generation 2.
Qualified Individuals: 0/1
Qualified individuals less than 1. Continuing evolution.
Generation 3 started. Performing genetic operations.
Offspring generated for generation 3. Evaluating offspring.
Decoding population for generation 3.
Decoded 20 individuals in 15.80 seconds.
Population decoded for generation 3. Starting evaluation.
Caching surrogate evaluations for generation 3.
Cached demands for 1034 embedding graphs in 0.81 seconds.
Latency prediction took 1.75 seconds for generation 3.
Evaluating population using surrogate for generation 3.
Finished generation 3 in 1.5561732499627396 seconds.
Writing Pareto Fronts for generation 3.
Qualified Individuals: 0/1
Qualified individuals less than 1. Continuing evolution.
Generation 4 started. Performing genetic operations.
Offspring generated for generation 4. Evaluating offspring.
Decoding population for generation 4.
Decoded 20 individuals in 15.79 seconds.
Population decoded for generation 4. Starting evaluation.
Caching surrogate evaluations for generation 4.
Cached demands for 1008 embedding graphs in 0.81 seconds.
Latency prediction took 1.63 seconds for generation 4.
Evaluating population using surrogate for generation 4.
Finished generation 4 in 1.5594390160404146 seconds.
Writing Pareto Fronts for generation 4.
Qualified Individuals: 0/1
Qualified individuals less than 1. Continuing evolution.
Generation 5 started. Performing genetic operations.
Offspring generated for generation 5. Evaluating offspring.
Decoding population for generation 5.
Decoded 20 individuals in 14.28 seconds.
Population decoded for generation 5. Starting evaluation.
Caching surrogate evaluations for generation 5.
Cached demands for 1065 embedding graphs in 0.82 seconds.
Latency prediction took 1.61 seconds for generation 5.
Evaluating population using surrogate for generation 5.
Finished generation 5 in 1.5006461939774454 seconds.
Writing Pareto Fronts for generation 5.
Qualified Individuals: 0/1
Qualified individuals less than 1. Continuing evolution.
Generation 6 started. Performing genetic operations.
Offspring generated for generation 6. Evaluating offspring.
Decoding population for generation 6.
Decoded 20 individuals in 15.32 seconds.
Population decoded for generation 6. Starting evaluation.
Caching surrogate evaluations for generation 6.
Cached demands for 1019 embedding graphs in 0.81 seconds.
Latency prediction took 1.60 seconds for generation 6.
Evaluating population using surrogate for generation 6.
Finished generation 6 in 1.4835349649656564 seconds.
Writing Pareto Fronts for generation 6.
Qualified Individuals: 0/1
Qualified individuals less than 1. Continuing evolution.
Generation 7 started. Performing genetic operations.
Offspring generated for generation 7. Evaluating offspring.
Decoding population for generation 7.
Decoded 20 individuals in 15.92 seconds.
Population decoded for generation 7. Starting evaluation.
Caching surrogate evaluations for generation 7.
Cached demands for 1024 embedding graphs in 0.82 seconds.
Latency prediction took 1.70 seconds for generation 7.
Evaluating population using surrogate for generation 7.
Finished generation 7 in 1.516474915901199 seconds.
Writing Pareto Fronts for generation 7.
Qualified Individuals: 0/1
Qualified individuals less than 1. Continuing evolution.
Generation 8 started. Performing genetic operations.
Offspring generated for generation 8. Evaluating offspring.
Decoding population for generation 8.
Decoded 20 individuals in 16.10 seconds.
Population decoded for generation 8. Starting evaluation.
Caching surrogate evaluations for generation 8.
Cached demands for 1041 embedding graphs in 0.80 seconds.
Latency prediction took 1.63 seconds for generation 8.
Evaluating population using surrogate for generation 8.
Finished generation 8 in 1.4834825849393383 seconds.
Writing Pareto Fronts for generation 8.
Qualified Individuals: 0/1
Qualified individuals less than 1. Continuing evolution.
Generation 9 started. Performing genetic operations.
Offspring generated for generation 9. Evaluating offspring.
Decoding population for generation 9.
Decoded 20 individuals in 14.88 seconds.
Population decoded for generation 9. Starting evaluation.
Caching surrogate evaluations for generation 9.
Cached demands for 1007 embedding graphs in 1.06 seconds.
Latency prediction took 1.67 seconds for generation 9.
Evaluating population using surrogate for generation 9.
Finished generation 9 in 1.5490399660775438 seconds.
Writing Pareto Fronts for generation 9.
Qualified Individuals: 0/1
Qualified individuals less than 1. Continuing evolution.
Generation 10 started. Performing genetic operations.
Offspring generated for generation 10. Evaluating offspring.
Decoding population for generation 10.
Decoded 20 individuals in 15.76 seconds.
Population decoded for generation 10. Starting evaluation.
Caching surrogate evaluations for generation 10.
Cached demands for 1033 embedding graphs in 0.81 seconds.
Latency prediction took 1.64 seconds for generation 10.
Evaluating population using surrogate for generation 10.
Finished generation 10 in 1.4903461369685829 seconds.
Writing Pareto Fronts for generation 10.
Qualified Individuals: 0/1
Qualified individuals less than 1. Continuing evolution.
Generation 11 started. Performing genetic operations.
Offspring generated for generation 11. Evaluating offspring.
Decoding population for generation 11.
Decoded 20 individuals in 16.37 seconds.
Population decoded for generation 11. Starting evaluation.
Caching surrogate evaluations for generation 11.
Cached demands for 1028 embedding graphs in 0.82 seconds.
Latency prediction took 1.66 seconds for generation 11.
Evaluating population using surrogate for generation 11.
Finished generation 11 in 1.5407170549733564 seconds.
Writing Pareto Fronts for generation 11.
Qualified Individuals: 0/1
Qualified individuals less than 1. Continuing evolution.
Generation 12 started. Performing genetic operations.
Offspring generated for generation 12. Evaluating offspring.
Decoding population for generation 12.
Decoded 20 individuals in 17.82 seconds.
Population decoded for generation 12. Starting evaluation.
Caching surrogate evaluations for generation 12.
Cached demands for 1035 embedding graphs in 0.79 seconds.
Latency prediction took 1.62 seconds for generation 12.
Evaluating population using surrogate for generation 12.
Finished generation 12 in 1.5149432339239866 seconds.
Writing Pareto Fronts for generation 12.
Qualified Individuals: 0/1
Qualified individuals less than 1. Continuing evolution.
Generation 13 started. Performing genetic operations.
Offspring generated for generation 13. Evaluating offspring.
Decoding population for generation 13.
Decoded 20 individuals in 15.07 seconds.
Population decoded for generation 13. Starting evaluation.
Caching surrogate evaluations for generation 13.
Cached demands for 1026 embedding graphs in 0.81 seconds.
Latency prediction took 1.65 seconds for generation 13.
Evaluating population using surrogate for generation 13.
Finished generation 13 in 1.5094500260893255 seconds.
Writing Pareto Fronts for generation 13.
Qualified Individuals: 0/1
Qualified individuals less than 1. Continuing evolution.
Generation 14 started. Performing genetic operations.
Offspring generated for generation 14. Evaluating offspring.
Decoding population for generation 14.
Decoded 20 individuals in 15.23 seconds.
Population decoded for generation 14. Starting evaluation.
Caching surrogate evaluations for generation 14.
Cached demands for 1027 embedding graphs in 0.81 seconds.
Latency prediction took 1.78 seconds for generation 14.
Evaluating population using surrogate for generation 14.
Finished generation 14 in 1.5070559210143983 seconds.
Writing Pareto Fronts for generation 14.
Qualified Individuals: 0/1
Qualified individuals less than 1. Continuing evolution.
Generation 15 started. Performing genetic operations.
Offspring generated for generation 15. Evaluating offspring.
Decoding population for generation 15.
Decoded 20 individuals in 16.98 seconds.
Population decoded for generation 15. Starting evaluation.
Caching surrogate evaluations for generation 15.
Cached demands for 1022 embedding graphs in 0.81 seconds.
Latency prediction took 1.69 seconds for generation 15.
Evaluating population using surrogate for generation 15.
Finished generation 15 in 1.488076908979565 seconds.
Writing Pareto Fronts for generation 15.
Qualified Individuals: 0/1
Qualified individuals less than 1. Continuing evolution.
Generation 16 started. Performing genetic operations.
Offspring generated for generation 16. Evaluating offspring.
Decoding population for generation 16.
Decoded 20 individuals in 15.93 seconds.
Population decoded for generation 16. Starting evaluation.
Caching surrogate evaluations for generation 16.
Cached demands for 1013 embedding graphs in 0.83 seconds.
Latency prediction took 1.66 seconds for generation 16.
Evaluating population using surrogate for generation 16.
Finished generation 16 in 1.5129276500083506 seconds.
Writing Pareto Fronts for generation 16.
Qualified Individuals: 0/1
Qualified individuals less than 1. Continuing evolution.
Generation 17 started. Performing genetic operations.
Offspring generated for generation 17. Evaluating offspring.
Decoding population for generation 17.
Decoded 20 individuals in 15.25 seconds.
Population decoded for generation 17. Starting evaluation.
Caching surrogate evaluations for generation 17.
Cached demands for 1025 embedding graphs in 0.82 seconds.
Latency prediction took 1.65 seconds for generation 17.
Evaluating population using surrogate for generation 17.
Finished generation 17 in 1.477644333965145 seconds.
Writing Pareto Fronts for generation 17.
Qualified Individuals: 1/1
Finished the evolution of weights using surrogate at generation 17.
Number of qualified individuals: 1
Time taken: 336.96s
Generating predefined weights.
Running the hybrid online-offline solver for experiment: 15_0.23_False_5_0.5_1_dc_noOfNeurons_4_10
Initial population of 20 individuals created. Starting evolution.
Decoding population for generation 1.
Decoded 20 individuals in 15.09 seconds.
Population decoded for generation 1. Starting evaluation.
Caching surrogate evaluations for generation 1.
Cached demands for 1008 embedding graphs in 0.82 seconds.
Latency prediction took 1.67 seconds for generation 1.
Evaluating population using surrogate for generation 1.
Finished generation 1 in 1.5876964050112292 seconds.
Writing Pareto Fronts for generation 1.
Qualified Individuals: 0/1
Qualified individuals less than 1. Continuing evolution.
Generation 2 started. Performing genetic operations.
Offspring generated for generation 2. Evaluating offspring.
Decoding population for generation 2.
Decoded 20 individuals in 14.51 seconds.
Population decoded for generation 2. Starting evaluation.
Caching surrogate evaluations for generation 2.
Cached demands for 1024 embedding graphs in 0.82 seconds.
Latency prediction took 1.54 seconds for generation 2.
Evaluating population using surrogate for generation 2.
Finished generation 2 in 1.4222476129652932 seconds.
Writing Pareto Fronts for generation 2.
Qualified Individuals: 0/1
Qualified individuals less than 1. Continuing evolution.
Generation 3 started. Performing genetic operations.
Offspring generated for generation 3. Evaluating offspring.
Decoding population for generation 3.
Decoded 20 individuals in 16.47 seconds.
Population decoded for generation 3. Starting evaluation.
Caching surrogate evaluations for generation 3.
Cached demands for 1014 embedding graphs in 0.80 seconds.
Latency prediction took 1.72 seconds for generation 3.
Evaluating population using surrogate for generation 3.
Finished generation 3 in 1.5148937080521137 seconds.
Writing Pareto Fronts for generation 3.
Qualified Individuals: 0/1
Qualified individuals less than 1. Continuing evolution.
Generation 4 started. Performing genetic operations.
Offspring generated for generation 4. Evaluating offspring.
Decoding population for generation 4.
Decoded 20 individuals in 16.41 seconds.
Population decoded for generation 4. Starting evaluation.
Caching surrogate evaluations for generation 4.
Cached demands for 1047 embedding graphs in 0.83 seconds.
Latency prediction took 1.69 seconds for generation 4.
Evaluating population using surrogate for generation 4.
Finished generation 4 in 1.6133150060195476 seconds.
Writing Pareto Fronts for generation 4.
Qualified Individuals: 1/1
Finished the evolution of weights using surrogate at generation 4.
Number of qualified individuals: 1
Time taken: 78.59s
Generating predefined weights.
Running the hybrid online-offline solver for experiment: 15_0.23_False_5_0.5_1_dc_noOfNeurons_4_11
Initial population of 20 individuals created. Starting evolution.
Decoding population for generation 1.
Decoded 20 individuals in 15.62 seconds.
Population decoded for generation 1. Starting evaluation.
Caching surrogate evaluations for generation 1.
Cached demands for 1022 embedding graphs in 0.82 seconds.
Latency prediction took 1.65 seconds for generation 1.
Evaluating population using surrogate for generation 1.
Finished generation 1 in 1.537635923945345 seconds.
Writing Pareto Fronts for generation 1.
Qualified Individuals: 0/1
Qualified individuals less than 1. Continuing evolution.
Generation 2 started. Performing genetic operations.
Offspring generated for generation 2. Evaluating offspring.
Decoding population for generation 2.
Decoded 20 individuals in 16.82 seconds.
Population decoded for generation 2. Starting evaluation.
Caching surrogate evaluations for generation 2.
Cached demands for 1039 embedding graphs in 0.82 seconds.
Latency prediction took 1.63 seconds for generation 2.
Evaluating population using surrogate for generation 2.
Finished generation 2 in 1.514750498929061 seconds.
Writing Pareto Fronts for generation 2.
Qualified Individuals: 0/1
Qualified individuals less than 1. Continuing evolution.
Generation 3 started. Performing genetic operations.
Offspring generated for generation 3. Evaluating offspring.
Decoding population for generation 3.
Decoded 20 individuals in 17.66 seconds.
Population decoded for generation 3. Starting evaluation.
Caching surrogate evaluations for generation 3.
Cached demands for 997 embedding graphs in 0.81 seconds.
Latency prediction took 1.66 seconds for generation 3.
Evaluating population using surrogate for generation 3.
Finished generation 3 in 1.4836312109837309 seconds.
Writing Pareto Fronts for generation 3.
Qualified Individuals: 0/1
Qualified individuals less than 1. Continuing evolution.
Generation 4 started. Performing genetic operations.
Offspring generated for generation 4. Evaluating offspring.
Decoding population for generation 4.
Decoded 20 individuals in 18.40 seconds.
Population decoded for generation 4. Starting evaluation.
Caching surrogate evaluations for generation 4.
Cached demands for 1014 embedding graphs in 1.10 seconds.
Latency prediction took 1.64 seconds for generation 4.
Evaluating population using surrogate for generation 4.
Finished generation 4 in 1.477976682013832 seconds.
Writing Pareto Fronts for generation 4.
Qualified Individuals: 0/1
Qualified individuals less than 1. Continuing evolution.
Generation 5 started. Performing genetic operations.
Offspring generated for generation 5. Evaluating offspring.
Decoding population for generation 5.
Decoded 20 individuals in 19.14 seconds.
Population decoded for generation 5. Starting evaluation.
Caching surrogate evaluations for generation 5.
Cached demands for 1004 embedding graphs in 0.82 seconds.
Latency prediction took 1.66 seconds for generation 5.
Evaluating population using surrogate for generation 5.
Finished generation 5 in 1.4979867540532723 seconds.
Writing Pareto Fronts for generation 5.
Qualified Individuals: 0/1
Qualified individuals less than 1. Continuing evolution.
Generation 6 started. Performing genetic operations.
Offspring generated for generation 6. Evaluating offspring.
Decoding population for generation 6.
Decoded 20 individuals in 16.99 seconds.
Population decoded for generation 6. Starting evaluation.
Caching surrogate evaluations for generation 6.
Cached demands for 1023 embedding graphs in 0.80 seconds.
Latency prediction took 1.64 seconds for generation 6.
Evaluating population using surrogate for generation 6.
Finished generation 6 in 1.4850405050674453 seconds.
Writing Pareto Fronts for generation 6.
Qualified Individuals: 0/1
Qualified individuals less than 1. Continuing evolution.
Generation 7 started. Performing genetic operations.
Offspring generated for generation 7. Evaluating offspring.
Decoding population for generation 7.
Decoded 20 individuals in 17.10 seconds.
Population decoded for generation 7. Starting evaluation.
Caching surrogate evaluations for generation 7.
Cached demands for 1043 embedding graphs in 0.82 seconds.
Latency prediction took 1.68 seconds for generation 7.
Evaluating population using surrogate for generation 7.
Finished generation 7 in 1.5790269100107253 seconds.
Writing Pareto Fronts for generation 7.
Qualified Individuals: 0/1
Qualified individuals less than 1. Continuing evolution.
Generation 8 started. Performing genetic operations.
Offspring generated for generation 8. Evaluating offspring.
Decoding population for generation 8.
Decoded 20 individuals in 19.02 seconds.
Population decoded for generation 8. Starting evaluation.
Caching surrogate evaluations for generation 8.
Cached demands for 1024 embedding graphs in 0.82 seconds.
Latency prediction took 1.59 seconds for generation 8.
Evaluating population using surrogate for generation 8.
Finished generation 8 in 1.5221676479559392 seconds.
Writing Pareto Fronts for generation 8.
Qualified Individuals: 0/1
Qualified individuals less than 1. Continuing evolution.
Generation 9 started. Performing genetic operations.
Offspring generated for generation 9. Evaluating offspring.
Decoding population for generation 9.
Decoded 20 individuals in 16.63 seconds.
Population decoded for generation 9. Starting evaluation.
Caching surrogate evaluations for generation 9.
Cached demands for 1042 embedding graphs in 0.80 seconds.
Latency prediction took 1.68 seconds for generation 9.
Evaluating population using surrogate for generation 9.
Finished generation 9 in 1.5403029549634084 seconds.
Writing Pareto Fronts for generation 9.
Qualified Individuals: 0/1
Qualified individuals less than 1. Continuing evolution.
Generation 10 started. Performing genetic operations.
Offspring generated for generation 10. Evaluating offspring.
Decoding population for generation 10.
Decoded 20 individuals in 17.20 seconds.
Population decoded for generation 10. Starting evaluation.
Caching surrogate evaluations for generation 10.
Cached demands for 1026 embedding graphs in 0.82 seconds.
Latency prediction took 1.69 seconds for generation 10.
Evaluating population using surrogate for generation 10.
Finished generation 10 in 1.5293194960104302 seconds.
Writing Pareto Fronts for generation 10.
Qualified Individuals: 0/1
Qualified individuals less than 1. Continuing evolution.
Generation 11 started. Performing genetic operations.
Offspring generated for generation 11. Evaluating offspring.
Decoding population for generation 11.
Decoded 20 individuals in 15.86 seconds.
Population decoded for generation 11. Starting evaluation.
Caching surrogate evaluations for generation 11.
Cached demands for 1029 embedding graphs in 0.81 seconds.
Latency prediction took 1.68 seconds for generation 11.
Evaluating population using surrogate for generation 11.
Finished generation 11 in 1.5401126529322937 seconds.
Writing Pareto Fronts for generation 11.
Qualified Individuals: 0/1
Qualified individuals less than 1. Continuing evolution.
Generation 12 started. Performing genetic operations.
Offspring generated for generation 12. Evaluating offspring.
Decoding population for generation 12.
Decoded 20 individuals in 15.66 seconds.
Population decoded for generation 12. Starting evaluation.
Caching surrogate evaluations for generation 12.
Cached demands for 1026 embedding graphs in 1.11 seconds.
Latency prediction took 1.61 seconds for generation 12.
Evaluating population using surrogate for generation 12.
Finished generation 12 in 1.467517650919035 seconds.
Writing Pareto Fronts for generation 12.
Qualified Individuals: 0/1
Qualified individuals less than 1. Continuing evolution.
Generation 13 started. Performing genetic operations.
Offspring generated for generation 13. Evaluating offspring.
Decoding population for generation 13.
Decoded 20 individuals in 15.62 seconds.
Population decoded for generation 13. Starting evaluation.
Caching surrogate evaluations for generation 13.
Cached demands for 1027 embedding graphs in 0.81 seconds.
Latency prediction took 1.62 seconds for generation 13.
Evaluating population using surrogate for generation 13.
Finished generation 13 in 1.4654486349318177 seconds.
Writing Pareto Fronts for generation 13.
Qualified Individuals: 1/1
Finished the evolution of weights using surrogate at generation 13.
Number of qualified individuals: 1
Time taken: 274.25s
Generating predefined weights.
Running the hybrid online-offline solver for experiment: 15_0.23_False_5_0.5_1_dc_noOfNeurons_4_12
Initial population of 20 individuals created. Starting evolution.
Decoding population for generation 1.
Decoded 20 individuals in 17.13 seconds.
Population decoded for generation 1. Starting evaluation.
Caching surrogate evaluations for generation 1.
Cached demands for 1011 embedding graphs in 0.79 seconds.
Latency prediction took 1.63 seconds for generation 1.
Evaluating population using surrogate for generation 1.
Finished generation 1 in 1.458325891988352 seconds.
Writing Pareto Fronts for generation 1.
Qualified Individuals: 0/1
Qualified individuals less than 1. Continuing evolution.
Generation 2 started. Performing genetic operations.
Offspring generated for generation 2. Evaluating offspring.
Decoding population for generation 2.
Decoded 20 individuals in 15.56 seconds.
Population decoded for generation 2. Starting evaluation.
Caching surrogate evaluations for generation 2.
Cached demands for 1035 embedding graphs in 0.82 seconds.
Latency prediction took 1.61 seconds for generation 2.
Evaluating population using surrogate for generation 2.
Finished generation 2 in 1.5063448160653934 seconds.
Writing Pareto Fronts for generation 2.
Qualified Individuals: 0/1
Qualified individuals less than 1. Continuing evolution.
Generation 3 started. Performing genetic operations.
Offspring generated for generation 3. Evaluating offspring.
Decoding population for generation 3.
Decoded 20 individuals in 15.20 seconds.
Population decoded for generation 3. Starting evaluation.
Caching surrogate evaluations for generation 3.
Cached demands for 1027 embedding graphs in 0.83 seconds.
Latency prediction took 1.59 seconds for generation 3.
Evaluating population using surrogate for generation 3.
Finished generation 3 in 1.4615649720653892 seconds.
Writing Pareto Fronts for generation 3.
Qualified Individuals: 0/1
Qualified individuals less than 1. Continuing evolution.
Generation 4 started. Performing genetic operations.
Offspring generated for generation 4. Evaluating offspring.
Decoding population for generation 4.
Decoded 20 individuals in 15.55 seconds.
Population decoded for generation 4. Starting evaluation.
Caching surrogate evaluations for generation 4.
Cached demands for 1022 embedding graphs in 0.83 seconds.
Latency prediction took 1.56 seconds for generation 4.
Evaluating population using surrogate for generation 4.
Finished generation 4 in 1.56124725099653 seconds.
Writing Pareto Fronts for generation 4.
Qualified Individuals: 0/1
Qualified individuals less than 1. Continuing evolution.
Generation 5 started. Performing genetic operations.
Offspring generated for generation 5. Evaluating offspring.
Decoding population for generation 5.
Decoded 20 individuals in 17.39 seconds.
Population decoded for generation 5. Starting evaluation.
Caching surrogate evaluations for generation 5.
Cached demands for 1047 embedding graphs in 0.80 seconds.
Latency prediction took 1.70 seconds for generation 5.
Evaluating population using surrogate for generation 5.
Finished generation 5 in 1.5084535310743377 seconds.
Writing Pareto Fronts for generation 5.
Qualified Individuals: 1/1
Finished the evolution of weights using surrogate at generation 5.
Number of qualified individuals: 1
Time taken: 100.58s
Generating predefined weights.
Running the hybrid online-offline solver for experiment: 15_0.23_False_5_0.5_1_dc_noOfNeurons_4_13
Initial population of 20 individuals created. Starting evolution.
Decoding population for generation 1.
Decoded 20 individuals in 16.50 seconds.
Population decoded for generation 1. Starting evaluation.
Caching surrogate evaluations for generation 1.
Cached demands for 1004 embedding graphs in 0.82 seconds.
Latency prediction took 1.70 seconds for generation 1.
Evaluating population using surrogate for generation 1.
Finished generation 1 in 1.5989025339949876 seconds.
Writing Pareto Fronts for generation 1.
Qualified Individuals: 0/1
Qualified individuals less than 1. Continuing evolution.
Generation 2 started. Performing genetic operations.
Offspring generated for generation 2. Evaluating offspring.
Decoding population for generation 2.
Decoded 20 individuals in 15.29 seconds.
Population decoded for generation 2. Starting evaluation.
Caching surrogate evaluations for generation 2.
Cached demands for 1037 embedding graphs in 1.09 seconds.
Latency prediction took 1.66 seconds for generation 2.
Evaluating population using surrogate for generation 2.
Finished generation 2 in 1.5131076130783185 seconds.
Writing Pareto Fronts for generation 2.
Qualified Individuals: 0/1
Qualified individuals less than 1. Continuing evolution.
Generation 3 started. Performing genetic operations.
Offspring generated for generation 3. Evaluating offspring.
Decoding population for generation 3.
Decoded 20 individuals in 15.63 seconds.
Population decoded for generation 3. Starting evaluation.
Caching surrogate evaluations for generation 3.
Cached demands for 1029 embedding graphs in 0.81 seconds.
Latency prediction took 1.73 seconds for generation 3.
Evaluating population using surrogate for generation 3.
Finished generation 3 in 1.557157990988344 seconds.
Writing Pareto Fronts for generation 3.
Qualified Individuals: 0/1
Qualified individuals less than 1. Continuing evolution.
Generation 4 started. Performing genetic operations.
Offspring generated for generation 4. Evaluating offspring.
Decoding population for generation 4.
Decoded 20 individuals in 16.48 seconds.
Population decoded for generation 4. Starting evaluation.
Caching surrogate evaluations for generation 4.
Cached demands for 1032 embedding graphs in 0.79 seconds.
Latency prediction took 1.62 seconds for generation 4.
Evaluating population using surrogate for generation 4.
Finished generation 4 in 1.4328540379647166 seconds.
Writing Pareto Fronts for generation 4.
Qualified Individuals: 0/1
Qualified individuals less than 1. Continuing evolution.
Generation 5 started. Performing genetic operations.
Offspring generated for generation 5. Evaluating offspring.
Decoding population for generation 5.
Decoded 20 individuals in 15.65 seconds.
Population decoded for generation 5. Starting evaluation.
Caching surrogate evaluations for generation 5.
Cached demands for 1024 embedding graphs in 0.81 seconds.
Latency prediction took 1.61 seconds for generation 5.
Evaluating population using surrogate for generation 5.
Finished generation 5 in 1.4287108220160007 seconds.
Writing Pareto Fronts for generation 5.
Qualified Individuals: 0/1
Qualified individuals less than 1. Continuing evolution.
Generation 6 started. Performing genetic operations.
Offspring generated for generation 6. Evaluating offspring.
Decoding population for generation 6.
Decoded 20 individuals in 15.44 seconds.
Population decoded for generation 6. Starting evaluation.
Caching surrogate evaluations for generation 6.
Cached demands for 1014 embedding graphs in 0.81 seconds.
Latency prediction took 1.56 seconds for generation 6.
Evaluating population using surrogate for generation 6.
Finished generation 6 in 1.54214494000189 seconds.
Writing Pareto Fronts for generation 6.
Qualified Individuals: 0/1
Qualified individuals less than 1. Continuing evolution.
Generation 7 started. Performing genetic operations.
Offspring generated for generation 7. Evaluating offspring.
Decoding population for generation 7.
Decoded 20 individuals in 16.73 seconds.
Population decoded for generation 7. Starting evaluation.
Caching surrogate evaluations for generation 7.
Cached demands for 1023 embedding graphs in 0.79 seconds.
Latency prediction took 1.60 seconds for generation 7.
Evaluating population using surrogate for generation 7.
Finished generation 7 in 1.4876557079842314 seconds.
Writing Pareto Fronts for generation 7.
Qualified Individuals: 0/1
Qualified individuals less than 1. Continuing evolution.
Generation 8 started. Performing genetic operations.
Offspring generated for generation 8. Evaluating offspring.
Decoding population for generation 8.
Decoded 20 individuals in 16.50 seconds.
Population decoded for generation 8. Starting evaluation.
Caching surrogate evaluations for generation 8.
Cached demands for 1027 embedding graphs in 0.81 seconds.
Latency prediction took 1.70 seconds for generation 8.
Evaluating population using surrogate for generation 8.
Finished generation 8 in 1.5345909179886803 seconds.
Writing Pareto Fronts for generation 8.
Qualified Individuals: 1/1
Finished the evolution of weights using surrogate at generation 8.
Number of qualified individuals: 1
Time taken: 160.45s
Generating predefined weights.
Running the hybrid online-offline solver for experiment: 15_0.23_False_5_0.5_1_dc_noOfNeurons_4_14
Initial population of 20 individuals created. Starting evolution.
Decoding population for generation 1.
Decoded 20 individuals in 19.06 seconds.
Population decoded for generation 1. Starting evaluation.
Caching surrogate evaluations for generation 1.
Cached demands for 1045 embedding graphs in 0.83 seconds.
Latency prediction took 1.71 seconds for generation 1.
Evaluating population using surrogate for generation 1.
Finished generation 1 in 1.4651597409974784 seconds.
Writing Pareto Fronts for generation 1.
Qualified Individuals: 0/1
Qualified individuals less than 1. Continuing evolution.
Generation 2 started. Performing genetic operations.
Offspring generated for generation 2. Evaluating offspring.
Decoding population for generation 2.
Decoded 20 individuals in 14.04 seconds.
Population decoded for generation 2. Starting evaluation.
Caching surrogate evaluations for generation 2.
Cached demands for 1016 embedding graphs in 1.09 seconds.
Latency prediction took 1.72 seconds for generation 2.
Evaluating population using surrogate for generation 2.
Finished generation 2 in 1.4848717239219695 seconds.
Writing Pareto Fronts for generation 2.
Qualified Individuals: 0/1
Qualified individuals less than 1. Continuing evolution.
Generation 3 started. Performing genetic operations.
Offspring generated for generation 3. Evaluating offspring.
Decoding population for generation 3.
Decoded 20 individuals in 14.87 seconds.
Population decoded for generation 3. Starting evaluation.
Caching surrogate evaluations for generation 3.
Cached demands for 1007 embedding graphs in 0.79 seconds.
Latency prediction took 1.66 seconds for generation 3.
Evaluating population using surrogate for generation 3.
Finished generation 3 in 1.4653789999429137 seconds.
Writing Pareto Fronts for generation 3.
Qualified Individuals: 0/1
Qualified individuals less than 1. Continuing evolution.
Generation 4 started. Performing genetic operations.
Offspring generated for generation 4. Evaluating offspring.
Decoding population for generation 4.
Decoded 20 individuals in 16.94 seconds.
Population decoded for generation 4. Starting evaluation.
Caching surrogate evaluations for generation 4.
Cached demands for 1020 embedding graphs in 0.80 seconds.
Latency prediction took 1.63 seconds for generation 4.
Evaluating population using surrogate for generation 4.
Finished generation 4 in 1.5578260419424623 seconds.
Writing Pareto Fronts for generation 4.
Qualified Individuals: 0/1
Qualified individuals less than 1. Continuing evolution.
Generation 5 started. Performing genetic operations.
Offspring generated for generation 5. Evaluating offspring.
Decoding population for generation 5.
Decoded 20 individuals in 15.97 seconds.
Population decoded for generation 5. Starting evaluation.
Caching surrogate evaluations for generation 5.
Cached demands for 1042 embedding graphs in 1.09 seconds.
Latency prediction took 1.65 seconds for generation 5.
Evaluating population using surrogate for generation 5.
Finished generation 5 in 1.540137334028259 seconds.
Writing Pareto Fronts for generation 5.
Qualified Individuals: 0/1
Qualified individuals less than 1. Continuing evolution.
Generation 6 started. Performing genetic operations.
Offspring generated for generation 6. Evaluating offspring.
Decoding population for generation 6.
Decoded 20 individuals in 16.52 seconds.
Population decoded for generation 6. Starting evaluation.
Caching surrogate evaluations for generation 6.
Cached demands for 1040 embedding graphs in 0.82 seconds.
Latency prediction took 1.69 seconds for generation 6.
Evaluating population using surrogate for generation 6.
Finished generation 6 in 1.4405502460431308 seconds.
Writing Pareto Fronts for generation 6.
Qualified Individuals: 0/1
Qualified individuals less than 1. Continuing evolution.
Generation 7 started. Performing genetic operations.
Offspring generated for generation 7. Evaluating offspring.
Decoding population for generation 7.
Decoded 20 individuals in 15.01 seconds.
Population decoded for generation 7. Starting evaluation.
Caching surrogate evaluations for generation 7.
Cached demands for 1030 embedding graphs in 0.82 seconds.
Latency prediction took 1.57 seconds for generation 7.
Evaluating population using surrogate for generation 7.
Finished generation 7 in 1.4609073520405218 seconds.
Writing Pareto Fronts for generation 7.
Qualified Individuals: 0/1
Qualified individuals less than 1. Continuing evolution.
Generation 8 started. Performing genetic operations.
Offspring generated for generation 8. Evaluating offspring.
Decoding population for generation 8.
Decoded 20 individuals in 15.38 seconds.
Population decoded for generation 8. Starting evaluation.
Caching surrogate evaluations for generation 8.
Cached demands for 1017 embedding graphs in 0.80 seconds.
Latency prediction took 1.66 seconds for generation 8.
Evaluating population using surrogate for generation 8.
Finished generation 8 in 1.53348076203838 seconds.
Writing Pareto Fronts for generation 8.
Qualified Individuals: 0/1
Qualified individuals less than 1. Continuing evolution.
Generation 9 started. Performing genetic operations.
Offspring generated for generation 9. Evaluating offspring.
Decoding population for generation 9.
Decoded 20 individuals in 15.31 seconds.
Population decoded for generation 9. Starting evaluation.
Caching surrogate evaluations for generation 9.
Cached demands for 1034 embedding graphs in 0.80 seconds.
Latency prediction took 1.70 seconds for generation 9.
Evaluating population using surrogate for generation 9.
Finished generation 9 in 1.5584626350319013 seconds.
Writing Pareto Fronts for generation 9.
Qualified Individuals: 0/1
Qualified individuals less than 1. Continuing evolution.
Generation 10 started. Performing genetic operations.
Offspring generated for generation 10. Evaluating offspring.
Decoding population for generation 10.
Decoded 20 individuals in 16.42 seconds.
Population decoded for generation 10. Starting evaluation.
Caching surrogate evaluations for generation 10.
Cached demands for 1038 embedding graphs in 0.82 seconds.
Latency prediction took 2.90 seconds for generation 10.
Evaluating population using surrogate for generation 10.
Finished generation 10 in 1.5816281370352954 seconds.
Writing Pareto Fronts for generation 10.
Qualified Individuals: 1/1
Finished the evolution of weights using surrogate at generation 10.
Number of qualified individuals: 1
Time taken: 201.35s
Generating predefined weights.
Running the hybrid online-offline solver for experiment: 15_0.23_False_5_0.5_1_dc_noOfNeurons_4_15
Initial population of 20 individuals created. Starting evolution.
Decoding population for generation 1.
Decoded 20 individuals in 15.76 seconds.
Population decoded for generation 1. Starting evaluation.
Caching surrogate evaluations for generation 1.
Cached demands for 1021 embedding graphs in 0.81 seconds.
Latency prediction took 1.64 seconds for generation 1.
Evaluating population using surrogate for generation 1.
Finished generation 1 in 1.4606184150325134 seconds.
Writing Pareto Fronts for generation 1.
Qualified Individuals: 0/1
Qualified individuals less than 1. Continuing evolution.
Generation 2 started. Performing genetic operations.
Offspring generated for generation 2. Evaluating offspring.
Decoding population for generation 2.
Decoded 20 individuals in 14.64 seconds.
Population decoded for generation 2. Starting evaluation.
Caching surrogate evaluations for generation 2.
Cached demands for 1015 embedding graphs in 0.81 seconds.
Latency prediction took 1.68 seconds for generation 2.
Evaluating population using surrogate for generation 2.
Finished generation 2 in 1.4593700900441036 seconds.
Writing Pareto Fronts for generation 2.
Qualified Individuals: 0/1
Qualified individuals less than 1. Continuing evolution.
Generation 3 started. Performing genetic operations.
Offspring generated for generation 3. Evaluating offspring.
Decoding population for generation 3.
Decoded 20 individuals in 15.68 seconds.
Population decoded for generation 3. Starting evaluation.
Caching surrogate evaluations for generation 3.
Cached demands for 1025 embedding graphs in 1.08 seconds.
Latency prediction took 1.65 seconds for generation 3.
Evaluating population using surrogate for generation 3.
Finished generation 3 in 1.5020184089662507 seconds.
Writing Pareto Fronts for generation 3.
Qualified Individuals: 0/1
Qualified individuals less than 1. Continuing evolution.
Generation 4 started. Performing genetic operations.
Offspring generated for generation 4. Evaluating offspring.
Decoding population for generation 4.
Decoded 20 individuals in 16.52 seconds.
Population decoded for generation 4. Starting evaluation.
Caching surrogate evaluations for generation 4.
Cached demands for 1023 embedding graphs in 0.83 seconds.
Latency prediction took 1.65 seconds for generation 4.
Evaluating population using surrogate for generation 4.
Finished generation 4 in 1.4567338940687478 seconds.
Writing Pareto Fronts for generation 4.
Qualified Individuals: 0/1
Qualified individuals less than 1. Continuing evolution.
Generation 5 started. Performing genetic operations.
Offspring generated for generation 5. Evaluating offspring.
Decoding population for generation 5.
Decoded 20 individuals in 16.23 seconds.
Population decoded for generation 5. Starting evaluation.
Caching surrogate evaluations for generation 5.
Cached demands for 1042 embedding graphs in 0.81 seconds.
Latency prediction took 1.65 seconds for generation 5.
Evaluating population using surrogate for generation 5.
Finished generation 5 in 1.464915462071076 seconds.
Writing Pareto Fronts for generation 5.
Qualified Individuals: 2/1
Finished the evolution of weights using surrogate at generation 5.
Number of qualified individuals: 2
Time taken: 98.89s
Generating predefined weights.
Running the hybrid online-offline solver for experiment: 15_0.23_False_5_0.5_1_dc_noOfNeurons_4_16
Initial population of 20 individuals created. Starting evolution.
Decoding population for generation 1.
Decoded 20 individuals in 15.15 seconds.
Population decoded for generation 1. Starting evaluation.
Caching surrogate evaluations for generation 1.
Cached demands for 1015 embedding graphs in 0.78 seconds.
Latency prediction took 1.63 seconds for generation 1.
Evaluating population using surrogate for generation 1.
Finished generation 1 in 1.5404965640045702 seconds.
Writing Pareto Fronts for generation 1.
Qualified Individuals: 0/1
Qualified individuals less than 1. Continuing evolution.
Generation 2 started. Performing genetic operations.
Offspring generated for generation 2. Evaluating offspring.
Decoding population for generation 2.
Decoded 20 individuals in 15.89 seconds.
Population decoded for generation 2. Starting evaluation.
Caching surrogate evaluations for generation 2.
Cached demands for 1025 embedding graphs in 0.84 seconds.
Latency prediction took 1.65 seconds for generation 2.
Evaluating population using surrogate for generation 2.
Finished generation 2 in 1.5144633860327303 seconds.
Writing Pareto Fronts for generation 2.
Qualified Individuals: 0/1
Qualified individuals less than 1. Continuing evolution.
Generation 3 started. Performing genetic operations.
Offspring generated for generation 3. Evaluating offspring.
Decoding population for generation 3.
Decoded 20 individuals in 15.06 seconds.
Population decoded for generation 3. Starting evaluation.
Caching surrogate evaluations for generation 3.
Cached demands for 1022 embedding graphs in 1.09 seconds.
Latency prediction took 1.67 seconds for generation 3.
Evaluating population using surrogate for generation 3.
Finished generation 3 in 1.479152861982584 seconds.
Writing Pareto Fronts for generation 3.
Qualified Individuals: 0/1
Qualified individuals less than 1. Continuing evolution.
Generation 4 started. Performing genetic operations.
Offspring generated for generation 4. Evaluating offspring.
Decoding population for generation 4.
Decoded 20 individuals in 15.49 seconds.
Population decoded for generation 4. Starting evaluation.
Caching surrogate evaluations for generation 4.
Cached demands for 1029 embedding graphs in 0.84 seconds.
Latency prediction took 1.65 seconds for generation 4.
Evaluating population using surrogate for generation 4.
Finished generation 4 in 1.4696947570191696 seconds.
Writing Pareto Fronts for generation 4.
Qualified Individuals: 0/1
Qualified individuals less than 1. Continuing evolution.
Generation 5 started. Performing genetic operations.
Offspring generated for generation 5. Evaluating offspring.
Decoding population for generation 5.
Decoded 20 individuals in 16.02 seconds.
Population decoded for generation 5. Starting evaluation.
Caching surrogate evaluations for generation 5.
Cached demands for 1019 embedding graphs in 0.81 seconds.
Latency prediction took 1.70 seconds for generation 5.
Evaluating population using surrogate for generation 5.
Finished generation 5 in 1.5190662150271237 seconds.
Writing Pareto Fronts for generation 5.
Qualified Individuals: 0/1
Qualified individuals less than 1. Continuing evolution.
Generation 6 started. Performing genetic operations.
Offspring generated for generation 6. Evaluating offspring.
Decoding population for generation 6.
Decoded 20 individuals in 15.52 seconds.
Population decoded for generation 6. Starting evaluation.
Caching surrogate evaluations for generation 6.
Cached demands for 1025 embedding graphs in 1.08 seconds.
Latency prediction took 1.68 seconds for generation 6.
Evaluating population using surrogate for generation 6.
Finished generation 6 in 1.5422412239713594 seconds.
Writing Pareto Fronts for generation 6.
Qualified Individuals: 0/1
Qualified individuals less than 1. Continuing evolution.
Generation 7 started. Performing genetic operations.
Offspring generated for generation 7. Evaluating offspring.
Decoding population for generation 7.
Decoded 20 individuals in 15.60 seconds.
Population decoded for generation 7. Starting evaluation.
Caching surrogate evaluations for generation 7.
Cached demands for 1020 embedding graphs in 0.82 seconds.
Latency prediction took 1.62 seconds for generation 7.
Evaluating population using surrogate for generation 7.
Finished generation 7 in 1.468956200988032 seconds.
Writing Pareto Fronts for generation 7.
Qualified Individuals: 0/1
Qualified individuals less than 1. Continuing evolution.
Generation 8 started. Performing genetic operations.
Offspring generated for generation 8. Evaluating offspring.
Decoding population for generation 8.
Decoded 20 individuals in 15.08 seconds.
Population decoded for generation 8. Starting evaluation.
Caching surrogate evaluations for generation 8.
Cached demands for 1019 embedding graphs in 0.82 seconds.
Latency prediction took 1.62 seconds for generation 8.
Evaluating population using surrogate for generation 8.
Finished generation 8 in 1.4486534500028938 seconds.
Writing Pareto Fronts for generation 8.
Qualified Individuals: 1/1
Finished the evolution of weights using surrogate at generation 8.
Number of qualified individuals: 1
Time taken: 156.34s
Generating predefined weights.
Running the hybrid online-offline solver for experiment: 15_0.23_False_5_0.5_1_dc_noOfNeurons_4_17
Initial population of 20 individuals created. Starting evolution.
Decoding population for generation 1.
Decoded 20 individuals in 17.08 seconds.
Population decoded for generation 1. Starting evaluation.
Caching surrogate evaluations for generation 1.
Cached demands for 1040 embedding graphs in 0.85 seconds.
Latency prediction took 1.60 seconds for generation 1.
Evaluating population using surrogate for generation 1.
Finished generation 1 in 1.4660043249605224 seconds.
Writing Pareto Fronts for generation 1.
Qualified Individuals: 0/1
Qualified individuals less than 1. Continuing evolution.
Generation 2 started. Performing genetic operations.
Offspring generated for generation 2. Evaluating offspring.
Decoding population for generation 2.
Decoded 20 individuals in 15.12 seconds.
Population decoded for generation 2. Starting evaluation.
Caching surrogate evaluations for generation 2.
Cached demands for 1039 embedding graphs in 0.82 seconds.
Latency prediction took 1.68 seconds for generation 2.
Evaluating population using surrogate for generation 2.
Finished generation 2 in 1.4821404239628464 seconds.
Writing Pareto Fronts for generation 2.
Qualified Individuals: 0/1
Qualified individuals less than 1. Continuing evolution.
Generation 3 started. Performing genetic operations.
Offspring generated for generation 3. Evaluating offspring.
Decoding population for generation 3.
Decoded 20 individuals in 15.75 seconds.
Population decoded for generation 3. Starting evaluation.
Caching surrogate evaluations for generation 3.
Cached demands for 1021 embedding graphs in 1.09 seconds.
Latency prediction took 1.65 seconds for generation 3.
Evaluating population using surrogate for generation 3.
Finished generation 3 in 1.4989160009426996 seconds.
Writing Pareto Fronts for generation 3.
Qualified Individuals: 0/1
Qualified individuals less than 1. Continuing evolution.
Generation 4 started. Performing genetic operations.
Offspring generated for generation 4. Evaluating offspring.
Decoding population for generation 4.
Decoded 20 individuals in 17.13 seconds.
Population decoded for generation 4. Starting evaluation.
Caching surrogate evaluations for generation 4.
Cached demands for 1025 embedding graphs in 0.84 seconds.
Latency prediction took 1.61 seconds for generation 4.
Evaluating population using surrogate for generation 4.
Finished generation 4 in 1.5004926449619234 seconds.
Writing Pareto Fronts for generation 4.
Qualified Individuals: 0/1
Qualified individuals less than 1. Continuing evolution.
Generation 5 started. Performing genetic operations.
Offspring generated for generation 5. Evaluating offspring.
Decoding population for generation 5.
Decoded 20 individuals in 17.78 seconds.
Population decoded for generation 5. Starting evaluation.
Caching surrogate evaluations for generation 5.
Cached demands for 1002 embedding graphs in 0.82 seconds.
Latency prediction took 1.64 seconds for generation 5.
Evaluating population using surrogate for generation 5.
Finished generation 5 in 1.4981844020076096 seconds.
Writing Pareto Fronts for generation 5.
Qualified Individuals: 0/1
Qualified individuals less than 1. Continuing evolution.
Generation 6 started. Performing genetic operations.
Offspring generated for generation 6. Evaluating offspring.
Decoding population for generation 6.
Decoded 20 individuals in 16.76 seconds.
Population decoded for generation 6. Starting evaluation.
Caching surrogate evaluations for generation 6.
Cached demands for 1026 embedding graphs in 0.82 seconds.
Latency prediction took 1.59 seconds for generation 6.
Evaluating population using surrogate for generation 6.
Finished generation 6 in 1.4533056940417737 seconds.
Writing Pareto Fronts for generation 6.
Qualified Individuals: 0/1
Qualified individuals less than 1. Continuing evolution.
Generation 7 started. Performing genetic operations.
Offspring generated for generation 7. Evaluating offspring.
Decoding population for generation 7.
Decoded 20 individuals in 15.78 seconds.
Population decoded for generation 7. Starting evaluation.
Caching surrogate evaluations for generation 7.
Cached demands for 1029 embedding graphs in 0.80 seconds.
Latency prediction took 1.74 seconds for generation 7.
Evaluating population using surrogate for generation 7.
Finished generation 7 in 1.471614769892767 seconds.
Writing Pareto Fronts for generation 7.
Qualified Individuals: 0/1
Qualified individuals less than 1. Continuing evolution.
Generation 8 started. Performing genetic operations.
Offspring generated for generation 8. Evaluating offspring.
Decoding population for generation 8.
Decoded 20 individuals in 18.34 seconds.
Population decoded for generation 8. Starting evaluation.
Caching surrogate evaluations for generation 8.
Cached demands for 1026 embedding graphs in 1.08 seconds.
Latency prediction took 1.60 seconds for generation 8.
Evaluating population using surrogate for generation 8.
Finished generation 8 in 1.5775275350315496 seconds.
Writing Pareto Fronts for generation 8.
Qualified Individuals: 0/1
Qualified individuals less than 1. Continuing evolution.
Generation 9 started. Performing genetic operations.
Offspring generated for generation 9. Evaluating offspring.
Decoding population for generation 9.
Decoded 20 individuals in 18.88 seconds.
Population decoded for generation 9. Starting evaluation.
Caching surrogate evaluations for generation 9.
Cached demands for 1014 embedding graphs in 0.81 seconds.
Latency prediction took 1.65 seconds for generation 9.
Evaluating population using surrogate for generation 9.
Finished generation 9 in 1.4841156559996307 seconds.
Writing Pareto Fronts for generation 9.
Qualified Individuals: 1/1
Finished the evolution of weights using surrogate at generation 9.
Number of qualified individuals: 1
Time taken: 189.00s
Generating predefined weights.
Running the hybrid online-offline solver for experiment: 15_0.23_False_5_0.5_1_dc_noOfNeurons_4_18
Initial population of 20 individuals created. Starting evolution.
Decoding population for generation 1.
Decoded 20 individuals in 18.15 seconds.
Population decoded for generation 1. Starting evaluation.
Caching surrogate evaluations for generation 1.
Cached demands for 1001 embedding graphs in 0.77 seconds.
Latency prediction took 1.60 seconds for generation 1.
Evaluating population using surrogate for generation 1.
Finished generation 1 in 1.4752069760579616 seconds.
Writing Pareto Fronts for generation 1.
Qualified Individuals: 0/1
Qualified individuals less than 1. Continuing evolution.
Generation 2 started. Performing genetic operations.
Offspring generated for generation 2. Evaluating offspring.
Decoding population for generation 2.
Decoded 20 individuals in 17.02 seconds.
Population decoded for generation 2. Starting evaluation.
Caching surrogate evaluations for generation 2.
Cached demands for 1022 embedding graphs in 1.07 seconds.
Latency prediction took 1.73 seconds for generation 2.
Evaluating population using surrogate for generation 2.
Finished generation 2 in 1.6075898110866547 seconds.
Writing Pareto Fronts for generation 2.
Qualified Individuals: 0/1
Qualified individuals less than 1. Continuing evolution.
Generation 3 started. Performing genetic operations.
Offspring generated for generation 3. Evaluating offspring.
Decoding population for generation 3.
Decoded 20 individuals in 16.78 seconds.
Population decoded for generation 3. Starting evaluation.
Caching surrogate evaluations for generation 3.
Cached demands for 1047 embedding graphs in 0.82 seconds.
Latency prediction took 1.73 seconds for generation 3.
Evaluating population using surrogate for generation 3.
Finished generation 3 in 1.4924445040524006 seconds.
Writing Pareto Fronts for generation 3.
Qualified Individuals: 0/1
Qualified individuals less than 1. Continuing evolution.
Generation 4 started. Performing genetic operations.
Offspring generated for generation 4. Evaluating offspring.
Decoding population for generation 4.
Decoded 20 individuals in 15.31 seconds.
Population decoded for generation 4. Starting evaluation.
Caching surrogate evaluations for generation 4.
Cached demands for 1048 embedding graphs in 0.82 seconds.
Latency prediction took 1.63 seconds for generation 4.
Evaluating population using surrogate for generation 4.
Finished generation 4 in 1.4478602390736341 seconds.
Writing Pareto Fronts for generation 4.
Qualified Individuals: 0/1
Qualified individuals less than 1. Continuing evolution.
Generation 5 started. Performing genetic operations.
Offspring generated for generation 5. Evaluating offspring.
Decoding population for generation 5.
Decoded 20 individuals in 16.19 seconds.
Population decoded for generation 5. Starting evaluation.
Caching surrogate evaluations for generation 5.
Cached demands for 1015 embedding graphs in 0.82 seconds.
Latency prediction took 1.68 seconds for generation 5.
Evaluating population using surrogate for generation 5.
Finished generation 5 in 1.5207340059569106 seconds.
Writing Pareto Fronts for generation 5.
Qualified Individuals: 0/1
Qualified individuals less than 1. Continuing evolution.
Generation 6 started. Performing genetic operations.
Offspring generated for generation 6. Evaluating offspring.
Decoding population for generation 6.
Decoded 20 individuals in 16.13 seconds.
Population decoded for generation 6. Starting evaluation.
Caching surrogate evaluations for generation 6.
Cached demands for 1024 embedding graphs in 0.83 seconds.
Latency prediction took 1.61 seconds for generation 6.
Evaluating population using surrogate for generation 6.
Finished generation 6 in 1.4761237169150263 seconds.
Writing Pareto Fronts for generation 6.
Qualified Individuals: 0/1
Qualified individuals less than 1. Continuing evolution.
Generation 7 started. Performing genetic operations.
Offspring generated for generation 7. Evaluating offspring.
Decoding population for generation 7.
Decoded 20 individuals in 15.43 seconds.
Population decoded for generation 7. Starting evaluation.
Caching surrogate evaluations for generation 7.
Cached demands for 1034 embedding graphs in 0.79 seconds.
Latency prediction took 1.62 seconds for generation 7.
Evaluating population using surrogate for generation 7.
Finished generation 7 in 1.5221759430132806 seconds.
Writing Pareto Fronts for generation 7.
Qualified Individuals: 0/1
Qualified individuals less than 1. Continuing evolution.
Generation 8 started. Performing genetic operations.
Offspring generated for generation 8. Evaluating offspring.
Decoding population for generation 8.
Decoded 20 individuals in 16.39 seconds.
Population decoded for generation 8. Starting evaluation.
Caching surrogate evaluations for generation 8.
Cached demands for 1015 embedding graphs in 0.80 seconds.
Latency prediction took 1.62 seconds for generation 8.
Evaluating population using surrogate for generation 8.
Finished generation 8 in 1.5218262010021135 seconds.
Writing Pareto Fronts for generation 8.
Qualified Individuals: 0/1
Qualified individuals less than 1. Continuing evolution.
Generation 9 started. Performing genetic operations.
Offspring generated for generation 9. Evaluating offspring.
Decoding population for generation 9.
Decoded 20 individuals in 15.78 seconds.
Population decoded for generation 9. Starting evaluation.
Caching surrogate evaluations for generation 9.
Cached demands for 1032 embedding graphs in 0.80 seconds.
Latency prediction took 1.80 seconds for generation 9.
Evaluating population using surrogate for generation 9.
Finished generation 9 in 1.4648571170400828 seconds.
Writing Pareto Fronts for generation 9.
Qualified Individuals: 0/1
Qualified individuals less than 1. Continuing evolution.
Generation 10 started. Performing genetic operations.
Offspring generated for generation 10. Evaluating offspring.
Decoding population for generation 10.
Decoded 20 individuals in 15.83 seconds.
Population decoded for generation 10. Starting evaluation.
Caching surrogate evaluations for generation 10.
Cached demands for 1005 embedding graphs in 1.12 seconds.
Latency prediction took 1.75 seconds for generation 10.
Evaluating population using surrogate for generation 10.
Finished generation 10 in 1.626992280012928 seconds.
Writing Pareto Fronts for generation 10.
Qualified Individuals: 0/1
Qualified individuals less than 1. Continuing evolution.
Generation 11 started. Performing genetic operations.
Offspring generated for generation 11. Evaluating offspring.
Decoding population for generation 11.
Decoded 20 individuals in 16.37 seconds.
Population decoded for generation 11. Starting evaluation.
Caching surrogate evaluations for generation 11.
Cached demands for 1025 embedding graphs in 0.78 seconds.
Latency prediction took 1.62 seconds for generation 11.
Evaluating population using surrogate for generation 11.
Finished generation 11 in 1.4610224770149216 seconds.
Writing Pareto Fronts for generation 11.
Qualified Individuals: 0/1
Qualified individuals less than 1. Continuing evolution.
Generation 12 started. Performing genetic operations.
Offspring generated for generation 12. Evaluating offspring.
Decoding population for generation 12.
Decoded 20 individuals in 15.80 seconds.
Population decoded for generation 12. Starting evaluation.
Caching surrogate evaluations for generation 12.
Cached demands for 1038 embedding graphs in 0.80 seconds.
Latency prediction took 1.62 seconds for generation 12.
Evaluating population using surrogate for generation 12.
Finished generation 12 in 1.4553877499420196 seconds.
Writing Pareto Fronts for generation 12.
Qualified Individuals: 0/1
Qualified individuals less than 1. Continuing evolution.
Generation 13 started. Performing genetic operations.
Offspring generated for generation 13. Evaluating offspring.
Decoding population for generation 13.
Decoded 20 individuals in 15.35 seconds.
Population decoded for generation 13. Starting evaluation.
Caching surrogate evaluations for generation 13.
Cached demands for 1019 embedding graphs in 1.09 seconds.
Latency prediction took 1.64 seconds for generation 13.
Evaluating population using surrogate for generation 13.
Finished generation 13 in 1.504192816093564 seconds.
Writing Pareto Fronts for generation 13.
Qualified Individuals: 1/1
Finished the evolution of weights using surrogate at generation 13.
Number of qualified individuals: 1
Time taken: 263.38s
Generating predefined weights.
Running the hybrid online-offline solver for experiment: 15_0.23_False_5_0.5_1_dc_noOfNeurons_4_19
Initial population of 20 individuals created. Starting evolution.
Decoding population for generation 1.
Decoded 20 individuals in 15.39 seconds.
Population decoded for generation 1. Starting evaluation.
Caching surrogate evaluations for generation 1.
Cached demands for 1044 embedding graphs in 0.84 seconds.
Latency prediction took 1.70 seconds for generation 1.
Evaluating population using surrogate for generation 1.
Finished generation 1 in 1.489803779986687 seconds.
Writing Pareto Fronts for generation 1.
Qualified Individuals: 0/1
Qualified individuals less than 1. Continuing evolution.
Generation 2 started. Performing genetic operations.
Offspring generated for generation 2. Evaluating offspring.
Decoding population for generation 2.
Decoded 20 individuals in 16.03 seconds.
Population decoded for generation 2. Starting evaluation.
Caching surrogate evaluations for generation 2.
Cached demands for 1018 embedding graphs in 0.81 seconds.
Latency prediction took 1.79 seconds for generation 2.
Evaluating population using surrogate for generation 2.
Finished generation 2 in 1.4849284769734368 seconds.
Writing Pareto Fronts for generation 2.
Qualified Individuals: 0/1
Qualified individuals less than 1. Continuing evolution.
Generation 3 started. Performing genetic operations.
Offspring generated for generation 3. Evaluating offspring.
Decoding population for generation 3.
Decoded 20 individuals in 15.92 seconds.
Population decoded for generation 3. Starting evaluation.
Caching surrogate evaluations for generation 3.
Cached demands for 1005 embedding graphs in 0.79 seconds.
Latency prediction took 1.65 seconds for generation 3.
Evaluating population using surrogate for generation 3.
Finished generation 3 in 1.470082126907073 seconds.
Writing Pareto Fronts for generation 3.
Qualified Individuals: 0/1
Qualified individuals less than 1. Continuing evolution.
Generation 4 started. Performing genetic operations.
Offspring generated for generation 4. Evaluating offspring.
Decoding population for generation 4.
Decoded 20 individuals in 16.17 seconds.
Population decoded for generation 4. Starting evaluation.
Caching surrogate evaluations for generation 4.
Cached demands for 1042 embedding graphs in 0.84 seconds.
Latency prediction took 1.64 seconds for generation 4.
Evaluating population using surrogate for generation 4.
Finished generation 4 in 1.5144345879089087 seconds.
Writing Pareto Fronts for generation 4.
Qualified Individuals: 0/1
Qualified individuals less than 1. Continuing evolution.
Generation 5 started. Performing genetic operations.
Offspring generated for generation 5. Evaluating offspring.
Decoding population for generation 5.
Decoded 20 individuals in 16.67 seconds.
Population decoded for generation 5. Starting evaluation.
Caching surrogate evaluations for generation 5.
Cached demands for 1003 embedding graphs in 1.08 seconds.
Latency prediction took 1.62 seconds for generation 5.
Evaluating population using surrogate for generation 5.
Finished generation 5 in 1.499519819044508 seconds.
Writing Pareto Fronts for generation 5.
Qualified Individuals: 0/1
Qualified individuals less than 1. Continuing evolution.
Generation 6 started. Performing genetic operations.
Offspring generated for generation 6. Evaluating offspring.
Decoding population for generation 6.
Decoded 20 individuals in 16.52 seconds.
Population decoded for generation 6. Starting evaluation.
Caching surrogate evaluations for generation 6.
Cached demands for 1041 embedding graphs in 0.78 seconds.
Latency prediction took 1.61 seconds for generation 6.
Evaluating population using surrogate for generation 6.
Finished generation 6 in 1.4843713709851727 seconds.
Writing Pareto Fronts for generation 6.
Qualified Individuals: 0/1
Qualified individuals less than 1. Continuing evolution.
Generation 7 started. Performing genetic operations.
Offspring generated for generation 7. Evaluating offspring.
Decoding population for generation 7.
Decoded 20 individuals in 16.95 seconds.
Population decoded for generation 7. Starting evaluation.
Caching surrogate evaluations for generation 7.
Cached demands for 1030 embedding graphs in 0.81 seconds.
Latency prediction took 1.79 seconds for generation 7.
Evaluating population using surrogate for generation 7.
Finished generation 7 in 1.4341013100929558 seconds.
Writing Pareto Fronts for generation 7.
Qualified Individuals: 1/1
Finished the evolution of weights using surrogate at generation 7.
Number of qualified individuals: 1
Time taken: 141.98s
Generating predefined weights.
Running the hybrid online-offline solver for experiment: 15_0.23_False_5_0.5_1_dc_noOfNeurons_6_0
Initial population of 20 individuals created. Starting evolution.
Decoding population for generation 1.
Decoded 20 individuals in 15.16 seconds.
Population decoded for generation 1. Starting evaluation.
Caching surrogate evaluations for generation 1.
Cached demands for 1014 embedding graphs in 0.79 seconds.
Latency prediction took 1.61 seconds for generation 1.
Evaluating population using surrogate for generation 1.
Finished generation 1 in 1.4524035040521994 seconds.
Writing Pareto Fronts for generation 1.
Qualified Individuals: 0/1
Qualified individuals less than 1. Continuing evolution.
Generation 2 started. Performing genetic operations.
Offspring generated for generation 2. Evaluating offspring.
Decoding population for generation 2.
Decoded 20 individuals in 15.51 seconds.
Population decoded for generation 2. Starting evaluation.
Caching surrogate evaluations for generation 2.
Cached demands for 1024 embedding graphs in 0.81 seconds.
Latency prediction took 1.68 seconds for generation 2.
Evaluating population using surrogate for generation 2.
Finished generation 2 in 1.5243515099864453 seconds.
Writing Pareto Fronts for generation 2.
Qualified Individuals: 0/1
Qualified individuals less than 1. Continuing evolution.
Generation 3 started. Performing genetic operations.
Offspring generated for generation 3. Evaluating offspring.
Decoding population for generation 3.
Decoded 20 individuals in 15.71 seconds.
Population decoded for generation 3. Starting evaluation.
Caching surrogate evaluations for generation 3.
Cached demands for 1024 embedding graphs in 1.11 seconds.
Latency prediction took 1.62 seconds for generation 3.
Evaluating population using surrogate for generation 3.
Finished generation 3 in 1.501539115095511 seconds.
Writing Pareto Fronts for generation 3.
Qualified Individuals: 0/1
Qualified individuals less than 1. Continuing evolution.
Generation 4 started. Performing genetic operations.
Offspring generated for generation 4. Evaluating offspring.
Decoding population for generation 4.
Decoded 20 individuals in 17.50 seconds.
Population decoded for generation 4. Starting evaluation.
Caching surrogate evaluations for generation 4.
Cached demands for 1021 embedding graphs in 0.82 seconds.
Latency prediction took 1.67 seconds for generation 4.
Evaluating population using surrogate for generation 4.
Finished generation 4 in 1.4707396139856428 seconds.
Writing Pareto Fronts for generation 4.
Qualified Individuals: 0/1
Qualified individuals less than 1. Continuing evolution.
Generation 5 started. Performing genetic operations.
Offspring generated for generation 5. Evaluating offspring.
Decoding population for generation 5.
Decoded 20 individuals in 16.31 seconds.
Population decoded for generation 5. Starting evaluation.
Caching surrogate evaluations for generation 5.
Cached demands for 1033 embedding graphs in 0.79 seconds.
Latency prediction took 1.63 seconds for generation 5.
Evaluating population using surrogate for generation 5.
Finished generation 5 in 1.4346795770106837 seconds.
Writing Pareto Fronts for generation 5.
Qualified Individuals: 1/1
Finished the evolution of weights using surrogate at generation 5.
Number of qualified individuals: 1
Time taken: 100.24s
Generating predefined weights.
Running the hybrid online-offline solver for experiment: 15_0.23_False_5_0.5_1_dc_noOfNeurons_6_1
Initial population of 20 individuals created. Starting evolution.
Decoding population for generation 1.
Decoded 20 individuals in 15.96 seconds.
Population decoded for generation 1. Starting evaluation.
Caching surrogate evaluations for generation 1.
Cached demands for 1043 embedding graphs in 1.06 seconds.
Latency prediction took 1.68 seconds for generation 1.
Evaluating population using surrogate for generation 1.
Finished generation 1 in 1.4778201869921759 seconds.
Writing Pareto Fronts for generation 1.
Qualified Individuals: 0/1
Qualified individuals less than 1. Continuing evolution.
Generation 2 started. Performing genetic operations.
Offspring generated for generation 2. Evaluating offspring.
Decoding population for generation 2.
Decoded 20 individuals in 14.82 seconds.
Population decoded for generation 2. Starting evaluation.
Caching surrogate evaluations for generation 2.
Cached demands for 1015 embedding graphs in 0.81 seconds.
Latency prediction took 1.58 seconds for generation 2.
Evaluating population using surrogate for generation 2.
Finished generation 2 in 1.4243955799611285 seconds.
Writing Pareto Fronts for generation 2.
Qualified Individuals: 0/1
Qualified individuals less than 1. Continuing evolution.
Generation 3 started. Performing genetic operations.
Offspring generated for generation 3. Evaluating offspring.
Decoding population for generation 3.
Decoded 20 individuals in 15.88 seconds.
Population decoded for generation 3. Starting evaluation.
Caching surrogate evaluations for generation 3.
Cached demands for 1020 embedding graphs in 0.83 seconds.
Latency prediction took 1.60 seconds for generation 3.
Evaluating population using surrogate for generation 3.
Finished generation 3 in 1.427702603978105 seconds.
Writing Pareto Fronts for generation 3.
Qualified Individuals: 0/1
Qualified individuals less than 1. Continuing evolution.
Generation 4 started. Performing genetic operations.
Offspring generated for generation 4. Evaluating offspring.
Decoding population for generation 4.
Decoded 20 individuals in 16.39 seconds.
Population decoded for generation 4. Starting evaluation.
Caching surrogate evaluations for generation 4.
Cached demands for 997 embedding graphs in 0.81 seconds.
Latency prediction took 1.61 seconds for generation 4.
Evaluating population using surrogate for generation 4.
Finished generation 4 in 1.5314859439386055 seconds.
Writing Pareto Fronts for generation 4.
Qualified Individuals: 0/1
Qualified individuals less than 1. Continuing evolution.
Generation 5 started. Performing genetic operations.
Offspring generated for generation 5. Evaluating offspring.
Decoding population for generation 5.
Decoded 20 individuals in 15.74 seconds.
Population decoded for generation 5. Starting evaluation.
Caching surrogate evaluations for generation 5.
Cached demands for 1049 embedding graphs in 0.82 seconds.
Latency prediction took 1.71 seconds for generation 5.
Evaluating population using surrogate for generation 5.
Finished generation 5 in 1.4904734110459685 seconds.
Writing Pareto Fronts for generation 5.
Qualified Individuals: 0/1
Qualified individuals less than 1. Continuing evolution.
Generation 6 started. Performing genetic operations.
Offspring generated for generation 6. Evaluating offspring.
Decoding population for generation 6.
Decoded 20 individuals in 15.68 seconds.
Population decoded for generation 6. Starting evaluation.
Caching surrogate evaluations for generation 6.
Cached demands for 1002 embedding graphs in 1.06 seconds.
Latency prediction took 1.63 seconds for generation 6.
Evaluating population using surrogate for generation 6.
Finished generation 6 in 1.4682813979452476 seconds.
Writing Pareto Fronts for generation 6.
Qualified Individuals: 0/1
Qualified individuals less than 1. Continuing evolution.
Generation 7 started. Performing genetic operations.
Offspring generated for generation 7. Evaluating offspring.
Decoding population for generation 7.
Decoded 20 individuals in 15.37 seconds.
Population decoded for generation 7. Starting evaluation.
Caching surrogate evaluations for generation 7.
Cached demands for 1038 embedding graphs in 0.81 seconds.
Latency prediction took 1.63 seconds for generation 7.
Evaluating population using surrogate for generation 7.
Finished generation 7 in 1.472886733012274 seconds.
Writing Pareto Fronts for generation 7.
Qualified Individuals: 0/1
Qualified individuals less than 1. Continuing evolution.
Generation 8 started. Performing genetic operations.
Offspring generated for generation 8. Evaluating offspring.
Decoding population for generation 8.
Decoded 20 individuals in 15.28 seconds.
Population decoded for generation 8. Starting evaluation.
Caching surrogate evaluations for generation 8.
Cached demands for 1021 embedding graphs in 0.82 seconds.
Latency prediction took 1.58 seconds for generation 8.
Evaluating population using surrogate for generation 8.
Finished generation 8 in 1.4462571670301259 seconds.
Writing Pareto Fronts for generation 8.
Qualified Individuals: 0/1
Qualified individuals less than 1. Continuing evolution.
Generation 9 started. Performing genetic operations.
Offspring generated for generation 9. Evaluating offspring.
Decoding population for generation 9.
Decoded 20 individuals in 16.24 seconds.
Population decoded for generation 9. Starting evaluation.
Caching surrogate evaluations for generation 9.
Cached demands for 1028 embedding graphs in 0.80 seconds.
Latency prediction took 1.60 seconds for generation 9.
Evaluating population using surrogate for generation 9.
Finished generation 9 in 1.4281935959588736 seconds.
Writing Pareto Fronts for generation 9.
Qualified Individuals: 0/1
Qualified individuals less than 1. Continuing evolution.
Generation 10 started. Performing genetic operations.
Offspring generated for generation 10. Evaluating offspring.
Decoding population for generation 10.
Decoded 20 individuals in 15.82 seconds.
Population decoded for generation 10. Starting evaluation.
Caching surrogate evaluations for generation 10.
Cached demands for 1016 embedding graphs in 0.80 seconds.
Latency prediction took 1.59 seconds for generation 10.
Evaluating population using surrogate for generation 10.
Finished generation 10 in 1.475839119986631 seconds.
Writing Pareto Fronts for generation 10.
Qualified Individuals: 0/1
Qualified individuals less than 1. Continuing evolution.
Generation 11 started. Performing genetic operations.
Offspring generated for generation 11. Evaluating offspring.
Decoding population for generation 11.
Decoded 20 individuals in 15.71 seconds.
Population decoded for generation 11. Starting evaluation.
Caching surrogate evaluations for generation 11.
Cached demands for 1033 embedding graphs in 0.81 seconds.
Latency prediction took 1.64 seconds for generation 11.
Evaluating population using surrogate for generation 11.
Finished generation 11 in 1.525856000953354 seconds.
Writing Pareto Fronts for generation 11.
Qualified Individuals: 0/1
Qualified individuals less than 1. Continuing evolution.
Generation 12 started. Performing genetic operations.
Offspring generated for generation 12. Evaluating offspring.
Decoding population for generation 12.
Decoded 20 individuals in 16.84 seconds.
Population decoded for generation 12. Starting evaluation.
Caching surrogate evaluations for generation 12.
Cached demands for 1016 embedding graphs in 0.79 seconds.
Latency prediction took 1.60 seconds for generation 12.
Evaluating population using surrogate for generation 12.
Finished generation 12 in 1.4873773360159248 seconds.
Writing Pareto Fronts for generation 12.
Qualified Individuals: 0/1
Qualified individuals less than 1. Continuing evolution.
Generation 13 started. Performing genetic operations.
Offspring generated for generation 13. Evaluating offspring.
Decoding population for generation 13.
Decoded 20 individuals in 15.71 seconds.
Population decoded for generation 13. Starting evaluation.
Caching surrogate evaluations for generation 13.
Cached demands for 1019 embedding graphs in 0.83 seconds.
Latency prediction took 1.75 seconds for generation 13.
Evaluating population using surrogate for generation 13.
Finished generation 13 in 1.5920909959822893 seconds.
Writing Pareto Fronts for generation 13.
Qualified Individuals: 0/1
Qualified individuals less than 1. Continuing evolution.
Generation 14 started. Performing genetic operations.
Offspring generated for generation 14. Evaluating offspring.
Decoding population for generation 14.
Decoded 20 individuals in 15.48 seconds.
Population decoded for generation 14. Starting evaluation.
Caching surrogate evaluations for generation 14.
Cached demands for 1015 embedding graphs in 1.13 seconds.
Latency prediction took 1.61 seconds for generation 14.
Evaluating population using surrogate for generation 14.
Finished generation 14 in 1.554931456106715 seconds.
Writing Pareto Fronts for generation 14.
Qualified Individuals: 1/1
Finished the evolution of weights using surrogate at generation 14.
Number of qualified individuals: 1
Time taken: 277.03s
Generating predefined weights.
Running the hybrid online-offline solver for experiment: 15_0.23_False_5_0.5_1_dc_noOfNeurons_6_2
Initial population of 20 individuals created. Starting evolution.
Decoding population for generation 1.
Decoded 20 individuals in 15.68 seconds.
Population decoded for generation 1. Starting evaluation.
Caching surrogate evaluations for generation 1.
Cached demands for 1026 embedding graphs in 0.83 seconds.
Latency prediction took 1.63 seconds for generation 1.
Evaluating population using surrogate for generation 1.
Finished generation 1 in 1.6133177719311789 seconds.
Writing Pareto Fronts for generation 1.
Qualified Individuals: 0/1
Qualified individuals less than 1. Continuing evolution.
Generation 2 started. Performing genetic operations.
Offspring generated for generation 2. Evaluating offspring.
Decoding population for generation 2.
Decoded 20 individuals in 15.13 seconds.
Population decoded for generation 2. Starting evaluation.
Caching surrogate evaluations for generation 2.
Cached demands for 1023 embedding graphs in 0.82 seconds.
Latency prediction took 1.71 seconds for generation 2.
Evaluating population using surrogate for generation 2.
Finished generation 2 in 1.5855661829700693 seconds.
Writing Pareto Fronts for generation 2.
Qualified Individuals: 0/1
Qualified individuals less than 1. Continuing evolution.
Generation 3 started. Performing genetic operations.
Offspring generated for generation 3. Evaluating offspring.
Decoding population for generation 3.
Decoded 20 individuals in 16.06 seconds.
Population decoded for generation 3. Starting evaluation.
Caching surrogate evaluations for generation 3.
Cached demands for 1036 embedding graphs in 1.09 seconds.
Latency prediction took 1.61 seconds for generation 3.
Evaluating population using surrogate for generation 3.
Finished generation 3 in 1.487426290055737 seconds.
Writing Pareto Fronts for generation 3.
Qualified Individuals: 0/1
Qualified individuals less than 1. Continuing evolution.
Generation 4 started. Performing genetic operations.
Offspring generated for generation 4. Evaluating offspring.
Decoding population for generation 4.
Decoded 20 individuals in 15.75 seconds.
Population decoded for generation 4. Starting evaluation.
Caching surrogate evaluations for generation 4.
Cached demands for 1013 embedding graphs in 0.84 seconds.
Latency prediction took 1.66 seconds for generation 4.
Evaluating population using surrogate for generation 4.
Finished generation 4 in 1.5413322900421917 seconds.
Writing Pareto Fronts for generation 4.
Qualified Individuals: 0/1
Qualified individuals less than 1. Continuing evolution.
Generation 5 started. Performing genetic operations.
Offspring generated for generation 5. Evaluating offspring.
Decoding population for generation 5.
Decoded 20 individuals in 15.40 seconds.
Population decoded for generation 5. Starting evaluation.
Caching surrogate evaluations for generation 5.
Cached demands for 1035 embedding graphs in 0.83 seconds.
Latency prediction took 1.73 seconds for generation 5.
Evaluating population using surrogate for generation 5.
Finished generation 5 in 1.511430551065132 seconds.
Writing Pareto Fronts for generation 5.
Qualified Individuals: 0/1
Qualified individuals less than 1. Continuing evolution.
Generation 6 started. Performing genetic operations.
Offspring generated for generation 6. Evaluating offspring.
Decoding population for generation 6.
Decoded 20 individuals in 17.78 seconds.
Population decoded for generation 6. Starting evaluation.
Caching surrogate evaluations for generation 6.
Cached demands for 1032 embedding graphs in 0.81 seconds.
Latency prediction took 1.56 seconds for generation 6.
Evaluating population using surrogate for generation 6.
Finished generation 6 in 1.4367076869821176 seconds.
Writing Pareto Fronts for generation 6.
Qualified Individuals: 0/1
Qualified individuals less than 1. Continuing evolution.
Generation 7 started. Performing genetic operations.
Offspring generated for generation 7. Evaluating offspring.
Decoding population for generation 7.
Decoded 20 individuals in 15.47 seconds.
Population decoded for generation 7. Starting evaluation.
Caching surrogate evaluations for generation 7.
Cached demands for 1013 embedding graphs in 0.82 seconds.
Latency prediction took 1.70 seconds for generation 7.
Evaluating population using surrogate for generation 7.
Finished generation 7 in 1.533678252948448 seconds.
Writing Pareto Fronts for generation 7.
Qualified Individuals: 0/1
Qualified individuals less than 1. Continuing evolution.
Generation 8 started. Performing genetic operations.
Offspring generated for generation 8. Evaluating offspring.
Decoding population for generation 8.
Decoded 20 individuals in 16.36 seconds.
Population decoded for generation 8. Starting evaluation.
Caching surrogate evaluations for generation 8.
Cached demands for 1004 embedding graphs in 1.11 seconds.
Latency prediction took 1.68 seconds for generation 8.
Evaluating population using surrogate for generation 8.
Finished generation 8 in 1.4837852269411087 seconds.
Writing Pareto Fronts for generation 8.
Qualified Individuals: 0/1
Qualified individuals less than 1. Continuing evolution.
Generation 9 started. Performing genetic operations.
Offspring generated for generation 9. Evaluating offspring.
Decoding population for generation 9.
Decoded 20 individuals in 15.94 seconds.
Population decoded for generation 9. Starting evaluation.
Caching surrogate evaluations for generation 9.
Cached demands for 1036 embedding graphs in 0.83 seconds.
Latency prediction took 1.69 seconds for generation 9.
Evaluating population using surrogate for generation 9.
Finished generation 9 in 1.5687027260428295 seconds.
Writing Pareto Fronts for generation 9.
Qualified Individuals: 0/1
Qualified individuals less than 1. Continuing evolution.
Generation 10 started. Performing genetic operations.
Offspring generated for generation 10. Evaluating offspring.
Decoding population for generation 10.
Decoded 20 individuals in 15.75 seconds.
Population decoded for generation 10. Starting evaluation.
Caching surrogate evaluations for generation 10.
Cached demands for 1028 embedding graphs in 0.80 seconds.
Latency prediction took 1.70 seconds for generation 10.
Evaluating population using surrogate for generation 10.
Finished generation 10 in 1.5470111129106954 seconds.
Writing Pareto Fronts for generation 10.
Qualified Individuals: 0/1
Qualified individuals less than 1. Continuing evolution.
Generation 11 started. Performing genetic operations.
Offspring generated for generation 11. Evaluating offspring.
Decoding population for generation 11.
Decoded 20 individuals in 15.48 seconds.
Population decoded for generation 11. Starting evaluation.
Caching surrogate evaluations for generation 11.
Cached demands for 1019 embedding graphs in 1.10 seconds.
Latency prediction took 1.74 seconds for generation 11.
Evaluating population using surrogate for generation 11.
Finished generation 11 in 1.500132204964757 seconds.
Writing Pareto Fronts for generation 11.
Qualified Individuals: 0/1
Qualified individuals less than 1. Continuing evolution.
Generation 12 started. Performing genetic operations.
Offspring generated for generation 12. Evaluating offspring.
Decoding population for generation 12.
Decoded 20 individuals in 15.53 seconds.
Population decoded for generation 12. Starting evaluation.
Caching surrogate evaluations for generation 12.
Cached demands for 1015 embedding graphs in 0.82 seconds.
Latency prediction took 1.73 seconds for generation 12.
Evaluating population using surrogate for generation 12.
Finished generation 12 in 1.50341867597308 seconds.
Writing Pareto Fronts for generation 12.
Qualified Individuals: 0/1
Qualified individuals less than 1. Continuing evolution.
Generation 13 started. Performing genetic operations.
Offspring generated for generation 13. Evaluating offspring.
Decoding population for generation 13.
Decoded 20 individuals in 15.75 seconds.
Population decoded for generation 13. Starting evaluation.
Caching surrogate evaluations for generation 13.
Cached demands for 1029 embedding graphs in 0.84 seconds.
Latency prediction took 1.67 seconds for generation 13.
Evaluating population using surrogate for generation 13.
Finished generation 13 in 1.4687369340099394 seconds.
Writing Pareto Fronts for generation 13.
Qualified Individuals: 0/1
Qualified individuals less than 1. Continuing evolution.
Generation 14 started. Performing genetic operations.
Offspring generated for generation 14. Evaluating offspring.
Decoding population for generation 14.
Decoded 20 individuals in 16.84 seconds.
Population decoded for generation 14. Starting evaluation.
Caching surrogate evaluations for generation 14.
Cached demands for 1022 embedding graphs in 0.82 seconds.
Latency prediction took 1.68 seconds for generation 14.
Evaluating population using surrogate for generation 14.
Finished generation 14 in 1.495947623043321 seconds.
Writing Pareto Fronts for generation 14.
Qualified Individuals: 0/1
Qualified individuals less than 1. Continuing evolution.
Generation 15 started. Performing genetic operations.
Offspring generated for generation 15. Evaluating offspring.
Decoding population for generation 15.
Decoded 20 individuals in 15.69 seconds.
Population decoded for generation 15. Starting evaluation.
Caching surrogate evaluations for generation 15.
Cached demands for 1025 embedding graphs in 0.84 seconds.
Latency prediction took 1.68 seconds for generation 15.
Evaluating population using surrogate for generation 15.
Finished generation 15 in 1.5057790259597823 seconds.
Writing Pareto Fronts for generation 15.
Qualified Individuals: 0/1
Qualified individuals less than 1. Continuing evolution.
Generation 16 started. Performing genetic operations.
Offspring generated for generation 16. Evaluating offspring.
Decoding population for generation 16.
Decoded 20 individuals in 15.32 seconds.
Population decoded for generation 16. Starting evaluation.
Caching surrogate evaluations for generation 16.
Cached demands for 1033 embedding graphs in 1.09 seconds.
Latency prediction took 1.64 seconds for generation 16.
Evaluating population using surrogate for generation 16.
Finished generation 16 in 1.5318806329742074 seconds.
Writing Pareto Fronts for generation 16.
Qualified Individuals: 0/1
Qualified individuals less than 1. Continuing evolution.
Generation 17 started. Performing genetic operations.
Offspring generated for generation 17. Evaluating offspring.
Decoding population for generation 17.
Decoded 20 individuals in 16.12 seconds.
Population decoded for generation 17. Starting evaluation.
Caching surrogate evaluations for generation 17.
Cached demands for 1036 embedding graphs in 0.81 seconds.
Latency prediction took 1.78 seconds for generation 17.
Evaluating population using surrogate for generation 17.
Finished generation 17 in 1.521029646974057 seconds.
Writing Pareto Fronts for generation 17.
Qualified Individuals: 0/1
Qualified individuals less than 1. Continuing evolution.
Generation 18 started. Performing genetic operations.
Offspring generated for generation 18. Evaluating offspring.
Decoding population for generation 18.
Decoded 20 individuals in 15.62 seconds.
Population decoded for generation 18. Starting evaluation.
Caching surrogate evaluations for generation 18.
Cached demands for 1007 embedding graphs in 0.83 seconds.
Latency prediction took 1.64 seconds for generation 18.
Evaluating population using surrogate for generation 18.
Finished generation 18 in 1.5860109369968995 seconds.
Writing Pareto Fronts for generation 18.
Qualified Individuals: 0/1
Qualified individuals less than 1. Continuing evolution.
Generation 19 started. Performing genetic operations.
Offspring generated for generation 19. Evaluating offspring.
Decoding population for generation 19.
Decoded 20 individuals in 16.21 seconds.
Population decoded for generation 19. Starting evaluation.
Caching surrogate evaluations for generation 19.
Cached demands for 1021 embedding graphs in 1.07 seconds.
Latency prediction took 1.62 seconds for generation 19.
Evaluating population using surrogate for generation 19.
Finished generation 19 in 1.4785677479812875 seconds.
Writing Pareto Fronts for generation 19.
Qualified Individuals: 0/1
Qualified individuals less than 1. Continuing evolution.
Generation 20 started. Performing genetic operations.
Offspring generated for generation 20. Evaluating offspring.
Decoding population for generation 20.
Decoded 20 individuals in 16.16 seconds.
Population decoded for generation 20. Starting evaluation.
Caching surrogate evaluations for generation 20.
Cached demands for 1038 embedding graphs in 0.83 seconds.
Latency prediction took 1.62 seconds for generation 20.
Evaluating population using surrogate for generation 20.
Finished generation 20 in 1.4896165790269151 seconds.
Writing Pareto Fronts for generation 20.
Qualified Individuals: 0/1
Qualified individuals less than 1. Continuing evolution.
Generation 21 started. Performing genetic operations.
Offspring generated for generation 21. Evaluating offspring.
Decoding population for generation 21.
Decoded 20 individuals in 15.93 seconds.
Population decoded for generation 21. Starting evaluation.
Caching surrogate evaluations for generation 21.
Cached demands for 995 embedding graphs in 0.82 seconds.
Latency prediction took 1.63 seconds for generation 21.
Evaluating population using surrogate for generation 21.
Finished generation 21 in 1.4370560370152816 seconds.
Writing Pareto Fronts for generation 21.
Qualified Individuals: 0/1
Qualified individuals less than 1. Continuing evolution.
Generation 22 started. Performing genetic operations.
Offspring generated for generation 22. Evaluating offspring.
Decoding population for generation 22.
Decoded 20 individuals in 16.43 seconds.
Population decoded for generation 22. Starting evaluation.
Caching surrogate evaluations for generation 22.
Cached demands for 1023 embedding graphs in 0.81 seconds.
Latency prediction took 1.64 seconds for generation 22.
Evaluating population using surrogate for generation 22.
Finished generation 22 in 1.5354401719523594 seconds.
Writing Pareto Fronts for generation 22.
Qualified Individuals: 0/1
Qualified individuals less than 1. Continuing evolution.
Generation 23 started. Performing genetic operations.
Offspring generated for generation 23. Evaluating offspring.
Decoding population for generation 23.
Decoded 20 individuals in 16.64 seconds.
Population decoded for generation 23. Starting evaluation.
Caching surrogate evaluations for generation 23.
Cached demands for 1035 embedding graphs in 0.82 seconds.
Latency prediction took 1.58 seconds for generation 23.
Evaluating population using surrogate for generation 23.
Finished generation 23 in 1.461309015052393 seconds.
Writing Pareto Fronts for generation 23.
Qualified Individuals: 0/1
Qualified individuals less than 1. Continuing evolution.
Generation 24 started. Performing genetic operations.
Offspring generated for generation 24. Evaluating offspring.
Decoding population for generation 24.
Decoded 20 individuals in 15.12 seconds.
Population decoded for generation 24. Starting evaluation.
Caching surrogate evaluations for generation 24.
Cached demands for 1021 embedding graphs in 0.80 seconds.
Latency prediction took 1.70 seconds for generation 24.
Evaluating population using surrogate for generation 24.
Finished generation 24 in 1.5142675520619377 seconds.
Writing Pareto Fronts for generation 24.
Qualified Individuals: 0/1
Qualified individuals less than 1. Continuing evolution.
Generation 25 started. Performing genetic operations.
Offspring generated for generation 25. Evaluating offspring.
Decoding population for generation 25.
Decoded 20 individuals in 16.26 seconds.
Population decoded for generation 25. Starting evaluation.
Caching surrogate evaluations for generation 25.
Cached demands for 1035 embedding graphs in 0.82 seconds.
Latency prediction took 1.78 seconds for generation 25.
Evaluating population using surrogate for generation 25.
Finished generation 25 in 1.5620676800608635 seconds.
Writing Pareto Fronts for generation 25.
Qualified Individuals: 0/1
Qualified individuals less than 1. Continuing evolution.
Generation 26 started. Performing genetic operations.
Offspring generated for generation 26. Evaluating offspring.
Decoding population for generation 26.
Decoded 20 individuals in 15.52 seconds.
Population decoded for generation 26. Starting evaluation.
Caching surrogate evaluations for generation 26.
Cached demands for 1021 embedding graphs in 0.81 seconds.
Latency prediction took 1.64 seconds for generation 26.
Evaluating population using surrogate for generation 26.
Finished generation 26 in 1.4819338020170107 seconds.
Writing Pareto Fronts for generation 26.
Qualified Individuals: 0/1
Qualified individuals less than 1. Continuing evolution.
Generation 27 started. Performing genetic operations.
Offspring generated for generation 27. Evaluating offspring.
Decoding population for generation 27.
Decoded 20 individuals in 16.32 seconds.
Population decoded for generation 27. Starting evaluation.
Caching surrogate evaluations for generation 27.
Cached demands for 1038 embedding graphs in 1.05 seconds.
Latency prediction took 1.62 seconds for generation 27.
Evaluating population using surrogate for generation 27.
Finished generation 27 in 1.4963702929671854 seconds.
Writing Pareto Fronts for generation 27.
Qualified Individuals: 0/1
Qualified individuals less than 1. Continuing evolution.
Generation 28 started. Performing genetic operations.
Offspring generated for generation 28. Evaluating offspring.
Decoding population for generation 28.
Decoded 20 individuals in 15.89 seconds.
Population decoded for generation 28. Starting evaluation.
Caching surrogate evaluations for generation 28.
Cached demands for 1024 embedding graphs in 0.80 seconds.
Latency prediction took 1.63 seconds for generation 28.
Evaluating population using surrogate for generation 28.
Finished generation 28 in 1.5270127380499616 seconds.
Writing Pareto Fronts for generation 28.
Qualified Individuals: 0/1
Qualified individuals less than 1. Continuing evolution.
Generation 29 started. Performing genetic operations.
Offspring generated for generation 29. Evaluating offspring.
Decoding population for generation 29.
Decoded 20 individuals in 16.43 seconds.
Population decoded for generation 29. Starting evaluation.
Caching surrogate evaluations for generation 29.
Cached demands for 1020 embedding graphs in 0.81 seconds.
Latency prediction took 1.59 seconds for generation 29.
Evaluating population using surrogate for generation 29.
Finished generation 29 in 1.567189659923315 seconds.
Writing Pareto Fronts for generation 29.
Qualified Individuals: 0/1
Qualified individuals less than 1. Continuing evolution.
Generation 30 started. Performing genetic operations.
Offspring generated for generation 30. Evaluating offspring.
Decoding population for generation 30.
Decoded 20 individuals in 16.27 seconds.
Population decoded for generation 30. Starting evaluation.
Caching surrogate evaluations for generation 30.
Cached demands for 1032 embedding graphs in 0.80 seconds.
Latency prediction took 1.64 seconds for generation 30.
Evaluating population using surrogate for generation 30.
Finished generation 30 in 1.451704013044946 seconds.
Writing Pareto Fronts for generation 30.
Qualified Individuals: 0/1
Qualified individuals less than 1. Continuing evolution.
Generation 31 started. Performing genetic operations.
Offspring generated for generation 31. Evaluating offspring.
Decoding population for generation 31.
Decoded 20 individuals in 16.38 seconds.
Population decoded for generation 31. Starting evaluation.
Caching surrogate evaluations for generation 31.
Cached demands for 1016 embedding graphs in 0.79 seconds.
Latency prediction took 1.63 seconds for generation 31.
Evaluating population using surrogate for generation 31.
Finished generation 31 in 1.4735430909786373 seconds.
Writing Pareto Fronts for generation 31.
Qualified Individuals: 0/1
Qualified individuals less than 1. Continuing evolution.
Generation 32 started. Performing genetic operations.
Offspring generated for generation 32. Evaluating offspring.
Decoding population for generation 32.
Decoded 20 individuals in 15.64 seconds.
Population decoded for generation 32. Starting evaluation.
Caching surrogate evaluations for generation 32.
Cached demands for 1025 embedding graphs in 1.10 seconds.
Latency prediction took 1.63 seconds for generation 32.
Evaluating population using surrogate for generation 32.
Finished generation 32 in 1.4602530620759353 seconds.
Writing Pareto Fronts for generation 32.
Qualified Individuals: 0/1
Qualified individuals less than 1. Continuing evolution.
Generation 33 started. Performing genetic operations.
Offspring generated for generation 33. Evaluating offspring.
Decoding population for generation 33.
Decoded 20 individuals in 16.28 seconds.
Population decoded for generation 33. Starting evaluation.
Caching surrogate evaluations for generation 33.
Cached demands for 1049 embedding graphs in 0.83 seconds.
Latency prediction took 1.71 seconds for generation 33.
Evaluating population using surrogate for generation 33.
Finished generation 33 in 1.5297486979980022 seconds.
Writing Pareto Fronts for generation 33.
Qualified Individuals: 0/1
Qualified individuals less than 1. Continuing evolution.
Generation 34 started. Performing genetic operations.
Offspring generated for generation 34. Evaluating offspring.
Decoding population for generation 34.
Decoded 20 individuals in 15.89 seconds.
Population decoded for generation 34. Starting evaluation.
Caching surrogate evaluations for generation 34.
Cached demands for 1029 embedding graphs in 0.83 seconds.
Latency prediction took 1.70 seconds for generation 34.
Evaluating population using surrogate for generation 34.
Finished generation 34 in 1.472293435013853 seconds.
Writing Pareto Fronts for generation 34.
Qualified Individuals: 0/1
Qualified individuals less than 1. Continuing evolution.
Generation 35 started. Performing genetic operations.
Offspring generated for generation 35. Evaluating offspring.
Decoding population for generation 35.
Decoded 20 individuals in 15.09 seconds.
Population decoded for generation 35. Starting evaluation.
Caching surrogate evaluations for generation 35.
Cached demands for 1025 embedding graphs in 1.09 seconds.
Latency prediction took 1.59 seconds for generation 35.
Evaluating population using surrogate for generation 35.
Finished generation 35 in 1.5812117700697854 seconds.
Writing Pareto Fronts for generation 35.
Qualified Individuals: 0/1
Qualified individuals less than 1. Continuing evolution.
Generation 36 started. Performing genetic operations.
Offspring generated for generation 36. Evaluating offspring.
Decoding population for generation 36.
Decoded 20 individuals in 16.11 seconds.
Population decoded for generation 36. Starting evaluation.
Caching surrogate evaluations for generation 36.
Cached demands for 1032 embedding graphs in 0.82 seconds.
Latency prediction took 1.64 seconds for generation 36.
Evaluating population using surrogate for generation 36.
Finished generation 36 in 1.520728921983391 seconds.
Writing Pareto Fronts for generation 36.
Qualified Individuals: 0/1
Qualified individuals less than 1. Continuing evolution.
Generation 37 started. Performing genetic operations.
Offspring generated for generation 37. Evaluating offspring.
Decoding population for generation 37.
Decoded 20 individuals in 15.21 seconds.
Population decoded for generation 37. Starting evaluation.
Caching surrogate evaluations for generation 37.
Cached demands for 1021 embedding graphs in 0.82 seconds.
Latency prediction took 1.68 seconds for generation 37.
Evaluating population using surrogate for generation 37.
Finished generation 37 in 1.6528529160423204 seconds.
Writing Pareto Fronts for generation 37.
Qualified Individuals: 0/1
Qualified individuals less than 1. Continuing evolution.
Generation 38 started. Performing genetic operations.
Offspring generated for generation 38. Evaluating offspring.
Decoding population for generation 38.
Decoded 20 individuals in 15.14 seconds.
Population decoded for generation 38. Starting evaluation.
Caching surrogate evaluations for generation 38.
Cached demands for 1012 embedding graphs in 0.81 seconds.
Latency prediction took 1.63 seconds for generation 38.
Evaluating population using surrogate for generation 38.
Finished generation 38 in 1.548377845901996 seconds.
Writing Pareto Fronts for generation 38.
Qualified Individuals: 0/1
Qualified individuals less than 1. Continuing evolution.
Generation 39 started. Performing genetic operations.
Offspring generated for generation 39. Evaluating offspring.
Decoding population for generation 39.
Decoded 20 individuals in 15.16 seconds.
Population decoded for generation 39. Starting evaluation.
Caching surrogate evaluations for generation 39.
Cached demands for 1019 embedding graphs in 0.82 seconds.
Latency prediction took 1.71 seconds for generation 39.
Evaluating population using surrogate for generation 39.
Finished generation 39 in 1.5124861469957978 seconds.
Writing Pareto Fronts for generation 39.
Qualified Individuals: 0/1
Qualified individuals less than 1. Continuing evolution.
Generation 40 started. Performing genetic operations.
Offspring generated for generation 40. Evaluating offspring.
Decoding population for generation 40.
Decoded 20 individuals in 16.32 seconds.
Population decoded for generation 40. Starting evaluation.
Caching surrogate evaluations for generation 40.
Cached demands for 1035 embedding graphs in 0.81 seconds.
Latency prediction took 1.66 seconds for generation 40.
Evaluating population using surrogate for generation 40.
Finished generation 40 in 1.4990724900271744 seconds.
Writing Pareto Fronts for generation 40.
Qualified Individuals: 0/1
Qualified individuals less than 1. Continuing evolution.
Generation 41 started. Performing genetic operations.
Offspring generated for generation 41. Evaluating offspring.
Decoding population for generation 41.
Decoded 20 individuals in 16.43 seconds.
Population decoded for generation 41. Starting evaluation.
Caching surrogate evaluations for generation 41.
Cached demands for 1000 embedding graphs in 0.80 seconds.
Latency prediction took 1.62 seconds for generation 41.
Evaluating population using surrogate for generation 41.
Finished generation 41 in 1.511368420906365 seconds.
Writing Pareto Fronts for generation 41.
Qualified Individuals: 0/1
Qualified individuals less than 1. Continuing evolution.
Generation 42 started. Performing genetic operations.
Offspring generated for generation 42. Evaluating offspring.
Decoding population for generation 42.
Decoded 20 individuals in 15.44 seconds.
Population decoded for generation 42. Starting evaluation.
Caching surrogate evaluations for generation 42.
Cached demands for 998 embedding graphs in 0.80 seconds.
Latency prediction took 1.64 seconds for generation 42.
Evaluating population using surrogate for generation 42.
Finished generation 42 in 1.56677888892591 seconds.
Writing Pareto Fronts for generation 42.
Qualified Individuals: 1/1
Finished the evolution of weights using surrogate at generation 42.
Number of qualified individuals: 1
Time taken: 839.10s
Generating predefined weights.
Running the hybrid online-offline solver for experiment: 15_0.23_False_5_0.5_1_dc_noOfNeurons_6_3
Initial population of 20 individuals created. Starting evolution.
Decoding population for generation 1.
Decoded 20 individuals in 16.48 seconds.
Population decoded for generation 1. Starting evaluation.
Caching surrogate evaluations for generation 1.
Cached demands for 1014 embedding graphs in 0.82 seconds.
Latency prediction took 1.66 seconds for generation 1.
Evaluating population using surrogate for generation 1.
Finished generation 1 in 1.5257061100564897 seconds.
Writing Pareto Fronts for generation 1.
Qualified Individuals: 1/1
Finished the evolution of weights using surrogate at generation 1.
Number of qualified individuals: 1
Time taken: 20.50s
Generating predefined weights.
Running the hybrid online-offline solver for experiment: 15_0.23_False_5_0.5_1_dc_noOfNeurons_6_4
Initial population of 20 individuals created. Starting evolution.
Decoding population for generation 1.
Decoded 20 individuals in 15.76 seconds.
Population decoded for generation 1. Starting evaluation.
Caching surrogate evaluations for generation 1.
Cached demands for 1028 embedding graphs in 0.82 seconds.
Latency prediction took 1.66 seconds for generation 1.
Evaluating population using surrogate for generation 1.
Finished generation 1 in 1.4455800309078768 seconds.
Writing Pareto Fronts for generation 1.
Qualified Individuals: 0/1
Qualified individuals less than 1. Continuing evolution.
Generation 2 started. Performing genetic operations.
Offspring generated for generation 2. Evaluating offspring.
Decoding population for generation 2.
Decoded 20 individuals in 15.60 seconds.
Population decoded for generation 2. Starting evaluation.
Caching surrogate evaluations for generation 2.
Cached demands for 1016 embedding graphs in 0.81 seconds.
Latency prediction took 1.69 seconds for generation 2.
Evaluating population using surrogate for generation 2.
Finished generation 2 in 1.5422465840820223 seconds.
Writing Pareto Fronts for generation 2.
Qualified Individuals: 0/1
Qualified individuals less than 1. Continuing evolution.
Generation 3 started. Performing genetic operations.
Offspring generated for generation 3. Evaluating offspring.
Decoding population for generation 3.
Decoded 20 individuals in 15.86 seconds.
Population decoded for generation 3. Starting evaluation.
Caching surrogate evaluations for generation 3.
Cached demands for 1002 embedding graphs in 0.81 seconds.
Latency prediction took 1.62 seconds for generation 3.
Evaluating population using surrogate for generation 3.
Finished generation 3 in 1.576698045944795 seconds.
Writing Pareto Fronts for generation 3.
Qualified Individuals: 0/1
Qualified individuals less than 1. Continuing evolution.
Generation 4 started. Performing genetic operations.
Offspring generated for generation 4. Evaluating offspring.
Decoding population for generation 4.
Decoded 20 individuals in 16.22 seconds.
Population decoded for generation 4. Starting evaluation.
Caching surrogate evaluations for generation 4.
Cached demands for 1010 embedding graphs in 0.83 seconds.
Latency prediction took 1.68 seconds for generation 4.
Evaluating population using surrogate for generation 4.
Finished generation 4 in 1.6317768100416288 seconds.
Writing Pareto Fronts for generation 4.
Qualified Individuals: 0/1
Qualified individuals less than 1. Continuing evolution.
Generation 5 started. Performing genetic operations.
Offspring generated for generation 5. Evaluating offspring.
Decoding population for generation 5.
Decoded 20 individuals in 15.88 seconds.
Population decoded for generation 5. Starting evaluation.
Caching surrogate evaluations for generation 5.
Cached demands for 1032 embedding graphs in 1.11 seconds.
Latency prediction took 1.61 seconds for generation 5.
Evaluating population using surrogate for generation 5.
Finished generation 5 in 1.4566967010032386 seconds.
Writing Pareto Fronts for generation 5.
Qualified Individuals: 0/1
Qualified individuals less than 1. Continuing evolution.
Generation 6 started. Performing genetic operations.
Offspring generated for generation 6. Evaluating offspring.
Decoding population for generation 6.
Decoded 20 individuals in 15.63 seconds.
Population decoded for generation 6. Starting evaluation.
Caching surrogate evaluations for generation 6.
Cached demands for 1016 embedding graphs in 0.82 seconds.
Latency prediction took 1.65 seconds for generation 6.
Evaluating population using surrogate for generation 6.
Finished generation 6 in 1.5309103740146384 seconds.
Writing Pareto Fronts for generation 6.
Qualified Individuals: 0/1
Qualified individuals less than 1. Continuing evolution.
Generation 7 started. Performing genetic operations.
Offspring generated for generation 7. Evaluating offspring.
Decoding population for generation 7.
Decoded 20 individuals in 16.83 seconds.
Population decoded for generation 7. Starting evaluation.
Caching surrogate evaluations for generation 7.
Cached demands for 1014 embedding graphs in 0.80 seconds.
Latency prediction took 1.59 seconds for generation 7.
Evaluating population using surrogate for generation 7.
Finished generation 7 in 1.4911912670359015 seconds.
Writing Pareto Fronts for generation 7.
Qualified Individuals: 0/1
Qualified individuals less than 1. Continuing evolution.
Generation 8 started. Performing genetic operations.
Offspring generated for generation 8. Evaluating offspring.
Decoding population for generation 8.
Decoded 20 individuals in 16.14 seconds.
Population decoded for generation 8. Starting evaluation.
Caching surrogate evaluations for generation 8.
Cached demands for 1057 embedding graphs in 1.08 seconds.
Latency prediction took 1.61 seconds for generation 8.
Evaluating population using surrogate for generation 8.
Finished generation 8 in 1.4823903889628127 seconds.
Writing Pareto Fronts for generation 8.
Qualified Individuals: 0/1
Qualified individuals less than 1. Continuing evolution.
Generation 9 started. Performing genetic operations.
Offspring generated for generation 9. Evaluating offspring.
Decoding population for generation 9.
Decoded 20 individuals in 15.81 seconds.
Population decoded for generation 9. Starting evaluation.
Caching surrogate evaluations for generation 9.
Cached demands for 1021 embedding graphs in 0.82 seconds.
Latency prediction took 1.63 seconds for generation 9.
Evaluating population using surrogate for generation 9.
Finished generation 9 in 1.562617316027172 seconds.
Writing Pareto Fronts for generation 9.
Qualified Individuals: 0/1
Qualified individuals less than 1. Continuing evolution.
Generation 10 started. Performing genetic operations.
Offspring generated for generation 10. Evaluating offspring.
Decoding population for generation 10.
Decoded 20 individuals in 15.77 seconds.
Population decoded for generation 10. Starting evaluation.
Caching surrogate evaluations for generation 10.
Cached demands for 1026 embedding graphs in 0.83 seconds.
Latency prediction took 1.71 seconds for generation 10.
Evaluating population using surrogate for generation 10.
Finished generation 10 in 1.49898709601257 seconds.
Writing Pareto Fronts for generation 10.
Qualified Individuals: 0/1
Qualified individuals less than 1. Continuing evolution.
Generation 11 started. Performing genetic operations.
Offspring generated for generation 11. Evaluating offspring.
Decoding population for generation 11.
Decoded 20 individuals in 17.16 seconds.
Population decoded for generation 11. Starting evaluation.
Caching surrogate evaluations for generation 11.
Cached demands for 1049 embedding graphs in 0.79 seconds.
Latency prediction took 1.59 seconds for generation 11.
Evaluating population using surrogate for generation 11.
Finished generation 11 in 1.4435802039224654 seconds.
Writing Pareto Fronts for generation 11.
Qualified Individuals: 2/1
Finished the evolution of weights using surrogate at generation 11.
Number of qualified individuals: 2
Time taken: 221.18s
Generating predefined weights.
Running the hybrid online-offline solver for experiment: 15_0.23_False_5_0.5_1_dc_noOfNeurons_6_5
Initial population of 20 individuals created. Starting evolution.
Decoding population for generation 1.
Decoded 20 individuals in 16.53 seconds.
Population decoded for generation 1. Starting evaluation.
Caching surrogate evaluations for generation 1.
Cached demands for 1027 embedding graphs in 0.81 seconds.
Latency prediction took 1.67 seconds for generation 1.
Evaluating population using surrogate for generation 1.
Finished generation 1 in 1.508896313025616 seconds.
Writing Pareto Fronts for generation 1.
Qualified Individuals: 1/1
Finished the evolution of weights using surrogate at generation 1.
Number of qualified individuals: 1
Time taken: 20.52s
Generating predefined weights.
Running the hybrid online-offline solver for experiment: 15_0.23_False_5_0.5_1_dc_noOfNeurons_6_6
Initial population of 20 individuals created. Starting evolution.
Decoding population for generation 1.
Decoded 20 individuals in 15.09 seconds.
Population decoded for generation 1. Starting evaluation.
Caching surrogate evaluations for generation 1.
Cached demands for 1016 embedding graphs in 1.07 seconds.
Latency prediction took 1.71 seconds for generation 1.
Evaluating population using surrogate for generation 1.
Finished generation 1 in 1.4469684029463679 seconds.
Writing Pareto Fronts for generation 1.
Qualified Individuals: 0/1
Qualified individuals less than 1. Continuing evolution.
Generation 2 started. Performing genetic operations.
Offspring generated for generation 2. Evaluating offspring.
Decoding population for generation 2.
Decoded 20 individuals in 15.14 seconds.
Population decoded for generation 2. Starting evaluation.
Caching surrogate evaluations for generation 2.
Cached demands for 1037 embedding graphs in 0.82 seconds.
Latency prediction took 1.59 seconds for generation 2.
Evaluating population using surrogate for generation 2.
Finished generation 2 in 1.5778007759945467 seconds.
Writing Pareto Fronts for generation 2.
Qualified Individuals: 1/1
Finished the evolution of weights using surrogate at generation 2.
Number of qualified individuals: 1
Time taken: 38.49s
Generating predefined weights.
Running the hybrid online-offline solver for experiment: 15_0.23_False_5_0.5_1_dc_noOfNeurons_6_7
Initial population of 20 individuals created. Starting evolution.
Decoding population for generation 1.
Decoded 20 individuals in 15.58 seconds.
Population decoded for generation 1. Starting evaluation.
Caching surrogate evaluations for generation 1.
Cached demands for 1018 embedding graphs in 0.83 seconds.
Latency prediction took 1.62 seconds for generation 1.
Evaluating population using surrogate for generation 1.
Finished generation 1 in 1.5913175189634785 seconds.
Writing Pareto Fronts for generation 1.
Qualified Individuals: 0/1
Qualified individuals less than 1. Continuing evolution.
Generation 2 started. Performing genetic operations.
Offspring generated for generation 2. Evaluating offspring.
Decoding population for generation 2.
Decoded 20 individuals in 15.51 seconds.
Population decoded for generation 2. Starting evaluation.
Caching surrogate evaluations for generation 2.
Cached demands for 1041 embedding graphs in 0.82 seconds.
Latency prediction took 1.62 seconds for generation 2.
Evaluating population using surrogate for generation 2.
Finished generation 2 in 1.4812417419161648 seconds.
Writing Pareto Fronts for generation 2.
Qualified Individuals: 1/1
Finished the evolution of weights using surrogate at generation 2.
Number of qualified individuals: 1
Time taken: 39.07s
Generating predefined weights.
Running the hybrid online-offline solver for experiment: 15_0.23_False_5_0.5_1_dc_noOfNeurons_6_8
Initial population of 20 individuals created. Starting evolution.
Decoding population for generation 1.
Decoded 20 individuals in 16.09 seconds.
Population decoded for generation 1. Starting evaluation.
Caching surrogate evaluations for generation 1.
Cached demands for 1034 embedding graphs in 0.83 seconds.
Latency prediction took 1.64 seconds for generation 1.
Evaluating population using surrogate for generation 1.
Finished generation 1 in 1.559201666037552 seconds.
Writing Pareto Fronts for generation 1.
Qualified Individuals: 0/1
Qualified individuals less than 1. Continuing evolution.
Generation 2 started. Performing genetic operations.
Offspring generated for generation 2. Evaluating offspring.
Decoding population for generation 2.
Decoded 20 individuals in 15.07 seconds.
Population decoded for generation 2. Starting evaluation.
Caching surrogate evaluations for generation 2.
Cached demands for 1042 embedding graphs in 0.85 seconds.
Latency prediction took 1.62 seconds for generation 2.
Evaluating population using surrogate for generation 2.
Finished generation 2 in 1.4595252339495346 seconds.
Writing Pareto Fronts for generation 2.
Qualified Individuals: 0/1
Qualified individuals less than 1. Continuing evolution.
Generation 3 started. Performing genetic operations.
Offspring generated for generation 3. Evaluating offspring.
Decoding population for generation 3.
Decoded 20 individuals in 16.59 seconds.
Population decoded for generation 3. Starting evaluation.
Caching surrogate evaluations for generation 3.
Cached demands for 991 embedding graphs in 0.81 seconds.
Latency prediction took 1.65 seconds for generation 3.
Evaluating population using surrogate for generation 3.
Finished generation 3 in 1.4887449730886146 seconds.
Writing Pareto Fronts for generation 3.
Qualified Individuals: 0/1
Qualified individuals less than 1. Continuing evolution.
Generation 4 started. Performing genetic operations.
Offspring generated for generation 4. Evaluating offspring.
Decoding population for generation 4.
Decoded 20 individuals in 15.67 seconds.
Population decoded for generation 4. Starting evaluation.
Caching surrogate evaluations for generation 4.
Cached demands for 1033 embedding graphs in 0.83 seconds.
Latency prediction took 1.63 seconds for generation 4.
Evaluating population using surrogate for generation 4.
Finished generation 4 in 1.5266752670286223 seconds.
Writing Pareto Fronts for generation 4.
Qualified Individuals: 0/1
Qualified individuals less than 1. Continuing evolution.
Generation 5 started. Performing genetic operations.
Offspring generated for generation 5. Evaluating offspring.
Decoding population for generation 5.
Decoded 20 individuals in 16.28 seconds.
Population decoded for generation 5. Starting evaluation.
Caching surrogate evaluations for generation 5.
Cached demands for 1025 embedding graphs in 1.07 seconds.
Latency prediction took 1.63 seconds for generation 5.
Evaluating population using surrogate for generation 5.
Finished generation 5 in 1.4984801320824772 seconds.
Writing Pareto Fronts for generation 5.
Qualified Individuals: 0/1
Qualified individuals less than 1. Continuing evolution.
Generation 6 started. Performing genetic operations.
Offspring generated for generation 6. Evaluating offspring.
Decoding population for generation 6.
Decoded 20 individuals in 15.05 seconds.
Population decoded for generation 6. Starting evaluation.
Caching surrogate evaluations for generation 6.
Cached demands for 1011 embedding graphs in 0.81 seconds.
Latency prediction took 1.86 seconds for generation 6.
Evaluating population using surrogate for generation 6.
Finished generation 6 in 1.4734861199976876 seconds.
Writing Pareto Fronts for generation 6.
Qualified Individuals: 0/1
Qualified individuals less than 1. Continuing evolution.
Generation 7 started. Performing genetic operations.
Offspring generated for generation 7. Evaluating offspring.
Decoding population for generation 7.
Decoded 20 individuals in 15.91 seconds.
Population decoded for generation 7. Starting evaluation.
Caching surrogate evaluations for generation 7.
Cached demands for 1049 embedding graphs in 0.79 seconds.
Latency prediction took 1.63 seconds for generation 7.
Evaluating population using surrogate for generation 7.
Finished generation 7 in 1.451393767958507 seconds.
Writing Pareto Fronts for generation 7.
Qualified Individuals: 0/1
Qualified individuals less than 1. Continuing evolution.
Generation 8 started. Performing genetic operations.
Offspring generated for generation 8. Evaluating offspring.
Decoding population for generation 8.
Decoded 20 individuals in 16.58 seconds.
Population decoded for generation 8. Starting evaluation.
Caching surrogate evaluations for generation 8.
Cached demands for 1016 embedding graphs in 0.81 seconds.
Latency prediction took 1.57 seconds for generation 8.
Evaluating population using surrogate for generation 8.
Finished generation 8 in 1.4666419429704547 seconds.
Writing Pareto Fronts for generation 8.
Qualified Individuals: 0/1
Qualified individuals less than 1. Continuing evolution.
Generation 9 started. Performing genetic operations.
Offspring generated for generation 9. Evaluating offspring.
Decoding population for generation 9.
Decoded 20 individuals in 16.58 seconds.
Population decoded for generation 9. Starting evaluation.
Caching surrogate evaluations for generation 9.
Cached demands for 1028 embedding graphs in 0.83 seconds.
Latency prediction took 1.66 seconds for generation 9.
Evaluating population using surrogate for generation 9.
Finished generation 9 in 1.5604363860329613 seconds.
Writing Pareto Fronts for generation 9.
Qualified Individuals: 0/1
Qualified individuals less than 1. Continuing evolution.
Generation 10 started. Performing genetic operations.
Offspring generated for generation 10. Evaluating offspring.
Decoding population for generation 10.
Decoded 20 individuals in 15.24 seconds.
Population decoded for generation 10. Starting evaluation.
Caching surrogate evaluations for generation 10.
Cached demands for 1016 embedding graphs in 1.09 seconds.
Latency prediction took 1.63 seconds for generation 10.
Evaluating population using surrogate for generation 10.
Finished generation 10 in 1.4296679409453645 seconds.
Writing Pareto Fronts for generation 10.
Qualified Individuals: 0/1
Qualified individuals less than 1. Continuing evolution.
Generation 11 started. Performing genetic operations.
Offspring generated for generation 11. Evaluating offspring.
Decoding population for generation 11.
Decoded 20 individuals in 15.97 seconds.
Population decoded for generation 11. Starting evaluation.
Caching surrogate evaluations for generation 11.
Cached demands for 1052 embedding graphs in 0.81 seconds.
Latency prediction took 1.66 seconds for generation 11.
Evaluating population using surrogate for generation 11.
Finished generation 11 in 1.5167887549614534 seconds.
Writing Pareto Fronts for generation 11.
Qualified Individuals: 0/1
Qualified individuals less than 1. Continuing evolution.
Generation 12 started. Performing genetic operations.
Offspring generated for generation 12. Evaluating offspring.
Decoding population for generation 12.
Decoded 20 individuals in 16.23 seconds.
Population decoded for generation 12. Starting evaluation.
Caching surrogate evaluations for generation 12.
Cached demands for 1026 embedding graphs in 0.79 seconds.
Latency prediction took 1.63 seconds for generation 12.
Evaluating population using surrogate for generation 12.
Finished generation 12 in 1.558971779071726 seconds.
Writing Pareto Fronts for generation 12.
Qualified Individuals: 0/1
Qualified individuals less than 1. Continuing evolution.
Generation 13 started. Performing genetic operations.
Offspring generated for generation 13. Evaluating offspring.
Decoding population for generation 13.
Decoded 20 individuals in 17.23 seconds.
Population decoded for generation 13. Starting evaluation.
Caching surrogate evaluations for generation 13.
Cached demands for 1032 embedding graphs in 1.11 seconds.
Latency prediction took 1.68 seconds for generation 13.
Evaluating population using surrogate for generation 13.
Finished generation 13 in 1.4473092829575762 seconds.
Writing Pareto Fronts for generation 13.
Qualified Individuals: 0/1
Qualified individuals less than 1. Continuing evolution.
Generation 14 started. Performing genetic operations.
Offspring generated for generation 14. Evaluating offspring.
Decoding population for generation 14.
Decoded 20 individuals in 15.89 seconds.
Population decoded for generation 14. Starting evaluation.
Caching surrogate evaluations for generation 14.
Cached demands for 1015 embedding graphs in 0.81 seconds.
Latency prediction took 1.70 seconds for generation 14.
Evaluating population using surrogate for generation 14.
Finished generation 14 in 1.5526814020704478 seconds.
Writing Pareto Fronts for generation 14.
Qualified Individuals: 0/1
Qualified individuals less than 1. Continuing evolution.
Generation 15 started. Performing genetic operations.
Offspring generated for generation 15. Evaluating offspring.
Decoding population for generation 15.
Decoded 20 individuals in 17.22 seconds.
Population decoded for generation 15. Starting evaluation.
Caching surrogate evaluations for generation 15.
Cached demands for 1050 embedding graphs in 0.81 seconds.
Latency prediction took 1.65 seconds for generation 15.
Evaluating population using surrogate for generation 15.
Finished generation 15 in 1.5608258019201458 seconds.
Writing Pareto Fronts for generation 15.
Qualified Individuals: 0/1
Qualified individuals less than 1. Continuing evolution.
Generation 16 started. Performing genetic operations.
Offspring generated for generation 16. Evaluating offspring.
Decoding population for generation 16.
Decoded 20 individuals in 17.00 seconds.
Population decoded for generation 16. Starting evaluation.
Caching surrogate evaluations for generation 16.
Cached demands for 989 embedding graphs in 0.80 seconds.
Latency prediction took 1.68 seconds for generation 16.
Evaluating population using surrogate for generation 16.
Finished generation 16 in 1.5221635199850425 seconds.
Writing Pareto Fronts for generation 16.
Qualified Individuals: 0/1
Qualified individuals less than 1. Continuing evolution.
Generation 17 started. Performing genetic operations.
Offspring generated for generation 17. Evaluating offspring.
Decoding population for generation 17.
Decoded 20 individuals in 15.55 seconds.
Population decoded for generation 17. Starting evaluation.
Caching surrogate evaluations for generation 17.
Cached demands for 1024 embedding graphs in 0.83 seconds.
Latency prediction took 1.69 seconds for generation 17.
Evaluating population using surrogate for generation 17.
Finished generation 17 in 1.529575312975794 seconds.
Writing Pareto Fronts for generation 17.
Qualified Individuals: 0/1
Qualified individuals less than 1. Continuing evolution.
Generation 18 started. Performing genetic operations.
Offspring generated for generation 18. Evaluating offspring.
Decoding population for generation 18.
Decoded 20 individuals in 16.38 seconds.
Population decoded for generation 18. Starting evaluation.
Caching surrogate evaluations for generation 18.
Cached demands for 1020 embedding graphs in 1.11 seconds.
Latency prediction took 1.65 seconds for generation 18.
Evaluating population using surrogate for generation 18.
Finished generation 18 in 1.607254603994079 seconds.
Writing Pareto Fronts for generation 18.
Qualified Individuals: 0/1
Qualified individuals less than 1. Continuing evolution.
Generation 19 started. Performing genetic operations.
Offspring generated for generation 19. Evaluating offspring.
Decoding population for generation 19.
Decoded 20 individuals in 16.08 seconds.
Population decoded for generation 19. Starting evaluation.
Caching surrogate evaluations for generation 19.
Cached demands for 1033 embedding graphs in 0.83 seconds.
Latency prediction took 1.74 seconds for generation 19.
Evaluating population using surrogate for generation 19.
Finished generation 19 in 1.5372919900109991 seconds.
Writing Pareto Fronts for generation 19.
Qualified Individuals: 0/1
Qualified individuals less than 1. Continuing evolution.
Generation 20 started. Performing genetic operations.
Offspring generated for generation 20. Evaluating offspring.
Decoding population for generation 20.
Decoded 20 individuals in 16.27 seconds.
Population decoded for generation 20. Starting evaluation.
Caching surrogate evaluations for generation 20.
Cached demands for 1026 embedding graphs in 0.80 seconds.
Latency prediction took 1.57 seconds for generation 20.
Evaluating population using surrogate for generation 20.
Finished generation 20 in 1.4767520100576803 seconds.
Writing Pareto Fronts for generation 20.
Qualified Individuals: 0/1
Qualified individuals less than 1. Continuing evolution.
Generation 21 started. Performing genetic operations.
Offspring generated for generation 21. Evaluating offspring.
Decoding population for generation 21.
Decoded 20 individuals in 16.04 seconds.
Population decoded for generation 21. Starting evaluation.
Caching surrogate evaluations for generation 21.
Cached demands for 1005 embedding graphs in 1.05 seconds.
Latency prediction took 1.65 seconds for generation 21.
Evaluating population using surrogate for generation 21.
Finished generation 21 in 1.447291743941605 seconds.
Writing Pareto Fronts for generation 21.
Qualified Individuals: 0/1
Qualified individuals less than 1. Continuing evolution.
Generation 22 started. Performing genetic operations.
Offspring generated for generation 22. Evaluating offspring.
Decoding population for generation 22.
Decoded 20 individuals in 16.32 seconds.
Population decoded for generation 22. Starting evaluation.
Caching surrogate evaluations for generation 22.
Cached demands for 1012 embedding graphs in 0.83 seconds.
Latency prediction took 1.62 seconds for generation 22.
Evaluating population using surrogate for generation 22.
Finished generation 22 in 1.45334748190362 seconds.
Writing Pareto Fronts for generation 22.
Qualified Individuals: 0/1
Qualified individuals less than 1. Continuing evolution.
Generation 23 started. Performing genetic operations.
Offspring generated for generation 23. Evaluating offspring.
Decoding population for generation 23.
Decoded 20 individuals in 16.63 seconds.
Population decoded for generation 23. Starting evaluation.
Caching surrogate evaluations for generation 23.
Cached demands for 1032 embedding graphs in 0.81 seconds.
Latency prediction took 1.70 seconds for generation 23.
Evaluating population using surrogate for generation 23.
Finished generation 23 in 1.469761837972328 seconds.
Writing Pareto Fronts for generation 23.
Qualified Individuals: 0/1
Qualified individuals less than 1. Continuing evolution.
Generation 24 started. Performing genetic operations.
Offspring generated for generation 24. Evaluating offspring.
Decoding population for generation 24.
Decoded 20 individuals in 15.57 seconds.
Population decoded for generation 24. Starting evaluation.
Caching surrogate evaluations for generation 24.
Cached demands for 1006 embedding graphs in 0.83 seconds.
Latency prediction took 1.62 seconds for generation 24.
Evaluating population using surrogate for generation 24.
Finished generation 24 in 1.4755743599962443 seconds.
Writing Pareto Fronts for generation 24.
Qualified Individuals: 0/1
Qualified individuals less than 1. Continuing evolution.
Generation 25 started. Performing genetic operations.
Offspring generated for generation 25. Evaluating offspring.
Decoding population for generation 25.
Decoded 20 individuals in 15.47 seconds.
Population decoded for generation 25. Starting evaluation.
Caching surrogate evaluations for generation 25.
Cached demands for 1017 embedding graphs in 0.80 seconds.
Latency prediction took 1.60 seconds for generation 25.
Evaluating population using surrogate for generation 25.
Finished generation 25 in 1.5026264030020684 seconds.
Writing Pareto Fronts for generation 25.
Qualified Individuals: 0/1
Qualified individuals less than 1. Continuing evolution.
Generation 26 started. Performing genetic operations.
Offspring generated for generation 26. Evaluating offspring.
Decoding population for generation 26.
Decoded 20 individuals in 16.81 seconds.
Population decoded for generation 26. Starting evaluation.
Caching surrogate evaluations for generation 26.
Cached demands for 1046 embedding graphs in 0.83 seconds.
Latency prediction took 1.66 seconds for generation 26.
Evaluating population using surrogate for generation 26.
Finished generation 26 in 1.5111489120172337 seconds.
Writing Pareto Fronts for generation 26.
Qualified Individuals: 0/1
Qualified individuals less than 1. Continuing evolution.
Generation 27 started. Performing genetic operations.
Offspring generated for generation 27. Evaluating offspring.
Decoding population for generation 27.
Decoded 20 individuals in 16.85 seconds.
Population decoded for generation 27. Starting evaluation.
Caching surrogate evaluations for generation 27.
Cached demands for 1029 embedding graphs in 0.80 seconds.
Latency prediction took 1.63 seconds for generation 27.
Evaluating population using surrogate for generation 27.
Finished generation 27 in 1.4330845379736274 seconds.
Writing Pareto Fronts for generation 27.
Qualified Individuals: 0/1
Qualified individuals less than 1. Continuing evolution.
Generation 28 started. Performing genetic operations.
Offspring generated for generation 28. Evaluating offspring.
Decoding population for generation 28.
Decoded 20 individuals in 16.67 seconds.
Population decoded for generation 28. Starting evaluation.
Caching surrogate evaluations for generation 28.
Cached demands for 1010 embedding graphs in 0.79 seconds.
Latency prediction took 1.63 seconds for generation 28.
Evaluating population using surrogate for generation 28.
Finished generation 28 in 1.5848584310151637 seconds.
Writing Pareto Fronts for generation 28.
Qualified Individuals: 0/1
Qualified individuals less than 1. Continuing evolution.
Generation 29 started. Performing genetic operations.
Offspring generated for generation 29. Evaluating offspring.
Decoding population for generation 29.
Decoded 20 individuals in 16.09 seconds.
Population decoded for generation 29. Starting evaluation.
Caching surrogate evaluations for generation 29.
Cached demands for 1028 embedding graphs in 1.09 seconds.
Latency prediction took 1.65 seconds for generation 29.
Evaluating population using surrogate for generation 29.
Finished generation 29 in 1.5368312919745222 seconds.
Writing Pareto Fronts for generation 29.
Qualified Individuals: 0/1
Qualified individuals less than 1. Continuing evolution.
Generation 30 started. Performing genetic operations.
Offspring generated for generation 30. Evaluating offspring.
Decoding population for generation 30.
Decoded 20 individuals in 16.31 seconds.
Population decoded for generation 30. Starting evaluation.
Caching surrogate evaluations for generation 30.
Cached demands for 1014 embedding graphs in 0.80 seconds.
Latency prediction took 1.69 seconds for generation 30.
Evaluating population using surrogate for generation 30.
Finished generation 30 in 1.5237699600402266 seconds.
Writing Pareto Fronts for generation 30.
Qualified Individuals: 0/1
Qualified individuals less than 1. Continuing evolution.
Generation 31 started. Performing genetic operations.
Offspring generated for generation 31. Evaluating offspring.
Decoding population for generation 31.
Decoded 20 individuals in 15.87 seconds.
Population decoded for generation 31. Starting evaluation.
Caching surrogate evaluations for generation 31.
Cached demands for 1028 embedding graphs in 0.83 seconds.
Latency prediction took 1.66 seconds for generation 31.
Evaluating population using surrogate for generation 31.
Finished generation 31 in 1.5713990519288927 seconds.
Writing Pareto Fronts for generation 31.
Qualified Individuals: 1/1
Finished the evolution of weights using surrogate at generation 31.
Number of qualified individuals: 1
Time taken: 627.20s
Generating predefined weights.
Running the hybrid online-offline solver for experiment: 15_0.23_False_5_0.5_1_dc_noOfNeurons_6_9
Initial population of 20 individuals created. Starting evolution.
Decoding population for generation 1.
Decoded 20 individuals in 17.06 seconds.
Population decoded for generation 1. Starting evaluation.
Caching surrogate evaluations for generation 1.
Cached demands for 1048 embedding graphs in 0.86 seconds.
Latency prediction took 1.71 seconds for generation 1.
Evaluating population using surrogate for generation 1.
Finished generation 1 in 1.5354692650726065 seconds.
Writing Pareto Fronts for generation 1.
Qualified Individuals: 0/1
Qualified individuals less than 1. Continuing evolution.
Generation 2 started. Performing genetic operations.
Offspring generated for generation 2. Evaluating offspring.
Decoding population for generation 2.
Decoded 20 individuals in 15.72 seconds.
Population decoded for generation 2. Starting evaluation.
Caching surrogate evaluations for generation 2.
Cached demands for 1021 embedding graphs in 0.80 seconds.
Latency prediction took 1.65 seconds for generation 2.
Evaluating population using surrogate for generation 2.
Finished generation 2 in 1.447043866966851 seconds.
Writing Pareto Fronts for generation 2.
Qualified Individuals: 0/1
Qualified individuals less than 1. Continuing evolution.
Generation 3 started. Performing genetic operations.
Offspring generated for generation 3. Evaluating offspring.
Decoding population for generation 3.
Decoded 20 individuals in 15.23 seconds.
Population decoded for generation 3. Starting evaluation.
Caching surrogate evaluations for generation 3.
Cached demands for 1041 embedding graphs in 1.12 seconds.
Latency prediction took 1.59 seconds for generation 3.
Evaluating population using surrogate for generation 3.
Finished generation 3 in 1.5122410370968282 seconds.
Writing Pareto Fronts for generation 3.
Qualified Individuals: 1/1
Finished the evolution of weights using surrogate at generation 3.
Number of qualified individuals: 1
Time taken: 60.31s
Generating predefined weights.
Running the hybrid online-offline solver for experiment: 15_0.23_False_5_0.5_1_dc_noOfNeurons_6_10
Initial population of 20 individuals created. Starting evolution.
Decoding population for generation 1.
Decoded 20 individuals in 15.02 seconds.
Population decoded for generation 1. Starting evaluation.
Caching surrogate evaluations for generation 1.
Cached demands for 1014 embedding graphs in 0.80 seconds.
Latency prediction took 1.62 seconds for generation 1.
Evaluating population using surrogate for generation 1.
Finished generation 1 in 1.4590656720101833 seconds.
Writing Pareto Fronts for generation 1.
Qualified Individuals: 0/1
Qualified individuals less than 1. Continuing evolution.
Generation 2 started. Performing genetic operations.
Offspring generated for generation 2. Evaluating offspring.
Decoding population for generation 2.
Decoded 20 individuals in 14.50 seconds.
Population decoded for generation 2. Starting evaluation.
Caching surrogate evaluations for generation 2.
Cached demands for 1024 embedding graphs in 0.82 seconds.
Latency prediction took 1.75 seconds for generation 2.
Evaluating population using surrogate for generation 2.
Finished generation 2 in 1.630645800032653 seconds.
Writing Pareto Fronts for generation 2.
Qualified Individuals: 0/1
Qualified individuals less than 1. Continuing evolution.
Generation 3 started. Performing genetic operations.
Offspring generated for generation 3. Evaluating offspring.
Decoding population for generation 3.
Decoded 20 individuals in 15.53 seconds.
Population decoded for generation 3. Starting evaluation.
Caching surrogate evaluations for generation 3.
Cached demands for 1044 embedding graphs in 1.05 seconds.
Latency prediction took 1.62 seconds for generation 3.
Evaluating population using surrogate for generation 3.
Finished generation 3 in 1.4670637999661267 seconds.
Writing Pareto Fronts for generation 3.
Qualified Individuals: 1/1
Finished the evolution of weights using surrogate at generation 3.
Number of qualified individuals: 1
Time taken: 57.31s
Generating predefined weights.
Running the hybrid online-offline solver for experiment: 15_0.23_False_5_0.5_1_dc_noOfNeurons_6_11
Initial population of 20 individuals created. Starting evolution.
Decoding population for generation 1.
Decoded 20 individuals in 16.06 seconds.
Population decoded for generation 1. Starting evaluation.
Caching surrogate evaluations for generation 1.
Cached demands for 1038 embedding graphs in 0.82 seconds.
Latency prediction took 1.76 seconds for generation 1.
Evaluating population using surrogate for generation 1.
Finished generation 1 in 1.595612720004283 seconds.
Writing Pareto Fronts for generation 1.
Qualified Individuals: 0/1
Qualified individuals less than 1. Continuing evolution.
Generation 2 started. Performing genetic operations.
Offspring generated for generation 2. Evaluating offspring.
Decoding population for generation 2.
Decoded 20 individuals in 15.60 seconds.
Population decoded for generation 2. Starting evaluation.
Caching surrogate evaluations for generation 2.
Cached demands for 1017 embedding graphs in 0.83 seconds.
Latency prediction took 1.66 seconds for generation 2.
Evaluating population using surrogate for generation 2.
Finished generation 2 in 1.4660754210781306 seconds.
Writing Pareto Fronts for generation 2.
Qualified Individuals: 0/1
Qualified individuals less than 1. Continuing evolution.
Generation 3 started. Performing genetic operations.
Offspring generated for generation 3. Evaluating offspring.
Decoding population for generation 3.
Decoded 20 individuals in 15.67 seconds.
Population decoded for generation 3. Starting evaluation.
Caching surrogate evaluations for generation 3.
Cached demands for 1024 embedding graphs in 0.82 seconds.
Latency prediction took 1.58 seconds for generation 3.
Evaluating population using surrogate for generation 3.
Finished generation 3 in 1.478535235975869 seconds.
Writing Pareto Fronts for generation 3.
Qualified Individuals: 0/1
Qualified individuals less than 1. Continuing evolution.
Generation 4 started. Performing genetic operations.
Offspring generated for generation 4. Evaluating offspring.
Decoding population for generation 4.
Decoded 20 individuals in 16.49 seconds.
Population decoded for generation 4. Starting evaluation.
Caching surrogate evaluations for generation 4.
Cached demands for 1026 embedding graphs in 0.81 seconds.
Latency prediction took 1.60 seconds for generation 4.
Evaluating population using surrogate for generation 4.
Finished generation 4 in 1.4543047110782936 seconds.
Writing Pareto Fronts for generation 4.
Qualified Individuals: 0/1
Qualified individuals less than 1. Continuing evolution.
Generation 5 started. Performing genetic operations.
Offspring generated for generation 5. Evaluating offspring.
Decoding population for generation 5.
Decoded 20 individuals in 16.72 seconds.
Population decoded for generation 5. Starting evaluation.
Caching surrogate evaluations for generation 5.
Cached demands for 1028 embedding graphs in 0.84 seconds.
Latency prediction took 1.67 seconds for generation 5.
Evaluating population using surrogate for generation 5.
Finished generation 5 in 1.4920720719965175 seconds.
Writing Pareto Fronts for generation 5.
Qualified Individuals: 1/1
Finished the evolution of weights using surrogate at generation 5.
Number of qualified individuals: 1
Time taken: 100.50s
Generating predefined weights.
Running the hybrid online-offline solver for experiment: 15_0.23_False_5_0.5_1_dc_noOfNeurons_6_12
Initial population of 20 individuals created. Starting evolution.
Decoding population for generation 1.
Decoded 20 individuals in 16.60 seconds.
Population decoded for generation 1. Starting evaluation.
Caching surrogate evaluations for generation 1.
Cached demands for 1024 embedding graphs in 0.81 seconds.
Latency prediction took 1.66 seconds for generation 1.
Evaluating population using surrogate for generation 1.
Finished generation 1 in 1.5657895329641178 seconds.
Writing Pareto Fronts for generation 1.
Qualified Individuals: 0/1
Qualified individuals less than 1. Continuing evolution.
Generation 2 started. Performing genetic operations.
Offspring generated for generation 2. Evaluating offspring.
Decoding population for generation 2.
Decoded 20 individuals in 14.45 seconds.
Population decoded for generation 2. Starting evaluation.
Caching surrogate evaluations for generation 2.
Cached demands for 1024 embedding graphs in 0.79 seconds.
Latency prediction took 1.59 seconds for generation 2.
Evaluating population using surrogate for generation 2.
Finished generation 2 in 1.4555807820288464 seconds.
Writing Pareto Fronts for generation 2.
Qualified Individuals: 0/1
Qualified individuals less than 1. Continuing evolution.
Generation 3 started. Performing genetic operations.
Offspring generated for generation 3. Evaluating offspring.
Decoding population for generation 3.
Decoded 20 individuals in 15.21 seconds.
Population decoded for generation 3. Starting evaluation.
Caching surrogate evaluations for generation 3.
Cached demands for 1034 embedding graphs in 0.81 seconds.
Latency prediction took 1.59 seconds for generation 3.
Evaluating population using surrogate for generation 3.
Finished generation 3 in 1.428578597959131 seconds.
Writing Pareto Fronts for generation 3.
Qualified Individuals: 1/1
Finished the evolution of weights using surrogate at generation 3.
Number of qualified individuals: 1
Time taken: 58.04s
Generating predefined weights.
Running the hybrid online-offline solver for experiment: 15_0.23_False_5_0.5_1_dc_noOfNeurons_6_13
Initial population of 20 individuals created. Starting evolution.
Decoding population for generation 1.
Decoded 20 individuals in 16.43 seconds.
Population decoded for generation 1. Starting evaluation.
Caching surrogate evaluations for generation 1.
Cached demands for 1026 embedding graphs in 0.79 seconds.
Latency prediction took 1.61 seconds for generation 1.
Evaluating population using surrogate for generation 1.
Finished generation 1 in 1.448484663036652 seconds.
Writing Pareto Fronts for generation 1.
Qualified Individuals: 0/1
Qualified individuals less than 1. Continuing evolution.
Generation 2 started. Performing genetic operations.
Offspring generated for generation 2. Evaluating offspring.
Decoding population for generation 2.
Decoded 20 individuals in 14.86 seconds.
Population decoded for generation 2. Starting evaluation.
Caching surrogate evaluations for generation 2.
Cached demands for 1034 embedding graphs in 0.83 seconds.
Latency prediction took 1.66 seconds for generation 2.
Evaluating population using surrogate for generation 2.
Finished generation 2 in 1.4980275999987498 seconds.
Writing Pareto Fronts for generation 2.
Qualified Individuals: 0/1
Qualified individuals less than 1. Continuing evolution.
Generation 3 started. Performing genetic operations.
Offspring generated for generation 3. Evaluating offspring.
Decoding population for generation 3.
Decoded 20 individuals in 16.17 seconds.
Population decoded for generation 3. Starting evaluation.
Caching surrogate evaluations for generation 3.
Cached demands for 1035 embedding graphs in 0.82 seconds.
Latency prediction took 1.66 seconds for generation 3.
Evaluating population using surrogate for generation 3.
Finished generation 3 in 1.4975081430748105 seconds.
Writing Pareto Fronts for generation 3.
Qualified Individuals: 1/1
Finished the evolution of weights using surrogate at generation 3.
Number of qualified individuals: 1
Time taken: 59.35s
Generating predefined weights.
Running the hybrid online-offline solver for experiment: 15_0.23_False_5_0.5_1_dc_noOfNeurons_6_14
Initial population of 20 individuals created. Starting evolution.
Decoding population for generation 1.
Decoded 20 individuals in 15.32 seconds.
Population decoded for generation 1. Starting evaluation.
Caching surrogate evaluations for generation 1.
Cached demands for 1039 embedding graphs in 0.80 seconds.
Latency prediction took 1.68 seconds for generation 1.
Evaluating population using surrogate for generation 1.
Finished generation 1 in 1.4603062990354374 seconds.
Writing Pareto Fronts for generation 1.
Qualified Individuals: 0/1
Qualified individuals less than 1. Continuing evolution.
Generation 2 started. Performing genetic operations.
Offspring generated for generation 2. Evaluating offspring.
Decoding population for generation 2.
Decoded 20 individuals in 15.06 seconds.
Population decoded for generation 2. Starting evaluation.
Caching surrogate evaluations for generation 2.
Cached demands for 1015 embedding graphs in 1.06 seconds.
Latency prediction took 1.63 seconds for generation 2.
Evaluating population using surrogate for generation 2.
Finished generation 2 in 1.5052862029988319 seconds.
Writing Pareto Fronts for generation 2.
Qualified Individuals: 0/1
Qualified individuals less than 1. Continuing evolution.
Generation 3 started. Performing genetic operations.
Offspring generated for generation 3. Evaluating offspring.
Decoding population for generation 3.
Decoded 20 individuals in 15.76 seconds.
Population decoded for generation 3. Starting evaluation.
Caching surrogate evaluations for generation 3.
Cached demands for 1018 embedding graphs in 0.82 seconds.
Latency prediction took 1.71 seconds for generation 3.
Evaluating population using surrogate for generation 3.
Finished generation 3 in 1.449449987965636 seconds.
Writing Pareto Fronts for generation 3.
Qualified Individuals: 0/1
Qualified individuals less than 1. Continuing evolution.
Generation 4 started. Performing genetic operations.
Offspring generated for generation 4. Evaluating offspring.
Decoding population for generation 4.
Decoded 20 individuals in 15.50 seconds.
Population decoded for generation 4. Starting evaluation.
Caching surrogate evaluations for generation 4.
Cached demands for 1019 embedding graphs in 0.83 seconds.
Latency prediction took 1.64 seconds for generation 4.
Evaluating population using surrogate for generation 4.
Finished generation 4 in 1.426153691019863 seconds.
Writing Pareto Fronts for generation 4.
Qualified Individuals: 1/1
Finished the evolution of weights using surrogate at generation 4.
Number of qualified individuals: 1
Time taken: 77.74s
Generating predefined weights.
Running the hybrid online-offline solver for experiment: 15_0.23_False_5_0.5_1_dc_noOfNeurons_6_15
Initial population of 20 individuals created. Starting evolution.
Decoding population for generation 1.
Decoded 20 individuals in 17.60 seconds.
Population decoded for generation 1. Starting evaluation.
Caching surrogate evaluations for generation 1.
Cached demands for 1022 embedding graphs in 0.79 seconds.
Latency prediction took 1.65 seconds for generation 1.
Evaluating population using surrogate for generation 1.
Finished generation 1 in 1.4983953500632197 seconds.
Writing Pareto Fronts for generation 1.
Qualified Individuals: 0/1
Qualified individuals less than 1. Continuing evolution.
Generation 2 started. Performing genetic operations.
Offspring generated for generation 2. Evaluating offspring.
Decoding population for generation 2.
Decoded 20 individuals in 14.95 seconds.
Population decoded for generation 2. Starting evaluation.
Caching surrogate evaluations for generation 2.
Cached demands for 1027 embedding graphs in 0.84 seconds.
Latency prediction took 1.66 seconds for generation 2.
Evaluating population using surrogate for generation 2.
Finished generation 2 in 1.471244455082342 seconds.
Writing Pareto Fronts for generation 2.
Qualified Individuals: 1/1
Finished the evolution of weights using surrogate at generation 2.
Number of qualified individuals: 1
Time taken: 40.53s
Generating predefined weights.
Running the hybrid online-offline solver for experiment: 15_0.23_False_5_0.5_1_dc_noOfNeurons_6_16
Initial population of 20 individuals created. Starting evolution.
Decoding population for generation 1.
Decoded 20 individuals in 15.26 seconds.
Population decoded for generation 1. Starting evaluation.
Caching surrogate evaluations for generation 1.
Cached demands for 1009 embedding graphs in 1.05 seconds.
Latency prediction took 1.60 seconds for generation 1.
Evaluating population using surrogate for generation 1.
Finished generation 1 in 1.438048635958694 seconds.
Writing Pareto Fronts for generation 1.
Qualified Individuals: 0/1
Qualified individuals less than 1. Continuing evolution.
Generation 2 started. Performing genetic operations.
Offspring generated for generation 2. Evaluating offspring.
Decoding population for generation 2.
Decoded 20 individuals in 14.47 seconds.
Population decoded for generation 2. Starting evaluation.
Caching surrogate evaluations for generation 2.
Cached demands for 1021 embedding graphs in 0.79 seconds.
Latency prediction took 1.74 seconds for generation 2.
Evaluating population using surrogate for generation 2.
Finished generation 2 in 1.5201012530596927 seconds.
Writing Pareto Fronts for generation 2.
Qualified Individuals: 0/1
Qualified individuals less than 1. Continuing evolution.
Generation 3 started. Performing genetic operations.
Offspring generated for generation 3. Evaluating offspring.
Decoding population for generation 3.
Decoded 20 individuals in 16.22 seconds.
Population decoded for generation 3. Starting evaluation.
Caching surrogate evaluations for generation 3.
Cached demands for 1036 embedding graphs in 0.81 seconds.
Latency prediction took 1.63 seconds for generation 3.
Evaluating population using surrogate for generation 3.
Finished generation 3 in 1.4933935720473528 seconds.
Writing Pareto Fronts for generation 3.
Qualified Individuals: 0/1
Qualified individuals less than 1. Continuing evolution.
Generation 4 started. Performing genetic operations.
Offspring generated for generation 4. Evaluating offspring.
Decoding population for generation 4.
Decoded 20 individuals in 16.63 seconds.
Population decoded for generation 4. Starting evaluation.
Caching surrogate evaluations for generation 4.
Cached demands for 1039 embedding graphs in 0.82 seconds.
Latency prediction took 1.74 seconds for generation 4.
Evaluating population using surrogate for generation 4.
Finished generation 4 in 1.4820289140334353 seconds.
Writing Pareto Fronts for generation 4.
Qualified Individuals: 0/1
Qualified individuals less than 1. Continuing evolution.
Generation 5 started. Performing genetic operations.
Offspring generated for generation 5. Evaluating offspring.
Decoding population for generation 5.
Decoded 20 individuals in 16.16 seconds.
Population decoded for generation 5. Starting evaluation.
Caching surrogate evaluations for generation 5.
Cached demands for 999 embedding graphs in 0.80 seconds.
Latency prediction took 1.60 seconds for generation 5.
Evaluating population using surrogate for generation 5.
Finished generation 5 in 1.5415671310620382 seconds.
Writing Pareto Fronts for generation 5.
Qualified Individuals: 0/1
Qualified individuals less than 1. Continuing evolution.
Generation 6 started. Performing genetic operations.
Offspring generated for generation 6. Evaluating offspring.
Decoding population for generation 6.
Decoded 20 individuals in 16.02 seconds.
Population decoded for generation 6. Starting evaluation.
Caching surrogate evaluations for generation 6.
Cached demands for 1044 embedding graphs in 1.08 seconds.
Latency prediction took 1.71 seconds for generation 6.
Evaluating population using surrogate for generation 6.
Finished generation 6 in 1.608430746011436 seconds.
Writing Pareto Fronts for generation 6.
Qualified Individuals: 1/1
Finished the evolution of weights using surrogate at generation 6.
Number of qualified individuals: 1
Time taken: 119.36s
Generating predefined weights.
Running the hybrid online-offline solver for experiment: 15_0.23_False_5_0.5_1_dc_noOfNeurons_6_17
Initial population of 20 individuals created. Starting evolution.
Decoding population for generation 1.
Decoded 20 individuals in 16.35 seconds.
Population decoded for generation 1. Starting evaluation.
Caching surrogate evaluations for generation 1.
Cached demands for 1018 embedding graphs in 0.81 seconds.
Latency prediction took 1.63 seconds for generation 1.
Evaluating population using surrogate for generation 1.
Finished generation 1 in 1.4882938880473375 seconds.
Writing Pareto Fronts for generation 1.
Qualified Individuals: 0/1
Qualified individuals less than 1. Continuing evolution.
Generation 2 started. Performing genetic operations.
Offspring generated for generation 2. Evaluating offspring.
Decoding population for generation 2.
Decoded 20 individuals in 14.42 seconds.
Population decoded for generation 2. Starting evaluation.
Caching surrogate evaluations for generation 2.
Cached demands for 998 embedding graphs in 0.81 seconds.
Latency prediction took 1.63 seconds for generation 2.
Evaluating population using surrogate for generation 2.
Finished generation 2 in 1.5364607899682596 seconds.
Writing Pareto Fronts for generation 2.
Qualified Individuals: 0/1
Qualified individuals less than 1. Continuing evolution.
Generation 3 started. Performing genetic operations.
Offspring generated for generation 3. Evaluating offspring.
Decoding population for generation 3.
Decoded 20 individuals in 16.35 seconds.
Population decoded for generation 3. Starting evaluation.
Caching surrogate evaluations for generation 3.
Cached demands for 1013 embedding graphs in 0.81 seconds.
Latency prediction took 1.72 seconds for generation 3.
Evaluating population using surrogate for generation 3.
Finished generation 3 in 1.4704332440160215 seconds.
Writing Pareto Fronts for generation 3.
Qualified Individuals: 0/1
Qualified individuals less than 1. Continuing evolution.
Generation 4 started. Performing genetic operations.
Offspring generated for generation 4. Evaluating offspring.
Decoding population for generation 4.
Decoded 20 individuals in 15.97 seconds.
Population decoded for generation 4. Starting evaluation.
Caching surrogate evaluations for generation 4.
Cached demands for 1023 embedding graphs in 0.84 seconds.
Latency prediction took 1.67 seconds for generation 4.
Evaluating population using surrogate for generation 4.
Finished generation 4 in 1.5275835630018264 seconds.
Writing Pareto Fronts for generation 4.
Qualified Individuals: 1/1
Finished the evolution of weights using surrogate at generation 4.
Number of qualified individuals: 1
Time taken: 79.14s
Generating predefined weights.
Running the hybrid online-offline solver for experiment: 15_0.23_False_5_0.5_1_dc_noOfNeurons_6_18
Initial population of 20 individuals created. Starting evolution.
Decoding population for generation 1.
Decoded 20 individuals in 15.15 seconds.
Population decoded for generation 1. Starting evaluation.
Caching surrogate evaluations for generation 1.
Cached demands for 1022 embedding graphs in 0.82 seconds.
Latency prediction took 1.68 seconds for generation 1.
Evaluating population using surrogate for generation 1.
Finished generation 1 in 1.4877275839680806 seconds.
Writing Pareto Fronts for generation 1.
Qualified Individuals: 0/1
Qualified individuals less than 1. Continuing evolution.
Generation 2 started. Performing genetic operations.
Offspring generated for generation 2. Evaluating offspring.
Decoding population for generation 2.
Decoded 20 individuals in 15.57 seconds.
Population decoded for generation 2. Starting evaluation.
Caching surrogate evaluations for generation 2.
Cached demands for 1020 embedding graphs in 0.80 seconds.
Latency prediction took 1.75 seconds for generation 2.
Evaluating population using surrogate for generation 2.
Finished generation 2 in 1.6060043449979275 seconds.
Writing Pareto Fronts for generation 2.
Qualified Individuals: 0/1
Qualified individuals less than 1. Continuing evolution.
Generation 3 started. Performing genetic operations.
Offspring generated for generation 3. Evaluating offspring.
Decoding population for generation 3.
Decoded 20 individuals in 16.15 seconds.
Population decoded for generation 3. Starting evaluation.
Caching surrogate evaluations for generation 3.
Cached demands for 1022 embedding graphs in 0.86 seconds.
Latency prediction took 1.76 seconds for generation 3.
Evaluating population using surrogate for generation 3.
Finished generation 3 in 1.4430156209273264 seconds.
Writing Pareto Fronts for generation 3.
Qualified Individuals: 0/1
Qualified individuals less than 1. Continuing evolution.
Generation 4 started. Performing genetic operations.
Offspring generated for generation 4. Evaluating offspring.
Decoding population for generation 4.
Decoded 20 individuals in 16.35 seconds.
Population decoded for generation 4. Starting evaluation.
Caching surrogate evaluations for generation 4.
Cached demands for 1027 embedding graphs in 1.11 seconds.
Latency prediction took 1.60 seconds for generation 4.
Evaluating population using surrogate for generation 4.
Finished generation 4 in 1.49520806199871 seconds.
Writing Pareto Fronts for generation 4.
Qualified Individuals: 1/1
Finished the evolution of weights using surrogate at generation 4.
Number of qualified individuals: 1
Time taken: 79.72s
Generating predefined weights.
Running the hybrid online-offline solver for experiment: 15_0.23_False_5_0.5_1_dc_noOfNeurons_6_19
Initial population of 20 individuals created. Starting evolution.
Decoding population for generation 1.
Decoded 20 individuals in 16.70 seconds.
Population decoded for generation 1. Starting evaluation.
Caching surrogate evaluations for generation 1.
Cached demands for 1026 embedding graphs in 0.80 seconds.
Latency prediction took 1.57 seconds for generation 1.
Evaluating population using surrogate for generation 1.
Finished generation 1 in 1.6214779689908028 seconds.
Writing Pareto Fronts for generation 1.
Qualified Individuals: 0/1
Qualified individuals less than 1. Continuing evolution.
Generation 2 started. Performing genetic operations.
Offspring generated for generation 2. Evaluating offspring.
Decoding population for generation 2.
Decoded 20 individuals in 15.48 seconds.
Population decoded for generation 2. Starting evaluation.
Caching surrogate evaluations for generation 2.
Cached demands for 1021 embedding graphs in 0.82 seconds.
Latency prediction took 1.67 seconds for generation 2.
Evaluating population using surrogate for generation 2.
Finished generation 2 in 1.4646267690695822 seconds.
Writing Pareto Fronts for generation 2.
Qualified Individuals: 0/1
Qualified individuals less than 1. Continuing evolution.
Generation 3 started. Performing genetic operations.
Offspring generated for generation 3. Evaluating offspring.
Decoding population for generation 3.
Decoded 20 individuals in 16.74 seconds.
Population decoded for generation 3. Starting evaluation.
Caching surrogate evaluations for generation 3.
Cached demands for 1041 embedding graphs in 0.80 seconds.
Latency prediction took 1.73 seconds for generation 3.
Evaluating population using surrogate for generation 3.
Finished generation 3 in 1.5156762490514666 seconds.
Writing Pareto Fronts for generation 3.
Qualified Individuals: 1/1
Finished the evolution of weights using surrogate at generation 3.
Number of qualified individuals: 1
Time taken: 60.99s
