method, generation, latency, ar
surrogate, 1, 28.0, 0.40625
surrogate, 1, 26.0, 0.28125
surrogate, 1, 23.0, 0.125
surrogate, 1, 20.0, 0.0625
surrogate, 1, 17.0, 0.03125
surrogate, 2, 28.0, 0.40625
surrogate, 2, 26.0, 0.28125
surrogate, 2, 23.0, 0.125
surrogate, 2, 23.0, 0.125
surrogate, 2, 20.0, 0.0625
surrogate, 2, 17.0, 0.03125
surrogate, 3, 27.0, 0.46875
surrogate, 3, 26.0, 0.28125
surrogate, 3, 26.0, 0.28125
surrogate, 3, 24.0, 0.15625
surrogate, 3, 23.0, 0.125
surrogate, 3, 23.0, 0.125
surrogate, 3, 20.0, 0.0625
surrogate, 3, 17.0, 0.03125
surrogate, 4, 27.0, 0.46875
surrogate, 4, 26.0, 0.28125
surrogate, 4, 26.0, 0.28125
surrogate, 4, 24.0, 0.15625
surrogate, 4, 23.0, 0.125
surrogate, 4, 23.0, 0.125
surrogate, 4, 20.0, 0.0625
surrogate, 4, 17.0, 0.03125
surrogate, 5, 27.0, 0.46875
surrogate, 5, 26.0, 0.28125
surrogate, 5, 26.0, 0.28125
surrogate, 5, 24.0, 0.15625
surrogate, 5, 23.0, 0.125
surrogate, 5, 23.0, 0.125
surrogate, 5, 20.0, 0.0625
surrogate, 5, 17.0, 0.03125
surrogate, 6, 27.0, 0.46875
surrogate, 6, 26.0, 0.28125
surrogate, 6, 26.0, 0.28125
surrogate, 6, 24.0, 0.15625
surrogate, 6, 23.0, 0.125
surrogate, 6, 23.0, 0.125
surrogate, 6, 23.0, 0.125
surrogate, 6, 20.0, 0.0625
surrogate, 6, 17.0, 0.03125
surrogate, 7, 27.0, 0.46875
surrogate, 7, 26.0, 0.28125
surrogate, 7, 26.0, 0.28125
surrogate, 7, 24.0, 0.15625
surrogate, 7, 23.0, 0.125
surrogate, 7, 23.0, 0.125
surrogate, 7, 23.0, 0.125
surrogate, 7, 23.0, 0.125
surrogate, 7, 20.0, 0.0625
surrogate, 7, 17.0, 0.03125
surrogate, 7, 17.0, 0.03125
surrogate, 8, 27.0, 0.46875
surrogate, 8, 26.0, 0.28125
surrogate, 8, 26.0, 0.28125
surrogate, 8, 24.0, 0.15625
surrogate, 8, 23.0, 0.125
surrogate, 8, 23.0, 0.125
surrogate, 8, 23.0, 0.125
surrogate, 8, 23.0, 0.125
surrogate, 8, 20.0, 0.0625
surrogate, 8, 17.0, 0.03125
surrogate, 8, 17.0, 0.03125
surrogate, 9, 27.0, 0.46875
surrogate, 9, 26.0, 0.28125
surrogate, 9, 26.0, 0.28125
surrogate, 9, 24.0, 0.15625
surrogate, 9, 23.0, 0.125
surrogate, 9, 23.0, 0.125
surrogate, 9, 23.0, 0.125
surrogate, 9, 23.0, 0.125
surrogate, 9, 20.0, 0.0625
surrogate, 9, 17.0, 0.03125
surrogate, 9, 17.0, 0.03125
surrogate, 10, 27.0, 0.46875
surrogate, 10, 26.0, 0.28125
surrogate, 10, 26.0, 0.28125
surrogate, 10, 24.0, 0.15625
surrogate, 10, 23.0, 0.125
surrogate, 10, 23.0, 0.125
surrogate, 10, 23.0, 0.125
surrogate, 10, 23.0, 0.125
surrogate, 10, 20.0, 0.0625
surrogate, 10, 17.0, 0.03125
surrogate, 10, 17.0, 0.03125
surrogate, 11, 27.0, 0.46875
surrogate, 11, 26.0, 0.28125
surrogate, 11, 26.0, 0.28125
surrogate, 11, 26.0, 0.28125
surrogate, 11, 24.0, 0.15625
surrogate, 11, 23.0, 0.125
surrogate, 11, 23.0, 0.125
surrogate, 11, 23.0, 0.125
surrogate, 11, 23.0, 0.125
surrogate, 11, 23.0, 0.125
surrogate, 11, 20.0, 0.0625
surrogate, 11, 20.0, 0.0625
surrogate, 11, 17.0, 0.03125
surrogate, 11, 17.0, 0.03125
surrogate, 12, 27.0, 0.46875
surrogate, 12, 26.0, 0.28125
surrogate, 12, 26.0, 0.28125
surrogate, 12, 26.0, 0.28125
surrogate, 12, 25.0, 0.25
surrogate, 12, 24.0, 0.15625
surrogate, 12, 23.0, 0.125
surrogate, 12, 23.0, 0.125
surrogate, 12, 23.0, 0.125
surrogate, 12, 23.0, 0.125
surrogate, 12, 23.0, 0.125
surrogate, 12, 20.0, 0.0625
surrogate, 12, 20.0, 0.0625
surrogate, 12, 20.0, 0.0625
surrogate, 12, 17.0, 0.03125
surrogate, 12, 17.0, 0.03125
surrogate, 13, 27.0, 0.46875
surrogate, 13, 27.0, 0.46875
surrogate, 13, 26.0, 0.28125
surrogate, 13, 26.0, 0.28125
surrogate, 13, 26.0, 0.28125
surrogate, 13, 25.0, 0.25
surrogate, 13, 24.0, 0.15625
surrogate, 13, 23.0, 0.125
surrogate, 13, 23.0, 0.125
surrogate, 13, 23.0, 0.125
surrogate, 13, 23.0, 0.125
surrogate, 13, 23.0, 0.125
surrogate, 13, 20.0, 0.0625
surrogate, 13, 20.0, 0.0625
surrogate, 13, 20.0, 0.0625
surrogate, 13, 20.0, 0.0625
surrogate, 13, 17.0, 0.03125
surrogate, 13, 17.0, 0.03125
surrogate, 14, 27.0, 0.46875
surrogate, 14, 27.0, 0.46875
surrogate, 14, 26.0, 0.28125
surrogate, 14, 26.0, 0.28125
surrogate, 14, 26.0, 0.28125
surrogate, 14, 25.0, 0.25
surrogate, 14, 24.0, 0.15625
surrogate, 14, 23.0, 0.125
surrogate, 14, 23.0, 0.125
surrogate, 14, 23.0, 0.125
surrogate, 14, 23.0, 0.125
surrogate, 14, 23.0, 0.125
surrogate, 14, 20.0, 0.0625
surrogate, 14, 20.0, 0.0625
surrogate, 14, 20.0, 0.0625
surrogate, 14, 20.0, 0.0625
surrogate, 14, 17.0, 0.03125
surrogate, 14, 17.0, 0.03125
surrogate, 15, 27.0, 0.46875
surrogate, 15, 27.0, 0.46875
surrogate, 15, 27.0, 0.46875
surrogate, 15, 26.0, 0.28125
surrogate, 15, 26.0, 0.28125
surrogate, 15, 26.0, 0.28125
surrogate, 15, 25.0, 0.25
surrogate, 15, 25.0, 0.25
surrogate, 15, 24.0, 0.15625
surrogate, 15, 24.0, 0.15625
surrogate, 15, 23.0, 0.125
surrogate, 15, 23.0, 0.125
surrogate, 15, 23.0, 0.125
surrogate, 15, 23.0, 0.125
surrogate, 15, 23.0, 0.125
surrogate, 15, 20.0, 0.0625
surrogate, 15, 20.0, 0.0625
surrogate, 15, 20.0, 0.0625
surrogate, 15, 20.0, 0.0625
surrogate, 15, 17.0, 0.03125
surrogate, 15, 17.0, 0.03125
surrogate, 16, 27.0, 0.46875
surrogate, 16, 27.0, 0.46875
surrogate, 16, 27.0, 0.46875
surrogate, 16, 26.0, 0.28125
surrogate, 16, 26.0, 0.28125
surrogate, 16, 26.0, 0.28125
surrogate, 16, 25.0, 0.25
surrogate, 16, 25.0, 0.25
surrogate, 16, 24.0, 0.15625
surrogate, 16, 24.0, 0.15625
surrogate, 16, 24.0, 0.15625
surrogate, 16, 23.0, 0.125
surrogate, 16, 23.0, 0.125
surrogate, 16, 23.0, 0.125
surrogate, 16, 23.0, 0.125
surrogate, 16, 23.0, 0.125
surrogate, 16, 20.0, 0.0625
surrogate, 16, 20.0, 0.0625
surrogate, 16, 20.0, 0.0625
surrogate, 16, 20.0, 0.0625
surrogate, 16, 17.0, 0.03125
surrogate, 16, 17.0, 0.03125
surrogate, 17, 27.0, 0.46875
surrogate, 17, 27.0, 0.46875
surrogate, 17, 27.0, 0.46875
surrogate, 17, 26.0, 0.28125
surrogate, 17, 26.0, 0.28125
surrogate, 17, 26.0, 0.28125
surrogate, 17, 25.0, 0.25
surrogate, 17, 25.0, 0.25
surrogate, 17, 24.0, 0.15625
surrogate, 17, 24.0, 0.15625
surrogate, 17, 24.0, 0.15625
surrogate, 17, 23.0, 0.125
surrogate, 17, 23.0, 0.125
surrogate, 17, 23.0, 0.125
surrogate, 17, 23.0, 0.125
surrogate, 17, 23.0, 0.125
surrogate, 17, 23.0, 0.125
surrogate, 17, 20.0, 0.0625
surrogate, 17, 20.0, 0.0625
surrogate, 17, 20.0, 0.0625
surrogate, 17, 20.0, 0.0625
surrogate, 17, 17.0, 0.03125
surrogate, 17, 17.0, 0.03125
surrogate, 18, 27.0, 0.46875
surrogate, 18, 27.0, 0.46875
surrogate, 18, 27.0, 0.46875
surrogate, 18, 26.0, 0.28125
surrogate, 18, 26.0, 0.28125
surrogate, 18, 26.0, 0.28125
surrogate, 18, 25.0, 0.25
surrogate, 18, 25.0, 0.25
surrogate, 18, 24.0, 0.15625
surrogate, 18, 24.0, 0.15625
surrogate, 18, 24.0, 0.15625
surrogate, 18, 24.0, 0.15625
surrogate, 18, 23.0, 0.125
surrogate, 18, 23.0, 0.125
surrogate, 18, 23.0, 0.125
surrogate, 18, 23.0, 0.125
surrogate, 18, 23.0, 0.125
surrogate, 18, 23.0, 0.125
surrogate, 18, 20.0, 0.0625
surrogate, 18, 20.0, 0.0625
surrogate, 18, 20.0, 0.0625
surrogate, 18, 20.0, 0.0625
surrogate, 18, 17.0, 0.03125
surrogate, 18, 17.0, 0.03125
surrogate, 18, 17.0, 0.03125
surrogate, 19, 27.0, 0.46875
surrogate, 19, 27.0, 0.46875
surrogate, 19, 27.0, 0.46875
surrogate, 19, 26.0, 0.28125
surrogate, 19, 26.0, 0.28125
surrogate, 19, 26.0, 0.28125
surrogate, 19, 25.0, 0.25
surrogate, 19, 25.0, 0.25
surrogate, 19, 24.0, 0.15625
surrogate, 19, 24.0, 0.15625
surrogate, 19, 24.0, 0.15625
surrogate, 19, 24.0, 0.15625
surrogate, 19, 23.0, 0.125
surrogate, 19, 23.0, 0.125
surrogate, 19, 23.0, 0.125
surrogate, 19, 23.0, 0.125
surrogate, 19, 23.0, 0.125
surrogate, 19, 23.0, 0.125
surrogate, 19, 23.0, 0.125
surrogate, 19, 20.0, 0.0625
surrogate, 19, 20.0, 0.0625
surrogate, 19, 20.0, 0.0625
surrogate, 19, 20.0, 0.0625
surrogate, 19, 17.0, 0.03125
surrogate, 19, 17.0, 0.03125
surrogate, 19, 17.0, 0.03125
surrogate, 20, 27.0, 0.46875
surrogate, 20, 27.0, 0.46875
surrogate, 20, 27.0, 0.46875
surrogate, 20, 26.0, 0.28125
surrogate, 20, 26.0, 0.28125
surrogate, 20, 26.0, 0.28125
surrogate, 20, 26.0, 0.28125
surrogate, 20, 25.0, 0.25
surrogate, 20, 25.0, 0.25
surrogate, 20, 24.0, 0.15625
surrogate, 20, 24.0, 0.15625
surrogate, 20, 24.0, 0.15625
surrogate, 20, 24.0, 0.15625
surrogate, 20, 24.0, 0.15625
surrogate, 20, 23.0, 0.125
surrogate, 20, 23.0, 0.125
surrogate, 20, 23.0, 0.125
surrogate, 20, 23.0, 0.125
surrogate, 20, 23.0, 0.125
surrogate, 20, 23.0, 0.125
surrogate, 20, 23.0, 0.125
surrogate, 20, 20.0, 0.0625
surrogate, 20, 20.0, 0.0625
surrogate, 20, 20.0, 0.0625
surrogate, 20, 20.0, 0.0625
surrogate, 20, 20.0, 0.0625
surrogate, 20, 17.0, 0.03125
surrogate, 20, 17.0, 0.03125
surrogate, 20, 17.0, 0.03125
surrogate, 21, 32.0, 0.625
surrogate, 21, 27.0, 0.46875
surrogate, 21, 27.0, 0.46875
surrogate, 21, 27.0, 0.46875
surrogate, 21, 27.0, 0.46875
surrogate, 21, 26.0, 0.28125
surrogate, 21, 26.0, 0.28125
surrogate, 21, 26.0, 0.28125
surrogate, 21, 26.0, 0.28125
surrogate, 21, 25.0, 0.25
surrogate, 21, 25.0, 0.25
surrogate, 21, 24.0, 0.15625
surrogate, 21, 24.0, 0.15625
surrogate, 21, 24.0, 0.15625
surrogate, 21, 24.0, 0.15625
surrogate, 21, 24.0, 0.15625
surrogate, 21, 24.0, 0.15625
surrogate, 21, 23.0, 0.125
surrogate, 21, 23.0, 0.125
surrogate, 21, 23.0, 0.125
surrogate, 21, 23.0, 0.125
surrogate, 21, 23.0, 0.125
surrogate, 21, 23.0, 0.125
surrogate, 21, 23.0, 0.125
surrogate, 21, 20.0, 0.0625
surrogate, 21, 20.0, 0.0625
surrogate, 21, 20.0, 0.0625
surrogate, 21, 20.0, 0.0625
surrogate, 21, 20.0, 0.0625
surrogate, 21, 17.0, 0.03125
surrogate, 21, 17.0, 0.03125
surrogate, 21, 17.0, 0.03125
surrogate, 21, 17.0, 0.03125
surrogate, 22, 31.0, 0.625
surrogate, 22, 27.0, 0.46875
surrogate, 22, 27.0, 0.46875
surrogate, 22, 27.0, 0.46875
surrogate, 22, 27.0, 0.46875
surrogate, 22, 26.0, 0.28125
surrogate, 22, 26.0, 0.28125
surrogate, 22, 26.0, 0.28125
surrogate, 22, 26.0, 0.28125
surrogate, 22, 25.0, 0.25
surrogate, 22, 25.0, 0.25
surrogate, 22, 25.0, 0.25
surrogate, 22, 24.0, 0.15625
surrogate, 22, 24.0, 0.15625
surrogate, 22, 24.0, 0.15625
surrogate, 22, 24.0, 0.15625
surrogate, 22, 24.0, 0.15625
surrogate, 22, 24.0, 0.15625
surrogate, 22, 23.0, 0.125
surrogate, 22, 23.0, 0.125
surrogate, 22, 23.0, 0.125
surrogate, 22, 23.0, 0.125
surrogate, 22, 23.0, 0.125
surrogate, 22, 23.0, 0.125
surrogate, 22, 23.0, 0.125
surrogate, 22, 20.0, 0.0625
surrogate, 22, 20.0, 0.0625
surrogate, 22, 20.0, 0.0625
surrogate, 22, 20.0, 0.0625
surrogate, 22, 20.0, 0.0625
surrogate, 22, 17.0, 0.03125
surrogate, 22, 17.0, 0.03125
surrogate, 22, 17.0, 0.03125
surrogate, 22, 17.0, 0.03125
surrogate, 23, 31.0, 0.625
surrogate, 23, 27.0, 0.46875
surrogate, 23, 27.0, 0.46875
surrogate, 23, 27.0, 0.46875
surrogate, 23, 27.0, 0.46875
surrogate, 23, 26.0, 0.28125
surrogate, 23, 26.0, 0.28125
surrogate, 23, 26.0, 0.28125
surrogate, 23, 26.0, 0.28125
surrogate, 23, 25.0, 0.25
surrogate, 23, 25.0, 0.25
surrogate, 23, 25.0, 0.25
surrogate, 23, 24.0, 0.15625
surrogate, 23, 24.0, 0.15625
surrogate, 23, 24.0, 0.15625
surrogate, 23, 24.0, 0.15625
surrogate, 23, 24.0, 0.15625
surrogate, 23, 24.0, 0.15625
surrogate, 23, 23.0, 0.125
surrogate, 23, 23.0, 0.125
surrogate, 23, 23.0, 0.125
surrogate, 23, 23.0, 0.125
surrogate, 23, 23.0, 0.125
surrogate, 23, 23.0, 0.125
surrogate, 23, 23.0, 0.125
surrogate, 23, 20.0, 0.0625
surrogate, 23, 20.0, 0.0625
surrogate, 23, 20.0, 0.0625
surrogate, 23, 20.0, 0.0625
surrogate, 23, 20.0, 0.0625
surrogate, 23, 17.0, 0.03125
surrogate, 23, 17.0, 0.03125
surrogate, 23, 17.0, 0.03125
surrogate, 23, 17.0, 0.03125
surrogate, 24, 31.0, 0.625
surrogate, 24, 27.0, 0.46875
surrogate, 24, 27.0, 0.46875
surrogate, 24, 27.0, 0.46875
surrogate, 24, 27.0, 0.46875
surrogate, 24, 26.0, 0.28125
surrogate, 24, 26.0, 0.28125
surrogate, 24, 26.0, 0.28125
surrogate, 24, 26.0, 0.28125
surrogate, 24, 25.0, 0.25
surrogate, 24, 25.0, 0.25
surrogate, 24, 25.0, 0.25
surrogate, 24, 24.0, 0.15625
surrogate, 24, 24.0, 0.15625
surrogate, 24, 24.0, 0.15625
surrogate, 24, 24.0, 0.15625
surrogate, 24, 24.0, 0.15625
surrogate, 24, 24.0, 0.15625
surrogate, 24, 23.0, 0.125
surrogate, 24, 23.0, 0.125
surrogate, 24, 23.0, 0.125
surrogate, 24, 23.0, 0.125
surrogate, 24, 23.0, 0.125
surrogate, 24, 23.0, 0.125
surrogate, 24, 23.0, 0.125
surrogate, 24, 20.0, 0.0625
surrogate, 24, 20.0, 0.0625
surrogate, 24, 20.0, 0.0625
surrogate, 24, 20.0, 0.0625
surrogate, 24, 20.0, 0.0625
surrogate, 24, 20.0, 0.0625
surrogate, 24, 17.0, 0.03125
surrogate, 24, 17.0, 0.03125
surrogate, 24, 17.0, 0.03125
surrogate, 24, 17.0, 0.03125
surrogate, 25, 31.0, 0.625
surrogate, 25, 27.0, 0.46875
surrogate, 25, 27.0, 0.46875
surrogate, 25, 27.0, 0.46875
surrogate, 25, 27.0, 0.46875
surrogate, 25, 26.0, 0.28125
surrogate, 25, 26.0, 0.28125
surrogate, 25, 26.0, 0.28125
surrogate, 25, 26.0, 0.28125
surrogate, 25, 25.0, 0.25
surrogate, 25, 25.0, 0.25
surrogate, 25, 25.0, 0.25
surrogate, 25, 24.0, 0.15625
surrogate, 25, 24.0, 0.15625
surrogate, 25, 24.0, 0.15625
surrogate, 25, 24.0, 0.15625
surrogate, 25, 24.0, 0.15625
surrogate, 25, 24.0, 0.15625
surrogate, 25, 23.0, 0.125
surrogate, 25, 23.0, 0.125
surrogate, 25, 23.0, 0.125
surrogate, 25, 23.0, 0.125
surrogate, 25, 23.0, 0.125
surrogate, 25, 23.0, 0.125
surrogate, 25, 23.0, 0.125
surrogate, 25, 20.0, 0.0625
surrogate, 25, 20.0, 0.0625
surrogate, 25, 20.0, 0.0625
surrogate, 25, 20.0, 0.0625
surrogate, 25, 20.0, 0.0625
surrogate, 25, 20.0, 0.0625
surrogate, 25, 17.0, 0.03125
surrogate, 25, 17.0, 0.03125
surrogate, 25, 17.0, 0.03125
surrogate, 25, 17.0, 0.03125
surrogate, 26, 31.0, 0.625
surrogate, 26, 27.0, 0.46875
surrogate, 26, 27.0, 0.46875
surrogate, 26, 27.0, 0.46875
surrogate, 26, 27.0, 0.46875
surrogate, 26, 26.0, 0.28125
surrogate, 26, 26.0, 0.28125
surrogate, 26, 26.0, 0.28125
surrogate, 26, 26.0, 0.28125
surrogate, 26, 25.0, 0.25
surrogate, 26, 25.0, 0.25
surrogate, 26, 25.0, 0.25
surrogate, 26, 25.0, 0.25
surrogate, 26, 24.0, 0.15625
surrogate, 26, 24.0, 0.15625
surrogate, 26, 24.0, 0.15625
surrogate, 26, 24.0, 0.15625
surrogate, 26, 24.0, 0.15625
surrogate, 26, 24.0, 0.15625
surrogate, 26, 23.0, 0.125
surrogate, 26, 23.0, 0.125
surrogate, 26, 23.0, 0.125
surrogate, 26, 23.0, 0.125
surrogate, 26, 23.0, 0.125
surrogate, 26, 23.0, 0.125
surrogate, 26, 23.0, 0.125
surrogate, 26, 20.0, 0.0625
surrogate, 26, 20.0, 0.0625
surrogate, 26, 20.0, 0.0625
surrogate, 26, 20.0, 0.0625
surrogate, 26, 20.0, 0.0625
surrogate, 26, 20.0, 0.0625
surrogate, 26, 17.0, 0.03125
surrogate, 26, 17.0, 0.03125
surrogate, 26, 17.0, 0.03125
surrogate, 26, 17.0, 0.03125
surrogate, 27, 31.0, 0.625
surrogate, 27, 31.0, 0.625
surrogate, 27, 27.0, 0.46875
surrogate, 27, 27.0, 0.46875
surrogate, 27, 27.0, 0.46875
surrogate, 27, 27.0, 0.46875
surrogate, 27, 26.0, 0.28125
surrogate, 27, 26.0, 0.28125
surrogate, 27, 26.0, 0.28125
surrogate, 27, 26.0, 0.28125
surrogate, 27, 25.0, 0.25
surrogate, 27, 25.0, 0.25
surrogate, 27, 25.0, 0.25
surrogate, 27, 25.0, 0.25
surrogate, 27, 24.0, 0.15625
surrogate, 27, 24.0, 0.15625
surrogate, 27, 24.0, 0.15625
surrogate, 27, 24.0, 0.15625
surrogate, 27, 24.0, 0.15625
surrogate, 27, 24.0, 0.15625
surrogate, 27, 23.0, 0.125
surrogate, 27, 23.0, 0.125
surrogate, 27, 23.0, 0.125
surrogate, 27, 23.0, 0.125
surrogate, 27, 23.0, 0.125
surrogate, 27, 23.0, 0.125
surrogate, 27, 23.0, 0.125
surrogate, 27, 20.0, 0.0625
surrogate, 27, 20.0, 0.0625
surrogate, 27, 20.0, 0.0625
surrogate, 27, 20.0, 0.0625
surrogate, 27, 20.0, 0.0625
surrogate, 27, 20.0, 0.0625
surrogate, 27, 17.0, 0.03125
surrogate, 27, 17.0, 0.03125
surrogate, 27, 17.0, 0.03125
surrogate, 27, 17.0, 0.03125
surrogate, 28, 31.0, 0.625
surrogate, 28, 31.0, 0.625
surrogate, 28, 29.0, 0.5625
surrogate, 28, 27.0, 0.46875
surrogate, 28, 27.0, 0.46875
surrogate, 28, 27.0, 0.46875
surrogate, 28, 27.0, 0.46875
surrogate, 28, 26.0, 0.28125
surrogate, 28, 26.0, 0.28125
surrogate, 28, 26.0, 0.28125
surrogate, 28, 26.0, 0.28125
surrogate, 28, 26.0, 0.28125
surrogate, 28, 25.0, 0.25
surrogate, 28, 25.0, 0.25
surrogate, 28, 25.0, 0.25
surrogate, 28, 25.0, 0.25
surrogate, 28, 24.0, 0.15625
surrogate, 28, 24.0, 0.15625
surrogate, 28, 24.0, 0.15625
surrogate, 28, 24.0, 0.15625
surrogate, 28, 24.0, 0.15625
surrogate, 28, 24.0, 0.15625
surrogate, 28, 24.0, 0.15625
surrogate, 28, 23.0, 0.125
surrogate, 28, 23.0, 0.125
surrogate, 28, 23.0, 0.125
surrogate, 28, 23.0, 0.125
surrogate, 28, 23.0, 0.125
surrogate, 28, 23.0, 0.125
surrogate, 28, 23.0, 0.125
surrogate, 28, 20.0, 0.0625
surrogate, 28, 20.0, 0.0625
surrogate, 28, 20.0, 0.0625
surrogate, 28, 20.0, 0.0625
surrogate, 28, 20.0, 0.0625
surrogate, 28, 20.0, 0.0625
surrogate, 28, 17.0, 0.03125
surrogate, 28, 17.0, 0.03125
surrogate, 28, 17.0, 0.03125
surrogate, 28, 17.0, 0.03125
surrogate, 29, 31.0, 0.625
surrogate, 29, 31.0, 0.625
surrogate, 29, 31.0, 0.625
surrogate, 29, 29.0, 0.5625
surrogate, 29, 29.0, 0.5625
surrogate, 29, 27.0, 0.46875
surrogate, 29, 27.0, 0.46875
surrogate, 29, 27.0, 0.46875
surrogate, 29, 27.0, 0.46875
surrogate, 29, 26.0, 0.28125
surrogate, 29, 26.0, 0.28125
surrogate, 29, 26.0, 0.28125
surrogate, 29, 26.0, 0.28125
surrogate, 29, 26.0, 0.28125
surrogate, 29, 25.0, 0.25
surrogate, 29, 25.0, 0.25
surrogate, 29, 25.0, 0.25
surrogate, 29, 25.0, 0.25
surrogate, 29, 24.0, 0.15625
surrogate, 29, 24.0, 0.15625
surrogate, 29, 24.0, 0.15625
surrogate, 29, 24.0, 0.15625
surrogate, 29, 24.0, 0.15625
surrogate, 29, 24.0, 0.15625
surrogate, 29, 24.0, 0.15625
surrogate, 29, 23.0, 0.125
surrogate, 29, 23.0, 0.125
surrogate, 29, 23.0, 0.125
surrogate, 29, 23.0, 0.125
surrogate, 29, 23.0, 0.125
surrogate, 29, 23.0, 0.125
surrogate, 29, 23.0, 0.125
surrogate, 29, 20.0, 0.0625
surrogate, 29, 20.0, 0.0625
surrogate, 29, 20.0, 0.0625
surrogate, 29, 20.0, 0.0625
surrogate, 29, 20.0, 0.0625
surrogate, 29, 20.0, 0.0625
surrogate, 29, 17.0, 0.03125
surrogate, 29, 17.0, 0.03125
surrogate, 29, 17.0, 0.03125
surrogate, 29, 17.0, 0.03125
surrogate, 30, 31.0, 0.625
surrogate, 30, 31.0, 0.625
surrogate, 30, 31.0, 0.625
surrogate, 30, 29.0, 0.5625
surrogate, 30, 29.0, 0.5625
surrogate, 30, 27.0, 0.46875
surrogate, 30, 27.0, 0.46875
surrogate, 30, 27.0, 0.46875
surrogate, 30, 27.0, 0.46875
surrogate, 30, 26.0, 0.28125
surrogate, 30, 26.0, 0.28125
surrogate, 30, 26.0, 0.28125
surrogate, 30, 26.0, 0.28125
surrogate, 30, 26.0, 0.28125
surrogate, 30, 25.0, 0.25
surrogate, 30, 25.0, 0.25
surrogate, 30, 25.0, 0.25
surrogate, 30, 25.0, 0.25
surrogate, 30, 24.0, 0.15625
surrogate, 30, 24.0, 0.15625
surrogate, 30, 24.0, 0.15625
surrogate, 30, 24.0, 0.15625
surrogate, 30, 24.0, 0.15625
surrogate, 30, 24.0, 0.15625
surrogate, 30, 24.0, 0.15625
surrogate, 30, 23.0, 0.125
surrogate, 30, 23.0, 0.125
surrogate, 30, 23.0, 0.125
surrogate, 30, 23.0, 0.125
surrogate, 30, 23.0, 0.125
surrogate, 30, 23.0, 0.125
surrogate, 30, 23.0, 0.125
surrogate, 30, 20.0, 0.0625
surrogate, 30, 20.0, 0.0625
surrogate, 30, 20.0, 0.0625
surrogate, 30, 20.0, 0.0625
surrogate, 30, 20.0, 0.0625
surrogate, 30, 20.0, 0.0625
surrogate, 30, 20.0, 0.0625
surrogate, 30, 17.0, 0.03125
surrogate, 30, 17.0, 0.03125
surrogate, 30, 17.0, 0.03125
surrogate, 30, 17.0, 0.03125
surrogate, 31, 31.0, 0.625
surrogate, 31, 31.0, 0.625
surrogate, 31, 31.0, 0.625
surrogate, 31, 29.0, 0.5625
surrogate, 31, 29.0, 0.5625
surrogate, 31, 27.0, 0.46875
surrogate, 31, 27.0, 0.46875
surrogate, 31, 27.0, 0.46875
surrogate, 31, 27.0, 0.46875
surrogate, 31, 26.0, 0.28125
surrogate, 31, 26.0, 0.28125
surrogate, 31, 26.0, 0.28125
surrogate, 31, 26.0, 0.28125
surrogate, 31, 26.0, 0.28125
surrogate, 31, 25.0, 0.25
surrogate, 31, 25.0, 0.25
surrogate, 31, 25.0, 0.25
surrogate, 31, 25.0, 0.25
surrogate, 31, 24.0, 0.15625
surrogate, 31, 24.0, 0.15625
surrogate, 31, 24.0, 0.15625
surrogate, 31, 24.0, 0.15625
surrogate, 31, 24.0, 0.15625
surrogate, 31, 24.0, 0.15625
surrogate, 31, 24.0, 0.15625
surrogate, 31, 23.0, 0.125
surrogate, 31, 23.0, 0.125
surrogate, 31, 23.0, 0.125
surrogate, 31, 23.0, 0.125
surrogate, 31, 23.0, 0.125
surrogate, 31, 23.0, 0.125
surrogate, 31, 23.0, 0.125
surrogate, 31, 20.0, 0.0625
surrogate, 31, 20.0, 0.0625
surrogate, 31, 20.0, 0.0625
surrogate, 31, 20.0, 0.0625
surrogate, 31, 20.0, 0.0625
surrogate, 31, 20.0, 0.0625
surrogate, 31, 20.0, 0.0625
surrogate, 31, 17.0, 0.03125
surrogate, 31, 17.0, 0.03125
surrogate, 31, 17.0, 0.03125
surrogate, 31, 17.0, 0.03125
surrogate, 32, 31.0, 0.625
surrogate, 32, 31.0, 0.625
surrogate, 32, 31.0, 0.625
surrogate, 32, 29.0, 0.5625
surrogate, 32, 29.0, 0.5625
surrogate, 32, 27.0, 0.46875
surrogate, 32, 27.0, 0.46875
surrogate, 32, 27.0, 0.46875
surrogate, 32, 27.0, 0.46875
surrogate, 32, 26.0, 0.28125
surrogate, 32, 26.0, 0.28125
surrogate, 32, 26.0, 0.28125
surrogate, 32, 26.0, 0.28125
surrogate, 32, 26.0, 0.28125
surrogate, 32, 25.0, 0.25
surrogate, 32, 25.0, 0.25
surrogate, 32, 25.0, 0.25
surrogate, 32, 25.0, 0.25
surrogate, 32, 24.0, 0.15625
surrogate, 32, 24.0, 0.15625
surrogate, 32, 24.0, 0.15625
surrogate, 32, 24.0, 0.15625
surrogate, 32, 24.0, 0.15625
surrogate, 32, 24.0, 0.15625
surrogate, 32, 24.0, 0.15625
surrogate, 32, 23.0, 0.125
surrogate, 32, 23.0, 0.125
surrogate, 32, 23.0, 0.125
surrogate, 32, 23.0, 0.125
surrogate, 32, 23.0, 0.125
surrogate, 32, 23.0, 0.125
surrogate, 32, 23.0, 0.125
surrogate, 32, 20.0, 0.0625
surrogate, 32, 20.0, 0.0625
surrogate, 32, 20.0, 0.0625
surrogate, 32, 20.0, 0.0625
surrogate, 32, 20.0, 0.0625
surrogate, 32, 20.0, 0.0625
surrogate, 32, 20.0, 0.0625
surrogate, 32, 17.0, 0.03125
surrogate, 32, 17.0, 0.03125
surrogate, 32, 17.0, 0.03125
surrogate, 32, 17.0, 0.03125
surrogate, 33, 31.0, 0.625
surrogate, 33, 31.0, 0.625
surrogate, 33, 31.0, 0.625
surrogate, 33, 29.0, 0.5625
surrogate, 33, 29.0, 0.5625
surrogate, 33, 27.0, 0.46875
surrogate, 33, 27.0, 0.46875
surrogate, 33, 27.0, 0.46875
surrogate, 33, 27.0, 0.46875
surrogate, 33, 26.0, 0.28125
surrogate, 33, 26.0, 0.28125
surrogate, 33, 26.0, 0.28125
surrogate, 33, 26.0, 0.28125
surrogate, 33, 26.0, 0.28125
surrogate, 33, 25.0, 0.25
surrogate, 33, 25.0, 0.25
surrogate, 33, 25.0, 0.25
surrogate, 33, 25.0, 0.25
surrogate, 33, 24.0, 0.15625
surrogate, 33, 24.0, 0.15625
surrogate, 33, 24.0, 0.15625
surrogate, 33, 24.0, 0.15625
surrogate, 33, 24.0, 0.15625
surrogate, 33, 24.0, 0.15625
surrogate, 33, 24.0, 0.15625
surrogate, 33, 23.0, 0.125
surrogate, 33, 23.0, 0.125
surrogate, 33, 23.0, 0.125
surrogate, 33, 23.0, 0.125
surrogate, 33, 23.0, 0.125
surrogate, 33, 23.0, 0.125
surrogate, 33, 23.0, 0.125
surrogate, 33, 20.0, 0.0625
surrogate, 33, 20.0, 0.0625
surrogate, 33, 20.0, 0.0625
surrogate, 33, 20.0, 0.0625
surrogate, 33, 20.0, 0.0625
surrogate, 33, 20.0, 0.0625
surrogate, 33, 20.0, 0.0625
surrogate, 33, 17.0, 0.03125
surrogate, 33, 17.0, 0.03125
surrogate, 33, 17.0, 0.03125
surrogate, 33, 17.0, 0.03125
surrogate, 34, 31.0, 0.625
surrogate, 34, 31.0, 0.625
surrogate, 34, 31.0, 0.625
surrogate, 34, 31.0, 0.625
surrogate, 34, 29.0, 0.5625
surrogate, 34, 29.0, 0.5625
surrogate, 34, 27.0, 0.46875
surrogate, 34, 27.0, 0.46875
surrogate, 34, 27.0, 0.46875
surrogate, 34, 27.0, 0.46875
surrogate, 34, 26.0, 0.28125
surrogate, 34, 26.0, 0.28125
surrogate, 34, 26.0, 0.28125
surrogate, 34, 26.0, 0.28125
surrogate, 34, 26.0, 0.28125
surrogate, 34, 25.0, 0.25
surrogate, 34, 25.0, 0.25
surrogate, 34, 25.0, 0.25
surrogate, 34, 25.0, 0.25
surrogate, 34, 24.0, 0.15625
surrogate, 34, 24.0, 0.15625
surrogate, 34, 24.0, 0.15625
surrogate, 34, 24.0, 0.15625
surrogate, 34, 24.0, 0.15625
surrogate, 34, 24.0, 0.15625
surrogate, 34, 24.0, 0.15625
surrogate, 34, 23.0, 0.125
surrogate, 34, 23.0, 0.125
surrogate, 34, 23.0, 0.125
surrogate, 34, 23.0, 0.125
surrogate, 34, 23.0, 0.125
surrogate, 34, 23.0, 0.125
surrogate, 34, 23.0, 0.125
surrogate, 34, 20.0, 0.0625
surrogate, 34, 20.0, 0.0625
surrogate, 34, 20.0, 0.0625
surrogate, 34, 20.0, 0.0625
surrogate, 34, 20.0, 0.0625
surrogate, 34, 20.0, 0.0625
surrogate, 34, 20.0, 0.0625
surrogate, 34, 20.0, 0.0625
surrogate, 34, 17.0, 0.03125
surrogate, 34, 17.0, 0.03125
surrogate, 34, 17.0, 0.03125
surrogate, 34, 17.0, 0.03125
surrogate, 35, 31.0, 0.625
surrogate, 35, 31.0, 0.625
surrogate, 35, 31.0, 0.625
surrogate, 35, 31.0, 0.625
surrogate, 35, 29.0, 0.5625
surrogate, 35, 29.0, 0.5625
surrogate, 35, 27.0, 0.46875
surrogate, 35, 27.0, 0.46875
surrogate, 35, 27.0, 0.46875
surrogate, 35, 27.0, 0.46875
surrogate, 35, 26.0, 0.28125
surrogate, 35, 26.0, 0.28125
surrogate, 35, 26.0, 0.28125
surrogate, 35, 26.0, 0.28125
surrogate, 35, 26.0, 0.28125
surrogate, 35, 24.0, 0.25
surrogate, 35, 23.0, 0.125
surrogate, 35, 23.0, 0.125
surrogate, 35, 23.0, 0.125
surrogate, 35, 23.0, 0.125
surrogate, 35, 23.0, 0.125
surrogate, 35, 23.0, 0.125
surrogate, 35, 23.0, 0.125
surrogate, 35, 20.0, 0.0625
surrogate, 35, 20.0, 0.0625
surrogate, 35, 20.0, 0.0625
surrogate, 35, 20.0, 0.0625
surrogate, 35, 20.0, 0.0625
surrogate, 35, 20.0, 0.0625
surrogate, 35, 20.0, 0.0625
surrogate, 35, 20.0, 0.0625
surrogate, 35, 20.0, 0.0625
surrogate, 35, 17.0, 0.03125
surrogate, 35, 17.0, 0.03125
surrogate, 35, 17.0, 0.03125
surrogate, 35, 17.0, 0.03125
surrogate, 35, 17.0, 0.03125
surrogate, 36, 31.0, 0.625
surrogate, 36, 31.0, 0.625
surrogate, 36, 31.0, 0.625
surrogate, 36, 31.0, 0.625
surrogate, 36, 31.0, 0.625
surrogate, 36, 29.0, 0.5625
surrogate, 36, 29.0, 0.5625
surrogate, 36, 27.0, 0.46875
surrogate, 36, 27.0, 0.46875
surrogate, 36, 27.0, 0.46875
surrogate, 36, 27.0, 0.46875
surrogate, 36, 26.0, 0.28125
surrogate, 36, 26.0, 0.28125
surrogate, 36, 26.0, 0.28125
surrogate, 36, 26.0, 0.28125
surrogate, 36, 26.0, 0.28125
surrogate, 36, 24.0, 0.25
surrogate, 36, 23.0, 0.125
surrogate, 36, 23.0, 0.125
surrogate, 36, 23.0, 0.125
surrogate, 36, 23.0, 0.125
surrogate, 36, 23.0, 0.125
surrogate, 36, 23.0, 0.125
surrogate, 36, 23.0, 0.125
surrogate, 36, 23.0, 0.125
surrogate, 36, 20.0, 0.0625
surrogate, 36, 20.0, 0.0625
surrogate, 36, 20.0, 0.0625
surrogate, 36, 20.0, 0.0625
surrogate, 36, 20.0, 0.0625
surrogate, 36, 20.0, 0.0625
surrogate, 36, 20.0, 0.0625
surrogate, 36, 20.0, 0.0625
surrogate, 36, 20.0, 0.0625
surrogate, 36, 17.0, 0.03125
surrogate, 36, 17.0, 0.03125
surrogate, 36, 17.0, 0.03125
surrogate, 36, 17.0, 0.03125
surrogate, 36, 17.0, 0.03125
surrogate, 37, 31.0, 0.625
surrogate, 37, 31.0, 0.625
surrogate, 37, 31.0, 0.625
surrogate, 37, 31.0, 0.625
surrogate, 37, 31.0, 0.625
surrogate, 37, 29.0, 0.5625
surrogate, 37, 29.0, 0.5625
surrogate, 37, 27.0, 0.46875
surrogate, 37, 27.0, 0.46875
surrogate, 37, 27.0, 0.46875
surrogate, 37, 27.0, 0.46875
surrogate, 37, 26.0, 0.28125
surrogate, 37, 26.0, 0.28125
surrogate, 37, 26.0, 0.28125
surrogate, 37, 26.0, 0.28125
surrogate, 37, 26.0, 0.28125
surrogate, 37, 24.0, 0.25
surrogate, 37, 22.0, 0.125
surrogate, 37, 20.0, 0.0625
surrogate, 37, 20.0, 0.0625
surrogate, 37, 20.0, 0.0625
surrogate, 37, 20.0, 0.0625
surrogate, 37, 20.0, 0.0625
surrogate, 37, 20.0, 0.0625
surrogate, 37, 20.0, 0.0625
surrogate, 37, 20.0, 0.0625
surrogate, 37, 20.0, 0.0625
surrogate, 37, 17.0, 0.03125
surrogate, 37, 17.0, 0.03125
surrogate, 37, 17.0, 0.03125
surrogate, 37, 17.0, 0.03125
surrogate, 37, 17.0, 0.03125
surrogate, 38, 31.0, 0.625
surrogate, 38, 31.0, 0.625
surrogate, 38, 31.0, 0.625
surrogate, 38, 31.0, 0.625
surrogate, 38, 31.0, 0.625
surrogate, 38, 29.0, 0.5625
surrogate, 38, 29.0, 0.5625
surrogate, 38, 27.0, 0.46875
surrogate, 38, 27.0, 0.46875
surrogate, 38, 27.0, 0.46875
surrogate, 38, 27.0, 0.46875
surrogate, 38, 26.0, 0.28125
surrogate, 38, 26.0, 0.28125
surrogate, 38, 26.0, 0.28125
surrogate, 38, 26.0, 0.28125
surrogate, 38, 26.0, 0.28125
surrogate, 38, 24.0, 0.25
surrogate, 38, 22.0, 0.125
surrogate, 38, 20.0, 0.0625
surrogate, 38, 20.0, 0.0625
surrogate, 38, 20.0, 0.0625
surrogate, 38, 20.0, 0.0625
surrogate, 38, 20.0, 0.0625
surrogate, 38, 20.0, 0.0625
surrogate, 38, 20.0, 0.0625
surrogate, 38, 20.0, 0.0625
surrogate, 38, 20.0, 0.0625
surrogate, 38, 17.0, 0.03125
surrogate, 38, 17.0, 0.03125
surrogate, 38, 17.0, 0.03125
surrogate, 38, 17.0, 0.03125
surrogate, 38, 17.0, 0.03125
surrogate, 39, 31.0, 0.65625
surrogate, 39, 29.0, 0.5625
surrogate, 39, 29.0, 0.5625
surrogate, 39, 27.0, 0.46875
surrogate, 39, 27.0, 0.46875
surrogate, 39, 27.0, 0.46875
surrogate, 39, 27.0, 0.46875
surrogate, 39, 26.0, 0.28125
surrogate, 39, 26.0, 0.28125
surrogate, 39, 26.0, 0.28125
surrogate, 39, 26.0, 0.28125
surrogate, 39, 26.0, 0.28125
surrogate, 39, 24.0, 0.25
surrogate, 39, 22.0, 0.125
surrogate, 39, 20.0, 0.0625
surrogate, 39, 20.0, 0.0625
surrogate, 39, 20.0, 0.0625
surrogate, 39, 20.0, 0.0625
surrogate, 39, 20.0, 0.0625
surrogate, 39, 20.0, 0.0625
surrogate, 39, 20.0, 0.0625
surrogate, 39, 20.0, 0.0625
surrogate, 39, 20.0, 0.0625
surrogate, 39, 17.0, 0.03125
surrogate, 39, 17.0, 0.03125
surrogate, 39, 17.0, 0.03125
surrogate, 39, 17.0, 0.03125
surrogate, 39, 17.0, 0.03125
surrogate, 40, 31.0, 0.65625
surrogate, 40, 29.0, 0.5625
surrogate, 40, 29.0, 0.5625
surrogate, 40, 27.0, 0.46875
surrogate, 40, 27.0, 0.46875
surrogate, 40, 27.0, 0.46875
surrogate, 40, 27.0, 0.46875
surrogate, 40, 26.0, 0.28125
surrogate, 40, 26.0, 0.28125
surrogate, 40, 26.0, 0.28125
surrogate, 40, 26.0, 0.28125
surrogate, 40, 26.0, 0.28125
surrogate, 40, 24.0, 0.25
surrogate, 40, 22.0, 0.125
surrogate, 40, 20.0, 0.0625
surrogate, 40, 20.0, 0.0625
surrogate, 40, 20.0, 0.0625
surrogate, 40, 20.0, 0.0625
surrogate, 40, 20.0, 0.0625
surrogate, 40, 20.0, 0.0625
surrogate, 40, 20.0, 0.0625
surrogate, 40, 20.0, 0.0625
surrogate, 40, 20.0, 0.0625
surrogate, 40, 17.0, 0.03125
surrogate, 40, 17.0, 0.03125
surrogate, 40, 17.0, 0.03125
surrogate, 40, 17.0, 0.03125
surrogate, 40, 17.0, 0.03125
surrogate, 41, 32.0, 0.6875
surrogate, 41, 31.0, 0.65625
surrogate, 41, 29.0, 0.5625
surrogate, 41, 29.0, 0.5625
surrogate, 41, 27.0, 0.46875
surrogate, 41, 27.0, 0.46875
surrogate, 41, 27.0, 0.46875
surrogate, 41, 27.0, 0.46875
surrogate, 41, 26.0, 0.28125
surrogate, 41, 26.0, 0.28125
surrogate, 41, 26.0, 0.28125
surrogate, 41, 26.0, 0.28125
surrogate, 41, 26.0, 0.28125
surrogate, 41, 24.0, 0.25
surrogate, 41, 24.0, 0.25
surrogate, 41, 22.0, 0.125
surrogate, 41, 22.0, 0.125
surrogate, 41, 20.0, 0.0625
surrogate, 41, 20.0, 0.0625
surrogate, 41, 20.0, 0.0625
surrogate, 41, 20.0, 0.0625
surrogate, 41, 20.0, 0.0625
surrogate, 41, 20.0, 0.0625
surrogate, 41, 20.0, 0.0625
surrogate, 41, 20.0, 0.0625
surrogate, 41, 20.0, 0.0625
surrogate, 41, 17.0, 0.03125
surrogate, 41, 17.0, 0.03125
surrogate, 41, 17.0, 0.03125
surrogate, 41, 17.0, 0.03125
surrogate, 41, 17.0, 0.03125
surrogate, 41, 17.0, 0.03125
surrogate, 42, 32.0, 0.6875
surrogate, 42, 31.0, 0.65625
surrogate, 42, 29.0, 0.5625
surrogate, 42, 29.0, 0.5625
surrogate, 42, 27.0, 0.46875
surrogate, 42, 27.0, 0.46875
surrogate, 42, 27.0, 0.46875
surrogate, 42, 27.0, 0.46875
surrogate, 42, 26.0, 0.28125
surrogate, 42, 26.0, 0.28125
surrogate, 42, 26.0, 0.28125
surrogate, 42, 26.0, 0.28125
surrogate, 42, 26.0, 0.28125
surrogate, 42, 24.0, 0.25
surrogate, 42, 24.0, 0.25
surrogate, 42, 22.0, 0.125
surrogate, 42, 22.0, 0.125
surrogate, 42, 20.0, 0.0625
surrogate, 42, 20.0, 0.0625
surrogate, 42, 20.0, 0.0625
surrogate, 42, 20.0, 0.0625
surrogate, 42, 20.0, 0.0625
surrogate, 42, 20.0, 0.0625
surrogate, 42, 20.0, 0.0625
surrogate, 42, 20.0, 0.0625
surrogate, 42, 20.0, 0.0625
surrogate, 42, 17.0, 0.03125
surrogate, 42, 17.0, 0.03125
surrogate, 42, 17.0, 0.03125
surrogate, 42, 17.0, 0.03125
surrogate, 42, 17.0, 0.03125
surrogate, 42, 17.0, 0.03125
surrogate, 43, 32.0, 0.6875
surrogate, 43, 32.0, 0.6875
surrogate, 43, 31.0, 0.65625
surrogate, 43, 29.0, 0.5625
surrogate, 43, 29.0, 0.5625
surrogate, 43, 29.0, 0.5625
surrogate, 43, 27.0, 0.46875
surrogate, 43, 27.0, 0.46875
surrogate, 43, 27.0, 0.46875
surrogate, 43, 27.0, 0.46875
surrogate, 43, 27.0, 0.46875
surrogate, 43, 26.0, 0.28125
surrogate, 43, 26.0, 0.28125
surrogate, 43, 26.0, 0.28125
surrogate, 43, 26.0, 0.28125
surrogate, 43, 26.0, 0.28125
surrogate, 43, 24.0, 0.25
surrogate, 43, 24.0, 0.25
surrogate, 43, 22.0, 0.125
surrogate, 43, 22.0, 0.125
surrogate, 43, 20.0, 0.0625
surrogate, 43, 20.0, 0.0625
surrogate, 43, 20.0, 0.0625
surrogate, 43, 20.0, 0.0625
surrogate, 43, 20.0, 0.0625
surrogate, 43, 20.0, 0.0625
surrogate, 43, 20.0, 0.0625
surrogate, 43, 20.0, 0.0625
surrogate, 43, 20.0, 0.0625
surrogate, 43, 17.0, 0.03125
surrogate, 43, 17.0, 0.03125
surrogate, 43, 17.0, 0.03125
surrogate, 43, 17.0, 0.03125
surrogate, 43, 17.0, 0.03125
surrogate, 43, 17.0, 0.03125
surrogate, 44, 32.0, 0.6875
surrogate, 44, 32.0, 0.6875
surrogate, 44, 31.0, 0.65625
surrogate, 44, 29.0, 0.5625
surrogate, 44, 29.0, 0.5625
surrogate, 44, 29.0, 0.5625
surrogate, 44, 27.0, 0.46875
surrogate, 44, 27.0, 0.46875
surrogate, 44, 27.0, 0.46875
surrogate, 44, 27.0, 0.46875
surrogate, 44, 27.0, 0.46875
surrogate, 44, 26.0, 0.28125
surrogate, 44, 26.0, 0.28125
surrogate, 44, 26.0, 0.28125
surrogate, 44, 26.0, 0.28125
surrogate, 44, 26.0, 0.28125
surrogate, 44, 24.0, 0.25
surrogate, 44, 24.0, 0.25
surrogate, 44, 24.0, 0.25
surrogate, 44, 22.0, 0.125
surrogate, 44, 22.0, 0.125
surrogate, 44, 20.0, 0.0625
surrogate, 44, 20.0, 0.0625
surrogate, 44, 20.0, 0.0625
surrogate, 44, 20.0, 0.0625
surrogate, 44, 20.0, 0.0625
surrogate, 44, 20.0, 0.0625
surrogate, 44, 20.0, 0.0625
surrogate, 44, 20.0, 0.0625
surrogate, 44, 20.0, 0.0625
surrogate, 44, 20.0, 0.0625
surrogate, 44, 17.0, 0.03125
surrogate, 44, 17.0, 0.03125
surrogate, 44, 17.0, 0.03125
surrogate, 44, 17.0, 0.03125
surrogate, 44, 17.0, 0.03125
surrogate, 44, 17.0, 0.03125
surrogate, 45, 32.0, 0.6875
surrogate, 45, 32.0, 0.6875
surrogate, 45, 31.0, 0.65625
surrogate, 45, 29.0, 0.5625
surrogate, 45, 29.0, 0.5625
surrogate, 45, 29.0, 0.5625
surrogate, 45, 27.0, 0.46875
surrogate, 45, 27.0, 0.46875
surrogate, 45, 27.0, 0.46875
surrogate, 45, 27.0, 0.46875
surrogate, 45, 27.0, 0.46875
surrogate, 45, 26.0, 0.28125
surrogate, 45, 26.0, 0.28125
surrogate, 45, 26.0, 0.28125
surrogate, 45, 26.0, 0.28125
surrogate, 45, 26.0, 0.28125
surrogate, 45, 24.0, 0.25
surrogate, 45, 24.0, 0.25
surrogate, 45, 24.0, 0.25
surrogate, 45, 22.0, 0.125
surrogate, 45, 22.0, 0.125
surrogate, 45, 22.0, 0.125
surrogate, 45, 20.0, 0.0625
surrogate, 45, 20.0, 0.0625
surrogate, 45, 20.0, 0.0625
surrogate, 45, 20.0, 0.0625
surrogate, 45, 20.0, 0.0625
surrogate, 45, 20.0, 0.0625
surrogate, 45, 20.0, 0.0625
surrogate, 45, 20.0, 0.0625
surrogate, 45, 20.0, 0.0625
surrogate, 45, 20.0, 0.0625
surrogate, 45, 17.0, 0.03125
surrogate, 45, 17.0, 0.03125
surrogate, 45, 17.0, 0.03125
surrogate, 45, 17.0, 0.03125
surrogate, 45, 17.0, 0.03125
surrogate, 45, 17.0, 0.03125
surrogate, 46, 32.0, 0.6875
surrogate, 46, 32.0, 0.6875
surrogate, 46, 32.0, 0.6875
surrogate, 46, 31.0, 0.65625
surrogate, 46, 29.0, 0.5625
surrogate, 46, 29.0, 0.5625
surrogate, 46, 29.0, 0.5625
surrogate, 46, 27.0, 0.46875
surrogate, 46, 27.0, 0.46875
surrogate, 46, 27.0, 0.46875
surrogate, 46, 27.0, 0.46875
surrogate, 46, 27.0, 0.46875
surrogate, 46, 27.0, 0.46875
surrogate, 46, 26.0, 0.28125
surrogate, 46, 26.0, 0.28125
surrogate, 46, 26.0, 0.28125
surrogate, 46, 26.0, 0.28125
surrogate, 46, 26.0, 0.28125
surrogate, 46, 24.0, 0.25
surrogate, 46, 24.0, 0.25
surrogate, 46, 24.0, 0.25
surrogate, 46, 22.0, 0.125
surrogate, 46, 22.0, 0.125
surrogate, 46, 22.0, 0.125
surrogate, 46, 20.0, 0.0625
surrogate, 46, 20.0, 0.0625
surrogate, 46, 20.0, 0.0625
surrogate, 46, 20.0, 0.0625
surrogate, 46, 20.0, 0.0625
surrogate, 46, 20.0, 0.0625
surrogate, 46, 20.0, 0.0625
surrogate, 46, 20.0, 0.0625
surrogate, 46, 20.0, 0.0625
surrogate, 46, 20.0, 0.0625
surrogate, 46, 17.0, 0.03125
surrogate, 46, 17.0, 0.03125
surrogate, 46, 17.0, 0.03125
surrogate, 46, 17.0, 0.03125
surrogate, 46, 17.0, 0.03125
surrogate, 46, 17.0, 0.03125
surrogate, 47, 32.0, 0.6875
surrogate, 47, 32.0, 0.6875
surrogate, 47, 32.0, 0.6875
surrogate, 47, 31.0, 0.65625
surrogate, 47, 29.0, 0.5625
surrogate, 47, 29.0, 0.5625
surrogate, 47, 29.0, 0.5625
surrogate, 47, 27.0, 0.46875
surrogate, 47, 27.0, 0.46875
surrogate, 47, 27.0, 0.46875
surrogate, 47, 27.0, 0.46875
surrogate, 47, 27.0, 0.46875
surrogate, 47, 27.0, 0.46875
surrogate, 47, 26.0, 0.28125
surrogate, 47, 26.0, 0.28125
surrogate, 47, 26.0, 0.28125
surrogate, 47, 26.0, 0.28125
surrogate, 47, 26.0, 0.28125
surrogate, 47, 24.0, 0.25
surrogate, 47, 24.0, 0.25
surrogate, 47, 24.0, 0.25
surrogate, 47, 22.0, 0.125
surrogate, 47, 22.0, 0.125
surrogate, 47, 22.0, 0.125
surrogate, 47, 22.0, 0.125
surrogate, 47, 20.0, 0.0625
surrogate, 47, 20.0, 0.0625
surrogate, 47, 20.0, 0.0625
surrogate, 47, 20.0, 0.0625
surrogate, 47, 20.0, 0.0625
surrogate, 47, 20.0, 0.0625
surrogate, 47, 20.0, 0.0625
surrogate, 47, 20.0, 0.0625
surrogate, 47, 20.0, 0.0625
surrogate, 47, 20.0, 0.0625
surrogate, 47, 17.0, 0.03125
surrogate, 47, 17.0, 0.03125
surrogate, 47, 17.0, 0.03125
surrogate, 47, 17.0, 0.03125
surrogate, 47, 17.0, 0.03125
surrogate, 47, 17.0, 0.03125
surrogate, 48, 32.0, 0.6875
surrogate, 48, 32.0, 0.6875
surrogate, 48, 32.0, 0.6875
surrogate, 48, 31.0, 0.65625
surrogate, 48, 29.0, 0.5625
surrogate, 48, 29.0, 0.5625
surrogate, 48, 29.0, 0.5625
surrogate, 48, 27.0, 0.46875
surrogate, 48, 27.0, 0.46875
surrogate, 48, 27.0, 0.46875
surrogate, 48, 27.0, 0.46875
surrogate, 48, 27.0, 0.46875
surrogate, 48, 27.0, 0.46875
surrogate, 48, 26.0, 0.28125
surrogate, 48, 26.0, 0.28125
surrogate, 48, 26.0, 0.28125
surrogate, 48, 26.0, 0.28125
surrogate, 48, 26.0, 0.28125
surrogate, 48, 24.0, 0.25
surrogate, 48, 24.0, 0.25
surrogate, 48, 24.0, 0.25
surrogate, 48, 22.0, 0.125
surrogate, 48, 22.0, 0.125
surrogate, 48, 22.0, 0.125
surrogate, 48, 22.0, 0.125
surrogate, 48, 22.0, 0.125
surrogate, 48, 20.0, 0.0625
surrogate, 48, 20.0, 0.0625
surrogate, 48, 20.0, 0.0625
surrogate, 48, 20.0, 0.0625
surrogate, 48, 20.0, 0.0625
surrogate, 48, 20.0, 0.0625
surrogate, 48, 20.0, 0.0625
surrogate, 48, 20.0, 0.0625
surrogate, 48, 20.0, 0.0625
surrogate, 48, 20.0, 0.0625
surrogate, 48, 20.0, 0.0625
surrogate, 48, 17.0, 0.03125
surrogate, 48, 17.0, 0.03125
surrogate, 48, 17.0, 0.03125
surrogate, 48, 17.0, 0.03125
surrogate, 48, 17.0, 0.03125
surrogate, 48, 17.0, 0.03125
surrogate, 49, 32.0, 0.6875
surrogate, 49, 32.0, 0.6875
surrogate, 49, 32.0, 0.6875
surrogate, 49, 31.0, 0.65625
surrogate, 49, 29.0, 0.5625
surrogate, 49, 29.0, 0.5625
surrogate, 49, 29.0, 0.5625
surrogate, 49, 27.0, 0.46875
surrogate, 49, 27.0, 0.46875
surrogate, 49, 27.0, 0.46875
surrogate, 49, 27.0, 0.46875
surrogate, 49, 27.0, 0.46875
surrogate, 49, 27.0, 0.46875
surrogate, 49, 26.0, 0.28125
surrogate, 49, 26.0, 0.28125
surrogate, 49, 26.0, 0.28125
surrogate, 49, 26.0, 0.28125
surrogate, 49, 26.0, 0.28125
surrogate, 49, 24.0, 0.25
surrogate, 49, 24.0, 0.25
surrogate, 49, 24.0, 0.25
surrogate, 49, 22.0, 0.125
surrogate, 49, 22.0, 0.125
surrogate, 49, 22.0, 0.125
surrogate, 49, 22.0, 0.125
surrogate, 49, 22.0, 0.125
surrogate, 49, 20.0, 0.0625
surrogate, 49, 20.0, 0.0625
surrogate, 49, 20.0, 0.0625
surrogate, 49, 20.0, 0.0625
surrogate, 49, 20.0, 0.0625
surrogate, 49, 20.0, 0.0625
surrogate, 49, 20.0, 0.0625
surrogate, 49, 20.0, 0.0625
surrogate, 49, 20.0, 0.0625
surrogate, 49, 20.0, 0.0625
surrogate, 49, 20.0, 0.0625
surrogate, 49, 20.0, 0.0625
surrogate, 49, 17.0, 0.03125
surrogate, 49, 17.0, 0.03125
surrogate, 49, 17.0, 0.03125
surrogate, 49, 17.0, 0.03125
surrogate, 49, 17.0, 0.03125
surrogate, 49, 17.0, 0.03125
surrogate, 50, 32.0, 0.6875
surrogate, 50, 32.0, 0.6875
surrogate, 50, 32.0, 0.6875
surrogate, 50, 31.0, 0.65625
surrogate, 50, 29.0, 0.5625
surrogate, 50, 29.0, 0.5625
surrogate, 50, 29.0, 0.5625
surrogate, 50, 27.0, 0.46875
surrogate, 50, 27.0, 0.46875
surrogate, 50, 27.0, 0.46875
surrogate, 50, 27.0, 0.46875
surrogate, 50, 27.0, 0.46875
surrogate, 50, 27.0, 0.46875
surrogate, 50, 26.0, 0.28125
surrogate, 50, 26.0, 0.28125
surrogate, 50, 26.0, 0.28125
surrogate, 50, 26.0, 0.28125
surrogate, 50, 26.0, 0.28125
surrogate, 50, 24.0, 0.25
surrogate, 50, 24.0, 0.25
surrogate, 50, 24.0, 0.25
surrogate, 50, 22.0, 0.125
surrogate, 50, 22.0, 0.125
surrogate, 50, 22.0, 0.125
surrogate, 50, 22.0, 0.125
surrogate, 50, 22.0, 0.125
surrogate, 50, 22.0, 0.125
surrogate, 50, 20.0, 0.0625
surrogate, 50, 20.0, 0.0625
surrogate, 50, 20.0, 0.0625
surrogate, 50, 20.0, 0.0625
surrogate, 50, 20.0, 0.0625
surrogate, 50, 20.0, 0.0625
surrogate, 50, 20.0, 0.0625
surrogate, 50, 20.0, 0.0625
surrogate, 50, 20.0, 0.0625
surrogate, 50, 20.0, 0.0625
surrogate, 50, 20.0, 0.0625
surrogate, 50, 20.0, 0.0625
surrogate, 50, 17.0, 0.03125
surrogate, 50, 17.0, 0.03125
surrogate, 50, 17.0, 0.03125
surrogate, 50, 17.0, 0.03125
surrogate, 50, 17.0, 0.03125
surrogate, 50, 17.0, 0.03125
surrogate, 50, 17.0, 0.03125
surrogate, 51, 32.0, 0.6875
surrogate, 51, 32.0, 0.6875
surrogate, 51, 32.0, 0.6875
surrogate, 51, 31.0, 0.65625
surrogate, 51, 29.0, 0.5625
surrogate, 51, 29.0, 0.5625
surrogate, 51, 29.0, 0.5625
surrogate, 51, 27.0, 0.46875
surrogate, 51, 27.0, 0.46875
surrogate, 51, 27.0, 0.46875
surrogate, 51, 27.0, 0.46875
surrogate, 51, 27.0, 0.46875
surrogate, 51, 27.0, 0.46875
surrogate, 51, 26.0, 0.28125
surrogate, 51, 26.0, 0.28125
surrogate, 51, 26.0, 0.28125
surrogate, 51, 26.0, 0.28125
surrogate, 51, 26.0, 0.28125
surrogate, 51, 24.0, 0.25
surrogate, 51, 24.0, 0.25
surrogate, 51, 24.0, 0.25
surrogate, 51, 22.0, 0.125
surrogate, 51, 22.0, 0.125
surrogate, 51, 22.0, 0.125
surrogate, 51, 22.0, 0.125
surrogate, 51, 22.0, 0.125
surrogate, 51, 22.0, 0.125
surrogate, 51, 20.0, 0.0625
surrogate, 51, 20.0, 0.0625
surrogate, 51, 20.0, 0.0625
surrogate, 51, 20.0, 0.0625
surrogate, 51, 20.0, 0.0625
surrogate, 51, 20.0, 0.0625
surrogate, 51, 20.0, 0.0625
surrogate, 51, 20.0, 0.0625
surrogate, 51, 20.0, 0.0625
surrogate, 51, 20.0, 0.0625
surrogate, 51, 20.0, 0.0625
surrogate, 51, 20.0, 0.0625
surrogate, 51, 17.0, 0.03125
surrogate, 51, 17.0, 0.03125
surrogate, 51, 17.0, 0.03125
surrogate, 51, 17.0, 0.03125
surrogate, 51, 17.0, 0.03125
surrogate, 51, 17.0, 0.03125
surrogate, 51, 17.0, 0.03125
surrogate, 52, 32.0, 0.6875
surrogate, 52, 32.0, 0.6875
surrogate, 52, 32.0, 0.6875
surrogate, 52, 31.0, 0.65625
surrogate, 52, 29.0, 0.5625
surrogate, 52, 29.0, 0.5625
surrogate, 52, 29.0, 0.5625
surrogate, 52, 27.0, 0.46875
surrogate, 52, 27.0, 0.46875
surrogate, 52, 27.0, 0.46875
surrogate, 52, 27.0, 0.46875
surrogate, 52, 27.0, 0.46875
surrogate, 52, 27.0, 0.46875
surrogate, 52, 26.0, 0.28125
surrogate, 52, 26.0, 0.28125
surrogate, 52, 26.0, 0.28125
surrogate, 52, 26.0, 0.28125
surrogate, 52, 26.0, 0.28125
surrogate, 52, 24.0, 0.25
surrogate, 52, 24.0, 0.25
surrogate, 52, 24.0, 0.25
surrogate, 52, 24.0, 0.25
surrogate, 52, 22.0, 0.125
surrogate, 52, 22.0, 0.125
surrogate, 52, 22.0, 0.125
surrogate, 52, 22.0, 0.125
surrogate, 52, 22.0, 0.125
surrogate, 52, 22.0, 0.125
surrogate, 52, 22.0, 0.125
surrogate, 52, 20.0, 0.0625
surrogate, 52, 20.0, 0.0625
surrogate, 52, 20.0, 0.0625
surrogate, 52, 20.0, 0.0625
surrogate, 52, 20.0, 0.0625
surrogate, 52, 20.0, 0.0625
surrogate, 52, 20.0, 0.0625
surrogate, 52, 20.0, 0.0625
surrogate, 52, 20.0, 0.0625
surrogate, 52, 20.0, 0.0625
surrogate, 52, 20.0, 0.0625
surrogate, 52, 20.0, 0.0625
surrogate, 52, 17.0, 0.03125
surrogate, 52, 17.0, 0.03125
surrogate, 52, 17.0, 0.03125
surrogate, 52, 17.0, 0.03125
surrogate, 52, 17.0, 0.03125
surrogate, 52, 17.0, 0.03125
surrogate, 52, 17.0, 0.03125
surrogate, 53, 32.0, 0.6875
surrogate, 53, 32.0, 0.6875
surrogate, 53, 32.0, 0.6875
surrogate, 53, 31.0, 0.65625
surrogate, 53, 29.0, 0.5625
surrogate, 53, 29.0, 0.5625
surrogate, 53, 29.0, 0.5625
surrogate, 53, 27.0, 0.46875
surrogate, 53, 27.0, 0.46875
surrogate, 53, 27.0, 0.46875
surrogate, 53, 27.0, 0.46875
surrogate, 53, 27.0, 0.46875
surrogate, 53, 27.0, 0.46875
surrogate, 53, 26.0, 0.28125
surrogate, 53, 26.0, 0.28125
surrogate, 53, 26.0, 0.28125
surrogate, 53, 26.0, 0.28125
surrogate, 53, 26.0, 0.28125
surrogate, 53, 24.0, 0.25
surrogate, 53, 24.0, 0.25
surrogate, 53, 24.0, 0.25
surrogate, 53, 24.0, 0.25
surrogate, 53, 22.0, 0.125
surrogate, 53, 22.0, 0.125
surrogate, 53, 22.0, 0.125
surrogate, 53, 22.0, 0.125
surrogate, 53, 22.0, 0.125
surrogate, 53, 22.0, 0.125
surrogate, 53, 22.0, 0.125
surrogate, 53, 22.0, 0.125
surrogate, 53, 20.0, 0.0625
surrogate, 53, 20.0, 0.0625
surrogate, 53, 20.0, 0.0625
surrogate, 53, 20.0, 0.0625
surrogate, 53, 20.0, 0.0625
surrogate, 53, 20.0, 0.0625
surrogate, 53, 20.0, 0.0625
surrogate, 53, 20.0, 0.0625
surrogate, 53, 20.0, 0.0625
surrogate, 53, 20.0, 0.0625
surrogate, 53, 20.0, 0.0625
surrogate, 53, 20.0, 0.0625
surrogate, 53, 17.0, 0.03125
surrogate, 53, 17.0, 0.03125
surrogate, 53, 17.0, 0.03125
surrogate, 53, 17.0, 0.03125
surrogate, 53, 17.0, 0.03125
surrogate, 53, 17.0, 0.03125
surrogate, 53, 17.0, 0.03125
surrogate, 54, 32.0, 0.6875
surrogate, 54, 32.0, 0.6875
surrogate, 54, 32.0, 0.6875
surrogate, 54, 31.0, 0.65625
surrogate, 54, 29.0, 0.5625
surrogate, 54, 29.0, 0.5625
surrogate, 54, 29.0, 0.5625
surrogate, 54, 27.0, 0.46875
surrogate, 54, 27.0, 0.46875
surrogate, 54, 27.0, 0.46875
surrogate, 54, 27.0, 0.46875
surrogate, 54, 27.0, 0.46875
surrogate, 54, 27.0, 0.46875
surrogate, 54, 26.0, 0.28125
surrogate, 54, 26.0, 0.28125
surrogate, 54, 26.0, 0.28125
surrogate, 54, 26.0, 0.28125
surrogate, 54, 26.0, 0.28125
surrogate, 54, 24.0, 0.25
surrogate, 54, 24.0, 0.25
surrogate, 54, 24.0, 0.25
surrogate, 54, 24.0, 0.25
surrogate, 54, 22.0, 0.125
surrogate, 54, 22.0, 0.125
surrogate, 54, 22.0, 0.125
surrogate, 54, 22.0, 0.125
surrogate, 54, 22.0, 0.125
surrogate, 54, 22.0, 0.125
surrogate, 54, 22.0, 0.125
surrogate, 54, 22.0, 0.125
surrogate, 54, 20.0, 0.0625
surrogate, 54, 20.0, 0.0625
surrogate, 54, 20.0, 0.0625
surrogate, 54, 20.0, 0.0625
surrogate, 54, 20.0, 0.0625
surrogate, 54, 20.0, 0.0625
surrogate, 54, 20.0, 0.0625
surrogate, 54, 20.0, 0.0625
surrogate, 54, 20.0, 0.0625
surrogate, 54, 20.0, 0.0625
surrogate, 54, 20.0, 0.0625
surrogate, 54, 20.0, 0.0625
surrogate, 54, 17.0, 0.03125
surrogate, 54, 17.0, 0.03125
surrogate, 54, 17.0, 0.03125
surrogate, 54, 17.0, 0.03125
surrogate, 54, 17.0, 0.03125
surrogate, 54, 17.0, 0.03125
surrogate, 54, 17.0, 0.03125
surrogate, 55, 32.0, 0.6875
surrogate, 55, 32.0, 0.6875
surrogate, 55, 32.0, 0.6875
surrogate, 55, 31.0, 0.65625
surrogate, 55, 29.0, 0.5625
surrogate, 55, 29.0, 0.5625
surrogate, 55, 29.0, 0.5625
surrogate, 55, 27.0, 0.46875
surrogate, 55, 27.0, 0.46875
surrogate, 55, 27.0, 0.46875
surrogate, 55, 27.0, 0.46875
surrogate, 55, 27.0, 0.46875
surrogate, 55, 27.0, 0.46875
surrogate, 55, 26.0, 0.28125
surrogate, 55, 26.0, 0.28125
surrogate, 55, 26.0, 0.28125
surrogate, 55, 26.0, 0.28125
surrogate, 55, 26.0, 0.28125
surrogate, 55, 24.0, 0.25
surrogate, 55, 24.0, 0.25
surrogate, 55, 24.0, 0.25
surrogate, 55, 24.0, 0.25
surrogate, 55, 22.0, 0.125
surrogate, 55, 22.0, 0.125
surrogate, 55, 22.0, 0.125
surrogate, 55, 22.0, 0.125
surrogate, 55, 22.0, 0.125
surrogate, 55, 22.0, 0.125
surrogate, 55, 22.0, 0.125
surrogate, 55, 22.0, 0.125
surrogate, 55, 20.0, 0.0625
surrogate, 55, 20.0, 0.0625
surrogate, 55, 20.0, 0.0625
surrogate, 55, 20.0, 0.0625
surrogate, 55, 20.0, 0.0625
surrogate, 55, 20.0, 0.0625
surrogate, 55, 20.0, 0.0625
surrogate, 55, 20.0, 0.0625
surrogate, 55, 20.0, 0.0625
surrogate, 55, 20.0, 0.0625
surrogate, 55, 20.0, 0.0625
surrogate, 55, 20.0, 0.0625
surrogate, 55, 17.0, 0.03125
surrogate, 55, 17.0, 0.03125
surrogate, 55, 17.0, 0.03125
surrogate, 55, 17.0, 0.03125
surrogate, 55, 17.0, 0.03125
surrogate, 55, 17.0, 0.03125
surrogate, 55, 17.0, 0.03125
surrogate, 56, 32.0, 0.6875
surrogate, 56, 32.0, 0.6875
surrogate, 56, 32.0, 0.6875
surrogate, 56, 31.0, 0.65625
surrogate, 56, 29.0, 0.5625
surrogate, 56, 29.0, 0.5625
surrogate, 56, 29.0, 0.5625
surrogate, 56, 27.0, 0.46875
surrogate, 56, 27.0, 0.46875
surrogate, 56, 27.0, 0.46875
surrogate, 56, 27.0, 0.46875
surrogate, 56, 27.0, 0.46875
surrogate, 56, 27.0, 0.46875
surrogate, 56, 26.0, 0.28125
surrogate, 56, 26.0, 0.28125
surrogate, 56, 26.0, 0.28125
surrogate, 56, 26.0, 0.28125
surrogate, 56, 26.0, 0.28125
surrogate, 56, 24.0, 0.25
surrogate, 56, 24.0, 0.25
surrogate, 56, 24.0, 0.25
surrogate, 56, 24.0, 0.25
surrogate, 56, 22.0, 0.125
surrogate, 56, 22.0, 0.125
surrogate, 56, 22.0, 0.125
surrogate, 56, 22.0, 0.125
surrogate, 56, 22.0, 0.125
surrogate, 56, 22.0, 0.125
surrogate, 56, 22.0, 0.125
surrogate, 56, 22.0, 0.125
surrogate, 56, 20.0, 0.0625
surrogate, 56, 20.0, 0.0625
surrogate, 56, 20.0, 0.0625
surrogate, 56, 20.0, 0.0625
surrogate, 56, 20.0, 0.0625
surrogate, 56, 20.0, 0.0625
surrogate, 56, 20.0, 0.0625
surrogate, 56, 20.0, 0.0625
surrogate, 56, 20.0, 0.0625
surrogate, 56, 20.0, 0.0625
surrogate, 56, 20.0, 0.0625
surrogate, 56, 20.0, 0.0625
surrogate, 56, 17.0, 0.03125
surrogate, 56, 17.0, 0.03125
surrogate, 56, 17.0, 0.03125
surrogate, 56, 17.0, 0.03125
surrogate, 56, 17.0, 0.03125
surrogate, 56, 17.0, 0.03125
surrogate, 56, 17.0, 0.03125
surrogate, 57, 32.0, 0.6875
surrogate, 57, 32.0, 0.6875
surrogate, 57, 32.0, 0.6875
surrogate, 57, 31.0, 0.65625
surrogate, 57, 29.0, 0.5625
surrogate, 57, 29.0, 0.5625
surrogate, 57, 29.0, 0.5625
surrogate, 57, 29.0, 0.5625
surrogate, 57, 27.0, 0.46875
surrogate, 57, 27.0, 0.46875
surrogate, 57, 27.0, 0.46875
surrogate, 57, 27.0, 0.46875
surrogate, 57, 27.0, 0.46875
surrogate, 57, 27.0, 0.46875
surrogate, 57, 26.0, 0.28125
surrogate, 57, 26.0, 0.28125
surrogate, 57, 26.0, 0.28125
surrogate, 57, 26.0, 0.28125
surrogate, 57, 26.0, 0.28125
surrogate, 57, 24.0, 0.25
surrogate, 57, 24.0, 0.25
surrogate, 57, 24.0, 0.25
surrogate, 57, 24.0, 0.25
surrogate, 57, 22.0, 0.125
surrogate, 57, 22.0, 0.125
surrogate, 57, 22.0, 0.125
surrogate, 57, 22.0, 0.125
surrogate, 57, 22.0, 0.125
surrogate, 57, 22.0, 0.125
surrogate, 57, 22.0, 0.125
surrogate, 57, 22.0, 0.125
surrogate, 57, 20.0, 0.0625
surrogate, 57, 20.0, 0.0625
surrogate, 57, 20.0, 0.0625
surrogate, 57, 20.0, 0.0625
surrogate, 57, 20.0, 0.0625
surrogate, 57, 20.0, 0.0625
surrogate, 57, 20.0, 0.0625
surrogate, 57, 20.0, 0.0625
surrogate, 57, 20.0, 0.0625
surrogate, 57, 20.0, 0.0625
surrogate, 57, 20.0, 0.0625
surrogate, 57, 20.0, 0.0625
surrogate, 57, 20.0, 0.0625
surrogate, 57, 17.0, 0.03125
surrogate, 57, 17.0, 0.03125
surrogate, 57, 17.0, 0.03125
surrogate, 57, 17.0, 0.03125
surrogate, 57, 17.0, 0.03125
surrogate, 57, 17.0, 0.03125
surrogate, 57, 17.0, 0.03125
surrogate, 58, 32.0, 0.6875
surrogate, 58, 32.0, 0.6875
surrogate, 58, 32.0, 0.6875
surrogate, 58, 31.0, 0.65625
surrogate, 58, 29.0, 0.5625
surrogate, 58, 29.0, 0.5625
surrogate, 58, 29.0, 0.5625
surrogate, 58, 29.0, 0.5625
surrogate, 58, 27.0, 0.46875
surrogate, 58, 27.0, 0.46875
surrogate, 58, 27.0, 0.46875
surrogate, 58, 27.0, 0.46875
surrogate, 58, 27.0, 0.46875
surrogate, 58, 27.0, 0.46875
surrogate, 58, 26.0, 0.28125
surrogate, 58, 26.0, 0.28125
surrogate, 58, 26.0, 0.28125
surrogate, 58, 26.0, 0.28125
surrogate, 58, 26.0, 0.28125
surrogate, 58, 24.0, 0.25
surrogate, 58, 24.0, 0.25
surrogate, 58, 24.0, 0.25
surrogate, 58, 24.0, 0.25
surrogate, 58, 22.0, 0.125
surrogate, 58, 22.0, 0.125
surrogate, 58, 22.0, 0.125
surrogate, 58, 22.0, 0.125
surrogate, 58, 22.0, 0.125
surrogate, 58, 22.0, 0.125
surrogate, 58, 22.0, 0.125
surrogate, 58, 22.0, 0.125
surrogate, 58, 20.0, 0.0625
surrogate, 58, 20.0, 0.0625
surrogate, 58, 20.0, 0.0625
surrogate, 58, 20.0, 0.0625
surrogate, 58, 20.0, 0.0625
surrogate, 58, 20.0, 0.0625
surrogate, 58, 20.0, 0.0625
surrogate, 58, 20.0, 0.0625
surrogate, 58, 20.0, 0.0625
surrogate, 58, 20.0, 0.0625
surrogate, 58, 20.0, 0.0625
surrogate, 58, 20.0, 0.0625
surrogate, 58, 20.0, 0.0625
surrogate, 58, 17.0, 0.03125
surrogate, 58, 17.0, 0.03125
surrogate, 58, 17.0, 0.03125
surrogate, 58, 17.0, 0.03125
surrogate, 58, 17.0, 0.03125
surrogate, 58, 17.0, 0.03125
surrogate, 58, 17.0, 0.03125
surrogate, 59, 32.0, 0.6875
surrogate, 59, 32.0, 0.6875
surrogate, 59, 32.0, 0.6875
surrogate, 59, 31.0, 0.65625
surrogate, 59, 29.0, 0.5625
surrogate, 59, 29.0, 0.5625
surrogate, 59, 29.0, 0.5625
surrogate, 59, 29.0, 0.5625
surrogate, 59, 27.0, 0.46875
surrogate, 59, 27.0, 0.46875
surrogate, 59, 27.0, 0.46875
surrogate, 59, 27.0, 0.46875
surrogate, 59, 27.0, 0.46875
surrogate, 59, 27.0, 0.46875
surrogate, 59, 26.0, 0.28125
surrogate, 59, 26.0, 0.28125
surrogate, 59, 26.0, 0.28125
surrogate, 59, 26.0, 0.28125
surrogate, 59, 26.0, 0.28125
surrogate, 59, 24.0, 0.25
surrogate, 59, 24.0, 0.25
surrogate, 59, 24.0, 0.25
surrogate, 59, 24.0, 0.25
surrogate, 59, 22.0, 0.125
surrogate, 59, 22.0, 0.125
surrogate, 59, 22.0, 0.125
surrogate, 59, 22.0, 0.125
surrogate, 59, 22.0, 0.125
surrogate, 59, 22.0, 0.125
surrogate, 59, 22.0, 0.125
surrogate, 59, 22.0, 0.125
surrogate, 59, 20.0, 0.0625
surrogate, 59, 20.0, 0.0625
surrogate, 59, 20.0, 0.0625
surrogate, 59, 20.0, 0.0625
surrogate, 59, 20.0, 0.0625
surrogate, 59, 20.0, 0.0625
surrogate, 59, 20.0, 0.0625
surrogate, 59, 20.0, 0.0625
surrogate, 59, 20.0, 0.0625
surrogate, 59, 20.0, 0.0625
surrogate, 59, 20.0, 0.0625
surrogate, 59, 20.0, 0.0625
surrogate, 59, 20.0, 0.0625
surrogate, 59, 17.0, 0.03125
surrogate, 59, 17.0, 0.03125
surrogate, 59, 17.0, 0.03125
surrogate, 59, 17.0, 0.03125
surrogate, 59, 17.0, 0.03125
surrogate, 59, 17.0, 0.03125
surrogate, 59, 17.0, 0.03125
surrogate, 60, 32.0, 0.6875
surrogate, 60, 32.0, 0.6875
surrogate, 60, 32.0, 0.6875
surrogate, 60, 31.0, 0.65625
surrogate, 60, 29.0, 0.5625
surrogate, 60, 29.0, 0.5625
surrogate, 60, 29.0, 0.5625
surrogate, 60, 29.0, 0.5625
surrogate, 60, 27.0, 0.46875
surrogate, 60, 27.0, 0.46875
surrogate, 60, 27.0, 0.46875
surrogate, 60, 27.0, 0.46875
surrogate, 60, 27.0, 0.46875
surrogate, 60, 27.0, 0.46875
surrogate, 60, 26.0, 0.28125
surrogate, 60, 26.0, 0.28125
surrogate, 60, 26.0, 0.28125
surrogate, 60, 26.0, 0.28125
surrogate, 60, 26.0, 0.28125
surrogate, 60, 24.0, 0.25
surrogate, 60, 24.0, 0.25
surrogate, 60, 24.0, 0.25
surrogate, 60, 24.0, 0.25
surrogate, 60, 24.0, 0.25
surrogate, 60, 22.0, 0.125
surrogate, 60, 22.0, 0.125
surrogate, 60, 22.0, 0.125
surrogate, 60, 22.0, 0.125
surrogate, 60, 22.0, 0.125
surrogate, 60, 22.0, 0.125
surrogate, 60, 22.0, 0.125
surrogate, 60, 22.0, 0.125
surrogate, 60, 22.0, 0.125
surrogate, 60, 19.0, 0.0625
surrogate, 60, 17.0, 0.03125
surrogate, 60, 17.0, 0.03125
surrogate, 60, 17.0, 0.03125
surrogate, 60, 17.0, 0.03125
surrogate, 60, 17.0, 0.03125
surrogate, 60, 17.0, 0.03125
surrogate, 60, 17.0, 0.03125
surrogate, 60, 17.0, 0.03125
surrogate, 61, 32.0, 0.6875
surrogate, 61, 32.0, 0.6875
surrogate, 61, 32.0, 0.6875
surrogate, 61, 31.0, 0.65625
surrogate, 61, 29.0, 0.5625
surrogate, 61, 29.0, 0.5625
surrogate, 61, 29.0, 0.5625
surrogate, 61, 29.0, 0.5625
surrogate, 61, 27.0, 0.46875
surrogate, 61, 27.0, 0.46875
surrogate, 61, 27.0, 0.46875
surrogate, 61, 27.0, 0.46875
surrogate, 61, 27.0, 0.46875
surrogate, 61, 27.0, 0.46875
surrogate, 61, 26.0, 0.28125
surrogate, 61, 26.0, 0.28125
surrogate, 61, 26.0, 0.28125
surrogate, 61, 26.0, 0.28125
surrogate, 61, 26.0, 0.28125
surrogate, 61, 24.0, 0.25
surrogate, 61, 24.0, 0.25
surrogate, 61, 24.0, 0.25
surrogate, 61, 24.0, 0.25
surrogate, 61, 24.0, 0.25
surrogate, 61, 22.0, 0.125
surrogate, 61, 22.0, 0.125
surrogate, 61, 22.0, 0.125
surrogate, 61, 22.0, 0.125
surrogate, 61, 22.0, 0.125
surrogate, 61, 22.0, 0.125
surrogate, 61, 22.0, 0.125
surrogate, 61, 22.0, 0.125
surrogate, 61, 22.0, 0.125
surrogate, 61, 19.0, 0.0625
surrogate, 61, 17.0, 0.03125
surrogate, 61, 17.0, 0.03125
surrogate, 61, 17.0, 0.03125
surrogate, 61, 17.0, 0.03125
surrogate, 61, 17.0, 0.03125
surrogate, 61, 17.0, 0.03125
surrogate, 61, 17.0, 0.03125
surrogate, 61, 17.0, 0.03125
surrogate, 62, 32.0, 0.6875
surrogate, 62, 32.0, 0.6875
surrogate, 62, 32.0, 0.6875
surrogate, 62, 31.0, 0.65625
surrogate, 62, 29.0, 0.5625
surrogate, 62, 29.0, 0.5625
surrogate, 62, 29.0, 0.5625
surrogate, 62, 29.0, 0.5625
surrogate, 62, 27.0, 0.46875
surrogate, 62, 27.0, 0.46875
surrogate, 62, 27.0, 0.46875
surrogate, 62, 27.0, 0.46875
surrogate, 62, 27.0, 0.46875
surrogate, 62, 27.0, 0.46875
surrogate, 62, 26.0, 0.28125
surrogate, 62, 26.0, 0.28125
surrogate, 62, 26.0, 0.28125
surrogate, 62, 26.0, 0.28125
surrogate, 62, 26.0, 0.28125
surrogate, 62, 24.0, 0.25
surrogate, 62, 24.0, 0.25
surrogate, 62, 24.0, 0.25
surrogate, 62, 24.0, 0.25
surrogate, 62, 24.0, 0.25
surrogate, 62, 22.0, 0.125
surrogate, 62, 22.0, 0.125
surrogate, 62, 22.0, 0.125
surrogate, 62, 22.0, 0.125
surrogate, 62, 22.0, 0.125
surrogate, 62, 22.0, 0.125
surrogate, 62, 22.0, 0.125
surrogate, 62, 22.0, 0.125
surrogate, 62, 22.0, 0.125
surrogate, 62, 19.0, 0.0625
surrogate, 62, 17.0, 0.03125
surrogate, 62, 17.0, 0.03125
surrogate, 62, 17.0, 0.03125
surrogate, 62, 17.0, 0.03125
surrogate, 62, 17.0, 0.03125
surrogate, 62, 17.0, 0.03125
surrogate, 62, 17.0, 0.03125
surrogate, 62, 17.0, 0.03125
surrogate, 63, 32.0, 0.6875
surrogate, 63, 32.0, 0.6875
surrogate, 63, 32.0, 0.6875
surrogate, 63, 31.0, 0.65625
surrogate, 63, 29.0, 0.5625
surrogate, 63, 29.0, 0.5625
surrogate, 63, 29.0, 0.5625
surrogate, 63, 29.0, 0.5625
surrogate, 63, 27.0, 0.46875
surrogate, 63, 27.0, 0.46875
surrogate, 63, 27.0, 0.46875
surrogate, 63, 27.0, 0.46875
surrogate, 63, 27.0, 0.46875
surrogate, 63, 27.0, 0.46875
surrogate, 63, 26.0, 0.28125
surrogate, 63, 26.0, 0.28125
surrogate, 63, 26.0, 0.28125
surrogate, 63, 26.0, 0.28125
surrogate, 63, 26.0, 0.28125
surrogate, 63, 24.0, 0.25
surrogate, 63, 24.0, 0.25
surrogate, 63, 24.0, 0.25
surrogate, 63, 24.0, 0.25
surrogate, 63, 24.0, 0.25
surrogate, 63, 22.0, 0.125
surrogate, 63, 22.0, 0.125
surrogate, 63, 22.0, 0.125
surrogate, 63, 22.0, 0.125
surrogate, 63, 22.0, 0.125
surrogate, 63, 22.0, 0.125
surrogate, 63, 22.0, 0.125
surrogate, 63, 22.0, 0.125
surrogate, 63, 22.0, 0.125
surrogate, 63, 19.0, 0.0625
surrogate, 63, 17.0, 0.03125
surrogate, 63, 17.0, 0.03125
surrogate, 63, 17.0, 0.03125
surrogate, 63, 17.0, 0.03125
surrogate, 63, 17.0, 0.03125
surrogate, 63, 17.0, 0.03125
surrogate, 63, 17.0, 0.03125
surrogate, 63, 17.0, 0.03125
surrogate, 64, 32.0, 0.6875
surrogate, 64, 32.0, 0.6875
surrogate, 64, 32.0, 0.6875
surrogate, 64, 31.0, 0.65625
surrogate, 64, 31.0, 0.65625
surrogate, 64, 29.0, 0.5625
surrogate, 64, 29.0, 0.5625
surrogate, 64, 29.0, 0.5625
surrogate, 64, 29.0, 0.5625
surrogate, 64, 29.0, 0.5625
surrogate, 64, 27.0, 0.46875
surrogate, 64, 27.0, 0.46875
surrogate, 64, 27.0, 0.46875
surrogate, 64, 27.0, 0.46875
surrogate, 64, 27.0, 0.46875
surrogate, 64, 27.0, 0.46875
surrogate, 64, 26.0, 0.28125
surrogate, 64, 26.0, 0.28125
surrogate, 64, 26.0, 0.28125
surrogate, 64, 26.0, 0.28125
surrogate, 64, 26.0, 0.28125
surrogate, 64, 26.0, 0.28125
surrogate, 64, 24.0, 0.25
surrogate, 64, 24.0, 0.25
surrogate, 64, 24.0, 0.25
surrogate, 64, 24.0, 0.25
surrogate, 64, 24.0, 0.25
surrogate, 64, 22.0, 0.125
surrogate, 64, 22.0, 0.125
surrogate, 64, 22.0, 0.125
surrogate, 64, 22.0, 0.125
surrogate, 64, 22.0, 0.125
surrogate, 64, 22.0, 0.125
surrogate, 64, 22.0, 0.125
surrogate, 64, 22.0, 0.125
surrogate, 64, 22.0, 0.125
surrogate, 64, 22.0, 0.125
surrogate, 64, 19.0, 0.0625
surrogate, 64, 17.0, 0.03125
surrogate, 64, 17.0, 0.03125
surrogate, 64, 17.0, 0.03125
surrogate, 64, 17.0, 0.03125
surrogate, 64, 17.0, 0.03125
surrogate, 64, 17.0, 0.03125
surrogate, 64, 17.0, 0.03125
surrogate, 64, 17.0, 0.03125
surrogate, 65, 32.0, 0.6875
surrogate, 65, 32.0, 0.6875
surrogate, 65, 32.0, 0.6875
surrogate, 65, 31.0, 0.65625
surrogate, 65, 31.0, 0.65625
surrogate, 65, 29.0, 0.5625
surrogate, 65, 29.0, 0.5625
surrogate, 65, 29.0, 0.5625
surrogate, 65, 29.0, 0.5625
surrogate, 65, 29.0, 0.5625
surrogate, 65, 27.0, 0.46875
surrogate, 65, 27.0, 0.46875
surrogate, 65, 27.0, 0.46875
surrogate, 65, 27.0, 0.46875
surrogate, 65, 27.0, 0.46875
surrogate, 65, 27.0, 0.46875
surrogate, 65, 26.0, 0.28125
surrogate, 65, 26.0, 0.28125
surrogate, 65, 26.0, 0.28125
surrogate, 65, 26.0, 0.28125
surrogate, 65, 26.0, 0.28125
surrogate, 65, 26.0, 0.28125
surrogate, 65, 24.0, 0.25
surrogate, 65, 24.0, 0.25
surrogate, 65, 24.0, 0.25
surrogate, 65, 24.0, 0.25
surrogate, 65, 24.0, 0.25
surrogate, 65, 22.0, 0.125
surrogate, 65, 22.0, 0.125
surrogate, 65, 22.0, 0.125
surrogate, 65, 22.0, 0.125
surrogate, 65, 22.0, 0.125
surrogate, 65, 22.0, 0.125
surrogate, 65, 22.0, 0.125
surrogate, 65, 22.0, 0.125
surrogate, 65, 22.0, 0.125
surrogate, 65, 22.0, 0.125
surrogate, 65, 19.0, 0.0625
surrogate, 65, 19.0, 0.0625
surrogate, 65, 17.0, 0.03125
surrogate, 65, 17.0, 0.03125
surrogate, 65, 17.0, 0.03125
surrogate, 65, 17.0, 0.03125
surrogate, 65, 17.0, 0.03125
surrogate, 65, 17.0, 0.03125
surrogate, 65, 17.0, 0.03125
surrogate, 65, 17.0, 0.03125
surrogate, 65, 17.0, 0.03125
surrogate, 66, 32.0, 0.6875
surrogate, 66, 32.0, 0.6875
surrogate, 66, 32.0, 0.6875
surrogate, 66, 31.0, 0.65625
surrogate, 66, 31.0, 0.65625
surrogate, 66, 31.0, 0.65625
surrogate, 66, 29.0, 0.5625
surrogate, 66, 29.0, 0.5625
surrogate, 66, 29.0, 0.5625
surrogate, 66, 29.0, 0.5625
surrogate, 66, 29.0, 0.5625
surrogate, 66, 27.0, 0.46875
surrogate, 66, 27.0, 0.46875
surrogate, 66, 27.0, 0.46875
surrogate, 66, 27.0, 0.46875
surrogate, 66, 27.0, 0.46875
surrogate, 66, 27.0, 0.46875
surrogate, 66, 26.0, 0.28125
surrogate, 66, 26.0, 0.28125
surrogate, 66, 26.0, 0.28125
surrogate, 66, 26.0, 0.28125
surrogate, 66, 26.0, 0.28125
surrogate, 66, 26.0, 0.28125
surrogate, 66, 24.0, 0.25
surrogate, 66, 24.0, 0.25
surrogate, 66, 24.0, 0.25
surrogate, 66, 24.0, 0.25
surrogate, 66, 24.0, 0.25
surrogate, 66, 22.0, 0.125
surrogate, 66, 22.0, 0.125
surrogate, 66, 22.0, 0.125
surrogate, 66, 22.0, 0.125
surrogate, 66, 22.0, 0.125
surrogate, 66, 22.0, 0.125
surrogate, 66, 22.0, 0.125
surrogate, 66, 22.0, 0.125
surrogate, 66, 22.0, 0.125
surrogate, 66, 22.0, 0.125
surrogate, 66, 19.0, 0.0625
surrogate, 66, 19.0, 0.0625
surrogate, 66, 17.0, 0.03125
surrogate, 66, 17.0, 0.03125
surrogate, 66, 17.0, 0.03125
surrogate, 66, 17.0, 0.03125
surrogate, 66, 17.0, 0.03125
surrogate, 66, 17.0, 0.03125
surrogate, 66, 17.0, 0.03125
surrogate, 66, 17.0, 0.03125
surrogate, 66, 17.0, 0.03125
surrogate, 67, 32.0, 0.6875
surrogate, 67, 32.0, 0.6875
surrogate, 67, 32.0, 0.6875
surrogate, 67, 31.0, 0.65625
surrogate, 67, 31.0, 0.65625
surrogate, 67, 31.0, 0.65625
surrogate, 67, 29.0, 0.5625
surrogate, 67, 29.0, 0.5625
surrogate, 67, 29.0, 0.5625
surrogate, 67, 29.0, 0.5625
surrogate, 67, 29.0, 0.5625
surrogate, 67, 27.0, 0.46875
surrogate, 67, 27.0, 0.46875
surrogate, 67, 27.0, 0.46875
surrogate, 67, 27.0, 0.46875
surrogate, 67, 27.0, 0.46875
surrogate, 67, 27.0, 0.46875
surrogate, 67, 26.0, 0.28125
surrogate, 67, 26.0, 0.28125
surrogate, 67, 26.0, 0.28125
surrogate, 67, 26.0, 0.28125
surrogate, 67, 26.0, 0.28125
surrogate, 67, 26.0, 0.28125
surrogate, 67, 24.0, 0.25
surrogate, 67, 24.0, 0.25
surrogate, 67, 24.0, 0.25
surrogate, 67, 24.0, 0.25
surrogate, 67, 24.0, 0.25
surrogate, 67, 22.0, 0.125
surrogate, 67, 22.0, 0.125
surrogate, 67, 22.0, 0.125
surrogate, 67, 22.0, 0.125
surrogate, 67, 22.0, 0.125
surrogate, 67, 22.0, 0.125
surrogate, 67, 22.0, 0.125
surrogate, 67, 22.0, 0.125
surrogate, 67, 22.0, 0.125
surrogate, 67, 22.0, 0.125
surrogate, 67, 19.0, 0.0625
surrogate, 67, 19.0, 0.0625
surrogate, 67, 17.0, 0.03125
surrogate, 67, 17.0, 0.03125
surrogate, 67, 17.0, 0.03125
surrogate, 67, 17.0, 0.03125
surrogate, 67, 17.0, 0.03125
surrogate, 67, 17.0, 0.03125
surrogate, 67, 17.0, 0.03125
surrogate, 67, 17.0, 0.03125
surrogate, 67, 17.0, 0.03125
surrogate, 68, 32.0, 0.6875
surrogate, 68, 32.0, 0.6875
surrogate, 68, 32.0, 0.6875
surrogate, 68, 31.0, 0.65625
surrogate, 68, 31.0, 0.65625
surrogate, 68, 31.0, 0.65625
surrogate, 68, 29.0, 0.5625
surrogate, 68, 29.0, 0.5625
surrogate, 68, 29.0, 0.5625
surrogate, 68, 29.0, 0.5625
surrogate, 68, 29.0, 0.5625
surrogate, 68, 27.0, 0.46875
surrogate, 68, 27.0, 0.46875
surrogate, 68, 27.0, 0.46875
surrogate, 68, 27.0, 0.46875
surrogate, 68, 27.0, 0.46875
surrogate, 68, 27.0, 0.46875
surrogate, 68, 27.0, 0.46875
surrogate, 68, 26.0, 0.28125
surrogate, 68, 26.0, 0.28125
surrogate, 68, 26.0, 0.28125
surrogate, 68, 26.0, 0.28125
surrogate, 68, 26.0, 0.28125
surrogate, 68, 26.0, 0.28125
surrogate, 68, 24.0, 0.25
surrogate, 68, 24.0, 0.25
surrogate, 68, 24.0, 0.25
surrogate, 68, 24.0, 0.25
surrogate, 68, 24.0, 0.25
surrogate, 68, 22.0, 0.125
surrogate, 68, 22.0, 0.125
surrogate, 68, 22.0, 0.125
surrogate, 68, 22.0, 0.125
surrogate, 68, 22.0, 0.125
surrogate, 68, 22.0, 0.125
surrogate, 68, 22.0, 0.125
surrogate, 68, 22.0, 0.125
surrogate, 68, 22.0, 0.125
surrogate, 68, 22.0, 0.125
surrogate, 68, 19.0, 0.0625
surrogate, 68, 19.0, 0.0625
surrogate, 68, 17.0, 0.03125
surrogate, 68, 17.0, 0.03125
surrogate, 68, 17.0, 0.03125
surrogate, 68, 17.0, 0.03125
surrogate, 68, 17.0, 0.03125
surrogate, 68, 17.0, 0.03125
surrogate, 68, 17.0, 0.03125
surrogate, 68, 17.0, 0.03125
surrogate, 68, 17.0, 0.03125
surrogate, 69, 32.0, 0.6875
surrogate, 69, 32.0, 0.6875
surrogate, 69, 32.0, 0.6875
surrogate, 69, 31.0, 0.65625
surrogate, 69, 31.0, 0.65625
surrogate, 69, 31.0, 0.65625
surrogate, 69, 29.0, 0.5625
surrogate, 69, 29.0, 0.5625
surrogate, 69, 29.0, 0.5625
surrogate, 69, 29.0, 0.5625
surrogate, 69, 29.0, 0.5625
surrogate, 69, 27.0, 0.46875
surrogate, 69, 27.0, 0.46875
surrogate, 69, 27.0, 0.46875
surrogate, 69, 27.0, 0.46875
surrogate, 69, 27.0, 0.46875
surrogate, 69, 27.0, 0.46875
surrogate, 69, 27.0, 0.46875
surrogate, 69, 26.0, 0.28125
surrogate, 69, 26.0, 0.28125
surrogate, 69, 26.0, 0.28125
surrogate, 69, 26.0, 0.28125
surrogate, 69, 26.0, 0.28125
surrogate, 69, 26.0, 0.28125
surrogate, 69, 24.0, 0.25
surrogate, 69, 24.0, 0.25
surrogate, 69, 24.0, 0.25
surrogate, 69, 24.0, 0.25
surrogate, 69, 24.0, 0.25
surrogate, 69, 22.0, 0.125
surrogate, 69, 22.0, 0.125
surrogate, 69, 22.0, 0.125
surrogate, 69, 22.0, 0.125
surrogate, 69, 22.0, 0.125
surrogate, 69, 22.0, 0.125
surrogate, 69, 22.0, 0.125
surrogate, 69, 22.0, 0.125
surrogate, 69, 22.0, 0.125
surrogate, 69, 22.0, 0.125
surrogate, 69, 19.0, 0.0625
surrogate, 69, 19.0, 0.0625
surrogate, 69, 19.0, 0.0625
surrogate, 69, 17.0, 0.03125
surrogate, 69, 17.0, 0.03125
surrogate, 69, 17.0, 0.03125
surrogate, 69, 17.0, 0.03125
surrogate, 69, 17.0, 0.03125
surrogate, 69, 17.0, 0.03125
surrogate, 69, 17.0, 0.03125
surrogate, 69, 17.0, 0.03125
surrogate, 69, 17.0, 0.03125
surrogate, 70, 32.0, 0.6875
surrogate, 70, 32.0, 0.6875
surrogate, 70, 32.0, 0.6875
surrogate, 70, 32.0, 0.6875
surrogate, 70, 31.0, 0.65625
surrogate, 70, 31.0, 0.65625
surrogate, 70, 31.0, 0.65625
surrogate, 70, 29.0, 0.5625
surrogate, 70, 29.0, 0.5625
surrogate, 70, 29.0, 0.5625
surrogate, 70, 29.0, 0.5625
surrogate, 70, 29.0, 0.5625
surrogate, 70, 27.0, 0.46875
surrogate, 70, 27.0, 0.46875
surrogate, 70, 27.0, 0.46875
surrogate, 70, 27.0, 0.46875
surrogate, 70, 27.0, 0.46875
surrogate, 70, 27.0, 0.46875
surrogate, 70, 27.0, 0.46875
surrogate, 70, 26.0, 0.28125
surrogate, 70, 26.0, 0.28125
surrogate, 70, 26.0, 0.28125
surrogate, 70, 26.0, 0.28125
surrogate, 70, 26.0, 0.28125
surrogate, 70, 26.0, 0.28125
surrogate, 70, 24.0, 0.25
surrogate, 70, 24.0, 0.25
surrogate, 70, 24.0, 0.25
surrogate, 70, 24.0, 0.25
surrogate, 70, 24.0, 0.25
surrogate, 70, 22.0, 0.125
surrogate, 70, 22.0, 0.125
surrogate, 70, 22.0, 0.125
surrogate, 70, 22.0, 0.125
surrogate, 70, 22.0, 0.125
surrogate, 70, 22.0, 0.125
surrogate, 70, 22.0, 0.125
surrogate, 70, 22.0, 0.125
surrogate, 70, 22.0, 0.125
surrogate, 70, 22.0, 0.125
surrogate, 70, 22.0, 0.125
surrogate, 70, 19.0, 0.0625
surrogate, 70, 19.0, 0.0625
surrogate, 70, 19.0, 0.0625
surrogate, 70, 17.0, 0.03125
surrogate, 70, 17.0, 0.03125
surrogate, 70, 17.0, 0.03125
surrogate, 70, 17.0, 0.03125
surrogate, 70, 17.0, 0.03125
surrogate, 70, 17.0, 0.03125
surrogate, 70, 17.0, 0.03125
surrogate, 70, 17.0, 0.03125
surrogate, 70, 17.0, 0.03125
surrogate, 70, 17.0, 0.03125
surrogate, 71, 32.0, 0.6875
surrogate, 71, 32.0, 0.6875
surrogate, 71, 32.0, 0.6875
surrogate, 71, 32.0, 0.6875
surrogate, 71, 31.0, 0.65625
surrogate, 71, 31.0, 0.65625
surrogate, 71, 31.0, 0.65625
surrogate, 71, 29.0, 0.5625
surrogate, 71, 29.0, 0.5625
surrogate, 71, 29.0, 0.5625
surrogate, 71, 29.0, 0.5625
surrogate, 71, 29.0, 0.5625
surrogate, 71, 27.0, 0.46875
surrogate, 71, 27.0, 0.46875
surrogate, 71, 27.0, 0.46875
surrogate, 71, 27.0, 0.46875
surrogate, 71, 27.0, 0.46875
surrogate, 71, 27.0, 0.46875
surrogate, 71, 27.0, 0.46875
surrogate, 71, 26.0, 0.28125
surrogate, 71, 26.0, 0.28125
surrogate, 71, 26.0, 0.28125
surrogate, 71, 26.0, 0.28125
surrogate, 71, 26.0, 0.28125
surrogate, 71, 26.0, 0.28125
surrogate, 71, 24.0, 0.25
surrogate, 71, 24.0, 0.25
surrogate, 71, 24.0, 0.25
surrogate, 71, 24.0, 0.25
surrogate, 71, 24.0, 0.25
surrogate, 71, 24.0, 0.25
surrogate, 71, 22.0, 0.125
surrogate, 71, 22.0, 0.125
surrogate, 71, 22.0, 0.125
surrogate, 71, 22.0, 0.125
surrogate, 71, 22.0, 0.125
surrogate, 71, 22.0, 0.125
surrogate, 71, 22.0, 0.125
surrogate, 71, 22.0, 0.125
surrogate, 71, 22.0, 0.125
surrogate, 71, 22.0, 0.125
surrogate, 71, 22.0, 0.125
surrogate, 71, 19.0, 0.0625
surrogate, 71, 19.0, 0.0625
surrogate, 71, 19.0, 0.0625
surrogate, 71, 19.0, 0.0625
surrogate, 71, 17.0, 0.03125
surrogate, 71, 17.0, 0.03125
surrogate, 71, 17.0, 0.03125
surrogate, 71, 17.0, 0.03125
surrogate, 71, 17.0, 0.03125
surrogate, 71, 17.0, 0.03125
surrogate, 71, 17.0, 0.03125
surrogate, 71, 17.0, 0.03125
surrogate, 71, 17.0, 0.03125
surrogate, 71, 17.0, 0.03125
surrogate, 71, 17.0, 0.03125
surrogate, 72, 32.0, 0.6875
surrogate, 72, 32.0, 0.6875
surrogate, 72, 32.0, 0.6875
surrogate, 72, 32.0, 0.6875
surrogate, 72, 31.0, 0.65625
surrogate, 72, 31.0, 0.65625
surrogate, 72, 31.0, 0.65625
surrogate, 72, 29.0, 0.5625
surrogate, 72, 29.0, 0.5625
surrogate, 72, 29.0, 0.5625
surrogate, 72, 29.0, 0.5625
surrogate, 72, 29.0, 0.5625
surrogate, 72, 27.0, 0.46875
surrogate, 72, 27.0, 0.46875
surrogate, 72, 27.0, 0.46875
surrogate, 72, 27.0, 0.46875
surrogate, 72, 27.0, 0.46875
surrogate, 72, 27.0, 0.46875
surrogate, 72, 27.0, 0.46875
surrogate, 72, 27.0, 0.46875
surrogate, 72, 26.0, 0.28125
surrogate, 72, 26.0, 0.28125
surrogate, 72, 26.0, 0.28125
surrogate, 72, 26.0, 0.28125
surrogate, 72, 26.0, 0.28125
surrogate, 72, 26.0, 0.28125
surrogate, 72, 24.0, 0.25
surrogate, 72, 24.0, 0.25
surrogate, 72, 24.0, 0.25
surrogate, 72, 24.0, 0.25
surrogate, 72, 24.0, 0.25
surrogate, 72, 24.0, 0.25
surrogate, 72, 22.0, 0.125
surrogate, 72, 22.0, 0.125
surrogate, 72, 22.0, 0.125
surrogate, 72, 22.0, 0.125
surrogate, 72, 22.0, 0.125
surrogate, 72, 22.0, 0.125
surrogate, 72, 22.0, 0.125
surrogate, 72, 22.0, 0.125
surrogate, 72, 22.0, 0.125
surrogate, 72, 22.0, 0.125
surrogate, 72, 22.0, 0.125
surrogate, 72, 22.0, 0.125
surrogate, 72, 19.0, 0.0625
surrogate, 72, 19.0, 0.0625
surrogate, 72, 19.0, 0.0625
surrogate, 72, 19.0, 0.0625
surrogate, 72, 17.0, 0.03125
surrogate, 72, 17.0, 0.03125
surrogate, 72, 17.0, 0.03125
surrogate, 72, 17.0, 0.03125
surrogate, 72, 17.0, 0.03125
surrogate, 72, 17.0, 0.03125
surrogate, 72, 17.0, 0.03125
surrogate, 72, 17.0, 0.03125
surrogate, 72, 17.0, 0.03125
surrogate, 72, 17.0, 0.03125
surrogate, 72, 17.0, 0.03125
surrogate, 72, 17.0, 0.03125
surrogate, 73, 32.0, 0.6875
surrogate, 73, 32.0, 0.6875
surrogate, 73, 32.0, 0.6875
surrogate, 73, 32.0, 0.6875
surrogate, 73, 32.0, 0.6875
surrogate, 73, 31.0, 0.65625
surrogate, 73, 31.0, 0.65625
surrogate, 73, 31.0, 0.65625
surrogate, 73, 29.0, 0.5625
surrogate, 73, 29.0, 0.5625
surrogate, 73, 29.0, 0.5625
surrogate, 73, 29.0, 0.5625
surrogate, 73, 29.0, 0.5625
surrogate, 73, 26.0, 0.46875
surrogate, 73, 24.0, 0.25
surrogate, 73, 24.0, 0.25
surrogate, 73, 24.0, 0.25
surrogate, 73, 24.0, 0.25
surrogate, 73, 24.0, 0.25
surrogate, 73, 24.0, 0.25
surrogate, 73, 22.0, 0.125
surrogate, 73, 22.0, 0.125
surrogate, 73, 22.0, 0.125
surrogate, 73, 22.0, 0.125
surrogate, 73, 22.0, 0.125
surrogate, 73, 22.0, 0.125
surrogate, 73, 22.0, 0.125
surrogate, 73, 22.0, 0.125
surrogate, 73, 22.0, 0.125
surrogate, 73, 22.0, 0.125
surrogate, 73, 22.0, 0.125
surrogate, 73, 22.0, 0.125
surrogate, 73, 19.0, 0.0625
surrogate, 73, 19.0, 0.0625
surrogate, 73, 19.0, 0.0625
surrogate, 73, 19.0, 0.0625
surrogate, 73, 17.0, 0.03125
surrogate, 73, 17.0, 0.03125
surrogate, 73, 17.0, 0.03125
surrogate, 73, 17.0, 0.03125
surrogate, 73, 17.0, 0.03125
surrogate, 73, 17.0, 0.03125
surrogate, 73, 17.0, 0.03125
surrogate, 73, 17.0, 0.03125
surrogate, 73, 17.0, 0.03125
surrogate, 73, 17.0, 0.03125
surrogate, 73, 17.0, 0.03125
surrogate, 73, 17.0, 0.03125
surrogate, 73, 17.0, 0.03125
surrogate, 74, 32.0, 0.6875
surrogate, 74, 32.0, 0.6875
surrogate, 74, 32.0, 0.6875
surrogate, 74, 32.0, 0.6875
surrogate, 74, 32.0, 0.6875
surrogate, 74, 31.0, 0.65625
surrogate, 74, 31.0, 0.65625
surrogate, 74, 31.0, 0.65625
surrogate, 74, 29.0, 0.5625
surrogate, 74, 29.0, 0.5625
surrogate, 74, 29.0, 0.5625
surrogate, 74, 29.0, 0.5625
surrogate, 74, 29.0, 0.5625
surrogate, 74, 26.0, 0.46875
surrogate, 74, 24.0, 0.25
surrogate, 74, 24.0, 0.25
surrogate, 74, 24.0, 0.25
surrogate, 74, 24.0, 0.25
surrogate, 74, 24.0, 0.25
surrogate, 74, 24.0, 0.25
surrogate, 74, 22.0, 0.125
surrogate, 74, 22.0, 0.125
surrogate, 74, 22.0, 0.125
surrogate, 74, 22.0, 0.125
surrogate, 74, 22.0, 0.125
surrogate, 74, 22.0, 0.125
surrogate, 74, 22.0, 0.125
surrogate, 74, 22.0, 0.125
surrogate, 74, 22.0, 0.125
surrogate, 74, 22.0, 0.125
surrogate, 74, 22.0, 0.125
surrogate, 74, 22.0, 0.125
surrogate, 74, 19.0, 0.0625
surrogate, 74, 19.0, 0.0625
surrogate, 74, 19.0, 0.0625
surrogate, 74, 19.0, 0.0625
surrogate, 74, 17.0, 0.03125
surrogate, 74, 17.0, 0.03125
surrogate, 74, 17.0, 0.03125
surrogate, 74, 17.0, 0.03125
surrogate, 74, 17.0, 0.03125
surrogate, 74, 17.0, 0.03125
surrogate, 74, 17.0, 0.03125
surrogate, 74, 17.0, 0.03125
surrogate, 74, 17.0, 0.03125
surrogate, 74, 17.0, 0.03125
surrogate, 74, 17.0, 0.03125
surrogate, 74, 17.0, 0.03125
surrogate, 74, 17.0, 0.03125
surrogate, 75, 32.0, 0.6875
surrogate, 75, 32.0, 0.6875
surrogate, 75, 32.0, 0.6875
surrogate, 75, 32.0, 0.6875
surrogate, 75, 32.0, 0.6875
surrogate, 75, 31.0, 0.65625
surrogate, 75, 31.0, 0.65625
surrogate, 75, 31.0, 0.65625
surrogate, 75, 29.0, 0.5625
surrogate, 75, 29.0, 0.5625
surrogate, 75, 29.0, 0.5625
surrogate, 75, 29.0, 0.5625
surrogate, 75, 29.0, 0.5625
surrogate, 75, 26.0, 0.46875
surrogate, 75, 24.0, 0.25
surrogate, 75, 24.0, 0.25
surrogate, 75, 24.0, 0.25
surrogate, 75, 24.0, 0.25
surrogate, 75, 24.0, 0.25
surrogate, 75, 24.0, 0.25
surrogate, 75, 22.0, 0.125
surrogate, 75, 22.0, 0.125
surrogate, 75, 22.0, 0.125
surrogate, 75, 22.0, 0.125
surrogate, 75, 22.0, 0.125
surrogate, 75, 22.0, 0.125
surrogate, 75, 22.0, 0.125
surrogate, 75, 22.0, 0.125
surrogate, 75, 22.0, 0.125
surrogate, 75, 22.0, 0.125
surrogate, 75, 22.0, 0.125
surrogate, 75, 22.0, 0.125
surrogate, 75, 19.0, 0.0625
surrogate, 75, 19.0, 0.0625
surrogate, 75, 19.0, 0.0625
surrogate, 75, 19.0, 0.0625
surrogate, 75, 17.0, 0.03125
surrogate, 75, 17.0, 0.03125
surrogate, 75, 17.0, 0.03125
surrogate, 75, 17.0, 0.03125
surrogate, 75, 17.0, 0.03125
surrogate, 75, 17.0, 0.03125
surrogate, 75, 17.0, 0.03125
surrogate, 75, 17.0, 0.03125
surrogate, 75, 17.0, 0.03125
surrogate, 75, 17.0, 0.03125
surrogate, 75, 17.0, 0.03125
surrogate, 75, 17.0, 0.03125
surrogate, 75, 17.0, 0.03125
surrogate, 76, 32.0, 0.6875
surrogate, 76, 32.0, 0.6875
surrogate, 76, 32.0, 0.6875
surrogate, 76, 32.0, 0.6875
surrogate, 76, 32.0, 0.6875
surrogate, 76, 31.0, 0.65625
surrogate, 76, 31.0, 0.65625
surrogate, 76, 31.0, 0.65625
surrogate, 76, 29.0, 0.5625
surrogate, 76, 29.0, 0.5625
surrogate, 76, 29.0, 0.5625
surrogate, 76, 29.0, 0.5625
surrogate, 76, 29.0, 0.5625
surrogate, 76, 26.0, 0.46875
surrogate, 76, 24.0, 0.25
surrogate, 76, 24.0, 0.25
surrogate, 76, 24.0, 0.25
surrogate, 76, 24.0, 0.25
surrogate, 76, 24.0, 0.25
surrogate, 76, 24.0, 0.25
surrogate, 76, 22.0, 0.125
surrogate, 76, 22.0, 0.125
surrogate, 76, 22.0, 0.125
surrogate, 76, 22.0, 0.125
surrogate, 76, 22.0, 0.125
surrogate, 76, 22.0, 0.125
surrogate, 76, 22.0, 0.125
surrogate, 76, 22.0, 0.125
surrogate, 76, 22.0, 0.125
surrogate, 76, 22.0, 0.125
surrogate, 76, 22.0, 0.125
surrogate, 76, 22.0, 0.125
surrogate, 76, 19.0, 0.0625
surrogate, 76, 19.0, 0.0625
surrogate, 76, 19.0, 0.0625
surrogate, 76, 19.0, 0.0625
surrogate, 76, 19.0, 0.0625
surrogate, 76, 17.0, 0.03125
surrogate, 76, 17.0, 0.03125
surrogate, 76, 17.0, 0.03125
surrogate, 76, 17.0, 0.03125
surrogate, 76, 17.0, 0.03125
surrogate, 76, 17.0, 0.03125
surrogate, 76, 17.0, 0.03125
surrogate, 76, 17.0, 0.03125
surrogate, 76, 17.0, 0.03125
surrogate, 76, 17.0, 0.03125
surrogate, 76, 17.0, 0.03125
surrogate, 76, 17.0, 0.03125
surrogate, 76, 17.0, 0.03125
surrogate, 77, 32.0, 0.6875
surrogate, 77, 32.0, 0.6875
surrogate, 77, 32.0, 0.6875
surrogate, 77, 32.0, 0.6875
surrogate, 77, 32.0, 0.6875
surrogate, 77, 31.0, 0.65625
surrogate, 77, 31.0, 0.65625
surrogate, 77, 31.0, 0.65625
surrogate, 77, 29.0, 0.5625
surrogate, 77, 29.0, 0.5625
surrogate, 77, 29.0, 0.5625
surrogate, 77, 29.0, 0.5625
surrogate, 77, 29.0, 0.5625
surrogate, 77, 26.0, 0.46875
surrogate, 77, 24.0, 0.25
surrogate, 77, 24.0, 0.25
surrogate, 77, 24.0, 0.25
surrogate, 77, 24.0, 0.25
surrogate, 77, 24.0, 0.25
surrogate, 77, 24.0, 0.25
surrogate, 77, 22.0, 0.125
surrogate, 77, 22.0, 0.125
surrogate, 77, 22.0, 0.125
surrogate, 77, 22.0, 0.125
surrogate, 77, 22.0, 0.125
surrogate, 77, 22.0, 0.125
surrogate, 77, 22.0, 0.125
surrogate, 77, 22.0, 0.125
surrogate, 77, 22.0, 0.125
surrogate, 77, 22.0, 0.125
surrogate, 77, 22.0, 0.125
surrogate, 77, 22.0, 0.125
surrogate, 77, 19.0, 0.0625
surrogate, 77, 19.0, 0.0625
surrogate, 77, 19.0, 0.0625
surrogate, 77, 19.0, 0.0625
surrogate, 77, 19.0, 0.0625
surrogate, 77, 17.0, 0.03125
surrogate, 77, 17.0, 0.03125
surrogate, 77, 17.0, 0.03125
surrogate, 77, 17.0, 0.03125
surrogate, 77, 17.0, 0.03125
surrogate, 77, 17.0, 0.03125
surrogate, 77, 17.0, 0.03125
surrogate, 77, 17.0, 0.03125
surrogate, 77, 17.0, 0.03125
surrogate, 77, 17.0, 0.03125
surrogate, 77, 17.0, 0.03125
surrogate, 77, 17.0, 0.03125
surrogate, 77, 17.0, 0.03125
surrogate, 78, 32.0, 0.6875
surrogate, 78, 32.0, 0.6875
surrogate, 78, 32.0, 0.6875
surrogate, 78, 32.0, 0.6875
surrogate, 78, 32.0, 0.6875
surrogate, 78, 31.0, 0.65625
surrogate, 78, 31.0, 0.65625
surrogate, 78, 31.0, 0.65625
surrogate, 78, 29.0, 0.5625
surrogate, 78, 29.0, 0.5625
surrogate, 78, 29.0, 0.5625
surrogate, 78, 29.0, 0.5625
surrogate, 78, 29.0, 0.5625
surrogate, 78, 26.0, 0.46875
surrogate, 78, 24.0, 0.25
surrogate, 78, 24.0, 0.25
surrogate, 78, 24.0, 0.25
surrogate, 78, 24.0, 0.25
surrogate, 78, 24.0, 0.25
surrogate, 78, 24.0, 0.25
surrogate, 78, 22.0, 0.125
surrogate, 78, 22.0, 0.125
surrogate, 78, 22.0, 0.125
surrogate, 78, 22.0, 0.125
surrogate, 78, 22.0, 0.125
surrogate, 78, 22.0, 0.125
surrogate, 78, 22.0, 0.125
surrogate, 78, 22.0, 0.125
surrogate, 78, 22.0, 0.125
surrogate, 78, 22.0, 0.125
surrogate, 78, 22.0, 0.125
surrogate, 78, 22.0, 0.125
surrogate, 78, 19.0, 0.0625
surrogate, 78, 19.0, 0.0625
surrogate, 78, 19.0, 0.0625
surrogate, 78, 19.0, 0.0625
surrogate, 78, 19.0, 0.0625
surrogate, 78, 17.0, 0.03125
surrogate, 78, 17.0, 0.03125
surrogate, 78, 17.0, 0.03125
surrogate, 78, 17.0, 0.03125
surrogate, 78, 17.0, 0.03125
surrogate, 78, 17.0, 0.03125
surrogate, 78, 17.0, 0.03125
surrogate, 78, 17.0, 0.03125
surrogate, 78, 17.0, 0.03125
surrogate, 78, 17.0, 0.03125
surrogate, 78, 17.0, 0.03125
surrogate, 78, 17.0, 0.03125
surrogate, 78, 17.0, 0.03125
surrogate, 79, 32.0, 0.6875
surrogate, 79, 32.0, 0.6875
surrogate, 79, 32.0, 0.6875
surrogate, 79, 32.0, 0.6875
surrogate, 79, 32.0, 0.6875
surrogate, 79, 31.0, 0.65625
surrogate, 79, 31.0, 0.65625
surrogate, 79, 31.0, 0.65625
surrogate, 79, 29.0, 0.5625
surrogate, 79, 29.0, 0.5625
surrogate, 79, 29.0, 0.5625
surrogate, 79, 29.0, 0.5625
surrogate, 79, 29.0, 0.5625
surrogate, 79, 26.0, 0.46875
surrogate, 79, 24.0, 0.25
surrogate, 79, 24.0, 0.25
surrogate, 79, 24.0, 0.25
surrogate, 79, 24.0, 0.25
surrogate, 79, 24.0, 0.25
surrogate, 79, 24.0, 0.25
surrogate, 79, 22.0, 0.125
surrogate, 79, 22.0, 0.125
surrogate, 79, 22.0, 0.125
surrogate, 79, 22.0, 0.125
surrogate, 79, 22.0, 0.125
surrogate, 79, 22.0, 0.125
surrogate, 79, 22.0, 0.125
surrogate, 79, 22.0, 0.125
surrogate, 79, 22.0, 0.125
surrogate, 79, 22.0, 0.125
surrogate, 79, 22.0, 0.125
surrogate, 79, 22.0, 0.125
surrogate, 79, 19.0, 0.0625
surrogate, 79, 19.0, 0.0625
surrogate, 79, 19.0, 0.0625
surrogate, 79, 19.0, 0.0625
surrogate, 79, 19.0, 0.0625
surrogate, 79, 17.0, 0.03125
surrogate, 79, 17.0, 0.03125
surrogate, 79, 17.0, 0.03125
surrogate, 79, 17.0, 0.03125
surrogate, 79, 17.0, 0.03125
surrogate, 79, 17.0, 0.03125
surrogate, 79, 17.0, 0.03125
surrogate, 79, 17.0, 0.03125
surrogate, 79, 17.0, 0.03125
surrogate, 79, 17.0, 0.03125
surrogate, 79, 17.0, 0.03125
surrogate, 79, 17.0, 0.03125
surrogate, 79, 17.0, 0.03125
surrogate, 80, 32.0, 0.6875
surrogate, 80, 32.0, 0.6875
surrogate, 80, 32.0, 0.6875
surrogate, 80, 32.0, 0.6875
surrogate, 80, 32.0, 0.6875
surrogate, 80, 31.0, 0.65625
surrogate, 80, 31.0, 0.65625
surrogate, 80, 31.0, 0.65625
surrogate, 80, 29.0, 0.5625
surrogate, 80, 29.0, 0.5625
surrogate, 80, 29.0, 0.5625
surrogate, 80, 29.0, 0.5625
surrogate, 80, 29.0, 0.5625
surrogate, 80, 26.0, 0.46875
surrogate, 80, 26.0, 0.46875
surrogate, 80, 24.0, 0.25
surrogate, 80, 24.0, 0.25
surrogate, 80, 24.0, 0.25
surrogate, 80, 24.0, 0.25
surrogate, 80, 24.0, 0.25
surrogate, 80, 24.0, 0.25
surrogate, 80, 22.0, 0.125
surrogate, 80, 22.0, 0.125
surrogate, 80, 22.0, 0.125
surrogate, 80, 22.0, 0.125
surrogate, 80, 22.0, 0.125
surrogate, 80, 22.0, 0.125
surrogate, 80, 22.0, 0.125
surrogate, 80, 22.0, 0.125
surrogate, 80, 22.0, 0.125
surrogate, 80, 22.0, 0.125
surrogate, 80, 22.0, 0.125
surrogate, 80, 22.0, 0.125
surrogate, 80, 19.0, 0.0625
surrogate, 80, 19.0, 0.0625
surrogate, 80, 19.0, 0.0625
surrogate, 80, 19.0, 0.0625
surrogate, 80, 19.0, 0.0625
surrogate, 80, 17.0, 0.03125
surrogate, 80, 17.0, 0.03125
surrogate, 80, 17.0, 0.03125
surrogate, 80, 17.0, 0.03125
surrogate, 80, 17.0, 0.03125
surrogate, 80, 17.0, 0.03125
surrogate, 80, 17.0, 0.03125
surrogate, 80, 17.0, 0.03125
surrogate, 80, 17.0, 0.03125
surrogate, 80, 17.0, 0.03125
surrogate, 80, 17.0, 0.03125
surrogate, 80, 17.0, 0.03125
surrogate, 80, 17.0, 0.03125
surrogate, 81, 32.0, 0.6875
surrogate, 81, 32.0, 0.6875
surrogate, 81, 32.0, 0.6875
surrogate, 81, 32.0, 0.6875
surrogate, 81, 32.0, 0.6875
surrogate, 81, 31.0, 0.65625
surrogate, 81, 31.0, 0.65625
surrogate, 81, 31.0, 0.65625
surrogate, 81, 29.0, 0.5625
surrogate, 81, 29.0, 0.5625
surrogate, 81, 29.0, 0.5625
surrogate, 81, 29.0, 0.5625
surrogate, 81, 29.0, 0.5625
surrogate, 81, 26.0, 0.46875
surrogate, 81, 26.0, 0.46875
surrogate, 81, 24.0, 0.25
surrogate, 81, 24.0, 0.25
surrogate, 81, 24.0, 0.25
surrogate, 81, 24.0, 0.25
surrogate, 81, 24.0, 0.25
surrogate, 81, 24.0, 0.25
surrogate, 81, 22.0, 0.125
surrogate, 81, 22.0, 0.125
surrogate, 81, 22.0, 0.125
surrogate, 81, 22.0, 0.125
surrogate, 81, 22.0, 0.125
surrogate, 81, 22.0, 0.125
surrogate, 81, 22.0, 0.125
surrogate, 81, 22.0, 0.125
surrogate, 81, 22.0, 0.125
surrogate, 81, 22.0, 0.125
surrogate, 81, 22.0, 0.125
surrogate, 81, 22.0, 0.125
surrogate, 81, 19.0, 0.0625
surrogate, 81, 19.0, 0.0625
surrogate, 81, 19.0, 0.0625
surrogate, 81, 19.0, 0.0625
surrogate, 81, 19.0, 0.0625
surrogate, 81, 17.0, 0.03125
surrogate, 81, 17.0, 0.03125
surrogate, 81, 17.0, 0.03125
surrogate, 81, 17.0, 0.03125
surrogate, 81, 17.0, 0.03125
surrogate, 81, 17.0, 0.03125
surrogate, 81, 17.0, 0.03125
surrogate, 81, 17.0, 0.03125
surrogate, 81, 17.0, 0.03125
surrogate, 81, 17.0, 0.03125
surrogate, 81, 17.0, 0.03125
surrogate, 81, 17.0, 0.03125
surrogate, 81, 17.0, 0.03125
surrogate, 82, 32.0, 0.6875
surrogate, 82, 32.0, 0.6875
surrogate, 82, 32.0, 0.6875
surrogate, 82, 32.0, 0.6875
surrogate, 82, 32.0, 0.6875
surrogate, 82, 31.0, 0.65625
surrogate, 82, 31.0, 0.65625
surrogate, 82, 31.0, 0.65625
surrogate, 82, 29.0, 0.5625
surrogate, 82, 29.0, 0.5625
surrogate, 82, 29.0, 0.5625
surrogate, 82, 29.0, 0.5625
surrogate, 82, 29.0, 0.5625
surrogate, 82, 26.0, 0.46875
surrogate, 82, 26.0, 0.46875
surrogate, 82, 24.0, 0.25
surrogate, 82, 24.0, 0.25
surrogate, 82, 24.0, 0.25
surrogate, 82, 24.0, 0.25
surrogate, 82, 24.0, 0.25
surrogate, 82, 24.0, 0.25
surrogate, 82, 24.0, 0.25
surrogate, 82, 22.0, 0.125
surrogate, 82, 22.0, 0.125
surrogate, 82, 22.0, 0.125
surrogate, 82, 22.0, 0.125
surrogate, 82, 22.0, 0.125
surrogate, 82, 22.0, 0.125
surrogate, 82, 22.0, 0.125
surrogate, 82, 22.0, 0.125
surrogate, 82, 22.0, 0.125
surrogate, 82, 22.0, 0.125
surrogate, 82, 22.0, 0.125
surrogate, 82, 22.0, 0.125
surrogate, 82, 19.0, 0.0625
surrogate, 82, 19.0, 0.0625
surrogate, 82, 19.0, 0.0625
surrogate, 82, 19.0, 0.0625
surrogate, 82, 19.0, 0.0625
surrogate, 82, 17.0, 0.03125
surrogate, 82, 17.0, 0.03125
surrogate, 82, 17.0, 0.03125
surrogate, 82, 17.0, 0.03125
surrogate, 82, 17.0, 0.03125
surrogate, 82, 17.0, 0.03125
surrogate, 82, 17.0, 0.03125
surrogate, 82, 17.0, 0.03125
surrogate, 82, 17.0, 0.03125
surrogate, 82, 17.0, 0.03125
surrogate, 82, 17.0, 0.03125
surrogate, 82, 17.0, 0.03125
surrogate, 82, 17.0, 0.03125
surrogate, 83, 32.0, 0.6875
surrogate, 83, 32.0, 0.6875
surrogate, 83, 32.0, 0.6875
surrogate, 83, 32.0, 0.6875
surrogate, 83, 32.0, 0.6875
surrogate, 83, 32.0, 0.6875
surrogate, 83, 31.0, 0.65625
surrogate, 83, 31.0, 0.65625
surrogate, 83, 31.0, 0.65625
surrogate, 83, 30.0, 0.625
surrogate, 83, 28.0, 0.5625
surrogate, 83, 26.0, 0.46875
surrogate, 83, 26.0, 0.46875
surrogate, 83, 24.0, 0.25
surrogate, 83, 24.0, 0.25
surrogate, 83, 24.0, 0.25
surrogate, 83, 24.0, 0.25
surrogate, 83, 24.0, 0.25
surrogate, 83, 24.0, 0.25
surrogate, 83, 24.0, 0.25
surrogate, 83, 22.0, 0.125
surrogate, 83, 22.0, 0.125
surrogate, 83, 22.0, 0.125
surrogate, 83, 22.0, 0.125
surrogate, 83, 22.0, 0.125
surrogate, 83, 22.0, 0.125
surrogate, 83, 22.0, 0.125
surrogate, 83, 22.0, 0.125
surrogate, 83, 22.0, 0.125
surrogate, 83, 22.0, 0.125
surrogate, 83, 22.0, 0.125
surrogate, 83, 22.0, 0.125
surrogate, 83, 19.0, 0.0625
surrogate, 83, 19.0, 0.0625
surrogate, 83, 19.0, 0.0625
surrogate, 83, 19.0, 0.0625
surrogate, 83, 19.0, 0.0625
surrogate, 83, 17.0, 0.03125
surrogate, 83, 17.0, 0.03125
surrogate, 83, 17.0, 0.03125
surrogate, 83, 17.0, 0.03125
surrogate, 83, 17.0, 0.03125
surrogate, 83, 17.0, 0.03125
surrogate, 83, 17.0, 0.03125
surrogate, 83, 17.0, 0.03125
surrogate, 83, 17.0, 0.03125
surrogate, 83, 17.0, 0.03125
surrogate, 83, 17.0, 0.03125
surrogate, 83, 17.0, 0.03125
surrogate, 83, 17.0, 0.03125
surrogate, 84, 32.0, 0.6875
surrogate, 84, 32.0, 0.6875
surrogate, 84, 32.0, 0.6875
surrogate, 84, 32.0, 0.6875
surrogate, 84, 32.0, 0.6875
surrogate, 84, 32.0, 0.6875
surrogate, 84, 31.0, 0.65625
surrogate, 84, 31.0, 0.65625
surrogate, 84, 31.0, 0.65625
surrogate, 84, 30.0, 0.625
surrogate, 84, 30.0, 0.625
surrogate, 84, 28.0, 0.5625
surrogate, 84, 28.0, 0.5625
surrogate, 84, 26.0, 0.46875
surrogate, 84, 26.0, 0.46875
surrogate, 84, 24.0, 0.25
surrogate, 84, 24.0, 0.25
surrogate, 84, 24.0, 0.25
surrogate, 84, 24.0, 0.25
surrogate, 84, 24.0, 0.25
surrogate, 84, 24.0, 0.25
surrogate, 84, 24.0, 0.25
surrogate, 84, 22.0, 0.125
surrogate, 84, 22.0, 0.125
surrogate, 84, 22.0, 0.125
surrogate, 84, 22.0, 0.125
surrogate, 84, 22.0, 0.125
surrogate, 84, 22.0, 0.125
surrogate, 84, 22.0, 0.125
surrogate, 84, 22.0, 0.125
surrogate, 84, 22.0, 0.125
surrogate, 84, 22.0, 0.125
surrogate, 84, 22.0, 0.125
surrogate, 84, 22.0, 0.125
surrogate, 84, 19.0, 0.0625
surrogate, 84, 19.0, 0.0625
surrogate, 84, 19.0, 0.0625
surrogate, 84, 19.0, 0.0625
surrogate, 84, 19.0, 0.0625
surrogate, 84, 17.0, 0.03125
surrogate, 84, 17.0, 0.03125
surrogate, 84, 17.0, 0.03125
surrogate, 84, 17.0, 0.03125
surrogate, 84, 17.0, 0.03125
surrogate, 84, 17.0, 0.03125
surrogate, 84, 17.0, 0.03125
surrogate, 84, 17.0, 0.03125
surrogate, 84, 17.0, 0.03125
surrogate, 84, 17.0, 0.03125
surrogate, 84, 17.0, 0.03125
surrogate, 84, 17.0, 0.03125
surrogate, 84, 17.0, 0.03125
surrogate, 85, 32.0, 0.6875
surrogate, 85, 32.0, 0.6875
surrogate, 85, 32.0, 0.6875
surrogate, 85, 32.0, 0.6875
surrogate, 85, 32.0, 0.6875
surrogate, 85, 32.0, 0.6875
surrogate, 85, 31.0, 0.65625
surrogate, 85, 31.0, 0.65625
surrogate, 85, 31.0, 0.65625
surrogate, 85, 30.0, 0.625
surrogate, 85, 30.0, 0.625
surrogate, 85, 28.0, 0.5625
surrogate, 85, 28.0, 0.5625
surrogate, 85, 26.0, 0.46875
surrogate, 85, 26.0, 0.46875
surrogate, 85, 24.0, 0.25
surrogate, 85, 24.0, 0.25
surrogate, 85, 24.0, 0.25
surrogate, 85, 24.0, 0.25
surrogate, 85, 24.0, 0.25
surrogate, 85, 24.0, 0.25
surrogate, 85, 24.0, 0.25
surrogate, 85, 22.0, 0.125
surrogate, 85, 22.0, 0.125
surrogate, 85, 22.0, 0.125
surrogate, 85, 22.0, 0.125
surrogate, 85, 22.0, 0.125
surrogate, 85, 22.0, 0.125
surrogate, 85, 22.0, 0.125
surrogate, 85, 22.0, 0.125
surrogate, 85, 22.0, 0.125
surrogate, 85, 22.0, 0.125
surrogate, 85, 22.0, 0.125
surrogate, 85, 22.0, 0.125
surrogate, 85, 19.0, 0.0625
surrogate, 85, 19.0, 0.0625
surrogate, 85, 19.0, 0.0625
surrogate, 85, 19.0, 0.0625
surrogate, 85, 19.0, 0.0625
surrogate, 85, 17.0, 0.03125
surrogate, 85, 17.0, 0.03125
surrogate, 85, 17.0, 0.03125
surrogate, 85, 17.0, 0.03125
surrogate, 85, 17.0, 0.03125
surrogate, 85, 17.0, 0.03125
surrogate, 85, 17.0, 0.03125
surrogate, 85, 17.0, 0.03125
surrogate, 85, 17.0, 0.03125
surrogate, 85, 17.0, 0.03125
surrogate, 85, 17.0, 0.03125
surrogate, 85, 17.0, 0.03125
surrogate, 85, 17.0, 0.03125
surrogate, 86, 32.0, 0.6875
surrogate, 86, 32.0, 0.6875
surrogate, 86, 32.0, 0.6875
surrogate, 86, 32.0, 0.6875
surrogate, 86, 32.0, 0.6875
surrogate, 86, 32.0, 0.6875
surrogate, 86, 31.0, 0.65625
surrogate, 86, 31.0, 0.65625
surrogate, 86, 31.0, 0.65625
surrogate, 86, 30.0, 0.625
surrogate, 86, 30.0, 0.625
surrogate, 86, 28.0, 0.5625
surrogate, 86, 28.0, 0.5625
surrogate, 86, 26.0, 0.46875
surrogate, 86, 26.0, 0.46875
surrogate, 86, 24.0, 0.25
surrogate, 86, 24.0, 0.25
surrogate, 86, 24.0, 0.25
surrogate, 86, 24.0, 0.25
surrogate, 86, 24.0, 0.25
surrogate, 86, 24.0, 0.25
surrogate, 86, 24.0, 0.25
surrogate, 86, 22.0, 0.125
surrogate, 86, 22.0, 0.125
surrogate, 86, 22.0, 0.125
surrogate, 86, 22.0, 0.125
surrogate, 86, 22.0, 0.125
surrogate, 86, 22.0, 0.125
surrogate, 86, 22.0, 0.125
surrogate, 86, 22.0, 0.125
surrogate, 86, 22.0, 0.125
surrogate, 86, 22.0, 0.125
surrogate, 86, 22.0, 0.125
surrogate, 86, 22.0, 0.125
surrogate, 86, 19.0, 0.0625
surrogate, 86, 19.0, 0.0625
surrogate, 86, 19.0, 0.0625
surrogate, 86, 19.0, 0.0625
surrogate, 86, 19.0, 0.0625
surrogate, 86, 17.0, 0.03125
surrogate, 86, 17.0, 0.03125
surrogate, 86, 17.0, 0.03125
surrogate, 86, 17.0, 0.03125
surrogate, 86, 17.0, 0.03125
surrogate, 86, 17.0, 0.03125
surrogate, 86, 17.0, 0.03125
surrogate, 86, 17.0, 0.03125
surrogate, 86, 17.0, 0.03125
surrogate, 86, 17.0, 0.03125
surrogate, 86, 17.0, 0.03125
surrogate, 86, 17.0, 0.03125
surrogate, 86, 17.0, 0.03125
surrogate, 87, 32.0, 0.6875
surrogate, 87, 32.0, 0.6875
surrogate, 87, 32.0, 0.6875
surrogate, 87, 32.0, 0.6875
surrogate, 87, 32.0, 0.6875
surrogate, 87, 32.0, 0.6875
surrogate, 87, 31.0, 0.65625
surrogate, 87, 31.0, 0.65625
surrogate, 87, 31.0, 0.65625
surrogate, 87, 30.0, 0.625
surrogate, 87, 30.0, 0.625
surrogate, 87, 28.0, 0.5625
surrogate, 87, 28.0, 0.5625
surrogate, 87, 26.0, 0.46875
surrogate, 87, 26.0, 0.46875
surrogate, 87, 24.0, 0.25
surrogate, 87, 24.0, 0.25
surrogate, 87, 24.0, 0.25
surrogate, 87, 24.0, 0.25
surrogate, 87, 24.0, 0.25
surrogate, 87, 24.0, 0.25
surrogate, 87, 24.0, 0.25
surrogate, 87, 22.0, 0.125
surrogate, 87, 22.0, 0.125
surrogate, 87, 22.0, 0.125
surrogate, 87, 22.0, 0.125
surrogate, 87, 22.0, 0.125
surrogate, 87, 22.0, 0.125
surrogate, 87, 22.0, 0.125
surrogate, 87, 22.0, 0.125
surrogate, 87, 22.0, 0.125
surrogate, 87, 22.0, 0.125
surrogate, 87, 22.0, 0.125
surrogate, 87, 22.0, 0.125
surrogate, 87, 19.0, 0.0625
surrogate, 87, 19.0, 0.0625
surrogate, 87, 19.0, 0.0625
surrogate, 87, 19.0, 0.0625
surrogate, 87, 19.0, 0.0625
surrogate, 87, 17.0, 0.03125
surrogate, 87, 17.0, 0.03125
surrogate, 87, 17.0, 0.03125
surrogate, 87, 17.0, 0.03125
surrogate, 87, 17.0, 0.03125
surrogate, 87, 17.0, 0.03125
surrogate, 87, 17.0, 0.03125
surrogate, 87, 17.0, 0.03125
surrogate, 87, 17.0, 0.03125
surrogate, 87, 17.0, 0.03125
surrogate, 87, 17.0, 0.03125
surrogate, 87, 17.0, 0.03125
surrogate, 87, 17.0, 0.03125
surrogate, 88, 31.0, 0.6875
surrogate, 88, 30.0, 0.625
surrogate, 88, 30.0, 0.625
surrogate, 88, 28.0, 0.5625
surrogate, 88, 28.0, 0.5625
surrogate, 88, 26.0, 0.46875
surrogate, 88, 26.0, 0.46875
surrogate, 88, 24.0, 0.25
surrogate, 88, 24.0, 0.25
surrogate, 88, 24.0, 0.25
surrogate, 88, 24.0, 0.25
surrogate, 88, 24.0, 0.25
surrogate, 88, 24.0, 0.25
surrogate, 88, 24.0, 0.25
surrogate, 88, 22.0, 0.125
surrogate, 88, 22.0, 0.125
surrogate, 88, 22.0, 0.125
surrogate, 88, 22.0, 0.125
surrogate, 88, 22.0, 0.125
surrogate, 88, 22.0, 0.125
surrogate, 88, 22.0, 0.125
surrogate, 88, 22.0, 0.125
surrogate, 88, 22.0, 0.125
surrogate, 88, 22.0, 0.125
surrogate, 88, 22.0, 0.125
surrogate, 88, 22.0, 0.125
surrogate, 88, 22.0, 0.125
surrogate, 88, 19.0, 0.0625
surrogate, 88, 19.0, 0.0625
surrogate, 88, 19.0, 0.0625
surrogate, 88, 19.0, 0.0625
surrogate, 88, 19.0, 0.0625
surrogate, 88, 19.0, 0.0625
surrogate, 88, 17.0, 0.03125
surrogate, 88, 17.0, 0.03125
surrogate, 88, 17.0, 0.03125
surrogate, 88, 17.0, 0.03125
surrogate, 88, 17.0, 0.03125
surrogate, 88, 17.0, 0.03125
surrogate, 88, 17.0, 0.03125
surrogate, 88, 17.0, 0.03125
surrogate, 88, 17.0, 0.03125
surrogate, 88, 17.0, 0.03125
surrogate, 88, 17.0, 0.03125
surrogate, 88, 17.0, 0.03125
surrogate, 88, 17.0, 0.03125
surrogate, 88, 17.0, 0.03125
surrogate, 89, 31.0, 0.6875
surrogate, 89, 30.0, 0.625
surrogate, 89, 30.0, 0.625
surrogate, 89, 28.0, 0.5625
surrogate, 89, 28.0, 0.5625
surrogate, 89, 26.0, 0.46875
surrogate, 89, 26.0, 0.46875
surrogate, 89, 24.0, 0.25
surrogate, 89, 24.0, 0.25
surrogate, 89, 24.0, 0.25
surrogate, 89, 24.0, 0.25
surrogate, 89, 24.0, 0.25
surrogate, 89, 24.0, 0.25
surrogate, 89, 24.0, 0.25
surrogate, 89, 24.0, 0.25
surrogate, 89, 22.0, 0.125
surrogate, 89, 22.0, 0.125
surrogate, 89, 22.0, 0.125
surrogate, 89, 22.0, 0.125
surrogate, 89, 22.0, 0.125
surrogate, 89, 22.0, 0.125
surrogate, 89, 22.0, 0.125
surrogate, 89, 22.0, 0.125
surrogate, 89, 22.0, 0.125
surrogate, 89, 22.0, 0.125
surrogate, 89, 22.0, 0.125
surrogate, 89, 22.0, 0.125
surrogate, 89, 22.0, 0.125
surrogate, 89, 22.0, 0.125
surrogate, 89, 19.0, 0.0625
surrogate, 89, 19.0, 0.0625
surrogate, 89, 19.0, 0.0625
surrogate, 89, 19.0, 0.0625
surrogate, 89, 19.0, 0.0625
surrogate, 89, 19.0, 0.0625
surrogate, 89, 17.0, 0.03125
surrogate, 89, 17.0, 0.03125
surrogate, 89, 17.0, 0.03125
surrogate, 89, 17.0, 0.03125
surrogate, 89, 17.0, 0.03125
surrogate, 89, 17.0, 0.03125
surrogate, 89, 17.0, 0.03125
surrogate, 89, 17.0, 0.03125
surrogate, 89, 17.0, 0.03125
surrogate, 89, 17.0, 0.03125
surrogate, 89, 17.0, 0.03125
surrogate, 89, 17.0, 0.03125
surrogate, 89, 17.0, 0.03125
surrogate, 89, 17.0, 0.03125
surrogate, 90, 31.0, 0.6875
surrogate, 90, 30.0, 0.625
surrogate, 90, 30.0, 0.625
surrogate, 90, 28.0, 0.5625
surrogate, 90, 28.0, 0.5625
surrogate, 90, 26.0, 0.46875
surrogate, 90, 26.0, 0.46875
surrogate, 90, 24.0, 0.25
surrogate, 90, 24.0, 0.25
surrogate, 90, 24.0, 0.25
surrogate, 90, 24.0, 0.25
surrogate, 90, 24.0, 0.25
surrogate, 90, 24.0, 0.25
surrogate, 90, 24.0, 0.25
surrogate, 90, 24.0, 0.25
surrogate, 90, 22.0, 0.125
surrogate, 90, 22.0, 0.125
surrogate, 90, 22.0, 0.125
surrogate, 90, 22.0, 0.125
surrogate, 90, 22.0, 0.125
surrogate, 90, 22.0, 0.125
surrogate, 90, 22.0, 0.125
surrogate, 90, 22.0, 0.125
surrogate, 90, 22.0, 0.125
surrogate, 90, 22.0, 0.125
surrogate, 90, 22.0, 0.125
surrogate, 90, 22.0, 0.125
surrogate, 90, 22.0, 0.125
surrogate, 90, 22.0, 0.125
surrogate, 90, 19.0, 0.0625
surrogate, 90, 19.0, 0.0625
surrogate, 90, 19.0, 0.0625
surrogate, 90, 19.0, 0.0625
surrogate, 90, 19.0, 0.0625
surrogate, 90, 19.0, 0.0625
surrogate, 90, 17.0, 0.03125
surrogate, 90, 17.0, 0.03125
surrogate, 90, 17.0, 0.03125
surrogate, 90, 17.0, 0.03125
surrogate, 90, 17.0, 0.03125
surrogate, 90, 17.0, 0.03125
surrogate, 90, 17.0, 0.03125
surrogate, 90, 17.0, 0.03125
surrogate, 90, 17.0, 0.03125
surrogate, 90, 17.0, 0.03125
surrogate, 90, 17.0, 0.03125
surrogate, 90, 17.0, 0.03125
surrogate, 90, 17.0, 0.03125
surrogate, 90, 17.0, 0.03125
surrogate, 91, 31.0, 0.6875
surrogate, 91, 30.0, 0.625
surrogate, 91, 30.0, 0.625
surrogate, 91, 28.0, 0.5625
surrogate, 91, 28.0, 0.5625
surrogate, 91, 26.0, 0.46875
surrogate, 91, 26.0, 0.46875
surrogate, 91, 26.0, 0.46875
surrogate, 91, 24.0, 0.25
surrogate, 91, 24.0, 0.25
surrogate, 91, 24.0, 0.25
surrogate, 91, 24.0, 0.25
surrogate, 91, 24.0, 0.25
surrogate, 91, 24.0, 0.25
surrogate, 91, 24.0, 0.25
surrogate, 91, 24.0, 0.25
surrogate, 91, 22.0, 0.125
surrogate, 91, 22.0, 0.125
surrogate, 91, 22.0, 0.125
surrogate, 91, 22.0, 0.125
surrogate, 91, 22.0, 0.125
surrogate, 91, 22.0, 0.125
surrogate, 91, 22.0, 0.125
surrogate, 91, 22.0, 0.125
surrogate, 91, 22.0, 0.125
surrogate, 91, 22.0, 0.125
surrogate, 91, 22.0, 0.125
surrogate, 91, 22.0, 0.125
surrogate, 91, 22.0, 0.125
surrogate, 91, 22.0, 0.125
surrogate, 91, 19.0, 0.0625
surrogate, 91, 19.0, 0.0625
surrogate, 91, 19.0, 0.0625
surrogate, 91, 19.0, 0.0625
surrogate, 91, 19.0, 0.0625
surrogate, 91, 19.0, 0.0625
surrogate, 91, 17.0, 0.03125
surrogate, 91, 17.0, 0.03125
surrogate, 91, 17.0, 0.03125
surrogate, 91, 17.0, 0.03125
surrogate, 91, 17.0, 0.03125
surrogate, 91, 17.0, 0.03125
surrogate, 91, 17.0, 0.03125
surrogate, 91, 17.0, 0.03125
surrogate, 91, 17.0, 0.03125
surrogate, 91, 17.0, 0.03125
surrogate, 91, 17.0, 0.03125
surrogate, 91, 17.0, 0.03125
surrogate, 91, 17.0, 0.03125
surrogate, 91, 17.0, 0.03125
surrogate, 91, 17.0, 0.03125
surrogate, 92, 31.0, 0.6875
surrogate, 92, 30.0, 0.625
surrogate, 92, 30.0, 0.625
surrogate, 92, 28.0, 0.5625
surrogate, 92, 28.0, 0.5625
surrogate, 92, 26.0, 0.46875
surrogate, 92, 26.0, 0.46875
surrogate, 92, 26.0, 0.46875
surrogate, 92, 24.0, 0.25
surrogate, 92, 24.0, 0.25
surrogate, 92, 24.0, 0.25
surrogate, 92, 24.0, 0.25
surrogate, 92, 24.0, 0.25
surrogate, 92, 24.0, 0.25
surrogate, 92, 24.0, 0.25
surrogate, 92, 24.0, 0.25
surrogate, 92, 22.0, 0.125
surrogate, 92, 22.0, 0.125
surrogate, 92, 22.0, 0.125
surrogate, 92, 22.0, 0.125
surrogate, 92, 22.0, 0.125
surrogate, 92, 22.0, 0.125
surrogate, 92, 22.0, 0.125
surrogate, 92, 22.0, 0.125
surrogate, 92, 22.0, 0.125
surrogate, 92, 22.0, 0.125
surrogate, 92, 22.0, 0.125
surrogate, 92, 22.0, 0.125
surrogate, 92, 22.0, 0.125
surrogate, 92, 22.0, 0.125
surrogate, 92, 19.0, 0.0625
surrogate, 92, 19.0, 0.0625
surrogate, 92, 19.0, 0.0625
surrogate, 92, 19.0, 0.0625
surrogate, 92, 19.0, 0.0625
surrogate, 92, 19.0, 0.0625
surrogate, 92, 17.0, 0.03125
surrogate, 92, 17.0, 0.03125
surrogate, 92, 17.0, 0.03125
surrogate, 92, 17.0, 0.03125
surrogate, 92, 17.0, 0.03125
surrogate, 92, 17.0, 0.03125
surrogate, 92, 17.0, 0.03125
surrogate, 92, 17.0, 0.03125
surrogate, 92, 17.0, 0.03125
surrogate, 92, 17.0, 0.03125
surrogate, 92, 17.0, 0.03125
surrogate, 92, 17.0, 0.03125
surrogate, 92, 17.0, 0.03125
surrogate, 92, 17.0, 0.03125
surrogate, 92, 17.0, 0.03125
surrogate, 92, 17.0, 0.03125
surrogate, 93, 31.0, 0.6875
surrogate, 93, 30.0, 0.625
surrogate, 93, 30.0, 0.625
surrogate, 93, 30.0, 0.625
surrogate, 93, 28.0, 0.5625
surrogate, 93, 28.0, 0.5625
surrogate, 93, 26.0, 0.46875
surrogate, 93, 26.0, 0.46875
surrogate, 93, 26.0, 0.46875
surrogate, 93, 26.0, 0.46875
surrogate, 93, 24.0, 0.25
surrogate, 93, 24.0, 0.25
surrogate, 93, 24.0, 0.25
surrogate, 93, 24.0, 0.25
surrogate, 93, 24.0, 0.25
surrogate, 93, 24.0, 0.25
surrogate, 93, 24.0, 0.25
surrogate, 93, 24.0, 0.25
surrogate, 93, 24.0, 0.25
surrogate, 93, 22.0, 0.125
surrogate, 93, 22.0, 0.125
surrogate, 93, 22.0, 0.125
surrogate, 93, 22.0, 0.125
surrogate, 93, 22.0, 0.125
surrogate, 93, 22.0, 0.125
surrogate, 93, 22.0, 0.125
surrogate, 93, 22.0, 0.125
surrogate, 93, 22.0, 0.125
surrogate, 93, 22.0, 0.125
surrogate, 93, 22.0, 0.125
surrogate, 93, 22.0, 0.125
surrogate, 93, 22.0, 0.125
surrogate, 93, 22.0, 0.125
surrogate, 93, 19.0, 0.0625
surrogate, 93, 19.0, 0.0625
surrogate, 93, 19.0, 0.0625
surrogate, 93, 19.0, 0.0625
surrogate, 93, 19.0, 0.0625
surrogate, 93, 19.0, 0.0625
surrogate, 93, 19.0, 0.0625
surrogate, 93, 17.0, 0.03125
surrogate, 93, 17.0, 0.03125
surrogate, 93, 17.0, 0.03125
surrogate, 93, 17.0, 0.03125
surrogate, 93, 17.0, 0.03125
surrogate, 93, 17.0, 0.03125
surrogate, 93, 17.0, 0.03125
surrogate, 93, 17.0, 0.03125
surrogate, 93, 17.0, 0.03125
surrogate, 93, 17.0, 0.03125
surrogate, 93, 17.0, 0.03125
surrogate, 93, 17.0, 0.03125
surrogate, 93, 17.0, 0.03125
surrogate, 93, 17.0, 0.03125
surrogate, 93, 17.0, 0.03125
surrogate, 93, 17.0, 0.03125
surrogate, 93, 17.0, 0.03125
surrogate, 94, 31.0, 0.6875
surrogate, 94, 30.0, 0.625
surrogate, 94, 30.0, 0.625
surrogate, 94, 30.0, 0.625
surrogate, 94, 30.0, 0.625
surrogate, 94, 28.0, 0.5625
surrogate, 94, 28.0, 0.5625
surrogate, 94, 26.0, 0.46875
surrogate, 94, 26.0, 0.46875
surrogate, 94, 26.0, 0.46875
surrogate, 94, 26.0, 0.46875
surrogate, 94, 25.0, 0.28125
surrogate, 94, 24.0, 0.25
surrogate, 94, 24.0, 0.25
surrogate, 94, 24.0, 0.25
surrogate, 94, 24.0, 0.25
surrogate, 94, 24.0, 0.25
surrogate, 94, 24.0, 0.25
surrogate, 94, 24.0, 0.25
surrogate, 94, 24.0, 0.25
surrogate, 94, 24.0, 0.25
surrogate, 94, 24.0, 0.25
surrogate, 94, 22.0, 0.125
surrogate, 94, 22.0, 0.125
surrogate, 94, 22.0, 0.125
surrogate, 94, 22.0, 0.125
surrogate, 94, 22.0, 0.125
surrogate, 94, 22.0, 0.125
surrogate, 94, 22.0, 0.125
surrogate, 94, 22.0, 0.125
surrogate, 94, 22.0, 0.125
surrogate, 94, 22.0, 0.125
surrogate, 94, 22.0, 0.125
surrogate, 94, 22.0, 0.125
surrogate, 94, 22.0, 0.125
surrogate, 94, 22.0, 0.125
surrogate, 94, 19.0, 0.0625
surrogate, 94, 19.0, 0.0625
surrogate, 94, 19.0, 0.0625
surrogate, 94, 19.0, 0.0625
surrogate, 94, 19.0, 0.0625
surrogate, 94, 19.0, 0.0625
surrogate, 94, 19.0, 0.0625
surrogate, 94, 17.0, 0.03125
surrogate, 94, 17.0, 0.03125
surrogate, 94, 17.0, 0.03125
surrogate, 94, 17.0, 0.03125
surrogate, 94, 17.0, 0.03125
surrogate, 94, 17.0, 0.03125
surrogate, 94, 17.0, 0.03125
surrogate, 94, 17.0, 0.03125
surrogate, 94, 17.0, 0.03125
surrogate, 94, 17.0, 0.03125
surrogate, 94, 17.0, 0.03125
surrogate, 94, 17.0, 0.03125
surrogate, 94, 17.0, 0.03125
surrogate, 94, 17.0, 0.03125
surrogate, 94, 17.0, 0.03125
surrogate, 94, 17.0, 0.03125
surrogate, 94, 17.0, 0.03125
surrogate, 95, 31.0, 0.6875
surrogate, 95, 30.0, 0.625
surrogate, 95, 30.0, 0.625
surrogate, 95, 30.0, 0.625
surrogate, 95, 30.0, 0.625
surrogate, 95, 28.0, 0.5625
surrogate, 95, 28.0, 0.5625
surrogate, 95, 26.0, 0.46875
surrogate, 95, 26.0, 0.46875
surrogate, 95, 26.0, 0.46875
surrogate, 95, 26.0, 0.46875
surrogate, 95, 25.0, 0.28125
surrogate, 95, 24.0, 0.25
surrogate, 95, 24.0, 0.25
surrogate, 95, 24.0, 0.25
surrogate, 95, 24.0, 0.25
surrogate, 95, 24.0, 0.25
surrogate, 95, 24.0, 0.25
surrogate, 95, 24.0, 0.25
surrogate, 95, 24.0, 0.25
surrogate, 95, 24.0, 0.25
surrogate, 95, 24.0, 0.25
surrogate, 95, 22.0, 0.125
surrogate, 95, 22.0, 0.125
surrogate, 95, 22.0, 0.125
surrogate, 95, 22.0, 0.125
surrogate, 95, 22.0, 0.125
surrogate, 95, 22.0, 0.125
surrogate, 95, 22.0, 0.125
surrogate, 95, 22.0, 0.125
surrogate, 95, 22.0, 0.125
surrogate, 95, 22.0, 0.125
surrogate, 95, 22.0, 0.125
surrogate, 95, 22.0, 0.125
surrogate, 95, 22.0, 0.125
surrogate, 95, 22.0, 0.125
surrogate, 95, 19.0, 0.0625
surrogate, 95, 19.0, 0.0625
surrogate, 95, 19.0, 0.0625
surrogate, 95, 19.0, 0.0625
surrogate, 95, 19.0, 0.0625
surrogate, 95, 19.0, 0.0625
surrogate, 95, 19.0, 0.0625
surrogate, 95, 17.0, 0.03125
surrogate, 95, 17.0, 0.03125
surrogate, 95, 17.0, 0.03125
surrogate, 95, 17.0, 0.03125
surrogate, 95, 17.0, 0.03125
surrogate, 95, 17.0, 0.03125
surrogate, 95, 17.0, 0.03125
surrogate, 95, 17.0, 0.03125
surrogate, 95, 17.0, 0.03125
surrogate, 95, 17.0, 0.03125
surrogate, 95, 17.0, 0.03125
surrogate, 95, 17.0, 0.03125
surrogate, 95, 17.0, 0.03125
surrogate, 95, 17.0, 0.03125
surrogate, 95, 17.0, 0.03125
surrogate, 95, 17.0, 0.03125
surrogate, 95, 17.0, 0.03125
surrogate, 96, 31.0, 0.6875
surrogate, 96, 30.0, 0.625
surrogate, 96, 30.0, 0.625
surrogate, 96, 30.0, 0.625
surrogate, 96, 30.0, 0.625
surrogate, 96, 28.0, 0.5625
surrogate, 96, 28.0, 0.5625
surrogate, 96, 26.0, 0.46875
surrogate, 96, 26.0, 0.46875
surrogate, 96, 26.0, 0.46875
surrogate, 96, 26.0, 0.46875
surrogate, 96, 25.0, 0.28125
surrogate, 96, 25.0, 0.28125
surrogate, 96, 24.0, 0.25
surrogate, 96, 24.0, 0.25
surrogate, 96, 24.0, 0.25
surrogate, 96, 24.0, 0.25
surrogate, 96, 24.0, 0.25
surrogate, 96, 24.0, 0.25
surrogate, 96, 24.0, 0.25
surrogate, 96, 24.0, 0.25
surrogate, 96, 24.0, 0.25
surrogate, 96, 24.0, 0.25
surrogate, 96, 22.0, 0.125
surrogate, 96, 22.0, 0.125
surrogate, 96, 22.0, 0.125
surrogate, 96, 22.0, 0.125
surrogate, 96, 22.0, 0.125
surrogate, 96, 22.0, 0.125
surrogate, 96, 22.0, 0.125
surrogate, 96, 22.0, 0.125
surrogate, 96, 22.0, 0.125
surrogate, 96, 22.0, 0.125
surrogate, 96, 22.0, 0.125
surrogate, 96, 22.0, 0.125
surrogate, 96, 22.0, 0.125
surrogate, 96, 22.0, 0.125
surrogate, 96, 22.0, 0.125
surrogate, 96, 19.0, 0.0625
surrogate, 96, 19.0, 0.0625
surrogate, 96, 19.0, 0.0625
surrogate, 96, 19.0, 0.0625
surrogate, 96, 19.0, 0.0625
surrogate, 96, 19.0, 0.0625
surrogate, 96, 19.0, 0.0625
surrogate, 96, 17.0, 0.03125
surrogate, 96, 17.0, 0.03125
surrogate, 96, 17.0, 0.03125
surrogate, 96, 17.0, 0.03125
surrogate, 96, 17.0, 0.03125
surrogate, 96, 17.0, 0.03125
surrogate, 96, 17.0, 0.03125
surrogate, 96, 17.0, 0.03125
surrogate, 96, 17.0, 0.03125
surrogate, 96, 17.0, 0.03125
surrogate, 96, 17.0, 0.03125
surrogate, 96, 17.0, 0.03125
surrogate, 96, 17.0, 0.03125
surrogate, 96, 17.0, 0.03125
surrogate, 96, 17.0, 0.03125
surrogate, 96, 17.0, 0.03125
surrogate, 96, 17.0, 0.03125
surrogate, 97, 31.0, 0.6875
surrogate, 97, 30.0, 0.625
surrogate, 97, 30.0, 0.625
surrogate, 97, 30.0, 0.625
surrogate, 97, 30.0, 0.625
surrogate, 97, 28.0, 0.5625
surrogate, 97, 28.0, 0.5625
surrogate, 97, 26.0, 0.46875
surrogate, 97, 26.0, 0.46875
surrogate, 97, 26.0, 0.46875
surrogate, 97, 26.0, 0.46875
surrogate, 97, 26.0, 0.46875
surrogate, 97, 25.0, 0.28125
surrogate, 97, 25.0, 0.28125
surrogate, 97, 24.0, 0.25
surrogate, 97, 24.0, 0.25
surrogate, 97, 24.0, 0.25
surrogate, 97, 24.0, 0.25
surrogate, 97, 24.0, 0.25
surrogate, 97, 24.0, 0.25
surrogate, 97, 24.0, 0.25
surrogate, 97, 24.0, 0.25
surrogate, 97, 24.0, 0.25
surrogate, 97, 24.0, 0.25
surrogate, 97, 22.0, 0.125
surrogate, 97, 22.0, 0.125
surrogate, 97, 22.0, 0.125
surrogate, 97, 22.0, 0.125
surrogate, 97, 22.0, 0.125
surrogate, 97, 22.0, 0.125
surrogate, 97, 22.0, 0.125
surrogate, 97, 22.0, 0.125
surrogate, 97, 22.0, 0.125
surrogate, 97, 22.0, 0.125
surrogate, 97, 22.0, 0.125
surrogate, 97, 22.0, 0.125
surrogate, 97, 22.0, 0.125
surrogate, 97, 22.0, 0.125
surrogate, 97, 22.0, 0.125
surrogate, 97, 19.0, 0.0625
surrogate, 97, 19.0, 0.0625
surrogate, 97, 19.0, 0.0625
surrogate, 97, 19.0, 0.0625
surrogate, 97, 19.0, 0.0625
surrogate, 97, 19.0, 0.0625
surrogate, 97, 19.0, 0.0625
surrogate, 97, 19.0, 0.0625
surrogate, 97, 17.0, 0.03125
surrogate, 97, 17.0, 0.03125
surrogate, 97, 17.0, 0.03125
surrogate, 97, 17.0, 0.03125
surrogate, 97, 17.0, 0.03125
surrogate, 97, 17.0, 0.03125
surrogate, 97, 17.0, 0.03125
surrogate, 97, 17.0, 0.03125
surrogate, 97, 17.0, 0.03125
surrogate, 97, 17.0, 0.03125
surrogate, 97, 17.0, 0.03125
surrogate, 97, 17.0, 0.03125
surrogate, 97, 17.0, 0.03125
surrogate, 97, 17.0, 0.03125
surrogate, 97, 17.0, 0.03125
surrogate, 97, 17.0, 0.03125
surrogate, 97, 17.0, 0.03125
surrogate, 98, 31.0, 0.6875
surrogate, 98, 30.0, 0.625
surrogate, 98, 30.0, 0.625
surrogate, 98, 30.0, 0.625
surrogate, 98, 30.0, 0.625
surrogate, 98, 28.0, 0.5625
surrogate, 98, 28.0, 0.5625
surrogate, 98, 26.0, 0.46875
surrogate, 98, 26.0, 0.46875
surrogate, 98, 26.0, 0.46875
surrogate, 98, 26.0, 0.46875
surrogate, 98, 26.0, 0.46875
surrogate, 98, 25.0, 0.28125
surrogate, 98, 25.0, 0.28125
surrogate, 98, 25.0, 0.28125
surrogate, 98, 24.0, 0.25
surrogate, 98, 24.0, 0.25
surrogate, 98, 24.0, 0.25
surrogate, 98, 24.0, 0.25
surrogate, 98, 24.0, 0.25
surrogate, 98, 24.0, 0.25
surrogate, 98, 24.0, 0.25
surrogate, 98, 24.0, 0.25
surrogate, 98, 24.0, 0.25
surrogate, 98, 24.0, 0.25
surrogate, 98, 22.0, 0.125
surrogate, 98, 22.0, 0.125
surrogate, 98, 22.0, 0.125
surrogate, 98, 22.0, 0.125
surrogate, 98, 22.0, 0.125
surrogate, 98, 22.0, 0.125
surrogate, 98, 22.0, 0.125
surrogate, 98, 22.0, 0.125
surrogate, 98, 22.0, 0.125
surrogate, 98, 22.0, 0.125
surrogate, 98, 22.0, 0.125
surrogate, 98, 22.0, 0.125
surrogate, 98, 22.0, 0.125
surrogate, 98, 22.0, 0.125
surrogate, 98, 22.0, 0.125
surrogate, 98, 19.0, 0.0625
surrogate, 98, 19.0, 0.0625
surrogate, 98, 19.0, 0.0625
surrogate, 98, 19.0, 0.0625
surrogate, 98, 19.0, 0.0625
surrogate, 98, 19.0, 0.0625
surrogate, 98, 19.0, 0.0625
surrogate, 98, 19.0, 0.0625
surrogate, 98, 17.0, 0.03125
surrogate, 98, 17.0, 0.03125
surrogate, 98, 17.0, 0.03125
surrogate, 98, 17.0, 0.03125
surrogate, 98, 17.0, 0.03125
surrogate, 98, 17.0, 0.03125
surrogate, 98, 17.0, 0.03125
surrogate, 98, 17.0, 0.03125
surrogate, 98, 17.0, 0.03125
surrogate, 98, 17.0, 0.03125
surrogate, 98, 17.0, 0.03125
surrogate, 98, 17.0, 0.03125
surrogate, 98, 17.0, 0.03125
surrogate, 98, 17.0, 0.03125
surrogate, 98, 17.0, 0.03125
surrogate, 98, 17.0, 0.03125
surrogate, 98, 17.0, 0.03125
surrogate, 99, 31.0, 0.6875
surrogate, 99, 30.0, 0.625
surrogate, 99, 30.0, 0.625
surrogate, 99, 30.0, 0.625
surrogate, 99, 30.0, 0.625
surrogate, 99, 28.0, 0.5625
surrogate, 99, 28.0, 0.5625
surrogate, 99, 26.0, 0.46875
surrogate, 99, 26.0, 0.46875
surrogate, 99, 26.0, 0.46875
surrogate, 99, 26.0, 0.46875
surrogate, 99, 26.0, 0.46875
surrogate, 99, 25.0, 0.28125
surrogate, 99, 25.0, 0.28125
surrogate, 99, 25.0, 0.28125
surrogate, 99, 24.0, 0.25
surrogate, 99, 24.0, 0.25
surrogate, 99, 24.0, 0.25
surrogate, 99, 24.0, 0.25
surrogate, 99, 24.0, 0.25
surrogate, 99, 24.0, 0.25
surrogate, 99, 24.0, 0.25
surrogate, 99, 24.0, 0.25
surrogate, 99, 24.0, 0.25
surrogate, 99, 24.0, 0.25
surrogate, 99, 22.0, 0.125
surrogate, 99, 22.0, 0.125
surrogate, 99, 22.0, 0.125
surrogate, 99, 22.0, 0.125
surrogate, 99, 22.0, 0.125
surrogate, 99, 22.0, 0.125
surrogate, 99, 22.0, 0.125
surrogate, 99, 22.0, 0.125
surrogate, 99, 22.0, 0.125
surrogate, 99, 22.0, 0.125
surrogate, 99, 22.0, 0.125
surrogate, 99, 22.0, 0.125
surrogate, 99, 22.0, 0.125
surrogate, 99, 22.0, 0.125
surrogate, 99, 22.0, 0.125
surrogate, 99, 19.0, 0.0625
surrogate, 99, 19.0, 0.0625
surrogate, 99, 19.0, 0.0625
surrogate, 99, 19.0, 0.0625
surrogate, 99, 19.0, 0.0625
surrogate, 99, 19.0, 0.0625
surrogate, 99, 19.0, 0.0625
surrogate, 99, 19.0, 0.0625
surrogate, 99, 17.0, 0.03125
surrogate, 99, 17.0, 0.03125
surrogate, 99, 17.0, 0.03125
surrogate, 99, 17.0, 0.03125
surrogate, 99, 17.0, 0.03125
surrogate, 99, 17.0, 0.03125
surrogate, 99, 17.0, 0.03125
surrogate, 99, 17.0, 0.03125
surrogate, 99, 17.0, 0.03125
surrogate, 99, 17.0, 0.03125
surrogate, 99, 17.0, 0.03125
surrogate, 99, 17.0, 0.03125
surrogate, 99, 17.0, 0.03125
surrogate, 99, 17.0, 0.03125
surrogate, 99, 17.0, 0.03125
surrogate, 99, 17.0, 0.03125
surrogate, 99, 17.0, 0.03125
surrogate, 100, 31.0, 0.6875
surrogate, 100, 30.0, 0.625
surrogate, 100, 30.0, 0.625
surrogate, 100, 30.0, 0.625
surrogate, 100, 30.0, 0.625
surrogate, 100, 28.0, 0.5625
surrogate, 100, 28.0, 0.5625
surrogate, 100, 26.0, 0.46875
surrogate, 100, 26.0, 0.46875
surrogate, 100, 26.0, 0.46875
surrogate, 100, 26.0, 0.46875
surrogate, 100, 26.0, 0.46875
surrogate, 100, 25.0, 0.28125
surrogate, 100, 25.0, 0.28125
surrogate, 100, 25.0, 0.28125
surrogate, 100, 24.0, 0.25
surrogate, 100, 24.0, 0.25
surrogate, 100, 24.0, 0.25
surrogate, 100, 24.0, 0.25
surrogate, 100, 24.0, 0.25
surrogate, 100, 24.0, 0.25
surrogate, 100, 24.0, 0.25
surrogate, 100, 24.0, 0.25
surrogate, 100, 24.0, 0.25
surrogate, 100, 24.0, 0.25
surrogate, 100, 22.0, 0.125
surrogate, 100, 22.0, 0.125
surrogate, 100, 22.0, 0.125
surrogate, 100, 22.0, 0.125
surrogate, 100, 22.0, 0.125
surrogate, 100, 22.0, 0.125
surrogate, 100, 22.0, 0.125
surrogate, 100, 22.0, 0.125
surrogate, 100, 22.0, 0.125
surrogate, 100, 22.0, 0.125
surrogate, 100, 22.0, 0.125
surrogate, 100, 22.0, 0.125
surrogate, 100, 22.0, 0.125
surrogate, 100, 22.0, 0.125
surrogate, 100, 22.0, 0.125
surrogate, 100, 19.0, 0.0625
surrogate, 100, 19.0, 0.0625
surrogate, 100, 19.0, 0.0625
surrogate, 100, 19.0, 0.0625
surrogate, 100, 19.0, 0.0625
surrogate, 100, 19.0, 0.0625
surrogate, 100, 19.0, 0.0625
surrogate, 100, 19.0, 0.0625
surrogate, 100, 17.0, 0.03125
surrogate, 100, 17.0, 0.03125
surrogate, 100, 17.0, 0.03125
surrogate, 100, 17.0, 0.03125
surrogate, 100, 17.0, 0.03125
surrogate, 100, 17.0, 0.03125
surrogate, 100, 17.0, 0.03125
surrogate, 100, 17.0, 0.03125
surrogate, 100, 17.0, 0.03125
surrogate, 100, 17.0, 0.03125
surrogate, 100, 17.0, 0.03125
surrogate, 100, 17.0, 0.03125
surrogate, 100, 17.0, 0.03125
surrogate, 100, 17.0, 0.03125
surrogate, 100, 17.0, 0.03125
surrogate, 100, 17.0, 0.03125
surrogate, 100, 17.0, 0.03125
