method, generation, latency, ar
surrogate, 1, 31.0, 0.59375
surrogate, 1, 29.0, 0.53125
surrogate, 1, 28.0, 0.28125
surrogate, 1, 24.0, 0.25
surrogate, 1, 15.0, 0.03125
surrogate, 2, 30.0, 0.625
surrogate, 2, 29.0, 0.53125
surrogate, 2, 28.0, 0.28125
surrogate, 2, 28.0, 0.28125
surrogate, 2, 24.0, 0.25
surrogate, 2, 24.0, 0.25
surrogate, 2, 15.0, 0.03125
surrogate, 2, 15.0, 0.03125
surrogate, 3, 30.0, 0.625
surrogate, 3, 29.0, 0.53125
surrogate, 3, 28.0, 0.28125
surrogate, 3, 28.0, 0.28125
surrogate, 3, 28.0, 0.28125
surrogate, 3, 24.0, 0.25
surrogate, 3, 24.0, 0.25
surrogate, 3, 24.0, 0.25
surrogate, 3, 15.0, 0.03125
surrogate, 3, 15.0, 0.03125
surrogate, 3, 15.0, 0.03125
surrogate, 4, 30.0, 0.625
surrogate, 4, 29.0, 0.53125
surrogate, 4, 29.0, 0.53125
surrogate, 4, 27.0, 0.4375
surrogate, 4, 24.0, 0.25
surrogate, 4, 24.0, 0.25
surrogate, 4, 24.0, 0.25
surrogate, 4, 15.0, 0.03125
surrogate, 4, 15.0, 0.03125
surrogate, 4, 15.0, 0.03125
surrogate, 4, 15.0, 0.03125
surrogate, 5, 30.0, 0.625
surrogate, 5, 29.0, 0.53125
surrogate, 5, 29.0, 0.53125
surrogate, 5, 27.0, 0.4375
surrogate, 5, 27.0, 0.4375
surrogate, 5, 25.0, 0.28125
surrogate, 5, 24.0, 0.25
surrogate, 5, 24.0, 0.25
surrogate, 5, 24.0, 0.25
surrogate, 5, 15.0, 0.03125
surrogate, 5, 15.0, 0.03125
surrogate, 5, 15.0, 0.03125
surrogate, 5, 15.0, 0.03125
surrogate, 6, 30.0, 0.625
surrogate, 6, 29.0, 0.53125
surrogate, 6, 29.0, 0.53125
surrogate, 6, 27.0, 0.46875
surrogate, 6, 25.0, 0.28125
surrogate, 6, 24.0, 0.25
surrogate, 6, 24.0, 0.25
surrogate, 6, 24.0, 0.25
surrogate, 6, 24.0, 0.25
surrogate, 6, 15.0, 0.03125
surrogate, 6, 15.0, 0.03125
surrogate, 6, 15.0, 0.03125
surrogate, 6, 15.0, 0.03125
surrogate, 6, 15.0, 0.03125
surrogate, 7, 30.0, 0.625
surrogate, 7, 29.0, 0.53125
surrogate, 7, 29.0, 0.53125
surrogate, 7, 29.0, 0.53125
surrogate, 7, 27.0, 0.46875
surrogate, 7, 25.0, 0.28125
surrogate, 7, 24.0, 0.25
surrogate, 7, 24.0, 0.25
surrogate, 7, 24.0, 0.25
surrogate, 7, 24.0, 0.25
surrogate, 7, 15.0, 0.03125
surrogate, 7, 15.0, 0.03125
surrogate, 7, 15.0, 0.03125
surrogate, 7, 15.0, 0.03125
surrogate, 7, 15.0, 0.03125
surrogate, 8, 30.0, 0.625
surrogate, 8, 30.0, 0.625
surrogate, 8, 29.0, 0.53125
surrogate, 8, 29.0, 0.53125
surrogate, 8, 29.0, 0.53125
surrogate, 8, 27.0, 0.46875
surrogate, 8, 27.0, 0.46875
surrogate, 8, 23.0, 0.28125
surrogate, 8, 15.0, 0.03125
surrogate, 8, 15.0, 0.03125
surrogate, 8, 15.0, 0.03125
surrogate, 8, 15.0, 0.03125
surrogate, 8, 15.0, 0.03125
surrogate, 8, 15.0, 0.03125
surrogate, 8, 15.0, 0.03125
surrogate, 9, 30.0, 0.625
surrogate, 9, 30.0, 0.625
surrogate, 9, 29.0, 0.53125
surrogate, 9, 29.0, 0.53125
surrogate, 9, 29.0, 0.53125
surrogate, 9, 27.0, 0.46875
surrogate, 9, 27.0, 0.46875
surrogate, 9, 27.0, 0.46875
surrogate, 9, 23.0, 0.28125
surrogate, 9, 15.0, 0.03125
surrogate, 9, 15.0, 0.03125
surrogate, 9, 15.0, 0.03125
surrogate, 9, 15.0, 0.03125
surrogate, 9, 15.0, 0.03125
surrogate, 9, 15.0, 0.03125
surrogate, 9, 15.0, 0.03125
surrogate, 10, 30.0, 0.625
surrogate, 10, 30.0, 0.625
surrogate, 10, 29.0, 0.53125
surrogate, 10, 29.0, 0.53125
surrogate, 10, 29.0, 0.53125
surrogate, 10, 29.0, 0.53125
surrogate, 10, 27.0, 0.46875
surrogate, 10, 27.0, 0.46875
surrogate, 10, 27.0, 0.46875
surrogate, 10, 27.0, 0.46875
surrogate, 10, 23.0, 0.28125
surrogate, 10, 23.0, 0.28125
surrogate, 10, 15.0, 0.03125
surrogate, 10, 15.0, 0.03125
surrogate, 10, 15.0, 0.03125
surrogate, 10, 15.0, 0.03125
surrogate, 10, 15.0, 0.03125
surrogate, 10, 15.0, 0.03125
surrogate, 10, 15.0, 0.03125
surrogate, 11, 30.0, 0.625
surrogate, 11, 30.0, 0.625
surrogate, 11, 29.0, 0.53125
surrogate, 11, 29.0, 0.53125
surrogate, 11, 29.0, 0.53125
surrogate, 11, 29.0, 0.53125
surrogate, 11, 27.0, 0.46875
surrogate, 11, 27.0, 0.46875
surrogate, 11, 27.0, 0.46875
surrogate, 11, 27.0, 0.46875
surrogate, 11, 23.0, 0.28125
surrogate, 11, 23.0, 0.28125
surrogate, 11, 15.0, 0.03125
surrogate, 11, 15.0, 0.03125
surrogate, 11, 15.0, 0.03125
surrogate, 11, 15.0, 0.03125
surrogate, 11, 15.0, 0.03125
surrogate, 11, 15.0, 0.03125
surrogate, 11, 15.0, 0.03125
surrogate, 11, 15.0, 0.03125
surrogate, 12, 30.0, 0.625
surrogate, 12, 30.0, 0.625
surrogate, 12, 29.0, 0.53125
surrogate, 12, 29.0, 0.53125
surrogate, 12, 29.0, 0.53125
surrogate, 12, 29.0, 0.53125
surrogate, 12, 27.0, 0.46875
surrogate, 12, 27.0, 0.46875
surrogate, 12, 27.0, 0.46875
surrogate, 12, 27.0, 0.46875
surrogate, 12, 27.0, 0.46875
surrogate, 12, 23.0, 0.28125
surrogate, 12, 23.0, 0.28125
surrogate, 12, 15.0, 0.03125
surrogate, 12, 15.0, 0.03125
surrogate, 12, 15.0, 0.03125
surrogate, 12, 15.0, 0.03125
surrogate, 12, 15.0, 0.03125
surrogate, 12, 15.0, 0.03125
surrogate, 12, 15.0, 0.03125
surrogate, 12, 15.0, 0.03125
surrogate, 13, 30.0, 0.625
surrogate, 13, 30.0, 0.625
surrogate, 13, 29.0, 0.53125
surrogate, 13, 29.0, 0.53125
surrogate, 13, 29.0, 0.53125
surrogate, 13, 29.0, 0.53125
surrogate, 13, 27.0, 0.46875
surrogate, 13, 27.0, 0.46875
surrogate, 13, 27.0, 0.46875
surrogate, 13, 27.0, 0.46875
surrogate, 13, 27.0, 0.46875
surrogate, 13, 23.0, 0.28125
surrogate, 13, 23.0, 0.28125
surrogate, 13, 15.0, 0.03125
surrogate, 13, 15.0, 0.03125
surrogate, 13, 15.0, 0.03125
surrogate, 13, 15.0, 0.03125
surrogate, 13, 15.0, 0.03125
surrogate, 13, 15.0, 0.03125
surrogate, 13, 15.0, 0.03125
surrogate, 13, 15.0, 0.03125
surrogate, 13, 15.0, 0.03125
surrogate, 14, 30.0, 0.625
surrogate, 14, 30.0, 0.625
surrogate, 14, 29.0, 0.53125
surrogate, 14, 29.0, 0.53125
surrogate, 14, 29.0, 0.53125
surrogate, 14, 29.0, 0.53125
surrogate, 14, 29.0, 0.53125
surrogate, 14, 27.0, 0.46875
surrogate, 14, 27.0, 0.46875
surrogate, 14, 27.0, 0.46875
surrogate, 14, 27.0, 0.46875
surrogate, 14, 27.0, 0.46875
surrogate, 14, 23.0, 0.28125
surrogate, 14, 23.0, 0.28125
surrogate, 14, 15.0, 0.03125
surrogate, 14, 15.0, 0.03125
surrogate, 14, 15.0, 0.03125
surrogate, 14, 15.0, 0.03125
surrogate, 14, 15.0, 0.03125
surrogate, 14, 15.0, 0.03125
surrogate, 14, 15.0, 0.03125
surrogate, 14, 15.0, 0.03125
surrogate, 14, 15.0, 0.03125
surrogate, 14, 15.0, 0.03125
surrogate, 15, 30.0, 0.625
surrogate, 15, 30.0, 0.625
surrogate, 15, 30.0, 0.625
surrogate, 15, 29.0, 0.53125
surrogate, 15, 29.0, 0.53125
surrogate, 15, 29.0, 0.53125
surrogate, 15, 29.0, 0.53125
surrogate, 15, 29.0, 0.53125
surrogate, 15, 27.0, 0.46875
surrogate, 15, 27.0, 0.46875
surrogate, 15, 27.0, 0.46875
surrogate, 15, 27.0, 0.46875
surrogate, 15, 27.0, 0.46875
surrogate, 15, 23.0, 0.28125
surrogate, 15, 23.0, 0.28125
surrogate, 15, 23.0, 0.28125
surrogate, 15, 15.0, 0.03125
surrogate, 15, 15.0, 0.03125
surrogate, 15, 15.0, 0.03125
surrogate, 15, 15.0, 0.03125
surrogate, 15, 15.0, 0.03125
surrogate, 15, 15.0, 0.03125
surrogate, 15, 15.0, 0.03125
surrogate, 15, 15.0, 0.03125
surrogate, 15, 15.0, 0.03125
surrogate, 15, 15.0, 0.03125
surrogate, 16, 30.0, 0.625
surrogate, 16, 30.0, 0.625
surrogate, 16, 30.0, 0.625
surrogate, 16, 29.0, 0.53125
surrogate, 16, 29.0, 0.53125
surrogate, 16, 29.0, 0.53125
surrogate, 16, 29.0, 0.53125
surrogate, 16, 29.0, 0.53125
surrogate, 16, 27.0, 0.46875
surrogate, 16, 27.0, 0.46875
surrogate, 16, 27.0, 0.46875
surrogate, 16, 27.0, 0.46875
surrogate, 16, 27.0, 0.46875
surrogate, 16, 23.0, 0.28125
surrogate, 16, 23.0, 0.28125
surrogate, 16, 23.0, 0.28125
surrogate, 16, 15.0, 0.03125
surrogate, 16, 15.0, 0.03125
surrogate, 16, 15.0, 0.03125
surrogate, 16, 15.0, 0.03125
surrogate, 16, 15.0, 0.03125
surrogate, 16, 15.0, 0.03125
surrogate, 16, 15.0, 0.03125
surrogate, 16, 15.0, 0.03125
surrogate, 16, 15.0, 0.03125
surrogate, 16, 15.0, 0.03125
surrogate, 17, 32.0, 0.65625
surrogate, 17, 30.0, 0.625
surrogate, 17, 30.0, 0.625
surrogate, 17, 30.0, 0.625
surrogate, 17, 29.0, 0.53125
surrogate, 17, 29.0, 0.53125
surrogate, 17, 29.0, 0.53125
surrogate, 17, 29.0, 0.53125
surrogate, 17, 29.0, 0.53125
surrogate, 17, 27.0, 0.46875
surrogate, 17, 27.0, 0.46875
surrogate, 17, 27.0, 0.46875
surrogate, 17, 27.0, 0.46875
surrogate, 17, 27.0, 0.46875
surrogate, 17, 23.0, 0.28125
surrogate, 17, 23.0, 0.28125
surrogate, 17, 23.0, 0.28125
surrogate, 17, 15.0, 0.03125
surrogate, 17, 15.0, 0.03125
surrogate, 17, 15.0, 0.03125
surrogate, 17, 15.0, 0.03125
surrogate, 17, 15.0, 0.03125
surrogate, 17, 15.0, 0.03125
surrogate, 17, 15.0, 0.03125
surrogate, 17, 15.0, 0.03125
surrogate, 17, 15.0, 0.03125
surrogate, 17, 15.0, 0.03125
surrogate, 17, 15.0, 0.03125
surrogate, 18, 32.0, 0.65625
surrogate, 18, 30.0, 0.625
surrogate, 18, 30.0, 0.625
surrogate, 18, 30.0, 0.625
surrogate, 18, 29.0, 0.53125
surrogate, 18, 29.0, 0.53125
surrogate, 18, 29.0, 0.53125
surrogate, 18, 29.0, 0.53125
surrogate, 18, 29.0, 0.53125
surrogate, 18, 29.0, 0.53125
surrogate, 18, 27.0, 0.46875
surrogate, 18, 27.0, 0.46875
surrogate, 18, 27.0, 0.46875
surrogate, 18, 27.0, 0.46875
surrogate, 18, 27.0, 0.46875
surrogate, 18, 27.0, 0.46875
surrogate, 18, 23.0, 0.28125
surrogate, 18, 23.0, 0.28125
surrogate, 18, 23.0, 0.28125
surrogate, 18, 15.0, 0.03125
surrogate, 18, 15.0, 0.03125
surrogate, 18, 15.0, 0.03125
surrogate, 18, 15.0, 0.03125
surrogate, 18, 15.0, 0.03125
surrogate, 18, 15.0, 0.03125
surrogate, 18, 15.0, 0.03125
surrogate, 18, 15.0, 0.03125
surrogate, 18, 15.0, 0.03125
surrogate, 18, 15.0, 0.03125
surrogate, 18, 15.0, 0.03125
surrogate, 19, 32.0, 0.65625
surrogate, 19, 30.0, 0.625
surrogate, 19, 30.0, 0.625
surrogate, 19, 30.0, 0.625
surrogate, 19, 30.0, 0.625
surrogate, 19, 29.0, 0.53125
surrogate, 19, 29.0, 0.53125
surrogate, 19, 29.0, 0.53125
surrogate, 19, 29.0, 0.53125
surrogate, 19, 29.0, 0.53125
surrogate, 19, 29.0, 0.53125
surrogate, 19, 27.0, 0.46875
surrogate, 19, 27.0, 0.46875
surrogate, 19, 27.0, 0.46875
surrogate, 19, 27.0, 0.46875
surrogate, 19, 27.0, 0.46875
surrogate, 19, 27.0, 0.46875
surrogate, 19, 23.0, 0.28125
surrogate, 19, 23.0, 0.28125
surrogate, 19, 23.0, 0.28125
surrogate, 19, 15.0, 0.03125
surrogate, 19, 15.0, 0.03125
surrogate, 19, 15.0, 0.03125
surrogate, 19, 15.0, 0.03125
surrogate, 19, 15.0, 0.03125
surrogate, 19, 15.0, 0.03125
surrogate, 19, 15.0, 0.03125
surrogate, 19, 15.0, 0.03125
surrogate, 19, 15.0, 0.03125
surrogate, 19, 15.0, 0.03125
surrogate, 19, 15.0, 0.03125
surrogate, 19, 15.0, 0.03125
surrogate, 20, 34.0, 0.75
surrogate, 20, 32.0, 0.65625
surrogate, 20, 32.0, 0.65625
surrogate, 20, 30.0, 0.625
surrogate, 20, 30.0, 0.625
surrogate, 20, 30.0, 0.625
surrogate, 20, 30.0, 0.625
surrogate, 20, 29.0, 0.53125
surrogate, 20, 29.0, 0.53125
surrogate, 20, 29.0, 0.53125
surrogate, 20, 29.0, 0.53125
surrogate, 20, 29.0, 0.53125
surrogate, 20, 29.0, 0.53125
surrogate, 20, 27.0, 0.46875
surrogate, 20, 27.0, 0.46875
surrogate, 20, 27.0, 0.46875
surrogate, 20, 27.0, 0.46875
surrogate, 20, 27.0, 0.46875
surrogate, 20, 27.0, 0.46875
surrogate, 20, 23.0, 0.28125
surrogate, 20, 23.0, 0.28125
surrogate, 20, 23.0, 0.28125
surrogate, 20, 15.0, 0.03125
surrogate, 20, 15.0, 0.03125
surrogate, 20, 15.0, 0.03125
surrogate, 20, 15.0, 0.03125
surrogate, 20, 15.0, 0.03125
surrogate, 20, 15.0, 0.03125
surrogate, 20, 15.0, 0.03125
surrogate, 20, 15.0, 0.03125
surrogate, 20, 15.0, 0.03125
surrogate, 20, 15.0, 0.03125
surrogate, 20, 15.0, 0.03125
surrogate, 20, 15.0, 0.03125
surrogate, 20, 15.0, 0.03125
surrogate, 21, 34.0, 0.75
surrogate, 21, 34.0, 0.75
surrogate, 21, 32.0, 0.65625
surrogate, 21, 32.0, 0.65625
surrogate, 21, 30.0, 0.625
surrogate, 21, 30.0, 0.625
surrogate, 21, 30.0, 0.625
surrogate, 21, 30.0, 0.625
surrogate, 21, 30.0, 0.625
surrogate, 21, 29.0, 0.53125
surrogate, 21, 29.0, 0.53125
surrogate, 21, 29.0, 0.53125
surrogate, 21, 29.0, 0.53125
surrogate, 21, 29.0, 0.53125
surrogate, 21, 29.0, 0.53125
surrogate, 21, 27.0, 0.46875
surrogate, 21, 27.0, 0.46875
surrogate, 21, 27.0, 0.46875
surrogate, 21, 27.0, 0.46875
surrogate, 21, 27.0, 0.46875
surrogate, 21, 27.0, 0.46875
surrogate, 21, 27.0, 0.46875
surrogate, 21, 23.0, 0.28125
surrogate, 21, 23.0, 0.28125
surrogate, 21, 23.0, 0.28125
surrogate, 21, 15.0, 0.03125
surrogate, 21, 15.0, 0.03125
surrogate, 21, 15.0, 0.03125
surrogate, 21, 15.0, 0.03125
surrogate, 21, 15.0, 0.03125
surrogate, 21, 15.0, 0.03125
surrogate, 21, 15.0, 0.03125
surrogate, 21, 15.0, 0.03125
surrogate, 21, 15.0, 0.03125
surrogate, 21, 15.0, 0.03125
surrogate, 21, 15.0, 0.03125
surrogate, 21, 15.0, 0.03125
surrogate, 21, 15.0, 0.03125
surrogate, 22, 34.0, 0.75
surrogate, 22, 34.0, 0.75
surrogate, 22, 32.0, 0.65625
surrogate, 22, 32.0, 0.65625
surrogate, 22, 32.0, 0.65625
surrogate, 22, 30.0, 0.625
surrogate, 22, 30.0, 0.625
surrogate, 22, 30.0, 0.625
surrogate, 22, 30.0, 0.625
surrogate, 22, 30.0, 0.625
surrogate, 22, 29.0, 0.53125
surrogate, 22, 29.0, 0.53125
surrogate, 22, 29.0, 0.53125
surrogate, 22, 29.0, 0.53125
surrogate, 22, 29.0, 0.53125
surrogate, 22, 29.0, 0.53125
surrogate, 22, 27.0, 0.46875
surrogate, 22, 27.0, 0.46875
surrogate, 22, 27.0, 0.46875
surrogate, 22, 27.0, 0.46875
surrogate, 22, 27.0, 0.46875
surrogate, 22, 27.0, 0.46875
surrogate, 22, 27.0, 0.46875
surrogate, 22, 23.0, 0.28125
surrogate, 22, 23.0, 0.28125
surrogate, 22, 23.0, 0.28125
surrogate, 22, 15.0, 0.03125
surrogate, 22, 15.0, 0.03125
surrogate, 22, 15.0, 0.03125
surrogate, 22, 15.0, 0.03125
surrogate, 22, 15.0, 0.03125
surrogate, 22, 15.0, 0.03125
surrogate, 22, 15.0, 0.03125
surrogate, 22, 15.0, 0.03125
surrogate, 22, 15.0, 0.03125
surrogate, 22, 15.0, 0.03125
surrogate, 22, 15.0, 0.03125
surrogate, 22, 15.0, 0.03125
surrogate, 22, 15.0, 0.03125
surrogate, 22, 15.0, 0.03125
surrogate, 23, 34.0, 0.75
surrogate, 23, 34.0, 0.75
surrogate, 23, 32.0, 0.65625
surrogate, 23, 32.0, 0.65625
surrogate, 23, 32.0, 0.65625
surrogate, 23, 30.0, 0.625
surrogate, 23, 30.0, 0.625
surrogate, 23, 30.0, 0.625
surrogate, 23, 30.0, 0.625
surrogate, 23, 30.0, 0.625
surrogate, 23, 29.0, 0.53125
surrogate, 23, 29.0, 0.53125
surrogate, 23, 29.0, 0.53125
surrogate, 23, 29.0, 0.53125
surrogate, 23, 29.0, 0.53125
surrogate, 23, 29.0, 0.53125
surrogate, 23, 27.0, 0.46875
surrogate, 23, 27.0, 0.46875
surrogate, 23, 27.0, 0.46875
surrogate, 23, 27.0, 0.46875
surrogate, 23, 27.0, 0.46875
surrogate, 23, 27.0, 0.46875
surrogate, 23, 27.0, 0.46875
surrogate, 23, 23.0, 0.28125
surrogate, 23, 23.0, 0.28125
surrogate, 23, 23.0, 0.28125
surrogate, 23, 15.0, 0.03125
surrogate, 23, 15.0, 0.03125
surrogate, 23, 15.0, 0.03125
surrogate, 23, 15.0, 0.03125
surrogate, 23, 15.0, 0.03125
surrogate, 23, 15.0, 0.03125
surrogate, 23, 15.0, 0.03125
surrogate, 23, 15.0, 0.03125
surrogate, 23, 15.0, 0.03125
surrogate, 23, 15.0, 0.03125
surrogate, 23, 15.0, 0.03125
surrogate, 23, 15.0, 0.03125
surrogate, 23, 15.0, 0.03125
surrogate, 23, 15.0, 0.03125
surrogate, 24, 34.0, 0.75
surrogate, 24, 34.0, 0.75
surrogate, 24, 32.0, 0.65625
surrogate, 24, 32.0, 0.65625
surrogate, 24, 32.0, 0.65625
surrogate, 24, 30.0, 0.625
surrogate, 24, 30.0, 0.625
surrogate, 24, 30.0, 0.625
surrogate, 24, 30.0, 0.625
surrogate, 24, 30.0, 0.625
surrogate, 24, 30.0, 0.625
surrogate, 24, 29.0, 0.53125
surrogate, 24, 29.0, 0.53125
surrogate, 24, 29.0, 0.53125
surrogate, 24, 29.0, 0.53125
surrogate, 24, 29.0, 0.53125
surrogate, 24, 29.0, 0.53125
surrogate, 24, 27.0, 0.46875
surrogate, 24, 27.0, 0.46875
surrogate, 24, 27.0, 0.46875
surrogate, 24, 27.0, 0.46875
surrogate, 24, 27.0, 0.46875
surrogate, 24, 27.0, 0.46875
surrogate, 24, 27.0, 0.46875
surrogate, 24, 23.0, 0.28125
surrogate, 24, 23.0, 0.28125
surrogate, 24, 23.0, 0.28125
surrogate, 24, 15.0, 0.03125
surrogate, 24, 15.0, 0.03125
surrogate, 24, 15.0, 0.03125
surrogate, 24, 15.0, 0.03125
surrogate, 24, 15.0, 0.03125
surrogate, 24, 15.0, 0.03125
surrogate, 24, 15.0, 0.03125
surrogate, 24, 15.0, 0.03125
surrogate, 24, 15.0, 0.03125
surrogate, 24, 15.0, 0.03125
surrogate, 24, 15.0, 0.03125
surrogate, 24, 15.0, 0.03125
surrogate, 24, 15.0, 0.03125
surrogate, 24, 15.0, 0.03125
surrogate, 24, 15.0, 0.03125
surrogate, 25, 34.0, 0.75
surrogate, 25, 34.0, 0.75
surrogate, 25, 32.0, 0.65625
surrogate, 25, 32.0, 0.65625
surrogate, 25, 32.0, 0.65625
surrogate, 25, 30.0, 0.625
surrogate, 25, 30.0, 0.625
surrogate, 25, 30.0, 0.625
surrogate, 25, 30.0, 0.625
surrogate, 25, 30.0, 0.625
surrogate, 25, 30.0, 0.625
surrogate, 25, 30.0, 0.625
surrogate, 25, 29.0, 0.53125
surrogate, 25, 29.0, 0.53125
surrogate, 25, 29.0, 0.53125
surrogate, 25, 29.0, 0.53125
surrogate, 25, 29.0, 0.53125
surrogate, 25, 29.0, 0.53125
surrogate, 25, 27.0, 0.46875
surrogate, 25, 27.0, 0.46875
surrogate, 25, 27.0, 0.46875
surrogate, 25, 27.0, 0.46875
surrogate, 25, 27.0, 0.46875
surrogate, 25, 27.0, 0.46875
surrogate, 25, 27.0, 0.46875
surrogate, 25, 27.0, 0.46875
surrogate, 25, 23.0, 0.28125
surrogate, 25, 23.0, 0.28125
surrogate, 25, 23.0, 0.28125
surrogate, 25, 15.0, 0.03125
surrogate, 25, 15.0, 0.03125
surrogate, 25, 15.0, 0.03125
surrogate, 25, 15.0, 0.03125
surrogate, 25, 15.0, 0.03125
surrogate, 25, 15.0, 0.03125
surrogate, 25, 15.0, 0.03125
surrogate, 25, 15.0, 0.03125
surrogate, 25, 15.0, 0.03125
surrogate, 25, 15.0, 0.03125
surrogate, 25, 15.0, 0.03125
surrogate, 25, 15.0, 0.03125
surrogate, 25, 15.0, 0.03125
surrogate, 25, 15.0, 0.03125
surrogate, 25, 15.0, 0.03125
surrogate, 25, 15.0, 0.03125
surrogate, 26, 34.0, 0.75
surrogate, 26, 34.0, 0.75
surrogate, 26, 32.0, 0.65625
surrogate, 26, 32.0, 0.65625
surrogate, 26, 32.0, 0.65625
surrogate, 26, 30.0, 0.625
surrogate, 26, 30.0, 0.625
surrogate, 26, 30.0, 0.625
surrogate, 26, 30.0, 0.625
surrogate, 26, 30.0, 0.625
surrogate, 26, 30.0, 0.625
surrogate, 26, 30.0, 0.625
surrogate, 26, 29.0, 0.53125
surrogate, 26, 29.0, 0.53125
surrogate, 26, 29.0, 0.53125
surrogate, 26, 29.0, 0.53125
surrogate, 26, 29.0, 0.53125
surrogate, 26, 29.0, 0.53125
surrogate, 26, 27.0, 0.46875
surrogate, 26, 27.0, 0.46875
surrogate, 26, 27.0, 0.46875
surrogate, 26, 27.0, 0.46875
surrogate, 26, 27.0, 0.46875
surrogate, 26, 27.0, 0.46875
surrogate, 26, 27.0, 0.46875
surrogate, 26, 27.0, 0.46875
surrogate, 26, 27.0, 0.46875
surrogate, 26, 23.0, 0.28125
surrogate, 26, 23.0, 0.28125
surrogate, 26, 23.0, 0.28125
surrogate, 26, 23.0, 0.28125
surrogate, 26, 15.0, 0.03125
surrogate, 26, 15.0, 0.03125
surrogate, 26, 15.0, 0.03125
surrogate, 26, 15.0, 0.03125
surrogate, 26, 15.0, 0.03125
surrogate, 26, 15.0, 0.03125
surrogate, 26, 15.0, 0.03125
surrogate, 26, 15.0, 0.03125
surrogate, 26, 15.0, 0.03125
surrogate, 26, 15.0, 0.03125
surrogate, 26, 15.0, 0.03125
surrogate, 26, 15.0, 0.03125
surrogate, 26, 15.0, 0.03125
surrogate, 26, 15.0, 0.03125
surrogate, 26, 15.0, 0.03125
surrogate, 26, 15.0, 0.03125
surrogate, 27, 34.0, 0.75
surrogate, 27, 34.0, 0.75
surrogate, 27, 32.0, 0.65625
surrogate, 27, 32.0, 0.65625
surrogate, 27, 32.0, 0.65625
surrogate, 27, 30.0, 0.625
surrogate, 27, 30.0, 0.625
surrogate, 27, 30.0, 0.625
surrogate, 27, 30.0, 0.625
surrogate, 27, 30.0, 0.625
surrogate, 27, 30.0, 0.625
surrogate, 27, 30.0, 0.625
surrogate, 27, 29.0, 0.53125
surrogate, 27, 29.0, 0.53125
surrogate, 27, 29.0, 0.53125
surrogate, 27, 29.0, 0.53125
surrogate, 27, 29.0, 0.53125
surrogate, 27, 29.0, 0.53125
surrogate, 27, 27.0, 0.46875
surrogate, 27, 27.0, 0.46875
surrogate, 27, 27.0, 0.46875
surrogate, 27, 27.0, 0.46875
surrogate, 27, 27.0, 0.46875
surrogate, 27, 27.0, 0.46875
surrogate, 27, 27.0, 0.46875
surrogate, 27, 27.0, 0.46875
surrogate, 27, 27.0, 0.46875
surrogate, 27, 23.0, 0.28125
surrogate, 27, 23.0, 0.28125
surrogate, 27, 23.0, 0.28125
surrogate, 27, 23.0, 0.28125
surrogate, 27, 15.0, 0.03125
surrogate, 27, 15.0, 0.03125
surrogate, 27, 15.0, 0.03125
surrogate, 27, 15.0, 0.03125
surrogate, 27, 15.0, 0.03125
surrogate, 27, 15.0, 0.03125
surrogate, 27, 15.0, 0.03125
surrogate, 27, 15.0, 0.03125
surrogate, 27, 15.0, 0.03125
surrogate, 27, 15.0, 0.03125
surrogate, 27, 15.0, 0.03125
surrogate, 27, 15.0, 0.03125
surrogate, 27, 15.0, 0.03125
surrogate, 27, 15.0, 0.03125
surrogate, 27, 15.0, 0.03125
surrogate, 27, 15.0, 0.03125
surrogate, 27, 15.0, 0.03125
surrogate, 28, 35.0, 0.8125
surrogate, 28, 34.0, 0.75
surrogate, 28, 34.0, 0.75
surrogate, 28, 32.0, 0.65625
surrogate, 28, 32.0, 0.65625
surrogate, 28, 32.0, 0.65625
surrogate, 28, 30.0, 0.625
surrogate, 28, 30.0, 0.625
surrogate, 28, 30.0, 0.625
surrogate, 28, 30.0, 0.625
surrogate, 28, 30.0, 0.625
surrogate, 28, 30.0, 0.625
surrogate, 28, 30.0, 0.625
surrogate, 28, 29.0, 0.53125
surrogate, 28, 29.0, 0.53125
surrogate, 28, 29.0, 0.53125
surrogate, 28, 29.0, 0.53125
surrogate, 28, 29.0, 0.53125
surrogate, 28, 29.0, 0.53125
surrogate, 28, 27.0, 0.46875
surrogate, 28, 27.0, 0.46875
surrogate, 28, 27.0, 0.46875
surrogate, 28, 27.0, 0.46875
surrogate, 28, 27.0, 0.46875
surrogate, 28, 27.0, 0.46875
surrogate, 28, 27.0, 0.46875
surrogate, 28, 27.0, 0.46875
surrogate, 28, 27.0, 0.46875
surrogate, 28, 27.0, 0.46875
surrogate, 28, 23.0, 0.28125
surrogate, 28, 23.0, 0.28125
surrogate, 28, 23.0, 0.28125
surrogate, 28, 23.0, 0.28125
surrogate, 28, 15.0, 0.03125
surrogate, 28, 15.0, 0.03125
surrogate, 28, 15.0, 0.03125
surrogate, 28, 15.0, 0.03125
surrogate, 28, 15.0, 0.03125
surrogate, 28, 15.0, 0.03125
surrogate, 28, 15.0, 0.03125
surrogate, 28, 15.0, 0.03125
surrogate, 28, 15.0, 0.03125
surrogate, 28, 15.0, 0.03125
surrogate, 28, 15.0, 0.03125
surrogate, 28, 15.0, 0.03125
surrogate, 28, 15.0, 0.03125
surrogate, 28, 15.0, 0.03125
surrogate, 28, 15.0, 0.03125
surrogate, 28, 15.0, 0.03125
surrogate, 28, 15.0, 0.03125
surrogate, 29, 35.0, 0.8125
surrogate, 29, 34.0, 0.75
surrogate, 29, 34.0, 0.75
surrogate, 29, 32.0, 0.65625
surrogate, 29, 32.0, 0.65625
surrogate, 29, 32.0, 0.65625
surrogate, 29, 32.0, 0.65625
surrogate, 29, 30.0, 0.625
surrogate, 29, 30.0, 0.625
surrogate, 29, 30.0, 0.625
surrogate, 29, 30.0, 0.625
surrogate, 29, 30.0, 0.625
surrogate, 29, 30.0, 0.625
surrogate, 29, 30.0, 0.625
surrogate, 29, 30.0, 0.625
surrogate, 29, 29.0, 0.53125
surrogate, 29, 29.0, 0.53125
surrogate, 29, 29.0, 0.53125
surrogate, 29, 29.0, 0.53125
surrogate, 29, 29.0, 0.53125
surrogate, 29, 29.0, 0.53125
surrogate, 29, 29.0, 0.53125
surrogate, 29, 27.0, 0.46875
surrogate, 29, 27.0, 0.46875
surrogate, 29, 27.0, 0.46875
surrogate, 29, 27.0, 0.46875
surrogate, 29, 27.0, 0.46875
surrogate, 29, 27.0, 0.46875
surrogate, 29, 27.0, 0.46875
surrogate, 29, 27.0, 0.46875
surrogate, 29, 27.0, 0.46875
surrogate, 29, 27.0, 0.46875
surrogate, 29, 27.0, 0.46875
surrogate, 29, 23.0, 0.28125
surrogate, 29, 23.0, 0.28125
surrogate, 29, 23.0, 0.28125
surrogate, 29, 23.0, 0.28125
surrogate, 29, 15.0, 0.03125
surrogate, 29, 15.0, 0.03125
surrogate, 29, 15.0, 0.03125
surrogate, 29, 15.0, 0.03125
surrogate, 29, 15.0, 0.03125
surrogate, 29, 15.0, 0.03125
surrogate, 29, 15.0, 0.03125
surrogate, 29, 15.0, 0.03125
surrogate, 29, 15.0, 0.03125
surrogate, 29, 15.0, 0.03125
surrogate, 29, 15.0, 0.03125
surrogate, 29, 15.0, 0.03125
surrogate, 29, 15.0, 0.03125
surrogate, 29, 15.0, 0.03125
surrogate, 29, 15.0, 0.03125
surrogate, 29, 15.0, 0.03125
surrogate, 29, 15.0, 0.03125
surrogate, 30, 35.0, 0.8125
surrogate, 30, 34.0, 0.75
surrogate, 30, 34.0, 0.75
surrogate, 30, 32.0, 0.65625
surrogate, 30, 32.0, 0.65625
surrogate, 30, 32.0, 0.65625
surrogate, 30, 32.0, 0.65625
surrogate, 30, 32.0, 0.65625
surrogate, 30, 30.0, 0.625
surrogate, 30, 30.0, 0.625
surrogate, 30, 30.0, 0.625
surrogate, 30, 30.0, 0.625
surrogate, 30, 30.0, 0.625
surrogate, 30, 30.0, 0.625
surrogate, 30, 30.0, 0.625
surrogate, 30, 30.0, 0.625
surrogate, 30, 30.0, 0.625
surrogate, 30, 29.0, 0.53125
surrogate, 30, 29.0, 0.53125
surrogate, 30, 29.0, 0.53125
surrogate, 30, 29.0, 0.53125
surrogate, 30, 29.0, 0.53125
surrogate, 30, 29.0, 0.53125
surrogate, 30, 29.0, 0.53125
surrogate, 30, 29.0, 0.53125
surrogate, 30, 27.0, 0.46875
surrogate, 30, 27.0, 0.46875
surrogate, 30, 27.0, 0.46875
surrogate, 30, 27.0, 0.46875
surrogate, 30, 27.0, 0.46875
surrogate, 30, 27.0, 0.46875
surrogate, 30, 27.0, 0.46875
surrogate, 30, 27.0, 0.46875
surrogate, 30, 27.0, 0.46875
surrogate, 30, 27.0, 0.46875
surrogate, 30, 27.0, 0.46875
surrogate, 30, 27.0, 0.46875
surrogate, 30, 23.0, 0.28125
surrogate, 30, 23.0, 0.28125
surrogate, 30, 23.0, 0.28125
surrogate, 30, 23.0, 0.28125
surrogate, 30, 15.0, 0.03125
surrogate, 30, 15.0, 0.03125
surrogate, 30, 15.0, 0.03125
surrogate, 30, 15.0, 0.03125
surrogate, 30, 15.0, 0.03125
surrogate, 30, 15.0, 0.03125
surrogate, 30, 15.0, 0.03125
surrogate, 30, 15.0, 0.03125
surrogate, 30, 15.0, 0.03125
surrogate, 30, 15.0, 0.03125
surrogate, 30, 15.0, 0.03125
surrogate, 30, 15.0, 0.03125
surrogate, 30, 15.0, 0.03125
surrogate, 30, 15.0, 0.03125
surrogate, 30, 15.0, 0.03125
surrogate, 30, 15.0, 0.03125
surrogate, 30, 15.0, 0.03125
surrogate, 31, 35.0, 0.8125
surrogate, 31, 34.0, 0.75
surrogate, 31, 34.0, 0.75
surrogate, 31, 32.0, 0.65625
surrogate, 31, 32.0, 0.65625
surrogate, 31, 32.0, 0.65625
surrogate, 31, 32.0, 0.65625
surrogate, 31, 32.0, 0.65625
surrogate, 31, 30.0, 0.625
surrogate, 31, 30.0, 0.625
surrogate, 31, 30.0, 0.625
surrogate, 31, 30.0, 0.625
surrogate, 31, 30.0, 0.625
surrogate, 31, 30.0, 0.625
surrogate, 31, 30.0, 0.625
surrogate, 31, 30.0, 0.625
surrogate, 31, 30.0, 0.625
surrogate, 31, 29.0, 0.53125
surrogate, 31, 29.0, 0.53125
surrogate, 31, 29.0, 0.53125
surrogate, 31, 29.0, 0.53125
surrogate, 31, 29.0, 0.53125
surrogate, 31, 29.0, 0.53125
surrogate, 31, 29.0, 0.53125
surrogate, 31, 29.0, 0.53125
surrogate, 31, 27.0, 0.46875
surrogate, 31, 27.0, 0.46875
surrogate, 31, 27.0, 0.46875
surrogate, 31, 27.0, 0.46875
surrogate, 31, 27.0, 0.46875
surrogate, 31, 27.0, 0.46875
surrogate, 31, 27.0, 0.46875
surrogate, 31, 27.0, 0.46875
surrogate, 31, 27.0, 0.46875
surrogate, 31, 27.0, 0.46875
surrogate, 31, 27.0, 0.46875
surrogate, 31, 27.0, 0.46875
surrogate, 31, 27.0, 0.46875
surrogate, 31, 23.0, 0.28125
surrogate, 31, 23.0, 0.28125
surrogate, 31, 23.0, 0.28125
surrogate, 31, 23.0, 0.28125
surrogate, 31, 23.0, 0.28125
surrogate, 31, 15.0, 0.03125
surrogate, 31, 15.0, 0.03125
surrogate, 31, 15.0, 0.03125
surrogate, 31, 15.0, 0.03125
surrogate, 31, 15.0, 0.03125
surrogate, 31, 15.0, 0.03125
surrogate, 31, 15.0, 0.03125
surrogate, 31, 15.0, 0.03125
surrogate, 31, 15.0, 0.03125
surrogate, 31, 15.0, 0.03125
surrogate, 31, 15.0, 0.03125
surrogate, 31, 15.0, 0.03125
surrogate, 31, 15.0, 0.03125
surrogate, 31, 15.0, 0.03125
surrogate, 31, 15.0, 0.03125
surrogate, 31, 15.0, 0.03125
surrogate, 31, 15.0, 0.03125
surrogate, 32, 35.0, 0.8125
surrogate, 32, 34.0, 0.75
surrogate, 32, 34.0, 0.75
surrogate, 32, 32.0, 0.65625
surrogate, 32, 32.0, 0.65625
surrogate, 32, 32.0, 0.65625
surrogate, 32, 32.0, 0.65625
surrogate, 32, 32.0, 0.65625
surrogate, 32, 30.0, 0.625
surrogate, 32, 30.0, 0.625
surrogate, 32, 30.0, 0.625
surrogate, 32, 30.0, 0.625
surrogate, 32, 30.0, 0.625
surrogate, 32, 30.0, 0.625
surrogate, 32, 30.0, 0.625
surrogate, 32, 30.0, 0.625
surrogate, 32, 30.0, 0.625
surrogate, 32, 29.0, 0.53125
surrogate, 32, 29.0, 0.53125
surrogate, 32, 29.0, 0.53125
surrogate, 32, 29.0, 0.53125
surrogate, 32, 29.0, 0.53125
surrogate, 32, 29.0, 0.53125
surrogate, 32, 29.0, 0.53125
surrogate, 32, 29.0, 0.53125
surrogate, 32, 29.0, 0.53125
surrogate, 32, 26.0, 0.46875
surrogate, 32, 23.0, 0.28125
surrogate, 32, 23.0, 0.28125
surrogate, 32, 23.0, 0.28125
surrogate, 32, 23.0, 0.28125
surrogate, 32, 23.0, 0.28125
surrogate, 32, 15.0, 0.03125
surrogate, 32, 15.0, 0.03125
surrogate, 32, 15.0, 0.03125
surrogate, 32, 15.0, 0.03125
surrogate, 32, 15.0, 0.03125
surrogate, 32, 15.0, 0.03125
surrogate, 32, 15.0, 0.03125
surrogate, 32, 15.0, 0.03125
surrogate, 32, 15.0, 0.03125
surrogate, 32, 15.0, 0.03125
surrogate, 32, 15.0, 0.03125
surrogate, 32, 15.0, 0.03125
surrogate, 32, 15.0, 0.03125
surrogate, 32, 15.0, 0.03125
surrogate, 32, 15.0, 0.03125
surrogate, 32, 15.0, 0.03125
surrogate, 32, 15.0, 0.03125
surrogate, 32, 15.0, 0.03125
surrogate, 33, 35.0, 0.84375
surrogate, 33, 34.0, 0.75
surrogate, 33, 34.0, 0.75
surrogate, 33, 32.0, 0.65625
surrogate, 33, 32.0, 0.65625
surrogate, 33, 32.0, 0.65625
surrogate, 33, 32.0, 0.65625
surrogate, 33, 32.0, 0.65625
surrogate, 33, 30.0, 0.625
surrogate, 33, 30.0, 0.625
surrogate, 33, 30.0, 0.625
surrogate, 33, 30.0, 0.625
surrogate, 33, 30.0, 0.625
surrogate, 33, 30.0, 0.625
surrogate, 33, 30.0, 0.625
surrogate, 33, 30.0, 0.625
surrogate, 33, 30.0, 0.625
surrogate, 33, 29.0, 0.53125
surrogate, 33, 29.0, 0.53125
surrogate, 33, 29.0, 0.53125
surrogate, 33, 29.0, 0.53125
surrogate, 33, 29.0, 0.53125
surrogate, 33, 29.0, 0.53125
surrogate, 33, 29.0, 0.53125
surrogate, 33, 29.0, 0.53125
surrogate, 33, 29.0, 0.53125
surrogate, 33, 29.0, 0.53125
surrogate, 33, 26.0, 0.46875
surrogate, 33, 23.0, 0.28125
surrogate, 33, 23.0, 0.28125
surrogate, 33, 23.0, 0.28125
surrogate, 33, 23.0, 0.28125
surrogate, 33, 23.0, 0.28125
surrogate, 33, 23.0, 0.28125
surrogate, 33, 15.0, 0.03125
surrogate, 33, 15.0, 0.03125
surrogate, 33, 15.0, 0.03125
surrogate, 33, 15.0, 0.03125
surrogate, 33, 15.0, 0.03125
surrogate, 33, 15.0, 0.03125
surrogate, 33, 15.0, 0.03125
surrogate, 33, 15.0, 0.03125
surrogate, 33, 15.0, 0.03125
surrogate, 33, 15.0, 0.03125
surrogate, 33, 15.0, 0.03125
surrogate, 33, 15.0, 0.03125
surrogate, 33, 15.0, 0.03125
surrogate, 33, 15.0, 0.03125
surrogate, 33, 15.0, 0.03125
surrogate, 33, 15.0, 0.03125
surrogate, 33, 15.0, 0.03125
surrogate, 33, 15.0, 0.03125
surrogate, 33, 15.0, 0.03125
surrogate, 34, 35.0, 0.84375
surrogate, 34, 34.0, 0.75
surrogate, 34, 34.0, 0.75
surrogate, 34, 34.0, 0.75
surrogate, 34, 32.0, 0.65625
surrogate, 34, 32.0, 0.65625
surrogate, 34, 32.0, 0.65625
surrogate, 34, 32.0, 0.65625
surrogate, 34, 32.0, 0.65625
surrogate, 34, 30.0, 0.625
surrogate, 34, 30.0, 0.625
surrogate, 34, 30.0, 0.625
surrogate, 34, 30.0, 0.625
surrogate, 34, 30.0, 0.625
surrogate, 34, 30.0, 0.625
surrogate, 34, 30.0, 0.625
surrogate, 34, 30.0, 0.625
surrogate, 34, 30.0, 0.625
surrogate, 34, 30.0, 0.625
surrogate, 34, 29.0, 0.53125
surrogate, 34, 29.0, 0.53125
surrogate, 34, 29.0, 0.53125
surrogate, 34, 29.0, 0.53125
surrogate, 34, 29.0, 0.53125
surrogate, 34, 29.0, 0.53125
surrogate, 34, 29.0, 0.53125
surrogate, 34, 29.0, 0.53125
surrogate, 34, 29.0, 0.53125
surrogate, 34, 29.0, 0.53125
surrogate, 34, 26.0, 0.46875
surrogate, 34, 23.0, 0.28125
surrogate, 34, 23.0, 0.28125
surrogate, 34, 23.0, 0.28125
surrogate, 34, 23.0, 0.28125
surrogate, 34, 23.0, 0.28125
surrogate, 34, 23.0, 0.28125
surrogate, 34, 23.0, 0.28125
surrogate, 34, 15.0, 0.03125
surrogate, 34, 15.0, 0.03125
surrogate, 34, 15.0, 0.03125
surrogate, 34, 15.0, 0.03125
surrogate, 34, 15.0, 0.03125
surrogate, 34, 15.0, 0.03125
surrogate, 34, 15.0, 0.03125
surrogate, 34, 15.0, 0.03125
surrogate, 34, 15.0, 0.03125
surrogate, 34, 15.0, 0.03125
surrogate, 34, 15.0, 0.03125
surrogate, 34, 15.0, 0.03125
surrogate, 34, 15.0, 0.03125
surrogate, 34, 15.0, 0.03125
surrogate, 34, 15.0, 0.03125
surrogate, 34, 15.0, 0.03125
surrogate, 34, 15.0, 0.03125
surrogate, 34, 15.0, 0.03125
surrogate, 34, 15.0, 0.03125
surrogate, 35, 35.0, 0.84375
surrogate, 35, 34.0, 0.75
surrogate, 35, 34.0, 0.75
surrogate, 35, 34.0, 0.75
surrogate, 35, 32.0, 0.65625
surrogate, 35, 32.0, 0.65625
surrogate, 35, 32.0, 0.65625
surrogate, 35, 32.0, 0.65625
surrogate, 35, 32.0, 0.65625
surrogate, 35, 30.0, 0.625
surrogate, 35, 30.0, 0.625
surrogate, 35, 30.0, 0.625
surrogate, 35, 30.0, 0.625
surrogate, 35, 30.0, 0.625
surrogate, 35, 30.0, 0.625
surrogate, 35, 30.0, 0.625
surrogate, 35, 30.0, 0.625
surrogate, 35, 30.0, 0.625
surrogate, 35, 30.0, 0.625
surrogate, 35, 29.0, 0.53125
surrogate, 35, 29.0, 0.53125
surrogate, 35, 29.0, 0.53125
surrogate, 35, 29.0, 0.53125
surrogate, 35, 29.0, 0.53125
surrogate, 35, 29.0, 0.53125
surrogate, 35, 29.0, 0.53125
surrogate, 35, 29.0, 0.53125
surrogate, 35, 29.0, 0.53125
surrogate, 35, 29.0, 0.53125
surrogate, 35, 26.0, 0.46875
surrogate, 35, 23.0, 0.28125
surrogate, 35, 23.0, 0.28125
surrogate, 35, 23.0, 0.28125
surrogate, 35, 23.0, 0.28125
surrogate, 35, 23.0, 0.28125
surrogate, 35, 23.0, 0.28125
surrogate, 35, 23.0, 0.28125
surrogate, 35, 15.0, 0.03125
surrogate, 35, 15.0, 0.03125
surrogate, 35, 15.0, 0.03125
surrogate, 35, 15.0, 0.03125
surrogate, 35, 15.0, 0.03125
surrogate, 35, 15.0, 0.03125
surrogate, 35, 15.0, 0.03125
surrogate, 35, 15.0, 0.03125
surrogate, 35, 15.0, 0.03125
surrogate, 35, 15.0, 0.03125
surrogate, 35, 15.0, 0.03125
surrogate, 35, 15.0, 0.03125
surrogate, 35, 15.0, 0.03125
surrogate, 35, 15.0, 0.03125
surrogate, 35, 15.0, 0.03125
surrogate, 35, 15.0, 0.03125
surrogate, 35, 15.0, 0.03125
surrogate, 35, 15.0, 0.03125
surrogate, 35, 15.0, 0.03125
surrogate, 36, 35.0, 0.84375
surrogate, 36, 34.0, 0.75
surrogate, 36, 34.0, 0.75
surrogate, 36, 34.0, 0.75
surrogate, 36, 31.0, 0.65625
surrogate, 36, 30.0, 0.625
surrogate, 36, 30.0, 0.625
surrogate, 36, 30.0, 0.625
surrogate, 36, 30.0, 0.625
surrogate, 36, 30.0, 0.625
surrogate, 36, 30.0, 0.625
surrogate, 36, 30.0, 0.625
surrogate, 36, 30.0, 0.625
surrogate, 36, 30.0, 0.625
surrogate, 36, 30.0, 0.625
surrogate, 36, 29.0, 0.53125
surrogate, 36, 29.0, 0.53125
surrogate, 36, 29.0, 0.53125
surrogate, 36, 29.0, 0.53125
surrogate, 36, 29.0, 0.53125
surrogate, 36, 29.0, 0.53125
surrogate, 36, 29.0, 0.53125
surrogate, 36, 29.0, 0.53125
surrogate, 36, 29.0, 0.53125
surrogate, 36, 29.0, 0.53125
surrogate, 36, 29.0, 0.53125
surrogate, 36, 26.0, 0.46875
surrogate, 36, 23.0, 0.28125
surrogate, 36, 23.0, 0.28125
surrogate, 36, 23.0, 0.28125
surrogate, 36, 23.0, 0.28125
surrogate, 36, 23.0, 0.28125
surrogate, 36, 23.0, 0.28125
surrogate, 36, 23.0, 0.28125
surrogate, 36, 15.0, 0.03125
surrogate, 36, 15.0, 0.03125
surrogate, 36, 15.0, 0.03125
surrogate, 36, 15.0, 0.03125
surrogate, 36, 15.0, 0.03125
surrogate, 36, 15.0, 0.03125
surrogate, 36, 15.0, 0.03125
surrogate, 36, 15.0, 0.03125
surrogate, 36, 15.0, 0.03125
surrogate, 36, 15.0, 0.03125
surrogate, 36, 15.0, 0.03125
surrogate, 36, 15.0, 0.03125
surrogate, 36, 15.0, 0.03125
surrogate, 36, 15.0, 0.03125
surrogate, 36, 15.0, 0.03125
surrogate, 36, 15.0, 0.03125
surrogate, 36, 15.0, 0.03125
surrogate, 36, 15.0, 0.03125
surrogate, 36, 15.0, 0.03125
surrogate, 36, 15.0, 0.03125
surrogate, 37, 35.0, 0.84375
surrogate, 37, 34.0, 0.75
surrogate, 37, 34.0, 0.75
surrogate, 37, 34.0, 0.75
surrogate, 37, 31.0, 0.65625
surrogate, 37, 30.0, 0.625
surrogate, 37, 30.0, 0.625
surrogate, 37, 30.0, 0.625
surrogate, 37, 30.0, 0.625
surrogate, 37, 30.0, 0.625
surrogate, 37, 30.0, 0.625
surrogate, 37, 30.0, 0.625
surrogate, 37, 30.0, 0.625
surrogate, 37, 30.0, 0.625
surrogate, 37, 30.0, 0.625
surrogate, 37, 29.0, 0.53125
surrogate, 37, 29.0, 0.53125
surrogate, 37, 29.0, 0.53125
surrogate, 37, 29.0, 0.53125
surrogate, 37, 29.0, 0.53125
surrogate, 37, 29.0, 0.53125
surrogate, 37, 29.0, 0.53125
surrogate, 37, 29.0, 0.53125
surrogate, 37, 29.0, 0.53125
surrogate, 37, 29.0, 0.53125
surrogate, 37, 29.0, 0.53125
surrogate, 37, 29.0, 0.53125
surrogate, 37, 26.0, 0.46875
surrogate, 37, 23.0, 0.28125
surrogate, 37, 23.0, 0.28125
surrogate, 37, 23.0, 0.28125
surrogate, 37, 23.0, 0.28125
surrogate, 37, 23.0, 0.28125
surrogate, 37, 23.0, 0.28125
surrogate, 37, 23.0, 0.28125
surrogate, 37, 15.0, 0.03125
surrogate, 37, 15.0, 0.03125
surrogate, 37, 15.0, 0.03125
surrogate, 37, 15.0, 0.03125
surrogate, 37, 15.0, 0.03125
surrogate, 37, 15.0, 0.03125
surrogate, 37, 15.0, 0.03125
surrogate, 37, 15.0, 0.03125
surrogate, 37, 15.0, 0.03125
surrogate, 37, 15.0, 0.03125
surrogate, 37, 15.0, 0.03125
surrogate, 37, 15.0, 0.03125
surrogate, 37, 15.0, 0.03125
surrogate, 37, 15.0, 0.03125
surrogate, 37, 15.0, 0.03125
surrogate, 37, 15.0, 0.03125
surrogate, 37, 15.0, 0.03125
surrogate, 37, 15.0, 0.03125
surrogate, 37, 15.0, 0.03125
surrogate, 37, 15.0, 0.03125
surrogate, 38, 35.0, 0.84375
surrogate, 38, 34.0, 0.75
surrogate, 38, 34.0, 0.75
surrogate, 38, 34.0, 0.75
surrogate, 38, 34.0, 0.75
surrogate, 38, 31.0, 0.65625
surrogate, 38, 31.0, 0.65625
surrogate, 38, 30.0, 0.625
surrogate, 38, 30.0, 0.625
surrogate, 38, 30.0, 0.625
surrogate, 38, 30.0, 0.625
surrogate, 38, 30.0, 0.625
surrogate, 38, 30.0, 0.625
surrogate, 38, 30.0, 0.625
surrogate, 38, 30.0, 0.625
surrogate, 38, 30.0, 0.625
surrogate, 38, 30.0, 0.625
surrogate, 38, 29.0, 0.53125
surrogate, 38, 29.0, 0.53125
surrogate, 38, 29.0, 0.53125
surrogate, 38, 29.0, 0.53125
surrogate, 38, 29.0, 0.53125
surrogate, 38, 29.0, 0.53125
surrogate, 38, 29.0, 0.53125
surrogate, 38, 29.0, 0.53125
surrogate, 38, 29.0, 0.53125
surrogate, 38, 29.0, 0.53125
surrogate, 38, 29.0, 0.53125
surrogate, 38, 29.0, 0.53125
surrogate, 38, 29.0, 0.53125
surrogate, 38, 26.0, 0.46875
surrogate, 38, 23.0, 0.28125
surrogate, 38, 23.0, 0.28125
surrogate, 38, 23.0, 0.28125
surrogate, 38, 23.0, 0.28125
surrogate, 38, 23.0, 0.28125
surrogate, 38, 23.0, 0.28125
surrogate, 38, 23.0, 0.28125
surrogate, 38, 23.0, 0.28125
surrogate, 38, 15.0, 0.03125
surrogate, 38, 15.0, 0.03125
surrogate, 38, 15.0, 0.03125
surrogate, 38, 15.0, 0.03125
surrogate, 38, 15.0, 0.03125
surrogate, 38, 15.0, 0.03125
surrogate, 38, 15.0, 0.03125
surrogate, 38, 15.0, 0.03125
surrogate, 38, 15.0, 0.03125
surrogate, 38, 15.0, 0.03125
surrogate, 38, 15.0, 0.03125
surrogate, 38, 15.0, 0.03125
surrogate, 38, 15.0, 0.03125
surrogate, 38, 15.0, 0.03125
surrogate, 38, 15.0, 0.03125
surrogate, 38, 15.0, 0.03125
surrogate, 38, 15.0, 0.03125
surrogate, 38, 15.0, 0.03125
surrogate, 38, 15.0, 0.03125
surrogate, 38, 15.0, 0.03125
surrogate, 38, 15.0, 0.03125
surrogate, 39, 35.0, 0.84375
surrogate, 39, 35.0, 0.84375
surrogate, 39, 33.0, 0.75
surrogate, 39, 31.0, 0.65625
surrogate, 39, 31.0, 0.65625
surrogate, 39, 30.0, 0.625
surrogate, 39, 30.0, 0.625
surrogate, 39, 30.0, 0.625
surrogate, 39, 30.0, 0.625
surrogate, 39, 30.0, 0.625
surrogate, 39, 30.0, 0.625
surrogate, 39, 30.0, 0.625
surrogate, 39, 30.0, 0.625
surrogate, 39, 30.0, 0.625
surrogate, 39, 30.0, 0.625
surrogate, 39, 29.0, 0.53125
surrogate, 39, 29.0, 0.53125
surrogate, 39, 29.0, 0.53125
surrogate, 39, 29.0, 0.53125
surrogate, 39, 29.0, 0.53125
surrogate, 39, 29.0, 0.53125
surrogate, 39, 29.0, 0.53125
surrogate, 39, 29.0, 0.53125
surrogate, 39, 29.0, 0.53125
surrogate, 39, 29.0, 0.53125
surrogate, 39, 29.0, 0.53125
surrogate, 39, 29.0, 0.53125
surrogate, 39, 29.0, 0.53125
surrogate, 39, 29.0, 0.53125
surrogate, 39, 26.0, 0.46875
surrogate, 39, 23.0, 0.28125
surrogate, 39, 23.0, 0.28125
surrogate, 39, 23.0, 0.28125
surrogate, 39, 23.0, 0.28125
surrogate, 39, 23.0, 0.28125
surrogate, 39, 23.0, 0.28125
surrogate, 39, 23.0, 0.28125
surrogate, 39, 23.0, 0.28125
surrogate, 39, 15.0, 0.03125
surrogate, 39, 15.0, 0.03125
surrogate, 39, 15.0, 0.03125
surrogate, 39, 15.0, 0.03125
surrogate, 39, 15.0, 0.03125
surrogate, 39, 15.0, 0.03125
surrogate, 39, 15.0, 0.03125
surrogate, 39, 15.0, 0.03125
surrogate, 39, 15.0, 0.03125
surrogate, 39, 15.0, 0.03125
surrogate, 39, 15.0, 0.03125
surrogate, 39, 15.0, 0.03125
surrogate, 39, 15.0, 0.03125
surrogate, 39, 15.0, 0.03125
surrogate, 39, 15.0, 0.03125
surrogate, 39, 15.0, 0.03125
surrogate, 39, 15.0, 0.03125
surrogate, 39, 15.0, 0.03125
surrogate, 39, 15.0, 0.03125
surrogate, 39, 15.0, 0.03125
surrogate, 39, 15.0, 0.03125
surrogate, 39, 15.0, 0.03125
surrogate, 40, 35.0, 0.84375
surrogate, 40, 35.0, 0.84375
surrogate, 40, 33.0, 0.75
surrogate, 40, 31.0, 0.65625
surrogate, 40, 31.0, 0.65625
surrogate, 40, 30.0, 0.625
surrogate, 40, 30.0, 0.625
surrogate, 40, 30.0, 0.625
surrogate, 40, 30.0, 0.625
surrogate, 40, 30.0, 0.625
surrogate, 40, 30.0, 0.625
surrogate, 40, 30.0, 0.625
surrogate, 40, 30.0, 0.625
surrogate, 40, 30.0, 0.625
surrogate, 40, 30.0, 0.625
surrogate, 40, 29.0, 0.53125
surrogate, 40, 29.0, 0.53125
surrogate, 40, 29.0, 0.53125
surrogate, 40, 29.0, 0.53125
surrogate, 40, 29.0, 0.53125
surrogate, 40, 29.0, 0.53125
surrogate, 40, 29.0, 0.53125
surrogate, 40, 29.0, 0.53125
surrogate, 40, 29.0, 0.53125
surrogate, 40, 29.0, 0.53125
surrogate, 40, 29.0, 0.53125
surrogate, 40, 29.0, 0.53125
surrogate, 40, 29.0, 0.53125
surrogate, 40, 29.0, 0.53125
surrogate, 40, 29.0, 0.53125
surrogate, 40, 26.0, 0.46875
surrogate, 40, 26.0, 0.46875
surrogate, 40, 23.0, 0.28125
surrogate, 40, 23.0, 0.28125
surrogate, 40, 23.0, 0.28125
surrogate, 40, 23.0, 0.28125
surrogate, 40, 23.0, 0.28125
surrogate, 40, 23.0, 0.28125
surrogate, 40, 23.0, 0.28125
surrogate, 40, 23.0, 0.28125
surrogate, 40, 15.0, 0.03125
surrogate, 40, 15.0, 0.03125
surrogate, 40, 15.0, 0.03125
surrogate, 40, 15.0, 0.03125
surrogate, 40, 15.0, 0.03125
surrogate, 40, 15.0, 0.03125
surrogate, 40, 15.0, 0.03125
surrogate, 40, 15.0, 0.03125
surrogate, 40, 15.0, 0.03125
surrogate, 40, 15.0, 0.03125
surrogate, 40, 15.0, 0.03125
surrogate, 40, 15.0, 0.03125
surrogate, 40, 15.0, 0.03125
surrogate, 40, 15.0, 0.03125
surrogate, 40, 15.0, 0.03125
surrogate, 40, 15.0, 0.03125
surrogate, 40, 15.0, 0.03125
surrogate, 40, 15.0, 0.03125
surrogate, 40, 15.0, 0.03125
surrogate, 40, 15.0, 0.03125
surrogate, 40, 15.0, 0.03125
surrogate, 40, 15.0, 0.03125
surrogate, 41, 35.0, 0.84375
surrogate, 41, 35.0, 0.84375
surrogate, 41, 32.0, 0.75
surrogate, 41, 31.0, 0.65625
surrogate, 41, 31.0, 0.65625
surrogate, 41, 30.0, 0.625
surrogate, 41, 30.0, 0.625
surrogate, 41, 30.0, 0.625
surrogate, 41, 30.0, 0.625
surrogate, 41, 30.0, 0.625
surrogate, 41, 30.0, 0.625
surrogate, 41, 30.0, 0.625
surrogate, 41, 30.0, 0.625
surrogate, 41, 30.0, 0.625
surrogate, 41, 30.0, 0.625
surrogate, 41, 29.0, 0.53125
surrogate, 41, 29.0, 0.53125
surrogate, 41, 29.0, 0.53125
surrogate, 41, 29.0, 0.53125
surrogate, 41, 29.0, 0.53125
surrogate, 41, 29.0, 0.53125
surrogate, 41, 29.0, 0.53125
surrogate, 41, 29.0, 0.53125
surrogate, 41, 29.0, 0.53125
surrogate, 41, 29.0, 0.53125
surrogate, 41, 29.0, 0.53125
surrogate, 41, 29.0, 0.53125
surrogate, 41, 29.0, 0.53125
surrogate, 41, 29.0, 0.53125
surrogate, 41, 29.0, 0.53125
surrogate, 41, 26.0, 0.46875
surrogate, 41, 26.0, 0.46875
surrogate, 41, 26.0, 0.46875
surrogate, 41, 23.0, 0.28125
surrogate, 41, 23.0, 0.28125
surrogate, 41, 23.0, 0.28125
surrogate, 41, 23.0, 0.28125
surrogate, 41, 23.0, 0.28125
surrogate, 41, 23.0, 0.28125
surrogate, 41, 23.0, 0.28125
surrogate, 41, 23.0, 0.28125
surrogate, 41, 15.0, 0.03125
surrogate, 41, 15.0, 0.03125
surrogate, 41, 15.0, 0.03125
surrogate, 41, 15.0, 0.03125
surrogate, 41, 15.0, 0.03125
surrogate, 41, 15.0, 0.03125
surrogate, 41, 15.0, 0.03125
surrogate, 41, 15.0, 0.03125
surrogate, 41, 15.0, 0.03125
surrogate, 41, 15.0, 0.03125
surrogate, 41, 15.0, 0.03125
surrogate, 41, 15.0, 0.03125
surrogate, 41, 15.0, 0.03125
surrogate, 41, 15.0, 0.03125
surrogate, 41, 15.0, 0.03125
surrogate, 41, 15.0, 0.03125
surrogate, 41, 15.0, 0.03125
surrogate, 41, 15.0, 0.03125
surrogate, 41, 15.0, 0.03125
surrogate, 41, 15.0, 0.03125
surrogate, 41, 15.0, 0.03125
surrogate, 41, 15.0, 0.03125
surrogate, 41, 15.0, 0.03125
surrogate, 42, 36.0, 0.875
surrogate, 42, 35.0, 0.84375
surrogate, 42, 35.0, 0.84375
surrogate, 42, 32.0, 0.75
surrogate, 42, 31.0, 0.65625
surrogate, 42, 31.0, 0.65625
surrogate, 42, 31.0, 0.65625
surrogate, 42, 30.0, 0.625
surrogate, 42, 30.0, 0.625
surrogate, 42, 30.0, 0.625
surrogate, 42, 30.0, 0.625
surrogate, 42, 30.0, 0.625
surrogate, 42, 30.0, 0.625
surrogate, 42, 30.0, 0.625
surrogate, 42, 30.0, 0.625
surrogate, 42, 30.0, 0.625
surrogate, 42, 30.0, 0.625
surrogate, 42, 29.0, 0.53125
surrogate, 42, 29.0, 0.53125
surrogate, 42, 29.0, 0.53125
surrogate, 42, 29.0, 0.53125
surrogate, 42, 29.0, 0.53125
surrogate, 42, 29.0, 0.53125
surrogate, 42, 29.0, 0.53125
surrogate, 42, 29.0, 0.53125
surrogate, 42, 29.0, 0.53125
surrogate, 42, 29.0, 0.53125
surrogate, 42, 29.0, 0.53125
surrogate, 42, 29.0, 0.53125
surrogate, 42, 29.0, 0.53125
surrogate, 42, 29.0, 0.53125
surrogate, 42, 29.0, 0.53125
surrogate, 42, 29.0, 0.53125
surrogate, 42, 26.0, 0.46875
surrogate, 42, 26.0, 0.46875
surrogate, 42, 26.0, 0.46875
surrogate, 42, 26.0, 0.46875
surrogate, 42, 23.0, 0.28125
surrogate, 42, 23.0, 0.28125
surrogate, 42, 23.0, 0.28125
surrogate, 42, 23.0, 0.28125
surrogate, 42, 23.0, 0.28125
surrogate, 42, 23.0, 0.28125
surrogate, 42, 23.0, 0.28125
surrogate, 42, 23.0, 0.28125
surrogate, 42, 23.0, 0.28125
surrogate, 42, 15.0, 0.03125
surrogate, 42, 15.0, 0.03125
surrogate, 42, 15.0, 0.03125
surrogate, 42, 15.0, 0.03125
surrogate, 42, 15.0, 0.03125
surrogate, 42, 15.0, 0.03125
surrogate, 42, 15.0, 0.03125
surrogate, 42, 15.0, 0.03125
surrogate, 42, 15.0, 0.03125
surrogate, 42, 15.0, 0.03125
surrogate, 42, 15.0, 0.03125
surrogate, 42, 15.0, 0.03125
surrogate, 42, 15.0, 0.03125
surrogate, 42, 15.0, 0.03125
surrogate, 42, 15.0, 0.03125
surrogate, 42, 15.0, 0.03125
surrogate, 42, 15.0, 0.03125
surrogate, 42, 15.0, 0.03125
surrogate, 42, 15.0, 0.03125
surrogate, 42, 15.0, 0.03125
surrogate, 42, 15.0, 0.03125
surrogate, 42, 15.0, 0.03125
surrogate, 42, 15.0, 0.03125
surrogate, 43, 35.0, 0.875
surrogate, 43, 34.0, 0.84375
surrogate, 43, 32.0, 0.75
surrogate, 43, 31.0, 0.65625
surrogate, 43, 31.0, 0.65625
surrogate, 43, 31.0, 0.65625
surrogate, 43, 30.0, 0.625
surrogate, 43, 30.0, 0.625
surrogate, 43, 30.0, 0.625
surrogate, 43, 30.0, 0.625
surrogate, 43, 30.0, 0.625
surrogate, 43, 30.0, 0.625
surrogate, 43, 30.0, 0.625
surrogate, 43, 30.0, 0.625
surrogate, 43, 30.0, 0.625
surrogate, 43, 30.0, 0.625
surrogate, 43, 29.0, 0.53125
surrogate, 43, 29.0, 0.53125
surrogate, 43, 29.0, 0.53125
surrogate, 43, 29.0, 0.53125
surrogate, 43, 29.0, 0.53125
surrogate, 43, 29.0, 0.53125
surrogate, 43, 29.0, 0.53125
surrogate, 43, 29.0, 0.53125
surrogate, 43, 29.0, 0.53125
surrogate, 43, 29.0, 0.53125
surrogate, 43, 29.0, 0.53125
surrogate, 43, 29.0, 0.53125
surrogate, 43, 29.0, 0.53125
surrogate, 43, 29.0, 0.53125
surrogate, 43, 29.0, 0.53125
surrogate, 43, 29.0, 0.53125
surrogate, 43, 26.0, 0.46875
surrogate, 43, 26.0, 0.46875
surrogate, 43, 26.0, 0.46875
surrogate, 43, 26.0, 0.46875
surrogate, 43, 26.0, 0.46875
surrogate, 43, 23.0, 0.28125
surrogate, 43, 23.0, 0.28125
surrogate, 43, 23.0, 0.28125
surrogate, 43, 23.0, 0.28125
surrogate, 43, 23.0, 0.28125
surrogate, 43, 23.0, 0.28125
surrogate, 43, 23.0, 0.28125
surrogate, 43, 23.0, 0.28125
surrogate, 43, 23.0, 0.28125
surrogate, 43, 15.0, 0.03125
surrogate, 43, 15.0, 0.03125
surrogate, 43, 15.0, 0.03125
surrogate, 43, 15.0, 0.03125
surrogate, 43, 15.0, 0.03125
surrogate, 43, 15.0, 0.03125
surrogate, 43, 15.0, 0.03125
surrogate, 43, 15.0, 0.03125
surrogate, 43, 15.0, 0.03125
surrogate, 43, 15.0, 0.03125
surrogate, 43, 15.0, 0.03125
surrogate, 43, 15.0, 0.03125
surrogate, 43, 15.0, 0.03125
surrogate, 43, 15.0, 0.03125
surrogate, 43, 15.0, 0.03125
surrogate, 43, 15.0, 0.03125
surrogate, 43, 15.0, 0.03125
surrogate, 43, 15.0, 0.03125
surrogate, 43, 15.0, 0.03125
surrogate, 43, 15.0, 0.03125
surrogate, 43, 15.0, 0.03125
surrogate, 43, 15.0, 0.03125
surrogate, 43, 15.0, 0.03125
surrogate, 44, 35.0, 0.875
surrogate, 44, 34.0, 0.84375
surrogate, 44, 32.0, 0.75
surrogate, 44, 31.0, 0.65625
surrogate, 44, 31.0, 0.65625
surrogate, 44, 31.0, 0.65625
surrogate, 44, 30.0, 0.625
surrogate, 44, 30.0, 0.625
surrogate, 44, 30.0, 0.625
surrogate, 44, 30.0, 0.625
surrogate, 44, 30.0, 0.625
surrogate, 44, 30.0, 0.625
surrogate, 44, 30.0, 0.625
surrogate, 44, 30.0, 0.625
surrogate, 44, 30.0, 0.625
surrogate, 44, 30.0, 0.625
surrogate, 44, 29.0, 0.53125
surrogate, 44, 29.0, 0.53125
surrogate, 44, 29.0, 0.53125
surrogate, 44, 29.0, 0.53125
surrogate, 44, 29.0, 0.53125
surrogate, 44, 29.0, 0.53125
surrogate, 44, 29.0, 0.53125
surrogate, 44, 29.0, 0.53125
surrogate, 44, 29.0, 0.53125
surrogate, 44, 29.0, 0.53125
surrogate, 44, 29.0, 0.53125
surrogate, 44, 29.0, 0.53125
surrogate, 44, 29.0, 0.53125
surrogate, 44, 29.0, 0.53125
surrogate, 44, 29.0, 0.53125
surrogate, 44, 29.0, 0.53125
surrogate, 44, 26.0, 0.46875
surrogate, 44, 26.0, 0.46875
surrogate, 44, 26.0, 0.46875
surrogate, 44, 26.0, 0.46875
surrogate, 44, 26.0, 0.46875
surrogate, 44, 26.0, 0.46875
surrogate, 44, 23.0, 0.28125
surrogate, 44, 23.0, 0.28125
surrogate, 44, 23.0, 0.28125
surrogate, 44, 23.0, 0.28125
surrogate, 44, 23.0, 0.28125
surrogate, 44, 23.0, 0.28125
surrogate, 44, 23.0, 0.28125
surrogate, 44, 23.0, 0.28125
surrogate, 44, 23.0, 0.28125
surrogate, 44, 15.0, 0.03125
surrogate, 44, 15.0, 0.03125
surrogate, 44, 15.0, 0.03125
surrogate, 44, 15.0, 0.03125
surrogate, 44, 15.0, 0.03125
surrogate, 44, 15.0, 0.03125
surrogate, 44, 15.0, 0.03125
surrogate, 44, 15.0, 0.03125
surrogate, 44, 15.0, 0.03125
surrogate, 44, 15.0, 0.03125
surrogate, 44, 15.0, 0.03125
surrogate, 44, 15.0, 0.03125
surrogate, 44, 15.0, 0.03125
surrogate, 44, 15.0, 0.03125
surrogate, 44, 15.0, 0.03125
surrogate, 44, 15.0, 0.03125
surrogate, 44, 15.0, 0.03125
surrogate, 44, 15.0, 0.03125
surrogate, 44, 15.0, 0.03125
surrogate, 44, 15.0, 0.03125
surrogate, 44, 15.0, 0.03125
surrogate, 44, 15.0, 0.03125
surrogate, 44, 15.0, 0.03125
surrogate, 45, 34.0, 0.875
surrogate, 45, 32.0, 0.75
surrogate, 45, 31.0, 0.65625
surrogate, 45, 31.0, 0.65625
surrogate, 45, 31.0, 0.65625
surrogate, 45, 30.0, 0.625
surrogate, 45, 30.0, 0.625
surrogate, 45, 30.0, 0.625
surrogate, 45, 30.0, 0.625
surrogate, 45, 30.0, 0.625
surrogate, 45, 30.0, 0.625
surrogate, 45, 30.0, 0.625
surrogate, 45, 30.0, 0.625
surrogate, 45, 30.0, 0.625
surrogate, 45, 30.0, 0.625
surrogate, 45, 30.0, 0.625
surrogate, 45, 29.0, 0.53125
surrogate, 45, 29.0, 0.53125
surrogate, 45, 29.0, 0.53125
surrogate, 45, 29.0, 0.53125
surrogate, 45, 29.0, 0.53125
surrogate, 45, 29.0, 0.53125
surrogate, 45, 29.0, 0.53125
surrogate, 45, 29.0, 0.53125
surrogate, 45, 29.0, 0.53125
surrogate, 45, 29.0, 0.53125
surrogate, 45, 29.0, 0.53125
surrogate, 45, 29.0, 0.53125
surrogate, 45, 29.0, 0.53125
surrogate, 45, 29.0, 0.53125
surrogate, 45, 29.0, 0.53125
surrogate, 45, 29.0, 0.53125
surrogate, 45, 26.0, 0.46875
surrogate, 45, 26.0, 0.46875
surrogate, 45, 26.0, 0.46875
surrogate, 45, 26.0, 0.46875
surrogate, 45, 26.0, 0.46875
surrogate, 45, 26.0, 0.46875
surrogate, 45, 23.0, 0.28125
surrogate, 45, 23.0, 0.28125
surrogate, 45, 23.0, 0.28125
surrogate, 45, 23.0, 0.28125
surrogate, 45, 23.0, 0.28125
surrogate, 45, 23.0, 0.28125
surrogate, 45, 23.0, 0.28125
surrogate, 45, 23.0, 0.28125
surrogate, 45, 23.0, 0.28125
surrogate, 45, 23.0, 0.28125
surrogate, 45, 15.0, 0.03125
surrogate, 45, 15.0, 0.03125
surrogate, 45, 15.0, 0.03125
surrogate, 45, 15.0, 0.03125
surrogate, 45, 15.0, 0.03125
surrogate, 45, 15.0, 0.03125
surrogate, 45, 15.0, 0.03125
surrogate, 45, 15.0, 0.03125
surrogate, 45, 15.0, 0.03125
surrogate, 45, 15.0, 0.03125
surrogate, 45, 15.0, 0.03125
surrogate, 45, 15.0, 0.03125
surrogate, 45, 15.0, 0.03125
surrogate, 45, 15.0, 0.03125
surrogate, 45, 15.0, 0.03125
surrogate, 45, 15.0, 0.03125
surrogate, 45, 15.0, 0.03125
surrogate, 45, 15.0, 0.03125
surrogate, 45, 15.0, 0.03125
surrogate, 45, 15.0, 0.03125
surrogate, 45, 15.0, 0.03125
surrogate, 45, 15.0, 0.03125
surrogate, 45, 15.0, 0.03125
surrogate, 46, 34.0, 0.875
surrogate, 46, 32.0, 0.75
surrogate, 46, 31.0, 0.65625
surrogate, 46, 31.0, 0.65625
surrogate, 46, 31.0, 0.65625
surrogate, 46, 30.0, 0.625
surrogate, 46, 30.0, 0.625
surrogate, 46, 30.0, 0.625
surrogate, 46, 30.0, 0.625
surrogate, 46, 30.0, 0.625
surrogate, 46, 30.0, 0.625
surrogate, 46, 30.0, 0.625
surrogate, 46, 30.0, 0.625
surrogate, 46, 30.0, 0.625
surrogate, 46, 30.0, 0.625
surrogate, 46, 30.0, 0.625
surrogate, 46, 29.0, 0.53125
surrogate, 46, 29.0, 0.53125
surrogate, 46, 29.0, 0.53125
surrogate, 46, 29.0, 0.53125
surrogate, 46, 29.0, 0.53125
surrogate, 46, 29.0, 0.53125
surrogate, 46, 29.0, 0.53125
surrogate, 46, 29.0, 0.53125
surrogate, 46, 29.0, 0.53125
surrogate, 46, 29.0, 0.53125
surrogate, 46, 29.0, 0.53125
surrogate, 46, 29.0, 0.53125
surrogate, 46, 29.0, 0.53125
surrogate, 46, 29.0, 0.53125
surrogate, 46, 29.0, 0.53125
surrogate, 46, 29.0, 0.53125
surrogate, 46, 26.0, 0.46875
surrogate, 46, 26.0, 0.46875
surrogate, 46, 26.0, 0.46875
surrogate, 46, 26.0, 0.46875
surrogate, 46, 26.0, 0.46875
surrogate, 46, 26.0, 0.46875
surrogate, 46, 26.0, 0.46875
surrogate, 46, 23.0, 0.28125
surrogate, 46, 23.0, 0.28125
surrogate, 46, 23.0, 0.28125
surrogate, 46, 23.0, 0.28125
surrogate, 46, 23.0, 0.28125
surrogate, 46, 23.0, 0.28125
surrogate, 46, 23.0, 0.28125
surrogate, 46, 23.0, 0.28125
surrogate, 46, 23.0, 0.28125
surrogate, 46, 23.0, 0.28125
surrogate, 46, 15.0, 0.03125
surrogate, 46, 15.0, 0.03125
surrogate, 46, 15.0, 0.03125
surrogate, 46, 15.0, 0.03125
surrogate, 46, 15.0, 0.03125
surrogate, 46, 15.0, 0.03125
surrogate, 46, 15.0, 0.03125
surrogate, 46, 15.0, 0.03125
surrogate, 46, 15.0, 0.03125
surrogate, 46, 15.0, 0.03125
surrogate, 46, 15.0, 0.03125
surrogate, 46, 15.0, 0.03125
surrogate, 46, 15.0, 0.03125
surrogate, 46, 15.0, 0.03125
surrogate, 46, 15.0, 0.03125
surrogate, 46, 15.0, 0.03125
surrogate, 46, 15.0, 0.03125
surrogate, 46, 15.0, 0.03125
surrogate, 46, 15.0, 0.03125
surrogate, 46, 15.0, 0.03125
surrogate, 46, 15.0, 0.03125
surrogate, 46, 15.0, 0.03125
surrogate, 46, 15.0, 0.03125
surrogate, 46, 15.0, 0.03125
surrogate, 47, 34.0, 0.875
surrogate, 47, 32.0, 0.75
surrogate, 47, 31.0, 0.65625
surrogate, 47, 31.0, 0.65625
surrogate, 47, 31.0, 0.65625
surrogate, 47, 30.0, 0.625
surrogate, 47, 30.0, 0.625
surrogate, 47, 30.0, 0.625
surrogate, 47, 30.0, 0.625
surrogate, 47, 30.0, 0.625
surrogate, 47, 30.0, 0.625
surrogate, 47, 30.0, 0.625
surrogate, 47, 30.0, 0.625
surrogate, 47, 30.0, 0.625
surrogate, 47, 30.0, 0.625
surrogate, 47, 30.0, 0.625
surrogate, 47, 29.0, 0.53125
surrogate, 47, 29.0, 0.53125
surrogate, 47, 29.0, 0.53125
surrogate, 47, 29.0, 0.53125
surrogate, 47, 29.0, 0.53125
surrogate, 47, 29.0, 0.53125
surrogate, 47, 29.0, 0.53125
surrogate, 47, 29.0, 0.53125
surrogate, 47, 29.0, 0.53125
surrogate, 47, 29.0, 0.53125
surrogate, 47, 29.0, 0.53125
surrogate, 47, 29.0, 0.53125
surrogate, 47, 29.0, 0.53125
surrogate, 47, 29.0, 0.53125
surrogate, 47, 29.0, 0.53125
surrogate, 47, 29.0, 0.53125
surrogate, 47, 26.0, 0.46875
surrogate, 47, 26.0, 0.46875
surrogate, 47, 26.0, 0.46875
surrogate, 47, 26.0, 0.46875
surrogate, 47, 26.0, 0.46875
surrogate, 47, 26.0, 0.46875
surrogate, 47, 26.0, 0.46875
surrogate, 47, 26.0, 0.46875
surrogate, 47, 23.0, 0.28125
surrogate, 47, 23.0, 0.28125
surrogate, 47, 23.0, 0.28125
surrogate, 47, 23.0, 0.28125
surrogate, 47, 23.0, 0.28125
surrogate, 47, 23.0, 0.28125
surrogate, 47, 23.0, 0.28125
surrogate, 47, 23.0, 0.28125
surrogate, 47, 23.0, 0.28125
surrogate, 47, 23.0, 0.28125
surrogate, 47, 15.0, 0.03125
surrogate, 47, 15.0, 0.03125
surrogate, 47, 15.0, 0.03125
surrogate, 47, 15.0, 0.03125
surrogate, 47, 15.0, 0.03125
surrogate, 47, 15.0, 0.03125
surrogate, 47, 15.0, 0.03125
surrogate, 47, 15.0, 0.03125
surrogate, 47, 15.0, 0.03125
surrogate, 47, 15.0, 0.03125
surrogate, 47, 15.0, 0.03125
surrogate, 47, 15.0, 0.03125
surrogate, 47, 15.0, 0.03125
surrogate, 47, 15.0, 0.03125
surrogate, 47, 15.0, 0.03125
surrogate, 47, 15.0, 0.03125
surrogate, 47, 15.0, 0.03125
surrogate, 47, 15.0, 0.03125
surrogate, 47, 15.0, 0.03125
surrogate, 47, 15.0, 0.03125
surrogate, 47, 15.0, 0.03125
surrogate, 47, 15.0, 0.03125
surrogate, 47, 15.0, 0.03125
surrogate, 47, 15.0, 0.03125
surrogate, 47, 15.0, 0.03125
surrogate, 48, 34.0, 0.875
surrogate, 48, 32.0, 0.75
surrogate, 48, 31.0, 0.65625
surrogate, 48, 31.0, 0.65625
surrogate, 48, 31.0, 0.65625
surrogate, 48, 30.0, 0.625
surrogate, 48, 30.0, 0.625
surrogate, 48, 30.0, 0.625
surrogate, 48, 30.0, 0.625
surrogate, 48, 30.0, 0.625
surrogate, 48, 30.0, 0.625
surrogate, 48, 30.0, 0.625
surrogate, 48, 30.0, 0.625
surrogate, 48, 30.0, 0.625
surrogate, 48, 30.0, 0.625
surrogate, 48, 30.0, 0.625
surrogate, 48, 29.0, 0.53125
surrogate, 48, 29.0, 0.53125
surrogate, 48, 29.0, 0.53125
surrogate, 48, 29.0, 0.53125
surrogate, 48, 29.0, 0.53125
surrogate, 48, 29.0, 0.53125
surrogate, 48, 29.0, 0.53125
surrogate, 48, 29.0, 0.53125
surrogate, 48, 29.0, 0.53125
surrogate, 48, 29.0, 0.53125
surrogate, 48, 29.0, 0.53125
surrogate, 48, 29.0, 0.53125
surrogate, 48, 29.0, 0.53125
surrogate, 48, 29.0, 0.53125
surrogate, 48, 29.0, 0.53125
surrogate, 48, 29.0, 0.53125
surrogate, 48, 26.0, 0.46875
surrogate, 48, 26.0, 0.46875
surrogate, 48, 26.0, 0.46875
surrogate, 48, 26.0, 0.46875
surrogate, 48, 26.0, 0.46875
surrogate, 48, 26.0, 0.46875
surrogate, 48, 26.0, 0.46875
surrogate, 48, 26.0, 0.46875
surrogate, 48, 23.0, 0.28125
surrogate, 48, 23.0, 0.28125
surrogate, 48, 23.0, 0.28125
surrogate, 48, 23.0, 0.28125
surrogate, 48, 23.0, 0.28125
surrogate, 48, 23.0, 0.28125
surrogate, 48, 23.0, 0.28125
surrogate, 48, 23.0, 0.28125
surrogate, 48, 23.0, 0.28125
surrogate, 48, 23.0, 0.28125
surrogate, 48, 15.0, 0.03125
surrogate, 48, 15.0, 0.03125
surrogate, 48, 15.0, 0.03125
surrogate, 48, 15.0, 0.03125
surrogate, 48, 15.0, 0.03125
surrogate, 48, 15.0, 0.03125
surrogate, 48, 15.0, 0.03125
surrogate, 48, 15.0, 0.03125
surrogate, 48, 15.0, 0.03125
surrogate, 48, 15.0, 0.03125
surrogate, 48, 15.0, 0.03125
surrogate, 48, 15.0, 0.03125
surrogate, 48, 15.0, 0.03125
surrogate, 48, 15.0, 0.03125
surrogate, 48, 15.0, 0.03125
surrogate, 48, 15.0, 0.03125
surrogate, 48, 15.0, 0.03125
surrogate, 48, 15.0, 0.03125
surrogate, 48, 15.0, 0.03125
surrogate, 48, 15.0, 0.03125
surrogate, 48, 15.0, 0.03125
surrogate, 48, 15.0, 0.03125
surrogate, 48, 15.0, 0.03125
surrogate, 48, 15.0, 0.03125
surrogate, 48, 15.0, 0.03125
surrogate, 49, 34.0, 0.875
surrogate, 49, 32.0, 0.75
surrogate, 49, 30.0, 0.65625
surrogate, 49, 29.0, 0.53125
surrogate, 49, 29.0, 0.53125
surrogate, 49, 29.0, 0.53125
surrogate, 49, 29.0, 0.53125
surrogate, 49, 29.0, 0.53125
surrogate, 49, 29.0, 0.53125
surrogate, 49, 29.0, 0.53125
surrogate, 49, 29.0, 0.53125
surrogate, 49, 29.0, 0.53125
surrogate, 49, 29.0, 0.53125
surrogate, 49, 29.0, 0.53125
surrogate, 49, 29.0, 0.53125
surrogate, 49, 29.0, 0.53125
surrogate, 49, 29.0, 0.53125
surrogate, 49, 29.0, 0.53125
surrogate, 49, 29.0, 0.53125
surrogate, 49, 26.0, 0.46875
surrogate, 49, 26.0, 0.46875
surrogate, 49, 26.0, 0.46875
surrogate, 49, 26.0, 0.46875
surrogate, 49, 26.0, 0.46875
surrogate, 49, 26.0, 0.46875
surrogate, 49, 26.0, 0.46875
surrogate, 49, 26.0, 0.46875
surrogate, 49, 23.0, 0.28125
surrogate, 49, 23.0, 0.28125
surrogate, 49, 23.0, 0.28125
surrogate, 49, 23.0, 0.28125
surrogate, 49, 23.0, 0.28125
surrogate, 49, 23.0, 0.28125
surrogate, 49, 23.0, 0.28125
surrogate, 49, 23.0, 0.28125
surrogate, 49, 23.0, 0.28125
surrogate, 49, 23.0, 0.28125
surrogate, 49, 15.0, 0.03125
surrogate, 49, 15.0, 0.03125
surrogate, 49, 15.0, 0.03125
surrogate, 49, 15.0, 0.03125
surrogate, 49, 15.0, 0.03125
surrogate, 49, 15.0, 0.03125
surrogate, 49, 15.0, 0.03125
surrogate, 49, 15.0, 0.03125
surrogate, 49, 15.0, 0.03125
surrogate, 49, 15.0, 0.03125
surrogate, 49, 15.0, 0.03125
surrogate, 49, 15.0, 0.03125
surrogate, 49, 15.0, 0.03125
surrogate, 49, 15.0, 0.03125
surrogate, 49, 15.0, 0.03125
surrogate, 49, 15.0, 0.03125
surrogate, 49, 15.0, 0.03125
surrogate, 49, 15.0, 0.03125
surrogate, 49, 15.0, 0.03125
surrogate, 49, 15.0, 0.03125
surrogate, 49, 15.0, 0.03125
surrogate, 49, 15.0, 0.03125
surrogate, 49, 15.0, 0.03125
surrogate, 49, 15.0, 0.03125
surrogate, 49, 15.0, 0.03125
surrogate, 49, 15.0, 0.03125
surrogate, 50, 34.0, 0.875
surrogate, 50, 32.0, 0.75
surrogate, 50, 30.0, 0.65625
surrogate, 50, 29.0, 0.53125
surrogate, 50, 29.0, 0.53125
surrogate, 50, 29.0, 0.53125
surrogate, 50, 29.0, 0.53125
surrogate, 50, 29.0, 0.53125
surrogate, 50, 29.0, 0.53125
surrogate, 50, 29.0, 0.53125
surrogate, 50, 29.0, 0.53125
surrogate, 50, 29.0, 0.53125
surrogate, 50, 29.0, 0.53125
surrogate, 50, 29.0, 0.53125
surrogate, 50, 29.0, 0.53125
surrogate, 50, 29.0, 0.53125
surrogate, 50, 29.0, 0.53125
surrogate, 50, 29.0, 0.53125
surrogate, 50, 29.0, 0.53125
surrogate, 50, 26.0, 0.46875
surrogate, 50, 26.0, 0.46875
surrogate, 50, 26.0, 0.46875
surrogate, 50, 26.0, 0.46875
surrogate, 50, 26.0, 0.46875
surrogate, 50, 26.0, 0.46875
surrogate, 50, 26.0, 0.46875
surrogate, 50, 26.0, 0.46875
surrogate, 50, 23.0, 0.28125
surrogate, 50, 23.0, 0.28125
surrogate, 50, 23.0, 0.28125
surrogate, 50, 23.0, 0.28125
surrogate, 50, 23.0, 0.28125
surrogate, 50, 23.0, 0.28125
surrogate, 50, 23.0, 0.28125
surrogate, 50, 23.0, 0.28125
surrogate, 50, 23.0, 0.28125
surrogate, 50, 23.0, 0.28125
surrogate, 50, 23.0, 0.28125
surrogate, 50, 15.0, 0.03125
surrogate, 50, 15.0, 0.03125
surrogate, 50, 15.0, 0.03125
surrogate, 50, 15.0, 0.03125
surrogate, 50, 15.0, 0.03125
surrogate, 50, 15.0, 0.03125
surrogate, 50, 15.0, 0.03125
surrogate, 50, 15.0, 0.03125
surrogate, 50, 15.0, 0.03125
surrogate, 50, 15.0, 0.03125
surrogate, 50, 15.0, 0.03125
surrogate, 50, 15.0, 0.03125
surrogate, 50, 15.0, 0.03125
surrogate, 50, 15.0, 0.03125
surrogate, 50, 15.0, 0.03125
surrogate, 50, 15.0, 0.03125
surrogate, 50, 15.0, 0.03125
surrogate, 50, 15.0, 0.03125
surrogate, 50, 15.0, 0.03125
surrogate, 50, 15.0, 0.03125
surrogate, 50, 15.0, 0.03125
surrogate, 50, 15.0, 0.03125
surrogate, 50, 15.0, 0.03125
surrogate, 50, 15.0, 0.03125
surrogate, 50, 15.0, 0.03125
surrogate, 50, 15.0, 0.03125
surrogate, 51, 34.0, 0.875
surrogate, 51, 32.0, 0.75
surrogate, 51, 30.0, 0.65625
surrogate, 51, 29.0, 0.53125
surrogate, 51, 29.0, 0.53125
surrogate, 51, 29.0, 0.53125
surrogate, 51, 29.0, 0.53125
surrogate, 51, 29.0, 0.53125
surrogate, 51, 29.0, 0.53125
surrogate, 51, 29.0, 0.53125
surrogate, 51, 29.0, 0.53125
surrogate, 51, 29.0, 0.53125
surrogate, 51, 29.0, 0.53125
surrogate, 51, 29.0, 0.53125
surrogate, 51, 29.0, 0.53125
surrogate, 51, 29.0, 0.53125
surrogate, 51, 29.0, 0.53125
surrogate, 51, 29.0, 0.53125
surrogate, 51, 29.0, 0.53125
surrogate, 51, 26.0, 0.46875
surrogate, 51, 26.0, 0.46875
surrogate, 51, 26.0, 0.46875
surrogate, 51, 26.0, 0.46875
surrogate, 51, 26.0, 0.46875
surrogate, 51, 26.0, 0.46875
surrogate, 51, 26.0, 0.46875
surrogate, 51, 26.0, 0.46875
surrogate, 51, 23.0, 0.28125
surrogate, 51, 23.0, 0.28125
surrogate, 51, 23.0, 0.28125
surrogate, 51, 23.0, 0.28125
surrogate, 51, 23.0, 0.28125
surrogate, 51, 23.0, 0.28125
surrogate, 51, 23.0, 0.28125
surrogate, 51, 23.0, 0.28125
surrogate, 51, 23.0, 0.28125
surrogate, 51, 23.0, 0.28125
surrogate, 51, 23.0, 0.28125
surrogate, 51, 15.0, 0.03125
surrogate, 51, 15.0, 0.03125
surrogate, 51, 15.0, 0.03125
surrogate, 51, 15.0, 0.03125
surrogate, 51, 15.0, 0.03125
surrogate, 51, 15.0, 0.03125
surrogate, 51, 15.0, 0.03125
surrogate, 51, 15.0, 0.03125
surrogate, 51, 15.0, 0.03125
surrogate, 51, 15.0, 0.03125
surrogate, 51, 15.0, 0.03125
surrogate, 51, 15.0, 0.03125
surrogate, 51, 15.0, 0.03125
surrogate, 51, 15.0, 0.03125
surrogate, 51, 15.0, 0.03125
surrogate, 51, 15.0, 0.03125
surrogate, 51, 15.0, 0.03125
surrogate, 51, 15.0, 0.03125
surrogate, 51, 15.0, 0.03125
surrogate, 51, 15.0, 0.03125
surrogate, 51, 15.0, 0.03125
surrogate, 51, 15.0, 0.03125
surrogate, 51, 15.0, 0.03125
surrogate, 51, 15.0, 0.03125
surrogate, 51, 15.0, 0.03125
surrogate, 51, 15.0, 0.03125
surrogate, 52, 34.0, 0.875
surrogate, 52, 32.0, 0.75
surrogate, 52, 32.0, 0.75
surrogate, 52, 30.0, 0.65625
surrogate, 52, 29.0, 0.53125
surrogate, 52, 29.0, 0.53125
surrogate, 52, 29.0, 0.53125
surrogate, 52, 29.0, 0.53125
surrogate, 52, 29.0, 0.53125
surrogate, 52, 29.0, 0.53125
surrogate, 52, 29.0, 0.53125
surrogate, 52, 29.0, 0.53125
surrogate, 52, 29.0, 0.53125
surrogate, 52, 29.0, 0.53125
surrogate, 52, 29.0, 0.53125
surrogate, 52, 29.0, 0.53125
surrogate, 52, 29.0, 0.53125
surrogate, 52, 29.0, 0.53125
surrogate, 52, 29.0, 0.53125
surrogate, 52, 29.0, 0.53125
surrogate, 52, 26.0, 0.46875
surrogate, 52, 26.0, 0.46875
surrogate, 52, 26.0, 0.46875
surrogate, 52, 26.0, 0.46875
surrogate, 52, 26.0, 0.46875
surrogate, 52, 26.0, 0.46875
surrogate, 52, 26.0, 0.46875
surrogate, 52, 26.0, 0.46875
surrogate, 52, 26.0, 0.46875
surrogate, 52, 23.0, 0.28125
surrogate, 52, 23.0, 0.28125
surrogate, 52, 23.0, 0.28125
surrogate, 52, 23.0, 0.28125
surrogate, 52, 23.0, 0.28125
surrogate, 52, 23.0, 0.28125
surrogate, 52, 23.0, 0.28125
surrogate, 52, 23.0, 0.28125
surrogate, 52, 23.0, 0.28125
surrogate, 52, 23.0, 0.28125
surrogate, 52, 23.0, 0.28125
surrogate, 52, 15.0, 0.03125
surrogate, 52, 15.0, 0.03125
surrogate, 52, 15.0, 0.03125
surrogate, 52, 15.0, 0.03125
surrogate, 52, 15.0, 0.03125
surrogate, 52, 15.0, 0.03125
surrogate, 52, 15.0, 0.03125
surrogate, 52, 15.0, 0.03125
surrogate, 52, 15.0, 0.03125
surrogate, 52, 15.0, 0.03125
surrogate, 52, 15.0, 0.03125
surrogate, 52, 15.0, 0.03125
surrogate, 52, 15.0, 0.03125
surrogate, 52, 15.0, 0.03125
surrogate, 52, 15.0, 0.03125
surrogate, 52, 15.0, 0.03125
surrogate, 52, 15.0, 0.03125
surrogate, 52, 15.0, 0.03125
surrogate, 52, 15.0, 0.03125
surrogate, 52, 15.0, 0.03125
surrogate, 52, 15.0, 0.03125
surrogate, 52, 15.0, 0.03125
surrogate, 52, 15.0, 0.03125
surrogate, 52, 15.0, 0.03125
surrogate, 52, 15.0, 0.03125
surrogate, 52, 15.0, 0.03125
surrogate, 53, 34.0, 0.875
surrogate, 53, 32.0, 0.75
surrogate, 53, 32.0, 0.75
surrogate, 53, 32.0, 0.75
surrogate, 53, 30.0, 0.65625
surrogate, 53, 29.0, 0.53125
surrogate, 53, 29.0, 0.53125
surrogate, 53, 29.0, 0.53125
surrogate, 53, 29.0, 0.53125
surrogate, 53, 29.0, 0.53125
surrogate, 53, 29.0, 0.53125
surrogate, 53, 29.0, 0.53125
surrogate, 53, 29.0, 0.53125
surrogate, 53, 29.0, 0.53125
surrogate, 53, 29.0, 0.53125
surrogate, 53, 29.0, 0.53125
surrogate, 53, 29.0, 0.53125
surrogate, 53, 29.0, 0.53125
surrogate, 53, 29.0, 0.53125
surrogate, 53, 29.0, 0.53125
surrogate, 53, 29.0, 0.53125
surrogate, 53, 26.0, 0.46875
surrogate, 53, 26.0, 0.46875
surrogate, 53, 26.0, 0.46875
surrogate, 53, 26.0, 0.46875
surrogate, 53, 26.0, 0.46875
surrogate, 53, 26.0, 0.46875
surrogate, 53, 26.0, 0.46875
surrogate, 53, 26.0, 0.46875
surrogate, 53, 26.0, 0.46875
surrogate, 53, 23.0, 0.28125
surrogate, 53, 23.0, 0.28125
surrogate, 53, 23.0, 0.28125
surrogate, 53, 23.0, 0.28125
surrogate, 53, 23.0, 0.28125
surrogate, 53, 23.0, 0.28125
surrogate, 53, 23.0, 0.28125
surrogate, 53, 23.0, 0.28125
surrogate, 53, 23.0, 0.28125
surrogate, 53, 23.0, 0.28125
surrogate, 53, 23.0, 0.28125
surrogate, 53, 23.0, 0.28125
surrogate, 53, 15.0, 0.03125
surrogate, 53, 15.0, 0.03125
surrogate, 53, 15.0, 0.03125
surrogate, 53, 15.0, 0.03125
surrogate, 53, 15.0, 0.03125
surrogate, 53, 15.0, 0.03125
surrogate, 53, 15.0, 0.03125
surrogate, 53, 15.0, 0.03125
surrogate, 53, 15.0, 0.03125
surrogate, 53, 15.0, 0.03125
surrogate, 53, 15.0, 0.03125
surrogate, 53, 15.0, 0.03125
surrogate, 53, 15.0, 0.03125
surrogate, 53, 15.0, 0.03125
surrogate, 53, 15.0, 0.03125
surrogate, 53, 15.0, 0.03125
surrogate, 53, 15.0, 0.03125
surrogate, 53, 15.0, 0.03125
surrogate, 53, 15.0, 0.03125
surrogate, 53, 15.0, 0.03125
surrogate, 53, 15.0, 0.03125
surrogate, 53, 15.0, 0.03125
surrogate, 53, 15.0, 0.03125
surrogate, 53, 15.0, 0.03125
surrogate, 53, 15.0, 0.03125
surrogate, 53, 15.0, 0.03125
surrogate, 53, 15.0, 0.03125
surrogate, 54, 34.0, 0.875
surrogate, 54, 34.0, 0.875
surrogate, 54, 32.0, 0.75
surrogate, 54, 32.0, 0.75
surrogate, 54, 32.0, 0.75
surrogate, 54, 30.0, 0.65625
surrogate, 54, 29.0, 0.53125
surrogate, 54, 29.0, 0.53125
surrogate, 54, 29.0, 0.53125
surrogate, 54, 29.0, 0.53125
surrogate, 54, 29.0, 0.53125
surrogate, 54, 29.0, 0.53125
surrogate, 54, 29.0, 0.53125
surrogate, 54, 29.0, 0.53125
surrogate, 54, 29.0, 0.53125
surrogate, 54, 29.0, 0.53125
surrogate, 54, 29.0, 0.53125
surrogate, 54, 29.0, 0.53125
surrogate, 54, 29.0, 0.53125
surrogate, 54, 29.0, 0.53125
surrogate, 54, 29.0, 0.53125
surrogate, 54, 29.0, 0.53125
surrogate, 54, 26.0, 0.46875
surrogate, 54, 26.0, 0.46875
surrogate, 54, 26.0, 0.46875
surrogate, 54, 26.0, 0.46875
surrogate, 54, 26.0, 0.46875
surrogate, 54, 26.0, 0.46875
surrogate, 54, 26.0, 0.46875
surrogate, 54, 26.0, 0.46875
surrogate, 54, 26.0, 0.46875
surrogate, 54, 23.0, 0.28125
surrogate, 54, 23.0, 0.28125
surrogate, 54, 23.0, 0.28125
surrogate, 54, 23.0, 0.28125
surrogate, 54, 23.0, 0.28125
surrogate, 54, 23.0, 0.28125
surrogate, 54, 23.0, 0.28125
surrogate, 54, 23.0, 0.28125
surrogate, 54, 23.0, 0.28125
surrogate, 54, 23.0, 0.28125
surrogate, 54, 23.0, 0.28125
surrogate, 54, 23.0, 0.28125
surrogate, 54, 23.0, 0.28125
surrogate, 54, 15.0, 0.03125
surrogate, 54, 15.0, 0.03125
surrogate, 54, 15.0, 0.03125
surrogate, 54, 15.0, 0.03125
surrogate, 54, 15.0, 0.03125
surrogate, 54, 15.0, 0.03125
surrogate, 54, 15.0, 0.03125
surrogate, 54, 15.0, 0.03125
surrogate, 54, 15.0, 0.03125
surrogate, 54, 15.0, 0.03125
surrogate, 54, 15.0, 0.03125
surrogate, 54, 15.0, 0.03125
surrogate, 54, 15.0, 0.03125
surrogate, 54, 15.0, 0.03125
surrogate, 54, 15.0, 0.03125
surrogate, 54, 15.0, 0.03125
surrogate, 54, 15.0, 0.03125
surrogate, 54, 15.0, 0.03125
surrogate, 54, 15.0, 0.03125
surrogate, 54, 15.0, 0.03125
surrogate, 54, 15.0, 0.03125
surrogate, 54, 15.0, 0.03125
surrogate, 54, 15.0, 0.03125
surrogate, 54, 15.0, 0.03125
surrogate, 54, 15.0, 0.03125
surrogate, 54, 15.0, 0.03125
surrogate, 54, 15.0, 0.03125
surrogate, 54, 15.0, 0.03125
surrogate, 55, 34.0, 0.875
surrogate, 55, 34.0, 0.875
surrogate, 55, 32.0, 0.75
surrogate, 55, 32.0, 0.75
surrogate, 55, 32.0, 0.75
surrogate, 55, 32.0, 0.75
surrogate, 55, 30.0, 0.65625
surrogate, 55, 30.0, 0.65625
surrogate, 55, 29.0, 0.53125
surrogate, 55, 29.0, 0.53125
surrogate, 55, 29.0, 0.53125
surrogate, 55, 29.0, 0.53125
surrogate, 55, 29.0, 0.53125
surrogate, 55, 29.0, 0.53125
surrogate, 55, 29.0, 0.53125
surrogate, 55, 29.0, 0.53125
surrogate, 55, 29.0, 0.53125
surrogate, 55, 29.0, 0.53125
surrogate, 55, 29.0, 0.53125
surrogate, 55, 29.0, 0.53125
surrogate, 55, 29.0, 0.53125
surrogate, 55, 29.0, 0.53125
surrogate, 55, 29.0, 0.53125
surrogate, 55, 29.0, 0.53125
surrogate, 55, 26.0, 0.46875
surrogate, 55, 26.0, 0.46875
surrogate, 55, 26.0, 0.46875
surrogate, 55, 26.0, 0.46875
surrogate, 55, 26.0, 0.46875
surrogate, 55, 26.0, 0.46875
surrogate, 55, 26.0, 0.46875
surrogate, 55, 26.0, 0.46875
surrogate, 55, 26.0, 0.46875
surrogate, 55, 23.0, 0.28125
surrogate, 55, 23.0, 0.28125
surrogate, 55, 23.0, 0.28125
surrogate, 55, 23.0, 0.28125
surrogate, 55, 23.0, 0.28125
surrogate, 55, 23.0, 0.28125
surrogate, 55, 23.0, 0.28125
surrogate, 55, 23.0, 0.28125
surrogate, 55, 23.0, 0.28125
surrogate, 55, 23.0, 0.28125
surrogate, 55, 23.0, 0.28125
surrogate, 55, 23.0, 0.28125
surrogate, 55, 23.0, 0.28125
surrogate, 55, 23.0, 0.28125
surrogate, 55, 15.0, 0.03125
surrogate, 55, 15.0, 0.03125
surrogate, 55, 15.0, 0.03125
surrogate, 55, 15.0, 0.03125
surrogate, 55, 15.0, 0.03125
surrogate, 55, 15.0, 0.03125
surrogate, 55, 15.0, 0.03125
surrogate, 55, 15.0, 0.03125
surrogate, 55, 15.0, 0.03125
surrogate, 55, 15.0, 0.03125
surrogate, 55, 15.0, 0.03125
surrogate, 55, 15.0, 0.03125
surrogate, 55, 15.0, 0.03125
surrogate, 55, 15.0, 0.03125
surrogate, 55, 15.0, 0.03125
surrogate, 55, 15.0, 0.03125
surrogate, 55, 15.0, 0.03125
surrogate, 55, 15.0, 0.03125
surrogate, 55, 15.0, 0.03125
surrogate, 55, 15.0, 0.03125
surrogate, 55, 15.0, 0.03125
surrogate, 55, 15.0, 0.03125
surrogate, 55, 15.0, 0.03125
surrogate, 55, 15.0, 0.03125
surrogate, 55, 15.0, 0.03125
surrogate, 55, 15.0, 0.03125
surrogate, 55, 15.0, 0.03125
surrogate, 55, 15.0, 0.03125
surrogate, 56, 34.0, 0.875
surrogate, 56, 34.0, 0.875
surrogate, 56, 32.0, 0.75
surrogate, 56, 32.0, 0.75
surrogate, 56, 32.0, 0.75
surrogate, 56, 32.0, 0.75
surrogate, 56, 30.0, 0.65625
surrogate, 56, 30.0, 0.65625
surrogate, 56, 29.0, 0.53125
surrogate, 56, 29.0, 0.53125
surrogate, 56, 29.0, 0.53125
surrogate, 56, 29.0, 0.53125
surrogate, 56, 29.0, 0.53125
surrogate, 56, 29.0, 0.53125
surrogate, 56, 29.0, 0.53125
surrogate, 56, 29.0, 0.53125
surrogate, 56, 29.0, 0.53125
surrogate, 56, 29.0, 0.53125
surrogate, 56, 29.0, 0.53125
surrogate, 56, 29.0, 0.53125
surrogate, 56, 29.0, 0.53125
surrogate, 56, 29.0, 0.53125
surrogate, 56, 29.0, 0.53125
surrogate, 56, 29.0, 0.53125
surrogate, 56, 26.0, 0.46875
surrogate, 56, 26.0, 0.46875
surrogate, 56, 26.0, 0.46875
surrogate, 56, 26.0, 0.46875
surrogate, 56, 26.0, 0.46875
surrogate, 56, 26.0, 0.46875
surrogate, 56, 26.0, 0.46875
surrogate, 56, 26.0, 0.46875
surrogate, 56, 26.0, 0.46875
surrogate, 56, 23.0, 0.28125
surrogate, 56, 23.0, 0.28125
surrogate, 56, 23.0, 0.28125
surrogate, 56, 23.0, 0.28125
surrogate, 56, 23.0, 0.28125
surrogate, 56, 23.0, 0.28125
surrogate, 56, 23.0, 0.28125
surrogate, 56, 23.0, 0.28125
surrogate, 56, 23.0, 0.28125
surrogate, 56, 23.0, 0.28125
surrogate, 56, 23.0, 0.28125
surrogate, 56, 23.0, 0.28125
surrogate, 56, 23.0, 0.28125
surrogate, 56, 23.0, 0.28125
surrogate, 56, 15.0, 0.03125
surrogate, 56, 15.0, 0.03125
surrogate, 56, 15.0, 0.03125
surrogate, 56, 15.0, 0.03125
surrogate, 56, 15.0, 0.03125
surrogate, 56, 15.0, 0.03125
surrogate, 56, 15.0, 0.03125
surrogate, 56, 15.0, 0.03125
surrogate, 56, 15.0, 0.03125
surrogate, 56, 15.0, 0.03125
surrogate, 56, 15.0, 0.03125
surrogate, 56, 15.0, 0.03125
surrogate, 56, 15.0, 0.03125
surrogate, 56, 15.0, 0.03125
surrogate, 56, 15.0, 0.03125
surrogate, 56, 15.0, 0.03125
surrogate, 56, 15.0, 0.03125
surrogate, 56, 15.0, 0.03125
surrogate, 56, 15.0, 0.03125
surrogate, 56, 15.0, 0.03125
surrogate, 56, 15.0, 0.03125
surrogate, 56, 15.0, 0.03125
surrogate, 56, 15.0, 0.03125
surrogate, 56, 15.0, 0.03125
surrogate, 56, 15.0, 0.03125
surrogate, 56, 15.0, 0.03125
surrogate, 56, 15.0, 0.03125
surrogate, 56, 15.0, 0.03125
surrogate, 57, 34.0, 0.875
surrogate, 57, 34.0, 0.875
surrogate, 57, 32.0, 0.75
surrogate, 57, 32.0, 0.75
surrogate, 57, 32.0, 0.75
surrogate, 57, 32.0, 0.75
surrogate, 57, 30.0, 0.65625
surrogate, 57, 30.0, 0.65625
surrogate, 57, 29.0, 0.53125
surrogate, 57, 29.0, 0.53125
surrogate, 57, 29.0, 0.53125
surrogate, 57, 29.0, 0.53125
surrogate, 57, 29.0, 0.53125
surrogate, 57, 29.0, 0.53125
surrogate, 57, 29.0, 0.53125
surrogate, 57, 29.0, 0.53125
surrogate, 57, 29.0, 0.53125
surrogate, 57, 29.0, 0.53125
surrogate, 57, 29.0, 0.53125
surrogate, 57, 29.0, 0.53125
surrogate, 57, 29.0, 0.53125
surrogate, 57, 29.0, 0.53125
surrogate, 57, 29.0, 0.53125
surrogate, 57, 29.0, 0.53125
surrogate, 57, 26.0, 0.46875
surrogate, 57, 26.0, 0.46875
surrogate, 57, 26.0, 0.46875
surrogate, 57, 26.0, 0.46875
surrogate, 57, 26.0, 0.46875
surrogate, 57, 26.0, 0.46875
surrogate, 57, 26.0, 0.46875
surrogate, 57, 26.0, 0.46875
surrogate, 57, 26.0, 0.46875
surrogate, 57, 23.0, 0.28125
surrogate, 57, 23.0, 0.28125
surrogate, 57, 23.0, 0.28125
surrogate, 57, 23.0, 0.28125
surrogate, 57, 23.0, 0.28125
surrogate, 57, 23.0, 0.28125
surrogate, 57, 23.0, 0.28125
surrogate, 57, 23.0, 0.28125
surrogate, 57, 23.0, 0.28125
surrogate, 57, 23.0, 0.28125
surrogate, 57, 23.0, 0.28125
surrogate, 57, 23.0, 0.28125
surrogate, 57, 23.0, 0.28125
surrogate, 57, 23.0, 0.28125
surrogate, 57, 23.0, 0.28125
surrogate, 57, 15.0, 0.03125
surrogate, 57, 15.0, 0.03125
surrogate, 57, 15.0, 0.03125
surrogate, 57, 15.0, 0.03125
surrogate, 57, 15.0, 0.03125
surrogate, 57, 15.0, 0.03125
surrogate, 57, 15.0, 0.03125
surrogate, 57, 15.0, 0.03125
surrogate, 57, 15.0, 0.03125
surrogate, 57, 15.0, 0.03125
surrogate, 57, 15.0, 0.03125
surrogate, 57, 15.0, 0.03125
surrogate, 57, 15.0, 0.03125
surrogate, 57, 15.0, 0.03125
surrogate, 57, 15.0, 0.03125
surrogate, 57, 15.0, 0.03125
surrogate, 57, 15.0, 0.03125
surrogate, 57, 15.0, 0.03125
surrogate, 57, 15.0, 0.03125
surrogate, 57, 15.0, 0.03125
surrogate, 57, 15.0, 0.03125
surrogate, 57, 15.0, 0.03125
surrogate, 57, 15.0, 0.03125
surrogate, 57, 15.0, 0.03125
surrogate, 57, 15.0, 0.03125
surrogate, 57, 15.0, 0.03125
surrogate, 57, 15.0, 0.03125
surrogate, 57, 15.0, 0.03125
surrogate, 57, 15.0, 0.03125
surrogate, 58, 34.0, 0.875
surrogate, 58, 34.0, 0.875
surrogate, 58, 32.0, 0.75
surrogate, 58, 32.0, 0.75
surrogate, 58, 32.0, 0.75
surrogate, 58, 32.0, 0.75
surrogate, 58, 30.0, 0.65625
surrogate, 58, 30.0, 0.65625
surrogate, 58, 30.0, 0.65625
surrogate, 58, 29.0, 0.53125
surrogate, 58, 29.0, 0.53125
surrogate, 58, 29.0, 0.53125
surrogate, 58, 29.0, 0.53125
surrogate, 58, 29.0, 0.53125
surrogate, 58, 29.0, 0.53125
surrogate, 58, 29.0, 0.53125
surrogate, 58, 29.0, 0.53125
surrogate, 58, 29.0, 0.53125
surrogate, 58, 29.0, 0.53125
surrogate, 58, 29.0, 0.53125
surrogate, 58, 29.0, 0.53125
surrogate, 58, 29.0, 0.53125
surrogate, 58, 29.0, 0.53125
surrogate, 58, 29.0, 0.53125
surrogate, 58, 29.0, 0.53125
surrogate, 58, 26.0, 0.46875
surrogate, 58, 26.0, 0.46875
surrogate, 58, 26.0, 0.46875
surrogate, 58, 26.0, 0.46875
surrogate, 58, 26.0, 0.46875
surrogate, 58, 26.0, 0.46875
surrogate, 58, 26.0, 0.46875
surrogate, 58, 26.0, 0.46875
surrogate, 58, 26.0, 0.46875
surrogate, 58, 23.0, 0.28125
surrogate, 58, 23.0, 0.28125
surrogate, 58, 23.0, 0.28125
surrogate, 58, 23.0, 0.28125
surrogate, 58, 23.0, 0.28125
surrogate, 58, 23.0, 0.28125
surrogate, 58, 23.0, 0.28125
surrogate, 58, 23.0, 0.28125
surrogate, 58, 23.0, 0.28125
surrogate, 58, 23.0, 0.28125
surrogate, 58, 23.0, 0.28125
surrogate, 58, 23.0, 0.28125
surrogate, 58, 23.0, 0.28125
surrogate, 58, 23.0, 0.28125
surrogate, 58, 23.0, 0.28125
surrogate, 58, 15.0, 0.03125
surrogate, 58, 15.0, 0.03125
surrogate, 58, 15.0, 0.03125
surrogate, 58, 15.0, 0.03125
surrogate, 58, 15.0, 0.03125
surrogate, 58, 15.0, 0.03125
surrogate, 58, 15.0, 0.03125
surrogate, 58, 15.0, 0.03125
surrogate, 58, 15.0, 0.03125
surrogate, 58, 15.0, 0.03125
surrogate, 58, 15.0, 0.03125
surrogate, 58, 15.0, 0.03125
surrogate, 58, 15.0, 0.03125
surrogate, 58, 15.0, 0.03125
surrogate, 58, 15.0, 0.03125
surrogate, 58, 15.0, 0.03125
surrogate, 58, 15.0, 0.03125
surrogate, 58, 15.0, 0.03125
surrogate, 58, 15.0, 0.03125
surrogate, 58, 15.0, 0.03125
surrogate, 58, 15.0, 0.03125
surrogate, 58, 15.0, 0.03125
surrogate, 58, 15.0, 0.03125
surrogate, 58, 15.0, 0.03125
surrogate, 58, 15.0, 0.03125
surrogate, 58, 15.0, 0.03125
surrogate, 58, 15.0, 0.03125
surrogate, 58, 15.0, 0.03125
surrogate, 58, 15.0, 0.03125
surrogate, 59, 34.0, 0.875
surrogate, 59, 34.0, 0.875
surrogate, 59, 32.0, 0.75
surrogate, 59, 32.0, 0.75
surrogate, 59, 32.0, 0.75
surrogate, 59, 32.0, 0.75
surrogate, 59, 30.0, 0.65625
surrogate, 59, 30.0, 0.65625
surrogate, 59, 30.0, 0.65625
surrogate, 59, 29.0, 0.53125
surrogate, 59, 29.0, 0.53125
surrogate, 59, 29.0, 0.53125
surrogate, 59, 29.0, 0.53125
surrogate, 59, 29.0, 0.53125
surrogate, 59, 29.0, 0.53125
surrogate, 59, 29.0, 0.53125
surrogate, 59, 29.0, 0.53125
surrogate, 59, 29.0, 0.53125
surrogate, 59, 29.0, 0.53125
surrogate, 59, 29.0, 0.53125
surrogate, 59, 29.0, 0.53125
surrogate, 59, 29.0, 0.53125
surrogate, 59, 29.0, 0.53125
surrogate, 59, 29.0, 0.53125
surrogate, 59, 29.0, 0.53125
surrogate, 59, 26.0, 0.46875
surrogate, 59, 26.0, 0.46875
surrogate, 59, 26.0, 0.46875
surrogate, 59, 26.0, 0.46875
surrogate, 59, 26.0, 0.46875
surrogate, 59, 26.0, 0.46875
surrogate, 59, 26.0, 0.46875
surrogate, 59, 26.0, 0.46875
surrogate, 59, 26.0, 0.46875
surrogate, 59, 23.0, 0.28125
surrogate, 59, 23.0, 0.28125
surrogate, 59, 23.0, 0.28125
surrogate, 59, 23.0, 0.28125
surrogate, 59, 23.0, 0.28125
surrogate, 59, 23.0, 0.28125
surrogate, 59, 23.0, 0.28125
surrogate, 59, 23.0, 0.28125
surrogate, 59, 23.0, 0.28125
surrogate, 59, 23.0, 0.28125
surrogate, 59, 23.0, 0.28125
surrogate, 59, 23.0, 0.28125
surrogate, 59, 23.0, 0.28125
surrogate, 59, 23.0, 0.28125
surrogate, 59, 23.0, 0.28125
surrogate, 59, 15.0, 0.03125
surrogate, 59, 15.0, 0.03125
surrogate, 59, 15.0, 0.03125
surrogate, 59, 15.0, 0.03125
surrogate, 59, 15.0, 0.03125
surrogate, 59, 15.0, 0.03125
surrogate, 59, 15.0, 0.03125
surrogate, 59, 15.0, 0.03125
surrogate, 59, 15.0, 0.03125
surrogate, 59, 15.0, 0.03125
surrogate, 59, 15.0, 0.03125
surrogate, 59, 15.0, 0.03125
surrogate, 59, 15.0, 0.03125
surrogate, 59, 15.0, 0.03125
surrogate, 59, 15.0, 0.03125
surrogate, 59, 15.0, 0.03125
surrogate, 59, 15.0, 0.03125
surrogate, 59, 15.0, 0.03125
surrogate, 59, 15.0, 0.03125
surrogate, 59, 15.0, 0.03125
surrogate, 59, 15.0, 0.03125
surrogate, 59, 15.0, 0.03125
surrogate, 59, 15.0, 0.03125
surrogate, 59, 15.0, 0.03125
surrogate, 59, 15.0, 0.03125
surrogate, 59, 15.0, 0.03125
surrogate, 59, 15.0, 0.03125
surrogate, 59, 15.0, 0.03125
surrogate, 59, 15.0, 0.03125
surrogate, 59, 15.0, 0.03125
surrogate, 60, 34.0, 0.875
surrogate, 60, 34.0, 0.875
surrogate, 60, 34.0, 0.875
surrogate, 60, 32.0, 0.75
surrogate, 60, 32.0, 0.75
surrogate, 60, 32.0, 0.75
surrogate, 60, 32.0, 0.75
surrogate, 60, 30.0, 0.65625
surrogate, 60, 30.0, 0.65625
surrogate, 60, 30.0, 0.65625
surrogate, 60, 29.0, 0.53125
surrogate, 60, 29.0, 0.53125
surrogate, 60, 29.0, 0.53125
surrogate, 60, 29.0, 0.53125
surrogate, 60, 29.0, 0.53125
surrogate, 60, 29.0, 0.53125
surrogate, 60, 29.0, 0.53125
surrogate, 60, 29.0, 0.53125
surrogate, 60, 29.0, 0.53125
surrogate, 60, 29.0, 0.53125
surrogate, 60, 29.0, 0.53125
surrogate, 60, 29.0, 0.53125
surrogate, 60, 29.0, 0.53125
surrogate, 60, 29.0, 0.53125
surrogate, 60, 29.0, 0.53125
surrogate, 60, 29.0, 0.53125
surrogate, 60, 26.0, 0.46875
surrogate, 60, 26.0, 0.46875
surrogate, 60, 26.0, 0.46875
surrogate, 60, 26.0, 0.46875
surrogate, 60, 26.0, 0.46875
surrogate, 60, 26.0, 0.46875
surrogate, 60, 26.0, 0.46875
surrogate, 60, 26.0, 0.46875
surrogate, 60, 26.0, 0.46875
surrogate, 60, 23.0, 0.28125
surrogate, 60, 23.0, 0.28125
surrogate, 60, 23.0, 0.28125
surrogate, 60, 23.0, 0.28125
surrogate, 60, 23.0, 0.28125
surrogate, 60, 23.0, 0.28125
surrogate, 60, 23.0, 0.28125
surrogate, 60, 23.0, 0.28125
surrogate, 60, 23.0, 0.28125
surrogate, 60, 23.0, 0.28125
surrogate, 60, 23.0, 0.28125
surrogate, 60, 23.0, 0.28125
surrogate, 60, 23.0, 0.28125
surrogate, 60, 23.0, 0.28125
surrogate, 60, 23.0, 0.28125
surrogate, 60, 15.0, 0.03125
surrogate, 60, 15.0, 0.03125
surrogate, 60, 15.0, 0.03125
surrogate, 60, 15.0, 0.03125
surrogate, 60, 15.0, 0.03125
surrogate, 60, 15.0, 0.03125
surrogate, 60, 15.0, 0.03125
surrogate, 60, 15.0, 0.03125
surrogate, 60, 15.0, 0.03125
surrogate, 60, 15.0, 0.03125
surrogate, 60, 15.0, 0.03125
surrogate, 60, 15.0, 0.03125
surrogate, 60, 15.0, 0.03125
surrogate, 60, 15.0, 0.03125
surrogate, 60, 15.0, 0.03125
surrogate, 60, 15.0, 0.03125
surrogate, 60, 15.0, 0.03125
surrogate, 60, 15.0, 0.03125
surrogate, 60, 15.0, 0.03125
surrogate, 60, 15.0, 0.03125
surrogate, 60, 15.0, 0.03125
surrogate, 60, 15.0, 0.03125
surrogate, 60, 15.0, 0.03125
surrogate, 60, 15.0, 0.03125
surrogate, 60, 15.0, 0.03125
surrogate, 60, 15.0, 0.03125
surrogate, 60, 15.0, 0.03125
surrogate, 60, 15.0, 0.03125
surrogate, 60, 15.0, 0.03125
surrogate, 60, 15.0, 0.03125
surrogate, 60, 15.0, 0.03125
surrogate, 61, 34.0, 0.875
surrogate, 61, 34.0, 0.875
surrogate, 61, 34.0, 0.875
surrogate, 61, 32.0, 0.75
surrogate, 61, 32.0, 0.75
surrogate, 61, 32.0, 0.75
surrogate, 61, 32.0, 0.75
surrogate, 61, 32.0, 0.75
surrogate, 61, 30.0, 0.65625
surrogate, 61, 30.0, 0.65625
surrogate, 61, 30.0, 0.65625
surrogate, 61, 30.0, 0.65625
surrogate, 61, 29.0, 0.53125
surrogate, 61, 29.0, 0.53125
surrogate, 61, 29.0, 0.53125
surrogate, 61, 29.0, 0.53125
surrogate, 61, 29.0, 0.53125
surrogate, 61, 29.0, 0.53125
surrogate, 61, 29.0, 0.53125
surrogate, 61, 29.0, 0.53125
surrogate, 61, 29.0, 0.53125
surrogate, 61, 29.0, 0.53125
surrogate, 61, 29.0, 0.53125
surrogate, 61, 29.0, 0.53125
surrogate, 61, 29.0, 0.53125
surrogate, 61, 29.0, 0.53125
surrogate, 61, 29.0, 0.53125
surrogate, 61, 29.0, 0.53125
surrogate, 61, 29.0, 0.53125
surrogate, 61, 26.0, 0.46875
surrogate, 61, 26.0, 0.46875
surrogate, 61, 26.0, 0.46875
surrogate, 61, 26.0, 0.46875
surrogate, 61, 26.0, 0.46875
surrogate, 61, 26.0, 0.46875
surrogate, 61, 26.0, 0.46875
surrogate, 61, 26.0, 0.46875
surrogate, 61, 26.0, 0.46875
surrogate, 61, 23.0, 0.28125
surrogate, 61, 23.0, 0.28125
surrogate, 61, 23.0, 0.28125
surrogate, 61, 23.0, 0.28125
surrogate, 61, 23.0, 0.28125
surrogate, 61, 23.0, 0.28125
surrogate, 61, 23.0, 0.28125
surrogate, 61, 23.0, 0.28125
surrogate, 61, 23.0, 0.28125
surrogate, 61, 23.0, 0.28125
surrogate, 61, 23.0, 0.28125
surrogate, 61, 23.0, 0.28125
surrogate, 61, 23.0, 0.28125
surrogate, 61, 23.0, 0.28125
surrogate, 61, 23.0, 0.28125
surrogate, 61, 23.0, 0.28125
surrogate, 61, 15.0, 0.03125
surrogate, 61, 15.0, 0.03125
surrogate, 61, 15.0, 0.03125
surrogate, 61, 15.0, 0.03125
surrogate, 61, 15.0, 0.03125
surrogate, 61, 15.0, 0.03125
surrogate, 61, 15.0, 0.03125
surrogate, 61, 15.0, 0.03125
surrogate, 61, 15.0, 0.03125
surrogate, 61, 15.0, 0.03125
surrogate, 61, 15.0, 0.03125
surrogate, 61, 15.0, 0.03125
surrogate, 61, 15.0, 0.03125
surrogate, 61, 15.0, 0.03125
surrogate, 61, 15.0, 0.03125
surrogate, 61, 15.0, 0.03125
surrogate, 61, 15.0, 0.03125
surrogate, 61, 15.0, 0.03125
surrogate, 61, 15.0, 0.03125
surrogate, 61, 15.0, 0.03125
surrogate, 61, 15.0, 0.03125
surrogate, 61, 15.0, 0.03125
surrogate, 61, 15.0, 0.03125
surrogate, 61, 15.0, 0.03125
surrogate, 61, 15.0, 0.03125
surrogate, 61, 15.0, 0.03125
surrogate, 61, 15.0, 0.03125
surrogate, 61, 15.0, 0.03125
surrogate, 61, 15.0, 0.03125
surrogate, 61, 15.0, 0.03125
surrogate, 61, 15.0, 0.03125
surrogate, 62, 34.0, 0.875
surrogate, 62, 34.0, 0.875
surrogate, 62, 34.0, 0.875
surrogate, 62, 32.0, 0.75
surrogate, 62, 32.0, 0.75
surrogate, 62, 32.0, 0.75
surrogate, 62, 32.0, 0.75
surrogate, 62, 32.0, 0.75
surrogate, 62, 30.0, 0.65625
surrogate, 62, 30.0, 0.65625
surrogate, 62, 30.0, 0.65625
surrogate, 62, 30.0, 0.65625
surrogate, 62, 29.0, 0.53125
surrogate, 62, 29.0, 0.53125
surrogate, 62, 29.0, 0.53125
surrogate, 62, 29.0, 0.53125
surrogate, 62, 29.0, 0.53125
surrogate, 62, 29.0, 0.53125
surrogate, 62, 29.0, 0.53125
surrogate, 62, 29.0, 0.53125
surrogate, 62, 29.0, 0.53125
surrogate, 62, 29.0, 0.53125
surrogate, 62, 29.0, 0.53125
surrogate, 62, 29.0, 0.53125
surrogate, 62, 29.0, 0.53125
surrogate, 62, 29.0, 0.53125
surrogate, 62, 29.0, 0.53125
surrogate, 62, 29.0, 0.53125
surrogate, 62, 29.0, 0.53125
surrogate, 62, 29.0, 0.53125
surrogate, 62, 26.0, 0.46875
surrogate, 62, 26.0, 0.46875
surrogate, 62, 26.0, 0.46875
surrogate, 62, 26.0, 0.46875
surrogate, 62, 26.0, 0.46875
surrogate, 62, 26.0, 0.46875
surrogate, 62, 26.0, 0.46875
surrogate, 62, 26.0, 0.46875
surrogate, 62, 26.0, 0.46875
surrogate, 62, 23.0, 0.28125
surrogate, 62, 23.0, 0.28125
surrogate, 62, 23.0, 0.28125
surrogate, 62, 23.0, 0.28125
surrogate, 62, 23.0, 0.28125
surrogate, 62, 23.0, 0.28125
surrogate, 62, 23.0, 0.28125
surrogate, 62, 23.0, 0.28125
surrogate, 62, 23.0, 0.28125
surrogate, 62, 23.0, 0.28125
surrogate, 62, 23.0, 0.28125
surrogate, 62, 23.0, 0.28125
surrogate, 62, 23.0, 0.28125
surrogate, 62, 23.0, 0.28125
surrogate, 62, 23.0, 0.28125
surrogate, 62, 23.0, 0.28125
surrogate, 62, 23.0, 0.28125
surrogate, 62, 15.0, 0.03125
surrogate, 62, 15.0, 0.03125
surrogate, 62, 15.0, 0.03125
surrogate, 62, 15.0, 0.03125
surrogate, 62, 15.0, 0.03125
surrogate, 62, 15.0, 0.03125
surrogate, 62, 15.0, 0.03125
surrogate, 62, 15.0, 0.03125
surrogate, 62, 15.0, 0.03125
surrogate, 62, 15.0, 0.03125
surrogate, 62, 15.0, 0.03125
surrogate, 62, 15.0, 0.03125
surrogate, 62, 15.0, 0.03125
surrogate, 62, 15.0, 0.03125
surrogate, 62, 15.0, 0.03125
surrogate, 62, 15.0, 0.03125
surrogate, 62, 15.0, 0.03125
surrogate, 62, 15.0, 0.03125
surrogate, 62, 15.0, 0.03125
surrogate, 62, 15.0, 0.03125
surrogate, 62, 15.0, 0.03125
surrogate, 62, 15.0, 0.03125
surrogate, 62, 15.0, 0.03125
surrogate, 62, 15.0, 0.03125
surrogate, 62, 15.0, 0.03125
surrogate, 62, 15.0, 0.03125
surrogate, 62, 15.0, 0.03125
surrogate, 62, 15.0, 0.03125
surrogate, 62, 15.0, 0.03125
surrogate, 62, 15.0, 0.03125
surrogate, 62, 15.0, 0.03125
surrogate, 62, 15.0, 0.03125
surrogate, 63, 34.0, 0.875
surrogate, 63, 34.0, 0.875
surrogate, 63, 34.0, 0.875
surrogate, 63, 32.0, 0.75
surrogate, 63, 32.0, 0.75
surrogate, 63, 32.0, 0.75
surrogate, 63, 32.0, 0.75
surrogate, 63, 32.0, 0.75
surrogate, 63, 30.0, 0.65625
surrogate, 63, 30.0, 0.65625
surrogate, 63, 30.0, 0.65625
surrogate, 63, 30.0, 0.65625
surrogate, 63, 29.0, 0.53125
surrogate, 63, 29.0, 0.53125
surrogate, 63, 29.0, 0.53125
surrogate, 63, 29.0, 0.53125
surrogate, 63, 29.0, 0.53125
surrogate, 63, 29.0, 0.53125
surrogate, 63, 29.0, 0.53125
surrogate, 63, 29.0, 0.53125
surrogate, 63, 29.0, 0.53125
surrogate, 63, 29.0, 0.53125
surrogate, 63, 29.0, 0.53125
surrogate, 63, 29.0, 0.53125
surrogate, 63, 29.0, 0.53125
surrogate, 63, 29.0, 0.53125
surrogate, 63, 29.0, 0.53125
surrogate, 63, 29.0, 0.53125
surrogate, 63, 29.0, 0.53125
surrogate, 63, 29.0, 0.53125
surrogate, 63, 29.0, 0.53125
surrogate, 63, 26.0, 0.46875
surrogate, 63, 26.0, 0.46875
surrogate, 63, 26.0, 0.46875
surrogate, 63, 26.0, 0.46875
surrogate, 63, 26.0, 0.46875
surrogate, 63, 26.0, 0.46875
surrogate, 63, 26.0, 0.46875
surrogate, 63, 26.0, 0.46875
surrogate, 63, 26.0, 0.46875
surrogate, 63, 23.0, 0.28125
surrogate, 63, 23.0, 0.28125
surrogate, 63, 23.0, 0.28125
surrogate, 63, 23.0, 0.28125
surrogate, 63, 23.0, 0.28125
surrogate, 63, 23.0, 0.28125
surrogate, 63, 23.0, 0.28125
surrogate, 63, 23.0, 0.28125
surrogate, 63, 23.0, 0.28125
surrogate, 63, 23.0, 0.28125
surrogate, 63, 23.0, 0.28125
surrogate, 63, 23.0, 0.28125
surrogate, 63, 23.0, 0.28125
surrogate, 63, 23.0, 0.28125
surrogate, 63, 23.0, 0.28125
surrogate, 63, 23.0, 0.28125
surrogate, 63, 23.0, 0.28125
surrogate, 63, 23.0, 0.28125
surrogate, 63, 15.0, 0.03125
surrogate, 63, 15.0, 0.03125
surrogate, 63, 15.0, 0.03125
surrogate, 63, 15.0, 0.03125
surrogate, 63, 15.0, 0.03125
surrogate, 63, 15.0, 0.03125
surrogate, 63, 15.0, 0.03125
surrogate, 63, 15.0, 0.03125
surrogate, 63, 15.0, 0.03125
surrogate, 63, 15.0, 0.03125
surrogate, 63, 15.0, 0.03125
surrogate, 63, 15.0, 0.03125
surrogate, 63, 15.0, 0.03125
surrogate, 63, 15.0, 0.03125
surrogate, 63, 15.0, 0.03125
surrogate, 63, 15.0, 0.03125
surrogate, 63, 15.0, 0.03125
surrogate, 63, 15.0, 0.03125
surrogate, 63, 15.0, 0.03125
surrogate, 63, 15.0, 0.03125
surrogate, 63, 15.0, 0.03125
surrogate, 63, 15.0, 0.03125
surrogate, 63, 15.0, 0.03125
surrogate, 63, 15.0, 0.03125
surrogate, 63, 15.0, 0.03125
surrogate, 63, 15.0, 0.03125
surrogate, 63, 15.0, 0.03125
surrogate, 63, 15.0, 0.03125
surrogate, 63, 15.0, 0.03125
surrogate, 63, 15.0, 0.03125
surrogate, 63, 15.0, 0.03125
surrogate, 63, 15.0, 0.03125
surrogate, 64, 34.0, 0.875
surrogate, 64, 34.0, 0.875
surrogate, 64, 34.0, 0.875
surrogate, 64, 32.0, 0.75
surrogate, 64, 32.0, 0.75
surrogate, 64, 32.0, 0.75
surrogate, 64, 32.0, 0.75
surrogate, 64, 32.0, 0.75
surrogate, 64, 30.0, 0.65625
surrogate, 64, 30.0, 0.65625
surrogate, 64, 30.0, 0.65625
surrogate, 64, 30.0, 0.65625
surrogate, 64, 29.0, 0.53125
surrogate, 64, 29.0, 0.53125
surrogate, 64, 29.0, 0.53125
surrogate, 64, 29.0, 0.53125
surrogate, 64, 29.0, 0.53125
surrogate, 64, 29.0, 0.53125
surrogate, 64, 29.0, 0.53125
surrogate, 64, 29.0, 0.53125
surrogate, 64, 29.0, 0.53125
surrogate, 64, 29.0, 0.53125
surrogate, 64, 29.0, 0.53125
surrogate, 64, 29.0, 0.53125
surrogate, 64, 29.0, 0.53125
surrogate, 64, 29.0, 0.53125
surrogate, 64, 29.0, 0.53125
surrogate, 64, 29.0, 0.53125
surrogate, 64, 29.0, 0.53125
surrogate, 64, 29.0, 0.53125
surrogate, 64, 29.0, 0.53125
surrogate, 64, 26.0, 0.46875
surrogate, 64, 26.0, 0.46875
surrogate, 64, 26.0, 0.46875
surrogate, 64, 26.0, 0.46875
surrogate, 64, 26.0, 0.46875
surrogate, 64, 26.0, 0.46875
surrogate, 64, 26.0, 0.46875
surrogate, 64, 26.0, 0.46875
surrogate, 64, 26.0, 0.46875
surrogate, 64, 23.0, 0.28125
surrogate, 64, 23.0, 0.28125
surrogate, 64, 23.0, 0.28125
surrogate, 64, 23.0, 0.28125
surrogate, 64, 23.0, 0.28125
surrogate, 64, 23.0, 0.28125
surrogate, 64, 23.0, 0.28125
surrogate, 64, 23.0, 0.28125
surrogate, 64, 23.0, 0.28125
surrogate, 64, 23.0, 0.28125
surrogate, 64, 23.0, 0.28125
surrogate, 64, 23.0, 0.28125
surrogate, 64, 23.0, 0.28125
surrogate, 64, 23.0, 0.28125
surrogate, 64, 23.0, 0.28125
surrogate, 64, 23.0, 0.28125
surrogate, 64, 23.0, 0.28125
surrogate, 64, 23.0, 0.28125
surrogate, 64, 23.0, 0.28125
surrogate, 64, 15.0, 0.03125
surrogate, 64, 15.0, 0.03125
surrogate, 64, 15.0, 0.03125
surrogate, 64, 15.0, 0.03125
surrogate, 64, 15.0, 0.03125
surrogate, 64, 15.0, 0.03125
surrogate, 64, 15.0, 0.03125
surrogate, 64, 15.0, 0.03125
surrogate, 64, 15.0, 0.03125
surrogate, 64, 15.0, 0.03125
surrogate, 64, 15.0, 0.03125
surrogate, 64, 15.0, 0.03125
surrogate, 64, 15.0, 0.03125
surrogate, 64, 15.0, 0.03125
surrogate, 64, 15.0, 0.03125
surrogate, 64, 15.0, 0.03125
surrogate, 64, 15.0, 0.03125
surrogate, 64, 15.0, 0.03125
surrogate, 64, 15.0, 0.03125
surrogate, 64, 15.0, 0.03125
surrogate, 64, 15.0, 0.03125
surrogate, 64, 15.0, 0.03125
surrogate, 64, 15.0, 0.03125
surrogate, 64, 15.0, 0.03125
surrogate, 64, 15.0, 0.03125
surrogate, 64, 15.0, 0.03125
surrogate, 64, 15.0, 0.03125
surrogate, 64, 15.0, 0.03125
surrogate, 64, 15.0, 0.03125
surrogate, 64, 15.0, 0.03125
surrogate, 64, 15.0, 0.03125
surrogate, 64, 15.0, 0.03125
surrogate, 65, 34.0, 0.875
surrogate, 65, 34.0, 0.875
surrogate, 65, 34.0, 0.875
surrogate, 65, 32.0, 0.75
surrogate, 65, 32.0, 0.75
surrogate, 65, 32.0, 0.75
surrogate, 65, 32.0, 0.75
surrogate, 65, 32.0, 0.75
surrogate, 65, 30.0, 0.65625
surrogate, 65, 30.0, 0.65625
surrogate, 65, 30.0, 0.65625
surrogate, 65, 30.0, 0.65625
surrogate, 65, 30.0, 0.65625
surrogate, 65, 29.0, 0.53125
surrogate, 65, 29.0, 0.53125
surrogate, 65, 29.0, 0.53125
surrogate, 65, 29.0, 0.53125
surrogate, 65, 29.0, 0.53125
surrogate, 65, 29.0, 0.53125
surrogate, 65, 29.0, 0.53125
surrogate, 65, 29.0, 0.53125
surrogate, 65, 29.0, 0.53125
surrogate, 65, 29.0, 0.53125
surrogate, 65, 29.0, 0.53125
surrogate, 65, 29.0, 0.53125
surrogate, 65, 29.0, 0.53125
surrogate, 65, 29.0, 0.53125
surrogate, 65, 29.0, 0.53125
surrogate, 65, 29.0, 0.53125
surrogate, 65, 29.0, 0.53125
surrogate, 65, 29.0, 0.53125
surrogate, 65, 29.0, 0.53125
surrogate, 65, 29.0, 0.53125
surrogate, 65, 26.0, 0.46875
surrogate, 65, 26.0, 0.46875
surrogate, 65, 26.0, 0.46875
surrogate, 65, 26.0, 0.46875
surrogate, 65, 26.0, 0.46875
surrogate, 65, 26.0, 0.46875
surrogate, 65, 26.0, 0.46875
surrogate, 65, 26.0, 0.46875
surrogate, 65, 26.0, 0.46875
surrogate, 65, 26.0, 0.46875
surrogate, 65, 23.0, 0.28125
surrogate, 65, 23.0, 0.28125
surrogate, 65, 23.0, 0.28125
surrogate, 65, 23.0, 0.28125
surrogate, 65, 23.0, 0.28125
surrogate, 65, 23.0, 0.28125
surrogate, 65, 23.0, 0.28125
surrogate, 65, 23.0, 0.28125
surrogate, 65, 23.0, 0.28125
surrogate, 65, 23.0, 0.28125
surrogate, 65, 23.0, 0.28125
surrogate, 65, 23.0, 0.28125
surrogate, 65, 23.0, 0.28125
surrogate, 65, 23.0, 0.28125
surrogate, 65, 23.0, 0.28125
surrogate, 65, 23.0, 0.28125
surrogate, 65, 23.0, 0.28125
surrogate, 65, 23.0, 0.28125
surrogate, 65, 23.0, 0.28125
surrogate, 65, 15.0, 0.03125
surrogate, 65, 15.0, 0.03125
surrogate, 65, 15.0, 0.03125
surrogate, 65, 15.0, 0.03125
surrogate, 65, 15.0, 0.03125
surrogate, 65, 15.0, 0.03125
surrogate, 65, 15.0, 0.03125
surrogate, 65, 15.0, 0.03125
surrogate, 65, 15.0, 0.03125
surrogate, 65, 15.0, 0.03125
surrogate, 65, 15.0, 0.03125
surrogate, 65, 15.0, 0.03125
surrogate, 65, 15.0, 0.03125
surrogate, 65, 15.0, 0.03125
surrogate, 65, 15.0, 0.03125
surrogate, 65, 15.0, 0.03125
surrogate, 65, 15.0, 0.03125
surrogate, 65, 15.0, 0.03125
surrogate, 65, 15.0, 0.03125
surrogate, 65, 15.0, 0.03125
surrogate, 65, 15.0, 0.03125
surrogate, 65, 15.0, 0.03125
surrogate, 65, 15.0, 0.03125
surrogate, 65, 15.0, 0.03125
surrogate, 65, 15.0, 0.03125
surrogate, 65, 15.0, 0.03125
surrogate, 65, 15.0, 0.03125
surrogate, 65, 15.0, 0.03125
surrogate, 65, 15.0, 0.03125
surrogate, 65, 15.0, 0.03125
surrogate, 65, 15.0, 0.03125
surrogate, 65, 15.0, 0.03125
surrogate, 66, 34.0, 0.875
surrogate, 66, 34.0, 0.875
surrogate, 66, 34.0, 0.875
surrogate, 66, 32.0, 0.75
surrogate, 66, 32.0, 0.75
surrogate, 66, 32.0, 0.75
surrogate, 66, 32.0, 0.75
surrogate, 66, 32.0, 0.75
surrogate, 66, 30.0, 0.65625
surrogate, 66, 30.0, 0.65625
surrogate, 66, 30.0, 0.65625
surrogate, 66, 30.0, 0.65625
surrogate, 66, 30.0, 0.65625
surrogate, 66, 29.0, 0.53125
surrogate, 66, 29.0, 0.53125
surrogate, 66, 29.0, 0.53125
surrogate, 66, 29.0, 0.53125
surrogate, 66, 29.0, 0.53125
surrogate, 66, 29.0, 0.53125
surrogate, 66, 29.0, 0.53125
surrogate, 66, 29.0, 0.53125
surrogate, 66, 29.0, 0.53125
surrogate, 66, 29.0, 0.53125
surrogate, 66, 29.0, 0.53125
surrogate, 66, 29.0, 0.53125
surrogate, 66, 29.0, 0.53125
surrogate, 66, 29.0, 0.53125
surrogate, 66, 29.0, 0.53125
surrogate, 66, 29.0, 0.53125
surrogate, 66, 29.0, 0.53125
surrogate, 66, 29.0, 0.53125
surrogate, 66, 29.0, 0.53125
surrogate, 66, 29.0, 0.53125
surrogate, 66, 26.0, 0.46875
surrogate, 66, 26.0, 0.46875
surrogate, 66, 26.0, 0.46875
surrogate, 66, 26.0, 0.46875
surrogate, 66, 26.0, 0.46875
surrogate, 66, 26.0, 0.46875
surrogate, 66, 26.0, 0.46875
surrogate, 66, 26.0, 0.46875
surrogate, 66, 26.0, 0.46875
surrogate, 66, 26.0, 0.46875
surrogate, 66, 23.0, 0.28125
surrogate, 66, 23.0, 0.28125
surrogate, 66, 23.0, 0.28125
surrogate, 66, 23.0, 0.28125
surrogate, 66, 23.0, 0.28125
surrogate, 66, 23.0, 0.28125
surrogate, 66, 23.0, 0.28125
surrogate, 66, 23.0, 0.28125
surrogate, 66, 23.0, 0.28125
surrogate, 66, 23.0, 0.28125
surrogate, 66, 23.0, 0.28125
surrogate, 66, 23.0, 0.28125
surrogate, 66, 23.0, 0.28125
surrogate, 66, 23.0, 0.28125
surrogate, 66, 23.0, 0.28125
surrogate, 66, 23.0, 0.28125
surrogate, 66, 23.0, 0.28125
surrogate, 66, 23.0, 0.28125
surrogate, 66, 23.0, 0.28125
surrogate, 66, 23.0, 0.28125
surrogate, 66, 15.0, 0.03125
surrogate, 66, 15.0, 0.03125
surrogate, 66, 15.0, 0.03125
surrogate, 66, 15.0, 0.03125
surrogate, 66, 15.0, 0.03125
surrogate, 66, 15.0, 0.03125
surrogate, 66, 15.0, 0.03125
surrogate, 66, 15.0, 0.03125
surrogate, 66, 15.0, 0.03125
surrogate, 66, 15.0, 0.03125
surrogate, 66, 15.0, 0.03125
surrogate, 66, 15.0, 0.03125
surrogate, 66, 15.0, 0.03125
surrogate, 66, 15.0, 0.03125
surrogate, 66, 15.0, 0.03125
surrogate, 66, 15.0, 0.03125
surrogate, 66, 15.0, 0.03125
surrogate, 66, 15.0, 0.03125
surrogate, 66, 15.0, 0.03125
surrogate, 66, 15.0, 0.03125
surrogate, 66, 15.0, 0.03125
surrogate, 66, 15.0, 0.03125
surrogate, 66, 15.0, 0.03125
surrogate, 66, 15.0, 0.03125
surrogate, 66, 15.0, 0.03125
surrogate, 66, 15.0, 0.03125
surrogate, 66, 15.0, 0.03125
surrogate, 66, 15.0, 0.03125
surrogate, 66, 15.0, 0.03125
surrogate, 66, 15.0, 0.03125
surrogate, 66, 15.0, 0.03125
surrogate, 66, 15.0, 0.03125
surrogate, 67, 34.0, 0.875
surrogate, 67, 34.0, 0.875
surrogate, 67, 34.0, 0.875
surrogate, 67, 34.0, 0.875
surrogate, 67, 32.0, 0.75
surrogate, 67, 32.0, 0.75
surrogate, 67, 32.0, 0.75
surrogate, 67, 32.0, 0.75
surrogate, 67, 32.0, 0.75
surrogate, 67, 30.0, 0.65625
surrogate, 67, 30.0, 0.65625
surrogate, 67, 30.0, 0.65625
surrogate, 67, 30.0, 0.65625
surrogate, 67, 30.0, 0.65625
surrogate, 67, 29.0, 0.53125
surrogate, 67, 29.0, 0.53125
surrogate, 67, 29.0, 0.53125
surrogate, 67, 29.0, 0.53125
surrogate, 67, 29.0, 0.53125
surrogate, 67, 29.0, 0.53125
surrogate, 67, 29.0, 0.53125
surrogate, 67, 29.0, 0.53125
surrogate, 67, 29.0, 0.53125
surrogate, 67, 29.0, 0.53125
surrogate, 67, 29.0, 0.53125
surrogate, 67, 29.0, 0.53125
surrogate, 67, 29.0, 0.53125
surrogate, 67, 29.0, 0.53125
surrogate, 67, 29.0, 0.53125
surrogate, 67, 29.0, 0.53125
surrogate, 67, 29.0, 0.53125
surrogate, 67, 29.0, 0.53125
surrogate, 67, 29.0, 0.53125
surrogate, 67, 29.0, 0.53125
surrogate, 67, 29.0, 0.53125
surrogate, 67, 26.0, 0.46875
surrogate, 67, 26.0, 0.46875
surrogate, 67, 26.0, 0.46875
surrogate, 67, 26.0, 0.46875
surrogate, 67, 26.0, 0.46875
surrogate, 67, 26.0, 0.46875
surrogate, 67, 26.0, 0.46875
surrogate, 67, 26.0, 0.46875
surrogate, 67, 26.0, 0.46875
surrogate, 67, 26.0, 0.46875
surrogate, 67, 26.0, 0.46875
surrogate, 67, 23.0, 0.28125
surrogate, 67, 23.0, 0.28125
surrogate, 67, 23.0, 0.28125
surrogate, 67, 23.0, 0.28125
surrogate, 67, 23.0, 0.28125
surrogate, 67, 23.0, 0.28125
surrogate, 67, 23.0, 0.28125
surrogate, 67, 23.0, 0.28125
surrogate, 67, 23.0, 0.28125
surrogate, 67, 23.0, 0.28125
surrogate, 67, 23.0, 0.28125
surrogate, 67, 23.0, 0.28125
surrogate, 67, 23.0, 0.28125
surrogate, 67, 23.0, 0.28125
surrogate, 67, 23.0, 0.28125
surrogate, 67, 23.0, 0.28125
surrogate, 67, 23.0, 0.28125
surrogate, 67, 23.0, 0.28125
surrogate, 67, 23.0, 0.28125
surrogate, 67, 23.0, 0.28125
surrogate, 67, 15.0, 0.03125
surrogate, 67, 15.0, 0.03125
surrogate, 67, 15.0, 0.03125
surrogate, 67, 15.0, 0.03125
surrogate, 67, 15.0, 0.03125
surrogate, 67, 15.0, 0.03125
surrogate, 67, 15.0, 0.03125
surrogate, 67, 15.0, 0.03125
surrogate, 67, 15.0, 0.03125
surrogate, 67, 15.0, 0.03125
surrogate, 67, 15.0, 0.03125
surrogate, 67, 15.0, 0.03125
surrogate, 67, 15.0, 0.03125
surrogate, 67, 15.0, 0.03125
surrogate, 67, 15.0, 0.03125
surrogate, 67, 15.0, 0.03125
surrogate, 67, 15.0, 0.03125
surrogate, 67, 15.0, 0.03125
surrogate, 67, 15.0, 0.03125
surrogate, 67, 15.0, 0.03125
surrogate, 67, 15.0, 0.03125
surrogate, 67, 15.0, 0.03125
surrogate, 67, 15.0, 0.03125
surrogate, 67, 15.0, 0.03125
surrogate, 67, 15.0, 0.03125
surrogate, 67, 15.0, 0.03125
surrogate, 67, 15.0, 0.03125
surrogate, 67, 15.0, 0.03125
surrogate, 67, 15.0, 0.03125
surrogate, 67, 15.0, 0.03125
surrogate, 67, 15.0, 0.03125
surrogate, 67, 15.0, 0.03125
surrogate, 67, 15.0, 0.03125
surrogate, 68, 34.0, 0.875
surrogate, 68, 34.0, 0.875
surrogate, 68, 34.0, 0.875
surrogate, 68, 34.0, 0.875
surrogate, 68, 34.0, 0.875
surrogate, 68, 32.0, 0.75
surrogate, 68, 32.0, 0.75
surrogate, 68, 32.0, 0.75
surrogate, 68, 32.0, 0.75
surrogate, 68, 32.0, 0.75
surrogate, 68, 32.0, 0.75
surrogate, 68, 30.0, 0.65625
surrogate, 68, 30.0, 0.65625
surrogate, 68, 30.0, 0.65625
surrogate, 68, 30.0, 0.65625
surrogate, 68, 30.0, 0.65625
surrogate, 68, 29.0, 0.53125
surrogate, 68, 29.0, 0.53125
surrogate, 68, 29.0, 0.53125
surrogate, 68, 29.0, 0.53125
surrogate, 68, 29.0, 0.53125
surrogate, 68, 29.0, 0.53125
surrogate, 68, 29.0, 0.53125
surrogate, 68, 29.0, 0.53125
surrogate, 68, 29.0, 0.53125
surrogate, 68, 29.0, 0.53125
surrogate, 68, 29.0, 0.53125
surrogate, 68, 29.0, 0.53125
surrogate, 68, 29.0, 0.53125
surrogate, 68, 29.0, 0.53125
surrogate, 68, 29.0, 0.53125
surrogate, 68, 29.0, 0.53125
surrogate, 68, 29.0, 0.53125
surrogate, 68, 29.0, 0.53125
surrogate, 68, 29.0, 0.53125
surrogate, 68, 29.0, 0.53125
surrogate, 68, 29.0, 0.53125
surrogate, 68, 29.0, 0.53125
surrogate, 68, 26.0, 0.46875
surrogate, 68, 26.0, 0.46875
surrogate, 68, 26.0, 0.46875
surrogate, 68, 26.0, 0.46875
surrogate, 68, 26.0, 0.46875
surrogate, 68, 26.0, 0.46875
surrogate, 68, 26.0, 0.46875
surrogate, 68, 26.0, 0.46875
surrogate, 68, 26.0, 0.46875
surrogate, 68, 26.0, 0.46875
surrogate, 68, 26.0, 0.46875
surrogate, 68, 23.0, 0.28125
surrogate, 68, 23.0, 0.28125
surrogate, 68, 23.0, 0.28125
surrogate, 68, 23.0, 0.28125
surrogate, 68, 23.0, 0.28125
surrogate, 68, 23.0, 0.28125
surrogate, 68, 23.0, 0.28125
surrogate, 68, 23.0, 0.28125
surrogate, 68, 23.0, 0.28125
surrogate, 68, 23.0, 0.28125
surrogate, 68, 23.0, 0.28125
surrogate, 68, 23.0, 0.28125
surrogate, 68, 23.0, 0.28125
surrogate, 68, 23.0, 0.28125
surrogate, 68, 23.0, 0.28125
surrogate, 68, 23.0, 0.28125
surrogate, 68, 23.0, 0.28125
surrogate, 68, 23.0, 0.28125
surrogate, 68, 23.0, 0.28125
surrogate, 68, 23.0, 0.28125
surrogate, 68, 23.0, 0.28125
surrogate, 68, 15.0, 0.03125
surrogate, 68, 15.0, 0.03125
surrogate, 68, 15.0, 0.03125
surrogate, 68, 15.0, 0.03125
surrogate, 68, 15.0, 0.03125
surrogate, 68, 15.0, 0.03125
surrogate, 68, 15.0, 0.03125
surrogate, 68, 15.0, 0.03125
surrogate, 68, 15.0, 0.03125
surrogate, 68, 15.0, 0.03125
surrogate, 68, 15.0, 0.03125
surrogate, 68, 15.0, 0.03125
surrogate, 68, 15.0, 0.03125
surrogate, 68, 15.0, 0.03125
surrogate, 68, 15.0, 0.03125
surrogate, 68, 15.0, 0.03125
surrogate, 68, 15.0, 0.03125
surrogate, 68, 15.0, 0.03125
surrogate, 68, 15.0, 0.03125
surrogate, 68, 15.0, 0.03125
surrogate, 68, 15.0, 0.03125
surrogate, 68, 15.0, 0.03125
surrogate, 68, 15.0, 0.03125
surrogate, 68, 15.0, 0.03125
surrogate, 68, 15.0, 0.03125
surrogate, 68, 15.0, 0.03125
surrogate, 68, 15.0, 0.03125
surrogate, 68, 15.0, 0.03125
surrogate, 68, 15.0, 0.03125
surrogate, 68, 15.0, 0.03125
surrogate, 68, 15.0, 0.03125
surrogate, 68, 15.0, 0.03125
surrogate, 68, 15.0, 0.03125
surrogate, 68, 15.0, 0.03125
surrogate, 69, 34.0, 0.875
surrogate, 69, 34.0, 0.875
surrogate, 69, 34.0, 0.875
surrogate, 69, 34.0, 0.875
surrogate, 69, 34.0, 0.875
surrogate, 69, 32.0, 0.75
surrogate, 69, 32.0, 0.75
surrogate, 69, 32.0, 0.75
surrogate, 69, 32.0, 0.75
surrogate, 69, 32.0, 0.75
surrogate, 69, 32.0, 0.75
surrogate, 69, 32.0, 0.75
surrogate, 69, 30.0, 0.65625
surrogate, 69, 30.0, 0.65625
surrogate, 69, 30.0, 0.65625
surrogate, 69, 30.0, 0.65625
surrogate, 69, 30.0, 0.65625
surrogate, 69, 28.0, 0.53125
surrogate, 69, 26.0, 0.46875
surrogate, 69, 26.0, 0.46875
surrogate, 69, 26.0, 0.46875
surrogate, 69, 26.0, 0.46875
surrogate, 69, 26.0, 0.46875
surrogate, 69, 26.0, 0.46875
surrogate, 69, 26.0, 0.46875
surrogate, 69, 26.0, 0.46875
surrogate, 69, 26.0, 0.46875
surrogate, 69, 26.0, 0.46875
surrogate, 69, 26.0, 0.46875
surrogate, 69, 26.0, 0.46875
surrogate, 69, 23.0, 0.28125
surrogate, 69, 23.0, 0.28125
surrogate, 69, 23.0, 0.28125
surrogate, 69, 23.0, 0.28125
surrogate, 69, 23.0, 0.28125
surrogate, 69, 23.0, 0.28125
surrogate, 69, 23.0, 0.28125
surrogate, 69, 23.0, 0.28125
surrogate, 69, 23.0, 0.28125
surrogate, 69, 23.0, 0.28125
surrogate, 69, 23.0, 0.28125
surrogate, 69, 23.0, 0.28125
surrogate, 69, 23.0, 0.28125
surrogate, 69, 23.0, 0.28125
surrogate, 69, 23.0, 0.28125
surrogate, 69, 23.0, 0.28125
surrogate, 69, 23.0, 0.28125
surrogate, 69, 23.0, 0.28125
surrogate, 69, 23.0, 0.28125
surrogate, 69, 23.0, 0.28125
surrogate, 69, 23.0, 0.28125
surrogate, 69, 15.0, 0.03125
surrogate, 69, 15.0, 0.03125
surrogate, 69, 15.0, 0.03125
surrogate, 69, 15.0, 0.03125
surrogate, 69, 15.0, 0.03125
surrogate, 69, 15.0, 0.03125
surrogate, 69, 15.0, 0.03125
surrogate, 69, 15.0, 0.03125
surrogate, 69, 15.0, 0.03125
surrogate, 69, 15.0, 0.03125
surrogate, 69, 15.0, 0.03125
surrogate, 69, 15.0, 0.03125
surrogate, 69, 15.0, 0.03125
surrogate, 69, 15.0, 0.03125
surrogate, 69, 15.0, 0.03125
surrogate, 69, 15.0, 0.03125
surrogate, 69, 15.0, 0.03125
surrogate, 69, 15.0, 0.03125
surrogate, 69, 15.0, 0.03125
surrogate, 69, 15.0, 0.03125
surrogate, 69, 15.0, 0.03125
surrogate, 69, 15.0, 0.03125
surrogate, 69, 15.0, 0.03125
surrogate, 69, 15.0, 0.03125
surrogate, 69, 15.0, 0.03125
surrogate, 69, 15.0, 0.03125
surrogate, 69, 15.0, 0.03125
surrogate, 69, 15.0, 0.03125
surrogate, 69, 15.0, 0.03125
surrogate, 69, 15.0, 0.03125
surrogate, 69, 15.0, 0.03125
surrogate, 69, 15.0, 0.03125
surrogate, 69, 15.0, 0.03125
surrogate, 69, 15.0, 0.03125
surrogate, 69, 15.0, 0.03125
surrogate, 70, 34.0, 0.875
surrogate, 70, 34.0, 0.875
surrogate, 70, 34.0, 0.875
surrogate, 70, 34.0, 0.875
surrogate, 70, 34.0, 0.875
surrogate, 70, 32.0, 0.75
surrogate, 70, 32.0, 0.75
surrogate, 70, 32.0, 0.75
surrogate, 70, 32.0, 0.75
surrogate, 70, 32.0, 0.75
surrogate, 70, 32.0, 0.75
surrogate, 70, 32.0, 0.75
surrogate, 70, 30.0, 0.65625
surrogate, 70, 30.0, 0.65625
surrogate, 70, 30.0, 0.65625
surrogate, 70, 30.0, 0.65625
surrogate, 70, 30.0, 0.65625
surrogate, 70, 28.0, 0.53125
surrogate, 70, 26.0, 0.46875
surrogate, 70, 26.0, 0.46875
surrogate, 70, 26.0, 0.46875
surrogate, 70, 26.0, 0.46875
surrogate, 70, 26.0, 0.46875
surrogate, 70, 26.0, 0.46875
surrogate, 70, 26.0, 0.46875
surrogate, 70, 26.0, 0.46875
surrogate, 70, 26.0, 0.46875
surrogate, 70, 26.0, 0.46875
surrogate, 70, 26.0, 0.46875
surrogate, 70, 26.0, 0.46875
surrogate, 70, 23.0, 0.28125
surrogate, 70, 23.0, 0.28125
surrogate, 70, 23.0, 0.28125
surrogate, 70, 23.0, 0.28125
surrogate, 70, 23.0, 0.28125
surrogate, 70, 23.0, 0.28125
surrogate, 70, 23.0, 0.28125
surrogate, 70, 23.0, 0.28125
surrogate, 70, 23.0, 0.28125
surrogate, 70, 23.0, 0.28125
surrogate, 70, 23.0, 0.28125
surrogate, 70, 23.0, 0.28125
surrogate, 70, 23.0, 0.28125
surrogate, 70, 23.0, 0.28125
surrogate, 70, 23.0, 0.28125
surrogate, 70, 23.0, 0.28125
surrogate, 70, 23.0, 0.28125
surrogate, 70, 23.0, 0.28125
surrogate, 70, 23.0, 0.28125
surrogate, 70, 23.0, 0.28125
surrogate, 70, 23.0, 0.28125
surrogate, 70, 15.0, 0.03125
surrogate, 70, 15.0, 0.03125
surrogate, 70, 15.0, 0.03125
surrogate, 70, 15.0, 0.03125
surrogate, 70, 15.0, 0.03125
surrogate, 70, 15.0, 0.03125
surrogate, 70, 15.0, 0.03125
surrogate, 70, 15.0, 0.03125
surrogate, 70, 15.0, 0.03125
surrogate, 70, 15.0, 0.03125
surrogate, 70, 15.0, 0.03125
surrogate, 70, 15.0, 0.03125
surrogate, 70, 15.0, 0.03125
surrogate, 70, 15.0, 0.03125
surrogate, 70, 15.0, 0.03125
surrogate, 70, 15.0, 0.03125
surrogate, 70, 15.0, 0.03125
surrogate, 70, 15.0, 0.03125
surrogate, 70, 15.0, 0.03125
surrogate, 70, 15.0, 0.03125
surrogate, 70, 15.0, 0.03125
surrogate, 70, 15.0, 0.03125
surrogate, 70, 15.0, 0.03125
surrogate, 70, 15.0, 0.03125
surrogate, 70, 15.0, 0.03125
surrogate, 70, 15.0, 0.03125
surrogate, 70, 15.0, 0.03125
surrogate, 70, 15.0, 0.03125
surrogate, 70, 15.0, 0.03125
surrogate, 70, 15.0, 0.03125
surrogate, 70, 15.0, 0.03125
surrogate, 70, 15.0, 0.03125
surrogate, 70, 15.0, 0.03125
surrogate, 70, 15.0, 0.03125
surrogate, 70, 15.0, 0.03125
surrogate, 70, 15.0, 0.03125
surrogate, 71, 34.0, 0.875
surrogate, 71, 34.0, 0.875
surrogate, 71, 34.0, 0.875
surrogate, 71, 34.0, 0.875
surrogate, 71, 34.0, 0.875
surrogate, 71, 32.0, 0.75
surrogate, 71, 32.0, 0.75
surrogate, 71, 32.0, 0.75
surrogate, 71, 32.0, 0.75
surrogate, 71, 32.0, 0.75
surrogate, 71, 32.0, 0.75
surrogate, 71, 32.0, 0.75
surrogate, 71, 32.0, 0.75
surrogate, 71, 30.0, 0.65625
surrogate, 71, 30.0, 0.65625
surrogate, 71, 30.0, 0.65625
surrogate, 71, 30.0, 0.65625
surrogate, 71, 30.0, 0.65625
surrogate, 71, 28.0, 0.53125
surrogate, 71, 26.0, 0.46875
surrogate, 71, 26.0, 0.46875
surrogate, 71, 26.0, 0.46875
surrogate, 71, 26.0, 0.46875
surrogate, 71, 26.0, 0.46875
surrogate, 71, 26.0, 0.46875
surrogate, 71, 26.0, 0.46875
surrogate, 71, 26.0, 0.46875
surrogate, 71, 26.0, 0.46875
surrogate, 71, 26.0, 0.46875
surrogate, 71, 26.0, 0.46875
surrogate, 71, 26.0, 0.46875
surrogate, 71, 23.0, 0.28125
surrogate, 71, 23.0, 0.28125
surrogate, 71, 23.0, 0.28125
surrogate, 71, 23.0, 0.28125
surrogate, 71, 23.0, 0.28125
surrogate, 71, 23.0, 0.28125
surrogate, 71, 23.0, 0.28125
surrogate, 71, 23.0, 0.28125
surrogate, 71, 23.0, 0.28125
surrogate, 71, 23.0, 0.28125
surrogate, 71, 23.0, 0.28125
surrogate, 71, 23.0, 0.28125
surrogate, 71, 23.0, 0.28125
surrogate, 71, 23.0, 0.28125
surrogate, 71, 23.0, 0.28125
surrogate, 71, 23.0, 0.28125
surrogate, 71, 23.0, 0.28125
surrogate, 71, 23.0, 0.28125
surrogate, 71, 23.0, 0.28125
surrogate, 71, 23.0, 0.28125
surrogate, 71, 23.0, 0.28125
surrogate, 71, 23.0, 0.28125
surrogate, 71, 15.0, 0.03125
surrogate, 71, 15.0, 0.03125
surrogate, 71, 15.0, 0.03125
surrogate, 71, 15.0, 0.03125
surrogate, 71, 15.0, 0.03125
surrogate, 71, 15.0, 0.03125
surrogate, 71, 15.0, 0.03125
surrogate, 71, 15.0, 0.03125
surrogate, 71, 15.0, 0.03125
surrogate, 71, 15.0, 0.03125
surrogate, 71, 15.0, 0.03125
surrogate, 71, 15.0, 0.03125
surrogate, 71, 15.0, 0.03125
surrogate, 71, 15.0, 0.03125
surrogate, 71, 15.0, 0.03125
surrogate, 71, 15.0, 0.03125
surrogate, 71, 15.0, 0.03125
surrogate, 71, 15.0, 0.03125
surrogate, 71, 15.0, 0.03125
surrogate, 71, 15.0, 0.03125
surrogate, 71, 15.0, 0.03125
surrogate, 71, 15.0, 0.03125
surrogate, 71, 15.0, 0.03125
surrogate, 71, 15.0, 0.03125
surrogate, 71, 15.0, 0.03125
surrogate, 71, 15.0, 0.03125
surrogate, 71, 15.0, 0.03125
surrogate, 71, 15.0, 0.03125
surrogate, 71, 15.0, 0.03125
surrogate, 71, 15.0, 0.03125
surrogate, 71, 15.0, 0.03125
surrogate, 71, 15.0, 0.03125
surrogate, 71, 15.0, 0.03125
surrogate, 71, 15.0, 0.03125
surrogate, 71, 15.0, 0.03125
surrogate, 71, 15.0, 0.03125
surrogate, 71, 15.0, 0.03125
surrogate, 72, 34.0, 0.875
surrogate, 72, 34.0, 0.875
surrogate, 72, 34.0, 0.875
surrogate, 72, 34.0, 0.875
surrogate, 72, 34.0, 0.875
surrogate, 72, 34.0, 0.875
surrogate, 72, 32.0, 0.75
surrogate, 72, 32.0, 0.75
surrogate, 72, 32.0, 0.75
surrogate, 72, 32.0, 0.75
surrogate, 72, 32.0, 0.75
surrogate, 72, 32.0, 0.75
surrogate, 72, 32.0, 0.75
surrogate, 72, 32.0, 0.75
surrogate, 72, 30.0, 0.65625
surrogate, 72, 30.0, 0.65625
surrogate, 72, 30.0, 0.65625
surrogate, 72, 30.0, 0.65625
surrogate, 72, 30.0, 0.65625
surrogate, 72, 30.0, 0.65625
surrogate, 72, 28.0, 0.53125
surrogate, 72, 28.0, 0.53125
surrogate, 72, 26.0, 0.46875
surrogate, 72, 26.0, 0.46875
surrogate, 72, 26.0, 0.46875
surrogate, 72, 26.0, 0.46875
surrogate, 72, 26.0, 0.46875
surrogate, 72, 26.0, 0.46875
surrogate, 72, 26.0, 0.46875
surrogate, 72, 26.0, 0.46875
surrogate, 72, 26.0, 0.46875
surrogate, 72, 26.0, 0.46875
surrogate, 72, 26.0, 0.46875
surrogate, 72, 26.0, 0.46875
surrogate, 72, 26.0, 0.46875
surrogate, 72, 23.0, 0.28125
surrogate, 72, 23.0, 0.28125
surrogate, 72, 23.0, 0.28125
surrogate, 72, 23.0, 0.28125
surrogate, 72, 23.0, 0.28125
surrogate, 72, 23.0, 0.28125
surrogate, 72, 23.0, 0.28125
surrogate, 72, 23.0, 0.28125
surrogate, 72, 23.0, 0.28125
surrogate, 72, 23.0, 0.28125
surrogate, 72, 23.0, 0.28125
surrogate, 72, 23.0, 0.28125
surrogate, 72, 23.0, 0.28125
surrogate, 72, 23.0, 0.28125
surrogate, 72, 23.0, 0.28125
surrogate, 72, 23.0, 0.28125
surrogate, 72, 23.0, 0.28125
surrogate, 72, 23.0, 0.28125
surrogate, 72, 23.0, 0.28125
surrogate, 72, 23.0, 0.28125
surrogate, 72, 23.0, 0.28125
surrogate, 72, 23.0, 0.28125
surrogate, 72, 15.0, 0.03125
surrogate, 72, 15.0, 0.03125
surrogate, 72, 15.0, 0.03125
surrogate, 72, 15.0, 0.03125
surrogate, 72, 15.0, 0.03125
surrogate, 72, 15.0, 0.03125
surrogate, 72, 15.0, 0.03125
surrogate, 72, 15.0, 0.03125
surrogate, 72, 15.0, 0.03125
surrogate, 72, 15.0, 0.03125
surrogate, 72, 15.0, 0.03125
surrogate, 72, 15.0, 0.03125
surrogate, 72, 15.0, 0.03125
surrogate, 72, 15.0, 0.03125
surrogate, 72, 15.0, 0.03125
surrogate, 72, 15.0, 0.03125
surrogate, 72, 15.0, 0.03125
surrogate, 72, 15.0, 0.03125
surrogate, 72, 15.0, 0.03125
surrogate, 72, 15.0, 0.03125
surrogate, 72, 15.0, 0.03125
surrogate, 72, 15.0, 0.03125
surrogate, 72, 15.0, 0.03125
surrogate, 72, 15.0, 0.03125
surrogate, 72, 15.0, 0.03125
surrogate, 72, 15.0, 0.03125
surrogate, 72, 15.0, 0.03125
surrogate, 72, 15.0, 0.03125
surrogate, 72, 15.0, 0.03125
surrogate, 72, 15.0, 0.03125
surrogate, 72, 15.0, 0.03125
surrogate, 72, 15.0, 0.03125
surrogate, 72, 15.0, 0.03125
surrogate, 72, 15.0, 0.03125
surrogate, 72, 15.0, 0.03125
surrogate, 72, 15.0, 0.03125
surrogate, 72, 15.0, 0.03125
surrogate, 73, 34.0, 0.875
surrogate, 73, 34.0, 0.875
surrogate, 73, 34.0, 0.875
surrogate, 73, 34.0, 0.875
surrogate, 73, 34.0, 0.875
surrogate, 73, 34.0, 0.875
surrogate, 73, 32.0, 0.75
surrogate, 73, 32.0, 0.75
surrogate, 73, 32.0, 0.75
surrogate, 73, 32.0, 0.75
surrogate, 73, 32.0, 0.75
surrogate, 73, 32.0, 0.75
surrogate, 73, 32.0, 0.75
surrogate, 73, 32.0, 0.75
surrogate, 73, 32.0, 0.75
surrogate, 73, 30.0, 0.65625
surrogate, 73, 30.0, 0.65625
surrogate, 73, 30.0, 0.65625
surrogate, 73, 30.0, 0.65625
surrogate, 73, 30.0, 0.65625
surrogate, 73, 30.0, 0.65625
surrogate, 73, 28.0, 0.53125
surrogate, 73, 28.0, 0.53125
surrogate, 73, 26.0, 0.46875
surrogate, 73, 26.0, 0.46875
surrogate, 73, 26.0, 0.46875
surrogate, 73, 26.0, 0.46875
surrogate, 73, 26.0, 0.46875
surrogate, 73, 26.0, 0.46875
surrogate, 73, 26.0, 0.46875
surrogate, 73, 26.0, 0.46875
surrogate, 73, 26.0, 0.46875
surrogate, 73, 26.0, 0.46875
surrogate, 73, 26.0, 0.46875
surrogate, 73, 26.0, 0.46875
surrogate, 73, 26.0, 0.46875
surrogate, 73, 23.0, 0.28125
surrogate, 73, 23.0, 0.28125
surrogate, 73, 23.0, 0.28125
surrogate, 73, 23.0, 0.28125
surrogate, 73, 23.0, 0.28125
surrogate, 73, 23.0, 0.28125
surrogate, 73, 23.0, 0.28125
surrogate, 73, 23.0, 0.28125
surrogate, 73, 23.0, 0.28125
surrogate, 73, 23.0, 0.28125
surrogate, 73, 23.0, 0.28125
surrogate, 73, 23.0, 0.28125
surrogate, 73, 23.0, 0.28125
surrogate, 73, 23.0, 0.28125
surrogate, 73, 23.0, 0.28125
surrogate, 73, 23.0, 0.28125
surrogate, 73, 23.0, 0.28125
surrogate, 73, 23.0, 0.28125
surrogate, 73, 23.0, 0.28125
surrogate, 73, 23.0, 0.28125
surrogate, 73, 23.0, 0.28125
surrogate, 73, 23.0, 0.28125
surrogate, 73, 15.0, 0.03125
surrogate, 73, 15.0, 0.03125
surrogate, 73, 15.0, 0.03125
surrogate, 73, 15.0, 0.03125
surrogate, 73, 15.0, 0.03125
surrogate, 73, 15.0, 0.03125
surrogate, 73, 15.0, 0.03125
surrogate, 73, 15.0, 0.03125
surrogate, 73, 15.0, 0.03125
surrogate, 73, 15.0, 0.03125
surrogate, 73, 15.0, 0.03125
surrogate, 73, 15.0, 0.03125
surrogate, 73, 15.0, 0.03125
surrogate, 73, 15.0, 0.03125
surrogate, 73, 15.0, 0.03125
surrogate, 73, 15.0, 0.03125
surrogate, 73, 15.0, 0.03125
surrogate, 73, 15.0, 0.03125
surrogate, 73, 15.0, 0.03125
surrogate, 73, 15.0, 0.03125
surrogate, 73, 15.0, 0.03125
surrogate, 73, 15.0, 0.03125
surrogate, 73, 15.0, 0.03125
surrogate, 73, 15.0, 0.03125
surrogate, 73, 15.0, 0.03125
surrogate, 73, 15.0, 0.03125
surrogate, 73, 15.0, 0.03125
surrogate, 73, 15.0, 0.03125
surrogate, 73, 15.0, 0.03125
surrogate, 73, 15.0, 0.03125
surrogate, 73, 15.0, 0.03125
surrogate, 73, 15.0, 0.03125
surrogate, 73, 15.0, 0.03125
surrogate, 73, 15.0, 0.03125
surrogate, 73, 15.0, 0.03125
surrogate, 73, 15.0, 0.03125
surrogate, 73, 15.0, 0.03125
surrogate, 74, 34.0, 0.875
surrogate, 74, 34.0, 0.875
surrogate, 74, 34.0, 0.875
surrogate, 74, 34.0, 0.875
surrogate, 74, 34.0, 0.875
surrogate, 74, 34.0, 0.875
surrogate, 74, 32.0, 0.75
surrogate, 74, 32.0, 0.75
surrogate, 74, 32.0, 0.75
surrogate, 74, 32.0, 0.75
surrogate, 74, 32.0, 0.75
surrogate, 74, 32.0, 0.75
surrogate, 74, 32.0, 0.75
surrogate, 74, 32.0, 0.75
surrogate, 74, 32.0, 0.75
surrogate, 74, 30.0, 0.65625
surrogate, 74, 30.0, 0.65625
surrogate, 74, 30.0, 0.65625
surrogate, 74, 30.0, 0.65625
surrogate, 74, 30.0, 0.65625
surrogate, 74, 30.0, 0.65625
surrogate, 74, 28.0, 0.53125
surrogate, 74, 28.0, 0.53125
surrogate, 74, 28.0, 0.53125
surrogate, 74, 26.0, 0.46875
surrogate, 74, 26.0, 0.46875
surrogate, 74, 26.0, 0.46875
surrogate, 74, 26.0, 0.46875
surrogate, 74, 26.0, 0.46875
surrogate, 74, 26.0, 0.46875
surrogate, 74, 26.0, 0.46875
surrogate, 74, 26.0, 0.46875
surrogate, 74, 26.0, 0.46875
surrogate, 74, 26.0, 0.46875
surrogate, 74, 26.0, 0.46875
surrogate, 74, 26.0, 0.46875
surrogate, 74, 26.0, 0.46875
surrogate, 74, 23.0, 0.28125
surrogate, 74, 23.0, 0.28125
surrogate, 74, 23.0, 0.28125
surrogate, 74, 23.0, 0.28125
surrogate, 74, 23.0, 0.28125
surrogate, 74, 23.0, 0.28125
surrogate, 74, 23.0, 0.28125
surrogate, 74, 23.0, 0.28125
surrogate, 74, 23.0, 0.28125
surrogate, 74, 23.0, 0.28125
surrogate, 74, 23.0, 0.28125
surrogate, 74, 23.0, 0.28125
surrogate, 74, 23.0, 0.28125
surrogate, 74, 23.0, 0.28125
surrogate, 74, 23.0, 0.28125
surrogate, 74, 23.0, 0.28125
surrogate, 74, 23.0, 0.28125
surrogate, 74, 23.0, 0.28125
surrogate, 74, 23.0, 0.28125
surrogate, 74, 23.0, 0.28125
surrogate, 74, 23.0, 0.28125
surrogate, 74, 23.0, 0.28125
surrogate, 74, 15.0, 0.03125
surrogate, 74, 15.0, 0.03125
surrogate, 74, 15.0, 0.03125
surrogate, 74, 15.0, 0.03125
surrogate, 74, 15.0, 0.03125
surrogate, 74, 15.0, 0.03125
surrogate, 74, 15.0, 0.03125
surrogate, 74, 15.0, 0.03125
surrogate, 74, 15.0, 0.03125
surrogate, 74, 15.0, 0.03125
surrogate, 74, 15.0, 0.03125
surrogate, 74, 15.0, 0.03125
surrogate, 74, 15.0, 0.03125
surrogate, 74, 15.0, 0.03125
surrogate, 74, 15.0, 0.03125
surrogate, 74, 15.0, 0.03125
surrogate, 74, 15.0, 0.03125
surrogate, 74, 15.0, 0.03125
surrogate, 74, 15.0, 0.03125
surrogate, 74, 15.0, 0.03125
surrogate, 74, 15.0, 0.03125
surrogate, 74, 15.0, 0.03125
surrogate, 74, 15.0, 0.03125
surrogate, 74, 15.0, 0.03125
surrogate, 74, 15.0, 0.03125
surrogate, 74, 15.0, 0.03125
surrogate, 74, 15.0, 0.03125
surrogate, 74, 15.0, 0.03125
surrogate, 74, 15.0, 0.03125
surrogate, 74, 15.0, 0.03125
surrogate, 74, 15.0, 0.03125
surrogate, 74, 15.0, 0.03125
surrogate, 74, 15.0, 0.03125
surrogate, 74, 15.0, 0.03125
surrogate, 74, 15.0, 0.03125
surrogate, 74, 15.0, 0.03125
surrogate, 74, 15.0, 0.03125
surrogate, 74, 15.0, 0.03125
surrogate, 75, 34.0, 0.875
surrogate, 75, 34.0, 0.875
surrogate, 75, 34.0, 0.875
surrogate, 75, 34.0, 0.875
surrogate, 75, 34.0, 0.875
surrogate, 75, 34.0, 0.875
surrogate, 75, 32.0, 0.75
surrogate, 75, 32.0, 0.75
surrogate, 75, 32.0, 0.75
surrogate, 75, 32.0, 0.75
surrogate, 75, 32.0, 0.75
surrogate, 75, 32.0, 0.75
surrogate, 75, 32.0, 0.75
surrogate, 75, 32.0, 0.75
surrogate, 75, 32.0, 0.75
surrogate, 75, 32.0, 0.75
surrogate, 75, 30.0, 0.65625
surrogate, 75, 30.0, 0.65625
surrogate, 75, 30.0, 0.65625
surrogate, 75, 30.0, 0.65625
surrogate, 75, 30.0, 0.65625
surrogate, 75, 30.0, 0.65625
surrogate, 75, 28.0, 0.53125
surrogate, 75, 28.0, 0.53125
surrogate, 75, 28.0, 0.53125
surrogate, 75, 28.0, 0.53125
surrogate, 75, 26.0, 0.46875
surrogate, 75, 26.0, 0.46875
surrogate, 75, 26.0, 0.46875
surrogate, 75, 26.0, 0.46875
surrogate, 75, 26.0, 0.46875
surrogate, 75, 26.0, 0.46875
surrogate, 75, 26.0, 0.46875
surrogate, 75, 26.0, 0.46875
surrogate, 75, 26.0, 0.46875
surrogate, 75, 26.0, 0.46875
surrogate, 75, 26.0, 0.46875
surrogate, 75, 26.0, 0.46875
surrogate, 75, 26.0, 0.46875
surrogate, 75, 26.0, 0.46875
surrogate, 75, 23.0, 0.28125
surrogate, 75, 23.0, 0.28125
surrogate, 75, 23.0, 0.28125
surrogate, 75, 23.0, 0.28125
surrogate, 75, 23.0, 0.28125
surrogate, 75, 23.0, 0.28125
surrogate, 75, 23.0, 0.28125
surrogate, 75, 23.0, 0.28125
surrogate, 75, 23.0, 0.28125
surrogate, 75, 23.0, 0.28125
surrogate, 75, 23.0, 0.28125
surrogate, 75, 23.0, 0.28125
surrogate, 75, 23.0, 0.28125
surrogate, 75, 23.0, 0.28125
surrogate, 75, 23.0, 0.28125
surrogate, 75, 23.0, 0.28125
surrogate, 75, 23.0, 0.28125
surrogate, 75, 23.0, 0.28125
surrogate, 75, 23.0, 0.28125
surrogate, 75, 23.0, 0.28125
surrogate, 75, 23.0, 0.28125
surrogate, 75, 23.0, 0.28125
surrogate, 75, 23.0, 0.28125
surrogate, 75, 15.0, 0.03125
surrogate, 75, 15.0, 0.03125
surrogate, 75, 15.0, 0.03125
surrogate, 75, 15.0, 0.03125
surrogate, 75, 15.0, 0.03125
surrogate, 75, 15.0, 0.03125
surrogate, 75, 15.0, 0.03125
surrogate, 75, 15.0, 0.03125
surrogate, 75, 15.0, 0.03125
surrogate, 75, 15.0, 0.03125
surrogate, 75, 15.0, 0.03125
surrogate, 75, 15.0, 0.03125
surrogate, 75, 15.0, 0.03125
surrogate, 75, 15.0, 0.03125
surrogate, 75, 15.0, 0.03125
surrogate, 75, 15.0, 0.03125
surrogate, 75, 15.0, 0.03125
surrogate, 75, 15.0, 0.03125
surrogate, 75, 15.0, 0.03125
surrogate, 75, 15.0, 0.03125
surrogate, 75, 15.0, 0.03125
surrogate, 75, 15.0, 0.03125
surrogate, 75, 15.0, 0.03125
surrogate, 75, 15.0, 0.03125
surrogate, 75, 15.0, 0.03125
surrogate, 75, 15.0, 0.03125
surrogate, 75, 15.0, 0.03125
surrogate, 75, 15.0, 0.03125
surrogate, 75, 15.0, 0.03125
surrogate, 75, 15.0, 0.03125
surrogate, 75, 15.0, 0.03125
surrogate, 75, 15.0, 0.03125
surrogate, 75, 15.0, 0.03125
surrogate, 75, 15.0, 0.03125
surrogate, 75, 15.0, 0.03125
surrogate, 75, 15.0, 0.03125
surrogate, 75, 15.0, 0.03125
surrogate, 75, 15.0, 0.03125
surrogate, 75, 15.0, 0.03125
surrogate, 76, 34.0, 0.875
surrogate, 76, 34.0, 0.875
surrogate, 76, 34.0, 0.875
surrogate, 76, 34.0, 0.875
surrogate, 76, 34.0, 0.875
surrogate, 76, 34.0, 0.875
surrogate, 76, 32.0, 0.75
surrogate, 76, 32.0, 0.75
surrogate, 76, 32.0, 0.75
surrogate, 76, 32.0, 0.75
surrogate, 76, 32.0, 0.75
surrogate, 76, 32.0, 0.75
surrogate, 76, 32.0, 0.75
surrogate, 76, 32.0, 0.75
surrogate, 76, 32.0, 0.75
surrogate, 76, 32.0, 0.75
surrogate, 76, 30.0, 0.65625
surrogate, 76, 30.0, 0.65625
surrogate, 76, 30.0, 0.65625
surrogate, 76, 30.0, 0.65625
surrogate, 76, 30.0, 0.65625
surrogate, 76, 30.0, 0.65625
surrogate, 76, 28.0, 0.53125
surrogate, 76, 28.0, 0.53125
surrogate, 76, 28.0, 0.53125
surrogate, 76, 28.0, 0.53125
surrogate, 76, 26.0, 0.46875
surrogate, 76, 26.0, 0.46875
surrogate, 76, 26.0, 0.46875
surrogate, 76, 26.0, 0.46875
surrogate, 76, 26.0, 0.46875
surrogate, 76, 26.0, 0.46875
surrogate, 76, 26.0, 0.46875
surrogate, 76, 26.0, 0.46875
surrogate, 76, 26.0, 0.46875
surrogate, 76, 26.0, 0.46875
surrogate, 76, 26.0, 0.46875
surrogate, 76, 26.0, 0.46875
surrogate, 76, 26.0, 0.46875
surrogate, 76, 26.0, 0.46875
surrogate, 76, 23.0, 0.28125
surrogate, 76, 23.0, 0.28125
surrogate, 76, 23.0, 0.28125
surrogate, 76, 23.0, 0.28125
surrogate, 76, 23.0, 0.28125
surrogate, 76, 23.0, 0.28125
surrogate, 76, 23.0, 0.28125
surrogate, 76, 23.0, 0.28125
surrogate, 76, 23.0, 0.28125
surrogate, 76, 23.0, 0.28125
surrogate, 76, 23.0, 0.28125
surrogate, 76, 23.0, 0.28125
surrogate, 76, 23.0, 0.28125
surrogate, 76, 23.0, 0.28125
surrogate, 76, 23.0, 0.28125
surrogate, 76, 23.0, 0.28125
surrogate, 76, 23.0, 0.28125
surrogate, 76, 23.0, 0.28125
surrogate, 76, 23.0, 0.28125
surrogate, 76, 23.0, 0.28125
surrogate, 76, 23.0, 0.28125
surrogate, 76, 23.0, 0.28125
surrogate, 76, 23.0, 0.28125
surrogate, 76, 15.0, 0.03125
surrogate, 76, 15.0, 0.03125
surrogate, 76, 15.0, 0.03125
surrogate, 76, 15.0, 0.03125
surrogate, 76, 15.0, 0.03125
surrogate, 76, 15.0, 0.03125
surrogate, 76, 15.0, 0.03125
surrogate, 76, 15.0, 0.03125
surrogate, 76, 15.0, 0.03125
surrogate, 76, 15.0, 0.03125
surrogate, 76, 15.0, 0.03125
surrogate, 76, 15.0, 0.03125
surrogate, 76, 15.0, 0.03125
surrogate, 76, 15.0, 0.03125
surrogate, 76, 15.0, 0.03125
surrogate, 76, 15.0, 0.03125
surrogate, 76, 15.0, 0.03125
surrogate, 76, 15.0, 0.03125
surrogate, 76, 15.0, 0.03125
surrogate, 76, 15.0, 0.03125
surrogate, 76, 15.0, 0.03125
surrogate, 76, 15.0, 0.03125
surrogate, 76, 15.0, 0.03125
surrogate, 76, 15.0, 0.03125
surrogate, 76, 15.0, 0.03125
surrogate, 76, 15.0, 0.03125
surrogate, 76, 15.0, 0.03125
surrogate, 76, 15.0, 0.03125
surrogate, 76, 15.0, 0.03125
surrogate, 76, 15.0, 0.03125
surrogate, 76, 15.0, 0.03125
surrogate, 76, 15.0, 0.03125
surrogate, 76, 15.0, 0.03125
surrogate, 76, 15.0, 0.03125
surrogate, 76, 15.0, 0.03125
surrogate, 76, 15.0, 0.03125
surrogate, 76, 15.0, 0.03125
surrogate, 76, 15.0, 0.03125
surrogate, 76, 15.0, 0.03125
surrogate, 77, 34.0, 0.875
surrogate, 77, 34.0, 0.875
surrogate, 77, 34.0, 0.875
surrogate, 77, 34.0, 0.875
surrogate, 77, 34.0, 0.875
surrogate, 77, 34.0, 0.875
surrogate, 77, 34.0, 0.875
surrogate, 77, 32.0, 0.75
surrogate, 77, 32.0, 0.75
surrogate, 77, 32.0, 0.75
surrogate, 77, 32.0, 0.75
surrogate, 77, 32.0, 0.75
surrogate, 77, 32.0, 0.75
surrogate, 77, 32.0, 0.75
surrogate, 77, 32.0, 0.75
surrogate, 77, 32.0, 0.75
surrogate, 77, 32.0, 0.75
surrogate, 77, 32.0, 0.75
surrogate, 77, 30.0, 0.65625
surrogate, 77, 30.0, 0.65625
surrogate, 77, 30.0, 0.65625
surrogate, 77, 30.0, 0.65625
surrogate, 77, 30.0, 0.65625
surrogate, 77, 30.0, 0.65625
surrogate, 77, 30.0, 0.65625
surrogate, 77, 27.0, 0.53125
surrogate, 77, 26.0, 0.46875
surrogate, 77, 26.0, 0.46875
surrogate, 77, 26.0, 0.46875
surrogate, 77, 26.0, 0.46875
surrogate, 77, 26.0, 0.46875
surrogate, 77, 26.0, 0.46875
surrogate, 77, 26.0, 0.46875
surrogate, 77, 26.0, 0.46875
surrogate, 77, 26.0, 0.46875
surrogate, 77, 26.0, 0.46875
surrogate, 77, 26.0, 0.46875
surrogate, 77, 26.0, 0.46875
surrogate, 77, 26.0, 0.46875
surrogate, 77, 26.0, 0.46875
surrogate, 77, 23.0, 0.28125
surrogate, 77, 23.0, 0.28125
surrogate, 77, 23.0, 0.28125
surrogate, 77, 23.0, 0.28125
surrogate, 77, 23.0, 0.28125
surrogate, 77, 23.0, 0.28125
surrogate, 77, 23.0, 0.28125
surrogate, 77, 23.0, 0.28125
surrogate, 77, 23.0, 0.28125
surrogate, 77, 23.0, 0.28125
surrogate, 77, 23.0, 0.28125
surrogate, 77, 23.0, 0.28125
surrogate, 77, 23.0, 0.28125
surrogate, 77, 23.0, 0.28125
surrogate, 77, 23.0, 0.28125
surrogate, 77, 23.0, 0.28125
surrogate, 77, 23.0, 0.28125
surrogate, 77, 23.0, 0.28125
surrogate, 77, 23.0, 0.28125
surrogate, 77, 23.0, 0.28125
surrogate, 77, 23.0, 0.28125
surrogate, 77, 23.0, 0.28125
surrogate, 77, 23.0, 0.28125
surrogate, 77, 15.0, 0.03125
surrogate, 77, 15.0, 0.03125
surrogate, 77, 15.0, 0.03125
surrogate, 77, 15.0, 0.03125
surrogate, 77, 15.0, 0.03125
surrogate, 77, 15.0, 0.03125
surrogate, 77, 15.0, 0.03125
surrogate, 77, 15.0, 0.03125
surrogate, 77, 15.0, 0.03125
surrogate, 77, 15.0, 0.03125
surrogate, 77, 15.0, 0.03125
surrogate, 77, 15.0, 0.03125
surrogate, 77, 15.0, 0.03125
surrogate, 77, 15.0, 0.03125
surrogate, 77, 15.0, 0.03125
surrogate, 77, 15.0, 0.03125
surrogate, 77, 15.0, 0.03125
surrogate, 77, 15.0, 0.03125
surrogate, 77, 15.0, 0.03125
surrogate, 77, 15.0, 0.03125
surrogate, 77, 15.0, 0.03125
surrogate, 77, 15.0, 0.03125
surrogate, 77, 15.0, 0.03125
surrogate, 77, 15.0, 0.03125
surrogate, 77, 15.0, 0.03125
surrogate, 77, 15.0, 0.03125
surrogate, 77, 15.0, 0.03125
surrogate, 77, 15.0, 0.03125
surrogate, 77, 15.0, 0.03125
surrogate, 77, 15.0, 0.03125
surrogate, 77, 15.0, 0.03125
surrogate, 77, 15.0, 0.03125
surrogate, 77, 15.0, 0.03125
surrogate, 77, 15.0, 0.03125
surrogate, 77, 15.0, 0.03125
surrogate, 77, 15.0, 0.03125
surrogate, 77, 15.0, 0.03125
surrogate, 77, 15.0, 0.03125
surrogate, 77, 15.0, 0.03125
surrogate, 78, 34.0, 0.875
surrogate, 78, 34.0, 0.875
surrogate, 78, 34.0, 0.875
surrogate, 78, 34.0, 0.875
surrogate, 78, 34.0, 0.875
surrogate, 78, 34.0, 0.875
surrogate, 78, 34.0, 0.875
surrogate, 78, 34.0, 0.875
surrogate, 78, 32.0, 0.75
surrogate, 78, 32.0, 0.75
surrogate, 78, 32.0, 0.75
surrogate, 78, 32.0, 0.75
surrogate, 78, 32.0, 0.75
surrogate, 78, 32.0, 0.75
surrogate, 78, 32.0, 0.75
surrogate, 78, 32.0, 0.75
surrogate, 78, 32.0, 0.75
surrogate, 78, 32.0, 0.75
surrogate, 78, 32.0, 0.75
surrogate, 78, 30.0, 0.65625
surrogate, 78, 30.0, 0.65625
surrogate, 78, 30.0, 0.65625
surrogate, 78, 30.0, 0.65625
surrogate, 78, 30.0, 0.65625
surrogate, 78, 30.0, 0.65625
surrogate, 78, 30.0, 0.65625
surrogate, 78, 27.0, 0.53125
surrogate, 78, 26.0, 0.46875
surrogate, 78, 26.0, 0.46875
surrogate, 78, 26.0, 0.46875
surrogate, 78, 26.0, 0.46875
surrogate, 78, 26.0, 0.46875
surrogate, 78, 26.0, 0.46875
surrogate, 78, 26.0, 0.46875
surrogate, 78, 26.0, 0.46875
surrogate, 78, 26.0, 0.46875
surrogate, 78, 26.0, 0.46875
surrogate, 78, 26.0, 0.46875
surrogate, 78, 26.0, 0.46875
surrogate, 78, 26.0, 0.46875
surrogate, 78, 26.0, 0.46875
surrogate, 78, 26.0, 0.46875
surrogate, 78, 23.0, 0.28125
surrogate, 78, 23.0, 0.28125
surrogate, 78, 23.0, 0.28125
surrogate, 78, 23.0, 0.28125
surrogate, 78, 23.0, 0.28125
surrogate, 78, 23.0, 0.28125
surrogate, 78, 23.0, 0.28125
surrogate, 78, 23.0, 0.28125
surrogate, 78, 23.0, 0.28125
surrogate, 78, 23.0, 0.28125
surrogate, 78, 23.0, 0.28125
surrogate, 78, 23.0, 0.28125
surrogate, 78, 23.0, 0.28125
surrogate, 78, 23.0, 0.28125
surrogate, 78, 23.0, 0.28125
surrogate, 78, 23.0, 0.28125
surrogate, 78, 23.0, 0.28125
surrogate, 78, 23.0, 0.28125
surrogate, 78, 23.0, 0.28125
surrogate, 78, 23.0, 0.28125
surrogate, 78, 23.0, 0.28125
surrogate, 78, 23.0, 0.28125
surrogate, 78, 23.0, 0.28125
surrogate, 78, 15.0, 0.03125
surrogate, 78, 15.0, 0.03125
surrogate, 78, 15.0, 0.03125
surrogate, 78, 15.0, 0.03125
surrogate, 78, 15.0, 0.03125
surrogate, 78, 15.0, 0.03125
surrogate, 78, 15.0, 0.03125
surrogate, 78, 15.0, 0.03125
surrogate, 78, 15.0, 0.03125
surrogate, 78, 15.0, 0.03125
surrogate, 78, 15.0, 0.03125
surrogate, 78, 15.0, 0.03125
surrogate, 78, 15.0, 0.03125
surrogate, 78, 15.0, 0.03125
surrogate, 78, 15.0, 0.03125
surrogate, 78, 15.0, 0.03125
surrogate, 78, 15.0, 0.03125
surrogate, 78, 15.0, 0.03125
surrogate, 78, 15.0, 0.03125
surrogate, 78, 15.0, 0.03125
surrogate, 78, 15.0, 0.03125
surrogate, 78, 15.0, 0.03125
surrogate, 78, 15.0, 0.03125
surrogate, 78, 15.0, 0.03125
surrogate, 78, 15.0, 0.03125
surrogate, 78, 15.0, 0.03125
surrogate, 78, 15.0, 0.03125
surrogate, 78, 15.0, 0.03125
surrogate, 78, 15.0, 0.03125
surrogate, 78, 15.0, 0.03125
surrogate, 78, 15.0, 0.03125
surrogate, 78, 15.0, 0.03125
surrogate, 78, 15.0, 0.03125
surrogate, 78, 15.0, 0.03125
surrogate, 78, 15.0, 0.03125
surrogate, 78, 15.0, 0.03125
surrogate, 78, 15.0, 0.03125
surrogate, 78, 15.0, 0.03125
surrogate, 78, 15.0, 0.03125
surrogate, 79, 34.0, 0.875
surrogate, 79, 34.0, 0.875
surrogate, 79, 34.0, 0.875
surrogate, 79, 34.0, 0.875
surrogate, 79, 34.0, 0.875
surrogate, 79, 34.0, 0.875
surrogate, 79, 34.0, 0.875
surrogate, 79, 34.0, 0.875
surrogate, 79, 32.0, 0.75
surrogate, 79, 32.0, 0.75
surrogate, 79, 32.0, 0.75
surrogate, 79, 32.0, 0.75
surrogate, 79, 32.0, 0.75
surrogate, 79, 32.0, 0.75
surrogate, 79, 32.0, 0.75
surrogate, 79, 32.0, 0.75
surrogate, 79, 32.0, 0.75
surrogate, 79, 32.0, 0.75
surrogate, 79, 32.0, 0.75
surrogate, 79, 30.0, 0.65625
surrogate, 79, 30.0, 0.65625
surrogate, 79, 30.0, 0.65625
surrogate, 79, 30.0, 0.65625
surrogate, 79, 30.0, 0.65625
surrogate, 79, 30.0, 0.65625
surrogate, 79, 30.0, 0.65625
surrogate, 79, 27.0, 0.53125
surrogate, 79, 26.0, 0.46875
surrogate, 79, 26.0, 0.46875
surrogate, 79, 26.0, 0.46875
surrogate, 79, 26.0, 0.46875
surrogate, 79, 26.0, 0.46875
surrogate, 79, 26.0, 0.46875
surrogate, 79, 26.0, 0.46875
surrogate, 79, 26.0, 0.46875
surrogate, 79, 26.0, 0.46875
surrogate, 79, 26.0, 0.46875
surrogate, 79, 26.0, 0.46875
surrogate, 79, 26.0, 0.46875
surrogate, 79, 26.0, 0.46875
surrogate, 79, 26.0, 0.46875
surrogate, 79, 26.0, 0.46875
surrogate, 79, 23.0, 0.28125
surrogate, 79, 23.0, 0.28125
surrogate, 79, 23.0, 0.28125
surrogate, 79, 23.0, 0.28125
surrogate, 79, 23.0, 0.28125
surrogate, 79, 23.0, 0.28125
surrogate, 79, 23.0, 0.28125
surrogate, 79, 23.0, 0.28125
surrogate, 79, 23.0, 0.28125
surrogate, 79, 23.0, 0.28125
surrogate, 79, 23.0, 0.28125
surrogate, 79, 23.0, 0.28125
surrogate, 79, 23.0, 0.28125
surrogate, 79, 23.0, 0.28125
surrogate, 79, 23.0, 0.28125
surrogate, 79, 23.0, 0.28125
surrogate, 79, 23.0, 0.28125
surrogate, 79, 23.0, 0.28125
surrogate, 79, 23.0, 0.28125
surrogate, 79, 23.0, 0.28125
surrogate, 79, 23.0, 0.28125
surrogate, 79, 23.0, 0.28125
surrogate, 79, 23.0, 0.28125
surrogate, 79, 15.0, 0.03125
surrogate, 79, 15.0, 0.03125
surrogate, 79, 15.0, 0.03125
surrogate, 79, 15.0, 0.03125
surrogate, 79, 15.0, 0.03125
surrogate, 79, 15.0, 0.03125
surrogate, 79, 15.0, 0.03125
surrogate, 79, 15.0, 0.03125
surrogate, 79, 15.0, 0.03125
surrogate, 79, 15.0, 0.03125
surrogate, 79, 15.0, 0.03125
surrogate, 79, 15.0, 0.03125
surrogate, 79, 15.0, 0.03125
surrogate, 79, 15.0, 0.03125
surrogate, 79, 15.0, 0.03125
surrogate, 79, 15.0, 0.03125
surrogate, 79, 15.0, 0.03125
surrogate, 79, 15.0, 0.03125
surrogate, 79, 15.0, 0.03125
surrogate, 79, 15.0, 0.03125
surrogate, 79, 15.0, 0.03125
surrogate, 79, 15.0, 0.03125
surrogate, 79, 15.0, 0.03125
surrogate, 79, 15.0, 0.03125
surrogate, 79, 15.0, 0.03125
surrogate, 79, 15.0, 0.03125
surrogate, 79, 15.0, 0.03125
surrogate, 79, 15.0, 0.03125
surrogate, 79, 15.0, 0.03125
surrogate, 79, 15.0, 0.03125
surrogate, 79, 15.0, 0.03125
surrogate, 79, 15.0, 0.03125
surrogate, 79, 15.0, 0.03125
surrogate, 79, 15.0, 0.03125
surrogate, 79, 15.0, 0.03125
surrogate, 79, 15.0, 0.03125
surrogate, 79, 15.0, 0.03125
surrogate, 79, 15.0, 0.03125
surrogate, 79, 15.0, 0.03125
surrogate, 79, 15.0, 0.03125
surrogate, 80, 34.0, 0.875
surrogate, 80, 34.0, 0.875
surrogate, 80, 34.0, 0.875
surrogate, 80, 34.0, 0.875
surrogate, 80, 34.0, 0.875
surrogate, 80, 34.0, 0.875
surrogate, 80, 34.0, 0.875
surrogate, 80, 34.0, 0.875
surrogate, 80, 32.0, 0.75
surrogate, 80, 32.0, 0.75
surrogate, 80, 32.0, 0.75
surrogate, 80, 32.0, 0.75
surrogate, 80, 32.0, 0.75
surrogate, 80, 32.0, 0.75
surrogate, 80, 32.0, 0.75
surrogate, 80, 32.0, 0.75
surrogate, 80, 32.0, 0.75
surrogate, 80, 32.0, 0.75
surrogate, 80, 32.0, 0.75
surrogate, 80, 30.0, 0.65625
surrogate, 80, 30.0, 0.65625
surrogate, 80, 30.0, 0.65625
surrogate, 80, 30.0, 0.65625
surrogate, 80, 30.0, 0.65625
surrogate, 80, 30.0, 0.65625
surrogate, 80, 30.0, 0.65625
surrogate, 80, 27.0, 0.53125
surrogate, 80, 26.0, 0.46875
surrogate, 80, 26.0, 0.46875
surrogate, 80, 26.0, 0.46875
surrogate, 80, 26.0, 0.46875
surrogate, 80, 26.0, 0.46875
surrogate, 80, 26.0, 0.46875
surrogate, 80, 26.0, 0.46875
surrogate, 80, 26.0, 0.46875
surrogate, 80, 26.0, 0.46875
surrogate, 80, 26.0, 0.46875
surrogate, 80, 26.0, 0.46875
surrogate, 80, 26.0, 0.46875
surrogate, 80, 26.0, 0.46875
surrogate, 80, 26.0, 0.46875
surrogate, 80, 26.0, 0.46875
surrogate, 80, 23.0, 0.28125
surrogate, 80, 23.0, 0.28125
surrogate, 80, 23.0, 0.28125
surrogate, 80, 23.0, 0.28125
surrogate, 80, 23.0, 0.28125
surrogate, 80, 23.0, 0.28125
surrogate, 80, 23.0, 0.28125
surrogate, 80, 23.0, 0.28125
surrogate, 80, 23.0, 0.28125
surrogate, 80, 23.0, 0.28125
surrogate, 80, 23.0, 0.28125
surrogate, 80, 23.0, 0.28125
surrogate, 80, 23.0, 0.28125
surrogate, 80, 23.0, 0.28125
surrogate, 80, 23.0, 0.28125
surrogate, 80, 23.0, 0.28125
surrogate, 80, 23.0, 0.28125
surrogate, 80, 23.0, 0.28125
surrogate, 80, 23.0, 0.28125
surrogate, 80, 23.0, 0.28125
surrogate, 80, 23.0, 0.28125
surrogate, 80, 23.0, 0.28125
surrogate, 80, 23.0, 0.28125
surrogate, 80, 15.0, 0.03125
surrogate, 80, 15.0, 0.03125
surrogate, 80, 15.0, 0.03125
surrogate, 80, 15.0, 0.03125
surrogate, 80, 15.0, 0.03125
surrogate, 80, 15.0, 0.03125
surrogate, 80, 15.0, 0.03125
surrogate, 80, 15.0, 0.03125
surrogate, 80, 15.0, 0.03125
surrogate, 80, 15.0, 0.03125
surrogate, 80, 15.0, 0.03125
surrogate, 80, 15.0, 0.03125
surrogate, 80, 15.0, 0.03125
surrogate, 80, 15.0, 0.03125
surrogate, 80, 15.0, 0.03125
surrogate, 80, 15.0, 0.03125
surrogate, 80, 15.0, 0.03125
surrogate, 80, 15.0, 0.03125
surrogate, 80, 15.0, 0.03125
surrogate, 80, 15.0, 0.03125
surrogate, 80, 15.0, 0.03125
surrogate, 80, 15.0, 0.03125
surrogate, 80, 15.0, 0.03125
surrogate, 80, 15.0, 0.03125
surrogate, 80, 15.0, 0.03125
surrogate, 80, 15.0, 0.03125
surrogate, 80, 15.0, 0.03125
surrogate, 80, 15.0, 0.03125
surrogate, 80, 15.0, 0.03125
surrogate, 80, 15.0, 0.03125
surrogate, 80, 15.0, 0.03125
surrogate, 80, 15.0, 0.03125
surrogate, 80, 15.0, 0.03125
surrogate, 80, 15.0, 0.03125
surrogate, 80, 15.0, 0.03125
surrogate, 80, 15.0, 0.03125
surrogate, 80, 15.0, 0.03125
surrogate, 80, 15.0, 0.03125
surrogate, 80, 15.0, 0.03125
surrogate, 80, 15.0, 0.03125
surrogate, 81, 36.0, 1.0
surrogate, 81, 34.0, 0.875
surrogate, 81, 34.0, 0.875
surrogate, 81, 34.0, 0.875
surrogate, 81, 34.0, 0.875
surrogate, 81, 34.0, 0.875
surrogate, 81, 34.0, 0.875
surrogate, 81, 34.0, 0.875
surrogate, 81, 34.0, 0.875
surrogate, 81, 32.0, 0.75
surrogate, 81, 32.0, 0.75
surrogate, 81, 32.0, 0.75
surrogate, 81, 32.0, 0.75
surrogate, 81, 32.0, 0.75
surrogate, 81, 32.0, 0.75
surrogate, 81, 32.0, 0.75
surrogate, 81, 32.0, 0.75
surrogate, 81, 32.0, 0.75
surrogate, 81, 32.0, 0.75
surrogate, 81, 32.0, 0.75
surrogate, 81, 32.0, 0.75
surrogate, 81, 30.0, 0.65625
surrogate, 81, 30.0, 0.65625
surrogate, 81, 30.0, 0.65625
surrogate, 81, 30.0, 0.65625
surrogate, 81, 30.0, 0.65625
surrogate, 81, 30.0, 0.65625
surrogate, 81, 30.0, 0.65625
surrogate, 81, 27.0, 0.53125
surrogate, 81, 26.0, 0.46875
surrogate, 81, 26.0, 0.46875
surrogate, 81, 26.0, 0.46875
surrogate, 81, 26.0, 0.46875
surrogate, 81, 26.0, 0.46875
surrogate, 81, 26.0, 0.46875
surrogate, 81, 26.0, 0.46875
surrogate, 81, 26.0, 0.46875
surrogate, 81, 26.0, 0.46875
surrogate, 81, 26.0, 0.46875
surrogate, 81, 26.0, 0.46875
surrogate, 81, 26.0, 0.46875
surrogate, 81, 26.0, 0.46875
surrogate, 81, 26.0, 0.46875
surrogate, 81, 26.0, 0.46875
surrogate, 81, 26.0, 0.46875
surrogate, 81, 23.0, 0.28125
surrogate, 81, 23.0, 0.28125
surrogate, 81, 23.0, 0.28125
surrogate, 81, 23.0, 0.28125
surrogate, 81, 23.0, 0.28125
surrogate, 81, 23.0, 0.28125
surrogate, 81, 23.0, 0.28125
surrogate, 81, 23.0, 0.28125
surrogate, 81, 23.0, 0.28125
surrogate, 81, 23.0, 0.28125
surrogate, 81, 23.0, 0.28125
surrogate, 81, 23.0, 0.28125
surrogate, 81, 23.0, 0.28125
surrogate, 81, 23.0, 0.28125
surrogate, 81, 23.0, 0.28125
surrogate, 81, 23.0, 0.28125
surrogate, 81, 23.0, 0.28125
surrogate, 81, 23.0, 0.28125
surrogate, 81, 23.0, 0.28125
surrogate, 81, 23.0, 0.28125
surrogate, 81, 23.0, 0.28125
surrogate, 81, 23.0, 0.28125
surrogate, 81, 23.0, 0.28125
surrogate, 81, 15.0, 0.03125
surrogate, 81, 15.0, 0.03125
surrogate, 81, 15.0, 0.03125
surrogate, 81, 15.0, 0.03125
surrogate, 81, 15.0, 0.03125
surrogate, 81, 15.0, 0.03125
surrogate, 81, 15.0, 0.03125
surrogate, 81, 15.0, 0.03125
surrogate, 81, 15.0, 0.03125
surrogate, 81, 15.0, 0.03125
surrogate, 81, 15.0, 0.03125
surrogate, 81, 15.0, 0.03125
surrogate, 81, 15.0, 0.03125
surrogate, 81, 15.0, 0.03125
surrogate, 81, 15.0, 0.03125
surrogate, 81, 15.0, 0.03125
surrogate, 81, 15.0, 0.03125
surrogate, 81, 15.0, 0.03125
surrogate, 81, 15.0, 0.03125
surrogate, 81, 15.0, 0.03125
surrogate, 81, 15.0, 0.03125
surrogate, 81, 15.0, 0.03125
surrogate, 81, 15.0, 0.03125
surrogate, 81, 15.0, 0.03125
surrogate, 81, 15.0, 0.03125
surrogate, 81, 15.0, 0.03125
surrogate, 81, 15.0, 0.03125
surrogate, 81, 15.0, 0.03125
surrogate, 81, 15.0, 0.03125
surrogate, 81, 15.0, 0.03125
surrogate, 81, 15.0, 0.03125
surrogate, 81, 15.0, 0.03125
surrogate, 81, 15.0, 0.03125
surrogate, 81, 15.0, 0.03125
surrogate, 81, 15.0, 0.03125
surrogate, 81, 15.0, 0.03125
surrogate, 81, 15.0, 0.03125
surrogate, 81, 15.0, 0.03125
surrogate, 81, 15.0, 0.03125
surrogate, 81, 15.0, 0.03125
