method, generation, latency, ar
surrogate, 1, 48.0, 0.2
surrogate, 1, 47.0, 0.1125
surrogate, 2, 48.0, 0.2
surrogate, 2, 48.0, 0.2
surrogate, 2, 47.0, 0.1125
surrogate, 2, 47.0, 0.1125
surrogate, 3, 48.0, 0.2
surrogate, 3, 48.0, 0.2
surrogate, 3, 48.0, 0.2
surrogate, 3, 48.0, 0.2
surrogate, 3, 47.0, 0.1125
surrogate, 3, 47.0, 0.1125
surrogate, 3, 47.0, 0.1125
surrogate, 4, 49.0, 0.25
surrogate, 4, 48.0, 0.2
surrogate, 4, 48.0, 0.2
surrogate, 4, 48.0, 0.2
surrogate, 4, 48.0, 0.2
surrogate, 4, 48.0, 0.2
surrogate, 4, 48.0, 0.2
surrogate, 4, 48.0, 0.2
surrogate, 4, 48.0, 0.2
surrogate, 4, 47.0, 0.1125
surrogate, 4, 47.0, 0.1125
surrogate, 4, 47.0, 0.1125
surrogate, 4, 47.0, 0.1125
surrogate, 4, 47.0, 0.1125
surrogate, 4, 47.0, 0.1125
surrogate, 5, 49.0, 0.25
surrogate, 5, 49.0, 0.25
surrogate, 5, 48.0, 0.2
surrogate, 5, 48.0, 0.2
surrogate, 5, 48.0, 0.2
surrogate, 5, 48.0, 0.2
surrogate, 5, 48.0, 0.2
surrogate, 5, 48.0, 0.2
surrogate, 5, 48.0, 0.2
surrogate, 5, 48.0, 0.2
surrogate, 5, 48.0, 0.2
surrogate, 5, 48.0, 0.2
surrogate, 5, 48.0, 0.2
surrogate, 5, 48.0, 0.2
surrogate, 5, 48.0, 0.2
surrogate, 5, 47.0, 0.1125
surrogate, 5, 47.0, 0.1125
surrogate, 5, 47.0, 0.1125
surrogate, 5, 47.0, 0.1125
surrogate, 5, 47.0, 0.1125
surrogate, 5, 47.0, 0.1125
surrogate, 5, 47.0, 0.1125
surrogate, 6, 49.0, 0.25
surrogate, 6, 49.0, 0.25
surrogate, 6, 49.0, 0.25
surrogate, 6, 49.0, 0.25
surrogate, 6, 47.0, 0.2
surrogate, 6, 47.0, 0.2
surrogate, 7, 47.0, 0.25
surrogate, 8, 47.0, 0.25
surrogate, 8, 47.0, 0.25
surrogate, 9, 47.0, 0.25
surrogate, 9, 47.0, 0.25
surrogate, 9, 47.0, 0.25
surrogate, 9, 47.0, 0.25
surrogate, 10, 48.0, 0.2625
surrogate, 10, 48.0, 0.2625
surrogate, 10, 47.0, 0.25
surrogate, 10, 47.0, 0.25
surrogate, 10, 47.0, 0.25
surrogate, 10, 47.0, 0.25
surrogate, 10, 47.0, 0.25
surrogate, 10, 47.0, 0.25
surrogate, 11, 48.0, 0.2625
surrogate, 11, 48.0, 0.2625
surrogate, 11, 48.0, 0.2625
surrogate, 11, 48.0, 0.2625
surrogate, 11, 47.0, 0.25
surrogate, 11, 47.0, 0.25
surrogate, 11, 47.0, 0.25
surrogate, 11, 47.0, 0.25
surrogate, 11, 47.0, 0.25
surrogate, 11, 47.0, 0.25
surrogate, 11, 47.0, 0.25
surrogate, 11, 47.0, 0.25
surrogate, 11, 47.0, 0.25
surrogate, 11, 47.0, 0.25
surrogate, 12, 48.0, 0.2625
surrogate, 12, 48.0, 0.2625
surrogate, 12, 48.0, 0.2625
surrogate, 12, 48.0, 0.2625
surrogate, 12, 48.0, 0.2625
surrogate, 12, 47.0, 0.25
surrogate, 12, 47.0, 0.25
surrogate, 12, 47.0, 0.25
surrogate, 12, 47.0, 0.25
surrogate, 12, 47.0, 0.25
surrogate, 12, 47.0, 0.25
surrogate, 12, 47.0, 0.25
surrogate, 12, 47.0, 0.25
surrogate, 12, 47.0, 0.25
surrogate, 12, 47.0, 0.25
surrogate, 12, 47.0, 0.25
surrogate, 12, 47.0, 0.25
surrogate, 12, 47.0, 0.25
surrogate, 12, 47.0, 0.25
surrogate, 13, 48.0, 0.2625
surrogate, 13, 48.0, 0.2625
surrogate, 13, 48.0, 0.2625
surrogate, 13, 48.0, 0.2625
surrogate, 13, 48.0, 0.2625
surrogate, 13, 48.0, 0.2625
surrogate, 13, 47.0, 0.25
surrogate, 13, 47.0, 0.25
surrogate, 13, 47.0, 0.25
surrogate, 13, 47.0, 0.25
surrogate, 13, 47.0, 0.25
surrogate, 13, 47.0, 0.25
surrogate, 13, 47.0, 0.25
surrogate, 13, 47.0, 0.25
surrogate, 13, 47.0, 0.25
surrogate, 13, 47.0, 0.25
surrogate, 13, 47.0, 0.25
surrogate, 13, 47.0, 0.25
surrogate, 13, 47.0, 0.25
surrogate, 13, 47.0, 0.25
surrogate, 13, 47.0, 0.25
surrogate, 14, 48.0, 0.2625
surrogate, 14, 48.0, 0.2625
surrogate, 14, 48.0, 0.2625
surrogate, 14, 48.0, 0.2625
surrogate, 14, 48.0, 0.2625
surrogate, 14, 48.0, 0.2625
surrogate, 14, 48.0, 0.2625
surrogate, 14, 47.0, 0.25
surrogate, 14, 47.0, 0.25
surrogate, 14, 47.0, 0.25
surrogate, 14, 47.0, 0.25
surrogate, 14, 47.0, 0.25
surrogate, 14, 47.0, 0.25
surrogate, 14, 47.0, 0.25
surrogate, 14, 47.0, 0.25
surrogate, 14, 47.0, 0.25
surrogate, 14, 47.0, 0.25
surrogate, 14, 47.0, 0.25
surrogate, 14, 47.0, 0.25
surrogate, 14, 47.0, 0.25
surrogate, 14, 47.0, 0.25
surrogate, 14, 47.0, 0.25
surrogate, 14, 47.0, 0.25
surrogate, 15, 49.0, 0.2875
surrogate, 15, 48.0, 0.2625
surrogate, 15, 48.0, 0.2625
surrogate, 15, 48.0, 0.2625
surrogate, 15, 48.0, 0.2625
surrogate, 15, 48.0, 0.2625
surrogate, 15, 48.0, 0.2625
surrogate, 15, 48.0, 0.2625
surrogate, 15, 48.0, 0.2625
surrogate, 15, 47.0, 0.25
surrogate, 15, 47.0, 0.25
surrogate, 15, 47.0, 0.25
surrogate, 15, 47.0, 0.25
surrogate, 15, 47.0, 0.25
surrogate, 15, 47.0, 0.25
surrogate, 15, 47.0, 0.25
surrogate, 15, 47.0, 0.25
surrogate, 15, 47.0, 0.25
surrogate, 15, 47.0, 0.25
surrogate, 15, 47.0, 0.25
surrogate, 15, 47.0, 0.25
surrogate, 15, 47.0, 0.25
surrogate, 15, 47.0, 0.25
surrogate, 15, 47.0, 0.25
surrogate, 15, 47.0, 0.25
surrogate, 16, 49.0, 0.2875
surrogate, 16, 49.0, 0.2875
surrogate, 16, 48.0, 0.2625
surrogate, 16, 48.0, 0.2625
surrogate, 16, 48.0, 0.2625
surrogate, 16, 48.0, 0.2625
surrogate, 16, 48.0, 0.2625
surrogate, 16, 48.0, 0.2625
surrogate, 16, 48.0, 0.2625
surrogate, 16, 48.0, 0.2625
surrogate, 16, 48.0, 0.2625
surrogate, 16, 47.0, 0.25
surrogate, 16, 47.0, 0.25
surrogate, 16, 47.0, 0.25
surrogate, 16, 47.0, 0.25
surrogate, 16, 47.0, 0.25
surrogate, 16, 47.0, 0.25
surrogate, 16, 47.0, 0.25
surrogate, 16, 47.0, 0.25
surrogate, 16, 47.0, 0.25
surrogate, 16, 47.0, 0.25
surrogate, 16, 47.0, 0.25
surrogate, 16, 47.0, 0.25
surrogate, 16, 47.0, 0.25
surrogate, 16, 47.0, 0.25
surrogate, 16, 47.0, 0.25
surrogate, 16, 47.0, 0.25
surrogate, 16, 47.0, 0.25
surrogate, 17, 49.0, 0.2875
surrogate, 17, 49.0, 0.2875
surrogate, 17, 49.0, 0.2875
surrogate, 17, 48.0, 0.2625
surrogate, 17, 48.0, 0.2625
surrogate, 17, 48.0, 0.2625
surrogate, 17, 48.0, 0.2625
surrogate, 17, 48.0, 0.2625
surrogate, 17, 48.0, 0.2625
surrogate, 17, 48.0, 0.2625
surrogate, 17, 48.0, 0.2625
surrogate, 17, 48.0, 0.2625
surrogate, 17, 48.0, 0.2625
surrogate, 17, 47.0, 0.25
surrogate, 17, 47.0, 0.25
surrogate, 17, 47.0, 0.25
surrogate, 17, 47.0, 0.25
surrogate, 17, 47.0, 0.25
surrogate, 17, 47.0, 0.25
surrogate, 17, 47.0, 0.25
surrogate, 17, 47.0, 0.25
surrogate, 17, 47.0, 0.25
surrogate, 17, 47.0, 0.25
surrogate, 17, 47.0, 0.25
surrogate, 17, 47.0, 0.25
surrogate, 17, 47.0, 0.25
surrogate, 17, 47.0, 0.25
surrogate, 17, 47.0, 0.25
surrogate, 17, 47.0, 0.25
surrogate, 17, 47.0, 0.25
surrogate, 17, 47.0, 0.25
surrogate, 18, 49.0, 0.2875
surrogate, 18, 49.0, 0.2875
surrogate, 18, 49.0, 0.2875
surrogate, 18, 49.0, 0.2875
surrogate, 18, 48.0, 0.2625
surrogate, 18, 48.0, 0.2625
surrogate, 18, 48.0, 0.2625
surrogate, 18, 48.0, 0.2625
surrogate, 18, 48.0, 0.2625
surrogate, 18, 48.0, 0.2625
surrogate, 18, 48.0, 0.2625
surrogate, 18, 48.0, 0.2625
surrogate, 18, 48.0, 0.2625
surrogate, 18, 48.0, 0.2625
surrogate, 18, 48.0, 0.2625
surrogate, 18, 47.0, 0.25
surrogate, 18, 47.0, 0.25
surrogate, 18, 47.0, 0.25
surrogate, 18, 47.0, 0.25
surrogate, 18, 47.0, 0.25
surrogate, 18, 47.0, 0.25
surrogate, 18, 47.0, 0.25
surrogate, 18, 47.0, 0.25
surrogate, 18, 47.0, 0.25
surrogate, 18, 47.0, 0.25
surrogate, 18, 47.0, 0.25
surrogate, 18, 47.0, 0.25
surrogate, 18, 47.0, 0.25
surrogate, 18, 47.0, 0.25
surrogate, 18, 47.0, 0.25
surrogate, 18, 47.0, 0.25
surrogate, 18, 47.0, 0.25
surrogate, 18, 47.0, 0.25
surrogate, 18, 47.0, 0.25
surrogate, 19, 49.0, 0.2875
surrogate, 19, 49.0, 0.2875
surrogate, 19, 49.0, 0.2875
surrogate, 19, 49.0, 0.2875
surrogate, 19, 49.0, 0.2875
surrogate, 19, 48.0, 0.2625
surrogate, 19, 48.0, 0.2625
surrogate, 19, 48.0, 0.2625
surrogate, 19, 48.0, 0.2625
surrogate, 19, 48.0, 0.2625
surrogate, 19, 48.0, 0.2625
surrogate, 19, 48.0, 0.2625
surrogate, 19, 48.0, 0.2625
surrogate, 19, 48.0, 0.2625
surrogate, 19, 48.0, 0.2625
surrogate, 19, 48.0, 0.2625
surrogate, 19, 47.0, 0.25
surrogate, 19, 47.0, 0.25
surrogate, 19, 47.0, 0.25
surrogate, 19, 47.0, 0.25
surrogate, 19, 47.0, 0.25
surrogate, 19, 47.0, 0.25
surrogate, 19, 47.0, 0.25
surrogate, 19, 47.0, 0.25
surrogate, 19, 47.0, 0.25
surrogate, 19, 47.0, 0.25
surrogate, 19, 47.0, 0.25
surrogate, 19, 47.0, 0.25
surrogate, 19, 47.0, 0.25
surrogate, 19, 47.0, 0.25
surrogate, 19, 47.0, 0.25
surrogate, 19, 47.0, 0.25
surrogate, 19, 47.0, 0.25
surrogate, 19, 47.0, 0.25
surrogate, 19, 47.0, 0.25
surrogate, 19, 47.0, 0.25
surrogate, 20, 49.0, 0.2875
surrogate, 20, 49.0, 0.2875
surrogate, 20, 49.0, 0.2875
surrogate, 20, 49.0, 0.2875
surrogate, 20, 49.0, 0.2875
surrogate, 20, 49.0, 0.2875
surrogate, 20, 48.0, 0.2625
surrogate, 20, 48.0, 0.2625
surrogate, 20, 48.0, 0.2625
surrogate, 20, 48.0, 0.2625
surrogate, 20, 48.0, 0.2625
surrogate, 20, 48.0, 0.2625
surrogate, 20, 48.0, 0.2625
surrogate, 20, 48.0, 0.2625
surrogate, 20, 48.0, 0.2625
surrogate, 20, 48.0, 0.2625
surrogate, 20, 48.0, 0.2625
surrogate, 20, 47.0, 0.25
surrogate, 20, 47.0, 0.25
surrogate, 20, 47.0, 0.25
surrogate, 20, 47.0, 0.25
surrogate, 20, 47.0, 0.25
surrogate, 20, 47.0, 0.25
surrogate, 20, 47.0, 0.25
surrogate, 20, 47.0, 0.25
surrogate, 20, 47.0, 0.25
surrogate, 20, 47.0, 0.25
surrogate, 20, 47.0, 0.25
surrogate, 20, 47.0, 0.25
surrogate, 20, 47.0, 0.25
surrogate, 20, 47.0, 0.25
surrogate, 20, 47.0, 0.25
surrogate, 20, 47.0, 0.25
surrogate, 20, 47.0, 0.25
surrogate, 20, 47.0, 0.25
surrogate, 20, 47.0, 0.25
surrogate, 20, 47.0, 0.25
surrogate, 20, 47.0, 0.25
surrogate, 21, 49.0, 0.2875
surrogate, 21, 49.0, 0.2875
surrogate, 21, 49.0, 0.2875
surrogate, 21, 49.0, 0.2875
surrogate, 21, 49.0, 0.2875
surrogate, 21, 49.0, 0.2875
surrogate, 21, 49.0, 0.2875
surrogate, 21, 48.0, 0.2625
surrogate, 21, 48.0, 0.2625
surrogate, 21, 48.0, 0.2625
surrogate, 21, 48.0, 0.2625
surrogate, 21, 48.0, 0.2625
surrogate, 21, 48.0, 0.2625
surrogate, 21, 48.0, 0.2625
surrogate, 21, 48.0, 0.2625
surrogate, 21, 48.0, 0.2625
surrogate, 21, 48.0, 0.2625
surrogate, 21, 48.0, 0.2625
surrogate, 21, 48.0, 0.2625
surrogate, 21, 47.0, 0.25
surrogate, 21, 47.0, 0.25
surrogate, 21, 47.0, 0.25
surrogate, 21, 47.0, 0.25
surrogate, 21, 47.0, 0.25
surrogate, 21, 47.0, 0.25
surrogate, 21, 47.0, 0.25
surrogate, 21, 47.0, 0.25
surrogate, 21, 47.0, 0.25
surrogate, 21, 47.0, 0.25
surrogate, 21, 47.0, 0.25
surrogate, 21, 47.0, 0.25
surrogate, 21, 47.0, 0.25
surrogate, 21, 47.0, 0.25
surrogate, 21, 47.0, 0.25
surrogate, 21, 47.0, 0.25
surrogate, 21, 47.0, 0.25
surrogate, 21, 47.0, 0.25
surrogate, 21, 47.0, 0.25
surrogate, 21, 47.0, 0.25
surrogate, 21, 47.0, 0.25
surrogate, 21, 47.0, 0.25
surrogate, 22, 49.0, 0.2875
surrogate, 22, 49.0, 0.2875
surrogate, 22, 49.0, 0.2875
surrogate, 22, 49.0, 0.2875
surrogate, 22, 49.0, 0.2875
surrogate, 22, 49.0, 0.2875
surrogate, 22, 49.0, 0.2875
surrogate, 22, 49.0, 0.2875
surrogate, 22, 48.0, 0.2625
surrogate, 22, 48.0, 0.2625
surrogate, 22, 48.0, 0.2625
surrogate, 22, 48.0, 0.2625
surrogate, 22, 48.0, 0.2625
surrogate, 22, 48.0, 0.2625
surrogate, 22, 48.0, 0.2625
surrogate, 22, 48.0, 0.2625
surrogate, 22, 48.0, 0.2625
surrogate, 22, 48.0, 0.2625
surrogate, 22, 48.0, 0.2625
surrogate, 22, 48.0, 0.2625
surrogate, 22, 48.0, 0.2625
surrogate, 22, 47.0, 0.25
surrogate, 22, 47.0, 0.25
surrogate, 22, 47.0, 0.25
surrogate, 22, 47.0, 0.25
surrogate, 22, 47.0, 0.25
surrogate, 22, 47.0, 0.25
surrogate, 22, 47.0, 0.25
surrogate, 22, 47.0, 0.25
surrogate, 22, 47.0, 0.25
surrogate, 22, 47.0, 0.25
surrogate, 22, 47.0, 0.25
surrogate, 22, 47.0, 0.25
surrogate, 22, 47.0, 0.25
surrogate, 22, 47.0, 0.25
surrogate, 22, 47.0, 0.25
surrogate, 22, 47.0, 0.25
surrogate, 22, 47.0, 0.25
surrogate, 22, 47.0, 0.25
surrogate, 22, 47.0, 0.25
surrogate, 22, 47.0, 0.25
surrogate, 22, 47.0, 0.25
surrogate, 22, 47.0, 0.25
surrogate, 23, 49.0, 0.2875
surrogate, 23, 49.0, 0.2875
surrogate, 23, 49.0, 0.2875
surrogate, 23, 49.0, 0.2875
surrogate, 23, 49.0, 0.2875
surrogate, 23, 49.0, 0.2875
surrogate, 23, 49.0, 0.2875
surrogate, 23, 49.0, 0.2875
surrogate, 23, 49.0, 0.2875
surrogate, 23, 48.0, 0.2625
surrogate, 23, 48.0, 0.2625
surrogate, 23, 48.0, 0.2625
surrogate, 23, 48.0, 0.2625
surrogate, 23, 48.0, 0.2625
surrogate, 23, 48.0, 0.2625
surrogate, 23, 48.0, 0.2625
surrogate, 23, 48.0, 0.2625
surrogate, 23, 48.0, 0.2625
surrogate, 23, 48.0, 0.2625
surrogate, 23, 48.0, 0.2625
surrogate, 23, 48.0, 0.2625
surrogate, 23, 48.0, 0.2625
surrogate, 23, 48.0, 0.2625
surrogate, 23, 47.0, 0.25
surrogate, 23, 47.0, 0.25
surrogate, 23, 47.0, 0.25
surrogate, 23, 47.0, 0.25
surrogate, 23, 47.0, 0.25
surrogate, 23, 47.0, 0.25
surrogate, 23, 47.0, 0.25
surrogate, 23, 47.0, 0.25
surrogate, 23, 47.0, 0.25
surrogate, 23, 47.0, 0.25
surrogate, 23, 47.0, 0.25
surrogate, 23, 47.0, 0.25
surrogate, 23, 47.0, 0.25
surrogate, 23, 47.0, 0.25
surrogate, 23, 47.0, 0.25
surrogate, 23, 47.0, 0.25
surrogate, 23, 47.0, 0.25
surrogate, 23, 47.0, 0.25
surrogate, 23, 47.0, 0.25
surrogate, 23, 47.0, 0.25
surrogate, 23, 47.0, 0.25
surrogate, 23, 47.0, 0.25
surrogate, 23, 47.0, 0.25
surrogate, 24, 49.0, 0.2875
surrogate, 24, 49.0, 0.2875
surrogate, 24, 49.0, 0.2875
surrogate, 24, 49.0, 0.2875
surrogate, 24, 49.0, 0.2875
surrogate, 24, 49.0, 0.2875
surrogate, 24, 49.0, 0.2875
surrogate, 24, 49.0, 0.2875
surrogate, 24, 49.0, 0.2875
surrogate, 24, 48.0, 0.2625
surrogate, 24, 48.0, 0.2625
surrogate, 24, 48.0, 0.2625
surrogate, 24, 48.0, 0.2625
surrogate, 24, 48.0, 0.2625
surrogate, 24, 48.0, 0.2625
surrogate, 24, 48.0, 0.2625
surrogate, 24, 48.0, 0.2625
surrogate, 24, 48.0, 0.2625
surrogate, 24, 48.0, 0.2625
surrogate, 24, 48.0, 0.2625
surrogate, 24, 48.0, 0.2625
surrogate, 24, 48.0, 0.2625
surrogate, 24, 48.0, 0.2625
surrogate, 24, 47.0, 0.25
surrogate, 24, 47.0, 0.25
surrogate, 24, 47.0, 0.25
surrogate, 24, 47.0, 0.25
surrogate, 24, 47.0, 0.25
surrogate, 24, 47.0, 0.25
surrogate, 24, 47.0, 0.25
surrogate, 24, 47.0, 0.25
surrogate, 24, 47.0, 0.25
surrogate, 24, 47.0, 0.25
surrogate, 24, 47.0, 0.25
surrogate, 24, 47.0, 0.25
surrogate, 24, 47.0, 0.25
surrogate, 24, 47.0, 0.25
surrogate, 24, 47.0, 0.25
surrogate, 24, 47.0, 0.25
surrogate, 24, 47.0, 0.25
surrogate, 24, 47.0, 0.25
surrogate, 24, 47.0, 0.25
surrogate, 24, 47.0, 0.25
surrogate, 24, 47.0, 0.25
surrogate, 24, 47.0, 0.25
surrogate, 24, 47.0, 0.25
surrogate, 24, 47.0, 0.25
surrogate, 25, 49.0, 0.2875
surrogate, 25, 49.0, 0.2875
surrogate, 25, 49.0, 0.2875
surrogate, 25, 49.0, 0.2875
surrogate, 25, 49.0, 0.2875
surrogate, 25, 49.0, 0.2875
surrogate, 25, 49.0, 0.2875
surrogate, 25, 49.0, 0.2875
surrogate, 25, 49.0, 0.2875
surrogate, 25, 49.0, 0.2875
surrogate, 25, 48.0, 0.2625
surrogate, 25, 48.0, 0.2625
surrogate, 25, 48.0, 0.2625
surrogate, 25, 48.0, 0.2625
surrogate, 25, 48.0, 0.2625
surrogate, 25, 48.0, 0.2625
surrogate, 25, 48.0, 0.2625
surrogate, 25, 48.0, 0.2625
surrogate, 25, 48.0, 0.2625
surrogate, 25, 48.0, 0.2625
surrogate, 25, 48.0, 0.2625
surrogate, 25, 48.0, 0.2625
surrogate, 25, 48.0, 0.2625
surrogate, 25, 48.0, 0.2625
surrogate, 25, 48.0, 0.2625
surrogate, 25, 47.0, 0.25
surrogate, 25, 47.0, 0.25
surrogate, 25, 47.0, 0.25
surrogate, 25, 47.0, 0.25
surrogate, 25, 47.0, 0.25
surrogate, 25, 47.0, 0.25
surrogate, 25, 47.0, 0.25
surrogate, 25, 47.0, 0.25
surrogate, 25, 47.0, 0.25
surrogate, 25, 47.0, 0.25
surrogate, 25, 47.0, 0.25
surrogate, 25, 47.0, 0.25
surrogate, 25, 47.0, 0.25
surrogate, 25, 47.0, 0.25
surrogate, 25, 47.0, 0.25
surrogate, 25, 47.0, 0.25
surrogate, 25, 47.0, 0.25
surrogate, 25, 47.0, 0.25
surrogate, 25, 47.0, 0.25
surrogate, 25, 47.0, 0.25
surrogate, 25, 47.0, 0.25
surrogate, 25, 47.0, 0.25
surrogate, 25, 47.0, 0.25
surrogate, 25, 47.0, 0.25
surrogate, 25, 47.0, 0.25
surrogate, 26, 49.0, 0.2875
surrogate, 26, 49.0, 0.2875
surrogate, 26, 49.0, 0.2875
surrogate, 26, 49.0, 0.2875
surrogate, 26, 49.0, 0.2875
surrogate, 26, 49.0, 0.2875
surrogate, 26, 49.0, 0.2875
surrogate, 26, 49.0, 0.2875
surrogate, 26, 49.0, 0.2875
surrogate, 26, 49.0, 0.2875
surrogate, 26, 49.0, 0.2875
surrogate, 26, 48.0, 0.2625
surrogate, 26, 48.0, 0.2625
surrogate, 26, 48.0, 0.2625
surrogate, 26, 48.0, 0.2625
surrogate, 26, 48.0, 0.2625
surrogate, 26, 48.0, 0.2625
surrogate, 26, 48.0, 0.2625
surrogate, 26, 48.0, 0.2625
surrogate, 26, 48.0, 0.2625
surrogate, 26, 48.0, 0.2625
surrogate, 26, 48.0, 0.2625
surrogate, 26, 48.0, 0.2625
surrogate, 26, 48.0, 0.2625
surrogate, 26, 48.0, 0.2625
surrogate, 26, 48.0, 0.2625
surrogate, 26, 48.0, 0.2625
surrogate, 26, 47.0, 0.25
surrogate, 26, 47.0, 0.25
surrogate, 26, 47.0, 0.25
surrogate, 26, 47.0, 0.25
surrogate, 26, 47.0, 0.25
surrogate, 26, 47.0, 0.25
surrogate, 26, 47.0, 0.25
surrogate, 26, 47.0, 0.25
surrogate, 26, 47.0, 0.25
surrogate, 26, 47.0, 0.25
surrogate, 26, 47.0, 0.25
surrogate, 26, 47.0, 0.25
surrogate, 26, 47.0, 0.25
surrogate, 26, 47.0, 0.25
surrogate, 26, 47.0, 0.25
surrogate, 26, 47.0, 0.25
surrogate, 26, 47.0, 0.25
surrogate, 26, 47.0, 0.25
surrogate, 26, 47.0, 0.25
surrogate, 26, 47.0, 0.25
surrogate, 26, 47.0, 0.25
surrogate, 26, 47.0, 0.25
surrogate, 26, 47.0, 0.25
surrogate, 26, 47.0, 0.25
surrogate, 26, 47.0, 0.25
surrogate, 27, 49.0, 0.2875
surrogate, 27, 49.0, 0.2875
surrogate, 27, 49.0, 0.2875
surrogate, 27, 49.0, 0.2875
surrogate, 27, 49.0, 0.2875
surrogate, 27, 49.0, 0.2875
surrogate, 27, 49.0, 0.2875
surrogate, 27, 49.0, 0.2875
surrogate, 27, 49.0, 0.2875
surrogate, 27, 49.0, 0.2875
surrogate, 27, 49.0, 0.2875
surrogate, 27, 48.0, 0.2625
surrogate, 27, 48.0, 0.2625
surrogate, 27, 48.0, 0.2625
surrogate, 27, 48.0, 0.2625
surrogate, 27, 48.0, 0.2625
surrogate, 27, 48.0, 0.2625
surrogate, 27, 48.0, 0.2625
surrogate, 27, 48.0, 0.2625
surrogate, 27, 48.0, 0.2625
surrogate, 27, 48.0, 0.2625
surrogate, 27, 48.0, 0.2625
surrogate, 27, 48.0, 0.2625
surrogate, 27, 48.0, 0.2625
surrogate, 27, 48.0, 0.2625
surrogate, 27, 48.0, 0.2625
surrogate, 27, 48.0, 0.2625
surrogate, 27, 48.0, 0.2625
surrogate, 27, 47.0, 0.25
surrogate, 27, 47.0, 0.25
surrogate, 27, 47.0, 0.25
surrogate, 27, 47.0, 0.25
surrogate, 27, 47.0, 0.25
surrogate, 27, 47.0, 0.25
surrogate, 27, 47.0, 0.25
surrogate, 27, 47.0, 0.25
surrogate, 27, 47.0, 0.25
surrogate, 27, 47.0, 0.25
surrogate, 27, 47.0, 0.25
surrogate, 27, 47.0, 0.25
surrogate, 27, 47.0, 0.25
surrogate, 27, 47.0, 0.25
surrogate, 27, 47.0, 0.25
surrogate, 27, 47.0, 0.25
surrogate, 27, 47.0, 0.25
surrogate, 27, 47.0, 0.25
surrogate, 27, 47.0, 0.25
surrogate, 27, 47.0, 0.25
surrogate, 27, 47.0, 0.25
surrogate, 27, 47.0, 0.25
surrogate, 27, 47.0, 0.25
surrogate, 27, 47.0, 0.25
surrogate, 27, 47.0, 0.25
surrogate, 28, 49.0, 0.2875
surrogate, 28, 49.0, 0.2875
surrogate, 28, 49.0, 0.2875
surrogate, 28, 49.0, 0.2875
surrogate, 28, 49.0, 0.2875
surrogate, 28, 49.0, 0.2875
surrogate, 28, 49.0, 0.2875
surrogate, 28, 49.0, 0.2875
surrogate, 28, 49.0, 0.2875
surrogate, 28, 49.0, 0.2875
surrogate, 28, 49.0, 0.2875
surrogate, 28, 49.0, 0.2875
surrogate, 28, 48.0, 0.2625
surrogate, 28, 48.0, 0.2625
surrogate, 28, 48.0, 0.2625
surrogate, 28, 48.0, 0.2625
surrogate, 28, 48.0, 0.2625
surrogate, 28, 48.0, 0.2625
surrogate, 28, 48.0, 0.2625
surrogate, 28, 48.0, 0.2625
surrogate, 28, 48.0, 0.2625
surrogate, 28, 48.0, 0.2625
surrogate, 28, 48.0, 0.2625
surrogate, 28, 48.0, 0.2625
surrogate, 28, 48.0, 0.2625
surrogate, 28, 48.0, 0.2625
surrogate, 28, 48.0, 0.2625
surrogate, 28, 48.0, 0.2625
surrogate, 28, 48.0, 0.2625
surrogate, 28, 48.0, 0.2625
surrogate, 28, 47.0, 0.25
surrogate, 28, 47.0, 0.25
surrogate, 28, 47.0, 0.25
surrogate, 28, 47.0, 0.25
surrogate, 28, 47.0, 0.25
surrogate, 28, 47.0, 0.25
surrogate, 28, 47.0, 0.25
surrogate, 28, 47.0, 0.25
surrogate, 28, 47.0, 0.25
surrogate, 28, 47.0, 0.25
surrogate, 28, 47.0, 0.25
surrogate, 28, 47.0, 0.25
surrogate, 28, 47.0, 0.25
surrogate, 28, 47.0, 0.25
surrogate, 28, 47.0, 0.25
surrogate, 28, 47.0, 0.25
surrogate, 28, 47.0, 0.25
surrogate, 28, 47.0, 0.25
surrogate, 28, 47.0, 0.25
surrogate, 28, 47.0, 0.25
surrogate, 28, 47.0, 0.25
surrogate, 28, 47.0, 0.25
surrogate, 28, 47.0, 0.25
surrogate, 28, 47.0, 0.25
surrogate, 28, 47.0, 0.25
surrogate, 28, 47.0, 0.25
surrogate, 29, 49.0, 0.2875
surrogate, 29, 49.0, 0.2875
surrogate, 29, 49.0, 0.2875
surrogate, 29, 49.0, 0.2875
surrogate, 29, 49.0, 0.2875
surrogate, 29, 49.0, 0.2875
surrogate, 29, 49.0, 0.2875
surrogate, 29, 49.0, 0.2875
surrogate, 29, 49.0, 0.2875
surrogate, 29, 49.0, 0.2875
surrogate, 29, 49.0, 0.2875
surrogate, 29, 49.0, 0.2875
surrogate, 29, 49.0, 0.2875
surrogate, 29, 48.0, 0.2625
surrogate, 29, 48.0, 0.2625
surrogate, 29, 48.0, 0.2625
surrogate, 29, 48.0, 0.2625
surrogate, 29, 48.0, 0.2625
surrogate, 29, 48.0, 0.2625
surrogate, 29, 48.0, 0.2625
surrogate, 29, 48.0, 0.2625
surrogate, 29, 48.0, 0.2625
surrogate, 29, 48.0, 0.2625
surrogate, 29, 48.0, 0.2625
surrogate, 29, 48.0, 0.2625
surrogate, 29, 48.0, 0.2625
surrogate, 29, 48.0, 0.2625
surrogate, 29, 48.0, 0.2625
surrogate, 29, 48.0, 0.2625
surrogate, 29, 48.0, 0.2625
surrogate, 29, 48.0, 0.2625
surrogate, 29, 47.0, 0.25
surrogate, 29, 47.0, 0.25
surrogate, 29, 47.0, 0.25
surrogate, 29, 47.0, 0.25
surrogate, 29, 47.0, 0.25
surrogate, 29, 47.0, 0.25
surrogate, 29, 47.0, 0.25
surrogate, 29, 47.0, 0.25
surrogate, 29, 47.0, 0.25
surrogate, 29, 47.0, 0.25
surrogate, 29, 47.0, 0.25
surrogate, 29, 47.0, 0.25
surrogate, 29, 47.0, 0.25
surrogate, 29, 47.0, 0.25
surrogate, 29, 47.0, 0.25
surrogate, 29, 47.0, 0.25
surrogate, 29, 47.0, 0.25
surrogate, 29, 47.0, 0.25
surrogate, 29, 47.0, 0.25
surrogate, 29, 47.0, 0.25
surrogate, 29, 47.0, 0.25
surrogate, 29, 47.0, 0.25
surrogate, 29, 47.0, 0.25
surrogate, 29, 47.0, 0.25
surrogate, 29, 47.0, 0.25
surrogate, 29, 47.0, 0.25
surrogate, 30, 49.0, 0.2875
surrogate, 30, 49.0, 0.2875
surrogate, 30, 49.0, 0.2875
surrogate, 30, 49.0, 0.2875
surrogate, 30, 49.0, 0.2875
surrogate, 30, 49.0, 0.2875
surrogate, 30, 49.0, 0.2875
surrogate, 30, 49.0, 0.2875
surrogate, 30, 49.0, 0.2875
surrogate, 30, 49.0, 0.2875
surrogate, 30, 49.0, 0.2875
surrogate, 30, 49.0, 0.2875
surrogate, 30, 49.0, 0.2875
surrogate, 30, 49.0, 0.2875
surrogate, 30, 48.0, 0.2625
surrogate, 30, 48.0, 0.2625
surrogate, 30, 48.0, 0.2625
surrogate, 30, 48.0, 0.2625
surrogate, 30, 48.0, 0.2625
surrogate, 30, 48.0, 0.2625
surrogate, 30, 48.0, 0.2625
surrogate, 30, 48.0, 0.2625
surrogate, 30, 48.0, 0.2625
surrogate, 30, 48.0, 0.2625
surrogate, 30, 48.0, 0.2625
surrogate, 30, 48.0, 0.2625
surrogate, 30, 48.0, 0.2625
surrogate, 30, 48.0, 0.2625
surrogate, 30, 48.0, 0.2625
surrogate, 30, 48.0, 0.2625
surrogate, 30, 48.0, 0.2625
surrogate, 30, 48.0, 0.2625
surrogate, 30, 48.0, 0.2625
surrogate, 30, 47.0, 0.25
surrogate, 30, 47.0, 0.25
surrogate, 30, 47.0, 0.25
surrogate, 30, 47.0, 0.25
surrogate, 30, 47.0, 0.25
surrogate, 30, 47.0, 0.25
surrogate, 30, 47.0, 0.25
surrogate, 30, 47.0, 0.25
surrogate, 30, 47.0, 0.25
surrogate, 30, 47.0, 0.25
surrogate, 30, 47.0, 0.25
surrogate, 30, 47.0, 0.25
surrogate, 30, 47.0, 0.25
surrogate, 30, 47.0, 0.25
surrogate, 30, 47.0, 0.25
surrogate, 30, 47.0, 0.25
surrogate, 30, 47.0, 0.25
surrogate, 30, 47.0, 0.25
surrogate, 30, 47.0, 0.25
surrogate, 30, 47.0, 0.25
surrogate, 30, 47.0, 0.25
surrogate, 30, 47.0, 0.25
surrogate, 30, 47.0, 0.25
surrogate, 30, 47.0, 0.25
surrogate, 30, 47.0, 0.25
surrogate, 30, 47.0, 0.25
surrogate, 30, 47.0, 0.25
surrogate, 31, 49.0, 0.2875
surrogate, 31, 49.0, 0.2875
surrogate, 31, 49.0, 0.2875
surrogate, 31, 49.0, 0.2875
surrogate, 31, 49.0, 0.2875
surrogate, 31, 49.0, 0.2875
surrogate, 31, 49.0, 0.2875
surrogate, 31, 49.0, 0.2875
surrogate, 31, 49.0, 0.2875
surrogate, 31, 49.0, 0.2875
surrogate, 31, 49.0, 0.2875
surrogate, 31, 49.0, 0.2875
surrogate, 31, 49.0, 0.2875
surrogate, 31, 49.0, 0.2875
surrogate, 31, 49.0, 0.2875
surrogate, 31, 48.0, 0.2625
surrogate, 31, 48.0, 0.2625
surrogate, 31, 48.0, 0.2625
surrogate, 31, 48.0, 0.2625
surrogate, 31, 48.0, 0.2625
surrogate, 31, 48.0, 0.2625
surrogate, 31, 48.0, 0.2625
surrogate, 31, 48.0, 0.2625
surrogate, 31, 48.0, 0.2625
surrogate, 31, 48.0, 0.2625
surrogate, 31, 48.0, 0.2625
surrogate, 31, 48.0, 0.2625
surrogate, 31, 48.0, 0.2625
surrogate, 31, 48.0, 0.2625
surrogate, 31, 48.0, 0.2625
surrogate, 31, 48.0, 0.2625
surrogate, 31, 48.0, 0.2625
surrogate, 31, 48.0, 0.2625
surrogate, 31, 48.0, 0.2625
surrogate, 31, 48.0, 0.2625
surrogate, 31, 47.0, 0.25
surrogate, 31, 47.0, 0.25
surrogate, 31, 47.0, 0.25
surrogate, 31, 47.0, 0.25
surrogate, 31, 47.0, 0.25
surrogate, 31, 47.0, 0.25
surrogate, 31, 47.0, 0.25
surrogate, 31, 47.0, 0.25
surrogate, 31, 47.0, 0.25
surrogate, 31, 47.0, 0.25
surrogate, 31, 47.0, 0.25
surrogate, 31, 47.0, 0.25
surrogate, 31, 47.0, 0.25
surrogate, 31, 47.0, 0.25
surrogate, 31, 47.0, 0.25
surrogate, 31, 47.0, 0.25
surrogate, 31, 47.0, 0.25
surrogate, 31, 47.0, 0.25
surrogate, 31, 47.0, 0.25
surrogate, 31, 47.0, 0.25
surrogate, 31, 47.0, 0.25
surrogate, 31, 47.0, 0.25
surrogate, 31, 47.0, 0.25
surrogate, 31, 47.0, 0.25
surrogate, 31, 47.0, 0.25
surrogate, 31, 47.0, 0.25
surrogate, 31, 47.0, 0.25
surrogate, 31, 47.0, 0.25
surrogate, 32, 49.0, 0.2875
surrogate, 32, 49.0, 0.2875
surrogate, 32, 49.0, 0.2875
surrogate, 32, 49.0, 0.2875
surrogate, 32, 49.0, 0.2875
surrogate, 32, 49.0, 0.2875
surrogate, 32, 49.0, 0.2875
surrogate, 32, 49.0, 0.2875
surrogate, 32, 49.0, 0.2875
surrogate, 32, 49.0, 0.2875
surrogate, 32, 49.0, 0.2875
surrogate, 32, 49.0, 0.2875
surrogate, 32, 49.0, 0.2875
surrogate, 32, 49.0, 0.2875
surrogate, 32, 49.0, 0.2875
surrogate, 32, 49.0, 0.2875
surrogate, 32, 48.0, 0.2625
surrogate, 32, 48.0, 0.2625
surrogate, 32, 48.0, 0.2625
surrogate, 32, 48.0, 0.2625
surrogate, 32, 48.0, 0.2625
surrogate, 32, 48.0, 0.2625
surrogate, 32, 48.0, 0.2625
surrogate, 32, 48.0, 0.2625
surrogate, 32, 48.0, 0.2625
surrogate, 32, 48.0, 0.2625
surrogate, 32, 48.0, 0.2625
surrogate, 32, 48.0, 0.2625
surrogate, 32, 48.0, 0.2625
surrogate, 32, 48.0, 0.2625
surrogate, 32, 48.0, 0.2625
surrogate, 32, 48.0, 0.2625
surrogate, 32, 48.0, 0.2625
surrogate, 32, 48.0, 0.2625
surrogate, 32, 48.0, 0.2625
surrogate, 32, 48.0, 0.2625
surrogate, 32, 48.0, 0.2625
surrogate, 32, 47.0, 0.25
surrogate, 32, 47.0, 0.25
surrogate, 32, 47.0, 0.25
surrogate, 32, 47.0, 0.25
surrogate, 32, 47.0, 0.25
surrogate, 32, 47.0, 0.25
surrogate, 32, 47.0, 0.25
surrogate, 32, 47.0, 0.25
surrogate, 32, 47.0, 0.25
surrogate, 32, 47.0, 0.25
surrogate, 32, 47.0, 0.25
surrogate, 32, 47.0, 0.25
surrogate, 32, 47.0, 0.25
surrogate, 32, 47.0, 0.25
surrogate, 32, 47.0, 0.25
surrogate, 32, 47.0, 0.25
surrogate, 32, 47.0, 0.25
surrogate, 32, 47.0, 0.25
surrogate, 32, 47.0, 0.25
surrogate, 32, 47.0, 0.25
surrogate, 32, 47.0, 0.25
surrogate, 32, 47.0, 0.25
surrogate, 32, 47.0, 0.25
surrogate, 32, 47.0, 0.25
surrogate, 32, 47.0, 0.25
surrogate, 32, 47.0, 0.25
surrogate, 32, 47.0, 0.25
surrogate, 32, 47.0, 0.25
surrogate, 32, 47.0, 0.25
surrogate, 33, 49.0, 0.2875
surrogate, 33, 49.0, 0.2875
surrogate, 33, 49.0, 0.2875
surrogate, 33, 49.0, 0.2875
surrogate, 33, 49.0, 0.2875
surrogate, 33, 49.0, 0.2875
surrogate, 33, 49.0, 0.2875
surrogate, 33, 49.0, 0.2875
surrogate, 33, 49.0, 0.2875
surrogate, 33, 49.0, 0.2875
surrogate, 33, 49.0, 0.2875
surrogate, 33, 49.0, 0.2875
surrogate, 33, 49.0, 0.2875
surrogate, 33, 49.0, 0.2875
surrogate, 33, 49.0, 0.2875
surrogate, 33, 49.0, 0.2875
surrogate, 33, 48.0, 0.2625
surrogate, 33, 48.0, 0.2625
surrogate, 33, 48.0, 0.2625
surrogate, 33, 48.0, 0.2625
surrogate, 33, 48.0, 0.2625
surrogate, 33, 48.0, 0.2625
surrogate, 33, 48.0, 0.2625
surrogate, 33, 48.0, 0.2625
surrogate, 33, 48.0, 0.2625
surrogate, 33, 48.0, 0.2625
surrogate, 33, 48.0, 0.2625
surrogate, 33, 48.0, 0.2625
surrogate, 33, 48.0, 0.2625
surrogate, 33, 48.0, 0.2625
surrogate, 33, 48.0, 0.2625
surrogate, 33, 48.0, 0.2625
surrogate, 33, 48.0, 0.2625
surrogate, 33, 48.0, 0.2625
surrogate, 33, 48.0, 0.2625
surrogate, 33, 48.0, 0.2625
surrogate, 33, 48.0, 0.2625
surrogate, 33, 48.0, 0.2625
surrogate, 33, 47.0, 0.25
surrogate, 33, 47.0, 0.25
surrogate, 33, 47.0, 0.25
surrogate, 33, 47.0, 0.25
surrogate, 33, 47.0, 0.25
surrogate, 33, 47.0, 0.25
surrogate, 33, 47.0, 0.25
surrogate, 33, 47.0, 0.25
surrogate, 33, 47.0, 0.25
surrogate, 33, 47.0, 0.25
surrogate, 33, 47.0, 0.25
surrogate, 33, 47.0, 0.25
surrogate, 33, 47.0, 0.25
surrogate, 33, 47.0, 0.25
surrogate, 33, 47.0, 0.25
surrogate, 33, 47.0, 0.25
surrogate, 33, 47.0, 0.25
surrogate, 33, 47.0, 0.25
surrogate, 33, 47.0, 0.25
surrogate, 33, 47.0, 0.25
surrogate, 33, 47.0, 0.25
surrogate, 33, 47.0, 0.25
surrogate, 33, 47.0, 0.25
surrogate, 33, 47.0, 0.25
surrogate, 33, 47.0, 0.25
surrogate, 33, 47.0, 0.25
surrogate, 33, 47.0, 0.25
surrogate, 33, 47.0, 0.25
surrogate, 33, 47.0, 0.25
surrogate, 33, 47.0, 0.25
surrogate, 34, 49.0, 0.2875
surrogate, 34, 49.0, 0.2875
surrogate, 34, 49.0, 0.2875
surrogate, 34, 49.0, 0.2875
surrogate, 34, 49.0, 0.2875
surrogate, 34, 49.0, 0.2875
surrogate, 34, 49.0, 0.2875
surrogate, 34, 49.0, 0.2875
surrogate, 34, 49.0, 0.2875
surrogate, 34, 49.0, 0.2875
surrogate, 34, 49.0, 0.2875
surrogate, 34, 49.0, 0.2875
surrogate, 34, 49.0, 0.2875
surrogate, 34, 49.0, 0.2875
surrogate, 34, 49.0, 0.2875
surrogate, 34, 49.0, 0.2875
surrogate, 34, 49.0, 0.2875
surrogate, 34, 48.0, 0.2625
surrogate, 34, 48.0, 0.2625
surrogate, 34, 48.0, 0.2625
surrogate, 34, 48.0, 0.2625
surrogate, 34, 48.0, 0.2625
surrogate, 34, 48.0, 0.2625
surrogate, 34, 48.0, 0.2625
surrogate, 34, 48.0, 0.2625
surrogate, 34, 48.0, 0.2625
surrogate, 34, 48.0, 0.2625
surrogate, 34, 48.0, 0.2625
surrogate, 34, 48.0, 0.2625
surrogate, 34, 48.0, 0.2625
surrogate, 34, 48.0, 0.2625
surrogate, 34, 48.0, 0.2625
surrogate, 34, 48.0, 0.2625
surrogate, 34, 48.0, 0.2625
surrogate, 34, 48.0, 0.2625
surrogate, 34, 48.0, 0.2625
surrogate, 34, 48.0, 0.2625
surrogate, 34, 48.0, 0.2625
surrogate, 34, 48.0, 0.2625
surrogate, 34, 48.0, 0.2625
surrogate, 34, 47.0, 0.25
surrogate, 34, 47.0, 0.25
surrogate, 34, 47.0, 0.25
surrogate, 34, 47.0, 0.25
surrogate, 34, 47.0, 0.25
surrogate, 34, 47.0, 0.25
surrogate, 34, 47.0, 0.25
surrogate, 34, 47.0, 0.25
surrogate, 34, 47.0, 0.25
surrogate, 34, 47.0, 0.25
surrogate, 34, 47.0, 0.25
surrogate, 34, 47.0, 0.25
surrogate, 34, 47.0, 0.25
surrogate, 34, 47.0, 0.25
surrogate, 34, 47.0, 0.25
surrogate, 34, 47.0, 0.25
surrogate, 34, 47.0, 0.25
surrogate, 34, 47.0, 0.25
surrogate, 34, 47.0, 0.25
surrogate, 34, 47.0, 0.25
surrogate, 34, 47.0, 0.25
surrogate, 34, 47.0, 0.25
surrogate, 34, 47.0, 0.25
surrogate, 34, 47.0, 0.25
surrogate, 34, 47.0, 0.25
surrogate, 34, 47.0, 0.25
surrogate, 34, 47.0, 0.25
surrogate, 34, 47.0, 0.25
surrogate, 34, 47.0, 0.25
surrogate, 34, 47.0, 0.25
surrogate, 34, 47.0, 0.25
surrogate, 35, 49.0, 0.2875
surrogate, 35, 49.0, 0.2875
surrogate, 35, 49.0, 0.2875
surrogate, 35, 49.0, 0.2875
surrogate, 35, 49.0, 0.2875
surrogate, 35, 49.0, 0.2875
surrogate, 35, 49.0, 0.2875
surrogate, 35, 49.0, 0.2875
surrogate, 35, 49.0, 0.2875
surrogate, 35, 49.0, 0.2875
surrogate, 35, 49.0, 0.2875
surrogate, 35, 49.0, 0.2875
surrogate, 35, 49.0, 0.2875
surrogate, 35, 49.0, 0.2875
surrogate, 35, 49.0, 0.2875
surrogate, 35, 49.0, 0.2875
surrogate, 35, 49.0, 0.2875
surrogate, 35, 49.0, 0.2875
surrogate, 35, 48.0, 0.2625
surrogate, 35, 48.0, 0.2625
surrogate, 35, 48.0, 0.2625
surrogate, 35, 48.0, 0.2625
surrogate, 35, 48.0, 0.2625
surrogate, 35, 48.0, 0.2625
surrogate, 35, 48.0, 0.2625
surrogate, 35, 48.0, 0.2625
surrogate, 35, 48.0, 0.2625
surrogate, 35, 48.0, 0.2625
surrogate, 35, 48.0, 0.2625
surrogate, 35, 48.0, 0.2625
surrogate, 35, 48.0, 0.2625
surrogate, 35, 48.0, 0.2625
surrogate, 35, 48.0, 0.2625
surrogate, 35, 48.0, 0.2625
surrogate, 35, 48.0, 0.2625
surrogate, 35, 48.0, 0.2625
surrogate, 35, 48.0, 0.2625
surrogate, 35, 48.0, 0.2625
surrogate, 35, 48.0, 0.2625
surrogate, 35, 48.0, 0.2625
surrogate, 35, 48.0, 0.2625
surrogate, 35, 48.0, 0.2625
surrogate, 35, 47.0, 0.25
surrogate, 35, 47.0, 0.25
surrogate, 35, 47.0, 0.25
surrogate, 35, 47.0, 0.25
surrogate, 35, 47.0, 0.25
surrogate, 35, 47.0, 0.25
surrogate, 35, 47.0, 0.25
surrogate, 35, 47.0, 0.25
surrogate, 35, 47.0, 0.25
surrogate, 35, 47.0, 0.25
surrogate, 35, 47.0, 0.25
surrogate, 35, 47.0, 0.25
surrogate, 35, 47.0, 0.25
surrogate, 35, 47.0, 0.25
surrogate, 35, 47.0, 0.25
surrogate, 35, 47.0, 0.25
surrogate, 35, 47.0, 0.25
surrogate, 35, 47.0, 0.25
surrogate, 35, 47.0, 0.25
surrogate, 35, 47.0, 0.25
surrogate, 35, 47.0, 0.25
surrogate, 35, 47.0, 0.25
surrogate, 35, 47.0, 0.25
surrogate, 35, 47.0, 0.25
surrogate, 35, 47.0, 0.25
surrogate, 35, 47.0, 0.25
surrogate, 35, 47.0, 0.25
surrogate, 35, 47.0, 0.25
surrogate, 35, 47.0, 0.25
surrogate, 35, 47.0, 0.25
surrogate, 35, 47.0, 0.25
surrogate, 36, 49.0, 0.2875
surrogate, 36, 49.0, 0.2875
surrogate, 36, 49.0, 0.2875
surrogate, 36, 49.0, 0.2875
surrogate, 36, 49.0, 0.2875
surrogate, 36, 49.0, 0.2875
surrogate, 36, 49.0, 0.2875
surrogate, 36, 49.0, 0.2875
surrogate, 36, 49.0, 0.2875
surrogate, 36, 49.0, 0.2875
surrogate, 36, 49.0, 0.2875
surrogate, 36, 49.0, 0.2875
surrogate, 36, 49.0, 0.2875
surrogate, 36, 49.0, 0.2875
surrogate, 36, 49.0, 0.2875
surrogate, 36, 49.0, 0.2875
surrogate, 36, 49.0, 0.2875
surrogate, 36, 49.0, 0.2875
surrogate, 36, 49.0, 0.2875
surrogate, 36, 48.0, 0.2625
surrogate, 36, 48.0, 0.2625
surrogate, 36, 48.0, 0.2625
surrogate, 36, 48.0, 0.2625
surrogate, 36, 48.0, 0.2625
surrogate, 36, 48.0, 0.2625
surrogate, 36, 48.0, 0.2625
surrogate, 36, 48.0, 0.2625
surrogate, 36, 48.0, 0.2625
surrogate, 36, 48.0, 0.2625
surrogate, 36, 48.0, 0.2625
surrogate, 36, 48.0, 0.2625
surrogate, 36, 48.0, 0.2625
surrogate, 36, 48.0, 0.2625
surrogate, 36, 48.0, 0.2625
surrogate, 36, 48.0, 0.2625
surrogate, 36, 48.0, 0.2625
surrogate, 36, 48.0, 0.2625
surrogate, 36, 48.0, 0.2625
surrogate, 36, 48.0, 0.2625
surrogate, 36, 48.0, 0.2625
surrogate, 36, 48.0, 0.2625
surrogate, 36, 48.0, 0.2625
surrogate, 36, 48.0, 0.2625
surrogate, 36, 48.0, 0.2625
surrogate, 36, 47.0, 0.25
surrogate, 36, 47.0, 0.25
surrogate, 36, 47.0, 0.25
surrogate, 36, 47.0, 0.25
surrogate, 36, 47.0, 0.25
surrogate, 36, 47.0, 0.25
surrogate, 36, 47.0, 0.25
surrogate, 36, 47.0, 0.25
surrogate, 36, 47.0, 0.25
surrogate, 36, 47.0, 0.25
surrogate, 36, 47.0, 0.25
surrogate, 36, 47.0, 0.25
surrogate, 36, 47.0, 0.25
surrogate, 36, 47.0, 0.25
surrogate, 36, 47.0, 0.25
surrogate, 36, 47.0, 0.25
surrogate, 36, 47.0, 0.25
surrogate, 36, 47.0, 0.25
surrogate, 36, 47.0, 0.25
surrogate, 36, 47.0, 0.25
surrogate, 36, 47.0, 0.25
surrogate, 36, 47.0, 0.25
surrogate, 36, 47.0, 0.25
surrogate, 36, 47.0, 0.25
surrogate, 36, 47.0, 0.25
surrogate, 36, 47.0, 0.25
surrogate, 36, 47.0, 0.25
surrogate, 36, 47.0, 0.25
surrogate, 36, 47.0, 0.25
surrogate, 36, 47.0, 0.25
surrogate, 36, 47.0, 0.25
surrogate, 37, 49.0, 0.2875
surrogate, 37, 49.0, 0.2875
surrogate, 37, 49.0, 0.2875
surrogate, 37, 49.0, 0.2875
surrogate, 37, 49.0, 0.2875
surrogate, 37, 49.0, 0.2875
surrogate, 37, 49.0, 0.2875
surrogate, 37, 49.0, 0.2875
surrogate, 37, 49.0, 0.2875
surrogate, 37, 49.0, 0.2875
surrogate, 37, 49.0, 0.2875
surrogate, 37, 49.0, 0.2875
surrogate, 37, 49.0, 0.2875
surrogate, 37, 49.0, 0.2875
surrogate, 37, 49.0, 0.2875
surrogate, 37, 49.0, 0.2875
surrogate, 37, 49.0, 0.2875
surrogate, 37, 49.0, 0.2875
surrogate, 37, 49.0, 0.2875
surrogate, 37, 48.0, 0.2625
surrogate, 37, 48.0, 0.2625
surrogate, 37, 48.0, 0.2625
surrogate, 37, 48.0, 0.2625
surrogate, 37, 48.0, 0.2625
surrogate, 37, 48.0, 0.2625
surrogate, 37, 48.0, 0.2625
surrogate, 37, 48.0, 0.2625
surrogate, 37, 48.0, 0.2625
surrogate, 37, 48.0, 0.2625
surrogate, 37, 48.0, 0.2625
surrogate, 37, 48.0, 0.2625
surrogate, 37, 48.0, 0.2625
surrogate, 37, 48.0, 0.2625
surrogate, 37, 48.0, 0.2625
surrogate, 37, 48.0, 0.2625
surrogate, 37, 48.0, 0.2625
surrogate, 37, 48.0, 0.2625
surrogate, 37, 48.0, 0.2625
surrogate, 37, 48.0, 0.2625
surrogate, 37, 48.0, 0.2625
surrogate, 37, 48.0, 0.2625
surrogate, 37, 48.0, 0.2625
surrogate, 37, 48.0, 0.2625
surrogate, 37, 48.0, 0.2625
surrogate, 37, 48.0, 0.2625
surrogate, 37, 47.0, 0.25
surrogate, 37, 47.0, 0.25
surrogate, 37, 47.0, 0.25
surrogate, 37, 47.0, 0.25
surrogate, 37, 47.0, 0.25
surrogate, 37, 47.0, 0.25
surrogate, 37, 47.0, 0.25
surrogate, 37, 47.0, 0.25
surrogate, 37, 47.0, 0.25
surrogate, 37, 47.0, 0.25
surrogate, 37, 47.0, 0.25
surrogate, 37, 47.0, 0.25
surrogate, 37, 47.0, 0.25
surrogate, 37, 47.0, 0.25
surrogate, 37, 47.0, 0.25
surrogate, 37, 47.0, 0.25
surrogate, 37, 47.0, 0.25
surrogate, 37, 47.0, 0.25
surrogate, 37, 47.0, 0.25
surrogate, 37, 47.0, 0.25
surrogate, 37, 47.0, 0.25
surrogate, 37, 47.0, 0.25
surrogate, 37, 47.0, 0.25
surrogate, 37, 47.0, 0.25
surrogate, 37, 47.0, 0.25
surrogate, 37, 47.0, 0.25
surrogate, 37, 47.0, 0.25
surrogate, 37, 47.0, 0.25
surrogate, 37, 47.0, 0.25
surrogate, 37, 47.0, 0.25
surrogate, 37, 47.0, 0.25
surrogate, 38, 49.0, 0.2875
surrogate, 38, 49.0, 0.2875
surrogate, 38, 49.0, 0.2875
surrogate, 38, 49.0, 0.2875
surrogate, 38, 49.0, 0.2875
surrogate, 38, 49.0, 0.2875
surrogate, 38, 49.0, 0.2875
surrogate, 38, 49.0, 0.2875
surrogate, 38, 49.0, 0.2875
surrogate, 38, 49.0, 0.2875
surrogate, 38, 49.0, 0.2875
surrogate, 38, 49.0, 0.2875
surrogate, 38, 49.0, 0.2875
surrogate, 38, 49.0, 0.2875
surrogate, 38, 49.0, 0.2875
surrogate, 38, 49.0, 0.2875
surrogate, 38, 49.0, 0.2875
surrogate, 38, 49.0, 0.2875
surrogate, 38, 49.0, 0.2875
surrogate, 38, 48.0, 0.2625
surrogate, 38, 48.0, 0.2625
surrogate, 38, 48.0, 0.2625
surrogate, 38, 48.0, 0.2625
surrogate, 38, 48.0, 0.2625
surrogate, 38, 48.0, 0.2625
surrogate, 38, 48.0, 0.2625
surrogate, 38, 48.0, 0.2625
surrogate, 38, 48.0, 0.2625
surrogate, 38, 48.0, 0.2625
surrogate, 38, 48.0, 0.2625
surrogate, 38, 48.0, 0.2625
surrogate, 38, 48.0, 0.2625
surrogate, 38, 48.0, 0.2625
surrogate, 38, 48.0, 0.2625
surrogate, 38, 48.0, 0.2625
surrogate, 38, 48.0, 0.2625
surrogate, 38, 48.0, 0.2625
surrogate, 38, 48.0, 0.2625
surrogate, 38, 48.0, 0.2625
surrogate, 38, 48.0, 0.2625
surrogate, 38, 48.0, 0.2625
surrogate, 38, 48.0, 0.2625
surrogate, 38, 48.0, 0.2625
surrogate, 38, 48.0, 0.2625
surrogate, 38, 48.0, 0.2625
surrogate, 38, 48.0, 0.2625
surrogate, 38, 47.0, 0.25
surrogate, 38, 47.0, 0.25
surrogate, 38, 47.0, 0.25
surrogate, 38, 47.0, 0.25
surrogate, 38, 47.0, 0.25
surrogate, 38, 47.0, 0.25
surrogate, 38, 47.0, 0.25
surrogate, 38, 47.0, 0.25
surrogate, 38, 47.0, 0.25
surrogate, 38, 47.0, 0.25
surrogate, 38, 47.0, 0.25
surrogate, 38, 47.0, 0.25
surrogate, 38, 47.0, 0.25
surrogate, 38, 47.0, 0.25
surrogate, 38, 47.0, 0.25
surrogate, 38, 47.0, 0.25
surrogate, 38, 47.0, 0.25
surrogate, 38, 47.0, 0.25
surrogate, 38, 47.0, 0.25
surrogate, 38, 47.0, 0.25
surrogate, 38, 47.0, 0.25
surrogate, 38, 47.0, 0.25
surrogate, 38, 47.0, 0.25
surrogate, 38, 47.0, 0.25
surrogate, 38, 47.0, 0.25
surrogate, 38, 47.0, 0.25
surrogate, 38, 47.0, 0.25
surrogate, 38, 47.0, 0.25
surrogate, 38, 47.0, 0.25
surrogate, 38, 47.0, 0.25
surrogate, 38, 47.0, 0.25
surrogate, 38, 47.0, 0.25
surrogate, 39, 49.0, 0.2875
surrogate, 39, 49.0, 0.2875
surrogate, 39, 49.0, 0.2875
surrogate, 39, 49.0, 0.2875
surrogate, 39, 49.0, 0.2875
surrogate, 39, 49.0, 0.2875
surrogate, 39, 49.0, 0.2875
surrogate, 39, 49.0, 0.2875
surrogate, 39, 49.0, 0.2875
surrogate, 39, 49.0, 0.2875
surrogate, 39, 49.0, 0.2875
surrogate, 39, 49.0, 0.2875
surrogate, 39, 49.0, 0.2875
surrogate, 39, 49.0, 0.2875
surrogate, 39, 49.0, 0.2875
surrogate, 39, 49.0, 0.2875
surrogate, 39, 49.0, 0.2875
surrogate, 39, 49.0, 0.2875
surrogate, 39, 49.0, 0.2875
surrogate, 39, 49.0, 0.2875
surrogate, 39, 48.0, 0.2625
surrogate, 39, 48.0, 0.2625
surrogate, 39, 48.0, 0.2625
surrogate, 39, 48.0, 0.2625
surrogate, 39, 48.0, 0.2625
surrogate, 39, 48.0, 0.2625
surrogate, 39, 48.0, 0.2625
surrogate, 39, 48.0, 0.2625
surrogate, 39, 48.0, 0.2625
surrogate, 39, 48.0, 0.2625
surrogate, 39, 48.0, 0.2625
surrogate, 39, 48.0, 0.2625
surrogate, 39, 48.0, 0.2625
surrogate, 39, 48.0, 0.2625
surrogate, 39, 48.0, 0.2625
surrogate, 39, 48.0, 0.2625
surrogate, 39, 48.0, 0.2625
surrogate, 39, 48.0, 0.2625
surrogate, 39, 48.0, 0.2625
surrogate, 39, 48.0, 0.2625
surrogate, 39, 48.0, 0.2625
surrogate, 39, 48.0, 0.2625
surrogate, 39, 48.0, 0.2625
surrogate, 39, 48.0, 0.2625
surrogate, 39, 48.0, 0.2625
surrogate, 39, 48.0, 0.2625
surrogate, 39, 48.0, 0.2625
surrogate, 39, 48.0, 0.2625
surrogate, 39, 47.0, 0.25
surrogate, 39, 47.0, 0.25
surrogate, 39, 47.0, 0.25
surrogate, 39, 47.0, 0.25
surrogate, 39, 47.0, 0.25
surrogate, 39, 47.0, 0.25
surrogate, 39, 47.0, 0.25
surrogate, 39, 47.0, 0.25
surrogate, 39, 47.0, 0.25
surrogate, 39, 47.0, 0.25
surrogate, 39, 47.0, 0.25
surrogate, 39, 47.0, 0.25
surrogate, 39, 47.0, 0.25
surrogate, 39, 47.0, 0.25
surrogate, 39, 47.0, 0.25
surrogate, 39, 47.0, 0.25
surrogate, 39, 47.0, 0.25
surrogate, 39, 47.0, 0.25
surrogate, 39, 47.0, 0.25
surrogate, 39, 47.0, 0.25
surrogate, 39, 47.0, 0.25
surrogate, 39, 47.0, 0.25
surrogate, 39, 47.0, 0.25
surrogate, 39, 47.0, 0.25
surrogate, 39, 47.0, 0.25
surrogate, 39, 47.0, 0.25
surrogate, 39, 47.0, 0.25
surrogate, 39, 47.0, 0.25
surrogate, 39, 47.0, 0.25
surrogate, 39, 47.0, 0.25
surrogate, 39, 47.0, 0.25
surrogate, 39, 47.0, 0.25
surrogate, 39, 47.0, 0.25
surrogate, 40, 49.0, 0.2875
surrogate, 40, 49.0, 0.2875
surrogate, 40, 49.0, 0.2875
surrogate, 40, 49.0, 0.2875
surrogate, 40, 49.0, 0.2875
surrogate, 40, 49.0, 0.2875
surrogate, 40, 49.0, 0.2875
surrogate, 40, 49.0, 0.2875
surrogate, 40, 49.0, 0.2875
surrogate, 40, 49.0, 0.2875
surrogate, 40, 49.0, 0.2875
surrogate, 40, 49.0, 0.2875
surrogate, 40, 49.0, 0.2875
surrogate, 40, 49.0, 0.2875
surrogate, 40, 49.0, 0.2875
surrogate, 40, 49.0, 0.2875
surrogate, 40, 49.0, 0.2875
surrogate, 40, 49.0, 0.2875
surrogate, 40, 49.0, 0.2875
surrogate, 40, 49.0, 0.2875
surrogate, 40, 49.0, 0.2875
surrogate, 40, 48.0, 0.2625
surrogate, 40, 48.0, 0.2625
surrogate, 40, 48.0, 0.2625
surrogate, 40, 48.0, 0.2625
surrogate, 40, 48.0, 0.2625
surrogate, 40, 48.0, 0.2625
surrogate, 40, 48.0, 0.2625
surrogate, 40, 48.0, 0.2625
surrogate, 40, 48.0, 0.2625
surrogate, 40, 48.0, 0.2625
surrogate, 40, 48.0, 0.2625
surrogate, 40, 48.0, 0.2625
surrogate, 40, 48.0, 0.2625
surrogate, 40, 48.0, 0.2625
surrogate, 40, 48.0, 0.2625
surrogate, 40, 48.0, 0.2625
surrogate, 40, 48.0, 0.2625
surrogate, 40, 48.0, 0.2625
surrogate, 40, 48.0, 0.2625
surrogate, 40, 48.0, 0.2625
surrogate, 40, 48.0, 0.2625
surrogate, 40, 48.0, 0.2625
surrogate, 40, 48.0, 0.2625
surrogate, 40, 48.0, 0.2625
surrogate, 40, 48.0, 0.2625
surrogate, 40, 48.0, 0.2625
surrogate, 40, 48.0, 0.2625
surrogate, 40, 48.0, 0.2625
surrogate, 40, 48.0, 0.2625
surrogate, 40, 47.0, 0.25
surrogate, 40, 47.0, 0.25
surrogate, 40, 47.0, 0.25
surrogate, 40, 47.0, 0.25
surrogate, 40, 47.0, 0.25
surrogate, 40, 47.0, 0.25
surrogate, 40, 47.0, 0.25
surrogate, 40, 47.0, 0.25
surrogate, 40, 47.0, 0.25
surrogate, 40, 47.0, 0.25
surrogate, 40, 47.0, 0.25
surrogate, 40, 47.0, 0.25
surrogate, 40, 47.0, 0.25
surrogate, 40, 47.0, 0.25
surrogate, 40, 47.0, 0.25
surrogate, 40, 47.0, 0.25
surrogate, 40, 47.0, 0.25
surrogate, 40, 47.0, 0.25
surrogate, 40, 47.0, 0.25
surrogate, 40, 47.0, 0.25
surrogate, 40, 47.0, 0.25
surrogate, 40, 47.0, 0.25
surrogate, 40, 47.0, 0.25
surrogate, 40, 47.0, 0.25
surrogate, 40, 47.0, 0.25
surrogate, 40, 47.0, 0.25
surrogate, 40, 47.0, 0.25
surrogate, 40, 47.0, 0.25
surrogate, 40, 47.0, 0.25
surrogate, 40, 47.0, 0.25
surrogate, 40, 47.0, 0.25
surrogate, 40, 47.0, 0.25
surrogate, 40, 47.0, 0.25
surrogate, 40, 47.0, 0.25
surrogate, 41, 49.0, 0.2875
surrogate, 41, 49.0, 0.2875
surrogate, 41, 49.0, 0.2875
surrogate, 41, 49.0, 0.2875
surrogate, 41, 49.0, 0.2875
surrogate, 41, 49.0, 0.2875
surrogate, 41, 49.0, 0.2875
surrogate, 41, 49.0, 0.2875
surrogate, 41, 49.0, 0.2875
surrogate, 41, 49.0, 0.2875
surrogate, 41, 49.0, 0.2875
surrogate, 41, 49.0, 0.2875
surrogate, 41, 49.0, 0.2875
surrogate, 41, 49.0, 0.2875
surrogate, 41, 49.0, 0.2875
surrogate, 41, 49.0, 0.2875
surrogate, 41, 49.0, 0.2875
surrogate, 41, 49.0, 0.2875
surrogate, 41, 49.0, 0.2875
surrogate, 41, 49.0, 0.2875
surrogate, 41, 49.0, 0.2875
surrogate, 41, 49.0, 0.2875
surrogate, 41, 48.0, 0.2625
surrogate, 41, 48.0, 0.2625
surrogate, 41, 48.0, 0.2625
surrogate, 41, 48.0, 0.2625
surrogate, 41, 48.0, 0.2625
surrogate, 41, 48.0, 0.2625
surrogate, 41, 48.0, 0.2625
surrogate, 41, 48.0, 0.2625
surrogate, 41, 48.0, 0.2625
surrogate, 41, 48.0, 0.2625
surrogate, 41, 48.0, 0.2625
surrogate, 41, 48.0, 0.2625
surrogate, 41, 48.0, 0.2625
surrogate, 41, 48.0, 0.2625
surrogate, 41, 48.0, 0.2625
surrogate, 41, 48.0, 0.2625
surrogate, 41, 48.0, 0.2625
surrogate, 41, 48.0, 0.2625
surrogate, 41, 48.0, 0.2625
surrogate, 41, 48.0, 0.2625
surrogate, 41, 48.0, 0.2625
surrogate, 41, 48.0, 0.2625
surrogate, 41, 48.0, 0.2625
surrogate, 41, 48.0, 0.2625
surrogate, 41, 48.0, 0.2625
surrogate, 41, 48.0, 0.2625
surrogate, 41, 48.0, 0.2625
surrogate, 41, 48.0, 0.2625
surrogate, 41, 48.0, 0.2625
surrogate, 41, 47.0, 0.25
surrogate, 41, 47.0, 0.25
surrogate, 41, 47.0, 0.25
surrogate, 41, 47.0, 0.25
surrogate, 41, 47.0, 0.25
surrogate, 41, 47.0, 0.25
surrogate, 41, 47.0, 0.25
surrogate, 41, 47.0, 0.25
surrogate, 41, 47.0, 0.25
surrogate, 41, 47.0, 0.25
surrogate, 41, 47.0, 0.25
surrogate, 41, 47.0, 0.25
surrogate, 41, 47.0, 0.25
surrogate, 41, 47.0, 0.25
surrogate, 41, 47.0, 0.25
surrogate, 41, 47.0, 0.25
surrogate, 41, 47.0, 0.25
surrogate, 41, 47.0, 0.25
surrogate, 41, 47.0, 0.25
surrogate, 41, 47.0, 0.25
surrogate, 41, 47.0, 0.25
surrogate, 41, 47.0, 0.25
surrogate, 41, 47.0, 0.25
surrogate, 41, 47.0, 0.25
surrogate, 41, 47.0, 0.25
surrogate, 41, 47.0, 0.25
surrogate, 41, 47.0, 0.25
surrogate, 41, 47.0, 0.25
surrogate, 41, 47.0, 0.25
surrogate, 41, 47.0, 0.25
surrogate, 41, 47.0, 0.25
surrogate, 41, 47.0, 0.25
surrogate, 41, 47.0, 0.25
surrogate, 41, 47.0, 0.25
surrogate, 42, 49.0, 0.2875
surrogate, 42, 49.0, 0.2875
surrogate, 42, 49.0, 0.2875
surrogate, 42, 49.0, 0.2875
surrogate, 42, 49.0, 0.2875
surrogate, 42, 49.0, 0.2875
surrogate, 42, 49.0, 0.2875
surrogate, 42, 49.0, 0.2875
surrogate, 42, 49.0, 0.2875
surrogate, 42, 49.0, 0.2875
surrogate, 42, 49.0, 0.2875
surrogate, 42, 49.0, 0.2875
surrogate, 42, 49.0, 0.2875
surrogate, 42, 49.0, 0.2875
surrogate, 42, 49.0, 0.2875
surrogate, 42, 49.0, 0.2875
surrogate, 42, 49.0, 0.2875
surrogate, 42, 49.0, 0.2875
surrogate, 42, 49.0, 0.2875
surrogate, 42, 49.0, 0.2875
surrogate, 42, 49.0, 0.2875
surrogate, 42, 49.0, 0.2875
surrogate, 42, 48.0, 0.2625
surrogate, 42, 48.0, 0.2625
surrogate, 42, 48.0, 0.2625
surrogate, 42, 48.0, 0.2625
surrogate, 42, 48.0, 0.2625
surrogate, 42, 48.0, 0.2625
surrogate, 42, 48.0, 0.2625
surrogate, 42, 48.0, 0.2625
surrogate, 42, 48.0, 0.2625
surrogate, 42, 48.0, 0.2625
surrogate, 42, 48.0, 0.2625
surrogate, 42, 48.0, 0.2625
surrogate, 42, 48.0, 0.2625
surrogate, 42, 48.0, 0.2625
surrogate, 42, 48.0, 0.2625
surrogate, 42, 48.0, 0.2625
surrogate, 42, 48.0, 0.2625
surrogate, 42, 48.0, 0.2625
surrogate, 42, 48.0, 0.2625
surrogate, 42, 48.0, 0.2625
surrogate, 42, 48.0, 0.2625
surrogate, 42, 48.0, 0.2625
surrogate, 42, 48.0, 0.2625
surrogate, 42, 48.0, 0.2625
surrogate, 42, 48.0, 0.2625
surrogate, 42, 48.0, 0.2625
surrogate, 42, 48.0, 0.2625
surrogate, 42, 48.0, 0.2625
surrogate, 42, 48.0, 0.2625
surrogate, 42, 48.0, 0.2625
surrogate, 42, 47.0, 0.25
surrogate, 42, 47.0, 0.25
surrogate, 42, 47.0, 0.25
surrogate, 42, 47.0, 0.25
surrogate, 42, 47.0, 0.25
surrogate, 42, 47.0, 0.25
surrogate, 42, 47.0, 0.25
surrogate, 42, 47.0, 0.25
surrogate, 42, 47.0, 0.25
surrogate, 42, 47.0, 0.25
surrogate, 42, 47.0, 0.25
surrogate, 42, 47.0, 0.25
surrogate, 42, 47.0, 0.25
surrogate, 42, 47.0, 0.25
surrogate, 42, 47.0, 0.25
surrogate, 42, 47.0, 0.25
surrogate, 42, 47.0, 0.25
surrogate, 42, 47.0, 0.25
surrogate, 42, 47.0, 0.25
surrogate, 42, 47.0, 0.25
surrogate, 42, 47.0, 0.25
surrogate, 42, 47.0, 0.25
surrogate, 42, 47.0, 0.25
surrogate, 42, 47.0, 0.25
surrogate, 42, 47.0, 0.25
surrogate, 42, 47.0, 0.25
surrogate, 42, 47.0, 0.25
surrogate, 42, 47.0, 0.25
surrogate, 42, 47.0, 0.25
surrogate, 42, 47.0, 0.25
surrogate, 42, 47.0, 0.25
surrogate, 42, 47.0, 0.25
surrogate, 42, 47.0, 0.25
surrogate, 42, 47.0, 0.25
surrogate, 42, 47.0, 0.25
surrogate, 43, 49.0, 0.2875
surrogate, 43, 49.0, 0.2875
surrogate, 43, 49.0, 0.2875
surrogate, 43, 49.0, 0.2875
surrogate, 43, 49.0, 0.2875
surrogate, 43, 49.0, 0.2875
surrogate, 43, 49.0, 0.2875
surrogate, 43, 49.0, 0.2875
surrogate, 43, 49.0, 0.2875
surrogate, 43, 49.0, 0.2875
surrogate, 43, 49.0, 0.2875
surrogate, 43, 49.0, 0.2875
surrogate, 43, 49.0, 0.2875
surrogate, 43, 49.0, 0.2875
surrogate, 43, 49.0, 0.2875
surrogate, 43, 49.0, 0.2875
surrogate, 43, 49.0, 0.2875
surrogate, 43, 49.0, 0.2875
surrogate, 43, 49.0, 0.2875
surrogate, 43, 49.0, 0.2875
surrogate, 43, 49.0, 0.2875
surrogate, 43, 49.0, 0.2875
surrogate, 43, 49.0, 0.2875
surrogate, 43, 48.0, 0.2625
surrogate, 43, 48.0, 0.2625
surrogate, 43, 48.0, 0.2625
surrogate, 43, 48.0, 0.2625
surrogate, 43, 48.0, 0.2625
surrogate, 43, 48.0, 0.2625
surrogate, 43, 48.0, 0.2625
surrogate, 43, 48.0, 0.2625
surrogate, 43, 48.0, 0.2625
surrogate, 43, 48.0, 0.2625
surrogate, 43, 48.0, 0.2625
surrogate, 43, 48.0, 0.2625
surrogate, 43, 48.0, 0.2625
surrogate, 43, 48.0, 0.2625
surrogate, 43, 48.0, 0.2625
surrogate, 43, 48.0, 0.2625
surrogate, 43, 48.0, 0.2625
surrogate, 43, 48.0, 0.2625
surrogate, 43, 48.0, 0.2625
surrogate, 43, 48.0, 0.2625
surrogate, 43, 48.0, 0.2625
surrogate, 43, 48.0, 0.2625
surrogate, 43, 48.0, 0.2625
surrogate, 43, 48.0, 0.2625
surrogate, 43, 48.0, 0.2625
surrogate, 43, 48.0, 0.2625
surrogate, 43, 48.0, 0.2625
surrogate, 43, 48.0, 0.2625
surrogate, 43, 48.0, 0.2625
surrogate, 43, 48.0, 0.2625
surrogate, 43, 48.0, 0.2625
surrogate, 43, 47.0, 0.25
surrogate, 43, 47.0, 0.25
surrogate, 43, 47.0, 0.25
surrogate, 43, 47.0, 0.25
surrogate, 43, 47.0, 0.25
surrogate, 43, 47.0, 0.25
surrogate, 43, 47.0, 0.25
surrogate, 43, 47.0, 0.25
surrogate, 43, 47.0, 0.25
surrogate, 43, 47.0, 0.25
surrogate, 43, 47.0, 0.25
surrogate, 43, 47.0, 0.25
surrogate, 43, 47.0, 0.25
surrogate, 43, 47.0, 0.25
surrogate, 43, 47.0, 0.25
surrogate, 43, 47.0, 0.25
surrogate, 43, 47.0, 0.25
surrogate, 43, 47.0, 0.25
surrogate, 43, 47.0, 0.25
surrogate, 43, 47.0, 0.25
surrogate, 43, 47.0, 0.25
surrogate, 43, 47.0, 0.25
surrogate, 43, 47.0, 0.25
surrogate, 43, 47.0, 0.25
surrogate, 43, 47.0, 0.25
surrogate, 43, 47.0, 0.25
surrogate, 43, 47.0, 0.25
surrogate, 43, 47.0, 0.25
surrogate, 43, 47.0, 0.25
surrogate, 43, 47.0, 0.25
surrogate, 43, 47.0, 0.25
surrogate, 43, 47.0, 0.25
surrogate, 43, 47.0, 0.25
surrogate, 43, 47.0, 0.25
surrogate, 43, 47.0, 0.25
surrogate, 43, 47.0, 0.25
surrogate, 44, 49.0, 0.2875
surrogate, 44, 49.0, 0.2875
surrogate, 44, 49.0, 0.2875
surrogate, 44, 49.0, 0.2875
surrogate, 44, 49.0, 0.2875
surrogate, 44, 49.0, 0.2875
surrogate, 44, 49.0, 0.2875
surrogate, 44, 49.0, 0.2875
surrogate, 44, 49.0, 0.2875
surrogate, 44, 49.0, 0.2875
surrogate, 44, 49.0, 0.2875
surrogate, 44, 49.0, 0.2875
surrogate, 44, 49.0, 0.2875
surrogate, 44, 49.0, 0.2875
surrogate, 44, 49.0, 0.2875
surrogate, 44, 49.0, 0.2875
surrogate, 44, 49.0, 0.2875
surrogate, 44, 49.0, 0.2875
surrogate, 44, 49.0, 0.2875
surrogate, 44, 49.0, 0.2875
surrogate, 44, 49.0, 0.2875
surrogate, 44, 49.0, 0.2875
surrogate, 44, 49.0, 0.2875
surrogate, 44, 49.0, 0.2875
surrogate, 44, 48.0, 0.2625
surrogate, 44, 48.0, 0.2625
surrogate, 44, 48.0, 0.2625
surrogate, 44, 48.0, 0.2625
surrogate, 44, 48.0, 0.2625
surrogate, 44, 48.0, 0.2625
surrogate, 44, 48.0, 0.2625
surrogate, 44, 48.0, 0.2625
surrogate, 44, 48.0, 0.2625
surrogate, 44, 48.0, 0.2625
surrogate, 44, 48.0, 0.2625
surrogate, 44, 48.0, 0.2625
surrogate, 44, 48.0, 0.2625
surrogate, 44, 48.0, 0.2625
surrogate, 44, 48.0, 0.2625
surrogate, 44, 48.0, 0.2625
surrogate, 44, 48.0, 0.2625
surrogate, 44, 48.0, 0.2625
surrogate, 44, 48.0, 0.2625
surrogate, 44, 48.0, 0.2625
surrogate, 44, 48.0, 0.2625
surrogate, 44, 48.0, 0.2625
surrogate, 44, 48.0, 0.2625
surrogate, 44, 48.0, 0.2625
surrogate, 44, 48.0, 0.2625
surrogate, 44, 48.0, 0.2625
surrogate, 44, 48.0, 0.2625
surrogate, 44, 48.0, 0.2625
surrogate, 44, 48.0, 0.2625
surrogate, 44, 48.0, 0.2625
surrogate, 44, 48.0, 0.2625
surrogate, 44, 48.0, 0.2625
surrogate, 44, 47.0, 0.25
surrogate, 44, 47.0, 0.25
surrogate, 44, 47.0, 0.25
surrogate, 44, 47.0, 0.25
surrogate, 44, 47.0, 0.25
surrogate, 44, 47.0, 0.25
surrogate, 44, 47.0, 0.25
surrogate, 44, 47.0, 0.25
surrogate, 44, 47.0, 0.25
surrogate, 44, 47.0, 0.25
surrogate, 44, 47.0, 0.25
surrogate, 44, 47.0, 0.25
surrogate, 44, 47.0, 0.25
surrogate, 44, 47.0, 0.25
surrogate, 44, 47.0, 0.25
surrogate, 44, 47.0, 0.25
surrogate, 44, 47.0, 0.25
surrogate, 44, 47.0, 0.25
surrogate, 44, 47.0, 0.25
surrogate, 44, 47.0, 0.25
surrogate, 44, 47.0, 0.25
surrogate, 44, 47.0, 0.25
surrogate, 44, 47.0, 0.25
surrogate, 44, 47.0, 0.25
surrogate, 44, 47.0, 0.25
surrogate, 44, 47.0, 0.25
surrogate, 44, 47.0, 0.25
surrogate, 44, 47.0, 0.25
surrogate, 44, 47.0, 0.25
surrogate, 44, 47.0, 0.25
surrogate, 44, 47.0, 0.25
surrogate, 44, 47.0, 0.25
surrogate, 44, 47.0, 0.25
surrogate, 44, 47.0, 0.25
surrogate, 44, 47.0, 0.25
surrogate, 44, 47.0, 0.25
surrogate, 44, 47.0, 0.25
surrogate, 45, 49.0, 0.2875
surrogate, 45, 49.0, 0.2875
surrogate, 45, 49.0, 0.2875
surrogate, 45, 49.0, 0.2875
surrogate, 45, 49.0, 0.2875
surrogate, 45, 49.0, 0.2875
surrogate, 45, 49.0, 0.2875
surrogate, 45, 49.0, 0.2875
surrogate, 45, 49.0, 0.2875
surrogate, 45, 49.0, 0.2875
surrogate, 45, 49.0, 0.2875
surrogate, 45, 49.0, 0.2875
surrogate, 45, 49.0, 0.2875
surrogate, 45, 49.0, 0.2875
surrogate, 45, 49.0, 0.2875
surrogate, 45, 49.0, 0.2875
surrogate, 45, 49.0, 0.2875
surrogate, 45, 49.0, 0.2875
surrogate, 45, 49.0, 0.2875
surrogate, 45, 49.0, 0.2875
surrogate, 45, 49.0, 0.2875
surrogate, 45, 49.0, 0.2875
surrogate, 45, 49.0, 0.2875
surrogate, 45, 49.0, 0.2875
surrogate, 45, 49.0, 0.2875
surrogate, 45, 48.0, 0.2625
surrogate, 45, 48.0, 0.2625
surrogate, 45, 48.0, 0.2625
surrogate, 45, 48.0, 0.2625
surrogate, 45, 48.0, 0.2625
surrogate, 45, 48.0, 0.2625
surrogate, 45, 48.0, 0.2625
surrogate, 45, 48.0, 0.2625
surrogate, 45, 48.0, 0.2625
surrogate, 45, 48.0, 0.2625
surrogate, 45, 48.0, 0.2625
surrogate, 45, 48.0, 0.2625
surrogate, 45, 48.0, 0.2625
surrogate, 45, 48.0, 0.2625
surrogate, 45, 48.0, 0.2625
surrogate, 45, 48.0, 0.2625
surrogate, 45, 48.0, 0.2625
surrogate, 45, 48.0, 0.2625
surrogate, 45, 48.0, 0.2625
surrogate, 45, 48.0, 0.2625
surrogate, 45, 48.0, 0.2625
surrogate, 45, 48.0, 0.2625
surrogate, 45, 48.0, 0.2625
surrogate, 45, 48.0, 0.2625
surrogate, 45, 48.0, 0.2625
surrogate, 45, 48.0, 0.2625
surrogate, 45, 48.0, 0.2625
surrogate, 45, 48.0, 0.2625
surrogate, 45, 48.0, 0.2625
surrogate, 45, 48.0, 0.2625
surrogate, 45, 48.0, 0.2625
surrogate, 45, 48.0, 0.2625
surrogate, 45, 48.0, 0.2625
surrogate, 45, 47.0, 0.25
surrogate, 45, 47.0, 0.25
surrogate, 45, 47.0, 0.25
surrogate, 45, 47.0, 0.25
surrogate, 45, 47.0, 0.25
surrogate, 45, 47.0, 0.25
surrogate, 45, 47.0, 0.25
surrogate, 45, 47.0, 0.25
surrogate, 45, 47.0, 0.25
surrogate, 45, 47.0, 0.25
surrogate, 45, 47.0, 0.25
surrogate, 45, 47.0, 0.25
surrogate, 45, 47.0, 0.25
surrogate, 45, 47.0, 0.25
surrogate, 45, 47.0, 0.25
surrogate, 45, 47.0, 0.25
surrogate, 45, 47.0, 0.25
surrogate, 45, 47.0, 0.25
surrogate, 45, 47.0, 0.25
surrogate, 45, 47.0, 0.25
surrogate, 45, 47.0, 0.25
surrogate, 45, 47.0, 0.25
surrogate, 45, 47.0, 0.25
surrogate, 45, 47.0, 0.25
surrogate, 45, 47.0, 0.25
surrogate, 45, 47.0, 0.25
surrogate, 45, 47.0, 0.25
surrogate, 45, 47.0, 0.25
surrogate, 45, 47.0, 0.25
surrogate, 45, 47.0, 0.25
surrogate, 45, 47.0, 0.25
surrogate, 45, 47.0, 0.25
surrogate, 45, 47.0, 0.25
surrogate, 45, 47.0, 0.25
surrogate, 45, 47.0, 0.25
surrogate, 45, 47.0, 0.25
surrogate, 45, 47.0, 0.25
surrogate, 45, 47.0, 0.25
surrogate, 46, 49.0, 0.2875
surrogate, 46, 49.0, 0.2875
surrogate, 46, 49.0, 0.2875
surrogate, 46, 49.0, 0.2875
surrogate, 46, 49.0, 0.2875
surrogate, 46, 49.0, 0.2875
surrogate, 46, 49.0, 0.2875
surrogate, 46, 49.0, 0.2875
surrogate, 46, 49.0, 0.2875
surrogate, 46, 49.0, 0.2875
surrogate, 46, 49.0, 0.2875
surrogate, 46, 49.0, 0.2875
surrogate, 46, 49.0, 0.2875
surrogate, 46, 49.0, 0.2875
surrogate, 46, 49.0, 0.2875
surrogate, 46, 49.0, 0.2875
surrogate, 46, 49.0, 0.2875
surrogate, 46, 49.0, 0.2875
surrogate, 46, 49.0, 0.2875
surrogate, 46, 49.0, 0.2875
surrogate, 46, 49.0, 0.2875
surrogate, 46, 49.0, 0.2875
surrogate, 46, 49.0, 0.2875
surrogate, 46, 49.0, 0.2875
surrogate, 46, 49.0, 0.2875
surrogate, 46, 49.0, 0.2875
surrogate, 46, 48.0, 0.2625
surrogate, 46, 48.0, 0.2625
surrogate, 46, 48.0, 0.2625
surrogate, 46, 48.0, 0.2625
surrogate, 46, 48.0, 0.2625
surrogate, 46, 48.0, 0.2625
surrogate, 46, 48.0, 0.2625
surrogate, 46, 48.0, 0.2625
surrogate, 46, 48.0, 0.2625
surrogate, 46, 48.0, 0.2625
surrogate, 46, 48.0, 0.2625
surrogate, 46, 48.0, 0.2625
surrogate, 46, 48.0, 0.2625
surrogate, 46, 48.0, 0.2625
surrogate, 46, 48.0, 0.2625
surrogate, 46, 48.0, 0.2625
surrogate, 46, 48.0, 0.2625
surrogate, 46, 48.0, 0.2625
surrogate, 46, 48.0, 0.2625
surrogate, 46, 48.0, 0.2625
surrogate, 46, 48.0, 0.2625
surrogate, 46, 48.0, 0.2625
surrogate, 46, 48.0, 0.2625
surrogate, 46, 48.0, 0.2625
surrogate, 46, 48.0, 0.2625
surrogate, 46, 48.0, 0.2625
surrogate, 46, 48.0, 0.2625
surrogate, 46, 48.0, 0.2625
surrogate, 46, 48.0, 0.2625
surrogate, 46, 48.0, 0.2625
surrogate, 46, 48.0, 0.2625
surrogate, 46, 48.0, 0.2625
surrogate, 46, 48.0, 0.2625
surrogate, 46, 48.0, 0.2625
surrogate, 46, 47.0, 0.25
surrogate, 46, 47.0, 0.25
surrogate, 46, 47.0, 0.25
surrogate, 46, 47.0, 0.25
surrogate, 46, 47.0, 0.25
surrogate, 46, 47.0, 0.25
surrogate, 46, 47.0, 0.25
surrogate, 46, 47.0, 0.25
surrogate, 46, 47.0, 0.25
surrogate, 46, 47.0, 0.25
surrogate, 46, 47.0, 0.25
surrogate, 46, 47.0, 0.25
surrogate, 46, 47.0, 0.25
surrogate, 46, 47.0, 0.25
surrogate, 46, 47.0, 0.25
surrogate, 46, 47.0, 0.25
surrogate, 46, 47.0, 0.25
surrogate, 46, 47.0, 0.25
surrogate, 46, 47.0, 0.25
surrogate, 46, 47.0, 0.25
surrogate, 46, 47.0, 0.25
surrogate, 46, 47.0, 0.25
surrogate, 46, 47.0, 0.25
surrogate, 46, 47.0, 0.25
surrogate, 46, 47.0, 0.25
surrogate, 46, 47.0, 0.25
surrogate, 46, 47.0, 0.25
surrogate, 46, 47.0, 0.25
surrogate, 46, 47.0, 0.25
surrogate, 46, 47.0, 0.25
surrogate, 46, 47.0, 0.25
surrogate, 46, 47.0, 0.25
surrogate, 46, 47.0, 0.25
surrogate, 46, 47.0, 0.25
surrogate, 46, 47.0, 0.25
surrogate, 46, 47.0, 0.25
surrogate, 46, 47.0, 0.25
surrogate, 46, 47.0, 0.25
surrogate, 46, 47.0, 0.25
surrogate, 47, 49.0, 0.2875
surrogate, 47, 49.0, 0.2875
surrogate, 47, 49.0, 0.2875
surrogate, 47, 49.0, 0.2875
surrogate, 47, 49.0, 0.2875
surrogate, 47, 49.0, 0.2875
surrogate, 47, 49.0, 0.2875
surrogate, 47, 49.0, 0.2875
surrogate, 47, 49.0, 0.2875
surrogate, 47, 49.0, 0.2875
surrogate, 47, 49.0, 0.2875
surrogate, 47, 49.0, 0.2875
surrogate, 47, 49.0, 0.2875
surrogate, 47, 49.0, 0.2875
surrogate, 47, 49.0, 0.2875
surrogate, 47, 49.0, 0.2875
surrogate, 47, 49.0, 0.2875
surrogate, 47, 49.0, 0.2875
surrogate, 47, 49.0, 0.2875
surrogate, 47, 49.0, 0.2875
surrogate, 47, 49.0, 0.2875
surrogate, 47, 49.0, 0.2875
surrogate, 47, 49.0, 0.2875
surrogate, 47, 49.0, 0.2875
surrogate, 47, 49.0, 0.2875
surrogate, 47, 49.0, 0.2875
surrogate, 47, 49.0, 0.2875
surrogate, 47, 48.0, 0.2625
surrogate, 47, 48.0, 0.2625
surrogate, 47, 48.0, 0.2625
surrogate, 47, 48.0, 0.2625
surrogate, 47, 48.0, 0.2625
surrogate, 47, 48.0, 0.2625
surrogate, 47, 48.0, 0.2625
surrogate, 47, 48.0, 0.2625
surrogate, 47, 48.0, 0.2625
surrogate, 47, 48.0, 0.2625
surrogate, 47, 48.0, 0.2625
surrogate, 47, 48.0, 0.2625
surrogate, 47, 48.0, 0.2625
surrogate, 47, 48.0, 0.2625
surrogate, 47, 48.0, 0.2625
surrogate, 47, 48.0, 0.2625
surrogate, 47, 48.0, 0.2625
surrogate, 47, 48.0, 0.2625
surrogate, 47, 48.0, 0.2625
surrogate, 47, 48.0, 0.2625
surrogate, 47, 48.0, 0.2625
surrogate, 47, 48.0, 0.2625
surrogate, 47, 48.0, 0.2625
surrogate, 47, 48.0, 0.2625
surrogate, 47, 48.0, 0.2625
surrogate, 47, 48.0, 0.2625
surrogate, 47, 48.0, 0.2625
surrogate, 47, 48.0, 0.2625
surrogate, 47, 48.0, 0.2625
surrogate, 47, 48.0, 0.2625
surrogate, 47, 48.0, 0.2625
surrogate, 47, 48.0, 0.2625
surrogate, 47, 48.0, 0.2625
surrogate, 47, 48.0, 0.2625
surrogate, 47, 48.0, 0.2625
surrogate, 47, 47.0, 0.25
surrogate, 47, 47.0, 0.25
surrogate, 47, 47.0, 0.25
surrogate, 47, 47.0, 0.25
surrogate, 47, 47.0, 0.25
surrogate, 47, 47.0, 0.25
surrogate, 47, 47.0, 0.25
surrogate, 47, 47.0, 0.25
surrogate, 47, 47.0, 0.25
surrogate, 47, 47.0, 0.25
surrogate, 47, 47.0, 0.25
surrogate, 47, 47.0, 0.25
surrogate, 47, 47.0, 0.25
surrogate, 47, 47.0, 0.25
surrogate, 47, 47.0, 0.25
surrogate, 47, 47.0, 0.25
surrogate, 47, 47.0, 0.25
surrogate, 47, 47.0, 0.25
surrogate, 47, 47.0, 0.25
surrogate, 47, 47.0, 0.25
surrogate, 47, 47.0, 0.25
surrogate, 47, 47.0, 0.25
surrogate, 47, 47.0, 0.25
surrogate, 47, 47.0, 0.25
surrogate, 47, 47.0, 0.25
surrogate, 47, 47.0, 0.25
surrogate, 47, 47.0, 0.25
surrogate, 47, 47.0, 0.25
surrogate, 47, 47.0, 0.25
surrogate, 47, 47.0, 0.25
surrogate, 47, 47.0, 0.25
surrogate, 47, 47.0, 0.25
surrogate, 47, 47.0, 0.25
surrogate, 47, 47.0, 0.25
surrogate, 47, 47.0, 0.25
surrogate, 47, 47.0, 0.25
surrogate, 47, 47.0, 0.25
surrogate, 47, 47.0, 0.25
surrogate, 47, 47.0, 0.25
surrogate, 47, 47.0, 0.25
surrogate, 48, 49.0, 0.2875
surrogate, 48, 49.0, 0.2875
surrogate, 48, 49.0, 0.2875
surrogate, 48, 49.0, 0.2875
surrogate, 48, 49.0, 0.2875
surrogate, 48, 49.0, 0.2875
surrogate, 48, 49.0, 0.2875
surrogate, 48, 49.0, 0.2875
surrogate, 48, 49.0, 0.2875
surrogate, 48, 49.0, 0.2875
surrogate, 48, 49.0, 0.2875
surrogate, 48, 49.0, 0.2875
surrogate, 48, 49.0, 0.2875
surrogate, 48, 49.0, 0.2875
surrogate, 48, 49.0, 0.2875
surrogate, 48, 49.0, 0.2875
surrogate, 48, 49.0, 0.2875
surrogate, 48, 49.0, 0.2875
surrogate, 48, 49.0, 0.2875
surrogate, 48, 49.0, 0.2875
surrogate, 48, 49.0, 0.2875
surrogate, 48, 49.0, 0.2875
surrogate, 48, 49.0, 0.2875
surrogate, 48, 49.0, 0.2875
surrogate, 48, 49.0, 0.2875
surrogate, 48, 49.0, 0.2875
surrogate, 48, 49.0, 0.2875
surrogate, 48, 49.0, 0.2875
surrogate, 48, 48.0, 0.2625
surrogate, 48, 48.0, 0.2625
surrogate, 48, 48.0, 0.2625
surrogate, 48, 48.0, 0.2625
surrogate, 48, 48.0, 0.2625
surrogate, 48, 48.0, 0.2625
surrogate, 48, 48.0, 0.2625
surrogate, 48, 48.0, 0.2625
surrogate, 48, 48.0, 0.2625
surrogate, 48, 48.0, 0.2625
surrogate, 48, 48.0, 0.2625
surrogate, 48, 48.0, 0.2625
surrogate, 48, 48.0, 0.2625
surrogate, 48, 48.0, 0.2625
surrogate, 48, 48.0, 0.2625
surrogate, 48, 48.0, 0.2625
surrogate, 48, 48.0, 0.2625
surrogate, 48, 48.0, 0.2625
surrogate, 48, 48.0, 0.2625
surrogate, 48, 48.0, 0.2625
surrogate, 48, 48.0, 0.2625
surrogate, 48, 48.0, 0.2625
surrogate, 48, 48.0, 0.2625
surrogate, 48, 48.0, 0.2625
surrogate, 48, 48.0, 0.2625
surrogate, 48, 48.0, 0.2625
surrogate, 48, 48.0, 0.2625
surrogate, 48, 48.0, 0.2625
surrogate, 48, 48.0, 0.2625
surrogate, 48, 48.0, 0.2625
surrogate, 48, 48.0, 0.2625
surrogate, 48, 48.0, 0.2625
surrogate, 48, 48.0, 0.2625
surrogate, 48, 48.0, 0.2625
surrogate, 48, 48.0, 0.2625
surrogate, 48, 48.0, 0.2625
surrogate, 48, 47.0, 0.25
surrogate, 48, 47.0, 0.25
surrogate, 48, 47.0, 0.25
surrogate, 48, 47.0, 0.25
surrogate, 48, 47.0, 0.25
surrogate, 48, 47.0, 0.25
surrogate, 48, 47.0, 0.25
surrogate, 48, 47.0, 0.25
surrogate, 48, 47.0, 0.25
surrogate, 48, 47.0, 0.25
surrogate, 48, 47.0, 0.25
surrogate, 48, 47.0, 0.25
surrogate, 48, 47.0, 0.25
surrogate, 48, 47.0, 0.25
surrogate, 48, 47.0, 0.25
surrogate, 48, 47.0, 0.25
surrogate, 48, 47.0, 0.25
surrogate, 48, 47.0, 0.25
surrogate, 48, 47.0, 0.25
surrogate, 48, 47.0, 0.25
surrogate, 48, 47.0, 0.25
surrogate, 48, 47.0, 0.25
surrogate, 48, 47.0, 0.25
surrogate, 48, 47.0, 0.25
surrogate, 48, 47.0, 0.25
surrogate, 48, 47.0, 0.25
surrogate, 48, 47.0, 0.25
surrogate, 48, 47.0, 0.25
surrogate, 48, 47.0, 0.25
surrogate, 48, 47.0, 0.25
surrogate, 48, 47.0, 0.25
surrogate, 48, 47.0, 0.25
surrogate, 48, 47.0, 0.25
surrogate, 48, 47.0, 0.25
surrogate, 48, 47.0, 0.25
surrogate, 48, 47.0, 0.25
surrogate, 48, 47.0, 0.25
surrogate, 48, 47.0, 0.25
surrogate, 48, 47.0, 0.25
surrogate, 48, 47.0, 0.25
surrogate, 48, 47.0, 0.25
surrogate, 49, 49.0, 0.2875
surrogate, 49, 49.0, 0.2875
surrogate, 49, 49.0, 0.2875
surrogate, 49, 49.0, 0.2875
surrogate, 49, 49.0, 0.2875
surrogate, 49, 49.0, 0.2875
surrogate, 49, 49.0, 0.2875
surrogate, 49, 49.0, 0.2875
surrogate, 49, 49.0, 0.2875
surrogate, 49, 49.0, 0.2875
surrogate, 49, 49.0, 0.2875
surrogate, 49, 49.0, 0.2875
surrogate, 49, 49.0, 0.2875
surrogate, 49, 49.0, 0.2875
surrogate, 49, 49.0, 0.2875
surrogate, 49, 49.0, 0.2875
surrogate, 49, 49.0, 0.2875
surrogate, 49, 49.0, 0.2875
surrogate, 49, 49.0, 0.2875
surrogate, 49, 49.0, 0.2875
surrogate, 49, 49.0, 0.2875
surrogate, 49, 49.0, 0.2875
surrogate, 49, 49.0, 0.2875
surrogate, 49, 49.0, 0.2875
surrogate, 49, 49.0, 0.2875
surrogate, 49, 49.0, 0.2875
surrogate, 49, 49.0, 0.2875
surrogate, 49, 49.0, 0.2875
surrogate, 49, 49.0, 0.2875
surrogate, 49, 48.0, 0.2625
surrogate, 49, 48.0, 0.2625
surrogate, 49, 48.0, 0.2625
surrogate, 49, 48.0, 0.2625
surrogate, 49, 48.0, 0.2625
surrogate, 49, 48.0, 0.2625
surrogate, 49, 48.0, 0.2625
surrogate, 49, 48.0, 0.2625
surrogate, 49, 48.0, 0.2625
surrogate, 49, 48.0, 0.2625
surrogate, 49, 48.0, 0.2625
surrogate, 49, 48.0, 0.2625
surrogate, 49, 48.0, 0.2625
surrogate, 49, 48.0, 0.2625
surrogate, 49, 48.0, 0.2625
surrogate, 49, 48.0, 0.2625
surrogate, 49, 48.0, 0.2625
surrogate, 49, 48.0, 0.2625
surrogate, 49, 48.0, 0.2625
surrogate, 49, 48.0, 0.2625
surrogate, 49, 48.0, 0.2625
surrogate, 49, 48.0, 0.2625
surrogate, 49, 48.0, 0.2625
surrogate, 49, 48.0, 0.2625
surrogate, 49, 48.0, 0.2625
surrogate, 49, 48.0, 0.2625
surrogate, 49, 48.0, 0.2625
surrogate, 49, 48.0, 0.2625
surrogate, 49, 48.0, 0.2625
surrogate, 49, 48.0, 0.2625
surrogate, 49, 48.0, 0.2625
surrogate, 49, 48.0, 0.2625
surrogate, 49, 48.0, 0.2625
surrogate, 49, 48.0, 0.2625
surrogate, 49, 48.0, 0.2625
surrogate, 49, 48.0, 0.2625
surrogate, 49, 48.0, 0.2625
surrogate, 49, 47.0, 0.25
surrogate, 49, 47.0, 0.25
surrogate, 49, 47.0, 0.25
surrogate, 49, 47.0, 0.25
surrogate, 49, 47.0, 0.25
surrogate, 49, 47.0, 0.25
surrogate, 49, 47.0, 0.25
surrogate, 49, 47.0, 0.25
surrogate, 49, 47.0, 0.25
surrogate, 49, 47.0, 0.25
surrogate, 49, 47.0, 0.25
surrogate, 49, 47.0, 0.25
surrogate, 49, 47.0, 0.25
surrogate, 49, 47.0, 0.25
surrogate, 49, 47.0, 0.25
surrogate, 49, 47.0, 0.25
surrogate, 49, 47.0, 0.25
surrogate, 49, 47.0, 0.25
surrogate, 49, 47.0, 0.25
surrogate, 49, 47.0, 0.25
surrogate, 49, 47.0, 0.25
surrogate, 49, 47.0, 0.25
surrogate, 49, 47.0, 0.25
surrogate, 49, 47.0, 0.25
surrogate, 49, 47.0, 0.25
surrogate, 49, 47.0, 0.25
surrogate, 49, 47.0, 0.25
surrogate, 49, 47.0, 0.25
surrogate, 49, 47.0, 0.25
surrogate, 49, 47.0, 0.25
surrogate, 49, 47.0, 0.25
surrogate, 49, 47.0, 0.25
surrogate, 49, 47.0, 0.25
surrogate, 49, 47.0, 0.25
surrogate, 49, 47.0, 0.25
surrogate, 49, 47.0, 0.25
surrogate, 49, 47.0, 0.25
surrogate, 49, 47.0, 0.25
surrogate, 49, 47.0, 0.25
surrogate, 49, 47.0, 0.25
surrogate, 49, 47.0, 0.25
surrogate, 49, 47.0, 0.25
surrogate, 50, 49.0, 0.2875
surrogate, 50, 49.0, 0.2875
surrogate, 50, 49.0, 0.2875
surrogate, 50, 49.0, 0.2875
surrogate, 50, 49.0, 0.2875
surrogate, 50, 49.0, 0.2875
surrogate, 50, 49.0, 0.2875
surrogate, 50, 49.0, 0.2875
surrogate, 50, 49.0, 0.2875
surrogate, 50, 49.0, 0.2875
surrogate, 50, 49.0, 0.2875
surrogate, 50, 49.0, 0.2875
surrogate, 50, 49.0, 0.2875
surrogate, 50, 49.0, 0.2875
surrogate, 50, 49.0, 0.2875
surrogate, 50, 49.0, 0.2875
surrogate, 50, 49.0, 0.2875
surrogate, 50, 49.0, 0.2875
surrogate, 50, 49.0, 0.2875
surrogate, 50, 49.0, 0.2875
surrogate, 50, 49.0, 0.2875
surrogate, 50, 49.0, 0.2875
surrogate, 50, 49.0, 0.2875
surrogate, 50, 49.0, 0.2875
surrogate, 50, 49.0, 0.2875
surrogate, 50, 49.0, 0.2875
surrogate, 50, 49.0, 0.2875
surrogate, 50, 49.0, 0.2875
surrogate, 50, 49.0, 0.2875
surrogate, 50, 49.0, 0.2875
surrogate, 50, 48.0, 0.2625
surrogate, 50, 48.0, 0.2625
surrogate, 50, 48.0, 0.2625
surrogate, 50, 48.0, 0.2625
surrogate, 50, 48.0, 0.2625
surrogate, 50, 48.0, 0.2625
surrogate, 50, 48.0, 0.2625
surrogate, 50, 48.0, 0.2625
surrogate, 50, 48.0, 0.2625
surrogate, 50, 48.0, 0.2625
surrogate, 50, 48.0, 0.2625
surrogate, 50, 48.0, 0.2625
surrogate, 50, 48.0, 0.2625
surrogate, 50, 48.0, 0.2625
surrogate, 50, 48.0, 0.2625
surrogate, 50, 48.0, 0.2625
surrogate, 50, 48.0, 0.2625
surrogate, 50, 48.0, 0.2625
surrogate, 50, 48.0, 0.2625
surrogate, 50, 48.0, 0.2625
surrogate, 50, 48.0, 0.2625
surrogate, 50, 48.0, 0.2625
surrogate, 50, 48.0, 0.2625
surrogate, 50, 48.0, 0.2625
surrogate, 50, 48.0, 0.2625
surrogate, 50, 48.0, 0.2625
surrogate, 50, 48.0, 0.2625
surrogate, 50, 48.0, 0.2625
surrogate, 50, 48.0, 0.2625
surrogate, 50, 48.0, 0.2625
surrogate, 50, 48.0, 0.2625
surrogate, 50, 48.0, 0.2625
surrogate, 50, 48.0, 0.2625
surrogate, 50, 48.0, 0.2625
surrogate, 50, 48.0, 0.2625
surrogate, 50, 48.0, 0.2625
surrogate, 50, 48.0, 0.2625
surrogate, 50, 48.0, 0.2625
surrogate, 50, 47.0, 0.25
surrogate, 50, 47.0, 0.25
surrogate, 50, 47.0, 0.25
surrogate, 50, 47.0, 0.25
surrogate, 50, 47.0, 0.25
surrogate, 50, 47.0, 0.25
surrogate, 50, 47.0, 0.25
surrogate, 50, 47.0, 0.25
surrogate, 50, 47.0, 0.25
surrogate, 50, 47.0, 0.25
surrogate, 50, 47.0, 0.25
surrogate, 50, 47.0, 0.25
surrogate, 50, 47.0, 0.25
surrogate, 50, 47.0, 0.25
surrogate, 50, 47.0, 0.25
surrogate, 50, 47.0, 0.25
surrogate, 50, 47.0, 0.25
surrogate, 50, 47.0, 0.25
surrogate, 50, 47.0, 0.25
surrogate, 50, 47.0, 0.25
surrogate, 50, 47.0, 0.25
surrogate, 50, 47.0, 0.25
surrogate, 50, 47.0, 0.25
surrogate, 50, 47.0, 0.25
surrogate, 50, 47.0, 0.25
surrogate, 50, 47.0, 0.25
surrogate, 50, 47.0, 0.25
surrogate, 50, 47.0, 0.25
surrogate, 50, 47.0, 0.25
surrogate, 50, 47.0, 0.25
surrogate, 50, 47.0, 0.25
surrogate, 50, 47.0, 0.25
surrogate, 50, 47.0, 0.25
surrogate, 50, 47.0, 0.25
surrogate, 50, 47.0, 0.25
surrogate, 50, 47.0, 0.25
surrogate, 50, 47.0, 0.25
surrogate, 50, 47.0, 0.25
surrogate, 50, 47.0, 0.25
surrogate, 50, 47.0, 0.25
surrogate, 50, 47.0, 0.25
surrogate, 50, 47.0, 0.25
surrogate, 50, 47.0, 0.25
surrogate, 51, 49.0, 0.2875
surrogate, 51, 49.0, 0.2875
surrogate, 51, 49.0, 0.2875
surrogate, 51, 49.0, 0.2875
surrogate, 51, 49.0, 0.2875
surrogate, 51, 49.0, 0.2875
surrogate, 51, 49.0, 0.2875
surrogate, 51, 49.0, 0.2875
surrogate, 51, 49.0, 0.2875
surrogate, 51, 49.0, 0.2875
surrogate, 51, 49.0, 0.2875
surrogate, 51, 49.0, 0.2875
surrogate, 51, 49.0, 0.2875
surrogate, 51, 49.0, 0.2875
surrogate, 51, 49.0, 0.2875
surrogate, 51, 49.0, 0.2875
surrogate, 51, 49.0, 0.2875
surrogate, 51, 49.0, 0.2875
surrogate, 51, 49.0, 0.2875
surrogate, 51, 49.0, 0.2875
surrogate, 51, 49.0, 0.2875
surrogate, 51, 49.0, 0.2875
surrogate, 51, 49.0, 0.2875
surrogate, 51, 49.0, 0.2875
surrogate, 51, 49.0, 0.2875
surrogate, 51, 49.0, 0.2875
surrogate, 51, 49.0, 0.2875
surrogate, 51, 49.0, 0.2875
surrogate, 51, 49.0, 0.2875
surrogate, 51, 49.0, 0.2875
surrogate, 51, 48.0, 0.2625
surrogate, 51, 48.0, 0.2625
surrogate, 51, 48.0, 0.2625
surrogate, 51, 48.0, 0.2625
surrogate, 51, 48.0, 0.2625
surrogate, 51, 48.0, 0.2625
surrogate, 51, 48.0, 0.2625
surrogate, 51, 48.0, 0.2625
surrogate, 51, 48.0, 0.2625
surrogate, 51, 48.0, 0.2625
surrogate, 51, 48.0, 0.2625
surrogate, 51, 48.0, 0.2625
surrogate, 51, 48.0, 0.2625
surrogate, 51, 48.0, 0.2625
surrogate, 51, 48.0, 0.2625
surrogate, 51, 48.0, 0.2625
surrogate, 51, 48.0, 0.2625
surrogate, 51, 48.0, 0.2625
surrogate, 51, 48.0, 0.2625
surrogate, 51, 48.0, 0.2625
surrogate, 51, 48.0, 0.2625
surrogate, 51, 48.0, 0.2625
surrogate, 51, 48.0, 0.2625
surrogate, 51, 48.0, 0.2625
surrogate, 51, 48.0, 0.2625
surrogate, 51, 48.0, 0.2625
surrogate, 51, 48.0, 0.2625
surrogate, 51, 48.0, 0.2625
surrogate, 51, 48.0, 0.2625
surrogate, 51, 48.0, 0.2625
surrogate, 51, 48.0, 0.2625
surrogate, 51, 48.0, 0.2625
surrogate, 51, 48.0, 0.2625
surrogate, 51, 48.0, 0.2625
surrogate, 51, 48.0, 0.2625
surrogate, 51, 48.0, 0.2625
surrogate, 51, 48.0, 0.2625
surrogate, 51, 48.0, 0.2625
surrogate, 51, 48.0, 0.2625
surrogate, 51, 47.0, 0.25
surrogate, 51, 47.0, 0.25
surrogate, 51, 47.0, 0.25
surrogate, 51, 47.0, 0.25
surrogate, 51, 47.0, 0.25
surrogate, 51, 47.0, 0.25
surrogate, 51, 47.0, 0.25
surrogate, 51, 47.0, 0.25
surrogate, 51, 47.0, 0.25
surrogate, 51, 47.0, 0.25
surrogate, 51, 47.0, 0.25
surrogate, 51, 47.0, 0.25
surrogate, 51, 47.0, 0.25
surrogate, 51, 47.0, 0.25
surrogate, 51, 47.0, 0.25
surrogate, 51, 47.0, 0.25
surrogate, 51, 47.0, 0.25
surrogate, 51, 47.0, 0.25
surrogate, 51, 47.0, 0.25
surrogate, 51, 47.0, 0.25
surrogate, 51, 47.0, 0.25
surrogate, 51, 47.0, 0.25
surrogate, 51, 47.0, 0.25
surrogate, 51, 47.0, 0.25
surrogate, 51, 47.0, 0.25
surrogate, 51, 47.0, 0.25
surrogate, 51, 47.0, 0.25
surrogate, 51, 47.0, 0.25
surrogate, 51, 47.0, 0.25
surrogate, 51, 47.0, 0.25
surrogate, 51, 47.0, 0.25
surrogate, 51, 47.0, 0.25
surrogate, 51, 47.0, 0.25
surrogate, 51, 47.0, 0.25
surrogate, 51, 47.0, 0.25
surrogate, 51, 47.0, 0.25
surrogate, 51, 47.0, 0.25
surrogate, 51, 47.0, 0.25
surrogate, 51, 47.0, 0.25
surrogate, 51, 47.0, 0.25
surrogate, 51, 47.0, 0.25
surrogate, 51, 47.0, 0.25
surrogate, 51, 47.0, 0.25
surrogate, 51, 47.0, 0.25
surrogate, 52, 49.0, 0.2875
surrogate, 52, 49.0, 0.2875
surrogate, 52, 49.0, 0.2875
surrogate, 52, 49.0, 0.2875
surrogate, 52, 49.0, 0.2875
surrogate, 52, 49.0, 0.2875
surrogate, 52, 49.0, 0.2875
surrogate, 52, 49.0, 0.2875
surrogate, 52, 49.0, 0.2875
surrogate, 52, 49.0, 0.2875
surrogate, 52, 49.0, 0.2875
surrogate, 52, 49.0, 0.2875
surrogate, 52, 49.0, 0.2875
surrogate, 52, 49.0, 0.2875
surrogate, 52, 49.0, 0.2875
surrogate, 52, 49.0, 0.2875
surrogate, 52, 49.0, 0.2875
surrogate, 52, 49.0, 0.2875
surrogate, 52, 49.0, 0.2875
surrogate, 52, 49.0, 0.2875
surrogate, 52, 49.0, 0.2875
surrogate, 52, 49.0, 0.2875
surrogate, 52, 49.0, 0.2875
surrogate, 52, 49.0, 0.2875
surrogate, 52, 49.0, 0.2875
surrogate, 52, 49.0, 0.2875
surrogate, 52, 49.0, 0.2875
surrogate, 52, 49.0, 0.2875
surrogate, 52, 49.0, 0.2875
surrogate, 52, 49.0, 0.2875
surrogate, 52, 49.0, 0.2875
surrogate, 52, 48.0, 0.2625
surrogate, 52, 48.0, 0.2625
surrogate, 52, 48.0, 0.2625
surrogate, 52, 48.0, 0.2625
surrogate, 52, 48.0, 0.2625
surrogate, 52, 48.0, 0.2625
surrogate, 52, 48.0, 0.2625
surrogate, 52, 48.0, 0.2625
surrogate, 52, 48.0, 0.2625
surrogate, 52, 48.0, 0.2625
surrogate, 52, 48.0, 0.2625
surrogate, 52, 48.0, 0.2625
surrogate, 52, 48.0, 0.2625
surrogate, 52, 48.0, 0.2625
surrogate, 52, 48.0, 0.2625
surrogate, 52, 48.0, 0.2625
surrogate, 52, 48.0, 0.2625
surrogate, 52, 48.0, 0.2625
surrogate, 52, 48.0, 0.2625
surrogate, 52, 48.0, 0.2625
surrogate, 52, 48.0, 0.2625
surrogate, 52, 48.0, 0.2625
surrogate, 52, 48.0, 0.2625
surrogate, 52, 48.0, 0.2625
surrogate, 52, 48.0, 0.2625
surrogate, 52, 48.0, 0.2625
surrogate, 52, 48.0, 0.2625
surrogate, 52, 48.0, 0.2625
surrogate, 52, 48.0, 0.2625
surrogate, 52, 48.0, 0.2625
surrogate, 52, 48.0, 0.2625
surrogate, 52, 48.0, 0.2625
surrogate, 52, 48.0, 0.2625
surrogate, 52, 48.0, 0.2625
surrogate, 52, 48.0, 0.2625
surrogate, 52, 48.0, 0.2625
surrogate, 52, 48.0, 0.2625
surrogate, 52, 48.0, 0.2625
surrogate, 52, 48.0, 0.2625
surrogate, 52, 48.0, 0.2625
surrogate, 52, 47.0, 0.25
surrogate, 52, 47.0, 0.25
surrogate, 52, 47.0, 0.25
surrogate, 52, 47.0, 0.25
surrogate, 52, 47.0, 0.25
surrogate, 52, 47.0, 0.25
surrogate, 52, 47.0, 0.25
surrogate, 52, 47.0, 0.25
surrogate, 52, 47.0, 0.25
surrogate, 52, 47.0, 0.25
surrogate, 52, 47.0, 0.25
surrogate, 52, 47.0, 0.25
surrogate, 52, 47.0, 0.25
surrogate, 52, 47.0, 0.25
surrogate, 52, 47.0, 0.25
surrogate, 52, 47.0, 0.25
surrogate, 52, 47.0, 0.25
surrogate, 52, 47.0, 0.25
surrogate, 52, 47.0, 0.25
surrogate, 52, 47.0, 0.25
surrogate, 52, 47.0, 0.25
surrogate, 52, 47.0, 0.25
surrogate, 52, 47.0, 0.25
surrogate, 52, 47.0, 0.25
surrogate, 52, 47.0, 0.25
surrogate, 52, 47.0, 0.25
surrogate, 52, 47.0, 0.25
surrogate, 52, 47.0, 0.25
surrogate, 52, 47.0, 0.25
surrogate, 52, 47.0, 0.25
surrogate, 52, 47.0, 0.25
surrogate, 52, 47.0, 0.25
surrogate, 52, 47.0, 0.25
surrogate, 52, 47.0, 0.25
surrogate, 52, 47.0, 0.25
surrogate, 52, 47.0, 0.25
surrogate, 52, 47.0, 0.25
surrogate, 52, 47.0, 0.25
surrogate, 52, 47.0, 0.25
surrogate, 52, 47.0, 0.25
surrogate, 52, 47.0, 0.25
surrogate, 52, 47.0, 0.25
surrogate, 52, 47.0, 0.25
surrogate, 52, 47.0, 0.25
surrogate, 52, 47.0, 0.25
surrogate, 53, 49.0, 0.2875
surrogate, 53, 49.0, 0.2875
surrogate, 53, 49.0, 0.2875
surrogate, 53, 49.0, 0.2875
surrogate, 53, 49.0, 0.2875
surrogate, 53, 49.0, 0.2875
surrogate, 53, 49.0, 0.2875
surrogate, 53, 49.0, 0.2875
surrogate, 53, 49.0, 0.2875
surrogate, 53, 49.0, 0.2875
surrogate, 53, 49.0, 0.2875
surrogate, 53, 49.0, 0.2875
surrogate, 53, 49.0, 0.2875
surrogate, 53, 49.0, 0.2875
surrogate, 53, 49.0, 0.2875
surrogate, 53, 49.0, 0.2875
surrogate, 53, 49.0, 0.2875
surrogate, 53, 49.0, 0.2875
surrogate, 53, 49.0, 0.2875
surrogate, 53, 49.0, 0.2875
surrogate, 53, 49.0, 0.2875
surrogate, 53, 49.0, 0.2875
surrogate, 53, 49.0, 0.2875
surrogate, 53, 49.0, 0.2875
surrogate, 53, 49.0, 0.2875
surrogate, 53, 49.0, 0.2875
surrogate, 53, 49.0, 0.2875
surrogate, 53, 49.0, 0.2875
surrogate, 53, 49.0, 0.2875
surrogate, 53, 49.0, 0.2875
surrogate, 53, 49.0, 0.2875
surrogate, 53, 48.0, 0.2625
surrogate, 53, 48.0, 0.2625
surrogate, 53, 48.0, 0.2625
surrogate, 53, 48.0, 0.2625
surrogate, 53, 48.0, 0.2625
surrogate, 53, 48.0, 0.2625
surrogate, 53, 48.0, 0.2625
surrogate, 53, 48.0, 0.2625
surrogate, 53, 48.0, 0.2625
surrogate, 53, 48.0, 0.2625
surrogate, 53, 48.0, 0.2625
surrogate, 53, 48.0, 0.2625
surrogate, 53, 48.0, 0.2625
surrogate, 53, 48.0, 0.2625
surrogate, 53, 48.0, 0.2625
surrogate, 53, 48.0, 0.2625
surrogate, 53, 48.0, 0.2625
surrogate, 53, 48.0, 0.2625
surrogate, 53, 48.0, 0.2625
surrogate, 53, 48.0, 0.2625
surrogate, 53, 48.0, 0.2625
surrogate, 53, 48.0, 0.2625
surrogate, 53, 48.0, 0.2625
surrogate, 53, 48.0, 0.2625
surrogate, 53, 48.0, 0.2625
surrogate, 53, 48.0, 0.2625
surrogate, 53, 48.0, 0.2625
surrogate, 53, 48.0, 0.2625
surrogate, 53, 48.0, 0.2625
surrogate, 53, 48.0, 0.2625
surrogate, 53, 48.0, 0.2625
surrogate, 53, 48.0, 0.2625
surrogate, 53, 48.0, 0.2625
surrogate, 53, 48.0, 0.2625
surrogate, 53, 48.0, 0.2625
surrogate, 53, 48.0, 0.2625
surrogate, 53, 48.0, 0.2625
surrogate, 53, 48.0, 0.2625
surrogate, 53, 48.0, 0.2625
surrogate, 53, 48.0, 0.2625
surrogate, 53, 48.0, 0.2625
surrogate, 53, 47.0, 0.25
surrogate, 53, 47.0, 0.25
surrogate, 53, 47.0, 0.25
surrogate, 53, 47.0, 0.25
surrogate, 53, 47.0, 0.25
surrogate, 53, 47.0, 0.25
surrogate, 53, 47.0, 0.25
surrogate, 53, 47.0, 0.25
surrogate, 53, 47.0, 0.25
surrogate, 53, 47.0, 0.25
surrogate, 53, 47.0, 0.25
surrogate, 53, 47.0, 0.25
surrogate, 53, 47.0, 0.25
surrogate, 53, 47.0, 0.25
surrogate, 53, 47.0, 0.25
surrogate, 53, 47.0, 0.25
surrogate, 53, 47.0, 0.25
surrogate, 53, 47.0, 0.25
surrogate, 53, 47.0, 0.25
surrogate, 53, 47.0, 0.25
surrogate, 53, 47.0, 0.25
surrogate, 53, 47.0, 0.25
surrogate, 53, 47.0, 0.25
surrogate, 53, 47.0, 0.25
surrogate, 53, 47.0, 0.25
surrogate, 53, 47.0, 0.25
surrogate, 53, 47.0, 0.25
surrogate, 53, 47.0, 0.25
surrogate, 53, 47.0, 0.25
surrogate, 53, 47.0, 0.25
surrogate, 53, 47.0, 0.25
surrogate, 53, 47.0, 0.25
surrogate, 53, 47.0, 0.25
surrogate, 53, 47.0, 0.25
surrogate, 53, 47.0, 0.25
surrogate, 53, 47.0, 0.25
surrogate, 53, 47.0, 0.25
surrogate, 53, 47.0, 0.25
surrogate, 53, 47.0, 0.25
surrogate, 53, 47.0, 0.25
surrogate, 53, 47.0, 0.25
surrogate, 53, 47.0, 0.25
surrogate, 53, 47.0, 0.25
surrogate, 53, 47.0, 0.25
surrogate, 53, 47.0, 0.25
surrogate, 54, 49.0, 0.2875
surrogate, 54, 49.0, 0.2875
surrogate, 54, 49.0, 0.2875
surrogate, 54, 49.0, 0.2875
surrogate, 54, 49.0, 0.2875
surrogate, 54, 49.0, 0.2875
surrogate, 54, 49.0, 0.2875
surrogate, 54, 49.0, 0.2875
surrogate, 54, 49.0, 0.2875
surrogate, 54, 49.0, 0.2875
surrogate, 54, 49.0, 0.2875
surrogate, 54, 49.0, 0.2875
surrogate, 54, 49.0, 0.2875
surrogate, 54, 49.0, 0.2875
surrogate, 54, 49.0, 0.2875
surrogate, 54, 49.0, 0.2875
surrogate, 54, 49.0, 0.2875
surrogate, 54, 49.0, 0.2875
surrogate, 54, 49.0, 0.2875
surrogate, 54, 49.0, 0.2875
surrogate, 54, 49.0, 0.2875
surrogate, 54, 49.0, 0.2875
surrogate, 54, 49.0, 0.2875
surrogate, 54, 49.0, 0.2875
surrogate, 54, 49.0, 0.2875
surrogate, 54, 49.0, 0.2875
surrogate, 54, 49.0, 0.2875
surrogate, 54, 49.0, 0.2875
surrogate, 54, 49.0, 0.2875
surrogate, 54, 49.0, 0.2875
surrogate, 54, 49.0, 0.2875
surrogate, 54, 49.0, 0.2875
surrogate, 54, 48.0, 0.2625
surrogate, 54, 48.0, 0.2625
surrogate, 54, 48.0, 0.2625
surrogate, 54, 48.0, 0.2625
surrogate, 54, 48.0, 0.2625
surrogate, 54, 48.0, 0.2625
surrogate, 54, 48.0, 0.2625
surrogate, 54, 48.0, 0.2625
surrogate, 54, 48.0, 0.2625
surrogate, 54, 48.0, 0.2625
surrogate, 54, 48.0, 0.2625
surrogate, 54, 48.0, 0.2625
surrogate, 54, 48.0, 0.2625
surrogate, 54, 48.0, 0.2625
surrogate, 54, 48.0, 0.2625
surrogate, 54, 48.0, 0.2625
surrogate, 54, 48.0, 0.2625
surrogate, 54, 48.0, 0.2625
surrogate, 54, 48.0, 0.2625
surrogate, 54, 48.0, 0.2625
surrogate, 54, 48.0, 0.2625
surrogate, 54, 48.0, 0.2625
surrogate, 54, 48.0, 0.2625
surrogate, 54, 48.0, 0.2625
surrogate, 54, 48.0, 0.2625
surrogate, 54, 48.0, 0.2625
surrogate, 54, 48.0, 0.2625
surrogate, 54, 48.0, 0.2625
surrogate, 54, 48.0, 0.2625
surrogate, 54, 48.0, 0.2625
surrogate, 54, 48.0, 0.2625
surrogate, 54, 48.0, 0.2625
surrogate, 54, 48.0, 0.2625
surrogate, 54, 48.0, 0.2625
surrogate, 54, 48.0, 0.2625
surrogate, 54, 48.0, 0.2625
surrogate, 54, 48.0, 0.2625
surrogate, 54, 48.0, 0.2625
surrogate, 54, 48.0, 0.2625
surrogate, 54, 48.0, 0.2625
surrogate, 54, 48.0, 0.2625
surrogate, 54, 48.0, 0.2625
surrogate, 54, 47.0, 0.25
surrogate, 54, 47.0, 0.25
surrogate, 54, 47.0, 0.25
surrogate, 54, 47.0, 0.25
surrogate, 54, 47.0, 0.25
surrogate, 54, 47.0, 0.25
surrogate, 54, 47.0, 0.25
surrogate, 54, 47.0, 0.25
surrogate, 54, 47.0, 0.25
surrogate, 54, 47.0, 0.25
surrogate, 54, 47.0, 0.25
surrogate, 54, 47.0, 0.25
surrogate, 54, 47.0, 0.25
surrogate, 54, 47.0, 0.25
surrogate, 54, 47.0, 0.25
surrogate, 54, 47.0, 0.25
surrogate, 54, 47.0, 0.25
surrogate, 54, 47.0, 0.25
surrogate, 54, 47.0, 0.25
surrogate, 54, 47.0, 0.25
surrogate, 54, 47.0, 0.25
surrogate, 54, 47.0, 0.25
surrogate, 54, 47.0, 0.25
surrogate, 54, 47.0, 0.25
surrogate, 54, 47.0, 0.25
surrogate, 54, 47.0, 0.25
surrogate, 54, 47.0, 0.25
surrogate, 54, 47.0, 0.25
surrogate, 54, 47.0, 0.25
surrogate, 54, 47.0, 0.25
surrogate, 54, 47.0, 0.25
surrogate, 54, 47.0, 0.25
surrogate, 54, 47.0, 0.25
surrogate, 54, 47.0, 0.25
surrogate, 54, 47.0, 0.25
surrogate, 54, 47.0, 0.25
surrogate, 54, 47.0, 0.25
surrogate, 54, 47.0, 0.25
surrogate, 54, 47.0, 0.25
surrogate, 54, 47.0, 0.25
surrogate, 54, 47.0, 0.25
surrogate, 54, 47.0, 0.25
surrogate, 54, 47.0, 0.25
surrogate, 54, 47.0, 0.25
surrogate, 54, 47.0, 0.25
surrogate, 54, 47.0, 0.25
surrogate, 55, 49.0, 0.2875
surrogate, 55, 49.0, 0.2875
surrogate, 55, 49.0, 0.2875
surrogate, 55, 49.0, 0.2875
surrogate, 55, 49.0, 0.2875
surrogate, 55, 49.0, 0.2875
surrogate, 55, 49.0, 0.2875
surrogate, 55, 49.0, 0.2875
surrogate, 55, 49.0, 0.2875
surrogate, 55, 49.0, 0.2875
surrogate, 55, 49.0, 0.2875
surrogate, 55, 49.0, 0.2875
surrogate, 55, 49.0, 0.2875
surrogate, 55, 49.0, 0.2875
surrogate, 55, 49.0, 0.2875
surrogate, 55, 49.0, 0.2875
surrogate, 55, 49.0, 0.2875
surrogate, 55, 49.0, 0.2875
surrogate, 55, 49.0, 0.2875
surrogate, 55, 49.0, 0.2875
surrogate, 55, 49.0, 0.2875
surrogate, 55, 49.0, 0.2875
surrogate, 55, 49.0, 0.2875
surrogate, 55, 49.0, 0.2875
surrogate, 55, 49.0, 0.2875
surrogate, 55, 49.0, 0.2875
surrogate, 55, 49.0, 0.2875
surrogate, 55, 49.0, 0.2875
surrogate, 55, 49.0, 0.2875
surrogate, 55, 49.0, 0.2875
surrogate, 55, 49.0, 0.2875
surrogate, 55, 49.0, 0.2875
surrogate, 55, 49.0, 0.2875
surrogate, 55, 48.0, 0.2625
surrogate, 55, 48.0, 0.2625
surrogate, 55, 48.0, 0.2625
surrogate, 55, 48.0, 0.2625
surrogate, 55, 48.0, 0.2625
surrogate, 55, 48.0, 0.2625
surrogate, 55, 48.0, 0.2625
surrogate, 55, 48.0, 0.2625
surrogate, 55, 48.0, 0.2625
surrogate, 55, 48.0, 0.2625
surrogate, 55, 48.0, 0.2625
surrogate, 55, 48.0, 0.2625
surrogate, 55, 48.0, 0.2625
surrogate, 55, 48.0, 0.2625
surrogate, 55, 48.0, 0.2625
surrogate, 55, 48.0, 0.2625
surrogate, 55, 48.0, 0.2625
surrogate, 55, 48.0, 0.2625
surrogate, 55, 48.0, 0.2625
surrogate, 55, 48.0, 0.2625
surrogate, 55, 48.0, 0.2625
surrogate, 55, 48.0, 0.2625
surrogate, 55, 48.0, 0.2625
surrogate, 55, 48.0, 0.2625
surrogate, 55, 48.0, 0.2625
surrogate, 55, 48.0, 0.2625
surrogate, 55, 48.0, 0.2625
surrogate, 55, 48.0, 0.2625
surrogate, 55, 48.0, 0.2625
surrogate, 55, 48.0, 0.2625
surrogate, 55, 48.0, 0.2625
surrogate, 55, 48.0, 0.2625
surrogate, 55, 48.0, 0.2625
surrogate, 55, 48.0, 0.2625
surrogate, 55, 48.0, 0.2625
surrogate, 55, 48.0, 0.2625
surrogate, 55, 48.0, 0.2625
surrogate, 55, 48.0, 0.2625
surrogate, 55, 48.0, 0.2625
surrogate, 55, 48.0, 0.2625
surrogate, 55, 48.0, 0.2625
surrogate, 55, 48.0, 0.2625
surrogate, 55, 47.0, 0.25
surrogate, 55, 47.0, 0.25
surrogate, 55, 47.0, 0.25
surrogate, 55, 47.0, 0.25
surrogate, 55, 47.0, 0.25
surrogate, 55, 47.0, 0.25
surrogate, 55, 47.0, 0.25
surrogate, 55, 47.0, 0.25
surrogate, 55, 47.0, 0.25
surrogate, 55, 47.0, 0.25
surrogate, 55, 47.0, 0.25
surrogate, 55, 47.0, 0.25
surrogate, 55, 47.0, 0.25
surrogate, 55, 47.0, 0.25
surrogate, 55, 47.0, 0.25
surrogate, 55, 47.0, 0.25
surrogate, 55, 47.0, 0.25
surrogate, 55, 47.0, 0.25
surrogate, 55, 47.0, 0.25
surrogate, 55, 47.0, 0.25
surrogate, 55, 47.0, 0.25
surrogate, 55, 47.0, 0.25
surrogate, 55, 47.0, 0.25
surrogate, 55, 47.0, 0.25
surrogate, 55, 47.0, 0.25
surrogate, 55, 47.0, 0.25
surrogate, 55, 47.0, 0.25
surrogate, 55, 47.0, 0.25
surrogate, 55, 47.0, 0.25
surrogate, 55, 47.0, 0.25
surrogate, 55, 47.0, 0.25
surrogate, 55, 47.0, 0.25
surrogate, 55, 47.0, 0.25
surrogate, 55, 47.0, 0.25
surrogate, 55, 47.0, 0.25
surrogate, 55, 47.0, 0.25
surrogate, 55, 47.0, 0.25
surrogate, 55, 47.0, 0.25
surrogate, 55, 47.0, 0.25
surrogate, 55, 47.0, 0.25
surrogate, 55, 47.0, 0.25
surrogate, 55, 47.0, 0.25
surrogate, 55, 47.0, 0.25
surrogate, 55, 47.0, 0.25
surrogate, 55, 47.0, 0.25
surrogate, 55, 47.0, 0.25
surrogate, 55, 47.0, 0.25
surrogate, 56, 49.0, 0.2875
surrogate, 56, 49.0, 0.2875
surrogate, 56, 49.0, 0.2875
surrogate, 56, 49.0, 0.2875
surrogate, 56, 49.0, 0.2875
surrogate, 56, 49.0, 0.2875
surrogate, 56, 49.0, 0.2875
surrogate, 56, 49.0, 0.2875
surrogate, 56, 49.0, 0.2875
surrogate, 56, 49.0, 0.2875
surrogate, 56, 49.0, 0.2875
surrogate, 56, 49.0, 0.2875
surrogate, 56, 49.0, 0.2875
surrogate, 56, 49.0, 0.2875
surrogate, 56, 49.0, 0.2875
surrogate, 56, 49.0, 0.2875
surrogate, 56, 49.0, 0.2875
surrogate, 56, 49.0, 0.2875
surrogate, 56, 49.0, 0.2875
surrogate, 56, 49.0, 0.2875
surrogate, 56, 49.0, 0.2875
surrogate, 56, 49.0, 0.2875
surrogate, 56, 49.0, 0.2875
surrogate, 56, 49.0, 0.2875
surrogate, 56, 49.0, 0.2875
surrogate, 56, 49.0, 0.2875
surrogate, 56, 49.0, 0.2875
surrogate, 56, 49.0, 0.2875
surrogate, 56, 49.0, 0.2875
surrogate, 56, 49.0, 0.2875
surrogate, 56, 49.0, 0.2875
surrogate, 56, 49.0, 0.2875
surrogate, 56, 49.0, 0.2875
surrogate, 56, 49.0, 0.2875
surrogate, 56, 48.0, 0.2625
surrogate, 56, 48.0, 0.2625
surrogate, 56, 48.0, 0.2625
surrogate, 56, 48.0, 0.2625
surrogate, 56, 48.0, 0.2625
surrogate, 56, 48.0, 0.2625
surrogate, 56, 48.0, 0.2625
surrogate, 56, 48.0, 0.2625
surrogate, 56, 48.0, 0.2625
surrogate, 56, 48.0, 0.2625
surrogate, 56, 48.0, 0.2625
surrogate, 56, 48.0, 0.2625
surrogate, 56, 48.0, 0.2625
surrogate, 56, 48.0, 0.2625
surrogate, 56, 48.0, 0.2625
surrogate, 56, 48.0, 0.2625
surrogate, 56, 48.0, 0.2625
surrogate, 56, 48.0, 0.2625
surrogate, 56, 48.0, 0.2625
surrogate, 56, 48.0, 0.2625
surrogate, 56, 48.0, 0.2625
surrogate, 56, 48.0, 0.2625
surrogate, 56, 48.0, 0.2625
surrogate, 56, 48.0, 0.2625
surrogate, 56, 48.0, 0.2625
surrogate, 56, 48.0, 0.2625
surrogate, 56, 48.0, 0.2625
surrogate, 56, 48.0, 0.2625
surrogate, 56, 48.0, 0.2625
surrogate, 56, 48.0, 0.2625
surrogate, 56, 48.0, 0.2625
surrogate, 56, 48.0, 0.2625
surrogate, 56, 48.0, 0.2625
surrogate, 56, 48.0, 0.2625
surrogate, 56, 48.0, 0.2625
surrogate, 56, 48.0, 0.2625
surrogate, 56, 48.0, 0.2625
surrogate, 56, 48.0, 0.2625
surrogate, 56, 48.0, 0.2625
surrogate, 56, 48.0, 0.2625
surrogate, 56, 48.0, 0.2625
surrogate, 56, 48.0, 0.2625
surrogate, 56, 48.0, 0.2625
surrogate, 56, 47.0, 0.25
surrogate, 56, 47.0, 0.25
surrogate, 56, 47.0, 0.25
surrogate, 56, 47.0, 0.25
surrogate, 56, 47.0, 0.25
surrogate, 56, 47.0, 0.25
surrogate, 56, 47.0, 0.25
surrogate, 56, 47.0, 0.25
surrogate, 56, 47.0, 0.25
surrogate, 56, 47.0, 0.25
surrogate, 56, 47.0, 0.25
surrogate, 56, 47.0, 0.25
surrogate, 56, 47.0, 0.25
surrogate, 56, 47.0, 0.25
surrogate, 56, 47.0, 0.25
surrogate, 56, 47.0, 0.25
surrogate, 56, 47.0, 0.25
surrogate, 56, 47.0, 0.25
surrogate, 56, 47.0, 0.25
surrogate, 56, 47.0, 0.25
surrogate, 56, 47.0, 0.25
surrogate, 56, 47.0, 0.25
surrogate, 56, 47.0, 0.25
surrogate, 56, 47.0, 0.25
surrogate, 56, 47.0, 0.25
surrogate, 56, 47.0, 0.25
surrogate, 56, 47.0, 0.25
surrogate, 56, 47.0, 0.25
surrogate, 56, 47.0, 0.25
surrogate, 56, 47.0, 0.25
surrogate, 56, 47.0, 0.25
surrogate, 56, 47.0, 0.25
surrogate, 56, 47.0, 0.25
surrogate, 56, 47.0, 0.25
surrogate, 56, 47.0, 0.25
surrogate, 56, 47.0, 0.25
surrogate, 56, 47.0, 0.25
surrogate, 56, 47.0, 0.25
surrogate, 56, 47.0, 0.25
surrogate, 56, 47.0, 0.25
surrogate, 56, 47.0, 0.25
surrogate, 56, 47.0, 0.25
surrogate, 56, 47.0, 0.25
surrogate, 56, 47.0, 0.25
surrogate, 56, 47.0, 0.25
surrogate, 56, 47.0, 0.25
surrogate, 56, 47.0, 0.25
surrogate, 56, 47.0, 0.25
surrogate, 57, 49.0, 0.2875
surrogate, 57, 49.0, 0.2875
surrogate, 57, 49.0, 0.2875
surrogate, 57, 49.0, 0.2875
surrogate, 57, 49.0, 0.2875
surrogate, 57, 49.0, 0.2875
surrogate, 57, 49.0, 0.2875
surrogate, 57, 49.0, 0.2875
surrogate, 57, 49.0, 0.2875
surrogate, 57, 49.0, 0.2875
surrogate, 57, 49.0, 0.2875
surrogate, 57, 49.0, 0.2875
surrogate, 57, 49.0, 0.2875
surrogate, 57, 49.0, 0.2875
surrogate, 57, 49.0, 0.2875
surrogate, 57, 49.0, 0.2875
surrogate, 57, 49.0, 0.2875
surrogate, 57, 49.0, 0.2875
surrogate, 57, 49.0, 0.2875
surrogate, 57, 49.0, 0.2875
surrogate, 57, 49.0, 0.2875
surrogate, 57, 49.0, 0.2875
surrogate, 57, 49.0, 0.2875
surrogate, 57, 49.0, 0.2875
surrogate, 57, 49.0, 0.2875
surrogate, 57, 49.0, 0.2875
surrogate, 57, 49.0, 0.2875
surrogate, 57, 49.0, 0.2875
surrogate, 57, 49.0, 0.2875
surrogate, 57, 49.0, 0.2875
surrogate, 57, 49.0, 0.2875
surrogate, 57, 49.0, 0.2875
surrogate, 57, 49.0, 0.2875
surrogate, 57, 49.0, 0.2875
surrogate, 57, 49.0, 0.2875
surrogate, 57, 48.0, 0.2625
surrogate, 57, 48.0, 0.2625
surrogate, 57, 48.0, 0.2625
surrogate, 57, 48.0, 0.2625
surrogate, 57, 48.0, 0.2625
surrogate, 57, 48.0, 0.2625
surrogate, 57, 48.0, 0.2625
surrogate, 57, 48.0, 0.2625
surrogate, 57, 48.0, 0.2625
surrogate, 57, 48.0, 0.2625
surrogate, 57, 48.0, 0.2625
surrogate, 57, 48.0, 0.2625
surrogate, 57, 48.0, 0.2625
surrogate, 57, 48.0, 0.2625
surrogate, 57, 48.0, 0.2625
surrogate, 57, 48.0, 0.2625
surrogate, 57, 48.0, 0.2625
surrogate, 57, 48.0, 0.2625
surrogate, 57, 48.0, 0.2625
surrogate, 57, 48.0, 0.2625
surrogate, 57, 48.0, 0.2625
surrogate, 57, 48.0, 0.2625
surrogate, 57, 48.0, 0.2625
surrogate, 57, 48.0, 0.2625
surrogate, 57, 48.0, 0.2625
surrogate, 57, 48.0, 0.2625
surrogate, 57, 48.0, 0.2625
surrogate, 57, 48.0, 0.2625
surrogate, 57, 48.0, 0.2625
surrogate, 57, 48.0, 0.2625
surrogate, 57, 48.0, 0.2625
surrogate, 57, 48.0, 0.2625
surrogate, 57, 48.0, 0.2625
surrogate, 57, 48.0, 0.2625
surrogate, 57, 48.0, 0.2625
surrogate, 57, 48.0, 0.2625
surrogate, 57, 48.0, 0.2625
surrogate, 57, 48.0, 0.2625
surrogate, 57, 48.0, 0.2625
surrogate, 57, 48.0, 0.2625
surrogate, 57, 48.0, 0.2625
surrogate, 57, 48.0, 0.2625
surrogate, 57, 48.0, 0.2625
surrogate, 57, 48.0, 0.2625
surrogate, 57, 47.0, 0.25
surrogate, 57, 47.0, 0.25
surrogate, 57, 47.0, 0.25
surrogate, 57, 47.0, 0.25
surrogate, 57, 47.0, 0.25
surrogate, 57, 47.0, 0.25
surrogate, 57, 47.0, 0.25
surrogate, 57, 47.0, 0.25
surrogate, 57, 47.0, 0.25
surrogate, 57, 47.0, 0.25
surrogate, 57, 47.0, 0.25
surrogate, 57, 47.0, 0.25
surrogate, 57, 47.0, 0.25
surrogate, 57, 47.0, 0.25
surrogate, 57, 47.0, 0.25
surrogate, 57, 47.0, 0.25
surrogate, 57, 47.0, 0.25
surrogate, 57, 47.0, 0.25
surrogate, 57, 47.0, 0.25
surrogate, 57, 47.0, 0.25
surrogate, 57, 47.0, 0.25
surrogate, 57, 47.0, 0.25
surrogate, 57, 47.0, 0.25
surrogate, 57, 47.0, 0.25
surrogate, 57, 47.0, 0.25
surrogate, 57, 47.0, 0.25
surrogate, 57, 47.0, 0.25
surrogate, 57, 47.0, 0.25
surrogate, 57, 47.0, 0.25
surrogate, 57, 47.0, 0.25
surrogate, 57, 47.0, 0.25
surrogate, 57, 47.0, 0.25
surrogate, 57, 47.0, 0.25
surrogate, 57, 47.0, 0.25
surrogate, 57, 47.0, 0.25
surrogate, 57, 47.0, 0.25
surrogate, 57, 47.0, 0.25
surrogate, 57, 47.0, 0.25
surrogate, 57, 47.0, 0.25
surrogate, 57, 47.0, 0.25
surrogate, 57, 47.0, 0.25
surrogate, 57, 47.0, 0.25
surrogate, 57, 47.0, 0.25
surrogate, 57, 47.0, 0.25
surrogate, 57, 47.0, 0.25
surrogate, 57, 47.0, 0.25
surrogate, 57, 47.0, 0.25
surrogate, 57, 47.0, 0.25
surrogate, 57, 47.0, 0.25
surrogate, 58, 49.0, 0.2875
surrogate, 58, 49.0, 0.2875
surrogate, 58, 49.0, 0.2875
surrogate, 58, 49.0, 0.2875
surrogate, 58, 49.0, 0.2875
surrogate, 58, 49.0, 0.2875
surrogate, 58, 49.0, 0.2875
surrogate, 58, 49.0, 0.2875
surrogate, 58, 49.0, 0.2875
surrogate, 58, 49.0, 0.2875
surrogate, 58, 49.0, 0.2875
surrogate, 58, 49.0, 0.2875
surrogate, 58, 49.0, 0.2875
surrogate, 58, 49.0, 0.2875
surrogate, 58, 49.0, 0.2875
surrogate, 58, 49.0, 0.2875
surrogate, 58, 49.0, 0.2875
surrogate, 58, 49.0, 0.2875
surrogate, 58, 49.0, 0.2875
surrogate, 58, 49.0, 0.2875
surrogate, 58, 49.0, 0.2875
surrogate, 58, 49.0, 0.2875
surrogate, 58, 49.0, 0.2875
surrogate, 58, 49.0, 0.2875
surrogate, 58, 49.0, 0.2875
surrogate, 58, 49.0, 0.2875
surrogate, 58, 49.0, 0.2875
surrogate, 58, 49.0, 0.2875
surrogate, 58, 49.0, 0.2875
surrogate, 58, 49.0, 0.2875
surrogate, 58, 49.0, 0.2875
surrogate, 58, 49.0, 0.2875
surrogate, 58, 49.0, 0.2875
surrogate, 58, 49.0, 0.2875
surrogate, 58, 49.0, 0.2875
surrogate, 58, 49.0, 0.2875
surrogate, 58, 48.0, 0.2625
surrogate, 58, 48.0, 0.2625
surrogate, 58, 48.0, 0.2625
surrogate, 58, 48.0, 0.2625
surrogate, 58, 48.0, 0.2625
surrogate, 58, 48.0, 0.2625
surrogate, 58, 48.0, 0.2625
surrogate, 58, 48.0, 0.2625
surrogate, 58, 48.0, 0.2625
surrogate, 58, 48.0, 0.2625
surrogate, 58, 48.0, 0.2625
surrogate, 58, 48.0, 0.2625
surrogate, 58, 48.0, 0.2625
surrogate, 58, 48.0, 0.2625
surrogate, 58, 48.0, 0.2625
surrogate, 58, 48.0, 0.2625
surrogate, 58, 48.0, 0.2625
surrogate, 58, 48.0, 0.2625
surrogate, 58, 48.0, 0.2625
surrogate, 58, 48.0, 0.2625
surrogate, 58, 48.0, 0.2625
surrogate, 58, 48.0, 0.2625
surrogate, 58, 48.0, 0.2625
surrogate, 58, 48.0, 0.2625
surrogate, 58, 48.0, 0.2625
surrogate, 58, 48.0, 0.2625
surrogate, 58, 48.0, 0.2625
surrogate, 58, 48.0, 0.2625
surrogate, 58, 48.0, 0.2625
surrogate, 58, 48.0, 0.2625
surrogate, 58, 48.0, 0.2625
surrogate, 58, 48.0, 0.2625
surrogate, 58, 48.0, 0.2625
surrogate, 58, 48.0, 0.2625
surrogate, 58, 48.0, 0.2625
surrogate, 58, 48.0, 0.2625
surrogate, 58, 48.0, 0.2625
surrogate, 58, 48.0, 0.2625
surrogate, 58, 48.0, 0.2625
surrogate, 58, 48.0, 0.2625
surrogate, 58, 48.0, 0.2625
surrogate, 58, 48.0, 0.2625
surrogate, 58, 48.0, 0.2625
surrogate, 58, 48.0, 0.2625
surrogate, 58, 47.0, 0.25
surrogate, 58, 47.0, 0.25
surrogate, 58, 47.0, 0.25
surrogate, 58, 47.0, 0.25
surrogate, 58, 47.0, 0.25
surrogate, 58, 47.0, 0.25
surrogate, 58, 47.0, 0.25
surrogate, 58, 47.0, 0.25
surrogate, 58, 47.0, 0.25
surrogate, 58, 47.0, 0.25
surrogate, 58, 47.0, 0.25
surrogate, 58, 47.0, 0.25
surrogate, 58, 47.0, 0.25
surrogate, 58, 47.0, 0.25
surrogate, 58, 47.0, 0.25
surrogate, 58, 47.0, 0.25
surrogate, 58, 47.0, 0.25
surrogate, 58, 47.0, 0.25
surrogate, 58, 47.0, 0.25
surrogate, 58, 47.0, 0.25
surrogate, 58, 47.0, 0.25
surrogate, 58, 47.0, 0.25
surrogate, 58, 47.0, 0.25
surrogate, 58, 47.0, 0.25
surrogate, 58, 47.0, 0.25
surrogate, 58, 47.0, 0.25
surrogate, 58, 47.0, 0.25
surrogate, 58, 47.0, 0.25
surrogate, 58, 47.0, 0.25
surrogate, 58, 47.0, 0.25
surrogate, 58, 47.0, 0.25
surrogate, 58, 47.0, 0.25
surrogate, 58, 47.0, 0.25
surrogate, 58, 47.0, 0.25
surrogate, 58, 47.0, 0.25
surrogate, 58, 47.0, 0.25
surrogate, 58, 47.0, 0.25
surrogate, 58, 47.0, 0.25
surrogate, 58, 47.0, 0.25
surrogate, 58, 47.0, 0.25
surrogate, 58, 47.0, 0.25
surrogate, 58, 47.0, 0.25
surrogate, 58, 47.0, 0.25
surrogate, 58, 47.0, 0.25
surrogate, 58, 47.0, 0.25
surrogate, 58, 47.0, 0.25
surrogate, 58, 47.0, 0.25
surrogate, 58, 47.0, 0.25
surrogate, 58, 47.0, 0.25
surrogate, 58, 47.0, 0.25
surrogate, 59, 49.0, 0.2875
surrogate, 59, 49.0, 0.2875
surrogate, 59, 49.0, 0.2875
surrogate, 59, 49.0, 0.2875
surrogate, 59, 49.0, 0.2875
surrogate, 59, 49.0, 0.2875
surrogate, 59, 49.0, 0.2875
surrogate, 59, 49.0, 0.2875
surrogate, 59, 49.0, 0.2875
surrogate, 59, 49.0, 0.2875
surrogate, 59, 49.0, 0.2875
surrogate, 59, 49.0, 0.2875
surrogate, 59, 49.0, 0.2875
surrogate, 59, 49.0, 0.2875
surrogate, 59, 49.0, 0.2875
surrogate, 59, 49.0, 0.2875
surrogate, 59, 49.0, 0.2875
surrogate, 59, 49.0, 0.2875
surrogate, 59, 49.0, 0.2875
surrogate, 59, 49.0, 0.2875
surrogate, 59, 49.0, 0.2875
surrogate, 59, 49.0, 0.2875
surrogate, 59, 49.0, 0.2875
surrogate, 59, 49.0, 0.2875
surrogate, 59, 49.0, 0.2875
surrogate, 59, 49.0, 0.2875
surrogate, 59, 49.0, 0.2875
surrogate, 59, 49.0, 0.2875
surrogate, 59, 49.0, 0.2875
surrogate, 59, 49.0, 0.2875
surrogate, 59, 49.0, 0.2875
surrogate, 59, 49.0, 0.2875
surrogate, 59, 49.0, 0.2875
surrogate, 59, 49.0, 0.2875
surrogate, 59, 49.0, 0.2875
surrogate, 59, 49.0, 0.2875
surrogate, 59, 48.0, 0.2625
surrogate, 59, 48.0, 0.2625
surrogate, 59, 48.0, 0.2625
surrogate, 59, 48.0, 0.2625
surrogate, 59, 48.0, 0.2625
surrogate, 59, 48.0, 0.2625
surrogate, 59, 48.0, 0.2625
surrogate, 59, 48.0, 0.2625
surrogate, 59, 48.0, 0.2625
surrogate, 59, 48.0, 0.2625
surrogate, 59, 48.0, 0.2625
surrogate, 59, 48.0, 0.2625
surrogate, 59, 48.0, 0.2625
surrogate, 59, 48.0, 0.2625
surrogate, 59, 48.0, 0.2625
surrogate, 59, 48.0, 0.2625
surrogate, 59, 48.0, 0.2625
surrogate, 59, 48.0, 0.2625
surrogate, 59, 48.0, 0.2625
surrogate, 59, 48.0, 0.2625
surrogate, 59, 48.0, 0.2625
surrogate, 59, 48.0, 0.2625
surrogate, 59, 48.0, 0.2625
surrogate, 59, 48.0, 0.2625
surrogate, 59, 48.0, 0.2625
surrogate, 59, 48.0, 0.2625
surrogate, 59, 48.0, 0.2625
surrogate, 59, 48.0, 0.2625
surrogate, 59, 48.0, 0.2625
surrogate, 59, 48.0, 0.2625
surrogate, 59, 48.0, 0.2625
surrogate, 59, 48.0, 0.2625
surrogate, 59, 48.0, 0.2625
surrogate, 59, 48.0, 0.2625
surrogate, 59, 48.0, 0.2625
surrogate, 59, 48.0, 0.2625
surrogate, 59, 48.0, 0.2625
surrogate, 59, 48.0, 0.2625
surrogate, 59, 48.0, 0.2625
surrogate, 59, 48.0, 0.2625
surrogate, 59, 48.0, 0.2625
surrogate, 59, 48.0, 0.2625
surrogate, 59, 48.0, 0.2625
surrogate, 59, 48.0, 0.2625
surrogate, 59, 48.0, 0.2625
surrogate, 59, 47.0, 0.25
surrogate, 59, 47.0, 0.25
surrogate, 59, 47.0, 0.25
surrogate, 59, 47.0, 0.25
surrogate, 59, 47.0, 0.25
surrogate, 59, 47.0, 0.25
surrogate, 59, 47.0, 0.25
surrogate, 59, 47.0, 0.25
surrogate, 59, 47.0, 0.25
surrogate, 59, 47.0, 0.25
surrogate, 59, 47.0, 0.25
surrogate, 59, 47.0, 0.25
surrogate, 59, 47.0, 0.25
surrogate, 59, 47.0, 0.25
surrogate, 59, 47.0, 0.25
surrogate, 59, 47.0, 0.25
surrogate, 59, 47.0, 0.25
surrogate, 59, 47.0, 0.25
surrogate, 59, 47.0, 0.25
surrogate, 59, 47.0, 0.25
surrogate, 59, 47.0, 0.25
surrogate, 59, 47.0, 0.25
surrogate, 59, 47.0, 0.25
surrogate, 59, 47.0, 0.25
surrogate, 59, 47.0, 0.25
surrogate, 59, 47.0, 0.25
surrogate, 59, 47.0, 0.25
surrogate, 59, 47.0, 0.25
surrogate, 59, 47.0, 0.25
surrogate, 59, 47.0, 0.25
surrogate, 59, 47.0, 0.25
surrogate, 59, 47.0, 0.25
surrogate, 59, 47.0, 0.25
surrogate, 59, 47.0, 0.25
surrogate, 59, 47.0, 0.25
surrogate, 59, 47.0, 0.25
surrogate, 59, 47.0, 0.25
surrogate, 59, 47.0, 0.25
surrogate, 59, 47.0, 0.25
surrogate, 59, 47.0, 0.25
surrogate, 59, 47.0, 0.25
surrogate, 59, 47.0, 0.25
surrogate, 59, 47.0, 0.25
surrogate, 59, 47.0, 0.25
surrogate, 59, 47.0, 0.25
surrogate, 59, 47.0, 0.25
surrogate, 59, 47.0, 0.25
surrogate, 59, 47.0, 0.25
surrogate, 59, 47.0, 0.25
surrogate, 59, 47.0, 0.25
surrogate, 60, 49.0, 0.2875
surrogate, 60, 49.0, 0.2875
surrogate, 60, 49.0, 0.2875
surrogate, 60, 49.0, 0.2875
surrogate, 60, 49.0, 0.2875
surrogate, 60, 49.0, 0.2875
surrogate, 60, 49.0, 0.2875
surrogate, 60, 49.0, 0.2875
surrogate, 60, 49.0, 0.2875
surrogate, 60, 49.0, 0.2875
surrogate, 60, 49.0, 0.2875
surrogate, 60, 49.0, 0.2875
surrogate, 60, 49.0, 0.2875
surrogate, 60, 49.0, 0.2875
surrogate, 60, 49.0, 0.2875
surrogate, 60, 49.0, 0.2875
surrogate, 60, 49.0, 0.2875
surrogate, 60, 49.0, 0.2875
surrogate, 60, 49.0, 0.2875
surrogate, 60, 49.0, 0.2875
surrogate, 60, 49.0, 0.2875
surrogate, 60, 49.0, 0.2875
surrogate, 60, 49.0, 0.2875
surrogate, 60, 49.0, 0.2875
surrogate, 60, 49.0, 0.2875
surrogate, 60, 49.0, 0.2875
surrogate, 60, 49.0, 0.2875
surrogate, 60, 49.0, 0.2875
surrogate, 60, 49.0, 0.2875
surrogate, 60, 49.0, 0.2875
surrogate, 60, 49.0, 0.2875
surrogate, 60, 49.0, 0.2875
surrogate, 60, 49.0, 0.2875
surrogate, 60, 49.0, 0.2875
surrogate, 60, 49.0, 0.2875
surrogate, 60, 49.0, 0.2875
surrogate, 60, 49.0, 0.2875
surrogate, 60, 48.0, 0.2625
surrogate, 60, 48.0, 0.2625
surrogate, 60, 48.0, 0.2625
surrogate, 60, 48.0, 0.2625
surrogate, 60, 48.0, 0.2625
surrogate, 60, 48.0, 0.2625
surrogate, 60, 48.0, 0.2625
surrogate, 60, 48.0, 0.2625
surrogate, 60, 48.0, 0.2625
surrogate, 60, 48.0, 0.2625
surrogate, 60, 48.0, 0.2625
surrogate, 60, 48.0, 0.2625
surrogate, 60, 48.0, 0.2625
surrogate, 60, 48.0, 0.2625
surrogate, 60, 48.0, 0.2625
surrogate, 60, 48.0, 0.2625
surrogate, 60, 48.0, 0.2625
surrogate, 60, 48.0, 0.2625
surrogate, 60, 48.0, 0.2625
surrogate, 60, 48.0, 0.2625
surrogate, 60, 48.0, 0.2625
surrogate, 60, 48.0, 0.2625
surrogate, 60, 48.0, 0.2625
surrogate, 60, 48.0, 0.2625
surrogate, 60, 48.0, 0.2625
surrogate, 60, 48.0, 0.2625
surrogate, 60, 48.0, 0.2625
surrogate, 60, 48.0, 0.2625
surrogate, 60, 48.0, 0.2625
surrogate, 60, 48.0, 0.2625
surrogate, 60, 48.0, 0.2625
surrogate, 60, 48.0, 0.2625
surrogate, 60, 48.0, 0.2625
surrogate, 60, 48.0, 0.2625
surrogate, 60, 48.0, 0.2625
surrogate, 60, 48.0, 0.2625
surrogate, 60, 48.0, 0.2625
surrogate, 60, 48.0, 0.2625
surrogate, 60, 48.0, 0.2625
surrogate, 60, 48.0, 0.2625
surrogate, 60, 48.0, 0.2625
surrogate, 60, 48.0, 0.2625
surrogate, 60, 48.0, 0.2625
surrogate, 60, 48.0, 0.2625
surrogate, 60, 48.0, 0.2625
surrogate, 60, 48.0, 0.2625
surrogate, 60, 47.0, 0.25
surrogate, 60, 47.0, 0.25
surrogate, 60, 47.0, 0.25
surrogate, 60, 47.0, 0.25
surrogate, 60, 47.0, 0.25
surrogate, 60, 47.0, 0.25
surrogate, 60, 47.0, 0.25
surrogate, 60, 47.0, 0.25
surrogate, 60, 47.0, 0.25
surrogate, 60, 47.0, 0.25
surrogate, 60, 47.0, 0.25
surrogate, 60, 47.0, 0.25
surrogate, 60, 47.0, 0.25
surrogate, 60, 47.0, 0.25
surrogate, 60, 47.0, 0.25
surrogate, 60, 47.0, 0.25
surrogate, 60, 47.0, 0.25
surrogate, 60, 47.0, 0.25
surrogate, 60, 47.0, 0.25
surrogate, 60, 47.0, 0.25
surrogate, 60, 47.0, 0.25
surrogate, 60, 47.0, 0.25
surrogate, 60, 47.0, 0.25
surrogate, 60, 47.0, 0.25
surrogate, 60, 47.0, 0.25
surrogate, 60, 47.0, 0.25
surrogate, 60, 47.0, 0.25
surrogate, 60, 47.0, 0.25
surrogate, 60, 47.0, 0.25
surrogate, 60, 47.0, 0.25
surrogate, 60, 47.0, 0.25
surrogate, 60, 47.0, 0.25
surrogate, 60, 47.0, 0.25
surrogate, 60, 47.0, 0.25
surrogate, 60, 47.0, 0.25
surrogate, 60, 47.0, 0.25
surrogate, 60, 47.0, 0.25
surrogate, 60, 47.0, 0.25
surrogate, 60, 47.0, 0.25
surrogate, 60, 47.0, 0.25
surrogate, 60, 47.0, 0.25
surrogate, 60, 47.0, 0.25
surrogate, 60, 47.0, 0.25
surrogate, 60, 47.0, 0.25
surrogate, 60, 47.0, 0.25
surrogate, 60, 47.0, 0.25
surrogate, 60, 47.0, 0.25
surrogate, 60, 47.0, 0.25
surrogate, 60, 47.0, 0.25
surrogate, 60, 47.0, 0.25
surrogate, 61, 49.0, 0.2875
surrogate, 61, 49.0, 0.2875
surrogate, 61, 49.0, 0.2875
surrogate, 61, 49.0, 0.2875
surrogate, 61, 49.0, 0.2875
surrogate, 61, 49.0, 0.2875
surrogate, 61, 49.0, 0.2875
surrogate, 61, 49.0, 0.2875
surrogate, 61, 49.0, 0.2875
surrogate, 61, 49.0, 0.2875
surrogate, 61, 49.0, 0.2875
surrogate, 61, 49.0, 0.2875
surrogate, 61, 49.0, 0.2875
surrogate, 61, 49.0, 0.2875
surrogate, 61, 49.0, 0.2875
surrogate, 61, 49.0, 0.2875
surrogate, 61, 49.0, 0.2875
surrogate, 61, 49.0, 0.2875
surrogate, 61, 49.0, 0.2875
surrogate, 61, 49.0, 0.2875
surrogate, 61, 49.0, 0.2875
surrogate, 61, 49.0, 0.2875
surrogate, 61, 49.0, 0.2875
surrogate, 61, 49.0, 0.2875
surrogate, 61, 49.0, 0.2875
surrogate, 61, 49.0, 0.2875
surrogate, 61, 49.0, 0.2875
surrogate, 61, 49.0, 0.2875
surrogate, 61, 49.0, 0.2875
surrogate, 61, 49.0, 0.2875
surrogate, 61, 49.0, 0.2875
surrogate, 61, 49.0, 0.2875
surrogate, 61, 49.0, 0.2875
surrogate, 61, 49.0, 0.2875
surrogate, 61, 49.0, 0.2875
surrogate, 61, 49.0, 0.2875
surrogate, 61, 49.0, 0.2875
surrogate, 61, 48.0, 0.2625
surrogate, 61, 48.0, 0.2625
surrogate, 61, 48.0, 0.2625
surrogate, 61, 48.0, 0.2625
surrogate, 61, 48.0, 0.2625
surrogate, 61, 48.0, 0.2625
surrogate, 61, 48.0, 0.2625
surrogate, 61, 48.0, 0.2625
surrogate, 61, 48.0, 0.2625
surrogate, 61, 48.0, 0.2625
surrogate, 61, 48.0, 0.2625
surrogate, 61, 48.0, 0.2625
surrogate, 61, 48.0, 0.2625
surrogate, 61, 48.0, 0.2625
surrogate, 61, 48.0, 0.2625
surrogate, 61, 48.0, 0.2625
surrogate, 61, 48.0, 0.2625
surrogate, 61, 48.0, 0.2625
surrogate, 61, 48.0, 0.2625
surrogate, 61, 48.0, 0.2625
surrogate, 61, 48.0, 0.2625
surrogate, 61, 48.0, 0.2625
surrogate, 61, 48.0, 0.2625
surrogate, 61, 48.0, 0.2625
surrogate, 61, 48.0, 0.2625
surrogate, 61, 48.0, 0.2625
surrogate, 61, 48.0, 0.2625
surrogate, 61, 48.0, 0.2625
surrogate, 61, 48.0, 0.2625
surrogate, 61, 48.0, 0.2625
surrogate, 61, 48.0, 0.2625
surrogate, 61, 48.0, 0.2625
surrogate, 61, 48.0, 0.2625
surrogate, 61, 48.0, 0.2625
surrogate, 61, 48.0, 0.2625
surrogate, 61, 48.0, 0.2625
surrogate, 61, 48.0, 0.2625
surrogate, 61, 48.0, 0.2625
surrogate, 61, 48.0, 0.2625
surrogate, 61, 48.0, 0.2625
surrogate, 61, 48.0, 0.2625
surrogate, 61, 48.0, 0.2625
surrogate, 61, 48.0, 0.2625
surrogate, 61, 48.0, 0.2625
surrogate, 61, 48.0, 0.2625
surrogate, 61, 48.0, 0.2625
surrogate, 61, 48.0, 0.2625
surrogate, 61, 47.0, 0.25
surrogate, 61, 47.0, 0.25
surrogate, 61, 47.0, 0.25
surrogate, 61, 47.0, 0.25
surrogate, 61, 47.0, 0.25
surrogate, 61, 47.0, 0.25
surrogate, 61, 47.0, 0.25
surrogate, 61, 47.0, 0.25
surrogate, 61, 47.0, 0.25
surrogate, 61, 47.0, 0.25
surrogate, 61, 47.0, 0.25
surrogate, 61, 47.0, 0.25
surrogate, 61, 47.0, 0.25
surrogate, 61, 47.0, 0.25
surrogate, 61, 47.0, 0.25
surrogate, 61, 47.0, 0.25
surrogate, 61, 47.0, 0.25
surrogate, 61, 47.0, 0.25
surrogate, 61, 47.0, 0.25
surrogate, 61, 47.0, 0.25
surrogate, 61, 47.0, 0.25
surrogate, 61, 47.0, 0.25
surrogate, 61, 47.0, 0.25
surrogate, 61, 47.0, 0.25
surrogate, 61, 47.0, 0.25
surrogate, 61, 47.0, 0.25
surrogate, 61, 47.0, 0.25
surrogate, 61, 47.0, 0.25
surrogate, 61, 47.0, 0.25
surrogate, 61, 47.0, 0.25
surrogate, 61, 47.0, 0.25
surrogate, 61, 47.0, 0.25
surrogate, 61, 47.0, 0.25
surrogate, 61, 47.0, 0.25
surrogate, 61, 47.0, 0.25
surrogate, 61, 47.0, 0.25
surrogate, 61, 47.0, 0.25
surrogate, 61, 47.0, 0.25
surrogate, 61, 47.0, 0.25
surrogate, 61, 47.0, 0.25
surrogate, 61, 47.0, 0.25
surrogate, 61, 47.0, 0.25
surrogate, 61, 47.0, 0.25
surrogate, 61, 47.0, 0.25
surrogate, 61, 47.0, 0.25
surrogate, 61, 47.0, 0.25
surrogate, 61, 47.0, 0.25
surrogate, 61, 47.0, 0.25
surrogate, 61, 47.0, 0.25
surrogate, 61, 47.0, 0.25
surrogate, 61, 47.0, 0.25
surrogate, 62, 49.0, 0.2875
surrogate, 62, 49.0, 0.2875
surrogate, 62, 49.0, 0.2875
surrogate, 62, 49.0, 0.2875
surrogate, 62, 49.0, 0.2875
surrogate, 62, 49.0, 0.2875
surrogate, 62, 49.0, 0.2875
surrogate, 62, 49.0, 0.2875
surrogate, 62, 49.0, 0.2875
surrogate, 62, 49.0, 0.2875
surrogate, 62, 49.0, 0.2875
surrogate, 62, 49.0, 0.2875
surrogate, 62, 49.0, 0.2875
surrogate, 62, 49.0, 0.2875
surrogate, 62, 49.0, 0.2875
surrogate, 62, 49.0, 0.2875
surrogate, 62, 49.0, 0.2875
surrogate, 62, 49.0, 0.2875
surrogate, 62, 49.0, 0.2875
surrogate, 62, 49.0, 0.2875
surrogate, 62, 49.0, 0.2875
surrogate, 62, 49.0, 0.2875
surrogate, 62, 49.0, 0.2875
surrogate, 62, 49.0, 0.2875
surrogate, 62, 49.0, 0.2875
surrogate, 62, 49.0, 0.2875
surrogate, 62, 49.0, 0.2875
surrogate, 62, 49.0, 0.2875
surrogate, 62, 49.0, 0.2875
surrogate, 62, 49.0, 0.2875
surrogate, 62, 49.0, 0.2875
surrogate, 62, 49.0, 0.2875
surrogate, 62, 49.0, 0.2875
surrogate, 62, 49.0, 0.2875
surrogate, 62, 49.0, 0.2875
surrogate, 62, 49.0, 0.2875
surrogate, 62, 49.0, 0.2875
surrogate, 62, 49.0, 0.2875
surrogate, 62, 48.0, 0.2625
surrogate, 62, 48.0, 0.2625
surrogate, 62, 48.0, 0.2625
surrogate, 62, 48.0, 0.2625
surrogate, 62, 48.0, 0.2625
surrogate, 62, 48.0, 0.2625
surrogate, 62, 48.0, 0.2625
surrogate, 62, 48.0, 0.2625
surrogate, 62, 48.0, 0.2625
surrogate, 62, 48.0, 0.2625
surrogate, 62, 48.0, 0.2625
surrogate, 62, 48.0, 0.2625
surrogate, 62, 48.0, 0.2625
surrogate, 62, 48.0, 0.2625
surrogate, 62, 48.0, 0.2625
surrogate, 62, 48.0, 0.2625
surrogate, 62, 48.0, 0.2625
surrogate, 62, 48.0, 0.2625
surrogate, 62, 48.0, 0.2625
surrogate, 62, 48.0, 0.2625
surrogate, 62, 48.0, 0.2625
surrogate, 62, 48.0, 0.2625
surrogate, 62, 48.0, 0.2625
surrogate, 62, 48.0, 0.2625
surrogate, 62, 48.0, 0.2625
surrogate, 62, 48.0, 0.2625
surrogate, 62, 48.0, 0.2625
surrogate, 62, 48.0, 0.2625
surrogate, 62, 48.0, 0.2625
surrogate, 62, 48.0, 0.2625
surrogate, 62, 48.0, 0.2625
surrogate, 62, 48.0, 0.2625
surrogate, 62, 48.0, 0.2625
surrogate, 62, 48.0, 0.2625
surrogate, 62, 48.0, 0.2625
surrogate, 62, 48.0, 0.2625
surrogate, 62, 48.0, 0.2625
surrogate, 62, 48.0, 0.2625
surrogate, 62, 48.0, 0.2625
surrogate, 62, 48.0, 0.2625
surrogate, 62, 48.0, 0.2625
surrogate, 62, 48.0, 0.2625
surrogate, 62, 48.0, 0.2625
surrogate, 62, 48.0, 0.2625
surrogate, 62, 48.0, 0.2625
surrogate, 62, 48.0, 0.2625
surrogate, 62, 48.0, 0.2625
surrogate, 62, 48.0, 0.2625
surrogate, 62, 47.0, 0.25
surrogate, 62, 47.0, 0.25
surrogate, 62, 47.0, 0.25
surrogate, 62, 47.0, 0.25
surrogate, 62, 47.0, 0.25
surrogate, 62, 47.0, 0.25
surrogate, 62, 47.0, 0.25
surrogate, 62, 47.0, 0.25
surrogate, 62, 47.0, 0.25
surrogate, 62, 47.0, 0.25
surrogate, 62, 47.0, 0.25
surrogate, 62, 47.0, 0.25
surrogate, 62, 47.0, 0.25
surrogate, 62, 47.0, 0.25
surrogate, 62, 47.0, 0.25
surrogate, 62, 47.0, 0.25
surrogate, 62, 47.0, 0.25
surrogate, 62, 47.0, 0.25
surrogate, 62, 47.0, 0.25
surrogate, 62, 47.0, 0.25
surrogate, 62, 47.0, 0.25
surrogate, 62, 47.0, 0.25
surrogate, 62, 47.0, 0.25
surrogate, 62, 47.0, 0.25
surrogate, 62, 47.0, 0.25
surrogate, 62, 47.0, 0.25
surrogate, 62, 47.0, 0.25
surrogate, 62, 47.0, 0.25
surrogate, 62, 47.0, 0.25
surrogate, 62, 47.0, 0.25
surrogate, 62, 47.0, 0.25
surrogate, 62, 47.0, 0.25
surrogate, 62, 47.0, 0.25
surrogate, 62, 47.0, 0.25
surrogate, 62, 47.0, 0.25
surrogate, 62, 47.0, 0.25
surrogate, 62, 47.0, 0.25
surrogate, 62, 47.0, 0.25
surrogate, 62, 47.0, 0.25
surrogate, 62, 47.0, 0.25
surrogate, 62, 47.0, 0.25
surrogate, 62, 47.0, 0.25
surrogate, 62, 47.0, 0.25
surrogate, 62, 47.0, 0.25
surrogate, 62, 47.0, 0.25
surrogate, 62, 47.0, 0.25
surrogate, 62, 47.0, 0.25
surrogate, 62, 47.0, 0.25
surrogate, 62, 47.0, 0.25
surrogate, 62, 47.0, 0.25
surrogate, 62, 47.0, 0.25
surrogate, 62, 47.0, 0.25
surrogate, 63, 49.0, 0.2875
surrogate, 63, 49.0, 0.2875
surrogate, 63, 49.0, 0.2875
surrogate, 63, 49.0, 0.2875
surrogate, 63, 49.0, 0.2875
surrogate, 63, 49.0, 0.2875
surrogate, 63, 49.0, 0.2875
surrogate, 63, 49.0, 0.2875
surrogate, 63, 49.0, 0.2875
surrogate, 63, 49.0, 0.2875
surrogate, 63, 49.0, 0.2875
surrogate, 63, 49.0, 0.2875
surrogate, 63, 49.0, 0.2875
surrogate, 63, 49.0, 0.2875
surrogate, 63, 49.0, 0.2875
surrogate, 63, 49.0, 0.2875
surrogate, 63, 49.0, 0.2875
surrogate, 63, 49.0, 0.2875
surrogate, 63, 49.0, 0.2875
surrogate, 63, 49.0, 0.2875
surrogate, 63, 49.0, 0.2875
surrogate, 63, 49.0, 0.2875
surrogate, 63, 49.0, 0.2875
surrogate, 63, 49.0, 0.2875
surrogate, 63, 49.0, 0.2875
surrogate, 63, 49.0, 0.2875
surrogate, 63, 49.0, 0.2875
surrogate, 63, 49.0, 0.2875
surrogate, 63, 49.0, 0.2875
surrogate, 63, 49.0, 0.2875
surrogate, 63, 49.0, 0.2875
surrogate, 63, 49.0, 0.2875
surrogate, 63, 49.0, 0.2875
surrogate, 63, 49.0, 0.2875
surrogate, 63, 49.0, 0.2875
surrogate, 63, 49.0, 0.2875
surrogate, 63, 49.0, 0.2875
surrogate, 63, 49.0, 0.2875
surrogate, 63, 49.0, 0.2875
surrogate, 63, 48.0, 0.2625
surrogate, 63, 48.0, 0.2625
surrogate, 63, 48.0, 0.2625
surrogate, 63, 48.0, 0.2625
surrogate, 63, 48.0, 0.2625
surrogate, 63, 48.0, 0.2625
surrogate, 63, 48.0, 0.2625
surrogate, 63, 48.0, 0.2625
surrogate, 63, 48.0, 0.2625
surrogate, 63, 48.0, 0.2625
surrogate, 63, 48.0, 0.2625
surrogate, 63, 48.0, 0.2625
surrogate, 63, 48.0, 0.2625
surrogate, 63, 48.0, 0.2625
surrogate, 63, 48.0, 0.2625
surrogate, 63, 48.0, 0.2625
surrogate, 63, 48.0, 0.2625
surrogate, 63, 48.0, 0.2625
surrogate, 63, 48.0, 0.2625
surrogate, 63, 48.0, 0.2625
surrogate, 63, 48.0, 0.2625
surrogate, 63, 48.0, 0.2625
surrogate, 63, 48.0, 0.2625
surrogate, 63, 48.0, 0.2625
surrogate, 63, 48.0, 0.2625
surrogate, 63, 48.0, 0.2625
surrogate, 63, 48.0, 0.2625
surrogate, 63, 48.0, 0.2625
surrogate, 63, 48.0, 0.2625
surrogate, 63, 48.0, 0.2625
surrogate, 63, 48.0, 0.2625
surrogate, 63, 48.0, 0.2625
surrogate, 63, 48.0, 0.2625
surrogate, 63, 48.0, 0.2625
surrogate, 63, 48.0, 0.2625
surrogate, 63, 48.0, 0.2625
surrogate, 63, 48.0, 0.2625
surrogate, 63, 48.0, 0.2625
surrogate, 63, 48.0, 0.2625
surrogate, 63, 48.0, 0.2625
surrogate, 63, 48.0, 0.2625
surrogate, 63, 48.0, 0.2625
surrogate, 63, 48.0, 0.2625
surrogate, 63, 48.0, 0.2625
surrogate, 63, 48.0, 0.2625
surrogate, 63, 48.0, 0.2625
surrogate, 63, 48.0, 0.2625
surrogate, 63, 48.0, 0.2625
surrogate, 63, 48.0, 0.2625
surrogate, 63, 47.0, 0.25
surrogate, 63, 47.0, 0.25
surrogate, 63, 47.0, 0.25
surrogate, 63, 47.0, 0.25
surrogate, 63, 47.0, 0.25
surrogate, 63, 47.0, 0.25
surrogate, 63, 47.0, 0.25
surrogate, 63, 47.0, 0.25
surrogate, 63, 47.0, 0.25
surrogate, 63, 47.0, 0.25
surrogate, 63, 47.0, 0.25
surrogate, 63, 47.0, 0.25
surrogate, 63, 47.0, 0.25
surrogate, 63, 47.0, 0.25
surrogate, 63, 47.0, 0.25
surrogate, 63, 47.0, 0.25
surrogate, 63, 47.0, 0.25
surrogate, 63, 47.0, 0.25
surrogate, 63, 47.0, 0.25
surrogate, 63, 47.0, 0.25
surrogate, 63, 47.0, 0.25
surrogate, 63, 47.0, 0.25
surrogate, 63, 47.0, 0.25
surrogate, 63, 47.0, 0.25
surrogate, 63, 47.0, 0.25
surrogate, 63, 47.0, 0.25
surrogate, 63, 47.0, 0.25
surrogate, 63, 47.0, 0.25
surrogate, 63, 47.0, 0.25
surrogate, 63, 47.0, 0.25
surrogate, 63, 47.0, 0.25
surrogate, 63, 47.0, 0.25
surrogate, 63, 47.0, 0.25
surrogate, 63, 47.0, 0.25
surrogate, 63, 47.0, 0.25
surrogate, 63, 47.0, 0.25
surrogate, 63, 47.0, 0.25
surrogate, 63, 47.0, 0.25
surrogate, 63, 47.0, 0.25
surrogate, 63, 47.0, 0.25
surrogate, 63, 47.0, 0.25
surrogate, 63, 47.0, 0.25
surrogate, 63, 47.0, 0.25
surrogate, 63, 47.0, 0.25
surrogate, 63, 47.0, 0.25
surrogate, 63, 47.0, 0.25
surrogate, 63, 47.0, 0.25
surrogate, 63, 47.0, 0.25
surrogate, 63, 47.0, 0.25
surrogate, 63, 47.0, 0.25
surrogate, 63, 47.0, 0.25
surrogate, 63, 47.0, 0.25
surrogate, 63, 47.0, 0.25
surrogate, 64, 49.0, 0.2875
surrogate, 64, 49.0, 0.2875
surrogate, 64, 49.0, 0.2875
surrogate, 64, 49.0, 0.2875
surrogate, 64, 49.0, 0.2875
surrogate, 64, 49.0, 0.2875
surrogate, 64, 49.0, 0.2875
surrogate, 64, 49.0, 0.2875
surrogate, 64, 49.0, 0.2875
surrogate, 64, 49.0, 0.2875
surrogate, 64, 49.0, 0.2875
surrogate, 64, 49.0, 0.2875
surrogate, 64, 49.0, 0.2875
surrogate, 64, 49.0, 0.2875
surrogate, 64, 49.0, 0.2875
surrogate, 64, 49.0, 0.2875
surrogate, 64, 49.0, 0.2875
surrogate, 64, 49.0, 0.2875
surrogate, 64, 49.0, 0.2875
surrogate, 64, 49.0, 0.2875
surrogate, 64, 49.0, 0.2875
surrogate, 64, 49.0, 0.2875
surrogate, 64, 49.0, 0.2875
surrogate, 64, 49.0, 0.2875
surrogate, 64, 49.0, 0.2875
surrogate, 64, 49.0, 0.2875
surrogate, 64, 49.0, 0.2875
surrogate, 64, 49.0, 0.2875
surrogate, 64, 49.0, 0.2875
surrogate, 64, 49.0, 0.2875
surrogate, 64, 49.0, 0.2875
surrogate, 64, 49.0, 0.2875
surrogate, 64, 49.0, 0.2875
surrogate, 64, 49.0, 0.2875
surrogate, 64, 49.0, 0.2875
surrogate, 64, 49.0, 0.2875
surrogate, 64, 49.0, 0.2875
surrogate, 64, 49.0, 0.2875
surrogate, 64, 49.0, 0.2875
surrogate, 64, 49.0, 0.2875
surrogate, 64, 48.0, 0.2625
surrogate, 64, 48.0, 0.2625
surrogate, 64, 48.0, 0.2625
surrogate, 64, 48.0, 0.2625
surrogate, 64, 48.0, 0.2625
surrogate, 64, 48.0, 0.2625
surrogate, 64, 48.0, 0.2625
surrogate, 64, 48.0, 0.2625
surrogate, 64, 48.0, 0.2625
surrogate, 64, 48.0, 0.2625
surrogate, 64, 48.0, 0.2625
surrogate, 64, 48.0, 0.2625
surrogate, 64, 48.0, 0.2625
surrogate, 64, 48.0, 0.2625
surrogate, 64, 48.0, 0.2625
surrogate, 64, 48.0, 0.2625
surrogate, 64, 48.0, 0.2625
surrogate, 64, 48.0, 0.2625
surrogate, 64, 48.0, 0.2625
surrogate, 64, 48.0, 0.2625
surrogate, 64, 48.0, 0.2625
surrogate, 64, 48.0, 0.2625
surrogate, 64, 48.0, 0.2625
surrogate, 64, 48.0, 0.2625
surrogate, 64, 48.0, 0.2625
surrogate, 64, 48.0, 0.2625
surrogate, 64, 48.0, 0.2625
surrogate, 64, 48.0, 0.2625
surrogate, 64, 48.0, 0.2625
surrogate, 64, 48.0, 0.2625
surrogate, 64, 48.0, 0.2625
surrogate, 64, 48.0, 0.2625
surrogate, 64, 48.0, 0.2625
surrogate, 64, 48.0, 0.2625
surrogate, 64, 48.0, 0.2625
surrogate, 64, 48.0, 0.2625
surrogate, 64, 48.0, 0.2625
surrogate, 64, 48.0, 0.2625
surrogate, 64, 48.0, 0.2625
surrogate, 64, 48.0, 0.2625
surrogate, 64, 48.0, 0.2625
surrogate, 64, 48.0, 0.2625
surrogate, 64, 48.0, 0.2625
surrogate, 64, 48.0, 0.2625
surrogate, 64, 48.0, 0.2625
surrogate, 64, 48.0, 0.2625
surrogate, 64, 48.0, 0.2625
surrogate, 64, 48.0, 0.2625
surrogate, 64, 48.0, 0.2625
surrogate, 64, 48.0, 0.2625
surrogate, 64, 47.0, 0.25
surrogate, 64, 47.0, 0.25
surrogate, 64, 47.0, 0.25
surrogate, 64, 47.0, 0.25
surrogate, 64, 47.0, 0.25
surrogate, 64, 47.0, 0.25
surrogate, 64, 47.0, 0.25
surrogate, 64, 47.0, 0.25
surrogate, 64, 47.0, 0.25
surrogate, 64, 47.0, 0.25
surrogate, 64, 47.0, 0.25
surrogate, 64, 47.0, 0.25
surrogate, 64, 47.0, 0.25
surrogate, 64, 47.0, 0.25
surrogate, 64, 47.0, 0.25
surrogate, 64, 47.0, 0.25
surrogate, 64, 47.0, 0.25
surrogate, 64, 47.0, 0.25
surrogate, 64, 47.0, 0.25
surrogate, 64, 47.0, 0.25
surrogate, 64, 47.0, 0.25
surrogate, 64, 47.0, 0.25
surrogate, 64, 47.0, 0.25
surrogate, 64, 47.0, 0.25
surrogate, 64, 47.0, 0.25
surrogate, 64, 47.0, 0.25
surrogate, 64, 47.0, 0.25
surrogate, 64, 47.0, 0.25
surrogate, 64, 47.0, 0.25
surrogate, 64, 47.0, 0.25
surrogate, 64, 47.0, 0.25
surrogate, 64, 47.0, 0.25
surrogate, 64, 47.0, 0.25
surrogate, 64, 47.0, 0.25
surrogate, 64, 47.0, 0.25
surrogate, 64, 47.0, 0.25
surrogate, 64, 47.0, 0.25
surrogate, 64, 47.0, 0.25
surrogate, 64, 47.0, 0.25
surrogate, 64, 47.0, 0.25
surrogate, 64, 47.0, 0.25
surrogate, 64, 47.0, 0.25
surrogate, 64, 47.0, 0.25
surrogate, 64, 47.0, 0.25
surrogate, 64, 47.0, 0.25
surrogate, 64, 47.0, 0.25
surrogate, 64, 47.0, 0.25
surrogate, 64, 47.0, 0.25
surrogate, 64, 47.0, 0.25
surrogate, 64, 47.0, 0.25
surrogate, 64, 47.0, 0.25
surrogate, 64, 47.0, 0.25
surrogate, 64, 47.0, 0.25
surrogate, 64, 47.0, 0.25
surrogate, 65, 49.0, 0.2875
surrogate, 65, 49.0, 0.2875
surrogate, 65, 49.0, 0.2875
surrogate, 65, 49.0, 0.2875
surrogate, 65, 49.0, 0.2875
surrogate, 65, 49.0, 0.2875
surrogate, 65, 49.0, 0.2875
surrogate, 65, 49.0, 0.2875
surrogate, 65, 49.0, 0.2875
surrogate, 65, 49.0, 0.2875
surrogate, 65, 49.0, 0.2875
surrogate, 65, 49.0, 0.2875
surrogate, 65, 49.0, 0.2875
surrogate, 65, 49.0, 0.2875
surrogate, 65, 49.0, 0.2875
surrogate, 65, 49.0, 0.2875
surrogate, 65, 49.0, 0.2875
surrogate, 65, 49.0, 0.2875
surrogate, 65, 49.0, 0.2875
surrogate, 65, 49.0, 0.2875
surrogate, 65, 49.0, 0.2875
surrogate, 65, 49.0, 0.2875
surrogate, 65, 49.0, 0.2875
surrogate, 65, 49.0, 0.2875
surrogate, 65, 49.0, 0.2875
surrogate, 65, 49.0, 0.2875
surrogate, 65, 49.0, 0.2875
surrogate, 65, 49.0, 0.2875
surrogate, 65, 49.0, 0.2875
surrogate, 65, 49.0, 0.2875
surrogate, 65, 49.0, 0.2875
surrogate, 65, 49.0, 0.2875
surrogate, 65, 49.0, 0.2875
surrogate, 65, 49.0, 0.2875
surrogate, 65, 49.0, 0.2875
surrogate, 65, 49.0, 0.2875
surrogate, 65, 49.0, 0.2875
surrogate, 65, 49.0, 0.2875
surrogate, 65, 49.0, 0.2875
surrogate, 65, 49.0, 0.2875
surrogate, 65, 49.0, 0.2875
surrogate, 65, 48.0, 0.2625
surrogate, 65, 48.0, 0.2625
surrogate, 65, 48.0, 0.2625
surrogate, 65, 48.0, 0.2625
surrogate, 65, 48.0, 0.2625
surrogate, 65, 48.0, 0.2625
surrogate, 65, 48.0, 0.2625
surrogate, 65, 48.0, 0.2625
surrogate, 65, 48.0, 0.2625
surrogate, 65, 48.0, 0.2625
surrogate, 65, 48.0, 0.2625
surrogate, 65, 48.0, 0.2625
surrogate, 65, 48.0, 0.2625
surrogate, 65, 48.0, 0.2625
surrogate, 65, 48.0, 0.2625
surrogate, 65, 48.0, 0.2625
surrogate, 65, 48.0, 0.2625
surrogate, 65, 48.0, 0.2625
surrogate, 65, 48.0, 0.2625
surrogate, 65, 48.0, 0.2625
surrogate, 65, 48.0, 0.2625
surrogate, 65, 48.0, 0.2625
surrogate, 65, 48.0, 0.2625
surrogate, 65, 48.0, 0.2625
surrogate, 65, 48.0, 0.2625
surrogate, 65, 48.0, 0.2625
surrogate, 65, 48.0, 0.2625
surrogate, 65, 48.0, 0.2625
surrogate, 65, 48.0, 0.2625
surrogate, 65, 48.0, 0.2625
surrogate, 65, 48.0, 0.2625
surrogate, 65, 48.0, 0.2625
surrogate, 65, 48.0, 0.2625
surrogate, 65, 48.0, 0.2625
surrogate, 65, 48.0, 0.2625
surrogate, 65, 48.0, 0.2625
surrogate, 65, 48.0, 0.2625
surrogate, 65, 48.0, 0.2625
surrogate, 65, 48.0, 0.2625
surrogate, 65, 48.0, 0.2625
surrogate, 65, 48.0, 0.2625
surrogate, 65, 48.0, 0.2625
surrogate, 65, 48.0, 0.2625
surrogate, 65, 48.0, 0.2625
surrogate, 65, 48.0, 0.2625
surrogate, 65, 48.0, 0.2625
surrogate, 65, 48.0, 0.2625
surrogate, 65, 48.0, 0.2625
surrogate, 65, 48.0, 0.2625
surrogate, 65, 48.0, 0.2625
surrogate, 65, 48.0, 0.2625
surrogate, 65, 47.0, 0.25
surrogate, 65, 47.0, 0.25
surrogate, 65, 47.0, 0.25
surrogate, 65, 47.0, 0.25
surrogate, 65, 47.0, 0.25
surrogate, 65, 47.0, 0.25
surrogate, 65, 47.0, 0.25
surrogate, 65, 47.0, 0.25
surrogate, 65, 47.0, 0.25
surrogate, 65, 47.0, 0.25
surrogate, 65, 47.0, 0.25
surrogate, 65, 47.0, 0.25
surrogate, 65, 47.0, 0.25
surrogate, 65, 47.0, 0.25
surrogate, 65, 47.0, 0.25
surrogate, 65, 47.0, 0.25
surrogate, 65, 47.0, 0.25
surrogate, 65, 47.0, 0.25
surrogate, 65, 47.0, 0.25
surrogate, 65, 47.0, 0.25
surrogate, 65, 47.0, 0.25
surrogate, 65, 47.0, 0.25
surrogate, 65, 47.0, 0.25
surrogate, 65, 47.0, 0.25
surrogate, 65, 47.0, 0.25
surrogate, 65, 47.0, 0.25
surrogate, 65, 47.0, 0.25
surrogate, 65, 47.0, 0.25
surrogate, 65, 47.0, 0.25
surrogate, 65, 47.0, 0.25
surrogate, 65, 47.0, 0.25
surrogate, 65, 47.0, 0.25
surrogate, 65, 47.0, 0.25
surrogate, 65, 47.0, 0.25
surrogate, 65, 47.0, 0.25
surrogate, 65, 47.0, 0.25
surrogate, 65, 47.0, 0.25
surrogate, 65, 47.0, 0.25
surrogate, 65, 47.0, 0.25
surrogate, 65, 47.0, 0.25
surrogate, 65, 47.0, 0.25
surrogate, 65, 47.0, 0.25
surrogate, 65, 47.0, 0.25
surrogate, 65, 47.0, 0.25
surrogate, 65, 47.0, 0.25
surrogate, 65, 47.0, 0.25
surrogate, 65, 47.0, 0.25
surrogate, 65, 47.0, 0.25
surrogate, 65, 47.0, 0.25
surrogate, 65, 47.0, 0.25
surrogate, 65, 47.0, 0.25
surrogate, 65, 47.0, 0.25
surrogate, 65, 47.0, 0.25
surrogate, 65, 47.0, 0.25
surrogate, 65, 47.0, 0.25
surrogate, 66, 49.0, 0.2875
surrogate, 66, 49.0, 0.2875
surrogate, 66, 49.0, 0.2875
surrogate, 66, 49.0, 0.2875
surrogate, 66, 49.0, 0.2875
surrogate, 66, 49.0, 0.2875
surrogate, 66, 49.0, 0.2875
surrogate, 66, 49.0, 0.2875
surrogate, 66, 49.0, 0.2875
surrogate, 66, 49.0, 0.2875
surrogate, 66, 49.0, 0.2875
surrogate, 66, 49.0, 0.2875
surrogate, 66, 49.0, 0.2875
surrogate, 66, 49.0, 0.2875
surrogate, 66, 49.0, 0.2875
surrogate, 66, 49.0, 0.2875
surrogate, 66, 49.0, 0.2875
surrogate, 66, 49.0, 0.2875
surrogate, 66, 49.0, 0.2875
surrogate, 66, 49.0, 0.2875
surrogate, 66, 49.0, 0.2875
surrogate, 66, 49.0, 0.2875
surrogate, 66, 49.0, 0.2875
surrogate, 66, 49.0, 0.2875
surrogate, 66, 49.0, 0.2875
surrogate, 66, 49.0, 0.2875
surrogate, 66, 49.0, 0.2875
surrogate, 66, 49.0, 0.2875
surrogate, 66, 49.0, 0.2875
surrogate, 66, 49.0, 0.2875
surrogate, 66, 49.0, 0.2875
surrogate, 66, 49.0, 0.2875
surrogate, 66, 49.0, 0.2875
surrogate, 66, 49.0, 0.2875
surrogate, 66, 49.0, 0.2875
surrogate, 66, 49.0, 0.2875
surrogate, 66, 49.0, 0.2875
surrogate, 66, 49.0, 0.2875
surrogate, 66, 49.0, 0.2875
surrogate, 66, 49.0, 0.2875
surrogate, 66, 49.0, 0.2875
surrogate, 66, 48.0, 0.2625
surrogate, 66, 48.0, 0.2625
surrogate, 66, 48.0, 0.2625
surrogate, 66, 48.0, 0.2625
surrogate, 66, 48.0, 0.2625
surrogate, 66, 48.0, 0.2625
surrogate, 66, 48.0, 0.2625
surrogate, 66, 48.0, 0.2625
surrogate, 66, 48.0, 0.2625
surrogate, 66, 48.0, 0.2625
surrogate, 66, 48.0, 0.2625
surrogate, 66, 48.0, 0.2625
surrogate, 66, 48.0, 0.2625
surrogate, 66, 48.0, 0.2625
surrogate, 66, 48.0, 0.2625
surrogate, 66, 48.0, 0.2625
surrogate, 66, 48.0, 0.2625
surrogate, 66, 48.0, 0.2625
surrogate, 66, 48.0, 0.2625
surrogate, 66, 48.0, 0.2625
surrogate, 66, 48.0, 0.2625
surrogate, 66, 48.0, 0.2625
surrogate, 66, 48.0, 0.2625
surrogate, 66, 48.0, 0.2625
surrogate, 66, 48.0, 0.2625
surrogate, 66, 48.0, 0.2625
surrogate, 66, 48.0, 0.2625
surrogate, 66, 48.0, 0.2625
surrogate, 66, 48.0, 0.2625
surrogate, 66, 48.0, 0.2625
surrogate, 66, 48.0, 0.2625
surrogate, 66, 48.0, 0.2625
surrogate, 66, 48.0, 0.2625
surrogate, 66, 48.0, 0.2625
surrogate, 66, 48.0, 0.2625
surrogate, 66, 48.0, 0.2625
surrogate, 66, 48.0, 0.2625
surrogate, 66, 48.0, 0.2625
surrogate, 66, 48.0, 0.2625
surrogate, 66, 48.0, 0.2625
surrogate, 66, 48.0, 0.2625
surrogate, 66, 48.0, 0.2625
surrogate, 66, 48.0, 0.2625
surrogate, 66, 48.0, 0.2625
surrogate, 66, 48.0, 0.2625
surrogate, 66, 48.0, 0.2625
surrogate, 66, 48.0, 0.2625
surrogate, 66, 48.0, 0.2625
surrogate, 66, 48.0, 0.2625
surrogate, 66, 48.0, 0.2625
surrogate, 66, 48.0, 0.2625
surrogate, 66, 48.0, 0.2625
surrogate, 66, 47.0, 0.25
surrogate, 66, 47.0, 0.25
surrogate, 66, 47.0, 0.25
surrogate, 66, 47.0, 0.25
surrogate, 66, 47.0, 0.25
surrogate, 66, 47.0, 0.25
surrogate, 66, 47.0, 0.25
surrogate, 66, 47.0, 0.25
surrogate, 66, 47.0, 0.25
surrogate, 66, 47.0, 0.25
surrogate, 66, 47.0, 0.25
surrogate, 66, 47.0, 0.25
surrogate, 66, 47.0, 0.25
surrogate, 66, 47.0, 0.25
surrogate, 66, 47.0, 0.25
surrogate, 66, 47.0, 0.25
surrogate, 66, 47.0, 0.25
surrogate, 66, 47.0, 0.25
surrogate, 66, 47.0, 0.25
surrogate, 66, 47.0, 0.25
surrogate, 66, 47.0, 0.25
surrogate, 66, 47.0, 0.25
surrogate, 66, 47.0, 0.25
surrogate, 66, 47.0, 0.25
surrogate, 66, 47.0, 0.25
surrogate, 66, 47.0, 0.25
surrogate, 66, 47.0, 0.25
surrogate, 66, 47.0, 0.25
surrogate, 66, 47.0, 0.25
surrogate, 66, 47.0, 0.25
surrogate, 66, 47.0, 0.25
surrogate, 66, 47.0, 0.25
surrogate, 66, 47.0, 0.25
surrogate, 66, 47.0, 0.25
surrogate, 66, 47.0, 0.25
surrogate, 66, 47.0, 0.25
surrogate, 66, 47.0, 0.25
surrogate, 66, 47.0, 0.25
surrogate, 66, 47.0, 0.25
surrogate, 66, 47.0, 0.25
surrogate, 66, 47.0, 0.25
surrogate, 66, 47.0, 0.25
surrogate, 66, 47.0, 0.25
surrogate, 66, 47.0, 0.25
surrogate, 66, 47.0, 0.25
surrogate, 66, 47.0, 0.25
surrogate, 66, 47.0, 0.25
surrogate, 66, 47.0, 0.25
surrogate, 66, 47.0, 0.25
surrogate, 66, 47.0, 0.25
surrogate, 66, 47.0, 0.25
surrogate, 66, 47.0, 0.25
surrogate, 66, 47.0, 0.25
surrogate, 66, 47.0, 0.25
surrogate, 66, 47.0, 0.25
surrogate, 66, 47.0, 0.25
surrogate, 67, 49.0, 0.2875
surrogate, 67, 49.0, 0.2875
surrogate, 67, 49.0, 0.2875
surrogate, 67, 49.0, 0.2875
surrogate, 67, 49.0, 0.2875
surrogate, 67, 49.0, 0.2875
surrogate, 67, 49.0, 0.2875
surrogate, 67, 49.0, 0.2875
surrogate, 67, 49.0, 0.2875
surrogate, 67, 49.0, 0.2875
surrogate, 67, 49.0, 0.2875
surrogate, 67, 49.0, 0.2875
surrogate, 67, 49.0, 0.2875
surrogate, 67, 49.0, 0.2875
surrogate, 67, 49.0, 0.2875
surrogate, 67, 49.0, 0.2875
surrogate, 67, 49.0, 0.2875
surrogate, 67, 49.0, 0.2875
surrogate, 67, 49.0, 0.2875
surrogate, 67, 49.0, 0.2875
surrogate, 67, 49.0, 0.2875
surrogate, 67, 49.0, 0.2875
surrogate, 67, 49.0, 0.2875
surrogate, 67, 49.0, 0.2875
surrogate, 67, 49.0, 0.2875
surrogate, 67, 49.0, 0.2875
surrogate, 67, 49.0, 0.2875
surrogate, 67, 49.0, 0.2875
surrogate, 67, 49.0, 0.2875
surrogate, 67, 49.0, 0.2875
surrogate, 67, 49.0, 0.2875
surrogate, 67, 49.0, 0.2875
surrogate, 67, 49.0, 0.2875
surrogate, 67, 49.0, 0.2875
surrogate, 67, 49.0, 0.2875
surrogate, 67, 49.0, 0.2875
surrogate, 67, 49.0, 0.2875
surrogate, 67, 49.0, 0.2875
surrogate, 67, 49.0, 0.2875
surrogate, 67, 49.0, 0.2875
surrogate, 67, 49.0, 0.2875
surrogate, 67, 49.0, 0.2875
surrogate, 67, 48.0, 0.2625
surrogate, 67, 48.0, 0.2625
surrogate, 67, 48.0, 0.2625
surrogate, 67, 48.0, 0.2625
surrogate, 67, 48.0, 0.2625
surrogate, 67, 48.0, 0.2625
surrogate, 67, 48.0, 0.2625
surrogate, 67, 48.0, 0.2625
surrogate, 67, 48.0, 0.2625
surrogate, 67, 48.0, 0.2625
surrogate, 67, 48.0, 0.2625
surrogate, 67, 48.0, 0.2625
surrogate, 67, 48.0, 0.2625
surrogate, 67, 48.0, 0.2625
surrogate, 67, 48.0, 0.2625
surrogate, 67, 48.0, 0.2625
surrogate, 67, 48.0, 0.2625
surrogate, 67, 48.0, 0.2625
surrogate, 67, 48.0, 0.2625
surrogate, 67, 48.0, 0.2625
surrogate, 67, 48.0, 0.2625
surrogate, 67, 48.0, 0.2625
surrogate, 67, 48.0, 0.2625
surrogate, 67, 48.0, 0.2625
surrogate, 67, 48.0, 0.2625
surrogate, 67, 48.0, 0.2625
surrogate, 67, 48.0, 0.2625
surrogate, 67, 48.0, 0.2625
surrogate, 67, 48.0, 0.2625
surrogate, 67, 48.0, 0.2625
surrogate, 67, 48.0, 0.2625
surrogate, 67, 48.0, 0.2625
surrogate, 67, 48.0, 0.2625
surrogate, 67, 48.0, 0.2625
surrogate, 67, 48.0, 0.2625
surrogate, 67, 48.0, 0.2625
surrogate, 67, 48.0, 0.2625
surrogate, 67, 48.0, 0.2625
surrogate, 67, 48.0, 0.2625
surrogate, 67, 48.0, 0.2625
surrogate, 67, 48.0, 0.2625
surrogate, 67, 48.0, 0.2625
surrogate, 67, 48.0, 0.2625
surrogate, 67, 48.0, 0.2625
surrogate, 67, 48.0, 0.2625
surrogate, 67, 48.0, 0.2625
surrogate, 67, 48.0, 0.2625
surrogate, 67, 48.0, 0.2625
surrogate, 67, 48.0, 0.2625
surrogate, 67, 48.0, 0.2625
surrogate, 67, 48.0, 0.2625
surrogate, 67, 48.0, 0.2625
surrogate, 67, 48.0, 0.2625
surrogate, 67, 47.0, 0.25
surrogate, 67, 47.0, 0.25
surrogate, 67, 47.0, 0.25
surrogate, 67, 47.0, 0.25
surrogate, 67, 47.0, 0.25
surrogate, 67, 47.0, 0.25
surrogate, 67, 47.0, 0.25
surrogate, 67, 47.0, 0.25
surrogate, 67, 47.0, 0.25
surrogate, 67, 47.0, 0.25
surrogate, 67, 47.0, 0.25
surrogate, 67, 47.0, 0.25
surrogate, 67, 47.0, 0.25
surrogate, 67, 47.0, 0.25
surrogate, 67, 47.0, 0.25
surrogate, 67, 47.0, 0.25
surrogate, 67, 47.0, 0.25
surrogate, 67, 47.0, 0.25
surrogate, 67, 47.0, 0.25
surrogate, 67, 47.0, 0.25
surrogate, 67, 47.0, 0.25
surrogate, 67, 47.0, 0.25
surrogate, 67, 47.0, 0.25
surrogate, 67, 47.0, 0.25
surrogate, 67, 47.0, 0.25
surrogate, 67, 47.0, 0.25
surrogate, 67, 47.0, 0.25
surrogate, 67, 47.0, 0.25
surrogate, 67, 47.0, 0.25
surrogate, 67, 47.0, 0.25
surrogate, 67, 47.0, 0.25
surrogate, 67, 47.0, 0.25
surrogate, 67, 47.0, 0.25
surrogate, 67, 47.0, 0.25
surrogate, 67, 47.0, 0.25
surrogate, 67, 47.0, 0.25
surrogate, 67, 47.0, 0.25
surrogate, 67, 47.0, 0.25
surrogate, 67, 47.0, 0.25
surrogate, 67, 47.0, 0.25
surrogate, 67, 47.0, 0.25
surrogate, 67, 47.0, 0.25
surrogate, 67, 47.0, 0.25
surrogate, 67, 47.0, 0.25
surrogate, 67, 47.0, 0.25
surrogate, 67, 47.0, 0.25
surrogate, 67, 47.0, 0.25
surrogate, 67, 47.0, 0.25
surrogate, 67, 47.0, 0.25
surrogate, 67, 47.0, 0.25
surrogate, 67, 47.0, 0.25
surrogate, 67, 47.0, 0.25
surrogate, 67, 47.0, 0.25
surrogate, 67, 47.0, 0.25
surrogate, 67, 47.0, 0.25
surrogate, 67, 47.0, 0.25
surrogate, 67, 47.0, 0.25
surrogate, 68, 49.0, 0.2875
surrogate, 68, 49.0, 0.2875
surrogate, 68, 49.0, 0.2875
surrogate, 68, 49.0, 0.2875
surrogate, 68, 49.0, 0.2875
surrogate, 68, 49.0, 0.2875
surrogate, 68, 49.0, 0.2875
surrogate, 68, 49.0, 0.2875
surrogate, 68, 49.0, 0.2875
surrogate, 68, 49.0, 0.2875
surrogate, 68, 49.0, 0.2875
surrogate, 68, 49.0, 0.2875
surrogate, 68, 49.0, 0.2875
surrogate, 68, 49.0, 0.2875
surrogate, 68, 49.0, 0.2875
surrogate, 68, 49.0, 0.2875
surrogate, 68, 49.0, 0.2875
surrogate, 68, 49.0, 0.2875
surrogate, 68, 49.0, 0.2875
surrogate, 68, 49.0, 0.2875
surrogate, 68, 49.0, 0.2875
surrogate, 68, 49.0, 0.2875
surrogate, 68, 49.0, 0.2875
surrogate, 68, 49.0, 0.2875
surrogate, 68, 49.0, 0.2875
surrogate, 68, 49.0, 0.2875
surrogate, 68, 49.0, 0.2875
surrogate, 68, 49.0, 0.2875
surrogate, 68, 49.0, 0.2875
surrogate, 68, 49.0, 0.2875
surrogate, 68, 49.0, 0.2875
surrogate, 68, 49.0, 0.2875
surrogate, 68, 49.0, 0.2875
surrogate, 68, 49.0, 0.2875
surrogate, 68, 49.0, 0.2875
surrogate, 68, 49.0, 0.2875
surrogate, 68, 49.0, 0.2875
surrogate, 68, 49.0, 0.2875
surrogate, 68, 49.0, 0.2875
surrogate, 68, 49.0, 0.2875
surrogate, 68, 49.0, 0.2875
surrogate, 68, 49.0, 0.2875
surrogate, 68, 49.0, 0.2875
surrogate, 68, 48.0, 0.2625
surrogate, 68, 48.0, 0.2625
surrogate, 68, 48.0, 0.2625
surrogate, 68, 48.0, 0.2625
surrogate, 68, 48.0, 0.2625
surrogate, 68, 48.0, 0.2625
surrogate, 68, 48.0, 0.2625
surrogate, 68, 48.0, 0.2625
surrogate, 68, 48.0, 0.2625
surrogate, 68, 48.0, 0.2625
surrogate, 68, 48.0, 0.2625
surrogate, 68, 48.0, 0.2625
surrogate, 68, 48.0, 0.2625
surrogate, 68, 48.0, 0.2625
surrogate, 68, 48.0, 0.2625
surrogate, 68, 48.0, 0.2625
surrogate, 68, 48.0, 0.2625
surrogate, 68, 48.0, 0.2625
surrogate, 68, 48.0, 0.2625
surrogate, 68, 48.0, 0.2625
surrogate, 68, 48.0, 0.2625
surrogate, 68, 48.0, 0.2625
surrogate, 68, 48.0, 0.2625
surrogate, 68, 48.0, 0.2625
surrogate, 68, 48.0, 0.2625
surrogate, 68, 48.0, 0.2625
surrogate, 68, 48.0, 0.2625
surrogate, 68, 48.0, 0.2625
surrogate, 68, 48.0, 0.2625
surrogate, 68, 48.0, 0.2625
surrogate, 68, 48.0, 0.2625
surrogate, 68, 48.0, 0.2625
surrogate, 68, 48.0, 0.2625
surrogate, 68, 48.0, 0.2625
surrogate, 68, 48.0, 0.2625
surrogate, 68, 48.0, 0.2625
surrogate, 68, 48.0, 0.2625
surrogate, 68, 48.0, 0.2625
surrogate, 68, 48.0, 0.2625
surrogate, 68, 48.0, 0.2625
surrogate, 68, 48.0, 0.2625
surrogate, 68, 48.0, 0.2625
surrogate, 68, 48.0, 0.2625
surrogate, 68, 48.0, 0.2625
surrogate, 68, 48.0, 0.2625
surrogate, 68, 48.0, 0.2625
surrogate, 68, 48.0, 0.2625
surrogate, 68, 48.0, 0.2625
surrogate, 68, 48.0, 0.2625
surrogate, 68, 48.0, 0.2625
surrogate, 68, 48.0, 0.2625
surrogate, 68, 48.0, 0.2625
surrogate, 68, 48.0, 0.2625
surrogate, 68, 48.0, 0.2625
surrogate, 68, 47.0, 0.25
surrogate, 68, 47.0, 0.25
surrogate, 68, 47.0, 0.25
surrogate, 68, 47.0, 0.25
surrogate, 68, 47.0, 0.25
surrogate, 68, 47.0, 0.25
surrogate, 68, 47.0, 0.25
surrogate, 68, 47.0, 0.25
surrogate, 68, 47.0, 0.25
surrogate, 68, 47.0, 0.25
surrogate, 68, 47.0, 0.25
surrogate, 68, 47.0, 0.25
surrogate, 68, 47.0, 0.25
surrogate, 68, 47.0, 0.25
surrogate, 68, 47.0, 0.25
surrogate, 68, 47.0, 0.25
surrogate, 68, 47.0, 0.25
surrogate, 68, 47.0, 0.25
surrogate, 68, 47.0, 0.25
surrogate, 68, 47.0, 0.25
surrogate, 68, 47.0, 0.25
surrogate, 68, 47.0, 0.25
surrogate, 68, 47.0, 0.25
surrogate, 68, 47.0, 0.25
surrogate, 68, 47.0, 0.25
surrogate, 68, 47.0, 0.25
surrogate, 68, 47.0, 0.25
surrogate, 68, 47.0, 0.25
surrogate, 68, 47.0, 0.25
surrogate, 68, 47.0, 0.25
surrogate, 68, 47.0, 0.25
surrogate, 68, 47.0, 0.25
surrogate, 68, 47.0, 0.25
surrogate, 68, 47.0, 0.25
surrogate, 68, 47.0, 0.25
surrogate, 68, 47.0, 0.25
surrogate, 68, 47.0, 0.25
surrogate, 68, 47.0, 0.25
surrogate, 68, 47.0, 0.25
surrogate, 68, 47.0, 0.25
surrogate, 68, 47.0, 0.25
surrogate, 68, 47.0, 0.25
surrogate, 68, 47.0, 0.25
surrogate, 68, 47.0, 0.25
surrogate, 68, 47.0, 0.25
surrogate, 68, 47.0, 0.25
surrogate, 68, 47.0, 0.25
surrogate, 68, 47.0, 0.25
surrogate, 68, 47.0, 0.25
surrogate, 68, 47.0, 0.25
surrogate, 68, 47.0, 0.25
surrogate, 68, 47.0, 0.25
surrogate, 68, 47.0, 0.25
surrogate, 68, 47.0, 0.25
surrogate, 68, 47.0, 0.25
surrogate, 68, 47.0, 0.25
surrogate, 68, 47.0, 0.25
surrogate, 69, 49.0, 0.2875
surrogate, 69, 49.0, 0.2875
surrogate, 69, 49.0, 0.2875
surrogate, 69, 49.0, 0.2875
surrogate, 69, 49.0, 0.2875
surrogate, 69, 49.0, 0.2875
surrogate, 69, 49.0, 0.2875
surrogate, 69, 49.0, 0.2875
surrogate, 69, 49.0, 0.2875
surrogate, 69, 49.0, 0.2875
surrogate, 69, 49.0, 0.2875
surrogate, 69, 49.0, 0.2875
surrogate, 69, 49.0, 0.2875
surrogate, 69, 49.0, 0.2875
surrogate, 69, 49.0, 0.2875
surrogate, 69, 49.0, 0.2875
surrogate, 69, 49.0, 0.2875
surrogate, 69, 49.0, 0.2875
surrogate, 69, 49.0, 0.2875
surrogate, 69, 49.0, 0.2875
surrogate, 69, 49.0, 0.2875
surrogate, 69, 49.0, 0.2875
surrogate, 69, 49.0, 0.2875
surrogate, 69, 49.0, 0.2875
surrogate, 69, 49.0, 0.2875
surrogate, 69, 49.0, 0.2875
surrogate, 69, 49.0, 0.2875
surrogate, 69, 49.0, 0.2875
surrogate, 69, 49.0, 0.2875
surrogate, 69, 49.0, 0.2875
surrogate, 69, 49.0, 0.2875
surrogate, 69, 49.0, 0.2875
surrogate, 69, 49.0, 0.2875
surrogate, 69, 49.0, 0.2875
surrogate, 69, 49.0, 0.2875
surrogate, 69, 49.0, 0.2875
surrogate, 69, 49.0, 0.2875
surrogate, 69, 49.0, 0.2875
surrogate, 69, 49.0, 0.2875
surrogate, 69, 49.0, 0.2875
surrogate, 69, 49.0, 0.2875
surrogate, 69, 49.0, 0.2875
surrogate, 69, 49.0, 0.2875
surrogate, 69, 48.0, 0.2625
surrogate, 69, 48.0, 0.2625
surrogate, 69, 48.0, 0.2625
surrogate, 69, 48.0, 0.2625
surrogate, 69, 48.0, 0.2625
surrogate, 69, 48.0, 0.2625
surrogate, 69, 48.0, 0.2625
surrogate, 69, 48.0, 0.2625
surrogate, 69, 48.0, 0.2625
surrogate, 69, 48.0, 0.2625
surrogate, 69, 48.0, 0.2625
surrogate, 69, 48.0, 0.2625
surrogate, 69, 48.0, 0.2625
surrogate, 69, 48.0, 0.2625
surrogate, 69, 48.0, 0.2625
surrogate, 69, 48.0, 0.2625
surrogate, 69, 48.0, 0.2625
surrogate, 69, 48.0, 0.2625
surrogate, 69, 48.0, 0.2625
surrogate, 69, 48.0, 0.2625
surrogate, 69, 48.0, 0.2625
surrogate, 69, 48.0, 0.2625
surrogate, 69, 48.0, 0.2625
surrogate, 69, 48.0, 0.2625
surrogate, 69, 48.0, 0.2625
surrogate, 69, 48.0, 0.2625
surrogate, 69, 48.0, 0.2625
surrogate, 69, 48.0, 0.2625
surrogate, 69, 48.0, 0.2625
surrogate, 69, 48.0, 0.2625
surrogate, 69, 48.0, 0.2625
surrogate, 69, 48.0, 0.2625
surrogate, 69, 48.0, 0.2625
surrogate, 69, 48.0, 0.2625
surrogate, 69, 48.0, 0.2625
surrogate, 69, 48.0, 0.2625
surrogate, 69, 48.0, 0.2625
surrogate, 69, 48.0, 0.2625
surrogate, 69, 48.0, 0.2625
surrogate, 69, 48.0, 0.2625
surrogate, 69, 48.0, 0.2625
surrogate, 69, 48.0, 0.2625
surrogate, 69, 48.0, 0.2625
surrogate, 69, 48.0, 0.2625
surrogate, 69, 48.0, 0.2625
surrogate, 69, 48.0, 0.2625
surrogate, 69, 48.0, 0.2625
surrogate, 69, 48.0, 0.2625
surrogate, 69, 48.0, 0.2625
surrogate, 69, 48.0, 0.2625
surrogate, 69, 48.0, 0.2625
surrogate, 69, 48.0, 0.2625
surrogate, 69, 48.0, 0.2625
surrogate, 69, 48.0, 0.2625
surrogate, 69, 48.0, 0.2625
surrogate, 69, 47.0, 0.25
surrogate, 69, 47.0, 0.25
surrogate, 69, 47.0, 0.25
surrogate, 69, 47.0, 0.25
surrogate, 69, 47.0, 0.25
surrogate, 69, 47.0, 0.25
surrogate, 69, 47.0, 0.25
surrogate, 69, 47.0, 0.25
surrogate, 69, 47.0, 0.25
surrogate, 69, 47.0, 0.25
surrogate, 69, 47.0, 0.25
surrogate, 69, 47.0, 0.25
surrogate, 69, 47.0, 0.25
surrogate, 69, 47.0, 0.25
surrogate, 69, 47.0, 0.25
surrogate, 69, 47.0, 0.25
surrogate, 69, 47.0, 0.25
surrogate, 69, 47.0, 0.25
surrogate, 69, 47.0, 0.25
surrogate, 69, 47.0, 0.25
surrogate, 69, 47.0, 0.25
surrogate, 69, 47.0, 0.25
surrogate, 69, 47.0, 0.25
surrogate, 69, 47.0, 0.25
surrogate, 69, 47.0, 0.25
surrogate, 69, 47.0, 0.25
surrogate, 69, 47.0, 0.25
surrogate, 69, 47.0, 0.25
surrogate, 69, 47.0, 0.25
surrogate, 69, 47.0, 0.25
surrogate, 69, 47.0, 0.25
surrogate, 69, 47.0, 0.25
surrogate, 69, 47.0, 0.25
surrogate, 69, 47.0, 0.25
surrogate, 69, 47.0, 0.25
surrogate, 69, 47.0, 0.25
surrogate, 69, 47.0, 0.25
surrogate, 69, 47.0, 0.25
surrogate, 69, 47.0, 0.25
surrogate, 69, 47.0, 0.25
surrogate, 69, 47.0, 0.25
surrogate, 69, 47.0, 0.25
surrogate, 69, 47.0, 0.25
surrogate, 69, 47.0, 0.25
surrogate, 69, 47.0, 0.25
surrogate, 69, 47.0, 0.25
surrogate, 69, 47.0, 0.25
surrogate, 69, 47.0, 0.25
surrogate, 69, 47.0, 0.25
surrogate, 69, 47.0, 0.25
surrogate, 69, 47.0, 0.25
surrogate, 69, 47.0, 0.25
surrogate, 69, 47.0, 0.25
surrogate, 69, 47.0, 0.25
surrogate, 69, 47.0, 0.25
surrogate, 69, 47.0, 0.25
surrogate, 69, 47.0, 0.25
surrogate, 69, 47.0, 0.25
surrogate, 70, 49.0, 0.2875
surrogate, 70, 49.0, 0.2875
surrogate, 70, 49.0, 0.2875
surrogate, 70, 49.0, 0.2875
surrogate, 70, 49.0, 0.2875
surrogate, 70, 49.0, 0.2875
surrogate, 70, 49.0, 0.2875
surrogate, 70, 49.0, 0.2875
surrogate, 70, 49.0, 0.2875
surrogate, 70, 49.0, 0.2875
surrogate, 70, 49.0, 0.2875
surrogate, 70, 49.0, 0.2875
surrogate, 70, 49.0, 0.2875
surrogate, 70, 49.0, 0.2875
surrogate, 70, 49.0, 0.2875
surrogate, 70, 49.0, 0.2875
surrogate, 70, 49.0, 0.2875
surrogate, 70, 49.0, 0.2875
surrogate, 70, 49.0, 0.2875
surrogate, 70, 49.0, 0.2875
surrogate, 70, 49.0, 0.2875
surrogate, 70, 49.0, 0.2875
surrogate, 70, 49.0, 0.2875
surrogate, 70, 49.0, 0.2875
surrogate, 70, 49.0, 0.2875
surrogate, 70, 49.0, 0.2875
surrogate, 70, 49.0, 0.2875
surrogate, 70, 49.0, 0.2875
surrogate, 70, 49.0, 0.2875
surrogate, 70, 49.0, 0.2875
surrogate, 70, 49.0, 0.2875
surrogate, 70, 49.0, 0.2875
surrogate, 70, 49.0, 0.2875
surrogate, 70, 49.0, 0.2875
surrogate, 70, 49.0, 0.2875
surrogate, 70, 49.0, 0.2875
surrogate, 70, 49.0, 0.2875
surrogate, 70, 49.0, 0.2875
surrogate, 70, 49.0, 0.2875
surrogate, 70, 49.0, 0.2875
surrogate, 70, 49.0, 0.2875
surrogate, 70, 49.0, 0.2875
surrogate, 70, 49.0, 0.2875
surrogate, 70, 48.0, 0.2625
surrogate, 70, 48.0, 0.2625
surrogate, 70, 48.0, 0.2625
surrogate, 70, 48.0, 0.2625
surrogate, 70, 48.0, 0.2625
surrogate, 70, 48.0, 0.2625
surrogate, 70, 48.0, 0.2625
surrogate, 70, 48.0, 0.2625
surrogate, 70, 48.0, 0.2625
surrogate, 70, 48.0, 0.2625
surrogate, 70, 48.0, 0.2625
surrogate, 70, 48.0, 0.2625
surrogate, 70, 48.0, 0.2625
surrogate, 70, 48.0, 0.2625
surrogate, 70, 48.0, 0.2625
surrogate, 70, 48.0, 0.2625
surrogate, 70, 48.0, 0.2625
surrogate, 70, 48.0, 0.2625
surrogate, 70, 48.0, 0.2625
surrogate, 70, 48.0, 0.2625
surrogate, 70, 48.0, 0.2625
surrogate, 70, 48.0, 0.2625
surrogate, 70, 48.0, 0.2625
surrogate, 70, 48.0, 0.2625
surrogate, 70, 48.0, 0.2625
surrogate, 70, 48.0, 0.2625
surrogate, 70, 48.0, 0.2625
surrogate, 70, 48.0, 0.2625
surrogate, 70, 48.0, 0.2625
surrogate, 70, 48.0, 0.2625
surrogate, 70, 48.0, 0.2625
surrogate, 70, 48.0, 0.2625
surrogate, 70, 48.0, 0.2625
surrogate, 70, 48.0, 0.2625
surrogate, 70, 48.0, 0.2625
surrogate, 70, 48.0, 0.2625
surrogate, 70, 48.0, 0.2625
surrogate, 70, 48.0, 0.2625
surrogate, 70, 48.0, 0.2625
surrogate, 70, 48.0, 0.2625
surrogate, 70, 48.0, 0.2625
surrogate, 70, 48.0, 0.2625
surrogate, 70, 48.0, 0.2625
surrogate, 70, 48.0, 0.2625
surrogate, 70, 48.0, 0.2625
surrogate, 70, 48.0, 0.2625
surrogate, 70, 48.0, 0.2625
surrogate, 70, 48.0, 0.2625
surrogate, 70, 48.0, 0.2625
surrogate, 70, 48.0, 0.2625
surrogate, 70, 48.0, 0.2625
surrogate, 70, 48.0, 0.2625
surrogate, 70, 48.0, 0.2625
surrogate, 70, 48.0, 0.2625
surrogate, 70, 48.0, 0.2625
surrogate, 70, 48.0, 0.2625
surrogate, 70, 47.0, 0.25
surrogate, 70, 47.0, 0.25
surrogate, 70, 47.0, 0.25
surrogate, 70, 47.0, 0.25
surrogate, 70, 47.0, 0.25
surrogate, 70, 47.0, 0.25
surrogate, 70, 47.0, 0.25
surrogate, 70, 47.0, 0.25
surrogate, 70, 47.0, 0.25
surrogate, 70, 47.0, 0.25
surrogate, 70, 47.0, 0.25
surrogate, 70, 47.0, 0.25
surrogate, 70, 47.0, 0.25
surrogate, 70, 47.0, 0.25
surrogate, 70, 47.0, 0.25
surrogate, 70, 47.0, 0.25
surrogate, 70, 47.0, 0.25
surrogate, 70, 47.0, 0.25
surrogate, 70, 47.0, 0.25
surrogate, 70, 47.0, 0.25
surrogate, 70, 47.0, 0.25
surrogate, 70, 47.0, 0.25
surrogate, 70, 47.0, 0.25
surrogate, 70, 47.0, 0.25
surrogate, 70, 47.0, 0.25
surrogate, 70, 47.0, 0.25
surrogate, 70, 47.0, 0.25
surrogate, 70, 47.0, 0.25
surrogate, 70, 47.0, 0.25
surrogate, 70, 47.0, 0.25
surrogate, 70, 47.0, 0.25
surrogate, 70, 47.0, 0.25
surrogate, 70, 47.0, 0.25
surrogate, 70, 47.0, 0.25
surrogate, 70, 47.0, 0.25
surrogate, 70, 47.0, 0.25
surrogate, 70, 47.0, 0.25
surrogate, 70, 47.0, 0.25
surrogate, 70, 47.0, 0.25
surrogate, 70, 47.0, 0.25
surrogate, 70, 47.0, 0.25
surrogate, 70, 47.0, 0.25
surrogate, 70, 47.0, 0.25
surrogate, 70, 47.0, 0.25
surrogate, 70, 47.0, 0.25
surrogate, 70, 47.0, 0.25
surrogate, 70, 47.0, 0.25
surrogate, 70, 47.0, 0.25
surrogate, 70, 47.0, 0.25
surrogate, 70, 47.0, 0.25
surrogate, 70, 47.0, 0.25
surrogate, 70, 47.0, 0.25
surrogate, 70, 47.0, 0.25
surrogate, 70, 47.0, 0.25
surrogate, 70, 47.0, 0.25
surrogate, 70, 47.0, 0.25
surrogate, 70, 47.0, 0.25
surrogate, 70, 47.0, 0.25
surrogate, 70, 47.0, 0.25
surrogate, 71, 49.0, 0.2875
surrogate, 71, 49.0, 0.2875
surrogate, 71, 49.0, 0.2875
surrogate, 71, 49.0, 0.2875
surrogate, 71, 49.0, 0.2875
surrogate, 71, 49.0, 0.2875
surrogate, 71, 49.0, 0.2875
surrogate, 71, 49.0, 0.2875
surrogate, 71, 49.0, 0.2875
surrogate, 71, 49.0, 0.2875
surrogate, 71, 49.0, 0.2875
surrogate, 71, 49.0, 0.2875
surrogate, 71, 49.0, 0.2875
surrogate, 71, 49.0, 0.2875
surrogate, 71, 49.0, 0.2875
surrogate, 71, 49.0, 0.2875
surrogate, 71, 49.0, 0.2875
surrogate, 71, 49.0, 0.2875
surrogate, 71, 49.0, 0.2875
surrogate, 71, 49.0, 0.2875
surrogate, 71, 49.0, 0.2875
surrogate, 71, 49.0, 0.2875
surrogate, 71, 49.0, 0.2875
surrogate, 71, 49.0, 0.2875
surrogate, 71, 49.0, 0.2875
surrogate, 71, 49.0, 0.2875
surrogate, 71, 49.0, 0.2875
surrogate, 71, 49.0, 0.2875
surrogate, 71, 49.0, 0.2875
surrogate, 71, 49.0, 0.2875
surrogate, 71, 49.0, 0.2875
surrogate, 71, 49.0, 0.2875
surrogate, 71, 49.0, 0.2875
surrogate, 71, 49.0, 0.2875
surrogate, 71, 49.0, 0.2875
surrogate, 71, 49.0, 0.2875
surrogate, 71, 49.0, 0.2875
surrogate, 71, 49.0, 0.2875
surrogate, 71, 49.0, 0.2875
surrogate, 71, 49.0, 0.2875
surrogate, 71, 49.0, 0.2875
surrogate, 71, 49.0, 0.2875
surrogate, 71, 49.0, 0.2875
surrogate, 71, 48.0, 0.2625
surrogate, 71, 48.0, 0.2625
surrogate, 71, 48.0, 0.2625
surrogate, 71, 48.0, 0.2625
surrogate, 71, 48.0, 0.2625
surrogate, 71, 48.0, 0.2625
surrogate, 71, 48.0, 0.2625
surrogate, 71, 48.0, 0.2625
surrogate, 71, 48.0, 0.2625
surrogate, 71, 48.0, 0.2625
surrogate, 71, 48.0, 0.2625
surrogate, 71, 48.0, 0.2625
surrogate, 71, 48.0, 0.2625
surrogate, 71, 48.0, 0.2625
surrogate, 71, 48.0, 0.2625
surrogate, 71, 48.0, 0.2625
surrogate, 71, 48.0, 0.2625
surrogate, 71, 48.0, 0.2625
surrogate, 71, 48.0, 0.2625
surrogate, 71, 48.0, 0.2625
surrogate, 71, 48.0, 0.2625
surrogate, 71, 48.0, 0.2625
surrogate, 71, 48.0, 0.2625
surrogate, 71, 48.0, 0.2625
surrogate, 71, 48.0, 0.2625
surrogate, 71, 48.0, 0.2625
surrogate, 71, 48.0, 0.2625
surrogate, 71, 48.0, 0.2625
surrogate, 71, 48.0, 0.2625
surrogate, 71, 48.0, 0.2625
surrogate, 71, 48.0, 0.2625
surrogate, 71, 48.0, 0.2625
surrogate, 71, 48.0, 0.2625
surrogate, 71, 48.0, 0.2625
surrogate, 71, 48.0, 0.2625
surrogate, 71, 48.0, 0.2625
surrogate, 71, 48.0, 0.2625
surrogate, 71, 48.0, 0.2625
surrogate, 71, 48.0, 0.2625
surrogate, 71, 48.0, 0.2625
surrogate, 71, 48.0, 0.2625
surrogate, 71, 48.0, 0.2625
surrogate, 71, 48.0, 0.2625
surrogate, 71, 48.0, 0.2625
surrogate, 71, 48.0, 0.2625
surrogate, 71, 48.0, 0.2625
surrogate, 71, 48.0, 0.2625
surrogate, 71, 48.0, 0.2625
surrogate, 71, 48.0, 0.2625
surrogate, 71, 48.0, 0.2625
surrogate, 71, 48.0, 0.2625
surrogate, 71, 48.0, 0.2625
surrogate, 71, 48.0, 0.2625
surrogate, 71, 48.0, 0.2625
surrogate, 71, 48.0, 0.2625
surrogate, 71, 48.0, 0.2625
surrogate, 71, 48.0, 0.2625
surrogate, 71, 47.0, 0.25
surrogate, 71, 47.0, 0.25
surrogate, 71, 47.0, 0.25
surrogate, 71, 47.0, 0.25
surrogate, 71, 47.0, 0.25
surrogate, 71, 47.0, 0.25
surrogate, 71, 47.0, 0.25
surrogate, 71, 47.0, 0.25
surrogate, 71, 47.0, 0.25
surrogate, 71, 47.0, 0.25
surrogate, 71, 47.0, 0.25
surrogate, 71, 47.0, 0.25
surrogate, 71, 47.0, 0.25
surrogate, 71, 47.0, 0.25
surrogate, 71, 47.0, 0.25
surrogate, 71, 47.0, 0.25
surrogate, 71, 47.0, 0.25
surrogate, 71, 47.0, 0.25
surrogate, 71, 47.0, 0.25
surrogate, 71, 47.0, 0.25
surrogate, 71, 47.0, 0.25
surrogate, 71, 47.0, 0.25
surrogate, 71, 47.0, 0.25
surrogate, 71, 47.0, 0.25
surrogate, 71, 47.0, 0.25
surrogate, 71, 47.0, 0.25
surrogate, 71, 47.0, 0.25
surrogate, 71, 47.0, 0.25
surrogate, 71, 47.0, 0.25
surrogate, 71, 47.0, 0.25
surrogate, 71, 47.0, 0.25
surrogate, 71, 47.0, 0.25
surrogate, 71, 47.0, 0.25
surrogate, 71, 47.0, 0.25
surrogate, 71, 47.0, 0.25
surrogate, 71, 47.0, 0.25
surrogate, 71, 47.0, 0.25
surrogate, 71, 47.0, 0.25
surrogate, 71, 47.0, 0.25
surrogate, 71, 47.0, 0.25
surrogate, 71, 47.0, 0.25
surrogate, 71, 47.0, 0.25
surrogate, 71, 47.0, 0.25
surrogate, 71, 47.0, 0.25
surrogate, 71, 47.0, 0.25
surrogate, 71, 47.0, 0.25
surrogate, 71, 47.0, 0.25
surrogate, 71, 47.0, 0.25
surrogate, 71, 47.0, 0.25
surrogate, 71, 47.0, 0.25
surrogate, 71, 47.0, 0.25
surrogate, 71, 47.0, 0.25
surrogate, 71, 47.0, 0.25
surrogate, 71, 47.0, 0.25
surrogate, 71, 47.0, 0.25
surrogate, 71, 47.0, 0.25
surrogate, 71, 47.0, 0.25
surrogate, 71, 47.0, 0.25
surrogate, 71, 47.0, 0.25
surrogate, 71, 47.0, 0.25
surrogate, 72, 49.0, 0.2875
surrogate, 72, 49.0, 0.2875
surrogate, 72, 49.0, 0.2875
surrogate, 72, 49.0, 0.2875
surrogate, 72, 49.0, 0.2875
surrogate, 72, 49.0, 0.2875
surrogate, 72, 49.0, 0.2875
surrogate, 72, 49.0, 0.2875
surrogate, 72, 49.0, 0.2875
surrogate, 72, 49.0, 0.2875
surrogate, 72, 49.0, 0.2875
surrogate, 72, 49.0, 0.2875
surrogate, 72, 49.0, 0.2875
surrogate, 72, 49.0, 0.2875
surrogate, 72, 49.0, 0.2875
surrogate, 72, 49.0, 0.2875
surrogate, 72, 49.0, 0.2875
surrogate, 72, 49.0, 0.2875
surrogate, 72, 49.0, 0.2875
surrogate, 72, 49.0, 0.2875
surrogate, 72, 49.0, 0.2875
surrogate, 72, 49.0, 0.2875
surrogate, 72, 49.0, 0.2875
surrogate, 72, 49.0, 0.2875
surrogate, 72, 49.0, 0.2875
surrogate, 72, 49.0, 0.2875
surrogate, 72, 49.0, 0.2875
surrogate, 72, 49.0, 0.2875
surrogate, 72, 49.0, 0.2875
surrogate, 72, 49.0, 0.2875
surrogate, 72, 49.0, 0.2875
surrogate, 72, 49.0, 0.2875
surrogate, 72, 49.0, 0.2875
surrogate, 72, 49.0, 0.2875
surrogate, 72, 49.0, 0.2875
surrogate, 72, 49.0, 0.2875
surrogate, 72, 49.0, 0.2875
surrogate, 72, 49.0, 0.2875
surrogate, 72, 49.0, 0.2875
surrogate, 72, 49.0, 0.2875
surrogate, 72, 49.0, 0.2875
surrogate, 72, 49.0, 0.2875
surrogate, 72, 49.0, 0.2875
surrogate, 72, 48.0, 0.2625
surrogate, 72, 48.0, 0.2625
surrogate, 72, 48.0, 0.2625
surrogate, 72, 48.0, 0.2625
surrogate, 72, 48.0, 0.2625
surrogate, 72, 48.0, 0.2625
surrogate, 72, 48.0, 0.2625
surrogate, 72, 48.0, 0.2625
surrogate, 72, 48.0, 0.2625
surrogate, 72, 48.0, 0.2625
surrogate, 72, 48.0, 0.2625
surrogate, 72, 48.0, 0.2625
surrogate, 72, 48.0, 0.2625
surrogate, 72, 48.0, 0.2625
surrogate, 72, 48.0, 0.2625
surrogate, 72, 48.0, 0.2625
surrogate, 72, 48.0, 0.2625
surrogate, 72, 48.0, 0.2625
surrogate, 72, 48.0, 0.2625
surrogate, 72, 48.0, 0.2625
surrogate, 72, 48.0, 0.2625
surrogate, 72, 48.0, 0.2625
surrogate, 72, 48.0, 0.2625
surrogate, 72, 48.0, 0.2625
surrogate, 72, 48.0, 0.2625
surrogate, 72, 48.0, 0.2625
surrogate, 72, 48.0, 0.2625
surrogate, 72, 48.0, 0.2625
surrogate, 72, 48.0, 0.2625
surrogate, 72, 48.0, 0.2625
surrogate, 72, 48.0, 0.2625
surrogate, 72, 48.0, 0.2625
surrogate, 72, 48.0, 0.2625
surrogate, 72, 48.0, 0.2625
surrogate, 72, 48.0, 0.2625
surrogate, 72, 48.0, 0.2625
surrogate, 72, 48.0, 0.2625
surrogate, 72, 48.0, 0.2625
surrogate, 72, 48.0, 0.2625
surrogate, 72, 48.0, 0.2625
surrogate, 72, 48.0, 0.2625
surrogate, 72, 48.0, 0.2625
surrogate, 72, 48.0, 0.2625
surrogate, 72, 48.0, 0.2625
surrogate, 72, 48.0, 0.2625
surrogate, 72, 48.0, 0.2625
surrogate, 72, 48.0, 0.2625
surrogate, 72, 48.0, 0.2625
surrogate, 72, 48.0, 0.2625
surrogate, 72, 48.0, 0.2625
surrogate, 72, 48.0, 0.2625
surrogate, 72, 48.0, 0.2625
surrogate, 72, 48.0, 0.2625
surrogate, 72, 48.0, 0.2625
surrogate, 72, 48.0, 0.2625
surrogate, 72, 48.0, 0.2625
surrogate, 72, 48.0, 0.2625
surrogate, 72, 48.0, 0.2625
surrogate, 72, 47.0, 0.25
surrogate, 72, 47.0, 0.25
surrogate, 72, 47.0, 0.25
surrogate, 72, 47.0, 0.25
surrogate, 72, 47.0, 0.25
surrogate, 72, 47.0, 0.25
surrogate, 72, 47.0, 0.25
surrogate, 72, 47.0, 0.25
surrogate, 72, 47.0, 0.25
surrogate, 72, 47.0, 0.25
surrogate, 72, 47.0, 0.25
surrogate, 72, 47.0, 0.25
surrogate, 72, 47.0, 0.25
surrogate, 72, 47.0, 0.25
surrogate, 72, 47.0, 0.25
surrogate, 72, 47.0, 0.25
surrogate, 72, 47.0, 0.25
surrogate, 72, 47.0, 0.25
surrogate, 72, 47.0, 0.25
surrogate, 72, 47.0, 0.25
surrogate, 72, 47.0, 0.25
surrogate, 72, 47.0, 0.25
surrogate, 72, 47.0, 0.25
surrogate, 72, 47.0, 0.25
surrogate, 72, 47.0, 0.25
surrogate, 72, 47.0, 0.25
surrogate, 72, 47.0, 0.25
surrogate, 72, 47.0, 0.25
surrogate, 72, 47.0, 0.25
surrogate, 72, 47.0, 0.25
surrogate, 72, 47.0, 0.25
surrogate, 72, 47.0, 0.25
surrogate, 72, 47.0, 0.25
surrogate, 72, 47.0, 0.25
surrogate, 72, 47.0, 0.25
surrogate, 72, 47.0, 0.25
surrogate, 72, 47.0, 0.25
surrogate, 72, 47.0, 0.25
surrogate, 72, 47.0, 0.25
surrogate, 72, 47.0, 0.25
surrogate, 72, 47.0, 0.25
surrogate, 72, 47.0, 0.25
surrogate, 72, 47.0, 0.25
surrogate, 72, 47.0, 0.25
surrogate, 72, 47.0, 0.25
surrogate, 72, 47.0, 0.25
surrogate, 72, 47.0, 0.25
surrogate, 72, 47.0, 0.25
surrogate, 72, 47.0, 0.25
surrogate, 72, 47.0, 0.25
surrogate, 72, 47.0, 0.25
surrogate, 72, 47.0, 0.25
surrogate, 72, 47.0, 0.25
surrogate, 72, 47.0, 0.25
surrogate, 72, 47.0, 0.25
surrogate, 72, 47.0, 0.25
surrogate, 72, 47.0, 0.25
surrogate, 72, 47.0, 0.25
surrogate, 72, 47.0, 0.25
surrogate, 72, 47.0, 0.25
surrogate, 72, 47.0, 0.25
surrogate, 73, 49.0, 0.2875
surrogate, 73, 49.0, 0.2875
surrogate, 73, 49.0, 0.2875
surrogate, 73, 49.0, 0.2875
surrogate, 73, 49.0, 0.2875
surrogate, 73, 49.0, 0.2875
surrogate, 73, 49.0, 0.2875
surrogate, 73, 49.0, 0.2875
surrogate, 73, 49.0, 0.2875
surrogate, 73, 49.0, 0.2875
surrogate, 73, 49.0, 0.2875
surrogate, 73, 49.0, 0.2875
surrogate, 73, 49.0, 0.2875
surrogate, 73, 49.0, 0.2875
surrogate, 73, 49.0, 0.2875
surrogate, 73, 49.0, 0.2875
surrogate, 73, 49.0, 0.2875
surrogate, 73, 49.0, 0.2875
surrogate, 73, 49.0, 0.2875
surrogate, 73, 49.0, 0.2875
surrogate, 73, 49.0, 0.2875
surrogate, 73, 49.0, 0.2875
surrogate, 73, 49.0, 0.2875
surrogate, 73, 49.0, 0.2875
surrogate, 73, 49.0, 0.2875
surrogate, 73, 49.0, 0.2875
surrogate, 73, 49.0, 0.2875
surrogate, 73, 49.0, 0.2875
surrogate, 73, 49.0, 0.2875
surrogate, 73, 49.0, 0.2875
surrogate, 73, 49.0, 0.2875
surrogate, 73, 49.0, 0.2875
surrogate, 73, 49.0, 0.2875
surrogate, 73, 49.0, 0.2875
surrogate, 73, 49.0, 0.2875
surrogate, 73, 49.0, 0.2875
surrogate, 73, 49.0, 0.2875
surrogate, 73, 49.0, 0.2875
surrogate, 73, 49.0, 0.2875
surrogate, 73, 49.0, 0.2875
surrogate, 73, 49.0, 0.2875
surrogate, 73, 49.0, 0.2875
surrogate, 73, 49.0, 0.2875
surrogate, 73, 49.0, 0.2875
surrogate, 73, 48.0, 0.2625
surrogate, 73, 48.0, 0.2625
surrogate, 73, 48.0, 0.2625
surrogate, 73, 48.0, 0.2625
surrogate, 73, 48.0, 0.2625
surrogate, 73, 48.0, 0.2625
surrogate, 73, 48.0, 0.2625
surrogate, 73, 48.0, 0.2625
surrogate, 73, 48.0, 0.2625
surrogate, 73, 48.0, 0.2625
surrogate, 73, 48.0, 0.2625
surrogate, 73, 48.0, 0.2625
surrogate, 73, 48.0, 0.2625
surrogate, 73, 48.0, 0.2625
surrogate, 73, 48.0, 0.2625
surrogate, 73, 48.0, 0.2625
surrogate, 73, 48.0, 0.2625
surrogate, 73, 48.0, 0.2625
surrogate, 73, 48.0, 0.2625
surrogate, 73, 48.0, 0.2625
surrogate, 73, 48.0, 0.2625
surrogate, 73, 48.0, 0.2625
surrogate, 73, 48.0, 0.2625
surrogate, 73, 48.0, 0.2625
surrogate, 73, 48.0, 0.2625
surrogate, 73, 48.0, 0.2625
surrogate, 73, 48.0, 0.2625
surrogate, 73, 48.0, 0.2625
surrogate, 73, 48.0, 0.2625
surrogate, 73, 48.0, 0.2625
surrogate, 73, 48.0, 0.2625
surrogate, 73, 48.0, 0.2625
surrogate, 73, 48.0, 0.2625
surrogate, 73, 48.0, 0.2625
surrogate, 73, 48.0, 0.2625
surrogate, 73, 48.0, 0.2625
surrogate, 73, 48.0, 0.2625
surrogate, 73, 48.0, 0.2625
surrogate, 73, 48.0, 0.2625
surrogate, 73, 48.0, 0.2625
surrogate, 73, 48.0, 0.2625
surrogate, 73, 48.0, 0.2625
surrogate, 73, 48.0, 0.2625
surrogate, 73, 48.0, 0.2625
surrogate, 73, 48.0, 0.2625
surrogate, 73, 48.0, 0.2625
surrogate, 73, 48.0, 0.2625
surrogate, 73, 48.0, 0.2625
surrogate, 73, 48.0, 0.2625
surrogate, 73, 48.0, 0.2625
surrogate, 73, 48.0, 0.2625
surrogate, 73, 48.0, 0.2625
surrogate, 73, 48.0, 0.2625
surrogate, 73, 48.0, 0.2625
surrogate, 73, 48.0, 0.2625
surrogate, 73, 48.0, 0.2625
surrogate, 73, 48.0, 0.2625
surrogate, 73, 48.0, 0.2625
surrogate, 73, 48.0, 0.2625
surrogate, 73, 47.0, 0.25
surrogate, 73, 47.0, 0.25
surrogate, 73, 47.0, 0.25
surrogate, 73, 47.0, 0.25
surrogate, 73, 47.0, 0.25
surrogate, 73, 47.0, 0.25
surrogate, 73, 47.0, 0.25
surrogate, 73, 47.0, 0.25
surrogate, 73, 47.0, 0.25
surrogate, 73, 47.0, 0.25
surrogate, 73, 47.0, 0.25
surrogate, 73, 47.0, 0.25
surrogate, 73, 47.0, 0.25
surrogate, 73, 47.0, 0.25
surrogate, 73, 47.0, 0.25
surrogate, 73, 47.0, 0.25
surrogate, 73, 47.0, 0.25
surrogate, 73, 47.0, 0.25
surrogate, 73, 47.0, 0.25
surrogate, 73, 47.0, 0.25
surrogate, 73, 47.0, 0.25
surrogate, 73, 47.0, 0.25
surrogate, 73, 47.0, 0.25
surrogate, 73, 47.0, 0.25
surrogate, 73, 47.0, 0.25
surrogate, 73, 47.0, 0.25
surrogate, 73, 47.0, 0.25
surrogate, 73, 47.0, 0.25
surrogate, 73, 47.0, 0.25
surrogate, 73, 47.0, 0.25
surrogate, 73, 47.0, 0.25
surrogate, 73, 47.0, 0.25
surrogate, 73, 47.0, 0.25
surrogate, 73, 47.0, 0.25
surrogate, 73, 47.0, 0.25
surrogate, 73, 47.0, 0.25
surrogate, 73, 47.0, 0.25
surrogate, 73, 47.0, 0.25
surrogate, 73, 47.0, 0.25
surrogate, 73, 47.0, 0.25
surrogate, 73, 47.0, 0.25
surrogate, 73, 47.0, 0.25
surrogate, 73, 47.0, 0.25
surrogate, 73, 47.0, 0.25
surrogate, 73, 47.0, 0.25
surrogate, 73, 47.0, 0.25
surrogate, 73, 47.0, 0.25
surrogate, 73, 47.0, 0.25
surrogate, 73, 47.0, 0.25
surrogate, 73, 47.0, 0.25
surrogate, 73, 47.0, 0.25
surrogate, 73, 47.0, 0.25
surrogate, 73, 47.0, 0.25
surrogate, 73, 47.0, 0.25
surrogate, 73, 47.0, 0.25
surrogate, 73, 47.0, 0.25
surrogate, 73, 47.0, 0.25
surrogate, 73, 47.0, 0.25
surrogate, 73, 47.0, 0.25
surrogate, 73, 47.0, 0.25
surrogate, 73, 47.0, 0.25
surrogate, 73, 47.0, 0.25
surrogate, 74, 49.0, 0.2875
surrogate, 74, 49.0, 0.2875
surrogate, 74, 49.0, 0.2875
surrogate, 74, 49.0, 0.2875
surrogate, 74, 49.0, 0.2875
surrogate, 74, 49.0, 0.2875
surrogate, 74, 49.0, 0.2875
surrogate, 74, 49.0, 0.2875
surrogate, 74, 49.0, 0.2875
surrogate, 74, 49.0, 0.2875
surrogate, 74, 49.0, 0.2875
surrogate, 74, 49.0, 0.2875
surrogate, 74, 49.0, 0.2875
surrogate, 74, 49.0, 0.2875
surrogate, 74, 49.0, 0.2875
surrogate, 74, 49.0, 0.2875
surrogate, 74, 49.0, 0.2875
surrogate, 74, 49.0, 0.2875
surrogate, 74, 49.0, 0.2875
surrogate, 74, 49.0, 0.2875
surrogate, 74, 49.0, 0.2875
surrogate, 74, 49.0, 0.2875
surrogate, 74, 49.0, 0.2875
surrogate, 74, 49.0, 0.2875
surrogate, 74, 49.0, 0.2875
surrogate, 74, 49.0, 0.2875
surrogate, 74, 49.0, 0.2875
surrogate, 74, 49.0, 0.2875
surrogate, 74, 49.0, 0.2875
surrogate, 74, 49.0, 0.2875
surrogate, 74, 49.0, 0.2875
surrogate, 74, 49.0, 0.2875
surrogate, 74, 49.0, 0.2875
surrogate, 74, 49.0, 0.2875
surrogate, 74, 49.0, 0.2875
surrogate, 74, 49.0, 0.2875
surrogate, 74, 49.0, 0.2875
surrogate, 74, 49.0, 0.2875
surrogate, 74, 49.0, 0.2875
surrogate, 74, 49.0, 0.2875
surrogate, 74, 49.0, 0.2875
surrogate, 74, 49.0, 0.2875
surrogate, 74, 49.0, 0.2875
surrogate, 74, 49.0, 0.2875
surrogate, 74, 49.0, 0.2875
surrogate, 74, 48.0, 0.2625
surrogate, 74, 48.0, 0.2625
surrogate, 74, 48.0, 0.2625
surrogate, 74, 48.0, 0.2625
surrogate, 74, 48.0, 0.2625
surrogate, 74, 48.0, 0.2625
surrogate, 74, 48.0, 0.2625
surrogate, 74, 48.0, 0.2625
surrogate, 74, 48.0, 0.2625
surrogate, 74, 48.0, 0.2625
surrogate, 74, 48.0, 0.2625
surrogate, 74, 48.0, 0.2625
surrogate, 74, 48.0, 0.2625
surrogate, 74, 48.0, 0.2625
surrogate, 74, 48.0, 0.2625
surrogate, 74, 48.0, 0.2625
surrogate, 74, 48.0, 0.2625
surrogate, 74, 48.0, 0.2625
surrogate, 74, 48.0, 0.2625
surrogate, 74, 48.0, 0.2625
surrogate, 74, 48.0, 0.2625
surrogate, 74, 48.0, 0.2625
surrogate, 74, 48.0, 0.2625
surrogate, 74, 48.0, 0.2625
surrogate, 74, 48.0, 0.2625
surrogate, 74, 48.0, 0.2625
surrogate, 74, 48.0, 0.2625
surrogate, 74, 48.0, 0.2625
surrogate, 74, 48.0, 0.2625
surrogate, 74, 48.0, 0.2625
surrogate, 74, 48.0, 0.2625
surrogate, 74, 48.0, 0.2625
surrogate, 74, 48.0, 0.2625
surrogate, 74, 48.0, 0.2625
surrogate, 74, 48.0, 0.2625
surrogate, 74, 48.0, 0.2625
surrogate, 74, 48.0, 0.2625
surrogate, 74, 48.0, 0.2625
surrogate, 74, 48.0, 0.2625
surrogate, 74, 48.0, 0.2625
surrogate, 74, 48.0, 0.2625
surrogate, 74, 48.0, 0.2625
surrogate, 74, 48.0, 0.2625
surrogate, 74, 48.0, 0.2625
surrogate, 74, 48.0, 0.2625
surrogate, 74, 48.0, 0.2625
surrogate, 74, 48.0, 0.2625
surrogate, 74, 48.0, 0.2625
surrogate, 74, 48.0, 0.2625
surrogate, 74, 48.0, 0.2625
surrogate, 74, 48.0, 0.2625
surrogate, 74, 48.0, 0.2625
surrogate, 74, 48.0, 0.2625
surrogate, 74, 48.0, 0.2625
surrogate, 74, 48.0, 0.2625
surrogate, 74, 48.0, 0.2625
surrogate, 74, 48.0, 0.2625
surrogate, 74, 48.0, 0.2625
surrogate, 74, 48.0, 0.2625
surrogate, 74, 48.0, 0.2625
surrogate, 74, 47.0, 0.25
surrogate, 74, 47.0, 0.25
surrogate, 74, 47.0, 0.25
surrogate, 74, 47.0, 0.25
surrogate, 74, 47.0, 0.25
surrogate, 74, 47.0, 0.25
surrogate, 74, 47.0, 0.25
surrogate, 74, 47.0, 0.25
surrogate, 74, 47.0, 0.25
surrogate, 74, 47.0, 0.25
surrogate, 74, 47.0, 0.25
surrogate, 74, 47.0, 0.25
surrogate, 74, 47.0, 0.25
surrogate, 74, 47.0, 0.25
surrogate, 74, 47.0, 0.25
surrogate, 74, 47.0, 0.25
surrogate, 74, 47.0, 0.25
surrogate, 74, 47.0, 0.25
surrogate, 74, 47.0, 0.25
surrogate, 74, 47.0, 0.25
surrogate, 74, 47.0, 0.25
surrogate, 74, 47.0, 0.25
surrogate, 74, 47.0, 0.25
surrogate, 74, 47.0, 0.25
surrogate, 74, 47.0, 0.25
surrogate, 74, 47.0, 0.25
surrogate, 74, 47.0, 0.25
surrogate, 74, 47.0, 0.25
surrogate, 74, 47.0, 0.25
surrogate, 74, 47.0, 0.25
surrogate, 74, 47.0, 0.25
surrogate, 74, 47.0, 0.25
surrogate, 74, 47.0, 0.25
surrogate, 74, 47.0, 0.25
surrogate, 74, 47.0, 0.25
surrogate, 74, 47.0, 0.25
surrogate, 74, 47.0, 0.25
surrogate, 74, 47.0, 0.25
surrogate, 74, 47.0, 0.25
surrogate, 74, 47.0, 0.25
surrogate, 74, 47.0, 0.25
surrogate, 74, 47.0, 0.25
surrogate, 74, 47.0, 0.25
surrogate, 74, 47.0, 0.25
surrogate, 74, 47.0, 0.25
surrogate, 74, 47.0, 0.25
surrogate, 74, 47.0, 0.25
surrogate, 74, 47.0, 0.25
surrogate, 74, 47.0, 0.25
surrogate, 74, 47.0, 0.25
surrogate, 74, 47.0, 0.25
surrogate, 74, 47.0, 0.25
surrogate, 74, 47.0, 0.25
surrogate, 74, 47.0, 0.25
surrogate, 74, 47.0, 0.25
surrogate, 74, 47.0, 0.25
surrogate, 74, 47.0, 0.25
surrogate, 74, 47.0, 0.25
surrogate, 74, 47.0, 0.25
surrogate, 74, 47.0, 0.25
surrogate, 74, 47.0, 0.25
surrogate, 74, 47.0, 0.25
surrogate, 74, 47.0, 0.25
surrogate, 75, 49.0, 0.2875
surrogate, 75, 49.0, 0.2875
surrogate, 75, 49.0, 0.2875
surrogate, 75, 49.0, 0.2875
surrogate, 75, 49.0, 0.2875
surrogate, 75, 49.0, 0.2875
surrogate, 75, 49.0, 0.2875
surrogate, 75, 49.0, 0.2875
surrogate, 75, 49.0, 0.2875
surrogate, 75, 49.0, 0.2875
surrogate, 75, 49.0, 0.2875
surrogate, 75, 49.0, 0.2875
surrogate, 75, 49.0, 0.2875
surrogate, 75, 49.0, 0.2875
surrogate, 75, 49.0, 0.2875
surrogate, 75, 49.0, 0.2875
surrogate, 75, 49.0, 0.2875
surrogate, 75, 49.0, 0.2875
surrogate, 75, 49.0, 0.2875
surrogate, 75, 49.0, 0.2875
surrogate, 75, 49.0, 0.2875
surrogate, 75, 49.0, 0.2875
surrogate, 75, 49.0, 0.2875
surrogate, 75, 49.0, 0.2875
surrogate, 75, 49.0, 0.2875
surrogate, 75, 49.0, 0.2875
surrogate, 75, 49.0, 0.2875
surrogate, 75, 49.0, 0.2875
surrogate, 75, 49.0, 0.2875
surrogate, 75, 49.0, 0.2875
surrogate, 75, 49.0, 0.2875
surrogate, 75, 49.0, 0.2875
surrogate, 75, 49.0, 0.2875
surrogate, 75, 49.0, 0.2875
surrogate, 75, 49.0, 0.2875
surrogate, 75, 49.0, 0.2875
surrogate, 75, 49.0, 0.2875
surrogate, 75, 49.0, 0.2875
surrogate, 75, 49.0, 0.2875
surrogate, 75, 49.0, 0.2875
surrogate, 75, 49.0, 0.2875
surrogate, 75, 49.0, 0.2875
surrogate, 75, 49.0, 0.2875
surrogate, 75, 49.0, 0.2875
surrogate, 75, 49.0, 0.2875
surrogate, 75, 49.0, 0.2875
surrogate, 75, 48.0, 0.2625
surrogate, 75, 48.0, 0.2625
surrogate, 75, 48.0, 0.2625
surrogate, 75, 48.0, 0.2625
surrogate, 75, 48.0, 0.2625
surrogate, 75, 48.0, 0.2625
surrogate, 75, 48.0, 0.2625
surrogate, 75, 48.0, 0.2625
surrogate, 75, 48.0, 0.2625
surrogate, 75, 48.0, 0.2625
surrogate, 75, 48.0, 0.2625
surrogate, 75, 48.0, 0.2625
surrogate, 75, 48.0, 0.2625
surrogate, 75, 48.0, 0.2625
surrogate, 75, 48.0, 0.2625
surrogate, 75, 48.0, 0.2625
surrogate, 75, 48.0, 0.2625
surrogate, 75, 48.0, 0.2625
surrogate, 75, 48.0, 0.2625
surrogate, 75, 48.0, 0.2625
surrogate, 75, 48.0, 0.2625
surrogate, 75, 48.0, 0.2625
surrogate, 75, 48.0, 0.2625
surrogate, 75, 48.0, 0.2625
surrogate, 75, 48.0, 0.2625
surrogate, 75, 48.0, 0.2625
surrogate, 75, 48.0, 0.2625
surrogate, 75, 48.0, 0.2625
surrogate, 75, 48.0, 0.2625
surrogate, 75, 48.0, 0.2625
surrogate, 75, 48.0, 0.2625
surrogate, 75, 48.0, 0.2625
surrogate, 75, 48.0, 0.2625
surrogate, 75, 48.0, 0.2625
surrogate, 75, 48.0, 0.2625
surrogate, 75, 48.0, 0.2625
surrogate, 75, 48.0, 0.2625
surrogate, 75, 48.0, 0.2625
surrogate, 75, 48.0, 0.2625
surrogate, 75, 48.0, 0.2625
surrogate, 75, 48.0, 0.2625
surrogate, 75, 48.0, 0.2625
surrogate, 75, 48.0, 0.2625
surrogate, 75, 48.0, 0.2625
surrogate, 75, 48.0, 0.2625
surrogate, 75, 48.0, 0.2625
surrogate, 75, 48.0, 0.2625
surrogate, 75, 48.0, 0.2625
surrogate, 75, 48.0, 0.2625
surrogate, 75, 48.0, 0.2625
surrogate, 75, 48.0, 0.2625
surrogate, 75, 48.0, 0.2625
surrogate, 75, 48.0, 0.2625
surrogate, 75, 48.0, 0.2625
surrogate, 75, 48.0, 0.2625
surrogate, 75, 48.0, 0.2625
surrogate, 75, 48.0, 0.2625
surrogate, 75, 48.0, 0.2625
surrogate, 75, 48.0, 0.2625
surrogate, 75, 48.0, 0.2625
surrogate, 75, 48.0, 0.2625
surrogate, 75, 47.0, 0.25
surrogate, 75, 47.0, 0.25
surrogate, 75, 47.0, 0.25
surrogate, 75, 47.0, 0.25
surrogate, 75, 47.0, 0.25
surrogate, 75, 47.0, 0.25
surrogate, 75, 47.0, 0.25
surrogate, 75, 47.0, 0.25
surrogate, 75, 47.0, 0.25
surrogate, 75, 47.0, 0.25
surrogate, 75, 47.0, 0.25
surrogate, 75, 47.0, 0.25
surrogate, 75, 47.0, 0.25
surrogate, 75, 47.0, 0.25
surrogate, 75, 47.0, 0.25
surrogate, 75, 47.0, 0.25
surrogate, 75, 47.0, 0.25
surrogate, 75, 47.0, 0.25
surrogate, 75, 47.0, 0.25
surrogate, 75, 47.0, 0.25
surrogate, 75, 47.0, 0.25
surrogate, 75, 47.0, 0.25
surrogate, 75, 47.0, 0.25
surrogate, 75, 47.0, 0.25
surrogate, 75, 47.0, 0.25
surrogate, 75, 47.0, 0.25
surrogate, 75, 47.0, 0.25
surrogate, 75, 47.0, 0.25
surrogate, 75, 47.0, 0.25
surrogate, 75, 47.0, 0.25
surrogate, 75, 47.0, 0.25
surrogate, 75, 47.0, 0.25
surrogate, 75, 47.0, 0.25
surrogate, 75, 47.0, 0.25
surrogate, 75, 47.0, 0.25
surrogate, 75, 47.0, 0.25
surrogate, 75, 47.0, 0.25
surrogate, 75, 47.0, 0.25
surrogate, 75, 47.0, 0.25
surrogate, 75, 47.0, 0.25
surrogate, 75, 47.0, 0.25
surrogate, 75, 47.0, 0.25
surrogate, 75, 47.0, 0.25
surrogate, 75, 47.0, 0.25
surrogate, 75, 47.0, 0.25
surrogate, 75, 47.0, 0.25
surrogate, 75, 47.0, 0.25
surrogate, 75, 47.0, 0.25
surrogate, 75, 47.0, 0.25
surrogate, 75, 47.0, 0.25
surrogate, 75, 47.0, 0.25
surrogate, 75, 47.0, 0.25
surrogate, 75, 47.0, 0.25
surrogate, 75, 47.0, 0.25
surrogate, 75, 47.0, 0.25
surrogate, 75, 47.0, 0.25
surrogate, 75, 47.0, 0.25
surrogate, 75, 47.0, 0.25
surrogate, 75, 47.0, 0.25
surrogate, 75, 47.0, 0.25
surrogate, 75, 47.0, 0.25
surrogate, 75, 47.0, 0.25
surrogate, 75, 47.0, 0.25
surrogate, 76, 49.0, 0.2875
surrogate, 76, 49.0, 0.2875
surrogate, 76, 49.0, 0.2875
surrogate, 76, 49.0, 0.2875
surrogate, 76, 49.0, 0.2875
surrogate, 76, 49.0, 0.2875
surrogate, 76, 49.0, 0.2875
surrogate, 76, 49.0, 0.2875
surrogate, 76, 49.0, 0.2875
surrogate, 76, 49.0, 0.2875
surrogate, 76, 49.0, 0.2875
surrogate, 76, 49.0, 0.2875
surrogate, 76, 49.0, 0.2875
surrogate, 76, 49.0, 0.2875
surrogate, 76, 49.0, 0.2875
surrogate, 76, 49.0, 0.2875
surrogate, 76, 49.0, 0.2875
surrogate, 76, 49.0, 0.2875
surrogate, 76, 49.0, 0.2875
surrogate, 76, 49.0, 0.2875
surrogate, 76, 49.0, 0.2875
surrogate, 76, 49.0, 0.2875
surrogate, 76, 49.0, 0.2875
surrogate, 76, 49.0, 0.2875
surrogate, 76, 49.0, 0.2875
surrogate, 76, 49.0, 0.2875
surrogate, 76, 49.0, 0.2875
surrogate, 76, 49.0, 0.2875
surrogate, 76, 49.0, 0.2875
surrogate, 76, 49.0, 0.2875
surrogate, 76, 49.0, 0.2875
surrogate, 76, 49.0, 0.2875
surrogate, 76, 49.0, 0.2875
surrogate, 76, 49.0, 0.2875
surrogate, 76, 49.0, 0.2875
surrogate, 76, 49.0, 0.2875
surrogate, 76, 49.0, 0.2875
surrogate, 76, 49.0, 0.2875
surrogate, 76, 49.0, 0.2875
surrogate, 76, 49.0, 0.2875
surrogate, 76, 49.0, 0.2875
surrogate, 76, 49.0, 0.2875
surrogate, 76, 49.0, 0.2875
surrogate, 76, 49.0, 0.2875
surrogate, 76, 49.0, 0.2875
surrogate, 76, 49.0, 0.2875
surrogate, 76, 49.0, 0.2875
surrogate, 76, 48.0, 0.2625
surrogate, 76, 48.0, 0.2625
surrogate, 76, 48.0, 0.2625
surrogate, 76, 48.0, 0.2625
surrogate, 76, 48.0, 0.2625
surrogate, 76, 48.0, 0.2625
surrogate, 76, 48.0, 0.2625
surrogate, 76, 48.0, 0.2625
surrogate, 76, 48.0, 0.2625
surrogate, 76, 48.0, 0.2625
surrogate, 76, 48.0, 0.2625
surrogate, 76, 48.0, 0.2625
surrogate, 76, 48.0, 0.2625
surrogate, 76, 48.0, 0.2625
surrogate, 76, 48.0, 0.2625
surrogate, 76, 48.0, 0.2625
surrogate, 76, 48.0, 0.2625
surrogate, 76, 48.0, 0.2625
surrogate, 76, 48.0, 0.2625
surrogate, 76, 48.0, 0.2625
surrogate, 76, 48.0, 0.2625
surrogate, 76, 48.0, 0.2625
surrogate, 76, 48.0, 0.2625
surrogate, 76, 48.0, 0.2625
surrogate, 76, 48.0, 0.2625
surrogate, 76, 48.0, 0.2625
surrogate, 76, 48.0, 0.2625
surrogate, 76, 48.0, 0.2625
surrogate, 76, 48.0, 0.2625
surrogate, 76, 48.0, 0.2625
surrogate, 76, 48.0, 0.2625
surrogate, 76, 48.0, 0.2625
surrogate, 76, 48.0, 0.2625
surrogate, 76, 48.0, 0.2625
surrogate, 76, 48.0, 0.2625
surrogate, 76, 48.0, 0.2625
surrogate, 76, 48.0, 0.2625
surrogate, 76, 48.0, 0.2625
surrogate, 76, 48.0, 0.2625
surrogate, 76, 48.0, 0.2625
surrogate, 76, 48.0, 0.2625
surrogate, 76, 48.0, 0.2625
surrogate, 76, 48.0, 0.2625
surrogate, 76, 48.0, 0.2625
surrogate, 76, 48.0, 0.2625
surrogate, 76, 48.0, 0.2625
surrogate, 76, 48.0, 0.2625
surrogate, 76, 48.0, 0.2625
surrogate, 76, 48.0, 0.2625
surrogate, 76, 48.0, 0.2625
surrogate, 76, 48.0, 0.2625
surrogate, 76, 48.0, 0.2625
surrogate, 76, 48.0, 0.2625
surrogate, 76, 48.0, 0.2625
surrogate, 76, 48.0, 0.2625
surrogate, 76, 48.0, 0.2625
surrogate, 76, 48.0, 0.2625
surrogate, 76, 48.0, 0.2625
surrogate, 76, 48.0, 0.2625
surrogate, 76, 48.0, 0.2625
surrogate, 76, 48.0, 0.2625
surrogate, 76, 48.0, 0.2625
surrogate, 76, 47.0, 0.25
surrogate, 76, 47.0, 0.25
surrogate, 76, 47.0, 0.25
surrogate, 76, 47.0, 0.25
surrogate, 76, 47.0, 0.25
surrogate, 76, 47.0, 0.25
surrogate, 76, 47.0, 0.25
surrogate, 76, 47.0, 0.25
surrogate, 76, 47.0, 0.25
surrogate, 76, 47.0, 0.25
surrogate, 76, 47.0, 0.25
surrogate, 76, 47.0, 0.25
surrogate, 76, 47.0, 0.25
surrogate, 76, 47.0, 0.25
surrogate, 76, 47.0, 0.25
surrogate, 76, 47.0, 0.25
surrogate, 76, 47.0, 0.25
surrogate, 76, 47.0, 0.25
surrogate, 76, 47.0, 0.25
surrogate, 76, 47.0, 0.25
surrogate, 76, 47.0, 0.25
surrogate, 76, 47.0, 0.25
surrogate, 76, 47.0, 0.25
surrogate, 76, 47.0, 0.25
surrogate, 76, 47.0, 0.25
surrogate, 76, 47.0, 0.25
surrogate, 76, 47.0, 0.25
surrogate, 76, 47.0, 0.25
surrogate, 76, 47.0, 0.25
surrogate, 76, 47.0, 0.25
surrogate, 76, 47.0, 0.25
surrogate, 76, 47.0, 0.25
surrogate, 76, 47.0, 0.25
surrogate, 76, 47.0, 0.25
surrogate, 76, 47.0, 0.25
surrogate, 76, 47.0, 0.25
surrogate, 76, 47.0, 0.25
surrogate, 76, 47.0, 0.25
surrogate, 76, 47.0, 0.25
surrogate, 76, 47.0, 0.25
surrogate, 76, 47.0, 0.25
surrogate, 76, 47.0, 0.25
surrogate, 76, 47.0, 0.25
surrogate, 76, 47.0, 0.25
surrogate, 76, 47.0, 0.25
surrogate, 76, 47.0, 0.25
surrogate, 76, 47.0, 0.25
surrogate, 76, 47.0, 0.25
surrogate, 76, 47.0, 0.25
surrogate, 76, 47.0, 0.25
surrogate, 76, 47.0, 0.25
surrogate, 76, 47.0, 0.25
surrogate, 76, 47.0, 0.25
surrogate, 76, 47.0, 0.25
surrogate, 76, 47.0, 0.25
surrogate, 76, 47.0, 0.25
surrogate, 76, 47.0, 0.25
surrogate, 76, 47.0, 0.25
surrogate, 76, 47.0, 0.25
surrogate, 76, 47.0, 0.25
surrogate, 76, 47.0, 0.25
surrogate, 76, 47.0, 0.25
surrogate, 76, 47.0, 0.25
surrogate, 76, 47.0, 0.25
surrogate, 77, 49.0, 0.2875
surrogate, 77, 49.0, 0.2875
surrogate, 77, 49.0, 0.2875
surrogate, 77, 49.0, 0.2875
surrogate, 77, 49.0, 0.2875
surrogate, 77, 49.0, 0.2875
surrogate, 77, 49.0, 0.2875
surrogate, 77, 49.0, 0.2875
surrogate, 77, 49.0, 0.2875
surrogate, 77, 49.0, 0.2875
surrogate, 77, 49.0, 0.2875
surrogate, 77, 49.0, 0.2875
surrogate, 77, 49.0, 0.2875
surrogate, 77, 49.0, 0.2875
surrogate, 77, 49.0, 0.2875
surrogate, 77, 49.0, 0.2875
surrogate, 77, 49.0, 0.2875
surrogate, 77, 49.0, 0.2875
surrogate, 77, 49.0, 0.2875
surrogate, 77, 49.0, 0.2875
surrogate, 77, 49.0, 0.2875
surrogate, 77, 49.0, 0.2875
surrogate, 77, 49.0, 0.2875
surrogate, 77, 49.0, 0.2875
surrogate, 77, 49.0, 0.2875
surrogate, 77, 49.0, 0.2875
surrogate, 77, 49.0, 0.2875
surrogate, 77, 49.0, 0.2875
surrogate, 77, 49.0, 0.2875
surrogate, 77, 49.0, 0.2875
surrogate, 77, 49.0, 0.2875
surrogate, 77, 49.0, 0.2875
surrogate, 77, 49.0, 0.2875
surrogate, 77, 49.0, 0.2875
surrogate, 77, 49.0, 0.2875
surrogate, 77, 49.0, 0.2875
surrogate, 77, 49.0, 0.2875
surrogate, 77, 49.0, 0.2875
surrogate, 77, 49.0, 0.2875
surrogate, 77, 49.0, 0.2875
surrogate, 77, 49.0, 0.2875
surrogate, 77, 49.0, 0.2875
surrogate, 77, 49.0, 0.2875
surrogate, 77, 49.0, 0.2875
surrogate, 77, 49.0, 0.2875
surrogate, 77, 49.0, 0.2875
surrogate, 77, 49.0, 0.2875
surrogate, 77, 49.0, 0.2875
surrogate, 77, 48.0, 0.2625
surrogate, 77, 48.0, 0.2625
surrogate, 77, 48.0, 0.2625
surrogate, 77, 48.0, 0.2625
surrogate, 77, 48.0, 0.2625
surrogate, 77, 48.0, 0.2625
surrogate, 77, 48.0, 0.2625
surrogate, 77, 48.0, 0.2625
surrogate, 77, 48.0, 0.2625
surrogate, 77, 48.0, 0.2625
surrogate, 77, 48.0, 0.2625
surrogate, 77, 48.0, 0.2625
surrogate, 77, 48.0, 0.2625
surrogate, 77, 48.0, 0.2625
surrogate, 77, 48.0, 0.2625
surrogate, 77, 48.0, 0.2625
surrogate, 77, 48.0, 0.2625
surrogate, 77, 48.0, 0.2625
surrogate, 77, 48.0, 0.2625
surrogate, 77, 48.0, 0.2625
surrogate, 77, 48.0, 0.2625
surrogate, 77, 48.0, 0.2625
surrogate, 77, 48.0, 0.2625
surrogate, 77, 48.0, 0.2625
surrogate, 77, 48.0, 0.2625
surrogate, 77, 48.0, 0.2625
surrogate, 77, 48.0, 0.2625
surrogate, 77, 48.0, 0.2625
surrogate, 77, 48.0, 0.2625
surrogate, 77, 48.0, 0.2625
surrogate, 77, 48.0, 0.2625
surrogate, 77, 48.0, 0.2625
surrogate, 77, 48.0, 0.2625
surrogate, 77, 48.0, 0.2625
surrogate, 77, 48.0, 0.2625
surrogate, 77, 48.0, 0.2625
surrogate, 77, 48.0, 0.2625
surrogate, 77, 48.0, 0.2625
surrogate, 77, 48.0, 0.2625
surrogate, 77, 48.0, 0.2625
surrogate, 77, 48.0, 0.2625
surrogate, 77, 48.0, 0.2625
surrogate, 77, 48.0, 0.2625
surrogate, 77, 48.0, 0.2625
surrogate, 77, 48.0, 0.2625
surrogate, 77, 48.0, 0.2625
surrogate, 77, 48.0, 0.2625
surrogate, 77, 48.0, 0.2625
surrogate, 77, 48.0, 0.2625
surrogate, 77, 48.0, 0.2625
surrogate, 77, 48.0, 0.2625
surrogate, 77, 48.0, 0.2625
surrogate, 77, 48.0, 0.2625
surrogate, 77, 48.0, 0.2625
surrogate, 77, 48.0, 0.2625
surrogate, 77, 48.0, 0.2625
surrogate, 77, 48.0, 0.2625
surrogate, 77, 48.0, 0.2625
surrogate, 77, 48.0, 0.2625
surrogate, 77, 48.0, 0.2625
surrogate, 77, 48.0, 0.2625
surrogate, 77, 48.0, 0.2625
surrogate, 77, 48.0, 0.2625
surrogate, 77, 47.0, 0.25
surrogate, 77, 47.0, 0.25
surrogate, 77, 47.0, 0.25
surrogate, 77, 47.0, 0.25
surrogate, 77, 47.0, 0.25
surrogate, 77, 47.0, 0.25
surrogate, 77, 47.0, 0.25
surrogate, 77, 47.0, 0.25
surrogate, 77, 47.0, 0.25
surrogate, 77, 47.0, 0.25
surrogate, 77, 47.0, 0.25
surrogate, 77, 47.0, 0.25
surrogate, 77, 47.0, 0.25
surrogate, 77, 47.0, 0.25
surrogate, 77, 47.0, 0.25
surrogate, 77, 47.0, 0.25
surrogate, 77, 47.0, 0.25
surrogate, 77, 47.0, 0.25
surrogate, 77, 47.0, 0.25
surrogate, 77, 47.0, 0.25
surrogate, 77, 47.0, 0.25
surrogate, 77, 47.0, 0.25
surrogate, 77, 47.0, 0.25
surrogate, 77, 47.0, 0.25
surrogate, 77, 47.0, 0.25
surrogate, 77, 47.0, 0.25
surrogate, 77, 47.0, 0.25
surrogate, 77, 47.0, 0.25
surrogate, 77, 47.0, 0.25
surrogate, 77, 47.0, 0.25
surrogate, 77, 47.0, 0.25
surrogate, 77, 47.0, 0.25
surrogate, 77, 47.0, 0.25
surrogate, 77, 47.0, 0.25
surrogate, 77, 47.0, 0.25
surrogate, 77, 47.0, 0.25
surrogate, 77, 47.0, 0.25
surrogate, 77, 47.0, 0.25
surrogate, 77, 47.0, 0.25
surrogate, 77, 47.0, 0.25
surrogate, 77, 47.0, 0.25
surrogate, 77, 47.0, 0.25
surrogate, 77, 47.0, 0.25
surrogate, 77, 47.0, 0.25
surrogate, 77, 47.0, 0.25
surrogate, 77, 47.0, 0.25
surrogate, 77, 47.0, 0.25
surrogate, 77, 47.0, 0.25
surrogate, 77, 47.0, 0.25
surrogate, 77, 47.0, 0.25
surrogate, 77, 47.0, 0.25
surrogate, 77, 47.0, 0.25
surrogate, 77, 47.0, 0.25
surrogate, 77, 47.0, 0.25
surrogate, 77, 47.0, 0.25
surrogate, 77, 47.0, 0.25
surrogate, 77, 47.0, 0.25
surrogate, 77, 47.0, 0.25
surrogate, 77, 47.0, 0.25
surrogate, 77, 47.0, 0.25
surrogate, 77, 47.0, 0.25
surrogate, 77, 47.0, 0.25
surrogate, 77, 47.0, 0.25
surrogate, 77, 47.0, 0.25
surrogate, 77, 47.0, 0.25
surrogate, 78, 49.0, 0.2875
surrogate, 78, 49.0, 0.2875
surrogate, 78, 49.0, 0.2875
surrogate, 78, 49.0, 0.2875
surrogate, 78, 49.0, 0.2875
surrogate, 78, 49.0, 0.2875
surrogate, 78, 49.0, 0.2875
surrogate, 78, 49.0, 0.2875
surrogate, 78, 49.0, 0.2875
surrogate, 78, 49.0, 0.2875
surrogate, 78, 49.0, 0.2875
surrogate, 78, 49.0, 0.2875
surrogate, 78, 49.0, 0.2875
surrogate, 78, 49.0, 0.2875
surrogate, 78, 49.0, 0.2875
surrogate, 78, 49.0, 0.2875
surrogate, 78, 49.0, 0.2875
surrogate, 78, 49.0, 0.2875
surrogate, 78, 49.0, 0.2875
surrogate, 78, 49.0, 0.2875
surrogate, 78, 49.0, 0.2875
surrogate, 78, 49.0, 0.2875
surrogate, 78, 49.0, 0.2875
surrogate, 78, 49.0, 0.2875
surrogate, 78, 49.0, 0.2875
surrogate, 78, 49.0, 0.2875
surrogate, 78, 49.0, 0.2875
surrogate, 78, 49.0, 0.2875
surrogate, 78, 49.0, 0.2875
surrogate, 78, 49.0, 0.2875
surrogate, 78, 49.0, 0.2875
surrogate, 78, 49.0, 0.2875
surrogate, 78, 49.0, 0.2875
surrogate, 78, 49.0, 0.2875
surrogate, 78, 49.0, 0.2875
surrogate, 78, 49.0, 0.2875
surrogate, 78, 49.0, 0.2875
surrogate, 78, 49.0, 0.2875
surrogate, 78, 49.0, 0.2875
surrogate, 78, 49.0, 0.2875
surrogate, 78, 49.0, 0.2875
surrogate, 78, 49.0, 0.2875
surrogate, 78, 49.0, 0.2875
surrogate, 78, 49.0, 0.2875
surrogate, 78, 49.0, 0.2875
surrogate, 78, 49.0, 0.2875
surrogate, 78, 49.0, 0.2875
surrogate, 78, 49.0, 0.2875
surrogate, 78, 49.0, 0.2875
surrogate, 78, 48.0, 0.2625
surrogate, 78, 48.0, 0.2625
surrogate, 78, 48.0, 0.2625
surrogate, 78, 48.0, 0.2625
surrogate, 78, 48.0, 0.2625
surrogate, 78, 48.0, 0.2625
surrogate, 78, 48.0, 0.2625
surrogate, 78, 48.0, 0.2625
surrogate, 78, 48.0, 0.2625
surrogate, 78, 48.0, 0.2625
surrogate, 78, 48.0, 0.2625
surrogate, 78, 48.0, 0.2625
surrogate, 78, 48.0, 0.2625
surrogate, 78, 48.0, 0.2625
surrogate, 78, 48.0, 0.2625
surrogate, 78, 48.0, 0.2625
surrogate, 78, 48.0, 0.2625
surrogate, 78, 48.0, 0.2625
surrogate, 78, 48.0, 0.2625
surrogate, 78, 48.0, 0.2625
surrogate, 78, 48.0, 0.2625
surrogate, 78, 48.0, 0.2625
surrogate, 78, 48.0, 0.2625
surrogate, 78, 48.0, 0.2625
surrogate, 78, 48.0, 0.2625
surrogate, 78, 48.0, 0.2625
surrogate, 78, 48.0, 0.2625
surrogate, 78, 48.0, 0.2625
surrogate, 78, 48.0, 0.2625
surrogate, 78, 48.0, 0.2625
surrogate, 78, 48.0, 0.2625
surrogate, 78, 48.0, 0.2625
surrogate, 78, 48.0, 0.2625
surrogate, 78, 48.0, 0.2625
surrogate, 78, 48.0, 0.2625
surrogate, 78, 48.0, 0.2625
surrogate, 78, 48.0, 0.2625
surrogate, 78, 48.0, 0.2625
surrogate, 78, 48.0, 0.2625
surrogate, 78, 48.0, 0.2625
surrogate, 78, 48.0, 0.2625
surrogate, 78, 48.0, 0.2625
surrogate, 78, 48.0, 0.2625
surrogate, 78, 48.0, 0.2625
surrogate, 78, 48.0, 0.2625
surrogate, 78, 48.0, 0.2625
surrogate, 78, 48.0, 0.2625
surrogate, 78, 48.0, 0.2625
surrogate, 78, 48.0, 0.2625
surrogate, 78, 48.0, 0.2625
surrogate, 78, 48.0, 0.2625
surrogate, 78, 48.0, 0.2625
surrogate, 78, 48.0, 0.2625
surrogate, 78, 48.0, 0.2625
surrogate, 78, 48.0, 0.2625
surrogate, 78, 48.0, 0.2625
surrogate, 78, 48.0, 0.2625
surrogate, 78, 48.0, 0.2625
surrogate, 78, 48.0, 0.2625
surrogate, 78, 48.0, 0.2625
surrogate, 78, 48.0, 0.2625
surrogate, 78, 48.0, 0.2625
surrogate, 78, 48.0, 0.2625
surrogate, 78, 48.0, 0.2625
surrogate, 78, 47.0, 0.25
surrogate, 78, 47.0, 0.25
surrogate, 78, 47.0, 0.25
surrogate, 78, 47.0, 0.25
surrogate, 78, 47.0, 0.25
surrogate, 78, 47.0, 0.25
surrogate, 78, 47.0, 0.25
surrogate, 78, 47.0, 0.25
surrogate, 78, 47.0, 0.25
surrogate, 78, 47.0, 0.25
surrogate, 78, 47.0, 0.25
surrogate, 78, 47.0, 0.25
surrogate, 78, 47.0, 0.25
surrogate, 78, 47.0, 0.25
surrogate, 78, 47.0, 0.25
surrogate, 78, 47.0, 0.25
surrogate, 78, 47.0, 0.25
surrogate, 78, 47.0, 0.25
surrogate, 78, 47.0, 0.25
surrogate, 78, 47.0, 0.25
surrogate, 78, 47.0, 0.25
surrogate, 78, 47.0, 0.25
surrogate, 78, 47.0, 0.25
surrogate, 78, 47.0, 0.25
surrogate, 78, 47.0, 0.25
surrogate, 78, 47.0, 0.25
surrogate, 78, 47.0, 0.25
surrogate, 78, 47.0, 0.25
surrogate, 78, 47.0, 0.25
surrogate, 78, 47.0, 0.25
surrogate, 78, 47.0, 0.25
surrogate, 78, 47.0, 0.25
surrogate, 78, 47.0, 0.25
surrogate, 78, 47.0, 0.25
surrogate, 78, 47.0, 0.25
surrogate, 78, 47.0, 0.25
surrogate, 78, 47.0, 0.25
surrogate, 78, 47.0, 0.25
surrogate, 78, 47.0, 0.25
surrogate, 78, 47.0, 0.25
surrogate, 78, 47.0, 0.25
surrogate, 78, 47.0, 0.25
surrogate, 78, 47.0, 0.25
surrogate, 78, 47.0, 0.25
surrogate, 78, 47.0, 0.25
surrogate, 78, 47.0, 0.25
surrogate, 78, 47.0, 0.25
surrogate, 78, 47.0, 0.25
surrogate, 78, 47.0, 0.25
surrogate, 78, 47.0, 0.25
surrogate, 78, 47.0, 0.25
surrogate, 78, 47.0, 0.25
surrogate, 78, 47.0, 0.25
surrogate, 78, 47.0, 0.25
surrogate, 78, 47.0, 0.25
surrogate, 78, 47.0, 0.25
surrogate, 78, 47.0, 0.25
surrogate, 78, 47.0, 0.25
surrogate, 78, 47.0, 0.25
surrogate, 78, 47.0, 0.25
surrogate, 78, 47.0, 0.25
surrogate, 78, 47.0, 0.25
surrogate, 78, 47.0, 0.25
surrogate, 78, 47.0, 0.25
surrogate, 78, 47.0, 0.25
surrogate, 79, 49.0, 0.2875
surrogate, 79, 49.0, 0.2875
surrogate, 79, 49.0, 0.2875
surrogate, 79, 49.0, 0.2875
surrogate, 79, 49.0, 0.2875
surrogate, 79, 49.0, 0.2875
surrogate, 79, 49.0, 0.2875
surrogate, 79, 49.0, 0.2875
surrogate, 79, 49.0, 0.2875
surrogate, 79, 49.0, 0.2875
surrogate, 79, 49.0, 0.2875
surrogate, 79, 49.0, 0.2875
surrogate, 79, 49.0, 0.2875
surrogate, 79, 49.0, 0.2875
surrogate, 79, 49.0, 0.2875
surrogate, 79, 49.0, 0.2875
surrogate, 79, 49.0, 0.2875
surrogate, 79, 49.0, 0.2875
surrogate, 79, 49.0, 0.2875
surrogate, 79, 49.0, 0.2875
surrogate, 79, 49.0, 0.2875
surrogate, 79, 49.0, 0.2875
surrogate, 79, 49.0, 0.2875
surrogate, 79, 49.0, 0.2875
surrogate, 79, 49.0, 0.2875
surrogate, 79, 49.0, 0.2875
surrogate, 79, 49.0, 0.2875
surrogate, 79, 49.0, 0.2875
surrogate, 79, 49.0, 0.2875
surrogate, 79, 49.0, 0.2875
surrogate, 79, 49.0, 0.2875
surrogate, 79, 49.0, 0.2875
surrogate, 79, 49.0, 0.2875
surrogate, 79, 49.0, 0.2875
surrogate, 79, 49.0, 0.2875
surrogate, 79, 49.0, 0.2875
surrogate, 79, 49.0, 0.2875
surrogate, 79, 49.0, 0.2875
surrogate, 79, 49.0, 0.2875
surrogate, 79, 49.0, 0.2875
surrogate, 79, 49.0, 0.2875
surrogate, 79, 49.0, 0.2875
surrogate, 79, 49.0, 0.2875
surrogate, 79, 49.0, 0.2875
surrogate, 79, 49.0, 0.2875
surrogate, 79, 49.0, 0.2875
surrogate, 79, 49.0, 0.2875
surrogate, 79, 49.0, 0.2875
surrogate, 79, 49.0, 0.2875
surrogate, 79, 49.0, 0.2875
surrogate, 79, 48.0, 0.2625
surrogate, 79, 48.0, 0.2625
surrogate, 79, 48.0, 0.2625
surrogate, 79, 48.0, 0.2625
surrogate, 79, 48.0, 0.2625
surrogate, 79, 48.0, 0.2625
surrogate, 79, 48.0, 0.2625
surrogate, 79, 48.0, 0.2625
surrogate, 79, 48.0, 0.2625
surrogate, 79, 48.0, 0.2625
surrogate, 79, 48.0, 0.2625
surrogate, 79, 48.0, 0.2625
surrogate, 79, 48.0, 0.2625
surrogate, 79, 48.0, 0.2625
surrogate, 79, 48.0, 0.2625
surrogate, 79, 48.0, 0.2625
surrogate, 79, 48.0, 0.2625
surrogate, 79, 48.0, 0.2625
surrogate, 79, 48.0, 0.2625
surrogate, 79, 48.0, 0.2625
surrogate, 79, 48.0, 0.2625
surrogate, 79, 48.0, 0.2625
surrogate, 79, 48.0, 0.2625
surrogate, 79, 48.0, 0.2625
surrogate, 79, 48.0, 0.2625
surrogate, 79, 48.0, 0.2625
surrogate, 79, 48.0, 0.2625
surrogate, 79, 48.0, 0.2625
surrogate, 79, 48.0, 0.2625
surrogate, 79, 48.0, 0.2625
surrogate, 79, 48.0, 0.2625
surrogate, 79, 48.0, 0.2625
surrogate, 79, 48.0, 0.2625
surrogate, 79, 48.0, 0.2625
surrogate, 79, 48.0, 0.2625
surrogate, 79, 48.0, 0.2625
surrogate, 79, 48.0, 0.2625
surrogate, 79, 48.0, 0.2625
surrogate, 79, 48.0, 0.2625
surrogate, 79, 48.0, 0.2625
surrogate, 79, 48.0, 0.2625
surrogate, 79, 48.0, 0.2625
surrogate, 79, 48.0, 0.2625
surrogate, 79, 48.0, 0.2625
surrogate, 79, 48.0, 0.2625
surrogate, 79, 48.0, 0.2625
surrogate, 79, 48.0, 0.2625
surrogate, 79, 48.0, 0.2625
surrogate, 79, 48.0, 0.2625
surrogate, 79, 48.0, 0.2625
surrogate, 79, 48.0, 0.2625
surrogate, 79, 48.0, 0.2625
surrogate, 79, 48.0, 0.2625
surrogate, 79, 48.0, 0.2625
surrogate, 79, 48.0, 0.2625
surrogate, 79, 48.0, 0.2625
surrogate, 79, 48.0, 0.2625
surrogate, 79, 48.0, 0.2625
surrogate, 79, 48.0, 0.2625
surrogate, 79, 48.0, 0.2625
surrogate, 79, 48.0, 0.2625
surrogate, 79, 48.0, 0.2625
surrogate, 79, 48.0, 0.2625
surrogate, 79, 48.0, 0.2625
surrogate, 79, 48.0, 0.2625
surrogate, 79, 47.0, 0.25
surrogate, 79, 47.0, 0.25
surrogate, 79, 47.0, 0.25
surrogate, 79, 47.0, 0.25
surrogate, 79, 47.0, 0.25
surrogate, 79, 47.0, 0.25
surrogate, 79, 47.0, 0.25
surrogate, 79, 47.0, 0.25
surrogate, 79, 47.0, 0.25
surrogate, 79, 47.0, 0.25
surrogate, 79, 47.0, 0.25
surrogate, 79, 47.0, 0.25
surrogate, 79, 47.0, 0.25
surrogate, 79, 47.0, 0.25
surrogate, 79, 47.0, 0.25
surrogate, 79, 47.0, 0.25
surrogate, 79, 47.0, 0.25
surrogate, 79, 47.0, 0.25
surrogate, 79, 47.0, 0.25
surrogate, 79, 47.0, 0.25
surrogate, 79, 47.0, 0.25
surrogate, 79, 47.0, 0.25
surrogate, 79, 47.0, 0.25
surrogate, 79, 47.0, 0.25
surrogate, 79, 47.0, 0.25
surrogate, 79, 47.0, 0.25
surrogate, 79, 47.0, 0.25
surrogate, 79, 47.0, 0.25
surrogate, 79, 47.0, 0.25
surrogate, 79, 47.0, 0.25
surrogate, 79, 47.0, 0.25
surrogate, 79, 47.0, 0.25
surrogate, 79, 47.0, 0.25
surrogate, 79, 47.0, 0.25
surrogate, 79, 47.0, 0.25
surrogate, 79, 47.0, 0.25
surrogate, 79, 47.0, 0.25
surrogate, 79, 47.0, 0.25
surrogate, 79, 47.0, 0.25
surrogate, 79, 47.0, 0.25
surrogate, 79, 47.0, 0.25
surrogate, 79, 47.0, 0.25
surrogate, 79, 47.0, 0.25
surrogate, 79, 47.0, 0.25
surrogate, 79, 47.0, 0.25
surrogate, 79, 47.0, 0.25
surrogate, 79, 47.0, 0.25
surrogate, 79, 47.0, 0.25
surrogate, 79, 47.0, 0.25
surrogate, 79, 47.0, 0.25
surrogate, 79, 47.0, 0.25
surrogate, 79, 47.0, 0.25
surrogate, 79, 47.0, 0.25
surrogate, 79, 47.0, 0.25
surrogate, 79, 47.0, 0.25
surrogate, 79, 47.0, 0.25
surrogate, 79, 47.0, 0.25
surrogate, 79, 47.0, 0.25
surrogate, 79, 47.0, 0.25
surrogate, 79, 47.0, 0.25
surrogate, 79, 47.0, 0.25
surrogate, 79, 47.0, 0.25
surrogate, 79, 47.0, 0.25
surrogate, 79, 47.0, 0.25
surrogate, 79, 47.0, 0.25
surrogate, 80, 49.0, 0.2875
surrogate, 80, 49.0, 0.2875
surrogate, 80, 49.0, 0.2875
surrogate, 80, 49.0, 0.2875
surrogate, 80, 49.0, 0.2875
surrogate, 80, 49.0, 0.2875
surrogate, 80, 49.0, 0.2875
surrogate, 80, 49.0, 0.2875
surrogate, 80, 49.0, 0.2875
surrogate, 80, 49.0, 0.2875
surrogate, 80, 49.0, 0.2875
surrogate, 80, 49.0, 0.2875
surrogate, 80, 49.0, 0.2875
surrogate, 80, 49.0, 0.2875
surrogate, 80, 49.0, 0.2875
surrogate, 80, 49.0, 0.2875
surrogate, 80, 49.0, 0.2875
surrogate, 80, 49.0, 0.2875
surrogate, 80, 49.0, 0.2875
surrogate, 80, 49.0, 0.2875
surrogate, 80, 49.0, 0.2875
surrogate, 80, 49.0, 0.2875
surrogate, 80, 49.0, 0.2875
surrogate, 80, 49.0, 0.2875
surrogate, 80, 49.0, 0.2875
surrogate, 80, 49.0, 0.2875
surrogate, 80, 49.0, 0.2875
surrogate, 80, 49.0, 0.2875
surrogate, 80, 49.0, 0.2875
surrogate, 80, 49.0, 0.2875
surrogate, 80, 49.0, 0.2875
surrogate, 80, 49.0, 0.2875
surrogate, 80, 49.0, 0.2875
surrogate, 80, 49.0, 0.2875
surrogate, 80, 49.0, 0.2875
surrogate, 80, 49.0, 0.2875
surrogate, 80, 49.0, 0.2875
surrogate, 80, 49.0, 0.2875
surrogate, 80, 49.0, 0.2875
surrogate, 80, 49.0, 0.2875
surrogate, 80, 49.0, 0.2875
surrogate, 80, 49.0, 0.2875
surrogate, 80, 49.0, 0.2875
surrogate, 80, 49.0, 0.2875
surrogate, 80, 49.0, 0.2875
surrogate, 80, 49.0, 0.2875
surrogate, 80, 49.0, 0.2875
surrogate, 80, 49.0, 0.2875
surrogate, 80, 49.0, 0.2875
surrogate, 80, 49.0, 0.2875
surrogate, 80, 49.0, 0.2875
surrogate, 80, 48.0, 0.2625
surrogate, 80, 48.0, 0.2625
surrogate, 80, 48.0, 0.2625
surrogate, 80, 48.0, 0.2625
surrogate, 80, 48.0, 0.2625
surrogate, 80, 48.0, 0.2625
surrogate, 80, 48.0, 0.2625
surrogate, 80, 48.0, 0.2625
surrogate, 80, 48.0, 0.2625
surrogate, 80, 48.0, 0.2625
surrogate, 80, 48.0, 0.2625
surrogate, 80, 48.0, 0.2625
surrogate, 80, 48.0, 0.2625
surrogate, 80, 48.0, 0.2625
surrogate, 80, 48.0, 0.2625
surrogate, 80, 48.0, 0.2625
surrogate, 80, 48.0, 0.2625
surrogate, 80, 48.0, 0.2625
surrogate, 80, 48.0, 0.2625
surrogate, 80, 48.0, 0.2625
surrogate, 80, 48.0, 0.2625
surrogate, 80, 48.0, 0.2625
surrogate, 80, 48.0, 0.2625
surrogate, 80, 48.0, 0.2625
surrogate, 80, 48.0, 0.2625
surrogate, 80, 48.0, 0.2625
surrogate, 80, 48.0, 0.2625
surrogate, 80, 48.0, 0.2625
surrogate, 80, 48.0, 0.2625
surrogate, 80, 48.0, 0.2625
surrogate, 80, 48.0, 0.2625
surrogate, 80, 48.0, 0.2625
surrogate, 80, 48.0, 0.2625
surrogate, 80, 48.0, 0.2625
surrogate, 80, 48.0, 0.2625
surrogate, 80, 48.0, 0.2625
surrogate, 80, 48.0, 0.2625
surrogate, 80, 48.0, 0.2625
surrogate, 80, 48.0, 0.2625
surrogate, 80, 48.0, 0.2625
surrogate, 80, 48.0, 0.2625
surrogate, 80, 48.0, 0.2625
surrogate, 80, 48.0, 0.2625
surrogate, 80, 48.0, 0.2625
surrogate, 80, 48.0, 0.2625
surrogate, 80, 48.0, 0.2625
surrogate, 80, 48.0, 0.2625
surrogate, 80, 48.0, 0.2625
surrogate, 80, 48.0, 0.2625
surrogate, 80, 48.0, 0.2625
surrogate, 80, 48.0, 0.2625
surrogate, 80, 48.0, 0.2625
surrogate, 80, 48.0, 0.2625
surrogate, 80, 48.0, 0.2625
surrogate, 80, 48.0, 0.2625
surrogate, 80, 48.0, 0.2625
surrogate, 80, 48.0, 0.2625
surrogate, 80, 48.0, 0.2625
surrogate, 80, 48.0, 0.2625
surrogate, 80, 48.0, 0.2625
surrogate, 80, 48.0, 0.2625
surrogate, 80, 48.0, 0.2625
surrogate, 80, 48.0, 0.2625
surrogate, 80, 48.0, 0.2625
surrogate, 80, 48.0, 0.2625
surrogate, 80, 48.0, 0.2625
surrogate, 80, 47.0, 0.25
surrogate, 80, 47.0, 0.25
surrogate, 80, 47.0, 0.25
surrogate, 80, 47.0, 0.25
surrogate, 80, 47.0, 0.25
surrogate, 80, 47.0, 0.25
surrogate, 80, 47.0, 0.25
surrogate, 80, 47.0, 0.25
surrogate, 80, 47.0, 0.25
surrogate, 80, 47.0, 0.25
surrogate, 80, 47.0, 0.25
surrogate, 80, 47.0, 0.25
surrogate, 80, 47.0, 0.25
surrogate, 80, 47.0, 0.25
surrogate, 80, 47.0, 0.25
surrogate, 80, 47.0, 0.25
surrogate, 80, 47.0, 0.25
surrogate, 80, 47.0, 0.25
surrogate, 80, 47.0, 0.25
surrogate, 80, 47.0, 0.25
surrogate, 80, 47.0, 0.25
surrogate, 80, 47.0, 0.25
surrogate, 80, 47.0, 0.25
surrogate, 80, 47.0, 0.25
surrogate, 80, 47.0, 0.25
surrogate, 80, 47.0, 0.25
surrogate, 80, 47.0, 0.25
surrogate, 80, 47.0, 0.25
surrogate, 80, 47.0, 0.25
surrogate, 80, 47.0, 0.25
surrogate, 80, 47.0, 0.25
surrogate, 80, 47.0, 0.25
surrogate, 80, 47.0, 0.25
surrogate, 80, 47.0, 0.25
surrogate, 80, 47.0, 0.25
surrogate, 80, 47.0, 0.25
surrogate, 80, 47.0, 0.25
surrogate, 80, 47.0, 0.25
surrogate, 80, 47.0, 0.25
surrogate, 80, 47.0, 0.25
surrogate, 80, 47.0, 0.25
surrogate, 80, 47.0, 0.25
surrogate, 80, 47.0, 0.25
surrogate, 80, 47.0, 0.25
surrogate, 80, 47.0, 0.25
surrogate, 80, 47.0, 0.25
surrogate, 80, 47.0, 0.25
surrogate, 80, 47.0, 0.25
surrogate, 80, 47.0, 0.25
surrogate, 80, 47.0, 0.25
surrogate, 80, 47.0, 0.25
surrogate, 80, 47.0, 0.25
surrogate, 80, 47.0, 0.25
surrogate, 80, 47.0, 0.25
surrogate, 80, 47.0, 0.25
surrogate, 80, 47.0, 0.25
surrogate, 80, 47.0, 0.25
surrogate, 80, 47.0, 0.25
surrogate, 80, 47.0, 0.25
surrogate, 80, 47.0, 0.25
surrogate, 80, 47.0, 0.25
surrogate, 80, 47.0, 0.25
surrogate, 80, 47.0, 0.25
surrogate, 80, 47.0, 0.25
surrogate, 80, 47.0, 0.25
surrogate, 80, 47.0, 0.25
surrogate, 81, 49.0, 0.2875
surrogate, 81, 49.0, 0.2875
surrogate, 81, 49.0, 0.2875
surrogate, 81, 49.0, 0.2875
surrogate, 81, 49.0, 0.2875
surrogate, 81, 49.0, 0.2875
surrogate, 81, 49.0, 0.2875
surrogate, 81, 49.0, 0.2875
surrogate, 81, 49.0, 0.2875
surrogate, 81, 49.0, 0.2875
surrogate, 81, 49.0, 0.2875
surrogate, 81, 49.0, 0.2875
surrogate, 81, 49.0, 0.2875
surrogate, 81, 49.0, 0.2875
surrogate, 81, 49.0, 0.2875
surrogate, 81, 49.0, 0.2875
surrogate, 81, 49.0, 0.2875
surrogate, 81, 49.0, 0.2875
surrogate, 81, 49.0, 0.2875
surrogate, 81, 49.0, 0.2875
surrogate, 81, 49.0, 0.2875
surrogate, 81, 49.0, 0.2875
surrogate, 81, 49.0, 0.2875
surrogate, 81, 49.0, 0.2875
surrogate, 81, 49.0, 0.2875
surrogate, 81, 49.0, 0.2875
surrogate, 81, 49.0, 0.2875
surrogate, 81, 49.0, 0.2875
surrogate, 81, 49.0, 0.2875
surrogate, 81, 49.0, 0.2875
surrogate, 81, 49.0, 0.2875
surrogate, 81, 49.0, 0.2875
surrogate, 81, 49.0, 0.2875
surrogate, 81, 49.0, 0.2875
surrogate, 81, 49.0, 0.2875
surrogate, 81, 49.0, 0.2875
surrogate, 81, 49.0, 0.2875
surrogate, 81, 49.0, 0.2875
surrogate, 81, 49.0, 0.2875
surrogate, 81, 49.0, 0.2875
surrogate, 81, 49.0, 0.2875
surrogate, 81, 49.0, 0.2875
surrogate, 81, 49.0, 0.2875
surrogate, 81, 49.0, 0.2875
surrogate, 81, 49.0, 0.2875
surrogate, 81, 49.0, 0.2875
surrogate, 81, 49.0, 0.2875
surrogate, 81, 49.0, 0.2875
surrogate, 81, 49.0, 0.2875
surrogate, 81, 49.0, 0.2875
surrogate, 81, 49.0, 0.2875
surrogate, 81, 49.0, 0.2875
surrogate, 81, 48.0, 0.2625
surrogate, 81, 48.0, 0.2625
surrogate, 81, 48.0, 0.2625
surrogate, 81, 48.0, 0.2625
surrogate, 81, 48.0, 0.2625
surrogate, 81, 48.0, 0.2625
surrogate, 81, 48.0, 0.2625
surrogate, 81, 48.0, 0.2625
surrogate, 81, 48.0, 0.2625
surrogate, 81, 48.0, 0.2625
surrogate, 81, 48.0, 0.2625
surrogate, 81, 48.0, 0.2625
surrogate, 81, 48.0, 0.2625
surrogate, 81, 48.0, 0.2625
surrogate, 81, 48.0, 0.2625
surrogate, 81, 48.0, 0.2625
surrogate, 81, 48.0, 0.2625
surrogate, 81, 48.0, 0.2625
surrogate, 81, 48.0, 0.2625
surrogate, 81, 48.0, 0.2625
surrogate, 81, 48.0, 0.2625
surrogate, 81, 48.0, 0.2625
surrogate, 81, 48.0, 0.2625
surrogate, 81, 48.0, 0.2625
surrogate, 81, 48.0, 0.2625
surrogate, 81, 48.0, 0.2625
surrogate, 81, 48.0, 0.2625
surrogate, 81, 48.0, 0.2625
surrogate, 81, 48.0, 0.2625
surrogate, 81, 48.0, 0.2625
surrogate, 81, 48.0, 0.2625
surrogate, 81, 48.0, 0.2625
surrogate, 81, 48.0, 0.2625
surrogate, 81, 48.0, 0.2625
surrogate, 81, 48.0, 0.2625
surrogate, 81, 48.0, 0.2625
surrogate, 81, 48.0, 0.2625
surrogate, 81, 48.0, 0.2625
surrogate, 81, 48.0, 0.2625
surrogate, 81, 48.0, 0.2625
surrogate, 81, 48.0, 0.2625
surrogate, 81, 48.0, 0.2625
surrogate, 81, 48.0, 0.2625
surrogate, 81, 48.0, 0.2625
surrogate, 81, 48.0, 0.2625
surrogate, 81, 48.0, 0.2625
surrogate, 81, 48.0, 0.2625
surrogate, 81, 48.0, 0.2625
surrogate, 81, 48.0, 0.2625
surrogate, 81, 48.0, 0.2625
surrogate, 81, 48.0, 0.2625
surrogate, 81, 48.0, 0.2625
surrogate, 81, 48.0, 0.2625
surrogate, 81, 48.0, 0.2625
surrogate, 81, 48.0, 0.2625
surrogate, 81, 48.0, 0.2625
surrogate, 81, 48.0, 0.2625
surrogate, 81, 48.0, 0.2625
surrogate, 81, 48.0, 0.2625
surrogate, 81, 48.0, 0.2625
surrogate, 81, 48.0, 0.2625
surrogate, 81, 48.0, 0.2625
surrogate, 81, 48.0, 0.2625
surrogate, 81, 48.0, 0.2625
surrogate, 81, 48.0, 0.2625
surrogate, 81, 48.0, 0.2625
surrogate, 81, 48.0, 0.2625
surrogate, 81, 47.0, 0.25
surrogate, 81, 47.0, 0.25
surrogate, 81, 47.0, 0.25
surrogate, 81, 47.0, 0.25
surrogate, 81, 47.0, 0.25
surrogate, 81, 47.0, 0.25
surrogate, 81, 47.0, 0.25
surrogate, 81, 47.0, 0.25
surrogate, 81, 47.0, 0.25
surrogate, 81, 47.0, 0.25
surrogate, 81, 47.0, 0.25
surrogate, 81, 47.0, 0.25
surrogate, 81, 47.0, 0.25
surrogate, 81, 47.0, 0.25
surrogate, 81, 47.0, 0.25
surrogate, 81, 47.0, 0.25
surrogate, 81, 47.0, 0.25
surrogate, 81, 47.0, 0.25
surrogate, 81, 47.0, 0.25
surrogate, 81, 47.0, 0.25
surrogate, 81, 47.0, 0.25
surrogate, 81, 47.0, 0.25
surrogate, 81, 47.0, 0.25
surrogate, 81, 47.0, 0.25
surrogate, 81, 47.0, 0.25
surrogate, 81, 47.0, 0.25
surrogate, 81, 47.0, 0.25
surrogate, 81, 47.0, 0.25
surrogate, 81, 47.0, 0.25
surrogate, 81, 47.0, 0.25
surrogate, 81, 47.0, 0.25
surrogate, 81, 47.0, 0.25
surrogate, 81, 47.0, 0.25
surrogate, 81, 47.0, 0.25
surrogate, 81, 47.0, 0.25
surrogate, 81, 47.0, 0.25
surrogate, 81, 47.0, 0.25
surrogate, 81, 47.0, 0.25
surrogate, 81, 47.0, 0.25
surrogate, 81, 47.0, 0.25
surrogate, 81, 47.0, 0.25
surrogate, 81, 47.0, 0.25
surrogate, 81, 47.0, 0.25
surrogate, 81, 47.0, 0.25
surrogate, 81, 47.0, 0.25
surrogate, 81, 47.0, 0.25
surrogate, 81, 47.0, 0.25
surrogate, 81, 47.0, 0.25
surrogate, 81, 47.0, 0.25
surrogate, 81, 47.0, 0.25
surrogate, 81, 47.0, 0.25
surrogate, 81, 47.0, 0.25
surrogate, 81, 47.0, 0.25
surrogate, 81, 47.0, 0.25
surrogate, 81, 47.0, 0.25
surrogate, 81, 47.0, 0.25
surrogate, 81, 47.0, 0.25
surrogate, 81, 47.0, 0.25
surrogate, 81, 47.0, 0.25
surrogate, 81, 47.0, 0.25
surrogate, 81, 47.0, 0.25
surrogate, 81, 47.0, 0.25
surrogate, 81, 47.0, 0.25
surrogate, 81, 47.0, 0.25
surrogate, 81, 47.0, 0.25
surrogate, 81, 47.0, 0.25
surrogate, 81, 47.0, 0.25
surrogate, 82, 49.0, 0.2875
surrogate, 82, 49.0, 0.2875
surrogate, 82, 49.0, 0.2875
surrogate, 82, 49.0, 0.2875
surrogate, 82, 49.0, 0.2875
surrogate, 82, 49.0, 0.2875
surrogate, 82, 49.0, 0.2875
surrogate, 82, 49.0, 0.2875
surrogate, 82, 49.0, 0.2875
surrogate, 82, 49.0, 0.2875
surrogate, 82, 49.0, 0.2875
surrogate, 82, 49.0, 0.2875
surrogate, 82, 49.0, 0.2875
surrogate, 82, 49.0, 0.2875
surrogate, 82, 49.0, 0.2875
surrogate, 82, 49.0, 0.2875
surrogate, 82, 49.0, 0.2875
surrogate, 82, 49.0, 0.2875
surrogate, 82, 49.0, 0.2875
surrogate, 82, 49.0, 0.2875
surrogate, 82, 49.0, 0.2875
surrogate, 82, 49.0, 0.2875
surrogate, 82, 49.0, 0.2875
surrogate, 82, 49.0, 0.2875
surrogate, 82, 49.0, 0.2875
surrogate, 82, 49.0, 0.2875
surrogate, 82, 49.0, 0.2875
surrogate, 82, 49.0, 0.2875
surrogate, 82, 49.0, 0.2875
surrogate, 82, 49.0, 0.2875
surrogate, 82, 49.0, 0.2875
surrogate, 82, 49.0, 0.2875
surrogate, 82, 49.0, 0.2875
surrogate, 82, 49.0, 0.2875
surrogate, 82, 49.0, 0.2875
surrogate, 82, 49.0, 0.2875
surrogate, 82, 49.0, 0.2875
surrogate, 82, 49.0, 0.2875
surrogate, 82, 49.0, 0.2875
surrogate, 82, 49.0, 0.2875
surrogate, 82, 49.0, 0.2875
surrogate, 82, 49.0, 0.2875
surrogate, 82, 49.0, 0.2875
surrogate, 82, 49.0, 0.2875
surrogate, 82, 49.0, 0.2875
surrogate, 82, 49.0, 0.2875
surrogate, 82, 49.0, 0.2875
surrogate, 82, 49.0, 0.2875
surrogate, 82, 49.0, 0.2875
surrogate, 82, 49.0, 0.2875
surrogate, 82, 49.0, 0.2875
surrogate, 82, 49.0, 0.2875
surrogate, 82, 49.0, 0.2875
surrogate, 82, 48.0, 0.2625
surrogate, 82, 48.0, 0.2625
surrogate, 82, 48.0, 0.2625
surrogate, 82, 48.0, 0.2625
surrogate, 82, 48.0, 0.2625
surrogate, 82, 48.0, 0.2625
surrogate, 82, 48.0, 0.2625
surrogate, 82, 48.0, 0.2625
surrogate, 82, 48.0, 0.2625
surrogate, 82, 48.0, 0.2625
surrogate, 82, 48.0, 0.2625
surrogate, 82, 48.0, 0.2625
surrogate, 82, 48.0, 0.2625
surrogate, 82, 48.0, 0.2625
surrogate, 82, 48.0, 0.2625
surrogate, 82, 48.0, 0.2625
surrogate, 82, 48.0, 0.2625
surrogate, 82, 48.0, 0.2625
surrogate, 82, 48.0, 0.2625
surrogate, 82, 48.0, 0.2625
surrogate, 82, 48.0, 0.2625
surrogate, 82, 48.0, 0.2625
surrogate, 82, 48.0, 0.2625
surrogate, 82, 48.0, 0.2625
surrogate, 82, 48.0, 0.2625
surrogate, 82, 48.0, 0.2625
surrogate, 82, 48.0, 0.2625
surrogate, 82, 48.0, 0.2625
surrogate, 82, 48.0, 0.2625
surrogate, 82, 48.0, 0.2625
surrogate, 82, 48.0, 0.2625
surrogate, 82, 48.0, 0.2625
surrogate, 82, 48.0, 0.2625
surrogate, 82, 48.0, 0.2625
surrogate, 82, 48.0, 0.2625
surrogate, 82, 48.0, 0.2625
surrogate, 82, 48.0, 0.2625
surrogate, 82, 48.0, 0.2625
surrogate, 82, 48.0, 0.2625
surrogate, 82, 48.0, 0.2625
surrogate, 82, 48.0, 0.2625
surrogate, 82, 48.0, 0.2625
surrogate, 82, 48.0, 0.2625
surrogate, 82, 48.0, 0.2625
surrogate, 82, 48.0, 0.2625
surrogate, 82, 48.0, 0.2625
surrogate, 82, 48.0, 0.2625
surrogate, 82, 48.0, 0.2625
surrogate, 82, 48.0, 0.2625
surrogate, 82, 48.0, 0.2625
surrogate, 82, 48.0, 0.2625
surrogate, 82, 48.0, 0.2625
surrogate, 82, 48.0, 0.2625
surrogate, 82, 48.0, 0.2625
surrogate, 82, 48.0, 0.2625
surrogate, 82, 48.0, 0.2625
surrogate, 82, 48.0, 0.2625
surrogate, 82, 48.0, 0.2625
surrogate, 82, 48.0, 0.2625
surrogate, 82, 48.0, 0.2625
surrogate, 82, 48.0, 0.2625
surrogate, 82, 48.0, 0.2625
surrogate, 82, 48.0, 0.2625
surrogate, 82, 48.0, 0.2625
surrogate, 82, 48.0, 0.2625
surrogate, 82, 48.0, 0.2625
surrogate, 82, 48.0, 0.2625
surrogate, 82, 48.0, 0.2625
surrogate, 82, 47.0, 0.25
surrogate, 82, 47.0, 0.25
surrogate, 82, 47.0, 0.25
surrogate, 82, 47.0, 0.25
surrogate, 82, 47.0, 0.25
surrogate, 82, 47.0, 0.25
surrogate, 82, 47.0, 0.25
surrogate, 82, 47.0, 0.25
surrogate, 82, 47.0, 0.25
surrogate, 82, 47.0, 0.25
surrogate, 82, 47.0, 0.25
surrogate, 82, 47.0, 0.25
surrogate, 82, 47.0, 0.25
surrogate, 82, 47.0, 0.25
surrogate, 82, 47.0, 0.25
surrogate, 82, 47.0, 0.25
surrogate, 82, 47.0, 0.25
surrogate, 82, 47.0, 0.25
surrogate, 82, 47.0, 0.25
surrogate, 82, 47.0, 0.25
surrogate, 82, 47.0, 0.25
surrogate, 82, 47.0, 0.25
surrogate, 82, 47.0, 0.25
surrogate, 82, 47.0, 0.25
surrogate, 82, 47.0, 0.25
surrogate, 82, 47.0, 0.25
surrogate, 82, 47.0, 0.25
surrogate, 82, 47.0, 0.25
surrogate, 82, 47.0, 0.25
surrogate, 82, 47.0, 0.25
surrogate, 82, 47.0, 0.25
surrogate, 82, 47.0, 0.25
surrogate, 82, 47.0, 0.25
surrogate, 82, 47.0, 0.25
surrogate, 82, 47.0, 0.25
surrogate, 82, 47.0, 0.25
surrogate, 82, 47.0, 0.25
surrogate, 82, 47.0, 0.25
surrogate, 82, 47.0, 0.25
surrogate, 82, 47.0, 0.25
surrogate, 82, 47.0, 0.25
surrogate, 82, 47.0, 0.25
surrogate, 82, 47.0, 0.25
surrogate, 82, 47.0, 0.25
surrogate, 82, 47.0, 0.25
surrogate, 82, 47.0, 0.25
surrogate, 82, 47.0, 0.25
surrogate, 82, 47.0, 0.25
surrogate, 82, 47.0, 0.25
surrogate, 82, 47.0, 0.25
surrogate, 82, 47.0, 0.25
surrogate, 82, 47.0, 0.25
surrogate, 82, 47.0, 0.25
surrogate, 82, 47.0, 0.25
surrogate, 82, 47.0, 0.25
surrogate, 82, 47.0, 0.25
surrogate, 82, 47.0, 0.25
surrogate, 82, 47.0, 0.25
surrogate, 82, 47.0, 0.25
surrogate, 82, 47.0, 0.25
surrogate, 82, 47.0, 0.25
surrogate, 82, 47.0, 0.25
surrogate, 82, 47.0, 0.25
surrogate, 82, 47.0, 0.25
surrogate, 82, 47.0, 0.25
surrogate, 82, 47.0, 0.25
surrogate, 82, 47.0, 0.25
surrogate, 82, 47.0, 0.25
surrogate, 83, 49.0, 0.2875
surrogate, 83, 49.0, 0.2875
surrogate, 83, 49.0, 0.2875
surrogate, 83, 49.0, 0.2875
surrogate, 83, 49.0, 0.2875
surrogate, 83, 49.0, 0.2875
surrogate, 83, 49.0, 0.2875
surrogate, 83, 49.0, 0.2875
surrogate, 83, 49.0, 0.2875
surrogate, 83, 49.0, 0.2875
surrogate, 83, 49.0, 0.2875
surrogate, 83, 49.0, 0.2875
surrogate, 83, 49.0, 0.2875
surrogate, 83, 49.0, 0.2875
surrogate, 83, 49.0, 0.2875
surrogate, 83, 49.0, 0.2875
surrogate, 83, 49.0, 0.2875
surrogate, 83, 49.0, 0.2875
surrogate, 83, 49.0, 0.2875
surrogate, 83, 49.0, 0.2875
surrogate, 83, 49.0, 0.2875
surrogate, 83, 49.0, 0.2875
surrogate, 83, 49.0, 0.2875
surrogate, 83, 49.0, 0.2875
surrogate, 83, 49.0, 0.2875
surrogate, 83, 49.0, 0.2875
surrogate, 83, 49.0, 0.2875
surrogate, 83, 49.0, 0.2875
surrogate, 83, 49.0, 0.2875
surrogate, 83, 49.0, 0.2875
surrogate, 83, 49.0, 0.2875
surrogate, 83, 49.0, 0.2875
surrogate, 83, 49.0, 0.2875
surrogate, 83, 49.0, 0.2875
surrogate, 83, 49.0, 0.2875
surrogate, 83, 49.0, 0.2875
surrogate, 83, 49.0, 0.2875
surrogate, 83, 49.0, 0.2875
surrogate, 83, 49.0, 0.2875
surrogate, 83, 49.0, 0.2875
surrogate, 83, 49.0, 0.2875
surrogate, 83, 49.0, 0.2875
surrogate, 83, 49.0, 0.2875
surrogate, 83, 49.0, 0.2875
surrogate, 83, 49.0, 0.2875
surrogate, 83, 49.0, 0.2875
surrogate, 83, 49.0, 0.2875
surrogate, 83, 49.0, 0.2875
surrogate, 83, 49.0, 0.2875
surrogate, 83, 49.0, 0.2875
surrogate, 83, 49.0, 0.2875
surrogate, 83, 49.0, 0.2875
surrogate, 83, 49.0, 0.2875
surrogate, 83, 49.0, 0.2875
surrogate, 83, 48.0, 0.2625
surrogate, 83, 48.0, 0.2625
surrogate, 83, 48.0, 0.2625
surrogate, 83, 48.0, 0.2625
surrogate, 83, 48.0, 0.2625
surrogate, 83, 48.0, 0.2625
surrogate, 83, 48.0, 0.2625
surrogate, 83, 48.0, 0.2625
surrogate, 83, 48.0, 0.2625
surrogate, 83, 48.0, 0.2625
surrogate, 83, 48.0, 0.2625
surrogate, 83, 48.0, 0.2625
surrogate, 83, 48.0, 0.2625
surrogate, 83, 48.0, 0.2625
surrogate, 83, 48.0, 0.2625
surrogate, 83, 48.0, 0.2625
surrogate, 83, 48.0, 0.2625
surrogate, 83, 48.0, 0.2625
surrogate, 83, 48.0, 0.2625
surrogate, 83, 48.0, 0.2625
surrogate, 83, 48.0, 0.2625
surrogate, 83, 48.0, 0.2625
surrogate, 83, 48.0, 0.2625
surrogate, 83, 48.0, 0.2625
surrogate, 83, 48.0, 0.2625
surrogate, 83, 48.0, 0.2625
surrogate, 83, 48.0, 0.2625
surrogate, 83, 48.0, 0.2625
surrogate, 83, 48.0, 0.2625
surrogate, 83, 48.0, 0.2625
surrogate, 83, 48.0, 0.2625
surrogate, 83, 48.0, 0.2625
surrogate, 83, 48.0, 0.2625
surrogate, 83, 48.0, 0.2625
surrogate, 83, 48.0, 0.2625
surrogate, 83, 48.0, 0.2625
surrogate, 83, 48.0, 0.2625
surrogate, 83, 48.0, 0.2625
surrogate, 83, 48.0, 0.2625
surrogate, 83, 48.0, 0.2625
surrogate, 83, 48.0, 0.2625
surrogate, 83, 48.0, 0.2625
surrogate, 83, 48.0, 0.2625
surrogate, 83, 48.0, 0.2625
surrogate, 83, 48.0, 0.2625
surrogate, 83, 48.0, 0.2625
surrogate, 83, 48.0, 0.2625
surrogate, 83, 48.0, 0.2625
surrogate, 83, 48.0, 0.2625
surrogate, 83, 48.0, 0.2625
surrogate, 83, 48.0, 0.2625
surrogate, 83, 48.0, 0.2625
surrogate, 83, 48.0, 0.2625
surrogate, 83, 48.0, 0.2625
surrogate, 83, 48.0, 0.2625
surrogate, 83, 48.0, 0.2625
surrogate, 83, 48.0, 0.2625
surrogate, 83, 48.0, 0.2625
surrogate, 83, 48.0, 0.2625
surrogate, 83, 48.0, 0.2625
surrogate, 83, 48.0, 0.2625
surrogate, 83, 48.0, 0.2625
surrogate, 83, 48.0, 0.2625
surrogate, 83, 48.0, 0.2625
surrogate, 83, 48.0, 0.2625
surrogate, 83, 48.0, 0.2625
surrogate, 83, 48.0, 0.2625
surrogate, 83, 48.0, 0.2625
surrogate, 83, 48.0, 0.2625
surrogate, 83, 47.0, 0.25
surrogate, 83, 47.0, 0.25
surrogate, 83, 47.0, 0.25
surrogate, 83, 47.0, 0.25
surrogate, 83, 47.0, 0.25
surrogate, 83, 47.0, 0.25
surrogate, 83, 47.0, 0.25
surrogate, 83, 47.0, 0.25
surrogate, 83, 47.0, 0.25
surrogate, 83, 47.0, 0.25
surrogate, 83, 47.0, 0.25
surrogate, 83, 47.0, 0.25
surrogate, 83, 47.0, 0.25
surrogate, 83, 47.0, 0.25
surrogate, 83, 47.0, 0.25
surrogate, 83, 47.0, 0.25
surrogate, 83, 47.0, 0.25
surrogate, 83, 47.0, 0.25
surrogate, 83, 47.0, 0.25
surrogate, 83, 47.0, 0.25
surrogate, 83, 47.0, 0.25
surrogate, 83, 47.0, 0.25
surrogate, 83, 47.0, 0.25
surrogate, 83, 47.0, 0.25
surrogate, 83, 47.0, 0.25
surrogate, 83, 47.0, 0.25
surrogate, 83, 47.0, 0.25
surrogate, 83, 47.0, 0.25
surrogate, 83, 47.0, 0.25
surrogate, 83, 47.0, 0.25
surrogate, 83, 47.0, 0.25
surrogate, 83, 47.0, 0.25
surrogate, 83, 47.0, 0.25
surrogate, 83, 47.0, 0.25
surrogate, 83, 47.0, 0.25
surrogate, 83, 47.0, 0.25
surrogate, 83, 47.0, 0.25
surrogate, 83, 47.0, 0.25
surrogate, 83, 47.0, 0.25
surrogate, 83, 47.0, 0.25
surrogate, 83, 47.0, 0.25
surrogate, 83, 47.0, 0.25
surrogate, 83, 47.0, 0.25
surrogate, 83, 47.0, 0.25
surrogate, 83, 47.0, 0.25
surrogate, 83, 47.0, 0.25
surrogate, 83, 47.0, 0.25
surrogate, 83, 47.0, 0.25
surrogate, 83, 47.0, 0.25
surrogate, 83, 47.0, 0.25
surrogate, 83, 47.0, 0.25
surrogate, 83, 47.0, 0.25
surrogate, 83, 47.0, 0.25
surrogate, 83, 47.0, 0.25
surrogate, 83, 47.0, 0.25
surrogate, 83, 47.0, 0.25
surrogate, 83, 47.0, 0.25
surrogate, 83, 47.0, 0.25
surrogate, 83, 47.0, 0.25
surrogate, 83, 47.0, 0.25
surrogate, 83, 47.0, 0.25
surrogate, 83, 47.0, 0.25
surrogate, 83, 47.0, 0.25
surrogate, 83, 47.0, 0.25
surrogate, 83, 47.0, 0.25
surrogate, 83, 47.0, 0.25
surrogate, 83, 47.0, 0.25
surrogate, 83, 47.0, 0.25
surrogate, 83, 47.0, 0.25
surrogate, 84, 49.0, 0.2875
surrogate, 84, 49.0, 0.2875
surrogate, 84, 49.0, 0.2875
surrogate, 84, 49.0, 0.2875
surrogate, 84, 49.0, 0.2875
surrogate, 84, 49.0, 0.2875
surrogate, 84, 49.0, 0.2875
surrogate, 84, 49.0, 0.2875
surrogate, 84, 49.0, 0.2875
surrogate, 84, 49.0, 0.2875
surrogate, 84, 49.0, 0.2875
surrogate, 84, 49.0, 0.2875
surrogate, 84, 49.0, 0.2875
surrogate, 84, 49.0, 0.2875
surrogate, 84, 49.0, 0.2875
surrogate, 84, 49.0, 0.2875
surrogate, 84, 49.0, 0.2875
surrogate, 84, 49.0, 0.2875
surrogate, 84, 49.0, 0.2875
surrogate, 84, 49.0, 0.2875
surrogate, 84, 49.0, 0.2875
surrogate, 84, 49.0, 0.2875
surrogate, 84, 49.0, 0.2875
surrogate, 84, 49.0, 0.2875
surrogate, 84, 49.0, 0.2875
surrogate, 84, 49.0, 0.2875
surrogate, 84, 49.0, 0.2875
surrogate, 84, 49.0, 0.2875
surrogate, 84, 49.0, 0.2875
surrogate, 84, 49.0, 0.2875
surrogate, 84, 49.0, 0.2875
surrogate, 84, 49.0, 0.2875
surrogate, 84, 49.0, 0.2875
surrogate, 84, 49.0, 0.2875
surrogate, 84, 49.0, 0.2875
surrogate, 84, 49.0, 0.2875
surrogate, 84, 49.0, 0.2875
surrogate, 84, 49.0, 0.2875
surrogate, 84, 49.0, 0.2875
surrogate, 84, 49.0, 0.2875
surrogate, 84, 49.0, 0.2875
surrogate, 84, 49.0, 0.2875
surrogate, 84, 49.0, 0.2875
surrogate, 84, 49.0, 0.2875
surrogate, 84, 49.0, 0.2875
surrogate, 84, 49.0, 0.2875
surrogate, 84, 49.0, 0.2875
surrogate, 84, 49.0, 0.2875
surrogate, 84, 49.0, 0.2875
surrogate, 84, 49.0, 0.2875
surrogate, 84, 49.0, 0.2875
surrogate, 84, 49.0, 0.2875
surrogate, 84, 49.0, 0.2875
surrogate, 84, 49.0, 0.2875
surrogate, 84, 49.0, 0.2875
surrogate, 84, 48.0, 0.2625
surrogate, 84, 48.0, 0.2625
surrogate, 84, 48.0, 0.2625
surrogate, 84, 48.0, 0.2625
surrogate, 84, 48.0, 0.2625
surrogate, 84, 48.0, 0.2625
surrogate, 84, 48.0, 0.2625
surrogate, 84, 48.0, 0.2625
surrogate, 84, 48.0, 0.2625
surrogate, 84, 48.0, 0.2625
surrogate, 84, 48.0, 0.2625
surrogate, 84, 48.0, 0.2625
surrogate, 84, 48.0, 0.2625
surrogate, 84, 48.0, 0.2625
surrogate, 84, 48.0, 0.2625
surrogate, 84, 48.0, 0.2625
surrogate, 84, 48.0, 0.2625
surrogate, 84, 48.0, 0.2625
surrogate, 84, 48.0, 0.2625
surrogate, 84, 48.0, 0.2625
surrogate, 84, 48.0, 0.2625
surrogate, 84, 48.0, 0.2625
surrogate, 84, 48.0, 0.2625
surrogate, 84, 48.0, 0.2625
surrogate, 84, 48.0, 0.2625
surrogate, 84, 48.0, 0.2625
surrogate, 84, 48.0, 0.2625
surrogate, 84, 48.0, 0.2625
surrogate, 84, 48.0, 0.2625
surrogate, 84, 48.0, 0.2625
surrogate, 84, 48.0, 0.2625
surrogate, 84, 48.0, 0.2625
surrogate, 84, 48.0, 0.2625
surrogate, 84, 48.0, 0.2625
surrogate, 84, 48.0, 0.2625
surrogate, 84, 48.0, 0.2625
surrogate, 84, 48.0, 0.2625
surrogate, 84, 48.0, 0.2625
surrogate, 84, 48.0, 0.2625
surrogate, 84, 48.0, 0.2625
surrogate, 84, 48.0, 0.2625
surrogate, 84, 48.0, 0.2625
surrogate, 84, 48.0, 0.2625
surrogate, 84, 48.0, 0.2625
surrogate, 84, 48.0, 0.2625
surrogate, 84, 48.0, 0.2625
surrogate, 84, 48.0, 0.2625
surrogate, 84, 48.0, 0.2625
surrogate, 84, 48.0, 0.2625
surrogate, 84, 48.0, 0.2625
surrogate, 84, 48.0, 0.2625
surrogate, 84, 48.0, 0.2625
surrogate, 84, 48.0, 0.2625
surrogate, 84, 48.0, 0.2625
surrogate, 84, 48.0, 0.2625
surrogate, 84, 48.0, 0.2625
surrogate, 84, 48.0, 0.2625
surrogate, 84, 48.0, 0.2625
surrogate, 84, 48.0, 0.2625
surrogate, 84, 48.0, 0.2625
surrogate, 84, 48.0, 0.2625
surrogate, 84, 48.0, 0.2625
surrogate, 84, 48.0, 0.2625
surrogate, 84, 48.0, 0.2625
surrogate, 84, 48.0, 0.2625
surrogate, 84, 48.0, 0.2625
surrogate, 84, 48.0, 0.2625
surrogate, 84, 48.0, 0.2625
surrogate, 84, 48.0, 0.2625
surrogate, 84, 48.0, 0.2625
surrogate, 84, 47.0, 0.25
surrogate, 84, 47.0, 0.25
surrogate, 84, 47.0, 0.25
surrogate, 84, 47.0, 0.25
surrogate, 84, 47.0, 0.25
surrogate, 84, 47.0, 0.25
surrogate, 84, 47.0, 0.25
surrogate, 84, 47.0, 0.25
surrogate, 84, 47.0, 0.25
surrogate, 84, 47.0, 0.25
surrogate, 84, 47.0, 0.25
surrogate, 84, 47.0, 0.25
surrogate, 84, 47.0, 0.25
surrogate, 84, 47.0, 0.25
surrogate, 84, 47.0, 0.25
surrogate, 84, 47.0, 0.25
surrogate, 84, 47.0, 0.25
surrogate, 84, 47.0, 0.25
surrogate, 84, 47.0, 0.25
surrogate, 84, 47.0, 0.25
surrogate, 84, 47.0, 0.25
surrogate, 84, 47.0, 0.25
surrogate, 84, 47.0, 0.25
surrogate, 84, 47.0, 0.25
surrogate, 84, 47.0, 0.25
surrogate, 84, 47.0, 0.25
surrogate, 84, 47.0, 0.25
surrogate, 84, 47.0, 0.25
surrogate, 84, 47.0, 0.25
surrogate, 84, 47.0, 0.25
surrogate, 84, 47.0, 0.25
surrogate, 84, 47.0, 0.25
surrogate, 84, 47.0, 0.25
surrogate, 84, 47.0, 0.25
surrogate, 84, 47.0, 0.25
surrogate, 84, 47.0, 0.25
surrogate, 84, 47.0, 0.25
surrogate, 84, 47.0, 0.25
surrogate, 84, 47.0, 0.25
surrogate, 84, 47.0, 0.25
surrogate, 84, 47.0, 0.25
surrogate, 84, 47.0, 0.25
surrogate, 84, 47.0, 0.25
surrogate, 84, 47.0, 0.25
surrogate, 84, 47.0, 0.25
surrogate, 84, 47.0, 0.25
surrogate, 84, 47.0, 0.25
surrogate, 84, 47.0, 0.25
surrogate, 84, 47.0, 0.25
surrogate, 84, 47.0, 0.25
surrogate, 84, 47.0, 0.25
surrogate, 84, 47.0, 0.25
surrogate, 84, 47.0, 0.25
surrogate, 84, 47.0, 0.25
surrogate, 84, 47.0, 0.25
surrogate, 84, 47.0, 0.25
surrogate, 84, 47.0, 0.25
surrogate, 84, 47.0, 0.25
surrogate, 84, 47.0, 0.25
surrogate, 84, 47.0, 0.25
surrogate, 84, 47.0, 0.25
surrogate, 84, 47.0, 0.25
surrogate, 84, 47.0, 0.25
surrogate, 84, 47.0, 0.25
surrogate, 84, 47.0, 0.25
surrogate, 84, 47.0, 0.25
surrogate, 84, 47.0, 0.25
surrogate, 84, 47.0, 0.25
surrogate, 84, 47.0, 0.25
surrogate, 84, 47.0, 0.25
surrogate, 85, 49.0, 0.2875
surrogate, 85, 49.0, 0.2875
surrogate, 85, 49.0, 0.2875
surrogate, 85, 49.0, 0.2875
surrogate, 85, 49.0, 0.2875
surrogate, 85, 49.0, 0.2875
surrogate, 85, 49.0, 0.2875
surrogate, 85, 49.0, 0.2875
surrogate, 85, 49.0, 0.2875
surrogate, 85, 49.0, 0.2875
surrogate, 85, 49.0, 0.2875
surrogate, 85, 49.0, 0.2875
surrogate, 85, 49.0, 0.2875
surrogate, 85, 49.0, 0.2875
surrogate, 85, 49.0, 0.2875
surrogate, 85, 49.0, 0.2875
surrogate, 85, 49.0, 0.2875
surrogate, 85, 49.0, 0.2875
surrogate, 85, 49.0, 0.2875
surrogate, 85, 49.0, 0.2875
surrogate, 85, 49.0, 0.2875
surrogate, 85, 49.0, 0.2875
surrogate, 85, 49.0, 0.2875
surrogate, 85, 49.0, 0.2875
surrogate, 85, 49.0, 0.2875
surrogate, 85, 49.0, 0.2875
surrogate, 85, 49.0, 0.2875
surrogate, 85, 49.0, 0.2875
surrogate, 85, 49.0, 0.2875
surrogate, 85, 49.0, 0.2875
surrogate, 85, 49.0, 0.2875
surrogate, 85, 49.0, 0.2875
surrogate, 85, 49.0, 0.2875
surrogate, 85, 49.0, 0.2875
surrogate, 85, 49.0, 0.2875
surrogate, 85, 49.0, 0.2875
surrogate, 85, 49.0, 0.2875
surrogate, 85, 49.0, 0.2875
surrogate, 85, 49.0, 0.2875
surrogate, 85, 49.0, 0.2875
surrogate, 85, 49.0, 0.2875
surrogate, 85, 49.0, 0.2875
surrogate, 85, 49.0, 0.2875
surrogate, 85, 49.0, 0.2875
surrogate, 85, 49.0, 0.2875
surrogate, 85, 49.0, 0.2875
surrogate, 85, 49.0, 0.2875
surrogate, 85, 49.0, 0.2875
surrogate, 85, 49.0, 0.2875
surrogate, 85, 49.0, 0.2875
surrogate, 85, 49.0, 0.2875
surrogate, 85, 49.0, 0.2875
surrogate, 85, 49.0, 0.2875
surrogate, 85, 49.0, 0.2875
surrogate, 85, 49.0, 0.2875
surrogate, 85, 49.0, 0.2875
surrogate, 85, 48.0, 0.2625
surrogate, 85, 48.0, 0.2625
surrogate, 85, 48.0, 0.2625
surrogate, 85, 48.0, 0.2625
surrogate, 85, 48.0, 0.2625
surrogate, 85, 48.0, 0.2625
surrogate, 85, 48.0, 0.2625
surrogate, 85, 48.0, 0.2625
surrogate, 85, 48.0, 0.2625
surrogate, 85, 48.0, 0.2625
surrogate, 85, 48.0, 0.2625
surrogate, 85, 48.0, 0.2625
surrogate, 85, 48.0, 0.2625
surrogate, 85, 48.0, 0.2625
surrogate, 85, 48.0, 0.2625
surrogate, 85, 48.0, 0.2625
surrogate, 85, 48.0, 0.2625
surrogate, 85, 48.0, 0.2625
surrogate, 85, 48.0, 0.2625
surrogate, 85, 48.0, 0.2625
surrogate, 85, 48.0, 0.2625
surrogate, 85, 48.0, 0.2625
surrogate, 85, 48.0, 0.2625
surrogate, 85, 48.0, 0.2625
surrogate, 85, 48.0, 0.2625
surrogate, 85, 48.0, 0.2625
surrogate, 85, 48.0, 0.2625
surrogate, 85, 48.0, 0.2625
surrogate, 85, 48.0, 0.2625
surrogate, 85, 48.0, 0.2625
surrogate, 85, 48.0, 0.2625
surrogate, 85, 48.0, 0.2625
surrogate, 85, 48.0, 0.2625
surrogate, 85, 48.0, 0.2625
surrogate, 85, 48.0, 0.2625
surrogate, 85, 48.0, 0.2625
surrogate, 85, 48.0, 0.2625
surrogate, 85, 48.0, 0.2625
surrogate, 85, 48.0, 0.2625
surrogate, 85, 48.0, 0.2625
surrogate, 85, 48.0, 0.2625
surrogate, 85, 48.0, 0.2625
surrogate, 85, 48.0, 0.2625
surrogate, 85, 48.0, 0.2625
surrogate, 85, 48.0, 0.2625
surrogate, 85, 48.0, 0.2625
surrogate, 85, 48.0, 0.2625
surrogate, 85, 48.0, 0.2625
surrogate, 85, 48.0, 0.2625
surrogate, 85, 48.0, 0.2625
surrogate, 85, 48.0, 0.2625
surrogate, 85, 48.0, 0.2625
surrogate, 85, 48.0, 0.2625
surrogate, 85, 48.0, 0.2625
surrogate, 85, 48.0, 0.2625
surrogate, 85, 48.0, 0.2625
surrogate, 85, 48.0, 0.2625
surrogate, 85, 48.0, 0.2625
surrogate, 85, 48.0, 0.2625
surrogate, 85, 48.0, 0.2625
surrogate, 85, 48.0, 0.2625
surrogate, 85, 48.0, 0.2625
surrogate, 85, 48.0, 0.2625
surrogate, 85, 48.0, 0.2625
surrogate, 85, 48.0, 0.2625
surrogate, 85, 48.0, 0.2625
surrogate, 85, 48.0, 0.2625
surrogate, 85, 48.0, 0.2625
surrogate, 85, 48.0, 0.2625
surrogate, 85, 48.0, 0.2625
surrogate, 85, 48.0, 0.2625
surrogate, 85, 47.0, 0.25
surrogate, 85, 47.0, 0.25
surrogate, 85, 47.0, 0.25
surrogate, 85, 47.0, 0.25
surrogate, 85, 47.0, 0.25
surrogate, 85, 47.0, 0.25
surrogate, 85, 47.0, 0.25
surrogate, 85, 47.0, 0.25
surrogate, 85, 47.0, 0.25
surrogate, 85, 47.0, 0.25
surrogate, 85, 47.0, 0.25
surrogate, 85, 47.0, 0.25
surrogate, 85, 47.0, 0.25
surrogate, 85, 47.0, 0.25
surrogate, 85, 47.0, 0.25
surrogate, 85, 47.0, 0.25
surrogate, 85, 47.0, 0.25
surrogate, 85, 47.0, 0.25
surrogate, 85, 47.0, 0.25
surrogate, 85, 47.0, 0.25
surrogate, 85, 47.0, 0.25
surrogate, 85, 47.0, 0.25
surrogate, 85, 47.0, 0.25
surrogate, 85, 47.0, 0.25
surrogate, 85, 47.0, 0.25
surrogate, 85, 47.0, 0.25
surrogate, 85, 47.0, 0.25
surrogate, 85, 47.0, 0.25
surrogate, 85, 47.0, 0.25
surrogate, 85, 47.0, 0.25
surrogate, 85, 47.0, 0.25
surrogate, 85, 47.0, 0.25
surrogate, 85, 47.0, 0.25
surrogate, 85, 47.0, 0.25
surrogate, 85, 47.0, 0.25
surrogate, 85, 47.0, 0.25
surrogate, 85, 47.0, 0.25
surrogate, 85, 47.0, 0.25
surrogate, 85, 47.0, 0.25
surrogate, 85, 47.0, 0.25
surrogate, 85, 47.0, 0.25
surrogate, 85, 47.0, 0.25
surrogate, 85, 47.0, 0.25
surrogate, 85, 47.0, 0.25
surrogate, 85, 47.0, 0.25
surrogate, 85, 47.0, 0.25
surrogate, 85, 47.0, 0.25
surrogate, 85, 47.0, 0.25
surrogate, 85, 47.0, 0.25
surrogate, 85, 47.0, 0.25
surrogate, 85, 47.0, 0.25
surrogate, 85, 47.0, 0.25
surrogate, 85, 47.0, 0.25
surrogate, 85, 47.0, 0.25
surrogate, 85, 47.0, 0.25
surrogate, 85, 47.0, 0.25
surrogate, 85, 47.0, 0.25
surrogate, 85, 47.0, 0.25
surrogate, 85, 47.0, 0.25
surrogate, 85, 47.0, 0.25
surrogate, 85, 47.0, 0.25
surrogate, 85, 47.0, 0.25
surrogate, 85, 47.0, 0.25
surrogate, 85, 47.0, 0.25
surrogate, 85, 47.0, 0.25
surrogate, 85, 47.0, 0.25
surrogate, 85, 47.0, 0.25
surrogate, 85, 47.0, 0.25
surrogate, 85, 47.0, 0.25
surrogate, 85, 47.0, 0.25
surrogate, 85, 47.0, 0.25
surrogate, 86, 49.0, 0.2875
surrogate, 86, 49.0, 0.2875
surrogate, 86, 49.0, 0.2875
surrogate, 86, 49.0, 0.2875
surrogate, 86, 49.0, 0.2875
surrogate, 86, 49.0, 0.2875
surrogate, 86, 49.0, 0.2875
surrogate, 86, 49.0, 0.2875
surrogate, 86, 49.0, 0.2875
surrogate, 86, 49.0, 0.2875
surrogate, 86, 49.0, 0.2875
surrogate, 86, 49.0, 0.2875
surrogate, 86, 49.0, 0.2875
surrogate, 86, 49.0, 0.2875
surrogate, 86, 49.0, 0.2875
surrogate, 86, 49.0, 0.2875
surrogate, 86, 49.0, 0.2875
surrogate, 86, 49.0, 0.2875
surrogate, 86, 49.0, 0.2875
surrogate, 86, 49.0, 0.2875
surrogate, 86, 49.0, 0.2875
surrogate, 86, 49.0, 0.2875
surrogate, 86, 49.0, 0.2875
surrogate, 86, 49.0, 0.2875
surrogate, 86, 49.0, 0.2875
surrogate, 86, 49.0, 0.2875
surrogate, 86, 49.0, 0.2875
surrogate, 86, 49.0, 0.2875
surrogate, 86, 49.0, 0.2875
surrogate, 86, 49.0, 0.2875
surrogate, 86, 49.0, 0.2875
surrogate, 86, 49.0, 0.2875
surrogate, 86, 49.0, 0.2875
surrogate, 86, 49.0, 0.2875
surrogate, 86, 49.0, 0.2875
surrogate, 86, 49.0, 0.2875
surrogate, 86, 49.0, 0.2875
surrogate, 86, 49.0, 0.2875
surrogate, 86, 49.0, 0.2875
surrogate, 86, 49.0, 0.2875
surrogate, 86, 49.0, 0.2875
surrogate, 86, 49.0, 0.2875
surrogate, 86, 49.0, 0.2875
surrogate, 86, 49.0, 0.2875
surrogate, 86, 49.0, 0.2875
surrogate, 86, 49.0, 0.2875
surrogate, 86, 49.0, 0.2875
surrogate, 86, 49.0, 0.2875
surrogate, 86, 49.0, 0.2875
surrogate, 86, 49.0, 0.2875
surrogate, 86, 49.0, 0.2875
surrogate, 86, 49.0, 0.2875
surrogate, 86, 49.0, 0.2875
surrogate, 86, 49.0, 0.2875
surrogate, 86, 49.0, 0.2875
surrogate, 86, 49.0, 0.2875
surrogate, 86, 48.0, 0.2625
surrogate, 86, 48.0, 0.2625
surrogate, 86, 48.0, 0.2625
surrogate, 86, 48.0, 0.2625
surrogate, 86, 48.0, 0.2625
surrogate, 86, 48.0, 0.2625
surrogate, 86, 48.0, 0.2625
surrogate, 86, 48.0, 0.2625
surrogate, 86, 48.0, 0.2625
surrogate, 86, 48.0, 0.2625
surrogate, 86, 48.0, 0.2625
surrogate, 86, 48.0, 0.2625
surrogate, 86, 48.0, 0.2625
surrogate, 86, 48.0, 0.2625
surrogate, 86, 48.0, 0.2625
surrogate, 86, 48.0, 0.2625
surrogate, 86, 48.0, 0.2625
surrogate, 86, 48.0, 0.2625
surrogate, 86, 48.0, 0.2625
surrogate, 86, 48.0, 0.2625
surrogate, 86, 48.0, 0.2625
surrogate, 86, 48.0, 0.2625
surrogate, 86, 48.0, 0.2625
surrogate, 86, 48.0, 0.2625
surrogate, 86, 48.0, 0.2625
surrogate, 86, 48.0, 0.2625
surrogate, 86, 48.0, 0.2625
surrogate, 86, 48.0, 0.2625
surrogate, 86, 48.0, 0.2625
surrogate, 86, 48.0, 0.2625
surrogate, 86, 48.0, 0.2625
surrogate, 86, 48.0, 0.2625
surrogate, 86, 48.0, 0.2625
surrogate, 86, 48.0, 0.2625
surrogate, 86, 48.0, 0.2625
surrogate, 86, 48.0, 0.2625
surrogate, 86, 48.0, 0.2625
surrogate, 86, 48.0, 0.2625
surrogate, 86, 48.0, 0.2625
surrogate, 86, 48.0, 0.2625
surrogate, 86, 48.0, 0.2625
surrogate, 86, 48.0, 0.2625
surrogate, 86, 48.0, 0.2625
surrogate, 86, 48.0, 0.2625
surrogate, 86, 48.0, 0.2625
surrogate, 86, 48.0, 0.2625
surrogate, 86, 48.0, 0.2625
surrogate, 86, 48.0, 0.2625
surrogate, 86, 48.0, 0.2625
surrogate, 86, 48.0, 0.2625
surrogate, 86, 48.0, 0.2625
surrogate, 86, 48.0, 0.2625
surrogate, 86, 48.0, 0.2625
surrogate, 86, 48.0, 0.2625
surrogate, 86, 48.0, 0.2625
surrogate, 86, 48.0, 0.2625
surrogate, 86, 48.0, 0.2625
surrogate, 86, 48.0, 0.2625
surrogate, 86, 48.0, 0.2625
surrogate, 86, 48.0, 0.2625
surrogate, 86, 48.0, 0.2625
surrogate, 86, 48.0, 0.2625
surrogate, 86, 48.0, 0.2625
surrogate, 86, 48.0, 0.2625
surrogate, 86, 48.0, 0.2625
surrogate, 86, 48.0, 0.2625
surrogate, 86, 48.0, 0.2625
surrogate, 86, 48.0, 0.2625
surrogate, 86, 48.0, 0.2625
surrogate, 86, 48.0, 0.2625
surrogate, 86, 48.0, 0.2625
surrogate, 86, 47.0, 0.25
surrogate, 86, 47.0, 0.25
surrogate, 86, 47.0, 0.25
surrogate, 86, 47.0, 0.25
surrogate, 86, 47.0, 0.25
surrogate, 86, 47.0, 0.25
surrogate, 86, 47.0, 0.25
surrogate, 86, 47.0, 0.25
surrogate, 86, 47.0, 0.25
surrogate, 86, 47.0, 0.25
surrogate, 86, 47.0, 0.25
surrogate, 86, 47.0, 0.25
surrogate, 86, 47.0, 0.25
surrogate, 86, 47.0, 0.25
surrogate, 86, 47.0, 0.25
surrogate, 86, 47.0, 0.25
surrogate, 86, 47.0, 0.25
surrogate, 86, 47.0, 0.25
surrogate, 86, 47.0, 0.25
surrogate, 86, 47.0, 0.25
surrogate, 86, 47.0, 0.25
surrogate, 86, 47.0, 0.25
surrogate, 86, 47.0, 0.25
surrogate, 86, 47.0, 0.25
surrogate, 86, 47.0, 0.25
surrogate, 86, 47.0, 0.25
surrogate, 86, 47.0, 0.25
surrogate, 86, 47.0, 0.25
surrogate, 86, 47.0, 0.25
surrogate, 86, 47.0, 0.25
surrogate, 86, 47.0, 0.25
surrogate, 86, 47.0, 0.25
surrogate, 86, 47.0, 0.25
surrogate, 86, 47.0, 0.25
surrogate, 86, 47.0, 0.25
surrogate, 86, 47.0, 0.25
surrogate, 86, 47.0, 0.25
surrogate, 86, 47.0, 0.25
surrogate, 86, 47.0, 0.25
surrogate, 86, 47.0, 0.25
surrogate, 86, 47.0, 0.25
surrogate, 86, 47.0, 0.25
surrogate, 86, 47.0, 0.25
surrogate, 86, 47.0, 0.25
surrogate, 86, 47.0, 0.25
surrogate, 86, 47.0, 0.25
surrogate, 86, 47.0, 0.25
surrogate, 86, 47.0, 0.25
surrogate, 86, 47.0, 0.25
surrogate, 86, 47.0, 0.25
surrogate, 86, 47.0, 0.25
surrogate, 86, 47.0, 0.25
surrogate, 86, 47.0, 0.25
surrogate, 86, 47.0, 0.25
surrogate, 86, 47.0, 0.25
surrogate, 86, 47.0, 0.25
surrogate, 86, 47.0, 0.25
surrogate, 86, 47.0, 0.25
surrogate, 86, 47.0, 0.25
surrogate, 86, 47.0, 0.25
surrogate, 86, 47.0, 0.25
surrogate, 86, 47.0, 0.25
surrogate, 86, 47.0, 0.25
surrogate, 86, 47.0, 0.25
surrogate, 86, 47.0, 0.25
surrogate, 86, 47.0, 0.25
surrogate, 86, 47.0, 0.25
surrogate, 86, 47.0, 0.25
surrogate, 86, 47.0, 0.25
surrogate, 86, 47.0, 0.25
surrogate, 86, 47.0, 0.25
surrogate, 86, 47.0, 0.25
surrogate, 87, 49.0, 0.2875
surrogate, 87, 49.0, 0.2875
surrogate, 87, 49.0, 0.2875
surrogate, 87, 49.0, 0.2875
surrogate, 87, 49.0, 0.2875
surrogate, 87, 49.0, 0.2875
surrogate, 87, 49.0, 0.2875
surrogate, 87, 49.0, 0.2875
surrogate, 87, 49.0, 0.2875
surrogate, 87, 49.0, 0.2875
surrogate, 87, 49.0, 0.2875
surrogate, 87, 49.0, 0.2875
surrogate, 87, 49.0, 0.2875
surrogate, 87, 49.0, 0.2875
surrogate, 87, 49.0, 0.2875
surrogate, 87, 49.0, 0.2875
surrogate, 87, 49.0, 0.2875
surrogate, 87, 49.0, 0.2875
surrogate, 87, 49.0, 0.2875
surrogate, 87, 49.0, 0.2875
surrogate, 87, 49.0, 0.2875
surrogate, 87, 49.0, 0.2875
surrogate, 87, 49.0, 0.2875
surrogate, 87, 49.0, 0.2875
surrogate, 87, 49.0, 0.2875
surrogate, 87, 49.0, 0.2875
surrogate, 87, 49.0, 0.2875
surrogate, 87, 49.0, 0.2875
surrogate, 87, 49.0, 0.2875
surrogate, 87, 49.0, 0.2875
surrogate, 87, 49.0, 0.2875
surrogate, 87, 49.0, 0.2875
surrogate, 87, 49.0, 0.2875
surrogate, 87, 49.0, 0.2875
surrogate, 87, 49.0, 0.2875
surrogate, 87, 49.0, 0.2875
surrogate, 87, 49.0, 0.2875
surrogate, 87, 49.0, 0.2875
surrogate, 87, 49.0, 0.2875
surrogate, 87, 49.0, 0.2875
surrogate, 87, 49.0, 0.2875
surrogate, 87, 49.0, 0.2875
surrogate, 87, 49.0, 0.2875
surrogate, 87, 49.0, 0.2875
surrogate, 87, 49.0, 0.2875
surrogate, 87, 49.0, 0.2875
surrogate, 87, 49.0, 0.2875
surrogate, 87, 49.0, 0.2875
surrogate, 87, 49.0, 0.2875
surrogate, 87, 49.0, 0.2875
surrogate, 87, 49.0, 0.2875
surrogate, 87, 49.0, 0.2875
surrogate, 87, 49.0, 0.2875
surrogate, 87, 49.0, 0.2875
surrogate, 87, 49.0, 0.2875
surrogate, 87, 49.0, 0.2875
surrogate, 87, 48.0, 0.2625
surrogate, 87, 48.0, 0.2625
surrogate, 87, 48.0, 0.2625
surrogate, 87, 48.0, 0.2625
surrogate, 87, 48.0, 0.2625
surrogate, 87, 48.0, 0.2625
surrogate, 87, 48.0, 0.2625
surrogate, 87, 48.0, 0.2625
surrogate, 87, 48.0, 0.2625
surrogate, 87, 48.0, 0.2625
surrogate, 87, 48.0, 0.2625
surrogate, 87, 48.0, 0.2625
surrogate, 87, 48.0, 0.2625
surrogate, 87, 48.0, 0.2625
surrogate, 87, 48.0, 0.2625
surrogate, 87, 48.0, 0.2625
surrogate, 87, 48.0, 0.2625
surrogate, 87, 48.0, 0.2625
surrogate, 87, 48.0, 0.2625
surrogate, 87, 48.0, 0.2625
surrogate, 87, 48.0, 0.2625
surrogate, 87, 48.0, 0.2625
surrogate, 87, 48.0, 0.2625
surrogate, 87, 48.0, 0.2625
surrogate, 87, 48.0, 0.2625
surrogate, 87, 48.0, 0.2625
surrogate, 87, 48.0, 0.2625
surrogate, 87, 48.0, 0.2625
surrogate, 87, 48.0, 0.2625
surrogate, 87, 48.0, 0.2625
surrogate, 87, 48.0, 0.2625
surrogate, 87, 48.0, 0.2625
surrogate, 87, 48.0, 0.2625
surrogate, 87, 48.0, 0.2625
surrogate, 87, 48.0, 0.2625
surrogate, 87, 48.0, 0.2625
surrogate, 87, 48.0, 0.2625
surrogate, 87, 48.0, 0.2625
surrogate, 87, 48.0, 0.2625
surrogate, 87, 48.0, 0.2625
surrogate, 87, 48.0, 0.2625
surrogate, 87, 48.0, 0.2625
surrogate, 87, 48.0, 0.2625
surrogate, 87, 48.0, 0.2625
surrogate, 87, 48.0, 0.2625
surrogate, 87, 48.0, 0.2625
surrogate, 87, 48.0, 0.2625
surrogate, 87, 48.0, 0.2625
surrogate, 87, 48.0, 0.2625
surrogate, 87, 48.0, 0.2625
surrogate, 87, 48.0, 0.2625
surrogate, 87, 48.0, 0.2625
surrogate, 87, 48.0, 0.2625
surrogate, 87, 48.0, 0.2625
surrogate, 87, 48.0, 0.2625
surrogate, 87, 48.0, 0.2625
surrogate, 87, 48.0, 0.2625
surrogate, 87, 48.0, 0.2625
surrogate, 87, 48.0, 0.2625
surrogate, 87, 48.0, 0.2625
surrogate, 87, 48.0, 0.2625
surrogate, 87, 48.0, 0.2625
surrogate, 87, 48.0, 0.2625
surrogate, 87, 48.0, 0.2625
surrogate, 87, 48.0, 0.2625
surrogate, 87, 48.0, 0.2625
surrogate, 87, 48.0, 0.2625
surrogate, 87, 48.0, 0.2625
surrogate, 87, 48.0, 0.2625
surrogate, 87, 48.0, 0.2625
surrogate, 87, 48.0, 0.2625
surrogate, 87, 47.0, 0.25
surrogate, 87, 47.0, 0.25
surrogate, 87, 47.0, 0.25
surrogate, 87, 47.0, 0.25
surrogate, 87, 47.0, 0.25
surrogate, 87, 47.0, 0.25
surrogate, 87, 47.0, 0.25
surrogate, 87, 47.0, 0.25
surrogate, 87, 47.0, 0.25
surrogate, 87, 47.0, 0.25
surrogate, 87, 47.0, 0.25
surrogate, 87, 47.0, 0.25
surrogate, 87, 47.0, 0.25
surrogate, 87, 47.0, 0.25
surrogate, 87, 47.0, 0.25
surrogate, 87, 47.0, 0.25
surrogate, 87, 47.0, 0.25
surrogate, 87, 47.0, 0.25
surrogate, 87, 47.0, 0.25
surrogate, 87, 47.0, 0.25
surrogate, 87, 47.0, 0.25
surrogate, 87, 47.0, 0.25
surrogate, 87, 47.0, 0.25
surrogate, 87, 47.0, 0.25
surrogate, 87, 47.0, 0.25
surrogate, 87, 47.0, 0.25
surrogate, 87, 47.0, 0.25
surrogate, 87, 47.0, 0.25
surrogate, 87, 47.0, 0.25
surrogate, 87, 47.0, 0.25
surrogate, 87, 47.0, 0.25
surrogate, 87, 47.0, 0.25
surrogate, 87, 47.0, 0.25
surrogate, 87, 47.0, 0.25
surrogate, 87, 47.0, 0.25
surrogate, 87, 47.0, 0.25
surrogate, 87, 47.0, 0.25
surrogate, 87, 47.0, 0.25
surrogate, 87, 47.0, 0.25
surrogate, 87, 47.0, 0.25
surrogate, 87, 47.0, 0.25
surrogate, 87, 47.0, 0.25
surrogate, 87, 47.0, 0.25
surrogate, 87, 47.0, 0.25
surrogate, 87, 47.0, 0.25
surrogate, 87, 47.0, 0.25
surrogate, 87, 47.0, 0.25
surrogate, 87, 47.0, 0.25
surrogate, 87, 47.0, 0.25
surrogate, 87, 47.0, 0.25
surrogate, 87, 47.0, 0.25
surrogate, 87, 47.0, 0.25
surrogate, 87, 47.0, 0.25
surrogate, 87, 47.0, 0.25
surrogate, 87, 47.0, 0.25
surrogate, 87, 47.0, 0.25
surrogate, 87, 47.0, 0.25
surrogate, 87, 47.0, 0.25
surrogate, 87, 47.0, 0.25
surrogate, 87, 47.0, 0.25
surrogate, 87, 47.0, 0.25
surrogate, 87, 47.0, 0.25
surrogate, 87, 47.0, 0.25
surrogate, 87, 47.0, 0.25
surrogate, 87, 47.0, 0.25
surrogate, 87, 47.0, 0.25
surrogate, 87, 47.0, 0.25
surrogate, 87, 47.0, 0.25
surrogate, 87, 47.0, 0.25
surrogate, 87, 47.0, 0.25
surrogate, 87, 47.0, 0.25
surrogate, 87, 47.0, 0.25
surrogate, 88, 49.0, 0.2875
surrogate, 88, 49.0, 0.2875
surrogate, 88, 49.0, 0.2875
surrogate, 88, 49.0, 0.2875
surrogate, 88, 49.0, 0.2875
surrogate, 88, 49.0, 0.2875
surrogate, 88, 49.0, 0.2875
surrogate, 88, 49.0, 0.2875
surrogate, 88, 49.0, 0.2875
surrogate, 88, 49.0, 0.2875
surrogate, 88, 49.0, 0.2875
surrogate, 88, 49.0, 0.2875
surrogate, 88, 49.0, 0.2875
surrogate, 88, 49.0, 0.2875
surrogate, 88, 49.0, 0.2875
surrogate, 88, 49.0, 0.2875
surrogate, 88, 49.0, 0.2875
surrogate, 88, 49.0, 0.2875
surrogate, 88, 49.0, 0.2875
surrogate, 88, 49.0, 0.2875
surrogate, 88, 49.0, 0.2875
surrogate, 88, 49.0, 0.2875
surrogate, 88, 49.0, 0.2875
surrogate, 88, 49.0, 0.2875
surrogate, 88, 49.0, 0.2875
surrogate, 88, 49.0, 0.2875
surrogate, 88, 49.0, 0.2875
surrogate, 88, 49.0, 0.2875
surrogate, 88, 49.0, 0.2875
surrogate, 88, 49.0, 0.2875
surrogate, 88, 49.0, 0.2875
surrogate, 88, 49.0, 0.2875
surrogate, 88, 49.0, 0.2875
surrogate, 88, 49.0, 0.2875
surrogate, 88, 49.0, 0.2875
surrogate, 88, 49.0, 0.2875
surrogate, 88, 49.0, 0.2875
surrogate, 88, 49.0, 0.2875
surrogate, 88, 49.0, 0.2875
surrogate, 88, 49.0, 0.2875
surrogate, 88, 49.0, 0.2875
surrogate, 88, 49.0, 0.2875
surrogate, 88, 49.0, 0.2875
surrogate, 88, 49.0, 0.2875
surrogate, 88, 49.0, 0.2875
surrogate, 88, 49.0, 0.2875
surrogate, 88, 49.0, 0.2875
surrogate, 88, 49.0, 0.2875
surrogate, 88, 49.0, 0.2875
surrogate, 88, 49.0, 0.2875
surrogate, 88, 49.0, 0.2875
surrogate, 88, 49.0, 0.2875
surrogate, 88, 49.0, 0.2875
surrogate, 88, 49.0, 0.2875
surrogate, 88, 49.0, 0.2875
surrogate, 88, 49.0, 0.2875
surrogate, 88, 48.0, 0.2625
surrogate, 88, 48.0, 0.2625
surrogate, 88, 48.0, 0.2625
surrogate, 88, 48.0, 0.2625
surrogate, 88, 48.0, 0.2625
surrogate, 88, 48.0, 0.2625
surrogate, 88, 48.0, 0.2625
surrogate, 88, 48.0, 0.2625
surrogate, 88, 48.0, 0.2625
surrogate, 88, 48.0, 0.2625
surrogate, 88, 48.0, 0.2625
surrogate, 88, 48.0, 0.2625
surrogate, 88, 48.0, 0.2625
surrogate, 88, 48.0, 0.2625
surrogate, 88, 48.0, 0.2625
surrogate, 88, 48.0, 0.2625
surrogate, 88, 48.0, 0.2625
surrogate, 88, 48.0, 0.2625
surrogate, 88, 48.0, 0.2625
surrogate, 88, 48.0, 0.2625
surrogate, 88, 48.0, 0.2625
surrogate, 88, 48.0, 0.2625
surrogate, 88, 48.0, 0.2625
surrogate, 88, 48.0, 0.2625
surrogate, 88, 48.0, 0.2625
surrogate, 88, 48.0, 0.2625
surrogate, 88, 48.0, 0.2625
surrogate, 88, 48.0, 0.2625
surrogate, 88, 48.0, 0.2625
surrogate, 88, 48.0, 0.2625
surrogate, 88, 48.0, 0.2625
surrogate, 88, 48.0, 0.2625
surrogate, 88, 48.0, 0.2625
surrogate, 88, 48.0, 0.2625
surrogate, 88, 48.0, 0.2625
surrogate, 88, 48.0, 0.2625
surrogate, 88, 48.0, 0.2625
surrogate, 88, 48.0, 0.2625
surrogate, 88, 48.0, 0.2625
surrogate, 88, 48.0, 0.2625
surrogate, 88, 48.0, 0.2625
surrogate, 88, 48.0, 0.2625
surrogate, 88, 48.0, 0.2625
surrogate, 88, 48.0, 0.2625
surrogate, 88, 48.0, 0.2625
surrogate, 88, 48.0, 0.2625
surrogate, 88, 48.0, 0.2625
surrogate, 88, 48.0, 0.2625
surrogate, 88, 48.0, 0.2625
surrogate, 88, 48.0, 0.2625
surrogate, 88, 48.0, 0.2625
surrogate, 88, 48.0, 0.2625
surrogate, 88, 48.0, 0.2625
surrogate, 88, 48.0, 0.2625
surrogate, 88, 48.0, 0.2625
surrogate, 88, 48.0, 0.2625
surrogate, 88, 48.0, 0.2625
surrogate, 88, 48.0, 0.2625
surrogate, 88, 48.0, 0.2625
surrogate, 88, 48.0, 0.2625
surrogate, 88, 48.0, 0.2625
surrogate, 88, 48.0, 0.2625
surrogate, 88, 48.0, 0.2625
surrogate, 88, 48.0, 0.2625
surrogate, 88, 48.0, 0.2625
surrogate, 88, 48.0, 0.2625
surrogate, 88, 48.0, 0.2625
surrogate, 88, 48.0, 0.2625
surrogate, 88, 48.0, 0.2625
surrogate, 88, 48.0, 0.2625
surrogate, 88, 48.0, 0.2625
surrogate, 88, 47.0, 0.25
surrogate, 88, 47.0, 0.25
surrogate, 88, 47.0, 0.25
surrogate, 88, 47.0, 0.25
surrogate, 88, 47.0, 0.25
surrogate, 88, 47.0, 0.25
surrogate, 88, 47.0, 0.25
surrogate, 88, 47.0, 0.25
surrogate, 88, 47.0, 0.25
surrogate, 88, 47.0, 0.25
surrogate, 88, 47.0, 0.25
surrogate, 88, 47.0, 0.25
surrogate, 88, 47.0, 0.25
surrogate, 88, 47.0, 0.25
surrogate, 88, 47.0, 0.25
surrogate, 88, 47.0, 0.25
surrogate, 88, 47.0, 0.25
surrogate, 88, 47.0, 0.25
surrogate, 88, 47.0, 0.25
surrogate, 88, 47.0, 0.25
surrogate, 88, 47.0, 0.25
surrogate, 88, 47.0, 0.25
surrogate, 88, 47.0, 0.25
surrogate, 88, 47.0, 0.25
surrogate, 88, 47.0, 0.25
surrogate, 88, 47.0, 0.25
surrogate, 88, 47.0, 0.25
surrogate, 88, 47.0, 0.25
surrogate, 88, 47.0, 0.25
surrogate, 88, 47.0, 0.25
surrogate, 88, 47.0, 0.25
surrogate, 88, 47.0, 0.25
surrogate, 88, 47.0, 0.25
surrogate, 88, 47.0, 0.25
surrogate, 88, 47.0, 0.25
surrogate, 88, 47.0, 0.25
surrogate, 88, 47.0, 0.25
surrogate, 88, 47.0, 0.25
surrogate, 88, 47.0, 0.25
surrogate, 88, 47.0, 0.25
surrogate, 88, 47.0, 0.25
surrogate, 88, 47.0, 0.25
surrogate, 88, 47.0, 0.25
surrogate, 88, 47.0, 0.25
surrogate, 88, 47.0, 0.25
surrogate, 88, 47.0, 0.25
surrogate, 88, 47.0, 0.25
surrogate, 88, 47.0, 0.25
surrogate, 88, 47.0, 0.25
surrogate, 88, 47.0, 0.25
surrogate, 88, 47.0, 0.25
surrogate, 88, 47.0, 0.25
surrogate, 88, 47.0, 0.25
surrogate, 88, 47.0, 0.25
surrogate, 88, 47.0, 0.25
surrogate, 88, 47.0, 0.25
surrogate, 88, 47.0, 0.25
surrogate, 88, 47.0, 0.25
surrogate, 88, 47.0, 0.25
surrogate, 88, 47.0, 0.25
surrogate, 88, 47.0, 0.25
surrogate, 88, 47.0, 0.25
surrogate, 88, 47.0, 0.25
surrogate, 88, 47.0, 0.25
surrogate, 88, 47.0, 0.25
surrogate, 88, 47.0, 0.25
surrogate, 88, 47.0, 0.25
surrogate, 88, 47.0, 0.25
surrogate, 88, 47.0, 0.25
surrogate, 88, 47.0, 0.25
surrogate, 88, 47.0, 0.25
surrogate, 88, 47.0, 0.25
surrogate, 88, 47.0, 0.25
surrogate, 89, 49.0, 0.2875
surrogate, 89, 49.0, 0.2875
surrogate, 89, 49.0, 0.2875
surrogate, 89, 49.0, 0.2875
surrogate, 89, 49.0, 0.2875
surrogate, 89, 49.0, 0.2875
surrogate, 89, 49.0, 0.2875
surrogate, 89, 49.0, 0.2875
surrogate, 89, 49.0, 0.2875
surrogate, 89, 49.0, 0.2875
surrogate, 89, 49.0, 0.2875
surrogate, 89, 49.0, 0.2875
surrogate, 89, 49.0, 0.2875
surrogate, 89, 49.0, 0.2875
surrogate, 89, 49.0, 0.2875
surrogate, 89, 49.0, 0.2875
surrogate, 89, 49.0, 0.2875
surrogate, 89, 49.0, 0.2875
surrogate, 89, 49.0, 0.2875
surrogate, 89, 49.0, 0.2875
surrogate, 89, 49.0, 0.2875
surrogate, 89, 49.0, 0.2875
surrogate, 89, 49.0, 0.2875
surrogate, 89, 49.0, 0.2875
surrogate, 89, 49.0, 0.2875
surrogate, 89, 49.0, 0.2875
surrogate, 89, 49.0, 0.2875
surrogate, 89, 49.0, 0.2875
surrogate, 89, 49.0, 0.2875
surrogate, 89, 49.0, 0.2875
surrogate, 89, 49.0, 0.2875
surrogate, 89, 49.0, 0.2875
surrogate, 89, 49.0, 0.2875
surrogate, 89, 49.0, 0.2875
surrogate, 89, 49.0, 0.2875
surrogate, 89, 49.0, 0.2875
surrogate, 89, 49.0, 0.2875
surrogate, 89, 49.0, 0.2875
surrogate, 89, 49.0, 0.2875
surrogate, 89, 49.0, 0.2875
surrogate, 89, 49.0, 0.2875
surrogate, 89, 49.0, 0.2875
surrogate, 89, 49.0, 0.2875
surrogate, 89, 49.0, 0.2875
surrogate, 89, 49.0, 0.2875
surrogate, 89, 49.0, 0.2875
surrogate, 89, 49.0, 0.2875
surrogate, 89, 49.0, 0.2875
surrogate, 89, 49.0, 0.2875
surrogate, 89, 49.0, 0.2875
surrogate, 89, 49.0, 0.2875
surrogate, 89, 49.0, 0.2875
surrogate, 89, 49.0, 0.2875
surrogate, 89, 49.0, 0.2875
surrogate, 89, 49.0, 0.2875
surrogate, 89, 49.0, 0.2875
surrogate, 89, 49.0, 0.2875
surrogate, 89, 48.0, 0.2625
surrogate, 89, 48.0, 0.2625
surrogate, 89, 48.0, 0.2625
surrogate, 89, 48.0, 0.2625
surrogate, 89, 48.0, 0.2625
surrogate, 89, 48.0, 0.2625
surrogate, 89, 48.0, 0.2625
surrogate, 89, 48.0, 0.2625
surrogate, 89, 48.0, 0.2625
surrogate, 89, 48.0, 0.2625
surrogate, 89, 48.0, 0.2625
surrogate, 89, 48.0, 0.2625
surrogate, 89, 48.0, 0.2625
surrogate, 89, 48.0, 0.2625
surrogate, 89, 48.0, 0.2625
surrogate, 89, 48.0, 0.2625
surrogate, 89, 48.0, 0.2625
surrogate, 89, 48.0, 0.2625
surrogate, 89, 48.0, 0.2625
surrogate, 89, 48.0, 0.2625
surrogate, 89, 48.0, 0.2625
surrogate, 89, 48.0, 0.2625
surrogate, 89, 48.0, 0.2625
surrogate, 89, 48.0, 0.2625
surrogate, 89, 48.0, 0.2625
surrogate, 89, 48.0, 0.2625
surrogate, 89, 48.0, 0.2625
surrogate, 89, 48.0, 0.2625
surrogate, 89, 48.0, 0.2625
surrogate, 89, 48.0, 0.2625
surrogate, 89, 48.0, 0.2625
surrogate, 89, 48.0, 0.2625
surrogate, 89, 48.0, 0.2625
surrogate, 89, 48.0, 0.2625
surrogate, 89, 48.0, 0.2625
surrogate, 89, 48.0, 0.2625
surrogate, 89, 48.0, 0.2625
surrogate, 89, 48.0, 0.2625
surrogate, 89, 48.0, 0.2625
surrogate, 89, 48.0, 0.2625
surrogate, 89, 48.0, 0.2625
surrogate, 89, 48.0, 0.2625
surrogate, 89, 48.0, 0.2625
surrogate, 89, 48.0, 0.2625
surrogate, 89, 48.0, 0.2625
surrogate, 89, 48.0, 0.2625
surrogate, 89, 48.0, 0.2625
surrogate, 89, 48.0, 0.2625
surrogate, 89, 48.0, 0.2625
surrogate, 89, 48.0, 0.2625
surrogate, 89, 48.0, 0.2625
surrogate, 89, 48.0, 0.2625
surrogate, 89, 48.0, 0.2625
surrogate, 89, 48.0, 0.2625
surrogate, 89, 48.0, 0.2625
surrogate, 89, 48.0, 0.2625
surrogate, 89, 48.0, 0.2625
surrogate, 89, 48.0, 0.2625
surrogate, 89, 48.0, 0.2625
surrogate, 89, 48.0, 0.2625
surrogate, 89, 48.0, 0.2625
surrogate, 89, 48.0, 0.2625
surrogate, 89, 48.0, 0.2625
surrogate, 89, 48.0, 0.2625
surrogate, 89, 48.0, 0.2625
surrogate, 89, 48.0, 0.2625
surrogate, 89, 48.0, 0.2625
surrogate, 89, 48.0, 0.2625
surrogate, 89, 48.0, 0.2625
surrogate, 89, 48.0, 0.2625
surrogate, 89, 48.0, 0.2625
surrogate, 89, 48.0, 0.2625
surrogate, 89, 47.0, 0.25
surrogate, 89, 47.0, 0.25
surrogate, 89, 47.0, 0.25
surrogate, 89, 47.0, 0.25
surrogate, 89, 47.0, 0.25
surrogate, 89, 47.0, 0.25
surrogate, 89, 47.0, 0.25
surrogate, 89, 47.0, 0.25
surrogate, 89, 47.0, 0.25
surrogate, 89, 47.0, 0.25
surrogate, 89, 47.0, 0.25
surrogate, 89, 47.0, 0.25
surrogate, 89, 47.0, 0.25
surrogate, 89, 47.0, 0.25
surrogate, 89, 47.0, 0.25
surrogate, 89, 47.0, 0.25
surrogate, 89, 47.0, 0.25
surrogate, 89, 47.0, 0.25
surrogate, 89, 47.0, 0.25
surrogate, 89, 47.0, 0.25
surrogate, 89, 47.0, 0.25
surrogate, 89, 47.0, 0.25
surrogate, 89, 47.0, 0.25
surrogate, 89, 47.0, 0.25
surrogate, 89, 47.0, 0.25
surrogate, 89, 47.0, 0.25
surrogate, 89, 47.0, 0.25
surrogate, 89, 47.0, 0.25
surrogate, 89, 47.0, 0.25
surrogate, 89, 47.0, 0.25
surrogate, 89, 47.0, 0.25
surrogate, 89, 47.0, 0.25
surrogate, 89, 47.0, 0.25
surrogate, 89, 47.0, 0.25
surrogate, 89, 47.0, 0.25
surrogate, 89, 47.0, 0.25
surrogate, 89, 47.0, 0.25
surrogate, 89, 47.0, 0.25
surrogate, 89, 47.0, 0.25
surrogate, 89, 47.0, 0.25
surrogate, 89, 47.0, 0.25
surrogate, 89, 47.0, 0.25
surrogate, 89, 47.0, 0.25
surrogate, 89, 47.0, 0.25
surrogate, 89, 47.0, 0.25
surrogate, 89, 47.0, 0.25
surrogate, 89, 47.0, 0.25
surrogate, 89, 47.0, 0.25
surrogate, 89, 47.0, 0.25
surrogate, 89, 47.0, 0.25
surrogate, 89, 47.0, 0.25
surrogate, 89, 47.0, 0.25
surrogate, 89, 47.0, 0.25
surrogate, 89, 47.0, 0.25
surrogate, 89, 47.0, 0.25
surrogate, 89, 47.0, 0.25
surrogate, 89, 47.0, 0.25
surrogate, 89, 47.0, 0.25
surrogate, 89, 47.0, 0.25
surrogate, 89, 47.0, 0.25
surrogate, 89, 47.0, 0.25
surrogate, 89, 47.0, 0.25
surrogate, 89, 47.0, 0.25
surrogate, 89, 47.0, 0.25
surrogate, 89, 47.0, 0.25
surrogate, 89, 47.0, 0.25
surrogate, 89, 47.0, 0.25
surrogate, 89, 47.0, 0.25
surrogate, 89, 47.0, 0.25
surrogate, 89, 47.0, 0.25
surrogate, 89, 47.0, 0.25
surrogate, 89, 47.0, 0.25
surrogate, 89, 47.0, 0.25
surrogate, 90, 49.0, 0.2875
surrogate, 90, 49.0, 0.2875
surrogate, 90, 49.0, 0.2875
surrogate, 90, 49.0, 0.2875
surrogate, 90, 49.0, 0.2875
surrogate, 90, 49.0, 0.2875
surrogate, 90, 49.0, 0.2875
surrogate, 90, 49.0, 0.2875
surrogate, 90, 49.0, 0.2875
surrogate, 90, 49.0, 0.2875
surrogate, 90, 49.0, 0.2875
surrogate, 90, 49.0, 0.2875
surrogate, 90, 49.0, 0.2875
surrogate, 90, 49.0, 0.2875
surrogate, 90, 49.0, 0.2875
surrogate, 90, 49.0, 0.2875
surrogate, 90, 49.0, 0.2875
surrogate, 90, 49.0, 0.2875
surrogate, 90, 49.0, 0.2875
surrogate, 90, 49.0, 0.2875
surrogate, 90, 49.0, 0.2875
surrogate, 90, 49.0, 0.2875
surrogate, 90, 49.0, 0.2875
surrogate, 90, 49.0, 0.2875
surrogate, 90, 49.0, 0.2875
surrogate, 90, 49.0, 0.2875
surrogate, 90, 49.0, 0.2875
surrogate, 90, 49.0, 0.2875
surrogate, 90, 49.0, 0.2875
surrogate, 90, 49.0, 0.2875
surrogate, 90, 49.0, 0.2875
surrogate, 90, 49.0, 0.2875
surrogate, 90, 49.0, 0.2875
surrogate, 90, 49.0, 0.2875
surrogate, 90, 49.0, 0.2875
surrogate, 90, 49.0, 0.2875
surrogate, 90, 49.0, 0.2875
surrogate, 90, 49.0, 0.2875
surrogate, 90, 49.0, 0.2875
surrogate, 90, 49.0, 0.2875
surrogate, 90, 49.0, 0.2875
surrogate, 90, 49.0, 0.2875
surrogate, 90, 49.0, 0.2875
surrogate, 90, 49.0, 0.2875
surrogate, 90, 49.0, 0.2875
surrogate, 90, 49.0, 0.2875
surrogate, 90, 49.0, 0.2875
surrogate, 90, 49.0, 0.2875
surrogate, 90, 49.0, 0.2875
surrogate, 90, 49.0, 0.2875
surrogate, 90, 49.0, 0.2875
surrogate, 90, 49.0, 0.2875
surrogate, 90, 49.0, 0.2875
surrogate, 90, 49.0, 0.2875
surrogate, 90, 49.0, 0.2875
surrogate, 90, 49.0, 0.2875
surrogate, 90, 49.0, 0.2875
surrogate, 90, 49.0, 0.2875
surrogate, 90, 48.0, 0.2625
surrogate, 90, 48.0, 0.2625
surrogate, 90, 48.0, 0.2625
surrogate, 90, 48.0, 0.2625
surrogate, 90, 48.0, 0.2625
surrogate, 90, 48.0, 0.2625
surrogate, 90, 48.0, 0.2625
surrogate, 90, 48.0, 0.2625
surrogate, 90, 48.0, 0.2625
surrogate, 90, 48.0, 0.2625
surrogate, 90, 48.0, 0.2625
surrogate, 90, 48.0, 0.2625
surrogate, 90, 48.0, 0.2625
surrogate, 90, 48.0, 0.2625
surrogate, 90, 48.0, 0.2625
surrogate, 90, 48.0, 0.2625
surrogate, 90, 48.0, 0.2625
surrogate, 90, 48.0, 0.2625
surrogate, 90, 48.0, 0.2625
surrogate, 90, 48.0, 0.2625
surrogate, 90, 48.0, 0.2625
surrogate, 90, 48.0, 0.2625
surrogate, 90, 48.0, 0.2625
surrogate, 90, 48.0, 0.2625
surrogate, 90, 48.0, 0.2625
surrogate, 90, 48.0, 0.2625
surrogate, 90, 48.0, 0.2625
surrogate, 90, 48.0, 0.2625
surrogate, 90, 48.0, 0.2625
surrogate, 90, 48.0, 0.2625
surrogate, 90, 48.0, 0.2625
surrogate, 90, 48.0, 0.2625
surrogate, 90, 48.0, 0.2625
surrogate, 90, 48.0, 0.2625
surrogate, 90, 48.0, 0.2625
surrogate, 90, 48.0, 0.2625
surrogate, 90, 48.0, 0.2625
surrogate, 90, 48.0, 0.2625
surrogate, 90, 48.0, 0.2625
surrogate, 90, 48.0, 0.2625
surrogate, 90, 48.0, 0.2625
surrogate, 90, 48.0, 0.2625
surrogate, 90, 48.0, 0.2625
surrogate, 90, 48.0, 0.2625
surrogate, 90, 48.0, 0.2625
surrogate, 90, 48.0, 0.2625
surrogate, 90, 48.0, 0.2625
surrogate, 90, 48.0, 0.2625
surrogate, 90, 48.0, 0.2625
surrogate, 90, 48.0, 0.2625
surrogate, 90, 48.0, 0.2625
surrogate, 90, 48.0, 0.2625
surrogate, 90, 48.0, 0.2625
surrogate, 90, 48.0, 0.2625
surrogate, 90, 48.0, 0.2625
surrogate, 90, 48.0, 0.2625
surrogate, 90, 48.0, 0.2625
surrogate, 90, 48.0, 0.2625
surrogate, 90, 48.0, 0.2625
surrogate, 90, 48.0, 0.2625
surrogate, 90, 48.0, 0.2625
surrogate, 90, 48.0, 0.2625
surrogate, 90, 48.0, 0.2625
surrogate, 90, 48.0, 0.2625
surrogate, 90, 48.0, 0.2625
surrogate, 90, 48.0, 0.2625
surrogate, 90, 48.0, 0.2625
surrogate, 90, 48.0, 0.2625
surrogate, 90, 48.0, 0.2625
surrogate, 90, 48.0, 0.2625
surrogate, 90, 48.0, 0.2625
surrogate, 90, 48.0, 0.2625
surrogate, 90, 48.0, 0.2625
surrogate, 90, 47.0, 0.25
surrogate, 90, 47.0, 0.25
surrogate, 90, 47.0, 0.25
surrogate, 90, 47.0, 0.25
surrogate, 90, 47.0, 0.25
surrogate, 90, 47.0, 0.25
surrogate, 90, 47.0, 0.25
surrogate, 90, 47.0, 0.25
surrogate, 90, 47.0, 0.25
surrogate, 90, 47.0, 0.25
surrogate, 90, 47.0, 0.25
surrogate, 90, 47.0, 0.25
surrogate, 90, 47.0, 0.25
surrogate, 90, 47.0, 0.25
surrogate, 90, 47.0, 0.25
surrogate, 90, 47.0, 0.25
surrogate, 90, 47.0, 0.25
surrogate, 90, 47.0, 0.25
surrogate, 90, 47.0, 0.25
surrogate, 90, 47.0, 0.25
surrogate, 90, 47.0, 0.25
surrogate, 90, 47.0, 0.25
surrogate, 90, 47.0, 0.25
surrogate, 90, 47.0, 0.25
surrogate, 90, 47.0, 0.25
surrogate, 90, 47.0, 0.25
surrogate, 90, 47.0, 0.25
surrogate, 90, 47.0, 0.25
surrogate, 90, 47.0, 0.25
surrogate, 90, 47.0, 0.25
surrogate, 90, 47.0, 0.25
surrogate, 90, 47.0, 0.25
surrogate, 90, 47.0, 0.25
surrogate, 90, 47.0, 0.25
surrogate, 90, 47.0, 0.25
surrogate, 90, 47.0, 0.25
surrogate, 90, 47.0, 0.25
surrogate, 90, 47.0, 0.25
surrogate, 90, 47.0, 0.25
surrogate, 90, 47.0, 0.25
surrogate, 90, 47.0, 0.25
surrogate, 90, 47.0, 0.25
surrogate, 90, 47.0, 0.25
surrogate, 90, 47.0, 0.25
surrogate, 90, 47.0, 0.25
surrogate, 90, 47.0, 0.25
surrogate, 90, 47.0, 0.25
surrogate, 90, 47.0, 0.25
surrogate, 90, 47.0, 0.25
surrogate, 90, 47.0, 0.25
surrogate, 90, 47.0, 0.25
surrogate, 90, 47.0, 0.25
surrogate, 90, 47.0, 0.25
surrogate, 90, 47.0, 0.25
surrogate, 90, 47.0, 0.25
surrogate, 90, 47.0, 0.25
surrogate, 90, 47.0, 0.25
surrogate, 90, 47.0, 0.25
surrogate, 90, 47.0, 0.25
surrogate, 90, 47.0, 0.25
surrogate, 90, 47.0, 0.25
surrogate, 90, 47.0, 0.25
surrogate, 90, 47.0, 0.25
surrogate, 90, 47.0, 0.25
surrogate, 90, 47.0, 0.25
surrogate, 90, 47.0, 0.25
surrogate, 90, 47.0, 0.25
surrogate, 90, 47.0, 0.25
surrogate, 90, 47.0, 0.25
surrogate, 90, 47.0, 0.25
surrogate, 90, 47.0, 0.25
surrogate, 90, 47.0, 0.25
surrogate, 90, 47.0, 0.25
surrogate, 90, 47.0, 0.25
surrogate, 91, 49.0, 0.2875
surrogate, 91, 49.0, 0.2875
surrogate, 91, 49.0, 0.2875
surrogate, 91, 49.0, 0.2875
surrogate, 91, 49.0, 0.2875
surrogate, 91, 49.0, 0.2875
surrogate, 91, 49.0, 0.2875
surrogate, 91, 49.0, 0.2875
surrogate, 91, 49.0, 0.2875
surrogate, 91, 49.0, 0.2875
surrogate, 91, 49.0, 0.2875
surrogate, 91, 49.0, 0.2875
surrogate, 91, 49.0, 0.2875
surrogate, 91, 49.0, 0.2875
surrogate, 91, 49.0, 0.2875
surrogate, 91, 49.0, 0.2875
surrogate, 91, 49.0, 0.2875
surrogate, 91, 49.0, 0.2875
surrogate, 91, 49.0, 0.2875
surrogate, 91, 49.0, 0.2875
surrogate, 91, 49.0, 0.2875
surrogate, 91, 49.0, 0.2875
surrogate, 91, 49.0, 0.2875
surrogate, 91, 49.0, 0.2875
surrogate, 91, 49.0, 0.2875
surrogate, 91, 49.0, 0.2875
surrogate, 91, 49.0, 0.2875
surrogate, 91, 49.0, 0.2875
surrogate, 91, 49.0, 0.2875
surrogate, 91, 49.0, 0.2875
surrogate, 91, 49.0, 0.2875
surrogate, 91, 49.0, 0.2875
surrogate, 91, 49.0, 0.2875
surrogate, 91, 49.0, 0.2875
surrogate, 91, 49.0, 0.2875
surrogate, 91, 49.0, 0.2875
surrogate, 91, 49.0, 0.2875
surrogate, 91, 49.0, 0.2875
surrogate, 91, 49.0, 0.2875
surrogate, 91, 49.0, 0.2875
surrogate, 91, 49.0, 0.2875
surrogate, 91, 49.0, 0.2875
surrogate, 91, 49.0, 0.2875
surrogate, 91, 49.0, 0.2875
surrogate, 91, 49.0, 0.2875
surrogate, 91, 49.0, 0.2875
surrogate, 91, 49.0, 0.2875
surrogate, 91, 49.0, 0.2875
surrogate, 91, 49.0, 0.2875
surrogate, 91, 49.0, 0.2875
surrogate, 91, 49.0, 0.2875
surrogate, 91, 49.0, 0.2875
surrogate, 91, 49.0, 0.2875
surrogate, 91, 49.0, 0.2875
surrogate, 91, 49.0, 0.2875
surrogate, 91, 49.0, 0.2875
surrogate, 91, 49.0, 0.2875
surrogate, 91, 49.0, 0.2875
surrogate, 91, 48.0, 0.2625
surrogate, 91, 48.0, 0.2625
surrogate, 91, 48.0, 0.2625
surrogate, 91, 48.0, 0.2625
surrogate, 91, 48.0, 0.2625
surrogate, 91, 48.0, 0.2625
surrogate, 91, 48.0, 0.2625
surrogate, 91, 48.0, 0.2625
surrogate, 91, 48.0, 0.2625
surrogate, 91, 48.0, 0.2625
surrogate, 91, 48.0, 0.2625
surrogate, 91, 48.0, 0.2625
surrogate, 91, 48.0, 0.2625
surrogate, 91, 48.0, 0.2625
surrogate, 91, 48.0, 0.2625
surrogate, 91, 48.0, 0.2625
surrogate, 91, 48.0, 0.2625
surrogate, 91, 48.0, 0.2625
surrogate, 91, 48.0, 0.2625
surrogate, 91, 48.0, 0.2625
surrogate, 91, 48.0, 0.2625
surrogate, 91, 48.0, 0.2625
surrogate, 91, 48.0, 0.2625
surrogate, 91, 48.0, 0.2625
surrogate, 91, 48.0, 0.2625
surrogate, 91, 48.0, 0.2625
surrogate, 91, 48.0, 0.2625
surrogate, 91, 48.0, 0.2625
surrogate, 91, 48.0, 0.2625
surrogate, 91, 48.0, 0.2625
surrogate, 91, 48.0, 0.2625
surrogate, 91, 48.0, 0.2625
surrogate, 91, 48.0, 0.2625
surrogate, 91, 48.0, 0.2625
surrogate, 91, 48.0, 0.2625
surrogate, 91, 48.0, 0.2625
surrogate, 91, 48.0, 0.2625
surrogate, 91, 48.0, 0.2625
surrogate, 91, 48.0, 0.2625
surrogate, 91, 48.0, 0.2625
surrogate, 91, 48.0, 0.2625
surrogate, 91, 48.0, 0.2625
surrogate, 91, 48.0, 0.2625
surrogate, 91, 48.0, 0.2625
surrogate, 91, 48.0, 0.2625
surrogate, 91, 48.0, 0.2625
surrogate, 91, 48.0, 0.2625
surrogate, 91, 48.0, 0.2625
surrogate, 91, 48.0, 0.2625
surrogate, 91, 48.0, 0.2625
surrogate, 91, 48.0, 0.2625
surrogate, 91, 48.0, 0.2625
surrogate, 91, 48.0, 0.2625
surrogate, 91, 48.0, 0.2625
surrogate, 91, 48.0, 0.2625
surrogate, 91, 48.0, 0.2625
surrogate, 91, 48.0, 0.2625
surrogate, 91, 48.0, 0.2625
surrogate, 91, 48.0, 0.2625
surrogate, 91, 48.0, 0.2625
surrogate, 91, 48.0, 0.2625
surrogate, 91, 48.0, 0.2625
surrogate, 91, 48.0, 0.2625
surrogate, 91, 48.0, 0.2625
surrogate, 91, 48.0, 0.2625
surrogate, 91, 48.0, 0.2625
surrogate, 91, 48.0, 0.2625
surrogate, 91, 48.0, 0.2625
surrogate, 91, 48.0, 0.2625
surrogate, 91, 48.0, 0.2625
surrogate, 91, 48.0, 0.2625
surrogate, 91, 48.0, 0.2625
surrogate, 91, 48.0, 0.2625
surrogate, 91, 48.0, 0.2625
surrogate, 91, 47.0, 0.25
surrogate, 91, 47.0, 0.25
surrogate, 91, 47.0, 0.25
surrogate, 91, 47.0, 0.25
surrogate, 91, 47.0, 0.25
surrogate, 91, 47.0, 0.25
surrogate, 91, 47.0, 0.25
surrogate, 91, 47.0, 0.25
surrogate, 91, 47.0, 0.25
surrogate, 91, 47.0, 0.25
surrogate, 91, 47.0, 0.25
surrogate, 91, 47.0, 0.25
surrogate, 91, 47.0, 0.25
surrogate, 91, 47.0, 0.25
surrogate, 91, 47.0, 0.25
surrogate, 91, 47.0, 0.25
surrogate, 91, 47.0, 0.25
surrogate, 91, 47.0, 0.25
surrogate, 91, 47.0, 0.25
surrogate, 91, 47.0, 0.25
surrogate, 91, 47.0, 0.25
surrogate, 91, 47.0, 0.25
surrogate, 91, 47.0, 0.25
surrogate, 91, 47.0, 0.25
surrogate, 91, 47.0, 0.25
surrogate, 91, 47.0, 0.25
surrogate, 91, 47.0, 0.25
surrogate, 91, 47.0, 0.25
surrogate, 91, 47.0, 0.25
surrogate, 91, 47.0, 0.25
surrogate, 91, 47.0, 0.25
surrogate, 91, 47.0, 0.25
surrogate, 91, 47.0, 0.25
surrogate, 91, 47.0, 0.25
surrogate, 91, 47.0, 0.25
surrogate, 91, 47.0, 0.25
surrogate, 91, 47.0, 0.25
surrogate, 91, 47.0, 0.25
surrogate, 91, 47.0, 0.25
surrogate, 91, 47.0, 0.25
surrogate, 91, 47.0, 0.25
surrogate, 91, 47.0, 0.25
surrogate, 91, 47.0, 0.25
surrogate, 91, 47.0, 0.25
surrogate, 91, 47.0, 0.25
surrogate, 91, 47.0, 0.25
surrogate, 91, 47.0, 0.25
surrogate, 91, 47.0, 0.25
surrogate, 91, 47.0, 0.25
surrogate, 91, 47.0, 0.25
surrogate, 91, 47.0, 0.25
surrogate, 91, 47.0, 0.25
surrogate, 91, 47.0, 0.25
surrogate, 91, 47.0, 0.25
surrogate, 91, 47.0, 0.25
surrogate, 91, 47.0, 0.25
surrogate, 91, 47.0, 0.25
surrogate, 91, 47.0, 0.25
surrogate, 91, 47.0, 0.25
surrogate, 91, 47.0, 0.25
surrogate, 91, 47.0, 0.25
surrogate, 91, 47.0, 0.25
surrogate, 91, 47.0, 0.25
surrogate, 91, 47.0, 0.25
surrogate, 91, 47.0, 0.25
surrogate, 91, 47.0, 0.25
surrogate, 91, 47.0, 0.25
surrogate, 91, 47.0, 0.25
surrogate, 91, 47.0, 0.25
surrogate, 91, 47.0, 0.25
surrogate, 91, 47.0, 0.25
surrogate, 91, 47.0, 0.25
surrogate, 91, 47.0, 0.25
surrogate, 91, 47.0, 0.25
surrogate, 92, 49.0, 0.2875
surrogate, 92, 49.0, 0.2875
surrogate, 92, 49.0, 0.2875
surrogate, 92, 49.0, 0.2875
surrogate, 92, 49.0, 0.2875
surrogate, 92, 49.0, 0.2875
surrogate, 92, 49.0, 0.2875
surrogate, 92, 49.0, 0.2875
surrogate, 92, 49.0, 0.2875
surrogate, 92, 49.0, 0.2875
surrogate, 92, 49.0, 0.2875
surrogate, 92, 49.0, 0.2875
surrogate, 92, 49.0, 0.2875
surrogate, 92, 49.0, 0.2875
surrogate, 92, 49.0, 0.2875
surrogate, 92, 49.0, 0.2875
surrogate, 92, 49.0, 0.2875
surrogate, 92, 49.0, 0.2875
surrogate, 92, 49.0, 0.2875
surrogate, 92, 49.0, 0.2875
surrogate, 92, 49.0, 0.2875
surrogate, 92, 49.0, 0.2875
surrogate, 92, 49.0, 0.2875
surrogate, 92, 49.0, 0.2875
surrogate, 92, 49.0, 0.2875
surrogate, 92, 49.0, 0.2875
surrogate, 92, 49.0, 0.2875
surrogate, 92, 49.0, 0.2875
surrogate, 92, 49.0, 0.2875
surrogate, 92, 49.0, 0.2875
surrogate, 92, 49.0, 0.2875
surrogate, 92, 49.0, 0.2875
surrogate, 92, 49.0, 0.2875
surrogate, 92, 49.0, 0.2875
surrogate, 92, 49.0, 0.2875
surrogate, 92, 49.0, 0.2875
surrogate, 92, 49.0, 0.2875
surrogate, 92, 49.0, 0.2875
surrogate, 92, 49.0, 0.2875
surrogate, 92, 49.0, 0.2875
surrogate, 92, 49.0, 0.2875
surrogate, 92, 49.0, 0.2875
surrogate, 92, 49.0, 0.2875
surrogate, 92, 49.0, 0.2875
surrogate, 92, 49.0, 0.2875
surrogate, 92, 49.0, 0.2875
surrogate, 92, 49.0, 0.2875
surrogate, 92, 49.0, 0.2875
surrogate, 92, 49.0, 0.2875
surrogate, 92, 49.0, 0.2875
surrogate, 92, 49.0, 0.2875
surrogate, 92, 49.0, 0.2875
surrogate, 92, 49.0, 0.2875
surrogate, 92, 49.0, 0.2875
surrogate, 92, 49.0, 0.2875
surrogate, 92, 49.0, 0.2875
surrogate, 92, 49.0, 0.2875
surrogate, 92, 49.0, 0.2875
surrogate, 92, 49.0, 0.2875
surrogate, 92, 48.0, 0.2625
surrogate, 92, 48.0, 0.2625
surrogate, 92, 48.0, 0.2625
surrogate, 92, 48.0, 0.2625
surrogate, 92, 48.0, 0.2625
surrogate, 92, 48.0, 0.2625
surrogate, 92, 48.0, 0.2625
surrogate, 92, 48.0, 0.2625
surrogate, 92, 48.0, 0.2625
surrogate, 92, 48.0, 0.2625
surrogate, 92, 48.0, 0.2625
surrogate, 92, 48.0, 0.2625
surrogate, 92, 48.0, 0.2625
surrogate, 92, 48.0, 0.2625
surrogate, 92, 48.0, 0.2625
surrogate, 92, 48.0, 0.2625
surrogate, 92, 48.0, 0.2625
surrogate, 92, 48.0, 0.2625
surrogate, 92, 48.0, 0.2625
surrogate, 92, 48.0, 0.2625
surrogate, 92, 48.0, 0.2625
surrogate, 92, 48.0, 0.2625
surrogate, 92, 48.0, 0.2625
surrogate, 92, 48.0, 0.2625
surrogate, 92, 48.0, 0.2625
surrogate, 92, 48.0, 0.2625
surrogate, 92, 48.0, 0.2625
surrogate, 92, 48.0, 0.2625
surrogate, 92, 48.0, 0.2625
surrogate, 92, 48.0, 0.2625
surrogate, 92, 48.0, 0.2625
surrogate, 92, 48.0, 0.2625
surrogate, 92, 48.0, 0.2625
surrogate, 92, 48.0, 0.2625
surrogate, 92, 48.0, 0.2625
surrogate, 92, 48.0, 0.2625
surrogate, 92, 48.0, 0.2625
surrogate, 92, 48.0, 0.2625
surrogate, 92, 48.0, 0.2625
surrogate, 92, 48.0, 0.2625
surrogate, 92, 48.0, 0.2625
surrogate, 92, 48.0, 0.2625
surrogate, 92, 48.0, 0.2625
surrogate, 92, 48.0, 0.2625
surrogate, 92, 48.0, 0.2625
surrogate, 92, 48.0, 0.2625
surrogate, 92, 48.0, 0.2625
surrogate, 92, 48.0, 0.2625
surrogate, 92, 48.0, 0.2625
surrogate, 92, 48.0, 0.2625
surrogate, 92, 48.0, 0.2625
surrogate, 92, 48.0, 0.2625
surrogate, 92, 48.0, 0.2625
surrogate, 92, 48.0, 0.2625
surrogate, 92, 48.0, 0.2625
surrogate, 92, 48.0, 0.2625
surrogate, 92, 48.0, 0.2625
surrogate, 92, 48.0, 0.2625
surrogate, 92, 48.0, 0.2625
surrogate, 92, 48.0, 0.2625
surrogate, 92, 48.0, 0.2625
surrogate, 92, 48.0, 0.2625
surrogate, 92, 48.0, 0.2625
surrogate, 92, 48.0, 0.2625
surrogate, 92, 48.0, 0.2625
surrogate, 92, 48.0, 0.2625
surrogate, 92, 48.0, 0.2625
surrogate, 92, 48.0, 0.2625
surrogate, 92, 48.0, 0.2625
surrogate, 92, 48.0, 0.2625
surrogate, 92, 48.0, 0.2625
surrogate, 92, 48.0, 0.2625
surrogate, 92, 48.0, 0.2625
surrogate, 92, 48.0, 0.2625
surrogate, 92, 47.0, 0.25
surrogate, 92, 47.0, 0.25
surrogate, 92, 47.0, 0.25
surrogate, 92, 47.0, 0.25
surrogate, 92, 47.0, 0.25
surrogate, 92, 47.0, 0.25
surrogate, 92, 47.0, 0.25
surrogate, 92, 47.0, 0.25
surrogate, 92, 47.0, 0.25
surrogate, 92, 47.0, 0.25
surrogate, 92, 47.0, 0.25
surrogate, 92, 47.0, 0.25
surrogate, 92, 47.0, 0.25
surrogate, 92, 47.0, 0.25
surrogate, 92, 47.0, 0.25
surrogate, 92, 47.0, 0.25
surrogate, 92, 47.0, 0.25
surrogate, 92, 47.0, 0.25
surrogate, 92, 47.0, 0.25
surrogate, 92, 47.0, 0.25
surrogate, 92, 47.0, 0.25
surrogate, 92, 47.0, 0.25
surrogate, 92, 47.0, 0.25
surrogate, 92, 47.0, 0.25
surrogate, 92, 47.0, 0.25
surrogate, 92, 47.0, 0.25
surrogate, 92, 47.0, 0.25
surrogate, 92, 47.0, 0.25
surrogate, 92, 47.0, 0.25
surrogate, 92, 47.0, 0.25
surrogate, 92, 47.0, 0.25
surrogate, 92, 47.0, 0.25
surrogate, 92, 47.0, 0.25
surrogate, 92, 47.0, 0.25
surrogate, 92, 47.0, 0.25
surrogate, 92, 47.0, 0.25
surrogate, 92, 47.0, 0.25
surrogate, 92, 47.0, 0.25
surrogate, 92, 47.0, 0.25
surrogate, 92, 47.0, 0.25
surrogate, 92, 47.0, 0.25
surrogate, 92, 47.0, 0.25
surrogate, 92, 47.0, 0.25
surrogate, 92, 47.0, 0.25
surrogate, 92, 47.0, 0.25
surrogate, 92, 47.0, 0.25
surrogate, 92, 47.0, 0.25
surrogate, 92, 47.0, 0.25
surrogate, 92, 47.0, 0.25
surrogate, 92, 47.0, 0.25
surrogate, 92, 47.0, 0.25
surrogate, 92, 47.0, 0.25
surrogate, 92, 47.0, 0.25
surrogate, 92, 47.0, 0.25
surrogate, 92, 47.0, 0.25
surrogate, 92, 47.0, 0.25
surrogate, 92, 47.0, 0.25
surrogate, 92, 47.0, 0.25
surrogate, 92, 47.0, 0.25
surrogate, 92, 47.0, 0.25
surrogate, 92, 47.0, 0.25
surrogate, 92, 47.0, 0.25
surrogate, 92, 47.0, 0.25
surrogate, 92, 47.0, 0.25
surrogate, 92, 47.0, 0.25
surrogate, 92, 47.0, 0.25
surrogate, 92, 47.0, 0.25
surrogate, 92, 47.0, 0.25
surrogate, 92, 47.0, 0.25
surrogate, 92, 47.0, 0.25
surrogate, 92, 47.0, 0.25
surrogate, 92, 47.0, 0.25
surrogate, 92, 47.0, 0.25
surrogate, 92, 47.0, 0.25
surrogate, 93, 49.0, 0.2875
surrogate, 93, 49.0, 0.2875
surrogate, 93, 49.0, 0.2875
surrogate, 93, 49.0, 0.2875
surrogate, 93, 49.0, 0.2875
surrogate, 93, 49.0, 0.2875
surrogate, 93, 49.0, 0.2875
surrogate, 93, 49.0, 0.2875
surrogate, 93, 49.0, 0.2875
surrogate, 93, 49.0, 0.2875
surrogate, 93, 49.0, 0.2875
surrogate, 93, 49.0, 0.2875
surrogate, 93, 49.0, 0.2875
surrogate, 93, 49.0, 0.2875
surrogate, 93, 49.0, 0.2875
surrogate, 93, 49.0, 0.2875
surrogate, 93, 49.0, 0.2875
surrogate, 93, 49.0, 0.2875
surrogate, 93, 49.0, 0.2875
surrogate, 93, 49.0, 0.2875
surrogate, 93, 49.0, 0.2875
surrogate, 93, 49.0, 0.2875
surrogate, 93, 49.0, 0.2875
surrogate, 93, 49.0, 0.2875
surrogate, 93, 49.0, 0.2875
surrogate, 93, 49.0, 0.2875
surrogate, 93, 49.0, 0.2875
surrogate, 93, 49.0, 0.2875
surrogate, 93, 49.0, 0.2875
surrogate, 93, 49.0, 0.2875
surrogate, 93, 49.0, 0.2875
surrogate, 93, 49.0, 0.2875
surrogate, 93, 49.0, 0.2875
surrogate, 93, 49.0, 0.2875
surrogate, 93, 49.0, 0.2875
surrogate, 93, 49.0, 0.2875
surrogate, 93, 49.0, 0.2875
surrogate, 93, 49.0, 0.2875
surrogate, 93, 49.0, 0.2875
surrogate, 93, 49.0, 0.2875
surrogate, 93, 49.0, 0.2875
surrogate, 93, 49.0, 0.2875
surrogate, 93, 49.0, 0.2875
surrogate, 93, 49.0, 0.2875
surrogate, 93, 49.0, 0.2875
surrogate, 93, 49.0, 0.2875
surrogate, 93, 49.0, 0.2875
surrogate, 93, 49.0, 0.2875
surrogate, 93, 49.0, 0.2875
surrogate, 93, 49.0, 0.2875
surrogate, 93, 49.0, 0.2875
surrogate, 93, 49.0, 0.2875
surrogate, 93, 49.0, 0.2875
surrogate, 93, 49.0, 0.2875
surrogate, 93, 49.0, 0.2875
surrogate, 93, 49.0, 0.2875
surrogate, 93, 49.0, 0.2875
surrogate, 93, 49.0, 0.2875
surrogate, 93, 49.0, 0.2875
surrogate, 93, 49.0, 0.2875
surrogate, 93, 48.0, 0.2625
surrogate, 93, 48.0, 0.2625
surrogate, 93, 48.0, 0.2625
surrogate, 93, 48.0, 0.2625
surrogate, 93, 48.0, 0.2625
surrogate, 93, 48.0, 0.2625
surrogate, 93, 48.0, 0.2625
surrogate, 93, 48.0, 0.2625
surrogate, 93, 48.0, 0.2625
surrogate, 93, 48.0, 0.2625
surrogate, 93, 48.0, 0.2625
surrogate, 93, 48.0, 0.2625
surrogate, 93, 48.0, 0.2625
surrogate, 93, 48.0, 0.2625
surrogate, 93, 48.0, 0.2625
surrogate, 93, 48.0, 0.2625
surrogate, 93, 48.0, 0.2625
surrogate, 93, 48.0, 0.2625
surrogate, 93, 48.0, 0.2625
surrogate, 93, 48.0, 0.2625
surrogate, 93, 48.0, 0.2625
surrogate, 93, 48.0, 0.2625
surrogate, 93, 48.0, 0.2625
surrogate, 93, 48.0, 0.2625
surrogate, 93, 48.0, 0.2625
surrogate, 93, 48.0, 0.2625
surrogate, 93, 48.0, 0.2625
surrogate, 93, 48.0, 0.2625
surrogate, 93, 48.0, 0.2625
surrogate, 93, 48.0, 0.2625
surrogate, 93, 48.0, 0.2625
surrogate, 93, 48.0, 0.2625
surrogate, 93, 48.0, 0.2625
surrogate, 93, 48.0, 0.2625
surrogate, 93, 48.0, 0.2625
surrogate, 93, 48.0, 0.2625
surrogate, 93, 48.0, 0.2625
surrogate, 93, 48.0, 0.2625
surrogate, 93, 48.0, 0.2625
surrogate, 93, 48.0, 0.2625
surrogate, 93, 48.0, 0.2625
surrogate, 93, 48.0, 0.2625
surrogate, 93, 48.0, 0.2625
surrogate, 93, 48.0, 0.2625
surrogate, 93, 48.0, 0.2625
surrogate, 93, 48.0, 0.2625
surrogate, 93, 48.0, 0.2625
surrogate, 93, 48.0, 0.2625
surrogate, 93, 48.0, 0.2625
surrogate, 93, 48.0, 0.2625
surrogate, 93, 48.0, 0.2625
surrogate, 93, 48.0, 0.2625
surrogate, 93, 48.0, 0.2625
surrogate, 93, 48.0, 0.2625
surrogate, 93, 48.0, 0.2625
surrogate, 93, 48.0, 0.2625
surrogate, 93, 48.0, 0.2625
surrogate, 93, 48.0, 0.2625
surrogate, 93, 48.0, 0.2625
surrogate, 93, 48.0, 0.2625
surrogate, 93, 48.0, 0.2625
surrogate, 93, 48.0, 0.2625
surrogate, 93, 48.0, 0.2625
surrogate, 93, 48.0, 0.2625
surrogate, 93, 48.0, 0.2625
surrogate, 93, 48.0, 0.2625
surrogate, 93, 48.0, 0.2625
surrogate, 93, 48.0, 0.2625
surrogate, 93, 48.0, 0.2625
surrogate, 93, 48.0, 0.2625
surrogate, 93, 48.0, 0.2625
surrogate, 93, 48.0, 0.2625
surrogate, 93, 48.0, 0.2625
surrogate, 93, 48.0, 0.2625
surrogate, 93, 48.0, 0.2625
surrogate, 93, 47.0, 0.25
surrogate, 93, 47.0, 0.25
surrogate, 93, 47.0, 0.25
surrogate, 93, 47.0, 0.25
surrogate, 93, 47.0, 0.25
surrogate, 93, 47.0, 0.25
surrogate, 93, 47.0, 0.25
surrogate, 93, 47.0, 0.25
surrogate, 93, 47.0, 0.25
surrogate, 93, 47.0, 0.25
surrogate, 93, 47.0, 0.25
surrogate, 93, 47.0, 0.25
surrogate, 93, 47.0, 0.25
surrogate, 93, 47.0, 0.25
surrogate, 93, 47.0, 0.25
surrogate, 93, 47.0, 0.25
surrogate, 93, 47.0, 0.25
surrogate, 93, 47.0, 0.25
surrogate, 93, 47.0, 0.25
surrogate, 93, 47.0, 0.25
surrogate, 93, 47.0, 0.25
surrogate, 93, 47.0, 0.25
surrogate, 93, 47.0, 0.25
surrogate, 93, 47.0, 0.25
surrogate, 93, 47.0, 0.25
surrogate, 93, 47.0, 0.25
surrogate, 93, 47.0, 0.25
surrogate, 93, 47.0, 0.25
surrogate, 93, 47.0, 0.25
surrogate, 93, 47.0, 0.25
surrogate, 93, 47.0, 0.25
surrogate, 93, 47.0, 0.25
surrogate, 93, 47.0, 0.25
surrogate, 93, 47.0, 0.25
surrogate, 93, 47.0, 0.25
surrogate, 93, 47.0, 0.25
surrogate, 93, 47.0, 0.25
surrogate, 93, 47.0, 0.25
surrogate, 93, 47.0, 0.25
surrogate, 93, 47.0, 0.25
surrogate, 93, 47.0, 0.25
surrogate, 93, 47.0, 0.25
surrogate, 93, 47.0, 0.25
surrogate, 93, 47.0, 0.25
surrogate, 93, 47.0, 0.25
surrogate, 93, 47.0, 0.25
surrogate, 93, 47.0, 0.25
surrogate, 93, 47.0, 0.25
surrogate, 93, 47.0, 0.25
surrogate, 93, 47.0, 0.25
surrogate, 93, 47.0, 0.25
surrogate, 93, 47.0, 0.25
surrogate, 93, 47.0, 0.25
surrogate, 93, 47.0, 0.25
surrogate, 93, 47.0, 0.25
surrogate, 93, 47.0, 0.25
surrogate, 93, 47.0, 0.25
surrogate, 93, 47.0, 0.25
surrogate, 93, 47.0, 0.25
surrogate, 93, 47.0, 0.25
surrogate, 93, 47.0, 0.25
surrogate, 93, 47.0, 0.25
surrogate, 93, 47.0, 0.25
surrogate, 93, 47.0, 0.25
surrogate, 93, 47.0, 0.25
surrogate, 93, 47.0, 0.25
surrogate, 93, 47.0, 0.25
surrogate, 93, 47.0, 0.25
surrogate, 93, 47.0, 0.25
surrogate, 93, 47.0, 0.25
surrogate, 93, 47.0, 0.25
surrogate, 93, 47.0, 0.25
surrogate, 93, 47.0, 0.25
surrogate, 93, 47.0, 0.25
surrogate, 93, 47.0, 0.25
surrogate, 94, 49.0, 0.2875
surrogate, 94, 49.0, 0.2875
surrogate, 94, 49.0, 0.2875
surrogate, 94, 49.0, 0.2875
surrogate, 94, 49.0, 0.2875
surrogate, 94, 49.0, 0.2875
surrogate, 94, 49.0, 0.2875
surrogate, 94, 49.0, 0.2875
surrogate, 94, 49.0, 0.2875
surrogate, 94, 49.0, 0.2875
surrogate, 94, 49.0, 0.2875
surrogate, 94, 49.0, 0.2875
surrogate, 94, 49.0, 0.2875
surrogate, 94, 49.0, 0.2875
surrogate, 94, 49.0, 0.2875
surrogate, 94, 49.0, 0.2875
surrogate, 94, 49.0, 0.2875
surrogate, 94, 49.0, 0.2875
surrogate, 94, 49.0, 0.2875
surrogate, 94, 49.0, 0.2875
surrogate, 94, 49.0, 0.2875
surrogate, 94, 49.0, 0.2875
surrogate, 94, 49.0, 0.2875
surrogate, 94, 49.0, 0.2875
surrogate, 94, 49.0, 0.2875
surrogate, 94, 49.0, 0.2875
surrogate, 94, 49.0, 0.2875
surrogate, 94, 49.0, 0.2875
surrogate, 94, 49.0, 0.2875
surrogate, 94, 49.0, 0.2875
surrogate, 94, 49.0, 0.2875
surrogate, 94, 49.0, 0.2875
surrogate, 94, 49.0, 0.2875
surrogate, 94, 49.0, 0.2875
surrogate, 94, 49.0, 0.2875
surrogate, 94, 49.0, 0.2875
surrogate, 94, 49.0, 0.2875
surrogate, 94, 49.0, 0.2875
surrogate, 94, 49.0, 0.2875
surrogate, 94, 49.0, 0.2875
surrogate, 94, 49.0, 0.2875
surrogate, 94, 49.0, 0.2875
surrogate, 94, 49.0, 0.2875
surrogate, 94, 49.0, 0.2875
surrogate, 94, 49.0, 0.2875
surrogate, 94, 49.0, 0.2875
surrogate, 94, 49.0, 0.2875
surrogate, 94, 49.0, 0.2875
surrogate, 94, 49.0, 0.2875
surrogate, 94, 49.0, 0.2875
surrogate, 94, 49.0, 0.2875
surrogate, 94, 49.0, 0.2875
surrogate, 94, 49.0, 0.2875
surrogate, 94, 49.0, 0.2875
surrogate, 94, 49.0, 0.2875
surrogate, 94, 49.0, 0.2875
surrogate, 94, 49.0, 0.2875
surrogate, 94, 49.0, 0.2875
surrogate, 94, 49.0, 0.2875
surrogate, 94, 49.0, 0.2875
surrogate, 94, 48.0, 0.2625
surrogate, 94, 48.0, 0.2625
surrogate, 94, 48.0, 0.2625
surrogate, 94, 48.0, 0.2625
surrogate, 94, 48.0, 0.2625
surrogate, 94, 48.0, 0.2625
surrogate, 94, 48.0, 0.2625
surrogate, 94, 48.0, 0.2625
surrogate, 94, 48.0, 0.2625
surrogate, 94, 48.0, 0.2625
surrogate, 94, 48.0, 0.2625
surrogate, 94, 48.0, 0.2625
surrogate, 94, 48.0, 0.2625
surrogate, 94, 48.0, 0.2625
surrogate, 94, 48.0, 0.2625
surrogate, 94, 48.0, 0.2625
surrogate, 94, 48.0, 0.2625
surrogate, 94, 48.0, 0.2625
surrogate, 94, 48.0, 0.2625
surrogate, 94, 48.0, 0.2625
surrogate, 94, 48.0, 0.2625
surrogate, 94, 48.0, 0.2625
surrogate, 94, 48.0, 0.2625
surrogate, 94, 48.0, 0.2625
surrogate, 94, 48.0, 0.2625
surrogate, 94, 48.0, 0.2625
surrogate, 94, 48.0, 0.2625
surrogate, 94, 48.0, 0.2625
surrogate, 94, 48.0, 0.2625
surrogate, 94, 48.0, 0.2625
surrogate, 94, 48.0, 0.2625
surrogate, 94, 48.0, 0.2625
surrogate, 94, 48.0, 0.2625
surrogate, 94, 48.0, 0.2625
surrogate, 94, 48.0, 0.2625
surrogate, 94, 48.0, 0.2625
surrogate, 94, 48.0, 0.2625
surrogate, 94, 48.0, 0.2625
surrogate, 94, 48.0, 0.2625
surrogate, 94, 48.0, 0.2625
surrogate, 94, 48.0, 0.2625
surrogate, 94, 48.0, 0.2625
surrogate, 94, 48.0, 0.2625
surrogate, 94, 48.0, 0.2625
surrogate, 94, 48.0, 0.2625
surrogate, 94, 48.0, 0.2625
surrogate, 94, 48.0, 0.2625
surrogate, 94, 48.0, 0.2625
surrogate, 94, 48.0, 0.2625
surrogate, 94, 48.0, 0.2625
surrogate, 94, 48.0, 0.2625
surrogate, 94, 48.0, 0.2625
surrogate, 94, 48.0, 0.2625
surrogate, 94, 48.0, 0.2625
surrogate, 94, 48.0, 0.2625
surrogate, 94, 48.0, 0.2625
surrogate, 94, 48.0, 0.2625
surrogate, 94, 48.0, 0.2625
surrogate, 94, 48.0, 0.2625
surrogate, 94, 48.0, 0.2625
surrogate, 94, 48.0, 0.2625
surrogate, 94, 48.0, 0.2625
surrogate, 94, 48.0, 0.2625
surrogate, 94, 48.0, 0.2625
surrogate, 94, 48.0, 0.2625
surrogate, 94, 48.0, 0.2625
surrogate, 94, 48.0, 0.2625
surrogate, 94, 48.0, 0.2625
surrogate, 94, 48.0, 0.2625
surrogate, 94, 48.0, 0.2625
surrogate, 94, 48.0, 0.2625
surrogate, 94, 48.0, 0.2625
surrogate, 94, 48.0, 0.2625
surrogate, 94, 48.0, 0.2625
surrogate, 94, 48.0, 0.2625
surrogate, 94, 48.0, 0.2625
surrogate, 94, 47.0, 0.25
surrogate, 94, 47.0, 0.25
surrogate, 94, 47.0, 0.25
surrogate, 94, 47.0, 0.25
surrogate, 94, 47.0, 0.25
surrogate, 94, 47.0, 0.25
surrogate, 94, 47.0, 0.25
surrogate, 94, 47.0, 0.25
surrogate, 94, 47.0, 0.25
surrogate, 94, 47.0, 0.25
surrogate, 94, 47.0, 0.25
surrogate, 94, 47.0, 0.25
surrogate, 94, 47.0, 0.25
surrogate, 94, 47.0, 0.25
surrogate, 94, 47.0, 0.25
surrogate, 94, 47.0, 0.25
surrogate, 94, 47.0, 0.25
surrogate, 94, 47.0, 0.25
surrogate, 94, 47.0, 0.25
surrogate, 94, 47.0, 0.25
surrogate, 94, 47.0, 0.25
surrogate, 94, 47.0, 0.25
surrogate, 94, 47.0, 0.25
surrogate, 94, 47.0, 0.25
surrogate, 94, 47.0, 0.25
surrogate, 94, 47.0, 0.25
surrogate, 94, 47.0, 0.25
surrogate, 94, 47.0, 0.25
surrogate, 94, 47.0, 0.25
surrogate, 94, 47.0, 0.25
surrogate, 94, 47.0, 0.25
surrogate, 94, 47.0, 0.25
surrogate, 94, 47.0, 0.25
surrogate, 94, 47.0, 0.25
surrogate, 94, 47.0, 0.25
surrogate, 94, 47.0, 0.25
surrogate, 94, 47.0, 0.25
surrogate, 94, 47.0, 0.25
surrogate, 94, 47.0, 0.25
surrogate, 94, 47.0, 0.25
surrogate, 94, 47.0, 0.25
surrogate, 94, 47.0, 0.25
surrogate, 94, 47.0, 0.25
surrogate, 94, 47.0, 0.25
surrogate, 94, 47.0, 0.25
surrogate, 94, 47.0, 0.25
surrogate, 94, 47.0, 0.25
surrogate, 94, 47.0, 0.25
surrogate, 94, 47.0, 0.25
surrogate, 94, 47.0, 0.25
surrogate, 94, 47.0, 0.25
surrogate, 94, 47.0, 0.25
surrogate, 94, 47.0, 0.25
surrogate, 94, 47.0, 0.25
surrogate, 94, 47.0, 0.25
surrogate, 94, 47.0, 0.25
surrogate, 94, 47.0, 0.25
surrogate, 94, 47.0, 0.25
surrogate, 94, 47.0, 0.25
surrogate, 94, 47.0, 0.25
surrogate, 94, 47.0, 0.25
surrogate, 94, 47.0, 0.25
surrogate, 94, 47.0, 0.25
surrogate, 94, 47.0, 0.25
surrogate, 94, 47.0, 0.25
surrogate, 94, 47.0, 0.25
surrogate, 94, 47.0, 0.25
surrogate, 94, 47.0, 0.25
surrogate, 94, 47.0, 0.25
surrogate, 94, 47.0, 0.25
surrogate, 94, 47.0, 0.25
surrogate, 94, 47.0, 0.25
surrogate, 94, 47.0, 0.25
surrogate, 94, 47.0, 0.25
surrogate, 94, 47.0, 0.25
surrogate, 95, 49.0, 0.2875
surrogate, 95, 49.0, 0.2875
surrogate, 95, 49.0, 0.2875
surrogate, 95, 49.0, 0.2875
surrogate, 95, 49.0, 0.2875
surrogate, 95, 49.0, 0.2875
surrogate, 95, 49.0, 0.2875
surrogate, 95, 49.0, 0.2875
surrogate, 95, 49.0, 0.2875
surrogate, 95, 49.0, 0.2875
surrogate, 95, 49.0, 0.2875
surrogate, 95, 49.0, 0.2875
surrogate, 95, 49.0, 0.2875
surrogate, 95, 49.0, 0.2875
surrogate, 95, 49.0, 0.2875
surrogate, 95, 49.0, 0.2875
surrogate, 95, 49.0, 0.2875
surrogate, 95, 49.0, 0.2875
surrogate, 95, 49.0, 0.2875
surrogate, 95, 49.0, 0.2875
surrogate, 95, 49.0, 0.2875
surrogate, 95, 49.0, 0.2875
surrogate, 95, 49.0, 0.2875
surrogate, 95, 49.0, 0.2875
surrogate, 95, 49.0, 0.2875
surrogate, 95, 49.0, 0.2875
surrogate, 95, 49.0, 0.2875
surrogate, 95, 49.0, 0.2875
surrogate, 95, 49.0, 0.2875
surrogate, 95, 49.0, 0.2875
surrogate, 95, 49.0, 0.2875
surrogate, 95, 49.0, 0.2875
surrogate, 95, 49.0, 0.2875
surrogate, 95, 49.0, 0.2875
surrogate, 95, 49.0, 0.2875
surrogate, 95, 49.0, 0.2875
surrogate, 95, 49.0, 0.2875
surrogate, 95, 49.0, 0.2875
surrogate, 95, 49.0, 0.2875
surrogate, 95, 49.0, 0.2875
surrogate, 95, 49.0, 0.2875
surrogate, 95, 49.0, 0.2875
surrogate, 95, 49.0, 0.2875
surrogate, 95, 49.0, 0.2875
surrogate, 95, 49.0, 0.2875
surrogate, 95, 49.0, 0.2875
surrogate, 95, 49.0, 0.2875
surrogate, 95, 49.0, 0.2875
surrogate, 95, 49.0, 0.2875
surrogate, 95, 49.0, 0.2875
surrogate, 95, 49.0, 0.2875
surrogate, 95, 49.0, 0.2875
surrogate, 95, 49.0, 0.2875
surrogate, 95, 49.0, 0.2875
surrogate, 95, 49.0, 0.2875
surrogate, 95, 49.0, 0.2875
surrogate, 95, 49.0, 0.2875
surrogate, 95, 49.0, 0.2875
surrogate, 95, 49.0, 0.2875
surrogate, 95, 49.0, 0.2875
surrogate, 95, 49.0, 0.2875
surrogate, 95, 48.0, 0.2625
surrogate, 95, 48.0, 0.2625
surrogate, 95, 48.0, 0.2625
surrogate, 95, 48.0, 0.2625
surrogate, 95, 48.0, 0.2625
surrogate, 95, 48.0, 0.2625
surrogate, 95, 48.0, 0.2625
surrogate, 95, 48.0, 0.2625
surrogate, 95, 48.0, 0.2625
surrogate, 95, 48.0, 0.2625
surrogate, 95, 48.0, 0.2625
surrogate, 95, 48.0, 0.2625
surrogate, 95, 48.0, 0.2625
surrogate, 95, 48.0, 0.2625
surrogate, 95, 48.0, 0.2625
surrogate, 95, 48.0, 0.2625
surrogate, 95, 48.0, 0.2625
surrogate, 95, 48.0, 0.2625
surrogate, 95, 48.0, 0.2625
surrogate, 95, 48.0, 0.2625
surrogate, 95, 48.0, 0.2625
surrogate, 95, 48.0, 0.2625
surrogate, 95, 48.0, 0.2625
surrogate, 95, 48.0, 0.2625
surrogate, 95, 48.0, 0.2625
surrogate, 95, 48.0, 0.2625
surrogate, 95, 48.0, 0.2625
surrogate, 95, 48.0, 0.2625
surrogate, 95, 48.0, 0.2625
surrogate, 95, 48.0, 0.2625
surrogate, 95, 48.0, 0.2625
surrogate, 95, 48.0, 0.2625
surrogate, 95, 48.0, 0.2625
surrogate, 95, 48.0, 0.2625
surrogate, 95, 48.0, 0.2625
surrogate, 95, 48.0, 0.2625
surrogate, 95, 48.0, 0.2625
surrogate, 95, 48.0, 0.2625
surrogate, 95, 48.0, 0.2625
surrogate, 95, 48.0, 0.2625
surrogate, 95, 48.0, 0.2625
surrogate, 95, 48.0, 0.2625
surrogate, 95, 48.0, 0.2625
surrogate, 95, 48.0, 0.2625
surrogate, 95, 48.0, 0.2625
surrogate, 95, 48.0, 0.2625
surrogate, 95, 48.0, 0.2625
surrogate, 95, 48.0, 0.2625
surrogate, 95, 48.0, 0.2625
surrogate, 95, 48.0, 0.2625
surrogate, 95, 48.0, 0.2625
surrogate, 95, 48.0, 0.2625
surrogate, 95, 48.0, 0.2625
surrogate, 95, 48.0, 0.2625
surrogate, 95, 48.0, 0.2625
surrogate, 95, 48.0, 0.2625
surrogate, 95, 48.0, 0.2625
surrogate, 95, 48.0, 0.2625
surrogate, 95, 48.0, 0.2625
surrogate, 95, 48.0, 0.2625
surrogate, 95, 48.0, 0.2625
surrogate, 95, 48.0, 0.2625
surrogate, 95, 48.0, 0.2625
surrogate, 95, 48.0, 0.2625
surrogate, 95, 48.0, 0.2625
surrogate, 95, 48.0, 0.2625
surrogate, 95, 48.0, 0.2625
surrogate, 95, 48.0, 0.2625
surrogate, 95, 48.0, 0.2625
surrogate, 95, 48.0, 0.2625
surrogate, 95, 48.0, 0.2625
surrogate, 95, 48.0, 0.2625
surrogate, 95, 48.0, 0.2625
surrogate, 95, 48.0, 0.2625
surrogate, 95, 48.0, 0.2625
surrogate, 95, 48.0, 0.2625
surrogate, 95, 48.0, 0.2625
surrogate, 95, 47.0, 0.25
surrogate, 95, 47.0, 0.25
surrogate, 95, 47.0, 0.25
surrogate, 95, 47.0, 0.25
surrogate, 95, 47.0, 0.25
surrogate, 95, 47.0, 0.25
surrogate, 95, 47.0, 0.25
surrogate, 95, 47.0, 0.25
surrogate, 95, 47.0, 0.25
surrogate, 95, 47.0, 0.25
surrogate, 95, 47.0, 0.25
surrogate, 95, 47.0, 0.25
surrogate, 95, 47.0, 0.25
surrogate, 95, 47.0, 0.25
surrogate, 95, 47.0, 0.25
surrogate, 95, 47.0, 0.25
surrogate, 95, 47.0, 0.25
surrogate, 95, 47.0, 0.25
surrogate, 95, 47.0, 0.25
surrogate, 95, 47.0, 0.25
surrogate, 95, 47.0, 0.25
surrogate, 95, 47.0, 0.25
surrogate, 95, 47.0, 0.25
surrogate, 95, 47.0, 0.25
surrogate, 95, 47.0, 0.25
surrogate, 95, 47.0, 0.25
surrogate, 95, 47.0, 0.25
surrogate, 95, 47.0, 0.25
surrogate, 95, 47.0, 0.25
surrogate, 95, 47.0, 0.25
surrogate, 95, 47.0, 0.25
surrogate, 95, 47.0, 0.25
surrogate, 95, 47.0, 0.25
surrogate, 95, 47.0, 0.25
surrogate, 95, 47.0, 0.25
surrogate, 95, 47.0, 0.25
surrogate, 95, 47.0, 0.25
surrogate, 95, 47.0, 0.25
surrogate, 95, 47.0, 0.25
surrogate, 95, 47.0, 0.25
surrogate, 95, 47.0, 0.25
surrogate, 95, 47.0, 0.25
surrogate, 95, 47.0, 0.25
surrogate, 95, 47.0, 0.25
surrogate, 95, 47.0, 0.25
surrogate, 95, 47.0, 0.25
surrogate, 95, 47.0, 0.25
surrogate, 95, 47.0, 0.25
surrogate, 95, 47.0, 0.25
surrogate, 95, 47.0, 0.25
surrogate, 95, 47.0, 0.25
surrogate, 95, 47.0, 0.25
surrogate, 95, 47.0, 0.25
surrogate, 95, 47.0, 0.25
surrogate, 95, 47.0, 0.25
surrogate, 95, 47.0, 0.25
surrogate, 95, 47.0, 0.25
surrogate, 95, 47.0, 0.25
surrogate, 95, 47.0, 0.25
surrogate, 95, 47.0, 0.25
surrogate, 95, 47.0, 0.25
surrogate, 95, 47.0, 0.25
surrogate, 95, 47.0, 0.25
surrogate, 95, 47.0, 0.25
surrogate, 95, 47.0, 0.25
surrogate, 95, 47.0, 0.25
surrogate, 95, 47.0, 0.25
surrogate, 95, 47.0, 0.25
surrogate, 95, 47.0, 0.25
surrogate, 95, 47.0, 0.25
surrogate, 95, 47.0, 0.25
surrogate, 95, 47.0, 0.25
surrogate, 95, 47.0, 0.25
surrogate, 95, 47.0, 0.25
surrogate, 95, 47.0, 0.25
surrogate, 96, 49.0, 0.2875
surrogate, 96, 49.0, 0.2875
surrogate, 96, 49.0, 0.2875
surrogate, 96, 49.0, 0.2875
surrogate, 96, 49.0, 0.2875
surrogate, 96, 49.0, 0.2875
surrogate, 96, 49.0, 0.2875
surrogate, 96, 49.0, 0.2875
surrogate, 96, 49.0, 0.2875
surrogate, 96, 49.0, 0.2875
surrogate, 96, 49.0, 0.2875
surrogate, 96, 49.0, 0.2875
surrogate, 96, 49.0, 0.2875
surrogate, 96, 49.0, 0.2875
surrogate, 96, 49.0, 0.2875
surrogate, 96, 49.0, 0.2875
surrogate, 96, 49.0, 0.2875
surrogate, 96, 49.0, 0.2875
surrogate, 96, 49.0, 0.2875
surrogate, 96, 49.0, 0.2875
surrogate, 96, 49.0, 0.2875
surrogate, 96, 49.0, 0.2875
surrogate, 96, 49.0, 0.2875
surrogate, 96, 49.0, 0.2875
surrogate, 96, 49.0, 0.2875
surrogate, 96, 49.0, 0.2875
surrogate, 96, 49.0, 0.2875
surrogate, 96, 49.0, 0.2875
surrogate, 96, 49.0, 0.2875
surrogate, 96, 49.0, 0.2875
surrogate, 96, 49.0, 0.2875
surrogate, 96, 49.0, 0.2875
surrogate, 96, 49.0, 0.2875
surrogate, 96, 49.0, 0.2875
surrogate, 96, 49.0, 0.2875
surrogate, 96, 49.0, 0.2875
surrogate, 96, 49.0, 0.2875
surrogate, 96, 49.0, 0.2875
surrogate, 96, 49.0, 0.2875
surrogate, 96, 49.0, 0.2875
surrogate, 96, 49.0, 0.2875
surrogate, 96, 49.0, 0.2875
surrogate, 96, 49.0, 0.2875
surrogate, 96, 49.0, 0.2875
surrogate, 96, 49.0, 0.2875
surrogate, 96, 49.0, 0.2875
surrogate, 96, 49.0, 0.2875
surrogate, 96, 49.0, 0.2875
surrogate, 96, 49.0, 0.2875
surrogate, 96, 49.0, 0.2875
surrogate, 96, 49.0, 0.2875
surrogate, 96, 49.0, 0.2875
surrogate, 96, 49.0, 0.2875
surrogate, 96, 49.0, 0.2875
surrogate, 96, 49.0, 0.2875
surrogate, 96, 49.0, 0.2875
surrogate, 96, 49.0, 0.2875
surrogate, 96, 49.0, 0.2875
surrogate, 96, 49.0, 0.2875
surrogate, 96, 49.0, 0.2875
surrogate, 96, 49.0, 0.2875
surrogate, 96, 49.0, 0.2875
surrogate, 96, 48.0, 0.2625
surrogate, 96, 48.0, 0.2625
surrogate, 96, 48.0, 0.2625
surrogate, 96, 48.0, 0.2625
surrogate, 96, 48.0, 0.2625
surrogate, 96, 48.0, 0.2625
surrogate, 96, 48.0, 0.2625
surrogate, 96, 48.0, 0.2625
surrogate, 96, 48.0, 0.2625
surrogate, 96, 48.0, 0.2625
surrogate, 96, 48.0, 0.2625
surrogate, 96, 48.0, 0.2625
surrogate, 96, 48.0, 0.2625
surrogate, 96, 48.0, 0.2625
surrogate, 96, 48.0, 0.2625
surrogate, 96, 48.0, 0.2625
surrogate, 96, 48.0, 0.2625
surrogate, 96, 48.0, 0.2625
surrogate, 96, 48.0, 0.2625
surrogate, 96, 48.0, 0.2625
surrogate, 96, 48.0, 0.2625
surrogate, 96, 48.0, 0.2625
surrogate, 96, 48.0, 0.2625
surrogate, 96, 48.0, 0.2625
surrogate, 96, 48.0, 0.2625
surrogate, 96, 48.0, 0.2625
surrogate, 96, 48.0, 0.2625
surrogate, 96, 48.0, 0.2625
surrogate, 96, 48.0, 0.2625
surrogate, 96, 48.0, 0.2625
surrogate, 96, 48.0, 0.2625
surrogate, 96, 48.0, 0.2625
surrogate, 96, 48.0, 0.2625
surrogate, 96, 48.0, 0.2625
surrogate, 96, 48.0, 0.2625
surrogate, 96, 48.0, 0.2625
surrogate, 96, 48.0, 0.2625
surrogate, 96, 48.0, 0.2625
surrogate, 96, 48.0, 0.2625
surrogate, 96, 48.0, 0.2625
surrogate, 96, 48.0, 0.2625
surrogate, 96, 48.0, 0.2625
surrogate, 96, 48.0, 0.2625
surrogate, 96, 48.0, 0.2625
surrogate, 96, 48.0, 0.2625
surrogate, 96, 48.0, 0.2625
surrogate, 96, 48.0, 0.2625
surrogate, 96, 48.0, 0.2625
surrogate, 96, 48.0, 0.2625
surrogate, 96, 48.0, 0.2625
surrogate, 96, 48.0, 0.2625
surrogate, 96, 48.0, 0.2625
surrogate, 96, 48.0, 0.2625
surrogate, 96, 48.0, 0.2625
surrogate, 96, 48.0, 0.2625
surrogate, 96, 48.0, 0.2625
surrogate, 96, 48.0, 0.2625
surrogate, 96, 48.0, 0.2625
surrogate, 96, 48.0, 0.2625
surrogate, 96, 48.0, 0.2625
surrogate, 96, 48.0, 0.2625
surrogate, 96, 48.0, 0.2625
surrogate, 96, 48.0, 0.2625
surrogate, 96, 48.0, 0.2625
surrogate, 96, 48.0, 0.2625
surrogate, 96, 48.0, 0.2625
surrogate, 96, 48.0, 0.2625
surrogate, 96, 48.0, 0.2625
surrogate, 96, 48.0, 0.2625
surrogate, 96, 48.0, 0.2625
surrogate, 96, 48.0, 0.2625
surrogate, 96, 48.0, 0.2625
surrogate, 96, 48.0, 0.2625
surrogate, 96, 48.0, 0.2625
surrogate, 96, 48.0, 0.2625
surrogate, 96, 48.0, 0.2625
surrogate, 96, 48.0, 0.2625
surrogate, 96, 48.0, 0.2625
surrogate, 96, 47.0, 0.25
surrogate, 96, 47.0, 0.25
surrogate, 96, 47.0, 0.25
surrogate, 96, 47.0, 0.25
surrogate, 96, 47.0, 0.25
surrogate, 96, 47.0, 0.25
surrogate, 96, 47.0, 0.25
surrogate, 96, 47.0, 0.25
surrogate, 96, 47.0, 0.25
surrogate, 96, 47.0, 0.25
surrogate, 96, 47.0, 0.25
surrogate, 96, 47.0, 0.25
surrogate, 96, 47.0, 0.25
surrogate, 96, 47.0, 0.25
surrogate, 96, 47.0, 0.25
surrogate, 96, 47.0, 0.25
surrogate, 96, 47.0, 0.25
surrogate, 96, 47.0, 0.25
surrogate, 96, 47.0, 0.25
surrogate, 96, 47.0, 0.25
surrogate, 96, 47.0, 0.25
surrogate, 96, 47.0, 0.25
surrogate, 96, 47.0, 0.25
surrogate, 96, 47.0, 0.25
surrogate, 96, 47.0, 0.25
surrogate, 96, 47.0, 0.25
surrogate, 96, 47.0, 0.25
surrogate, 96, 47.0, 0.25
surrogate, 96, 47.0, 0.25
surrogate, 96, 47.0, 0.25
surrogate, 96, 47.0, 0.25
surrogate, 96, 47.0, 0.25
surrogate, 96, 47.0, 0.25
surrogate, 96, 47.0, 0.25
surrogate, 96, 47.0, 0.25
surrogate, 96, 47.0, 0.25
surrogate, 96, 47.0, 0.25
surrogate, 96, 47.0, 0.25
surrogate, 96, 47.0, 0.25
surrogate, 96, 47.0, 0.25
surrogate, 96, 47.0, 0.25
surrogate, 96, 47.0, 0.25
surrogate, 96, 47.0, 0.25
surrogate, 96, 47.0, 0.25
surrogate, 96, 47.0, 0.25
surrogate, 96, 47.0, 0.25
surrogate, 96, 47.0, 0.25
surrogate, 96, 47.0, 0.25
surrogate, 96, 47.0, 0.25
surrogate, 96, 47.0, 0.25
surrogate, 96, 47.0, 0.25
surrogate, 96, 47.0, 0.25
surrogate, 96, 47.0, 0.25
surrogate, 96, 47.0, 0.25
surrogate, 96, 47.0, 0.25
surrogate, 96, 47.0, 0.25
surrogate, 96, 47.0, 0.25
surrogate, 96, 47.0, 0.25
surrogate, 96, 47.0, 0.25
surrogate, 96, 47.0, 0.25
surrogate, 96, 47.0, 0.25
surrogate, 96, 47.0, 0.25
surrogate, 96, 47.0, 0.25
surrogate, 96, 47.0, 0.25
surrogate, 96, 47.0, 0.25
surrogate, 96, 47.0, 0.25
surrogate, 96, 47.0, 0.25
surrogate, 96, 47.0, 0.25
surrogate, 96, 47.0, 0.25
surrogate, 96, 47.0, 0.25
surrogate, 96, 47.0, 0.25
surrogate, 96, 47.0, 0.25
surrogate, 96, 47.0, 0.25
surrogate, 96, 47.0, 0.25
surrogate, 96, 47.0, 0.25
surrogate, 96, 47.0, 0.25
surrogate, 97, 49.0, 0.2875
surrogate, 97, 49.0, 0.2875
surrogate, 97, 49.0, 0.2875
surrogate, 97, 49.0, 0.2875
surrogate, 97, 49.0, 0.2875
surrogate, 97, 49.0, 0.2875
surrogate, 97, 49.0, 0.2875
surrogate, 97, 49.0, 0.2875
surrogate, 97, 49.0, 0.2875
surrogate, 97, 49.0, 0.2875
surrogate, 97, 49.0, 0.2875
surrogate, 97, 49.0, 0.2875
surrogate, 97, 49.0, 0.2875
surrogate, 97, 49.0, 0.2875
surrogate, 97, 49.0, 0.2875
surrogate, 97, 49.0, 0.2875
surrogate, 97, 49.0, 0.2875
surrogate, 97, 49.0, 0.2875
surrogate, 97, 49.0, 0.2875
surrogate, 97, 49.0, 0.2875
surrogate, 97, 49.0, 0.2875
surrogate, 97, 49.0, 0.2875
surrogate, 97, 49.0, 0.2875
surrogate, 97, 49.0, 0.2875
surrogate, 97, 49.0, 0.2875
surrogate, 97, 49.0, 0.2875
surrogate, 97, 49.0, 0.2875
surrogate, 97, 49.0, 0.2875
surrogate, 97, 49.0, 0.2875
surrogate, 97, 49.0, 0.2875
surrogate, 97, 49.0, 0.2875
surrogate, 97, 49.0, 0.2875
surrogate, 97, 49.0, 0.2875
surrogate, 97, 49.0, 0.2875
surrogate, 97, 49.0, 0.2875
surrogate, 97, 49.0, 0.2875
surrogate, 97, 49.0, 0.2875
surrogate, 97, 49.0, 0.2875
surrogate, 97, 49.0, 0.2875
surrogate, 97, 49.0, 0.2875
surrogate, 97, 49.0, 0.2875
surrogate, 97, 49.0, 0.2875
surrogate, 97, 49.0, 0.2875
surrogate, 97, 49.0, 0.2875
surrogate, 97, 49.0, 0.2875
surrogate, 97, 49.0, 0.2875
surrogate, 97, 49.0, 0.2875
surrogate, 97, 49.0, 0.2875
surrogate, 97, 49.0, 0.2875
surrogate, 97, 49.0, 0.2875
surrogate, 97, 49.0, 0.2875
surrogate, 97, 49.0, 0.2875
surrogate, 97, 49.0, 0.2875
surrogate, 97, 49.0, 0.2875
surrogate, 97, 49.0, 0.2875
surrogate, 97, 49.0, 0.2875
surrogate, 97, 49.0, 0.2875
surrogate, 97, 49.0, 0.2875
surrogate, 97, 49.0, 0.2875
surrogate, 97, 49.0, 0.2875
surrogate, 97, 49.0, 0.2875
surrogate, 97, 49.0, 0.2875
surrogate, 97, 49.0, 0.2875
surrogate, 97, 48.0, 0.2625
surrogate, 97, 48.0, 0.2625
surrogate, 97, 48.0, 0.2625
surrogate, 97, 48.0, 0.2625
surrogate, 97, 48.0, 0.2625
surrogate, 97, 48.0, 0.2625
surrogate, 97, 48.0, 0.2625
surrogate, 97, 48.0, 0.2625
surrogate, 97, 48.0, 0.2625
surrogate, 97, 48.0, 0.2625
surrogate, 97, 48.0, 0.2625
surrogate, 97, 48.0, 0.2625
surrogate, 97, 48.0, 0.2625
surrogate, 97, 48.0, 0.2625
surrogate, 97, 48.0, 0.2625
surrogate, 97, 48.0, 0.2625
surrogate, 97, 48.0, 0.2625
surrogate, 97, 48.0, 0.2625
surrogate, 97, 48.0, 0.2625
surrogate, 97, 48.0, 0.2625
surrogate, 97, 48.0, 0.2625
surrogate, 97, 48.0, 0.2625
surrogate, 97, 48.0, 0.2625
surrogate, 97, 48.0, 0.2625
surrogate, 97, 48.0, 0.2625
surrogate, 97, 48.0, 0.2625
surrogate, 97, 48.0, 0.2625
surrogate, 97, 48.0, 0.2625
surrogate, 97, 48.0, 0.2625
surrogate, 97, 48.0, 0.2625
surrogate, 97, 48.0, 0.2625
surrogate, 97, 48.0, 0.2625
surrogate, 97, 48.0, 0.2625
surrogate, 97, 48.0, 0.2625
surrogate, 97, 48.0, 0.2625
surrogate, 97, 48.0, 0.2625
surrogate, 97, 48.0, 0.2625
surrogate, 97, 48.0, 0.2625
surrogate, 97, 48.0, 0.2625
surrogate, 97, 48.0, 0.2625
surrogate, 97, 48.0, 0.2625
surrogate, 97, 48.0, 0.2625
surrogate, 97, 48.0, 0.2625
surrogate, 97, 48.0, 0.2625
surrogate, 97, 48.0, 0.2625
surrogate, 97, 48.0, 0.2625
surrogate, 97, 48.0, 0.2625
surrogate, 97, 48.0, 0.2625
surrogate, 97, 48.0, 0.2625
surrogate, 97, 48.0, 0.2625
surrogate, 97, 48.0, 0.2625
surrogate, 97, 48.0, 0.2625
surrogate, 97, 48.0, 0.2625
surrogate, 97, 48.0, 0.2625
surrogate, 97, 48.0, 0.2625
surrogate, 97, 48.0, 0.2625
surrogate, 97, 48.0, 0.2625
surrogate, 97, 48.0, 0.2625
surrogate, 97, 48.0, 0.2625
surrogate, 97, 48.0, 0.2625
surrogate, 97, 48.0, 0.2625
surrogate, 97, 48.0, 0.2625
surrogate, 97, 48.0, 0.2625
surrogate, 97, 48.0, 0.2625
surrogate, 97, 48.0, 0.2625
surrogate, 97, 48.0, 0.2625
surrogate, 97, 48.0, 0.2625
surrogate, 97, 48.0, 0.2625
surrogate, 97, 48.0, 0.2625
surrogate, 97, 48.0, 0.2625
surrogate, 97, 48.0, 0.2625
surrogate, 97, 48.0, 0.2625
surrogate, 97, 48.0, 0.2625
surrogate, 97, 48.0, 0.2625
surrogate, 97, 48.0, 0.2625
surrogate, 97, 48.0, 0.2625
surrogate, 97, 48.0, 0.2625
surrogate, 97, 48.0, 0.2625
surrogate, 97, 48.0, 0.2625
surrogate, 97, 47.0, 0.25
surrogate, 97, 47.0, 0.25
surrogate, 97, 47.0, 0.25
surrogate, 97, 47.0, 0.25
surrogate, 97, 47.0, 0.25
surrogate, 97, 47.0, 0.25
surrogate, 97, 47.0, 0.25
surrogate, 97, 47.0, 0.25
surrogate, 97, 47.0, 0.25
surrogate, 97, 47.0, 0.25
surrogate, 97, 47.0, 0.25
surrogate, 97, 47.0, 0.25
surrogate, 97, 47.0, 0.25
surrogate, 97, 47.0, 0.25
surrogate, 97, 47.0, 0.25
surrogate, 97, 47.0, 0.25
surrogate, 97, 47.0, 0.25
surrogate, 97, 47.0, 0.25
surrogate, 97, 47.0, 0.25
surrogate, 97, 47.0, 0.25
surrogate, 97, 47.0, 0.25
surrogate, 97, 47.0, 0.25
surrogate, 97, 47.0, 0.25
surrogate, 97, 47.0, 0.25
surrogate, 97, 47.0, 0.25
surrogate, 97, 47.0, 0.25
surrogate, 97, 47.0, 0.25
surrogate, 97, 47.0, 0.25
surrogate, 97, 47.0, 0.25
surrogate, 97, 47.0, 0.25
surrogate, 97, 47.0, 0.25
surrogate, 97, 47.0, 0.25
surrogate, 97, 47.0, 0.25
surrogate, 97, 47.0, 0.25
surrogate, 97, 47.0, 0.25
surrogate, 97, 47.0, 0.25
surrogate, 97, 47.0, 0.25
surrogate, 97, 47.0, 0.25
surrogate, 97, 47.0, 0.25
surrogate, 97, 47.0, 0.25
surrogate, 97, 47.0, 0.25
surrogate, 97, 47.0, 0.25
surrogate, 97, 47.0, 0.25
surrogate, 97, 47.0, 0.25
surrogate, 97, 47.0, 0.25
surrogate, 97, 47.0, 0.25
surrogate, 97, 47.0, 0.25
surrogate, 97, 47.0, 0.25
surrogate, 97, 47.0, 0.25
surrogate, 97, 47.0, 0.25
surrogate, 97, 47.0, 0.25
surrogate, 97, 47.0, 0.25
surrogate, 97, 47.0, 0.25
surrogate, 97, 47.0, 0.25
surrogate, 97, 47.0, 0.25
surrogate, 97, 47.0, 0.25
surrogate, 97, 47.0, 0.25
surrogate, 97, 47.0, 0.25
surrogate, 97, 47.0, 0.25
surrogate, 97, 47.0, 0.25
surrogate, 97, 47.0, 0.25
surrogate, 97, 47.0, 0.25
surrogate, 97, 47.0, 0.25
surrogate, 97, 47.0, 0.25
surrogate, 97, 47.0, 0.25
surrogate, 97, 47.0, 0.25
surrogate, 97, 47.0, 0.25
surrogate, 97, 47.0, 0.25
surrogate, 97, 47.0, 0.25
surrogate, 97, 47.0, 0.25
surrogate, 97, 47.0, 0.25
surrogate, 97, 47.0, 0.25
surrogate, 97, 47.0, 0.25
surrogate, 97, 47.0, 0.25
surrogate, 97, 47.0, 0.25
surrogate, 97, 47.0, 0.25
surrogate, 97, 47.0, 0.25
surrogate, 98, 49.0, 0.2875
surrogate, 98, 49.0, 0.2875
surrogate, 98, 49.0, 0.2875
surrogate, 98, 49.0, 0.2875
surrogate, 98, 49.0, 0.2875
surrogate, 98, 49.0, 0.2875
surrogate, 98, 49.0, 0.2875
surrogate, 98, 49.0, 0.2875
surrogate, 98, 49.0, 0.2875
surrogate, 98, 49.0, 0.2875
surrogate, 98, 49.0, 0.2875
surrogate, 98, 49.0, 0.2875
surrogate, 98, 49.0, 0.2875
surrogate, 98, 49.0, 0.2875
surrogate, 98, 49.0, 0.2875
surrogate, 98, 49.0, 0.2875
surrogate, 98, 49.0, 0.2875
surrogate, 98, 49.0, 0.2875
surrogate, 98, 49.0, 0.2875
surrogate, 98, 49.0, 0.2875
surrogate, 98, 49.0, 0.2875
surrogate, 98, 49.0, 0.2875
surrogate, 98, 49.0, 0.2875
surrogate, 98, 49.0, 0.2875
surrogate, 98, 49.0, 0.2875
surrogate, 98, 49.0, 0.2875
surrogate, 98, 49.0, 0.2875
surrogate, 98, 49.0, 0.2875
surrogate, 98, 49.0, 0.2875
surrogate, 98, 49.0, 0.2875
surrogate, 98, 49.0, 0.2875
surrogate, 98, 49.0, 0.2875
surrogate, 98, 49.0, 0.2875
surrogate, 98, 49.0, 0.2875
surrogate, 98, 49.0, 0.2875
surrogate, 98, 49.0, 0.2875
surrogate, 98, 49.0, 0.2875
surrogate, 98, 49.0, 0.2875
surrogate, 98, 49.0, 0.2875
surrogate, 98, 49.0, 0.2875
surrogate, 98, 49.0, 0.2875
surrogate, 98, 49.0, 0.2875
surrogate, 98, 49.0, 0.2875
surrogate, 98, 49.0, 0.2875
surrogate, 98, 49.0, 0.2875
surrogate, 98, 49.0, 0.2875
surrogate, 98, 49.0, 0.2875
surrogate, 98, 49.0, 0.2875
surrogate, 98, 49.0, 0.2875
surrogate, 98, 49.0, 0.2875
surrogate, 98, 49.0, 0.2875
surrogate, 98, 49.0, 0.2875
surrogate, 98, 49.0, 0.2875
surrogate, 98, 49.0, 0.2875
surrogate, 98, 49.0, 0.2875
surrogate, 98, 49.0, 0.2875
surrogate, 98, 49.0, 0.2875
surrogate, 98, 49.0, 0.2875
surrogate, 98, 49.0, 0.2875
surrogate, 98, 49.0, 0.2875
surrogate, 98, 49.0, 0.2875
surrogate, 98, 49.0, 0.2875
surrogate, 98, 49.0, 0.2875
surrogate, 98, 49.0, 0.2875
surrogate, 98, 48.0, 0.2625
surrogate, 98, 48.0, 0.2625
surrogate, 98, 48.0, 0.2625
surrogate, 98, 48.0, 0.2625
surrogate, 98, 48.0, 0.2625
surrogate, 98, 48.0, 0.2625
surrogate, 98, 48.0, 0.2625
surrogate, 98, 48.0, 0.2625
surrogate, 98, 48.0, 0.2625
surrogate, 98, 48.0, 0.2625
surrogate, 98, 48.0, 0.2625
surrogate, 98, 48.0, 0.2625
surrogate, 98, 48.0, 0.2625
surrogate, 98, 48.0, 0.2625
surrogate, 98, 48.0, 0.2625
surrogate, 98, 48.0, 0.2625
surrogate, 98, 48.0, 0.2625
surrogate, 98, 48.0, 0.2625
surrogate, 98, 48.0, 0.2625
surrogate, 98, 48.0, 0.2625
surrogate, 98, 48.0, 0.2625
surrogate, 98, 48.0, 0.2625
surrogate, 98, 48.0, 0.2625
surrogate, 98, 48.0, 0.2625
surrogate, 98, 48.0, 0.2625
surrogate, 98, 48.0, 0.2625
surrogate, 98, 48.0, 0.2625
surrogate, 98, 48.0, 0.2625
surrogate, 98, 48.0, 0.2625
surrogate, 98, 48.0, 0.2625
surrogate, 98, 48.0, 0.2625
surrogate, 98, 48.0, 0.2625
surrogate, 98, 48.0, 0.2625
surrogate, 98, 48.0, 0.2625
surrogate, 98, 48.0, 0.2625
surrogate, 98, 48.0, 0.2625
surrogate, 98, 48.0, 0.2625
surrogate, 98, 48.0, 0.2625
surrogate, 98, 48.0, 0.2625
surrogate, 98, 48.0, 0.2625
surrogate, 98, 48.0, 0.2625
surrogate, 98, 48.0, 0.2625
surrogate, 98, 48.0, 0.2625
surrogate, 98, 48.0, 0.2625
surrogate, 98, 48.0, 0.2625
surrogate, 98, 48.0, 0.2625
surrogate, 98, 48.0, 0.2625
surrogate, 98, 48.0, 0.2625
surrogate, 98, 48.0, 0.2625
surrogate, 98, 48.0, 0.2625
surrogate, 98, 48.0, 0.2625
surrogate, 98, 48.0, 0.2625
surrogate, 98, 48.0, 0.2625
surrogate, 98, 48.0, 0.2625
surrogate, 98, 48.0, 0.2625
surrogate, 98, 48.0, 0.2625
surrogate, 98, 48.0, 0.2625
surrogate, 98, 48.0, 0.2625
surrogate, 98, 48.0, 0.2625
surrogate, 98, 48.0, 0.2625
surrogate, 98, 48.0, 0.2625
surrogate, 98, 48.0, 0.2625
surrogate, 98, 48.0, 0.2625
surrogate, 98, 48.0, 0.2625
surrogate, 98, 48.0, 0.2625
surrogate, 98, 48.0, 0.2625
surrogate, 98, 48.0, 0.2625
surrogate, 98, 48.0, 0.2625
surrogate, 98, 48.0, 0.2625
surrogate, 98, 48.0, 0.2625
surrogate, 98, 48.0, 0.2625
surrogate, 98, 48.0, 0.2625
surrogate, 98, 48.0, 0.2625
surrogate, 98, 48.0, 0.2625
surrogate, 98, 48.0, 0.2625
surrogate, 98, 48.0, 0.2625
surrogate, 98, 48.0, 0.2625
surrogate, 98, 48.0, 0.2625
surrogate, 98, 48.0, 0.2625
surrogate, 98, 48.0, 0.2625
surrogate, 98, 47.0, 0.25
surrogate, 98, 47.0, 0.25
surrogate, 98, 47.0, 0.25
surrogate, 98, 47.0, 0.25
surrogate, 98, 47.0, 0.25
surrogate, 98, 47.0, 0.25
surrogate, 98, 47.0, 0.25
surrogate, 98, 47.0, 0.25
surrogate, 98, 47.0, 0.25
surrogate, 98, 47.0, 0.25
surrogate, 98, 47.0, 0.25
surrogate, 98, 47.0, 0.25
surrogate, 98, 47.0, 0.25
surrogate, 98, 47.0, 0.25
surrogate, 98, 47.0, 0.25
surrogate, 98, 47.0, 0.25
surrogate, 98, 47.0, 0.25
surrogate, 98, 47.0, 0.25
surrogate, 98, 47.0, 0.25
surrogate, 98, 47.0, 0.25
surrogate, 98, 47.0, 0.25
surrogate, 98, 47.0, 0.25
surrogate, 98, 47.0, 0.25
surrogate, 98, 47.0, 0.25
surrogate, 98, 47.0, 0.25
surrogate, 98, 47.0, 0.25
surrogate, 98, 47.0, 0.25
surrogate, 98, 47.0, 0.25
surrogate, 98, 47.0, 0.25
surrogate, 98, 47.0, 0.25
surrogate, 98, 47.0, 0.25
surrogate, 98, 47.0, 0.25
surrogate, 98, 47.0, 0.25
surrogate, 98, 47.0, 0.25
surrogate, 98, 47.0, 0.25
surrogate, 98, 47.0, 0.25
surrogate, 98, 47.0, 0.25
surrogate, 98, 47.0, 0.25
surrogate, 98, 47.0, 0.25
surrogate, 98, 47.0, 0.25
surrogate, 98, 47.0, 0.25
surrogate, 98, 47.0, 0.25
surrogate, 98, 47.0, 0.25
surrogate, 98, 47.0, 0.25
surrogate, 98, 47.0, 0.25
surrogate, 98, 47.0, 0.25
surrogate, 98, 47.0, 0.25
surrogate, 98, 47.0, 0.25
surrogate, 98, 47.0, 0.25
surrogate, 98, 47.0, 0.25
surrogate, 98, 47.0, 0.25
surrogate, 98, 47.0, 0.25
surrogate, 98, 47.0, 0.25
surrogate, 98, 47.0, 0.25
surrogate, 98, 47.0, 0.25
surrogate, 98, 47.0, 0.25
surrogate, 98, 47.0, 0.25
surrogate, 98, 47.0, 0.25
surrogate, 98, 47.0, 0.25
surrogate, 98, 47.0, 0.25
surrogate, 98, 47.0, 0.25
surrogate, 98, 47.0, 0.25
surrogate, 98, 47.0, 0.25
surrogate, 98, 47.0, 0.25
surrogate, 98, 47.0, 0.25
surrogate, 98, 47.0, 0.25
surrogate, 98, 47.0, 0.25
surrogate, 98, 47.0, 0.25
surrogate, 98, 47.0, 0.25
surrogate, 98, 47.0, 0.25
surrogate, 98, 47.0, 0.25
surrogate, 98, 47.0, 0.25
surrogate, 98, 47.0, 0.25
surrogate, 98, 47.0, 0.25
surrogate, 98, 47.0, 0.25
surrogate, 98, 47.0, 0.25
surrogate, 98, 47.0, 0.25
surrogate, 98, 47.0, 0.25
surrogate, 99, 49.0, 0.2875
surrogate, 99, 49.0, 0.2875
surrogate, 99, 49.0, 0.2875
surrogate, 99, 49.0, 0.2875
surrogate, 99, 49.0, 0.2875
surrogate, 99, 49.0, 0.2875
surrogate, 99, 49.0, 0.2875
surrogate, 99, 49.0, 0.2875
surrogate, 99, 49.0, 0.2875
surrogate, 99, 49.0, 0.2875
surrogate, 99, 49.0, 0.2875
surrogate, 99, 49.0, 0.2875
surrogate, 99, 49.0, 0.2875
surrogate, 99, 49.0, 0.2875
surrogate, 99, 49.0, 0.2875
surrogate, 99, 49.0, 0.2875
surrogate, 99, 49.0, 0.2875
surrogate, 99, 49.0, 0.2875
surrogate, 99, 49.0, 0.2875
surrogate, 99, 49.0, 0.2875
surrogate, 99, 49.0, 0.2875
surrogate, 99, 49.0, 0.2875
surrogate, 99, 49.0, 0.2875
surrogate, 99, 49.0, 0.2875
surrogate, 99, 49.0, 0.2875
surrogate, 99, 49.0, 0.2875
surrogate, 99, 49.0, 0.2875
surrogate, 99, 49.0, 0.2875
surrogate, 99, 49.0, 0.2875
surrogate, 99, 49.0, 0.2875
surrogate, 99, 49.0, 0.2875
surrogate, 99, 49.0, 0.2875
surrogate, 99, 49.0, 0.2875
surrogate, 99, 49.0, 0.2875
surrogate, 99, 49.0, 0.2875
surrogate, 99, 49.0, 0.2875
surrogate, 99, 49.0, 0.2875
surrogate, 99, 49.0, 0.2875
surrogate, 99, 49.0, 0.2875
surrogate, 99, 49.0, 0.2875
surrogate, 99, 49.0, 0.2875
surrogate, 99, 49.0, 0.2875
surrogate, 99, 49.0, 0.2875
surrogate, 99, 49.0, 0.2875
surrogate, 99, 49.0, 0.2875
surrogate, 99, 49.0, 0.2875
surrogate, 99, 49.0, 0.2875
surrogate, 99, 49.0, 0.2875
surrogate, 99, 49.0, 0.2875
surrogate, 99, 49.0, 0.2875
surrogate, 99, 49.0, 0.2875
surrogate, 99, 49.0, 0.2875
surrogate, 99, 49.0, 0.2875
surrogate, 99, 49.0, 0.2875
surrogate, 99, 49.0, 0.2875
surrogate, 99, 49.0, 0.2875
surrogate, 99, 49.0, 0.2875
surrogate, 99, 49.0, 0.2875
surrogate, 99, 49.0, 0.2875
surrogate, 99, 49.0, 0.2875
surrogate, 99, 49.0, 0.2875
surrogate, 99, 49.0, 0.2875
surrogate, 99, 49.0, 0.2875
surrogate, 99, 49.0, 0.2875
surrogate, 99, 49.0, 0.2875
surrogate, 99, 48.0, 0.2625
surrogate, 99, 48.0, 0.2625
surrogate, 99, 48.0, 0.2625
surrogate, 99, 48.0, 0.2625
surrogate, 99, 48.0, 0.2625
surrogate, 99, 48.0, 0.2625
surrogate, 99, 48.0, 0.2625
surrogate, 99, 48.0, 0.2625
surrogate, 99, 48.0, 0.2625
surrogate, 99, 48.0, 0.2625
surrogate, 99, 48.0, 0.2625
surrogate, 99, 48.0, 0.2625
surrogate, 99, 48.0, 0.2625
surrogate, 99, 48.0, 0.2625
surrogate, 99, 48.0, 0.2625
surrogate, 99, 48.0, 0.2625
surrogate, 99, 48.0, 0.2625
surrogate, 99, 48.0, 0.2625
surrogate, 99, 48.0, 0.2625
surrogate, 99, 48.0, 0.2625
surrogate, 99, 48.0, 0.2625
surrogate, 99, 48.0, 0.2625
surrogate, 99, 48.0, 0.2625
surrogate, 99, 48.0, 0.2625
surrogate, 99, 48.0, 0.2625
surrogate, 99, 48.0, 0.2625
surrogate, 99, 48.0, 0.2625
surrogate, 99, 48.0, 0.2625
surrogate, 99, 48.0, 0.2625
surrogate, 99, 48.0, 0.2625
surrogate, 99, 48.0, 0.2625
surrogate, 99, 48.0, 0.2625
surrogate, 99, 48.0, 0.2625
surrogate, 99, 48.0, 0.2625
surrogate, 99, 48.0, 0.2625
surrogate, 99, 48.0, 0.2625
surrogate, 99, 48.0, 0.2625
surrogate, 99, 48.0, 0.2625
surrogate, 99, 48.0, 0.2625
surrogate, 99, 48.0, 0.2625
surrogate, 99, 48.0, 0.2625
surrogate, 99, 48.0, 0.2625
surrogate, 99, 48.0, 0.2625
surrogate, 99, 48.0, 0.2625
surrogate, 99, 48.0, 0.2625
surrogate, 99, 48.0, 0.2625
surrogate, 99, 48.0, 0.2625
surrogate, 99, 48.0, 0.2625
surrogate, 99, 48.0, 0.2625
surrogate, 99, 48.0, 0.2625
surrogate, 99, 48.0, 0.2625
surrogate, 99, 48.0, 0.2625
surrogate, 99, 48.0, 0.2625
surrogate, 99, 48.0, 0.2625
surrogate, 99, 48.0, 0.2625
surrogate, 99, 48.0, 0.2625
surrogate, 99, 48.0, 0.2625
surrogate, 99, 48.0, 0.2625
surrogate, 99, 48.0, 0.2625
surrogate, 99, 48.0, 0.2625
surrogate, 99, 48.0, 0.2625
surrogate, 99, 48.0, 0.2625
surrogate, 99, 48.0, 0.2625
surrogate, 99, 48.0, 0.2625
surrogate, 99, 48.0, 0.2625
surrogate, 99, 48.0, 0.2625
surrogate, 99, 48.0, 0.2625
surrogate, 99, 48.0, 0.2625
surrogate, 99, 48.0, 0.2625
surrogate, 99, 48.0, 0.2625
surrogate, 99, 48.0, 0.2625
surrogate, 99, 48.0, 0.2625
surrogate, 99, 48.0, 0.2625
surrogate, 99, 48.0, 0.2625
surrogate, 99, 48.0, 0.2625
surrogate, 99, 48.0, 0.2625
surrogate, 99, 48.0, 0.2625
surrogate, 99, 48.0, 0.2625
surrogate, 99, 48.0, 0.2625
surrogate, 99, 48.0, 0.2625
surrogate, 99, 48.0, 0.2625
surrogate, 99, 47.0, 0.25
surrogate, 99, 47.0, 0.25
surrogate, 99, 47.0, 0.25
surrogate, 99, 47.0, 0.25
surrogate, 99, 47.0, 0.25
surrogate, 99, 47.0, 0.25
surrogate, 99, 47.0, 0.25
surrogate, 99, 47.0, 0.25
surrogate, 99, 47.0, 0.25
surrogate, 99, 47.0, 0.25
surrogate, 99, 47.0, 0.25
surrogate, 99, 47.0, 0.25
surrogate, 99, 47.0, 0.25
surrogate, 99, 47.0, 0.25
surrogate, 99, 47.0, 0.25
surrogate, 99, 47.0, 0.25
surrogate, 99, 47.0, 0.25
surrogate, 99, 47.0, 0.25
surrogate, 99, 47.0, 0.25
surrogate, 99, 47.0, 0.25
surrogate, 99, 47.0, 0.25
surrogate, 99, 47.0, 0.25
surrogate, 99, 47.0, 0.25
surrogate, 99, 47.0, 0.25
surrogate, 99, 47.0, 0.25
surrogate, 99, 47.0, 0.25
surrogate, 99, 47.0, 0.25
surrogate, 99, 47.0, 0.25
surrogate, 99, 47.0, 0.25
surrogate, 99, 47.0, 0.25
surrogate, 99, 47.0, 0.25
surrogate, 99, 47.0, 0.25
surrogate, 99, 47.0, 0.25
surrogate, 99, 47.0, 0.25
surrogate, 99, 47.0, 0.25
surrogate, 99, 47.0, 0.25
surrogate, 99, 47.0, 0.25
surrogate, 99, 47.0, 0.25
surrogate, 99, 47.0, 0.25
surrogate, 99, 47.0, 0.25
surrogate, 99, 47.0, 0.25
surrogate, 99, 47.0, 0.25
surrogate, 99, 47.0, 0.25
surrogate, 99, 47.0, 0.25
surrogate, 99, 47.0, 0.25
surrogate, 99, 47.0, 0.25
surrogate, 99, 47.0, 0.25
surrogate, 99, 47.0, 0.25
surrogate, 99, 47.0, 0.25
surrogate, 99, 47.0, 0.25
surrogate, 99, 47.0, 0.25
surrogate, 99, 47.0, 0.25
surrogate, 99, 47.0, 0.25
surrogate, 99, 47.0, 0.25
surrogate, 99, 47.0, 0.25
surrogate, 99, 47.0, 0.25
surrogate, 99, 47.0, 0.25
surrogate, 99, 47.0, 0.25
surrogate, 99, 47.0, 0.25
surrogate, 99, 47.0, 0.25
surrogate, 99, 47.0, 0.25
surrogate, 99, 47.0, 0.25
surrogate, 99, 47.0, 0.25
surrogate, 99, 47.0, 0.25
surrogate, 99, 47.0, 0.25
surrogate, 99, 47.0, 0.25
surrogate, 99, 47.0, 0.25
surrogate, 99, 47.0, 0.25
surrogate, 99, 47.0, 0.25
surrogate, 99, 47.0, 0.25
surrogate, 99, 47.0, 0.25
surrogate, 99, 47.0, 0.25
surrogate, 99, 47.0, 0.25
surrogate, 99, 47.0, 0.25
surrogate, 99, 47.0, 0.25
surrogate, 99, 47.0, 0.25
surrogate, 99, 47.0, 0.25
surrogate, 99, 47.0, 0.25
surrogate, 99, 47.0, 0.25
surrogate, 100, 49.0, 0.2875
surrogate, 100, 49.0, 0.2875
surrogate, 100, 49.0, 0.2875
surrogate, 100, 49.0, 0.2875
surrogate, 100, 49.0, 0.2875
surrogate, 100, 49.0, 0.2875
surrogate, 100, 49.0, 0.2875
surrogate, 100, 49.0, 0.2875
surrogate, 100, 49.0, 0.2875
surrogate, 100, 49.0, 0.2875
surrogate, 100, 49.0, 0.2875
surrogate, 100, 49.0, 0.2875
surrogate, 100, 49.0, 0.2875
surrogate, 100, 49.0, 0.2875
surrogate, 100, 49.0, 0.2875
surrogate, 100, 49.0, 0.2875
surrogate, 100, 49.0, 0.2875
surrogate, 100, 49.0, 0.2875
surrogate, 100, 49.0, 0.2875
surrogate, 100, 49.0, 0.2875
surrogate, 100, 49.0, 0.2875
surrogate, 100, 49.0, 0.2875
surrogate, 100, 49.0, 0.2875
surrogate, 100, 49.0, 0.2875
surrogate, 100, 49.0, 0.2875
surrogate, 100, 49.0, 0.2875
surrogate, 100, 49.0, 0.2875
surrogate, 100, 49.0, 0.2875
surrogate, 100, 49.0, 0.2875
surrogate, 100, 49.0, 0.2875
surrogate, 100, 49.0, 0.2875
surrogate, 100, 49.0, 0.2875
surrogate, 100, 49.0, 0.2875
surrogate, 100, 49.0, 0.2875
surrogate, 100, 49.0, 0.2875
surrogate, 100, 49.0, 0.2875
surrogate, 100, 49.0, 0.2875
surrogate, 100, 49.0, 0.2875
surrogate, 100, 49.0, 0.2875
surrogate, 100, 49.0, 0.2875
surrogate, 100, 49.0, 0.2875
surrogate, 100, 49.0, 0.2875
surrogate, 100, 49.0, 0.2875
surrogate, 100, 49.0, 0.2875
surrogate, 100, 49.0, 0.2875
surrogate, 100, 49.0, 0.2875
surrogate, 100, 49.0, 0.2875
surrogate, 100, 49.0, 0.2875
surrogate, 100, 49.0, 0.2875
surrogate, 100, 49.0, 0.2875
surrogate, 100, 49.0, 0.2875
surrogate, 100, 49.0, 0.2875
surrogate, 100, 49.0, 0.2875
surrogate, 100, 49.0, 0.2875
surrogate, 100, 49.0, 0.2875
surrogate, 100, 49.0, 0.2875
surrogate, 100, 49.0, 0.2875
surrogate, 100, 49.0, 0.2875
surrogate, 100, 49.0, 0.2875
surrogate, 100, 49.0, 0.2875
surrogate, 100, 49.0, 0.2875
surrogate, 100, 49.0, 0.2875
surrogate, 100, 49.0, 0.2875
surrogate, 100, 49.0, 0.2875
surrogate, 100, 49.0, 0.2875
surrogate, 100, 49.0, 0.2875
surrogate, 100, 48.0, 0.2625
surrogate, 100, 48.0, 0.2625
surrogate, 100, 48.0, 0.2625
surrogate, 100, 48.0, 0.2625
surrogate, 100, 48.0, 0.2625
surrogate, 100, 48.0, 0.2625
surrogate, 100, 48.0, 0.2625
surrogate, 100, 48.0, 0.2625
surrogate, 100, 48.0, 0.2625
surrogate, 100, 48.0, 0.2625
surrogate, 100, 48.0, 0.2625
surrogate, 100, 48.0, 0.2625
surrogate, 100, 48.0, 0.2625
surrogate, 100, 48.0, 0.2625
surrogate, 100, 48.0, 0.2625
surrogate, 100, 48.0, 0.2625
surrogate, 100, 48.0, 0.2625
surrogate, 100, 48.0, 0.2625
surrogate, 100, 48.0, 0.2625
surrogate, 100, 48.0, 0.2625
surrogate, 100, 48.0, 0.2625
surrogate, 100, 48.0, 0.2625
surrogate, 100, 48.0, 0.2625
surrogate, 100, 48.0, 0.2625
surrogate, 100, 48.0, 0.2625
surrogate, 100, 48.0, 0.2625
surrogate, 100, 48.0, 0.2625
surrogate, 100, 48.0, 0.2625
surrogate, 100, 48.0, 0.2625
surrogate, 100, 48.0, 0.2625
surrogate, 100, 48.0, 0.2625
surrogate, 100, 48.0, 0.2625
surrogate, 100, 48.0, 0.2625
surrogate, 100, 48.0, 0.2625
surrogate, 100, 48.0, 0.2625
surrogate, 100, 48.0, 0.2625
surrogate, 100, 48.0, 0.2625
surrogate, 100, 48.0, 0.2625
surrogate, 100, 48.0, 0.2625
surrogate, 100, 48.0, 0.2625
surrogate, 100, 48.0, 0.2625
surrogate, 100, 48.0, 0.2625
surrogate, 100, 48.0, 0.2625
surrogate, 100, 48.0, 0.2625
surrogate, 100, 48.0, 0.2625
surrogate, 100, 48.0, 0.2625
surrogate, 100, 48.0, 0.2625
surrogate, 100, 48.0, 0.2625
surrogate, 100, 48.0, 0.2625
surrogate, 100, 48.0, 0.2625
surrogate, 100, 48.0, 0.2625
surrogate, 100, 48.0, 0.2625
surrogate, 100, 48.0, 0.2625
surrogate, 100, 48.0, 0.2625
surrogate, 100, 48.0, 0.2625
surrogate, 100, 48.0, 0.2625
surrogate, 100, 48.0, 0.2625
surrogate, 100, 48.0, 0.2625
surrogate, 100, 48.0, 0.2625
surrogate, 100, 48.0, 0.2625
surrogate, 100, 48.0, 0.2625
surrogate, 100, 48.0, 0.2625
surrogate, 100, 48.0, 0.2625
surrogate, 100, 48.0, 0.2625
surrogate, 100, 48.0, 0.2625
surrogate, 100, 48.0, 0.2625
surrogate, 100, 48.0, 0.2625
surrogate, 100, 48.0, 0.2625
surrogate, 100, 48.0, 0.2625
surrogate, 100, 48.0, 0.2625
surrogate, 100, 48.0, 0.2625
surrogate, 100, 48.0, 0.2625
surrogate, 100, 48.0, 0.2625
surrogate, 100, 48.0, 0.2625
surrogate, 100, 48.0, 0.2625
surrogate, 100, 48.0, 0.2625
surrogate, 100, 48.0, 0.2625
surrogate, 100, 48.0, 0.2625
surrogate, 100, 48.0, 0.2625
surrogate, 100, 48.0, 0.2625
surrogate, 100, 48.0, 0.2625
surrogate, 100, 48.0, 0.2625
surrogate, 100, 47.0, 0.25
surrogate, 100, 47.0, 0.25
surrogate, 100, 47.0, 0.25
surrogate, 100, 47.0, 0.25
surrogate, 100, 47.0, 0.25
surrogate, 100, 47.0, 0.25
surrogate, 100, 47.0, 0.25
surrogate, 100, 47.0, 0.25
surrogate, 100, 47.0, 0.25
surrogate, 100, 47.0, 0.25
surrogate, 100, 47.0, 0.25
surrogate, 100, 47.0, 0.25
surrogate, 100, 47.0, 0.25
surrogate, 100, 47.0, 0.25
surrogate, 100, 47.0, 0.25
surrogate, 100, 47.0, 0.25
surrogate, 100, 47.0, 0.25
surrogate, 100, 47.0, 0.25
surrogate, 100, 47.0, 0.25
surrogate, 100, 47.0, 0.25
surrogate, 100, 47.0, 0.25
surrogate, 100, 47.0, 0.25
surrogate, 100, 47.0, 0.25
surrogate, 100, 47.0, 0.25
surrogate, 100, 47.0, 0.25
surrogate, 100, 47.0, 0.25
surrogate, 100, 47.0, 0.25
surrogate, 100, 47.0, 0.25
surrogate, 100, 47.0, 0.25
surrogate, 100, 47.0, 0.25
surrogate, 100, 47.0, 0.25
surrogate, 100, 47.0, 0.25
surrogate, 100, 47.0, 0.25
surrogate, 100, 47.0, 0.25
surrogate, 100, 47.0, 0.25
surrogate, 100, 47.0, 0.25
surrogate, 100, 47.0, 0.25
surrogate, 100, 47.0, 0.25
surrogate, 100, 47.0, 0.25
surrogate, 100, 47.0, 0.25
surrogate, 100, 47.0, 0.25
surrogate, 100, 47.0, 0.25
surrogate, 100, 47.0, 0.25
surrogate, 100, 47.0, 0.25
surrogate, 100, 47.0, 0.25
surrogate, 100, 47.0, 0.25
surrogate, 100, 47.0, 0.25
surrogate, 100, 47.0, 0.25
surrogate, 100, 47.0, 0.25
surrogate, 100, 47.0, 0.25
surrogate, 100, 47.0, 0.25
surrogate, 100, 47.0, 0.25
surrogate, 100, 47.0, 0.25
surrogate, 100, 47.0, 0.25
surrogate, 100, 47.0, 0.25
surrogate, 100, 47.0, 0.25
surrogate, 100, 47.0, 0.25
surrogate, 100, 47.0, 0.25
surrogate, 100, 47.0, 0.25
surrogate, 100, 47.0, 0.25
surrogate, 100, 47.0, 0.25
surrogate, 100, 47.0, 0.25
surrogate, 100, 47.0, 0.25
surrogate, 100, 47.0, 0.25
surrogate, 100, 47.0, 0.25
surrogate, 100, 47.0, 0.25
surrogate, 100, 47.0, 0.25
surrogate, 100, 47.0, 0.25
surrogate, 100, 47.0, 0.25
surrogate, 100, 47.0, 0.25
surrogate, 100, 47.0, 0.25
surrogate, 100, 47.0, 0.25
surrogate, 100, 47.0, 0.25
surrogate, 100, 47.0, 0.25
surrogate, 100, 47.0, 0.25
surrogate, 100, 47.0, 0.25
surrogate, 100, 47.0, 0.25
surrogate, 100, 47.0, 0.25
surrogate, 100, 47.0, 0.25
surrogate, 100, 47.0, 0.25
