method, generation, latency, ar
surrogate, 1, 24.0, 0.34375
surrogate, 1, 22.0, 0.09375
surrogate, 2, 27.0, 0.375
surrogate, 2, 24.0, 0.34375
surrogate, 2, 24.0, 0.34375
surrogate, 2, 22.0, 0.09375
surrogate, 2, 22.0, 0.09375
surrogate, 3, 27.0, 0.375
surrogate, 3, 24.0, 0.34375
surrogate, 3, 24.0, 0.34375
surrogate, 3, 24.0, 0.34375
surrogate, 3, 22.0, 0.09375
surrogate, 3, 22.0, 0.09375
surrogate, 3, 22.0, 0.09375
surrogate, 3, 22.0, 0.09375
surrogate, 4, 27.0, 0.375
surrogate, 4, 24.0, 0.34375
surrogate, 4, 24.0, 0.34375
surrogate, 4, 24.0, 0.34375
surrogate, 4, 20.0, 0.09375
surrogate, 5, 27.0, 0.375
surrogate, 5, 24.0, 0.34375
surrogate, 5, 24.0, 0.34375
surrogate, 5, 24.0, 0.34375
surrogate, 5, 24.0, 0.34375
surrogate, 5, 20.0, 0.09375
surrogate, 6, 27.0, 0.375
surrogate, 6, 27.0, 0.375
surrogate, 6, 24.0, 0.34375
surrogate, 6, 24.0, 0.34375
surrogate, 6, 24.0, 0.34375
surrogate, 6, 24.0, 0.34375
surrogate, 6, 24.0, 0.34375
surrogate, 6, 24.0, 0.34375
surrogate, 6, 24.0, 0.34375
surrogate, 6, 24.0, 0.34375
surrogate, 6, 20.0, 0.09375
surrogate, 6, 20.0, 0.09375
surrogate, 7, 25.0, 0.375
surrogate, 7, 24.0, 0.34375
surrogate, 7, 24.0, 0.34375
surrogate, 7, 24.0, 0.34375
surrogate, 7, 24.0, 0.34375
surrogate, 7, 24.0, 0.34375
surrogate, 7, 24.0, 0.34375
surrogate, 7, 24.0, 0.34375
surrogate, 7, 24.0, 0.34375
surrogate, 7, 20.0, 0.09375
surrogate, 7, 20.0, 0.09375
surrogate, 8, 25.0, 0.375
surrogate, 8, 25.0, 0.375
surrogate, 8, 24.0, 0.34375
surrogate, 8, 24.0, 0.34375
surrogate, 8, 24.0, 0.34375
surrogate, 8, 24.0, 0.34375
surrogate, 8, 24.0, 0.34375
surrogate, 8, 24.0, 0.34375
surrogate, 8, 24.0, 0.34375
surrogate, 8, 24.0, 0.34375
surrogate, 8, 24.0, 0.34375
surrogate, 8, 20.0, 0.09375
surrogate, 8, 20.0, 0.09375
surrogate, 8, 20.0, 0.09375
surrogate, 8, 20.0, 0.09375
surrogate, 8, 20.0, 0.09375
surrogate, 9, 25.0, 0.375
surrogate, 9, 25.0, 0.375
surrogate, 9, 25.0, 0.375
surrogate, 9, 24.0, 0.34375
surrogate, 9, 24.0, 0.34375
surrogate, 9, 24.0, 0.34375
surrogate, 9, 24.0, 0.34375
surrogate, 9, 24.0, 0.34375
surrogate, 9, 24.0, 0.34375
surrogate, 9, 24.0, 0.34375
surrogate, 9, 24.0, 0.34375
surrogate, 9, 24.0, 0.34375
surrogate, 9, 20.0, 0.09375
surrogate, 9, 20.0, 0.09375
surrogate, 9, 20.0, 0.09375
surrogate, 9, 20.0, 0.09375
surrogate, 9, 20.0, 0.09375
surrogate, 9, 20.0, 0.09375
surrogate, 9, 20.0, 0.09375
surrogate, 9, 20.0, 0.09375
surrogate, 9, 20.0, 0.09375
surrogate, 9, 20.0, 0.09375
surrogate, 9, 20.0, 0.09375
surrogate, 10, 25.0, 0.375
surrogate, 10, 25.0, 0.375
surrogate, 10, 25.0, 0.375
surrogate, 10, 24.0, 0.34375
surrogate, 10, 24.0, 0.34375
surrogate, 10, 24.0, 0.34375
surrogate, 10, 24.0, 0.34375
surrogate, 10, 24.0, 0.34375
surrogate, 10, 24.0, 0.34375
surrogate, 10, 24.0, 0.34375
surrogate, 10, 24.0, 0.34375
surrogate, 10, 24.0, 0.34375
surrogate, 10, 24.0, 0.34375
surrogate, 10, 20.0, 0.09375
surrogate, 10, 20.0, 0.09375
surrogate, 10, 20.0, 0.09375
surrogate, 10, 20.0, 0.09375
surrogate, 10, 20.0, 0.09375
surrogate, 10, 20.0, 0.09375
surrogate, 10, 20.0, 0.09375
surrogate, 10, 20.0, 0.09375
surrogate, 10, 20.0, 0.09375
surrogate, 10, 20.0, 0.09375
surrogate, 10, 20.0, 0.09375
surrogate, 10, 20.0, 0.09375
surrogate, 11, 25.0, 0.375
surrogate, 11, 25.0, 0.375
surrogate, 11, 25.0, 0.375
surrogate, 11, 24.0, 0.34375
surrogate, 11, 24.0, 0.34375
surrogate, 11, 24.0, 0.34375
surrogate, 11, 24.0, 0.34375
surrogate, 11, 24.0, 0.34375
surrogate, 11, 24.0, 0.34375
surrogate, 11, 24.0, 0.34375
surrogate, 11, 24.0, 0.34375
surrogate, 11, 24.0, 0.34375
surrogate, 11, 24.0, 0.34375
surrogate, 11, 23.0, 0.25
surrogate, 11, 20.0, 0.09375
surrogate, 11, 20.0, 0.09375
surrogate, 11, 20.0, 0.09375
surrogate, 11, 20.0, 0.09375
surrogate, 11, 20.0, 0.09375
surrogate, 11, 20.0, 0.09375
surrogate, 11, 20.0, 0.09375
surrogate, 11, 20.0, 0.09375
surrogate, 11, 20.0, 0.09375
surrogate, 11, 20.0, 0.09375
surrogate, 11, 20.0, 0.09375
surrogate, 11, 20.0, 0.09375
surrogate, 11, 20.0, 0.09375
surrogate, 12, 25.0, 0.375
surrogate, 12, 25.0, 0.375
surrogate, 12, 25.0, 0.375
surrogate, 12, 25.0, 0.375
surrogate, 12, 24.0, 0.34375
surrogate, 12, 24.0, 0.34375
surrogate, 12, 24.0, 0.34375
surrogate, 12, 24.0, 0.34375
surrogate, 12, 24.0, 0.34375
surrogate, 12, 24.0, 0.34375
surrogate, 12, 24.0, 0.34375
surrogate, 12, 24.0, 0.34375
surrogate, 12, 24.0, 0.34375
surrogate, 12, 24.0, 0.34375
surrogate, 12, 24.0, 0.34375
surrogate, 12, 23.0, 0.25
surrogate, 12, 20.0, 0.09375
surrogate, 12, 20.0, 0.09375
surrogate, 12, 20.0, 0.09375
surrogate, 12, 20.0, 0.09375
surrogate, 12, 20.0, 0.09375
surrogate, 12, 20.0, 0.09375
surrogate, 12, 20.0, 0.09375
surrogate, 12, 20.0, 0.09375
surrogate, 12, 20.0, 0.09375
surrogate, 12, 20.0, 0.09375
surrogate, 12, 20.0, 0.09375
surrogate, 12, 20.0, 0.09375
surrogate, 12, 20.0, 0.09375
surrogate, 13, 25.0, 0.375
surrogate, 13, 25.0, 0.375
surrogate, 13, 25.0, 0.375
surrogate, 13, 25.0, 0.375
surrogate, 13, 25.0, 0.375
surrogate, 13, 24.0, 0.34375
surrogate, 13, 24.0, 0.34375
surrogate, 13, 24.0, 0.34375
surrogate, 13, 24.0, 0.34375
surrogate, 13, 24.0, 0.34375
surrogate, 13, 24.0, 0.34375
surrogate, 13, 24.0, 0.34375
surrogate, 13, 24.0, 0.34375
surrogate, 13, 24.0, 0.34375
surrogate, 13, 24.0, 0.34375
surrogate, 13, 24.0, 0.34375
surrogate, 13, 23.0, 0.25
surrogate, 13, 20.0, 0.09375
surrogate, 13, 20.0, 0.09375
surrogate, 13, 20.0, 0.09375
surrogate, 13, 20.0, 0.09375
surrogate, 13, 20.0, 0.09375
surrogate, 13, 20.0, 0.09375
surrogate, 13, 20.0, 0.09375
surrogate, 13, 20.0, 0.09375
surrogate, 13, 20.0, 0.09375
surrogate, 13, 20.0, 0.09375
surrogate, 13, 20.0, 0.09375
surrogate, 13, 20.0, 0.09375
surrogate, 13, 20.0, 0.09375
surrogate, 14, 25.0, 0.375
surrogate, 14, 25.0, 0.375
surrogate, 14, 25.0, 0.375
surrogate, 14, 25.0, 0.375
surrogate, 14, 25.0, 0.375
surrogate, 14, 24.0, 0.34375
surrogate, 14, 24.0, 0.34375
surrogate, 14, 24.0, 0.34375
surrogate, 14, 24.0, 0.34375
surrogate, 14, 24.0, 0.34375
surrogate, 14, 24.0, 0.34375
surrogate, 14, 24.0, 0.34375
surrogate, 14, 24.0, 0.34375
surrogate, 14, 24.0, 0.34375
surrogate, 14, 24.0, 0.34375
surrogate, 14, 24.0, 0.34375
surrogate, 14, 23.0, 0.25
surrogate, 14, 20.0, 0.09375
surrogate, 14, 20.0, 0.09375
surrogate, 14, 20.0, 0.09375
surrogate, 14, 20.0, 0.09375
surrogate, 14, 20.0, 0.09375
surrogate, 14, 20.0, 0.09375
surrogate, 14, 20.0, 0.09375
surrogate, 14, 20.0, 0.09375
surrogate, 14, 20.0, 0.09375
surrogate, 14, 20.0, 0.09375
surrogate, 14, 20.0, 0.09375
surrogate, 14, 20.0, 0.09375
surrogate, 14, 20.0, 0.09375
surrogate, 15, 25.0, 0.375
surrogate, 15, 25.0, 0.375
surrogate, 15, 25.0, 0.375
surrogate, 15, 25.0, 0.375
surrogate, 15, 25.0, 0.375
surrogate, 15, 24.0, 0.34375
surrogate, 15, 24.0, 0.34375
surrogate, 15, 24.0, 0.34375
surrogate, 15, 24.0, 0.34375
surrogate, 15, 24.0, 0.34375
surrogate, 15, 24.0, 0.34375
surrogate, 15, 24.0, 0.34375
surrogate, 15, 24.0, 0.34375
surrogate, 15, 24.0, 0.34375
surrogate, 15, 24.0, 0.34375
surrogate, 15, 24.0, 0.34375
surrogate, 15, 24.0, 0.34375
surrogate, 15, 23.0, 0.25
surrogate, 15, 23.0, 0.25
surrogate, 15, 20.0, 0.09375
surrogate, 15, 20.0, 0.09375
surrogate, 15, 20.0, 0.09375
surrogate, 15, 20.0, 0.09375
surrogate, 15, 20.0, 0.09375
surrogate, 15, 20.0, 0.09375
surrogate, 15, 20.0, 0.09375
surrogate, 15, 20.0, 0.09375
surrogate, 15, 20.0, 0.09375
surrogate, 15, 20.0, 0.09375
surrogate, 15, 20.0, 0.09375
surrogate, 15, 20.0, 0.09375
surrogate, 15, 20.0, 0.09375
surrogate, 15, 20.0, 0.09375
surrogate, 16, 25.0, 0.375
surrogate, 16, 25.0, 0.375
surrogate, 16, 25.0, 0.375
surrogate, 16, 25.0, 0.375
surrogate, 16, 25.0, 0.375
surrogate, 16, 24.0, 0.34375
surrogate, 16, 24.0, 0.34375
surrogate, 16, 24.0, 0.34375
surrogate, 16, 24.0, 0.34375
surrogate, 16, 24.0, 0.34375
surrogate, 16, 24.0, 0.34375
surrogate, 16, 24.0, 0.34375
surrogate, 16, 24.0, 0.34375
surrogate, 16, 24.0, 0.34375
surrogate, 16, 24.0, 0.34375
surrogate, 16, 24.0, 0.34375
surrogate, 16, 24.0, 0.34375
surrogate, 16, 24.0, 0.34375
surrogate, 16, 23.0, 0.25
surrogate, 16, 23.0, 0.25
surrogate, 16, 20.0, 0.09375
surrogate, 16, 20.0, 0.09375
surrogate, 16, 20.0, 0.09375
surrogate, 16, 20.0, 0.09375
surrogate, 16, 20.0, 0.09375
surrogate, 16, 20.0, 0.09375
surrogate, 16, 20.0, 0.09375
surrogate, 16, 20.0, 0.09375
surrogate, 16, 20.0, 0.09375
surrogate, 16, 20.0, 0.09375
surrogate, 16, 20.0, 0.09375
surrogate, 16, 20.0, 0.09375
surrogate, 16, 20.0, 0.09375
surrogate, 16, 20.0, 0.09375
surrogate, 17, 25.0, 0.375
surrogate, 17, 25.0, 0.375
surrogate, 17, 25.0, 0.375
surrogate, 17, 25.0, 0.375
surrogate, 17, 25.0, 0.375
surrogate, 17, 24.0, 0.34375
surrogate, 17, 24.0, 0.34375
surrogate, 17, 24.0, 0.34375
surrogate, 17, 24.0, 0.34375
surrogate, 17, 24.0, 0.34375
surrogate, 17, 24.0, 0.34375
surrogate, 17, 24.0, 0.34375
surrogate, 17, 24.0, 0.34375
surrogate, 17, 24.0, 0.34375
surrogate, 17, 24.0, 0.34375
surrogate, 17, 24.0, 0.34375
surrogate, 17, 24.0, 0.34375
surrogate, 17, 24.0, 0.34375
surrogate, 17, 24.0, 0.34375
surrogate, 17, 23.0, 0.25
surrogate, 17, 23.0, 0.25
surrogate, 17, 20.0, 0.09375
surrogate, 17, 20.0, 0.09375
surrogate, 17, 20.0, 0.09375
surrogate, 17, 20.0, 0.09375
surrogate, 17, 20.0, 0.09375
surrogate, 17, 20.0, 0.09375
surrogate, 17, 20.0, 0.09375
surrogate, 17, 20.0, 0.09375
surrogate, 17, 20.0, 0.09375
surrogate, 17, 20.0, 0.09375
surrogate, 17, 20.0, 0.09375
surrogate, 17, 20.0, 0.09375
surrogate, 17, 20.0, 0.09375
surrogate, 17, 20.0, 0.09375
surrogate, 17, 20.0, 0.09375
surrogate, 18, 25.0, 0.375
surrogate, 18, 25.0, 0.375
surrogate, 18, 25.0, 0.375
surrogate, 18, 25.0, 0.375
surrogate, 18, 25.0, 0.375
surrogate, 18, 25.0, 0.375
surrogate, 18, 24.0, 0.34375
surrogate, 18, 24.0, 0.34375
surrogate, 18, 24.0, 0.34375
surrogate, 18, 24.0, 0.34375
surrogate, 18, 24.0, 0.34375
surrogate, 18, 24.0, 0.34375
surrogate, 18, 24.0, 0.34375
surrogate, 18, 24.0, 0.34375
surrogate, 18, 24.0, 0.34375
surrogate, 18, 24.0, 0.34375
surrogate, 18, 24.0, 0.34375
surrogate, 18, 24.0, 0.34375
surrogate, 18, 24.0, 0.34375
surrogate, 18, 24.0, 0.34375
surrogate, 18, 23.0, 0.25
surrogate, 18, 23.0, 0.25
surrogate, 18, 23.0, 0.25
surrogate, 18, 20.0, 0.09375
surrogate, 18, 20.0, 0.09375
surrogate, 18, 20.0, 0.09375
surrogate, 18, 20.0, 0.09375
surrogate, 18, 20.0, 0.09375
surrogate, 18, 20.0, 0.09375
surrogate, 18, 20.0, 0.09375
surrogate, 18, 20.0, 0.09375
surrogate, 18, 20.0, 0.09375
surrogate, 18, 20.0, 0.09375
surrogate, 18, 20.0, 0.09375
surrogate, 18, 20.0, 0.09375
surrogate, 18, 20.0, 0.09375
surrogate, 18, 20.0, 0.09375
surrogate, 18, 20.0, 0.09375
surrogate, 18, 20.0, 0.09375
surrogate, 19, 25.0, 0.375
surrogate, 19, 25.0, 0.375
surrogate, 19, 25.0, 0.375
surrogate, 19, 25.0, 0.375
surrogate, 19, 25.0, 0.375
surrogate, 19, 25.0, 0.375
surrogate, 19, 24.0, 0.34375
surrogate, 19, 24.0, 0.34375
surrogate, 19, 24.0, 0.34375
surrogate, 19, 24.0, 0.34375
surrogate, 19, 24.0, 0.34375
surrogate, 19, 24.0, 0.34375
surrogate, 19, 24.0, 0.34375
surrogate, 19, 24.0, 0.34375
surrogate, 19, 24.0, 0.34375
surrogate, 19, 24.0, 0.34375
surrogate, 19, 24.0, 0.34375
surrogate, 19, 24.0, 0.34375
surrogate, 19, 24.0, 0.34375
surrogate, 19, 24.0, 0.34375
surrogate, 19, 24.0, 0.34375
surrogate, 19, 23.0, 0.25
surrogate, 19, 23.0, 0.25
surrogate, 19, 23.0, 0.25
surrogate, 19, 20.0, 0.09375
surrogate, 19, 20.0, 0.09375
surrogate, 19, 20.0, 0.09375
surrogate, 19, 20.0, 0.09375
surrogate, 19, 20.0, 0.09375
surrogate, 19, 20.0, 0.09375
surrogate, 19, 20.0, 0.09375
surrogate, 19, 20.0, 0.09375
surrogate, 19, 20.0, 0.09375
surrogate, 19, 20.0, 0.09375
surrogate, 19, 20.0, 0.09375
surrogate, 19, 20.0, 0.09375
surrogate, 19, 20.0, 0.09375
surrogate, 19, 20.0, 0.09375
surrogate, 19, 20.0, 0.09375
surrogate, 19, 20.0, 0.09375
surrogate, 20, 25.0, 0.375
surrogate, 20, 25.0, 0.375
surrogate, 20, 25.0, 0.375
surrogate, 20, 25.0, 0.375
surrogate, 20, 25.0, 0.375
surrogate, 20, 25.0, 0.375
surrogate, 20, 25.0, 0.375
surrogate, 20, 24.0, 0.34375
surrogate, 20, 24.0, 0.34375
surrogate, 20, 24.0, 0.34375
surrogate, 20, 24.0, 0.34375
surrogate, 20, 24.0, 0.34375
surrogate, 20, 24.0, 0.34375
surrogate, 20, 24.0, 0.34375
surrogate, 20, 24.0, 0.34375
surrogate, 20, 24.0, 0.34375
surrogate, 20, 24.0, 0.34375
surrogate, 20, 24.0, 0.34375
surrogate, 20, 24.0, 0.34375
surrogate, 20, 24.0, 0.34375
surrogate, 20, 24.0, 0.34375
surrogate, 20, 24.0, 0.34375
surrogate, 20, 24.0, 0.34375
surrogate, 20, 23.0, 0.3125
surrogate, 20, 20.0, 0.09375
surrogate, 20, 20.0, 0.09375
surrogate, 20, 20.0, 0.09375
surrogate, 20, 20.0, 0.09375
surrogate, 20, 20.0, 0.09375
surrogate, 20, 20.0, 0.09375
surrogate, 20, 20.0, 0.09375
surrogate, 20, 20.0, 0.09375
surrogate, 20, 20.0, 0.09375
surrogate, 20, 20.0, 0.09375
surrogate, 20, 20.0, 0.09375
surrogate, 20, 20.0, 0.09375
surrogate, 20, 20.0, 0.09375
surrogate, 20, 20.0, 0.09375
surrogate, 20, 20.0, 0.09375
surrogate, 20, 20.0, 0.09375
surrogate, 21, 25.0, 0.375
surrogate, 21, 25.0, 0.375
surrogate, 21, 25.0, 0.375
surrogate, 21, 25.0, 0.375
surrogate, 21, 25.0, 0.375
surrogate, 21, 25.0, 0.375
surrogate, 21, 25.0, 0.375
surrogate, 21, 24.0, 0.34375
surrogate, 21, 24.0, 0.34375
surrogate, 21, 24.0, 0.34375
surrogate, 21, 24.0, 0.34375
surrogate, 21, 24.0, 0.34375
surrogate, 21, 24.0, 0.34375
surrogate, 21, 24.0, 0.34375
surrogate, 21, 24.0, 0.34375
surrogate, 21, 24.0, 0.34375
surrogate, 21, 24.0, 0.34375
surrogate, 21, 24.0, 0.34375
surrogate, 21, 24.0, 0.34375
surrogate, 21, 24.0, 0.34375
surrogate, 21, 24.0, 0.34375
surrogate, 21, 24.0, 0.34375
surrogate, 21, 24.0, 0.34375
surrogate, 21, 24.0, 0.34375
surrogate, 21, 23.0, 0.3125
surrogate, 21, 23.0, 0.3125
surrogate, 21, 20.0, 0.09375
surrogate, 21, 20.0, 0.09375
surrogate, 21, 20.0, 0.09375
surrogate, 21, 20.0, 0.09375
surrogate, 21, 20.0, 0.09375
surrogate, 21, 20.0, 0.09375
surrogate, 21, 20.0, 0.09375
surrogate, 21, 20.0, 0.09375
surrogate, 21, 20.0, 0.09375
surrogate, 21, 20.0, 0.09375
surrogate, 21, 20.0, 0.09375
surrogate, 21, 20.0, 0.09375
surrogate, 21, 20.0, 0.09375
surrogate, 21, 20.0, 0.09375
surrogate, 21, 20.0, 0.09375
surrogate, 21, 20.0, 0.09375
surrogate, 22, 25.0, 0.375
surrogate, 22, 25.0, 0.375
surrogate, 22, 25.0, 0.375
surrogate, 22, 25.0, 0.375
surrogate, 22, 25.0, 0.375
surrogate, 22, 25.0, 0.375
surrogate, 22, 25.0, 0.375
surrogate, 22, 25.0, 0.375
surrogate, 22, 24.0, 0.34375
surrogate, 22, 24.0, 0.34375
surrogate, 22, 24.0, 0.34375
surrogate, 22, 24.0, 0.34375
surrogate, 22, 24.0, 0.34375
surrogate, 22, 24.0, 0.34375
surrogate, 22, 24.0, 0.34375
surrogate, 22, 24.0, 0.34375
surrogate, 22, 24.0, 0.34375
surrogate, 22, 24.0, 0.34375
surrogate, 22, 24.0, 0.34375
surrogate, 22, 24.0, 0.34375
surrogate, 22, 24.0, 0.34375
surrogate, 22, 24.0, 0.34375
surrogate, 22, 24.0, 0.34375
surrogate, 22, 24.0, 0.34375
surrogate, 22, 24.0, 0.34375
surrogate, 22, 24.0, 0.34375
surrogate, 22, 23.0, 0.3125
surrogate, 22, 23.0, 0.3125
surrogate, 22, 23.0, 0.3125
surrogate, 22, 20.0, 0.09375
surrogate, 22, 20.0, 0.09375
surrogate, 22, 20.0, 0.09375
surrogate, 22, 20.0, 0.09375
surrogate, 22, 20.0, 0.09375
surrogate, 22, 20.0, 0.09375
surrogate, 22, 20.0, 0.09375
surrogate, 22, 20.0, 0.09375
surrogate, 22, 20.0, 0.09375
surrogate, 22, 20.0, 0.09375
surrogate, 22, 20.0, 0.09375
surrogate, 22, 20.0, 0.09375
surrogate, 22, 20.0, 0.09375
surrogate, 22, 20.0, 0.09375
surrogate, 22, 20.0, 0.09375
surrogate, 22, 20.0, 0.09375
surrogate, 22, 20.0, 0.09375
surrogate, 23, 25.0, 0.375
surrogate, 23, 25.0, 0.375
surrogate, 23, 25.0, 0.375
surrogate, 23, 25.0, 0.375
surrogate, 23, 25.0, 0.375
surrogate, 23, 25.0, 0.375
surrogate, 23, 25.0, 0.375
surrogate, 23, 25.0, 0.375
surrogate, 23, 24.0, 0.34375
surrogate, 23, 24.0, 0.34375
surrogate, 23, 24.0, 0.34375
surrogate, 23, 24.0, 0.34375
surrogate, 23, 24.0, 0.34375
surrogate, 23, 24.0, 0.34375
surrogate, 23, 24.0, 0.34375
surrogate, 23, 24.0, 0.34375
surrogate, 23, 24.0, 0.34375
surrogate, 23, 24.0, 0.34375
surrogate, 23, 24.0, 0.34375
surrogate, 23, 24.0, 0.34375
surrogate, 23, 24.0, 0.34375
surrogate, 23, 24.0, 0.34375
surrogate, 23, 24.0, 0.34375
surrogate, 23, 24.0, 0.34375
surrogate, 23, 24.0, 0.34375
surrogate, 23, 24.0, 0.34375
surrogate, 23, 23.0, 0.3125
surrogate, 23, 23.0, 0.3125
surrogate, 23, 23.0, 0.3125
surrogate, 23, 20.0, 0.09375
surrogate, 23, 20.0, 0.09375
surrogate, 23, 20.0, 0.09375
surrogate, 23, 20.0, 0.09375
surrogate, 23, 20.0, 0.09375
surrogate, 23, 20.0, 0.09375
surrogate, 23, 20.0, 0.09375
surrogate, 23, 20.0, 0.09375
surrogate, 23, 20.0, 0.09375
surrogate, 23, 20.0, 0.09375
surrogate, 23, 20.0, 0.09375
surrogate, 23, 20.0, 0.09375
surrogate, 23, 20.0, 0.09375
surrogate, 23, 20.0, 0.09375
surrogate, 23, 20.0, 0.09375
surrogate, 23, 20.0, 0.09375
surrogate, 23, 20.0, 0.09375
surrogate, 23, 20.0, 0.09375
surrogate, 24, 25.0, 0.375
surrogate, 24, 25.0, 0.375
surrogate, 24, 25.0, 0.375
surrogate, 24, 25.0, 0.375
surrogate, 24, 25.0, 0.375
surrogate, 24, 25.0, 0.375
surrogate, 24, 25.0, 0.375
surrogate, 24, 25.0, 0.375
surrogate, 24, 24.0, 0.34375
surrogate, 24, 24.0, 0.34375
surrogate, 24, 24.0, 0.34375
surrogate, 24, 24.0, 0.34375
surrogate, 24, 24.0, 0.34375
surrogate, 24, 24.0, 0.34375
surrogate, 24, 24.0, 0.34375
surrogate, 24, 24.0, 0.34375
surrogate, 24, 24.0, 0.34375
surrogate, 24, 24.0, 0.34375
surrogate, 24, 24.0, 0.34375
surrogate, 24, 24.0, 0.34375
surrogate, 24, 24.0, 0.34375
surrogate, 24, 24.0, 0.34375
surrogate, 24, 24.0, 0.34375
surrogate, 24, 24.0, 0.34375
surrogate, 24, 24.0, 0.34375
surrogate, 24, 24.0, 0.34375
surrogate, 24, 24.0, 0.34375
surrogate, 24, 23.0, 0.3125
surrogate, 24, 23.0, 0.3125
surrogate, 24, 23.0, 0.3125
surrogate, 24, 23.0, 0.3125
surrogate, 24, 20.0, 0.09375
surrogate, 24, 20.0, 0.09375
surrogate, 24, 20.0, 0.09375
surrogate, 24, 20.0, 0.09375
surrogate, 24, 20.0, 0.09375
surrogate, 24, 20.0, 0.09375
surrogate, 24, 20.0, 0.09375
surrogate, 24, 20.0, 0.09375
surrogate, 24, 20.0, 0.09375
surrogate, 24, 20.0, 0.09375
surrogate, 24, 20.0, 0.09375
surrogate, 24, 20.0, 0.09375
surrogate, 24, 20.0, 0.09375
surrogate, 24, 20.0, 0.09375
surrogate, 24, 20.0, 0.09375
surrogate, 24, 20.0, 0.09375
surrogate, 24, 20.0, 0.09375
surrogate, 24, 20.0, 0.09375
surrogate, 25, 25.0, 0.375
surrogate, 25, 25.0, 0.375
surrogate, 25, 25.0, 0.375
surrogate, 25, 25.0, 0.375
surrogate, 25, 25.0, 0.375
surrogate, 25, 25.0, 0.375
surrogate, 25, 25.0, 0.375
surrogate, 25, 25.0, 0.375
surrogate, 25, 24.0, 0.34375
surrogate, 25, 24.0, 0.34375
surrogate, 25, 24.0, 0.34375
surrogate, 25, 24.0, 0.34375
surrogate, 25, 24.0, 0.34375
surrogate, 25, 24.0, 0.34375
surrogate, 25, 24.0, 0.34375
surrogate, 25, 24.0, 0.34375
surrogate, 25, 24.0, 0.34375
surrogate, 25, 24.0, 0.34375
surrogate, 25, 24.0, 0.34375
surrogate, 25, 24.0, 0.34375
surrogate, 25, 24.0, 0.34375
surrogate, 25, 24.0, 0.34375
surrogate, 25, 24.0, 0.34375
surrogate, 25, 24.0, 0.34375
surrogate, 25, 24.0, 0.34375
surrogate, 25, 24.0, 0.34375
surrogate, 25, 24.0, 0.34375
surrogate, 25, 23.0, 0.3125
surrogate, 25, 23.0, 0.3125
surrogate, 25, 23.0, 0.3125
surrogate, 25, 23.0, 0.3125
surrogate, 25, 23.0, 0.3125
surrogate, 25, 20.0, 0.09375
surrogate, 25, 20.0, 0.09375
surrogate, 25, 20.0, 0.09375
surrogate, 25, 20.0, 0.09375
surrogate, 25, 20.0, 0.09375
surrogate, 25, 20.0, 0.09375
surrogate, 25, 20.0, 0.09375
surrogate, 25, 20.0, 0.09375
surrogate, 25, 20.0, 0.09375
surrogate, 25, 20.0, 0.09375
surrogate, 25, 20.0, 0.09375
surrogate, 25, 20.0, 0.09375
surrogate, 25, 20.0, 0.09375
surrogate, 25, 20.0, 0.09375
surrogate, 25, 20.0, 0.09375
surrogate, 25, 20.0, 0.09375
surrogate, 25, 20.0, 0.09375
surrogate, 25, 20.0, 0.09375
surrogate, 25, 20.0, 0.09375
surrogate, 26, 25.0, 0.375
surrogate, 26, 25.0, 0.375
surrogate, 26, 25.0, 0.375
surrogate, 26, 25.0, 0.375
surrogate, 26, 25.0, 0.375
surrogate, 26, 25.0, 0.375
surrogate, 26, 25.0, 0.375
surrogate, 26, 25.0, 0.375
surrogate, 26, 25.0, 0.375
surrogate, 26, 24.0, 0.34375
surrogate, 26, 24.0, 0.34375
surrogate, 26, 24.0, 0.34375
surrogate, 26, 24.0, 0.34375
surrogate, 26, 24.0, 0.34375
surrogate, 26, 24.0, 0.34375
surrogate, 26, 24.0, 0.34375
surrogate, 26, 24.0, 0.34375
surrogate, 26, 24.0, 0.34375
surrogate, 26, 24.0, 0.34375
surrogate, 26, 24.0, 0.34375
surrogate, 26, 24.0, 0.34375
surrogate, 26, 24.0, 0.34375
surrogate, 26, 24.0, 0.34375
surrogate, 26, 24.0, 0.34375
surrogate, 26, 24.0, 0.34375
surrogate, 26, 24.0, 0.34375
surrogate, 26, 24.0, 0.34375
surrogate, 26, 24.0, 0.34375
surrogate, 26, 23.0, 0.3125
surrogate, 26, 23.0, 0.3125
surrogate, 26, 23.0, 0.3125
surrogate, 26, 23.0, 0.3125
surrogate, 26, 23.0, 0.3125
surrogate, 26, 23.0, 0.3125
surrogate, 26, 20.0, 0.09375
surrogate, 26, 20.0, 0.09375
surrogate, 26, 20.0, 0.09375
surrogate, 26, 20.0, 0.09375
surrogate, 26, 20.0, 0.09375
surrogate, 26, 20.0, 0.09375
surrogate, 26, 20.0, 0.09375
surrogate, 26, 20.0, 0.09375
surrogate, 26, 20.0, 0.09375
surrogate, 26, 20.0, 0.09375
surrogate, 26, 20.0, 0.09375
surrogate, 26, 20.0, 0.09375
surrogate, 26, 20.0, 0.09375
surrogate, 26, 20.0, 0.09375
surrogate, 26, 20.0, 0.09375
surrogate, 26, 20.0, 0.09375
surrogate, 26, 20.0, 0.09375
surrogate, 26, 20.0, 0.09375
surrogate, 26, 20.0, 0.09375
surrogate, 27, 25.0, 0.375
surrogate, 27, 25.0, 0.375
surrogate, 27, 25.0, 0.375
surrogate, 27, 25.0, 0.375
surrogate, 27, 25.0, 0.375
surrogate, 27, 25.0, 0.375
surrogate, 27, 25.0, 0.375
surrogate, 27, 25.0, 0.375
surrogate, 27, 25.0, 0.375
surrogate, 27, 24.0, 0.34375
surrogate, 27, 24.0, 0.34375
surrogate, 27, 24.0, 0.34375
surrogate, 27, 24.0, 0.34375
surrogate, 27, 24.0, 0.34375
surrogate, 27, 24.0, 0.34375
surrogate, 27, 24.0, 0.34375
surrogate, 27, 24.0, 0.34375
surrogate, 27, 24.0, 0.34375
surrogate, 27, 24.0, 0.34375
surrogate, 27, 24.0, 0.34375
surrogate, 27, 24.0, 0.34375
surrogate, 27, 24.0, 0.34375
surrogate, 27, 24.0, 0.34375
surrogate, 27, 24.0, 0.34375
surrogate, 27, 24.0, 0.34375
surrogate, 27, 24.0, 0.34375
surrogate, 27, 24.0, 0.34375
surrogate, 27, 24.0, 0.34375
surrogate, 27, 23.0, 0.3125
surrogate, 27, 23.0, 0.3125
surrogate, 27, 23.0, 0.3125
surrogate, 27, 23.0, 0.3125
surrogate, 27, 23.0, 0.3125
surrogate, 27, 23.0, 0.3125
surrogate, 27, 20.0, 0.09375
surrogate, 27, 20.0, 0.09375
surrogate, 27, 20.0, 0.09375
surrogate, 27, 20.0, 0.09375
surrogate, 27, 20.0, 0.09375
surrogate, 27, 20.0, 0.09375
surrogate, 27, 20.0, 0.09375
surrogate, 27, 20.0, 0.09375
surrogate, 27, 20.0, 0.09375
surrogate, 27, 20.0, 0.09375
surrogate, 27, 20.0, 0.09375
surrogate, 27, 20.0, 0.09375
surrogate, 27, 20.0, 0.09375
surrogate, 27, 20.0, 0.09375
surrogate, 27, 20.0, 0.09375
surrogate, 27, 20.0, 0.09375
surrogate, 27, 20.0, 0.09375
surrogate, 27, 20.0, 0.09375
surrogate, 27, 20.0, 0.09375
surrogate, 27, 20.0, 0.09375
surrogate, 28, 25.0, 0.375
surrogate, 28, 25.0, 0.375
surrogate, 28, 25.0, 0.375
surrogate, 28, 25.0, 0.375
surrogate, 28, 25.0, 0.375
surrogate, 28, 25.0, 0.375
surrogate, 28, 25.0, 0.375
surrogate, 28, 25.0, 0.375
surrogate, 28, 25.0, 0.375
surrogate, 28, 25.0, 0.375
surrogate, 28, 24.0, 0.34375
surrogate, 28, 24.0, 0.34375
surrogate, 28, 24.0, 0.34375
surrogate, 28, 24.0, 0.34375
surrogate, 28, 24.0, 0.34375
surrogate, 28, 24.0, 0.34375
surrogate, 28, 24.0, 0.34375
surrogate, 28, 24.0, 0.34375
surrogate, 28, 24.0, 0.34375
surrogate, 28, 24.0, 0.34375
surrogate, 28, 24.0, 0.34375
surrogate, 28, 24.0, 0.34375
surrogate, 28, 24.0, 0.34375
surrogate, 28, 24.0, 0.34375
surrogate, 28, 24.0, 0.34375
surrogate, 28, 24.0, 0.34375
surrogate, 28, 24.0, 0.34375
surrogate, 28, 24.0, 0.34375
surrogate, 28, 24.0, 0.34375
surrogate, 28, 23.0, 0.3125
surrogate, 28, 23.0, 0.3125
surrogate, 28, 23.0, 0.3125
surrogate, 28, 23.0, 0.3125
surrogate, 28, 23.0, 0.3125
surrogate, 28, 23.0, 0.3125
surrogate, 28, 23.0, 0.3125
surrogate, 28, 20.0, 0.09375
surrogate, 28, 20.0, 0.09375
surrogate, 28, 20.0, 0.09375
surrogate, 28, 20.0, 0.09375
surrogate, 28, 20.0, 0.09375
surrogate, 28, 20.0, 0.09375
surrogate, 28, 20.0, 0.09375
surrogate, 28, 20.0, 0.09375
surrogate, 28, 20.0, 0.09375
surrogate, 28, 20.0, 0.09375
surrogate, 28, 20.0, 0.09375
surrogate, 28, 20.0, 0.09375
surrogate, 28, 20.0, 0.09375
surrogate, 28, 20.0, 0.09375
surrogate, 28, 20.0, 0.09375
surrogate, 28, 20.0, 0.09375
surrogate, 28, 20.0, 0.09375
surrogate, 28, 20.0, 0.09375
surrogate, 28, 20.0, 0.09375
surrogate, 28, 20.0, 0.09375
surrogate, 29, 25.0, 0.375
surrogate, 29, 25.0, 0.375
surrogate, 29, 25.0, 0.375
surrogate, 29, 25.0, 0.375
surrogate, 29, 25.0, 0.375
surrogate, 29, 25.0, 0.375
surrogate, 29, 25.0, 0.375
surrogate, 29, 25.0, 0.375
surrogate, 29, 25.0, 0.375
surrogate, 29, 25.0, 0.375
surrogate, 29, 25.0, 0.375
surrogate, 29, 24.0, 0.34375
surrogate, 29, 24.0, 0.34375
surrogate, 29, 24.0, 0.34375
surrogate, 29, 24.0, 0.34375
surrogate, 29, 24.0, 0.34375
surrogate, 29, 24.0, 0.34375
surrogate, 29, 24.0, 0.34375
surrogate, 29, 24.0, 0.34375
surrogate, 29, 24.0, 0.34375
surrogate, 29, 24.0, 0.34375
surrogate, 29, 24.0, 0.34375
surrogate, 29, 24.0, 0.34375
surrogate, 29, 24.0, 0.34375
surrogate, 29, 24.0, 0.34375
surrogate, 29, 24.0, 0.34375
surrogate, 29, 24.0, 0.34375
surrogate, 29, 24.0, 0.34375
surrogate, 29, 24.0, 0.34375
surrogate, 29, 24.0, 0.34375
surrogate, 29, 24.0, 0.34375
surrogate, 29, 23.0, 0.3125
surrogate, 29, 23.0, 0.3125
surrogate, 29, 23.0, 0.3125
surrogate, 29, 23.0, 0.3125
surrogate, 29, 23.0, 0.3125
surrogate, 29, 23.0, 0.3125
surrogate, 29, 23.0, 0.3125
surrogate, 29, 20.0, 0.09375
surrogate, 29, 20.0, 0.09375
surrogate, 29, 20.0, 0.09375
surrogate, 29, 20.0, 0.09375
surrogate, 29, 20.0, 0.09375
surrogate, 29, 20.0, 0.09375
surrogate, 29, 20.0, 0.09375
surrogate, 29, 20.0, 0.09375
surrogate, 29, 20.0, 0.09375
surrogate, 29, 20.0, 0.09375
surrogate, 29, 20.0, 0.09375
surrogate, 29, 20.0, 0.09375
surrogate, 29, 20.0, 0.09375
surrogate, 29, 20.0, 0.09375
surrogate, 29, 20.0, 0.09375
surrogate, 29, 20.0, 0.09375
surrogate, 29, 20.0, 0.09375
surrogate, 29, 20.0, 0.09375
surrogate, 29, 20.0, 0.09375
surrogate, 29, 20.0, 0.09375
surrogate, 30, 25.0, 0.375
surrogate, 30, 25.0, 0.375
surrogate, 30, 25.0, 0.375
surrogate, 30, 25.0, 0.375
surrogate, 30, 25.0, 0.375
surrogate, 30, 25.0, 0.375
surrogate, 30, 25.0, 0.375
surrogate, 30, 25.0, 0.375
surrogate, 30, 25.0, 0.375
surrogate, 30, 25.0, 0.375
surrogate, 30, 25.0, 0.375
surrogate, 30, 24.0, 0.34375
surrogate, 30, 24.0, 0.34375
surrogate, 30, 24.0, 0.34375
surrogate, 30, 24.0, 0.34375
surrogate, 30, 24.0, 0.34375
surrogate, 30, 24.0, 0.34375
surrogate, 30, 24.0, 0.34375
surrogate, 30, 24.0, 0.34375
surrogate, 30, 24.0, 0.34375
surrogate, 30, 24.0, 0.34375
surrogate, 30, 24.0, 0.34375
surrogate, 30, 24.0, 0.34375
surrogate, 30, 24.0, 0.34375
surrogate, 30, 24.0, 0.34375
surrogate, 30, 24.0, 0.34375
surrogate, 30, 24.0, 0.34375
surrogate, 30, 24.0, 0.34375
surrogate, 30, 24.0, 0.34375
surrogate, 30, 24.0, 0.34375
surrogate, 30, 24.0, 0.34375
surrogate, 30, 24.0, 0.34375
surrogate, 30, 23.0, 0.3125
surrogate, 30, 23.0, 0.3125
surrogate, 30, 23.0, 0.3125
surrogate, 30, 23.0, 0.3125
surrogate, 30, 23.0, 0.3125
surrogate, 30, 23.0, 0.3125
surrogate, 30, 23.0, 0.3125
surrogate, 30, 23.0, 0.3125
surrogate, 30, 20.0, 0.09375
surrogate, 30, 20.0, 0.09375
surrogate, 30, 20.0, 0.09375
surrogate, 30, 20.0, 0.09375
surrogate, 30, 20.0, 0.09375
surrogate, 30, 20.0, 0.09375
surrogate, 30, 20.0, 0.09375
surrogate, 30, 20.0, 0.09375
surrogate, 30, 20.0, 0.09375
surrogate, 30, 20.0, 0.09375
surrogate, 30, 20.0, 0.09375
surrogate, 30, 20.0, 0.09375
surrogate, 30, 20.0, 0.09375
surrogate, 30, 20.0, 0.09375
surrogate, 30, 20.0, 0.09375
surrogate, 30, 20.0, 0.09375
surrogate, 30, 20.0, 0.09375
surrogate, 30, 20.0, 0.09375
surrogate, 30, 20.0, 0.09375
surrogate, 30, 20.0, 0.09375
surrogate, 30, 20.0, 0.09375
surrogate, 31, 24.0, 0.375
surrogate, 31, 23.0, 0.3125
surrogate, 31, 23.0, 0.3125
surrogate, 31, 23.0, 0.3125
surrogate, 31, 23.0, 0.3125
surrogate, 31, 23.0, 0.3125
surrogate, 31, 23.0, 0.3125
surrogate, 31, 23.0, 0.3125
surrogate, 31, 23.0, 0.3125
surrogate, 31, 20.0, 0.09375
surrogate, 31, 20.0, 0.09375
surrogate, 31, 20.0, 0.09375
surrogate, 31, 20.0, 0.09375
surrogate, 31, 20.0, 0.09375
surrogate, 31, 20.0, 0.09375
surrogate, 31, 20.0, 0.09375
surrogate, 31, 20.0, 0.09375
surrogate, 31, 20.0, 0.09375
surrogate, 31, 20.0, 0.09375
surrogate, 31, 20.0, 0.09375
surrogate, 31, 20.0, 0.09375
surrogate, 31, 20.0, 0.09375
surrogate, 31, 20.0, 0.09375
surrogate, 31, 20.0, 0.09375
surrogate, 31, 20.0, 0.09375
surrogate, 31, 20.0, 0.09375
surrogate, 31, 20.0, 0.09375
surrogate, 31, 20.0, 0.09375
surrogate, 31, 20.0, 0.09375
surrogate, 31, 20.0, 0.09375
surrogate, 32, 24.0, 0.375
surrogate, 32, 23.0, 0.3125
surrogate, 32, 23.0, 0.3125
surrogate, 32, 23.0, 0.3125
surrogate, 32, 23.0, 0.3125
surrogate, 32, 23.0, 0.3125
surrogate, 32, 23.0, 0.3125
surrogate, 32, 23.0, 0.3125
surrogate, 32, 23.0, 0.3125
surrogate, 32, 20.0, 0.09375
surrogate, 32, 20.0, 0.09375
surrogate, 32, 20.0, 0.09375
surrogate, 32, 20.0, 0.09375
surrogate, 32, 20.0, 0.09375
surrogate, 32, 20.0, 0.09375
surrogate, 32, 20.0, 0.09375
surrogate, 32, 20.0, 0.09375
surrogate, 32, 20.0, 0.09375
surrogate, 32, 20.0, 0.09375
surrogate, 32, 20.0, 0.09375
surrogate, 32, 20.0, 0.09375
surrogate, 32, 20.0, 0.09375
surrogate, 32, 20.0, 0.09375
surrogate, 32, 20.0, 0.09375
surrogate, 32, 20.0, 0.09375
surrogate, 32, 20.0, 0.09375
surrogate, 32, 20.0, 0.09375
surrogate, 32, 20.0, 0.09375
surrogate, 32, 20.0, 0.09375
surrogate, 32, 20.0, 0.09375
surrogate, 32, 20.0, 0.09375
surrogate, 33, 24.0, 0.375
surrogate, 33, 23.0, 0.3125
surrogate, 33, 23.0, 0.3125
surrogate, 33, 23.0, 0.3125
surrogate, 33, 23.0, 0.3125
surrogate, 33, 23.0, 0.3125
surrogate, 33, 23.0, 0.3125
surrogate, 33, 23.0, 0.3125
surrogate, 33, 23.0, 0.3125
surrogate, 33, 20.0, 0.09375
surrogate, 33, 20.0, 0.09375
surrogate, 33, 20.0, 0.09375
surrogate, 33, 20.0, 0.09375
surrogate, 33, 20.0, 0.09375
surrogate, 33, 20.0, 0.09375
surrogate, 33, 20.0, 0.09375
surrogate, 33, 20.0, 0.09375
surrogate, 33, 20.0, 0.09375
surrogate, 33, 20.0, 0.09375
surrogate, 33, 20.0, 0.09375
surrogate, 33, 20.0, 0.09375
surrogate, 33, 20.0, 0.09375
surrogate, 33, 20.0, 0.09375
surrogate, 33, 20.0, 0.09375
surrogate, 33, 20.0, 0.09375
surrogate, 33, 20.0, 0.09375
surrogate, 33, 20.0, 0.09375
surrogate, 33, 20.0, 0.09375
surrogate, 33, 20.0, 0.09375
surrogate, 33, 20.0, 0.09375
surrogate, 33, 20.0, 0.09375
surrogate, 34, 24.0, 0.375
surrogate, 34, 23.0, 0.3125
surrogate, 34, 23.0, 0.3125
surrogate, 34, 23.0, 0.3125
surrogate, 34, 23.0, 0.3125
surrogate, 34, 23.0, 0.3125
surrogate, 34, 23.0, 0.3125
surrogate, 34, 23.0, 0.3125
surrogate, 34, 23.0, 0.3125
surrogate, 34, 23.0, 0.3125
surrogate, 34, 20.0, 0.09375
surrogate, 34, 20.0, 0.09375
surrogate, 34, 20.0, 0.09375
surrogate, 34, 20.0, 0.09375
surrogate, 34, 20.0, 0.09375
surrogate, 34, 20.0, 0.09375
surrogate, 34, 20.0, 0.09375
surrogate, 34, 20.0, 0.09375
surrogate, 34, 20.0, 0.09375
surrogate, 34, 20.0, 0.09375
surrogate, 34, 20.0, 0.09375
surrogate, 34, 20.0, 0.09375
surrogate, 34, 20.0, 0.09375
surrogate, 34, 20.0, 0.09375
surrogate, 34, 20.0, 0.09375
surrogate, 34, 20.0, 0.09375
surrogate, 34, 20.0, 0.09375
surrogate, 34, 20.0, 0.09375
surrogate, 34, 20.0, 0.09375
surrogate, 34, 20.0, 0.09375
surrogate, 34, 20.0, 0.09375
surrogate, 34, 20.0, 0.09375
surrogate, 34, 20.0, 0.09375
surrogate, 35, 24.0, 0.375
surrogate, 35, 23.0, 0.3125
surrogate, 35, 23.0, 0.3125
surrogate, 35, 23.0, 0.3125
surrogate, 35, 23.0, 0.3125
surrogate, 35, 23.0, 0.3125
surrogate, 35, 23.0, 0.3125
surrogate, 35, 23.0, 0.3125
surrogate, 35, 23.0, 0.3125
surrogate, 35, 23.0, 0.3125
surrogate, 35, 19.0, 0.09375
surrogate, 36, 24.0, 0.375
surrogate, 36, 24.0, 0.375
surrogate, 36, 23.0, 0.3125
surrogate, 36, 23.0, 0.3125
surrogate, 36, 23.0, 0.3125
surrogate, 36, 23.0, 0.3125
surrogate, 36, 23.0, 0.3125
surrogate, 36, 23.0, 0.3125
surrogate, 36, 23.0, 0.3125
surrogate, 36, 23.0, 0.3125
surrogate, 36, 23.0, 0.3125
surrogate, 36, 23.0, 0.3125
surrogate, 36, 19.0, 0.09375
surrogate, 36, 19.0, 0.09375
surrogate, 37, 24.0, 0.375
surrogate, 37, 24.0, 0.375
surrogate, 37, 23.0, 0.3125
surrogate, 37, 23.0, 0.3125
surrogate, 37, 23.0, 0.3125
surrogate, 37, 23.0, 0.3125
surrogate, 37, 23.0, 0.3125
surrogate, 37, 23.0, 0.3125
surrogate, 37, 23.0, 0.3125
surrogate, 37, 23.0, 0.3125
surrogate, 37, 23.0, 0.3125
surrogate, 37, 23.0, 0.3125
surrogate, 37, 23.0, 0.3125
surrogate, 37, 19.0, 0.09375
surrogate, 37, 19.0, 0.09375
surrogate, 38, 27.0, 0.53125
surrogate, 38, 24.0, 0.375
surrogate, 38, 24.0, 0.375
surrogate, 38, 24.0, 0.375
surrogate, 38, 23.0, 0.3125
surrogate, 38, 23.0, 0.3125
surrogate, 38, 23.0, 0.3125
surrogate, 38, 23.0, 0.3125
surrogate, 38, 23.0, 0.3125
surrogate, 38, 23.0, 0.3125
surrogate, 38, 23.0, 0.3125
surrogate, 38, 23.0, 0.3125
surrogate, 38, 23.0, 0.3125
surrogate, 38, 23.0, 0.3125
surrogate, 38, 23.0, 0.3125
surrogate, 38, 23.0, 0.3125
surrogate, 38, 19.0, 0.09375
surrogate, 38, 19.0, 0.09375
surrogate, 39, 27.0, 0.53125
surrogate, 39, 27.0, 0.53125
surrogate, 39, 24.0, 0.375
surrogate, 39, 24.0, 0.375
surrogate, 39, 24.0, 0.375
surrogate, 39, 23.0, 0.3125
surrogate, 39, 23.0, 0.3125
surrogate, 39, 23.0, 0.3125
surrogate, 39, 23.0, 0.3125
surrogate, 39, 23.0, 0.3125
surrogate, 39, 23.0, 0.3125
surrogate, 39, 23.0, 0.3125
surrogate, 39, 23.0, 0.3125
surrogate, 39, 23.0, 0.3125
surrogate, 39, 23.0, 0.3125
surrogate, 39, 23.0, 0.3125
surrogate, 39, 23.0, 0.3125
surrogate, 39, 23.0, 0.3125
surrogate, 39, 19.0, 0.09375
surrogate, 39, 19.0, 0.09375
surrogate, 40, 27.0, 0.53125
surrogate, 40, 27.0, 0.53125
surrogate, 40, 24.0, 0.375
surrogate, 40, 24.0, 0.375
surrogate, 40, 24.0, 0.375
surrogate, 40, 23.0, 0.3125
surrogate, 40, 23.0, 0.3125
surrogate, 40, 23.0, 0.3125
surrogate, 40, 23.0, 0.3125
surrogate, 40, 23.0, 0.3125
surrogate, 40, 23.0, 0.3125
surrogate, 40, 23.0, 0.3125
surrogate, 40, 23.0, 0.3125
surrogate, 40, 23.0, 0.3125
surrogate, 40, 23.0, 0.3125
surrogate, 40, 23.0, 0.3125
surrogate, 40, 23.0, 0.3125
surrogate, 40, 23.0, 0.3125
surrogate, 40, 23.0, 0.3125
surrogate, 40, 19.0, 0.09375
surrogate, 40, 19.0, 0.09375
surrogate, 40, 19.0, 0.09375
surrogate, 40, 19.0, 0.09375
surrogate, 41, 27.0, 0.53125
surrogate, 41, 27.0, 0.53125
surrogate, 41, 24.0, 0.375
surrogate, 41, 24.0, 0.375
surrogate, 41, 24.0, 0.375
surrogate, 41, 23.0, 0.3125
surrogate, 41, 23.0, 0.3125
surrogate, 41, 23.0, 0.3125
surrogate, 41, 23.0, 0.3125
surrogate, 41, 23.0, 0.3125
surrogate, 41, 23.0, 0.3125
surrogate, 41, 23.0, 0.3125
surrogate, 41, 23.0, 0.3125
surrogate, 41, 23.0, 0.3125
surrogate, 41, 23.0, 0.3125
surrogate, 41, 23.0, 0.3125
surrogate, 41, 23.0, 0.3125
surrogate, 41, 23.0, 0.3125
surrogate, 41, 23.0, 0.3125
surrogate, 41, 19.0, 0.09375
surrogate, 41, 19.0, 0.09375
surrogate, 41, 19.0, 0.09375
surrogate, 41, 19.0, 0.09375
surrogate, 42, 27.0, 0.53125
surrogate, 42, 27.0, 0.53125
surrogate, 42, 24.0, 0.375
surrogate, 42, 24.0, 0.375
surrogate, 42, 24.0, 0.375
surrogate, 42, 24.0, 0.375
surrogate, 42, 23.0, 0.3125
surrogate, 42, 23.0, 0.3125
surrogate, 42, 23.0, 0.3125
surrogate, 42, 23.0, 0.3125
surrogate, 42, 23.0, 0.3125
surrogate, 42, 23.0, 0.3125
surrogate, 42, 23.0, 0.3125
surrogate, 42, 23.0, 0.3125
surrogate, 42, 23.0, 0.3125
surrogate, 42, 23.0, 0.3125
surrogate, 42, 23.0, 0.3125
surrogate, 42, 23.0, 0.3125
surrogate, 42, 23.0, 0.3125
surrogate, 42, 23.0, 0.3125
surrogate, 42, 23.0, 0.3125
surrogate, 42, 19.0, 0.09375
surrogate, 42, 19.0, 0.09375
surrogate, 42, 19.0, 0.09375
surrogate, 42, 19.0, 0.09375
surrogate, 43, 27.0, 0.53125
surrogate, 43, 27.0, 0.53125
surrogate, 43, 24.0, 0.375
surrogate, 43, 24.0, 0.375
surrogate, 43, 24.0, 0.375
surrogate, 43, 24.0, 0.375
surrogate, 43, 23.0, 0.3125
surrogate, 43, 23.0, 0.3125
surrogate, 43, 23.0, 0.3125
surrogate, 43, 23.0, 0.3125
surrogate, 43, 23.0, 0.3125
surrogate, 43, 23.0, 0.3125
surrogate, 43, 23.0, 0.3125
surrogate, 43, 23.0, 0.3125
surrogate, 43, 23.0, 0.3125
surrogate, 43, 23.0, 0.3125
surrogate, 43, 23.0, 0.3125
surrogate, 43, 23.0, 0.3125
surrogate, 43, 23.0, 0.3125
surrogate, 43, 23.0, 0.3125
surrogate, 43, 23.0, 0.3125
surrogate, 43, 23.0, 0.3125
surrogate, 43, 19.0, 0.09375
surrogate, 43, 19.0, 0.09375
surrogate, 43, 19.0, 0.09375
surrogate, 43, 19.0, 0.09375
surrogate, 44, 27.0, 0.53125
surrogate, 44, 27.0, 0.53125
surrogate, 44, 24.0, 0.375
surrogate, 44, 24.0, 0.375
surrogate, 44, 24.0, 0.375
surrogate, 44, 24.0, 0.375
surrogate, 44, 24.0, 0.375
surrogate, 44, 23.0, 0.3125
surrogate, 44, 23.0, 0.3125
surrogate, 44, 23.0, 0.3125
surrogate, 44, 23.0, 0.3125
surrogate, 44, 23.0, 0.3125
surrogate, 44, 23.0, 0.3125
surrogate, 44, 23.0, 0.3125
surrogate, 44, 23.0, 0.3125
surrogate, 44, 23.0, 0.3125
surrogate, 44, 23.0, 0.3125
surrogate, 44, 23.0, 0.3125
surrogate, 44, 23.0, 0.3125
surrogate, 44, 23.0, 0.3125
surrogate, 44, 23.0, 0.3125
surrogate, 44, 23.0, 0.3125
surrogate, 44, 23.0, 0.3125
surrogate, 44, 23.0, 0.3125
surrogate, 44, 19.0, 0.09375
surrogate, 44, 19.0, 0.09375
surrogate, 44, 19.0, 0.09375
surrogate, 44, 19.0, 0.09375
surrogate, 45, 27.0, 0.53125
surrogate, 45, 27.0, 0.53125
surrogate, 45, 24.0, 0.375
surrogate, 45, 24.0, 0.375
surrogate, 45, 24.0, 0.375
surrogate, 45, 24.0, 0.375
surrogate, 45, 24.0, 0.375
surrogate, 45, 23.0, 0.3125
surrogate, 45, 23.0, 0.3125
surrogate, 45, 23.0, 0.3125
surrogate, 45, 23.0, 0.3125
surrogate, 45, 23.0, 0.3125
surrogate, 45, 23.0, 0.3125
surrogate, 45, 23.0, 0.3125
surrogate, 45, 23.0, 0.3125
surrogate, 45, 23.0, 0.3125
surrogate, 45, 23.0, 0.3125
surrogate, 45, 23.0, 0.3125
surrogate, 45, 23.0, 0.3125
surrogate, 45, 23.0, 0.3125
surrogate, 45, 23.0, 0.3125
surrogate, 45, 23.0, 0.3125
surrogate, 45, 23.0, 0.3125
surrogate, 45, 23.0, 0.3125
surrogate, 45, 23.0, 0.3125
surrogate, 45, 19.0, 0.09375
surrogate, 45, 19.0, 0.09375
surrogate, 45, 19.0, 0.09375
surrogate, 45, 19.0, 0.09375
surrogate, 46, 27.0, 0.53125
surrogate, 46, 27.0, 0.53125
surrogate, 46, 24.0, 0.375
surrogate, 46, 24.0, 0.375
surrogate, 46, 24.0, 0.375
surrogate, 46, 24.0, 0.375
surrogate, 46, 24.0, 0.375
surrogate, 46, 23.0, 0.3125
surrogate, 46, 23.0, 0.3125
surrogate, 46, 23.0, 0.3125
surrogate, 46, 23.0, 0.3125
surrogate, 46, 23.0, 0.3125
surrogate, 46, 23.0, 0.3125
surrogate, 46, 23.0, 0.3125
surrogate, 46, 23.0, 0.3125
surrogate, 46, 23.0, 0.3125
surrogate, 46, 23.0, 0.3125
surrogate, 46, 23.0, 0.3125
surrogate, 46, 23.0, 0.3125
surrogate, 46, 23.0, 0.3125
surrogate, 46, 23.0, 0.3125
surrogate, 46, 23.0, 0.3125
surrogate, 46, 23.0, 0.3125
surrogate, 46, 23.0, 0.3125
surrogate, 46, 23.0, 0.3125
surrogate, 46, 19.0, 0.09375
surrogate, 46, 19.0, 0.09375
surrogate, 46, 19.0, 0.09375
surrogate, 46, 19.0, 0.09375
surrogate, 47, 27.0, 0.53125
surrogate, 47, 27.0, 0.53125
surrogate, 47, 24.0, 0.375
surrogate, 47, 24.0, 0.375
surrogate, 47, 24.0, 0.375
surrogate, 47, 24.0, 0.375
surrogate, 47, 24.0, 0.375
surrogate, 47, 24.0, 0.375
surrogate, 47, 23.0, 0.3125
surrogate, 47, 23.0, 0.3125
surrogate, 47, 23.0, 0.3125
surrogate, 47, 23.0, 0.3125
surrogate, 47, 23.0, 0.3125
surrogate, 47, 23.0, 0.3125
surrogate, 47, 23.0, 0.3125
surrogate, 47, 23.0, 0.3125
surrogate, 47, 23.0, 0.3125
surrogate, 47, 23.0, 0.3125
surrogate, 47, 23.0, 0.3125
surrogate, 47, 23.0, 0.3125
surrogate, 47, 23.0, 0.3125
surrogate, 47, 23.0, 0.3125
surrogate, 47, 23.0, 0.3125
surrogate, 47, 23.0, 0.3125
surrogate, 47, 23.0, 0.3125
surrogate, 47, 23.0, 0.3125
surrogate, 47, 19.0, 0.09375
surrogate, 47, 19.0, 0.09375
surrogate, 47, 19.0, 0.09375
surrogate, 47, 19.0, 0.09375
surrogate, 48, 27.0, 0.53125
surrogate, 48, 27.0, 0.53125
surrogate, 48, 24.0, 0.375
surrogate, 48, 24.0, 0.375
surrogate, 48, 24.0, 0.375
surrogate, 48, 24.0, 0.375
surrogate, 48, 24.0, 0.375
surrogate, 48, 24.0, 0.375
surrogate, 48, 23.0, 0.3125
surrogate, 48, 23.0, 0.3125
surrogate, 48, 23.0, 0.3125
surrogate, 48, 23.0, 0.3125
surrogate, 48, 23.0, 0.3125
surrogate, 48, 23.0, 0.3125
surrogate, 48, 23.0, 0.3125
surrogate, 48, 23.0, 0.3125
surrogate, 48, 23.0, 0.3125
surrogate, 48, 23.0, 0.3125
surrogate, 48, 23.0, 0.3125
surrogate, 48, 23.0, 0.3125
surrogate, 48, 23.0, 0.3125
surrogate, 48, 23.0, 0.3125
surrogate, 48, 23.0, 0.3125
surrogate, 48, 23.0, 0.3125
surrogate, 48, 23.0, 0.3125
surrogate, 48, 23.0, 0.3125
surrogate, 48, 23.0, 0.3125
surrogate, 48, 19.0, 0.09375
surrogate, 48, 19.0, 0.09375
surrogate, 48, 19.0, 0.09375
surrogate, 48, 19.0, 0.09375
surrogate, 48, 19.0, 0.09375
surrogate, 49, 27.0, 0.53125
surrogate, 49, 27.0, 0.53125
surrogate, 49, 24.0, 0.375
surrogate, 49, 24.0, 0.375
surrogate, 49, 24.0, 0.375
surrogate, 49, 24.0, 0.375
surrogate, 49, 24.0, 0.375
surrogate, 49, 24.0, 0.375
surrogate, 49, 23.0, 0.3125
surrogate, 49, 23.0, 0.3125
surrogate, 49, 23.0, 0.3125
surrogate, 49, 23.0, 0.3125
surrogate, 49, 23.0, 0.3125
surrogate, 49, 23.0, 0.3125
surrogate, 49, 23.0, 0.3125
surrogate, 49, 23.0, 0.3125
surrogate, 49, 23.0, 0.3125
surrogate, 49, 23.0, 0.3125
surrogate, 49, 23.0, 0.3125
surrogate, 49, 23.0, 0.3125
surrogate, 49, 23.0, 0.3125
surrogate, 49, 23.0, 0.3125
surrogate, 49, 23.0, 0.3125
surrogate, 49, 23.0, 0.3125
surrogate, 49, 23.0, 0.3125
surrogate, 49, 23.0, 0.3125
surrogate, 49, 23.0, 0.3125
surrogate, 49, 19.0, 0.09375
surrogate, 49, 19.0, 0.09375
surrogate, 49, 19.0, 0.09375
surrogate, 49, 19.0, 0.09375
surrogate, 49, 19.0, 0.09375
surrogate, 50, 27.0, 0.53125
surrogate, 50, 27.0, 0.53125
surrogate, 50, 24.0, 0.375
surrogate, 50, 24.0, 0.375
surrogate, 50, 24.0, 0.375
surrogate, 50, 24.0, 0.375
surrogate, 50, 24.0, 0.375
surrogate, 50, 24.0, 0.375
surrogate, 50, 23.0, 0.3125
surrogate, 50, 23.0, 0.3125
surrogate, 50, 23.0, 0.3125
surrogate, 50, 23.0, 0.3125
surrogate, 50, 23.0, 0.3125
surrogate, 50, 23.0, 0.3125
surrogate, 50, 23.0, 0.3125
surrogate, 50, 23.0, 0.3125
surrogate, 50, 23.0, 0.3125
surrogate, 50, 23.0, 0.3125
surrogate, 50, 23.0, 0.3125
surrogate, 50, 23.0, 0.3125
surrogate, 50, 23.0, 0.3125
surrogate, 50, 23.0, 0.3125
surrogate, 50, 23.0, 0.3125
surrogate, 50, 23.0, 0.3125
surrogate, 50, 23.0, 0.3125
surrogate, 50, 23.0, 0.3125
surrogate, 50, 23.0, 0.3125
surrogate, 50, 19.0, 0.09375
surrogate, 50, 19.0, 0.09375
surrogate, 50, 19.0, 0.09375
surrogate, 50, 19.0, 0.09375
surrogate, 50, 19.0, 0.09375
surrogate, 50, 19.0, 0.09375
surrogate, 51, 27.0, 0.53125
surrogate, 51, 27.0, 0.53125
surrogate, 51, 27.0, 0.53125
surrogate, 51, 24.0, 0.375
surrogate, 51, 24.0, 0.375
surrogate, 51, 24.0, 0.375
surrogate, 51, 24.0, 0.375
surrogate, 51, 24.0, 0.375
surrogate, 51, 24.0, 0.375
surrogate, 51, 23.0, 0.3125
surrogate, 51, 23.0, 0.3125
surrogate, 51, 23.0, 0.3125
surrogate, 51, 23.0, 0.3125
surrogate, 51, 23.0, 0.3125
surrogate, 51, 23.0, 0.3125
surrogate, 51, 23.0, 0.3125
surrogate, 51, 23.0, 0.3125
surrogate, 51, 23.0, 0.3125
surrogate, 51, 23.0, 0.3125
surrogate, 51, 23.0, 0.3125
surrogate, 51, 23.0, 0.3125
surrogate, 51, 23.0, 0.3125
surrogate, 51, 23.0, 0.3125
surrogate, 51, 23.0, 0.3125
surrogate, 51, 23.0, 0.3125
surrogate, 51, 23.0, 0.3125
surrogate, 51, 23.0, 0.3125
surrogate, 51, 23.0, 0.3125
surrogate, 51, 19.0, 0.09375
surrogate, 51, 19.0, 0.09375
surrogate, 51, 19.0, 0.09375
surrogate, 51, 19.0, 0.09375
surrogate, 51, 19.0, 0.09375
surrogate, 51, 19.0, 0.09375
surrogate, 52, 27.0, 0.53125
surrogate, 52, 27.0, 0.53125
surrogate, 52, 27.0, 0.53125
surrogate, 52, 27.0, 0.53125
surrogate, 52, 24.0, 0.375
surrogate, 52, 24.0, 0.375
surrogate, 52, 24.0, 0.375
surrogate, 52, 24.0, 0.375
surrogate, 52, 24.0, 0.375
surrogate, 52, 24.0, 0.375
surrogate, 52, 23.0, 0.3125
surrogate, 52, 23.0, 0.3125
surrogate, 52, 23.0, 0.3125
surrogate, 52, 23.0, 0.3125
surrogate, 52, 23.0, 0.3125
surrogate, 52, 23.0, 0.3125
surrogate, 52, 23.0, 0.3125
surrogate, 52, 23.0, 0.3125
surrogate, 52, 23.0, 0.3125
surrogate, 52, 23.0, 0.3125
surrogate, 52, 23.0, 0.3125
surrogate, 52, 23.0, 0.3125
surrogate, 52, 23.0, 0.3125
surrogate, 52, 23.0, 0.3125
surrogate, 52, 23.0, 0.3125
surrogate, 52, 23.0, 0.3125
surrogate, 52, 23.0, 0.3125
surrogate, 52, 23.0, 0.3125
surrogate, 52, 23.0, 0.3125
surrogate, 52, 19.0, 0.09375
surrogate, 52, 19.0, 0.09375
surrogate, 52, 19.0, 0.09375
surrogate, 52, 19.0, 0.09375
surrogate, 52, 19.0, 0.09375
surrogate, 52, 19.0, 0.09375
surrogate, 53, 27.0, 0.53125
surrogate, 53, 27.0, 0.53125
surrogate, 53, 27.0, 0.53125
surrogate, 53, 27.0, 0.53125
surrogate, 53, 24.0, 0.375
surrogate, 53, 24.0, 0.375
surrogate, 53, 24.0, 0.375
surrogate, 53, 24.0, 0.375
surrogate, 53, 24.0, 0.375
surrogate, 53, 24.0, 0.375
surrogate, 53, 23.0, 0.3125
surrogate, 53, 23.0, 0.3125
surrogate, 53, 23.0, 0.3125
surrogate, 53, 23.0, 0.3125
surrogate, 53, 23.0, 0.3125
surrogate, 53, 23.0, 0.3125
surrogate, 53, 23.0, 0.3125
surrogate, 53, 23.0, 0.3125
surrogate, 53, 23.0, 0.3125
surrogate, 53, 23.0, 0.3125
surrogate, 53, 23.0, 0.3125
surrogate, 53, 23.0, 0.3125
surrogate, 53, 23.0, 0.3125
surrogate, 53, 23.0, 0.3125
surrogate, 53, 23.0, 0.3125
surrogate, 53, 23.0, 0.3125
surrogate, 53, 23.0, 0.3125
surrogate, 53, 23.0, 0.3125
surrogate, 53, 23.0, 0.3125
surrogate, 53, 19.0, 0.09375
surrogate, 53, 19.0, 0.09375
surrogate, 53, 19.0, 0.09375
surrogate, 53, 19.0, 0.09375
surrogate, 53, 19.0, 0.09375
surrogate, 53, 19.0, 0.09375
surrogate, 54, 27.0, 0.53125
surrogate, 54, 27.0, 0.53125
surrogate, 54, 27.0, 0.53125
surrogate, 54, 27.0, 0.53125
surrogate, 54, 27.0, 0.53125
surrogate, 54, 24.0, 0.375
surrogate, 54, 24.0, 0.375
surrogate, 54, 24.0, 0.375
surrogate, 54, 24.0, 0.375
surrogate, 54, 24.0, 0.375
surrogate, 54, 24.0, 0.375
surrogate, 54, 23.0, 0.3125
surrogate, 54, 23.0, 0.3125
surrogate, 54, 23.0, 0.3125
surrogate, 54, 23.0, 0.3125
surrogate, 54, 23.0, 0.3125
surrogate, 54, 23.0, 0.3125
surrogate, 54, 23.0, 0.3125
surrogate, 54, 23.0, 0.3125
surrogate, 54, 23.0, 0.3125
surrogate, 54, 23.0, 0.3125
surrogate, 54, 23.0, 0.3125
surrogate, 54, 23.0, 0.3125
surrogate, 54, 23.0, 0.3125
surrogate, 54, 23.0, 0.3125
surrogate, 54, 23.0, 0.3125
surrogate, 54, 23.0, 0.3125
surrogate, 54, 23.0, 0.3125
surrogate, 54, 23.0, 0.3125
surrogate, 54, 23.0, 0.3125
surrogate, 54, 19.0, 0.09375
surrogate, 54, 19.0, 0.09375
surrogate, 54, 19.0, 0.09375
surrogate, 54, 19.0, 0.09375
surrogate, 54, 19.0, 0.09375
surrogate, 54, 19.0, 0.09375
surrogate, 54, 19.0, 0.09375
surrogate, 55, 27.0, 0.53125
surrogate, 55, 27.0, 0.53125
surrogate, 55, 27.0, 0.53125
surrogate, 55, 27.0, 0.53125
surrogate, 55, 27.0, 0.53125
surrogate, 55, 24.0, 0.375
surrogate, 55, 24.0, 0.375
surrogate, 55, 24.0, 0.375
surrogate, 55, 24.0, 0.375
surrogate, 55, 24.0, 0.375
surrogate, 55, 24.0, 0.375
surrogate, 55, 24.0, 0.375
surrogate, 55, 23.0, 0.3125
surrogate, 55, 23.0, 0.3125
surrogate, 55, 23.0, 0.3125
surrogate, 55, 23.0, 0.3125
surrogate, 55, 23.0, 0.3125
surrogate, 55, 23.0, 0.3125
surrogate, 55, 23.0, 0.3125
surrogate, 55, 23.0, 0.3125
surrogate, 55, 23.0, 0.3125
surrogate, 55, 23.0, 0.3125
surrogate, 55, 23.0, 0.3125
surrogate, 55, 23.0, 0.3125
surrogate, 55, 23.0, 0.3125
surrogate, 55, 23.0, 0.3125
surrogate, 55, 23.0, 0.3125
surrogate, 55, 23.0, 0.3125
surrogate, 55, 23.0, 0.3125
surrogate, 55, 23.0, 0.3125
surrogate, 55, 23.0, 0.3125
surrogate, 55, 19.0, 0.09375
surrogate, 55, 19.0, 0.09375
surrogate, 55, 19.0, 0.09375
surrogate, 55, 19.0, 0.09375
surrogate, 55, 19.0, 0.09375
surrogate, 55, 19.0, 0.09375
surrogate, 55, 19.0, 0.09375
surrogate, 55, 19.0, 0.09375
surrogate, 56, 27.0, 0.53125
surrogate, 56, 27.0, 0.53125
surrogate, 56, 27.0, 0.53125
surrogate, 56, 27.0, 0.53125
surrogate, 56, 27.0, 0.53125
surrogate, 56, 24.0, 0.375
surrogate, 56, 24.0, 0.375
surrogate, 56, 24.0, 0.375
surrogate, 56, 24.0, 0.375
surrogate, 56, 24.0, 0.375
surrogate, 56, 24.0, 0.375
surrogate, 56, 24.0, 0.375
surrogate, 56, 23.0, 0.3125
surrogate, 56, 23.0, 0.3125
surrogate, 56, 23.0, 0.3125
surrogate, 56, 23.0, 0.3125
surrogate, 56, 23.0, 0.3125
surrogate, 56, 23.0, 0.3125
surrogate, 56, 23.0, 0.3125
surrogate, 56, 23.0, 0.3125
surrogate, 56, 23.0, 0.3125
surrogate, 56, 23.0, 0.3125
surrogate, 56, 23.0, 0.3125
surrogate, 56, 23.0, 0.3125
surrogate, 56, 23.0, 0.3125
surrogate, 56, 23.0, 0.3125
surrogate, 56, 23.0, 0.3125
surrogate, 56, 23.0, 0.3125
surrogate, 56, 23.0, 0.3125
surrogate, 56, 23.0, 0.3125
surrogate, 56, 23.0, 0.3125
surrogate, 56, 22.0, 0.25
surrogate, 56, 22.0, 0.25
surrogate, 56, 19.0, 0.09375
surrogate, 56, 19.0, 0.09375
surrogate, 56, 19.0, 0.09375
surrogate, 56, 19.0, 0.09375
surrogate, 56, 19.0, 0.09375
surrogate, 56, 19.0, 0.09375
surrogate, 56, 19.0, 0.09375
surrogate, 56, 19.0, 0.09375
surrogate, 57, 27.0, 0.53125
surrogate, 57, 27.0, 0.53125
surrogate, 57, 27.0, 0.53125
surrogate, 57, 27.0, 0.53125
surrogate, 57, 27.0, 0.53125
surrogate, 57, 27.0, 0.53125
surrogate, 57, 24.0, 0.375
surrogate, 57, 24.0, 0.375
surrogate, 57, 24.0, 0.375
surrogate, 57, 24.0, 0.375
surrogate, 57, 24.0, 0.375
surrogate, 57, 24.0, 0.375
surrogate, 57, 24.0, 0.375
surrogate, 57, 23.0, 0.3125
surrogate, 57, 23.0, 0.3125
surrogate, 57, 23.0, 0.3125
surrogate, 57, 23.0, 0.3125
surrogate, 57, 23.0, 0.3125
surrogate, 57, 23.0, 0.3125
surrogate, 57, 23.0, 0.3125
surrogate, 57, 23.0, 0.3125
surrogate, 57, 23.0, 0.3125
surrogate, 57, 23.0, 0.3125
surrogate, 57, 23.0, 0.3125
surrogate, 57, 23.0, 0.3125
surrogate, 57, 23.0, 0.3125
surrogate, 57, 23.0, 0.3125
surrogate, 57, 23.0, 0.3125
surrogate, 57, 23.0, 0.3125
surrogate, 57, 23.0, 0.3125
surrogate, 57, 23.0, 0.3125
surrogate, 57, 23.0, 0.3125
surrogate, 57, 22.0, 0.25
surrogate, 57, 22.0, 0.25
surrogate, 57, 22.0, 0.25
surrogate, 57, 19.0, 0.09375
surrogate, 57, 19.0, 0.09375
surrogate, 57, 19.0, 0.09375
surrogate, 57, 19.0, 0.09375
surrogate, 57, 19.0, 0.09375
surrogate, 57, 19.0, 0.09375
surrogate, 57, 19.0, 0.09375
surrogate, 57, 19.0, 0.09375
surrogate, 58, 27.0, 0.53125
surrogate, 58, 27.0, 0.53125
surrogate, 58, 27.0, 0.53125
surrogate, 58, 27.0, 0.53125
surrogate, 58, 27.0, 0.53125
surrogate, 58, 27.0, 0.53125
surrogate, 58, 24.0, 0.375
surrogate, 58, 24.0, 0.375
surrogate, 58, 24.0, 0.375
surrogate, 58, 24.0, 0.375
surrogate, 58, 24.0, 0.375
surrogate, 58, 24.0, 0.375
surrogate, 58, 24.0, 0.375
surrogate, 58, 23.0, 0.3125
surrogate, 58, 23.0, 0.3125
surrogate, 58, 23.0, 0.3125
surrogate, 58, 23.0, 0.3125
surrogate, 58, 23.0, 0.3125
surrogate, 58, 23.0, 0.3125
surrogate, 58, 23.0, 0.3125
surrogate, 58, 23.0, 0.3125
surrogate, 58, 23.0, 0.3125
surrogate, 58, 23.0, 0.3125
surrogate, 58, 23.0, 0.3125
surrogate, 58, 23.0, 0.3125
surrogate, 58, 23.0, 0.3125
surrogate, 58, 23.0, 0.3125
surrogate, 58, 23.0, 0.3125
surrogate, 58, 23.0, 0.3125
surrogate, 58, 23.0, 0.3125
surrogate, 58, 23.0, 0.3125
surrogate, 58, 23.0, 0.3125
surrogate, 58, 23.0, 0.3125
surrogate, 58, 22.0, 0.25
surrogate, 58, 22.0, 0.25
surrogate, 58, 22.0, 0.25
surrogate, 58, 19.0, 0.09375
surrogate, 58, 19.0, 0.09375
surrogate, 58, 19.0, 0.09375
surrogate, 58, 19.0, 0.09375
surrogate, 58, 19.0, 0.09375
surrogate, 58, 19.0, 0.09375
surrogate, 58, 19.0, 0.09375
surrogate, 58, 19.0, 0.09375
surrogate, 59, 27.0, 0.53125
surrogate, 59, 27.0, 0.53125
surrogate, 59, 27.0, 0.53125
surrogate, 59, 27.0, 0.53125
surrogate, 59, 27.0, 0.53125
surrogate, 59, 27.0, 0.53125
surrogate, 59, 27.0, 0.53125
surrogate, 59, 24.0, 0.375
surrogate, 59, 24.0, 0.375
surrogate, 59, 24.0, 0.375
surrogate, 59, 24.0, 0.375
surrogate, 59, 24.0, 0.375
surrogate, 59, 24.0, 0.375
surrogate, 59, 24.0, 0.375
surrogate, 59, 23.0, 0.3125
surrogate, 59, 23.0, 0.3125
surrogate, 59, 23.0, 0.3125
surrogate, 59, 23.0, 0.3125
surrogate, 59, 23.0, 0.3125
surrogate, 59, 23.0, 0.3125
surrogate, 59, 23.0, 0.3125
surrogate, 59, 23.0, 0.3125
surrogate, 59, 23.0, 0.3125
surrogate, 59, 23.0, 0.3125
surrogate, 59, 23.0, 0.3125
surrogate, 59, 23.0, 0.3125
surrogate, 59, 23.0, 0.3125
surrogate, 59, 23.0, 0.3125
surrogate, 59, 23.0, 0.3125
surrogate, 59, 23.0, 0.3125
surrogate, 59, 23.0, 0.3125
surrogate, 59, 23.0, 0.3125
surrogate, 59, 23.0, 0.3125
surrogate, 59, 23.0, 0.3125
surrogate, 59, 23.0, 0.3125
surrogate, 59, 22.0, 0.25
surrogate, 59, 22.0, 0.25
surrogate, 59, 22.0, 0.25
surrogate, 59, 19.0, 0.09375
surrogate, 59, 19.0, 0.09375
surrogate, 59, 19.0, 0.09375
surrogate, 59, 19.0, 0.09375
surrogate, 59, 19.0, 0.09375
surrogate, 59, 19.0, 0.09375
surrogate, 59, 19.0, 0.09375
surrogate, 59, 19.0, 0.09375
surrogate, 60, 27.0, 0.53125
surrogate, 60, 27.0, 0.53125
surrogate, 60, 27.0, 0.53125
surrogate, 60, 27.0, 0.53125
surrogate, 60, 27.0, 0.53125
surrogate, 60, 27.0, 0.53125
surrogate, 60, 27.0, 0.53125
surrogate, 60, 27.0, 0.53125
surrogate, 60, 24.0, 0.375
surrogate, 60, 24.0, 0.375
surrogate, 60, 24.0, 0.375
surrogate, 60, 24.0, 0.375
surrogate, 60, 24.0, 0.375
surrogate, 60, 24.0, 0.375
surrogate, 60, 24.0, 0.375
surrogate, 60, 23.0, 0.3125
surrogate, 60, 23.0, 0.3125
surrogate, 60, 23.0, 0.3125
surrogate, 60, 23.0, 0.3125
surrogate, 60, 23.0, 0.3125
surrogate, 60, 23.0, 0.3125
surrogate, 60, 23.0, 0.3125
surrogate, 60, 23.0, 0.3125
surrogate, 60, 23.0, 0.3125
surrogate, 60, 23.0, 0.3125
surrogate, 60, 23.0, 0.3125
surrogate, 60, 23.0, 0.3125
surrogate, 60, 23.0, 0.3125
surrogate, 60, 23.0, 0.3125
surrogate, 60, 23.0, 0.3125
surrogate, 60, 23.0, 0.3125
surrogate, 60, 23.0, 0.3125
surrogate, 60, 23.0, 0.3125
surrogate, 60, 23.0, 0.3125
surrogate, 60, 23.0, 0.3125
surrogate, 60, 23.0, 0.3125
surrogate, 60, 22.0, 0.25
surrogate, 60, 22.0, 0.25
surrogate, 60, 22.0, 0.25
surrogate, 60, 19.0, 0.09375
surrogate, 60, 19.0, 0.09375
surrogate, 60, 19.0, 0.09375
surrogate, 60, 19.0, 0.09375
surrogate, 60, 19.0, 0.09375
surrogate, 60, 19.0, 0.09375
surrogate, 60, 19.0, 0.09375
surrogate, 60, 19.0, 0.09375
surrogate, 60, 19.0, 0.09375
surrogate, 61, 27.0, 0.53125
surrogate, 61, 27.0, 0.53125
surrogate, 61, 27.0, 0.53125
surrogate, 61, 27.0, 0.53125
surrogate, 61, 27.0, 0.53125
surrogate, 61, 27.0, 0.53125
surrogate, 61, 27.0, 0.53125
surrogate, 61, 27.0, 0.53125
surrogate, 61, 27.0, 0.53125
surrogate, 61, 24.0, 0.375
surrogate, 61, 24.0, 0.375
surrogate, 61, 24.0, 0.375
surrogate, 61, 24.0, 0.375
surrogate, 61, 24.0, 0.375
surrogate, 61, 24.0, 0.375
surrogate, 61, 24.0, 0.375
surrogate, 61, 24.0, 0.375
surrogate, 61, 23.0, 0.3125
surrogate, 61, 23.0, 0.3125
surrogate, 61, 23.0, 0.3125
surrogate, 61, 23.0, 0.3125
surrogate, 61, 23.0, 0.3125
surrogate, 61, 23.0, 0.3125
surrogate, 61, 23.0, 0.3125
surrogate, 61, 23.0, 0.3125
surrogate, 61, 23.0, 0.3125
surrogate, 61, 23.0, 0.3125
surrogate, 61, 23.0, 0.3125
surrogate, 61, 23.0, 0.3125
surrogate, 61, 23.0, 0.3125
surrogate, 61, 23.0, 0.3125
surrogate, 61, 23.0, 0.3125
surrogate, 61, 23.0, 0.3125
surrogate, 61, 23.0, 0.3125
surrogate, 61, 23.0, 0.3125
surrogate, 61, 23.0, 0.3125
surrogate, 61, 23.0, 0.3125
surrogate, 61, 23.0, 0.3125
surrogate, 61, 23.0, 0.3125
surrogate, 61, 22.0, 0.25
surrogate, 61, 22.0, 0.25
surrogate, 61, 22.0, 0.25
surrogate, 61, 22.0, 0.25
surrogate, 61, 19.0, 0.09375
surrogate, 61, 19.0, 0.09375
surrogate, 61, 19.0, 0.09375
surrogate, 61, 19.0, 0.09375
surrogate, 61, 19.0, 0.09375
surrogate, 61, 19.0, 0.09375
surrogate, 61, 19.0, 0.09375
surrogate, 61, 19.0, 0.09375
surrogate, 61, 19.0, 0.09375
surrogate, 61, 19.0, 0.09375
surrogate, 62, 27.0, 0.53125
surrogate, 62, 27.0, 0.53125
surrogate, 62, 27.0, 0.53125
surrogate, 62, 27.0, 0.53125
surrogate, 62, 27.0, 0.53125
surrogate, 62, 27.0, 0.53125
surrogate, 62, 27.0, 0.53125
surrogate, 62, 27.0, 0.53125
surrogate, 62, 27.0, 0.53125
surrogate, 62, 24.0, 0.375
surrogate, 62, 24.0, 0.375
surrogate, 62, 24.0, 0.375
surrogate, 62, 24.0, 0.375
surrogate, 62, 24.0, 0.375
surrogate, 62, 24.0, 0.375
surrogate, 62, 24.0, 0.375
surrogate, 62, 24.0, 0.375
surrogate, 62, 23.0, 0.3125
surrogate, 62, 23.0, 0.3125
surrogate, 62, 23.0, 0.3125
surrogate, 62, 23.0, 0.3125
surrogate, 62, 23.0, 0.3125
surrogate, 62, 23.0, 0.3125
surrogate, 62, 23.0, 0.3125
surrogate, 62, 23.0, 0.3125
surrogate, 62, 23.0, 0.3125
surrogate, 62, 23.0, 0.3125
surrogate, 62, 23.0, 0.3125
surrogate, 62, 23.0, 0.3125
surrogate, 62, 23.0, 0.3125
surrogate, 62, 23.0, 0.3125
surrogate, 62, 23.0, 0.3125
surrogate, 62, 23.0, 0.3125
surrogate, 62, 23.0, 0.3125
surrogate, 62, 23.0, 0.3125
surrogate, 62, 23.0, 0.3125
surrogate, 62, 23.0, 0.3125
surrogate, 62, 23.0, 0.3125
surrogate, 62, 23.0, 0.3125
surrogate, 62, 22.0, 0.25
surrogate, 62, 22.0, 0.25
surrogate, 62, 22.0, 0.25
surrogate, 62, 22.0, 0.25
surrogate, 62, 19.0, 0.09375
surrogate, 62, 19.0, 0.09375
surrogate, 62, 19.0, 0.09375
surrogate, 62, 19.0, 0.09375
surrogate, 62, 19.0, 0.09375
surrogate, 62, 19.0, 0.09375
surrogate, 62, 19.0, 0.09375
surrogate, 62, 19.0, 0.09375
surrogate, 62, 19.0, 0.09375
surrogate, 62, 19.0, 0.09375
surrogate, 63, 27.0, 0.53125
surrogate, 63, 27.0, 0.53125
surrogate, 63, 27.0, 0.53125
surrogate, 63, 27.0, 0.53125
surrogate, 63, 27.0, 0.53125
surrogate, 63, 27.0, 0.53125
surrogate, 63, 27.0, 0.53125
surrogate, 63, 27.0, 0.53125
surrogate, 63, 27.0, 0.53125
surrogate, 63, 27.0, 0.53125
surrogate, 63, 24.0, 0.375
surrogate, 63, 24.0, 0.375
surrogate, 63, 24.0, 0.375
surrogate, 63, 24.0, 0.375
surrogate, 63, 24.0, 0.375
surrogate, 63, 24.0, 0.375
surrogate, 63, 24.0, 0.375
surrogate, 63, 24.0, 0.375
surrogate, 63, 23.0, 0.3125
surrogate, 63, 23.0, 0.3125
surrogate, 63, 23.0, 0.3125
surrogate, 63, 23.0, 0.3125
surrogate, 63, 23.0, 0.3125
surrogate, 63, 23.0, 0.3125
surrogate, 63, 23.0, 0.3125
surrogate, 63, 23.0, 0.3125
surrogate, 63, 23.0, 0.3125
surrogate, 63, 23.0, 0.3125
surrogate, 63, 23.0, 0.3125
surrogate, 63, 23.0, 0.3125
surrogate, 63, 23.0, 0.3125
surrogate, 63, 23.0, 0.3125
surrogate, 63, 23.0, 0.3125
surrogate, 63, 23.0, 0.3125
surrogate, 63, 23.0, 0.3125
surrogate, 63, 23.0, 0.3125
surrogate, 63, 23.0, 0.3125
surrogate, 63, 23.0, 0.3125
surrogate, 63, 23.0, 0.3125
surrogate, 63, 23.0, 0.3125
surrogate, 63, 22.0, 0.25
surrogate, 63, 22.0, 0.25
surrogate, 63, 22.0, 0.25
surrogate, 63, 22.0, 0.25
surrogate, 63, 22.0, 0.25
surrogate, 63, 19.0, 0.09375
surrogate, 63, 19.0, 0.09375
surrogate, 63, 19.0, 0.09375
surrogate, 63, 19.0, 0.09375
surrogate, 63, 19.0, 0.09375
surrogate, 63, 19.0, 0.09375
surrogate, 63, 19.0, 0.09375
surrogate, 63, 19.0, 0.09375
surrogate, 63, 19.0, 0.09375
surrogate, 63, 19.0, 0.09375
surrogate, 63, 19.0, 0.09375
surrogate, 64, 27.0, 0.53125
surrogate, 64, 27.0, 0.53125
surrogate, 64, 27.0, 0.53125
surrogate, 64, 27.0, 0.53125
surrogate, 64, 27.0, 0.53125
surrogate, 64, 27.0, 0.53125
surrogate, 64, 27.0, 0.53125
surrogate, 64, 27.0, 0.53125
surrogate, 64, 27.0, 0.53125
surrogate, 64, 27.0, 0.53125
surrogate, 64, 24.0, 0.375
surrogate, 64, 24.0, 0.375
surrogate, 64, 24.0, 0.375
surrogate, 64, 24.0, 0.375
surrogate, 64, 24.0, 0.375
surrogate, 64, 24.0, 0.375
surrogate, 64, 24.0, 0.375
surrogate, 64, 24.0, 0.375
surrogate, 64, 23.0, 0.3125
surrogate, 64, 23.0, 0.3125
surrogate, 64, 23.0, 0.3125
surrogate, 64, 23.0, 0.3125
surrogate, 64, 23.0, 0.3125
surrogate, 64, 23.0, 0.3125
surrogate, 64, 23.0, 0.3125
surrogate, 64, 23.0, 0.3125
surrogate, 64, 23.0, 0.3125
surrogate, 64, 23.0, 0.3125
surrogate, 64, 23.0, 0.3125
surrogate, 64, 23.0, 0.3125
surrogate, 64, 23.0, 0.3125
surrogate, 64, 23.0, 0.3125
surrogate, 64, 23.0, 0.3125
surrogate, 64, 23.0, 0.3125
surrogate, 64, 23.0, 0.3125
surrogate, 64, 23.0, 0.3125
surrogate, 64, 23.0, 0.3125
surrogate, 64, 23.0, 0.3125
surrogate, 64, 23.0, 0.3125
surrogate, 64, 23.0, 0.3125
surrogate, 64, 22.0, 0.25
surrogate, 64, 22.0, 0.25
surrogate, 64, 22.0, 0.25
surrogate, 64, 22.0, 0.25
surrogate, 64, 22.0, 0.25
surrogate, 64, 19.0, 0.09375
surrogate, 64, 19.0, 0.09375
surrogate, 64, 19.0, 0.09375
surrogate, 64, 19.0, 0.09375
surrogate, 64, 19.0, 0.09375
surrogate, 64, 19.0, 0.09375
surrogate, 64, 19.0, 0.09375
surrogate, 64, 19.0, 0.09375
surrogate, 64, 19.0, 0.09375
surrogate, 64, 19.0, 0.09375
surrogate, 64, 19.0, 0.09375
surrogate, 65, 27.0, 0.53125
surrogate, 65, 27.0, 0.53125
surrogate, 65, 27.0, 0.53125
surrogate, 65, 27.0, 0.53125
surrogate, 65, 27.0, 0.53125
surrogate, 65, 27.0, 0.53125
surrogate, 65, 27.0, 0.53125
surrogate, 65, 27.0, 0.53125
surrogate, 65, 27.0, 0.53125
surrogate, 65, 27.0, 0.53125
surrogate, 65, 24.0, 0.375
surrogate, 65, 24.0, 0.375
surrogate, 65, 24.0, 0.375
surrogate, 65, 24.0, 0.375
surrogate, 65, 24.0, 0.375
surrogate, 65, 24.0, 0.375
surrogate, 65, 24.0, 0.375
surrogate, 65, 24.0, 0.375
surrogate, 65, 23.0, 0.3125
surrogate, 65, 23.0, 0.3125
surrogate, 65, 23.0, 0.3125
surrogate, 65, 23.0, 0.3125
surrogate, 65, 23.0, 0.3125
surrogate, 65, 23.0, 0.3125
surrogate, 65, 23.0, 0.3125
surrogate, 65, 23.0, 0.3125
surrogate, 65, 23.0, 0.3125
surrogate, 65, 23.0, 0.3125
surrogate, 65, 23.0, 0.3125
surrogate, 65, 23.0, 0.3125
surrogate, 65, 23.0, 0.3125
surrogate, 65, 23.0, 0.3125
surrogate, 65, 23.0, 0.3125
surrogate, 65, 23.0, 0.3125
surrogate, 65, 23.0, 0.3125
surrogate, 65, 23.0, 0.3125
surrogate, 65, 23.0, 0.3125
surrogate, 65, 23.0, 0.3125
surrogate, 65, 23.0, 0.3125
surrogate, 65, 23.0, 0.3125
surrogate, 65, 23.0, 0.3125
surrogate, 65, 22.0, 0.25
surrogate, 65, 22.0, 0.25
surrogate, 65, 22.0, 0.25
surrogate, 65, 22.0, 0.25
surrogate, 65, 22.0, 0.25
surrogate, 65, 22.0, 0.25
surrogate, 65, 19.0, 0.09375
surrogate, 65, 19.0, 0.09375
surrogate, 65, 19.0, 0.09375
surrogate, 65, 19.0, 0.09375
surrogate, 65, 19.0, 0.09375
surrogate, 65, 19.0, 0.09375
surrogate, 65, 19.0, 0.09375
surrogate, 65, 19.0, 0.09375
surrogate, 65, 19.0, 0.09375
surrogate, 65, 19.0, 0.09375
surrogate, 65, 19.0, 0.09375
surrogate, 66, 27.0, 0.53125
surrogate, 66, 27.0, 0.53125
surrogate, 66, 27.0, 0.53125
surrogate, 66, 27.0, 0.53125
surrogate, 66, 27.0, 0.53125
surrogate, 66, 27.0, 0.53125
surrogate, 66, 27.0, 0.53125
surrogate, 66, 27.0, 0.53125
surrogate, 66, 27.0, 0.53125
surrogate, 66, 27.0, 0.53125
surrogate, 66, 24.0, 0.375
surrogate, 66, 24.0, 0.375
surrogate, 66, 24.0, 0.375
surrogate, 66, 24.0, 0.375
surrogate, 66, 24.0, 0.375
surrogate, 66, 24.0, 0.375
surrogate, 66, 24.0, 0.375
surrogate, 66, 24.0, 0.375
surrogate, 66, 23.0, 0.3125
surrogate, 66, 23.0, 0.3125
surrogate, 66, 23.0, 0.3125
surrogate, 66, 23.0, 0.3125
surrogate, 66, 23.0, 0.3125
surrogate, 66, 23.0, 0.3125
surrogate, 66, 23.0, 0.3125
surrogate, 66, 23.0, 0.3125
surrogate, 66, 23.0, 0.3125
surrogate, 66, 23.0, 0.3125
surrogate, 66, 23.0, 0.3125
surrogate, 66, 23.0, 0.3125
surrogate, 66, 23.0, 0.3125
surrogate, 66, 23.0, 0.3125
surrogate, 66, 23.0, 0.3125
surrogate, 66, 23.0, 0.3125
surrogate, 66, 23.0, 0.3125
surrogate, 66, 23.0, 0.3125
surrogate, 66, 23.0, 0.3125
surrogate, 66, 23.0, 0.3125
surrogate, 66, 23.0, 0.3125
surrogate, 66, 23.0, 0.3125
surrogate, 66, 23.0, 0.3125
surrogate, 66, 22.0, 0.25
surrogate, 66, 22.0, 0.25
surrogate, 66, 22.0, 0.25
surrogate, 66, 22.0, 0.25
surrogate, 66, 22.0, 0.25
surrogate, 66, 22.0, 0.25
surrogate, 66, 19.0, 0.09375
surrogate, 66, 19.0, 0.09375
surrogate, 66, 19.0, 0.09375
surrogate, 66, 19.0, 0.09375
surrogate, 66, 19.0, 0.09375
surrogate, 66, 19.0, 0.09375
surrogate, 66, 19.0, 0.09375
surrogate, 66, 19.0, 0.09375
surrogate, 66, 19.0, 0.09375
surrogate, 66, 19.0, 0.09375
surrogate, 66, 19.0, 0.09375
surrogate, 67, 27.0, 0.53125
surrogate, 67, 27.0, 0.53125
surrogate, 67, 27.0, 0.53125
surrogate, 67, 27.0, 0.53125
surrogate, 67, 27.0, 0.53125
surrogate, 67, 27.0, 0.53125
surrogate, 67, 27.0, 0.53125
surrogate, 67, 27.0, 0.53125
surrogate, 67, 27.0, 0.53125
surrogate, 67, 27.0, 0.53125
surrogate, 67, 27.0, 0.53125
surrogate, 67, 24.0, 0.375
surrogate, 67, 24.0, 0.375
surrogate, 67, 24.0, 0.375
surrogate, 67, 24.0, 0.375
surrogate, 67, 24.0, 0.375
surrogate, 67, 24.0, 0.375
surrogate, 67, 24.0, 0.375
surrogate, 67, 24.0, 0.375
surrogate, 67, 24.0, 0.375
surrogate, 67, 23.0, 0.3125
surrogate, 67, 23.0, 0.3125
surrogate, 67, 23.0, 0.3125
surrogate, 67, 23.0, 0.3125
surrogate, 67, 23.0, 0.3125
surrogate, 67, 23.0, 0.3125
surrogate, 67, 23.0, 0.3125
surrogate, 67, 23.0, 0.3125
surrogate, 67, 23.0, 0.3125
surrogate, 67, 23.0, 0.3125
surrogate, 67, 23.0, 0.3125
surrogate, 67, 23.0, 0.3125
surrogate, 67, 23.0, 0.3125
surrogate, 67, 23.0, 0.3125
surrogate, 67, 23.0, 0.3125
surrogate, 67, 23.0, 0.3125
surrogate, 67, 23.0, 0.3125
surrogate, 67, 23.0, 0.3125
surrogate, 67, 23.0, 0.3125
surrogate, 67, 23.0, 0.3125
surrogate, 67, 23.0, 0.3125
surrogate, 67, 23.0, 0.3125
surrogate, 67, 23.0, 0.3125
surrogate, 67, 23.0, 0.3125
surrogate, 67, 22.0, 0.25
surrogate, 67, 22.0, 0.25
surrogate, 67, 22.0, 0.25
surrogate, 67, 22.0, 0.25
surrogate, 67, 22.0, 0.25
surrogate, 67, 22.0, 0.25
surrogate, 67, 19.0, 0.09375
surrogate, 67, 19.0, 0.09375
surrogate, 67, 19.0, 0.09375
surrogate, 67, 19.0, 0.09375
surrogate, 67, 19.0, 0.09375
surrogate, 67, 19.0, 0.09375
surrogate, 67, 19.0, 0.09375
surrogate, 67, 19.0, 0.09375
surrogate, 67, 19.0, 0.09375
surrogate, 67, 19.0, 0.09375
surrogate, 67, 19.0, 0.09375
surrogate, 68, 27.0, 0.53125
surrogate, 68, 27.0, 0.53125
surrogate, 68, 27.0, 0.53125
surrogate, 68, 27.0, 0.53125
surrogate, 68, 27.0, 0.53125
surrogate, 68, 27.0, 0.53125
surrogate, 68, 27.0, 0.53125
surrogate, 68, 27.0, 0.53125
surrogate, 68, 27.0, 0.53125
surrogate, 68, 27.0, 0.53125
surrogate, 68, 27.0, 0.53125
surrogate, 68, 24.0, 0.375
surrogate, 68, 24.0, 0.375
surrogate, 68, 24.0, 0.375
surrogate, 68, 24.0, 0.375
surrogate, 68, 24.0, 0.375
surrogate, 68, 24.0, 0.375
surrogate, 68, 24.0, 0.375
surrogate, 68, 24.0, 0.375
surrogate, 68, 24.0, 0.375
surrogate, 68, 23.0, 0.3125
surrogate, 68, 23.0, 0.3125
surrogate, 68, 23.0, 0.3125
surrogate, 68, 23.0, 0.3125
surrogate, 68, 23.0, 0.3125
surrogate, 68, 23.0, 0.3125
surrogate, 68, 23.0, 0.3125
surrogate, 68, 23.0, 0.3125
surrogate, 68, 23.0, 0.3125
surrogate, 68, 23.0, 0.3125
surrogate, 68, 23.0, 0.3125
surrogate, 68, 23.0, 0.3125
surrogate, 68, 23.0, 0.3125
surrogate, 68, 23.0, 0.3125
surrogate, 68, 23.0, 0.3125
surrogate, 68, 23.0, 0.3125
surrogate, 68, 23.0, 0.3125
surrogate, 68, 23.0, 0.3125
surrogate, 68, 23.0, 0.3125
surrogate, 68, 23.0, 0.3125
surrogate, 68, 23.0, 0.3125
surrogate, 68, 23.0, 0.3125
surrogate, 68, 23.0, 0.3125
surrogate, 68, 23.0, 0.3125
surrogate, 68, 23.0, 0.3125
surrogate, 68, 22.0, 0.25
surrogate, 68, 22.0, 0.25
surrogate, 68, 22.0, 0.25
surrogate, 68, 22.0, 0.25
surrogate, 68, 22.0, 0.25
surrogate, 68, 22.0, 0.25
surrogate, 68, 19.0, 0.09375
surrogate, 68, 19.0, 0.09375
surrogate, 68, 19.0, 0.09375
surrogate, 68, 19.0, 0.09375
surrogate, 68, 19.0, 0.09375
surrogate, 68, 19.0, 0.09375
surrogate, 68, 19.0, 0.09375
surrogate, 68, 19.0, 0.09375
surrogate, 68, 19.0, 0.09375
surrogate, 68, 19.0, 0.09375
surrogate, 68, 19.0, 0.09375
surrogate, 69, 27.0, 0.53125
surrogate, 69, 27.0, 0.53125
surrogate, 69, 27.0, 0.53125
surrogate, 69, 27.0, 0.53125
surrogate, 69, 27.0, 0.53125
surrogate, 69, 27.0, 0.53125
surrogate, 69, 27.0, 0.53125
surrogate, 69, 27.0, 0.53125
surrogate, 69, 27.0, 0.53125
surrogate, 69, 27.0, 0.53125
surrogate, 69, 27.0, 0.53125
surrogate, 69, 24.0, 0.375
surrogate, 69, 24.0, 0.375
surrogate, 69, 24.0, 0.375
surrogate, 69, 24.0, 0.375
surrogate, 69, 24.0, 0.375
surrogate, 69, 24.0, 0.375
surrogate, 69, 24.0, 0.375
surrogate, 69, 24.0, 0.375
surrogate, 69, 24.0, 0.375
surrogate, 69, 24.0, 0.375
surrogate, 69, 23.0, 0.3125
surrogate, 69, 23.0, 0.3125
surrogate, 69, 23.0, 0.3125
surrogate, 69, 23.0, 0.3125
surrogate, 69, 23.0, 0.3125
surrogate, 69, 23.0, 0.3125
surrogate, 69, 23.0, 0.3125
surrogate, 69, 23.0, 0.3125
surrogate, 69, 23.0, 0.3125
surrogate, 69, 23.0, 0.3125
surrogate, 69, 23.0, 0.3125
surrogate, 69, 23.0, 0.3125
surrogate, 69, 23.0, 0.3125
surrogate, 69, 23.0, 0.3125
surrogate, 69, 23.0, 0.3125
surrogate, 69, 23.0, 0.3125
surrogate, 69, 23.0, 0.3125
surrogate, 69, 23.0, 0.3125
surrogate, 69, 23.0, 0.3125
surrogate, 69, 23.0, 0.3125
surrogate, 69, 23.0, 0.3125
surrogate, 69, 23.0, 0.3125
surrogate, 69, 23.0, 0.3125
surrogate, 69, 23.0, 0.3125
surrogate, 69, 23.0, 0.3125
surrogate, 69, 22.0, 0.25
surrogate, 69, 22.0, 0.25
surrogate, 69, 22.0, 0.25
surrogate, 69, 22.0, 0.25
surrogate, 69, 22.0, 0.25
surrogate, 69, 22.0, 0.25
surrogate, 69, 19.0, 0.09375
surrogate, 69, 19.0, 0.09375
surrogate, 69, 19.0, 0.09375
surrogate, 69, 19.0, 0.09375
surrogate, 69, 19.0, 0.09375
surrogate, 69, 19.0, 0.09375
surrogate, 69, 19.0, 0.09375
surrogate, 69, 19.0, 0.09375
surrogate, 69, 19.0, 0.09375
surrogate, 69, 19.0, 0.09375
surrogate, 69, 19.0, 0.09375
surrogate, 70, 27.0, 0.53125
surrogate, 70, 27.0, 0.53125
surrogate, 70, 27.0, 0.53125
surrogate, 70, 27.0, 0.53125
surrogate, 70, 27.0, 0.53125
surrogate, 70, 27.0, 0.53125
surrogate, 70, 27.0, 0.53125
surrogate, 70, 27.0, 0.53125
surrogate, 70, 27.0, 0.53125
surrogate, 70, 27.0, 0.53125
surrogate, 70, 27.0, 0.53125
surrogate, 70, 24.0, 0.375
surrogate, 70, 24.0, 0.375
surrogate, 70, 24.0, 0.375
surrogate, 70, 24.0, 0.375
surrogate, 70, 24.0, 0.375
surrogate, 70, 24.0, 0.375
surrogate, 70, 24.0, 0.375
surrogate, 70, 24.0, 0.375
surrogate, 70, 24.0, 0.375
surrogate, 70, 24.0, 0.375
surrogate, 70, 23.0, 0.3125
surrogate, 70, 23.0, 0.3125
surrogate, 70, 23.0, 0.3125
surrogate, 70, 23.0, 0.3125
surrogate, 70, 23.0, 0.3125
surrogate, 70, 23.0, 0.3125
surrogate, 70, 23.0, 0.3125
surrogate, 70, 23.0, 0.3125
surrogate, 70, 23.0, 0.3125
surrogate, 70, 23.0, 0.3125
surrogate, 70, 23.0, 0.3125
surrogate, 70, 23.0, 0.3125
surrogate, 70, 23.0, 0.3125
surrogate, 70, 23.0, 0.3125
surrogate, 70, 23.0, 0.3125
surrogate, 70, 23.0, 0.3125
surrogate, 70, 23.0, 0.3125
surrogate, 70, 23.0, 0.3125
surrogate, 70, 23.0, 0.3125
surrogate, 70, 23.0, 0.3125
surrogate, 70, 23.0, 0.3125
surrogate, 70, 23.0, 0.3125
surrogate, 70, 23.0, 0.3125
surrogate, 70, 23.0, 0.3125
surrogate, 70, 23.0, 0.3125
surrogate, 70, 22.0, 0.25
surrogate, 70, 22.0, 0.25
surrogate, 70, 22.0, 0.25
surrogate, 70, 22.0, 0.25
surrogate, 70, 22.0, 0.25
surrogate, 70, 22.0, 0.25
surrogate, 70, 19.0, 0.09375
surrogate, 70, 19.0, 0.09375
surrogate, 70, 19.0, 0.09375
surrogate, 70, 19.0, 0.09375
surrogate, 70, 19.0, 0.09375
surrogate, 70, 19.0, 0.09375
surrogate, 70, 19.0, 0.09375
surrogate, 70, 19.0, 0.09375
surrogate, 70, 19.0, 0.09375
surrogate, 70, 19.0, 0.09375
surrogate, 70, 19.0, 0.09375
surrogate, 71, 27.0, 0.53125
surrogate, 71, 27.0, 0.53125
surrogate, 71, 27.0, 0.53125
surrogate, 71, 27.0, 0.53125
surrogate, 71, 27.0, 0.53125
surrogate, 71, 27.0, 0.53125
surrogate, 71, 27.0, 0.53125
surrogate, 71, 27.0, 0.53125
surrogate, 71, 27.0, 0.53125
surrogate, 71, 27.0, 0.53125
surrogate, 71, 27.0, 0.53125
surrogate, 71, 27.0, 0.53125
surrogate, 71, 24.0, 0.375
surrogate, 71, 24.0, 0.375
surrogate, 71, 24.0, 0.375
surrogate, 71, 24.0, 0.375
surrogate, 71, 24.0, 0.375
surrogate, 71, 24.0, 0.375
surrogate, 71, 24.0, 0.375
surrogate, 71, 24.0, 0.375
surrogate, 71, 24.0, 0.375
surrogate, 71, 24.0, 0.375
surrogate, 71, 23.0, 0.3125
surrogate, 71, 23.0, 0.3125
surrogate, 71, 23.0, 0.3125
surrogate, 71, 23.0, 0.3125
surrogate, 71, 23.0, 0.3125
surrogate, 71, 23.0, 0.3125
surrogate, 71, 23.0, 0.3125
surrogate, 71, 23.0, 0.3125
surrogate, 71, 23.0, 0.3125
surrogate, 71, 23.0, 0.3125
surrogate, 71, 23.0, 0.3125
surrogate, 71, 23.0, 0.3125
surrogate, 71, 23.0, 0.3125
surrogate, 71, 23.0, 0.3125
surrogate, 71, 23.0, 0.3125
surrogate, 71, 23.0, 0.3125
surrogate, 71, 23.0, 0.3125
surrogate, 71, 23.0, 0.3125
surrogate, 71, 23.0, 0.3125
surrogate, 71, 23.0, 0.3125
surrogate, 71, 23.0, 0.3125
surrogate, 71, 23.0, 0.3125
surrogate, 71, 23.0, 0.3125
surrogate, 71, 23.0, 0.3125
surrogate, 71, 23.0, 0.3125
surrogate, 71, 23.0, 0.3125
surrogate, 71, 22.0, 0.25
surrogate, 71, 22.0, 0.25
surrogate, 71, 22.0, 0.25
surrogate, 71, 22.0, 0.25
surrogate, 71, 22.0, 0.25
surrogate, 71, 22.0, 0.25
surrogate, 71, 19.0, 0.09375
surrogate, 71, 19.0, 0.09375
surrogate, 71, 19.0, 0.09375
surrogate, 71, 19.0, 0.09375
surrogate, 71, 19.0, 0.09375
surrogate, 71, 19.0, 0.09375
surrogate, 71, 19.0, 0.09375
surrogate, 71, 19.0, 0.09375
surrogate, 71, 19.0, 0.09375
surrogate, 71, 19.0, 0.09375
surrogate, 71, 19.0, 0.09375
surrogate, 72, 27.0, 0.53125
surrogate, 72, 27.0, 0.53125
surrogate, 72, 27.0, 0.53125
surrogate, 72, 27.0, 0.53125
surrogate, 72, 27.0, 0.53125
surrogate, 72, 27.0, 0.53125
surrogate, 72, 27.0, 0.53125
surrogate, 72, 27.0, 0.53125
surrogate, 72, 27.0, 0.53125
surrogate, 72, 27.0, 0.53125
surrogate, 72, 27.0, 0.53125
surrogate, 72, 27.0, 0.53125
surrogate, 72, 24.0, 0.375
surrogate, 72, 24.0, 0.375
surrogate, 72, 24.0, 0.375
surrogate, 72, 24.0, 0.375
surrogate, 72, 24.0, 0.375
surrogate, 72, 24.0, 0.375
surrogate, 72, 24.0, 0.375
surrogate, 72, 24.0, 0.375
surrogate, 72, 24.0, 0.375
surrogate, 72, 24.0, 0.375
surrogate, 72, 23.0, 0.3125
surrogate, 72, 23.0, 0.3125
surrogate, 72, 23.0, 0.3125
surrogate, 72, 23.0, 0.3125
surrogate, 72, 23.0, 0.3125
surrogate, 72, 23.0, 0.3125
surrogate, 72, 23.0, 0.3125
surrogate, 72, 23.0, 0.3125
surrogate, 72, 23.0, 0.3125
surrogate, 72, 23.0, 0.3125
surrogate, 72, 23.0, 0.3125
surrogate, 72, 23.0, 0.3125
surrogate, 72, 23.0, 0.3125
surrogate, 72, 23.0, 0.3125
surrogate, 72, 23.0, 0.3125
surrogate, 72, 23.0, 0.3125
surrogate, 72, 23.0, 0.3125
surrogate, 72, 23.0, 0.3125
surrogate, 72, 23.0, 0.3125
surrogate, 72, 23.0, 0.3125
surrogate, 72, 23.0, 0.3125
surrogate, 72, 23.0, 0.3125
surrogate, 72, 23.0, 0.3125
surrogate, 72, 23.0, 0.3125
surrogate, 72, 23.0, 0.3125
surrogate, 72, 23.0, 0.3125
surrogate, 72, 22.0, 0.25
surrogate, 72, 22.0, 0.25
surrogate, 72, 22.0, 0.25
surrogate, 72, 22.0, 0.25
surrogate, 72, 22.0, 0.25
surrogate, 72, 22.0, 0.25
surrogate, 72, 19.0, 0.09375
surrogate, 72, 19.0, 0.09375
surrogate, 72, 19.0, 0.09375
surrogate, 72, 19.0, 0.09375
surrogate, 72, 19.0, 0.09375
surrogate, 72, 19.0, 0.09375
surrogate, 72, 19.0, 0.09375
surrogate, 72, 19.0, 0.09375
surrogate, 72, 19.0, 0.09375
surrogate, 72, 19.0, 0.09375
surrogate, 72, 19.0, 0.09375
surrogate, 72, 19.0, 0.09375
surrogate, 73, 27.0, 0.53125
surrogate, 73, 27.0, 0.53125
surrogate, 73, 27.0, 0.53125
surrogate, 73, 27.0, 0.53125
surrogate, 73, 27.0, 0.53125
surrogate, 73, 27.0, 0.53125
surrogate, 73, 27.0, 0.53125
surrogate, 73, 27.0, 0.53125
surrogate, 73, 27.0, 0.53125
surrogate, 73, 27.0, 0.53125
surrogate, 73, 27.0, 0.53125
surrogate, 73, 27.0, 0.53125
surrogate, 73, 24.0, 0.375
surrogate, 73, 24.0, 0.375
surrogate, 73, 24.0, 0.375
surrogate, 73, 24.0, 0.375
surrogate, 73, 24.0, 0.375
surrogate, 73, 24.0, 0.375
surrogate, 73, 24.0, 0.375
surrogate, 73, 24.0, 0.375
surrogate, 73, 24.0, 0.375
surrogate, 73, 24.0, 0.375
surrogate, 73, 23.0, 0.3125
surrogate, 73, 23.0, 0.3125
surrogate, 73, 23.0, 0.3125
surrogate, 73, 23.0, 0.3125
surrogate, 73, 23.0, 0.3125
surrogate, 73, 23.0, 0.3125
surrogate, 73, 23.0, 0.3125
surrogate, 73, 23.0, 0.3125
surrogate, 73, 23.0, 0.3125
surrogate, 73, 23.0, 0.3125
surrogate, 73, 23.0, 0.3125
surrogate, 73, 23.0, 0.3125
surrogate, 73, 23.0, 0.3125
surrogate, 73, 23.0, 0.3125
surrogate, 73, 23.0, 0.3125
surrogate, 73, 23.0, 0.3125
surrogate, 73, 23.0, 0.3125
surrogate, 73, 23.0, 0.3125
surrogate, 73, 23.0, 0.3125
surrogate, 73, 23.0, 0.3125
surrogate, 73, 23.0, 0.3125
surrogate, 73, 23.0, 0.3125
surrogate, 73, 23.0, 0.3125
surrogate, 73, 23.0, 0.3125
surrogate, 73, 23.0, 0.3125
surrogate, 73, 23.0, 0.3125
surrogate, 73, 22.0, 0.25
surrogate, 73, 22.0, 0.25
surrogate, 73, 22.0, 0.25
surrogate, 73, 22.0, 0.25
surrogate, 73, 22.0, 0.25
surrogate, 73, 22.0, 0.25
surrogate, 73, 22.0, 0.25
surrogate, 73, 19.0, 0.09375
surrogate, 73, 19.0, 0.09375
surrogate, 73, 19.0, 0.09375
surrogate, 73, 19.0, 0.09375
surrogate, 73, 19.0, 0.09375
surrogate, 73, 19.0, 0.09375
surrogate, 73, 19.0, 0.09375
surrogate, 73, 19.0, 0.09375
surrogate, 73, 19.0, 0.09375
surrogate, 73, 19.0, 0.09375
surrogate, 73, 19.0, 0.09375
surrogate, 73, 19.0, 0.09375
surrogate, 73, 19.0, 0.09375
surrogate, 74, 27.0, 0.53125
surrogate, 74, 27.0, 0.53125
surrogate, 74, 27.0, 0.53125
surrogate, 74, 27.0, 0.53125
surrogate, 74, 27.0, 0.53125
surrogate, 74, 27.0, 0.53125
surrogate, 74, 27.0, 0.53125
surrogate, 74, 27.0, 0.53125
surrogate, 74, 27.0, 0.53125
surrogate, 74, 27.0, 0.53125
surrogate, 74, 27.0, 0.53125
surrogate, 74, 27.0, 0.53125
surrogate, 74, 24.0, 0.375
surrogate, 74, 24.0, 0.375
surrogate, 74, 24.0, 0.375
surrogate, 74, 24.0, 0.375
surrogate, 74, 24.0, 0.375
surrogate, 74, 24.0, 0.375
surrogate, 74, 24.0, 0.375
surrogate, 74, 24.0, 0.375
surrogate, 74, 24.0, 0.375
surrogate, 74, 24.0, 0.375
surrogate, 74, 23.0, 0.3125
surrogate, 74, 23.0, 0.3125
surrogate, 74, 23.0, 0.3125
surrogate, 74, 23.0, 0.3125
surrogate, 74, 23.0, 0.3125
surrogate, 74, 23.0, 0.3125
surrogate, 74, 23.0, 0.3125
surrogate, 74, 23.0, 0.3125
surrogate, 74, 23.0, 0.3125
surrogate, 74, 23.0, 0.3125
surrogate, 74, 23.0, 0.3125
surrogate, 74, 23.0, 0.3125
surrogate, 74, 23.0, 0.3125
surrogate, 74, 23.0, 0.3125
surrogate, 74, 23.0, 0.3125
surrogate, 74, 23.0, 0.3125
surrogate, 74, 23.0, 0.3125
surrogate, 74, 23.0, 0.3125
surrogate, 74, 23.0, 0.3125
surrogate, 74, 23.0, 0.3125
surrogate, 74, 23.0, 0.3125
surrogate, 74, 23.0, 0.3125
surrogate, 74, 23.0, 0.3125
surrogate, 74, 23.0, 0.3125
surrogate, 74, 23.0, 0.3125
surrogate, 74, 23.0, 0.3125
surrogate, 74, 22.0, 0.25
surrogate, 74, 22.0, 0.25
surrogate, 74, 22.0, 0.25
surrogate, 74, 22.0, 0.25
surrogate, 74, 22.0, 0.25
surrogate, 74, 22.0, 0.25
surrogate, 74, 22.0, 0.25
surrogate, 74, 19.0, 0.09375
surrogate, 74, 19.0, 0.09375
surrogate, 74, 19.0, 0.09375
surrogate, 74, 19.0, 0.09375
surrogate, 74, 19.0, 0.09375
surrogate, 74, 19.0, 0.09375
surrogate, 74, 19.0, 0.09375
surrogate, 74, 19.0, 0.09375
surrogate, 74, 19.0, 0.09375
surrogate, 74, 19.0, 0.09375
surrogate, 74, 19.0, 0.09375
surrogate, 74, 19.0, 0.09375
surrogate, 74, 19.0, 0.09375
surrogate, 75, 27.0, 0.53125
surrogate, 75, 27.0, 0.53125
surrogate, 75, 27.0, 0.53125
surrogate, 75, 27.0, 0.53125
surrogate, 75, 27.0, 0.53125
surrogate, 75, 27.0, 0.53125
surrogate, 75, 27.0, 0.53125
surrogate, 75, 27.0, 0.53125
surrogate, 75, 27.0, 0.53125
surrogate, 75, 27.0, 0.53125
surrogate, 75, 27.0, 0.53125
surrogate, 75, 27.0, 0.53125
surrogate, 75, 24.0, 0.375
surrogate, 75, 24.0, 0.375
surrogate, 75, 24.0, 0.375
surrogate, 75, 24.0, 0.375
surrogate, 75, 24.0, 0.375
surrogate, 75, 24.0, 0.375
surrogate, 75, 24.0, 0.375
surrogate, 75, 24.0, 0.375
surrogate, 75, 24.0, 0.375
surrogate, 75, 24.0, 0.375
surrogate, 75, 24.0, 0.375
surrogate, 75, 23.0, 0.3125
surrogate, 75, 23.0, 0.3125
surrogate, 75, 23.0, 0.3125
surrogate, 75, 23.0, 0.3125
surrogate, 75, 23.0, 0.3125
surrogate, 75, 23.0, 0.3125
surrogate, 75, 23.0, 0.3125
surrogate, 75, 23.0, 0.3125
surrogate, 75, 23.0, 0.3125
surrogate, 75, 23.0, 0.3125
surrogate, 75, 23.0, 0.3125
surrogate, 75, 23.0, 0.3125
surrogate, 75, 23.0, 0.3125
surrogate, 75, 23.0, 0.3125
surrogate, 75, 23.0, 0.3125
surrogate, 75, 23.0, 0.3125
surrogate, 75, 23.0, 0.3125
surrogate, 75, 23.0, 0.3125
surrogate, 75, 23.0, 0.3125
surrogate, 75, 23.0, 0.3125
surrogate, 75, 23.0, 0.3125
surrogate, 75, 23.0, 0.3125
surrogate, 75, 23.0, 0.3125
surrogate, 75, 23.0, 0.3125
surrogate, 75, 23.0, 0.3125
surrogate, 75, 23.0, 0.3125
surrogate, 75, 23.0, 0.3125
surrogate, 75, 22.0, 0.25
surrogate, 75, 22.0, 0.25
surrogate, 75, 22.0, 0.25
surrogate, 75, 22.0, 0.25
surrogate, 75, 22.0, 0.25
surrogate, 75, 22.0, 0.25
surrogate, 75, 22.0, 0.25
surrogate, 75, 19.0, 0.09375
surrogate, 75, 19.0, 0.09375
surrogate, 75, 19.0, 0.09375
surrogate, 75, 19.0, 0.09375
surrogate, 75, 19.0, 0.09375
surrogate, 75, 19.0, 0.09375
surrogate, 75, 19.0, 0.09375
surrogate, 75, 19.0, 0.09375
surrogate, 75, 19.0, 0.09375
surrogate, 75, 19.0, 0.09375
surrogate, 75, 19.0, 0.09375
surrogate, 75, 19.0, 0.09375
surrogate, 75, 19.0, 0.09375
surrogate, 75, 19.0, 0.09375
surrogate, 76, 27.0, 0.53125
surrogate, 76, 27.0, 0.53125
surrogate, 76, 27.0, 0.53125
surrogate, 76, 27.0, 0.53125
surrogate, 76, 27.0, 0.53125
surrogate, 76, 27.0, 0.53125
surrogate, 76, 27.0, 0.53125
surrogate, 76, 27.0, 0.53125
surrogate, 76, 27.0, 0.53125
surrogate, 76, 27.0, 0.53125
surrogate, 76, 27.0, 0.53125
surrogate, 76, 27.0, 0.53125
surrogate, 76, 24.0, 0.375
surrogate, 76, 24.0, 0.375
surrogate, 76, 24.0, 0.375
surrogate, 76, 24.0, 0.375
surrogate, 76, 24.0, 0.375
surrogate, 76, 24.0, 0.375
surrogate, 76, 24.0, 0.375
surrogate, 76, 24.0, 0.375
surrogate, 76, 24.0, 0.375
surrogate, 76, 24.0, 0.375
surrogate, 76, 24.0, 0.375
surrogate, 76, 24.0, 0.375
surrogate, 76, 23.0, 0.3125
surrogate, 76, 23.0, 0.3125
surrogate, 76, 23.0, 0.3125
surrogate, 76, 23.0, 0.3125
surrogate, 76, 23.0, 0.3125
surrogate, 76, 23.0, 0.3125
surrogate, 76, 23.0, 0.3125
surrogate, 76, 23.0, 0.3125
surrogate, 76, 23.0, 0.3125
surrogate, 76, 23.0, 0.3125
surrogate, 76, 23.0, 0.3125
surrogate, 76, 23.0, 0.3125
surrogate, 76, 23.0, 0.3125
surrogate, 76, 23.0, 0.3125
surrogate, 76, 23.0, 0.3125
surrogate, 76, 23.0, 0.3125
surrogate, 76, 23.0, 0.3125
surrogate, 76, 23.0, 0.3125
surrogate, 76, 23.0, 0.3125
surrogate, 76, 23.0, 0.3125
surrogate, 76, 23.0, 0.3125
surrogate, 76, 23.0, 0.3125
surrogate, 76, 23.0, 0.3125
surrogate, 76, 23.0, 0.3125
surrogate, 76, 23.0, 0.3125
surrogate, 76, 23.0, 0.3125
surrogate, 76, 23.0, 0.3125
surrogate, 76, 23.0, 0.3125
surrogate, 76, 22.0, 0.25
surrogate, 76, 22.0, 0.25
surrogate, 76, 22.0, 0.25
surrogate, 76, 22.0, 0.25
surrogate, 76, 22.0, 0.25
surrogate, 76, 22.0, 0.25
surrogate, 76, 22.0, 0.25
surrogate, 76, 19.0, 0.09375
surrogate, 76, 19.0, 0.09375
surrogate, 76, 19.0, 0.09375
surrogate, 76, 19.0, 0.09375
surrogate, 76, 19.0, 0.09375
surrogate, 76, 19.0, 0.09375
surrogate, 76, 19.0, 0.09375
surrogate, 76, 19.0, 0.09375
surrogate, 76, 19.0, 0.09375
surrogate, 76, 19.0, 0.09375
surrogate, 76, 19.0, 0.09375
surrogate, 76, 19.0, 0.09375
surrogate, 76, 19.0, 0.09375
surrogate, 76, 19.0, 0.09375
surrogate, 76, 19.0, 0.09375
surrogate, 77, 27.0, 0.53125
surrogate, 77, 27.0, 0.53125
surrogate, 77, 27.0, 0.53125
surrogate, 77, 27.0, 0.53125
surrogate, 77, 27.0, 0.53125
surrogate, 77, 27.0, 0.53125
surrogate, 77, 27.0, 0.53125
surrogate, 77, 27.0, 0.53125
surrogate, 77, 27.0, 0.53125
surrogate, 77, 27.0, 0.53125
surrogate, 77, 27.0, 0.53125
surrogate, 77, 27.0, 0.53125
surrogate, 77, 24.0, 0.375
surrogate, 77, 24.0, 0.375
surrogate, 77, 24.0, 0.375
surrogate, 77, 24.0, 0.375
surrogate, 77, 24.0, 0.375
surrogate, 77, 24.0, 0.375
surrogate, 77, 24.0, 0.375
surrogate, 77, 24.0, 0.375
surrogate, 77, 24.0, 0.375
surrogate, 77, 24.0, 0.375
surrogate, 77, 24.0, 0.375
surrogate, 77, 24.0, 0.375
surrogate, 77, 23.0, 0.3125
surrogate, 77, 23.0, 0.3125
surrogate, 77, 23.0, 0.3125
surrogate, 77, 23.0, 0.3125
surrogate, 77, 23.0, 0.3125
surrogate, 77, 23.0, 0.3125
surrogate, 77, 23.0, 0.3125
surrogate, 77, 23.0, 0.3125
surrogate, 77, 23.0, 0.3125
surrogate, 77, 23.0, 0.3125
surrogate, 77, 23.0, 0.3125
surrogate, 77, 23.0, 0.3125
surrogate, 77, 23.0, 0.3125
surrogate, 77, 23.0, 0.3125
surrogate, 77, 23.0, 0.3125
surrogate, 77, 23.0, 0.3125
surrogate, 77, 23.0, 0.3125
surrogate, 77, 23.0, 0.3125
surrogate, 77, 23.0, 0.3125
surrogate, 77, 23.0, 0.3125
surrogate, 77, 23.0, 0.3125
surrogate, 77, 23.0, 0.3125
surrogate, 77, 23.0, 0.3125
surrogate, 77, 23.0, 0.3125
surrogate, 77, 23.0, 0.3125
surrogate, 77, 23.0, 0.3125
surrogate, 77, 23.0, 0.3125
surrogate, 77, 23.0, 0.3125
surrogate, 77, 23.0, 0.3125
surrogate, 77, 22.0, 0.25
surrogate, 77, 22.0, 0.25
surrogate, 77, 22.0, 0.25
surrogate, 77, 22.0, 0.25
surrogate, 77, 22.0, 0.25
surrogate, 77, 22.0, 0.25
surrogate, 77, 22.0, 0.25
surrogate, 77, 22.0, 0.25
surrogate, 77, 19.0, 0.09375
surrogate, 77, 19.0, 0.09375
surrogate, 77, 19.0, 0.09375
surrogate, 77, 19.0, 0.09375
surrogate, 77, 19.0, 0.09375
surrogate, 77, 19.0, 0.09375
surrogate, 77, 19.0, 0.09375
surrogate, 77, 19.0, 0.09375
surrogate, 77, 19.0, 0.09375
surrogate, 77, 19.0, 0.09375
surrogate, 77, 19.0, 0.09375
surrogate, 77, 19.0, 0.09375
surrogate, 77, 19.0, 0.09375
surrogate, 77, 19.0, 0.09375
surrogate, 77, 19.0, 0.09375
surrogate, 77, 19.0, 0.09375
surrogate, 78, 27.0, 0.53125
surrogate, 78, 27.0, 0.53125
surrogate, 78, 27.0, 0.53125
surrogate, 78, 27.0, 0.53125
surrogate, 78, 27.0, 0.53125
surrogate, 78, 27.0, 0.53125
surrogate, 78, 27.0, 0.53125
surrogate, 78, 27.0, 0.53125
surrogate, 78, 27.0, 0.53125
surrogate, 78, 27.0, 0.53125
surrogate, 78, 27.0, 0.53125
surrogate, 78, 27.0, 0.53125
surrogate, 78, 27.0, 0.53125
surrogate, 78, 24.0, 0.375
surrogate, 78, 24.0, 0.375
surrogate, 78, 24.0, 0.375
surrogate, 78, 24.0, 0.375
surrogate, 78, 24.0, 0.375
surrogate, 78, 24.0, 0.375
surrogate, 78, 24.0, 0.375
surrogate, 78, 24.0, 0.375
surrogate, 78, 24.0, 0.375
surrogate, 78, 24.0, 0.375
surrogate, 78, 24.0, 0.375
surrogate, 78, 24.0, 0.375
surrogate, 78, 23.0, 0.3125
surrogate, 78, 23.0, 0.3125
surrogate, 78, 23.0, 0.3125
surrogate, 78, 23.0, 0.3125
surrogate, 78, 23.0, 0.3125
surrogate, 78, 23.0, 0.3125
surrogate, 78, 23.0, 0.3125
surrogate, 78, 23.0, 0.3125
surrogate, 78, 23.0, 0.3125
surrogate, 78, 23.0, 0.3125
surrogate, 78, 23.0, 0.3125
surrogate, 78, 23.0, 0.3125
surrogate, 78, 23.0, 0.3125
surrogate, 78, 23.0, 0.3125
surrogate, 78, 23.0, 0.3125
surrogate, 78, 23.0, 0.3125
surrogate, 78, 23.0, 0.3125
surrogate, 78, 23.0, 0.3125
surrogate, 78, 23.0, 0.3125
surrogate, 78, 23.0, 0.3125
surrogate, 78, 23.0, 0.3125
surrogate, 78, 23.0, 0.3125
surrogate, 78, 23.0, 0.3125
surrogate, 78, 23.0, 0.3125
surrogate, 78, 23.0, 0.3125
surrogate, 78, 23.0, 0.3125
surrogate, 78, 23.0, 0.3125
surrogate, 78, 23.0, 0.3125
surrogate, 78, 23.0, 0.3125
surrogate, 78, 22.0, 0.25
surrogate, 78, 22.0, 0.25
surrogate, 78, 22.0, 0.25
surrogate, 78, 22.0, 0.25
surrogate, 78, 22.0, 0.25
surrogate, 78, 22.0, 0.25
surrogate, 78, 22.0, 0.25
surrogate, 78, 22.0, 0.25
surrogate, 78, 22.0, 0.25
surrogate, 78, 19.0, 0.09375
surrogate, 78, 19.0, 0.09375
surrogate, 78, 19.0, 0.09375
surrogate, 78, 19.0, 0.09375
surrogate, 78, 19.0, 0.09375
surrogate, 78, 19.0, 0.09375
surrogate, 78, 19.0, 0.09375
surrogate, 78, 19.0, 0.09375
surrogate, 78, 19.0, 0.09375
surrogate, 78, 19.0, 0.09375
surrogate, 78, 19.0, 0.09375
surrogate, 78, 19.0, 0.09375
surrogate, 78, 19.0, 0.09375
surrogate, 78, 19.0, 0.09375
surrogate, 78, 19.0, 0.09375
surrogate, 78, 19.0, 0.09375
surrogate, 78, 19.0, 0.09375
surrogate, 79, 27.0, 0.53125
surrogate, 79, 27.0, 0.53125
surrogate, 79, 27.0, 0.53125
surrogate, 79, 27.0, 0.53125
surrogate, 79, 27.0, 0.53125
surrogate, 79, 27.0, 0.53125
surrogate, 79, 27.0, 0.53125
surrogate, 79, 27.0, 0.53125
surrogate, 79, 27.0, 0.53125
surrogate, 79, 27.0, 0.53125
surrogate, 79, 27.0, 0.53125
surrogate, 79, 27.0, 0.53125
surrogate, 79, 27.0, 0.53125
surrogate, 79, 27.0, 0.53125
surrogate, 79, 24.0, 0.375
surrogate, 79, 24.0, 0.375
surrogate, 79, 24.0, 0.375
surrogate, 79, 24.0, 0.375
surrogate, 79, 24.0, 0.375
surrogate, 79, 24.0, 0.375
surrogate, 79, 24.0, 0.375
surrogate, 79, 24.0, 0.375
surrogate, 79, 24.0, 0.375
surrogate, 79, 24.0, 0.375
surrogate, 79, 24.0, 0.375
surrogate, 79, 24.0, 0.375
surrogate, 79, 24.0, 0.375
surrogate, 79, 23.0, 0.3125
surrogate, 79, 23.0, 0.3125
surrogate, 79, 23.0, 0.3125
surrogate, 79, 23.0, 0.3125
surrogate, 79, 23.0, 0.3125
surrogate, 79, 23.0, 0.3125
surrogate, 79, 23.0, 0.3125
surrogate, 79, 23.0, 0.3125
surrogate, 79, 23.0, 0.3125
surrogate, 79, 23.0, 0.3125
surrogate, 79, 23.0, 0.3125
surrogate, 79, 23.0, 0.3125
surrogate, 79, 23.0, 0.3125
surrogate, 79, 23.0, 0.3125
surrogate, 79, 23.0, 0.3125
surrogate, 79, 23.0, 0.3125
surrogate, 79, 23.0, 0.3125
surrogate, 79, 23.0, 0.3125
surrogate, 79, 23.0, 0.3125
surrogate, 79, 23.0, 0.3125
surrogate, 79, 23.0, 0.3125
surrogate, 79, 23.0, 0.3125
surrogate, 79, 23.0, 0.3125
surrogate, 79, 23.0, 0.3125
surrogate, 79, 23.0, 0.3125
surrogate, 79, 23.0, 0.3125
surrogate, 79, 23.0, 0.3125
surrogate, 79, 23.0, 0.3125
surrogate, 79, 23.0, 0.3125
surrogate, 79, 22.0, 0.25
surrogate, 79, 22.0, 0.25
surrogate, 79, 22.0, 0.25
surrogate, 79, 22.0, 0.25
surrogate, 79, 22.0, 0.25
surrogate, 79, 22.0, 0.25
surrogate, 79, 22.0, 0.25
surrogate, 79, 22.0, 0.25
surrogate, 79, 22.0, 0.25
surrogate, 79, 22.0, 0.25
surrogate, 79, 19.0, 0.09375
surrogate, 79, 19.0, 0.09375
surrogate, 79, 19.0, 0.09375
surrogate, 79, 19.0, 0.09375
surrogate, 79, 19.0, 0.09375
surrogate, 79, 19.0, 0.09375
surrogate, 79, 19.0, 0.09375
surrogate, 79, 19.0, 0.09375
surrogate, 79, 19.0, 0.09375
surrogate, 79, 19.0, 0.09375
surrogate, 79, 19.0, 0.09375
surrogate, 79, 19.0, 0.09375
surrogate, 79, 19.0, 0.09375
surrogate, 79, 19.0, 0.09375
surrogate, 79, 19.0, 0.09375
surrogate, 79, 19.0, 0.09375
surrogate, 79, 19.0, 0.09375
surrogate, 80, 27.0, 0.53125
surrogate, 80, 27.0, 0.53125
surrogate, 80, 27.0, 0.53125
surrogate, 80, 27.0, 0.53125
surrogate, 80, 27.0, 0.53125
surrogate, 80, 27.0, 0.53125
surrogate, 80, 27.0, 0.53125
surrogate, 80, 27.0, 0.53125
surrogate, 80, 27.0, 0.53125
surrogate, 80, 27.0, 0.53125
surrogate, 80, 27.0, 0.53125
surrogate, 80, 27.0, 0.53125
surrogate, 80, 27.0, 0.53125
surrogate, 80, 27.0, 0.53125
surrogate, 80, 24.0, 0.375
surrogate, 80, 24.0, 0.375
surrogate, 80, 24.0, 0.375
surrogate, 80, 24.0, 0.375
surrogate, 80, 24.0, 0.375
surrogate, 80, 24.0, 0.375
surrogate, 80, 24.0, 0.375
surrogate, 80, 24.0, 0.375
surrogate, 80, 24.0, 0.375
surrogate, 80, 24.0, 0.375
surrogate, 80, 24.0, 0.375
surrogate, 80, 24.0, 0.375
surrogate, 80, 24.0, 0.375
surrogate, 80, 24.0, 0.375
surrogate, 80, 23.0, 0.3125
surrogate, 80, 23.0, 0.3125
surrogate, 80, 23.0, 0.3125
surrogate, 80, 23.0, 0.3125
surrogate, 80, 23.0, 0.3125
surrogate, 80, 23.0, 0.3125
surrogate, 80, 23.0, 0.3125
surrogate, 80, 23.0, 0.3125
surrogate, 80, 23.0, 0.3125
surrogate, 80, 23.0, 0.3125
surrogate, 80, 23.0, 0.3125
surrogate, 80, 23.0, 0.3125
surrogate, 80, 23.0, 0.3125
surrogate, 80, 23.0, 0.3125
surrogate, 80, 23.0, 0.3125
surrogate, 80, 23.0, 0.3125
surrogate, 80, 23.0, 0.3125
surrogate, 80, 23.0, 0.3125
surrogate, 80, 23.0, 0.3125
surrogate, 80, 23.0, 0.3125
surrogate, 80, 23.0, 0.3125
surrogate, 80, 23.0, 0.3125
surrogate, 80, 23.0, 0.3125
surrogate, 80, 23.0, 0.3125
surrogate, 80, 23.0, 0.3125
surrogate, 80, 23.0, 0.3125
surrogate, 80, 23.0, 0.3125
surrogate, 80, 23.0, 0.3125
surrogate, 80, 23.0, 0.3125
surrogate, 80, 22.0, 0.25
surrogate, 80, 22.0, 0.25
surrogate, 80, 22.0, 0.25
surrogate, 80, 22.0, 0.25
surrogate, 80, 22.0, 0.25
surrogate, 80, 22.0, 0.25
surrogate, 80, 22.0, 0.25
surrogate, 80, 22.0, 0.25
surrogate, 80, 22.0, 0.25
surrogate, 80, 22.0, 0.25
surrogate, 80, 19.0, 0.09375
surrogate, 80, 19.0, 0.09375
surrogate, 80, 19.0, 0.09375
surrogate, 80, 19.0, 0.09375
surrogate, 80, 19.0, 0.09375
surrogate, 80, 19.0, 0.09375
surrogate, 80, 19.0, 0.09375
surrogate, 80, 19.0, 0.09375
surrogate, 80, 19.0, 0.09375
surrogate, 80, 19.0, 0.09375
surrogate, 80, 19.0, 0.09375
surrogate, 80, 19.0, 0.09375
surrogate, 80, 19.0, 0.09375
surrogate, 80, 19.0, 0.09375
surrogate, 80, 19.0, 0.09375
surrogate, 80, 19.0, 0.09375
surrogate, 80, 19.0, 0.09375
surrogate, 81, 27.0, 0.53125
surrogate, 81, 27.0, 0.53125
surrogate, 81, 27.0, 0.53125
surrogate, 81, 27.0, 0.53125
surrogate, 81, 27.0, 0.53125
surrogate, 81, 27.0, 0.53125
surrogate, 81, 27.0, 0.53125
surrogate, 81, 27.0, 0.53125
surrogate, 81, 27.0, 0.53125
surrogate, 81, 27.0, 0.53125
surrogate, 81, 27.0, 0.53125
surrogate, 81, 27.0, 0.53125
surrogate, 81, 27.0, 0.53125
surrogate, 81, 27.0, 0.53125
surrogate, 81, 24.0, 0.375
surrogate, 81, 24.0, 0.375
surrogate, 81, 24.0, 0.375
surrogate, 81, 24.0, 0.375
surrogate, 81, 24.0, 0.375
surrogate, 81, 24.0, 0.375
surrogate, 81, 24.0, 0.375
surrogate, 81, 24.0, 0.375
surrogate, 81, 24.0, 0.375
surrogate, 81, 24.0, 0.375
surrogate, 81, 24.0, 0.375
surrogate, 81, 24.0, 0.375
surrogate, 81, 24.0, 0.375
surrogate, 81, 24.0, 0.375
surrogate, 81, 23.0, 0.3125
surrogate, 81, 23.0, 0.3125
surrogate, 81, 23.0, 0.3125
surrogate, 81, 23.0, 0.3125
surrogate, 81, 23.0, 0.3125
surrogate, 81, 23.0, 0.3125
surrogate, 81, 23.0, 0.3125
surrogate, 81, 23.0, 0.3125
surrogate, 81, 23.0, 0.3125
surrogate, 81, 23.0, 0.3125
surrogate, 81, 23.0, 0.3125
surrogate, 81, 23.0, 0.3125
surrogate, 81, 23.0, 0.3125
surrogate, 81, 23.0, 0.3125
surrogate, 81, 23.0, 0.3125
surrogate, 81, 23.0, 0.3125
surrogate, 81, 23.0, 0.3125
surrogate, 81, 23.0, 0.3125
surrogate, 81, 23.0, 0.3125
surrogate, 81, 23.0, 0.3125
surrogate, 81, 23.0, 0.3125
surrogate, 81, 23.0, 0.3125
surrogate, 81, 23.0, 0.3125
surrogate, 81, 23.0, 0.3125
surrogate, 81, 23.0, 0.3125
surrogate, 81, 23.0, 0.3125
surrogate, 81, 23.0, 0.3125
surrogate, 81, 23.0, 0.3125
surrogate, 81, 23.0, 0.3125
surrogate, 81, 22.0, 0.25
surrogate, 81, 22.0, 0.25
surrogate, 81, 22.0, 0.25
surrogate, 81, 22.0, 0.25
surrogate, 81, 22.0, 0.25
surrogate, 81, 22.0, 0.25
surrogate, 81, 22.0, 0.25
surrogate, 81, 22.0, 0.25
surrogate, 81, 22.0, 0.25
surrogate, 81, 22.0, 0.25
surrogate, 81, 19.0, 0.09375
surrogate, 81, 19.0, 0.09375
surrogate, 81, 19.0, 0.09375
surrogate, 81, 19.0, 0.09375
surrogate, 81, 19.0, 0.09375
surrogate, 81, 19.0, 0.09375
surrogate, 81, 19.0, 0.09375
surrogate, 81, 19.0, 0.09375
surrogate, 81, 19.0, 0.09375
surrogate, 81, 19.0, 0.09375
surrogate, 81, 19.0, 0.09375
surrogate, 81, 19.0, 0.09375
surrogate, 81, 19.0, 0.09375
surrogate, 81, 19.0, 0.09375
surrogate, 81, 19.0, 0.09375
surrogate, 81, 19.0, 0.09375
surrogate, 81, 19.0, 0.09375
surrogate, 82, 27.0, 0.53125
surrogate, 82, 27.0, 0.53125
surrogate, 82, 27.0, 0.53125
surrogate, 82, 27.0, 0.53125
surrogate, 82, 27.0, 0.53125
surrogate, 82, 27.0, 0.53125
surrogate, 82, 27.0, 0.53125
surrogate, 82, 27.0, 0.53125
surrogate, 82, 27.0, 0.53125
surrogate, 82, 27.0, 0.53125
surrogate, 82, 27.0, 0.53125
surrogate, 82, 27.0, 0.53125
surrogate, 82, 27.0, 0.53125
surrogate, 82, 27.0, 0.53125
surrogate, 82, 24.0, 0.375
surrogate, 82, 24.0, 0.375
surrogate, 82, 24.0, 0.375
surrogate, 82, 24.0, 0.375
surrogate, 82, 24.0, 0.375
surrogate, 82, 24.0, 0.375
surrogate, 82, 24.0, 0.375
surrogate, 82, 24.0, 0.375
surrogate, 82, 24.0, 0.375
surrogate, 82, 24.0, 0.375
surrogate, 82, 24.0, 0.375
surrogate, 82, 24.0, 0.375
surrogate, 82, 24.0, 0.375
surrogate, 82, 24.0, 0.375
surrogate, 82, 23.0, 0.3125
surrogate, 82, 23.0, 0.3125
surrogate, 82, 23.0, 0.3125
surrogate, 82, 23.0, 0.3125
surrogate, 82, 23.0, 0.3125
surrogate, 82, 23.0, 0.3125
surrogate, 82, 23.0, 0.3125
surrogate, 82, 23.0, 0.3125
surrogate, 82, 23.0, 0.3125
surrogate, 82, 23.0, 0.3125
surrogate, 82, 23.0, 0.3125
surrogate, 82, 23.0, 0.3125
surrogate, 82, 23.0, 0.3125
surrogate, 82, 23.0, 0.3125
surrogate, 82, 23.0, 0.3125
surrogate, 82, 23.0, 0.3125
surrogate, 82, 23.0, 0.3125
surrogate, 82, 23.0, 0.3125
surrogate, 82, 23.0, 0.3125
surrogate, 82, 23.0, 0.3125
surrogate, 82, 23.0, 0.3125
surrogate, 82, 23.0, 0.3125
surrogate, 82, 23.0, 0.3125
surrogate, 82, 23.0, 0.3125
surrogate, 82, 23.0, 0.3125
surrogate, 82, 23.0, 0.3125
surrogate, 82, 23.0, 0.3125
surrogate, 82, 23.0, 0.3125
surrogate, 82, 23.0, 0.3125
surrogate, 82, 22.0, 0.25
surrogate, 82, 22.0, 0.25
surrogate, 82, 22.0, 0.25
surrogate, 82, 22.0, 0.25
surrogate, 82, 22.0, 0.25
surrogate, 82, 22.0, 0.25
surrogate, 82, 22.0, 0.25
surrogate, 82, 22.0, 0.25
surrogate, 82, 22.0, 0.25
surrogate, 82, 22.0, 0.25
surrogate, 82, 19.0, 0.09375
surrogate, 82, 19.0, 0.09375
surrogate, 82, 19.0, 0.09375
surrogate, 82, 19.0, 0.09375
surrogate, 82, 19.0, 0.09375
surrogate, 82, 19.0, 0.09375
surrogate, 82, 19.0, 0.09375
surrogate, 82, 19.0, 0.09375
surrogate, 82, 19.0, 0.09375
surrogate, 82, 19.0, 0.09375
surrogate, 82, 19.0, 0.09375
surrogate, 82, 19.0, 0.09375
surrogate, 82, 19.0, 0.09375
surrogate, 82, 19.0, 0.09375
surrogate, 82, 19.0, 0.09375
surrogate, 82, 19.0, 0.09375
surrogate, 82, 19.0, 0.09375
surrogate, 83, 27.0, 0.53125
surrogate, 83, 27.0, 0.53125
surrogate, 83, 27.0, 0.53125
surrogate, 83, 27.0, 0.53125
surrogate, 83, 27.0, 0.53125
surrogate, 83, 27.0, 0.53125
surrogate, 83, 27.0, 0.53125
surrogate, 83, 27.0, 0.53125
surrogate, 83, 27.0, 0.53125
surrogate, 83, 27.0, 0.53125
surrogate, 83, 27.0, 0.53125
surrogate, 83, 27.0, 0.53125
surrogate, 83, 27.0, 0.53125
surrogate, 83, 27.0, 0.53125
surrogate, 83, 27.0, 0.53125
surrogate, 83, 24.0, 0.375
surrogate, 83, 24.0, 0.375
surrogate, 83, 24.0, 0.375
surrogate, 83, 24.0, 0.375
surrogate, 83, 24.0, 0.375
surrogate, 83, 24.0, 0.375
surrogate, 83, 24.0, 0.375
surrogate, 83, 24.0, 0.375
surrogate, 83, 24.0, 0.375
surrogate, 83, 24.0, 0.375
surrogate, 83, 24.0, 0.375
surrogate, 83, 24.0, 0.375
surrogate, 83, 24.0, 0.375
surrogate, 83, 24.0, 0.375
surrogate, 83, 23.0, 0.3125
surrogate, 83, 23.0, 0.3125
surrogate, 83, 23.0, 0.3125
surrogate, 83, 23.0, 0.3125
surrogate, 83, 23.0, 0.3125
surrogate, 83, 23.0, 0.3125
surrogate, 83, 23.0, 0.3125
surrogate, 83, 23.0, 0.3125
surrogate, 83, 23.0, 0.3125
surrogate, 83, 23.0, 0.3125
surrogate, 83, 23.0, 0.3125
surrogate, 83, 23.0, 0.3125
surrogate, 83, 23.0, 0.3125
surrogate, 83, 23.0, 0.3125
surrogate, 83, 23.0, 0.3125
surrogate, 83, 23.0, 0.3125
surrogate, 83, 23.0, 0.3125
surrogate, 83, 23.0, 0.3125
surrogate, 83, 23.0, 0.3125
surrogate, 83, 23.0, 0.3125
surrogate, 83, 23.0, 0.3125
surrogate, 83, 23.0, 0.3125
surrogate, 83, 23.0, 0.3125
surrogate, 83, 23.0, 0.3125
surrogate, 83, 23.0, 0.3125
surrogate, 83, 23.0, 0.3125
surrogate, 83, 23.0, 0.3125
surrogate, 83, 23.0, 0.3125
surrogate, 83, 23.0, 0.3125
surrogate, 83, 22.0, 0.25
surrogate, 83, 22.0, 0.25
surrogate, 83, 22.0, 0.25
surrogate, 83, 22.0, 0.25
surrogate, 83, 22.0, 0.25
surrogate, 83, 22.0, 0.25
surrogate, 83, 22.0, 0.25
surrogate, 83, 22.0, 0.25
surrogate, 83, 22.0, 0.25
surrogate, 83, 22.0, 0.25
surrogate, 83, 22.0, 0.25
surrogate, 83, 19.0, 0.09375
surrogate, 83, 19.0, 0.09375
surrogate, 83, 19.0, 0.09375
surrogate, 83, 19.0, 0.09375
surrogate, 83, 19.0, 0.09375
surrogate, 83, 19.0, 0.09375
surrogate, 83, 19.0, 0.09375
surrogate, 83, 19.0, 0.09375
surrogate, 83, 19.0, 0.09375
surrogate, 83, 19.0, 0.09375
surrogate, 83, 19.0, 0.09375
surrogate, 83, 19.0, 0.09375
surrogate, 83, 19.0, 0.09375
surrogate, 83, 19.0, 0.09375
surrogate, 83, 19.0, 0.09375
surrogate, 83, 19.0, 0.09375
surrogate, 83, 19.0, 0.09375
surrogate, 84, 27.0, 0.53125
surrogate, 84, 27.0, 0.53125
surrogate, 84, 27.0, 0.53125
surrogate, 84, 27.0, 0.53125
surrogate, 84, 27.0, 0.53125
surrogate, 84, 27.0, 0.53125
surrogate, 84, 27.0, 0.53125
surrogate, 84, 27.0, 0.53125
surrogate, 84, 27.0, 0.53125
surrogate, 84, 27.0, 0.53125
surrogate, 84, 27.0, 0.53125
surrogate, 84, 27.0, 0.53125
surrogate, 84, 27.0, 0.53125
surrogate, 84, 27.0, 0.53125
surrogate, 84, 27.0, 0.53125
surrogate, 84, 27.0, 0.53125
surrogate, 84, 24.0, 0.375
surrogate, 84, 24.0, 0.375
surrogate, 84, 24.0, 0.375
surrogate, 84, 24.0, 0.375
surrogate, 84, 24.0, 0.375
surrogate, 84, 24.0, 0.375
surrogate, 84, 24.0, 0.375
surrogate, 84, 24.0, 0.375
surrogate, 84, 24.0, 0.375
surrogate, 84, 24.0, 0.375
surrogate, 84, 24.0, 0.375
surrogate, 84, 24.0, 0.375
surrogate, 84, 24.0, 0.375
surrogate, 84, 24.0, 0.375
surrogate, 84, 24.0, 0.375
surrogate, 84, 23.0, 0.3125
surrogate, 84, 23.0, 0.3125
surrogate, 84, 23.0, 0.3125
surrogate, 84, 23.0, 0.3125
surrogate, 84, 23.0, 0.3125
surrogate, 84, 23.0, 0.3125
surrogate, 84, 23.0, 0.3125
surrogate, 84, 23.0, 0.3125
surrogate, 84, 23.0, 0.3125
surrogate, 84, 23.0, 0.3125
surrogate, 84, 23.0, 0.3125
surrogate, 84, 23.0, 0.3125
surrogate, 84, 23.0, 0.3125
surrogate, 84, 23.0, 0.3125
surrogate, 84, 23.0, 0.3125
surrogate, 84, 23.0, 0.3125
surrogate, 84, 23.0, 0.3125
surrogate, 84, 23.0, 0.3125
surrogate, 84, 23.0, 0.3125
surrogate, 84, 23.0, 0.3125
surrogate, 84, 23.0, 0.3125
surrogate, 84, 23.0, 0.3125
surrogate, 84, 23.0, 0.3125
surrogate, 84, 23.0, 0.3125
surrogate, 84, 23.0, 0.3125
surrogate, 84, 23.0, 0.3125
surrogate, 84, 23.0, 0.3125
surrogate, 84, 23.0, 0.3125
surrogate, 84, 23.0, 0.3125
surrogate, 84, 23.0, 0.3125
surrogate, 84, 22.0, 0.25
surrogate, 84, 22.0, 0.25
surrogate, 84, 22.0, 0.25
surrogate, 84, 22.0, 0.25
surrogate, 84, 22.0, 0.25
surrogate, 84, 22.0, 0.25
surrogate, 84, 22.0, 0.25
surrogate, 84, 22.0, 0.25
surrogate, 84, 22.0, 0.25
surrogate, 84, 22.0, 0.25
surrogate, 84, 22.0, 0.25
surrogate, 84, 19.0, 0.09375
surrogate, 84, 19.0, 0.09375
surrogate, 84, 19.0, 0.09375
surrogate, 84, 19.0, 0.09375
surrogate, 84, 19.0, 0.09375
surrogate, 84, 19.0, 0.09375
surrogate, 84, 19.0, 0.09375
surrogate, 84, 19.0, 0.09375
surrogate, 84, 19.0, 0.09375
surrogate, 84, 19.0, 0.09375
surrogate, 84, 19.0, 0.09375
surrogate, 84, 19.0, 0.09375
surrogate, 84, 19.0, 0.09375
surrogate, 84, 19.0, 0.09375
surrogate, 84, 19.0, 0.09375
surrogate, 84, 19.0, 0.09375
surrogate, 84, 19.0, 0.09375
surrogate, 85, 27.0, 0.53125
surrogate, 85, 27.0, 0.53125
surrogate, 85, 27.0, 0.53125
surrogate, 85, 27.0, 0.53125
surrogate, 85, 27.0, 0.53125
surrogate, 85, 27.0, 0.53125
surrogate, 85, 27.0, 0.53125
surrogate, 85, 27.0, 0.53125
surrogate, 85, 27.0, 0.53125
surrogate, 85, 27.0, 0.53125
surrogate, 85, 27.0, 0.53125
surrogate, 85, 27.0, 0.53125
surrogate, 85, 27.0, 0.53125
surrogate, 85, 27.0, 0.53125
surrogate, 85, 27.0, 0.53125
surrogate, 85, 27.0, 0.53125
surrogate, 85, 24.0, 0.375
surrogate, 85, 24.0, 0.375
surrogate, 85, 24.0, 0.375
surrogate, 85, 24.0, 0.375
surrogate, 85, 24.0, 0.375
surrogate, 85, 24.0, 0.375
surrogate, 85, 24.0, 0.375
surrogate, 85, 24.0, 0.375
surrogate, 85, 24.0, 0.375
surrogate, 85, 24.0, 0.375
surrogate, 85, 24.0, 0.375
surrogate, 85, 24.0, 0.375
surrogate, 85, 24.0, 0.375
surrogate, 85, 24.0, 0.375
surrogate, 85, 24.0, 0.375
surrogate, 85, 23.0, 0.3125
surrogate, 85, 23.0, 0.3125
surrogate, 85, 23.0, 0.3125
surrogate, 85, 23.0, 0.3125
surrogate, 85, 23.0, 0.3125
surrogate, 85, 23.0, 0.3125
surrogate, 85, 23.0, 0.3125
surrogate, 85, 23.0, 0.3125
surrogate, 85, 23.0, 0.3125
surrogate, 85, 23.0, 0.3125
surrogate, 85, 23.0, 0.3125
surrogate, 85, 23.0, 0.3125
surrogate, 85, 23.0, 0.3125
surrogate, 85, 23.0, 0.3125
surrogate, 85, 23.0, 0.3125
surrogate, 85, 23.0, 0.3125
surrogate, 85, 23.0, 0.3125
surrogate, 85, 23.0, 0.3125
surrogate, 85, 23.0, 0.3125
surrogate, 85, 23.0, 0.3125
surrogate, 85, 23.0, 0.3125
surrogate, 85, 23.0, 0.3125
surrogate, 85, 23.0, 0.3125
surrogate, 85, 23.0, 0.3125
surrogate, 85, 23.0, 0.3125
surrogate, 85, 23.0, 0.3125
surrogate, 85, 23.0, 0.3125
surrogate, 85, 23.0, 0.3125
surrogate, 85, 23.0, 0.3125
surrogate, 85, 23.0, 0.3125
surrogate, 85, 22.0, 0.25
surrogate, 85, 22.0, 0.25
surrogate, 85, 22.0, 0.25
surrogate, 85, 22.0, 0.25
surrogate, 85, 22.0, 0.25
surrogate, 85, 22.0, 0.25
surrogate, 85, 22.0, 0.25
surrogate, 85, 22.0, 0.25
surrogate, 85, 22.0, 0.25
surrogate, 85, 22.0, 0.25
surrogate, 85, 22.0, 0.25
surrogate, 85, 22.0, 0.25
surrogate, 85, 19.0, 0.09375
surrogate, 85, 19.0, 0.09375
surrogate, 85, 19.0, 0.09375
surrogate, 85, 19.0, 0.09375
surrogate, 85, 19.0, 0.09375
surrogate, 85, 19.0, 0.09375
surrogate, 85, 19.0, 0.09375
surrogate, 85, 19.0, 0.09375
surrogate, 85, 19.0, 0.09375
surrogate, 85, 19.0, 0.09375
surrogate, 85, 19.0, 0.09375
surrogate, 85, 19.0, 0.09375
surrogate, 85, 19.0, 0.09375
surrogate, 85, 19.0, 0.09375
surrogate, 85, 19.0, 0.09375
surrogate, 85, 19.0, 0.09375
surrogate, 85, 19.0, 0.09375
surrogate, 86, 27.0, 0.53125
surrogate, 86, 27.0, 0.53125
surrogate, 86, 27.0, 0.53125
surrogate, 86, 27.0, 0.53125
surrogate, 86, 27.0, 0.53125
surrogate, 86, 27.0, 0.53125
surrogate, 86, 27.0, 0.53125
surrogate, 86, 27.0, 0.53125
surrogate, 86, 27.0, 0.53125
surrogate, 86, 27.0, 0.53125
surrogate, 86, 27.0, 0.53125
surrogate, 86, 27.0, 0.53125
surrogate, 86, 27.0, 0.53125
surrogate, 86, 27.0, 0.53125
surrogate, 86, 27.0, 0.53125
surrogate, 86, 27.0, 0.53125
surrogate, 86, 24.0, 0.375
surrogate, 86, 24.0, 0.375
surrogate, 86, 24.0, 0.375
surrogate, 86, 24.0, 0.375
surrogate, 86, 24.0, 0.375
surrogate, 86, 24.0, 0.375
surrogate, 86, 24.0, 0.375
surrogate, 86, 24.0, 0.375
surrogate, 86, 24.0, 0.375
surrogate, 86, 24.0, 0.375
surrogate, 86, 24.0, 0.375
surrogate, 86, 24.0, 0.375
surrogate, 86, 24.0, 0.375
surrogate, 86, 24.0, 0.375
surrogate, 86, 24.0, 0.375
surrogate, 86, 24.0, 0.375
surrogate, 86, 23.0, 0.3125
surrogate, 86, 23.0, 0.3125
surrogate, 86, 23.0, 0.3125
surrogate, 86, 23.0, 0.3125
surrogate, 86, 23.0, 0.3125
surrogate, 86, 23.0, 0.3125
surrogate, 86, 23.0, 0.3125
surrogate, 86, 23.0, 0.3125
surrogate, 86, 23.0, 0.3125
surrogate, 86, 23.0, 0.3125
surrogate, 86, 23.0, 0.3125
surrogate, 86, 23.0, 0.3125
surrogate, 86, 23.0, 0.3125
surrogate, 86, 23.0, 0.3125
surrogate, 86, 23.0, 0.3125
surrogate, 86, 23.0, 0.3125
surrogate, 86, 23.0, 0.3125
surrogate, 86, 23.0, 0.3125
surrogate, 86, 23.0, 0.3125
surrogate, 86, 23.0, 0.3125
surrogate, 86, 23.0, 0.3125
surrogate, 86, 23.0, 0.3125
surrogate, 86, 23.0, 0.3125
surrogate, 86, 23.0, 0.3125
surrogate, 86, 23.0, 0.3125
surrogate, 86, 23.0, 0.3125
surrogate, 86, 23.0, 0.3125
surrogate, 86, 23.0, 0.3125
surrogate, 86, 23.0, 0.3125
surrogate, 86, 23.0, 0.3125
surrogate, 86, 22.0, 0.25
surrogate, 86, 22.0, 0.25
surrogate, 86, 22.0, 0.25
surrogate, 86, 22.0, 0.25
surrogate, 86, 22.0, 0.25
surrogate, 86, 22.0, 0.25
surrogate, 86, 22.0, 0.25
surrogate, 86, 22.0, 0.25
surrogate, 86, 22.0, 0.25
surrogate, 86, 22.0, 0.25
surrogate, 86, 22.0, 0.25
surrogate, 86, 22.0, 0.25
surrogate, 86, 19.0, 0.09375
surrogate, 86, 19.0, 0.09375
surrogate, 86, 19.0, 0.09375
surrogate, 86, 19.0, 0.09375
surrogate, 86, 19.0, 0.09375
surrogate, 86, 19.0, 0.09375
surrogate, 86, 19.0, 0.09375
surrogate, 86, 19.0, 0.09375
surrogate, 86, 19.0, 0.09375
surrogate, 86, 19.0, 0.09375
surrogate, 86, 19.0, 0.09375
surrogate, 86, 19.0, 0.09375
surrogate, 86, 19.0, 0.09375
surrogate, 86, 19.0, 0.09375
surrogate, 86, 19.0, 0.09375
surrogate, 86, 19.0, 0.09375
surrogate, 86, 19.0, 0.09375
surrogate, 86, 19.0, 0.09375
surrogate, 87, 27.0, 0.53125
surrogate, 87, 27.0, 0.53125
surrogate, 87, 27.0, 0.53125
surrogate, 87, 27.0, 0.53125
surrogate, 87, 27.0, 0.53125
surrogate, 87, 27.0, 0.53125
surrogate, 87, 27.0, 0.53125
surrogate, 87, 27.0, 0.53125
surrogate, 87, 27.0, 0.53125
surrogate, 87, 27.0, 0.53125
surrogate, 87, 27.0, 0.53125
surrogate, 87, 27.0, 0.53125
surrogate, 87, 27.0, 0.53125
surrogate, 87, 27.0, 0.53125
surrogate, 87, 27.0, 0.53125
surrogate, 87, 27.0, 0.53125
surrogate, 87, 24.0, 0.375
surrogate, 87, 24.0, 0.375
surrogate, 87, 24.0, 0.375
surrogate, 87, 24.0, 0.375
surrogate, 87, 24.0, 0.375
surrogate, 87, 24.0, 0.375
surrogate, 87, 24.0, 0.375
surrogate, 87, 24.0, 0.375
surrogate, 87, 24.0, 0.375
surrogate, 87, 24.0, 0.375
surrogate, 87, 24.0, 0.375
surrogate, 87, 24.0, 0.375
surrogate, 87, 24.0, 0.375
surrogate, 87, 24.0, 0.375
surrogate, 87, 24.0, 0.375
surrogate, 87, 24.0, 0.375
surrogate, 87, 23.0, 0.3125
surrogate, 87, 23.0, 0.3125
surrogate, 87, 23.0, 0.3125
surrogate, 87, 23.0, 0.3125
surrogate, 87, 23.0, 0.3125
surrogate, 87, 23.0, 0.3125
surrogate, 87, 23.0, 0.3125
surrogate, 87, 23.0, 0.3125
surrogate, 87, 23.0, 0.3125
surrogate, 87, 23.0, 0.3125
surrogate, 87, 23.0, 0.3125
surrogate, 87, 23.0, 0.3125
surrogate, 87, 23.0, 0.3125
surrogate, 87, 23.0, 0.3125
surrogate, 87, 23.0, 0.3125
surrogate, 87, 23.0, 0.3125
surrogate, 87, 23.0, 0.3125
surrogate, 87, 23.0, 0.3125
surrogate, 87, 23.0, 0.3125
surrogate, 87, 23.0, 0.3125
surrogate, 87, 23.0, 0.3125
surrogate, 87, 23.0, 0.3125
surrogate, 87, 23.0, 0.3125
surrogate, 87, 23.0, 0.3125
surrogate, 87, 23.0, 0.3125
surrogate, 87, 23.0, 0.3125
surrogate, 87, 23.0, 0.3125
surrogate, 87, 23.0, 0.3125
surrogate, 87, 23.0, 0.3125
surrogate, 87, 23.0, 0.3125
surrogate, 87, 22.0, 0.25
surrogate, 87, 22.0, 0.25
surrogate, 87, 22.0, 0.25
surrogate, 87, 22.0, 0.25
surrogate, 87, 22.0, 0.25
surrogate, 87, 22.0, 0.25
surrogate, 87, 22.0, 0.25
surrogate, 87, 22.0, 0.25
surrogate, 87, 22.0, 0.25
surrogate, 87, 22.0, 0.25
surrogate, 87, 22.0, 0.25
surrogate, 87, 22.0, 0.25
surrogate, 87, 19.0, 0.09375
surrogate, 87, 19.0, 0.09375
surrogate, 87, 19.0, 0.09375
surrogate, 87, 19.0, 0.09375
surrogate, 87, 19.0, 0.09375
surrogate, 87, 19.0, 0.09375
surrogate, 87, 19.0, 0.09375
surrogate, 87, 19.0, 0.09375
surrogate, 87, 19.0, 0.09375
surrogate, 87, 19.0, 0.09375
surrogate, 87, 19.0, 0.09375
surrogate, 87, 19.0, 0.09375
surrogate, 87, 19.0, 0.09375
surrogate, 87, 19.0, 0.09375
surrogate, 87, 19.0, 0.09375
surrogate, 87, 19.0, 0.09375
surrogate, 87, 19.0, 0.09375
surrogate, 87, 19.0, 0.09375
surrogate, 88, 27.0, 0.53125
surrogate, 88, 27.0, 0.53125
surrogate, 88, 27.0, 0.53125
surrogate, 88, 27.0, 0.53125
surrogate, 88, 27.0, 0.53125
surrogate, 88, 27.0, 0.53125
surrogate, 88, 27.0, 0.53125
surrogate, 88, 27.0, 0.53125
surrogate, 88, 27.0, 0.53125
surrogate, 88, 27.0, 0.53125
surrogate, 88, 27.0, 0.53125
surrogate, 88, 27.0, 0.53125
surrogate, 88, 27.0, 0.53125
surrogate, 88, 27.0, 0.53125
surrogate, 88, 27.0, 0.53125
surrogate, 88, 27.0, 0.53125
surrogate, 88, 24.0, 0.375
surrogate, 88, 24.0, 0.375
surrogate, 88, 24.0, 0.375
surrogate, 88, 24.0, 0.375
surrogate, 88, 24.0, 0.375
surrogate, 88, 24.0, 0.375
surrogate, 88, 24.0, 0.375
surrogate, 88, 24.0, 0.375
surrogate, 88, 24.0, 0.375
surrogate, 88, 24.0, 0.375
surrogate, 88, 24.0, 0.375
surrogate, 88, 24.0, 0.375
surrogate, 88, 24.0, 0.375
surrogate, 88, 24.0, 0.375
surrogate, 88, 24.0, 0.375
surrogate, 88, 24.0, 0.375
surrogate, 88, 23.0, 0.3125
surrogate, 88, 23.0, 0.3125
surrogate, 88, 23.0, 0.3125
surrogate, 88, 23.0, 0.3125
surrogate, 88, 23.0, 0.3125
surrogate, 88, 23.0, 0.3125
surrogate, 88, 23.0, 0.3125
surrogate, 88, 23.0, 0.3125
surrogate, 88, 23.0, 0.3125
surrogate, 88, 23.0, 0.3125
surrogate, 88, 23.0, 0.3125
surrogate, 88, 23.0, 0.3125
surrogate, 88, 23.0, 0.3125
surrogate, 88, 23.0, 0.3125
surrogate, 88, 23.0, 0.3125
surrogate, 88, 23.0, 0.3125
surrogate, 88, 23.0, 0.3125
surrogate, 88, 23.0, 0.3125
surrogate, 88, 23.0, 0.3125
surrogate, 88, 23.0, 0.3125
surrogate, 88, 23.0, 0.3125
surrogate, 88, 23.0, 0.3125
surrogate, 88, 23.0, 0.3125
surrogate, 88, 23.0, 0.3125
surrogate, 88, 23.0, 0.3125
surrogate, 88, 23.0, 0.3125
surrogate, 88, 23.0, 0.3125
surrogate, 88, 23.0, 0.3125
surrogate, 88, 23.0, 0.3125
surrogate, 88, 23.0, 0.3125
surrogate, 88, 22.0, 0.25
surrogate, 88, 22.0, 0.25
surrogate, 88, 22.0, 0.25
surrogate, 88, 22.0, 0.25
surrogate, 88, 22.0, 0.25
surrogate, 88, 22.0, 0.25
surrogate, 88, 22.0, 0.25
surrogate, 88, 22.0, 0.25
surrogate, 88, 22.0, 0.25
surrogate, 88, 22.0, 0.25
surrogate, 88, 22.0, 0.25
surrogate, 88, 22.0, 0.25
surrogate, 88, 22.0, 0.25
surrogate, 88, 19.0, 0.09375
surrogate, 88, 19.0, 0.09375
surrogate, 88, 19.0, 0.09375
surrogate, 88, 19.0, 0.09375
surrogate, 88, 19.0, 0.09375
surrogate, 88, 19.0, 0.09375
surrogate, 88, 19.0, 0.09375
surrogate, 88, 19.0, 0.09375
surrogate, 88, 19.0, 0.09375
surrogate, 88, 19.0, 0.09375
surrogate, 88, 19.0, 0.09375
surrogate, 88, 19.0, 0.09375
surrogate, 88, 19.0, 0.09375
surrogate, 88, 19.0, 0.09375
surrogate, 88, 19.0, 0.09375
surrogate, 88, 19.0, 0.09375
surrogate, 88, 19.0, 0.09375
surrogate, 88, 19.0, 0.09375
surrogate, 89, 27.0, 0.53125
surrogate, 89, 27.0, 0.53125
surrogate, 89, 27.0, 0.53125
surrogate, 89, 27.0, 0.53125
surrogate, 89, 27.0, 0.53125
surrogate, 89, 27.0, 0.53125
surrogate, 89, 27.0, 0.53125
surrogate, 89, 27.0, 0.53125
surrogate, 89, 27.0, 0.53125
surrogate, 89, 27.0, 0.53125
surrogate, 89, 27.0, 0.53125
surrogate, 89, 27.0, 0.53125
surrogate, 89, 27.0, 0.53125
surrogate, 89, 27.0, 0.53125
surrogate, 89, 27.0, 0.53125
surrogate, 89, 27.0, 0.53125
surrogate, 89, 24.0, 0.375
surrogate, 89, 24.0, 0.375
surrogate, 89, 24.0, 0.375
surrogate, 89, 24.0, 0.375
surrogate, 89, 24.0, 0.375
surrogate, 89, 24.0, 0.375
surrogate, 89, 24.0, 0.375
surrogate, 89, 24.0, 0.375
surrogate, 89, 24.0, 0.375
surrogate, 89, 24.0, 0.375
surrogate, 89, 24.0, 0.375
surrogate, 89, 24.0, 0.375
surrogate, 89, 24.0, 0.375
surrogate, 89, 24.0, 0.375
surrogate, 89, 24.0, 0.375
surrogate, 89, 24.0, 0.375
surrogate, 89, 24.0, 0.375
surrogate, 89, 23.0, 0.3125
surrogate, 89, 23.0, 0.3125
surrogate, 89, 23.0, 0.3125
surrogate, 89, 23.0, 0.3125
surrogate, 89, 23.0, 0.3125
surrogate, 89, 23.0, 0.3125
surrogate, 89, 23.0, 0.3125
surrogate, 89, 23.0, 0.3125
surrogate, 89, 23.0, 0.3125
surrogate, 89, 23.0, 0.3125
surrogate, 89, 23.0, 0.3125
surrogate, 89, 23.0, 0.3125
surrogate, 89, 23.0, 0.3125
surrogate, 89, 23.0, 0.3125
surrogate, 89, 23.0, 0.3125
surrogate, 89, 23.0, 0.3125
surrogate, 89, 23.0, 0.3125
surrogate, 89, 23.0, 0.3125
surrogate, 89, 23.0, 0.3125
surrogate, 89, 23.0, 0.3125
surrogate, 89, 23.0, 0.3125
surrogate, 89, 23.0, 0.3125
surrogate, 89, 23.0, 0.3125
surrogate, 89, 23.0, 0.3125
surrogate, 89, 23.0, 0.3125
surrogate, 89, 23.0, 0.3125
surrogate, 89, 23.0, 0.3125
surrogate, 89, 23.0, 0.3125
surrogate, 89, 23.0, 0.3125
surrogate, 89, 23.0, 0.3125
surrogate, 89, 22.0, 0.25
surrogate, 89, 22.0, 0.25
surrogate, 89, 22.0, 0.25
surrogate, 89, 22.0, 0.25
surrogate, 89, 22.0, 0.25
surrogate, 89, 22.0, 0.25
surrogate, 89, 22.0, 0.25
surrogate, 89, 22.0, 0.25
surrogate, 89, 22.0, 0.25
surrogate, 89, 22.0, 0.25
surrogate, 89, 22.0, 0.25
surrogate, 89, 22.0, 0.25
surrogate, 89, 22.0, 0.25
surrogate, 89, 22.0, 0.25
surrogate, 89, 19.0, 0.09375
surrogate, 89, 19.0, 0.09375
surrogate, 89, 19.0, 0.09375
surrogate, 89, 19.0, 0.09375
surrogate, 89, 19.0, 0.09375
surrogate, 89, 19.0, 0.09375
surrogate, 89, 19.0, 0.09375
surrogate, 89, 19.0, 0.09375
surrogate, 89, 19.0, 0.09375
surrogate, 89, 19.0, 0.09375
surrogate, 89, 19.0, 0.09375
surrogate, 89, 19.0, 0.09375
surrogate, 89, 19.0, 0.09375
surrogate, 89, 19.0, 0.09375
surrogate, 89, 19.0, 0.09375
surrogate, 89, 19.0, 0.09375
surrogate, 89, 19.0, 0.09375
surrogate, 89, 19.0, 0.09375
surrogate, 89, 19.0, 0.09375
surrogate, 90, 27.0, 0.53125
surrogate, 90, 27.0, 0.53125
surrogate, 90, 27.0, 0.53125
surrogate, 90, 27.0, 0.53125
surrogate, 90, 27.0, 0.53125
surrogate, 90, 27.0, 0.53125
surrogate, 90, 27.0, 0.53125
surrogate, 90, 27.0, 0.53125
surrogate, 90, 27.0, 0.53125
surrogate, 90, 27.0, 0.53125
surrogate, 90, 27.0, 0.53125
surrogate, 90, 27.0, 0.53125
surrogate, 90, 27.0, 0.53125
surrogate, 90, 27.0, 0.53125
surrogate, 90, 27.0, 0.53125
surrogate, 90, 27.0, 0.53125
surrogate, 90, 24.0, 0.375
surrogate, 90, 24.0, 0.375
surrogate, 90, 24.0, 0.375
surrogate, 90, 24.0, 0.375
surrogate, 90, 24.0, 0.375
surrogate, 90, 24.0, 0.375
surrogate, 90, 24.0, 0.375
surrogate, 90, 24.0, 0.375
surrogate, 90, 24.0, 0.375
surrogate, 90, 24.0, 0.375
surrogate, 90, 24.0, 0.375
surrogate, 90, 24.0, 0.375
surrogate, 90, 24.0, 0.375
surrogate, 90, 24.0, 0.375
surrogate, 90, 24.0, 0.375
surrogate, 90, 24.0, 0.375
surrogate, 90, 24.0, 0.375
surrogate, 90, 23.0, 0.3125
surrogate, 90, 23.0, 0.3125
surrogate, 90, 23.0, 0.3125
surrogate, 90, 23.0, 0.3125
surrogate, 90, 23.0, 0.3125
surrogate, 90, 23.0, 0.3125
surrogate, 90, 23.0, 0.3125
surrogate, 90, 23.0, 0.3125
surrogate, 90, 23.0, 0.3125
surrogate, 90, 23.0, 0.3125
surrogate, 90, 23.0, 0.3125
surrogate, 90, 23.0, 0.3125
surrogate, 90, 23.0, 0.3125
surrogate, 90, 23.0, 0.3125
surrogate, 90, 23.0, 0.3125
surrogate, 90, 23.0, 0.3125
surrogate, 90, 23.0, 0.3125
surrogate, 90, 23.0, 0.3125
surrogate, 90, 23.0, 0.3125
surrogate, 90, 23.0, 0.3125
surrogate, 90, 23.0, 0.3125
surrogate, 90, 23.0, 0.3125
surrogate, 90, 23.0, 0.3125
surrogate, 90, 23.0, 0.3125
surrogate, 90, 23.0, 0.3125
surrogate, 90, 23.0, 0.3125
surrogate, 90, 23.0, 0.3125
surrogate, 90, 23.0, 0.3125
surrogate, 90, 23.0, 0.3125
surrogate, 90, 23.0, 0.3125
surrogate, 90, 22.0, 0.25
surrogate, 90, 22.0, 0.25
surrogate, 90, 22.0, 0.25
surrogate, 90, 22.0, 0.25
surrogate, 90, 22.0, 0.25
surrogate, 90, 22.0, 0.25
surrogate, 90, 22.0, 0.25
surrogate, 90, 22.0, 0.25
surrogate, 90, 22.0, 0.25
surrogate, 90, 22.0, 0.25
surrogate, 90, 22.0, 0.25
surrogate, 90, 22.0, 0.25
surrogate, 90, 22.0, 0.25
surrogate, 90, 22.0, 0.25
surrogate, 90, 22.0, 0.25
surrogate, 90, 19.0, 0.09375
surrogate, 90, 19.0, 0.09375
surrogate, 90, 19.0, 0.09375
surrogate, 90, 19.0, 0.09375
surrogate, 90, 19.0, 0.09375
surrogate, 90, 19.0, 0.09375
surrogate, 90, 19.0, 0.09375
surrogate, 90, 19.0, 0.09375
surrogate, 90, 19.0, 0.09375
surrogate, 90, 19.0, 0.09375
surrogate, 90, 19.0, 0.09375
surrogate, 90, 19.0, 0.09375
surrogate, 90, 19.0, 0.09375
surrogate, 90, 19.0, 0.09375
surrogate, 90, 19.0, 0.09375
surrogate, 90, 19.0, 0.09375
surrogate, 90, 19.0, 0.09375
surrogate, 90, 19.0, 0.09375
surrogate, 90, 19.0, 0.09375
surrogate, 91, 27.0, 0.53125
surrogate, 91, 27.0, 0.53125
surrogate, 91, 27.0, 0.53125
surrogate, 91, 27.0, 0.53125
surrogate, 91, 27.0, 0.53125
surrogate, 91, 27.0, 0.53125
surrogate, 91, 27.0, 0.53125
surrogate, 91, 27.0, 0.53125
surrogate, 91, 27.0, 0.53125
surrogate, 91, 27.0, 0.53125
surrogate, 91, 27.0, 0.53125
surrogate, 91, 27.0, 0.53125
surrogate, 91, 27.0, 0.53125
surrogate, 91, 27.0, 0.53125
surrogate, 91, 27.0, 0.53125
surrogate, 91, 27.0, 0.53125
surrogate, 91, 24.0, 0.375
surrogate, 91, 24.0, 0.375
surrogate, 91, 24.0, 0.375
surrogate, 91, 24.0, 0.375
surrogate, 91, 24.0, 0.375
surrogate, 91, 24.0, 0.375
surrogate, 91, 24.0, 0.375
surrogate, 91, 24.0, 0.375
surrogate, 91, 24.0, 0.375
surrogate, 91, 24.0, 0.375
surrogate, 91, 24.0, 0.375
surrogate, 91, 24.0, 0.375
surrogate, 91, 24.0, 0.375
surrogate, 91, 24.0, 0.375
surrogate, 91, 24.0, 0.375
surrogate, 91, 24.0, 0.375
surrogate, 91, 24.0, 0.375
surrogate, 91, 23.0, 0.3125
surrogate, 91, 23.0, 0.3125
surrogate, 91, 23.0, 0.3125
surrogate, 91, 23.0, 0.3125
surrogate, 91, 23.0, 0.3125
surrogate, 91, 23.0, 0.3125
surrogate, 91, 23.0, 0.3125
surrogate, 91, 23.0, 0.3125
surrogate, 91, 23.0, 0.3125
surrogate, 91, 23.0, 0.3125
surrogate, 91, 23.0, 0.3125
surrogate, 91, 23.0, 0.3125
surrogate, 91, 23.0, 0.3125
surrogate, 91, 23.0, 0.3125
surrogate, 91, 23.0, 0.3125
surrogate, 91, 23.0, 0.3125
surrogate, 91, 23.0, 0.3125
surrogate, 91, 23.0, 0.3125
surrogate, 91, 23.0, 0.3125
surrogate, 91, 23.0, 0.3125
surrogate, 91, 23.0, 0.3125
surrogate, 91, 23.0, 0.3125
surrogate, 91, 23.0, 0.3125
surrogate, 91, 23.0, 0.3125
surrogate, 91, 23.0, 0.3125
surrogate, 91, 23.0, 0.3125
surrogate, 91, 23.0, 0.3125
surrogate, 91, 23.0, 0.3125
surrogate, 91, 23.0, 0.3125
surrogate, 91, 23.0, 0.3125
surrogate, 91, 22.0, 0.25
surrogate, 91, 22.0, 0.25
surrogate, 91, 22.0, 0.25
surrogate, 91, 22.0, 0.25
surrogate, 91, 22.0, 0.25
surrogate, 91, 22.0, 0.25
surrogate, 91, 22.0, 0.25
surrogate, 91, 22.0, 0.25
surrogate, 91, 22.0, 0.25
surrogate, 91, 22.0, 0.25
surrogate, 91, 22.0, 0.25
surrogate, 91, 22.0, 0.25
surrogate, 91, 22.0, 0.25
surrogate, 91, 22.0, 0.25
surrogate, 91, 22.0, 0.25
surrogate, 91, 19.0, 0.09375
surrogate, 91, 19.0, 0.09375
surrogate, 91, 19.0, 0.09375
surrogate, 91, 19.0, 0.09375
surrogate, 91, 19.0, 0.09375
surrogate, 91, 19.0, 0.09375
surrogate, 91, 19.0, 0.09375
surrogate, 91, 19.0, 0.09375
surrogate, 91, 19.0, 0.09375
surrogate, 91, 19.0, 0.09375
surrogate, 91, 19.0, 0.09375
surrogate, 91, 19.0, 0.09375
surrogate, 91, 19.0, 0.09375
surrogate, 91, 19.0, 0.09375
surrogate, 91, 19.0, 0.09375
surrogate, 91, 19.0, 0.09375
surrogate, 91, 19.0, 0.09375
surrogate, 91, 19.0, 0.09375
surrogate, 91, 19.0, 0.09375
surrogate, 92, 27.0, 0.53125
surrogate, 92, 27.0, 0.53125
surrogate, 92, 27.0, 0.53125
surrogate, 92, 27.0, 0.53125
surrogate, 92, 27.0, 0.53125
surrogate, 92, 27.0, 0.53125
surrogate, 92, 27.0, 0.53125
surrogate, 92, 27.0, 0.53125
surrogate, 92, 27.0, 0.53125
surrogate, 92, 27.0, 0.53125
surrogate, 92, 27.0, 0.53125
surrogate, 92, 27.0, 0.53125
surrogate, 92, 27.0, 0.53125
surrogate, 92, 27.0, 0.53125
surrogate, 92, 27.0, 0.53125
surrogate, 92, 27.0, 0.53125
surrogate, 92, 24.0, 0.375
surrogate, 92, 24.0, 0.375
surrogate, 92, 24.0, 0.375
surrogate, 92, 24.0, 0.375
surrogate, 92, 24.0, 0.375
surrogate, 92, 24.0, 0.375
surrogate, 92, 24.0, 0.375
surrogate, 92, 24.0, 0.375
surrogate, 92, 24.0, 0.375
surrogate, 92, 24.0, 0.375
surrogate, 92, 24.0, 0.375
surrogate, 92, 24.0, 0.375
surrogate, 92, 24.0, 0.375
surrogate, 92, 24.0, 0.375
surrogate, 92, 24.0, 0.375
surrogate, 92, 24.0, 0.375
surrogate, 92, 24.0, 0.375
surrogate, 92, 23.0, 0.3125
surrogate, 92, 23.0, 0.3125
surrogate, 92, 23.0, 0.3125
surrogate, 92, 23.0, 0.3125
surrogate, 92, 23.0, 0.3125
surrogate, 92, 23.0, 0.3125
surrogate, 92, 23.0, 0.3125
surrogate, 92, 23.0, 0.3125
surrogate, 92, 23.0, 0.3125
surrogate, 92, 23.0, 0.3125
surrogate, 92, 23.0, 0.3125
surrogate, 92, 23.0, 0.3125
surrogate, 92, 23.0, 0.3125
surrogate, 92, 23.0, 0.3125
surrogate, 92, 23.0, 0.3125
surrogate, 92, 23.0, 0.3125
surrogate, 92, 23.0, 0.3125
surrogate, 92, 23.0, 0.3125
surrogate, 92, 23.0, 0.3125
surrogate, 92, 23.0, 0.3125
surrogate, 92, 23.0, 0.3125
surrogate, 92, 23.0, 0.3125
surrogate, 92, 23.0, 0.3125
surrogate, 92, 23.0, 0.3125
surrogate, 92, 23.0, 0.3125
surrogate, 92, 23.0, 0.3125
surrogate, 92, 23.0, 0.3125
surrogate, 92, 23.0, 0.3125
surrogate, 92, 23.0, 0.3125
surrogate, 92, 23.0, 0.3125
surrogate, 92, 23.0, 0.3125
surrogate, 92, 22.0, 0.25
surrogate, 92, 22.0, 0.25
surrogate, 92, 22.0, 0.25
surrogate, 92, 22.0, 0.25
surrogate, 92, 22.0, 0.25
surrogate, 92, 22.0, 0.25
surrogate, 92, 22.0, 0.25
surrogate, 92, 22.0, 0.25
surrogate, 92, 22.0, 0.25
surrogate, 92, 22.0, 0.25
surrogate, 92, 22.0, 0.25
surrogate, 92, 22.0, 0.25
surrogate, 92, 22.0, 0.25
surrogate, 92, 22.0, 0.25
surrogate, 92, 22.0, 0.25
surrogate, 92, 22.0, 0.25
surrogate, 92, 19.0, 0.09375
surrogate, 92, 19.0, 0.09375
surrogate, 92, 19.0, 0.09375
surrogate, 92, 19.0, 0.09375
surrogate, 92, 19.0, 0.09375
surrogate, 92, 19.0, 0.09375
surrogate, 92, 19.0, 0.09375
surrogate, 92, 19.0, 0.09375
surrogate, 92, 19.0, 0.09375
surrogate, 92, 19.0, 0.09375
surrogate, 92, 19.0, 0.09375
surrogate, 92, 19.0, 0.09375
surrogate, 92, 19.0, 0.09375
surrogate, 92, 19.0, 0.09375
surrogate, 92, 19.0, 0.09375
surrogate, 92, 19.0, 0.09375
surrogate, 92, 19.0, 0.09375
surrogate, 92, 19.0, 0.09375
surrogate, 92, 19.0, 0.09375
surrogate, 92, 19.0, 0.09375
surrogate, 93, 27.0, 0.53125
surrogate, 93, 27.0, 0.53125
surrogate, 93, 27.0, 0.53125
surrogate, 93, 27.0, 0.53125
surrogate, 93, 27.0, 0.53125
surrogate, 93, 27.0, 0.53125
surrogate, 93, 27.0, 0.53125
surrogate, 93, 27.0, 0.53125
surrogate, 93, 27.0, 0.53125
surrogate, 93, 27.0, 0.53125
surrogate, 93, 27.0, 0.53125
surrogate, 93, 27.0, 0.53125
surrogate, 93, 27.0, 0.53125
surrogate, 93, 27.0, 0.53125
surrogate, 93, 27.0, 0.53125
surrogate, 93, 27.0, 0.53125
surrogate, 93, 24.0, 0.375
surrogate, 93, 24.0, 0.375
surrogate, 93, 24.0, 0.375
surrogate, 93, 24.0, 0.375
surrogate, 93, 24.0, 0.375
surrogate, 93, 24.0, 0.375
surrogate, 93, 24.0, 0.375
surrogate, 93, 24.0, 0.375
surrogate, 93, 24.0, 0.375
surrogate, 93, 24.0, 0.375
surrogate, 93, 24.0, 0.375
surrogate, 93, 24.0, 0.375
surrogate, 93, 24.0, 0.375
surrogate, 93, 24.0, 0.375
surrogate, 93, 24.0, 0.375
surrogate, 93, 24.0, 0.375
surrogate, 93, 24.0, 0.375
surrogate, 93, 24.0, 0.375
surrogate, 93, 23.0, 0.3125
surrogate, 93, 23.0, 0.3125
surrogate, 93, 23.0, 0.3125
surrogate, 93, 23.0, 0.3125
surrogate, 93, 23.0, 0.3125
surrogate, 93, 23.0, 0.3125
surrogate, 93, 23.0, 0.3125
surrogate, 93, 23.0, 0.3125
surrogate, 93, 23.0, 0.3125
surrogate, 93, 23.0, 0.3125
surrogate, 93, 23.0, 0.3125
surrogate, 93, 23.0, 0.3125
surrogate, 93, 23.0, 0.3125
surrogate, 93, 23.0, 0.3125
surrogate, 93, 23.0, 0.3125
surrogate, 93, 23.0, 0.3125
surrogate, 93, 23.0, 0.3125
surrogate, 93, 23.0, 0.3125
surrogate, 93, 23.0, 0.3125
surrogate, 93, 23.0, 0.3125
surrogate, 93, 23.0, 0.3125
surrogate, 93, 23.0, 0.3125
surrogate, 93, 23.0, 0.3125
surrogate, 93, 23.0, 0.3125
surrogate, 93, 23.0, 0.3125
surrogate, 93, 23.0, 0.3125
surrogate, 93, 23.0, 0.3125
surrogate, 93, 23.0, 0.3125
surrogate, 93, 23.0, 0.3125
surrogate, 93, 23.0, 0.3125
surrogate, 93, 23.0, 0.3125
surrogate, 93, 22.0, 0.25
surrogate, 93, 22.0, 0.25
surrogate, 93, 22.0, 0.25
surrogate, 93, 22.0, 0.25
surrogate, 93, 22.0, 0.25
surrogate, 93, 22.0, 0.25
surrogate, 93, 22.0, 0.25
surrogate, 93, 22.0, 0.25
surrogate, 93, 22.0, 0.25
surrogate, 93, 22.0, 0.25
surrogate, 93, 22.0, 0.25
surrogate, 93, 22.0, 0.25
surrogate, 93, 22.0, 0.25
surrogate, 93, 22.0, 0.25
surrogate, 93, 22.0, 0.25
surrogate, 93, 22.0, 0.25
surrogate, 93, 19.0, 0.09375
surrogate, 93, 19.0, 0.09375
surrogate, 93, 19.0, 0.09375
surrogate, 93, 19.0, 0.09375
surrogate, 93, 19.0, 0.09375
surrogate, 93, 19.0, 0.09375
surrogate, 93, 19.0, 0.09375
surrogate, 93, 19.0, 0.09375
surrogate, 93, 19.0, 0.09375
surrogate, 93, 19.0, 0.09375
surrogate, 93, 19.0, 0.09375
surrogate, 93, 19.0, 0.09375
surrogate, 93, 19.0, 0.09375
surrogate, 93, 19.0, 0.09375
surrogate, 93, 19.0, 0.09375
surrogate, 93, 19.0, 0.09375
surrogate, 93, 19.0, 0.09375
surrogate, 93, 19.0, 0.09375
surrogate, 93, 19.0, 0.09375
surrogate, 93, 19.0, 0.09375
surrogate, 93, 19.0, 0.09375
surrogate, 94, 27.0, 0.53125
surrogate, 94, 27.0, 0.53125
surrogate, 94, 27.0, 0.53125
surrogate, 94, 27.0, 0.53125
surrogate, 94, 27.0, 0.53125
surrogate, 94, 27.0, 0.53125
surrogate, 94, 27.0, 0.53125
surrogate, 94, 27.0, 0.53125
surrogate, 94, 27.0, 0.53125
surrogate, 94, 27.0, 0.53125
surrogate, 94, 27.0, 0.53125
surrogate, 94, 27.0, 0.53125
surrogate, 94, 27.0, 0.53125
surrogate, 94, 27.0, 0.53125
surrogate, 94, 27.0, 0.53125
surrogate, 94, 27.0, 0.53125
surrogate, 94, 24.0, 0.375
surrogate, 94, 24.0, 0.375
surrogate, 94, 24.0, 0.375
surrogate, 94, 24.0, 0.375
surrogate, 94, 24.0, 0.375
surrogate, 94, 24.0, 0.375
surrogate, 94, 24.0, 0.375
surrogate, 94, 24.0, 0.375
surrogate, 94, 24.0, 0.375
surrogate, 94, 24.0, 0.375
surrogate, 94, 24.0, 0.375
surrogate, 94, 24.0, 0.375
surrogate, 94, 24.0, 0.375
surrogate, 94, 24.0, 0.375
surrogate, 94, 24.0, 0.375
surrogate, 94, 24.0, 0.375
surrogate, 94, 24.0, 0.375
surrogate, 94, 24.0, 0.375
surrogate, 94, 23.0, 0.3125
surrogate, 94, 23.0, 0.3125
surrogate, 94, 23.0, 0.3125
surrogate, 94, 23.0, 0.3125
surrogate, 94, 23.0, 0.3125
surrogate, 94, 23.0, 0.3125
surrogate, 94, 23.0, 0.3125
surrogate, 94, 23.0, 0.3125
surrogate, 94, 23.0, 0.3125
surrogate, 94, 23.0, 0.3125
surrogate, 94, 23.0, 0.3125
surrogate, 94, 23.0, 0.3125
surrogate, 94, 23.0, 0.3125
surrogate, 94, 23.0, 0.3125
surrogate, 94, 23.0, 0.3125
surrogate, 94, 23.0, 0.3125
surrogate, 94, 23.0, 0.3125
surrogate, 94, 23.0, 0.3125
surrogate, 94, 23.0, 0.3125
surrogate, 94, 23.0, 0.3125
surrogate, 94, 23.0, 0.3125
surrogate, 94, 23.0, 0.3125
surrogate, 94, 23.0, 0.3125
surrogate, 94, 23.0, 0.3125
surrogate, 94, 23.0, 0.3125
surrogate, 94, 23.0, 0.3125
surrogate, 94, 23.0, 0.3125
surrogate, 94, 23.0, 0.3125
surrogate, 94, 23.0, 0.3125
surrogate, 94, 23.0, 0.3125
surrogate, 94, 23.0, 0.3125
surrogate, 94, 22.0, 0.25
surrogate, 94, 22.0, 0.25
surrogate, 94, 22.0, 0.25
surrogate, 94, 22.0, 0.25
surrogate, 94, 22.0, 0.25
surrogate, 94, 22.0, 0.25
surrogate, 94, 22.0, 0.25
surrogate, 94, 22.0, 0.25
surrogate, 94, 22.0, 0.25
surrogate, 94, 22.0, 0.25
surrogate, 94, 22.0, 0.25
surrogate, 94, 22.0, 0.25
surrogate, 94, 22.0, 0.25
surrogate, 94, 22.0, 0.25
surrogate, 94, 22.0, 0.25
surrogate, 94, 22.0, 0.25
surrogate, 94, 19.0, 0.09375
surrogate, 94, 19.0, 0.09375
surrogate, 94, 19.0, 0.09375
surrogate, 94, 19.0, 0.09375
surrogate, 94, 19.0, 0.09375
surrogate, 94, 19.0, 0.09375
surrogate, 94, 19.0, 0.09375
surrogate, 94, 19.0, 0.09375
surrogate, 94, 19.0, 0.09375
surrogate, 94, 19.0, 0.09375
surrogate, 94, 19.0, 0.09375
surrogate, 94, 19.0, 0.09375
surrogate, 94, 19.0, 0.09375
surrogate, 94, 19.0, 0.09375
surrogate, 94, 19.0, 0.09375
surrogate, 94, 19.0, 0.09375
surrogate, 94, 19.0, 0.09375
surrogate, 94, 19.0, 0.09375
surrogate, 94, 19.0, 0.09375
surrogate, 94, 19.0, 0.09375
surrogate, 94, 19.0, 0.09375
surrogate, 95, 27.0, 0.53125
surrogate, 95, 27.0, 0.53125
surrogate, 95, 27.0, 0.53125
surrogate, 95, 27.0, 0.53125
surrogate, 95, 27.0, 0.53125
surrogate, 95, 27.0, 0.53125
surrogate, 95, 27.0, 0.53125
surrogate, 95, 27.0, 0.53125
surrogate, 95, 27.0, 0.53125
surrogate, 95, 27.0, 0.53125
surrogate, 95, 27.0, 0.53125
surrogate, 95, 27.0, 0.53125
surrogate, 95, 27.0, 0.53125
surrogate, 95, 27.0, 0.53125
surrogate, 95, 27.0, 0.53125
surrogate, 95, 27.0, 0.53125
surrogate, 95, 24.0, 0.375
surrogate, 95, 24.0, 0.375
surrogate, 95, 24.0, 0.375
surrogate, 95, 24.0, 0.375
surrogate, 95, 24.0, 0.375
surrogate, 95, 24.0, 0.375
surrogate, 95, 24.0, 0.375
surrogate, 95, 24.0, 0.375
surrogate, 95, 24.0, 0.375
surrogate, 95, 24.0, 0.375
surrogate, 95, 24.0, 0.375
surrogate, 95, 24.0, 0.375
surrogate, 95, 24.0, 0.375
surrogate, 95, 24.0, 0.375
surrogate, 95, 24.0, 0.375
surrogate, 95, 24.0, 0.375
surrogate, 95, 24.0, 0.375
surrogate, 95, 24.0, 0.375
surrogate, 95, 24.0, 0.375
surrogate, 95, 23.0, 0.3125
surrogate, 95, 23.0, 0.3125
surrogate, 95, 23.0, 0.3125
surrogate, 95, 23.0, 0.3125
surrogate, 95, 23.0, 0.3125
surrogate, 95, 23.0, 0.3125
surrogate, 95, 23.0, 0.3125
surrogate, 95, 23.0, 0.3125
surrogate, 95, 23.0, 0.3125
surrogate, 95, 23.0, 0.3125
surrogate, 95, 23.0, 0.3125
surrogate, 95, 23.0, 0.3125
surrogate, 95, 23.0, 0.3125
surrogate, 95, 23.0, 0.3125
surrogate, 95, 23.0, 0.3125
surrogate, 95, 23.0, 0.3125
surrogate, 95, 23.0, 0.3125
surrogate, 95, 23.0, 0.3125
surrogate, 95, 23.0, 0.3125
surrogate, 95, 23.0, 0.3125
surrogate, 95, 23.0, 0.3125
surrogate, 95, 23.0, 0.3125
surrogate, 95, 23.0, 0.3125
surrogate, 95, 23.0, 0.3125
surrogate, 95, 23.0, 0.3125
surrogate, 95, 23.0, 0.3125
surrogate, 95, 23.0, 0.3125
surrogate, 95, 23.0, 0.3125
surrogate, 95, 23.0, 0.3125
surrogate, 95, 23.0, 0.3125
surrogate, 95, 23.0, 0.3125
surrogate, 95, 23.0, 0.3125
surrogate, 95, 22.0, 0.25
surrogate, 95, 22.0, 0.25
surrogate, 95, 22.0, 0.25
surrogate, 95, 22.0, 0.25
surrogate, 95, 22.0, 0.25
surrogate, 95, 22.0, 0.25
surrogate, 95, 22.0, 0.25
surrogate, 95, 22.0, 0.25
surrogate, 95, 22.0, 0.25
surrogate, 95, 22.0, 0.25
surrogate, 95, 22.0, 0.25
surrogate, 95, 22.0, 0.25
surrogate, 95, 22.0, 0.25
surrogate, 95, 22.0, 0.25
surrogate, 95, 22.0, 0.25
surrogate, 95, 22.0, 0.25
surrogate, 95, 22.0, 0.25
surrogate, 95, 19.0, 0.09375
surrogate, 95, 19.0, 0.09375
surrogate, 95, 19.0, 0.09375
surrogate, 95, 19.0, 0.09375
surrogate, 95, 19.0, 0.09375
surrogate, 95, 19.0, 0.09375
surrogate, 95, 19.0, 0.09375
surrogate, 95, 19.0, 0.09375
surrogate, 95, 19.0, 0.09375
surrogate, 95, 19.0, 0.09375
surrogate, 95, 19.0, 0.09375
surrogate, 95, 19.0, 0.09375
surrogate, 95, 19.0, 0.09375
surrogate, 95, 19.0, 0.09375
surrogate, 95, 19.0, 0.09375
surrogate, 95, 19.0, 0.09375
surrogate, 95, 19.0, 0.09375
surrogate, 95, 19.0, 0.09375
surrogate, 95, 19.0, 0.09375
surrogate, 95, 19.0, 0.09375
surrogate, 95, 19.0, 0.09375
surrogate, 95, 19.0, 0.09375
surrogate, 96, 27.0, 0.53125
surrogate, 96, 27.0, 0.53125
surrogate, 96, 27.0, 0.53125
surrogate, 96, 27.0, 0.53125
surrogate, 96, 27.0, 0.53125
surrogate, 96, 27.0, 0.53125
surrogate, 96, 27.0, 0.53125
surrogate, 96, 27.0, 0.53125
surrogate, 96, 27.0, 0.53125
surrogate, 96, 27.0, 0.53125
surrogate, 96, 27.0, 0.53125
surrogate, 96, 27.0, 0.53125
surrogate, 96, 27.0, 0.53125
surrogate, 96, 27.0, 0.53125
surrogate, 96, 27.0, 0.53125
surrogate, 96, 27.0, 0.53125
surrogate, 96, 24.0, 0.375
surrogate, 96, 24.0, 0.375
surrogate, 96, 24.0, 0.375
surrogate, 96, 24.0, 0.375
surrogate, 96, 24.0, 0.375
surrogate, 96, 24.0, 0.375
surrogate, 96, 24.0, 0.375
surrogate, 96, 24.0, 0.375
surrogate, 96, 24.0, 0.375
surrogate, 96, 24.0, 0.375
surrogate, 96, 24.0, 0.375
surrogate, 96, 24.0, 0.375
surrogate, 96, 24.0, 0.375
surrogate, 96, 24.0, 0.375
surrogate, 96, 24.0, 0.375
surrogate, 96, 24.0, 0.375
surrogate, 96, 24.0, 0.375
surrogate, 96, 24.0, 0.375
surrogate, 96, 24.0, 0.375
surrogate, 96, 23.0, 0.3125
surrogate, 96, 23.0, 0.3125
surrogate, 96, 23.0, 0.3125
surrogate, 96, 23.0, 0.3125
surrogate, 96, 23.0, 0.3125
surrogate, 96, 23.0, 0.3125
surrogate, 96, 23.0, 0.3125
surrogate, 96, 23.0, 0.3125
surrogate, 96, 23.0, 0.3125
surrogate, 96, 23.0, 0.3125
surrogate, 96, 23.0, 0.3125
surrogate, 96, 23.0, 0.3125
surrogate, 96, 23.0, 0.3125
surrogate, 96, 23.0, 0.3125
surrogate, 96, 23.0, 0.3125
surrogate, 96, 23.0, 0.3125
surrogate, 96, 23.0, 0.3125
surrogate, 96, 23.0, 0.3125
surrogate, 96, 23.0, 0.3125
surrogate, 96, 23.0, 0.3125
surrogate, 96, 23.0, 0.3125
surrogate, 96, 23.0, 0.3125
surrogate, 96, 23.0, 0.3125
surrogate, 96, 23.0, 0.3125
surrogate, 96, 23.0, 0.3125
surrogate, 96, 23.0, 0.3125
surrogate, 96, 23.0, 0.3125
surrogate, 96, 23.0, 0.3125
surrogate, 96, 23.0, 0.3125
surrogate, 96, 23.0, 0.3125
surrogate, 96, 23.0, 0.3125
surrogate, 96, 23.0, 0.3125
surrogate, 96, 22.0, 0.25
surrogate, 96, 22.0, 0.25
surrogate, 96, 22.0, 0.25
surrogate, 96, 22.0, 0.25
surrogate, 96, 22.0, 0.25
surrogate, 96, 22.0, 0.25
surrogate, 96, 22.0, 0.25
surrogate, 96, 22.0, 0.25
surrogate, 96, 22.0, 0.25
surrogate, 96, 22.0, 0.25
surrogate, 96, 22.0, 0.25
surrogate, 96, 22.0, 0.25
surrogate, 96, 22.0, 0.25
surrogate, 96, 22.0, 0.25
surrogate, 96, 22.0, 0.25
surrogate, 96, 22.0, 0.25
surrogate, 96, 22.0, 0.25
surrogate, 96, 22.0, 0.25
surrogate, 96, 19.0, 0.09375
surrogate, 96, 19.0, 0.09375
surrogate, 96, 19.0, 0.09375
surrogate, 96, 19.0, 0.09375
surrogate, 96, 19.0, 0.09375
surrogate, 96, 19.0, 0.09375
surrogate, 96, 19.0, 0.09375
surrogate, 96, 19.0, 0.09375
surrogate, 96, 19.0, 0.09375
surrogate, 96, 19.0, 0.09375
surrogate, 96, 19.0, 0.09375
surrogate, 96, 19.0, 0.09375
surrogate, 96, 19.0, 0.09375
surrogate, 96, 19.0, 0.09375
surrogate, 96, 19.0, 0.09375
surrogate, 96, 19.0, 0.09375
surrogate, 96, 19.0, 0.09375
surrogate, 96, 19.0, 0.09375
surrogate, 96, 19.0, 0.09375
surrogate, 96, 19.0, 0.09375
surrogate, 96, 19.0, 0.09375
surrogate, 96, 19.0, 0.09375
surrogate, 97, 27.0, 0.53125
surrogate, 97, 27.0, 0.53125
surrogate, 97, 27.0, 0.53125
surrogate, 97, 27.0, 0.53125
surrogate, 97, 27.0, 0.53125
surrogate, 97, 27.0, 0.53125
surrogate, 97, 27.0, 0.53125
surrogate, 97, 27.0, 0.53125
surrogate, 97, 27.0, 0.53125
surrogate, 97, 27.0, 0.53125
surrogate, 97, 27.0, 0.53125
surrogate, 97, 27.0, 0.53125
surrogate, 97, 27.0, 0.53125
surrogate, 97, 27.0, 0.53125
surrogate, 97, 27.0, 0.53125
surrogate, 97, 27.0, 0.53125
surrogate, 97, 24.0, 0.375
surrogate, 97, 24.0, 0.375
surrogate, 97, 24.0, 0.375
surrogate, 97, 24.0, 0.375
surrogate, 97, 24.0, 0.375
surrogate, 97, 24.0, 0.375
surrogate, 97, 24.0, 0.375
surrogate, 97, 24.0, 0.375
surrogate, 97, 24.0, 0.375
surrogate, 97, 24.0, 0.375
surrogate, 97, 24.0, 0.375
surrogate, 97, 24.0, 0.375
surrogate, 97, 24.0, 0.375
surrogate, 97, 24.0, 0.375
surrogate, 97, 24.0, 0.375
surrogate, 97, 24.0, 0.375
surrogate, 97, 24.0, 0.375
surrogate, 97, 24.0, 0.375
surrogate, 97, 24.0, 0.375
surrogate, 97, 23.0, 0.3125
surrogate, 97, 23.0, 0.3125
surrogate, 97, 23.0, 0.3125
surrogate, 97, 23.0, 0.3125
surrogate, 97, 23.0, 0.3125
surrogate, 97, 23.0, 0.3125
surrogate, 97, 23.0, 0.3125
surrogate, 97, 23.0, 0.3125
surrogate, 97, 23.0, 0.3125
surrogate, 97, 23.0, 0.3125
surrogate, 97, 23.0, 0.3125
surrogate, 97, 23.0, 0.3125
surrogate, 97, 23.0, 0.3125
surrogate, 97, 23.0, 0.3125
surrogate, 97, 23.0, 0.3125
surrogate, 97, 23.0, 0.3125
surrogate, 97, 23.0, 0.3125
surrogate, 97, 23.0, 0.3125
surrogate, 97, 23.0, 0.3125
surrogate, 97, 23.0, 0.3125
surrogate, 97, 23.0, 0.3125
surrogate, 97, 23.0, 0.3125
surrogate, 97, 23.0, 0.3125
surrogate, 97, 23.0, 0.3125
surrogate, 97, 23.0, 0.3125
surrogate, 97, 23.0, 0.3125
surrogate, 97, 23.0, 0.3125
surrogate, 97, 23.0, 0.3125
surrogate, 97, 23.0, 0.3125
surrogate, 97, 23.0, 0.3125
surrogate, 97, 23.0, 0.3125
surrogate, 97, 23.0, 0.3125
surrogate, 97, 22.0, 0.25
surrogate, 97, 22.0, 0.25
surrogate, 97, 22.0, 0.25
surrogate, 97, 22.0, 0.25
surrogate, 97, 22.0, 0.25
surrogate, 97, 22.0, 0.25
surrogate, 97, 22.0, 0.25
surrogate, 97, 22.0, 0.25
surrogate, 97, 22.0, 0.25
surrogate, 97, 22.0, 0.25
surrogate, 97, 22.0, 0.25
surrogate, 97, 22.0, 0.25
surrogate, 97, 22.0, 0.25
surrogate, 97, 22.0, 0.25
surrogate, 97, 22.0, 0.25
surrogate, 97, 22.0, 0.25
surrogate, 97, 22.0, 0.25
surrogate, 97, 22.0, 0.25
surrogate, 97, 19.0, 0.09375
surrogate, 97, 19.0, 0.09375
surrogate, 97, 19.0, 0.09375
surrogate, 97, 19.0, 0.09375
surrogate, 97, 19.0, 0.09375
surrogate, 97, 19.0, 0.09375
surrogate, 97, 19.0, 0.09375
surrogate, 97, 19.0, 0.09375
surrogate, 97, 19.0, 0.09375
surrogate, 97, 19.0, 0.09375
surrogate, 97, 19.0, 0.09375
surrogate, 97, 19.0, 0.09375
surrogate, 97, 19.0, 0.09375
surrogate, 97, 19.0, 0.09375
surrogate, 97, 19.0, 0.09375
surrogate, 97, 19.0, 0.09375
surrogate, 97, 19.0, 0.09375
surrogate, 97, 19.0, 0.09375
surrogate, 97, 19.0, 0.09375
surrogate, 97, 19.0, 0.09375
surrogate, 97, 19.0, 0.09375
surrogate, 97, 19.0, 0.09375
surrogate, 97, 19.0, 0.09375
surrogate, 98, 27.0, 0.53125
surrogate, 98, 27.0, 0.53125
surrogate, 98, 27.0, 0.53125
surrogate, 98, 27.0, 0.53125
surrogate, 98, 27.0, 0.53125
surrogate, 98, 27.0, 0.53125
surrogate, 98, 27.0, 0.53125
surrogate, 98, 27.0, 0.53125
surrogate, 98, 27.0, 0.53125
surrogate, 98, 27.0, 0.53125
surrogate, 98, 27.0, 0.53125
surrogate, 98, 27.0, 0.53125
surrogate, 98, 27.0, 0.53125
surrogate, 98, 27.0, 0.53125
surrogate, 98, 27.0, 0.53125
surrogate, 98, 27.0, 0.53125
surrogate, 98, 24.0, 0.375
surrogate, 98, 24.0, 0.375
surrogate, 98, 24.0, 0.375
surrogate, 98, 24.0, 0.375
surrogate, 98, 24.0, 0.375
surrogate, 98, 24.0, 0.375
surrogate, 98, 24.0, 0.375
surrogate, 98, 24.0, 0.375
surrogate, 98, 24.0, 0.375
surrogate, 98, 24.0, 0.375
surrogate, 98, 24.0, 0.375
surrogate, 98, 24.0, 0.375
surrogate, 98, 24.0, 0.375
surrogate, 98, 24.0, 0.375
surrogate, 98, 24.0, 0.375
surrogate, 98, 24.0, 0.375
surrogate, 98, 24.0, 0.375
surrogate, 98, 24.0, 0.375
surrogate, 98, 24.0, 0.375
surrogate, 98, 23.0, 0.3125
surrogate, 98, 23.0, 0.3125
surrogate, 98, 23.0, 0.3125
surrogate, 98, 23.0, 0.3125
surrogate, 98, 23.0, 0.3125
surrogate, 98, 23.0, 0.3125
surrogate, 98, 23.0, 0.3125
surrogate, 98, 23.0, 0.3125
surrogate, 98, 23.0, 0.3125
surrogate, 98, 23.0, 0.3125
surrogate, 98, 23.0, 0.3125
surrogate, 98, 23.0, 0.3125
surrogate, 98, 23.0, 0.3125
surrogate, 98, 23.0, 0.3125
surrogate, 98, 23.0, 0.3125
surrogate, 98, 23.0, 0.3125
surrogate, 98, 23.0, 0.3125
surrogate, 98, 23.0, 0.3125
surrogate, 98, 23.0, 0.3125
surrogate, 98, 23.0, 0.3125
surrogate, 98, 23.0, 0.3125
surrogate, 98, 23.0, 0.3125
surrogate, 98, 23.0, 0.3125
surrogate, 98, 23.0, 0.3125
surrogate, 98, 23.0, 0.3125
surrogate, 98, 23.0, 0.3125
surrogate, 98, 23.0, 0.3125
surrogate, 98, 23.0, 0.3125
surrogate, 98, 23.0, 0.3125
surrogate, 98, 23.0, 0.3125
surrogate, 98, 23.0, 0.3125
surrogate, 98, 23.0, 0.3125
surrogate, 98, 22.0, 0.25
surrogate, 98, 22.0, 0.25
surrogate, 98, 22.0, 0.25
surrogate, 98, 22.0, 0.25
surrogate, 98, 22.0, 0.25
surrogate, 98, 22.0, 0.25
surrogate, 98, 22.0, 0.25
surrogate, 98, 22.0, 0.25
surrogate, 98, 22.0, 0.25
surrogate, 98, 22.0, 0.25
surrogate, 98, 22.0, 0.25
surrogate, 98, 22.0, 0.25
surrogate, 98, 22.0, 0.25
surrogate, 98, 22.0, 0.25
surrogate, 98, 22.0, 0.25
surrogate, 98, 22.0, 0.25
surrogate, 98, 22.0, 0.25
surrogate, 98, 22.0, 0.25
surrogate, 98, 19.0, 0.09375
surrogate, 98, 19.0, 0.09375
surrogate, 98, 19.0, 0.09375
surrogate, 98, 19.0, 0.09375
surrogate, 98, 19.0, 0.09375
surrogate, 98, 19.0, 0.09375
surrogate, 98, 19.0, 0.09375
surrogate, 98, 19.0, 0.09375
surrogate, 98, 19.0, 0.09375
surrogate, 98, 19.0, 0.09375
surrogate, 98, 19.0, 0.09375
surrogate, 98, 19.0, 0.09375
surrogate, 98, 19.0, 0.09375
surrogate, 98, 19.0, 0.09375
surrogate, 98, 19.0, 0.09375
surrogate, 98, 19.0, 0.09375
surrogate, 98, 19.0, 0.09375
surrogate, 98, 19.0, 0.09375
surrogate, 98, 19.0, 0.09375
surrogate, 98, 19.0, 0.09375
surrogate, 98, 19.0, 0.09375
surrogate, 98, 19.0, 0.09375
surrogate, 98, 19.0, 0.09375
surrogate, 99, 27.0, 0.53125
surrogate, 99, 27.0, 0.53125
surrogate, 99, 27.0, 0.53125
surrogate, 99, 27.0, 0.53125
surrogate, 99, 27.0, 0.53125
surrogate, 99, 27.0, 0.53125
surrogate, 99, 27.0, 0.53125
surrogate, 99, 27.0, 0.53125
surrogate, 99, 27.0, 0.53125
surrogate, 99, 27.0, 0.53125
surrogate, 99, 27.0, 0.53125
surrogate, 99, 27.0, 0.53125
surrogate, 99, 27.0, 0.53125
surrogate, 99, 27.0, 0.53125
surrogate, 99, 27.0, 0.53125
surrogate, 99, 27.0, 0.53125
surrogate, 99, 24.0, 0.375
surrogate, 99, 24.0, 0.375
surrogate, 99, 24.0, 0.375
surrogate, 99, 24.0, 0.375
surrogate, 99, 24.0, 0.375
surrogate, 99, 24.0, 0.375
surrogate, 99, 24.0, 0.375
surrogate, 99, 24.0, 0.375
surrogate, 99, 24.0, 0.375
surrogate, 99, 24.0, 0.375
surrogate, 99, 24.0, 0.375
surrogate, 99, 24.0, 0.375
surrogate, 99, 24.0, 0.375
surrogate, 99, 24.0, 0.375
surrogate, 99, 24.0, 0.375
surrogate, 99, 24.0, 0.375
surrogate, 99, 24.0, 0.375
surrogate, 99, 24.0, 0.375
surrogate, 99, 24.0, 0.375
surrogate, 99, 23.0, 0.3125
surrogate, 99, 23.0, 0.3125
surrogate, 99, 23.0, 0.3125
surrogate, 99, 23.0, 0.3125
surrogate, 99, 23.0, 0.3125
surrogate, 99, 23.0, 0.3125
surrogate, 99, 23.0, 0.3125
surrogate, 99, 23.0, 0.3125
surrogate, 99, 23.0, 0.3125
surrogate, 99, 23.0, 0.3125
surrogate, 99, 23.0, 0.3125
surrogate, 99, 23.0, 0.3125
surrogate, 99, 23.0, 0.3125
surrogate, 99, 23.0, 0.3125
surrogate, 99, 23.0, 0.3125
surrogate, 99, 23.0, 0.3125
surrogate, 99, 23.0, 0.3125
surrogate, 99, 23.0, 0.3125
surrogate, 99, 23.0, 0.3125
surrogate, 99, 23.0, 0.3125
surrogate, 99, 23.0, 0.3125
surrogate, 99, 23.0, 0.3125
surrogate, 99, 23.0, 0.3125
surrogate, 99, 23.0, 0.3125
surrogate, 99, 23.0, 0.3125
surrogate, 99, 23.0, 0.3125
surrogate, 99, 23.0, 0.3125
surrogate, 99, 23.0, 0.3125
surrogate, 99, 23.0, 0.3125
surrogate, 99, 23.0, 0.3125
surrogate, 99, 23.0, 0.3125
surrogate, 99, 23.0, 0.3125
surrogate, 99, 22.0, 0.25
surrogate, 99, 22.0, 0.25
surrogate, 99, 22.0, 0.25
surrogate, 99, 22.0, 0.25
surrogate, 99, 22.0, 0.25
surrogate, 99, 22.0, 0.25
surrogate, 99, 22.0, 0.25
surrogate, 99, 22.0, 0.25
surrogate, 99, 22.0, 0.25
surrogate, 99, 22.0, 0.25
surrogate, 99, 22.0, 0.25
surrogate, 99, 22.0, 0.25
surrogate, 99, 22.0, 0.25
surrogate, 99, 22.0, 0.25
surrogate, 99, 22.0, 0.25
surrogate, 99, 22.0, 0.25
surrogate, 99, 22.0, 0.25
surrogate, 99, 22.0, 0.25
surrogate, 99, 19.0, 0.09375
surrogate, 99, 19.0, 0.09375
surrogate, 99, 19.0, 0.09375
surrogate, 99, 19.0, 0.09375
surrogate, 99, 19.0, 0.09375
surrogate, 99, 19.0, 0.09375
surrogate, 99, 19.0, 0.09375
surrogate, 99, 19.0, 0.09375
surrogate, 99, 19.0, 0.09375
surrogate, 99, 19.0, 0.09375
surrogate, 99, 19.0, 0.09375
surrogate, 99, 19.0, 0.09375
surrogate, 99, 19.0, 0.09375
surrogate, 99, 19.0, 0.09375
surrogate, 99, 19.0, 0.09375
surrogate, 99, 19.0, 0.09375
surrogate, 99, 19.0, 0.09375
surrogate, 99, 19.0, 0.09375
surrogate, 99, 19.0, 0.09375
surrogate, 99, 19.0, 0.09375
surrogate, 99, 19.0, 0.09375
surrogate, 99, 19.0, 0.09375
surrogate, 99, 19.0, 0.09375
surrogate, 100, 27.0, 0.53125
surrogate, 100, 27.0, 0.53125
surrogate, 100, 27.0, 0.53125
surrogate, 100, 27.0, 0.53125
surrogate, 100, 27.0, 0.53125
surrogate, 100, 27.0, 0.53125
surrogate, 100, 27.0, 0.53125
surrogate, 100, 27.0, 0.53125
surrogate, 100, 27.0, 0.53125
surrogate, 100, 27.0, 0.53125
surrogate, 100, 27.0, 0.53125
surrogate, 100, 27.0, 0.53125
surrogate, 100, 27.0, 0.53125
surrogate, 100, 27.0, 0.53125
surrogate, 100, 27.0, 0.53125
surrogate, 100, 27.0, 0.53125
surrogate, 100, 24.0, 0.375
surrogate, 100, 24.0, 0.375
surrogate, 100, 24.0, 0.375
surrogate, 100, 24.0, 0.375
surrogate, 100, 24.0, 0.375
surrogate, 100, 24.0, 0.375
surrogate, 100, 24.0, 0.375
surrogate, 100, 24.0, 0.375
surrogate, 100, 24.0, 0.375
surrogate, 100, 24.0, 0.375
surrogate, 100, 24.0, 0.375
surrogate, 100, 24.0, 0.375
surrogate, 100, 24.0, 0.375
surrogate, 100, 24.0, 0.375
surrogate, 100, 24.0, 0.375
surrogate, 100, 24.0, 0.375
surrogate, 100, 24.0, 0.375
surrogate, 100, 24.0, 0.375
surrogate, 100, 24.0, 0.375
surrogate, 100, 23.0, 0.3125
surrogate, 100, 23.0, 0.3125
surrogate, 100, 23.0, 0.3125
surrogate, 100, 23.0, 0.3125
surrogate, 100, 23.0, 0.3125
surrogate, 100, 23.0, 0.3125
surrogate, 100, 23.0, 0.3125
surrogate, 100, 23.0, 0.3125
surrogate, 100, 23.0, 0.3125
surrogate, 100, 23.0, 0.3125
surrogate, 100, 23.0, 0.3125
surrogate, 100, 23.0, 0.3125
surrogate, 100, 23.0, 0.3125
surrogate, 100, 23.0, 0.3125
surrogate, 100, 23.0, 0.3125
surrogate, 100, 23.0, 0.3125
surrogate, 100, 23.0, 0.3125
surrogate, 100, 23.0, 0.3125
surrogate, 100, 23.0, 0.3125
surrogate, 100, 23.0, 0.3125
surrogate, 100, 23.0, 0.3125
surrogate, 100, 23.0, 0.3125
surrogate, 100, 23.0, 0.3125
surrogate, 100, 23.0, 0.3125
surrogate, 100, 23.0, 0.3125
surrogate, 100, 23.0, 0.3125
surrogate, 100, 23.0, 0.3125
surrogate, 100, 23.0, 0.3125
surrogate, 100, 23.0, 0.3125
surrogate, 100, 23.0, 0.3125
surrogate, 100, 23.0, 0.3125
surrogate, 100, 23.0, 0.3125
surrogate, 100, 22.0, 0.25
surrogate, 100, 22.0, 0.25
surrogate, 100, 22.0, 0.25
surrogate, 100, 22.0, 0.25
surrogate, 100, 22.0, 0.25
surrogate, 100, 22.0, 0.25
surrogate, 100, 22.0, 0.25
surrogate, 100, 22.0, 0.25
surrogate, 100, 22.0, 0.25
surrogate, 100, 22.0, 0.25
surrogate, 100, 22.0, 0.25
surrogate, 100, 22.0, 0.25
surrogate, 100, 22.0, 0.25
surrogate, 100, 22.0, 0.25
surrogate, 100, 22.0, 0.25
surrogate, 100, 22.0, 0.25
surrogate, 100, 22.0, 0.25
surrogate, 100, 22.0, 0.25
surrogate, 100, 22.0, 0.25
surrogate, 100, 19.0, 0.09375
surrogate, 100, 19.0, 0.09375
surrogate, 100, 19.0, 0.09375
surrogate, 100, 19.0, 0.09375
surrogate, 100, 19.0, 0.09375
surrogate, 100, 19.0, 0.09375
surrogate, 100, 19.0, 0.09375
surrogate, 100, 19.0, 0.09375
surrogate, 100, 19.0, 0.09375
surrogate, 100, 19.0, 0.09375
surrogate, 100, 19.0, 0.09375
surrogate, 100, 19.0, 0.09375
surrogate, 100, 19.0, 0.09375
surrogate, 100, 19.0, 0.09375
surrogate, 100, 19.0, 0.09375
surrogate, 100, 19.0, 0.09375
surrogate, 100, 19.0, 0.09375
surrogate, 100, 19.0, 0.09375
surrogate, 100, 19.0, 0.09375
surrogate, 100, 19.0, 0.09375
surrogate, 100, 19.0, 0.09375
surrogate, 100, 19.0, 0.09375
surrogate, 100, 19.0, 0.09375
