method, generation, latency, ar
surrogate, 1, 33.0, 0.625
surrogate, 1, 29.0, 0.4375
surrogate, 1, 28.0, 0.34375
surrogate, 1, 25.0, 0.25
surrogate, 1, 23.0, 0.0625
surrogate, 2, 33.0, 0.625
surrogate, 2, 29.0, 0.4375
surrogate, 2, 29.0, 0.4375
surrogate, 2, 28.0, 0.34375
surrogate, 2, 28.0, 0.34375
surrogate, 2, 25.0, 0.25
surrogate, 2, 23.0, 0.0625
surrogate, 3, 33.0, 0.625
surrogate, 3, 33.0, 0.625
surrogate, 3, 29.0, 0.4375
surrogate, 3, 29.0, 0.4375
surrogate, 3, 29.0, 0.4375
surrogate, 3, 27.0, 0.34375
surrogate, 3, 25.0, 0.25
surrogate, 3, 25.0, 0.25
surrogate, 3, 25.0, 0.25
surrogate, 3, 23.0, 0.0625
surrogate, 3, 23.0, 0.0625
surrogate, 3, 23.0, 0.0625
surrogate, 4, 33.0, 0.625
surrogate, 4, 33.0, 0.625
surrogate, 4, 28.0, 0.4375
surrogate, 4, 27.0, 0.34375
surrogate, 4, 25.0, 0.25
surrogate, 4, 25.0, 0.25
surrogate, 4, 25.0, 0.25
surrogate, 4, 25.0, 0.25
surrogate, 4, 23.0, 0.0625
surrogate, 4, 23.0, 0.0625
surrogate, 4, 23.0, 0.0625
surrogate, 5, 31.0, 0.625
surrogate, 5, 28.0, 0.4375
surrogate, 5, 27.0, 0.34375
surrogate, 5, 25.0, 0.25
surrogate, 5, 25.0, 0.25
surrogate, 5, 25.0, 0.25
surrogate, 5, 25.0, 0.25
surrogate, 5, 25.0, 0.25
surrogate, 5, 23.0, 0.0625
surrogate, 5, 23.0, 0.0625
surrogate, 5, 23.0, 0.0625
surrogate, 5, 23.0, 0.0625
surrogate, 5, 23.0, 0.0625
surrogate, 5, 23.0, 0.0625
surrogate, 5, 23.0, 0.0625
surrogate, 6, 31.0, 0.625
surrogate, 6, 28.0, 0.4375
surrogate, 6, 27.0, 0.34375
surrogate, 6, 25.0, 0.25
surrogate, 6, 25.0, 0.25
surrogate, 6, 25.0, 0.25
surrogate, 6, 25.0, 0.25
surrogate, 6, 25.0, 0.25
surrogate, 6, 23.0, 0.0625
surrogate, 6, 23.0, 0.0625
surrogate, 6, 23.0, 0.0625
surrogate, 6, 23.0, 0.0625
surrogate, 6, 23.0, 0.0625
surrogate, 6, 23.0, 0.0625
surrogate, 6, 23.0, 0.0625
surrogate, 7, 31.0, 0.625
surrogate, 7, 31.0, 0.625
surrogate, 7, 28.0, 0.4375
surrogate, 7, 27.0, 0.34375
surrogate, 7, 25.0, 0.25
surrogate, 7, 25.0, 0.25
surrogate, 7, 25.0, 0.25
surrogate, 7, 25.0, 0.25
surrogate, 7, 25.0, 0.25
surrogate, 7, 23.0, 0.0625
surrogate, 7, 23.0, 0.0625
surrogate, 7, 23.0, 0.0625
surrogate, 7, 23.0, 0.0625
surrogate, 7, 23.0, 0.0625
surrogate, 7, 23.0, 0.0625
surrogate, 7, 23.0, 0.0625
surrogate, 8, 31.0, 0.625
surrogate, 8, 31.0, 0.625
surrogate, 8, 31.0, 0.625
surrogate, 8, 28.0, 0.4375
surrogate, 8, 27.0, 0.375
surrogate, 8, 25.0, 0.25
surrogate, 8, 25.0, 0.25
surrogate, 8, 25.0, 0.25
surrogate, 8, 25.0, 0.25
surrogate, 8, 25.0, 0.25
surrogate, 8, 25.0, 0.25
surrogate, 8, 23.0, 0.0625
surrogate, 8, 23.0, 0.0625
surrogate, 8, 23.0, 0.0625
surrogate, 8, 23.0, 0.0625
surrogate, 8, 23.0, 0.0625
surrogate, 8, 23.0, 0.0625
surrogate, 8, 23.0, 0.0625
surrogate, 9, 31.0, 0.625
surrogate, 9, 31.0, 0.625
surrogate, 9, 31.0, 0.625
surrogate, 9, 28.0, 0.4375
surrogate, 9, 27.0, 0.375
surrogate, 9, 25.0, 0.34375
surrogate, 9, 23.0, 0.0625
surrogate, 9, 23.0, 0.0625
surrogate, 9, 23.0, 0.0625
surrogate, 9, 23.0, 0.0625
surrogate, 9, 23.0, 0.0625
surrogate, 9, 23.0, 0.0625
surrogate, 9, 23.0, 0.0625
surrogate, 9, 23.0, 0.0625
surrogate, 10, 31.0, 0.625
surrogate, 10, 31.0, 0.625
surrogate, 10, 31.0, 0.625
surrogate, 10, 28.0, 0.4375
surrogate, 10, 28.0, 0.4375
surrogate, 10, 27.0, 0.375
surrogate, 10, 25.0, 0.34375
surrogate, 10, 23.0, 0.0625
surrogate, 10, 23.0, 0.0625
surrogate, 10, 23.0, 0.0625
surrogate, 10, 23.0, 0.0625
surrogate, 10, 23.0, 0.0625
surrogate, 10, 23.0, 0.0625
surrogate, 10, 23.0, 0.0625
surrogate, 10, 23.0, 0.0625
surrogate, 10, 23.0, 0.0625
surrogate, 11, 31.0, 0.625
surrogate, 11, 31.0, 0.625
surrogate, 11, 31.0, 0.625
surrogate, 11, 28.0, 0.4375
surrogate, 11, 28.0, 0.4375
surrogate, 11, 27.0, 0.375
surrogate, 11, 27.0, 0.375
surrogate, 11, 25.0, 0.34375
surrogate, 11, 23.0, 0.0625
surrogate, 11, 23.0, 0.0625
surrogate, 11, 23.0, 0.0625
surrogate, 11, 23.0, 0.0625
surrogate, 11, 23.0, 0.0625
surrogate, 11, 23.0, 0.0625
surrogate, 11, 23.0, 0.0625
surrogate, 11, 23.0, 0.0625
surrogate, 11, 23.0, 0.0625
surrogate, 11, 23.0, 0.0625
surrogate, 12, 30.0, 0.625
surrogate, 12, 28.0, 0.4375
surrogate, 12, 28.0, 0.4375
surrogate, 12, 27.0, 0.375
surrogate, 12, 27.0, 0.375
surrogate, 12, 25.0, 0.34375
surrogate, 12, 23.0, 0.0625
surrogate, 12, 23.0, 0.0625
surrogate, 12, 23.0, 0.0625
surrogate, 12, 23.0, 0.0625
surrogate, 12, 23.0, 0.0625
surrogate, 12, 23.0, 0.0625
surrogate, 12, 23.0, 0.0625
surrogate, 12, 23.0, 0.0625
surrogate, 12, 23.0, 0.0625
surrogate, 12, 23.0, 0.0625
surrogate, 13, 30.0, 0.625
surrogate, 13, 30.0, 0.625
surrogate, 13, 28.0, 0.4375
surrogate, 13, 28.0, 0.4375
surrogate, 13, 27.0, 0.375
surrogate, 13, 27.0, 0.375
surrogate, 13, 25.0, 0.34375
surrogate, 13, 25.0, 0.34375
surrogate, 13, 23.0, 0.0625
surrogate, 13, 23.0, 0.0625
surrogate, 13, 23.0, 0.0625
surrogate, 13, 23.0, 0.0625
surrogate, 13, 23.0, 0.0625
surrogate, 13, 23.0, 0.0625
surrogate, 13, 23.0, 0.0625
surrogate, 13, 23.0, 0.0625
surrogate, 13, 23.0, 0.0625
surrogate, 13, 23.0, 0.0625
surrogate, 13, 23.0, 0.0625
surrogate, 14, 30.0, 0.625
surrogate, 14, 30.0, 0.625
surrogate, 14, 30.0, 0.625
surrogate, 14, 28.0, 0.4375
surrogate, 14, 28.0, 0.4375
surrogate, 14, 27.0, 0.375
surrogate, 14, 27.0, 0.375
surrogate, 14, 27.0, 0.375
surrogate, 14, 25.0, 0.34375
surrogate, 14, 25.0, 0.34375
surrogate, 14, 23.0, 0.0625
surrogate, 14, 23.0, 0.0625
surrogate, 14, 23.0, 0.0625
surrogate, 14, 23.0, 0.0625
surrogate, 14, 23.0, 0.0625
surrogate, 14, 23.0, 0.0625
surrogate, 14, 23.0, 0.0625
surrogate, 14, 23.0, 0.0625
surrogate, 14, 23.0, 0.0625
surrogate, 14, 23.0, 0.0625
surrogate, 14, 23.0, 0.0625
surrogate, 15, 30.0, 0.625
surrogate, 15, 30.0, 0.625
surrogate, 15, 30.0, 0.625
surrogate, 15, 28.0, 0.4375
surrogate, 15, 28.0, 0.4375
surrogate, 15, 27.0, 0.375
surrogate, 15, 27.0, 0.375
surrogate, 15, 27.0, 0.375
surrogate, 15, 27.0, 0.375
surrogate, 15, 25.0, 0.34375
surrogate, 15, 25.0, 0.34375
surrogate, 15, 25.0, 0.34375
surrogate, 15, 23.0, 0.0625
surrogate, 15, 23.0, 0.0625
surrogate, 15, 23.0, 0.0625
surrogate, 15, 23.0, 0.0625
surrogate, 15, 23.0, 0.0625
surrogate, 15, 23.0, 0.0625
surrogate, 15, 23.0, 0.0625
surrogate, 15, 23.0, 0.0625
surrogate, 15, 23.0, 0.0625
surrogate, 15, 23.0, 0.0625
surrogate, 15, 23.0, 0.0625
surrogate, 15, 23.0, 0.0625
surrogate, 16, 30.0, 0.625
surrogate, 16, 30.0, 0.625
surrogate, 16, 30.0, 0.625
surrogate, 16, 30.0, 0.625
surrogate, 16, 28.0, 0.4375
surrogate, 16, 28.0, 0.4375
surrogate, 16, 27.0, 0.375
surrogate, 16, 27.0, 0.375
surrogate, 16, 27.0, 0.375
surrogate, 16, 27.0, 0.375
surrogate, 16, 25.0, 0.34375
surrogate, 16, 25.0, 0.34375
surrogate, 16, 25.0, 0.34375
surrogate, 16, 25.0, 0.34375
surrogate, 16, 23.0, 0.0625
surrogate, 16, 23.0, 0.0625
surrogate, 16, 23.0, 0.0625
surrogate, 16, 23.0, 0.0625
surrogate, 16, 23.0, 0.0625
surrogate, 16, 23.0, 0.0625
surrogate, 16, 23.0, 0.0625
surrogate, 16, 23.0, 0.0625
surrogate, 16, 23.0, 0.0625
surrogate, 16, 23.0, 0.0625
surrogate, 16, 23.0, 0.0625
surrogate, 16, 23.0, 0.0625
surrogate, 17, 30.0, 0.625
surrogate, 17, 30.0, 0.625
surrogate, 17, 30.0, 0.625
surrogate, 17, 30.0, 0.625
surrogate, 17, 28.0, 0.4375
surrogate, 17, 28.0, 0.4375
surrogate, 17, 27.0, 0.375
surrogate, 17, 27.0, 0.375
surrogate, 17, 27.0, 0.375
surrogate, 17, 27.0, 0.375
surrogate, 17, 27.0, 0.375
surrogate, 17, 25.0, 0.34375
surrogate, 17, 25.0, 0.34375
surrogate, 17, 25.0, 0.34375
surrogate, 17, 25.0, 0.34375
surrogate, 17, 23.0, 0.0625
surrogate, 17, 23.0, 0.0625
surrogate, 17, 23.0, 0.0625
surrogate, 17, 23.0, 0.0625
surrogate, 17, 23.0, 0.0625
surrogate, 17, 23.0, 0.0625
surrogate, 17, 23.0, 0.0625
surrogate, 17, 23.0, 0.0625
surrogate, 17, 23.0, 0.0625
surrogate, 17, 23.0, 0.0625
surrogate, 17, 23.0, 0.0625
surrogate, 17, 23.0, 0.0625
surrogate, 18, 30.0, 0.625
surrogate, 18, 30.0, 0.625
surrogate, 18, 30.0, 0.625
surrogate, 18, 30.0, 0.625
surrogate, 18, 28.0, 0.4375
surrogate, 18, 28.0, 0.4375
surrogate, 18, 28.0, 0.4375
surrogate, 18, 27.0, 0.375
surrogate, 18, 27.0, 0.375
surrogate, 18, 27.0, 0.375
surrogate, 18, 27.0, 0.375
surrogate, 18, 27.0, 0.375
surrogate, 18, 27.0, 0.375
surrogate, 18, 25.0, 0.34375
surrogate, 18, 25.0, 0.34375
surrogate, 18, 25.0, 0.34375
surrogate, 18, 25.0, 0.34375
surrogate, 18, 25.0, 0.34375
surrogate, 18, 23.0, 0.0625
surrogate, 18, 23.0, 0.0625
surrogate, 18, 23.0, 0.0625
surrogate, 18, 23.0, 0.0625
surrogate, 18, 23.0, 0.0625
surrogate, 18, 23.0, 0.0625
surrogate, 18, 23.0, 0.0625
surrogate, 18, 23.0, 0.0625
surrogate, 18, 23.0, 0.0625
surrogate, 18, 23.0, 0.0625
surrogate, 18, 23.0, 0.0625
surrogate, 18, 23.0, 0.0625
surrogate, 19, 30.0, 0.625
surrogate, 19, 30.0, 0.625
surrogate, 19, 30.0, 0.625
surrogate, 19, 30.0, 0.625
surrogate, 19, 28.0, 0.4375
surrogate, 19, 28.0, 0.4375
surrogate, 19, 28.0, 0.4375
surrogate, 19, 27.0, 0.375
surrogate, 19, 27.0, 0.375
surrogate, 19, 27.0, 0.375
surrogate, 19, 27.0, 0.375
surrogate, 19, 27.0, 0.375
surrogate, 19, 27.0, 0.375
surrogate, 19, 27.0, 0.375
surrogate, 19, 25.0, 0.34375
surrogate, 19, 25.0, 0.34375
surrogate, 19, 25.0, 0.34375
surrogate, 19, 25.0, 0.34375
surrogate, 19, 25.0, 0.34375
surrogate, 19, 23.0, 0.0625
surrogate, 19, 23.0, 0.0625
surrogate, 19, 23.0, 0.0625
surrogate, 19, 23.0, 0.0625
surrogate, 19, 23.0, 0.0625
surrogate, 19, 23.0, 0.0625
surrogate, 19, 23.0, 0.0625
surrogate, 19, 23.0, 0.0625
surrogate, 19, 23.0, 0.0625
surrogate, 19, 23.0, 0.0625
surrogate, 19, 23.0, 0.0625
surrogate, 19, 23.0, 0.0625
surrogate, 19, 23.0, 0.0625
surrogate, 20, 30.0, 0.625
surrogate, 20, 30.0, 0.625
surrogate, 20, 30.0, 0.625
surrogate, 20, 30.0, 0.625
surrogate, 20, 30.0, 0.625
surrogate, 20, 28.0, 0.4375
surrogate, 20, 28.0, 0.4375
surrogate, 20, 28.0, 0.4375
surrogate, 20, 27.0, 0.375
surrogate, 20, 27.0, 0.375
surrogate, 20, 27.0, 0.375
surrogate, 20, 27.0, 0.375
surrogate, 20, 27.0, 0.375
surrogate, 20, 27.0, 0.375
surrogate, 20, 27.0, 0.375
surrogate, 20, 25.0, 0.34375
surrogate, 20, 25.0, 0.34375
surrogate, 20, 25.0, 0.34375
surrogate, 20, 25.0, 0.34375
surrogate, 20, 25.0, 0.34375
surrogate, 20, 25.0, 0.34375
surrogate, 20, 23.0, 0.0625
surrogate, 20, 23.0, 0.0625
surrogate, 20, 23.0, 0.0625
surrogate, 20, 23.0, 0.0625
surrogate, 20, 23.0, 0.0625
surrogate, 20, 23.0, 0.0625
surrogate, 20, 23.0, 0.0625
surrogate, 20, 23.0, 0.0625
surrogate, 20, 23.0, 0.0625
surrogate, 20, 23.0, 0.0625
surrogate, 20, 23.0, 0.0625
surrogate, 20, 23.0, 0.0625
surrogate, 20, 23.0, 0.0625
surrogate, 21, 30.0, 0.625
surrogate, 21, 30.0, 0.625
surrogate, 21, 30.0, 0.625
surrogate, 21, 30.0, 0.625
surrogate, 21, 30.0, 0.625
surrogate, 21, 28.0, 0.4375
surrogate, 21, 28.0, 0.4375
surrogate, 21, 28.0, 0.4375
surrogate, 21, 28.0, 0.4375
surrogate, 21, 27.0, 0.375
surrogate, 21, 27.0, 0.375
surrogate, 21, 27.0, 0.375
surrogate, 21, 27.0, 0.375
surrogate, 21, 27.0, 0.375
surrogate, 21, 27.0, 0.375
surrogate, 21, 27.0, 0.375
surrogate, 21, 25.0, 0.34375
surrogate, 21, 25.0, 0.34375
surrogate, 21, 25.0, 0.34375
surrogate, 21, 25.0, 0.34375
surrogate, 21, 25.0, 0.34375
surrogate, 21, 25.0, 0.34375
surrogate, 21, 23.0, 0.0625
surrogate, 21, 23.0, 0.0625
surrogate, 21, 23.0, 0.0625
surrogate, 21, 23.0, 0.0625
surrogate, 21, 23.0, 0.0625
surrogate, 21, 23.0, 0.0625
surrogate, 21, 23.0, 0.0625
surrogate, 21, 23.0, 0.0625
surrogate, 21, 23.0, 0.0625
surrogate, 21, 23.0, 0.0625
surrogate, 21, 23.0, 0.0625
surrogate, 21, 23.0, 0.0625
surrogate, 21, 23.0, 0.0625
surrogate, 21, 23.0, 0.0625
surrogate, 22, 30.0, 0.625
surrogate, 22, 30.0, 0.625
surrogate, 22, 30.0, 0.625
surrogate, 22, 30.0, 0.625
surrogate, 22, 30.0, 0.625
surrogate, 22, 27.0, 0.4375
surrogate, 22, 25.0, 0.34375
surrogate, 22, 25.0, 0.34375
surrogate, 22, 25.0, 0.34375
surrogate, 22, 25.0, 0.34375
surrogate, 22, 25.0, 0.34375
surrogate, 22, 25.0, 0.34375
surrogate, 22, 25.0, 0.34375
surrogate, 22, 23.0, 0.0625
surrogate, 22, 23.0, 0.0625
surrogate, 22, 23.0, 0.0625
surrogate, 22, 23.0, 0.0625
surrogate, 22, 23.0, 0.0625
surrogate, 22, 23.0, 0.0625
surrogate, 22, 23.0, 0.0625
surrogate, 22, 23.0, 0.0625
surrogate, 22, 23.0, 0.0625
surrogate, 22, 23.0, 0.0625
surrogate, 22, 23.0, 0.0625
surrogate, 22, 23.0, 0.0625
surrogate, 22, 23.0, 0.0625
surrogate, 22, 23.0, 0.0625
surrogate, 22, 23.0, 0.0625
surrogate, 23, 30.0, 0.625
surrogate, 23, 30.0, 0.625
surrogate, 23, 30.0, 0.625
surrogate, 23, 30.0, 0.625
surrogate, 23, 30.0, 0.625
surrogate, 23, 27.0, 0.4375
surrogate, 23, 25.0, 0.34375
surrogate, 23, 25.0, 0.34375
surrogate, 23, 25.0, 0.34375
surrogate, 23, 25.0, 0.34375
surrogate, 23, 25.0, 0.34375
surrogate, 23, 25.0, 0.34375
surrogate, 23, 25.0, 0.34375
surrogate, 23, 23.0, 0.0625
surrogate, 23, 23.0, 0.0625
surrogate, 23, 23.0, 0.0625
surrogate, 23, 23.0, 0.0625
surrogate, 23, 23.0, 0.0625
surrogate, 23, 23.0, 0.0625
surrogate, 23, 23.0, 0.0625
surrogate, 23, 23.0, 0.0625
surrogate, 23, 23.0, 0.0625
surrogate, 23, 23.0, 0.0625
surrogate, 23, 23.0, 0.0625
surrogate, 23, 23.0, 0.0625
surrogate, 23, 23.0, 0.0625
surrogate, 23, 23.0, 0.0625
surrogate, 23, 23.0, 0.0625
surrogate, 24, 30.0, 0.625
surrogate, 24, 30.0, 0.625
surrogate, 24, 30.0, 0.625
surrogate, 24, 30.0, 0.625
surrogate, 24, 30.0, 0.625
surrogate, 24, 27.0, 0.4375
surrogate, 24, 25.0, 0.34375
surrogate, 24, 25.0, 0.34375
surrogate, 24, 25.0, 0.34375
surrogate, 24, 25.0, 0.34375
surrogate, 24, 25.0, 0.34375
surrogate, 24, 25.0, 0.34375
surrogate, 24, 25.0, 0.34375
surrogate, 24, 25.0, 0.34375
surrogate, 24, 23.0, 0.0625
surrogate, 24, 23.0, 0.0625
surrogate, 24, 23.0, 0.0625
surrogate, 24, 23.0, 0.0625
surrogate, 24, 23.0, 0.0625
surrogate, 24, 23.0, 0.0625
surrogate, 24, 23.0, 0.0625
surrogate, 24, 23.0, 0.0625
surrogate, 24, 23.0, 0.0625
surrogate, 24, 23.0, 0.0625
surrogate, 24, 23.0, 0.0625
surrogate, 24, 23.0, 0.0625
surrogate, 24, 23.0, 0.0625
surrogate, 24, 23.0, 0.0625
surrogate, 24, 23.0, 0.0625
surrogate, 25, 30.0, 0.625
surrogate, 25, 30.0, 0.625
surrogate, 25, 30.0, 0.625
surrogate, 25, 30.0, 0.625
surrogate, 25, 30.0, 0.625
surrogate, 25, 27.0, 0.4375
surrogate, 25, 25.0, 0.34375
surrogate, 25, 25.0, 0.34375
surrogate, 25, 25.0, 0.34375
surrogate, 25, 25.0, 0.34375
surrogate, 25, 25.0, 0.34375
surrogate, 25, 25.0, 0.34375
surrogate, 25, 25.0, 0.34375
surrogate, 25, 25.0, 0.34375
surrogate, 25, 25.0, 0.34375
surrogate, 25, 23.0, 0.0625
surrogate, 25, 23.0, 0.0625
surrogate, 25, 23.0, 0.0625
surrogate, 25, 23.0, 0.0625
surrogate, 25, 23.0, 0.0625
surrogate, 25, 23.0, 0.0625
surrogate, 25, 23.0, 0.0625
surrogate, 25, 23.0, 0.0625
surrogate, 25, 23.0, 0.0625
surrogate, 25, 23.0, 0.0625
surrogate, 25, 23.0, 0.0625
surrogate, 25, 23.0, 0.0625
surrogate, 25, 23.0, 0.0625
surrogate, 25, 23.0, 0.0625
surrogate, 25, 23.0, 0.0625
surrogate, 26, 30.0, 0.625
surrogate, 26, 30.0, 0.625
surrogate, 26, 30.0, 0.625
surrogate, 26, 30.0, 0.625
surrogate, 26, 30.0, 0.625
surrogate, 26, 27.0, 0.4375
surrogate, 26, 27.0, 0.4375
surrogate, 26, 25.0, 0.34375
surrogate, 26, 25.0, 0.34375
surrogate, 26, 25.0, 0.34375
surrogate, 26, 25.0, 0.34375
surrogate, 26, 25.0, 0.34375
surrogate, 26, 25.0, 0.34375
surrogate, 26, 25.0, 0.34375
surrogate, 26, 25.0, 0.34375
surrogate, 26, 25.0, 0.34375
surrogate, 26, 23.0, 0.0625
surrogate, 26, 23.0, 0.0625
surrogate, 26, 23.0, 0.0625
surrogate, 26, 23.0, 0.0625
surrogate, 26, 23.0, 0.0625
surrogate, 26, 23.0, 0.0625
surrogate, 26, 23.0, 0.0625
surrogate, 26, 23.0, 0.0625
surrogate, 26, 23.0, 0.0625
surrogate, 26, 23.0, 0.0625
surrogate, 26, 23.0, 0.0625
surrogate, 26, 23.0, 0.0625
surrogate, 26, 23.0, 0.0625
surrogate, 26, 23.0, 0.0625
surrogate, 26, 23.0, 0.0625
surrogate, 26, 23.0, 0.0625
surrogate, 27, 30.0, 0.625
surrogate, 27, 30.0, 0.625
surrogate, 27, 30.0, 0.625
surrogate, 27, 30.0, 0.625
surrogate, 27, 30.0, 0.625
surrogate, 27, 27.0, 0.4375
surrogate, 27, 27.0, 0.4375
surrogate, 27, 25.0, 0.34375
surrogate, 27, 25.0, 0.34375
surrogate, 27, 25.0, 0.34375
surrogate, 27, 25.0, 0.34375
surrogate, 27, 25.0, 0.34375
surrogate, 27, 25.0, 0.34375
surrogate, 27, 25.0, 0.34375
surrogate, 27, 25.0, 0.34375
surrogate, 27, 25.0, 0.34375
surrogate, 27, 25.0, 0.34375
surrogate, 27, 23.0, 0.0625
surrogate, 27, 23.0, 0.0625
surrogate, 27, 23.0, 0.0625
surrogate, 27, 23.0, 0.0625
surrogate, 27, 23.0, 0.0625
surrogate, 27, 23.0, 0.0625
surrogate, 27, 23.0, 0.0625
surrogate, 27, 23.0, 0.0625
surrogate, 27, 23.0, 0.0625
surrogate, 27, 23.0, 0.0625
surrogate, 27, 23.0, 0.0625
surrogate, 27, 23.0, 0.0625
surrogate, 27, 23.0, 0.0625
surrogate, 27, 23.0, 0.0625
surrogate, 27, 23.0, 0.0625
surrogate, 27, 23.0, 0.0625
surrogate, 27, 23.0, 0.0625
surrogate, 28, 34.0, 0.71875
surrogate, 28, 30.0, 0.625
surrogate, 28, 30.0, 0.625
surrogate, 28, 30.0, 0.625
surrogate, 28, 30.0, 0.625
surrogate, 28, 30.0, 0.625
surrogate, 28, 27.0, 0.4375
surrogate, 28, 27.0, 0.4375
surrogate, 28, 25.0, 0.34375
surrogate, 28, 25.0, 0.34375
surrogate, 28, 25.0, 0.34375
surrogate, 28, 25.0, 0.34375
surrogate, 28, 25.0, 0.34375
surrogate, 28, 25.0, 0.34375
surrogate, 28, 25.0, 0.34375
surrogate, 28, 25.0, 0.34375
surrogate, 28, 25.0, 0.34375
surrogate, 28, 25.0, 0.34375
surrogate, 28, 23.0, 0.0625
surrogate, 28, 23.0, 0.0625
surrogate, 28, 23.0, 0.0625
surrogate, 28, 23.0, 0.0625
surrogate, 28, 23.0, 0.0625
surrogate, 28, 23.0, 0.0625
surrogate, 28, 23.0, 0.0625
surrogate, 28, 23.0, 0.0625
surrogate, 28, 23.0, 0.0625
surrogate, 28, 23.0, 0.0625
surrogate, 28, 23.0, 0.0625
surrogate, 28, 23.0, 0.0625
surrogate, 28, 23.0, 0.0625
surrogate, 28, 23.0, 0.0625
surrogate, 28, 23.0, 0.0625
surrogate, 28, 23.0, 0.0625
surrogate, 28, 23.0, 0.0625
surrogate, 29, 34.0, 0.71875
surrogate, 29, 34.0, 0.71875
surrogate, 29, 30.0, 0.625
surrogate, 29, 30.0, 0.625
surrogate, 29, 30.0, 0.625
surrogate, 29, 30.0, 0.625
surrogate, 29, 30.0, 0.625
surrogate, 29, 27.0, 0.4375
surrogate, 29, 27.0, 0.4375
surrogate, 29, 25.0, 0.34375
surrogate, 29, 25.0, 0.34375
surrogate, 29, 25.0, 0.34375
surrogate, 29, 25.0, 0.34375
surrogate, 29, 25.0, 0.34375
surrogate, 29, 25.0, 0.34375
surrogate, 29, 25.0, 0.34375
surrogate, 29, 25.0, 0.34375
surrogate, 29, 25.0, 0.34375
surrogate, 29, 25.0, 0.34375
surrogate, 29, 23.0, 0.0625
surrogate, 29, 23.0, 0.0625
surrogate, 29, 23.0, 0.0625
surrogate, 29, 23.0, 0.0625
surrogate, 29, 23.0, 0.0625
surrogate, 29, 23.0, 0.0625
surrogate, 29, 23.0, 0.0625
surrogate, 29, 23.0, 0.0625
surrogate, 29, 23.0, 0.0625
surrogate, 29, 23.0, 0.0625
surrogate, 29, 23.0, 0.0625
surrogate, 29, 23.0, 0.0625
surrogate, 29, 23.0, 0.0625
surrogate, 29, 23.0, 0.0625
surrogate, 29, 23.0, 0.0625
surrogate, 29, 23.0, 0.0625
surrogate, 29, 23.0, 0.0625
surrogate, 30, 34.0, 0.71875
surrogate, 30, 34.0, 0.71875
surrogate, 30, 30.0, 0.625
surrogate, 30, 30.0, 0.625
surrogate, 30, 30.0, 0.625
surrogate, 30, 30.0, 0.625
surrogate, 30, 30.0, 0.625
surrogate, 30, 27.0, 0.4375
surrogate, 30, 27.0, 0.4375
surrogate, 30, 25.0, 0.34375
surrogate, 30, 25.0, 0.34375
surrogate, 30, 25.0, 0.34375
surrogate, 30, 25.0, 0.34375
surrogate, 30, 25.0, 0.34375
surrogate, 30, 25.0, 0.34375
surrogate, 30, 25.0, 0.34375
surrogate, 30, 25.0, 0.34375
surrogate, 30, 25.0, 0.34375
surrogate, 30, 25.0, 0.34375
surrogate, 30, 25.0, 0.34375
surrogate, 30, 23.0, 0.0625
surrogate, 30, 23.0, 0.0625
surrogate, 30, 23.0, 0.0625
surrogate, 30, 23.0, 0.0625
surrogate, 30, 23.0, 0.0625
surrogate, 30, 23.0, 0.0625
surrogate, 30, 23.0, 0.0625
surrogate, 30, 23.0, 0.0625
surrogate, 30, 23.0, 0.0625
surrogate, 30, 23.0, 0.0625
surrogate, 30, 23.0, 0.0625
surrogate, 30, 23.0, 0.0625
surrogate, 30, 23.0, 0.0625
surrogate, 30, 23.0, 0.0625
surrogate, 30, 23.0, 0.0625
surrogate, 30, 23.0, 0.0625
surrogate, 30, 23.0, 0.0625
surrogate, 31, 36.0, 0.9375
surrogate, 31, 35.0, 0.90625
surrogate, 31, 34.0, 0.71875
surrogate, 31, 34.0, 0.71875
surrogate, 31, 30.0, 0.625
surrogate, 31, 30.0, 0.625
surrogate, 31, 30.0, 0.625
surrogate, 31, 30.0, 0.625
surrogate, 31, 30.0, 0.625
surrogate, 31, 27.0, 0.4375
surrogate, 31, 27.0, 0.4375
surrogate, 31, 27.0, 0.4375
surrogate, 31, 25.0, 0.34375
surrogate, 31, 25.0, 0.34375
surrogate, 31, 25.0, 0.34375
surrogate, 31, 25.0, 0.34375
surrogate, 31, 25.0, 0.34375
surrogate, 31, 25.0, 0.34375
surrogate, 31, 25.0, 0.34375
surrogate, 31, 25.0, 0.34375
surrogate, 31, 25.0, 0.34375
surrogate, 31, 25.0, 0.34375
surrogate, 31, 25.0, 0.34375
surrogate, 31, 23.0, 0.0625
surrogate, 31, 23.0, 0.0625
surrogate, 31, 23.0, 0.0625
surrogate, 31, 23.0, 0.0625
surrogate, 31, 23.0, 0.0625
surrogate, 31, 23.0, 0.0625
surrogate, 31, 23.0, 0.0625
surrogate, 31, 23.0, 0.0625
surrogate, 31, 23.0, 0.0625
surrogate, 31, 23.0, 0.0625
surrogate, 31, 23.0, 0.0625
surrogate, 31, 23.0, 0.0625
surrogate, 31, 23.0, 0.0625
surrogate, 31, 23.0, 0.0625
surrogate, 31, 23.0, 0.0625
surrogate, 31, 23.0, 0.0625
surrogate, 31, 23.0, 0.0625
surrogate, 32, 36.0, 0.9375
surrogate, 32, 35.0, 0.90625
surrogate, 32, 34.0, 0.71875
surrogate, 32, 34.0, 0.71875
surrogate, 32, 34.0, 0.71875
surrogate, 32, 29.0, 0.625
surrogate, 32, 27.0, 0.4375
surrogate, 32, 27.0, 0.4375
surrogate, 32, 27.0, 0.4375
surrogate, 32, 27.0, 0.4375
surrogate, 32, 25.0, 0.34375
surrogate, 32, 25.0, 0.34375
surrogate, 32, 25.0, 0.34375
surrogate, 32, 25.0, 0.34375
surrogate, 32, 25.0, 0.34375
surrogate, 32, 25.0, 0.34375
surrogate, 32, 25.0, 0.34375
surrogate, 32, 25.0, 0.34375
surrogate, 32, 25.0, 0.34375
surrogate, 32, 25.0, 0.34375
surrogate, 32, 25.0, 0.34375
surrogate, 32, 25.0, 0.34375
surrogate, 32, 23.0, 0.0625
surrogate, 32, 23.0, 0.0625
surrogate, 32, 23.0, 0.0625
surrogate, 32, 23.0, 0.0625
surrogate, 32, 23.0, 0.0625
surrogate, 32, 23.0, 0.0625
surrogate, 32, 23.0, 0.0625
surrogate, 32, 23.0, 0.0625
surrogate, 32, 23.0, 0.0625
surrogate, 32, 23.0, 0.0625
surrogate, 32, 23.0, 0.0625
surrogate, 32, 23.0, 0.0625
surrogate, 32, 23.0, 0.0625
surrogate, 32, 23.0, 0.0625
surrogate, 32, 23.0, 0.0625
surrogate, 32, 23.0, 0.0625
surrogate, 32, 23.0, 0.0625
surrogate, 32, 23.0, 0.0625
surrogate, 33, 36.0, 0.9375
surrogate, 33, 35.0, 0.90625
surrogate, 33, 34.0, 0.71875
surrogate, 33, 34.0, 0.71875
surrogate, 33, 34.0, 0.71875
surrogate, 33, 29.0, 0.625
surrogate, 33, 29.0, 0.625
surrogate, 33, 27.0, 0.4375
surrogate, 33, 27.0, 0.4375
surrogate, 33, 27.0, 0.4375
surrogate, 33, 27.0, 0.4375
surrogate, 33, 25.0, 0.34375
surrogate, 33, 25.0, 0.34375
surrogate, 33, 25.0, 0.34375
surrogate, 33, 25.0, 0.34375
surrogate, 33, 25.0, 0.34375
surrogate, 33, 25.0, 0.34375
surrogate, 33, 25.0, 0.34375
surrogate, 33, 25.0, 0.34375
surrogate, 33, 25.0, 0.34375
surrogate, 33, 25.0, 0.34375
surrogate, 33, 25.0, 0.34375
surrogate, 33, 25.0, 0.34375
surrogate, 33, 25.0, 0.34375
surrogate, 33, 23.0, 0.0625
surrogate, 33, 23.0, 0.0625
surrogate, 33, 23.0, 0.0625
surrogate, 33, 23.0, 0.0625
surrogate, 33, 23.0, 0.0625
surrogate, 33, 23.0, 0.0625
surrogate, 33, 23.0, 0.0625
surrogate, 33, 23.0, 0.0625
surrogate, 33, 23.0, 0.0625
surrogate, 33, 23.0, 0.0625
surrogate, 33, 23.0, 0.0625
surrogate, 33, 23.0, 0.0625
surrogate, 33, 23.0, 0.0625
surrogate, 33, 23.0, 0.0625
surrogate, 33, 23.0, 0.0625
surrogate, 33, 23.0, 0.0625
surrogate, 33, 23.0, 0.0625
surrogate, 33, 23.0, 0.0625
surrogate, 34, 35.0, 0.9375
surrogate, 34, 34.0, 0.71875
surrogate, 34, 34.0, 0.71875
surrogate, 34, 34.0, 0.71875
surrogate, 34, 34.0, 0.71875
surrogate, 34, 29.0, 0.625
surrogate, 34, 29.0, 0.625
surrogate, 34, 29.0, 0.625
surrogate, 34, 27.0, 0.4375
surrogate, 34, 27.0, 0.4375
surrogate, 34, 27.0, 0.4375
surrogate, 34, 27.0, 0.4375
surrogate, 34, 25.0, 0.34375
surrogate, 34, 25.0, 0.34375
surrogate, 34, 25.0, 0.34375
surrogate, 34, 25.0, 0.34375
surrogate, 34, 25.0, 0.34375
surrogate, 34, 25.0, 0.34375
surrogate, 34, 25.0, 0.34375
surrogate, 34, 25.0, 0.34375
surrogate, 34, 25.0, 0.34375
surrogate, 34, 25.0, 0.34375
surrogate, 34, 25.0, 0.34375
surrogate, 34, 25.0, 0.34375
surrogate, 34, 25.0, 0.34375
surrogate, 34, 25.0, 0.34375
surrogate, 34, 23.0, 0.0625
surrogate, 34, 23.0, 0.0625
surrogate, 34, 23.0, 0.0625
surrogate, 34, 23.0, 0.0625
surrogate, 34, 23.0, 0.0625
surrogate, 34, 23.0, 0.0625
surrogate, 34, 23.0, 0.0625
surrogate, 34, 23.0, 0.0625
surrogate, 34, 23.0, 0.0625
surrogate, 34, 23.0, 0.0625
surrogate, 34, 23.0, 0.0625
surrogate, 34, 23.0, 0.0625
surrogate, 34, 23.0, 0.0625
surrogate, 34, 23.0, 0.0625
surrogate, 34, 23.0, 0.0625
surrogate, 34, 23.0, 0.0625
surrogate, 34, 23.0, 0.0625
surrogate, 34, 23.0, 0.0625
surrogate, 34, 23.0, 0.0625
surrogate, 34, 23.0, 0.0625
surrogate, 35, 35.0, 0.9375
surrogate, 35, 34.0, 0.71875
surrogate, 35, 34.0, 0.71875
surrogate, 35, 34.0, 0.71875
surrogate, 35, 34.0, 0.71875
surrogate, 35, 29.0, 0.625
surrogate, 35, 29.0, 0.625
surrogate, 35, 29.0, 0.625
surrogate, 35, 27.0, 0.4375
surrogate, 35, 27.0, 0.4375
surrogate, 35, 27.0, 0.4375
surrogate, 35, 27.0, 0.4375
surrogate, 35, 25.0, 0.34375
surrogate, 35, 25.0, 0.34375
surrogate, 35, 25.0, 0.34375
surrogate, 35, 25.0, 0.34375
surrogate, 35, 25.0, 0.34375
surrogate, 35, 25.0, 0.34375
surrogate, 35, 25.0, 0.34375
surrogate, 35, 25.0, 0.34375
surrogate, 35, 25.0, 0.34375
surrogate, 35, 25.0, 0.34375
surrogate, 35, 25.0, 0.34375
surrogate, 35, 25.0, 0.34375
surrogate, 35, 25.0, 0.34375
surrogate, 35, 25.0, 0.34375
surrogate, 35, 23.0, 0.0625
surrogate, 35, 23.0, 0.0625
surrogate, 35, 23.0, 0.0625
surrogate, 35, 23.0, 0.0625
surrogate, 35, 23.0, 0.0625
surrogate, 35, 23.0, 0.0625
surrogate, 35, 23.0, 0.0625
surrogate, 35, 23.0, 0.0625
surrogate, 35, 23.0, 0.0625
surrogate, 35, 23.0, 0.0625
surrogate, 35, 23.0, 0.0625
surrogate, 35, 23.0, 0.0625
surrogate, 35, 23.0, 0.0625
surrogate, 35, 23.0, 0.0625
surrogate, 35, 23.0, 0.0625
surrogate, 35, 23.0, 0.0625
surrogate, 35, 23.0, 0.0625
surrogate, 35, 23.0, 0.0625
surrogate, 35, 23.0, 0.0625
surrogate, 35, 23.0, 0.0625
surrogate, 36, 35.0, 0.9375
surrogate, 36, 34.0, 0.71875
surrogate, 36, 34.0, 0.71875
surrogate, 36, 34.0, 0.71875
surrogate, 36, 34.0, 0.71875
surrogate, 36, 34.0, 0.71875
surrogate, 36, 29.0, 0.625
surrogate, 36, 29.0, 0.625
surrogate, 36, 29.0, 0.625
surrogate, 36, 27.0, 0.4375
surrogate, 36, 27.0, 0.4375
surrogate, 36, 27.0, 0.4375
surrogate, 36, 27.0, 0.4375
surrogate, 36, 27.0, 0.4375
surrogate, 36, 25.0, 0.34375
surrogate, 36, 25.0, 0.34375
surrogate, 36, 25.0, 0.34375
surrogate, 36, 25.0, 0.34375
surrogate, 36, 25.0, 0.34375
surrogate, 36, 25.0, 0.34375
surrogate, 36, 25.0, 0.34375
surrogate, 36, 25.0, 0.34375
surrogate, 36, 25.0, 0.34375
surrogate, 36, 25.0, 0.34375
surrogate, 36, 25.0, 0.34375
surrogate, 36, 25.0, 0.34375
surrogate, 36, 25.0, 0.34375
surrogate, 36, 25.0, 0.34375
surrogate, 36, 23.0, 0.0625
surrogate, 36, 23.0, 0.0625
surrogate, 36, 23.0, 0.0625
surrogate, 36, 23.0, 0.0625
surrogate, 36, 23.0, 0.0625
surrogate, 36, 23.0, 0.0625
surrogate, 36, 23.0, 0.0625
surrogate, 36, 23.0, 0.0625
surrogate, 36, 23.0, 0.0625
surrogate, 36, 23.0, 0.0625
surrogate, 36, 23.0, 0.0625
surrogate, 36, 23.0, 0.0625
surrogate, 36, 23.0, 0.0625
surrogate, 36, 23.0, 0.0625
surrogate, 36, 23.0, 0.0625
surrogate, 36, 23.0, 0.0625
surrogate, 36, 23.0, 0.0625
surrogate, 36, 23.0, 0.0625
surrogate, 36, 23.0, 0.0625
surrogate, 36, 23.0, 0.0625
surrogate, 36, 23.0, 0.0625
surrogate, 37, 35.0, 0.9375
surrogate, 37, 34.0, 0.71875
surrogate, 37, 34.0, 0.71875
surrogate, 37, 34.0, 0.71875
surrogate, 37, 34.0, 0.71875
surrogate, 37, 34.0, 0.71875
surrogate, 37, 34.0, 0.71875
surrogate, 37, 29.0, 0.625
surrogate, 37, 29.0, 0.625
surrogate, 37, 29.0, 0.625
surrogate, 37, 29.0, 0.625
surrogate, 37, 27.0, 0.4375
surrogate, 37, 27.0, 0.4375
surrogate, 37, 27.0, 0.4375
surrogate, 37, 27.0, 0.4375
surrogate, 37, 27.0, 0.4375
surrogate, 37, 25.0, 0.34375
surrogate, 37, 25.0, 0.34375
surrogate, 37, 25.0, 0.34375
surrogate, 37, 25.0, 0.34375
surrogate, 37, 25.0, 0.34375
surrogate, 37, 25.0, 0.34375
surrogate, 37, 25.0, 0.34375
surrogate, 37, 25.0, 0.34375
surrogate, 37, 25.0, 0.34375
surrogate, 37, 25.0, 0.34375
surrogate, 37, 25.0, 0.34375
surrogate, 37, 25.0, 0.34375
surrogate, 37, 25.0, 0.34375
surrogate, 37, 25.0, 0.34375
surrogate, 37, 25.0, 0.34375
surrogate, 37, 23.0, 0.0625
surrogate, 37, 23.0, 0.0625
surrogate, 37, 23.0, 0.0625
surrogate, 37, 23.0, 0.0625
surrogate, 37, 23.0, 0.0625
surrogate, 37, 23.0, 0.0625
surrogate, 37, 23.0, 0.0625
surrogate, 37, 23.0, 0.0625
surrogate, 37, 23.0, 0.0625
surrogate, 37, 23.0, 0.0625
surrogate, 37, 23.0, 0.0625
surrogate, 37, 23.0, 0.0625
surrogate, 37, 23.0, 0.0625
surrogate, 37, 23.0, 0.0625
surrogate, 37, 23.0, 0.0625
surrogate, 37, 23.0, 0.0625
surrogate, 37, 23.0, 0.0625
surrogate, 37, 23.0, 0.0625
surrogate, 37, 23.0, 0.0625
surrogate, 37, 23.0, 0.0625
surrogate, 37, 23.0, 0.0625
surrogate, 37, 23.0, 0.0625
surrogate, 38, 35.0, 0.9375
surrogate, 38, 33.0, 0.71875
surrogate, 38, 29.0, 0.625
surrogate, 38, 29.0, 0.625
surrogate, 38, 29.0, 0.625
surrogate, 38, 29.0, 0.625
surrogate, 38, 27.0, 0.4375
surrogate, 38, 27.0, 0.4375
surrogate, 38, 27.0, 0.4375
surrogate, 38, 27.0, 0.4375
surrogate, 38, 27.0, 0.4375
surrogate, 38, 25.0, 0.34375
surrogate, 38, 25.0, 0.34375
surrogate, 38, 25.0, 0.34375
surrogate, 38, 25.0, 0.34375
surrogate, 38, 25.0, 0.34375
surrogate, 38, 25.0, 0.34375
surrogate, 38, 25.0, 0.34375
surrogate, 38, 25.0, 0.34375
surrogate, 38, 25.0, 0.34375
surrogate, 38, 25.0, 0.34375
surrogate, 38, 25.0, 0.34375
surrogate, 38, 25.0, 0.34375
surrogate, 38, 25.0, 0.34375
surrogate, 38, 25.0, 0.34375
surrogate, 38, 25.0, 0.34375
surrogate, 38, 25.0, 0.34375
surrogate, 38, 23.0, 0.0625
surrogate, 38, 23.0, 0.0625
surrogate, 38, 23.0, 0.0625
surrogate, 38, 23.0, 0.0625
surrogate, 38, 23.0, 0.0625
surrogate, 38, 23.0, 0.0625
surrogate, 38, 23.0, 0.0625
surrogate, 38, 23.0, 0.0625
surrogate, 38, 23.0, 0.0625
surrogate, 38, 23.0, 0.0625
surrogate, 38, 23.0, 0.0625
surrogate, 38, 23.0, 0.0625
surrogate, 38, 23.0, 0.0625
surrogate, 38, 23.0, 0.0625
surrogate, 38, 23.0, 0.0625
surrogate, 38, 23.0, 0.0625
surrogate, 38, 23.0, 0.0625
surrogate, 38, 23.0, 0.0625
surrogate, 38, 23.0, 0.0625
surrogate, 38, 23.0, 0.0625
surrogate, 38, 23.0, 0.0625
surrogate, 38, 23.0, 0.0625
surrogate, 38, 23.0, 0.0625
surrogate, 39, 35.0, 0.9375
surrogate, 39, 33.0, 0.71875
surrogate, 39, 29.0, 0.625
surrogate, 39, 29.0, 0.625
surrogate, 39, 29.0, 0.625
surrogate, 39, 29.0, 0.625
surrogate, 39, 27.0, 0.4375
surrogate, 39, 27.0, 0.4375
surrogate, 39, 27.0, 0.4375
surrogate, 39, 27.0, 0.4375
surrogate, 39, 27.0, 0.4375
surrogate, 39, 25.0, 0.34375
surrogate, 39, 25.0, 0.34375
surrogate, 39, 25.0, 0.34375
surrogate, 39, 25.0, 0.34375
surrogate, 39, 25.0, 0.34375
surrogate, 39, 25.0, 0.34375
surrogate, 39, 25.0, 0.34375
surrogate, 39, 25.0, 0.34375
surrogate, 39, 25.0, 0.34375
surrogate, 39, 25.0, 0.34375
surrogate, 39, 25.0, 0.34375
surrogate, 39, 25.0, 0.34375
surrogate, 39, 25.0, 0.34375
surrogate, 39, 25.0, 0.34375
surrogate, 39, 25.0, 0.34375
surrogate, 39, 25.0, 0.34375
surrogate, 39, 25.0, 0.34375
surrogate, 39, 23.0, 0.0625
surrogate, 39, 23.0, 0.0625
surrogate, 39, 23.0, 0.0625
surrogate, 39, 23.0, 0.0625
surrogate, 39, 23.0, 0.0625
surrogate, 39, 23.0, 0.0625
surrogate, 39, 23.0, 0.0625
surrogate, 39, 23.0, 0.0625
surrogate, 39, 23.0, 0.0625
surrogate, 39, 23.0, 0.0625
surrogate, 39, 23.0, 0.0625
surrogate, 39, 23.0, 0.0625
surrogate, 39, 23.0, 0.0625
surrogate, 39, 23.0, 0.0625
surrogate, 39, 23.0, 0.0625
surrogate, 39, 23.0, 0.0625
surrogate, 39, 23.0, 0.0625
surrogate, 39, 23.0, 0.0625
surrogate, 39, 23.0, 0.0625
surrogate, 39, 23.0, 0.0625
surrogate, 39, 23.0, 0.0625
surrogate, 39, 23.0, 0.0625
surrogate, 39, 23.0, 0.0625
surrogate, 40, 35.0, 0.9375
surrogate, 40, 33.0, 0.71875
surrogate, 40, 29.0, 0.625
surrogate, 40, 29.0, 0.625
surrogate, 40, 29.0, 0.625
surrogate, 40, 29.0, 0.625
surrogate, 40, 27.0, 0.4375
surrogate, 40, 27.0, 0.4375
surrogate, 40, 27.0, 0.4375
surrogate, 40, 27.0, 0.4375
surrogate, 40, 27.0, 0.4375
surrogate, 40, 27.0, 0.4375
surrogate, 40, 25.0, 0.34375
surrogate, 40, 25.0, 0.34375
surrogate, 40, 25.0, 0.34375
surrogate, 40, 25.0, 0.34375
surrogate, 40, 25.0, 0.34375
surrogate, 40, 25.0, 0.34375
surrogate, 40, 25.0, 0.34375
surrogate, 40, 25.0, 0.34375
surrogate, 40, 25.0, 0.34375
surrogate, 40, 25.0, 0.34375
surrogate, 40, 25.0, 0.34375
surrogate, 40, 25.0, 0.34375
surrogate, 40, 25.0, 0.34375
surrogate, 40, 25.0, 0.34375
surrogate, 40, 25.0, 0.34375
surrogate, 40, 25.0, 0.34375
surrogate, 40, 25.0, 0.34375
surrogate, 40, 25.0, 0.34375
surrogate, 40, 23.0, 0.0625
surrogate, 40, 23.0, 0.0625
surrogate, 40, 23.0, 0.0625
surrogate, 40, 23.0, 0.0625
surrogate, 40, 23.0, 0.0625
surrogate, 40, 23.0, 0.0625
surrogate, 40, 23.0, 0.0625
surrogate, 40, 23.0, 0.0625
surrogate, 40, 23.0, 0.0625
surrogate, 40, 23.0, 0.0625
surrogate, 40, 23.0, 0.0625
surrogate, 40, 23.0, 0.0625
surrogate, 40, 23.0, 0.0625
surrogate, 40, 23.0, 0.0625
surrogate, 40, 23.0, 0.0625
surrogate, 40, 23.0, 0.0625
surrogate, 40, 23.0, 0.0625
surrogate, 40, 23.0, 0.0625
surrogate, 40, 23.0, 0.0625
surrogate, 40, 23.0, 0.0625
surrogate, 40, 23.0, 0.0625
surrogate, 40, 23.0, 0.0625
surrogate, 40, 23.0, 0.0625
surrogate, 40, 23.0, 0.0625
surrogate, 41, 35.0, 0.9375
surrogate, 41, 33.0, 0.71875
surrogate, 41, 29.0, 0.625
surrogate, 41, 29.0, 0.625
surrogate, 41, 29.0, 0.625
surrogate, 41, 29.0, 0.625
surrogate, 41, 27.0, 0.4375
surrogate, 41, 27.0, 0.4375
surrogate, 41, 27.0, 0.4375
surrogate, 41, 27.0, 0.4375
surrogate, 41, 27.0, 0.4375
surrogate, 41, 27.0, 0.4375
surrogate, 41, 27.0, 0.4375
surrogate, 41, 25.0, 0.34375
surrogate, 41, 25.0, 0.34375
surrogate, 41, 25.0, 0.34375
surrogate, 41, 25.0, 0.34375
surrogate, 41, 25.0, 0.34375
surrogate, 41, 25.0, 0.34375
surrogate, 41, 25.0, 0.34375
surrogate, 41, 25.0, 0.34375
surrogate, 41, 25.0, 0.34375
surrogate, 41, 25.0, 0.34375
surrogate, 41, 25.0, 0.34375
surrogate, 41, 25.0, 0.34375
surrogate, 41, 25.0, 0.34375
surrogate, 41, 25.0, 0.34375
surrogate, 41, 25.0, 0.34375
surrogate, 41, 25.0, 0.34375
surrogate, 41, 25.0, 0.34375
surrogate, 41, 25.0, 0.34375
surrogate, 41, 25.0, 0.34375
surrogate, 41, 23.0, 0.0625
surrogate, 41, 23.0, 0.0625
surrogate, 41, 23.0, 0.0625
surrogate, 41, 23.0, 0.0625
surrogate, 41, 23.0, 0.0625
surrogate, 41, 23.0, 0.0625
surrogate, 41, 23.0, 0.0625
surrogate, 41, 23.0, 0.0625
surrogate, 41, 23.0, 0.0625
surrogate, 41, 23.0, 0.0625
surrogate, 41, 23.0, 0.0625
surrogate, 41, 23.0, 0.0625
surrogate, 41, 23.0, 0.0625
surrogate, 41, 23.0, 0.0625
surrogate, 41, 23.0, 0.0625
surrogate, 41, 23.0, 0.0625
surrogate, 41, 23.0, 0.0625
surrogate, 41, 23.0, 0.0625
surrogate, 41, 23.0, 0.0625
surrogate, 41, 23.0, 0.0625
surrogate, 41, 23.0, 0.0625
surrogate, 41, 23.0, 0.0625
surrogate, 41, 23.0, 0.0625
surrogate, 41, 23.0, 0.0625
surrogate, 41, 23.0, 0.0625
surrogate, 42, 35.0, 0.9375
surrogate, 42, 33.0, 0.71875
surrogate, 42, 33.0, 0.71875
surrogate, 42, 29.0, 0.625
surrogate, 42, 29.0, 0.625
surrogate, 42, 29.0, 0.625
surrogate, 42, 29.0, 0.625
surrogate, 42, 27.0, 0.4375
surrogate, 42, 27.0, 0.4375
surrogate, 42, 27.0, 0.4375
surrogate, 42, 27.0, 0.4375
surrogate, 42, 27.0, 0.4375
surrogate, 42, 27.0, 0.4375
surrogate, 42, 27.0, 0.4375
surrogate, 42, 27.0, 0.4375
surrogate, 42, 25.0, 0.34375
surrogate, 42, 25.0, 0.34375
surrogate, 42, 25.0, 0.34375
surrogate, 42, 25.0, 0.34375
surrogate, 42, 25.0, 0.34375
surrogate, 42, 25.0, 0.34375
surrogate, 42, 25.0, 0.34375
surrogate, 42, 25.0, 0.34375
surrogate, 42, 25.0, 0.34375
surrogate, 42, 25.0, 0.34375
surrogate, 42, 25.0, 0.34375
surrogate, 42, 25.0, 0.34375
surrogate, 42, 25.0, 0.34375
surrogate, 42, 25.0, 0.34375
surrogate, 42, 25.0, 0.34375
surrogate, 42, 25.0, 0.34375
surrogate, 42, 25.0, 0.34375
surrogate, 42, 25.0, 0.34375
surrogate, 42, 25.0, 0.34375
surrogate, 42, 23.0, 0.0625
surrogate, 42, 23.0, 0.0625
surrogate, 42, 23.0, 0.0625
surrogate, 42, 23.0, 0.0625
surrogate, 42, 23.0, 0.0625
surrogate, 42, 23.0, 0.0625
surrogate, 42, 23.0, 0.0625
surrogate, 42, 23.0, 0.0625
surrogate, 42, 23.0, 0.0625
surrogate, 42, 23.0, 0.0625
surrogate, 42, 23.0, 0.0625
surrogate, 42, 23.0, 0.0625
surrogate, 42, 23.0, 0.0625
surrogate, 42, 23.0, 0.0625
surrogate, 42, 23.0, 0.0625
surrogate, 42, 23.0, 0.0625
surrogate, 42, 23.0, 0.0625
surrogate, 42, 23.0, 0.0625
surrogate, 42, 23.0, 0.0625
surrogate, 42, 23.0, 0.0625
surrogate, 42, 23.0, 0.0625
surrogate, 42, 23.0, 0.0625
surrogate, 42, 23.0, 0.0625
surrogate, 42, 23.0, 0.0625
surrogate, 42, 23.0, 0.0625
surrogate, 43, 35.0, 0.9375
surrogate, 43, 35.0, 0.9375
surrogate, 43, 33.0, 0.71875
surrogate, 43, 33.0, 0.71875
surrogate, 43, 29.0, 0.625
surrogate, 43, 29.0, 0.625
surrogate, 43, 29.0, 0.625
surrogate, 43, 29.0, 0.625
surrogate, 43, 27.0, 0.4375
surrogate, 43, 27.0, 0.4375
surrogate, 43, 27.0, 0.4375
surrogate, 43, 27.0, 0.4375
surrogate, 43, 27.0, 0.4375
surrogate, 43, 27.0, 0.4375
surrogate, 43, 27.0, 0.4375
surrogate, 43, 27.0, 0.4375
surrogate, 43, 27.0, 0.4375
surrogate, 43, 25.0, 0.34375
surrogate, 43, 25.0, 0.34375
surrogate, 43, 25.0, 0.34375
surrogate, 43, 25.0, 0.34375
surrogate, 43, 25.0, 0.34375
surrogate, 43, 25.0, 0.34375
surrogate, 43, 25.0, 0.34375
surrogate, 43, 25.0, 0.34375
surrogate, 43, 25.0, 0.34375
surrogate, 43, 25.0, 0.34375
surrogate, 43, 25.0, 0.34375
surrogate, 43, 25.0, 0.34375
surrogate, 43, 25.0, 0.34375
surrogate, 43, 25.0, 0.34375
surrogate, 43, 25.0, 0.34375
surrogate, 43, 25.0, 0.34375
surrogate, 43, 25.0, 0.34375
surrogate, 43, 25.0, 0.34375
surrogate, 43, 25.0, 0.34375
surrogate, 43, 25.0, 0.34375
surrogate, 43, 23.0, 0.0625
surrogate, 43, 23.0, 0.0625
surrogate, 43, 23.0, 0.0625
surrogate, 43, 23.0, 0.0625
surrogate, 43, 23.0, 0.0625
surrogate, 43, 23.0, 0.0625
surrogate, 43, 23.0, 0.0625
surrogate, 43, 23.0, 0.0625
surrogate, 43, 23.0, 0.0625
surrogate, 43, 23.0, 0.0625
surrogate, 43, 23.0, 0.0625
surrogate, 43, 23.0, 0.0625
surrogate, 43, 23.0, 0.0625
surrogate, 43, 23.0, 0.0625
surrogate, 43, 23.0, 0.0625
surrogate, 43, 23.0, 0.0625
surrogate, 43, 23.0, 0.0625
surrogate, 43, 23.0, 0.0625
surrogate, 43, 23.0, 0.0625
surrogate, 43, 23.0, 0.0625
surrogate, 43, 23.0, 0.0625
surrogate, 43, 23.0, 0.0625
surrogate, 43, 23.0, 0.0625
surrogate, 43, 23.0, 0.0625
surrogate, 43, 23.0, 0.0625
surrogate, 43, 23.0, 0.0625
surrogate, 44, 35.0, 0.9375
surrogate, 44, 35.0, 0.9375
surrogate, 44, 33.0, 0.71875
surrogate, 44, 33.0, 0.71875
surrogate, 44, 33.0, 0.71875
surrogate, 44, 29.0, 0.625
surrogate, 44, 29.0, 0.625
surrogate, 44, 29.0, 0.625
surrogate, 44, 29.0, 0.625
surrogate, 44, 27.0, 0.4375
surrogate, 44, 27.0, 0.4375
surrogate, 44, 27.0, 0.4375
surrogate, 44, 27.0, 0.4375
surrogate, 44, 27.0, 0.4375
surrogate, 44, 27.0, 0.4375
surrogate, 44, 27.0, 0.4375
surrogate, 44, 27.0, 0.4375
surrogate, 44, 27.0, 0.4375
surrogate, 44, 25.0, 0.34375
surrogate, 44, 25.0, 0.34375
surrogate, 44, 25.0, 0.34375
surrogate, 44, 25.0, 0.34375
surrogate, 44, 25.0, 0.34375
surrogate, 44, 25.0, 0.34375
surrogate, 44, 25.0, 0.34375
surrogate, 44, 25.0, 0.34375
surrogate, 44, 25.0, 0.34375
surrogate, 44, 25.0, 0.34375
surrogate, 44, 25.0, 0.34375
surrogate, 44, 25.0, 0.34375
surrogate, 44, 25.0, 0.34375
surrogate, 44, 25.0, 0.34375
surrogate, 44, 25.0, 0.34375
surrogate, 44, 25.0, 0.34375
surrogate, 44, 25.0, 0.34375
surrogate, 44, 25.0, 0.34375
surrogate, 44, 25.0, 0.34375
surrogate, 44, 25.0, 0.34375
surrogate, 44, 25.0, 0.34375
surrogate, 44, 23.0, 0.0625
surrogate, 44, 23.0, 0.0625
surrogate, 44, 23.0, 0.0625
surrogate, 44, 23.0, 0.0625
surrogate, 44, 23.0, 0.0625
surrogate, 44, 23.0, 0.0625
surrogate, 44, 23.0, 0.0625
surrogate, 44, 23.0, 0.0625
surrogate, 44, 23.0, 0.0625
surrogate, 44, 23.0, 0.0625
surrogate, 44, 23.0, 0.0625
surrogate, 44, 23.0, 0.0625
surrogate, 44, 23.0, 0.0625
surrogate, 44, 23.0, 0.0625
surrogate, 44, 23.0, 0.0625
surrogate, 44, 23.0, 0.0625
surrogate, 44, 23.0, 0.0625
surrogate, 44, 23.0, 0.0625
surrogate, 44, 23.0, 0.0625
surrogate, 44, 23.0, 0.0625
surrogate, 44, 23.0, 0.0625
surrogate, 44, 23.0, 0.0625
surrogate, 44, 23.0, 0.0625
surrogate, 44, 23.0, 0.0625
surrogate, 44, 23.0, 0.0625
surrogate, 44, 23.0, 0.0625
surrogate, 44, 23.0, 0.0625
surrogate, 45, 35.0, 0.9375
surrogate, 45, 35.0, 0.9375
surrogate, 45, 33.0, 0.71875
surrogate, 45, 33.0, 0.71875
surrogate, 45, 33.0, 0.71875
surrogate, 45, 33.0, 0.71875
surrogate, 45, 29.0, 0.625
surrogate, 45, 29.0, 0.625
surrogate, 45, 29.0, 0.625
surrogate, 45, 29.0, 0.625
surrogate, 45, 27.0, 0.4375
surrogate, 45, 27.0, 0.4375
surrogate, 45, 27.0, 0.4375
surrogate, 45, 27.0, 0.4375
surrogate, 45, 27.0, 0.4375
surrogate, 45, 27.0, 0.4375
surrogate, 45, 27.0, 0.4375
surrogate, 45, 27.0, 0.4375
surrogate, 45, 27.0, 0.4375
surrogate, 45, 27.0, 0.4375
surrogate, 45, 25.0, 0.34375
surrogate, 45, 25.0, 0.34375
surrogate, 45, 25.0, 0.34375
surrogate, 45, 25.0, 0.34375
surrogate, 45, 25.0, 0.34375
surrogate, 45, 25.0, 0.34375
surrogate, 45, 25.0, 0.34375
surrogate, 45, 25.0, 0.34375
surrogate, 45, 25.0, 0.34375
surrogate, 45, 25.0, 0.34375
surrogate, 45, 25.0, 0.34375
surrogate, 45, 25.0, 0.34375
surrogate, 45, 25.0, 0.34375
surrogate, 45, 25.0, 0.34375
surrogate, 45, 25.0, 0.34375
surrogate, 45, 25.0, 0.34375
surrogate, 45, 25.0, 0.34375
surrogate, 45, 25.0, 0.34375
surrogate, 45, 25.0, 0.34375
surrogate, 45, 25.0, 0.34375
surrogate, 45, 25.0, 0.34375
surrogate, 45, 23.0, 0.0625
surrogate, 45, 23.0, 0.0625
surrogate, 45, 23.0, 0.0625
surrogate, 45, 23.0, 0.0625
surrogate, 45, 23.0, 0.0625
surrogate, 45, 23.0, 0.0625
surrogate, 45, 23.0, 0.0625
surrogate, 45, 23.0, 0.0625
surrogate, 45, 23.0, 0.0625
surrogate, 45, 23.0, 0.0625
surrogate, 45, 23.0, 0.0625
surrogate, 45, 23.0, 0.0625
surrogate, 45, 23.0, 0.0625
surrogate, 45, 23.0, 0.0625
surrogate, 45, 23.0, 0.0625
surrogate, 45, 23.0, 0.0625
surrogate, 45, 23.0, 0.0625
surrogate, 45, 23.0, 0.0625
surrogate, 45, 23.0, 0.0625
surrogate, 45, 23.0, 0.0625
surrogate, 45, 23.0, 0.0625
surrogate, 45, 23.0, 0.0625
surrogate, 45, 23.0, 0.0625
surrogate, 45, 23.0, 0.0625
surrogate, 45, 23.0, 0.0625
surrogate, 45, 23.0, 0.0625
surrogate, 45, 23.0, 0.0625
surrogate, 46, 35.0, 0.9375
surrogate, 46, 35.0, 0.9375
surrogate, 46, 33.0, 0.71875
surrogate, 46, 33.0, 0.71875
surrogate, 46, 33.0, 0.71875
surrogate, 46, 33.0, 0.71875
surrogate, 46, 29.0, 0.625
surrogate, 46, 29.0, 0.625
surrogate, 46, 29.0, 0.625
surrogate, 46, 29.0, 0.625
surrogate, 46, 27.0, 0.4375
surrogate, 46, 27.0, 0.4375
surrogate, 46, 27.0, 0.4375
surrogate, 46, 27.0, 0.4375
surrogate, 46, 27.0, 0.4375
surrogate, 46, 27.0, 0.4375
surrogate, 46, 27.0, 0.4375
surrogate, 46, 27.0, 0.4375
surrogate, 46, 27.0, 0.4375
surrogate, 46, 27.0, 0.4375
surrogate, 46, 25.0, 0.34375
surrogate, 46, 25.0, 0.34375
surrogate, 46, 25.0, 0.34375
surrogate, 46, 25.0, 0.34375
surrogate, 46, 25.0, 0.34375
surrogate, 46, 25.0, 0.34375
surrogate, 46, 25.0, 0.34375
surrogate, 46, 25.0, 0.34375
surrogate, 46, 25.0, 0.34375
surrogate, 46, 25.0, 0.34375
surrogate, 46, 25.0, 0.34375
surrogate, 46, 25.0, 0.34375
surrogate, 46, 25.0, 0.34375
surrogate, 46, 25.0, 0.34375
surrogate, 46, 25.0, 0.34375
surrogate, 46, 25.0, 0.34375
surrogate, 46, 25.0, 0.34375
surrogate, 46, 25.0, 0.34375
surrogate, 46, 25.0, 0.34375
surrogate, 46, 25.0, 0.34375
surrogate, 46, 25.0, 0.34375
surrogate, 46, 23.0, 0.0625
surrogate, 46, 23.0, 0.0625
surrogate, 46, 23.0, 0.0625
surrogate, 46, 23.0, 0.0625
surrogate, 46, 23.0, 0.0625
surrogate, 46, 23.0, 0.0625
surrogate, 46, 23.0, 0.0625
surrogate, 46, 23.0, 0.0625
surrogate, 46, 23.0, 0.0625
surrogate, 46, 23.0, 0.0625
surrogate, 46, 23.0, 0.0625
surrogate, 46, 23.0, 0.0625
surrogate, 46, 23.0, 0.0625
surrogate, 46, 23.0, 0.0625
surrogate, 46, 23.0, 0.0625
surrogate, 46, 23.0, 0.0625
surrogate, 46, 23.0, 0.0625
surrogate, 46, 23.0, 0.0625
surrogate, 46, 23.0, 0.0625
surrogate, 46, 23.0, 0.0625
surrogate, 46, 23.0, 0.0625
surrogate, 46, 23.0, 0.0625
surrogate, 46, 23.0, 0.0625
surrogate, 46, 23.0, 0.0625
surrogate, 46, 23.0, 0.0625
surrogate, 46, 23.0, 0.0625
surrogate, 46, 23.0, 0.0625
surrogate, 47, 35.0, 0.9375
surrogate, 47, 35.0, 0.9375
surrogate, 47, 33.0, 0.71875
surrogate, 47, 33.0, 0.71875
surrogate, 47, 33.0, 0.71875
surrogate, 47, 33.0, 0.71875
surrogate, 47, 29.0, 0.625
surrogate, 47, 29.0, 0.625
surrogate, 47, 29.0, 0.625
surrogate, 47, 29.0, 0.625
surrogate, 47, 27.0, 0.4375
surrogate, 47, 27.0, 0.4375
surrogate, 47, 27.0, 0.4375
surrogate, 47, 27.0, 0.4375
surrogate, 47, 27.0, 0.4375
surrogate, 47, 27.0, 0.4375
surrogate, 47, 27.0, 0.4375
surrogate, 47, 27.0, 0.4375
surrogate, 47, 27.0, 0.4375
surrogate, 47, 27.0, 0.4375
surrogate, 47, 25.0, 0.34375
surrogate, 47, 25.0, 0.34375
surrogate, 47, 25.0, 0.34375
surrogate, 47, 25.0, 0.34375
surrogate, 47, 25.0, 0.34375
surrogate, 47, 25.0, 0.34375
surrogate, 47, 25.0, 0.34375
surrogate, 47, 25.0, 0.34375
surrogate, 47, 25.0, 0.34375
surrogate, 47, 25.0, 0.34375
surrogate, 47, 25.0, 0.34375
surrogate, 47, 25.0, 0.34375
surrogate, 47, 25.0, 0.34375
surrogate, 47, 25.0, 0.34375
surrogate, 47, 25.0, 0.34375
surrogate, 47, 25.0, 0.34375
surrogate, 47, 25.0, 0.34375
surrogate, 47, 25.0, 0.34375
surrogate, 47, 25.0, 0.34375
surrogate, 47, 25.0, 0.34375
surrogate, 47, 25.0, 0.34375
surrogate, 47, 25.0, 0.34375
surrogate, 47, 23.0, 0.0625
surrogate, 47, 23.0, 0.0625
surrogate, 47, 23.0, 0.0625
surrogate, 47, 23.0, 0.0625
surrogate, 47, 23.0, 0.0625
surrogate, 47, 23.0, 0.0625
surrogate, 47, 23.0, 0.0625
surrogate, 47, 23.0, 0.0625
surrogate, 47, 23.0, 0.0625
surrogate, 47, 23.0, 0.0625
surrogate, 47, 23.0, 0.0625
surrogate, 47, 23.0, 0.0625
surrogate, 47, 23.0, 0.0625
surrogate, 47, 23.0, 0.0625
surrogate, 47, 23.0, 0.0625
surrogate, 47, 23.0, 0.0625
surrogate, 47, 23.0, 0.0625
surrogate, 47, 23.0, 0.0625
surrogate, 47, 23.0, 0.0625
surrogate, 47, 23.0, 0.0625
surrogate, 47, 23.0, 0.0625
surrogate, 47, 23.0, 0.0625
surrogate, 47, 23.0, 0.0625
surrogate, 47, 23.0, 0.0625
surrogate, 47, 23.0, 0.0625
surrogate, 47, 23.0, 0.0625
surrogate, 47, 23.0, 0.0625
surrogate, 47, 23.0, 0.0625
surrogate, 48, 35.0, 0.9375
surrogate, 48, 35.0, 0.9375
surrogate, 48, 33.0, 0.71875
surrogate, 48, 33.0, 0.71875
surrogate, 48, 33.0, 0.71875
surrogate, 48, 33.0, 0.71875
surrogate, 48, 29.0, 0.625
surrogate, 48, 29.0, 0.625
surrogate, 48, 29.0, 0.625
surrogate, 48, 29.0, 0.625
surrogate, 48, 27.0, 0.4375
surrogate, 48, 27.0, 0.4375
surrogate, 48, 27.0, 0.4375
surrogate, 48, 27.0, 0.4375
surrogate, 48, 27.0, 0.4375
surrogate, 48, 27.0, 0.4375
surrogate, 48, 27.0, 0.4375
surrogate, 48, 27.0, 0.4375
surrogate, 48, 27.0, 0.4375
surrogate, 48, 27.0, 0.4375
surrogate, 48, 27.0, 0.4375
surrogate, 48, 25.0, 0.34375
surrogate, 48, 25.0, 0.34375
surrogate, 48, 25.0, 0.34375
surrogate, 48, 25.0, 0.34375
surrogate, 48, 25.0, 0.34375
surrogate, 48, 25.0, 0.34375
surrogate, 48, 25.0, 0.34375
surrogate, 48, 25.0, 0.34375
surrogate, 48, 25.0, 0.34375
surrogate, 48, 25.0, 0.34375
surrogate, 48, 25.0, 0.34375
surrogate, 48, 25.0, 0.34375
surrogate, 48, 25.0, 0.34375
surrogate, 48, 25.0, 0.34375
surrogate, 48, 25.0, 0.34375
surrogate, 48, 25.0, 0.34375
surrogate, 48, 25.0, 0.34375
surrogate, 48, 25.0, 0.34375
surrogate, 48, 25.0, 0.34375
surrogate, 48, 25.0, 0.34375
surrogate, 48, 25.0, 0.34375
surrogate, 48, 25.0, 0.34375
surrogate, 48, 23.0, 0.0625
surrogate, 48, 23.0, 0.0625
surrogate, 48, 23.0, 0.0625
surrogate, 48, 23.0, 0.0625
surrogate, 48, 23.0, 0.0625
surrogate, 48, 23.0, 0.0625
surrogate, 48, 23.0, 0.0625
surrogate, 48, 23.0, 0.0625
surrogate, 48, 23.0, 0.0625
surrogate, 48, 23.0, 0.0625
surrogate, 48, 23.0, 0.0625
surrogate, 48, 23.0, 0.0625
surrogate, 48, 23.0, 0.0625
surrogate, 48, 23.0, 0.0625
surrogate, 48, 23.0, 0.0625
surrogate, 48, 23.0, 0.0625
surrogate, 48, 23.0, 0.0625
surrogate, 48, 23.0, 0.0625
surrogate, 48, 23.0, 0.0625
surrogate, 48, 23.0, 0.0625
surrogate, 48, 23.0, 0.0625
surrogate, 48, 23.0, 0.0625
surrogate, 48, 23.0, 0.0625
surrogate, 48, 23.0, 0.0625
surrogate, 48, 23.0, 0.0625
surrogate, 48, 23.0, 0.0625
surrogate, 48, 23.0, 0.0625
surrogate, 48, 23.0, 0.0625
surrogate, 49, 35.0, 0.9375
surrogate, 49, 35.0, 0.9375
surrogate, 49, 35.0, 0.9375
surrogate, 49, 33.0, 0.71875
surrogate, 49, 33.0, 0.71875
surrogate, 49, 33.0, 0.71875
surrogate, 49, 33.0, 0.71875
surrogate, 49, 29.0, 0.625
surrogate, 49, 29.0, 0.625
surrogate, 49, 29.0, 0.625
surrogate, 49, 29.0, 0.625
surrogate, 49, 27.0, 0.4375
surrogate, 49, 27.0, 0.4375
surrogate, 49, 27.0, 0.4375
surrogate, 49, 27.0, 0.4375
surrogate, 49, 27.0, 0.4375
surrogate, 49, 27.0, 0.4375
surrogate, 49, 27.0, 0.4375
surrogate, 49, 27.0, 0.4375
surrogate, 49, 27.0, 0.4375
surrogate, 49, 27.0, 0.4375
surrogate, 49, 27.0, 0.4375
surrogate, 49, 25.0, 0.34375
surrogate, 49, 25.0, 0.34375
surrogate, 49, 25.0, 0.34375
surrogate, 49, 25.0, 0.34375
surrogate, 49, 25.0, 0.34375
surrogate, 49, 25.0, 0.34375
surrogate, 49, 25.0, 0.34375
surrogate, 49, 25.0, 0.34375
surrogate, 49, 25.0, 0.34375
surrogate, 49, 25.0, 0.34375
surrogate, 49, 25.0, 0.34375
surrogate, 49, 25.0, 0.34375
surrogate, 49, 25.0, 0.34375
surrogate, 49, 25.0, 0.34375
surrogate, 49, 25.0, 0.34375
surrogate, 49, 25.0, 0.34375
surrogate, 49, 25.0, 0.34375
surrogate, 49, 25.0, 0.34375
surrogate, 49, 25.0, 0.34375
surrogate, 49, 25.0, 0.34375
surrogate, 49, 25.0, 0.34375
surrogate, 49, 25.0, 0.34375
surrogate, 49, 23.0, 0.0625
surrogate, 49, 23.0, 0.0625
surrogate, 49, 23.0, 0.0625
surrogate, 49, 23.0, 0.0625
surrogate, 49, 23.0, 0.0625
surrogate, 49, 23.0, 0.0625
surrogate, 49, 23.0, 0.0625
surrogate, 49, 23.0, 0.0625
surrogate, 49, 23.0, 0.0625
surrogate, 49, 23.0, 0.0625
surrogate, 49, 23.0, 0.0625
surrogate, 49, 23.0, 0.0625
surrogate, 49, 23.0, 0.0625
surrogate, 49, 23.0, 0.0625
surrogate, 49, 23.0, 0.0625
surrogate, 49, 23.0, 0.0625
surrogate, 49, 23.0, 0.0625
surrogate, 49, 23.0, 0.0625
surrogate, 49, 23.0, 0.0625
surrogate, 49, 23.0, 0.0625
surrogate, 49, 23.0, 0.0625
surrogate, 49, 23.0, 0.0625
surrogate, 49, 23.0, 0.0625
surrogate, 49, 23.0, 0.0625
surrogate, 49, 23.0, 0.0625
surrogate, 49, 23.0, 0.0625
surrogate, 49, 23.0, 0.0625
surrogate, 49, 23.0, 0.0625
surrogate, 50, 35.0, 0.9375
surrogate, 50, 35.0, 0.9375
surrogate, 50, 35.0, 0.9375
surrogate, 50, 33.0, 0.71875
surrogate, 50, 33.0, 0.71875
surrogate, 50, 33.0, 0.71875
surrogate, 50, 33.0, 0.71875
surrogate, 50, 29.0, 0.625
surrogate, 50, 29.0, 0.625
surrogate, 50, 29.0, 0.625
surrogate, 50, 29.0, 0.625
surrogate, 50, 27.0, 0.4375
surrogate, 50, 27.0, 0.4375
surrogate, 50, 27.0, 0.4375
surrogate, 50, 27.0, 0.4375
surrogate, 50, 27.0, 0.4375
surrogate, 50, 27.0, 0.4375
surrogate, 50, 27.0, 0.4375
surrogate, 50, 27.0, 0.4375
surrogate, 50, 27.0, 0.4375
surrogate, 50, 27.0, 0.4375
surrogate, 50, 27.0, 0.4375
surrogate, 50, 26.0, 0.375
surrogate, 50, 25.0, 0.34375
surrogate, 50, 25.0, 0.34375
surrogate, 50, 25.0, 0.34375
surrogate, 50, 25.0, 0.34375
surrogate, 50, 25.0, 0.34375
surrogate, 50, 25.0, 0.34375
surrogate, 50, 25.0, 0.34375
surrogate, 50, 25.0, 0.34375
surrogate, 50, 25.0, 0.34375
surrogate, 50, 25.0, 0.34375
surrogate, 50, 25.0, 0.34375
surrogate, 50, 25.0, 0.34375
surrogate, 50, 25.0, 0.34375
surrogate, 50, 25.0, 0.34375
surrogate, 50, 25.0, 0.34375
surrogate, 50, 25.0, 0.34375
surrogate, 50, 25.0, 0.34375
surrogate, 50, 25.0, 0.34375
surrogate, 50, 25.0, 0.34375
surrogate, 50, 25.0, 0.34375
surrogate, 50, 25.0, 0.34375
surrogate, 50, 25.0, 0.34375
surrogate, 50, 25.0, 0.34375
surrogate, 50, 23.0, 0.0625
surrogate, 50, 23.0, 0.0625
surrogate, 50, 23.0, 0.0625
surrogate, 50, 23.0, 0.0625
surrogate, 50, 23.0, 0.0625
surrogate, 50, 23.0, 0.0625
surrogate, 50, 23.0, 0.0625
surrogate, 50, 23.0, 0.0625
surrogate, 50, 23.0, 0.0625
surrogate, 50, 23.0, 0.0625
surrogate, 50, 23.0, 0.0625
surrogate, 50, 23.0, 0.0625
surrogate, 50, 23.0, 0.0625
surrogate, 50, 23.0, 0.0625
surrogate, 50, 23.0, 0.0625
surrogate, 50, 23.0, 0.0625
surrogate, 50, 23.0, 0.0625
surrogate, 50, 23.0, 0.0625
surrogate, 50, 23.0, 0.0625
surrogate, 50, 23.0, 0.0625
surrogate, 50, 23.0, 0.0625
surrogate, 50, 23.0, 0.0625
surrogate, 50, 23.0, 0.0625
surrogate, 50, 23.0, 0.0625
surrogate, 50, 23.0, 0.0625
surrogate, 50, 23.0, 0.0625
surrogate, 50, 23.0, 0.0625
surrogate, 50, 23.0, 0.0625
surrogate, 51, 35.0, 0.9375
surrogate, 51, 35.0, 0.9375
surrogate, 51, 35.0, 0.9375
surrogate, 51, 33.0, 0.71875
surrogate, 51, 33.0, 0.71875
surrogate, 51, 33.0, 0.71875
surrogate, 51, 33.0, 0.71875
surrogate, 51, 29.0, 0.625
surrogate, 51, 29.0, 0.625
surrogate, 51, 29.0, 0.625
surrogate, 51, 29.0, 0.625
surrogate, 51, 27.0, 0.4375
surrogate, 51, 27.0, 0.4375
surrogate, 51, 27.0, 0.4375
surrogate, 51, 27.0, 0.4375
surrogate, 51, 27.0, 0.4375
surrogate, 51, 27.0, 0.4375
surrogate, 51, 27.0, 0.4375
surrogate, 51, 27.0, 0.4375
surrogate, 51, 27.0, 0.4375
surrogate, 51, 27.0, 0.4375
surrogate, 51, 27.0, 0.4375
surrogate, 51, 26.0, 0.375
surrogate, 51, 25.0, 0.34375
surrogate, 51, 25.0, 0.34375
surrogate, 51, 25.0, 0.34375
surrogate, 51, 25.0, 0.34375
surrogate, 51, 25.0, 0.34375
surrogate, 51, 25.0, 0.34375
surrogate, 51, 25.0, 0.34375
surrogate, 51, 25.0, 0.34375
surrogate, 51, 25.0, 0.34375
surrogate, 51, 25.0, 0.34375
surrogate, 51, 25.0, 0.34375
surrogate, 51, 25.0, 0.34375
surrogate, 51, 25.0, 0.34375
surrogate, 51, 25.0, 0.34375
surrogate, 51, 25.0, 0.34375
surrogate, 51, 25.0, 0.34375
surrogate, 51, 25.0, 0.34375
surrogate, 51, 25.0, 0.34375
surrogate, 51, 25.0, 0.34375
surrogate, 51, 25.0, 0.34375
surrogate, 51, 25.0, 0.34375
surrogate, 51, 25.0, 0.34375
surrogate, 51, 25.0, 0.34375
surrogate, 51, 25.0, 0.34375
surrogate, 51, 23.0, 0.0625
surrogate, 51, 23.0, 0.0625
surrogate, 51, 23.0, 0.0625
surrogate, 51, 23.0, 0.0625
surrogate, 51, 23.0, 0.0625
surrogate, 51, 23.0, 0.0625
surrogate, 51, 23.0, 0.0625
surrogate, 51, 23.0, 0.0625
surrogate, 51, 23.0, 0.0625
surrogate, 51, 23.0, 0.0625
surrogate, 51, 23.0, 0.0625
surrogate, 51, 23.0, 0.0625
surrogate, 51, 23.0, 0.0625
surrogate, 51, 23.0, 0.0625
surrogate, 51, 23.0, 0.0625
surrogate, 51, 23.0, 0.0625
surrogate, 51, 23.0, 0.0625
surrogate, 51, 23.0, 0.0625
surrogate, 51, 23.0, 0.0625
surrogate, 51, 23.0, 0.0625
surrogate, 51, 23.0, 0.0625
surrogate, 51, 23.0, 0.0625
surrogate, 51, 23.0, 0.0625
surrogate, 51, 23.0, 0.0625
surrogate, 51, 23.0, 0.0625
surrogate, 51, 23.0, 0.0625
surrogate, 51, 23.0, 0.0625
surrogate, 51, 23.0, 0.0625
surrogate, 51, 23.0, 0.0625
surrogate, 52, 35.0, 0.9375
surrogate, 52, 35.0, 0.9375
surrogate, 52, 35.0, 0.9375
surrogate, 52, 33.0, 0.71875
surrogate, 52, 33.0, 0.71875
surrogate, 52, 33.0, 0.71875
surrogate, 52, 33.0, 0.71875
surrogate, 52, 28.0, 0.625
surrogate, 52, 27.0, 0.4375
surrogate, 52, 27.0, 0.4375
surrogate, 52, 27.0, 0.4375
surrogate, 52, 27.0, 0.4375
surrogate, 52, 27.0, 0.4375
surrogate, 52, 27.0, 0.4375
surrogate, 52, 27.0, 0.4375
surrogate, 52, 27.0, 0.4375
surrogate, 52, 27.0, 0.4375
surrogate, 52, 27.0, 0.4375
surrogate, 52, 27.0, 0.4375
surrogate, 52, 26.0, 0.375
surrogate, 52, 25.0, 0.34375
surrogate, 52, 25.0, 0.34375
surrogate, 52, 25.0, 0.34375
surrogate, 52, 25.0, 0.34375
surrogate, 52, 25.0, 0.34375
surrogate, 52, 25.0, 0.34375
surrogate, 52, 25.0, 0.34375
surrogate, 52, 25.0, 0.34375
surrogate, 52, 25.0, 0.34375
surrogate, 52, 25.0, 0.34375
surrogate, 52, 25.0, 0.34375
surrogate, 52, 25.0, 0.34375
surrogate, 52, 25.0, 0.34375
surrogate, 52, 25.0, 0.34375
surrogate, 52, 25.0, 0.34375
surrogate, 52, 25.0, 0.34375
surrogate, 52, 25.0, 0.34375
surrogate, 52, 25.0, 0.34375
surrogate, 52, 25.0, 0.34375
surrogate, 52, 25.0, 0.34375
surrogate, 52, 25.0, 0.34375
surrogate, 52, 25.0, 0.34375
surrogate, 52, 25.0, 0.34375
surrogate, 52, 25.0, 0.34375
surrogate, 52, 25.0, 0.34375
surrogate, 52, 23.0, 0.0625
surrogate, 52, 23.0, 0.0625
surrogate, 52, 23.0, 0.0625
surrogate, 52, 23.0, 0.0625
surrogate, 52, 23.0, 0.0625
surrogate, 52, 23.0, 0.0625
surrogate, 52, 23.0, 0.0625
surrogate, 52, 23.0, 0.0625
surrogate, 52, 23.0, 0.0625
surrogate, 52, 23.0, 0.0625
surrogate, 52, 23.0, 0.0625
surrogate, 52, 23.0, 0.0625
surrogate, 52, 23.0, 0.0625
surrogate, 52, 23.0, 0.0625
surrogate, 52, 23.0, 0.0625
surrogate, 52, 23.0, 0.0625
surrogate, 52, 23.0, 0.0625
surrogate, 52, 23.0, 0.0625
surrogate, 52, 23.0, 0.0625
surrogate, 52, 23.0, 0.0625
surrogate, 52, 23.0, 0.0625
surrogate, 52, 23.0, 0.0625
surrogate, 52, 23.0, 0.0625
surrogate, 52, 23.0, 0.0625
surrogate, 52, 23.0, 0.0625
surrogate, 52, 23.0, 0.0625
surrogate, 52, 23.0, 0.0625
surrogate, 52, 23.0, 0.0625
surrogate, 52, 23.0, 0.0625
surrogate, 53, 35.0, 0.9375
surrogate, 53, 35.0, 0.9375
surrogate, 53, 35.0, 0.9375
surrogate, 53, 33.0, 0.71875
surrogate, 53, 33.0, 0.71875
surrogate, 53, 33.0, 0.71875
surrogate, 53, 33.0, 0.71875
surrogate, 53, 33.0, 0.71875
surrogate, 53, 28.0, 0.625
surrogate, 53, 27.0, 0.4375
surrogate, 53, 27.0, 0.4375
surrogate, 53, 27.0, 0.4375
surrogate, 53, 27.0, 0.4375
surrogate, 53, 27.0, 0.4375
surrogate, 53, 27.0, 0.4375
surrogate, 53, 27.0, 0.4375
surrogate, 53, 27.0, 0.4375
surrogate, 53, 27.0, 0.4375
surrogate, 53, 27.0, 0.4375
surrogate, 53, 27.0, 0.4375
surrogate, 53, 26.0, 0.375
surrogate, 53, 25.0, 0.34375
surrogate, 53, 25.0, 0.34375
surrogate, 53, 25.0, 0.34375
surrogate, 53, 25.0, 0.34375
surrogate, 53, 25.0, 0.34375
surrogate, 53, 25.0, 0.34375
surrogate, 53, 25.0, 0.34375
surrogate, 53, 25.0, 0.34375
surrogate, 53, 25.0, 0.34375
surrogate, 53, 25.0, 0.34375
surrogate, 53, 25.0, 0.34375
surrogate, 53, 25.0, 0.34375
surrogate, 53, 25.0, 0.34375
surrogate, 53, 25.0, 0.34375
surrogate, 53, 25.0, 0.34375
surrogate, 53, 25.0, 0.34375
surrogate, 53, 25.0, 0.34375
surrogate, 53, 25.0, 0.34375
surrogate, 53, 25.0, 0.34375
surrogate, 53, 25.0, 0.34375
surrogate, 53, 25.0, 0.34375
surrogate, 53, 25.0, 0.34375
surrogate, 53, 25.0, 0.34375
surrogate, 53, 25.0, 0.34375
surrogate, 53, 25.0, 0.34375
surrogate, 53, 23.0, 0.0625
surrogate, 53, 23.0, 0.0625
surrogate, 53, 23.0, 0.0625
surrogate, 53, 23.0, 0.0625
surrogate, 53, 23.0, 0.0625
surrogate, 53, 23.0, 0.0625
surrogate, 53, 23.0, 0.0625
surrogate, 53, 23.0, 0.0625
surrogate, 53, 23.0, 0.0625
surrogate, 53, 23.0, 0.0625
surrogate, 53, 23.0, 0.0625
surrogate, 53, 23.0, 0.0625
surrogate, 53, 23.0, 0.0625
surrogate, 53, 23.0, 0.0625
surrogate, 53, 23.0, 0.0625
surrogate, 53, 23.0, 0.0625
surrogate, 53, 23.0, 0.0625
surrogate, 53, 23.0, 0.0625
surrogate, 53, 23.0, 0.0625
surrogate, 53, 23.0, 0.0625
surrogate, 53, 23.0, 0.0625
surrogate, 53, 23.0, 0.0625
surrogate, 53, 23.0, 0.0625
surrogate, 53, 23.0, 0.0625
surrogate, 53, 23.0, 0.0625
surrogate, 53, 23.0, 0.0625
surrogate, 53, 23.0, 0.0625
surrogate, 53, 23.0, 0.0625
surrogate, 53, 23.0, 0.0625
surrogate, 54, 35.0, 0.9375
surrogate, 54, 35.0, 0.9375
surrogate, 54, 35.0, 0.9375
surrogate, 54, 33.0, 0.71875
surrogate, 54, 33.0, 0.71875
surrogate, 54, 33.0, 0.71875
surrogate, 54, 33.0, 0.71875
surrogate, 54, 33.0, 0.71875
surrogate, 54, 28.0, 0.625
surrogate, 54, 27.0, 0.4375
surrogate, 54, 27.0, 0.4375
surrogate, 54, 27.0, 0.4375
surrogate, 54, 27.0, 0.4375
surrogate, 54, 27.0, 0.4375
surrogate, 54, 27.0, 0.4375
surrogate, 54, 27.0, 0.4375
surrogate, 54, 27.0, 0.4375
surrogate, 54, 27.0, 0.4375
surrogate, 54, 27.0, 0.4375
surrogate, 54, 27.0, 0.4375
surrogate, 54, 26.0, 0.375
surrogate, 54, 26.0, 0.375
surrogate, 54, 25.0, 0.34375
surrogate, 54, 25.0, 0.34375
surrogate, 54, 25.0, 0.34375
surrogate, 54, 25.0, 0.34375
surrogate, 54, 25.0, 0.34375
surrogate, 54, 25.0, 0.34375
surrogate, 54, 25.0, 0.34375
surrogate, 54, 25.0, 0.34375
surrogate, 54, 25.0, 0.34375
surrogate, 54, 25.0, 0.34375
surrogate, 54, 25.0, 0.34375
surrogate, 54, 25.0, 0.34375
surrogate, 54, 25.0, 0.34375
surrogate, 54, 25.0, 0.34375
surrogate, 54, 25.0, 0.34375
surrogate, 54, 25.0, 0.34375
surrogate, 54, 25.0, 0.34375
surrogate, 54, 25.0, 0.34375
surrogate, 54, 25.0, 0.34375
surrogate, 54, 25.0, 0.34375
surrogate, 54, 25.0, 0.34375
surrogate, 54, 25.0, 0.34375
surrogate, 54, 25.0, 0.34375
surrogate, 54, 25.0, 0.34375
surrogate, 54, 25.0, 0.34375
surrogate, 54, 23.0, 0.0625
surrogate, 54, 23.0, 0.0625
surrogate, 54, 23.0, 0.0625
surrogate, 54, 23.0, 0.0625
surrogate, 54, 23.0, 0.0625
surrogate, 54, 23.0, 0.0625
surrogate, 54, 23.0, 0.0625
surrogate, 54, 23.0, 0.0625
surrogate, 54, 23.0, 0.0625
surrogate, 54, 23.0, 0.0625
surrogate, 54, 23.0, 0.0625
surrogate, 54, 23.0, 0.0625
surrogate, 54, 23.0, 0.0625
surrogate, 54, 23.0, 0.0625
surrogate, 54, 23.0, 0.0625
surrogate, 54, 23.0, 0.0625
surrogate, 54, 23.0, 0.0625
surrogate, 54, 23.0, 0.0625
surrogate, 54, 23.0, 0.0625
surrogate, 54, 23.0, 0.0625
surrogate, 54, 23.0, 0.0625
surrogate, 54, 23.0, 0.0625
surrogate, 54, 23.0, 0.0625
surrogate, 54, 23.0, 0.0625
surrogate, 54, 23.0, 0.0625
surrogate, 54, 23.0, 0.0625
surrogate, 54, 23.0, 0.0625
surrogate, 54, 23.0, 0.0625
surrogate, 54, 23.0, 0.0625
surrogate, 55, 35.0, 0.9375
surrogate, 55, 35.0, 0.9375
surrogate, 55, 35.0, 0.9375
surrogate, 55, 33.0, 0.71875
surrogate, 55, 33.0, 0.71875
surrogate, 55, 33.0, 0.71875
surrogate, 55, 33.0, 0.71875
surrogate, 55, 33.0, 0.71875
surrogate, 55, 33.0, 0.71875
surrogate, 55, 28.0, 0.625
surrogate, 55, 27.0, 0.4375
surrogate, 55, 27.0, 0.4375
surrogate, 55, 27.0, 0.4375
surrogate, 55, 27.0, 0.4375
surrogate, 55, 27.0, 0.4375
surrogate, 55, 27.0, 0.4375
surrogate, 55, 27.0, 0.4375
surrogate, 55, 27.0, 0.4375
surrogate, 55, 27.0, 0.4375
surrogate, 55, 27.0, 0.4375
surrogate, 55, 27.0, 0.4375
surrogate, 55, 26.0, 0.375
surrogate, 55, 26.0, 0.375
surrogate, 55, 26.0, 0.375
surrogate, 55, 25.0, 0.34375
surrogate, 55, 25.0, 0.34375
surrogate, 55, 25.0, 0.34375
surrogate, 55, 25.0, 0.34375
surrogate, 55, 25.0, 0.34375
surrogate, 55, 25.0, 0.34375
surrogate, 55, 25.0, 0.34375
surrogate, 55, 25.0, 0.34375
surrogate, 55, 25.0, 0.34375
surrogate, 55, 25.0, 0.34375
surrogate, 55, 25.0, 0.34375
surrogate, 55, 25.0, 0.34375
surrogate, 55, 25.0, 0.34375
surrogate, 55, 25.0, 0.34375
surrogate, 55, 25.0, 0.34375
surrogate, 55, 25.0, 0.34375
surrogate, 55, 25.0, 0.34375
surrogate, 55, 25.0, 0.34375
surrogate, 55, 25.0, 0.34375
surrogate, 55, 25.0, 0.34375
surrogate, 55, 25.0, 0.34375
surrogate, 55, 25.0, 0.34375
surrogate, 55, 25.0, 0.34375
surrogate, 55, 25.0, 0.34375
surrogate, 55, 25.0, 0.34375
surrogate, 55, 23.0, 0.0625
surrogate, 55, 23.0, 0.0625
surrogate, 55, 23.0, 0.0625
surrogate, 55, 23.0, 0.0625
surrogate, 55, 23.0, 0.0625
surrogate, 55, 23.0, 0.0625
surrogate, 55, 23.0, 0.0625
surrogate, 55, 23.0, 0.0625
surrogate, 55, 23.0, 0.0625
surrogate, 55, 23.0, 0.0625
surrogate, 55, 23.0, 0.0625
surrogate, 55, 23.0, 0.0625
surrogate, 55, 23.0, 0.0625
surrogate, 55, 23.0, 0.0625
surrogate, 55, 23.0, 0.0625
surrogate, 55, 23.0, 0.0625
surrogate, 55, 23.0, 0.0625
surrogate, 55, 23.0, 0.0625
surrogate, 55, 23.0, 0.0625
surrogate, 55, 23.0, 0.0625
surrogate, 55, 23.0, 0.0625
surrogate, 55, 23.0, 0.0625
surrogate, 55, 23.0, 0.0625
surrogate, 55, 23.0, 0.0625
surrogate, 55, 23.0, 0.0625
surrogate, 55, 23.0, 0.0625
surrogate, 55, 23.0, 0.0625
surrogate, 55, 23.0, 0.0625
surrogate, 55, 23.0, 0.0625
surrogate, 55, 23.0, 0.0625
surrogate, 56, 35.0, 0.9375
surrogate, 56, 35.0, 0.9375
surrogate, 56, 35.0, 0.9375
surrogate, 56, 33.0, 0.71875
surrogate, 56, 33.0, 0.71875
surrogate, 56, 33.0, 0.71875
surrogate, 56, 33.0, 0.71875
surrogate, 56, 33.0, 0.71875
surrogate, 56, 33.0, 0.71875
surrogate, 56, 28.0, 0.625
surrogate, 56, 27.0, 0.4375
surrogate, 56, 27.0, 0.4375
surrogate, 56, 27.0, 0.4375
surrogate, 56, 27.0, 0.4375
surrogate, 56, 27.0, 0.4375
surrogate, 56, 27.0, 0.4375
surrogate, 56, 27.0, 0.4375
surrogate, 56, 27.0, 0.4375
surrogate, 56, 27.0, 0.4375
surrogate, 56, 27.0, 0.4375
surrogate, 56, 27.0, 0.4375
surrogate, 56, 26.0, 0.375
surrogate, 56, 26.0, 0.375
surrogate, 56, 26.0, 0.375
surrogate, 56, 25.0, 0.34375
surrogate, 56, 25.0, 0.34375
surrogate, 56, 25.0, 0.34375
surrogate, 56, 25.0, 0.34375
surrogate, 56, 25.0, 0.34375
surrogate, 56, 25.0, 0.34375
surrogate, 56, 25.0, 0.34375
surrogate, 56, 25.0, 0.34375
surrogate, 56, 25.0, 0.34375
surrogate, 56, 25.0, 0.34375
surrogate, 56, 25.0, 0.34375
surrogate, 56, 25.0, 0.34375
surrogate, 56, 25.0, 0.34375
surrogate, 56, 25.0, 0.34375
surrogate, 56, 25.0, 0.34375
surrogate, 56, 25.0, 0.34375
surrogate, 56, 25.0, 0.34375
surrogate, 56, 25.0, 0.34375
surrogate, 56, 25.0, 0.34375
surrogate, 56, 25.0, 0.34375
surrogate, 56, 25.0, 0.34375
surrogate, 56, 25.0, 0.34375
surrogate, 56, 25.0, 0.34375
surrogate, 56, 25.0, 0.34375
surrogate, 56, 25.0, 0.34375
surrogate, 56, 23.0, 0.0625
surrogate, 56, 23.0, 0.0625
surrogate, 56, 23.0, 0.0625
surrogate, 56, 23.0, 0.0625
surrogate, 56, 23.0, 0.0625
surrogate, 56, 23.0, 0.0625
surrogate, 56, 23.0, 0.0625
surrogate, 56, 23.0, 0.0625
surrogate, 56, 23.0, 0.0625
surrogate, 56, 23.0, 0.0625
surrogate, 56, 23.0, 0.0625
surrogate, 56, 23.0, 0.0625
surrogate, 56, 23.0, 0.0625
surrogate, 56, 23.0, 0.0625
surrogate, 56, 23.0, 0.0625
surrogate, 56, 23.0, 0.0625
surrogate, 56, 23.0, 0.0625
surrogate, 56, 23.0, 0.0625
surrogate, 56, 23.0, 0.0625
surrogate, 56, 23.0, 0.0625
surrogate, 56, 23.0, 0.0625
surrogate, 56, 23.0, 0.0625
surrogate, 56, 23.0, 0.0625
surrogate, 56, 23.0, 0.0625
surrogate, 56, 23.0, 0.0625
surrogate, 56, 23.0, 0.0625
surrogate, 56, 23.0, 0.0625
surrogate, 56, 23.0, 0.0625
surrogate, 56, 23.0, 0.0625
surrogate, 56, 23.0, 0.0625
surrogate, 57, 35.0, 0.9375
surrogate, 57, 35.0, 0.9375
surrogate, 57, 35.0, 0.9375
surrogate, 57, 33.0, 0.71875
surrogate, 57, 33.0, 0.71875
surrogate, 57, 33.0, 0.71875
surrogate, 57, 33.0, 0.71875
surrogate, 57, 33.0, 0.71875
surrogate, 57, 33.0, 0.71875
surrogate, 57, 28.0, 0.625
surrogate, 57, 27.0, 0.4375
surrogate, 57, 27.0, 0.4375
surrogate, 57, 27.0, 0.4375
surrogate, 57, 27.0, 0.4375
surrogate, 57, 27.0, 0.4375
surrogate, 57, 27.0, 0.4375
surrogate, 57, 27.0, 0.4375
surrogate, 57, 27.0, 0.4375
surrogate, 57, 27.0, 0.4375
surrogate, 57, 27.0, 0.4375
surrogate, 57, 27.0, 0.4375
surrogate, 57, 26.0, 0.375
surrogate, 57, 26.0, 0.375
surrogate, 57, 26.0, 0.375
surrogate, 57, 25.0, 0.34375
surrogate, 57, 25.0, 0.34375
surrogate, 57, 25.0, 0.34375
surrogate, 57, 25.0, 0.34375
surrogate, 57, 25.0, 0.34375
surrogate, 57, 25.0, 0.34375
surrogate, 57, 25.0, 0.34375
surrogate, 57, 25.0, 0.34375
surrogate, 57, 25.0, 0.34375
surrogate, 57, 25.0, 0.34375
surrogate, 57, 25.0, 0.34375
surrogate, 57, 25.0, 0.34375
surrogate, 57, 25.0, 0.34375
surrogate, 57, 25.0, 0.34375
surrogate, 57, 25.0, 0.34375
surrogate, 57, 25.0, 0.34375
surrogate, 57, 25.0, 0.34375
surrogate, 57, 25.0, 0.34375
surrogate, 57, 25.0, 0.34375
surrogate, 57, 25.0, 0.34375
surrogate, 57, 25.0, 0.34375
surrogate, 57, 25.0, 0.34375
surrogate, 57, 25.0, 0.34375
surrogate, 57, 25.0, 0.34375
surrogate, 57, 25.0, 0.34375
surrogate, 57, 23.0, 0.0625
surrogate, 57, 23.0, 0.0625
surrogate, 57, 23.0, 0.0625
surrogate, 57, 23.0, 0.0625
surrogate, 57, 23.0, 0.0625
surrogate, 57, 23.0, 0.0625
surrogate, 57, 23.0, 0.0625
surrogate, 57, 23.0, 0.0625
surrogate, 57, 23.0, 0.0625
surrogate, 57, 23.0, 0.0625
surrogate, 57, 23.0, 0.0625
surrogate, 57, 23.0, 0.0625
surrogate, 57, 23.0, 0.0625
surrogate, 57, 23.0, 0.0625
surrogate, 57, 23.0, 0.0625
surrogate, 57, 23.0, 0.0625
surrogate, 57, 23.0, 0.0625
surrogate, 57, 23.0, 0.0625
surrogate, 57, 23.0, 0.0625
surrogate, 57, 23.0, 0.0625
surrogate, 57, 23.0, 0.0625
surrogate, 57, 23.0, 0.0625
surrogate, 57, 23.0, 0.0625
surrogate, 57, 23.0, 0.0625
surrogate, 57, 23.0, 0.0625
surrogate, 57, 23.0, 0.0625
surrogate, 57, 23.0, 0.0625
surrogate, 57, 23.0, 0.0625
surrogate, 57, 23.0, 0.0625
surrogate, 57, 23.0, 0.0625
surrogate, 58, 35.0, 0.9375
surrogate, 58, 35.0, 0.9375
surrogate, 58, 35.0, 0.9375
surrogate, 58, 33.0, 0.71875
surrogate, 58, 33.0, 0.71875
surrogate, 58, 33.0, 0.71875
surrogate, 58, 33.0, 0.71875
surrogate, 58, 33.0, 0.71875
surrogate, 58, 33.0, 0.71875
surrogate, 58, 33.0, 0.71875
surrogate, 58, 28.0, 0.625
surrogate, 58, 27.0, 0.4375
surrogate, 58, 27.0, 0.4375
surrogate, 58, 27.0, 0.4375
surrogate, 58, 27.0, 0.4375
surrogate, 58, 27.0, 0.4375
surrogate, 58, 27.0, 0.4375
surrogate, 58, 27.0, 0.4375
surrogate, 58, 27.0, 0.4375
surrogate, 58, 27.0, 0.4375
surrogate, 58, 27.0, 0.4375
surrogate, 58, 27.0, 0.4375
surrogate, 58, 26.0, 0.375
surrogate, 58, 26.0, 0.375
surrogate, 58, 26.0, 0.375
surrogate, 58, 25.0, 0.34375
surrogate, 58, 25.0, 0.34375
surrogate, 58, 25.0, 0.34375
surrogate, 58, 25.0, 0.34375
surrogate, 58, 25.0, 0.34375
surrogate, 58, 25.0, 0.34375
surrogate, 58, 25.0, 0.34375
surrogate, 58, 25.0, 0.34375
surrogate, 58, 25.0, 0.34375
surrogate, 58, 25.0, 0.34375
surrogate, 58, 25.0, 0.34375
surrogate, 58, 25.0, 0.34375
surrogate, 58, 25.0, 0.34375
surrogate, 58, 25.0, 0.34375
surrogate, 58, 25.0, 0.34375
surrogate, 58, 25.0, 0.34375
surrogate, 58, 25.0, 0.34375
surrogate, 58, 25.0, 0.34375
surrogate, 58, 25.0, 0.34375
surrogate, 58, 25.0, 0.34375
surrogate, 58, 25.0, 0.34375
surrogate, 58, 25.0, 0.34375
surrogate, 58, 25.0, 0.34375
surrogate, 58, 25.0, 0.34375
surrogate, 58, 25.0, 0.34375
surrogate, 58, 25.0, 0.34375
surrogate, 58, 23.0, 0.0625
surrogate, 58, 23.0, 0.0625
surrogate, 58, 23.0, 0.0625
surrogate, 58, 23.0, 0.0625
surrogate, 58, 23.0, 0.0625
surrogate, 58, 23.0, 0.0625
surrogate, 58, 23.0, 0.0625
surrogate, 58, 23.0, 0.0625
surrogate, 58, 23.0, 0.0625
surrogate, 58, 23.0, 0.0625
surrogate, 58, 23.0, 0.0625
surrogate, 58, 23.0, 0.0625
surrogate, 58, 23.0, 0.0625
surrogate, 58, 23.0, 0.0625
surrogate, 58, 23.0, 0.0625
surrogate, 58, 23.0, 0.0625
surrogate, 58, 23.0, 0.0625
surrogate, 58, 23.0, 0.0625
surrogate, 58, 23.0, 0.0625
surrogate, 58, 23.0, 0.0625
surrogate, 58, 23.0, 0.0625
surrogate, 58, 23.0, 0.0625
surrogate, 58, 23.0, 0.0625
surrogate, 58, 23.0, 0.0625
surrogate, 58, 23.0, 0.0625
surrogate, 58, 23.0, 0.0625
surrogate, 58, 23.0, 0.0625
surrogate, 58, 23.0, 0.0625
surrogate, 58, 23.0, 0.0625
surrogate, 58, 23.0, 0.0625
surrogate, 59, 35.0, 0.9375
surrogate, 59, 35.0, 0.9375
surrogate, 59, 35.0, 0.9375
surrogate, 59, 33.0, 0.71875
surrogate, 59, 33.0, 0.71875
surrogate, 59, 33.0, 0.71875
surrogate, 59, 33.0, 0.71875
surrogate, 59, 33.0, 0.71875
surrogate, 59, 33.0, 0.71875
surrogate, 59, 33.0, 0.71875
surrogate, 59, 33.0, 0.71875
surrogate, 59, 28.0, 0.625
surrogate, 59, 27.0, 0.4375
surrogate, 59, 27.0, 0.4375
surrogate, 59, 27.0, 0.4375
surrogate, 59, 27.0, 0.4375
surrogate, 59, 27.0, 0.4375
surrogate, 59, 27.0, 0.4375
surrogate, 59, 27.0, 0.4375
surrogate, 59, 27.0, 0.4375
surrogate, 59, 27.0, 0.4375
surrogate, 59, 27.0, 0.4375
surrogate, 59, 27.0, 0.4375
surrogate, 59, 26.0, 0.375
surrogate, 59, 26.0, 0.375
surrogate, 59, 26.0, 0.375
surrogate, 59, 25.0, 0.34375
surrogate, 59, 25.0, 0.34375
surrogate, 59, 25.0, 0.34375
surrogate, 59, 25.0, 0.34375
surrogate, 59, 25.0, 0.34375
surrogate, 59, 25.0, 0.34375
surrogate, 59, 25.0, 0.34375
surrogate, 59, 25.0, 0.34375
surrogate, 59, 25.0, 0.34375
surrogate, 59, 25.0, 0.34375
surrogate, 59, 25.0, 0.34375
surrogate, 59, 25.0, 0.34375
surrogate, 59, 25.0, 0.34375
surrogate, 59, 25.0, 0.34375
surrogate, 59, 25.0, 0.34375
surrogate, 59, 25.0, 0.34375
surrogate, 59, 25.0, 0.34375
surrogate, 59, 25.0, 0.34375
surrogate, 59, 25.0, 0.34375
surrogate, 59, 25.0, 0.34375
surrogate, 59, 25.0, 0.34375
surrogate, 59, 25.0, 0.34375
surrogate, 59, 25.0, 0.34375
surrogate, 59, 25.0, 0.34375
surrogate, 59, 25.0, 0.34375
surrogate, 59, 25.0, 0.34375
surrogate, 59, 23.0, 0.0625
surrogate, 59, 23.0, 0.0625
surrogate, 59, 23.0, 0.0625
surrogate, 59, 23.0, 0.0625
surrogate, 59, 23.0, 0.0625
surrogate, 59, 23.0, 0.0625
surrogate, 59, 23.0, 0.0625
surrogate, 59, 23.0, 0.0625
surrogate, 59, 23.0, 0.0625
surrogate, 59, 23.0, 0.0625
surrogate, 59, 23.0, 0.0625
surrogate, 59, 23.0, 0.0625
surrogate, 59, 23.0, 0.0625
surrogate, 59, 23.0, 0.0625
surrogate, 59, 23.0, 0.0625
surrogate, 59, 23.0, 0.0625
surrogate, 59, 23.0, 0.0625
surrogate, 59, 23.0, 0.0625
surrogate, 59, 23.0, 0.0625
surrogate, 59, 23.0, 0.0625
surrogate, 59, 23.0, 0.0625
surrogate, 59, 23.0, 0.0625
surrogate, 59, 23.0, 0.0625
surrogate, 59, 23.0, 0.0625
surrogate, 59, 23.0, 0.0625
surrogate, 59, 23.0, 0.0625
surrogate, 59, 23.0, 0.0625
surrogate, 59, 23.0, 0.0625
surrogate, 59, 23.0, 0.0625
surrogate, 59, 23.0, 0.0625
surrogate, 59, 23.0, 0.0625
surrogate, 60, 35.0, 0.9375
surrogate, 60, 35.0, 0.9375
surrogate, 60, 35.0, 0.9375
surrogate, 60, 33.0, 0.71875
surrogate, 60, 33.0, 0.71875
surrogate, 60, 33.0, 0.71875
surrogate, 60, 33.0, 0.71875
surrogate, 60, 33.0, 0.71875
surrogate, 60, 33.0, 0.71875
surrogate, 60, 33.0, 0.71875
surrogate, 60, 33.0, 0.71875
surrogate, 60, 28.0, 0.625
surrogate, 60, 27.0, 0.4375
surrogate, 60, 27.0, 0.4375
surrogate, 60, 27.0, 0.4375
surrogate, 60, 27.0, 0.4375
surrogate, 60, 27.0, 0.4375
surrogate, 60, 27.0, 0.4375
surrogate, 60, 27.0, 0.4375
surrogate, 60, 27.0, 0.4375
surrogate, 60, 27.0, 0.4375
surrogate, 60, 27.0, 0.4375
surrogate, 60, 27.0, 0.4375
surrogate, 60, 27.0, 0.4375
surrogate, 60, 26.0, 0.375
surrogate, 60, 26.0, 0.375
surrogate, 60, 26.0, 0.375
surrogate, 60, 25.0, 0.34375
surrogate, 60, 25.0, 0.34375
surrogate, 60, 25.0, 0.34375
surrogate, 60, 25.0, 0.34375
surrogate, 60, 25.0, 0.34375
surrogate, 60, 25.0, 0.34375
surrogate, 60, 25.0, 0.34375
surrogate, 60, 25.0, 0.34375
surrogate, 60, 25.0, 0.34375
surrogate, 60, 25.0, 0.34375
surrogate, 60, 25.0, 0.34375
surrogate, 60, 25.0, 0.34375
surrogate, 60, 25.0, 0.34375
surrogate, 60, 25.0, 0.34375
surrogate, 60, 25.0, 0.34375
surrogate, 60, 25.0, 0.34375
surrogate, 60, 25.0, 0.34375
surrogate, 60, 25.0, 0.34375
surrogate, 60, 25.0, 0.34375
surrogate, 60, 25.0, 0.34375
surrogate, 60, 25.0, 0.34375
surrogate, 60, 25.0, 0.34375
surrogate, 60, 25.0, 0.34375
surrogate, 60, 25.0, 0.34375
surrogate, 60, 25.0, 0.34375
surrogate, 60, 25.0, 0.34375
surrogate, 60, 25.0, 0.34375
surrogate, 60, 23.0, 0.0625
surrogate, 60, 23.0, 0.0625
surrogate, 60, 23.0, 0.0625
surrogate, 60, 23.0, 0.0625
surrogate, 60, 23.0, 0.0625
surrogate, 60, 23.0, 0.0625
surrogate, 60, 23.0, 0.0625
surrogate, 60, 23.0, 0.0625
surrogate, 60, 23.0, 0.0625
surrogate, 60, 23.0, 0.0625
surrogate, 60, 23.0, 0.0625
surrogate, 60, 23.0, 0.0625
surrogate, 60, 23.0, 0.0625
surrogate, 60, 23.0, 0.0625
surrogate, 60, 23.0, 0.0625
surrogate, 60, 23.0, 0.0625
surrogate, 60, 23.0, 0.0625
surrogate, 60, 23.0, 0.0625
surrogate, 60, 23.0, 0.0625
surrogate, 60, 23.0, 0.0625
surrogate, 60, 23.0, 0.0625
surrogate, 60, 23.0, 0.0625
surrogate, 60, 23.0, 0.0625
surrogate, 60, 23.0, 0.0625
surrogate, 60, 23.0, 0.0625
surrogate, 60, 23.0, 0.0625
surrogate, 60, 23.0, 0.0625
surrogate, 60, 23.0, 0.0625
surrogate, 60, 23.0, 0.0625
surrogate, 60, 23.0, 0.0625
surrogate, 60, 23.0, 0.0625
surrogate, 60, 23.0, 0.0625
surrogate, 61, 35.0, 0.9375
surrogate, 61, 35.0, 0.9375
surrogate, 61, 35.0, 0.9375
surrogate, 61, 33.0, 0.71875
surrogate, 61, 33.0, 0.71875
surrogate, 61, 33.0, 0.71875
surrogate, 61, 33.0, 0.71875
surrogate, 61, 33.0, 0.71875
surrogate, 61, 33.0, 0.71875
surrogate, 61, 33.0, 0.71875
surrogate, 61, 33.0, 0.71875
surrogate, 61, 28.0, 0.625
surrogate, 61, 27.0, 0.4375
surrogate, 61, 27.0, 0.4375
surrogate, 61, 27.0, 0.4375
surrogate, 61, 27.0, 0.4375
surrogate, 61, 27.0, 0.4375
surrogate, 61, 27.0, 0.4375
surrogate, 61, 27.0, 0.4375
surrogate, 61, 27.0, 0.4375
surrogate, 61, 27.0, 0.4375
surrogate, 61, 27.0, 0.4375
surrogate, 61, 27.0, 0.4375
surrogate, 61, 27.0, 0.4375
surrogate, 61, 26.0, 0.375
surrogate, 61, 26.0, 0.375
surrogate, 61, 26.0, 0.375
surrogate, 61, 25.0, 0.34375
surrogate, 61, 25.0, 0.34375
surrogate, 61, 25.0, 0.34375
surrogate, 61, 25.0, 0.34375
surrogate, 61, 25.0, 0.34375
surrogate, 61, 25.0, 0.34375
surrogate, 61, 25.0, 0.34375
surrogate, 61, 25.0, 0.34375
surrogate, 61, 25.0, 0.34375
surrogate, 61, 25.0, 0.34375
surrogate, 61, 25.0, 0.34375
surrogate, 61, 25.0, 0.34375
surrogate, 61, 25.0, 0.34375
surrogate, 61, 25.0, 0.34375
surrogate, 61, 25.0, 0.34375
surrogate, 61, 25.0, 0.34375
surrogate, 61, 25.0, 0.34375
surrogate, 61, 25.0, 0.34375
surrogate, 61, 25.0, 0.34375
surrogate, 61, 25.0, 0.34375
surrogate, 61, 25.0, 0.34375
surrogate, 61, 25.0, 0.34375
surrogate, 61, 25.0, 0.34375
surrogate, 61, 25.0, 0.34375
surrogate, 61, 25.0, 0.34375
surrogate, 61, 25.0, 0.34375
surrogate, 61, 25.0, 0.34375
surrogate, 61, 25.0, 0.34375
surrogate, 61, 23.0, 0.0625
surrogate, 61, 23.0, 0.0625
surrogate, 61, 23.0, 0.0625
surrogate, 61, 23.0, 0.0625
surrogate, 61, 23.0, 0.0625
surrogate, 61, 23.0, 0.0625
surrogate, 61, 23.0, 0.0625
surrogate, 61, 23.0, 0.0625
surrogate, 61, 23.0, 0.0625
surrogate, 61, 23.0, 0.0625
surrogate, 61, 23.0, 0.0625
surrogate, 61, 23.0, 0.0625
surrogate, 61, 23.0, 0.0625
surrogate, 61, 23.0, 0.0625
surrogate, 61, 23.0, 0.0625
surrogate, 61, 23.0, 0.0625
surrogate, 61, 23.0, 0.0625
surrogate, 61, 23.0, 0.0625
surrogate, 61, 23.0, 0.0625
surrogate, 61, 23.0, 0.0625
surrogate, 61, 23.0, 0.0625
surrogate, 61, 23.0, 0.0625
surrogate, 61, 23.0, 0.0625
surrogate, 61, 23.0, 0.0625
surrogate, 61, 23.0, 0.0625
surrogate, 61, 23.0, 0.0625
surrogate, 61, 23.0, 0.0625
surrogate, 61, 23.0, 0.0625
surrogate, 61, 23.0, 0.0625
surrogate, 61, 23.0, 0.0625
surrogate, 61, 23.0, 0.0625
surrogate, 61, 23.0, 0.0625
surrogate, 62, 35.0, 0.9375
surrogate, 62, 35.0, 0.9375
surrogate, 62, 35.0, 0.9375
surrogate, 62, 33.0, 0.71875
surrogate, 62, 33.0, 0.71875
surrogate, 62, 33.0, 0.71875
surrogate, 62, 33.0, 0.71875
surrogate, 62, 33.0, 0.71875
surrogate, 62, 33.0, 0.71875
surrogate, 62, 33.0, 0.71875
surrogate, 62, 33.0, 0.71875
surrogate, 62, 28.0, 0.625
surrogate, 62, 27.0, 0.4375
surrogate, 62, 27.0, 0.4375
surrogate, 62, 27.0, 0.4375
surrogate, 62, 27.0, 0.4375
surrogate, 62, 27.0, 0.4375
surrogate, 62, 27.0, 0.4375
surrogate, 62, 27.0, 0.4375
surrogate, 62, 27.0, 0.4375
surrogate, 62, 27.0, 0.4375
surrogate, 62, 27.0, 0.4375
surrogate, 62, 27.0, 0.4375
surrogate, 62, 27.0, 0.4375
surrogate, 62, 26.0, 0.375
surrogate, 62, 26.0, 0.375
surrogate, 62, 26.0, 0.375
surrogate, 62, 26.0, 0.375
surrogate, 62, 25.0, 0.34375
surrogate, 62, 25.0, 0.34375
surrogate, 62, 25.0, 0.34375
surrogate, 62, 25.0, 0.34375
surrogate, 62, 25.0, 0.34375
surrogate, 62, 25.0, 0.34375
surrogate, 62, 25.0, 0.34375
surrogate, 62, 25.0, 0.34375
surrogate, 62, 25.0, 0.34375
surrogate, 62, 25.0, 0.34375
surrogate, 62, 25.0, 0.34375
surrogate, 62, 25.0, 0.34375
surrogate, 62, 25.0, 0.34375
surrogate, 62, 25.0, 0.34375
surrogate, 62, 25.0, 0.34375
surrogate, 62, 25.0, 0.34375
surrogate, 62, 25.0, 0.34375
surrogate, 62, 25.0, 0.34375
surrogate, 62, 25.0, 0.34375
surrogate, 62, 25.0, 0.34375
surrogate, 62, 25.0, 0.34375
surrogate, 62, 25.0, 0.34375
surrogate, 62, 25.0, 0.34375
surrogate, 62, 25.0, 0.34375
surrogate, 62, 25.0, 0.34375
surrogate, 62, 25.0, 0.34375
surrogate, 62, 25.0, 0.34375
surrogate, 62, 25.0, 0.34375
surrogate, 62, 23.0, 0.0625
surrogate, 62, 23.0, 0.0625
surrogate, 62, 23.0, 0.0625
surrogate, 62, 23.0, 0.0625
surrogate, 62, 23.0, 0.0625
surrogate, 62, 23.0, 0.0625
surrogate, 62, 23.0, 0.0625
surrogate, 62, 23.0, 0.0625
surrogate, 62, 23.0, 0.0625
surrogate, 62, 23.0, 0.0625
surrogate, 62, 23.0, 0.0625
surrogate, 62, 23.0, 0.0625
surrogate, 62, 23.0, 0.0625
surrogate, 62, 23.0, 0.0625
surrogate, 62, 23.0, 0.0625
surrogate, 62, 23.0, 0.0625
surrogate, 62, 23.0, 0.0625
surrogate, 62, 23.0, 0.0625
surrogate, 62, 23.0, 0.0625
surrogate, 62, 23.0, 0.0625
surrogate, 62, 23.0, 0.0625
surrogate, 62, 23.0, 0.0625
surrogate, 62, 23.0, 0.0625
surrogate, 62, 23.0, 0.0625
surrogate, 62, 23.0, 0.0625
surrogate, 62, 23.0, 0.0625
surrogate, 62, 23.0, 0.0625
surrogate, 62, 23.0, 0.0625
surrogate, 62, 23.0, 0.0625
surrogate, 62, 23.0, 0.0625
surrogate, 62, 23.0, 0.0625
surrogate, 62, 23.0, 0.0625
surrogate, 63, 35.0, 0.9375
surrogate, 63, 35.0, 0.9375
surrogate, 63, 35.0, 0.9375
surrogate, 63, 33.0, 0.71875
surrogate, 63, 33.0, 0.71875
surrogate, 63, 33.0, 0.71875
surrogate, 63, 33.0, 0.71875
surrogate, 63, 33.0, 0.71875
surrogate, 63, 33.0, 0.71875
surrogate, 63, 33.0, 0.71875
surrogate, 63, 33.0, 0.71875
surrogate, 63, 28.0, 0.625
surrogate, 63, 27.0, 0.4375
surrogate, 63, 27.0, 0.4375
surrogate, 63, 27.0, 0.4375
surrogate, 63, 27.0, 0.4375
surrogate, 63, 27.0, 0.4375
surrogate, 63, 27.0, 0.4375
surrogate, 63, 27.0, 0.4375
surrogate, 63, 27.0, 0.4375
surrogate, 63, 27.0, 0.4375
surrogate, 63, 27.0, 0.4375
surrogate, 63, 27.0, 0.4375
surrogate, 63, 27.0, 0.4375
surrogate, 63, 27.0, 0.4375
surrogate, 63, 26.0, 0.375
surrogate, 63, 26.0, 0.375
surrogate, 63, 26.0, 0.375
surrogate, 63, 26.0, 0.375
surrogate, 63, 25.0, 0.34375
surrogate, 63, 25.0, 0.34375
surrogate, 63, 25.0, 0.34375
surrogate, 63, 25.0, 0.34375
surrogate, 63, 25.0, 0.34375
surrogate, 63, 25.0, 0.34375
surrogate, 63, 25.0, 0.34375
surrogate, 63, 25.0, 0.34375
surrogate, 63, 25.0, 0.34375
surrogate, 63, 25.0, 0.34375
surrogate, 63, 25.0, 0.34375
surrogate, 63, 25.0, 0.34375
surrogate, 63, 25.0, 0.34375
surrogate, 63, 25.0, 0.34375
surrogate, 63, 25.0, 0.34375
surrogate, 63, 25.0, 0.34375
surrogate, 63, 25.0, 0.34375
surrogate, 63, 25.0, 0.34375
surrogate, 63, 25.0, 0.34375
surrogate, 63, 25.0, 0.34375
surrogate, 63, 25.0, 0.34375
surrogate, 63, 25.0, 0.34375
surrogate, 63, 25.0, 0.34375
surrogate, 63, 25.0, 0.34375
surrogate, 63, 25.0, 0.34375
surrogate, 63, 25.0, 0.34375
surrogate, 63, 25.0, 0.34375
surrogate, 63, 25.0, 0.34375
surrogate, 63, 25.0, 0.34375
surrogate, 63, 23.0, 0.0625
surrogate, 63, 23.0, 0.0625
surrogate, 63, 23.0, 0.0625
surrogate, 63, 23.0, 0.0625
surrogate, 63, 23.0, 0.0625
surrogate, 63, 23.0, 0.0625
surrogate, 63, 23.0, 0.0625
surrogate, 63, 23.0, 0.0625
surrogate, 63, 23.0, 0.0625
surrogate, 63, 23.0, 0.0625
surrogate, 63, 23.0, 0.0625
surrogate, 63, 23.0, 0.0625
surrogate, 63, 23.0, 0.0625
surrogate, 63, 23.0, 0.0625
surrogate, 63, 23.0, 0.0625
surrogate, 63, 23.0, 0.0625
surrogate, 63, 23.0, 0.0625
surrogate, 63, 23.0, 0.0625
surrogate, 63, 23.0, 0.0625
surrogate, 63, 23.0, 0.0625
surrogate, 63, 23.0, 0.0625
surrogate, 63, 23.0, 0.0625
surrogate, 63, 23.0, 0.0625
surrogate, 63, 23.0, 0.0625
surrogate, 63, 23.0, 0.0625
surrogate, 63, 23.0, 0.0625
surrogate, 63, 23.0, 0.0625
surrogate, 63, 23.0, 0.0625
surrogate, 63, 23.0, 0.0625
surrogate, 63, 23.0, 0.0625
surrogate, 63, 23.0, 0.0625
surrogate, 63, 23.0, 0.0625
surrogate, 63, 23.0, 0.0625
surrogate, 64, 35.0, 0.9375
surrogate, 64, 35.0, 0.9375
surrogate, 64, 35.0, 0.9375
surrogate, 64, 33.0, 0.71875
surrogate, 64, 33.0, 0.71875
surrogate, 64, 33.0, 0.71875
surrogate, 64, 33.0, 0.71875
surrogate, 64, 33.0, 0.71875
surrogate, 64, 33.0, 0.71875
surrogate, 64, 33.0, 0.71875
surrogate, 64, 33.0, 0.71875
surrogate, 64, 33.0, 0.71875
surrogate, 64, 28.0, 0.625
surrogate, 64, 27.0, 0.4375
surrogate, 64, 27.0, 0.4375
surrogate, 64, 27.0, 0.4375
surrogate, 64, 27.0, 0.4375
surrogate, 64, 27.0, 0.4375
surrogate, 64, 27.0, 0.4375
surrogate, 64, 27.0, 0.4375
surrogate, 64, 27.0, 0.4375
surrogate, 64, 27.0, 0.4375
surrogate, 64, 27.0, 0.4375
surrogate, 64, 27.0, 0.4375
surrogate, 64, 27.0, 0.4375
surrogate, 64, 27.0, 0.4375
surrogate, 64, 26.0, 0.375
surrogate, 64, 26.0, 0.375
surrogate, 64, 26.0, 0.375
surrogate, 64, 26.0, 0.375
surrogate, 64, 25.0, 0.34375
surrogate, 64, 25.0, 0.34375
surrogate, 64, 25.0, 0.34375
surrogate, 64, 25.0, 0.34375
surrogate, 64, 25.0, 0.34375
surrogate, 64, 25.0, 0.34375
surrogate, 64, 25.0, 0.34375
surrogate, 64, 25.0, 0.34375
surrogate, 64, 25.0, 0.34375
surrogate, 64, 25.0, 0.34375
surrogate, 64, 25.0, 0.34375
surrogate, 64, 25.0, 0.34375
surrogate, 64, 25.0, 0.34375
surrogate, 64, 25.0, 0.34375
surrogate, 64, 25.0, 0.34375
surrogate, 64, 25.0, 0.34375
surrogate, 64, 25.0, 0.34375
surrogate, 64, 25.0, 0.34375
surrogate, 64, 25.0, 0.34375
surrogate, 64, 25.0, 0.34375
surrogate, 64, 25.0, 0.34375
surrogate, 64, 25.0, 0.34375
surrogate, 64, 25.0, 0.34375
surrogate, 64, 25.0, 0.34375
surrogate, 64, 25.0, 0.34375
surrogate, 64, 25.0, 0.34375
surrogate, 64, 25.0, 0.34375
surrogate, 64, 25.0, 0.34375
surrogate, 64, 25.0, 0.34375
surrogate, 64, 25.0, 0.34375
surrogate, 64, 23.0, 0.0625
surrogate, 64, 23.0, 0.0625
surrogate, 64, 23.0, 0.0625
surrogate, 64, 23.0, 0.0625
surrogate, 64, 23.0, 0.0625
surrogate, 64, 23.0, 0.0625
surrogate, 64, 23.0, 0.0625
surrogate, 64, 23.0, 0.0625
surrogate, 64, 23.0, 0.0625
surrogate, 64, 23.0, 0.0625
surrogate, 64, 23.0, 0.0625
surrogate, 64, 23.0, 0.0625
surrogate, 64, 23.0, 0.0625
surrogate, 64, 23.0, 0.0625
surrogate, 64, 23.0, 0.0625
surrogate, 64, 23.0, 0.0625
surrogate, 64, 23.0, 0.0625
surrogate, 64, 23.0, 0.0625
surrogate, 64, 23.0, 0.0625
surrogate, 64, 23.0, 0.0625
surrogate, 64, 23.0, 0.0625
surrogate, 64, 23.0, 0.0625
surrogate, 64, 23.0, 0.0625
surrogate, 64, 23.0, 0.0625
surrogate, 64, 23.0, 0.0625
surrogate, 64, 23.0, 0.0625
surrogate, 64, 23.0, 0.0625
surrogate, 64, 23.0, 0.0625
surrogate, 64, 23.0, 0.0625
surrogate, 64, 23.0, 0.0625
surrogate, 64, 23.0, 0.0625
surrogate, 64, 23.0, 0.0625
surrogate, 64, 23.0, 0.0625
surrogate, 65, 35.0, 0.9375
surrogate, 65, 35.0, 0.9375
surrogate, 65, 35.0, 0.9375
surrogate, 65, 33.0, 0.71875
surrogate, 65, 33.0, 0.71875
surrogate, 65, 33.0, 0.71875
surrogate, 65, 33.0, 0.71875
surrogate, 65, 33.0, 0.71875
surrogate, 65, 33.0, 0.71875
surrogate, 65, 33.0, 0.71875
surrogate, 65, 33.0, 0.71875
surrogate, 65, 33.0, 0.71875
surrogate, 65, 28.0, 0.625
surrogate, 65, 27.0, 0.4375
surrogate, 65, 27.0, 0.4375
surrogate, 65, 27.0, 0.4375
surrogate, 65, 27.0, 0.4375
surrogate, 65, 27.0, 0.4375
surrogate, 65, 27.0, 0.4375
surrogate, 65, 27.0, 0.4375
surrogate, 65, 27.0, 0.4375
surrogate, 65, 27.0, 0.4375
surrogate, 65, 27.0, 0.4375
surrogate, 65, 27.0, 0.4375
surrogate, 65, 27.0, 0.4375
surrogate, 65, 27.0, 0.4375
surrogate, 65, 26.0, 0.375
surrogate, 65, 26.0, 0.375
surrogate, 65, 26.0, 0.375
surrogate, 65, 26.0, 0.375
surrogate, 65, 26.0, 0.375
surrogate, 65, 25.0, 0.34375
surrogate, 65, 25.0, 0.34375
surrogate, 65, 25.0, 0.34375
surrogate, 65, 25.0, 0.34375
surrogate, 65, 25.0, 0.34375
surrogate, 65, 25.0, 0.34375
surrogate, 65, 25.0, 0.34375
surrogate, 65, 25.0, 0.34375
surrogate, 65, 25.0, 0.34375
surrogate, 65, 25.0, 0.34375
surrogate, 65, 25.0, 0.34375
surrogate, 65, 25.0, 0.34375
surrogate, 65, 25.0, 0.34375
surrogate, 65, 25.0, 0.34375
surrogate, 65, 25.0, 0.34375
surrogate, 65, 25.0, 0.34375
surrogate, 65, 25.0, 0.34375
surrogate, 65, 25.0, 0.34375
surrogate, 65, 25.0, 0.34375
surrogate, 65, 25.0, 0.34375
surrogate, 65, 25.0, 0.34375
surrogate, 65, 25.0, 0.34375
surrogate, 65, 25.0, 0.34375
surrogate, 65, 25.0, 0.34375
surrogate, 65, 25.0, 0.34375
surrogate, 65, 25.0, 0.34375
surrogate, 65, 25.0, 0.34375
surrogate, 65, 25.0, 0.34375
surrogate, 65, 25.0, 0.34375
surrogate, 65, 25.0, 0.34375
surrogate, 65, 25.0, 0.34375
surrogate, 65, 23.0, 0.0625
surrogate, 65, 23.0, 0.0625
surrogate, 65, 23.0, 0.0625
surrogate, 65, 23.0, 0.0625
surrogate, 65, 23.0, 0.0625
surrogate, 65, 23.0, 0.0625
surrogate, 65, 23.0, 0.0625
surrogate, 65, 23.0, 0.0625
surrogate, 65, 23.0, 0.0625
surrogate, 65, 23.0, 0.0625
surrogate, 65, 23.0, 0.0625
surrogate, 65, 23.0, 0.0625
surrogate, 65, 23.0, 0.0625
surrogate, 65, 23.0, 0.0625
surrogate, 65, 23.0, 0.0625
surrogate, 65, 23.0, 0.0625
surrogate, 65, 23.0, 0.0625
surrogate, 65, 23.0, 0.0625
surrogate, 65, 23.0, 0.0625
surrogate, 65, 23.0, 0.0625
surrogate, 65, 23.0, 0.0625
surrogate, 65, 23.0, 0.0625
surrogate, 65, 23.0, 0.0625
surrogate, 65, 23.0, 0.0625
surrogate, 65, 23.0, 0.0625
surrogate, 65, 23.0, 0.0625
surrogate, 65, 23.0, 0.0625
surrogate, 65, 23.0, 0.0625
surrogate, 65, 23.0, 0.0625
surrogate, 65, 23.0, 0.0625
surrogate, 65, 23.0, 0.0625
surrogate, 65, 23.0, 0.0625
surrogate, 65, 23.0, 0.0625
surrogate, 66, 35.0, 0.9375
surrogate, 66, 35.0, 0.9375
surrogate, 66, 35.0, 0.9375
surrogate, 66, 33.0, 0.71875
surrogate, 66, 33.0, 0.71875
surrogate, 66, 33.0, 0.71875
surrogate, 66, 33.0, 0.71875
surrogate, 66, 33.0, 0.71875
surrogate, 66, 33.0, 0.71875
surrogate, 66, 33.0, 0.71875
surrogate, 66, 33.0, 0.71875
surrogate, 66, 33.0, 0.71875
surrogate, 66, 33.0, 0.71875
surrogate, 66, 28.0, 0.625
surrogate, 66, 27.0, 0.4375
surrogate, 66, 27.0, 0.4375
surrogate, 66, 27.0, 0.4375
surrogate, 66, 27.0, 0.4375
surrogate, 66, 27.0, 0.4375
surrogate, 66, 27.0, 0.4375
surrogate, 66, 27.0, 0.4375
surrogate, 66, 27.0, 0.4375
surrogate, 66, 27.0, 0.4375
surrogate, 66, 27.0, 0.4375
surrogate, 66, 27.0, 0.4375
surrogate, 66, 27.0, 0.4375
surrogate, 66, 27.0, 0.4375
surrogate, 66, 26.0, 0.375
surrogate, 66, 26.0, 0.375
surrogate, 66, 26.0, 0.375
surrogate, 66, 26.0, 0.375
surrogate, 66, 26.0, 0.375
surrogate, 66, 26.0, 0.375
surrogate, 66, 25.0, 0.34375
surrogate, 66, 25.0, 0.34375
surrogate, 66, 25.0, 0.34375
surrogate, 66, 25.0, 0.34375
surrogate, 66, 25.0, 0.34375
surrogate, 66, 25.0, 0.34375
surrogate, 66, 25.0, 0.34375
surrogate, 66, 25.0, 0.34375
surrogate, 66, 25.0, 0.34375
surrogate, 66, 25.0, 0.34375
surrogate, 66, 25.0, 0.34375
surrogate, 66, 25.0, 0.34375
surrogate, 66, 25.0, 0.34375
surrogate, 66, 25.0, 0.34375
surrogate, 66, 25.0, 0.34375
surrogate, 66, 25.0, 0.34375
surrogate, 66, 25.0, 0.34375
surrogate, 66, 25.0, 0.34375
surrogate, 66, 25.0, 0.34375
surrogate, 66, 25.0, 0.34375
surrogate, 66, 25.0, 0.34375
surrogate, 66, 25.0, 0.34375
surrogate, 66, 25.0, 0.34375
surrogate, 66, 25.0, 0.34375
surrogate, 66, 25.0, 0.34375
surrogate, 66, 25.0, 0.34375
surrogate, 66, 25.0, 0.34375
surrogate, 66, 25.0, 0.34375
surrogate, 66, 25.0, 0.34375
surrogate, 66, 25.0, 0.34375
surrogate, 66, 25.0, 0.34375
surrogate, 66, 25.0, 0.34375
surrogate, 66, 23.0, 0.0625
surrogate, 66, 23.0, 0.0625
surrogate, 66, 23.0, 0.0625
surrogate, 66, 23.0, 0.0625
surrogate, 66, 23.0, 0.0625
surrogate, 66, 23.0, 0.0625
surrogate, 66, 23.0, 0.0625
surrogate, 66, 23.0, 0.0625
surrogate, 66, 23.0, 0.0625
surrogate, 66, 23.0, 0.0625
surrogate, 66, 23.0, 0.0625
surrogate, 66, 23.0, 0.0625
surrogate, 66, 23.0, 0.0625
surrogate, 66, 23.0, 0.0625
surrogate, 66, 23.0, 0.0625
surrogate, 66, 23.0, 0.0625
surrogate, 66, 23.0, 0.0625
surrogate, 66, 23.0, 0.0625
surrogate, 66, 23.0, 0.0625
surrogate, 66, 23.0, 0.0625
surrogate, 66, 23.0, 0.0625
surrogate, 66, 23.0, 0.0625
surrogate, 66, 23.0, 0.0625
surrogate, 66, 23.0, 0.0625
surrogate, 66, 23.0, 0.0625
surrogate, 66, 23.0, 0.0625
surrogate, 66, 23.0, 0.0625
surrogate, 66, 23.0, 0.0625
surrogate, 66, 23.0, 0.0625
surrogate, 66, 23.0, 0.0625
surrogate, 66, 23.0, 0.0625
surrogate, 66, 23.0, 0.0625
surrogate, 66, 23.0, 0.0625
surrogate, 67, 35.0, 0.9375
surrogate, 67, 35.0, 0.9375
surrogate, 67, 35.0, 0.9375
surrogate, 67, 33.0, 0.71875
surrogate, 67, 33.0, 0.71875
surrogate, 67, 33.0, 0.71875
surrogate, 67, 33.0, 0.71875
surrogate, 67, 33.0, 0.71875
surrogate, 67, 33.0, 0.71875
surrogate, 67, 33.0, 0.71875
surrogate, 67, 33.0, 0.71875
surrogate, 67, 33.0, 0.71875
surrogate, 67, 33.0, 0.71875
surrogate, 67, 28.0, 0.625
surrogate, 67, 27.0, 0.4375
surrogate, 67, 27.0, 0.4375
surrogate, 67, 27.0, 0.4375
surrogate, 67, 27.0, 0.4375
surrogate, 67, 27.0, 0.4375
surrogate, 67, 27.0, 0.4375
surrogate, 67, 27.0, 0.4375
surrogate, 67, 27.0, 0.4375
surrogate, 67, 27.0, 0.4375
surrogate, 67, 27.0, 0.4375
surrogate, 67, 27.0, 0.4375
surrogate, 67, 27.0, 0.4375
surrogate, 67, 27.0, 0.4375
surrogate, 67, 27.0, 0.4375
surrogate, 67, 26.0, 0.375
surrogate, 67, 26.0, 0.375
surrogate, 67, 26.0, 0.375
surrogate, 67, 26.0, 0.375
surrogate, 67, 26.0, 0.375
surrogate, 67, 26.0, 0.375
surrogate, 67, 25.0, 0.34375
surrogate, 67, 25.0, 0.34375
surrogate, 67, 25.0, 0.34375
surrogate, 67, 25.0, 0.34375
surrogate, 67, 25.0, 0.34375
surrogate, 67, 25.0, 0.34375
surrogate, 67, 25.0, 0.34375
surrogate, 67, 25.0, 0.34375
surrogate, 67, 25.0, 0.34375
surrogate, 67, 25.0, 0.34375
surrogate, 67, 25.0, 0.34375
surrogate, 67, 25.0, 0.34375
surrogate, 67, 25.0, 0.34375
surrogate, 67, 25.0, 0.34375
surrogate, 67, 25.0, 0.34375
surrogate, 67, 25.0, 0.34375
surrogate, 67, 25.0, 0.34375
surrogate, 67, 25.0, 0.34375
surrogate, 67, 25.0, 0.34375
surrogate, 67, 25.0, 0.34375
surrogate, 67, 25.0, 0.34375
surrogate, 67, 25.0, 0.34375
surrogate, 67, 25.0, 0.34375
surrogate, 67, 25.0, 0.34375
surrogate, 67, 25.0, 0.34375
surrogate, 67, 25.0, 0.34375
surrogate, 67, 25.0, 0.34375
surrogate, 67, 25.0, 0.34375
surrogate, 67, 25.0, 0.34375
surrogate, 67, 25.0, 0.34375
surrogate, 67, 25.0, 0.34375
surrogate, 67, 25.0, 0.34375
surrogate, 67, 23.0, 0.0625
surrogate, 67, 23.0, 0.0625
surrogate, 67, 23.0, 0.0625
surrogate, 67, 23.0, 0.0625
surrogate, 67, 23.0, 0.0625
surrogate, 67, 23.0, 0.0625
surrogate, 67, 23.0, 0.0625
surrogate, 67, 23.0, 0.0625
surrogate, 67, 23.0, 0.0625
surrogate, 67, 23.0, 0.0625
surrogate, 67, 23.0, 0.0625
surrogate, 67, 23.0, 0.0625
surrogate, 67, 23.0, 0.0625
surrogate, 67, 23.0, 0.0625
surrogate, 67, 23.0, 0.0625
surrogate, 67, 23.0, 0.0625
surrogate, 67, 23.0, 0.0625
surrogate, 67, 23.0, 0.0625
surrogate, 67, 23.0, 0.0625
surrogate, 67, 23.0, 0.0625
surrogate, 67, 23.0, 0.0625
surrogate, 67, 23.0, 0.0625
surrogate, 67, 23.0, 0.0625
surrogate, 67, 23.0, 0.0625
surrogate, 67, 23.0, 0.0625
surrogate, 67, 23.0, 0.0625
surrogate, 67, 23.0, 0.0625
surrogate, 67, 23.0, 0.0625
surrogate, 67, 23.0, 0.0625
surrogate, 67, 23.0, 0.0625
surrogate, 67, 23.0, 0.0625
surrogate, 67, 23.0, 0.0625
surrogate, 67, 23.0, 0.0625
surrogate, 68, 35.0, 0.9375
surrogate, 68, 35.0, 0.9375
surrogate, 68, 35.0, 0.9375
surrogate, 68, 33.0, 0.71875
surrogate, 68, 33.0, 0.71875
surrogate, 68, 33.0, 0.71875
surrogate, 68, 33.0, 0.71875
surrogate, 68, 33.0, 0.71875
surrogate, 68, 33.0, 0.71875
surrogate, 68, 33.0, 0.71875
surrogate, 68, 33.0, 0.71875
surrogate, 68, 33.0, 0.71875
surrogate, 68, 33.0, 0.71875
surrogate, 68, 28.0, 0.625
surrogate, 68, 27.0, 0.4375
surrogate, 68, 27.0, 0.4375
surrogate, 68, 27.0, 0.4375
surrogate, 68, 27.0, 0.4375
surrogate, 68, 27.0, 0.4375
surrogate, 68, 27.0, 0.4375
surrogate, 68, 27.0, 0.4375
surrogate, 68, 27.0, 0.4375
surrogate, 68, 27.0, 0.4375
surrogate, 68, 27.0, 0.4375
surrogate, 68, 27.0, 0.4375
surrogate, 68, 27.0, 0.4375
surrogate, 68, 27.0, 0.4375
surrogate, 68, 27.0, 0.4375
surrogate, 68, 26.0, 0.375
surrogate, 68, 26.0, 0.375
surrogate, 68, 26.0, 0.375
surrogate, 68, 26.0, 0.375
surrogate, 68, 26.0, 0.375
surrogate, 68, 26.0, 0.375
surrogate, 68, 25.0, 0.34375
surrogate, 68, 25.0, 0.34375
surrogate, 68, 25.0, 0.34375
surrogate, 68, 25.0, 0.34375
surrogate, 68, 25.0, 0.34375
surrogate, 68, 25.0, 0.34375
surrogate, 68, 25.0, 0.34375
surrogate, 68, 25.0, 0.34375
surrogate, 68, 25.0, 0.34375
surrogate, 68, 25.0, 0.34375
surrogate, 68, 25.0, 0.34375
surrogate, 68, 25.0, 0.34375
surrogate, 68, 25.0, 0.34375
surrogate, 68, 25.0, 0.34375
surrogate, 68, 25.0, 0.34375
surrogate, 68, 25.0, 0.34375
surrogate, 68, 25.0, 0.34375
surrogate, 68, 25.0, 0.34375
surrogate, 68, 25.0, 0.34375
surrogate, 68, 25.0, 0.34375
surrogate, 68, 25.0, 0.34375
surrogate, 68, 25.0, 0.34375
surrogate, 68, 25.0, 0.34375
surrogate, 68, 25.0, 0.34375
surrogate, 68, 25.0, 0.34375
surrogate, 68, 25.0, 0.34375
surrogate, 68, 25.0, 0.34375
surrogate, 68, 25.0, 0.34375
surrogate, 68, 25.0, 0.34375
surrogate, 68, 25.0, 0.34375
surrogate, 68, 25.0, 0.34375
surrogate, 68, 25.0, 0.34375
surrogate, 68, 25.0, 0.34375
surrogate, 68, 23.0, 0.0625
surrogate, 68, 23.0, 0.0625
surrogate, 68, 23.0, 0.0625
surrogate, 68, 23.0, 0.0625
surrogate, 68, 23.0, 0.0625
surrogate, 68, 23.0, 0.0625
surrogate, 68, 23.0, 0.0625
surrogate, 68, 23.0, 0.0625
surrogate, 68, 23.0, 0.0625
surrogate, 68, 23.0, 0.0625
surrogate, 68, 23.0, 0.0625
surrogate, 68, 23.0, 0.0625
surrogate, 68, 23.0, 0.0625
surrogate, 68, 23.0, 0.0625
surrogate, 68, 23.0, 0.0625
surrogate, 68, 23.0, 0.0625
surrogate, 68, 23.0, 0.0625
surrogate, 68, 23.0, 0.0625
surrogate, 68, 23.0, 0.0625
surrogate, 68, 23.0, 0.0625
surrogate, 68, 23.0, 0.0625
surrogate, 68, 23.0, 0.0625
surrogate, 68, 23.0, 0.0625
surrogate, 68, 23.0, 0.0625
surrogate, 68, 23.0, 0.0625
surrogate, 68, 23.0, 0.0625
surrogate, 68, 23.0, 0.0625
surrogate, 68, 23.0, 0.0625
surrogate, 68, 23.0, 0.0625
surrogate, 68, 23.0, 0.0625
surrogate, 68, 23.0, 0.0625
surrogate, 68, 23.0, 0.0625
surrogate, 68, 23.0, 0.0625
surrogate, 69, 35.0, 0.9375
surrogate, 69, 35.0, 0.9375
surrogate, 69, 35.0, 0.9375
surrogate, 69, 33.0, 0.71875
surrogate, 69, 33.0, 0.71875
surrogate, 69, 33.0, 0.71875
surrogate, 69, 33.0, 0.71875
surrogate, 69, 33.0, 0.71875
surrogate, 69, 33.0, 0.71875
surrogate, 69, 33.0, 0.71875
surrogate, 69, 33.0, 0.71875
surrogate, 69, 33.0, 0.71875
surrogate, 69, 33.0, 0.71875
surrogate, 69, 28.0, 0.625
surrogate, 69, 27.0, 0.4375
surrogate, 69, 27.0, 0.4375
surrogate, 69, 27.0, 0.4375
surrogate, 69, 27.0, 0.4375
surrogate, 69, 27.0, 0.4375
surrogate, 69, 27.0, 0.4375
surrogate, 69, 27.0, 0.4375
surrogate, 69, 27.0, 0.4375
surrogate, 69, 27.0, 0.4375
surrogate, 69, 27.0, 0.4375
surrogate, 69, 27.0, 0.4375
surrogate, 69, 27.0, 0.4375
surrogate, 69, 27.0, 0.4375
surrogate, 69, 27.0, 0.4375
surrogate, 69, 27.0, 0.4375
surrogate, 69, 26.0, 0.375
surrogate, 69, 26.0, 0.375
surrogate, 69, 26.0, 0.375
surrogate, 69, 26.0, 0.375
surrogate, 69, 26.0, 0.375
surrogate, 69, 26.0, 0.375
surrogate, 69, 25.0, 0.34375
surrogate, 69, 25.0, 0.34375
surrogate, 69, 25.0, 0.34375
surrogate, 69, 25.0, 0.34375
surrogate, 69, 25.0, 0.34375
surrogate, 69, 25.0, 0.34375
surrogate, 69, 25.0, 0.34375
surrogate, 69, 25.0, 0.34375
surrogate, 69, 25.0, 0.34375
surrogate, 69, 25.0, 0.34375
surrogate, 69, 25.0, 0.34375
surrogate, 69, 25.0, 0.34375
surrogate, 69, 25.0, 0.34375
surrogate, 69, 25.0, 0.34375
surrogate, 69, 25.0, 0.34375
surrogate, 69, 25.0, 0.34375
surrogate, 69, 25.0, 0.34375
surrogate, 69, 25.0, 0.34375
surrogate, 69, 25.0, 0.34375
surrogate, 69, 25.0, 0.34375
surrogate, 69, 25.0, 0.34375
surrogate, 69, 25.0, 0.34375
surrogate, 69, 25.0, 0.34375
surrogate, 69, 25.0, 0.34375
surrogate, 69, 25.0, 0.34375
surrogate, 69, 25.0, 0.34375
surrogate, 69, 25.0, 0.34375
surrogate, 69, 25.0, 0.34375
surrogate, 69, 25.0, 0.34375
surrogate, 69, 25.0, 0.34375
surrogate, 69, 25.0, 0.34375
surrogate, 69, 25.0, 0.34375
surrogate, 69, 25.0, 0.34375
surrogate, 69, 25.0, 0.34375
surrogate, 69, 23.0, 0.0625
surrogate, 69, 23.0, 0.0625
surrogate, 69, 23.0, 0.0625
surrogate, 69, 23.0, 0.0625
surrogate, 69, 23.0, 0.0625
surrogate, 69, 23.0, 0.0625
surrogate, 69, 23.0, 0.0625
surrogate, 69, 23.0, 0.0625
surrogate, 69, 23.0, 0.0625
surrogate, 69, 23.0, 0.0625
surrogate, 69, 23.0, 0.0625
surrogate, 69, 23.0, 0.0625
surrogate, 69, 23.0, 0.0625
surrogate, 69, 23.0, 0.0625
surrogate, 69, 23.0, 0.0625
surrogate, 69, 23.0, 0.0625
surrogate, 69, 23.0, 0.0625
surrogate, 69, 23.0, 0.0625
surrogate, 69, 23.0, 0.0625
surrogate, 69, 23.0, 0.0625
surrogate, 69, 23.0, 0.0625
surrogate, 69, 23.0, 0.0625
surrogate, 69, 23.0, 0.0625
surrogate, 69, 23.0, 0.0625
surrogate, 69, 23.0, 0.0625
surrogate, 69, 23.0, 0.0625
surrogate, 69, 23.0, 0.0625
surrogate, 69, 23.0, 0.0625
surrogate, 69, 23.0, 0.0625
surrogate, 69, 23.0, 0.0625
surrogate, 69, 23.0, 0.0625
surrogate, 69, 23.0, 0.0625
surrogate, 69, 23.0, 0.0625
surrogate, 69, 23.0, 0.0625
surrogate, 70, 35.0, 0.9375
surrogate, 70, 35.0, 0.9375
surrogate, 70, 35.0, 0.9375
surrogate, 70, 33.0, 0.71875
surrogate, 70, 33.0, 0.71875
surrogate, 70, 33.0, 0.71875
surrogate, 70, 33.0, 0.71875
surrogate, 70, 33.0, 0.71875
surrogate, 70, 33.0, 0.71875
surrogate, 70, 33.0, 0.71875
surrogate, 70, 33.0, 0.71875
surrogate, 70, 33.0, 0.71875
surrogate, 70, 33.0, 0.71875
surrogate, 70, 28.0, 0.625
surrogate, 70, 27.0, 0.4375
surrogate, 70, 27.0, 0.4375
surrogate, 70, 27.0, 0.4375
surrogate, 70, 27.0, 0.4375
surrogate, 70, 27.0, 0.4375
surrogate, 70, 27.0, 0.4375
surrogate, 70, 27.0, 0.4375
surrogate, 70, 27.0, 0.4375
surrogate, 70, 27.0, 0.4375
surrogate, 70, 27.0, 0.4375
surrogate, 70, 27.0, 0.4375
surrogate, 70, 27.0, 0.4375
surrogate, 70, 27.0, 0.4375
surrogate, 70, 27.0, 0.4375
surrogate, 70, 27.0, 0.4375
surrogate, 70, 27.0, 0.4375
surrogate, 70, 26.0, 0.375
surrogate, 70, 26.0, 0.375
surrogate, 70, 26.0, 0.375
surrogate, 70, 26.0, 0.375
surrogate, 70, 26.0, 0.375
surrogate, 70, 26.0, 0.375
surrogate, 70, 26.0, 0.375
surrogate, 70, 25.0, 0.34375
surrogate, 70, 25.0, 0.34375
surrogate, 70, 25.0, 0.34375
surrogate, 70, 25.0, 0.34375
surrogate, 70, 25.0, 0.34375
surrogate, 70, 25.0, 0.34375
surrogate, 70, 25.0, 0.34375
surrogate, 70, 25.0, 0.34375
surrogate, 70, 25.0, 0.34375
surrogate, 70, 25.0, 0.34375
surrogate, 70, 25.0, 0.34375
surrogate, 70, 25.0, 0.34375
surrogate, 70, 25.0, 0.34375
surrogate, 70, 25.0, 0.34375
surrogate, 70, 25.0, 0.34375
surrogate, 70, 25.0, 0.34375
surrogate, 70, 25.0, 0.34375
surrogate, 70, 25.0, 0.34375
surrogate, 70, 25.0, 0.34375
surrogate, 70, 25.0, 0.34375
surrogate, 70, 25.0, 0.34375
surrogate, 70, 25.0, 0.34375
surrogate, 70, 25.0, 0.34375
surrogate, 70, 25.0, 0.34375
surrogate, 70, 25.0, 0.34375
surrogate, 70, 25.0, 0.34375
surrogate, 70, 25.0, 0.34375
surrogate, 70, 25.0, 0.34375
surrogate, 70, 25.0, 0.34375
surrogate, 70, 25.0, 0.34375
surrogate, 70, 25.0, 0.34375
surrogate, 70, 25.0, 0.34375
surrogate, 70, 25.0, 0.34375
surrogate, 70, 25.0, 0.34375
surrogate, 70, 25.0, 0.34375
surrogate, 70, 23.0, 0.0625
surrogate, 70, 23.0, 0.0625
surrogate, 70, 23.0, 0.0625
surrogate, 70, 23.0, 0.0625
surrogate, 70, 23.0, 0.0625
surrogate, 70, 23.0, 0.0625
surrogate, 70, 23.0, 0.0625
surrogate, 70, 23.0, 0.0625
surrogate, 70, 23.0, 0.0625
surrogate, 70, 23.0, 0.0625
surrogate, 70, 23.0, 0.0625
surrogate, 70, 23.0, 0.0625
surrogate, 70, 23.0, 0.0625
surrogate, 70, 23.0, 0.0625
surrogate, 70, 23.0, 0.0625
surrogate, 70, 23.0, 0.0625
surrogate, 70, 23.0, 0.0625
surrogate, 70, 23.0, 0.0625
surrogate, 70, 23.0, 0.0625
surrogate, 70, 23.0, 0.0625
surrogate, 70, 23.0, 0.0625
surrogate, 70, 23.0, 0.0625
surrogate, 70, 23.0, 0.0625
surrogate, 70, 23.0, 0.0625
surrogate, 70, 23.0, 0.0625
surrogate, 70, 23.0, 0.0625
surrogate, 70, 23.0, 0.0625
surrogate, 70, 23.0, 0.0625
surrogate, 70, 23.0, 0.0625
surrogate, 70, 23.0, 0.0625
surrogate, 70, 23.0, 0.0625
surrogate, 70, 23.0, 0.0625
surrogate, 70, 23.0, 0.0625
surrogate, 70, 23.0, 0.0625
surrogate, 70, 23.0, 0.0625
surrogate, 71, 35.0, 0.9375
surrogate, 71, 35.0, 0.9375
surrogate, 71, 35.0, 0.9375
surrogate, 71, 33.0, 0.71875
surrogate, 71, 33.0, 0.71875
surrogate, 71, 33.0, 0.71875
surrogate, 71, 33.0, 0.71875
surrogate, 71, 33.0, 0.71875
surrogate, 71, 33.0, 0.71875
surrogate, 71, 33.0, 0.71875
surrogate, 71, 33.0, 0.71875
surrogate, 71, 33.0, 0.71875
surrogate, 71, 33.0, 0.71875
surrogate, 71, 28.0, 0.625
surrogate, 71, 27.0, 0.4375
surrogate, 71, 27.0, 0.4375
surrogate, 71, 27.0, 0.4375
surrogate, 71, 27.0, 0.4375
surrogate, 71, 27.0, 0.4375
surrogate, 71, 27.0, 0.4375
surrogate, 71, 27.0, 0.4375
surrogate, 71, 27.0, 0.4375
surrogate, 71, 27.0, 0.4375
surrogate, 71, 27.0, 0.4375
surrogate, 71, 27.0, 0.4375
surrogate, 71, 27.0, 0.4375
surrogate, 71, 27.0, 0.4375
surrogate, 71, 27.0, 0.4375
surrogate, 71, 27.0, 0.4375
surrogate, 71, 27.0, 0.4375
surrogate, 71, 26.0, 0.375
surrogate, 71, 26.0, 0.375
surrogate, 71, 26.0, 0.375
surrogate, 71, 26.0, 0.375
surrogate, 71, 26.0, 0.375
surrogate, 71, 26.0, 0.375
surrogate, 71, 26.0, 0.375
surrogate, 71, 26.0, 0.375
surrogate, 71, 25.0, 0.34375
surrogate, 71, 25.0, 0.34375
surrogate, 71, 25.0, 0.34375
surrogate, 71, 25.0, 0.34375
surrogate, 71, 25.0, 0.34375
surrogate, 71, 25.0, 0.34375
surrogate, 71, 25.0, 0.34375
surrogate, 71, 25.0, 0.34375
surrogate, 71, 25.0, 0.34375
surrogate, 71, 25.0, 0.34375
surrogate, 71, 25.0, 0.34375
surrogate, 71, 25.0, 0.34375
surrogate, 71, 25.0, 0.34375
surrogate, 71, 25.0, 0.34375
surrogate, 71, 25.0, 0.34375
surrogate, 71, 25.0, 0.34375
surrogate, 71, 25.0, 0.34375
surrogate, 71, 25.0, 0.34375
surrogate, 71, 25.0, 0.34375
surrogate, 71, 25.0, 0.34375
surrogate, 71, 25.0, 0.34375
surrogate, 71, 25.0, 0.34375
surrogate, 71, 25.0, 0.34375
surrogate, 71, 25.0, 0.34375
surrogate, 71, 25.0, 0.34375
surrogate, 71, 25.0, 0.34375
surrogate, 71, 25.0, 0.34375
surrogate, 71, 25.0, 0.34375
surrogate, 71, 25.0, 0.34375
surrogate, 71, 25.0, 0.34375
surrogate, 71, 25.0, 0.34375
surrogate, 71, 25.0, 0.34375
surrogate, 71, 25.0, 0.34375
surrogate, 71, 25.0, 0.34375
surrogate, 71, 25.0, 0.34375
surrogate, 71, 23.0, 0.0625
surrogate, 71, 23.0, 0.0625
surrogate, 71, 23.0, 0.0625
surrogate, 71, 23.0, 0.0625
surrogate, 71, 23.0, 0.0625
surrogate, 71, 23.0, 0.0625
surrogate, 71, 23.0, 0.0625
surrogate, 71, 23.0, 0.0625
surrogate, 71, 23.0, 0.0625
surrogate, 71, 23.0, 0.0625
surrogate, 71, 23.0, 0.0625
surrogate, 71, 23.0, 0.0625
surrogate, 71, 23.0, 0.0625
surrogate, 71, 23.0, 0.0625
surrogate, 71, 23.0, 0.0625
surrogate, 71, 23.0, 0.0625
surrogate, 71, 23.0, 0.0625
surrogate, 71, 23.0, 0.0625
surrogate, 71, 23.0, 0.0625
surrogate, 71, 23.0, 0.0625
surrogate, 71, 23.0, 0.0625
surrogate, 71, 23.0, 0.0625
surrogate, 71, 23.0, 0.0625
surrogate, 71, 23.0, 0.0625
surrogate, 71, 23.0, 0.0625
surrogate, 71, 23.0, 0.0625
surrogate, 71, 23.0, 0.0625
surrogate, 71, 23.0, 0.0625
surrogate, 71, 23.0, 0.0625
surrogate, 71, 23.0, 0.0625
surrogate, 71, 23.0, 0.0625
surrogate, 71, 23.0, 0.0625
surrogate, 71, 23.0, 0.0625
surrogate, 71, 23.0, 0.0625
surrogate, 71, 23.0, 0.0625
surrogate, 72, 35.0, 0.9375
surrogate, 72, 35.0, 0.9375
surrogate, 72, 35.0, 0.9375
surrogate, 72, 33.0, 0.71875
surrogate, 72, 33.0, 0.71875
surrogate, 72, 33.0, 0.71875
surrogate, 72, 33.0, 0.71875
surrogate, 72, 33.0, 0.71875
surrogate, 72, 33.0, 0.71875
surrogate, 72, 33.0, 0.71875
surrogate, 72, 33.0, 0.71875
surrogate, 72, 33.0, 0.71875
surrogate, 72, 33.0, 0.71875
surrogate, 72, 28.0, 0.625
surrogate, 72, 28.0, 0.625
surrogate, 72, 27.0, 0.4375
surrogate, 72, 27.0, 0.4375
surrogate, 72, 27.0, 0.4375
surrogate, 72, 27.0, 0.4375
surrogate, 72, 27.0, 0.4375
surrogate, 72, 27.0, 0.4375
surrogate, 72, 27.0, 0.4375
surrogate, 72, 27.0, 0.4375
surrogate, 72, 27.0, 0.4375
surrogate, 72, 27.0, 0.4375
surrogate, 72, 27.0, 0.4375
surrogate, 72, 27.0, 0.4375
surrogate, 72, 27.0, 0.4375
surrogate, 72, 27.0, 0.4375
surrogate, 72, 27.0, 0.4375
surrogate, 72, 27.0, 0.4375
surrogate, 72, 27.0, 0.4375
surrogate, 72, 26.0, 0.375
surrogate, 72, 26.0, 0.375
surrogate, 72, 26.0, 0.375
surrogate, 72, 26.0, 0.375
surrogate, 72, 26.0, 0.375
surrogate, 72, 26.0, 0.375
surrogate, 72, 26.0, 0.375
surrogate, 72, 26.0, 0.375
surrogate, 72, 25.0, 0.34375
surrogate, 72, 25.0, 0.34375
surrogate, 72, 25.0, 0.34375
surrogate, 72, 25.0, 0.34375
surrogate, 72, 25.0, 0.34375
surrogate, 72, 25.0, 0.34375
surrogate, 72, 25.0, 0.34375
surrogate, 72, 25.0, 0.34375
surrogate, 72, 25.0, 0.34375
surrogate, 72, 25.0, 0.34375
surrogate, 72, 25.0, 0.34375
surrogate, 72, 25.0, 0.34375
surrogate, 72, 25.0, 0.34375
surrogate, 72, 25.0, 0.34375
surrogate, 72, 25.0, 0.34375
surrogate, 72, 25.0, 0.34375
surrogate, 72, 25.0, 0.34375
surrogate, 72, 25.0, 0.34375
surrogate, 72, 25.0, 0.34375
surrogate, 72, 25.0, 0.34375
surrogate, 72, 25.0, 0.34375
surrogate, 72, 25.0, 0.34375
surrogate, 72, 25.0, 0.34375
surrogate, 72, 25.0, 0.34375
surrogate, 72, 25.0, 0.34375
surrogate, 72, 25.0, 0.34375
surrogate, 72, 25.0, 0.34375
surrogate, 72, 25.0, 0.34375
surrogate, 72, 25.0, 0.34375
surrogate, 72, 25.0, 0.34375
surrogate, 72, 25.0, 0.34375
surrogate, 72, 25.0, 0.34375
surrogate, 72, 25.0, 0.34375
surrogate, 72, 25.0, 0.34375
surrogate, 72, 25.0, 0.34375
surrogate, 72, 25.0, 0.34375
surrogate, 72, 23.0, 0.0625
surrogate, 72, 23.0, 0.0625
surrogate, 72, 23.0, 0.0625
surrogate, 72, 23.0, 0.0625
surrogate, 72, 23.0, 0.0625
surrogate, 72, 23.0, 0.0625
surrogate, 72, 23.0, 0.0625
surrogate, 72, 23.0, 0.0625
surrogate, 72, 23.0, 0.0625
surrogate, 72, 23.0, 0.0625
surrogate, 72, 23.0, 0.0625
surrogate, 72, 23.0, 0.0625
surrogate, 72, 23.0, 0.0625
surrogate, 72, 23.0, 0.0625
surrogate, 72, 23.0, 0.0625
surrogate, 72, 23.0, 0.0625
surrogate, 72, 23.0, 0.0625
surrogate, 72, 23.0, 0.0625
surrogate, 72, 23.0, 0.0625
surrogate, 72, 23.0, 0.0625
surrogate, 72, 23.0, 0.0625
surrogate, 72, 23.0, 0.0625
surrogate, 72, 23.0, 0.0625
surrogate, 72, 23.0, 0.0625
surrogate, 72, 23.0, 0.0625
surrogate, 72, 23.0, 0.0625
surrogate, 72, 23.0, 0.0625
surrogate, 72, 23.0, 0.0625
surrogate, 72, 23.0, 0.0625
surrogate, 72, 23.0, 0.0625
surrogate, 72, 23.0, 0.0625
surrogate, 72, 23.0, 0.0625
surrogate, 72, 23.0, 0.0625
surrogate, 72, 23.0, 0.0625
surrogate, 72, 23.0, 0.0625
surrogate, 73, 35.0, 0.9375
surrogate, 73, 35.0, 0.9375
surrogate, 73, 35.0, 0.9375
surrogate, 73, 33.0, 0.71875
surrogate, 73, 33.0, 0.71875
surrogate, 73, 33.0, 0.71875
surrogate, 73, 33.0, 0.71875
surrogate, 73, 33.0, 0.71875
surrogate, 73, 33.0, 0.71875
surrogate, 73, 33.0, 0.71875
surrogate, 73, 33.0, 0.71875
surrogate, 73, 33.0, 0.71875
surrogate, 73, 33.0, 0.71875
surrogate, 73, 33.0, 0.71875
surrogate, 73, 28.0, 0.625
surrogate, 73, 28.0, 0.625
surrogate, 73, 27.0, 0.4375
surrogate, 73, 27.0, 0.4375
surrogate, 73, 27.0, 0.4375
surrogate, 73, 27.0, 0.4375
surrogate, 73, 27.0, 0.4375
surrogate, 73, 27.0, 0.4375
surrogate, 73, 27.0, 0.4375
surrogate, 73, 27.0, 0.4375
surrogate, 73, 27.0, 0.4375
surrogate, 73, 27.0, 0.4375
surrogate, 73, 27.0, 0.4375
surrogate, 73, 27.0, 0.4375
surrogate, 73, 27.0, 0.4375
surrogate, 73, 27.0, 0.4375
surrogate, 73, 27.0, 0.4375
surrogate, 73, 27.0, 0.4375
surrogate, 73, 27.0, 0.4375
surrogate, 73, 27.0, 0.4375
surrogate, 73, 26.0, 0.375
surrogate, 73, 26.0, 0.375
surrogate, 73, 26.0, 0.375
surrogate, 73, 26.0, 0.375
surrogate, 73, 26.0, 0.375
surrogate, 73, 26.0, 0.375
surrogate, 73, 26.0, 0.375
surrogate, 73, 26.0, 0.375
surrogate, 73, 25.0, 0.34375
surrogate, 73, 25.0, 0.34375
surrogate, 73, 25.0, 0.34375
surrogate, 73, 25.0, 0.34375
surrogate, 73, 25.0, 0.34375
surrogate, 73, 25.0, 0.34375
surrogate, 73, 25.0, 0.34375
surrogate, 73, 25.0, 0.34375
surrogate, 73, 25.0, 0.34375
surrogate, 73, 25.0, 0.34375
surrogate, 73, 25.0, 0.34375
surrogate, 73, 25.0, 0.34375
surrogate, 73, 25.0, 0.34375
surrogate, 73, 25.0, 0.34375
surrogate, 73, 25.0, 0.34375
surrogate, 73, 25.0, 0.34375
surrogate, 73, 25.0, 0.34375
surrogate, 73, 25.0, 0.34375
surrogate, 73, 25.0, 0.34375
surrogate, 73, 25.0, 0.34375
surrogate, 73, 25.0, 0.34375
surrogate, 73, 25.0, 0.34375
surrogate, 73, 25.0, 0.34375
surrogate, 73, 25.0, 0.34375
surrogate, 73, 25.0, 0.34375
surrogate, 73, 25.0, 0.34375
surrogate, 73, 25.0, 0.34375
surrogate, 73, 25.0, 0.34375
surrogate, 73, 25.0, 0.34375
surrogate, 73, 25.0, 0.34375
surrogate, 73, 25.0, 0.34375
surrogate, 73, 25.0, 0.34375
surrogate, 73, 25.0, 0.34375
surrogate, 73, 25.0, 0.34375
surrogate, 73, 25.0, 0.34375
surrogate, 73, 25.0, 0.34375
surrogate, 73, 23.0, 0.0625
surrogate, 73, 23.0, 0.0625
surrogate, 73, 23.0, 0.0625
surrogate, 73, 23.0, 0.0625
surrogate, 73, 23.0, 0.0625
surrogate, 73, 23.0, 0.0625
surrogate, 73, 23.0, 0.0625
surrogate, 73, 23.0, 0.0625
surrogate, 73, 23.0, 0.0625
surrogate, 73, 23.0, 0.0625
surrogate, 73, 23.0, 0.0625
surrogate, 73, 23.0, 0.0625
surrogate, 73, 23.0, 0.0625
surrogate, 73, 23.0, 0.0625
surrogate, 73, 23.0, 0.0625
surrogate, 73, 23.0, 0.0625
surrogate, 73, 23.0, 0.0625
surrogate, 73, 23.0, 0.0625
surrogate, 73, 23.0, 0.0625
surrogate, 73, 23.0, 0.0625
surrogate, 73, 23.0, 0.0625
surrogate, 73, 23.0, 0.0625
surrogate, 73, 23.0, 0.0625
surrogate, 73, 23.0, 0.0625
surrogate, 73, 23.0, 0.0625
surrogate, 73, 23.0, 0.0625
surrogate, 73, 23.0, 0.0625
surrogate, 73, 23.0, 0.0625
surrogate, 73, 23.0, 0.0625
surrogate, 73, 23.0, 0.0625
surrogate, 73, 23.0, 0.0625
surrogate, 73, 23.0, 0.0625
surrogate, 73, 23.0, 0.0625
surrogate, 73, 23.0, 0.0625
surrogate, 73, 23.0, 0.0625
surrogate, 74, 37.0, 1.0
surrogate, 74, 35.0, 0.9375
surrogate, 74, 35.0, 0.9375
surrogate, 74, 35.0, 0.9375
surrogate, 74, 33.0, 0.71875
surrogate, 74, 33.0, 0.71875
surrogate, 74, 33.0, 0.71875
surrogate, 74, 33.0, 0.71875
surrogate, 74, 33.0, 0.71875
surrogate, 74, 33.0, 0.71875
surrogate, 74, 33.0, 0.71875
surrogate, 74, 33.0, 0.71875
surrogate, 74, 33.0, 0.71875
surrogate, 74, 33.0, 0.71875
surrogate, 74, 33.0, 0.71875
surrogate, 74, 28.0, 0.625
surrogate, 74, 28.0, 0.625
surrogate, 74, 27.0, 0.4375
surrogate, 74, 27.0, 0.4375
surrogate, 74, 27.0, 0.4375
surrogate, 74, 27.0, 0.4375
surrogate, 74, 27.0, 0.4375
surrogate, 74, 27.0, 0.4375
surrogate, 74, 27.0, 0.4375
surrogate, 74, 27.0, 0.4375
surrogate, 74, 27.0, 0.4375
surrogate, 74, 27.0, 0.4375
surrogate, 74, 27.0, 0.4375
surrogate, 74, 27.0, 0.4375
surrogate, 74, 27.0, 0.4375
surrogate, 74, 27.0, 0.4375
surrogate, 74, 27.0, 0.4375
surrogate, 74, 27.0, 0.4375
surrogate, 74, 27.0, 0.4375
surrogate, 74, 27.0, 0.4375
surrogate, 74, 26.0, 0.375
surrogate, 74, 26.0, 0.375
surrogate, 74, 26.0, 0.375
surrogate, 74, 26.0, 0.375
surrogate, 74, 26.0, 0.375
surrogate, 74, 26.0, 0.375
surrogate, 74, 26.0, 0.375
surrogate, 74, 26.0, 0.375
surrogate, 74, 25.0, 0.34375
surrogate, 74, 25.0, 0.34375
surrogate, 74, 25.0, 0.34375
surrogate, 74, 25.0, 0.34375
surrogate, 74, 25.0, 0.34375
surrogate, 74, 25.0, 0.34375
surrogate, 74, 25.0, 0.34375
surrogate, 74, 25.0, 0.34375
surrogate, 74, 25.0, 0.34375
surrogate, 74, 25.0, 0.34375
surrogate, 74, 25.0, 0.34375
surrogate, 74, 25.0, 0.34375
surrogate, 74, 25.0, 0.34375
surrogate, 74, 25.0, 0.34375
surrogate, 74, 25.0, 0.34375
surrogate, 74, 25.0, 0.34375
surrogate, 74, 25.0, 0.34375
surrogate, 74, 25.0, 0.34375
surrogate, 74, 25.0, 0.34375
surrogate, 74, 25.0, 0.34375
surrogate, 74, 25.0, 0.34375
surrogate, 74, 25.0, 0.34375
surrogate, 74, 25.0, 0.34375
surrogate, 74, 25.0, 0.34375
surrogate, 74, 25.0, 0.34375
surrogate, 74, 25.0, 0.34375
surrogate, 74, 25.0, 0.34375
surrogate, 74, 25.0, 0.34375
surrogate, 74, 25.0, 0.34375
surrogate, 74, 25.0, 0.34375
surrogate, 74, 25.0, 0.34375
surrogate, 74, 25.0, 0.34375
surrogate, 74, 25.0, 0.34375
surrogate, 74, 25.0, 0.34375
surrogate, 74, 25.0, 0.34375
surrogate, 74, 25.0, 0.34375
surrogate, 74, 25.0, 0.34375
surrogate, 74, 23.0, 0.0625
surrogate, 74, 23.0, 0.0625
surrogate, 74, 23.0, 0.0625
surrogate, 74, 23.0, 0.0625
surrogate, 74, 23.0, 0.0625
surrogate, 74, 23.0, 0.0625
surrogate, 74, 23.0, 0.0625
surrogate, 74, 23.0, 0.0625
surrogate, 74, 23.0, 0.0625
surrogate, 74, 23.0, 0.0625
surrogate, 74, 23.0, 0.0625
surrogate, 74, 23.0, 0.0625
surrogate, 74, 23.0, 0.0625
surrogate, 74, 23.0, 0.0625
surrogate, 74, 23.0, 0.0625
surrogate, 74, 23.0, 0.0625
surrogate, 74, 23.0, 0.0625
surrogate, 74, 23.0, 0.0625
surrogate, 74, 23.0, 0.0625
surrogate, 74, 23.0, 0.0625
surrogate, 74, 23.0, 0.0625
surrogate, 74, 23.0, 0.0625
surrogate, 74, 23.0, 0.0625
surrogate, 74, 23.0, 0.0625
surrogate, 74, 23.0, 0.0625
surrogate, 74, 23.0, 0.0625
surrogate, 74, 23.0, 0.0625
surrogate, 74, 23.0, 0.0625
surrogate, 74, 23.0, 0.0625
surrogate, 74, 23.0, 0.0625
surrogate, 74, 23.0, 0.0625
surrogate, 74, 23.0, 0.0625
surrogate, 74, 23.0, 0.0625
surrogate, 74, 23.0, 0.0625
surrogate, 74, 23.0, 0.0625
surrogate, 74, 23.0, 0.0625
