method, generation, average_ar, max_ar, min_ar, average_latency, max_latency, min_latency
surrogate, 1, 0.078828125, 0.59375, 0.0, 14222.5575, 50000.0, 21.0
surrogate, 2, 0.12875, 0.625, 0.03125, 30.457, 37.0, 21.0
surrogate, 3, 0.15234375, 0.75, 0.03125, 29.423, 38.0, 21.0
surrogate, 4, 0.20125, 0.84375, 0.03125, 29.343, 39.0, 21.0
surrogate, 5, 0.192453125, 0.84375, 0.03125, 28.179, 39.0, 21.0
surrogate, 6, 0.210390625, 0.84375, 0.03125, 27.793, 39.0, 21.0
surrogate, 7, 0.203921875, 1.0, 0.03125, 27.0285, 38.0, 19.0
emulator, 7.1, 1.0, 1.0, 1.0, 33.0, 33.0, 33.0
