method, generation, latency, ar
surrogate, 1, 46.0, 0.55
surrogate, 1, 43.0, 0.475
surrogate, 1, 40.0, 0.25
surrogate, 1, 40.0, 0.25
surrogate, 1, 39.0, 0.05
surrogate, 2, 46.0, 0.55
surrogate, 2, 43.0, 0.525
surrogate, 2, 42.0, 0.3
surrogate, 2, 40.0, 0.25
surrogate, 2, 40.0, 0.25
surrogate, 2, 40.0, 0.25
surrogate, 2, 40.0, 0.25
surrogate, 2, 39.0, 0.05
surrogate, 2, 39.0, 0.05
surrogate, 3, 46.0, 0.55
surrogate, 3, 46.0, 0.55
surrogate, 3, 43.0, 0.525
surrogate, 3, 42.0, 0.3
surrogate, 3, 42.0, 0.3
surrogate, 3, 40.0, 0.25
surrogate, 3, 40.0, 0.25
surrogate, 3, 40.0, 0.25
surrogate, 3, 40.0, 0.25
surrogate, 3, 40.0, 0.25
surrogate, 3, 40.0, 0.25
surrogate, 3, 40.0, 0.25
surrogate, 3, 40.0, 0.25
surrogate, 3, 39.0, 0.05
surrogate, 3, 39.0, 0.05
surrogate, 3, 39.0, 0.05
surrogate, 3, 39.0, 0.05
surrogate, 4, 46.0, 0.55
surrogate, 4, 46.0, 0.55
surrogate, 4, 46.0, 0.55
surrogate, 4, 43.0, 0.525
surrogate, 4, 43.0, 0.525
surrogate, 4, 42.0, 0.3
surrogate, 4, 42.0, 0.3
surrogate, 4, 42.0, 0.3
surrogate, 4, 42.0, 0.3
surrogate, 4, 39.0, 0.25
surrogate, 5, 46.0, 0.55
surrogate, 5, 46.0, 0.55
surrogate, 5, 46.0, 0.55
surrogate, 5, 43.0, 0.525
surrogate, 5, 43.0, 0.525
surrogate, 5, 43.0, 0.525
surrogate, 5, 42.0, 0.3
surrogate, 5, 42.0, 0.3
surrogate, 5, 42.0, 0.3
surrogate, 5, 42.0, 0.3
surrogate, 5, 42.0, 0.3
surrogate, 5, 39.0, 0.25
surrogate, 5, 39.0, 0.25
surrogate, 6, 44.0, 0.55
surrogate, 6, 43.0, 0.525
surrogate, 6, 43.0, 0.525
surrogate, 6, 43.0, 0.525
surrogate, 6, 43.0, 0.525
surrogate, 6, 42.0, 0.3
surrogate, 6, 42.0, 0.3
surrogate, 6, 42.0, 0.3
surrogate, 6, 42.0, 0.3
surrogate, 6, 42.0, 0.3
surrogate, 6, 42.0, 0.3
surrogate, 6, 42.0, 0.3
surrogate, 6, 42.0, 0.3
surrogate, 6, 42.0, 0.3
surrogate, 6, 39.0, 0.25
surrogate, 6, 39.0, 0.25
surrogate, 6, 39.0, 0.25
surrogate, 6, 39.0, 0.25
surrogate, 7, 44.0, 0.55
surrogate, 7, 43.0, 0.525
surrogate, 7, 43.0, 0.525
surrogate, 7, 43.0, 0.525
surrogate, 7, 43.0, 0.525
surrogate, 7, 43.0, 0.525
surrogate, 7, 43.0, 0.525
surrogate, 7, 41.0, 0.3
surrogate, 7, 41.0, 0.3
surrogate, 7, 39.0, 0.25
surrogate, 7, 39.0, 0.25
surrogate, 7, 39.0, 0.25
surrogate, 7, 39.0, 0.25
surrogate, 7, 39.0, 0.25
surrogate, 7, 39.0, 0.25
surrogate, 7, 39.0, 0.25
surrogate, 7, 39.0, 0.25
surrogate, 8, 44.0, 0.55
surrogate, 8, 44.0, 0.55
surrogate, 8, 43.0, 0.525
surrogate, 8, 43.0, 0.525
surrogate, 8, 43.0, 0.525
surrogate, 8, 43.0, 0.525
surrogate, 8, 43.0, 0.525
surrogate, 8, 43.0, 0.525
surrogate, 8, 43.0, 0.525
surrogate, 8, 41.0, 0.3
surrogate, 8, 41.0, 0.3
surrogate, 8, 41.0, 0.3
surrogate, 8, 39.0, 0.25
surrogate, 8, 39.0, 0.25
surrogate, 8, 39.0, 0.25
surrogate, 8, 39.0, 0.25
surrogate, 8, 39.0, 0.25
surrogate, 8, 39.0, 0.25
surrogate, 8, 39.0, 0.25
surrogate, 8, 39.0, 0.25
surrogate, 8, 39.0, 0.25
surrogate, 8, 39.0, 0.25
surrogate, 8, 39.0, 0.25
surrogate, 8, 39.0, 0.25
surrogate, 8, 39.0, 0.25
surrogate, 8, 39.0, 0.25
surrogate, 9, 43.0, 0.55
surrogate, 9, 42.0, 0.4
surrogate, 9, 41.0, 0.3
surrogate, 9, 41.0, 0.3
surrogate, 9, 41.0, 0.3
surrogate, 9, 41.0, 0.3
surrogate, 9, 39.0, 0.25
surrogate, 9, 39.0, 0.25
surrogate, 9, 39.0, 0.25
surrogate, 9, 39.0, 0.25
surrogate, 9, 39.0, 0.25
surrogate, 9, 39.0, 0.25
surrogate, 9, 39.0, 0.25
surrogate, 9, 39.0, 0.25
surrogate, 9, 39.0, 0.25
surrogate, 9, 39.0, 0.25
surrogate, 9, 39.0, 0.25
surrogate, 9, 39.0, 0.25
surrogate, 9, 39.0, 0.25
surrogate, 9, 39.0, 0.25
surrogate, 9, 39.0, 0.25
surrogate, 9, 39.0, 0.25
surrogate, 10, 43.0, 0.55
surrogate, 10, 43.0, 0.55
surrogate, 10, 42.0, 0.4
surrogate, 10, 42.0, 0.4
surrogate, 10, 41.0, 0.3
surrogate, 10, 41.0, 0.3
surrogate, 10, 41.0, 0.3
surrogate, 10, 41.0, 0.3
surrogate, 10, 41.0, 0.3
surrogate, 10, 39.0, 0.25
surrogate, 10, 39.0, 0.25
surrogate, 10, 39.0, 0.25
surrogate, 10, 39.0, 0.25
surrogate, 10, 39.0, 0.25
surrogate, 10, 39.0, 0.25
surrogate, 10, 39.0, 0.25
surrogate, 10, 39.0, 0.25
surrogate, 10, 39.0, 0.25
surrogate, 10, 39.0, 0.25
surrogate, 10, 39.0, 0.25
surrogate, 10, 39.0, 0.25
surrogate, 10, 39.0, 0.25
surrogate, 10, 39.0, 0.25
surrogate, 10, 39.0, 0.25
surrogate, 10, 39.0, 0.25
surrogate, 10, 39.0, 0.25
surrogate, 11, 43.0, 0.55
surrogate, 11, 43.0, 0.55
surrogate, 11, 43.0, 0.55
surrogate, 11, 42.0, 0.475
surrogate, 11, 41.0, 0.3
surrogate, 11, 41.0, 0.3
surrogate, 11, 41.0, 0.3
surrogate, 11, 41.0, 0.3
surrogate, 11, 41.0, 0.3
surrogate, 11, 39.0, 0.25
surrogate, 11, 39.0, 0.25
surrogate, 11, 39.0, 0.25
surrogate, 11, 39.0, 0.25
surrogate, 11, 39.0, 0.25
surrogate, 11, 39.0, 0.25
surrogate, 11, 39.0, 0.25
surrogate, 11, 39.0, 0.25
surrogate, 11, 39.0, 0.25
surrogate, 11, 39.0, 0.25
surrogate, 11, 39.0, 0.25
surrogate, 11, 39.0, 0.25
surrogate, 11, 39.0, 0.25
surrogate, 11, 39.0, 0.25
surrogate, 11, 39.0, 0.25
surrogate, 11, 39.0, 0.25
surrogate, 11, 39.0, 0.25
surrogate, 11, 39.0, 0.25
surrogate, 12, 43.0, 0.55
surrogate, 12, 43.0, 0.55
surrogate, 12, 43.0, 0.55
surrogate, 12, 43.0, 0.55
surrogate, 12, 42.0, 0.475
surrogate, 12, 42.0, 0.475
surrogate, 12, 41.0, 0.3
surrogate, 12, 41.0, 0.3
surrogate, 12, 41.0, 0.3
surrogate, 12, 41.0, 0.3
surrogate, 12, 41.0, 0.3
surrogate, 12, 39.0, 0.25
surrogate, 12, 39.0, 0.25
surrogate, 12, 39.0, 0.25
surrogate, 12, 39.0, 0.25
surrogate, 12, 39.0, 0.25
surrogate, 12, 39.0, 0.25
surrogate, 12, 39.0, 0.25
surrogate, 12, 39.0, 0.25
surrogate, 12, 39.0, 0.25
surrogate, 12, 39.0, 0.25
surrogate, 12, 39.0, 0.25
surrogate, 12, 39.0, 0.25
surrogate, 12, 39.0, 0.25
surrogate, 12, 39.0, 0.25
surrogate, 12, 39.0, 0.25
surrogate, 12, 39.0, 0.25
surrogate, 12, 39.0, 0.25
surrogate, 12, 39.0, 0.25
surrogate, 12, 39.0, 0.25
surrogate, 13, 43.0, 0.55
surrogate, 13, 43.0, 0.55
surrogate, 13, 43.0, 0.55
surrogate, 13, 43.0, 0.55
surrogate, 13, 42.0, 0.475
surrogate, 13, 42.0, 0.475
surrogate, 13, 42.0, 0.475
surrogate, 13, 41.0, 0.3
surrogate, 13, 41.0, 0.3
surrogate, 13, 41.0, 0.3
surrogate, 13, 41.0, 0.3
surrogate, 13, 41.0, 0.3
surrogate, 13, 41.0, 0.3
surrogate, 13, 39.0, 0.25
surrogate, 13, 39.0, 0.25
surrogate, 13, 39.0, 0.25
surrogate, 13, 39.0, 0.25
surrogate, 13, 39.0, 0.25
surrogate, 13, 39.0, 0.25
surrogate, 13, 39.0, 0.25
surrogate, 13, 39.0, 0.25
surrogate, 13, 39.0, 0.25
surrogate, 13, 39.0, 0.25
surrogate, 13, 39.0, 0.25
surrogate, 13, 39.0, 0.25
surrogate, 13, 39.0, 0.25
surrogate, 13, 39.0, 0.25
surrogate, 13, 39.0, 0.25
surrogate, 13, 39.0, 0.25
surrogate, 13, 39.0, 0.25
surrogate, 13, 39.0, 0.25
surrogate, 13, 39.0, 0.25
surrogate, 13, 39.0, 0.25
surrogate, 14, 43.0, 0.55
surrogate, 14, 43.0, 0.55
surrogate, 14, 43.0, 0.55
surrogate, 14, 43.0, 0.55
surrogate, 14, 43.0, 0.55
surrogate, 14, 42.0, 0.525
surrogate, 14, 41.0, 0.3
surrogate, 14, 41.0, 0.3
surrogate, 14, 41.0, 0.3
surrogate, 14, 41.0, 0.3
surrogate, 14, 41.0, 0.3
surrogate, 14, 41.0, 0.3
surrogate, 14, 41.0, 0.3
surrogate, 14, 39.0, 0.25
surrogate, 14, 39.0, 0.25
surrogate, 14, 39.0, 0.25
surrogate, 14, 39.0, 0.25
surrogate, 14, 39.0, 0.25
surrogate, 14, 39.0, 0.25
surrogate, 14, 39.0, 0.25
surrogate, 14, 39.0, 0.25
surrogate, 14, 39.0, 0.25
surrogate, 14, 39.0, 0.25
surrogate, 14, 39.0, 0.25
surrogate, 14, 39.0, 0.25
surrogate, 14, 39.0, 0.25
surrogate, 14, 39.0, 0.25
surrogate, 14, 39.0, 0.25
surrogate, 14, 39.0, 0.25
surrogate, 14, 39.0, 0.25
surrogate, 14, 39.0, 0.25
surrogate, 14, 39.0, 0.25
surrogate, 14, 39.0, 0.25
surrogate, 14, 39.0, 0.25
surrogate, 15, 49.0, 0.575
surrogate, 15, 43.0, 0.55
surrogate, 15, 43.0, 0.55
surrogate, 15, 43.0, 0.55
surrogate, 15, 43.0, 0.55
surrogate, 15, 43.0, 0.55
surrogate, 15, 43.0, 0.55
surrogate, 15, 42.0, 0.525
surrogate, 15, 39.0, 0.3
surrogate, 16, 49.0, 0.575
surrogate, 16, 49.0, 0.575
surrogate, 16, 43.0, 0.55
surrogate, 16, 43.0, 0.55
surrogate, 16, 43.0, 0.55
surrogate, 16, 43.0, 0.55
surrogate, 16, 43.0, 0.55
surrogate, 16, 43.0, 0.55
surrogate, 16, 43.0, 0.55
surrogate, 16, 42.0, 0.525
surrogate, 16, 42.0, 0.525
surrogate, 16, 39.0, 0.3
surrogate, 16, 39.0, 0.3
surrogate, 17, 44.0, 0.575
surrogate, 17, 44.0, 0.575
surrogate, 17, 43.0, 0.55
surrogate, 17, 43.0, 0.55
surrogate, 17, 43.0, 0.55
surrogate, 17, 43.0, 0.55
surrogate, 17, 43.0, 0.55
surrogate, 17, 43.0, 0.55
surrogate, 17, 43.0, 0.55
surrogate, 17, 43.0, 0.55
surrogate, 17, 42.0, 0.525
surrogate, 17, 42.0, 0.525
surrogate, 17, 42.0, 0.525
surrogate, 17, 39.0, 0.3
surrogate, 17, 39.0, 0.3
surrogate, 17, 39.0, 0.3
surrogate, 17, 39.0, 0.3
surrogate, 18, 44.0, 0.575
surrogate, 18, 44.0, 0.575
surrogate, 18, 44.0, 0.575
surrogate, 18, 43.0, 0.55
surrogate, 18, 43.0, 0.55
surrogate, 18, 43.0, 0.55
surrogate, 18, 43.0, 0.55
surrogate, 18, 43.0, 0.55
surrogate, 18, 43.0, 0.55
surrogate, 18, 43.0, 0.55
surrogate, 18, 43.0, 0.55
surrogate, 18, 43.0, 0.55
surrogate, 18, 43.0, 0.55
surrogate, 18, 43.0, 0.55
surrogate, 18, 43.0, 0.55
surrogate, 18, 42.0, 0.525
surrogate, 18, 42.0, 0.525
surrogate, 18, 42.0, 0.525
surrogate, 18, 42.0, 0.525
surrogate, 18, 39.0, 0.3
surrogate, 18, 39.0, 0.3
surrogate, 18, 39.0, 0.3
surrogate, 18, 39.0, 0.3
surrogate, 18, 39.0, 0.3
surrogate, 19, 44.0, 0.575
surrogate, 19, 44.0, 0.575
surrogate, 19, 44.0, 0.575
surrogate, 19, 44.0, 0.575
surrogate, 19, 43.0, 0.55
surrogate, 19, 43.0, 0.55
surrogate, 19, 43.0, 0.55
surrogate, 19, 43.0, 0.55
surrogate, 19, 43.0, 0.55
surrogate, 19, 43.0, 0.55
surrogate, 19, 43.0, 0.55
surrogate, 19, 43.0, 0.55
surrogate, 19, 43.0, 0.55
surrogate, 19, 43.0, 0.55
surrogate, 19, 43.0, 0.55
surrogate, 19, 43.0, 0.55
surrogate, 19, 43.0, 0.55
surrogate, 19, 42.0, 0.525
surrogate, 19, 42.0, 0.525
surrogate, 19, 42.0, 0.525
surrogate, 19, 42.0, 0.525
surrogate, 19, 42.0, 0.525
surrogate, 19, 39.0, 0.3
surrogate, 19, 39.0, 0.3
surrogate, 19, 39.0, 0.3
surrogate, 19, 39.0, 0.3
surrogate, 19, 39.0, 0.3
surrogate, 19, 39.0, 0.3
surrogate, 19, 39.0, 0.3
surrogate, 20, 44.0, 0.575
surrogate, 20, 44.0, 0.575
surrogate, 20, 44.0, 0.575
surrogate, 20, 44.0, 0.575
surrogate, 20, 44.0, 0.575
surrogate, 20, 43.0, 0.55
surrogate, 20, 43.0, 0.55
surrogate, 20, 43.0, 0.55
surrogate, 20, 43.0, 0.55
surrogate, 20, 43.0, 0.55
surrogate, 20, 43.0, 0.55
surrogate, 20, 43.0, 0.55
surrogate, 20, 43.0, 0.55
surrogate, 20, 43.0, 0.55
surrogate, 20, 43.0, 0.55
surrogate, 20, 43.0, 0.55
surrogate, 20, 43.0, 0.55
surrogate, 20, 43.0, 0.55
surrogate, 20, 42.0, 0.525
surrogate, 20, 42.0, 0.525
surrogate, 20, 42.0, 0.525
surrogate, 20, 42.0, 0.525
surrogate, 20, 42.0, 0.525
surrogate, 20, 42.0, 0.525
surrogate, 20, 39.0, 0.3
surrogate, 20, 39.0, 0.3
surrogate, 20, 39.0, 0.3
surrogate, 20, 39.0, 0.3
surrogate, 20, 39.0, 0.3
surrogate, 20, 39.0, 0.3
surrogate, 20, 39.0, 0.3
surrogate, 20, 39.0, 0.3
surrogate, 20, 39.0, 0.3
surrogate, 20, 39.0, 0.3
surrogate, 20, 39.0, 0.3
surrogate, 21, 44.0, 0.575
surrogate, 21, 44.0, 0.575
surrogate, 21, 44.0, 0.575
surrogate, 21, 44.0, 0.575
surrogate, 21, 44.0, 0.575
surrogate, 21, 43.0, 0.55
surrogate, 21, 43.0, 0.55
surrogate, 21, 43.0, 0.55
surrogate, 21, 43.0, 0.55
surrogate, 21, 43.0, 0.55
surrogate, 21, 43.0, 0.55
surrogate, 21, 43.0, 0.55
surrogate, 21, 43.0, 0.55
surrogate, 21, 43.0, 0.55
surrogate, 21, 43.0, 0.55
surrogate, 21, 43.0, 0.55
surrogate, 21, 43.0, 0.55
surrogate, 21, 43.0, 0.55
surrogate, 21, 42.0, 0.525
surrogate, 21, 42.0, 0.525
surrogate, 21, 42.0, 0.525
surrogate, 21, 42.0, 0.525
surrogate, 21, 42.0, 0.525
surrogate, 21, 42.0, 0.525
surrogate, 21, 39.0, 0.3
surrogate, 21, 39.0, 0.3
surrogate, 21, 39.0, 0.3
surrogate, 21, 39.0, 0.3
surrogate, 21, 39.0, 0.3
surrogate, 21, 39.0, 0.3
surrogate, 21, 39.0, 0.3
surrogate, 21, 39.0, 0.3
surrogate, 21, 39.0, 0.3
surrogate, 21, 39.0, 0.3
surrogate, 21, 39.0, 0.3
surrogate, 21, 39.0, 0.3
surrogate, 21, 39.0, 0.3
surrogate, 21, 39.0, 0.3
surrogate, 21, 39.0, 0.3
surrogate, 21, 39.0, 0.3
surrogate, 22, 44.0, 0.575
surrogate, 22, 44.0, 0.575
surrogate, 22, 44.0, 0.575
surrogate, 22, 44.0, 0.575
surrogate, 22, 44.0, 0.575
surrogate, 22, 43.0, 0.55
surrogate, 22, 43.0, 0.55
surrogate, 22, 43.0, 0.55
surrogate, 22, 43.0, 0.55
surrogate, 22, 43.0, 0.55
surrogate, 22, 43.0, 0.55
surrogate, 22, 43.0, 0.55
surrogate, 22, 43.0, 0.55
surrogate, 22, 43.0, 0.55
surrogate, 22, 43.0, 0.55
surrogate, 22, 43.0, 0.55
surrogate, 22, 43.0, 0.55
surrogate, 22, 43.0, 0.55
surrogate, 22, 43.0, 0.55
surrogate, 22, 42.0, 0.525
surrogate, 22, 42.0, 0.525
surrogate, 22, 42.0, 0.525
surrogate, 22, 42.0, 0.525
surrogate, 22, 42.0, 0.525
surrogate, 22, 42.0, 0.525
surrogate, 22, 42.0, 0.525
surrogate, 22, 39.0, 0.3
surrogate, 22, 39.0, 0.3
surrogate, 22, 39.0, 0.3
surrogate, 22, 39.0, 0.3
surrogate, 22, 39.0, 0.3
surrogate, 22, 39.0, 0.3
surrogate, 22, 39.0, 0.3
surrogate, 22, 39.0, 0.3
surrogate, 22, 39.0, 0.3
surrogate, 22, 39.0, 0.3
surrogate, 22, 39.0, 0.3
surrogate, 22, 39.0, 0.3
surrogate, 22, 39.0, 0.3
surrogate, 22, 39.0, 0.3
surrogate, 22, 39.0, 0.3
surrogate, 22, 39.0, 0.3
surrogate, 23, 44.0, 0.575
surrogate, 23, 44.0, 0.575
surrogate, 23, 44.0, 0.575
surrogate, 23, 44.0, 0.575
surrogate, 23, 44.0, 0.575
surrogate, 23, 44.0, 0.575
surrogate, 23, 43.0, 0.55
surrogate, 23, 43.0, 0.55
surrogate, 23, 43.0, 0.55
surrogate, 23, 43.0, 0.55
surrogate, 23, 43.0, 0.55
surrogate, 23, 43.0, 0.55
surrogate, 23, 43.0, 0.55
surrogate, 23, 43.0, 0.55
surrogate, 23, 43.0, 0.55
surrogate, 23, 43.0, 0.55
surrogate, 23, 43.0, 0.55
surrogate, 23, 43.0, 0.55
surrogate, 23, 43.0, 0.55
surrogate, 23, 43.0, 0.55
surrogate, 23, 42.0, 0.525
surrogate, 23, 42.0, 0.525
surrogate, 23, 42.0, 0.525
surrogate, 23, 42.0, 0.525
surrogate, 23, 42.0, 0.525
surrogate, 23, 42.0, 0.525
surrogate, 23, 42.0, 0.525
surrogate, 23, 42.0, 0.525
surrogate, 23, 39.0, 0.3
surrogate, 23, 39.0, 0.3
surrogate, 23, 39.0, 0.3
surrogate, 23, 39.0, 0.3
surrogate, 23, 39.0, 0.3
surrogate, 23, 39.0, 0.3
surrogate, 23, 39.0, 0.3
surrogate, 23, 39.0, 0.3
surrogate, 23, 39.0, 0.3
surrogate, 23, 39.0, 0.3
surrogate, 23, 39.0, 0.3
surrogate, 23, 39.0, 0.3
surrogate, 23, 39.0, 0.3
surrogate, 23, 39.0, 0.3
surrogate, 23, 39.0, 0.3
surrogate, 23, 39.0, 0.3
surrogate, 23, 39.0, 0.3
surrogate, 24, 44.0, 0.575
surrogate, 24, 44.0, 0.575
surrogate, 24, 44.0, 0.575
surrogate, 24, 44.0, 0.575
surrogate, 24, 44.0, 0.575
surrogate, 24, 44.0, 0.575
surrogate, 24, 43.0, 0.55
surrogate, 24, 43.0, 0.55
surrogate, 24, 43.0, 0.55
surrogate, 24, 43.0, 0.55
surrogate, 24, 43.0, 0.55
surrogate, 24, 43.0, 0.55
surrogate, 24, 43.0, 0.55
surrogate, 24, 43.0, 0.55
surrogate, 24, 43.0, 0.55
surrogate, 24, 43.0, 0.55
surrogate, 24, 43.0, 0.55
surrogate, 24, 43.0, 0.55
surrogate, 24, 43.0, 0.55
surrogate, 24, 43.0, 0.55
surrogate, 24, 43.0, 0.55
surrogate, 24, 42.0, 0.525
surrogate, 24, 42.0, 0.525
surrogate, 24, 42.0, 0.525
surrogate, 24, 42.0, 0.525
surrogate, 24, 42.0, 0.525
surrogate, 24, 42.0, 0.525
surrogate, 24, 42.0, 0.525
surrogate, 24, 42.0, 0.525
surrogate, 24, 42.0, 0.525
surrogate, 24, 39.0, 0.3
surrogate, 24, 39.0, 0.3
surrogate, 24, 39.0, 0.3
surrogate, 24, 39.0, 0.3
surrogate, 24, 39.0, 0.3
surrogate, 24, 39.0, 0.3
surrogate, 24, 39.0, 0.3
surrogate, 24, 39.0, 0.3
surrogate, 24, 39.0, 0.3
surrogate, 24, 39.0, 0.3
surrogate, 24, 39.0, 0.3
surrogate, 24, 39.0, 0.3
surrogate, 24, 39.0, 0.3
surrogate, 24, 39.0, 0.3
surrogate, 24, 39.0, 0.3
surrogate, 24, 39.0, 0.3
surrogate, 24, 39.0, 0.3
surrogate, 25, 44.0, 0.575
surrogate, 25, 44.0, 0.575
surrogate, 25, 44.0, 0.575
surrogate, 25, 44.0, 0.575
surrogate, 25, 44.0, 0.575
surrogate, 25, 44.0, 0.575
surrogate, 25, 43.0, 0.55
surrogate, 25, 43.0, 0.55
surrogate, 25, 43.0, 0.55
surrogate, 25, 43.0, 0.55
surrogate, 25, 43.0, 0.55
surrogate, 25, 43.0, 0.55
surrogate, 25, 43.0, 0.55
surrogate, 25, 43.0, 0.55
surrogate, 25, 43.0, 0.55
surrogate, 25, 43.0, 0.55
surrogate, 25, 43.0, 0.55
surrogate, 25, 43.0, 0.55
surrogate, 25, 43.0, 0.55
surrogate, 25, 43.0, 0.55
surrogate, 25, 43.0, 0.55
surrogate, 25, 43.0, 0.55
surrogate, 25, 42.0, 0.525
surrogate, 25, 42.0, 0.525
surrogate, 25, 42.0, 0.525
surrogate, 25, 42.0, 0.525
surrogate, 25, 42.0, 0.525
surrogate, 25, 42.0, 0.525
surrogate, 25, 42.0, 0.525
surrogate, 25, 42.0, 0.525
surrogate, 25, 42.0, 0.525
surrogate, 25, 42.0, 0.525
surrogate, 25, 39.0, 0.3
surrogate, 25, 39.0, 0.3
surrogate, 25, 39.0, 0.3
surrogate, 25, 39.0, 0.3
surrogate, 25, 39.0, 0.3
surrogate, 25, 39.0, 0.3
surrogate, 25, 39.0, 0.3
surrogate, 25, 39.0, 0.3
surrogate, 25, 39.0, 0.3
surrogate, 25, 39.0, 0.3
surrogate, 25, 39.0, 0.3
surrogate, 25, 39.0, 0.3
surrogate, 25, 39.0, 0.3
surrogate, 25, 39.0, 0.3
surrogate, 25, 39.0, 0.3
surrogate, 25, 39.0, 0.3
surrogate, 25, 39.0, 0.3
surrogate, 25, 39.0, 0.3
surrogate, 26, 44.0, 0.575
surrogate, 26, 44.0, 0.575
surrogate, 26, 44.0, 0.575
surrogate, 26, 44.0, 0.575
surrogate, 26, 44.0, 0.575
surrogate, 26, 44.0, 0.575
surrogate, 26, 43.0, 0.55
surrogate, 26, 43.0, 0.55
surrogate, 26, 43.0, 0.55
surrogate, 26, 43.0, 0.55
surrogate, 26, 43.0, 0.55
surrogate, 26, 43.0, 0.55
surrogate, 26, 43.0, 0.55
surrogate, 26, 43.0, 0.55
surrogate, 26, 43.0, 0.55
surrogate, 26, 43.0, 0.55
surrogate, 26, 43.0, 0.55
surrogate, 26, 43.0, 0.55
surrogate, 26, 43.0, 0.55
surrogate, 26, 43.0, 0.55
surrogate, 26, 43.0, 0.55
surrogate, 26, 43.0, 0.55
surrogate, 26, 42.0, 0.525
surrogate, 26, 42.0, 0.525
surrogate, 26, 42.0, 0.525
surrogate, 26, 42.0, 0.525
surrogate, 26, 42.0, 0.525
surrogate, 26, 42.0, 0.525
surrogate, 26, 42.0, 0.525
surrogate, 26, 42.0, 0.525
surrogate, 26, 42.0, 0.525
surrogate, 26, 42.0, 0.525
surrogate, 26, 39.0, 0.3
surrogate, 26, 39.0, 0.3
surrogate, 26, 39.0, 0.3
surrogate, 26, 39.0, 0.3
surrogate, 26, 39.0, 0.3
surrogate, 26, 39.0, 0.3
surrogate, 26, 39.0, 0.3
surrogate, 26, 39.0, 0.3
surrogate, 26, 39.0, 0.3
surrogate, 26, 39.0, 0.3
surrogate, 26, 39.0, 0.3
surrogate, 26, 39.0, 0.3
surrogate, 26, 39.0, 0.3
surrogate, 26, 39.0, 0.3
surrogate, 26, 39.0, 0.3
surrogate, 26, 39.0, 0.3
surrogate, 26, 39.0, 0.3
surrogate, 26, 39.0, 0.3
surrogate, 26, 39.0, 0.3
surrogate, 27, 44.0, 0.575
surrogate, 27, 44.0, 0.575
surrogate, 27, 44.0, 0.575
surrogate, 27, 44.0, 0.575
surrogate, 27, 44.0, 0.575
surrogate, 27, 44.0, 0.575
surrogate, 27, 43.0, 0.55
surrogate, 27, 43.0, 0.55
surrogate, 27, 43.0, 0.55
surrogate, 27, 43.0, 0.55
surrogate, 27, 43.0, 0.55
surrogate, 27, 43.0, 0.55
surrogate, 27, 43.0, 0.55
surrogate, 27, 43.0, 0.55
surrogate, 27, 43.0, 0.55
surrogate, 27, 43.0, 0.55
surrogate, 27, 43.0, 0.55
surrogate, 27, 43.0, 0.55
surrogate, 27, 43.0, 0.55
surrogate, 27, 43.0, 0.55
surrogate, 27, 43.0, 0.55
surrogate, 27, 43.0, 0.55
surrogate, 27, 42.0, 0.525
surrogate, 27, 42.0, 0.525
surrogate, 27, 42.0, 0.525
surrogate, 27, 42.0, 0.525
surrogate, 27, 42.0, 0.525
surrogate, 27, 42.0, 0.525
surrogate, 27, 42.0, 0.525
surrogate, 27, 42.0, 0.525
surrogate, 27, 42.0, 0.525
surrogate, 27, 42.0, 0.525
surrogate, 27, 39.0, 0.3
surrogate, 27, 39.0, 0.3
surrogate, 27, 39.0, 0.3
surrogate, 27, 39.0, 0.3
surrogate, 27, 39.0, 0.3
surrogate, 27, 39.0, 0.3
surrogate, 27, 39.0, 0.3
surrogate, 27, 39.0, 0.3
surrogate, 27, 39.0, 0.3
surrogate, 27, 39.0, 0.3
surrogate, 27, 39.0, 0.3
surrogate, 27, 39.0, 0.3
surrogate, 27, 39.0, 0.3
surrogate, 27, 39.0, 0.3
surrogate, 27, 39.0, 0.3
surrogate, 27, 39.0, 0.3
surrogate, 27, 39.0, 0.3
surrogate, 27, 39.0, 0.3
surrogate, 27, 39.0, 0.3
surrogate, 28, 44.0, 0.575
surrogate, 28, 44.0, 0.575
surrogate, 28, 44.0, 0.575
surrogate, 28, 44.0, 0.575
surrogate, 28, 44.0, 0.575
surrogate, 28, 44.0, 0.575
surrogate, 28, 43.0, 0.55
surrogate, 28, 43.0, 0.55
surrogate, 28, 43.0, 0.55
surrogate, 28, 43.0, 0.55
surrogate, 28, 43.0, 0.55
surrogate, 28, 43.0, 0.55
surrogate, 28, 43.0, 0.55
surrogate, 28, 43.0, 0.55
surrogate, 28, 43.0, 0.55
surrogate, 28, 43.0, 0.55
surrogate, 28, 43.0, 0.55
surrogate, 28, 43.0, 0.55
surrogate, 28, 43.0, 0.55
surrogate, 28, 43.0, 0.55
surrogate, 28, 43.0, 0.55
surrogate, 28, 43.0, 0.55
surrogate, 28, 42.0, 0.525
surrogate, 28, 42.0, 0.525
surrogate, 28, 42.0, 0.525
surrogate, 28, 42.0, 0.525
surrogate, 28, 42.0, 0.525
surrogate, 28, 42.0, 0.525
surrogate, 28, 42.0, 0.525
surrogate, 28, 42.0, 0.525
surrogate, 28, 42.0, 0.525
surrogate, 28, 42.0, 0.525
surrogate, 28, 39.0, 0.3
surrogate, 28, 39.0, 0.3
surrogate, 28, 39.0, 0.3
surrogate, 28, 39.0, 0.3
surrogate, 28, 39.0, 0.3
surrogate, 28, 39.0, 0.3
surrogate, 28, 39.0, 0.3
surrogate, 28, 39.0, 0.3
surrogate, 28, 39.0, 0.3
surrogate, 28, 39.0, 0.3
surrogate, 28, 39.0, 0.3
surrogate, 28, 39.0, 0.3
surrogate, 28, 39.0, 0.3
surrogate, 28, 39.0, 0.3
surrogate, 28, 39.0, 0.3
surrogate, 28, 39.0, 0.3
surrogate, 28, 39.0, 0.3
surrogate, 28, 39.0, 0.3
surrogate, 28, 39.0, 0.3
surrogate, 28, 39.0, 0.3
surrogate, 29, 44.0, 0.575
surrogate, 29, 44.0, 0.575
surrogate, 29, 44.0, 0.575
surrogate, 29, 44.0, 0.575
surrogate, 29, 44.0, 0.575
surrogate, 29, 44.0, 0.575
surrogate, 29, 43.0, 0.55
surrogate, 29, 43.0, 0.55
surrogate, 29, 43.0, 0.55
surrogate, 29, 43.0, 0.55
surrogate, 29, 43.0, 0.55
surrogate, 29, 43.0, 0.55
surrogate, 29, 43.0, 0.55
surrogate, 29, 43.0, 0.55
surrogate, 29, 43.0, 0.55
surrogate, 29, 43.0, 0.55
surrogate, 29, 43.0, 0.55
surrogate, 29, 43.0, 0.55
surrogate, 29, 43.0, 0.55
surrogate, 29, 43.0, 0.55
surrogate, 29, 43.0, 0.55
surrogate, 29, 43.0, 0.55
surrogate, 29, 43.0, 0.55
surrogate, 29, 42.0, 0.525
surrogate, 29, 42.0, 0.525
surrogate, 29, 42.0, 0.525
surrogate, 29, 42.0, 0.525
surrogate, 29, 42.0, 0.525
surrogate, 29, 42.0, 0.525
surrogate, 29, 42.0, 0.525
surrogate, 29, 42.0, 0.525
surrogate, 29, 42.0, 0.525
surrogate, 29, 42.0, 0.525
surrogate, 29, 42.0, 0.525
surrogate, 29, 39.0, 0.3
surrogate, 29, 39.0, 0.3
surrogate, 29, 39.0, 0.3
surrogate, 29, 39.0, 0.3
surrogate, 29, 39.0, 0.3
surrogate, 29, 39.0, 0.3
surrogate, 29, 39.0, 0.3
surrogate, 29, 39.0, 0.3
surrogate, 29, 39.0, 0.3
surrogate, 29, 39.0, 0.3
surrogate, 29, 39.0, 0.3
surrogate, 29, 39.0, 0.3
surrogate, 29, 39.0, 0.3
surrogate, 29, 39.0, 0.3
surrogate, 29, 39.0, 0.3
surrogate, 29, 39.0, 0.3
surrogate, 29, 39.0, 0.3
surrogate, 29, 39.0, 0.3
surrogate, 29, 39.0, 0.3
surrogate, 29, 39.0, 0.3
surrogate, 30, 44.0, 0.575
surrogate, 30, 44.0, 0.575
surrogate, 30, 44.0, 0.575
surrogate, 30, 44.0, 0.575
surrogate, 30, 44.0, 0.575
surrogate, 30, 44.0, 0.575
surrogate, 30, 44.0, 0.575
surrogate, 30, 43.0, 0.55
surrogate, 30, 43.0, 0.55
surrogate, 30, 43.0, 0.55
surrogate, 30, 43.0, 0.55
surrogate, 30, 43.0, 0.55
surrogate, 30, 43.0, 0.55
surrogate, 30, 43.0, 0.55
surrogate, 30, 43.0, 0.55
surrogate, 30, 43.0, 0.55
surrogate, 30, 43.0, 0.55
surrogate, 30, 43.0, 0.55
surrogate, 30, 43.0, 0.55
surrogate, 30, 43.0, 0.55
surrogate, 30, 43.0, 0.55
surrogate, 30, 43.0, 0.55
surrogate, 30, 43.0, 0.55
surrogate, 30, 43.0, 0.55
surrogate, 30, 43.0, 0.55
surrogate, 30, 42.0, 0.525
surrogate, 30, 42.0, 0.525
surrogate, 30, 42.0, 0.525
surrogate, 30, 42.0, 0.525
surrogate, 30, 42.0, 0.525
surrogate, 30, 42.0, 0.525
surrogate, 30, 42.0, 0.525
surrogate, 30, 42.0, 0.525
surrogate, 30, 42.0, 0.525
surrogate, 30, 42.0, 0.525
surrogate, 30, 42.0, 0.525
surrogate, 30, 42.0, 0.525
surrogate, 30, 39.0, 0.3
surrogate, 30, 39.0, 0.3
surrogate, 30, 39.0, 0.3
surrogate, 30, 39.0, 0.3
surrogate, 30, 39.0, 0.3
surrogate, 30, 39.0, 0.3
surrogate, 30, 39.0, 0.3
surrogate, 30, 39.0, 0.3
surrogate, 30, 39.0, 0.3
surrogate, 30, 39.0, 0.3
surrogate, 30, 39.0, 0.3
surrogate, 30, 39.0, 0.3
surrogate, 30, 39.0, 0.3
surrogate, 30, 39.0, 0.3
surrogate, 30, 39.0, 0.3
surrogate, 30, 39.0, 0.3
surrogate, 30, 39.0, 0.3
surrogate, 30, 39.0, 0.3
surrogate, 30, 39.0, 0.3
surrogate, 30, 39.0, 0.3
surrogate, 30, 39.0, 0.3
surrogate, 31, 44.0, 0.575
surrogate, 31, 44.0, 0.575
surrogate, 31, 44.0, 0.575
surrogate, 31, 44.0, 0.575
surrogate, 31, 44.0, 0.575
surrogate, 31, 44.0, 0.575
surrogate, 31, 44.0, 0.575
surrogate, 31, 44.0, 0.575
surrogate, 31, 43.0, 0.55
surrogate, 31, 43.0, 0.55
surrogate, 31, 43.0, 0.55
surrogate, 31, 43.0, 0.55
surrogate, 31, 43.0, 0.55
surrogate, 31, 43.0, 0.55
surrogate, 31, 43.0, 0.55
surrogate, 31, 43.0, 0.55
surrogate, 31, 43.0, 0.55
surrogate, 31, 43.0, 0.55
surrogate, 31, 43.0, 0.55
surrogate, 31, 43.0, 0.55
surrogate, 31, 43.0, 0.55
surrogate, 31, 43.0, 0.55
surrogate, 31, 43.0, 0.55
surrogate, 31, 43.0, 0.55
surrogate, 31, 43.0, 0.55
surrogate, 31, 43.0, 0.55
surrogate, 31, 43.0, 0.55
surrogate, 31, 42.0, 0.525
surrogate, 31, 42.0, 0.525
surrogate, 31, 42.0, 0.525
surrogate, 31, 42.0, 0.525
surrogate, 31, 42.0, 0.525
surrogate, 31, 42.0, 0.525
surrogate, 31, 42.0, 0.525
surrogate, 31, 42.0, 0.525
surrogate, 31, 42.0, 0.525
surrogate, 31, 42.0, 0.525
surrogate, 31, 42.0, 0.525
surrogate, 31, 42.0, 0.525
surrogate, 31, 42.0, 0.525
surrogate, 31, 39.0, 0.3
surrogate, 31, 39.0, 0.3
surrogate, 31, 39.0, 0.3
surrogate, 31, 39.0, 0.3
surrogate, 31, 39.0, 0.3
surrogate, 31, 39.0, 0.3
surrogate, 31, 39.0, 0.3
surrogate, 31, 39.0, 0.3
surrogate, 31, 39.0, 0.3
surrogate, 31, 39.0, 0.3
surrogate, 31, 39.0, 0.3
surrogate, 31, 39.0, 0.3
surrogate, 31, 39.0, 0.3
surrogate, 31, 39.0, 0.3
surrogate, 31, 39.0, 0.3
surrogate, 31, 39.0, 0.3
surrogate, 31, 39.0, 0.3
surrogate, 31, 39.0, 0.3
surrogate, 31, 39.0, 0.3
surrogate, 31, 39.0, 0.3
surrogate, 31, 39.0, 0.3
surrogate, 31, 39.0, 0.3
surrogate, 32, 44.0, 0.575
surrogate, 32, 44.0, 0.575
surrogate, 32, 44.0, 0.575
surrogate, 32, 44.0, 0.575
surrogate, 32, 44.0, 0.575
surrogate, 32, 44.0, 0.575
surrogate, 32, 44.0, 0.575
surrogate, 32, 44.0, 0.575
surrogate, 32, 43.0, 0.55
surrogate, 32, 43.0, 0.55
surrogate, 32, 43.0, 0.55
surrogate, 32, 43.0, 0.55
surrogate, 32, 43.0, 0.55
surrogate, 32, 43.0, 0.55
surrogate, 32, 43.0, 0.55
surrogate, 32, 43.0, 0.55
surrogate, 32, 43.0, 0.55
surrogate, 32, 43.0, 0.55
surrogate, 32, 43.0, 0.55
surrogate, 32, 43.0, 0.55
surrogate, 32, 43.0, 0.55
surrogate, 32, 43.0, 0.55
surrogate, 32, 43.0, 0.55
surrogate, 32, 43.0, 0.55
surrogate, 32, 43.0, 0.55
surrogate, 32, 43.0, 0.55
surrogate, 32, 43.0, 0.55
surrogate, 32, 43.0, 0.55
surrogate, 32, 42.0, 0.525
surrogate, 32, 42.0, 0.525
surrogate, 32, 42.0, 0.525
surrogate, 32, 42.0, 0.525
surrogate, 32, 42.0, 0.525
surrogate, 32, 42.0, 0.525
surrogate, 32, 42.0, 0.525
surrogate, 32, 42.0, 0.525
surrogate, 32, 42.0, 0.525
surrogate, 32, 42.0, 0.525
surrogate, 32, 42.0, 0.525
surrogate, 32, 42.0, 0.525
surrogate, 32, 42.0, 0.525
surrogate, 32, 39.0, 0.3
surrogate, 32, 39.0, 0.3
surrogate, 32, 39.0, 0.3
surrogate, 32, 39.0, 0.3
surrogate, 32, 39.0, 0.3
surrogate, 32, 39.0, 0.3
surrogate, 32, 39.0, 0.3
surrogate, 32, 39.0, 0.3
surrogate, 32, 39.0, 0.3
surrogate, 32, 39.0, 0.3
surrogate, 32, 39.0, 0.3
surrogate, 32, 39.0, 0.3
surrogate, 32, 39.0, 0.3
surrogate, 32, 39.0, 0.3
surrogate, 32, 39.0, 0.3
surrogate, 32, 39.0, 0.3
surrogate, 32, 39.0, 0.3
surrogate, 32, 39.0, 0.3
surrogate, 32, 39.0, 0.3
surrogate, 32, 39.0, 0.3
surrogate, 32, 39.0, 0.3
surrogate, 32, 39.0, 0.3
surrogate, 33, 44.0, 0.575
surrogate, 33, 44.0, 0.575
surrogate, 33, 44.0, 0.575
surrogate, 33, 44.0, 0.575
surrogate, 33, 44.0, 0.575
surrogate, 33, 44.0, 0.575
surrogate, 33, 44.0, 0.575
surrogate, 33, 44.0, 0.575
surrogate, 33, 43.0, 0.55
surrogate, 33, 43.0, 0.55
surrogate, 33, 43.0, 0.55
surrogate, 33, 43.0, 0.55
surrogate, 33, 43.0, 0.55
surrogate, 33, 43.0, 0.55
surrogate, 33, 43.0, 0.55
surrogate, 33, 43.0, 0.55
surrogate, 33, 43.0, 0.55
surrogate, 33, 43.0, 0.55
surrogate, 33, 43.0, 0.55
surrogate, 33, 43.0, 0.55
surrogate, 33, 43.0, 0.55
surrogate, 33, 43.0, 0.55
surrogate, 33, 43.0, 0.55
surrogate, 33, 43.0, 0.55
surrogate, 33, 43.0, 0.55
surrogate, 33, 43.0, 0.55
surrogate, 33, 43.0, 0.55
surrogate, 33, 43.0, 0.55
surrogate, 33, 43.0, 0.55
surrogate, 33, 42.0, 0.525
surrogate, 33, 42.0, 0.525
surrogate, 33, 42.0, 0.525
surrogate, 33, 42.0, 0.525
surrogate, 33, 42.0, 0.525
surrogate, 33, 42.0, 0.525
surrogate, 33, 42.0, 0.525
surrogate, 33, 42.0, 0.525
surrogate, 33, 42.0, 0.525
surrogate, 33, 42.0, 0.525
surrogate, 33, 42.0, 0.525
surrogate, 33, 42.0, 0.525
surrogate, 33, 42.0, 0.525
surrogate, 33, 42.0, 0.525
surrogate, 33, 39.0, 0.3
surrogate, 33, 39.0, 0.3
surrogate, 33, 39.0, 0.3
surrogate, 33, 39.0, 0.3
surrogate, 33, 39.0, 0.3
surrogate, 33, 39.0, 0.3
surrogate, 33, 39.0, 0.3
surrogate, 33, 39.0, 0.3
surrogate, 33, 39.0, 0.3
surrogate, 33, 39.0, 0.3
surrogate, 33, 39.0, 0.3
surrogate, 33, 39.0, 0.3
surrogate, 33, 39.0, 0.3
surrogate, 33, 39.0, 0.3
surrogate, 33, 39.0, 0.3
surrogate, 33, 39.0, 0.3
surrogate, 33, 39.0, 0.3
surrogate, 33, 39.0, 0.3
surrogate, 33, 39.0, 0.3
surrogate, 33, 39.0, 0.3
surrogate, 33, 39.0, 0.3
surrogate, 33, 39.0, 0.3
surrogate, 33, 39.0, 0.3
surrogate, 34, 44.0, 0.575
surrogate, 34, 44.0, 0.575
surrogate, 34, 44.0, 0.575
surrogate, 34, 44.0, 0.575
surrogate, 34, 44.0, 0.575
surrogate, 34, 44.0, 0.575
surrogate, 34, 44.0, 0.575
surrogate, 34, 44.0, 0.575
surrogate, 34, 43.0, 0.55
surrogate, 34, 43.0, 0.55
surrogate, 34, 43.0, 0.55
surrogate, 34, 43.0, 0.55
surrogate, 34, 43.0, 0.55
surrogate, 34, 43.0, 0.55
surrogate, 34, 43.0, 0.55
surrogate, 34, 43.0, 0.55
surrogate, 34, 43.0, 0.55
surrogate, 34, 43.0, 0.55
surrogate, 34, 43.0, 0.55
surrogate, 34, 43.0, 0.55
surrogate, 34, 43.0, 0.55
surrogate, 34, 43.0, 0.55
surrogate, 34, 43.0, 0.55
surrogate, 34, 43.0, 0.55
surrogate, 34, 43.0, 0.55
surrogate, 34, 43.0, 0.55
surrogate, 34, 43.0, 0.55
surrogate, 34, 43.0, 0.55
surrogate, 34, 43.0, 0.55
surrogate, 34, 43.0, 0.55
surrogate, 34, 42.0, 0.525
surrogate, 34, 42.0, 0.525
surrogate, 34, 42.0, 0.525
surrogate, 34, 42.0, 0.525
surrogate, 34, 42.0, 0.525
surrogate, 34, 42.0, 0.525
surrogate, 34, 42.0, 0.525
surrogate, 34, 42.0, 0.525
surrogate, 34, 42.0, 0.525
surrogate, 34, 42.0, 0.525
surrogate, 34, 42.0, 0.525
surrogate, 34, 42.0, 0.525
surrogate, 34, 42.0, 0.525
surrogate, 34, 42.0, 0.525
surrogate, 34, 42.0, 0.525
surrogate, 34, 39.0, 0.3
surrogate, 34, 39.0, 0.3
surrogate, 34, 39.0, 0.3
surrogate, 34, 39.0, 0.3
surrogate, 34, 39.0, 0.3
surrogate, 34, 39.0, 0.3
surrogate, 34, 39.0, 0.3
surrogate, 34, 39.0, 0.3
surrogate, 34, 39.0, 0.3
surrogate, 34, 39.0, 0.3
surrogate, 34, 39.0, 0.3
surrogate, 34, 39.0, 0.3
surrogate, 34, 39.0, 0.3
surrogate, 34, 39.0, 0.3
surrogate, 34, 39.0, 0.3
surrogate, 34, 39.0, 0.3
surrogate, 34, 39.0, 0.3
surrogate, 34, 39.0, 0.3
surrogate, 34, 39.0, 0.3
surrogate, 34, 39.0, 0.3
surrogate, 34, 39.0, 0.3
surrogate, 34, 39.0, 0.3
surrogate, 34, 39.0, 0.3
surrogate, 35, 44.0, 0.575
surrogate, 35, 44.0, 0.575
surrogate, 35, 44.0, 0.575
surrogate, 35, 44.0, 0.575
surrogate, 35, 44.0, 0.575
surrogate, 35, 44.0, 0.575
surrogate, 35, 44.0, 0.575
surrogate, 35, 44.0, 0.575
surrogate, 35, 44.0, 0.575
surrogate, 35, 43.0, 0.55
surrogate, 35, 43.0, 0.55
surrogate, 35, 43.0, 0.55
surrogate, 35, 43.0, 0.55
surrogate, 35, 43.0, 0.55
surrogate, 35, 43.0, 0.55
surrogate, 35, 43.0, 0.55
surrogate, 35, 43.0, 0.55
surrogate, 35, 43.0, 0.55
surrogate, 35, 43.0, 0.55
surrogate, 35, 43.0, 0.55
surrogate, 35, 43.0, 0.55
surrogate, 35, 43.0, 0.55
surrogate, 35, 43.0, 0.55
surrogate, 35, 43.0, 0.55
surrogate, 35, 43.0, 0.55
surrogate, 35, 43.0, 0.55
surrogate, 35, 43.0, 0.55
surrogate, 35, 43.0, 0.55
surrogate, 35, 43.0, 0.55
surrogate, 35, 43.0, 0.55
surrogate, 35, 43.0, 0.55
surrogate, 35, 43.0, 0.55
surrogate, 35, 42.0, 0.525
surrogate, 35, 42.0, 0.525
surrogate, 35, 42.0, 0.525
surrogate, 35, 42.0, 0.525
surrogate, 35, 42.0, 0.525
surrogate, 35, 42.0, 0.525
surrogate, 35, 42.0, 0.525
surrogate, 35, 42.0, 0.525
surrogate, 35, 42.0, 0.525
surrogate, 35, 42.0, 0.525
surrogate, 35, 42.0, 0.525
surrogate, 35, 42.0, 0.525
surrogate, 35, 42.0, 0.525
surrogate, 35, 42.0, 0.525
surrogate, 35, 42.0, 0.525
surrogate, 35, 42.0, 0.525
surrogate, 35, 39.0, 0.3
surrogate, 35, 39.0, 0.3
surrogate, 35, 39.0, 0.3
surrogate, 35, 39.0, 0.3
surrogate, 35, 39.0, 0.3
surrogate, 35, 39.0, 0.3
surrogate, 35, 39.0, 0.3
surrogate, 35, 39.0, 0.3
surrogate, 35, 39.0, 0.3
surrogate, 35, 39.0, 0.3
surrogate, 35, 39.0, 0.3
surrogate, 35, 39.0, 0.3
surrogate, 35, 39.0, 0.3
surrogate, 35, 39.0, 0.3
surrogate, 35, 39.0, 0.3
surrogate, 35, 39.0, 0.3
surrogate, 35, 39.0, 0.3
surrogate, 35, 39.0, 0.3
surrogate, 35, 39.0, 0.3
surrogate, 35, 39.0, 0.3
surrogate, 35, 39.0, 0.3
surrogate, 35, 39.0, 0.3
surrogate, 35, 39.0, 0.3
surrogate, 35, 39.0, 0.3
surrogate, 36, 44.0, 0.575
surrogate, 36, 44.0, 0.575
surrogate, 36, 44.0, 0.575
surrogate, 36, 44.0, 0.575
surrogate, 36, 44.0, 0.575
surrogate, 36, 44.0, 0.575
surrogate, 36, 44.0, 0.575
surrogate, 36, 44.0, 0.575
surrogate, 36, 44.0, 0.575
surrogate, 36, 43.0, 0.55
surrogate, 36, 43.0, 0.55
surrogate, 36, 43.0, 0.55
surrogate, 36, 43.0, 0.55
surrogate, 36, 43.0, 0.55
surrogate, 36, 43.0, 0.55
surrogate, 36, 43.0, 0.55
surrogate, 36, 43.0, 0.55
surrogate, 36, 43.0, 0.55
surrogate, 36, 43.0, 0.55
surrogate, 36, 43.0, 0.55
surrogate, 36, 43.0, 0.55
surrogate, 36, 43.0, 0.55
surrogate, 36, 43.0, 0.55
surrogate, 36, 43.0, 0.55
surrogate, 36, 43.0, 0.55
surrogate, 36, 43.0, 0.55
surrogate, 36, 43.0, 0.55
surrogate, 36, 43.0, 0.55
surrogate, 36, 43.0, 0.55
surrogate, 36, 43.0, 0.55
surrogate, 36, 43.0, 0.55
surrogate, 36, 43.0, 0.55
surrogate, 36, 43.0, 0.55
surrogate, 36, 42.0, 0.525
surrogate, 36, 42.0, 0.525
surrogate, 36, 42.0, 0.525
surrogate, 36, 42.0, 0.525
surrogate, 36, 42.0, 0.525
surrogate, 36, 42.0, 0.525
surrogate, 36, 42.0, 0.525
surrogate, 36, 42.0, 0.525
surrogate, 36, 42.0, 0.525
surrogate, 36, 42.0, 0.525
surrogate, 36, 42.0, 0.525
surrogate, 36, 42.0, 0.525
surrogate, 36, 42.0, 0.525
surrogate, 36, 42.0, 0.525
surrogate, 36, 42.0, 0.525
surrogate, 36, 42.0, 0.525
surrogate, 36, 42.0, 0.525
surrogate, 36, 39.0, 0.3
surrogate, 36, 39.0, 0.3
surrogate, 36, 39.0, 0.3
surrogate, 36, 39.0, 0.3
surrogate, 36, 39.0, 0.3
surrogate, 36, 39.0, 0.3
surrogate, 36, 39.0, 0.3
surrogate, 36, 39.0, 0.3
surrogate, 36, 39.0, 0.3
surrogate, 36, 39.0, 0.3
surrogate, 36, 39.0, 0.3
surrogate, 36, 39.0, 0.3
surrogate, 36, 39.0, 0.3
surrogate, 36, 39.0, 0.3
surrogate, 36, 39.0, 0.3
surrogate, 36, 39.0, 0.3
surrogate, 36, 39.0, 0.3
surrogate, 36, 39.0, 0.3
surrogate, 36, 39.0, 0.3
surrogate, 36, 39.0, 0.3
surrogate, 36, 39.0, 0.3
surrogate, 36, 39.0, 0.3
surrogate, 36, 39.0, 0.3
surrogate, 36, 39.0, 0.3
surrogate, 37, 43.0, 0.575
surrogate, 37, 42.0, 0.525
surrogate, 37, 42.0, 0.525
surrogate, 37, 42.0, 0.525
surrogate, 37, 42.0, 0.525
surrogate, 37, 42.0, 0.525
surrogate, 37, 42.0, 0.525
surrogate, 37, 42.0, 0.525
surrogate, 37, 42.0, 0.525
surrogate, 37, 42.0, 0.525
surrogate, 37, 42.0, 0.525
surrogate, 37, 42.0, 0.525
surrogate, 37, 42.0, 0.525
surrogate, 37, 42.0, 0.525
surrogate, 37, 42.0, 0.525
surrogate, 37, 42.0, 0.525
surrogate, 37, 42.0, 0.525
surrogate, 37, 42.0, 0.525
surrogate, 37, 42.0, 0.525
surrogate, 37, 39.0, 0.3
surrogate, 37, 39.0, 0.3
surrogate, 37, 39.0, 0.3
surrogate, 37, 39.0, 0.3
surrogate, 37, 39.0, 0.3
surrogate, 37, 39.0, 0.3
surrogate, 37, 39.0, 0.3
surrogate, 37, 39.0, 0.3
surrogate, 37, 39.0, 0.3
surrogate, 37, 39.0, 0.3
surrogate, 37, 39.0, 0.3
surrogate, 37, 39.0, 0.3
surrogate, 37, 39.0, 0.3
surrogate, 37, 39.0, 0.3
surrogate, 37, 39.0, 0.3
surrogate, 37, 39.0, 0.3
surrogate, 37, 39.0, 0.3
surrogate, 37, 39.0, 0.3
surrogate, 37, 39.0, 0.3
surrogate, 37, 39.0, 0.3
surrogate, 37, 39.0, 0.3
surrogate, 37, 39.0, 0.3
surrogate, 37, 39.0, 0.3
surrogate, 37, 39.0, 0.3
surrogate, 37, 39.0, 0.3
surrogate, 37, 39.0, 0.3
surrogate, 38, 43.0, 0.575
surrogate, 38, 43.0, 0.575
surrogate, 38, 42.0, 0.525
surrogate, 38, 42.0, 0.525
surrogate, 38, 42.0, 0.525
surrogate, 38, 42.0, 0.525
surrogate, 38, 42.0, 0.525
surrogate, 38, 42.0, 0.525
surrogate, 38, 42.0, 0.525
surrogate, 38, 42.0, 0.525
surrogate, 38, 42.0, 0.525
surrogate, 38, 42.0, 0.525
surrogate, 38, 42.0, 0.525
surrogate, 38, 42.0, 0.525
surrogate, 38, 42.0, 0.525
surrogate, 38, 42.0, 0.525
surrogate, 38, 42.0, 0.525
surrogate, 38, 42.0, 0.525
surrogate, 38, 42.0, 0.525
surrogate, 38, 42.0, 0.525
surrogate, 38, 42.0, 0.525
surrogate, 38, 39.0, 0.3
surrogate, 38, 39.0, 0.3
surrogate, 38, 39.0, 0.3
surrogate, 38, 39.0, 0.3
surrogate, 38, 39.0, 0.3
surrogate, 38, 39.0, 0.3
surrogate, 38, 39.0, 0.3
surrogate, 38, 39.0, 0.3
surrogate, 38, 39.0, 0.3
surrogate, 38, 39.0, 0.3
surrogate, 38, 39.0, 0.3
surrogate, 38, 39.0, 0.3
surrogate, 38, 39.0, 0.3
surrogate, 38, 39.0, 0.3
surrogate, 38, 39.0, 0.3
surrogate, 38, 39.0, 0.3
surrogate, 38, 39.0, 0.3
surrogate, 38, 39.0, 0.3
surrogate, 38, 39.0, 0.3
surrogate, 38, 39.0, 0.3
surrogate, 38, 39.0, 0.3
surrogate, 38, 39.0, 0.3
surrogate, 38, 39.0, 0.3
surrogate, 38, 39.0, 0.3
surrogate, 38, 39.0, 0.3
surrogate, 38, 39.0, 0.3
surrogate, 38, 39.0, 0.3
surrogate, 39, 43.0, 0.575
surrogate, 39, 43.0, 0.575
surrogate, 39, 42.0, 0.525
surrogate, 39, 42.0, 0.525
surrogate, 39, 42.0, 0.525
surrogate, 39, 42.0, 0.525
surrogate, 39, 42.0, 0.525
surrogate, 39, 42.0, 0.525
surrogate, 39, 42.0, 0.525
surrogate, 39, 42.0, 0.525
surrogate, 39, 42.0, 0.525
surrogate, 39, 42.0, 0.525
surrogate, 39, 42.0, 0.525
surrogate, 39, 42.0, 0.525
surrogate, 39, 42.0, 0.525
surrogate, 39, 42.0, 0.525
surrogate, 39, 42.0, 0.525
surrogate, 39, 42.0, 0.525
surrogate, 39, 42.0, 0.525
surrogate, 39, 42.0, 0.525
surrogate, 39, 42.0, 0.525
surrogate, 39, 39.0, 0.3
surrogate, 39, 39.0, 0.3
surrogate, 39, 39.0, 0.3
surrogate, 39, 39.0, 0.3
surrogate, 39, 39.0, 0.3
surrogate, 39, 39.0, 0.3
surrogate, 39, 39.0, 0.3
surrogate, 39, 39.0, 0.3
surrogate, 39, 39.0, 0.3
surrogate, 39, 39.0, 0.3
surrogate, 39, 39.0, 0.3
surrogate, 39, 39.0, 0.3
surrogate, 39, 39.0, 0.3
surrogate, 39, 39.0, 0.3
surrogate, 39, 39.0, 0.3
surrogate, 39, 39.0, 0.3
surrogate, 39, 39.0, 0.3
surrogate, 39, 39.0, 0.3
surrogate, 39, 39.0, 0.3
surrogate, 39, 39.0, 0.3
surrogate, 39, 39.0, 0.3
surrogate, 39, 39.0, 0.3
surrogate, 39, 39.0, 0.3
surrogate, 39, 39.0, 0.3
surrogate, 39, 39.0, 0.3
surrogate, 39, 39.0, 0.3
surrogate, 39, 39.0, 0.3
surrogate, 39, 39.0, 0.3
surrogate, 40, 43.0, 0.575
surrogate, 40, 43.0, 0.575
surrogate, 40, 43.0, 0.575
surrogate, 40, 42.0, 0.525
surrogate, 40, 42.0, 0.525
surrogate, 40, 42.0, 0.525
surrogate, 40, 42.0, 0.525
surrogate, 40, 42.0, 0.525
surrogate, 40, 42.0, 0.525
surrogate, 40, 42.0, 0.525
surrogate, 40, 42.0, 0.525
surrogate, 40, 42.0, 0.525
surrogate, 40, 42.0, 0.525
surrogate, 40, 42.0, 0.525
surrogate, 40, 42.0, 0.525
surrogate, 40, 42.0, 0.525
surrogate, 40, 42.0, 0.525
surrogate, 40, 42.0, 0.525
surrogate, 40, 42.0, 0.525
surrogate, 40, 42.0, 0.525
surrogate, 40, 42.0, 0.525
surrogate, 40, 42.0, 0.525
surrogate, 40, 39.0, 0.3
surrogate, 40, 39.0, 0.3
surrogate, 40, 39.0, 0.3
surrogate, 40, 39.0, 0.3
surrogate, 40, 39.0, 0.3
surrogate, 40, 39.0, 0.3
surrogate, 40, 39.0, 0.3
surrogate, 40, 39.0, 0.3
surrogate, 40, 39.0, 0.3
surrogate, 40, 39.0, 0.3
surrogate, 40, 39.0, 0.3
surrogate, 40, 39.0, 0.3
surrogate, 40, 39.0, 0.3
surrogate, 40, 39.0, 0.3
surrogate, 40, 39.0, 0.3
surrogate, 40, 39.0, 0.3
surrogate, 40, 39.0, 0.3
surrogate, 40, 39.0, 0.3
surrogate, 40, 39.0, 0.3
surrogate, 40, 39.0, 0.3
surrogate, 40, 39.0, 0.3
surrogate, 40, 39.0, 0.3
surrogate, 40, 39.0, 0.3
surrogate, 40, 39.0, 0.3
surrogate, 40, 39.0, 0.3
surrogate, 40, 39.0, 0.3
surrogate, 40, 39.0, 0.3
surrogate, 40, 39.0, 0.3
surrogate, 40, 39.0, 0.3
surrogate, 41, 43.0, 0.575
surrogate, 41, 43.0, 0.575
surrogate, 41, 43.0, 0.575
surrogate, 41, 43.0, 0.575
surrogate, 41, 42.0, 0.525
surrogate, 41, 42.0, 0.525
surrogate, 41, 42.0, 0.525
surrogate, 41, 42.0, 0.525
surrogate, 41, 42.0, 0.525
surrogate, 41, 42.0, 0.525
surrogate, 41, 42.0, 0.525
surrogate, 41, 42.0, 0.525
surrogate, 41, 42.0, 0.525
surrogate, 41, 42.0, 0.525
surrogate, 41, 42.0, 0.525
surrogate, 41, 42.0, 0.525
surrogate, 41, 42.0, 0.525
surrogate, 41, 42.0, 0.525
surrogate, 41, 42.0, 0.525
surrogate, 41, 42.0, 0.525
surrogate, 41, 42.0, 0.525
surrogate, 41, 42.0, 0.525
surrogate, 41, 42.0, 0.525
surrogate, 41, 42.0, 0.525
surrogate, 41, 39.0, 0.3
surrogate, 41, 39.0, 0.3
surrogate, 41, 39.0, 0.3
surrogate, 41, 39.0, 0.3
surrogate, 41, 39.0, 0.3
surrogate, 41, 39.0, 0.3
surrogate, 41, 39.0, 0.3
surrogate, 41, 39.0, 0.3
surrogate, 41, 39.0, 0.3
surrogate, 41, 39.0, 0.3
surrogate, 41, 39.0, 0.3
surrogate, 41, 39.0, 0.3
surrogate, 41, 39.0, 0.3
surrogate, 41, 39.0, 0.3
surrogate, 41, 39.0, 0.3
surrogate, 41, 39.0, 0.3
surrogate, 41, 39.0, 0.3
surrogate, 41, 39.0, 0.3
surrogate, 41, 39.0, 0.3
surrogate, 41, 39.0, 0.3
surrogate, 41, 39.0, 0.3
surrogate, 41, 39.0, 0.3
surrogate, 41, 39.0, 0.3
surrogate, 41, 39.0, 0.3
surrogate, 41, 39.0, 0.3
surrogate, 41, 39.0, 0.3
surrogate, 41, 39.0, 0.3
surrogate, 41, 39.0, 0.3
surrogate, 41, 39.0, 0.3
surrogate, 41, 39.0, 0.3
surrogate, 42, 42.0, 0.575
surrogate, 42, 39.0, 0.3
surrogate, 42, 39.0, 0.3
surrogate, 42, 39.0, 0.3
surrogate, 42, 39.0, 0.3
surrogate, 42, 39.0, 0.3
surrogate, 42, 39.0, 0.3
surrogate, 42, 39.0, 0.3
surrogate, 42, 39.0, 0.3
surrogate, 42, 39.0, 0.3
surrogate, 42, 39.0, 0.3
surrogate, 42, 39.0, 0.3
surrogate, 42, 39.0, 0.3
surrogate, 42, 39.0, 0.3
surrogate, 42, 39.0, 0.3
surrogate, 42, 39.0, 0.3
surrogate, 42, 39.0, 0.3
surrogate, 42, 39.0, 0.3
surrogate, 42, 39.0, 0.3
surrogate, 42, 39.0, 0.3
surrogate, 42, 39.0, 0.3
surrogate, 42, 39.0, 0.3
surrogate, 42, 39.0, 0.3
surrogate, 42, 39.0, 0.3
surrogate, 42, 39.0, 0.3
surrogate, 42, 39.0, 0.3
surrogate, 42, 39.0, 0.3
surrogate, 42, 39.0, 0.3
surrogate, 42, 39.0, 0.3
surrogate, 42, 39.0, 0.3
surrogate, 42, 39.0, 0.3
surrogate, 42, 39.0, 0.3
surrogate, 43, 42.0, 0.575
surrogate, 43, 39.0, 0.3
surrogate, 43, 39.0, 0.3
surrogate, 43, 39.0, 0.3
surrogate, 43, 39.0, 0.3
surrogate, 43, 39.0, 0.3
surrogate, 43, 39.0, 0.3
surrogate, 43, 39.0, 0.3
surrogate, 43, 39.0, 0.3
surrogate, 43, 39.0, 0.3
surrogate, 43, 39.0, 0.3
surrogate, 43, 39.0, 0.3
surrogate, 43, 39.0, 0.3
surrogate, 43, 39.0, 0.3
surrogate, 43, 39.0, 0.3
surrogate, 43, 39.0, 0.3
surrogate, 43, 39.0, 0.3
surrogate, 43, 39.0, 0.3
surrogate, 43, 39.0, 0.3
surrogate, 43, 39.0, 0.3
surrogate, 43, 39.0, 0.3
surrogate, 43, 39.0, 0.3
surrogate, 43, 39.0, 0.3
surrogate, 43, 39.0, 0.3
surrogate, 43, 39.0, 0.3
surrogate, 43, 39.0, 0.3
surrogate, 43, 39.0, 0.3
surrogate, 43, 39.0, 0.3
surrogate, 43, 39.0, 0.3
surrogate, 43, 39.0, 0.3
surrogate, 43, 39.0, 0.3
surrogate, 43, 39.0, 0.3
surrogate, 44, 42.0, 0.575
surrogate, 44, 42.0, 0.575
surrogate, 44, 39.0, 0.3
surrogate, 44, 39.0, 0.3
surrogate, 44, 39.0, 0.3
surrogate, 44, 39.0, 0.3
surrogate, 44, 39.0, 0.3
surrogate, 44, 39.0, 0.3
surrogate, 44, 39.0, 0.3
surrogate, 44, 39.0, 0.3
surrogate, 44, 39.0, 0.3
surrogate, 44, 39.0, 0.3
surrogate, 44, 39.0, 0.3
surrogate, 44, 39.0, 0.3
surrogate, 44, 39.0, 0.3
surrogate, 44, 39.0, 0.3
surrogate, 44, 39.0, 0.3
surrogate, 44, 39.0, 0.3
surrogate, 44, 39.0, 0.3
surrogate, 44, 39.0, 0.3
surrogate, 44, 39.0, 0.3
surrogate, 44, 39.0, 0.3
surrogate, 44, 39.0, 0.3
surrogate, 44, 39.0, 0.3
surrogate, 44, 39.0, 0.3
surrogate, 44, 39.0, 0.3
surrogate, 44, 39.0, 0.3
surrogate, 44, 39.0, 0.3
surrogate, 44, 39.0, 0.3
surrogate, 44, 39.0, 0.3
surrogate, 44, 39.0, 0.3
surrogate, 44, 39.0, 0.3
surrogate, 44, 39.0, 0.3
surrogate, 45, 42.0, 0.575
surrogate, 45, 42.0, 0.575
surrogate, 45, 39.0, 0.3
surrogate, 45, 39.0, 0.3
surrogate, 45, 39.0, 0.3
surrogate, 45, 39.0, 0.3
surrogate, 45, 39.0, 0.3
surrogate, 45, 39.0, 0.3
surrogate, 45, 39.0, 0.3
surrogate, 45, 39.0, 0.3
surrogate, 45, 39.0, 0.3
surrogate, 45, 39.0, 0.3
surrogate, 45, 39.0, 0.3
surrogate, 45, 39.0, 0.3
surrogate, 45, 39.0, 0.3
surrogate, 45, 39.0, 0.3
surrogate, 45, 39.0, 0.3
surrogate, 45, 39.0, 0.3
surrogate, 45, 39.0, 0.3
surrogate, 45, 39.0, 0.3
surrogate, 45, 39.0, 0.3
surrogate, 45, 39.0, 0.3
surrogate, 45, 39.0, 0.3
surrogate, 45, 39.0, 0.3
surrogate, 45, 39.0, 0.3
surrogate, 45, 39.0, 0.3
surrogate, 45, 39.0, 0.3
surrogate, 45, 39.0, 0.3
surrogate, 45, 39.0, 0.3
surrogate, 45, 39.0, 0.3
surrogate, 45, 39.0, 0.3
surrogate, 45, 39.0, 0.3
surrogate, 45, 39.0, 0.3
surrogate, 45, 39.0, 0.3
surrogate, 46, 42.0, 0.575
surrogate, 46, 42.0, 0.575
surrogate, 46, 42.0, 0.575
surrogate, 46, 39.0, 0.3
surrogate, 46, 39.0, 0.3
surrogate, 46, 39.0, 0.3
surrogate, 46, 39.0, 0.3
surrogate, 46, 39.0, 0.3
surrogate, 46, 39.0, 0.3
surrogate, 46, 39.0, 0.3
surrogate, 46, 39.0, 0.3
surrogate, 46, 39.0, 0.3
surrogate, 46, 39.0, 0.3
surrogate, 46, 39.0, 0.3
surrogate, 46, 39.0, 0.3
surrogate, 46, 39.0, 0.3
surrogate, 46, 39.0, 0.3
surrogate, 46, 39.0, 0.3
surrogate, 46, 39.0, 0.3
surrogate, 46, 39.0, 0.3
surrogate, 46, 39.0, 0.3
surrogate, 46, 39.0, 0.3
surrogate, 46, 39.0, 0.3
surrogate, 46, 39.0, 0.3
surrogate, 46, 39.0, 0.3
surrogate, 46, 39.0, 0.3
surrogate, 46, 39.0, 0.3
surrogate, 46, 39.0, 0.3
surrogate, 46, 39.0, 0.3
surrogate, 46, 39.0, 0.3
surrogate, 46, 39.0, 0.3
surrogate, 46, 39.0, 0.3
surrogate, 46, 39.0, 0.3
surrogate, 46, 39.0, 0.3
surrogate, 46, 39.0, 0.3
surrogate, 46, 39.0, 0.3
surrogate, 47, 42.0, 0.575
surrogate, 47, 42.0, 0.575
surrogate, 47, 42.0, 0.575
surrogate, 47, 39.0, 0.3
surrogate, 47, 39.0, 0.3
surrogate, 47, 39.0, 0.3
surrogate, 47, 39.0, 0.3
surrogate, 47, 39.0, 0.3
surrogate, 47, 39.0, 0.3
surrogate, 47, 39.0, 0.3
surrogate, 47, 39.0, 0.3
surrogate, 47, 39.0, 0.3
surrogate, 47, 39.0, 0.3
surrogate, 47, 39.0, 0.3
surrogate, 47, 39.0, 0.3
surrogate, 47, 39.0, 0.3
surrogate, 47, 39.0, 0.3
surrogate, 47, 39.0, 0.3
surrogate, 47, 39.0, 0.3
surrogate, 47, 39.0, 0.3
surrogate, 47, 39.0, 0.3
surrogate, 47, 39.0, 0.3
surrogate, 47, 39.0, 0.3
surrogate, 47, 39.0, 0.3
surrogate, 47, 39.0, 0.3
surrogate, 47, 39.0, 0.3
surrogate, 47, 39.0, 0.3
surrogate, 47, 39.0, 0.3
surrogate, 47, 39.0, 0.3
surrogate, 47, 39.0, 0.3
surrogate, 47, 39.0, 0.3
surrogate, 47, 39.0, 0.3
surrogate, 47, 39.0, 0.3
surrogate, 47, 39.0, 0.3
surrogate, 47, 39.0, 0.3
surrogate, 47, 39.0, 0.3
surrogate, 47, 39.0, 0.3
surrogate, 48, 42.0, 0.575
surrogate, 48, 42.0, 0.575
surrogate, 48, 42.0, 0.575
surrogate, 48, 42.0, 0.575
surrogate, 48, 39.0, 0.3
surrogate, 48, 39.0, 0.3
surrogate, 48, 39.0, 0.3
surrogate, 48, 39.0, 0.3
surrogate, 48, 39.0, 0.3
surrogate, 48, 39.0, 0.3
surrogate, 48, 39.0, 0.3
surrogate, 48, 39.0, 0.3
surrogate, 48, 39.0, 0.3
surrogate, 48, 39.0, 0.3
surrogate, 48, 39.0, 0.3
surrogate, 48, 39.0, 0.3
surrogate, 48, 39.0, 0.3
surrogate, 48, 39.0, 0.3
surrogate, 48, 39.0, 0.3
surrogate, 48, 39.0, 0.3
surrogate, 48, 39.0, 0.3
surrogate, 48, 39.0, 0.3
surrogate, 48, 39.0, 0.3
surrogate, 48, 39.0, 0.3
surrogate, 48, 39.0, 0.3
surrogate, 48, 39.0, 0.3
surrogate, 48, 39.0, 0.3
surrogate, 48, 39.0, 0.3
surrogate, 48, 39.0, 0.3
surrogate, 48, 39.0, 0.3
surrogate, 48, 39.0, 0.3
surrogate, 48, 39.0, 0.3
surrogate, 48, 39.0, 0.3
surrogate, 48, 39.0, 0.3
surrogate, 48, 39.0, 0.3
surrogate, 48, 39.0, 0.3
surrogate, 48, 39.0, 0.3
surrogate, 48, 39.0, 0.3
surrogate, 48, 39.0, 0.3
surrogate, 49, 42.0, 0.575
surrogate, 49, 42.0, 0.575
surrogate, 49, 42.0, 0.575
surrogate, 49, 42.0, 0.575
surrogate, 49, 39.0, 0.3
surrogate, 49, 39.0, 0.3
surrogate, 49, 39.0, 0.3
surrogate, 49, 39.0, 0.3
surrogate, 49, 39.0, 0.3
surrogate, 49, 39.0, 0.3
surrogate, 49, 39.0, 0.3
surrogate, 49, 39.0, 0.3
surrogate, 49, 39.0, 0.3
surrogate, 49, 39.0, 0.3
surrogate, 49, 39.0, 0.3
surrogate, 49, 39.0, 0.3
surrogate, 49, 39.0, 0.3
surrogate, 49, 39.0, 0.3
surrogate, 49, 39.0, 0.3
surrogate, 49, 39.0, 0.3
surrogate, 49, 39.0, 0.3
surrogate, 49, 39.0, 0.3
surrogate, 49, 39.0, 0.3
surrogate, 49, 39.0, 0.3
surrogate, 49, 39.0, 0.3
surrogate, 49, 39.0, 0.3
surrogate, 49, 39.0, 0.3
surrogate, 49, 39.0, 0.3
surrogate, 49, 39.0, 0.3
surrogate, 49, 39.0, 0.3
surrogate, 49, 39.0, 0.3
surrogate, 49, 39.0, 0.3
surrogate, 49, 39.0, 0.3
surrogate, 49, 39.0, 0.3
surrogate, 49, 39.0, 0.3
surrogate, 49, 39.0, 0.3
surrogate, 49, 39.0, 0.3
surrogate, 49, 39.0, 0.3
surrogate, 49, 39.0, 0.3
surrogate, 50, 42.0, 0.575
surrogate, 50, 42.0, 0.575
surrogate, 50, 42.0, 0.575
surrogate, 50, 42.0, 0.575
surrogate, 50, 42.0, 0.575
surrogate, 50, 39.0, 0.3
surrogate, 50, 39.0, 0.3
surrogate, 50, 39.0, 0.3
surrogate, 50, 39.0, 0.3
surrogate, 50, 39.0, 0.3
surrogate, 50, 39.0, 0.3
surrogate, 50, 39.0, 0.3
surrogate, 50, 39.0, 0.3
surrogate, 50, 39.0, 0.3
surrogate, 50, 39.0, 0.3
surrogate, 50, 39.0, 0.3
surrogate, 50, 39.0, 0.3
surrogate, 50, 39.0, 0.3
surrogate, 50, 39.0, 0.3
surrogate, 50, 39.0, 0.3
surrogate, 50, 39.0, 0.3
surrogate, 50, 39.0, 0.3
surrogate, 50, 39.0, 0.3
surrogate, 50, 39.0, 0.3
surrogate, 50, 39.0, 0.3
surrogate, 50, 39.0, 0.3
surrogate, 50, 39.0, 0.3
surrogate, 50, 39.0, 0.3
surrogate, 50, 39.0, 0.3
surrogate, 50, 39.0, 0.3
surrogate, 50, 39.0, 0.3
surrogate, 50, 39.0, 0.3
surrogate, 50, 39.0, 0.3
surrogate, 50, 39.0, 0.3
surrogate, 50, 39.0, 0.3
surrogate, 50, 39.0, 0.3
surrogate, 50, 39.0, 0.3
surrogate, 50, 39.0, 0.3
surrogate, 50, 39.0, 0.3
surrogate, 50, 39.0, 0.3
surrogate, 51, 42.0, 0.575
surrogate, 51, 42.0, 0.575
surrogate, 51, 42.0, 0.575
surrogate, 51, 42.0, 0.575
surrogate, 51, 42.0, 0.575
surrogate, 51, 42.0, 0.575
surrogate, 51, 39.0, 0.3
surrogate, 51, 39.0, 0.3
surrogate, 51, 39.0, 0.3
surrogate, 51, 39.0, 0.3
surrogate, 51, 39.0, 0.3
surrogate, 51, 39.0, 0.3
surrogate, 51, 39.0, 0.3
surrogate, 51, 39.0, 0.3
surrogate, 51, 39.0, 0.3
surrogate, 51, 39.0, 0.3
surrogate, 51, 39.0, 0.3
surrogate, 51, 39.0, 0.3
surrogate, 51, 39.0, 0.3
surrogate, 51, 39.0, 0.3
surrogate, 51, 39.0, 0.3
surrogate, 51, 39.0, 0.3
surrogate, 51, 39.0, 0.3
surrogate, 51, 39.0, 0.3
surrogate, 51, 39.0, 0.3
surrogate, 51, 39.0, 0.3
surrogate, 51, 39.0, 0.3
surrogate, 51, 39.0, 0.3
surrogate, 51, 39.0, 0.3
surrogate, 51, 39.0, 0.3
surrogate, 51, 39.0, 0.3
surrogate, 51, 39.0, 0.3
surrogate, 51, 39.0, 0.3
surrogate, 51, 39.0, 0.3
surrogate, 51, 39.0, 0.3
surrogate, 51, 39.0, 0.3
surrogate, 51, 39.0, 0.3
surrogate, 51, 39.0, 0.3
surrogate, 51, 39.0, 0.3
surrogate, 51, 39.0, 0.3
surrogate, 51, 39.0, 0.3
surrogate, 52, 42.0, 0.575
surrogate, 52, 42.0, 0.575
surrogate, 52, 42.0, 0.575
surrogate, 52, 42.0, 0.575
surrogate, 52, 42.0, 0.575
surrogate, 52, 42.0, 0.575
surrogate, 52, 42.0, 0.575
surrogate, 52, 39.0, 0.3
surrogate, 52, 39.0, 0.3
surrogate, 52, 39.0, 0.3
surrogate, 52, 39.0, 0.3
surrogate, 52, 39.0, 0.3
surrogate, 52, 39.0, 0.3
surrogate, 52, 39.0, 0.3
surrogate, 52, 39.0, 0.3
surrogate, 52, 39.0, 0.3
surrogate, 52, 39.0, 0.3
surrogate, 52, 39.0, 0.3
surrogate, 52, 39.0, 0.3
surrogate, 52, 39.0, 0.3
surrogate, 52, 39.0, 0.3
surrogate, 52, 39.0, 0.3
surrogate, 52, 39.0, 0.3
surrogate, 52, 39.0, 0.3
surrogate, 52, 39.0, 0.3
surrogate, 52, 39.0, 0.3
surrogate, 52, 39.0, 0.3
surrogate, 52, 39.0, 0.3
surrogate, 52, 39.0, 0.3
surrogate, 52, 39.0, 0.3
surrogate, 52, 39.0, 0.3
surrogate, 52, 39.0, 0.3
surrogate, 52, 39.0, 0.3
surrogate, 52, 39.0, 0.3
surrogate, 52, 39.0, 0.3
surrogate, 52, 39.0, 0.3
surrogate, 52, 39.0, 0.3
surrogate, 52, 39.0, 0.3
surrogate, 52, 39.0, 0.3
surrogate, 52, 39.0, 0.3
surrogate, 52, 39.0, 0.3
surrogate, 52, 39.0, 0.3
surrogate, 53, 42.0, 0.575
surrogate, 53, 42.0, 0.575
surrogate, 53, 42.0, 0.575
surrogate, 53, 42.0, 0.575
surrogate, 53, 42.0, 0.575
surrogate, 53, 42.0, 0.575
surrogate, 53, 42.0, 0.575
surrogate, 53, 39.0, 0.3
surrogate, 53, 39.0, 0.3
surrogate, 53, 39.0, 0.3
surrogate, 53, 39.0, 0.3
surrogate, 53, 39.0, 0.3
surrogate, 53, 39.0, 0.3
surrogate, 53, 39.0, 0.3
surrogate, 53, 39.0, 0.3
surrogate, 53, 39.0, 0.3
surrogate, 53, 39.0, 0.3
surrogate, 53, 39.0, 0.3
surrogate, 53, 39.0, 0.3
surrogate, 53, 39.0, 0.3
surrogate, 53, 39.0, 0.3
surrogate, 53, 39.0, 0.3
surrogate, 53, 39.0, 0.3
surrogate, 53, 39.0, 0.3
surrogate, 53, 39.0, 0.3
surrogate, 53, 39.0, 0.3
surrogate, 53, 39.0, 0.3
surrogate, 53, 39.0, 0.3
surrogate, 53, 39.0, 0.3
surrogate, 53, 39.0, 0.3
surrogate, 53, 39.0, 0.3
surrogate, 53, 39.0, 0.3
surrogate, 53, 39.0, 0.3
surrogate, 53, 39.0, 0.3
surrogate, 53, 39.0, 0.3
surrogate, 53, 39.0, 0.3
surrogate, 53, 39.0, 0.3
surrogate, 53, 39.0, 0.3
surrogate, 53, 39.0, 0.3
surrogate, 53, 39.0, 0.3
surrogate, 53, 39.0, 0.3
surrogate, 53, 39.0, 0.3
surrogate, 54, 42.0, 0.575
surrogate, 54, 42.0, 0.575
surrogate, 54, 42.0, 0.575
surrogate, 54, 42.0, 0.575
surrogate, 54, 42.0, 0.575
surrogate, 54, 42.0, 0.575
surrogate, 54, 42.0, 0.575
surrogate, 54, 42.0, 0.575
surrogate, 54, 39.0, 0.3
surrogate, 54, 39.0, 0.3
surrogate, 54, 39.0, 0.3
surrogate, 54, 39.0, 0.3
surrogate, 54, 39.0, 0.3
surrogate, 54, 39.0, 0.3
surrogate, 54, 39.0, 0.3
surrogate, 54, 39.0, 0.3
surrogate, 54, 39.0, 0.3
surrogate, 54, 39.0, 0.3
surrogate, 54, 39.0, 0.3
surrogate, 54, 39.0, 0.3
surrogate, 54, 39.0, 0.3
surrogate, 54, 39.0, 0.3
surrogate, 54, 39.0, 0.3
surrogate, 54, 39.0, 0.3
surrogate, 54, 39.0, 0.3
surrogate, 54, 39.0, 0.3
surrogate, 54, 39.0, 0.3
surrogate, 54, 39.0, 0.3
surrogate, 54, 39.0, 0.3
surrogate, 54, 39.0, 0.3
surrogate, 54, 39.0, 0.3
surrogate, 54, 39.0, 0.3
surrogate, 54, 39.0, 0.3
surrogate, 54, 39.0, 0.3
surrogate, 54, 39.0, 0.3
surrogate, 54, 39.0, 0.3
surrogate, 54, 39.0, 0.3
surrogate, 54, 39.0, 0.3
surrogate, 54, 39.0, 0.3
surrogate, 54, 39.0, 0.3
surrogate, 54, 39.0, 0.3
surrogate, 54, 39.0, 0.3
surrogate, 54, 39.0, 0.3
surrogate, 54, 39.0, 0.3
surrogate, 55, 42.0, 0.575
surrogate, 55, 42.0, 0.575
surrogate, 55, 42.0, 0.575
surrogate, 55, 42.0, 0.575
surrogate, 55, 42.0, 0.575
surrogate, 55, 42.0, 0.575
surrogate, 55, 42.0, 0.575
surrogate, 55, 42.0, 0.575
surrogate, 55, 39.0, 0.3
surrogate, 55, 39.0, 0.3
surrogate, 55, 39.0, 0.3
surrogate, 55, 39.0, 0.3
surrogate, 55, 39.0, 0.3
surrogate, 55, 39.0, 0.3
surrogate, 55, 39.0, 0.3
surrogate, 55, 39.0, 0.3
surrogate, 55, 39.0, 0.3
surrogate, 55, 39.0, 0.3
surrogate, 55, 39.0, 0.3
surrogate, 55, 39.0, 0.3
surrogate, 55, 39.0, 0.3
surrogate, 55, 39.0, 0.3
surrogate, 55, 39.0, 0.3
surrogate, 55, 39.0, 0.3
surrogate, 55, 39.0, 0.3
surrogate, 55, 39.0, 0.3
surrogate, 55, 39.0, 0.3
surrogate, 55, 39.0, 0.3
surrogate, 55, 39.0, 0.3
surrogate, 55, 39.0, 0.3
surrogate, 55, 39.0, 0.3
surrogate, 55, 39.0, 0.3
surrogate, 55, 39.0, 0.3
surrogate, 55, 39.0, 0.3
surrogate, 55, 39.0, 0.3
surrogate, 55, 39.0, 0.3
surrogate, 55, 39.0, 0.3
surrogate, 55, 39.0, 0.3
surrogate, 55, 39.0, 0.3
surrogate, 55, 39.0, 0.3
surrogate, 55, 39.0, 0.3
surrogate, 55, 39.0, 0.3
surrogate, 55, 39.0, 0.3
surrogate, 55, 39.0, 0.3
surrogate, 55, 39.0, 0.3
surrogate, 56, 42.0, 0.575
surrogate, 56, 42.0, 0.575
surrogate, 56, 42.0, 0.575
surrogate, 56, 42.0, 0.575
surrogate, 56, 42.0, 0.575
surrogate, 56, 42.0, 0.575
surrogate, 56, 42.0, 0.575
surrogate, 56, 42.0, 0.575
surrogate, 56, 42.0, 0.575
surrogate, 56, 39.0, 0.3
surrogate, 56, 39.0, 0.3
surrogate, 56, 39.0, 0.3
surrogate, 56, 39.0, 0.3
surrogate, 56, 39.0, 0.3
surrogate, 56, 39.0, 0.3
surrogate, 56, 39.0, 0.3
surrogate, 56, 39.0, 0.3
surrogate, 56, 39.0, 0.3
surrogate, 56, 39.0, 0.3
surrogate, 56, 39.0, 0.3
surrogate, 56, 39.0, 0.3
surrogate, 56, 39.0, 0.3
surrogate, 56, 39.0, 0.3
surrogate, 56, 39.0, 0.3
surrogate, 56, 39.0, 0.3
surrogate, 56, 39.0, 0.3
surrogate, 56, 39.0, 0.3
surrogate, 56, 39.0, 0.3
surrogate, 56, 39.0, 0.3
surrogate, 56, 39.0, 0.3
surrogate, 56, 39.0, 0.3
surrogate, 56, 39.0, 0.3
surrogate, 56, 39.0, 0.3
surrogate, 56, 39.0, 0.3
surrogate, 56, 39.0, 0.3
surrogate, 56, 39.0, 0.3
surrogate, 56, 39.0, 0.3
surrogate, 56, 39.0, 0.3
surrogate, 56, 39.0, 0.3
surrogate, 56, 39.0, 0.3
surrogate, 56, 39.0, 0.3
surrogate, 56, 39.0, 0.3
surrogate, 56, 39.0, 0.3
surrogate, 56, 39.0, 0.3
surrogate, 56, 39.0, 0.3
surrogate, 56, 39.0, 0.3
surrogate, 57, 42.0, 0.575
surrogate, 57, 42.0, 0.575
surrogate, 57, 42.0, 0.575
surrogate, 57, 42.0, 0.575
surrogate, 57, 42.0, 0.575
surrogate, 57, 42.0, 0.575
surrogate, 57, 42.0, 0.575
surrogate, 57, 42.0, 0.575
surrogate, 57, 42.0, 0.575
surrogate, 57, 42.0, 0.575
surrogate, 57, 39.0, 0.3
surrogate, 57, 39.0, 0.3
surrogate, 57, 39.0, 0.3
surrogate, 57, 39.0, 0.3
surrogate, 57, 39.0, 0.3
surrogate, 57, 39.0, 0.3
surrogate, 57, 39.0, 0.3
surrogate, 57, 39.0, 0.3
surrogate, 57, 39.0, 0.3
surrogate, 57, 39.0, 0.3
surrogate, 57, 39.0, 0.3
surrogate, 57, 39.0, 0.3
surrogate, 57, 39.0, 0.3
surrogate, 57, 39.0, 0.3
surrogate, 57, 39.0, 0.3
surrogate, 57, 39.0, 0.3
surrogate, 57, 39.0, 0.3
surrogate, 57, 39.0, 0.3
surrogate, 57, 39.0, 0.3
surrogate, 57, 39.0, 0.3
surrogate, 57, 39.0, 0.3
surrogate, 57, 39.0, 0.3
surrogate, 57, 39.0, 0.3
surrogate, 57, 39.0, 0.3
surrogate, 57, 39.0, 0.3
surrogate, 57, 39.0, 0.3
surrogate, 57, 39.0, 0.3
surrogate, 57, 39.0, 0.3
surrogate, 57, 39.0, 0.3
surrogate, 57, 39.0, 0.3
surrogate, 57, 39.0, 0.3
surrogate, 57, 39.0, 0.3
surrogate, 57, 39.0, 0.3
surrogate, 57, 39.0, 0.3
surrogate, 57, 39.0, 0.3
surrogate, 57, 39.0, 0.3
surrogate, 57, 39.0, 0.3
surrogate, 58, 42.0, 0.575
surrogate, 58, 42.0, 0.575
surrogate, 58, 42.0, 0.575
surrogate, 58, 42.0, 0.575
surrogate, 58, 42.0, 0.575
surrogate, 58, 42.0, 0.575
surrogate, 58, 42.0, 0.575
surrogate, 58, 42.0, 0.575
surrogate, 58, 42.0, 0.575
surrogate, 58, 42.0, 0.575
surrogate, 58, 42.0, 0.575
surrogate, 58, 39.0, 0.3
surrogate, 58, 39.0, 0.3
surrogate, 58, 39.0, 0.3
surrogate, 58, 39.0, 0.3
surrogate, 58, 39.0, 0.3
surrogate, 58, 39.0, 0.3
surrogate, 58, 39.0, 0.3
surrogate, 58, 39.0, 0.3
surrogate, 58, 39.0, 0.3
surrogate, 58, 39.0, 0.3
surrogate, 58, 39.0, 0.3
surrogate, 58, 39.0, 0.3
surrogate, 58, 39.0, 0.3
surrogate, 58, 39.0, 0.3
surrogate, 58, 39.0, 0.3
surrogate, 58, 39.0, 0.3
surrogate, 58, 39.0, 0.3
surrogate, 58, 39.0, 0.3
surrogate, 58, 39.0, 0.3
surrogate, 58, 39.0, 0.3
surrogate, 58, 39.0, 0.3
surrogate, 58, 39.0, 0.3
surrogate, 58, 39.0, 0.3
surrogate, 58, 39.0, 0.3
surrogate, 58, 39.0, 0.3
surrogate, 58, 39.0, 0.3
surrogate, 58, 39.0, 0.3
surrogate, 58, 39.0, 0.3
surrogate, 58, 39.0, 0.3
surrogate, 58, 39.0, 0.3
surrogate, 58, 39.0, 0.3
surrogate, 58, 39.0, 0.3
surrogate, 58, 39.0, 0.3
surrogate, 58, 39.0, 0.3
surrogate, 58, 39.0, 0.3
surrogate, 58, 39.0, 0.3
surrogate, 58, 39.0, 0.3
surrogate, 58, 39.0, 0.3
surrogate, 59, 42.0, 0.575
surrogate, 59, 42.0, 0.575
surrogate, 59, 42.0, 0.575
surrogate, 59, 42.0, 0.575
surrogate, 59, 42.0, 0.575
surrogate, 59, 42.0, 0.575
surrogate, 59, 42.0, 0.575
surrogate, 59, 42.0, 0.575
surrogate, 59, 42.0, 0.575
surrogate, 59, 42.0, 0.575
surrogate, 59, 42.0, 0.575
surrogate, 59, 39.0, 0.3
surrogate, 59, 39.0, 0.3
surrogate, 59, 39.0, 0.3
surrogate, 59, 39.0, 0.3
surrogate, 59, 39.0, 0.3
surrogate, 59, 39.0, 0.3
surrogate, 59, 39.0, 0.3
surrogate, 59, 39.0, 0.3
surrogate, 59, 39.0, 0.3
surrogate, 59, 39.0, 0.3
surrogate, 59, 39.0, 0.3
surrogate, 59, 39.0, 0.3
surrogate, 59, 39.0, 0.3
surrogate, 59, 39.0, 0.3
surrogate, 59, 39.0, 0.3
surrogate, 59, 39.0, 0.3
surrogate, 59, 39.0, 0.3
surrogate, 59, 39.0, 0.3
surrogate, 59, 39.0, 0.3
surrogate, 59, 39.0, 0.3
surrogate, 59, 39.0, 0.3
surrogate, 59, 39.0, 0.3
surrogate, 59, 39.0, 0.3
surrogate, 59, 39.0, 0.3
surrogate, 59, 39.0, 0.3
surrogate, 59, 39.0, 0.3
surrogate, 59, 39.0, 0.3
surrogate, 59, 39.0, 0.3
surrogate, 59, 39.0, 0.3
surrogate, 59, 39.0, 0.3
surrogate, 59, 39.0, 0.3
surrogate, 59, 39.0, 0.3
surrogate, 59, 39.0, 0.3
surrogate, 59, 39.0, 0.3
surrogate, 59, 39.0, 0.3
surrogate, 59, 39.0, 0.3
surrogate, 59, 39.0, 0.3
surrogate, 59, 39.0, 0.3
surrogate, 60, 42.0, 0.575
surrogate, 60, 42.0, 0.575
surrogate, 60, 42.0, 0.575
surrogate, 60, 42.0, 0.575
surrogate, 60, 42.0, 0.575
surrogate, 60, 42.0, 0.575
surrogate, 60, 42.0, 0.575
surrogate, 60, 42.0, 0.575
surrogate, 60, 42.0, 0.575
surrogate, 60, 42.0, 0.575
surrogate, 60, 42.0, 0.575
surrogate, 60, 39.0, 0.3
surrogate, 60, 39.0, 0.3
surrogate, 60, 39.0, 0.3
surrogate, 60, 39.0, 0.3
surrogate, 60, 39.0, 0.3
surrogate, 60, 39.0, 0.3
surrogate, 60, 39.0, 0.3
surrogate, 60, 39.0, 0.3
surrogate, 60, 39.0, 0.3
surrogate, 60, 39.0, 0.3
surrogate, 60, 39.0, 0.3
surrogate, 60, 39.0, 0.3
surrogate, 60, 39.0, 0.3
surrogate, 60, 39.0, 0.3
surrogate, 60, 39.0, 0.3
surrogate, 60, 39.0, 0.3
surrogate, 60, 39.0, 0.3
surrogate, 60, 39.0, 0.3
surrogate, 60, 39.0, 0.3
surrogate, 60, 39.0, 0.3
surrogate, 60, 39.0, 0.3
surrogate, 60, 39.0, 0.3
surrogate, 60, 39.0, 0.3
surrogate, 60, 39.0, 0.3
surrogate, 60, 39.0, 0.3
surrogate, 60, 39.0, 0.3
surrogate, 60, 39.0, 0.3
surrogate, 60, 39.0, 0.3
surrogate, 60, 39.0, 0.3
surrogate, 60, 39.0, 0.3
surrogate, 60, 39.0, 0.3
surrogate, 60, 39.0, 0.3
surrogate, 60, 39.0, 0.3
surrogate, 60, 39.0, 0.3
surrogate, 60, 39.0, 0.3
surrogate, 60, 39.0, 0.3
surrogate, 60, 39.0, 0.3
surrogate, 60, 39.0, 0.3
surrogate, 61, 42.0, 0.575
surrogate, 61, 42.0, 0.575
surrogate, 61, 42.0, 0.575
surrogate, 61, 42.0, 0.575
surrogate, 61, 42.0, 0.575
surrogate, 61, 42.0, 0.575
surrogate, 61, 42.0, 0.575
surrogate, 61, 42.0, 0.575
surrogate, 61, 42.0, 0.575
surrogate, 61, 42.0, 0.575
surrogate, 61, 42.0, 0.575
surrogate, 61, 42.0, 0.575
surrogate, 61, 39.0, 0.3
surrogate, 61, 39.0, 0.3
surrogate, 61, 39.0, 0.3
surrogate, 61, 39.0, 0.3
surrogate, 61, 39.0, 0.3
surrogate, 61, 39.0, 0.3
surrogate, 61, 39.0, 0.3
surrogate, 61, 39.0, 0.3
surrogate, 61, 39.0, 0.3
surrogate, 61, 39.0, 0.3
surrogate, 61, 39.0, 0.3
surrogate, 61, 39.0, 0.3
surrogate, 61, 39.0, 0.3
surrogate, 61, 39.0, 0.3
surrogate, 61, 39.0, 0.3
surrogate, 61, 39.0, 0.3
surrogate, 61, 39.0, 0.3
surrogate, 61, 39.0, 0.3
surrogate, 61, 39.0, 0.3
surrogate, 61, 39.0, 0.3
surrogate, 61, 39.0, 0.3
surrogate, 61, 39.0, 0.3
surrogate, 61, 39.0, 0.3
surrogate, 61, 39.0, 0.3
surrogate, 61, 39.0, 0.3
surrogate, 61, 39.0, 0.3
surrogate, 61, 39.0, 0.3
surrogate, 61, 39.0, 0.3
surrogate, 61, 39.0, 0.3
surrogate, 61, 39.0, 0.3
surrogate, 61, 39.0, 0.3
surrogate, 61, 39.0, 0.3
surrogate, 61, 39.0, 0.3
surrogate, 61, 39.0, 0.3
surrogate, 61, 39.0, 0.3
surrogate, 61, 39.0, 0.3
surrogate, 61, 39.0, 0.3
surrogate, 61, 39.0, 0.3
surrogate, 62, 42.0, 0.575
surrogate, 62, 42.0, 0.575
surrogate, 62, 42.0, 0.575
surrogate, 62, 42.0, 0.575
surrogate, 62, 42.0, 0.575
surrogate, 62, 42.0, 0.575
surrogate, 62, 42.0, 0.575
surrogate, 62, 42.0, 0.575
surrogate, 62, 42.0, 0.575
surrogate, 62, 42.0, 0.575
surrogate, 62, 42.0, 0.575
surrogate, 62, 42.0, 0.575
surrogate, 62, 39.0, 0.3
surrogate, 62, 39.0, 0.3
surrogate, 62, 39.0, 0.3
surrogate, 62, 39.0, 0.3
surrogate, 62, 39.0, 0.3
surrogate, 62, 39.0, 0.3
surrogate, 62, 39.0, 0.3
surrogate, 62, 39.0, 0.3
surrogate, 62, 39.0, 0.3
surrogate, 62, 39.0, 0.3
surrogate, 62, 39.0, 0.3
surrogate, 62, 39.0, 0.3
surrogate, 62, 39.0, 0.3
surrogate, 62, 39.0, 0.3
surrogate, 62, 39.0, 0.3
surrogate, 62, 39.0, 0.3
surrogate, 62, 39.0, 0.3
surrogate, 62, 39.0, 0.3
surrogate, 62, 39.0, 0.3
surrogate, 62, 39.0, 0.3
surrogate, 62, 39.0, 0.3
surrogate, 62, 39.0, 0.3
surrogate, 62, 39.0, 0.3
surrogate, 62, 39.0, 0.3
surrogate, 62, 39.0, 0.3
surrogate, 62, 39.0, 0.3
surrogate, 62, 39.0, 0.3
surrogate, 62, 39.0, 0.3
surrogate, 62, 39.0, 0.3
surrogate, 62, 39.0, 0.3
surrogate, 62, 39.0, 0.3
surrogate, 62, 39.0, 0.3
surrogate, 62, 39.0, 0.3
surrogate, 62, 39.0, 0.3
surrogate, 62, 39.0, 0.3
surrogate, 62, 39.0, 0.3
surrogate, 62, 39.0, 0.3
surrogate, 62, 39.0, 0.3
surrogate, 63, 42.0, 0.575
surrogate, 63, 42.0, 0.575
surrogate, 63, 42.0, 0.575
surrogate, 63, 42.0, 0.575
surrogate, 63, 42.0, 0.575
surrogate, 63, 42.0, 0.575
surrogate, 63, 42.0, 0.575
surrogate, 63, 42.0, 0.575
surrogate, 63, 42.0, 0.575
surrogate, 63, 42.0, 0.575
surrogate, 63, 42.0, 0.575
surrogate, 63, 42.0, 0.575
surrogate, 63, 39.0, 0.3
surrogate, 63, 39.0, 0.3
surrogate, 63, 39.0, 0.3
surrogate, 63, 39.0, 0.3
surrogate, 63, 39.0, 0.3
surrogate, 63, 39.0, 0.3
surrogate, 63, 39.0, 0.3
surrogate, 63, 39.0, 0.3
surrogate, 63, 39.0, 0.3
surrogate, 63, 39.0, 0.3
surrogate, 63, 39.0, 0.3
surrogate, 63, 39.0, 0.3
surrogate, 63, 39.0, 0.3
surrogate, 63, 39.0, 0.3
surrogate, 63, 39.0, 0.3
surrogate, 63, 39.0, 0.3
surrogate, 63, 39.0, 0.3
surrogate, 63, 39.0, 0.3
surrogate, 63, 39.0, 0.3
surrogate, 63, 39.0, 0.3
surrogate, 63, 39.0, 0.3
surrogate, 63, 39.0, 0.3
surrogate, 63, 39.0, 0.3
surrogate, 63, 39.0, 0.3
surrogate, 63, 39.0, 0.3
surrogate, 63, 39.0, 0.3
surrogate, 63, 39.0, 0.3
surrogate, 63, 39.0, 0.3
surrogate, 63, 39.0, 0.3
surrogate, 63, 39.0, 0.3
surrogate, 63, 39.0, 0.3
surrogate, 63, 39.0, 0.3
surrogate, 63, 39.0, 0.3
surrogate, 63, 39.0, 0.3
surrogate, 63, 39.0, 0.3
surrogate, 63, 39.0, 0.3
surrogate, 63, 39.0, 0.3
surrogate, 63, 39.0, 0.3
surrogate, 64, 42.0, 0.575
surrogate, 64, 42.0, 0.575
surrogate, 64, 42.0, 0.575
surrogate, 64, 42.0, 0.575
surrogate, 64, 42.0, 0.575
surrogate, 64, 42.0, 0.575
surrogate, 64, 42.0, 0.575
surrogate, 64, 42.0, 0.575
surrogate, 64, 42.0, 0.575
surrogate, 64, 42.0, 0.575
surrogate, 64, 42.0, 0.575
surrogate, 64, 42.0, 0.575
surrogate, 64, 39.0, 0.3
surrogate, 64, 39.0, 0.3
surrogate, 64, 39.0, 0.3
surrogate, 64, 39.0, 0.3
surrogate, 64, 39.0, 0.3
surrogate, 64, 39.0, 0.3
surrogate, 64, 39.0, 0.3
surrogate, 64, 39.0, 0.3
surrogate, 64, 39.0, 0.3
surrogate, 64, 39.0, 0.3
surrogate, 64, 39.0, 0.3
surrogate, 64, 39.0, 0.3
surrogate, 64, 39.0, 0.3
surrogate, 64, 39.0, 0.3
surrogate, 64, 39.0, 0.3
surrogate, 64, 39.0, 0.3
surrogate, 64, 39.0, 0.3
surrogate, 64, 39.0, 0.3
surrogate, 64, 39.0, 0.3
surrogate, 64, 39.0, 0.3
surrogate, 64, 39.0, 0.3
surrogate, 64, 39.0, 0.3
surrogate, 64, 39.0, 0.3
surrogate, 64, 39.0, 0.3
surrogate, 64, 39.0, 0.3
surrogate, 64, 39.0, 0.3
surrogate, 64, 39.0, 0.3
surrogate, 64, 39.0, 0.3
surrogate, 64, 39.0, 0.3
surrogate, 64, 39.0, 0.3
surrogate, 64, 39.0, 0.3
surrogate, 64, 39.0, 0.3
surrogate, 64, 39.0, 0.3
surrogate, 64, 39.0, 0.3
surrogate, 64, 39.0, 0.3
surrogate, 64, 39.0, 0.3
surrogate, 64, 39.0, 0.3
surrogate, 64, 39.0, 0.3
surrogate, 65, 42.0, 0.575
surrogate, 65, 42.0, 0.575
surrogate, 65, 42.0, 0.575
surrogate, 65, 42.0, 0.575
surrogate, 65, 42.0, 0.575
surrogate, 65, 42.0, 0.575
surrogate, 65, 42.0, 0.575
surrogate, 65, 42.0, 0.575
surrogate, 65, 42.0, 0.575
surrogate, 65, 42.0, 0.575
surrogate, 65, 42.0, 0.575
surrogate, 65, 42.0, 0.575
surrogate, 65, 39.0, 0.3
surrogate, 65, 39.0, 0.3
surrogate, 65, 39.0, 0.3
surrogate, 65, 39.0, 0.3
surrogate, 65, 39.0, 0.3
surrogate, 65, 39.0, 0.3
surrogate, 65, 39.0, 0.3
surrogate, 65, 39.0, 0.3
surrogate, 65, 39.0, 0.3
surrogate, 65, 39.0, 0.3
surrogate, 65, 39.0, 0.3
surrogate, 65, 39.0, 0.3
surrogate, 65, 39.0, 0.3
surrogate, 65, 39.0, 0.3
surrogate, 65, 39.0, 0.3
surrogate, 65, 39.0, 0.3
surrogate, 65, 39.0, 0.3
surrogate, 65, 39.0, 0.3
surrogate, 65, 39.0, 0.3
surrogate, 65, 39.0, 0.3
surrogate, 65, 39.0, 0.3
surrogate, 65, 39.0, 0.3
surrogate, 65, 39.0, 0.3
surrogate, 65, 39.0, 0.3
surrogate, 65, 39.0, 0.3
surrogate, 65, 39.0, 0.3
surrogate, 65, 39.0, 0.3
surrogate, 65, 39.0, 0.3
surrogate, 65, 39.0, 0.3
surrogate, 65, 39.0, 0.3
surrogate, 65, 39.0, 0.3
surrogate, 65, 39.0, 0.3
surrogate, 65, 39.0, 0.3
surrogate, 65, 39.0, 0.3
surrogate, 65, 39.0, 0.3
surrogate, 65, 39.0, 0.3
surrogate, 65, 39.0, 0.3
surrogate, 65, 39.0, 0.3
surrogate, 66, 42.0, 0.575
surrogate, 66, 42.0, 0.575
surrogate, 66, 42.0, 0.575
surrogate, 66, 42.0, 0.575
surrogate, 66, 42.0, 0.575
surrogate, 66, 42.0, 0.575
surrogate, 66, 42.0, 0.575
surrogate, 66, 42.0, 0.575
surrogate, 66, 42.0, 0.575
surrogate, 66, 42.0, 0.575
surrogate, 66, 42.0, 0.575
surrogate, 66, 42.0, 0.575
surrogate, 66, 42.0, 0.575
surrogate, 66, 39.0, 0.3
surrogate, 66, 39.0, 0.3
surrogate, 66, 39.0, 0.3
surrogate, 66, 39.0, 0.3
surrogate, 66, 39.0, 0.3
surrogate, 66, 39.0, 0.3
surrogate, 66, 39.0, 0.3
surrogate, 66, 39.0, 0.3
surrogate, 66, 39.0, 0.3
surrogate, 66, 39.0, 0.3
surrogate, 66, 39.0, 0.3
surrogate, 66, 39.0, 0.3
surrogate, 66, 39.0, 0.3
surrogate, 66, 39.0, 0.3
surrogate, 66, 39.0, 0.3
surrogate, 66, 39.0, 0.3
surrogate, 66, 39.0, 0.3
surrogate, 66, 39.0, 0.3
surrogate, 66, 39.0, 0.3
surrogate, 66, 39.0, 0.3
surrogate, 66, 39.0, 0.3
surrogate, 66, 39.0, 0.3
surrogate, 66, 39.0, 0.3
surrogate, 66, 39.0, 0.3
surrogate, 66, 39.0, 0.3
surrogate, 66, 39.0, 0.3
surrogate, 66, 39.0, 0.3
surrogate, 66, 39.0, 0.3
surrogate, 66, 39.0, 0.3
surrogate, 66, 39.0, 0.3
surrogate, 66, 39.0, 0.3
surrogate, 66, 39.0, 0.3
surrogate, 66, 39.0, 0.3
surrogate, 66, 39.0, 0.3
surrogate, 66, 39.0, 0.3
surrogate, 66, 39.0, 0.3
surrogate, 66, 39.0, 0.3
surrogate, 66, 39.0, 0.3
surrogate, 66, 39.0, 0.3
surrogate, 67, 42.0, 0.575
surrogate, 67, 42.0, 0.575
surrogate, 67, 42.0, 0.575
surrogate, 67, 42.0, 0.575
surrogate, 67, 42.0, 0.575
surrogate, 67, 42.0, 0.575
surrogate, 67, 42.0, 0.575
surrogate, 67, 42.0, 0.575
surrogate, 67, 42.0, 0.575
surrogate, 67, 42.0, 0.575
surrogate, 67, 42.0, 0.575
surrogate, 67, 42.0, 0.575
surrogate, 67, 42.0, 0.575
surrogate, 67, 39.0, 0.3
surrogate, 67, 39.0, 0.3
surrogate, 67, 39.0, 0.3
surrogate, 67, 39.0, 0.3
surrogate, 67, 39.0, 0.3
surrogate, 67, 39.0, 0.3
surrogate, 67, 39.0, 0.3
surrogate, 67, 39.0, 0.3
surrogate, 67, 39.0, 0.3
surrogate, 67, 39.0, 0.3
surrogate, 67, 39.0, 0.3
surrogate, 67, 39.0, 0.3
surrogate, 67, 39.0, 0.3
surrogate, 67, 39.0, 0.3
surrogate, 67, 39.0, 0.3
surrogate, 67, 39.0, 0.3
surrogate, 67, 39.0, 0.3
surrogate, 67, 39.0, 0.3
surrogate, 67, 39.0, 0.3
surrogate, 67, 39.0, 0.3
surrogate, 67, 39.0, 0.3
surrogate, 67, 39.0, 0.3
surrogate, 67, 39.0, 0.3
surrogate, 67, 39.0, 0.3
surrogate, 67, 39.0, 0.3
surrogate, 67, 39.0, 0.3
surrogate, 67, 39.0, 0.3
surrogate, 67, 39.0, 0.3
surrogate, 67, 39.0, 0.3
surrogate, 67, 39.0, 0.3
surrogate, 67, 39.0, 0.3
surrogate, 67, 39.0, 0.3
surrogate, 67, 39.0, 0.3
surrogate, 67, 39.0, 0.3
surrogate, 67, 39.0, 0.3
surrogate, 67, 39.0, 0.3
surrogate, 67, 39.0, 0.3
surrogate, 67, 39.0, 0.3
surrogate, 67, 39.0, 0.3
surrogate, 67, 39.0, 0.3
surrogate, 68, 42.0, 0.575
surrogate, 68, 42.0, 0.575
surrogate, 68, 42.0, 0.575
surrogate, 68, 42.0, 0.575
surrogate, 68, 42.0, 0.575
surrogate, 68, 42.0, 0.575
surrogate, 68, 42.0, 0.575
surrogate, 68, 42.0, 0.575
surrogate, 68, 42.0, 0.575
surrogate, 68, 42.0, 0.575
surrogate, 68, 42.0, 0.575
surrogate, 68, 42.0, 0.575
surrogate, 68, 42.0, 0.575
surrogate, 68, 39.0, 0.3
surrogate, 68, 39.0, 0.3
surrogate, 68, 39.0, 0.3
surrogate, 68, 39.0, 0.3
surrogate, 68, 39.0, 0.3
surrogate, 68, 39.0, 0.3
surrogate, 68, 39.0, 0.3
surrogate, 68, 39.0, 0.3
surrogate, 68, 39.0, 0.3
surrogate, 68, 39.0, 0.3
surrogate, 68, 39.0, 0.3
surrogate, 68, 39.0, 0.3
surrogate, 68, 39.0, 0.3
surrogate, 68, 39.0, 0.3
surrogate, 68, 39.0, 0.3
surrogate, 68, 39.0, 0.3
surrogate, 68, 39.0, 0.3
surrogate, 68, 39.0, 0.3
surrogate, 68, 39.0, 0.3
surrogate, 68, 39.0, 0.3
surrogate, 68, 39.0, 0.3
surrogate, 68, 39.0, 0.3
surrogate, 68, 39.0, 0.3
surrogate, 68, 39.0, 0.3
surrogate, 68, 39.0, 0.3
surrogate, 68, 39.0, 0.3
surrogate, 68, 39.0, 0.3
surrogate, 68, 39.0, 0.3
surrogate, 68, 39.0, 0.3
surrogate, 68, 39.0, 0.3
surrogate, 68, 39.0, 0.3
surrogate, 68, 39.0, 0.3
surrogate, 68, 39.0, 0.3
surrogate, 68, 39.0, 0.3
surrogate, 68, 39.0, 0.3
surrogate, 68, 39.0, 0.3
surrogate, 68, 39.0, 0.3
surrogate, 68, 39.0, 0.3
surrogate, 68, 39.0, 0.3
surrogate, 68, 39.0, 0.3
surrogate, 68, 39.0, 0.3
surrogate, 69, 42.0, 0.575
surrogate, 69, 42.0, 0.575
surrogate, 69, 42.0, 0.575
surrogate, 69, 42.0, 0.575
surrogate, 69, 42.0, 0.575
surrogate, 69, 42.0, 0.575
surrogate, 69, 42.0, 0.575
surrogate, 69, 42.0, 0.575
surrogate, 69, 42.0, 0.575
surrogate, 69, 42.0, 0.575
surrogate, 69, 42.0, 0.575
surrogate, 69, 42.0, 0.575
surrogate, 69, 42.0, 0.575
surrogate, 69, 39.0, 0.3
surrogate, 69, 39.0, 0.3
surrogate, 69, 39.0, 0.3
surrogate, 69, 39.0, 0.3
surrogate, 69, 39.0, 0.3
surrogate, 69, 39.0, 0.3
surrogate, 69, 39.0, 0.3
surrogate, 69, 39.0, 0.3
surrogate, 69, 39.0, 0.3
surrogate, 69, 39.0, 0.3
surrogate, 69, 39.0, 0.3
surrogate, 69, 39.0, 0.3
surrogate, 69, 39.0, 0.3
surrogate, 69, 39.0, 0.3
surrogate, 69, 39.0, 0.3
surrogate, 69, 39.0, 0.3
surrogate, 69, 39.0, 0.3
surrogate, 69, 39.0, 0.3
surrogate, 69, 39.0, 0.3
surrogate, 69, 39.0, 0.3
surrogate, 69, 39.0, 0.3
surrogate, 69, 39.0, 0.3
surrogate, 69, 39.0, 0.3
surrogate, 69, 39.0, 0.3
surrogate, 69, 39.0, 0.3
surrogate, 69, 39.0, 0.3
surrogate, 69, 39.0, 0.3
surrogate, 69, 39.0, 0.3
surrogate, 69, 39.0, 0.3
surrogate, 69, 39.0, 0.3
surrogate, 69, 39.0, 0.3
surrogate, 69, 39.0, 0.3
surrogate, 69, 39.0, 0.3
surrogate, 69, 39.0, 0.3
surrogate, 69, 39.0, 0.3
surrogate, 69, 39.0, 0.3
surrogate, 69, 39.0, 0.3
surrogate, 69, 39.0, 0.3
surrogate, 69, 39.0, 0.3
surrogate, 69, 39.0, 0.3
surrogate, 69, 39.0, 0.3
surrogate, 70, 42.0, 0.575
surrogate, 70, 42.0, 0.575
surrogate, 70, 42.0, 0.575
surrogate, 70, 42.0, 0.575
surrogate, 70, 42.0, 0.575
surrogate, 70, 42.0, 0.575
surrogate, 70, 42.0, 0.575
surrogate, 70, 42.0, 0.575
surrogate, 70, 42.0, 0.575
surrogate, 70, 42.0, 0.575
surrogate, 70, 42.0, 0.575
surrogate, 70, 42.0, 0.575
surrogate, 70, 42.0, 0.575
surrogate, 70, 39.0, 0.3
surrogate, 70, 39.0, 0.3
surrogate, 70, 39.0, 0.3
surrogate, 70, 39.0, 0.3
surrogate, 70, 39.0, 0.3
surrogate, 70, 39.0, 0.3
surrogate, 70, 39.0, 0.3
surrogate, 70, 39.0, 0.3
surrogate, 70, 39.0, 0.3
surrogate, 70, 39.0, 0.3
surrogate, 70, 39.0, 0.3
surrogate, 70, 39.0, 0.3
surrogate, 70, 39.0, 0.3
surrogate, 70, 39.0, 0.3
surrogate, 70, 39.0, 0.3
surrogate, 70, 39.0, 0.3
surrogate, 70, 39.0, 0.3
surrogate, 70, 39.0, 0.3
surrogate, 70, 39.0, 0.3
surrogate, 70, 39.0, 0.3
surrogate, 70, 39.0, 0.3
surrogate, 70, 39.0, 0.3
surrogate, 70, 39.0, 0.3
surrogate, 70, 39.0, 0.3
surrogate, 70, 39.0, 0.3
surrogate, 70, 39.0, 0.3
surrogate, 70, 39.0, 0.3
surrogate, 70, 39.0, 0.3
surrogate, 70, 39.0, 0.3
surrogate, 70, 39.0, 0.3
surrogate, 70, 39.0, 0.3
surrogate, 70, 39.0, 0.3
surrogate, 70, 39.0, 0.3
surrogate, 70, 39.0, 0.3
surrogate, 70, 39.0, 0.3
surrogate, 70, 39.0, 0.3
surrogate, 70, 39.0, 0.3
surrogate, 70, 39.0, 0.3
surrogate, 70, 39.0, 0.3
surrogate, 70, 39.0, 0.3
surrogate, 70, 39.0, 0.3
surrogate, 70, 39.0, 0.3
surrogate, 71, 42.0, 0.575
surrogate, 71, 42.0, 0.575
surrogate, 71, 42.0, 0.575
surrogate, 71, 42.0, 0.575
surrogate, 71, 42.0, 0.575
surrogate, 71, 42.0, 0.575
surrogate, 71, 42.0, 0.575
surrogate, 71, 42.0, 0.575
surrogate, 71, 42.0, 0.575
surrogate, 71, 42.0, 0.575
surrogate, 71, 42.0, 0.575
surrogate, 71, 42.0, 0.575
surrogate, 71, 42.0, 0.575
surrogate, 71, 39.0, 0.3
surrogate, 71, 39.0, 0.3
surrogate, 71, 39.0, 0.3
surrogate, 71, 39.0, 0.3
surrogate, 71, 39.0, 0.3
surrogate, 71, 39.0, 0.3
surrogate, 71, 39.0, 0.3
surrogate, 71, 39.0, 0.3
surrogate, 71, 39.0, 0.3
surrogate, 71, 39.0, 0.3
surrogate, 71, 39.0, 0.3
surrogate, 71, 39.0, 0.3
surrogate, 71, 39.0, 0.3
surrogate, 71, 39.0, 0.3
surrogate, 71, 39.0, 0.3
surrogate, 71, 39.0, 0.3
surrogate, 71, 39.0, 0.3
surrogate, 71, 39.0, 0.3
surrogate, 71, 39.0, 0.3
surrogate, 71, 39.0, 0.3
surrogate, 71, 39.0, 0.3
surrogate, 71, 39.0, 0.3
surrogate, 71, 39.0, 0.3
surrogate, 71, 39.0, 0.3
surrogate, 71, 39.0, 0.3
surrogate, 71, 39.0, 0.3
surrogate, 71, 39.0, 0.3
surrogate, 71, 39.0, 0.3
surrogate, 71, 39.0, 0.3
surrogate, 71, 39.0, 0.3
surrogate, 71, 39.0, 0.3
surrogate, 71, 39.0, 0.3
surrogate, 71, 39.0, 0.3
surrogate, 71, 39.0, 0.3
surrogate, 71, 39.0, 0.3
surrogate, 71, 39.0, 0.3
surrogate, 71, 39.0, 0.3
surrogate, 71, 39.0, 0.3
surrogate, 71, 39.0, 0.3
surrogate, 71, 39.0, 0.3
surrogate, 71, 39.0, 0.3
surrogate, 71, 39.0, 0.3
surrogate, 72, 42.0, 0.575
surrogate, 72, 42.0, 0.575
surrogate, 72, 42.0, 0.575
surrogate, 72, 42.0, 0.575
surrogate, 72, 42.0, 0.575
surrogate, 72, 42.0, 0.575
surrogate, 72, 42.0, 0.575
surrogate, 72, 42.0, 0.575
surrogate, 72, 42.0, 0.575
surrogate, 72, 42.0, 0.575
surrogate, 72, 42.0, 0.575
surrogate, 72, 42.0, 0.575
surrogate, 72, 42.0, 0.575
surrogate, 72, 42.0, 0.575
surrogate, 72, 39.0, 0.3
surrogate, 72, 39.0, 0.3
surrogate, 72, 39.0, 0.3
surrogate, 72, 39.0, 0.3
surrogate, 72, 39.0, 0.3
surrogate, 72, 39.0, 0.3
surrogate, 72, 39.0, 0.3
surrogate, 72, 39.0, 0.3
surrogate, 72, 39.0, 0.3
surrogate, 72, 39.0, 0.3
surrogate, 72, 39.0, 0.3
surrogate, 72, 39.0, 0.3
surrogate, 72, 39.0, 0.3
surrogate, 72, 39.0, 0.3
surrogate, 72, 39.0, 0.3
surrogate, 72, 39.0, 0.3
surrogate, 72, 39.0, 0.3
surrogate, 72, 39.0, 0.3
surrogate, 72, 39.0, 0.3
surrogate, 72, 39.0, 0.3
surrogate, 72, 39.0, 0.3
surrogate, 72, 39.0, 0.3
surrogate, 72, 39.0, 0.3
surrogate, 72, 39.0, 0.3
surrogate, 72, 39.0, 0.3
surrogate, 72, 39.0, 0.3
surrogate, 72, 39.0, 0.3
surrogate, 72, 39.0, 0.3
surrogate, 72, 39.0, 0.3
surrogate, 72, 39.0, 0.3
surrogate, 72, 39.0, 0.3
surrogate, 72, 39.0, 0.3
surrogate, 72, 39.0, 0.3
surrogate, 72, 39.0, 0.3
surrogate, 72, 39.0, 0.3
surrogate, 72, 39.0, 0.3
surrogate, 72, 39.0, 0.3
surrogate, 72, 39.0, 0.3
surrogate, 72, 39.0, 0.3
surrogate, 72, 39.0, 0.3
surrogate, 72, 39.0, 0.3
surrogate, 72, 39.0, 0.3
surrogate, 73, 42.0, 0.575
surrogate, 73, 42.0, 0.575
surrogate, 73, 42.0, 0.575
surrogate, 73, 42.0, 0.575
surrogate, 73, 42.0, 0.575
surrogate, 73, 42.0, 0.575
surrogate, 73, 42.0, 0.575
surrogate, 73, 42.0, 0.575
surrogate, 73, 42.0, 0.575
surrogate, 73, 42.0, 0.575
surrogate, 73, 42.0, 0.575
surrogate, 73, 42.0, 0.575
surrogate, 73, 42.0, 0.575
surrogate, 73, 42.0, 0.575
surrogate, 73, 39.0, 0.3
surrogate, 73, 39.0, 0.3
surrogate, 73, 39.0, 0.3
surrogate, 73, 39.0, 0.3
surrogate, 73, 39.0, 0.3
surrogate, 73, 39.0, 0.3
surrogate, 73, 39.0, 0.3
surrogate, 73, 39.0, 0.3
surrogate, 73, 39.0, 0.3
surrogate, 73, 39.0, 0.3
surrogate, 73, 39.0, 0.3
surrogate, 73, 39.0, 0.3
surrogate, 73, 39.0, 0.3
surrogate, 73, 39.0, 0.3
surrogate, 73, 39.0, 0.3
surrogate, 73, 39.0, 0.3
surrogate, 73, 39.0, 0.3
surrogate, 73, 39.0, 0.3
surrogate, 73, 39.0, 0.3
surrogate, 73, 39.0, 0.3
surrogate, 73, 39.0, 0.3
surrogate, 73, 39.0, 0.3
surrogate, 73, 39.0, 0.3
surrogate, 73, 39.0, 0.3
surrogate, 73, 39.0, 0.3
surrogate, 73, 39.0, 0.3
surrogate, 73, 39.0, 0.3
surrogate, 73, 39.0, 0.3
surrogate, 73, 39.0, 0.3
surrogate, 73, 39.0, 0.3
surrogate, 73, 39.0, 0.3
surrogate, 73, 39.0, 0.3
surrogate, 73, 39.0, 0.3
surrogate, 73, 39.0, 0.3
surrogate, 73, 39.0, 0.3
surrogate, 73, 39.0, 0.3
surrogate, 73, 39.0, 0.3
surrogate, 73, 39.0, 0.3
surrogate, 73, 39.0, 0.3
surrogate, 73, 39.0, 0.3
surrogate, 73, 39.0, 0.3
surrogate, 73, 39.0, 0.3
surrogate, 74, 42.0, 0.575
surrogate, 74, 42.0, 0.575
surrogate, 74, 42.0, 0.575
surrogate, 74, 42.0, 0.575
surrogate, 74, 42.0, 0.575
surrogate, 74, 42.0, 0.575
surrogate, 74, 42.0, 0.575
surrogate, 74, 42.0, 0.575
surrogate, 74, 42.0, 0.575
surrogate, 74, 42.0, 0.575
surrogate, 74, 42.0, 0.575
surrogate, 74, 42.0, 0.575
surrogate, 74, 42.0, 0.575
surrogate, 74, 42.0, 0.575
surrogate, 74, 42.0, 0.575
surrogate, 74, 39.0, 0.3
surrogate, 74, 39.0, 0.3
surrogate, 74, 39.0, 0.3
surrogate, 74, 39.0, 0.3
surrogate, 74, 39.0, 0.3
surrogate, 74, 39.0, 0.3
surrogate, 74, 39.0, 0.3
surrogate, 74, 39.0, 0.3
surrogate, 74, 39.0, 0.3
surrogate, 74, 39.0, 0.3
surrogate, 74, 39.0, 0.3
surrogate, 74, 39.0, 0.3
surrogate, 74, 39.0, 0.3
surrogate, 74, 39.0, 0.3
surrogate, 74, 39.0, 0.3
surrogate, 74, 39.0, 0.3
surrogate, 74, 39.0, 0.3
surrogate, 74, 39.0, 0.3
surrogate, 74, 39.0, 0.3
surrogate, 74, 39.0, 0.3
surrogate, 74, 39.0, 0.3
surrogate, 74, 39.0, 0.3
surrogate, 74, 39.0, 0.3
surrogate, 74, 39.0, 0.3
surrogate, 74, 39.0, 0.3
surrogate, 74, 39.0, 0.3
surrogate, 74, 39.0, 0.3
surrogate, 74, 39.0, 0.3
surrogate, 74, 39.0, 0.3
surrogate, 74, 39.0, 0.3
surrogate, 74, 39.0, 0.3
surrogate, 74, 39.0, 0.3
surrogate, 74, 39.0, 0.3
surrogate, 74, 39.0, 0.3
surrogate, 74, 39.0, 0.3
surrogate, 74, 39.0, 0.3
surrogate, 74, 39.0, 0.3
surrogate, 74, 39.0, 0.3
surrogate, 74, 39.0, 0.3
surrogate, 74, 39.0, 0.3
surrogate, 74, 39.0, 0.3
surrogate, 74, 39.0, 0.3
surrogate, 74, 39.0, 0.3
surrogate, 75, 42.0, 0.575
surrogate, 75, 42.0, 0.575
surrogate, 75, 42.0, 0.575
surrogate, 75, 42.0, 0.575
surrogate, 75, 42.0, 0.575
surrogate, 75, 42.0, 0.575
surrogate, 75, 42.0, 0.575
surrogate, 75, 42.0, 0.575
surrogate, 75, 42.0, 0.575
surrogate, 75, 42.0, 0.575
surrogate, 75, 42.0, 0.575
surrogate, 75, 42.0, 0.575
surrogate, 75, 42.0, 0.575
surrogate, 75, 42.0, 0.575
surrogate, 75, 42.0, 0.575
surrogate, 75, 39.0, 0.3
surrogate, 75, 39.0, 0.3
surrogate, 75, 39.0, 0.3
surrogate, 75, 39.0, 0.3
surrogate, 75, 39.0, 0.3
surrogate, 75, 39.0, 0.3
surrogate, 75, 39.0, 0.3
surrogate, 75, 39.0, 0.3
surrogate, 75, 39.0, 0.3
surrogate, 75, 39.0, 0.3
surrogate, 75, 39.0, 0.3
surrogate, 75, 39.0, 0.3
surrogate, 75, 39.0, 0.3
surrogate, 75, 39.0, 0.3
surrogate, 75, 39.0, 0.3
surrogate, 75, 39.0, 0.3
surrogate, 75, 39.0, 0.3
surrogate, 75, 39.0, 0.3
surrogate, 75, 39.0, 0.3
surrogate, 75, 39.0, 0.3
surrogate, 75, 39.0, 0.3
surrogate, 75, 39.0, 0.3
surrogate, 75, 39.0, 0.3
surrogate, 75, 39.0, 0.3
surrogate, 75, 39.0, 0.3
surrogate, 75, 39.0, 0.3
surrogate, 75, 39.0, 0.3
surrogate, 75, 39.0, 0.3
surrogate, 75, 39.0, 0.3
surrogate, 75, 39.0, 0.3
surrogate, 75, 39.0, 0.3
surrogate, 75, 39.0, 0.3
surrogate, 75, 39.0, 0.3
surrogate, 75, 39.0, 0.3
surrogate, 75, 39.0, 0.3
surrogate, 75, 39.0, 0.3
surrogate, 75, 39.0, 0.3
surrogate, 75, 39.0, 0.3
surrogate, 75, 39.0, 0.3
surrogate, 75, 39.0, 0.3
surrogate, 75, 39.0, 0.3
surrogate, 75, 39.0, 0.3
surrogate, 75, 39.0, 0.3
surrogate, 76, 42.0, 0.575
surrogate, 76, 42.0, 0.575
surrogate, 76, 42.0, 0.575
surrogate, 76, 42.0, 0.575
surrogate, 76, 42.0, 0.575
surrogate, 76, 42.0, 0.575
surrogate, 76, 42.0, 0.575
surrogate, 76, 42.0, 0.575
surrogate, 76, 42.0, 0.575
surrogate, 76, 42.0, 0.575
surrogate, 76, 42.0, 0.575
surrogate, 76, 42.0, 0.575
surrogate, 76, 42.0, 0.575
surrogate, 76, 42.0, 0.575
surrogate, 76, 42.0, 0.575
surrogate, 76, 39.0, 0.3
surrogate, 76, 39.0, 0.3
surrogate, 76, 39.0, 0.3
surrogate, 76, 39.0, 0.3
surrogate, 76, 39.0, 0.3
surrogate, 76, 39.0, 0.3
surrogate, 76, 39.0, 0.3
surrogate, 76, 39.0, 0.3
surrogate, 76, 39.0, 0.3
surrogate, 76, 39.0, 0.3
surrogate, 76, 39.0, 0.3
surrogate, 76, 39.0, 0.3
surrogate, 76, 39.0, 0.3
surrogate, 76, 39.0, 0.3
surrogate, 76, 39.0, 0.3
surrogate, 76, 39.0, 0.3
surrogate, 76, 39.0, 0.3
surrogate, 76, 39.0, 0.3
surrogate, 76, 39.0, 0.3
surrogate, 76, 39.0, 0.3
surrogate, 76, 39.0, 0.3
surrogate, 76, 39.0, 0.3
surrogate, 76, 39.0, 0.3
surrogate, 76, 39.0, 0.3
surrogate, 76, 39.0, 0.3
surrogate, 76, 39.0, 0.3
surrogate, 76, 39.0, 0.3
surrogate, 76, 39.0, 0.3
surrogate, 76, 39.0, 0.3
surrogate, 76, 39.0, 0.3
surrogate, 76, 39.0, 0.3
surrogate, 76, 39.0, 0.3
surrogate, 76, 39.0, 0.3
surrogate, 76, 39.0, 0.3
surrogate, 76, 39.0, 0.3
surrogate, 76, 39.0, 0.3
surrogate, 76, 39.0, 0.3
surrogate, 76, 39.0, 0.3
surrogate, 76, 39.0, 0.3
surrogate, 76, 39.0, 0.3
surrogate, 76, 39.0, 0.3
surrogate, 76, 39.0, 0.3
surrogate, 76, 39.0, 0.3
surrogate, 77, 42.0, 0.575
surrogate, 77, 42.0, 0.575
surrogate, 77, 42.0, 0.575
surrogate, 77, 42.0, 0.575
surrogate, 77, 42.0, 0.575
surrogate, 77, 42.0, 0.575
surrogate, 77, 42.0, 0.575
surrogate, 77, 42.0, 0.575
surrogate, 77, 42.0, 0.575
surrogate, 77, 42.0, 0.575
surrogate, 77, 42.0, 0.575
surrogate, 77, 42.0, 0.575
surrogate, 77, 42.0, 0.575
surrogate, 77, 42.0, 0.575
surrogate, 77, 42.0, 0.575
surrogate, 77, 39.0, 0.3
surrogate, 77, 39.0, 0.3
surrogate, 77, 39.0, 0.3
surrogate, 77, 39.0, 0.3
surrogate, 77, 39.0, 0.3
surrogate, 77, 39.0, 0.3
surrogate, 77, 39.0, 0.3
surrogate, 77, 39.0, 0.3
surrogate, 77, 39.0, 0.3
surrogate, 77, 39.0, 0.3
surrogate, 77, 39.0, 0.3
surrogate, 77, 39.0, 0.3
surrogate, 77, 39.0, 0.3
surrogate, 77, 39.0, 0.3
surrogate, 77, 39.0, 0.3
surrogate, 77, 39.0, 0.3
surrogate, 77, 39.0, 0.3
surrogate, 77, 39.0, 0.3
surrogate, 77, 39.0, 0.3
surrogate, 77, 39.0, 0.3
surrogate, 77, 39.0, 0.3
surrogate, 77, 39.0, 0.3
surrogate, 77, 39.0, 0.3
surrogate, 77, 39.0, 0.3
surrogate, 77, 39.0, 0.3
surrogate, 77, 39.0, 0.3
surrogate, 77, 39.0, 0.3
surrogate, 77, 39.0, 0.3
surrogate, 77, 39.0, 0.3
surrogate, 77, 39.0, 0.3
surrogate, 77, 39.0, 0.3
surrogate, 77, 39.0, 0.3
surrogate, 77, 39.0, 0.3
surrogate, 77, 39.0, 0.3
surrogate, 77, 39.0, 0.3
surrogate, 77, 39.0, 0.3
surrogate, 77, 39.0, 0.3
surrogate, 77, 39.0, 0.3
surrogate, 77, 39.0, 0.3
surrogate, 77, 39.0, 0.3
surrogate, 77, 39.0, 0.3
surrogate, 77, 39.0, 0.3
surrogate, 77, 39.0, 0.3
surrogate, 78, 42.0, 0.575
surrogate, 78, 42.0, 0.575
surrogate, 78, 42.0, 0.575
surrogate, 78, 42.0, 0.575
surrogate, 78, 42.0, 0.575
surrogate, 78, 42.0, 0.575
surrogate, 78, 42.0, 0.575
surrogate, 78, 42.0, 0.575
surrogate, 78, 42.0, 0.575
surrogate, 78, 42.0, 0.575
surrogate, 78, 42.0, 0.575
surrogate, 78, 42.0, 0.575
surrogate, 78, 42.0, 0.575
surrogate, 78, 42.0, 0.575
surrogate, 78, 42.0, 0.575
surrogate, 78, 42.0, 0.575
surrogate, 78, 39.0, 0.3
surrogate, 78, 39.0, 0.3
surrogate, 78, 39.0, 0.3
surrogate, 78, 39.0, 0.3
surrogate, 78, 39.0, 0.3
surrogate, 78, 39.0, 0.3
surrogate, 78, 39.0, 0.3
surrogate, 78, 39.0, 0.3
surrogate, 78, 39.0, 0.3
surrogate, 78, 39.0, 0.3
surrogate, 78, 39.0, 0.3
surrogate, 78, 39.0, 0.3
surrogate, 78, 39.0, 0.3
surrogate, 78, 39.0, 0.3
surrogate, 78, 39.0, 0.3
surrogate, 78, 39.0, 0.3
surrogate, 78, 39.0, 0.3
surrogate, 78, 39.0, 0.3
surrogate, 78, 39.0, 0.3
surrogate, 78, 39.0, 0.3
surrogate, 78, 39.0, 0.3
surrogate, 78, 39.0, 0.3
surrogate, 78, 39.0, 0.3
surrogate, 78, 39.0, 0.3
surrogate, 78, 39.0, 0.3
surrogate, 78, 39.0, 0.3
surrogate, 78, 39.0, 0.3
surrogate, 78, 39.0, 0.3
surrogate, 78, 39.0, 0.3
surrogate, 78, 39.0, 0.3
surrogate, 78, 39.0, 0.3
surrogate, 78, 39.0, 0.3
surrogate, 78, 39.0, 0.3
surrogate, 78, 39.0, 0.3
surrogate, 78, 39.0, 0.3
surrogate, 78, 39.0, 0.3
surrogate, 78, 39.0, 0.3
surrogate, 78, 39.0, 0.3
surrogate, 78, 39.0, 0.3
surrogate, 78, 39.0, 0.3
surrogate, 78, 39.0, 0.3
surrogate, 78, 39.0, 0.3
surrogate, 78, 39.0, 0.3
surrogate, 78, 39.0, 0.3
surrogate, 79, 42.0, 0.575
surrogate, 79, 42.0, 0.575
surrogate, 79, 42.0, 0.575
surrogate, 79, 42.0, 0.575
surrogate, 79, 42.0, 0.575
surrogate, 79, 42.0, 0.575
surrogate, 79, 42.0, 0.575
surrogate, 79, 42.0, 0.575
surrogate, 79, 42.0, 0.575
surrogate, 79, 42.0, 0.575
surrogate, 79, 42.0, 0.575
surrogate, 79, 42.0, 0.575
surrogate, 79, 42.0, 0.575
surrogate, 79, 42.0, 0.575
surrogate, 79, 42.0, 0.575
surrogate, 79, 42.0, 0.575
surrogate, 79, 42.0, 0.575
surrogate, 79, 39.0, 0.3
surrogate, 79, 39.0, 0.3
surrogate, 79, 39.0, 0.3
surrogate, 79, 39.0, 0.3
surrogate, 79, 39.0, 0.3
surrogate, 79, 39.0, 0.3
surrogate, 79, 39.0, 0.3
surrogate, 79, 39.0, 0.3
surrogate, 79, 39.0, 0.3
surrogate, 79, 39.0, 0.3
surrogate, 79, 39.0, 0.3
surrogate, 79, 39.0, 0.3
surrogate, 79, 39.0, 0.3
surrogate, 79, 39.0, 0.3
surrogate, 79, 39.0, 0.3
surrogate, 79, 39.0, 0.3
surrogate, 79, 39.0, 0.3
surrogate, 79, 39.0, 0.3
surrogate, 79, 39.0, 0.3
surrogate, 79, 39.0, 0.3
surrogate, 79, 39.0, 0.3
surrogate, 79, 39.0, 0.3
surrogate, 79, 39.0, 0.3
surrogate, 79, 39.0, 0.3
surrogate, 79, 39.0, 0.3
surrogate, 79, 39.0, 0.3
surrogate, 79, 39.0, 0.3
surrogate, 79, 39.0, 0.3
surrogate, 79, 39.0, 0.3
surrogate, 79, 39.0, 0.3
surrogate, 79, 39.0, 0.3
surrogate, 79, 39.0, 0.3
surrogate, 79, 39.0, 0.3
surrogate, 79, 39.0, 0.3
surrogate, 79, 39.0, 0.3
surrogate, 79, 39.0, 0.3
surrogate, 79, 39.0, 0.3
surrogate, 79, 39.0, 0.3
surrogate, 79, 39.0, 0.3
surrogate, 79, 39.0, 0.3
surrogate, 79, 39.0, 0.3
surrogate, 79, 39.0, 0.3
surrogate, 79, 39.0, 0.3
surrogate, 79, 39.0, 0.3
surrogate, 79, 39.0, 0.3
surrogate, 80, 42.0, 0.575
surrogate, 80, 42.0, 0.575
surrogate, 80, 42.0, 0.575
surrogate, 80, 42.0, 0.575
surrogate, 80, 42.0, 0.575
surrogate, 80, 42.0, 0.575
surrogate, 80, 42.0, 0.575
surrogate, 80, 42.0, 0.575
surrogate, 80, 42.0, 0.575
surrogate, 80, 42.0, 0.575
surrogate, 80, 42.0, 0.575
surrogate, 80, 42.0, 0.575
surrogate, 80, 42.0, 0.575
surrogate, 80, 42.0, 0.575
surrogate, 80, 42.0, 0.575
surrogate, 80, 42.0, 0.575
surrogate, 80, 42.0, 0.575
surrogate, 80, 39.0, 0.3
surrogate, 80, 39.0, 0.3
surrogate, 80, 39.0, 0.3
surrogate, 80, 39.0, 0.3
surrogate, 80, 39.0, 0.3
surrogate, 80, 39.0, 0.3
surrogate, 80, 39.0, 0.3
surrogate, 80, 39.0, 0.3
surrogate, 80, 39.0, 0.3
surrogate, 80, 39.0, 0.3
surrogate, 80, 39.0, 0.3
surrogate, 80, 39.0, 0.3
surrogate, 80, 39.0, 0.3
surrogate, 80, 39.0, 0.3
surrogate, 80, 39.0, 0.3
surrogate, 80, 39.0, 0.3
surrogate, 80, 39.0, 0.3
surrogate, 80, 39.0, 0.3
surrogate, 80, 39.0, 0.3
surrogate, 80, 39.0, 0.3
surrogate, 80, 39.0, 0.3
surrogate, 80, 39.0, 0.3
surrogate, 80, 39.0, 0.3
surrogate, 80, 39.0, 0.3
surrogate, 80, 39.0, 0.3
surrogate, 80, 39.0, 0.3
surrogate, 80, 39.0, 0.3
surrogate, 80, 39.0, 0.3
surrogate, 80, 39.0, 0.3
surrogate, 80, 39.0, 0.3
surrogate, 80, 39.0, 0.3
surrogate, 80, 39.0, 0.3
surrogate, 80, 39.0, 0.3
surrogate, 80, 39.0, 0.3
surrogate, 80, 39.0, 0.3
surrogate, 80, 39.0, 0.3
surrogate, 80, 39.0, 0.3
surrogate, 80, 39.0, 0.3
surrogate, 80, 39.0, 0.3
surrogate, 80, 39.0, 0.3
surrogate, 80, 39.0, 0.3
surrogate, 80, 39.0, 0.3
surrogate, 80, 39.0, 0.3
surrogate, 80, 39.0, 0.3
surrogate, 80, 39.0, 0.3
surrogate, 80, 39.0, 0.3
surrogate, 81, 42.0, 0.575
surrogate, 81, 42.0, 0.575
surrogate, 81, 42.0, 0.575
surrogate, 81, 42.0, 0.575
surrogate, 81, 42.0, 0.575
surrogate, 81, 42.0, 0.575
surrogate, 81, 42.0, 0.575
surrogate, 81, 42.0, 0.575
surrogate, 81, 42.0, 0.575
surrogate, 81, 42.0, 0.575
surrogate, 81, 42.0, 0.575
surrogate, 81, 42.0, 0.575
surrogate, 81, 42.0, 0.575
surrogate, 81, 42.0, 0.575
surrogate, 81, 42.0, 0.575
surrogate, 81, 42.0, 0.575
surrogate, 81, 42.0, 0.575
surrogate, 81, 39.0, 0.3
surrogate, 81, 39.0, 0.3
surrogate, 81, 39.0, 0.3
surrogate, 81, 39.0, 0.3
surrogate, 81, 39.0, 0.3
surrogate, 81, 39.0, 0.3
surrogate, 81, 39.0, 0.3
surrogate, 81, 39.0, 0.3
surrogate, 81, 39.0, 0.3
surrogate, 81, 39.0, 0.3
surrogate, 81, 39.0, 0.3
surrogate, 81, 39.0, 0.3
surrogate, 81, 39.0, 0.3
surrogate, 81, 39.0, 0.3
surrogate, 81, 39.0, 0.3
surrogate, 81, 39.0, 0.3
surrogate, 81, 39.0, 0.3
surrogate, 81, 39.0, 0.3
surrogate, 81, 39.0, 0.3
surrogate, 81, 39.0, 0.3
surrogate, 81, 39.0, 0.3
surrogate, 81, 39.0, 0.3
surrogate, 81, 39.0, 0.3
surrogate, 81, 39.0, 0.3
surrogate, 81, 39.0, 0.3
surrogate, 81, 39.0, 0.3
surrogate, 81, 39.0, 0.3
surrogate, 81, 39.0, 0.3
surrogate, 81, 39.0, 0.3
surrogate, 81, 39.0, 0.3
surrogate, 81, 39.0, 0.3
surrogate, 81, 39.0, 0.3
surrogate, 81, 39.0, 0.3
surrogate, 81, 39.0, 0.3
surrogate, 81, 39.0, 0.3
surrogate, 81, 39.0, 0.3
surrogate, 81, 39.0, 0.3
surrogate, 81, 39.0, 0.3
surrogate, 81, 39.0, 0.3
surrogate, 81, 39.0, 0.3
surrogate, 81, 39.0, 0.3
surrogate, 81, 39.0, 0.3
surrogate, 81, 39.0, 0.3
surrogate, 81, 39.0, 0.3
surrogate, 81, 39.0, 0.3
surrogate, 81, 39.0, 0.3
surrogate, 81, 39.0, 0.3
surrogate, 82, 42.0, 0.575
surrogate, 82, 42.0, 0.575
surrogate, 82, 42.0, 0.575
surrogate, 82, 42.0, 0.575
surrogate, 82, 42.0, 0.575
surrogate, 82, 42.0, 0.575
surrogate, 82, 42.0, 0.575
surrogate, 82, 42.0, 0.575
surrogate, 82, 42.0, 0.575
surrogate, 82, 42.0, 0.575
surrogate, 82, 42.0, 0.575
surrogate, 82, 42.0, 0.575
surrogate, 82, 42.0, 0.575
surrogate, 82, 42.0, 0.575
surrogate, 82, 42.0, 0.575
surrogate, 82, 42.0, 0.575
surrogate, 82, 42.0, 0.575
surrogate, 82, 39.0, 0.3
surrogate, 82, 39.0, 0.3
surrogate, 82, 39.0, 0.3
surrogate, 82, 39.0, 0.3
surrogate, 82, 39.0, 0.3
surrogate, 82, 39.0, 0.3
surrogate, 82, 39.0, 0.3
surrogate, 82, 39.0, 0.3
surrogate, 82, 39.0, 0.3
surrogate, 82, 39.0, 0.3
surrogate, 82, 39.0, 0.3
surrogate, 82, 39.0, 0.3
surrogate, 82, 39.0, 0.3
surrogate, 82, 39.0, 0.3
surrogate, 82, 39.0, 0.3
surrogate, 82, 39.0, 0.3
surrogate, 82, 39.0, 0.3
surrogate, 82, 39.0, 0.3
surrogate, 82, 39.0, 0.3
surrogate, 82, 39.0, 0.3
surrogate, 82, 39.0, 0.3
surrogate, 82, 39.0, 0.3
surrogate, 82, 39.0, 0.3
surrogate, 82, 39.0, 0.3
surrogate, 82, 39.0, 0.3
surrogate, 82, 39.0, 0.3
surrogate, 82, 39.0, 0.3
surrogate, 82, 39.0, 0.3
surrogate, 82, 39.0, 0.3
surrogate, 82, 39.0, 0.3
surrogate, 82, 39.0, 0.3
surrogate, 82, 39.0, 0.3
surrogate, 82, 39.0, 0.3
surrogate, 82, 39.0, 0.3
surrogate, 82, 39.0, 0.3
surrogate, 82, 39.0, 0.3
surrogate, 82, 39.0, 0.3
surrogate, 82, 39.0, 0.3
surrogate, 82, 39.0, 0.3
surrogate, 82, 39.0, 0.3
surrogate, 82, 39.0, 0.3
surrogate, 82, 39.0, 0.3
surrogate, 82, 39.0, 0.3
surrogate, 82, 39.0, 0.3
surrogate, 82, 39.0, 0.3
surrogate, 82, 39.0, 0.3
surrogate, 82, 39.0, 0.3
surrogate, 83, 42.0, 0.575
surrogate, 83, 42.0, 0.575
surrogate, 83, 42.0, 0.575
surrogate, 83, 42.0, 0.575
surrogate, 83, 42.0, 0.575
surrogate, 83, 42.0, 0.575
surrogate, 83, 42.0, 0.575
surrogate, 83, 42.0, 0.575
surrogate, 83, 42.0, 0.575
surrogate, 83, 42.0, 0.575
surrogate, 83, 42.0, 0.575
surrogate, 83, 42.0, 0.575
surrogate, 83, 42.0, 0.575
surrogate, 83, 42.0, 0.575
surrogate, 83, 42.0, 0.575
surrogate, 83, 42.0, 0.575
surrogate, 83, 42.0, 0.575
surrogate, 83, 39.0, 0.3
surrogate, 83, 39.0, 0.3
surrogate, 83, 39.0, 0.3
surrogate, 83, 39.0, 0.3
surrogate, 83, 39.0, 0.3
surrogate, 83, 39.0, 0.3
surrogate, 83, 39.0, 0.3
surrogate, 83, 39.0, 0.3
surrogate, 83, 39.0, 0.3
surrogate, 83, 39.0, 0.3
surrogate, 83, 39.0, 0.3
surrogate, 83, 39.0, 0.3
surrogate, 83, 39.0, 0.3
surrogate, 83, 39.0, 0.3
surrogate, 83, 39.0, 0.3
surrogate, 83, 39.0, 0.3
surrogate, 83, 39.0, 0.3
surrogate, 83, 39.0, 0.3
surrogate, 83, 39.0, 0.3
surrogate, 83, 39.0, 0.3
surrogate, 83, 39.0, 0.3
surrogate, 83, 39.0, 0.3
surrogate, 83, 39.0, 0.3
surrogate, 83, 39.0, 0.3
surrogate, 83, 39.0, 0.3
surrogate, 83, 39.0, 0.3
surrogate, 83, 39.0, 0.3
surrogate, 83, 39.0, 0.3
surrogate, 83, 39.0, 0.3
surrogate, 83, 39.0, 0.3
surrogate, 83, 39.0, 0.3
surrogate, 83, 39.0, 0.3
surrogate, 83, 39.0, 0.3
surrogate, 83, 39.0, 0.3
surrogate, 83, 39.0, 0.3
surrogate, 83, 39.0, 0.3
surrogate, 83, 39.0, 0.3
surrogate, 83, 39.0, 0.3
surrogate, 83, 39.0, 0.3
surrogate, 83, 39.0, 0.3
surrogate, 83, 39.0, 0.3
surrogate, 83, 39.0, 0.3
surrogate, 83, 39.0, 0.3
surrogate, 83, 39.0, 0.3
surrogate, 83, 39.0, 0.3
surrogate, 83, 39.0, 0.3
surrogate, 83, 39.0, 0.3
surrogate, 83, 39.0, 0.3
surrogate, 84, 42.0, 0.575
surrogate, 84, 42.0, 0.575
surrogate, 84, 42.0, 0.575
surrogate, 84, 42.0, 0.575
surrogate, 84, 42.0, 0.575
surrogate, 84, 42.0, 0.575
surrogate, 84, 42.0, 0.575
surrogate, 84, 42.0, 0.575
surrogate, 84, 42.0, 0.575
surrogate, 84, 42.0, 0.575
surrogate, 84, 42.0, 0.575
surrogate, 84, 42.0, 0.575
surrogate, 84, 42.0, 0.575
surrogate, 84, 42.0, 0.575
surrogate, 84, 42.0, 0.575
surrogate, 84, 42.0, 0.575
surrogate, 84, 42.0, 0.575
surrogate, 84, 42.0, 0.575
surrogate, 84, 39.0, 0.3
surrogate, 84, 39.0, 0.3
surrogate, 84, 39.0, 0.3
surrogate, 84, 39.0, 0.3
surrogate, 84, 39.0, 0.3
surrogate, 84, 39.0, 0.3
surrogate, 84, 39.0, 0.3
surrogate, 84, 39.0, 0.3
surrogate, 84, 39.0, 0.3
surrogate, 84, 39.0, 0.3
surrogate, 84, 39.0, 0.3
surrogate, 84, 39.0, 0.3
surrogate, 84, 39.0, 0.3
surrogate, 84, 39.0, 0.3
surrogate, 84, 39.0, 0.3
surrogate, 84, 39.0, 0.3
surrogate, 84, 39.0, 0.3
surrogate, 84, 39.0, 0.3
surrogate, 84, 39.0, 0.3
surrogate, 84, 39.0, 0.3
surrogate, 84, 39.0, 0.3
surrogate, 84, 39.0, 0.3
surrogate, 84, 39.0, 0.3
surrogate, 84, 39.0, 0.3
surrogate, 84, 39.0, 0.3
surrogate, 84, 39.0, 0.3
surrogate, 84, 39.0, 0.3
surrogate, 84, 39.0, 0.3
surrogate, 84, 39.0, 0.3
surrogate, 84, 39.0, 0.3
surrogate, 84, 39.0, 0.3
surrogate, 84, 39.0, 0.3
surrogate, 84, 39.0, 0.3
surrogate, 84, 39.0, 0.3
surrogate, 84, 39.0, 0.3
surrogate, 84, 39.0, 0.3
surrogate, 84, 39.0, 0.3
surrogate, 84, 39.0, 0.3
surrogate, 84, 39.0, 0.3
surrogate, 84, 39.0, 0.3
surrogate, 84, 39.0, 0.3
surrogate, 84, 39.0, 0.3
surrogate, 84, 39.0, 0.3
surrogate, 84, 39.0, 0.3
surrogate, 84, 39.0, 0.3
surrogate, 84, 39.0, 0.3
surrogate, 84, 39.0, 0.3
surrogate, 84, 39.0, 0.3
surrogate, 85, 42.0, 0.575
surrogate, 85, 42.0, 0.575
surrogate, 85, 42.0, 0.575
surrogate, 85, 42.0, 0.575
surrogate, 85, 42.0, 0.575
surrogate, 85, 42.0, 0.575
surrogate, 85, 42.0, 0.575
surrogate, 85, 42.0, 0.575
surrogate, 85, 42.0, 0.575
surrogate, 85, 42.0, 0.575
surrogate, 85, 42.0, 0.575
surrogate, 85, 42.0, 0.575
surrogate, 85, 42.0, 0.575
surrogate, 85, 42.0, 0.575
surrogate, 85, 42.0, 0.575
surrogate, 85, 42.0, 0.575
surrogate, 85, 42.0, 0.575
surrogate, 85, 42.0, 0.575
surrogate, 85, 39.0, 0.3
surrogate, 85, 39.0, 0.3
surrogate, 85, 39.0, 0.3
surrogate, 85, 39.0, 0.3
surrogate, 85, 39.0, 0.3
surrogate, 85, 39.0, 0.3
surrogate, 85, 39.0, 0.3
surrogate, 85, 39.0, 0.3
surrogate, 85, 39.0, 0.3
surrogate, 85, 39.0, 0.3
surrogate, 85, 39.0, 0.3
surrogate, 85, 39.0, 0.3
surrogate, 85, 39.0, 0.3
surrogate, 85, 39.0, 0.3
surrogate, 85, 39.0, 0.3
surrogate, 85, 39.0, 0.3
surrogate, 85, 39.0, 0.3
surrogate, 85, 39.0, 0.3
surrogate, 85, 39.0, 0.3
surrogate, 85, 39.0, 0.3
surrogate, 85, 39.0, 0.3
surrogate, 85, 39.0, 0.3
surrogate, 85, 39.0, 0.3
surrogate, 85, 39.0, 0.3
surrogate, 85, 39.0, 0.3
surrogate, 85, 39.0, 0.3
surrogate, 85, 39.0, 0.3
surrogate, 85, 39.0, 0.3
surrogate, 85, 39.0, 0.3
surrogate, 85, 39.0, 0.3
surrogate, 85, 39.0, 0.3
surrogate, 85, 39.0, 0.3
surrogate, 85, 39.0, 0.3
surrogate, 85, 39.0, 0.3
surrogate, 85, 39.0, 0.3
surrogate, 85, 39.0, 0.3
surrogate, 85, 39.0, 0.3
surrogate, 85, 39.0, 0.3
surrogate, 85, 39.0, 0.3
surrogate, 85, 39.0, 0.3
surrogate, 85, 39.0, 0.3
surrogate, 85, 39.0, 0.3
surrogate, 85, 39.0, 0.3
surrogate, 85, 39.0, 0.3
surrogate, 85, 39.0, 0.3
surrogate, 85, 39.0, 0.3
surrogate, 85, 39.0, 0.3
surrogate, 85, 39.0, 0.3
surrogate, 85, 39.0, 0.3
surrogate, 86, 42.0, 0.575
surrogate, 86, 42.0, 0.575
surrogate, 86, 42.0, 0.575
surrogate, 86, 42.0, 0.575
surrogate, 86, 42.0, 0.575
surrogate, 86, 42.0, 0.575
surrogate, 86, 42.0, 0.575
surrogate, 86, 42.0, 0.575
surrogate, 86, 42.0, 0.575
surrogate, 86, 42.0, 0.575
surrogate, 86, 42.0, 0.575
surrogate, 86, 42.0, 0.575
surrogate, 86, 42.0, 0.575
surrogate, 86, 42.0, 0.575
surrogate, 86, 42.0, 0.575
surrogate, 86, 42.0, 0.575
surrogate, 86, 42.0, 0.575
surrogate, 86, 42.0, 0.575
surrogate, 86, 42.0, 0.575
surrogate, 86, 39.0, 0.3
surrogate, 86, 39.0, 0.3
surrogate, 86, 39.0, 0.3
surrogate, 86, 39.0, 0.3
surrogate, 86, 39.0, 0.3
surrogate, 86, 39.0, 0.3
surrogate, 86, 39.0, 0.3
surrogate, 86, 39.0, 0.3
surrogate, 86, 39.0, 0.3
surrogate, 86, 39.0, 0.3
surrogate, 86, 39.0, 0.3
surrogate, 86, 39.0, 0.3
surrogate, 86, 39.0, 0.3
surrogate, 86, 39.0, 0.3
surrogate, 86, 39.0, 0.3
surrogate, 86, 39.0, 0.3
surrogate, 86, 39.0, 0.3
surrogate, 86, 39.0, 0.3
surrogate, 86, 39.0, 0.3
surrogate, 86, 39.0, 0.3
surrogate, 86, 39.0, 0.3
surrogate, 86, 39.0, 0.3
surrogate, 86, 39.0, 0.3
surrogate, 86, 39.0, 0.3
surrogate, 86, 39.0, 0.3
surrogate, 86, 39.0, 0.3
surrogate, 86, 39.0, 0.3
surrogate, 86, 39.0, 0.3
surrogate, 86, 39.0, 0.3
surrogate, 86, 39.0, 0.3
surrogate, 86, 39.0, 0.3
surrogate, 86, 39.0, 0.3
surrogate, 86, 39.0, 0.3
surrogate, 86, 39.0, 0.3
surrogate, 86, 39.0, 0.3
surrogate, 86, 39.0, 0.3
surrogate, 86, 39.0, 0.3
surrogate, 86, 39.0, 0.3
surrogate, 86, 39.0, 0.3
surrogate, 86, 39.0, 0.3
surrogate, 86, 39.0, 0.3
surrogate, 86, 39.0, 0.3
surrogate, 86, 39.0, 0.3
surrogate, 86, 39.0, 0.3
surrogate, 86, 39.0, 0.3
surrogate, 86, 39.0, 0.3
surrogate, 86, 39.0, 0.3
surrogate, 86, 39.0, 0.3
surrogate, 86, 39.0, 0.3
surrogate, 86, 39.0, 0.3
surrogate, 87, 42.0, 0.575
surrogate, 87, 42.0, 0.575
surrogate, 87, 42.0, 0.575
surrogate, 87, 42.0, 0.575
surrogate, 87, 42.0, 0.575
surrogate, 87, 42.0, 0.575
surrogate, 87, 42.0, 0.575
surrogate, 87, 42.0, 0.575
surrogate, 87, 42.0, 0.575
surrogate, 87, 42.0, 0.575
surrogate, 87, 42.0, 0.575
surrogate, 87, 42.0, 0.575
surrogate, 87, 42.0, 0.575
surrogate, 87, 42.0, 0.575
surrogate, 87, 42.0, 0.575
surrogate, 87, 42.0, 0.575
surrogate, 87, 42.0, 0.575
surrogate, 87, 42.0, 0.575
surrogate, 87, 42.0, 0.575
surrogate, 87, 42.0, 0.575
surrogate, 87, 39.0, 0.3
surrogate, 87, 39.0, 0.3
surrogate, 87, 39.0, 0.3
surrogate, 87, 39.0, 0.3
surrogate, 87, 39.0, 0.3
surrogate, 87, 39.0, 0.3
surrogate, 87, 39.0, 0.3
surrogate, 87, 39.0, 0.3
surrogate, 87, 39.0, 0.3
surrogate, 87, 39.0, 0.3
surrogate, 87, 39.0, 0.3
surrogate, 87, 39.0, 0.3
surrogate, 87, 39.0, 0.3
surrogate, 87, 39.0, 0.3
surrogate, 87, 39.0, 0.3
surrogate, 87, 39.0, 0.3
surrogate, 87, 39.0, 0.3
surrogate, 87, 39.0, 0.3
surrogate, 87, 39.0, 0.3
surrogate, 87, 39.0, 0.3
surrogate, 87, 39.0, 0.3
surrogate, 87, 39.0, 0.3
surrogate, 87, 39.0, 0.3
surrogate, 87, 39.0, 0.3
surrogate, 87, 39.0, 0.3
surrogate, 87, 39.0, 0.3
surrogate, 87, 39.0, 0.3
surrogate, 87, 39.0, 0.3
surrogate, 87, 39.0, 0.3
surrogate, 87, 39.0, 0.3
surrogate, 87, 39.0, 0.3
surrogate, 87, 39.0, 0.3
surrogate, 87, 39.0, 0.3
surrogate, 87, 39.0, 0.3
surrogate, 87, 39.0, 0.3
surrogate, 87, 39.0, 0.3
surrogate, 87, 39.0, 0.3
surrogate, 87, 39.0, 0.3
surrogate, 87, 39.0, 0.3
surrogate, 87, 39.0, 0.3
surrogate, 87, 39.0, 0.3
surrogate, 87, 39.0, 0.3
surrogate, 87, 39.0, 0.3
surrogate, 87, 39.0, 0.3
surrogate, 87, 39.0, 0.3
surrogate, 87, 39.0, 0.3
surrogate, 87, 39.0, 0.3
surrogate, 87, 39.0, 0.3
surrogate, 87, 39.0, 0.3
surrogate, 87, 39.0, 0.3
surrogate, 87, 39.0, 0.3
surrogate, 88, 42.0, 0.575
surrogate, 88, 42.0, 0.575
surrogate, 88, 42.0, 0.575
surrogate, 88, 42.0, 0.575
surrogate, 88, 42.0, 0.575
surrogate, 88, 42.0, 0.575
surrogate, 88, 42.0, 0.575
surrogate, 88, 42.0, 0.575
surrogate, 88, 42.0, 0.575
surrogate, 88, 42.0, 0.575
surrogate, 88, 42.0, 0.575
surrogate, 88, 42.0, 0.575
surrogate, 88, 42.0, 0.575
surrogate, 88, 42.0, 0.575
surrogate, 88, 42.0, 0.575
surrogate, 88, 42.0, 0.575
surrogate, 88, 42.0, 0.575
surrogate, 88, 42.0, 0.575
surrogate, 88, 42.0, 0.575
surrogate, 88, 42.0, 0.575
surrogate, 88, 42.0, 0.575
surrogate, 88, 39.0, 0.3
surrogate, 88, 39.0, 0.3
surrogate, 88, 39.0, 0.3
surrogate, 88, 39.0, 0.3
surrogate, 88, 39.0, 0.3
surrogate, 88, 39.0, 0.3
surrogate, 88, 39.0, 0.3
surrogate, 88, 39.0, 0.3
surrogate, 88, 39.0, 0.3
surrogate, 88, 39.0, 0.3
surrogate, 88, 39.0, 0.3
surrogate, 88, 39.0, 0.3
surrogate, 88, 39.0, 0.3
surrogate, 88, 39.0, 0.3
surrogate, 88, 39.0, 0.3
surrogate, 88, 39.0, 0.3
surrogate, 88, 39.0, 0.3
surrogate, 88, 39.0, 0.3
surrogate, 88, 39.0, 0.3
surrogate, 88, 39.0, 0.3
surrogate, 88, 39.0, 0.3
surrogate, 88, 39.0, 0.3
surrogate, 88, 39.0, 0.3
surrogate, 88, 39.0, 0.3
surrogate, 88, 39.0, 0.3
surrogate, 88, 39.0, 0.3
surrogate, 88, 39.0, 0.3
surrogate, 88, 39.0, 0.3
surrogate, 88, 39.0, 0.3
surrogate, 88, 39.0, 0.3
surrogate, 88, 39.0, 0.3
surrogate, 88, 39.0, 0.3
surrogate, 88, 39.0, 0.3
surrogate, 88, 39.0, 0.3
surrogate, 88, 39.0, 0.3
surrogate, 88, 39.0, 0.3
surrogate, 88, 39.0, 0.3
surrogate, 88, 39.0, 0.3
surrogate, 88, 39.0, 0.3
surrogate, 88, 39.0, 0.3
surrogate, 88, 39.0, 0.3
surrogate, 88, 39.0, 0.3
surrogate, 88, 39.0, 0.3
surrogate, 88, 39.0, 0.3
surrogate, 88, 39.0, 0.3
surrogate, 88, 39.0, 0.3
surrogate, 88, 39.0, 0.3
surrogate, 88, 39.0, 0.3
surrogate, 88, 39.0, 0.3
surrogate, 88, 39.0, 0.3
surrogate, 88, 39.0, 0.3
surrogate, 88, 39.0, 0.3
surrogate, 89, 42.0, 0.575
surrogate, 89, 42.0, 0.575
surrogate, 89, 42.0, 0.575
surrogate, 89, 42.0, 0.575
surrogate, 89, 42.0, 0.575
surrogate, 89, 42.0, 0.575
surrogate, 89, 42.0, 0.575
surrogate, 89, 42.0, 0.575
surrogate, 89, 42.0, 0.575
surrogate, 89, 42.0, 0.575
surrogate, 89, 42.0, 0.575
surrogate, 89, 42.0, 0.575
surrogate, 89, 42.0, 0.575
surrogate, 89, 42.0, 0.575
surrogate, 89, 42.0, 0.575
surrogate, 89, 42.0, 0.575
surrogate, 89, 42.0, 0.575
surrogate, 89, 42.0, 0.575
surrogate, 89, 42.0, 0.575
surrogate, 89, 42.0, 0.575
surrogate, 89, 42.0, 0.575
surrogate, 89, 42.0, 0.575
surrogate, 89, 39.0, 0.3
surrogate, 89, 39.0, 0.3
surrogate, 89, 39.0, 0.3
surrogate, 89, 39.0, 0.3
surrogate, 89, 39.0, 0.3
surrogate, 89, 39.0, 0.3
surrogate, 89, 39.0, 0.3
surrogate, 89, 39.0, 0.3
surrogate, 89, 39.0, 0.3
surrogate, 89, 39.0, 0.3
surrogate, 89, 39.0, 0.3
surrogate, 89, 39.0, 0.3
surrogate, 89, 39.0, 0.3
surrogate, 89, 39.0, 0.3
surrogate, 89, 39.0, 0.3
surrogate, 89, 39.0, 0.3
surrogate, 89, 39.0, 0.3
surrogate, 89, 39.0, 0.3
surrogate, 89, 39.0, 0.3
surrogate, 89, 39.0, 0.3
surrogate, 89, 39.0, 0.3
surrogate, 89, 39.0, 0.3
surrogate, 89, 39.0, 0.3
surrogate, 89, 39.0, 0.3
surrogate, 89, 39.0, 0.3
surrogate, 89, 39.0, 0.3
surrogate, 89, 39.0, 0.3
surrogate, 89, 39.0, 0.3
surrogate, 89, 39.0, 0.3
surrogate, 89, 39.0, 0.3
surrogate, 89, 39.0, 0.3
surrogate, 89, 39.0, 0.3
surrogate, 89, 39.0, 0.3
surrogate, 89, 39.0, 0.3
surrogate, 89, 39.0, 0.3
surrogate, 89, 39.0, 0.3
surrogate, 89, 39.0, 0.3
surrogate, 89, 39.0, 0.3
surrogate, 89, 39.0, 0.3
surrogate, 89, 39.0, 0.3
surrogate, 89, 39.0, 0.3
surrogate, 89, 39.0, 0.3
surrogate, 89, 39.0, 0.3
surrogate, 89, 39.0, 0.3
surrogate, 89, 39.0, 0.3
surrogate, 89, 39.0, 0.3
surrogate, 89, 39.0, 0.3
surrogate, 89, 39.0, 0.3
surrogate, 89, 39.0, 0.3
surrogate, 89, 39.0, 0.3
surrogate, 89, 39.0, 0.3
surrogate, 89, 39.0, 0.3
surrogate, 89, 39.0, 0.3
surrogate, 90, 42.0, 0.575
surrogate, 90, 42.0, 0.575
surrogate, 90, 42.0, 0.575
surrogate, 90, 42.0, 0.575
surrogate, 90, 42.0, 0.575
surrogate, 90, 42.0, 0.575
surrogate, 90, 42.0, 0.575
surrogate, 90, 42.0, 0.575
surrogate, 90, 42.0, 0.575
surrogate, 90, 42.0, 0.575
surrogate, 90, 42.0, 0.575
surrogate, 90, 42.0, 0.575
surrogate, 90, 42.0, 0.575
surrogate, 90, 42.0, 0.575
surrogate, 90, 42.0, 0.575
surrogate, 90, 42.0, 0.575
surrogate, 90, 42.0, 0.575
surrogate, 90, 42.0, 0.575
surrogate, 90, 42.0, 0.575
surrogate, 90, 42.0, 0.575
surrogate, 90, 42.0, 0.575
surrogate, 90, 42.0, 0.575
surrogate, 90, 42.0, 0.575
surrogate, 90, 39.0, 0.3
surrogate, 90, 39.0, 0.3
surrogate, 90, 39.0, 0.3
surrogate, 90, 39.0, 0.3
surrogate, 90, 39.0, 0.3
surrogate, 90, 39.0, 0.3
surrogate, 90, 39.0, 0.3
surrogate, 90, 39.0, 0.3
surrogate, 90, 39.0, 0.3
surrogate, 90, 39.0, 0.3
surrogate, 90, 39.0, 0.3
surrogate, 90, 39.0, 0.3
surrogate, 90, 39.0, 0.3
surrogate, 90, 39.0, 0.3
surrogate, 90, 39.0, 0.3
surrogate, 90, 39.0, 0.3
surrogate, 90, 39.0, 0.3
surrogate, 90, 39.0, 0.3
surrogate, 90, 39.0, 0.3
surrogate, 90, 39.0, 0.3
surrogate, 90, 39.0, 0.3
surrogate, 90, 39.0, 0.3
surrogate, 90, 39.0, 0.3
surrogate, 90, 39.0, 0.3
surrogate, 90, 39.0, 0.3
surrogate, 90, 39.0, 0.3
surrogate, 90, 39.0, 0.3
surrogate, 90, 39.0, 0.3
surrogate, 90, 39.0, 0.3
surrogate, 90, 39.0, 0.3
surrogate, 90, 39.0, 0.3
surrogate, 90, 39.0, 0.3
surrogate, 90, 39.0, 0.3
surrogate, 90, 39.0, 0.3
surrogate, 90, 39.0, 0.3
surrogate, 90, 39.0, 0.3
surrogate, 90, 39.0, 0.3
surrogate, 90, 39.0, 0.3
surrogate, 90, 39.0, 0.3
surrogate, 90, 39.0, 0.3
surrogate, 90, 39.0, 0.3
surrogate, 90, 39.0, 0.3
surrogate, 90, 39.0, 0.3
surrogate, 90, 39.0, 0.3
surrogate, 90, 39.0, 0.3
surrogate, 90, 39.0, 0.3
surrogate, 90, 39.0, 0.3
surrogate, 90, 39.0, 0.3
surrogate, 90, 39.0, 0.3
surrogate, 90, 39.0, 0.3
surrogate, 90, 39.0, 0.3
surrogate, 90, 39.0, 0.3
surrogate, 90, 39.0, 0.3
surrogate, 90, 39.0, 0.3
surrogate, 91, 42.0, 0.575
surrogate, 91, 42.0, 0.575
surrogate, 91, 42.0, 0.575
surrogate, 91, 42.0, 0.575
surrogate, 91, 42.0, 0.575
surrogate, 91, 42.0, 0.575
surrogate, 91, 42.0, 0.575
surrogate, 91, 42.0, 0.575
surrogate, 91, 42.0, 0.575
surrogate, 91, 42.0, 0.575
surrogate, 91, 42.0, 0.575
surrogate, 91, 42.0, 0.575
surrogate, 91, 42.0, 0.575
surrogate, 91, 42.0, 0.575
surrogate, 91, 42.0, 0.575
surrogate, 91, 42.0, 0.575
surrogate, 91, 42.0, 0.575
surrogate, 91, 42.0, 0.575
surrogate, 91, 42.0, 0.575
surrogate, 91, 42.0, 0.575
surrogate, 91, 42.0, 0.575
surrogate, 91, 42.0, 0.575
surrogate, 91, 42.0, 0.575
surrogate, 91, 42.0, 0.575
surrogate, 91, 39.0, 0.3
surrogate, 91, 39.0, 0.3
surrogate, 91, 39.0, 0.3
surrogate, 91, 39.0, 0.3
surrogate, 91, 39.0, 0.3
surrogate, 91, 39.0, 0.3
surrogate, 91, 39.0, 0.3
surrogate, 91, 39.0, 0.3
surrogate, 91, 39.0, 0.3
surrogate, 91, 39.0, 0.3
surrogate, 91, 39.0, 0.3
surrogate, 91, 39.0, 0.3
surrogate, 91, 39.0, 0.3
surrogate, 91, 39.0, 0.3
surrogate, 91, 39.0, 0.3
surrogate, 91, 39.0, 0.3
surrogate, 91, 39.0, 0.3
surrogate, 91, 39.0, 0.3
surrogate, 91, 39.0, 0.3
surrogate, 91, 39.0, 0.3
surrogate, 91, 39.0, 0.3
surrogate, 91, 39.0, 0.3
surrogate, 91, 39.0, 0.3
surrogate, 91, 39.0, 0.3
surrogate, 91, 39.0, 0.3
surrogate, 91, 39.0, 0.3
surrogate, 91, 39.0, 0.3
surrogate, 91, 39.0, 0.3
surrogate, 91, 39.0, 0.3
surrogate, 91, 39.0, 0.3
surrogate, 91, 39.0, 0.3
surrogate, 91, 39.0, 0.3
surrogate, 91, 39.0, 0.3
surrogate, 91, 39.0, 0.3
surrogate, 91, 39.0, 0.3
surrogate, 91, 39.0, 0.3
surrogate, 91, 39.0, 0.3
surrogate, 91, 39.0, 0.3
surrogate, 91, 39.0, 0.3
surrogate, 91, 39.0, 0.3
surrogate, 91, 39.0, 0.3
surrogate, 91, 39.0, 0.3
surrogate, 91, 39.0, 0.3
surrogate, 91, 39.0, 0.3
surrogate, 91, 39.0, 0.3
surrogate, 91, 39.0, 0.3
surrogate, 91, 39.0, 0.3
surrogate, 91, 39.0, 0.3
surrogate, 91, 39.0, 0.3
surrogate, 91, 39.0, 0.3
surrogate, 91, 39.0, 0.3
surrogate, 91, 39.0, 0.3
surrogate, 91, 39.0, 0.3
surrogate, 91, 39.0, 0.3
surrogate, 91, 39.0, 0.3
surrogate, 92, 42.0, 0.575
surrogate, 92, 42.0, 0.575
surrogate, 92, 42.0, 0.575
surrogate, 92, 42.0, 0.575
surrogate, 92, 42.0, 0.575
surrogate, 92, 42.0, 0.575
surrogate, 92, 42.0, 0.575
surrogate, 92, 42.0, 0.575
surrogate, 92, 42.0, 0.575
surrogate, 92, 42.0, 0.575
surrogate, 92, 42.0, 0.575
surrogate, 92, 42.0, 0.575
surrogate, 92, 42.0, 0.575
surrogate, 92, 42.0, 0.575
surrogate, 92, 42.0, 0.575
surrogate, 92, 42.0, 0.575
surrogate, 92, 42.0, 0.575
surrogate, 92, 42.0, 0.575
surrogate, 92, 42.0, 0.575
surrogate, 92, 42.0, 0.575
surrogate, 92, 42.0, 0.575
surrogate, 92, 42.0, 0.575
surrogate, 92, 42.0, 0.575
surrogate, 92, 42.0, 0.575
surrogate, 92, 39.0, 0.3
surrogate, 92, 39.0, 0.3
surrogate, 92, 39.0, 0.3
surrogate, 92, 39.0, 0.3
surrogate, 92, 39.0, 0.3
surrogate, 92, 39.0, 0.3
surrogate, 92, 39.0, 0.3
surrogate, 92, 39.0, 0.3
surrogate, 92, 39.0, 0.3
surrogate, 92, 39.0, 0.3
surrogate, 92, 39.0, 0.3
surrogate, 92, 39.0, 0.3
surrogate, 92, 39.0, 0.3
surrogate, 92, 39.0, 0.3
surrogate, 92, 39.0, 0.3
surrogate, 92, 39.0, 0.3
surrogate, 92, 39.0, 0.3
surrogate, 92, 39.0, 0.3
surrogate, 92, 39.0, 0.3
surrogate, 92, 39.0, 0.3
surrogate, 92, 39.0, 0.3
surrogate, 92, 39.0, 0.3
surrogate, 92, 39.0, 0.3
surrogate, 92, 39.0, 0.3
surrogate, 92, 39.0, 0.3
surrogate, 92, 39.0, 0.3
surrogate, 92, 39.0, 0.3
surrogate, 92, 39.0, 0.3
surrogate, 92, 39.0, 0.3
surrogate, 92, 39.0, 0.3
surrogate, 92, 39.0, 0.3
surrogate, 92, 39.0, 0.3
surrogate, 92, 39.0, 0.3
surrogate, 92, 39.0, 0.3
surrogate, 92, 39.0, 0.3
surrogate, 92, 39.0, 0.3
surrogate, 92, 39.0, 0.3
surrogate, 92, 39.0, 0.3
surrogate, 92, 39.0, 0.3
surrogate, 92, 39.0, 0.3
surrogate, 92, 39.0, 0.3
surrogate, 92, 39.0, 0.3
surrogate, 92, 39.0, 0.3
surrogate, 92, 39.0, 0.3
surrogate, 92, 39.0, 0.3
surrogate, 92, 39.0, 0.3
surrogate, 92, 39.0, 0.3
surrogate, 92, 39.0, 0.3
surrogate, 92, 39.0, 0.3
surrogate, 92, 39.0, 0.3
surrogate, 92, 39.0, 0.3
surrogate, 92, 39.0, 0.3
surrogate, 92, 39.0, 0.3
surrogate, 92, 39.0, 0.3
surrogate, 92, 39.0, 0.3
surrogate, 93, 42.0, 0.575
surrogate, 93, 42.0, 0.575
surrogate, 93, 42.0, 0.575
surrogate, 93, 42.0, 0.575
surrogate, 93, 42.0, 0.575
surrogate, 93, 42.0, 0.575
surrogate, 93, 42.0, 0.575
surrogate, 93, 42.0, 0.575
surrogate, 93, 42.0, 0.575
surrogate, 93, 42.0, 0.575
surrogate, 93, 42.0, 0.575
surrogate, 93, 42.0, 0.575
surrogate, 93, 42.0, 0.575
surrogate, 93, 42.0, 0.575
surrogate, 93, 42.0, 0.575
surrogate, 93, 42.0, 0.575
surrogate, 93, 42.0, 0.575
surrogate, 93, 42.0, 0.575
surrogate, 93, 42.0, 0.575
surrogate, 93, 42.0, 0.575
surrogate, 93, 42.0, 0.575
surrogate, 93, 42.0, 0.575
surrogate, 93, 42.0, 0.575
surrogate, 93, 42.0, 0.575
surrogate, 93, 39.0, 0.3
surrogate, 93, 39.0, 0.3
surrogate, 93, 39.0, 0.3
surrogate, 93, 39.0, 0.3
surrogate, 93, 39.0, 0.3
surrogate, 93, 39.0, 0.3
surrogate, 93, 39.0, 0.3
surrogate, 93, 39.0, 0.3
surrogate, 93, 39.0, 0.3
surrogate, 93, 39.0, 0.3
surrogate, 93, 39.0, 0.3
surrogate, 93, 39.0, 0.3
surrogate, 93, 39.0, 0.3
surrogate, 93, 39.0, 0.3
surrogate, 93, 39.0, 0.3
surrogate, 93, 39.0, 0.3
surrogate, 93, 39.0, 0.3
surrogate, 93, 39.0, 0.3
surrogate, 93, 39.0, 0.3
surrogate, 93, 39.0, 0.3
surrogate, 93, 39.0, 0.3
surrogate, 93, 39.0, 0.3
surrogate, 93, 39.0, 0.3
surrogate, 93, 39.0, 0.3
surrogate, 93, 39.0, 0.3
surrogate, 93, 39.0, 0.3
surrogate, 93, 39.0, 0.3
surrogate, 93, 39.0, 0.3
surrogate, 93, 39.0, 0.3
surrogate, 93, 39.0, 0.3
surrogate, 93, 39.0, 0.3
surrogate, 93, 39.0, 0.3
surrogate, 93, 39.0, 0.3
surrogate, 93, 39.0, 0.3
surrogate, 93, 39.0, 0.3
surrogate, 93, 39.0, 0.3
surrogate, 93, 39.0, 0.3
surrogate, 93, 39.0, 0.3
surrogate, 93, 39.0, 0.3
surrogate, 93, 39.0, 0.3
surrogate, 93, 39.0, 0.3
surrogate, 93, 39.0, 0.3
surrogate, 93, 39.0, 0.3
surrogate, 93, 39.0, 0.3
surrogate, 93, 39.0, 0.3
surrogate, 93, 39.0, 0.3
surrogate, 93, 39.0, 0.3
surrogate, 93, 39.0, 0.3
surrogate, 93, 39.0, 0.3
surrogate, 93, 39.0, 0.3
surrogate, 93, 39.0, 0.3
surrogate, 93, 39.0, 0.3
surrogate, 93, 39.0, 0.3
surrogate, 93, 39.0, 0.3
surrogate, 93, 39.0, 0.3
surrogate, 94, 42.0, 0.575
surrogate, 94, 42.0, 0.575
surrogate, 94, 42.0, 0.575
surrogate, 94, 42.0, 0.575
surrogate, 94, 42.0, 0.575
surrogate, 94, 42.0, 0.575
surrogate, 94, 42.0, 0.575
surrogate, 94, 42.0, 0.575
surrogate, 94, 42.0, 0.575
surrogate, 94, 42.0, 0.575
surrogate, 94, 42.0, 0.575
surrogate, 94, 42.0, 0.575
surrogate, 94, 42.0, 0.575
surrogate, 94, 42.0, 0.575
surrogate, 94, 42.0, 0.575
surrogate, 94, 42.0, 0.575
surrogate, 94, 42.0, 0.575
surrogate, 94, 42.0, 0.575
surrogate, 94, 42.0, 0.575
surrogate, 94, 42.0, 0.575
surrogate, 94, 42.0, 0.575
surrogate, 94, 42.0, 0.575
surrogate, 94, 42.0, 0.575
surrogate, 94, 42.0, 0.575
surrogate, 94, 39.0, 0.3
surrogate, 94, 39.0, 0.3
surrogate, 94, 39.0, 0.3
surrogate, 94, 39.0, 0.3
surrogate, 94, 39.0, 0.3
surrogate, 94, 39.0, 0.3
surrogate, 94, 39.0, 0.3
surrogate, 94, 39.0, 0.3
surrogate, 94, 39.0, 0.3
surrogate, 94, 39.0, 0.3
surrogate, 94, 39.0, 0.3
surrogate, 94, 39.0, 0.3
surrogate, 94, 39.0, 0.3
surrogate, 94, 39.0, 0.3
surrogate, 94, 39.0, 0.3
surrogate, 94, 39.0, 0.3
surrogate, 94, 39.0, 0.3
surrogate, 94, 39.0, 0.3
surrogate, 94, 39.0, 0.3
surrogate, 94, 39.0, 0.3
surrogate, 94, 39.0, 0.3
surrogate, 94, 39.0, 0.3
surrogate, 94, 39.0, 0.3
surrogate, 94, 39.0, 0.3
surrogate, 94, 39.0, 0.3
surrogate, 94, 39.0, 0.3
surrogate, 94, 39.0, 0.3
surrogate, 94, 39.0, 0.3
surrogate, 94, 39.0, 0.3
surrogate, 94, 39.0, 0.3
surrogate, 94, 39.0, 0.3
surrogate, 94, 39.0, 0.3
surrogate, 94, 39.0, 0.3
surrogate, 94, 39.0, 0.3
surrogate, 94, 39.0, 0.3
surrogate, 94, 39.0, 0.3
surrogate, 94, 39.0, 0.3
surrogate, 94, 39.0, 0.3
surrogate, 94, 39.0, 0.3
surrogate, 94, 39.0, 0.3
surrogate, 94, 39.0, 0.3
surrogate, 94, 39.0, 0.3
surrogate, 94, 39.0, 0.3
surrogate, 94, 39.0, 0.3
surrogate, 94, 39.0, 0.3
surrogate, 94, 39.0, 0.3
surrogate, 94, 39.0, 0.3
surrogate, 94, 39.0, 0.3
surrogate, 94, 39.0, 0.3
surrogate, 94, 39.0, 0.3
surrogate, 94, 39.0, 0.3
surrogate, 94, 39.0, 0.3
surrogate, 94, 39.0, 0.3
surrogate, 94, 39.0, 0.3
surrogate, 94, 39.0, 0.3
surrogate, 95, 42.0, 0.575
surrogate, 95, 42.0, 0.575
surrogate, 95, 42.0, 0.575
surrogate, 95, 42.0, 0.575
surrogate, 95, 42.0, 0.575
surrogate, 95, 42.0, 0.575
surrogate, 95, 42.0, 0.575
surrogate, 95, 42.0, 0.575
surrogate, 95, 42.0, 0.575
surrogate, 95, 42.0, 0.575
surrogate, 95, 42.0, 0.575
surrogate, 95, 42.0, 0.575
surrogate, 95, 42.0, 0.575
surrogate, 95, 42.0, 0.575
surrogate, 95, 42.0, 0.575
surrogate, 95, 42.0, 0.575
surrogate, 95, 42.0, 0.575
surrogate, 95, 42.0, 0.575
surrogate, 95, 42.0, 0.575
surrogate, 95, 42.0, 0.575
surrogate, 95, 42.0, 0.575
surrogate, 95, 42.0, 0.575
surrogate, 95, 42.0, 0.575
surrogate, 95, 42.0, 0.575
surrogate, 95, 42.0, 0.575
surrogate, 95, 39.0, 0.3
surrogate, 95, 39.0, 0.3
surrogate, 95, 39.0, 0.3
surrogate, 95, 39.0, 0.3
surrogate, 95, 39.0, 0.3
surrogate, 95, 39.0, 0.3
surrogate, 95, 39.0, 0.3
surrogate, 95, 39.0, 0.3
surrogate, 95, 39.0, 0.3
surrogate, 95, 39.0, 0.3
surrogate, 95, 39.0, 0.3
surrogate, 95, 39.0, 0.3
surrogate, 95, 39.0, 0.3
surrogate, 95, 39.0, 0.3
surrogate, 95, 39.0, 0.3
surrogate, 95, 39.0, 0.3
surrogate, 95, 39.0, 0.3
surrogate, 95, 39.0, 0.3
surrogate, 95, 39.0, 0.3
surrogate, 95, 39.0, 0.3
surrogate, 95, 39.0, 0.3
surrogate, 95, 39.0, 0.3
surrogate, 95, 39.0, 0.3
surrogate, 95, 39.0, 0.3
surrogate, 95, 39.0, 0.3
surrogate, 95, 39.0, 0.3
surrogate, 95, 39.0, 0.3
surrogate, 95, 39.0, 0.3
surrogate, 95, 39.0, 0.3
surrogate, 95, 39.0, 0.3
surrogate, 95, 39.0, 0.3
surrogate, 95, 39.0, 0.3
surrogate, 95, 39.0, 0.3
surrogate, 95, 39.0, 0.3
surrogate, 95, 39.0, 0.3
surrogate, 95, 39.0, 0.3
surrogate, 95, 39.0, 0.3
surrogate, 95, 39.0, 0.3
surrogate, 95, 39.0, 0.3
surrogate, 95, 39.0, 0.3
surrogate, 95, 39.0, 0.3
surrogate, 95, 39.0, 0.3
surrogate, 95, 39.0, 0.3
surrogate, 95, 39.0, 0.3
surrogate, 95, 39.0, 0.3
surrogate, 95, 39.0, 0.3
surrogate, 95, 39.0, 0.3
surrogate, 95, 39.0, 0.3
surrogate, 95, 39.0, 0.3
surrogate, 95, 39.0, 0.3
surrogate, 95, 39.0, 0.3
surrogate, 95, 39.0, 0.3
surrogate, 95, 39.0, 0.3
surrogate, 95, 39.0, 0.3
surrogate, 95, 39.0, 0.3
surrogate, 96, 42.0, 0.575
surrogate, 96, 42.0, 0.575
surrogate, 96, 42.0, 0.575
surrogate, 96, 42.0, 0.575
surrogate, 96, 42.0, 0.575
surrogate, 96, 42.0, 0.575
surrogate, 96, 42.0, 0.575
surrogate, 96, 42.0, 0.575
surrogate, 96, 42.0, 0.575
surrogate, 96, 42.0, 0.575
surrogate, 96, 42.0, 0.575
surrogate, 96, 42.0, 0.575
surrogate, 96, 42.0, 0.575
surrogate, 96, 42.0, 0.575
surrogate, 96, 42.0, 0.575
surrogate, 96, 42.0, 0.575
surrogate, 96, 42.0, 0.575
surrogate, 96, 42.0, 0.575
surrogate, 96, 42.0, 0.575
surrogate, 96, 42.0, 0.575
surrogate, 96, 42.0, 0.575
surrogate, 96, 42.0, 0.575
surrogate, 96, 42.0, 0.575
surrogate, 96, 42.0, 0.575
surrogate, 96, 42.0, 0.575
surrogate, 96, 42.0, 0.575
surrogate, 96, 39.0, 0.3
surrogate, 96, 39.0, 0.3
surrogate, 96, 39.0, 0.3
surrogate, 96, 39.0, 0.3
surrogate, 96, 39.0, 0.3
surrogate, 96, 39.0, 0.3
surrogate, 96, 39.0, 0.3
surrogate, 96, 39.0, 0.3
surrogate, 96, 39.0, 0.3
surrogate, 96, 39.0, 0.3
surrogate, 96, 39.0, 0.3
surrogate, 96, 39.0, 0.3
surrogate, 96, 39.0, 0.3
surrogate, 96, 39.0, 0.3
surrogate, 96, 39.0, 0.3
surrogate, 96, 39.0, 0.3
surrogate, 96, 39.0, 0.3
surrogate, 96, 39.0, 0.3
surrogate, 96, 39.0, 0.3
surrogate, 96, 39.0, 0.3
surrogate, 96, 39.0, 0.3
surrogate, 96, 39.0, 0.3
surrogate, 96, 39.0, 0.3
surrogate, 96, 39.0, 0.3
surrogate, 96, 39.0, 0.3
surrogate, 96, 39.0, 0.3
surrogate, 96, 39.0, 0.3
surrogate, 96, 39.0, 0.3
surrogate, 96, 39.0, 0.3
surrogate, 96, 39.0, 0.3
surrogate, 96, 39.0, 0.3
surrogate, 96, 39.0, 0.3
surrogate, 96, 39.0, 0.3
surrogate, 96, 39.0, 0.3
surrogate, 96, 39.0, 0.3
surrogate, 96, 39.0, 0.3
surrogate, 96, 39.0, 0.3
surrogate, 96, 39.0, 0.3
surrogate, 96, 39.0, 0.3
surrogate, 96, 39.0, 0.3
surrogate, 96, 39.0, 0.3
surrogate, 96, 39.0, 0.3
surrogate, 96, 39.0, 0.3
surrogate, 96, 39.0, 0.3
surrogate, 96, 39.0, 0.3
surrogate, 96, 39.0, 0.3
surrogate, 96, 39.0, 0.3
surrogate, 96, 39.0, 0.3
surrogate, 96, 39.0, 0.3
surrogate, 96, 39.0, 0.3
surrogate, 96, 39.0, 0.3
surrogate, 96, 39.0, 0.3
surrogate, 96, 39.0, 0.3
surrogate, 96, 39.0, 0.3
surrogate, 96, 39.0, 0.3
surrogate, 96, 39.0, 0.3
surrogate, 97, 42.0, 0.575
surrogate, 97, 42.0, 0.575
surrogate, 97, 42.0, 0.575
surrogate, 97, 42.0, 0.575
surrogate, 97, 42.0, 0.575
surrogate, 97, 42.0, 0.575
surrogate, 97, 42.0, 0.575
surrogate, 97, 42.0, 0.575
surrogate, 97, 42.0, 0.575
surrogate, 97, 42.0, 0.575
surrogate, 97, 42.0, 0.575
surrogate, 97, 42.0, 0.575
surrogate, 97, 42.0, 0.575
surrogate, 97, 42.0, 0.575
surrogate, 97, 42.0, 0.575
surrogate, 97, 42.0, 0.575
surrogate, 97, 42.0, 0.575
surrogate, 97, 42.0, 0.575
surrogate, 97, 42.0, 0.575
surrogate, 97, 42.0, 0.575
surrogate, 97, 42.0, 0.575
surrogate, 97, 42.0, 0.575
surrogate, 97, 42.0, 0.575
surrogate, 97, 42.0, 0.575
surrogate, 97, 42.0, 0.575
surrogate, 97, 42.0, 0.575
surrogate, 97, 39.0, 0.3
surrogate, 97, 39.0, 0.3
surrogate, 97, 39.0, 0.3
surrogate, 97, 39.0, 0.3
surrogate, 97, 39.0, 0.3
surrogate, 97, 39.0, 0.3
surrogate, 97, 39.0, 0.3
surrogate, 97, 39.0, 0.3
surrogate, 97, 39.0, 0.3
surrogate, 97, 39.0, 0.3
surrogate, 97, 39.0, 0.3
surrogate, 97, 39.0, 0.3
surrogate, 97, 39.0, 0.3
surrogate, 97, 39.0, 0.3
surrogate, 97, 39.0, 0.3
surrogate, 97, 39.0, 0.3
surrogate, 97, 39.0, 0.3
surrogate, 97, 39.0, 0.3
surrogate, 97, 39.0, 0.3
surrogate, 97, 39.0, 0.3
surrogate, 97, 39.0, 0.3
surrogate, 97, 39.0, 0.3
surrogate, 97, 39.0, 0.3
surrogate, 97, 39.0, 0.3
surrogate, 97, 39.0, 0.3
surrogate, 97, 39.0, 0.3
surrogate, 97, 39.0, 0.3
surrogate, 97, 39.0, 0.3
surrogate, 97, 39.0, 0.3
surrogate, 97, 39.0, 0.3
surrogate, 97, 39.0, 0.3
surrogate, 97, 39.0, 0.3
surrogate, 97, 39.0, 0.3
surrogate, 97, 39.0, 0.3
surrogate, 97, 39.0, 0.3
surrogate, 97, 39.0, 0.3
surrogate, 97, 39.0, 0.3
surrogate, 97, 39.0, 0.3
surrogate, 97, 39.0, 0.3
surrogate, 97, 39.0, 0.3
surrogate, 97, 39.0, 0.3
surrogate, 97, 39.0, 0.3
surrogate, 97, 39.0, 0.3
surrogate, 97, 39.0, 0.3
surrogate, 97, 39.0, 0.3
surrogate, 97, 39.0, 0.3
surrogate, 97, 39.0, 0.3
surrogate, 97, 39.0, 0.3
surrogate, 97, 39.0, 0.3
surrogate, 97, 39.0, 0.3
surrogate, 97, 39.0, 0.3
surrogate, 97, 39.0, 0.3
surrogate, 97, 39.0, 0.3
surrogate, 97, 39.0, 0.3
surrogate, 97, 39.0, 0.3
surrogate, 97, 39.0, 0.3
surrogate, 97, 39.0, 0.3
surrogate, 98, 42.0, 0.575
surrogate, 98, 42.0, 0.575
surrogate, 98, 42.0, 0.575
surrogate, 98, 42.0, 0.575
surrogate, 98, 42.0, 0.575
surrogate, 98, 42.0, 0.575
surrogate, 98, 42.0, 0.575
surrogate, 98, 42.0, 0.575
surrogate, 98, 42.0, 0.575
surrogate, 98, 42.0, 0.575
surrogate, 98, 42.0, 0.575
surrogate, 98, 42.0, 0.575
surrogate, 98, 42.0, 0.575
surrogate, 98, 42.0, 0.575
surrogate, 98, 42.0, 0.575
surrogate, 98, 42.0, 0.575
surrogate, 98, 42.0, 0.575
surrogate, 98, 42.0, 0.575
surrogate, 98, 42.0, 0.575
surrogate, 98, 42.0, 0.575
surrogate, 98, 42.0, 0.575
surrogate, 98, 42.0, 0.575
surrogate, 98, 42.0, 0.575
surrogate, 98, 42.0, 0.575
surrogate, 98, 42.0, 0.575
surrogate, 98, 42.0, 0.575
surrogate, 98, 39.0, 0.3
surrogate, 98, 39.0, 0.3
surrogate, 98, 39.0, 0.3
surrogate, 98, 39.0, 0.3
surrogate, 98, 39.0, 0.3
surrogate, 98, 39.0, 0.3
surrogate, 98, 39.0, 0.3
surrogate, 98, 39.0, 0.3
surrogate, 98, 39.0, 0.3
surrogate, 98, 39.0, 0.3
surrogate, 98, 39.0, 0.3
surrogate, 98, 39.0, 0.3
surrogate, 98, 39.0, 0.3
surrogate, 98, 39.0, 0.3
surrogate, 98, 39.0, 0.3
surrogate, 98, 39.0, 0.3
surrogate, 98, 39.0, 0.3
surrogate, 98, 39.0, 0.3
surrogate, 98, 39.0, 0.3
surrogate, 98, 39.0, 0.3
surrogate, 98, 39.0, 0.3
surrogate, 98, 39.0, 0.3
surrogate, 98, 39.0, 0.3
surrogate, 98, 39.0, 0.3
surrogate, 98, 39.0, 0.3
surrogate, 98, 39.0, 0.3
surrogate, 98, 39.0, 0.3
surrogate, 98, 39.0, 0.3
surrogate, 98, 39.0, 0.3
surrogate, 98, 39.0, 0.3
surrogate, 98, 39.0, 0.3
surrogate, 98, 39.0, 0.3
surrogate, 98, 39.0, 0.3
surrogate, 98, 39.0, 0.3
surrogate, 98, 39.0, 0.3
surrogate, 98, 39.0, 0.3
surrogate, 98, 39.0, 0.3
surrogate, 98, 39.0, 0.3
surrogate, 98, 39.0, 0.3
surrogate, 98, 39.0, 0.3
surrogate, 98, 39.0, 0.3
surrogate, 98, 39.0, 0.3
surrogate, 98, 39.0, 0.3
surrogate, 98, 39.0, 0.3
surrogate, 98, 39.0, 0.3
surrogate, 98, 39.0, 0.3
surrogate, 98, 39.0, 0.3
surrogate, 98, 39.0, 0.3
surrogate, 98, 39.0, 0.3
surrogate, 98, 39.0, 0.3
surrogate, 98, 39.0, 0.3
surrogate, 98, 39.0, 0.3
surrogate, 98, 39.0, 0.3
surrogate, 98, 39.0, 0.3
surrogate, 98, 39.0, 0.3
surrogate, 98, 39.0, 0.3
surrogate, 98, 39.0, 0.3
surrogate, 99, 42.0, 0.575
surrogate, 99, 42.0, 0.575
surrogate, 99, 42.0, 0.575
surrogate, 99, 42.0, 0.575
surrogate, 99, 42.0, 0.575
surrogate, 99, 42.0, 0.575
surrogate, 99, 42.0, 0.575
surrogate, 99, 42.0, 0.575
surrogate, 99, 42.0, 0.575
surrogate, 99, 42.0, 0.575
surrogate, 99, 42.0, 0.575
surrogate, 99, 42.0, 0.575
surrogate, 99, 42.0, 0.575
surrogate, 99, 42.0, 0.575
surrogate, 99, 42.0, 0.575
surrogate, 99, 42.0, 0.575
surrogate, 99, 42.0, 0.575
surrogate, 99, 42.0, 0.575
surrogate, 99, 42.0, 0.575
surrogate, 99, 42.0, 0.575
surrogate, 99, 42.0, 0.575
surrogate, 99, 42.0, 0.575
surrogate, 99, 42.0, 0.575
surrogate, 99, 42.0, 0.575
surrogate, 99, 42.0, 0.575
surrogate, 99, 42.0, 0.575
surrogate, 99, 42.0, 0.575
surrogate, 99, 39.0, 0.3
surrogate, 99, 39.0, 0.3
surrogate, 99, 39.0, 0.3
surrogate, 99, 39.0, 0.3
surrogate, 99, 39.0, 0.3
surrogate, 99, 39.0, 0.3
surrogate, 99, 39.0, 0.3
surrogate, 99, 39.0, 0.3
surrogate, 99, 39.0, 0.3
surrogate, 99, 39.0, 0.3
surrogate, 99, 39.0, 0.3
surrogate, 99, 39.0, 0.3
surrogate, 99, 39.0, 0.3
surrogate, 99, 39.0, 0.3
surrogate, 99, 39.0, 0.3
surrogate, 99, 39.0, 0.3
surrogate, 99, 39.0, 0.3
surrogate, 99, 39.0, 0.3
surrogate, 99, 39.0, 0.3
surrogate, 99, 39.0, 0.3
surrogate, 99, 39.0, 0.3
surrogate, 99, 39.0, 0.3
surrogate, 99, 39.0, 0.3
surrogate, 99, 39.0, 0.3
surrogate, 99, 39.0, 0.3
surrogate, 99, 39.0, 0.3
surrogate, 99, 39.0, 0.3
surrogate, 99, 39.0, 0.3
surrogate, 99, 39.0, 0.3
surrogate, 99, 39.0, 0.3
surrogate, 99, 39.0, 0.3
surrogate, 99, 39.0, 0.3
surrogate, 99, 39.0, 0.3
surrogate, 99, 39.0, 0.3
surrogate, 99, 39.0, 0.3
surrogate, 99, 39.0, 0.3
surrogate, 99, 39.0, 0.3
surrogate, 99, 39.0, 0.3
surrogate, 99, 39.0, 0.3
surrogate, 99, 39.0, 0.3
surrogate, 99, 39.0, 0.3
surrogate, 99, 39.0, 0.3
surrogate, 99, 39.0, 0.3
surrogate, 99, 39.0, 0.3
surrogate, 99, 39.0, 0.3
surrogate, 99, 39.0, 0.3
surrogate, 99, 39.0, 0.3
surrogate, 99, 39.0, 0.3
surrogate, 99, 39.0, 0.3
surrogate, 99, 39.0, 0.3
surrogate, 99, 39.0, 0.3
surrogate, 99, 39.0, 0.3
surrogate, 99, 39.0, 0.3
surrogate, 99, 39.0, 0.3
surrogate, 99, 39.0, 0.3
surrogate, 99, 39.0, 0.3
surrogate, 99, 39.0, 0.3
surrogate, 99, 39.0, 0.3
surrogate, 100, 42.0, 0.575
surrogate, 100, 42.0, 0.575
surrogate, 100, 42.0, 0.575
surrogate, 100, 42.0, 0.575
surrogate, 100, 42.0, 0.575
surrogate, 100, 42.0, 0.575
surrogate, 100, 42.0, 0.575
surrogate, 100, 42.0, 0.575
surrogate, 100, 42.0, 0.575
surrogate, 100, 42.0, 0.575
surrogate, 100, 42.0, 0.575
surrogate, 100, 42.0, 0.575
surrogate, 100, 42.0, 0.575
surrogate, 100, 42.0, 0.575
surrogate, 100, 42.0, 0.575
surrogate, 100, 42.0, 0.575
surrogate, 100, 42.0, 0.575
surrogate, 100, 42.0, 0.575
surrogate, 100, 42.0, 0.575
surrogate, 100, 42.0, 0.575
surrogate, 100, 42.0, 0.575
surrogate, 100, 42.0, 0.575
surrogate, 100, 42.0, 0.575
surrogate, 100, 42.0, 0.575
surrogate, 100, 42.0, 0.575
surrogate, 100, 42.0, 0.575
surrogate, 100, 42.0, 0.575
surrogate, 100, 39.0, 0.3
surrogate, 100, 39.0, 0.3
surrogate, 100, 39.0, 0.3
surrogate, 100, 39.0, 0.3
surrogate, 100, 39.0, 0.3
surrogate, 100, 39.0, 0.3
surrogate, 100, 39.0, 0.3
surrogate, 100, 39.0, 0.3
surrogate, 100, 39.0, 0.3
surrogate, 100, 39.0, 0.3
surrogate, 100, 39.0, 0.3
surrogate, 100, 39.0, 0.3
surrogate, 100, 39.0, 0.3
surrogate, 100, 39.0, 0.3
surrogate, 100, 39.0, 0.3
surrogate, 100, 39.0, 0.3
surrogate, 100, 39.0, 0.3
surrogate, 100, 39.0, 0.3
surrogate, 100, 39.0, 0.3
surrogate, 100, 39.0, 0.3
surrogate, 100, 39.0, 0.3
surrogate, 100, 39.0, 0.3
surrogate, 100, 39.0, 0.3
surrogate, 100, 39.0, 0.3
surrogate, 100, 39.0, 0.3
surrogate, 100, 39.0, 0.3
surrogate, 100, 39.0, 0.3
surrogate, 100, 39.0, 0.3
surrogate, 100, 39.0, 0.3
surrogate, 100, 39.0, 0.3
surrogate, 100, 39.0, 0.3
surrogate, 100, 39.0, 0.3
surrogate, 100, 39.0, 0.3
surrogate, 100, 39.0, 0.3
surrogate, 100, 39.0, 0.3
surrogate, 100, 39.0, 0.3
surrogate, 100, 39.0, 0.3
surrogate, 100, 39.0, 0.3
surrogate, 100, 39.0, 0.3
surrogate, 100, 39.0, 0.3
surrogate, 100, 39.0, 0.3
surrogate, 100, 39.0, 0.3
surrogate, 100, 39.0, 0.3
surrogate, 100, 39.0, 0.3
surrogate, 100, 39.0, 0.3
surrogate, 100, 39.0, 0.3
surrogate, 100, 39.0, 0.3
surrogate, 100, 39.0, 0.3
surrogate, 100, 39.0, 0.3
surrogate, 100, 39.0, 0.3
surrogate, 100, 39.0, 0.3
surrogate, 100, 39.0, 0.3
surrogate, 100, 39.0, 0.3
surrogate, 100, 39.0, 0.3
surrogate, 100, 39.0, 0.3
surrogate, 100, 39.0, 0.3
surrogate, 100, 39.0, 0.3
surrogate, 100, 39.0, 0.3
surrogate, 100, 39.0, 0.3
