method, generation, latency, ar
surrogate, 1, 32.0, 0.59375
surrogate, 1, 29.0, 0.5
surrogate, 1, 28.0, 0.34375
surrogate, 1, 25.0, 0.28125
surrogate, 1, 20.0, 0.09375
surrogate, 2, 34.0, 0.71875
surrogate, 2, 32.0, 0.59375
surrogate, 2, 29.0, 0.5
surrogate, 2, 28.0, 0.34375
surrogate, 2, 28.0, 0.34375
surrogate, 2, 25.0, 0.28125
surrogate, 2, 25.0, 0.28125
surrogate, 2, 20.0, 0.09375
surrogate, 2, 20.0, 0.09375
surrogate, 3, 34.0, 0.71875
surrogate, 3, 34.0, 0.71875
surrogate, 3, 32.0, 0.59375
surrogate, 3, 32.0, 0.59375
surrogate, 3, 29.0, 0.5
surrogate, 3, 27.0, 0.34375
surrogate, 3, 25.0, 0.28125
surrogate, 3, 25.0, 0.28125
surrogate, 3, 25.0, 0.28125
surrogate, 3, 20.0, 0.09375
surrogate, 3, 20.0, 0.09375
surrogate, 3, 20.0, 0.09375
surrogate, 3, 20.0, 0.09375
surrogate, 4, 35.0, 0.8125
surrogate, 4, 34.0, 0.71875
surrogate, 4, 34.0, 0.71875
surrogate, 4, 31.0, 0.625
surrogate, 4, 29.0, 0.5
surrogate, 4, 27.0, 0.34375
surrogate, 4, 25.0, 0.28125
surrogate, 4, 25.0, 0.28125
surrogate, 4, 25.0, 0.28125
surrogate, 4, 25.0, 0.28125
surrogate, 4, 25.0, 0.28125
surrogate, 4, 24.0, 0.21875
surrogate, 4, 20.0, 0.09375
surrogate, 4, 20.0, 0.09375
surrogate, 4, 20.0, 0.09375
surrogate, 4, 20.0, 0.09375
surrogate, 4, 20.0, 0.09375
surrogate, 5, 35.0, 0.8125
surrogate, 5, 34.0, 0.71875
surrogate, 5, 34.0, 0.71875
surrogate, 5, 30.0, 0.625
surrogate, 5, 29.0, 0.5
surrogate, 5, 27.0, 0.4375
surrogate, 5, 25.0, 0.28125
surrogate, 5, 25.0, 0.28125
surrogate, 5, 25.0, 0.28125
surrogate, 5, 25.0, 0.28125
surrogate, 5, 25.0, 0.28125
surrogate, 5, 25.0, 0.28125
surrogate, 5, 24.0, 0.21875
surrogate, 5, 24.0, 0.21875
surrogate, 5, 20.0, 0.09375
surrogate, 5, 20.0, 0.09375
surrogate, 5, 20.0, 0.09375
surrogate, 5, 20.0, 0.09375
surrogate, 5, 20.0, 0.09375
surrogate, 5, 20.0, 0.09375
surrogate, 5, 20.0, 0.09375
surrogate, 5, 20.0, 0.09375
surrogate, 5, 20.0, 0.09375
surrogate, 6, 35.0, 0.8125
surrogate, 6, 34.0, 0.71875
surrogate, 6, 34.0, 0.71875
surrogate, 6, 30.0, 0.625
surrogate, 6, 29.0, 0.5
surrogate, 6, 27.0, 0.4375
surrogate, 6, 26.0, 0.3125
surrogate, 6, 25.0, 0.28125
surrogate, 6, 25.0, 0.28125
surrogate, 6, 25.0, 0.28125
surrogate, 6, 25.0, 0.28125
surrogate, 6, 25.0, 0.28125
surrogate, 6, 25.0, 0.28125
surrogate, 6, 25.0, 0.28125
surrogate, 6, 22.0, 0.21875
surrogate, 6, 20.0, 0.09375
surrogate, 6, 20.0, 0.09375
surrogate, 6, 20.0, 0.09375
surrogate, 6, 20.0, 0.09375
surrogate, 6, 20.0, 0.09375
surrogate, 6, 20.0, 0.09375
surrogate, 6, 20.0, 0.09375
surrogate, 6, 20.0, 0.09375
surrogate, 6, 20.0, 0.09375
surrogate, 6, 20.0, 0.09375
surrogate, 7, 35.0, 0.8125
surrogate, 7, 34.0, 0.71875
surrogate, 7, 34.0, 0.71875
surrogate, 7, 30.0, 0.625
surrogate, 7, 28.0, 0.5
surrogate, 7, 28.0, 0.5
surrogate, 7, 27.0, 0.4375
surrogate, 7, 26.0, 0.3125
surrogate, 7, 26.0, 0.3125
surrogate, 7, 25.0, 0.28125
surrogate, 7, 25.0, 0.28125
surrogate, 7, 25.0, 0.28125
surrogate, 7, 25.0, 0.28125
surrogate, 7, 25.0, 0.28125
surrogate, 7, 25.0, 0.28125
surrogate, 7, 25.0, 0.28125
surrogate, 7, 25.0, 0.28125
surrogate, 7, 22.0, 0.21875
surrogate, 7, 22.0, 0.21875
surrogate, 7, 20.0, 0.09375
surrogate, 7, 20.0, 0.09375
surrogate, 7, 20.0, 0.09375
surrogate, 7, 20.0, 0.09375
surrogate, 7, 20.0, 0.09375
surrogate, 7, 20.0, 0.09375
surrogate, 7, 20.0, 0.09375
surrogate, 7, 20.0, 0.09375
surrogate, 7, 20.0, 0.09375
surrogate, 7, 20.0, 0.09375
surrogate, 7, 20.0, 0.09375
surrogate, 8, 33.0, 0.84375
surrogate, 8, 30.0, 0.625
surrogate, 8, 28.0, 0.5
surrogate, 8, 28.0, 0.5
surrogate, 8, 28.0, 0.5
surrogate, 8, 27.0, 0.4375
surrogate, 8, 27.0, 0.4375
surrogate, 8, 26.0, 0.3125
surrogate, 8, 26.0, 0.3125
surrogate, 8, 26.0, 0.3125
surrogate, 8, 25.0, 0.28125
surrogate, 8, 25.0, 0.28125
surrogate, 8, 25.0, 0.28125
surrogate, 8, 25.0, 0.28125
surrogate, 8, 25.0, 0.28125
surrogate, 8, 25.0, 0.28125
surrogate, 8, 25.0, 0.28125
surrogate, 8, 25.0, 0.28125
surrogate, 8, 25.0, 0.28125
surrogate, 8, 22.0, 0.21875
surrogate, 8, 22.0, 0.21875
surrogate, 8, 22.0, 0.21875
surrogate, 8, 20.0, 0.09375
surrogate, 8, 20.0, 0.09375
surrogate, 8, 20.0, 0.09375
surrogate, 8, 20.0, 0.09375
surrogate, 8, 20.0, 0.09375
surrogate, 8, 20.0, 0.09375
surrogate, 8, 20.0, 0.09375
surrogate, 8, 20.0, 0.09375
surrogate, 8, 20.0, 0.09375
surrogate, 8, 20.0, 0.09375
surrogate, 8, 20.0, 0.09375
surrogate, 8, 20.0, 0.09375
surrogate, 8, 20.0, 0.09375
surrogate, 9, 34.0, 0.90625
surrogate, 9, 33.0, 0.84375
surrogate, 9, 30.0, 0.625
surrogate, 9, 28.0, 0.5
surrogate, 9, 28.0, 0.5
surrogate, 9, 28.0, 0.5
surrogate, 9, 28.0, 0.5
surrogate, 9, 27.0, 0.46875
surrogate, 9, 26.0, 0.4375
surrogate, 9, 25.0, 0.3125
surrogate, 9, 22.0, 0.21875
surrogate, 9, 22.0, 0.21875
surrogate, 9, 22.0, 0.21875
surrogate, 9, 22.0, 0.21875
surrogate, 9, 20.0, 0.09375
surrogate, 9, 20.0, 0.09375
surrogate, 9, 20.0, 0.09375
surrogate, 9, 20.0, 0.09375
surrogate, 9, 20.0, 0.09375
surrogate, 9, 20.0, 0.09375
surrogate, 9, 20.0, 0.09375
surrogate, 9, 20.0, 0.09375
surrogate, 9, 20.0, 0.09375
surrogate, 9, 20.0, 0.09375
surrogate, 9, 20.0, 0.09375
surrogate, 9, 20.0, 0.09375
surrogate, 9, 20.0, 0.09375
surrogate, 9, 20.0, 0.09375
surrogate, 10, 34.0, 0.90625
surrogate, 10, 33.0, 0.84375
surrogate, 10, 32.0, 0.71875
surrogate, 10, 30.0, 0.625
surrogate, 10, 28.0, 0.5
surrogate, 10, 28.0, 0.5
surrogate, 10, 28.0, 0.5
surrogate, 10, 28.0, 0.5
surrogate, 10, 28.0, 0.5
surrogate, 10, 28.0, 0.5
surrogate, 10, 27.0, 0.46875
surrogate, 10, 27.0, 0.46875
surrogate, 10, 27.0, 0.46875
surrogate, 10, 26.0, 0.4375
surrogate, 10, 26.0, 0.4375
surrogate, 10, 25.0, 0.3125
surrogate, 10, 25.0, 0.3125
surrogate, 10, 22.0, 0.21875
surrogate, 10, 22.0, 0.21875
surrogate, 10, 22.0, 0.21875
surrogate, 10, 22.0, 0.21875
surrogate, 10, 22.0, 0.21875
surrogate, 10, 19.0, 0.09375
surrogate, 11, 34.0, 0.90625
surrogate, 11, 34.0, 0.90625
surrogate, 11, 33.0, 0.84375
surrogate, 11, 32.0, 0.71875
surrogate, 11, 32.0, 0.71875
surrogate, 11, 30.0, 0.625
surrogate, 11, 30.0, 0.625
surrogate, 11, 28.0, 0.5
surrogate, 11, 28.0, 0.5
surrogate, 11, 28.0, 0.5
surrogate, 11, 28.0, 0.5
surrogate, 11, 28.0, 0.5
surrogate, 11, 28.0, 0.5
surrogate, 11, 27.0, 0.46875
surrogate, 11, 27.0, 0.46875
surrogate, 11, 27.0, 0.46875
surrogate, 11, 27.0, 0.46875
surrogate, 11, 26.0, 0.4375
surrogate, 11, 26.0, 0.4375
surrogate, 11, 26.0, 0.4375
surrogate, 11, 25.0, 0.3125
surrogate, 11, 25.0, 0.3125
surrogate, 11, 25.0, 0.3125
surrogate, 11, 24.0, 0.25
surrogate, 11, 22.0, 0.21875
surrogate, 11, 22.0, 0.21875
surrogate, 11, 22.0, 0.21875
surrogate, 11, 22.0, 0.21875
surrogate, 11, 22.0, 0.21875
surrogate, 11, 22.0, 0.21875
surrogate, 11, 19.0, 0.09375
surrogate, 11, 19.0, 0.09375
surrogate, 12, 33.0, 0.9375
surrogate, 12, 32.0, 0.71875
surrogate, 12, 32.0, 0.71875
surrogate, 12, 32.0, 0.71875
surrogate, 12, 30.0, 0.625
surrogate, 12, 30.0, 0.625
surrogate, 12, 28.0, 0.5
surrogate, 12, 28.0, 0.5
surrogate, 12, 28.0, 0.5
surrogate, 12, 28.0, 0.5
surrogate, 12, 28.0, 0.5
surrogate, 12, 28.0, 0.5
surrogate, 12, 28.0, 0.5
surrogate, 12, 27.0, 0.46875
surrogate, 12, 27.0, 0.46875
surrogate, 12, 27.0, 0.46875
surrogate, 12, 27.0, 0.46875
surrogate, 12, 26.0, 0.4375
surrogate, 12, 26.0, 0.4375
surrogate, 12, 26.0, 0.4375
surrogate, 12, 26.0, 0.4375
surrogate, 12, 24.0, 0.3125
surrogate, 12, 22.0, 0.21875
surrogate, 12, 22.0, 0.21875
surrogate, 12, 22.0, 0.21875
surrogate, 12, 22.0, 0.21875
surrogate, 12, 22.0, 0.21875
surrogate, 12, 22.0, 0.21875
surrogate, 12, 22.0, 0.21875
surrogate, 12, 22.0, 0.21875
surrogate, 12, 19.0, 0.09375
surrogate, 12, 19.0, 0.09375
surrogate, 12, 19.0, 0.09375
surrogate, 12, 19.0, 0.09375
surrogate, 13, 33.0, 0.9375
surrogate, 13, 32.0, 0.71875
surrogate, 13, 32.0, 0.71875
surrogate, 13, 32.0, 0.71875
surrogate, 13, 32.0, 0.71875
surrogate, 13, 29.0, 0.625
surrogate, 13, 28.0, 0.5
surrogate, 13, 28.0, 0.5
surrogate, 13, 28.0, 0.5
surrogate, 13, 28.0, 0.5
surrogate, 13, 28.0, 0.5
surrogate, 13, 28.0, 0.5
surrogate, 13, 28.0, 0.5
surrogate, 13, 28.0, 0.5
surrogate, 13, 26.0, 0.46875
surrogate, 13, 24.0, 0.3125
surrogate, 13, 24.0, 0.3125
surrogate, 13, 22.0, 0.21875
surrogate, 13, 22.0, 0.21875
surrogate, 13, 22.0, 0.21875
surrogate, 13, 22.0, 0.21875
surrogate, 13, 22.0, 0.21875
surrogate, 13, 22.0, 0.21875
surrogate, 13, 22.0, 0.21875
surrogate, 13, 22.0, 0.21875
surrogate, 13, 22.0, 0.21875
surrogate, 13, 19.0, 0.09375
surrogate, 13, 19.0, 0.09375
surrogate, 13, 19.0, 0.09375
surrogate, 13, 19.0, 0.09375
surrogate, 13, 19.0, 0.09375
surrogate, 13, 19.0, 0.09375
surrogate, 13, 19.0, 0.09375
surrogate, 13, 19.0, 0.09375
surrogate, 14, 33.0, 0.9375
surrogate, 14, 33.0, 0.9375
surrogate, 14, 32.0, 0.8125
surrogate, 14, 29.0, 0.625
surrogate, 14, 28.0, 0.5
surrogate, 14, 28.0, 0.5
surrogate, 14, 28.0, 0.5
surrogate, 14, 28.0, 0.5
surrogate, 14, 28.0, 0.5
surrogate, 14, 28.0, 0.5
surrogate, 14, 28.0, 0.5
surrogate, 14, 28.0, 0.5
surrogate, 14, 28.0, 0.5
surrogate, 14, 26.0, 0.46875
surrogate, 14, 26.0, 0.46875
surrogate, 14, 24.0, 0.3125
surrogate, 14, 24.0, 0.3125
surrogate, 14, 24.0, 0.3125
surrogate, 14, 22.0, 0.21875
surrogate, 14, 22.0, 0.21875
surrogate, 14, 22.0, 0.21875
surrogate, 14, 22.0, 0.21875
surrogate, 14, 22.0, 0.21875
surrogate, 14, 22.0, 0.21875
surrogate, 14, 22.0, 0.21875
surrogate, 14, 22.0, 0.21875
surrogate, 14, 22.0, 0.21875
surrogate, 14, 22.0, 0.21875
surrogate, 14, 19.0, 0.09375
surrogate, 14, 19.0, 0.09375
surrogate, 14, 19.0, 0.09375
surrogate, 14, 19.0, 0.09375
surrogate, 14, 19.0, 0.09375
surrogate, 14, 19.0, 0.09375
surrogate, 14, 19.0, 0.09375
surrogate, 14, 19.0, 0.09375
surrogate, 14, 19.0, 0.09375
surrogate, 15, 33.0, 0.9375
surrogate, 15, 33.0, 0.9375
surrogate, 15, 32.0, 0.875
surrogate, 15, 29.0, 0.625
surrogate, 15, 27.0, 0.5
surrogate, 15, 26.0, 0.46875
surrogate, 15, 26.0, 0.46875
surrogate, 15, 26.0, 0.46875
surrogate, 15, 24.0, 0.3125
surrogate, 15, 24.0, 0.3125
surrogate, 15, 24.0, 0.3125
surrogate, 15, 22.0, 0.21875
surrogate, 15, 22.0, 0.21875
surrogate, 15, 22.0, 0.21875
surrogate, 15, 22.0, 0.21875
surrogate, 15, 22.0, 0.21875
surrogate, 15, 22.0, 0.21875
surrogate, 15, 22.0, 0.21875
surrogate, 15, 22.0, 0.21875
surrogate, 15, 22.0, 0.21875
surrogate, 15, 22.0, 0.21875
surrogate, 15, 22.0, 0.21875
surrogate, 15, 19.0, 0.09375
surrogate, 15, 19.0, 0.09375
surrogate, 15, 19.0, 0.09375
surrogate, 15, 19.0, 0.09375
surrogate, 15, 19.0, 0.09375
surrogate, 15, 19.0, 0.09375
surrogate, 15, 19.0, 0.09375
surrogate, 15, 19.0, 0.09375
surrogate, 15, 19.0, 0.09375
surrogate, 15, 19.0, 0.09375
surrogate, 16, 33.0, 0.9375
surrogate, 16, 33.0, 0.9375
surrogate, 16, 32.0, 0.875
surrogate, 16, 29.0, 0.625
surrogate, 16, 29.0, 0.625
surrogate, 16, 26.0, 0.5
surrogate, 16, 24.0, 0.3125
surrogate, 16, 24.0, 0.3125
surrogate, 16, 24.0, 0.3125
surrogate, 16, 24.0, 0.3125
surrogate, 16, 22.0, 0.21875
surrogate, 16, 22.0, 0.21875
surrogate, 16, 22.0, 0.21875
surrogate, 16, 22.0, 0.21875
surrogate, 16, 22.0, 0.21875
surrogate, 16, 22.0, 0.21875
surrogate, 16, 22.0, 0.21875
surrogate, 16, 22.0, 0.21875
surrogate, 16, 22.0, 0.21875
surrogate, 16, 22.0, 0.21875
surrogate, 16, 22.0, 0.21875
surrogate, 16, 22.0, 0.21875
surrogate, 16, 19.0, 0.09375
surrogate, 16, 19.0, 0.09375
surrogate, 16, 19.0, 0.09375
surrogate, 16, 19.0, 0.09375
surrogate, 16, 19.0, 0.09375
surrogate, 16, 19.0, 0.09375
surrogate, 16, 19.0, 0.09375
surrogate, 16, 19.0, 0.09375
surrogate, 16, 19.0, 0.09375
surrogate, 16, 19.0, 0.09375
surrogate, 16, 19.0, 0.09375
surrogate, 17, 33.0, 0.9375
surrogate, 17, 33.0, 0.9375
surrogate, 17, 32.0, 0.90625
surrogate, 17, 29.0, 0.625
surrogate, 17, 29.0, 0.625
surrogate, 17, 26.0, 0.5
surrogate, 17, 24.0, 0.3125
surrogate, 17, 24.0, 0.3125
surrogate, 17, 24.0, 0.3125
surrogate, 17, 24.0, 0.3125
surrogate, 17, 24.0, 0.3125
surrogate, 17, 22.0, 0.21875
surrogate, 17, 22.0, 0.21875
surrogate, 17, 22.0, 0.21875
surrogate, 17, 22.0, 0.21875
surrogate, 17, 22.0, 0.21875
surrogate, 17, 22.0, 0.21875
surrogate, 17, 22.0, 0.21875
surrogate, 17, 22.0, 0.21875
surrogate, 17, 22.0, 0.21875
surrogate, 17, 22.0, 0.21875
surrogate, 17, 22.0, 0.21875
surrogate, 17, 22.0, 0.21875
surrogate, 17, 22.0, 0.21875
surrogate, 17, 19.0, 0.09375
surrogate, 17, 19.0, 0.09375
surrogate, 17, 19.0, 0.09375
surrogate, 17, 19.0, 0.09375
surrogate, 17, 19.0, 0.09375
surrogate, 17, 19.0, 0.09375
surrogate, 17, 19.0, 0.09375
surrogate, 17, 19.0, 0.09375
surrogate, 17, 19.0, 0.09375
surrogate, 17, 19.0, 0.09375
surrogate, 17, 19.0, 0.09375
surrogate, 17, 19.0, 0.09375
surrogate, 18, 33.0, 0.9375
surrogate, 18, 33.0, 0.9375
surrogate, 18, 33.0, 0.9375
surrogate, 18, 32.0, 0.90625
surrogate, 18, 29.0, 0.625
surrogate, 18, 29.0, 0.625
surrogate, 18, 29.0, 0.625
surrogate, 18, 26.0, 0.5
surrogate, 18, 26.0, 0.5
surrogate, 18, 24.0, 0.3125
surrogate, 18, 24.0, 0.3125
surrogate, 18, 24.0, 0.3125
surrogate, 18, 24.0, 0.3125
surrogate, 18, 24.0, 0.3125
surrogate, 18, 24.0, 0.3125
surrogate, 18, 22.0, 0.21875
surrogate, 18, 22.0, 0.21875
surrogate, 18, 22.0, 0.21875
surrogate, 18, 22.0, 0.21875
surrogate, 18, 22.0, 0.21875
surrogate, 18, 22.0, 0.21875
surrogate, 18, 22.0, 0.21875
surrogate, 18, 22.0, 0.21875
surrogate, 18, 22.0, 0.21875
surrogate, 18, 22.0, 0.21875
surrogate, 18, 22.0, 0.21875
surrogate, 18, 22.0, 0.21875
surrogate, 18, 22.0, 0.21875
surrogate, 18, 22.0, 0.21875
surrogate, 18, 19.0, 0.09375
surrogate, 18, 19.0, 0.09375
surrogate, 18, 19.0, 0.09375
surrogate, 18, 19.0, 0.09375
surrogate, 18, 19.0, 0.09375
surrogate, 18, 19.0, 0.09375
surrogate, 18, 19.0, 0.09375
surrogate, 18, 19.0, 0.09375
surrogate, 18, 19.0, 0.09375
surrogate, 18, 19.0, 0.09375
surrogate, 18, 19.0, 0.09375
surrogate, 18, 19.0, 0.09375
surrogate, 18, 19.0, 0.09375
surrogate, 19, 33.0, 0.9375
surrogate, 19, 33.0, 0.9375
surrogate, 19, 33.0, 0.9375
surrogate, 19, 32.0, 0.90625
surrogate, 19, 32.0, 0.90625
surrogate, 19, 29.0, 0.625
surrogate, 19, 29.0, 0.625
surrogate, 19, 29.0, 0.625
surrogate, 19, 26.0, 0.5
surrogate, 19, 26.0, 0.5
surrogate, 19, 26.0, 0.5
surrogate, 19, 25.0, 0.46875
surrogate, 19, 24.0, 0.3125
surrogate, 19, 24.0, 0.3125
surrogate, 19, 24.0, 0.3125
surrogate, 19, 24.0, 0.3125
surrogate, 19, 24.0, 0.3125
surrogate, 19, 24.0, 0.3125
surrogate, 19, 24.0, 0.3125
surrogate, 19, 24.0, 0.3125
surrogate, 19, 22.0, 0.21875
surrogate, 19, 22.0, 0.21875
surrogate, 19, 22.0, 0.21875
surrogate, 19, 22.0, 0.21875
surrogate, 19, 22.0, 0.21875
surrogate, 19, 22.0, 0.21875
surrogate, 19, 22.0, 0.21875
surrogate, 19, 22.0, 0.21875
surrogate, 19, 22.0, 0.21875
surrogate, 19, 22.0, 0.21875
surrogate, 19, 22.0, 0.21875
surrogate, 19, 22.0, 0.21875
surrogate, 19, 22.0, 0.21875
surrogate, 19, 22.0, 0.21875
surrogate, 19, 22.0, 0.21875
surrogate, 19, 22.0, 0.21875
surrogate, 19, 18.0, 0.09375
surrogate, 20, 33.0, 0.9375
surrogate, 20, 33.0, 0.9375
surrogate, 20, 33.0, 0.9375
surrogate, 20, 32.0, 0.90625
surrogate, 20, 32.0, 0.90625
surrogate, 20, 32.0, 0.90625
surrogate, 20, 29.0, 0.625
surrogate, 20, 29.0, 0.625
surrogate, 20, 29.0, 0.625
surrogate, 20, 29.0, 0.625
surrogate, 20, 26.0, 0.5
surrogate, 20, 26.0, 0.5
surrogate, 20, 26.0, 0.5
surrogate, 20, 26.0, 0.5
surrogate, 20, 25.0, 0.46875
surrogate, 20, 25.0, 0.46875
surrogate, 20, 24.0, 0.3125
surrogate, 20, 24.0, 0.3125
surrogate, 20, 24.0, 0.3125
surrogate, 20, 24.0, 0.3125
surrogate, 20, 24.0, 0.3125
surrogate, 20, 24.0, 0.3125
surrogate, 20, 24.0, 0.3125
surrogate, 20, 24.0, 0.3125
surrogate, 20, 24.0, 0.3125
surrogate, 20, 22.0, 0.21875
surrogate, 20, 22.0, 0.21875
surrogate, 20, 22.0, 0.21875
surrogate, 20, 22.0, 0.21875
surrogate, 20, 22.0, 0.21875
surrogate, 20, 22.0, 0.21875
surrogate, 20, 22.0, 0.21875
surrogate, 20, 22.0, 0.21875
surrogate, 20, 22.0, 0.21875
surrogate, 20, 22.0, 0.21875
surrogate, 20, 22.0, 0.21875
surrogate, 20, 22.0, 0.21875
surrogate, 20, 22.0, 0.21875
surrogate, 20, 22.0, 0.21875
surrogate, 20, 22.0, 0.21875
surrogate, 20, 22.0, 0.21875
surrogate, 20, 18.0, 0.09375
surrogate, 20, 18.0, 0.09375
surrogate, 21, 32.0, 0.9375
surrogate, 21, 29.0, 0.625
surrogate, 21, 29.0, 0.625
surrogate, 21, 29.0, 0.625
surrogate, 21, 29.0, 0.625
surrogate, 21, 25.0, 0.5
surrogate, 21, 23.0, 0.3125
surrogate, 21, 22.0, 0.21875
surrogate, 21, 22.0, 0.21875
surrogate, 21, 22.0, 0.21875
surrogate, 21, 22.0, 0.21875
surrogate, 21, 22.0, 0.21875
surrogate, 21, 22.0, 0.21875
surrogate, 21, 22.0, 0.21875
surrogate, 21, 22.0, 0.21875
surrogate, 21, 22.0, 0.21875
surrogate, 21, 22.0, 0.21875
surrogate, 21, 22.0, 0.21875
surrogate, 21, 22.0, 0.21875
surrogate, 21, 22.0, 0.21875
surrogate, 21, 22.0, 0.21875
surrogate, 21, 22.0, 0.21875
surrogate, 21, 22.0, 0.21875
surrogate, 21, 22.0, 0.21875
surrogate, 21, 18.0, 0.09375
surrogate, 21, 18.0, 0.09375
surrogate, 21, 18.0, 0.09375
surrogate, 22, 32.0, 0.9375
surrogate, 22, 29.0, 0.625
surrogate, 22, 29.0, 0.625
surrogate, 22, 29.0, 0.625
surrogate, 22, 29.0, 0.625
surrogate, 22, 29.0, 0.625
surrogate, 22, 29.0, 0.625
surrogate, 22, 25.0, 0.5
surrogate, 22, 23.0, 0.3125
surrogate, 22, 23.0, 0.3125
surrogate, 22, 22.0, 0.21875
surrogate, 22, 22.0, 0.21875
surrogate, 22, 22.0, 0.21875
surrogate, 22, 22.0, 0.21875
surrogate, 22, 22.0, 0.21875
surrogate, 22, 22.0, 0.21875
surrogate, 22, 22.0, 0.21875
surrogate, 22, 22.0, 0.21875
surrogate, 22, 22.0, 0.21875
surrogate, 22, 22.0, 0.21875
surrogate, 22, 22.0, 0.21875
surrogate, 22, 22.0, 0.21875
surrogate, 22, 22.0, 0.21875
surrogate, 22, 22.0, 0.21875
surrogate, 22, 22.0, 0.21875
surrogate, 22, 22.0, 0.21875
surrogate, 22, 22.0, 0.21875
surrogate, 22, 22.0, 0.21875
surrogate, 22, 18.0, 0.09375
surrogate, 22, 18.0, 0.09375
surrogate, 22, 18.0, 0.09375
surrogate, 22, 18.0, 0.09375
surrogate, 23, 31.0, 0.9375
surrogate, 23, 29.0, 0.625
surrogate, 23, 29.0, 0.625
surrogate, 23, 29.0, 0.625
surrogate, 23, 29.0, 0.625
surrogate, 23, 29.0, 0.625
surrogate, 23, 29.0, 0.625
surrogate, 23, 25.0, 0.5
surrogate, 23, 25.0, 0.5
surrogate, 23, 23.0, 0.3125
surrogate, 23, 23.0, 0.3125
surrogate, 23, 22.0, 0.21875
surrogate, 23, 22.0, 0.21875
surrogate, 23, 22.0, 0.21875
surrogate, 23, 22.0, 0.21875
surrogate, 23, 22.0, 0.21875
surrogate, 23, 22.0, 0.21875
surrogate, 23, 22.0, 0.21875
surrogate, 23, 22.0, 0.21875
surrogate, 23, 22.0, 0.21875
surrogate, 23, 22.0, 0.21875
surrogate, 23, 22.0, 0.21875
surrogate, 23, 22.0, 0.21875
surrogate, 23, 22.0, 0.21875
surrogate, 23, 22.0, 0.21875
surrogate, 23, 22.0, 0.21875
surrogate, 23, 22.0, 0.21875
surrogate, 23, 22.0, 0.21875
surrogate, 23, 22.0, 0.21875
surrogate, 23, 18.0, 0.09375
surrogate, 23, 18.0, 0.09375
surrogate, 23, 18.0, 0.09375
surrogate, 23, 18.0, 0.09375
surrogate, 23, 18.0, 0.09375
surrogate, 23, 18.0, 0.09375
surrogate, 23, 18.0, 0.09375
surrogate, 24, 31.0, 0.9375
surrogate, 24, 29.0, 0.625
surrogate, 24, 29.0, 0.625
surrogate, 24, 29.0, 0.625
surrogate, 24, 29.0, 0.625
surrogate, 24, 29.0, 0.625
surrogate, 24, 29.0, 0.625
surrogate, 24, 29.0, 0.625
surrogate, 24, 25.0, 0.5
surrogate, 24, 25.0, 0.5
surrogate, 24, 25.0, 0.5
surrogate, 24, 23.0, 0.3125
surrogate, 24, 23.0, 0.3125
surrogate, 24, 23.0, 0.3125
surrogate, 24, 22.0, 0.21875
surrogate, 24, 22.0, 0.21875
surrogate, 24, 22.0, 0.21875
surrogate, 24, 22.0, 0.21875
surrogate, 24, 22.0, 0.21875
surrogate, 24, 22.0, 0.21875
surrogate, 24, 22.0, 0.21875
surrogate, 24, 22.0, 0.21875
surrogate, 24, 22.0, 0.21875
surrogate, 24, 22.0, 0.21875
surrogate, 24, 22.0, 0.21875
surrogate, 24, 22.0, 0.21875
surrogate, 24, 22.0, 0.21875
surrogate, 24, 22.0, 0.21875
surrogate, 24, 22.0, 0.21875
surrogate, 24, 22.0, 0.21875
surrogate, 24, 22.0, 0.21875
surrogate, 24, 22.0, 0.21875
surrogate, 24, 22.0, 0.21875
surrogate, 24, 18.0, 0.09375
surrogate, 24, 18.0, 0.09375
surrogate, 24, 18.0, 0.09375
surrogate, 24, 18.0, 0.09375
surrogate, 24, 18.0, 0.09375
surrogate, 24, 18.0, 0.09375
surrogate, 24, 18.0, 0.09375
surrogate, 25, 31.0, 0.9375
surrogate, 25, 29.0, 0.625
surrogate, 25, 29.0, 0.625
surrogate, 25, 29.0, 0.625
surrogate, 25, 29.0, 0.625
surrogate, 25, 29.0, 0.625
surrogate, 25, 29.0, 0.625
surrogate, 25, 29.0, 0.625
surrogate, 25, 29.0, 0.625
surrogate, 25, 25.0, 0.5
surrogate, 25, 25.0, 0.5
surrogate, 25, 25.0, 0.5
surrogate, 25, 25.0, 0.5
surrogate, 25, 23.0, 0.3125
surrogate, 25, 23.0, 0.3125
surrogate, 25, 23.0, 0.3125
surrogate, 25, 23.0, 0.3125
surrogate, 25, 22.0, 0.21875
surrogate, 25, 22.0, 0.21875
surrogate, 25, 22.0, 0.21875
surrogate, 25, 22.0, 0.21875
surrogate, 25, 22.0, 0.21875
surrogate, 25, 22.0, 0.21875
surrogate, 25, 22.0, 0.21875
surrogate, 25, 22.0, 0.21875
surrogate, 25, 22.0, 0.21875
surrogate, 25, 22.0, 0.21875
surrogate, 25, 22.0, 0.21875
surrogate, 25, 22.0, 0.21875
surrogate, 25, 22.0, 0.21875
surrogate, 25, 22.0, 0.21875
surrogate, 25, 22.0, 0.21875
surrogate, 25, 22.0, 0.21875
surrogate, 25, 22.0, 0.21875
surrogate, 25, 22.0, 0.21875
surrogate, 25, 22.0, 0.21875
surrogate, 25, 22.0, 0.21875
surrogate, 25, 18.0, 0.09375
surrogate, 25, 18.0, 0.09375
surrogate, 25, 18.0, 0.09375
surrogate, 25, 18.0, 0.09375
surrogate, 25, 18.0, 0.09375
surrogate, 25, 18.0, 0.09375
surrogate, 25, 18.0, 0.09375
surrogate, 25, 18.0, 0.09375
surrogate, 26, 31.0, 0.9375
surrogate, 26, 29.0, 0.625
surrogate, 26, 29.0, 0.625
surrogate, 26, 29.0, 0.625
surrogate, 26, 29.0, 0.625
surrogate, 26, 29.0, 0.625
surrogate, 26, 29.0, 0.625
surrogate, 26, 29.0, 0.625
surrogate, 26, 29.0, 0.625
surrogate, 26, 29.0, 0.625
surrogate, 26, 25.0, 0.5
surrogate, 26, 25.0, 0.5
surrogate, 26, 25.0, 0.5
surrogate, 26, 25.0, 0.5
surrogate, 26, 25.0, 0.5
surrogate, 26, 23.0, 0.3125
surrogate, 26, 23.0, 0.3125
surrogate, 26, 23.0, 0.3125
surrogate, 26, 23.0, 0.3125
surrogate, 26, 23.0, 0.3125
surrogate, 26, 22.0, 0.21875
surrogate, 26, 22.0, 0.21875
surrogate, 26, 22.0, 0.21875
surrogate, 26, 22.0, 0.21875
surrogate, 26, 22.0, 0.21875
surrogate, 26, 22.0, 0.21875
surrogate, 26, 22.0, 0.21875
surrogate, 26, 22.0, 0.21875
surrogate, 26, 22.0, 0.21875
surrogate, 26, 22.0, 0.21875
surrogate, 26, 22.0, 0.21875
surrogate, 26, 22.0, 0.21875
surrogate, 26, 22.0, 0.21875
surrogate, 26, 22.0, 0.21875
surrogate, 26, 22.0, 0.21875
surrogate, 26, 22.0, 0.21875
surrogate, 26, 22.0, 0.21875
surrogate, 26, 22.0, 0.21875
surrogate, 26, 22.0, 0.21875
surrogate, 26, 22.0, 0.21875
surrogate, 26, 22.0, 0.21875
surrogate, 26, 18.0, 0.09375
surrogate, 26, 18.0, 0.09375
surrogate, 26, 18.0, 0.09375
surrogate, 26, 18.0, 0.09375
surrogate, 26, 18.0, 0.09375
surrogate, 26, 18.0, 0.09375
surrogate, 26, 18.0, 0.09375
surrogate, 26, 18.0, 0.09375
surrogate, 26, 18.0, 0.09375
surrogate, 27, 31.0, 0.9375
surrogate, 27, 29.0, 0.625
surrogate, 27, 29.0, 0.625
surrogate, 27, 29.0, 0.625
surrogate, 27, 29.0, 0.625
surrogate, 27, 29.0, 0.625
surrogate, 27, 29.0, 0.625
surrogate, 27, 29.0, 0.625
surrogate, 27, 29.0, 0.625
surrogate, 27, 29.0, 0.625
surrogate, 27, 25.0, 0.5
surrogate, 27, 25.0, 0.5
surrogate, 27, 25.0, 0.5
surrogate, 27, 25.0, 0.5
surrogate, 27, 25.0, 0.5
surrogate, 27, 25.0, 0.5
surrogate, 27, 23.0, 0.3125
surrogate, 27, 23.0, 0.3125
surrogate, 27, 23.0, 0.3125
surrogate, 27, 23.0, 0.3125
surrogate, 27, 23.0, 0.3125
surrogate, 27, 23.0, 0.3125
surrogate, 27, 22.0, 0.21875
surrogate, 27, 22.0, 0.21875
surrogate, 27, 22.0, 0.21875
surrogate, 27, 22.0, 0.21875
surrogate, 27, 22.0, 0.21875
surrogate, 27, 22.0, 0.21875
surrogate, 27, 22.0, 0.21875
surrogate, 27, 22.0, 0.21875
surrogate, 27, 22.0, 0.21875
surrogate, 27, 22.0, 0.21875
surrogate, 27, 22.0, 0.21875
surrogate, 27, 22.0, 0.21875
surrogate, 27, 22.0, 0.21875
surrogate, 27, 22.0, 0.21875
surrogate, 27, 22.0, 0.21875
surrogate, 27, 22.0, 0.21875
surrogate, 27, 22.0, 0.21875
surrogate, 27, 22.0, 0.21875
surrogate, 27, 22.0, 0.21875
surrogate, 27, 22.0, 0.21875
surrogate, 27, 22.0, 0.21875
surrogate, 27, 22.0, 0.21875
surrogate, 27, 18.0, 0.09375
surrogate, 27, 18.0, 0.09375
surrogate, 27, 18.0, 0.09375
surrogate, 27, 18.0, 0.09375
surrogate, 27, 18.0, 0.09375
surrogate, 27, 18.0, 0.09375
surrogate, 27, 18.0, 0.09375
surrogate, 27, 18.0, 0.09375
surrogate, 27, 18.0, 0.09375
surrogate, 27, 18.0, 0.09375
surrogate, 28, 31.0, 0.9375
surrogate, 28, 29.0, 0.625
surrogate, 28, 29.0, 0.625
surrogate, 28, 29.0, 0.625
surrogate, 28, 29.0, 0.625
surrogate, 28, 29.0, 0.625
surrogate, 28, 29.0, 0.625
surrogate, 28, 29.0, 0.625
surrogate, 28, 29.0, 0.625
surrogate, 28, 29.0, 0.625
surrogate, 28, 29.0, 0.625
surrogate, 28, 25.0, 0.5
surrogate, 28, 25.0, 0.5
surrogate, 28, 25.0, 0.5
surrogate, 28, 25.0, 0.5
surrogate, 28, 25.0, 0.5
surrogate, 28, 25.0, 0.5
surrogate, 28, 25.0, 0.5
surrogate, 28, 23.0, 0.3125
surrogate, 28, 23.0, 0.3125
surrogate, 28, 23.0, 0.3125
surrogate, 28, 23.0, 0.3125
surrogate, 28, 23.0, 0.3125
surrogate, 28, 23.0, 0.3125
surrogate, 28, 23.0, 0.3125
surrogate, 28, 22.0, 0.21875
surrogate, 28, 22.0, 0.21875
surrogate, 28, 22.0, 0.21875
surrogate, 28, 22.0, 0.21875
surrogate, 28, 22.0, 0.21875
surrogate, 28, 22.0, 0.21875
surrogate, 28, 22.0, 0.21875
surrogate, 28, 22.0, 0.21875
surrogate, 28, 22.0, 0.21875
surrogate, 28, 22.0, 0.21875
surrogate, 28, 22.0, 0.21875
surrogate, 28, 22.0, 0.21875
surrogate, 28, 22.0, 0.21875
surrogate, 28, 22.0, 0.21875
surrogate, 28, 22.0, 0.21875
surrogate, 28, 22.0, 0.21875
surrogate, 28, 22.0, 0.21875
surrogate, 28, 22.0, 0.21875
surrogate, 28, 22.0, 0.21875
surrogate, 28, 22.0, 0.21875
surrogate, 28, 22.0, 0.21875
surrogate, 28, 22.0, 0.21875
surrogate, 28, 22.0, 0.21875
surrogate, 28, 18.0, 0.09375
surrogate, 28, 18.0, 0.09375
surrogate, 28, 18.0, 0.09375
surrogate, 28, 18.0, 0.09375
surrogate, 28, 18.0, 0.09375
surrogate, 28, 18.0, 0.09375
surrogate, 28, 18.0, 0.09375
surrogate, 28, 18.0, 0.09375
surrogate, 28, 18.0, 0.09375
surrogate, 28, 18.0, 0.09375
surrogate, 28, 18.0, 0.09375
surrogate, 29, 31.0, 0.9375
surrogate, 29, 29.0, 0.625
surrogate, 29, 29.0, 0.625
surrogate, 29, 29.0, 0.625
surrogate, 29, 29.0, 0.625
surrogate, 29, 29.0, 0.625
surrogate, 29, 29.0, 0.625
surrogate, 29, 29.0, 0.625
surrogate, 29, 29.0, 0.625
surrogate, 29, 29.0, 0.625
surrogate, 29, 29.0, 0.625
surrogate, 29, 29.0, 0.625
surrogate, 29, 25.0, 0.5
surrogate, 29, 25.0, 0.5
surrogate, 29, 25.0, 0.5
surrogate, 29, 25.0, 0.5
surrogate, 29, 25.0, 0.5
surrogate, 29, 25.0, 0.5
surrogate, 29, 25.0, 0.5
surrogate, 29, 25.0, 0.5
surrogate, 29, 23.0, 0.3125
surrogate, 29, 23.0, 0.3125
surrogate, 29, 23.0, 0.3125
surrogate, 29, 23.0, 0.3125
surrogate, 29, 23.0, 0.3125
surrogate, 29, 23.0, 0.3125
surrogate, 29, 23.0, 0.3125
surrogate, 29, 23.0, 0.3125
surrogate, 29, 22.0, 0.21875
surrogate, 29, 22.0, 0.21875
surrogate, 29, 22.0, 0.21875
surrogate, 29, 22.0, 0.21875
surrogate, 29, 22.0, 0.21875
surrogate, 29, 22.0, 0.21875
surrogate, 29, 22.0, 0.21875
surrogate, 29, 22.0, 0.21875
surrogate, 29, 22.0, 0.21875
surrogate, 29, 22.0, 0.21875
surrogate, 29, 22.0, 0.21875
surrogate, 29, 22.0, 0.21875
surrogate, 29, 22.0, 0.21875
surrogate, 29, 22.0, 0.21875
surrogate, 29, 22.0, 0.21875
surrogate, 29, 22.0, 0.21875
surrogate, 29, 22.0, 0.21875
surrogate, 29, 22.0, 0.21875
surrogate, 29, 22.0, 0.21875
surrogate, 29, 22.0, 0.21875
surrogate, 29, 22.0, 0.21875
surrogate, 29, 22.0, 0.21875
surrogate, 29, 22.0, 0.21875
surrogate, 29, 22.0, 0.21875
surrogate, 29, 18.0, 0.09375
surrogate, 29, 18.0, 0.09375
surrogate, 29, 18.0, 0.09375
surrogate, 29, 18.0, 0.09375
surrogate, 29, 18.0, 0.09375
surrogate, 29, 18.0, 0.09375
surrogate, 29, 18.0, 0.09375
surrogate, 29, 18.0, 0.09375
surrogate, 29, 18.0, 0.09375
surrogate, 29, 18.0, 0.09375
surrogate, 29, 18.0, 0.09375
surrogate, 29, 18.0, 0.09375
surrogate, 30, 31.0, 0.9375
surrogate, 30, 31.0, 0.9375
surrogate, 30, 29.0, 0.625
surrogate, 30, 29.0, 0.625
surrogate, 30, 29.0, 0.625
surrogate, 30, 29.0, 0.625
surrogate, 30, 29.0, 0.625
surrogate, 30, 29.0, 0.625
surrogate, 30, 29.0, 0.625
surrogate, 30, 29.0, 0.625
surrogate, 30, 29.0, 0.625
surrogate, 30, 29.0, 0.625
surrogate, 30, 29.0, 0.625
surrogate, 30, 29.0, 0.625
surrogate, 30, 25.0, 0.5
surrogate, 30, 25.0, 0.5
surrogate, 30, 25.0, 0.5
surrogate, 30, 25.0, 0.5
surrogate, 30, 25.0, 0.5
surrogate, 30, 25.0, 0.5
surrogate, 30, 25.0, 0.5
surrogate, 30, 25.0, 0.5
surrogate, 30, 23.0, 0.3125
surrogate, 30, 23.0, 0.3125
surrogate, 30, 23.0, 0.3125
surrogate, 30, 23.0, 0.3125
surrogate, 30, 23.0, 0.3125
surrogate, 30, 23.0, 0.3125
surrogate, 30, 23.0, 0.3125
surrogate, 30, 23.0, 0.3125
surrogate, 30, 22.0, 0.21875
surrogate, 30, 22.0, 0.21875
surrogate, 30, 22.0, 0.21875
surrogate, 30, 22.0, 0.21875
surrogate, 30, 22.0, 0.21875
surrogate, 30, 22.0, 0.21875
surrogate, 30, 22.0, 0.21875
surrogate, 30, 22.0, 0.21875
surrogate, 30, 22.0, 0.21875
surrogate, 30, 22.0, 0.21875
surrogate, 30, 22.0, 0.21875
surrogate, 30, 22.0, 0.21875
surrogate, 30, 22.0, 0.21875
surrogate, 30, 22.0, 0.21875
surrogate, 30, 22.0, 0.21875
surrogate, 30, 22.0, 0.21875
surrogate, 30, 22.0, 0.21875
surrogate, 30, 22.0, 0.21875
surrogate, 30, 22.0, 0.21875
surrogate, 30, 22.0, 0.21875
surrogate, 30, 22.0, 0.21875
surrogate, 30, 22.0, 0.21875
surrogate, 30, 22.0, 0.21875
surrogate, 30, 22.0, 0.21875
surrogate, 30, 22.0, 0.21875
surrogate, 30, 18.0, 0.09375
surrogate, 30, 18.0, 0.09375
surrogate, 30, 18.0, 0.09375
surrogate, 30, 18.0, 0.09375
surrogate, 30, 18.0, 0.09375
surrogate, 30, 18.0, 0.09375
surrogate, 30, 18.0, 0.09375
surrogate, 30, 18.0, 0.09375
surrogate, 30, 18.0, 0.09375
surrogate, 30, 18.0, 0.09375
surrogate, 30, 18.0, 0.09375
surrogate, 30, 18.0, 0.09375
surrogate, 30, 18.0, 0.09375
surrogate, 31, 31.0, 0.9375
surrogate, 31, 31.0, 0.9375
surrogate, 31, 29.0, 0.625
surrogate, 31, 29.0, 0.625
surrogate, 31, 29.0, 0.625
surrogate, 31, 29.0, 0.625
surrogate, 31, 29.0, 0.625
surrogate, 31, 29.0, 0.625
surrogate, 31, 29.0, 0.625
surrogate, 31, 29.0, 0.625
surrogate, 31, 29.0, 0.625
surrogate, 31, 29.0, 0.625
surrogate, 31, 29.0, 0.625
surrogate, 31, 29.0, 0.625
surrogate, 31, 25.0, 0.5
surrogate, 31, 25.0, 0.5
surrogate, 31, 25.0, 0.5
surrogate, 31, 25.0, 0.5
surrogate, 31, 25.0, 0.5
surrogate, 31, 25.0, 0.5
surrogate, 31, 25.0, 0.5
surrogate, 31, 25.0, 0.5
surrogate, 31, 23.0, 0.3125
surrogate, 31, 23.0, 0.3125
surrogate, 31, 23.0, 0.3125
surrogate, 31, 23.0, 0.3125
surrogate, 31, 23.0, 0.3125
surrogate, 31, 23.0, 0.3125
surrogate, 31, 23.0, 0.3125
surrogate, 31, 23.0, 0.3125
surrogate, 31, 23.0, 0.3125
surrogate, 31, 22.0, 0.21875
surrogate, 31, 22.0, 0.21875
surrogate, 31, 22.0, 0.21875
surrogate, 31, 22.0, 0.21875
surrogate, 31, 22.0, 0.21875
surrogate, 31, 22.0, 0.21875
surrogate, 31, 22.0, 0.21875
surrogate, 31, 22.0, 0.21875
surrogate, 31, 22.0, 0.21875
surrogate, 31, 22.0, 0.21875
surrogate, 31, 22.0, 0.21875
surrogate, 31, 22.0, 0.21875
surrogate, 31, 22.0, 0.21875
surrogate, 31, 22.0, 0.21875
surrogate, 31, 22.0, 0.21875
surrogate, 31, 22.0, 0.21875
surrogate, 31, 22.0, 0.21875
surrogate, 31, 22.0, 0.21875
surrogate, 31, 22.0, 0.21875
surrogate, 31, 22.0, 0.21875
surrogate, 31, 22.0, 0.21875
surrogate, 31, 22.0, 0.21875
surrogate, 31, 22.0, 0.21875
surrogate, 31, 22.0, 0.21875
surrogate, 31, 22.0, 0.21875
surrogate, 31, 22.0, 0.21875
surrogate, 31, 18.0, 0.09375
surrogate, 31, 18.0, 0.09375
surrogate, 31, 18.0, 0.09375
surrogate, 31, 18.0, 0.09375
surrogate, 31, 18.0, 0.09375
surrogate, 31, 18.0, 0.09375
surrogate, 31, 18.0, 0.09375
surrogate, 31, 18.0, 0.09375
surrogate, 31, 18.0, 0.09375
surrogate, 31, 18.0, 0.09375
surrogate, 31, 18.0, 0.09375
surrogate, 31, 18.0, 0.09375
surrogate, 31, 18.0, 0.09375
surrogate, 31, 18.0, 0.09375
surrogate, 32, 31.0, 0.9375
surrogate, 32, 31.0, 0.9375
surrogate, 32, 31.0, 0.9375
surrogate, 32, 29.0, 0.625
surrogate, 32, 29.0, 0.625
surrogate, 32, 29.0, 0.625
surrogate, 32, 29.0, 0.625
surrogate, 32, 29.0, 0.625
surrogate, 32, 29.0, 0.625
surrogate, 32, 29.0, 0.625
surrogate, 32, 29.0, 0.625
surrogate, 32, 29.0, 0.625
surrogate, 32, 29.0, 0.625
surrogate, 32, 29.0, 0.625
surrogate, 32, 29.0, 0.625
surrogate, 32, 29.0, 0.625
surrogate, 32, 25.0, 0.5
surrogate, 32, 25.0, 0.5
surrogate, 32, 25.0, 0.5
surrogate, 32, 25.0, 0.5
surrogate, 32, 25.0, 0.5
surrogate, 32, 25.0, 0.5
surrogate, 32, 25.0, 0.5
surrogate, 32, 25.0, 0.5
surrogate, 32, 25.0, 0.5
surrogate, 32, 23.0, 0.3125
surrogate, 32, 23.0, 0.3125
surrogate, 32, 23.0, 0.3125
surrogate, 32, 23.0, 0.3125
surrogate, 32, 23.0, 0.3125
surrogate, 32, 23.0, 0.3125
surrogate, 32, 23.0, 0.3125
surrogate, 32, 23.0, 0.3125
surrogate, 32, 23.0, 0.3125
surrogate, 32, 22.0, 0.21875
surrogate, 32, 22.0, 0.21875
surrogate, 32, 22.0, 0.21875
surrogate, 32, 22.0, 0.21875
surrogate, 32, 22.0, 0.21875
surrogate, 32, 22.0, 0.21875
surrogate, 32, 22.0, 0.21875
surrogate, 32, 22.0, 0.21875
surrogate, 32, 22.0, 0.21875
surrogate, 32, 22.0, 0.21875
surrogate, 32, 22.0, 0.21875
surrogate, 32, 22.0, 0.21875
surrogate, 32, 22.0, 0.21875
surrogate, 32, 22.0, 0.21875
surrogate, 32, 22.0, 0.21875
surrogate, 32, 22.0, 0.21875
surrogate, 32, 22.0, 0.21875
surrogate, 32, 22.0, 0.21875
surrogate, 32, 22.0, 0.21875
surrogate, 32, 22.0, 0.21875
surrogate, 32, 22.0, 0.21875
surrogate, 32, 22.0, 0.21875
surrogate, 32, 22.0, 0.21875
surrogate, 32, 22.0, 0.21875
surrogate, 32, 22.0, 0.21875
surrogate, 32, 22.0, 0.21875
surrogate, 32, 22.0, 0.21875
surrogate, 32, 18.0, 0.09375
surrogate, 32, 18.0, 0.09375
surrogate, 32, 18.0, 0.09375
surrogate, 32, 18.0, 0.09375
surrogate, 32, 18.0, 0.09375
surrogate, 32, 18.0, 0.09375
surrogate, 32, 18.0, 0.09375
surrogate, 32, 18.0, 0.09375
surrogate, 32, 18.0, 0.09375
surrogate, 32, 18.0, 0.09375
surrogate, 32, 18.0, 0.09375
surrogate, 32, 18.0, 0.09375
surrogate, 32, 18.0, 0.09375
surrogate, 32, 18.0, 0.09375
surrogate, 32, 18.0, 0.09375
surrogate, 33, 31.0, 0.9375
surrogate, 33, 31.0, 0.9375
surrogate, 33, 31.0, 0.9375
surrogate, 33, 29.0, 0.625
surrogate, 33, 29.0, 0.625
surrogate, 33, 29.0, 0.625
surrogate, 33, 29.0, 0.625
surrogate, 33, 29.0, 0.625
surrogate, 33, 29.0, 0.625
surrogate, 33, 29.0, 0.625
surrogate, 33, 29.0, 0.625
surrogate, 33, 29.0, 0.625
surrogate, 33, 29.0, 0.625
surrogate, 33, 29.0, 0.625
surrogate, 33, 29.0, 0.625
surrogate, 33, 29.0, 0.625
surrogate, 33, 25.0, 0.5
surrogate, 33, 25.0, 0.5
surrogate, 33, 25.0, 0.5
surrogate, 33, 25.0, 0.5
surrogate, 33, 25.0, 0.5
surrogate, 33, 25.0, 0.5
surrogate, 33, 25.0, 0.5
surrogate, 33, 25.0, 0.5
surrogate, 33, 25.0, 0.5
surrogate, 33, 25.0, 0.5
surrogate, 33, 23.0, 0.3125
surrogate, 33, 23.0, 0.3125
surrogate, 33, 23.0, 0.3125
surrogate, 33, 23.0, 0.3125
surrogate, 33, 23.0, 0.3125
surrogate, 33, 23.0, 0.3125
surrogate, 33, 23.0, 0.3125
surrogate, 33, 23.0, 0.3125
surrogate, 33, 23.0, 0.3125
surrogate, 33, 23.0, 0.3125
surrogate, 33, 21.0, 0.21875
surrogate, 33, 18.0, 0.09375
surrogate, 33, 18.0, 0.09375
surrogate, 33, 18.0, 0.09375
surrogate, 33, 18.0, 0.09375
surrogate, 33, 18.0, 0.09375
surrogate, 33, 18.0, 0.09375
surrogate, 33, 18.0, 0.09375
surrogate, 33, 18.0, 0.09375
surrogate, 33, 18.0, 0.09375
surrogate, 33, 18.0, 0.09375
surrogate, 33, 18.0, 0.09375
surrogate, 33, 18.0, 0.09375
surrogate, 33, 18.0, 0.09375
surrogate, 33, 18.0, 0.09375
surrogate, 33, 18.0, 0.09375
surrogate, 33, 18.0, 0.09375
surrogate, 34, 31.0, 0.9375
surrogate, 34, 31.0, 0.9375
surrogate, 34, 31.0, 0.9375
surrogate, 34, 29.0, 0.625
surrogate, 34, 29.0, 0.625
surrogate, 34, 29.0, 0.625
surrogate, 34, 29.0, 0.625
surrogate, 34, 29.0, 0.625
surrogate, 34, 29.0, 0.625
surrogate, 34, 29.0, 0.625
surrogate, 34, 29.0, 0.625
surrogate, 34, 29.0, 0.625
surrogate, 34, 29.0, 0.625
surrogate, 34, 29.0, 0.625
surrogate, 34, 29.0, 0.625
surrogate, 34, 29.0, 0.625
surrogate, 34, 29.0, 0.625
surrogate, 34, 25.0, 0.5
surrogate, 34, 25.0, 0.5
surrogate, 34, 25.0, 0.5
surrogate, 34, 25.0, 0.5
surrogate, 34, 25.0, 0.5
surrogate, 34, 25.0, 0.5
surrogate, 34, 25.0, 0.5
surrogate, 34, 25.0, 0.5
surrogate, 34, 25.0, 0.5
surrogate, 34, 25.0, 0.5
surrogate, 34, 25.0, 0.5
surrogate, 34, 23.0, 0.3125
surrogate, 34, 23.0, 0.3125
surrogate, 34, 23.0, 0.3125
surrogate, 34, 23.0, 0.3125
surrogate, 34, 23.0, 0.3125
surrogate, 34, 23.0, 0.3125
surrogate, 34, 23.0, 0.3125
surrogate, 34, 23.0, 0.3125
surrogate, 34, 23.0, 0.3125
surrogate, 34, 23.0, 0.3125
surrogate, 34, 21.0, 0.21875
surrogate, 34, 18.0, 0.09375
surrogate, 34, 18.0, 0.09375
surrogate, 34, 18.0, 0.09375
surrogate, 34, 18.0, 0.09375
surrogate, 34, 18.0, 0.09375
surrogate, 34, 18.0, 0.09375
surrogate, 34, 18.0, 0.09375
surrogate, 34, 18.0, 0.09375
surrogate, 34, 18.0, 0.09375
surrogate, 34, 18.0, 0.09375
surrogate, 34, 18.0, 0.09375
surrogate, 34, 18.0, 0.09375
surrogate, 34, 18.0, 0.09375
surrogate, 34, 18.0, 0.09375
surrogate, 34, 18.0, 0.09375
surrogate, 34, 18.0, 0.09375
surrogate, 35, 31.0, 0.9375
surrogate, 35, 31.0, 0.9375
surrogate, 35, 31.0, 0.9375
surrogate, 35, 31.0, 0.9375
surrogate, 35, 29.0, 0.625
surrogate, 35, 29.0, 0.625
surrogate, 35, 29.0, 0.625
surrogate, 35, 29.0, 0.625
surrogate, 35, 29.0, 0.625
surrogate, 35, 29.0, 0.625
surrogate, 35, 29.0, 0.625
surrogate, 35, 29.0, 0.625
surrogate, 35, 29.0, 0.625
surrogate, 35, 29.0, 0.625
surrogate, 35, 29.0, 0.625
surrogate, 35, 29.0, 0.625
surrogate, 35, 29.0, 0.625
surrogate, 35, 29.0, 0.625
surrogate, 35, 25.0, 0.5
surrogate, 35, 25.0, 0.5
surrogate, 35, 25.0, 0.5
surrogate, 35, 25.0, 0.5
surrogate, 35, 25.0, 0.5
surrogate, 35, 25.0, 0.5
surrogate, 35, 25.0, 0.5
surrogate, 35, 25.0, 0.5
surrogate, 35, 25.0, 0.5
surrogate, 35, 25.0, 0.5
surrogate, 35, 25.0, 0.5
surrogate, 35, 25.0, 0.5
surrogate, 35, 23.0, 0.3125
surrogate, 35, 23.0, 0.3125
surrogate, 35, 23.0, 0.3125
surrogate, 35, 23.0, 0.3125
surrogate, 35, 23.0, 0.3125
surrogate, 35, 23.0, 0.3125
surrogate, 35, 23.0, 0.3125
surrogate, 35, 23.0, 0.3125
surrogate, 35, 23.0, 0.3125
surrogate, 35, 23.0, 0.3125
surrogate, 35, 23.0, 0.3125
surrogate, 35, 21.0, 0.21875
surrogate, 35, 21.0, 0.21875
surrogate, 35, 18.0, 0.09375
surrogate, 35, 18.0, 0.09375
surrogate, 35, 18.0, 0.09375
surrogate, 35, 18.0, 0.09375
surrogate, 35, 18.0, 0.09375
surrogate, 35, 18.0, 0.09375
surrogate, 35, 18.0, 0.09375
surrogate, 35, 18.0, 0.09375
surrogate, 35, 18.0, 0.09375
surrogate, 35, 18.0, 0.09375
surrogate, 35, 18.0, 0.09375
surrogate, 35, 18.0, 0.09375
surrogate, 35, 18.0, 0.09375
surrogate, 35, 18.0, 0.09375
surrogate, 35, 18.0, 0.09375
surrogate, 35, 18.0, 0.09375
surrogate, 35, 18.0, 0.09375
surrogate, 36, 31.0, 0.9375
surrogate, 36, 31.0, 0.9375
surrogate, 36, 31.0, 0.9375
surrogate, 36, 31.0, 0.9375
surrogate, 36, 29.0, 0.625
surrogate, 36, 29.0, 0.625
surrogate, 36, 29.0, 0.625
surrogate, 36, 29.0, 0.625
surrogate, 36, 29.0, 0.625
surrogate, 36, 29.0, 0.625
surrogate, 36, 29.0, 0.625
surrogate, 36, 29.0, 0.625
surrogate, 36, 29.0, 0.625
surrogate, 36, 29.0, 0.625
surrogate, 36, 29.0, 0.625
surrogate, 36, 29.0, 0.625
surrogate, 36, 29.0, 0.625
surrogate, 36, 29.0, 0.625
surrogate, 36, 29.0, 0.625
surrogate, 36, 25.0, 0.5
surrogate, 36, 25.0, 0.5
surrogate, 36, 25.0, 0.5
surrogate, 36, 25.0, 0.5
surrogate, 36, 25.0, 0.5
surrogate, 36, 25.0, 0.5
surrogate, 36, 25.0, 0.5
surrogate, 36, 25.0, 0.5
surrogate, 36, 25.0, 0.5
surrogate, 36, 25.0, 0.5
surrogate, 36, 25.0, 0.5
surrogate, 36, 25.0, 0.5
surrogate, 36, 25.0, 0.5
surrogate, 36, 23.0, 0.3125
surrogate, 36, 23.0, 0.3125
surrogate, 36, 23.0, 0.3125
surrogate, 36, 23.0, 0.3125
surrogate, 36, 23.0, 0.3125
surrogate, 36, 23.0, 0.3125
surrogate, 36, 23.0, 0.3125
surrogate, 36, 23.0, 0.3125
surrogate, 36, 23.0, 0.3125
surrogate, 36, 23.0, 0.3125
surrogate, 36, 23.0, 0.3125
surrogate, 36, 23.0, 0.3125
surrogate, 36, 21.0, 0.21875
surrogate, 36, 21.0, 0.21875
surrogate, 36, 21.0, 0.21875
surrogate, 36, 18.0, 0.09375
surrogate, 36, 18.0, 0.09375
surrogate, 36, 18.0, 0.09375
surrogate, 36, 18.0, 0.09375
surrogate, 36, 18.0, 0.09375
surrogate, 36, 18.0, 0.09375
surrogate, 36, 18.0, 0.09375
surrogate, 36, 18.0, 0.09375
surrogate, 36, 18.0, 0.09375
surrogate, 36, 18.0, 0.09375
surrogate, 36, 18.0, 0.09375
surrogate, 36, 18.0, 0.09375
surrogate, 36, 18.0, 0.09375
surrogate, 36, 18.0, 0.09375
surrogate, 36, 18.0, 0.09375
surrogate, 36, 18.0, 0.09375
surrogate, 36, 18.0, 0.09375
surrogate, 36, 18.0, 0.09375
surrogate, 37, 31.0, 0.9375
surrogate, 37, 31.0, 0.9375
surrogate, 37, 31.0, 0.9375
surrogate, 37, 31.0, 0.9375
surrogate, 37, 29.0, 0.625
surrogate, 37, 29.0, 0.625
surrogate, 37, 29.0, 0.625
surrogate, 37, 29.0, 0.625
surrogate, 37, 29.0, 0.625
surrogate, 37, 29.0, 0.625
surrogate, 37, 29.0, 0.625
surrogate, 37, 29.0, 0.625
surrogate, 37, 29.0, 0.625
surrogate, 37, 29.0, 0.625
surrogate, 37, 29.0, 0.625
surrogate, 37, 29.0, 0.625
surrogate, 37, 29.0, 0.625
surrogate, 37, 29.0, 0.625
surrogate, 37, 29.0, 0.625
surrogate, 37, 25.0, 0.5
surrogate, 37, 25.0, 0.5
surrogate, 37, 25.0, 0.5
surrogate, 37, 25.0, 0.5
surrogate, 37, 25.0, 0.5
surrogate, 37, 25.0, 0.5
surrogate, 37, 25.0, 0.5
surrogate, 37, 25.0, 0.5
surrogate, 37, 25.0, 0.5
surrogate, 37, 25.0, 0.5
surrogate, 37, 25.0, 0.5
surrogate, 37, 25.0, 0.5
surrogate, 37, 25.0, 0.5
surrogate, 37, 25.0, 0.5
surrogate, 37, 23.0, 0.3125
surrogate, 37, 23.0, 0.3125
surrogate, 37, 23.0, 0.3125
surrogate, 37, 23.0, 0.3125
surrogate, 37, 23.0, 0.3125
surrogate, 37, 23.0, 0.3125
surrogate, 37, 23.0, 0.3125
surrogate, 37, 23.0, 0.3125
surrogate, 37, 23.0, 0.3125
surrogate, 37, 23.0, 0.3125
surrogate, 37, 23.0, 0.3125
surrogate, 37, 23.0, 0.3125
surrogate, 37, 21.0, 0.21875
surrogate, 37, 21.0, 0.21875
surrogate, 37, 21.0, 0.21875
surrogate, 37, 21.0, 0.21875
surrogate, 37, 18.0, 0.09375
surrogate, 37, 18.0, 0.09375
surrogate, 37, 18.0, 0.09375
surrogate, 37, 18.0, 0.09375
surrogate, 37, 18.0, 0.09375
surrogate, 37, 18.0, 0.09375
surrogate, 37, 18.0, 0.09375
surrogate, 37, 18.0, 0.09375
surrogate, 37, 18.0, 0.09375
surrogate, 37, 18.0, 0.09375
surrogate, 37, 18.0, 0.09375
surrogate, 37, 18.0, 0.09375
surrogate, 37, 18.0, 0.09375
surrogate, 37, 18.0, 0.09375
surrogate, 37, 18.0, 0.09375
surrogate, 37, 18.0, 0.09375
surrogate, 37, 18.0, 0.09375
surrogate, 37, 18.0, 0.09375
surrogate, 37, 18.0, 0.09375
surrogate, 38, 31.0, 0.9375
surrogate, 38, 31.0, 0.9375
surrogate, 38, 31.0, 0.9375
surrogate, 38, 31.0, 0.9375
surrogate, 38, 31.0, 0.9375
surrogate, 38, 29.0, 0.625
surrogate, 38, 29.0, 0.625
surrogate, 38, 29.0, 0.625
surrogate, 38, 29.0, 0.625
surrogate, 38, 29.0, 0.625
surrogate, 38, 29.0, 0.625
surrogate, 38, 29.0, 0.625
surrogate, 38, 29.0, 0.625
surrogate, 38, 29.0, 0.625
surrogate, 38, 29.0, 0.625
surrogate, 38, 29.0, 0.625
surrogate, 38, 29.0, 0.625
surrogate, 38, 29.0, 0.625
surrogate, 38, 29.0, 0.625
surrogate, 38, 29.0, 0.625
surrogate, 38, 29.0, 0.625
surrogate, 38, 25.0, 0.5
surrogate, 38, 25.0, 0.5
surrogate, 38, 25.0, 0.5
surrogate, 38, 25.0, 0.5
surrogate, 38, 25.0, 0.5
surrogate, 38, 25.0, 0.5
surrogate, 38, 25.0, 0.5
surrogate, 38, 25.0, 0.5
surrogate, 38, 25.0, 0.5
surrogate, 38, 25.0, 0.5
surrogate, 38, 25.0, 0.5
surrogate, 38, 25.0, 0.5
surrogate, 38, 25.0, 0.5
surrogate, 38, 25.0, 0.5
surrogate, 38, 25.0, 0.5
surrogate, 38, 23.0, 0.3125
surrogate, 38, 23.0, 0.3125
surrogate, 38, 23.0, 0.3125
surrogate, 38, 23.0, 0.3125
surrogate, 38, 23.0, 0.3125
surrogate, 38, 23.0, 0.3125
surrogate, 38, 23.0, 0.3125
surrogate, 38, 23.0, 0.3125
surrogate, 38, 23.0, 0.3125
surrogate, 38, 23.0, 0.3125
surrogate, 38, 23.0, 0.3125
surrogate, 38, 23.0, 0.3125
surrogate, 38, 21.0, 0.21875
surrogate, 38, 21.0, 0.21875
surrogate, 38, 21.0, 0.21875
surrogate, 38, 21.0, 0.21875
surrogate, 38, 21.0, 0.21875
surrogate, 38, 18.0, 0.09375
surrogate, 38, 18.0, 0.09375
surrogate, 38, 18.0, 0.09375
surrogate, 38, 18.0, 0.09375
surrogate, 38, 18.0, 0.09375
surrogate, 38, 18.0, 0.09375
surrogate, 38, 18.0, 0.09375
surrogate, 38, 18.0, 0.09375
surrogate, 38, 18.0, 0.09375
surrogate, 38, 18.0, 0.09375
surrogate, 38, 18.0, 0.09375
surrogate, 38, 18.0, 0.09375
surrogate, 38, 18.0, 0.09375
surrogate, 38, 18.0, 0.09375
surrogate, 38, 18.0, 0.09375
surrogate, 38, 18.0, 0.09375
surrogate, 38, 18.0, 0.09375
surrogate, 38, 18.0, 0.09375
surrogate, 38, 18.0, 0.09375
surrogate, 38, 18.0, 0.09375
surrogate, 39, 31.0, 0.9375
surrogate, 39, 31.0, 0.9375
surrogate, 39, 31.0, 0.9375
surrogate, 39, 31.0, 0.9375
surrogate, 39, 31.0, 0.9375
surrogate, 39, 31.0, 0.9375
surrogate, 39, 29.0, 0.625
surrogate, 39, 29.0, 0.625
surrogate, 39, 29.0, 0.625
surrogate, 39, 29.0, 0.625
surrogate, 39, 29.0, 0.625
surrogate, 39, 29.0, 0.625
surrogate, 39, 29.0, 0.625
surrogate, 39, 29.0, 0.625
surrogate, 39, 29.0, 0.625
surrogate, 39, 29.0, 0.625
surrogate, 39, 29.0, 0.625
surrogate, 39, 29.0, 0.625
surrogate, 39, 29.0, 0.625
surrogate, 39, 29.0, 0.625
surrogate, 39, 29.0, 0.625
surrogate, 39, 29.0, 0.625
surrogate, 39, 25.0, 0.5
surrogate, 39, 25.0, 0.5
surrogate, 39, 25.0, 0.5
surrogate, 39, 25.0, 0.5
surrogate, 39, 25.0, 0.5
surrogate, 39, 25.0, 0.5
surrogate, 39, 25.0, 0.5
surrogate, 39, 25.0, 0.5
surrogate, 39, 25.0, 0.5
surrogate, 39, 25.0, 0.5
surrogate, 39, 25.0, 0.5
surrogate, 39, 25.0, 0.5
surrogate, 39, 25.0, 0.5
surrogate, 39, 25.0, 0.5
surrogate, 39, 25.0, 0.5
surrogate, 39, 25.0, 0.5
surrogate, 39, 23.0, 0.3125
surrogate, 39, 23.0, 0.3125
surrogate, 39, 23.0, 0.3125
surrogate, 39, 23.0, 0.3125
surrogate, 39, 23.0, 0.3125
surrogate, 39, 23.0, 0.3125
surrogate, 39, 23.0, 0.3125
surrogate, 39, 23.0, 0.3125
surrogate, 39, 23.0, 0.3125
surrogate, 39, 23.0, 0.3125
surrogate, 39, 23.0, 0.3125
surrogate, 39, 23.0, 0.3125
surrogate, 39, 23.0, 0.3125
surrogate, 39, 21.0, 0.21875
surrogate, 39, 21.0, 0.21875
surrogate, 39, 21.0, 0.21875
surrogate, 39, 21.0, 0.21875
surrogate, 39, 21.0, 0.21875
surrogate, 39, 21.0, 0.21875
surrogate, 39, 18.0, 0.09375
surrogate, 39, 18.0, 0.09375
surrogate, 39, 18.0, 0.09375
surrogate, 39, 18.0, 0.09375
surrogate, 39, 18.0, 0.09375
surrogate, 39, 18.0, 0.09375
surrogate, 39, 18.0, 0.09375
surrogate, 39, 18.0, 0.09375
surrogate, 39, 18.0, 0.09375
surrogate, 39, 18.0, 0.09375
surrogate, 39, 18.0, 0.09375
surrogate, 39, 18.0, 0.09375
surrogate, 39, 18.0, 0.09375
surrogate, 39, 18.0, 0.09375
surrogate, 39, 18.0, 0.09375
surrogate, 39, 18.0, 0.09375
surrogate, 39, 18.0, 0.09375
surrogate, 39, 18.0, 0.09375
surrogate, 39, 18.0, 0.09375
surrogate, 39, 18.0, 0.09375
surrogate, 40, 31.0, 0.9375
surrogate, 40, 31.0, 0.9375
surrogate, 40, 31.0, 0.9375
surrogate, 40, 31.0, 0.9375
surrogate, 40, 31.0, 0.9375
surrogate, 40, 31.0, 0.9375
surrogate, 40, 29.0, 0.625
surrogate, 40, 29.0, 0.625
surrogate, 40, 29.0, 0.625
surrogate, 40, 29.0, 0.625
surrogate, 40, 29.0, 0.625
surrogate, 40, 29.0, 0.625
surrogate, 40, 29.0, 0.625
surrogate, 40, 29.0, 0.625
surrogate, 40, 29.0, 0.625
surrogate, 40, 29.0, 0.625
surrogate, 40, 29.0, 0.625
surrogate, 40, 29.0, 0.625
surrogate, 40, 29.0, 0.625
surrogate, 40, 29.0, 0.625
surrogate, 40, 29.0, 0.625
surrogate, 40, 29.0, 0.625
surrogate, 40, 29.0, 0.625
surrogate, 40, 25.0, 0.5
surrogate, 40, 25.0, 0.5
surrogate, 40, 25.0, 0.5
surrogate, 40, 25.0, 0.5
surrogate, 40, 25.0, 0.5
surrogate, 40, 25.0, 0.5
surrogate, 40, 25.0, 0.5
surrogate, 40, 25.0, 0.5
surrogate, 40, 25.0, 0.5
surrogate, 40, 25.0, 0.5
surrogate, 40, 25.0, 0.5
surrogate, 40, 25.0, 0.5
surrogate, 40, 25.0, 0.5
surrogate, 40, 25.0, 0.5
surrogate, 40, 25.0, 0.5
surrogate, 40, 25.0, 0.5
surrogate, 40, 23.0, 0.3125
surrogate, 40, 23.0, 0.3125
surrogate, 40, 23.0, 0.3125
surrogate, 40, 23.0, 0.3125
surrogate, 40, 23.0, 0.3125
surrogate, 40, 23.0, 0.3125
surrogate, 40, 23.0, 0.3125
surrogate, 40, 23.0, 0.3125
surrogate, 40, 23.0, 0.3125
surrogate, 40, 23.0, 0.3125
surrogate, 40, 23.0, 0.3125
surrogate, 40, 23.0, 0.3125
surrogate, 40, 23.0, 0.3125
surrogate, 40, 23.0, 0.3125
surrogate, 40, 21.0, 0.21875
surrogate, 40, 21.0, 0.21875
surrogate, 40, 21.0, 0.21875
surrogate, 40, 21.0, 0.21875
surrogate, 40, 21.0, 0.21875
surrogate, 40, 21.0, 0.21875
surrogate, 40, 21.0, 0.21875
surrogate, 40, 18.0, 0.09375
surrogate, 40, 18.0, 0.09375
surrogate, 40, 18.0, 0.09375
surrogate, 40, 18.0, 0.09375
surrogate, 40, 18.0, 0.09375
surrogate, 40, 18.0, 0.09375
surrogate, 40, 18.0, 0.09375
surrogate, 40, 18.0, 0.09375
surrogate, 40, 18.0, 0.09375
surrogate, 40, 18.0, 0.09375
surrogate, 40, 18.0, 0.09375
surrogate, 40, 18.0, 0.09375
surrogate, 40, 18.0, 0.09375
surrogate, 40, 18.0, 0.09375
surrogate, 40, 18.0, 0.09375
surrogate, 40, 18.0, 0.09375
surrogate, 40, 18.0, 0.09375
surrogate, 40, 18.0, 0.09375
surrogate, 40, 18.0, 0.09375
surrogate, 40, 18.0, 0.09375
surrogate, 40, 18.0, 0.09375
surrogate, 41, 31.0, 0.9375
surrogate, 41, 31.0, 0.9375
surrogate, 41, 31.0, 0.9375
surrogate, 41, 31.0, 0.9375
surrogate, 41, 31.0, 0.9375
surrogate, 41, 31.0, 0.9375
surrogate, 41, 31.0, 0.9375
surrogate, 41, 28.0, 0.625
surrogate, 41, 28.0, 0.625
surrogate, 41, 25.0, 0.5
surrogate, 41, 25.0, 0.5
surrogate, 41, 25.0, 0.5
surrogate, 41, 25.0, 0.5
surrogate, 41, 25.0, 0.5
surrogate, 41, 25.0, 0.5
surrogate, 41, 25.0, 0.5
surrogate, 41, 25.0, 0.5
surrogate, 41, 25.0, 0.5
surrogate, 41, 25.0, 0.5
surrogate, 41, 25.0, 0.5
surrogate, 41, 25.0, 0.5
surrogate, 41, 25.0, 0.5
surrogate, 41, 25.0, 0.5
surrogate, 41, 25.0, 0.5
surrogate, 41, 25.0, 0.5
surrogate, 41, 25.0, 0.5
surrogate, 41, 23.0, 0.3125
surrogate, 41, 23.0, 0.3125
surrogate, 41, 23.0, 0.3125
surrogate, 41, 23.0, 0.3125
surrogate, 41, 23.0, 0.3125
surrogate, 41, 23.0, 0.3125
surrogate, 41, 23.0, 0.3125
surrogate, 41, 23.0, 0.3125
surrogate, 41, 23.0, 0.3125
surrogate, 41, 23.0, 0.3125
surrogate, 41, 23.0, 0.3125
surrogate, 41, 23.0, 0.3125
surrogate, 41, 23.0, 0.3125
surrogate, 41, 23.0, 0.3125
surrogate, 41, 23.0, 0.3125
surrogate, 41, 21.0, 0.21875
surrogate, 41, 21.0, 0.21875
surrogate, 41, 21.0, 0.21875
surrogate, 41, 21.0, 0.21875
surrogate, 41, 21.0, 0.21875
surrogate, 41, 21.0, 0.21875
surrogate, 41, 21.0, 0.21875
surrogate, 41, 21.0, 0.21875
surrogate, 41, 18.0, 0.09375
surrogate, 41, 18.0, 0.09375
surrogate, 41, 18.0, 0.09375
surrogate, 41, 18.0, 0.09375
surrogate, 41, 18.0, 0.09375
surrogate, 41, 18.0, 0.09375
surrogate, 41, 18.0, 0.09375
surrogate, 41, 18.0, 0.09375
surrogate, 41, 18.0, 0.09375
surrogate, 41, 18.0, 0.09375
surrogate, 41, 18.0, 0.09375
surrogate, 41, 18.0, 0.09375
surrogate, 41, 18.0, 0.09375
surrogate, 41, 18.0, 0.09375
surrogate, 41, 18.0, 0.09375
surrogate, 41, 18.0, 0.09375
surrogate, 41, 18.0, 0.09375
surrogate, 41, 18.0, 0.09375
surrogate, 41, 18.0, 0.09375
surrogate, 41, 18.0, 0.09375
surrogate, 41, 18.0, 0.09375
surrogate, 41, 18.0, 0.09375
surrogate, 42, 31.0, 0.9375
surrogate, 42, 31.0, 0.9375
surrogate, 42, 31.0, 0.9375
surrogate, 42, 31.0, 0.9375
surrogate, 42, 31.0, 0.9375
surrogate, 42, 31.0, 0.9375
surrogate, 42, 31.0, 0.9375
surrogate, 42, 31.0, 0.9375
surrogate, 42, 28.0, 0.625
surrogate, 42, 28.0, 0.625
surrogate, 42, 28.0, 0.625
surrogate, 42, 25.0, 0.5
surrogate, 42, 25.0, 0.5
surrogate, 42, 25.0, 0.5
surrogate, 42, 25.0, 0.5
surrogate, 42, 25.0, 0.5
surrogate, 42, 25.0, 0.5
surrogate, 42, 25.0, 0.5
surrogate, 42, 25.0, 0.5
surrogate, 42, 25.0, 0.5
surrogate, 42, 25.0, 0.5
surrogate, 42, 25.0, 0.5
surrogate, 42, 25.0, 0.5
surrogate, 42, 25.0, 0.5
surrogate, 42, 25.0, 0.5
surrogate, 42, 25.0, 0.5
surrogate, 42, 25.0, 0.5
surrogate, 42, 25.0, 0.5
surrogate, 42, 25.0, 0.5
surrogate, 42, 23.0, 0.3125
surrogate, 42, 23.0, 0.3125
surrogate, 42, 23.0, 0.3125
surrogate, 42, 23.0, 0.3125
surrogate, 42, 23.0, 0.3125
surrogate, 42, 23.0, 0.3125
surrogate, 42, 23.0, 0.3125
surrogate, 42, 23.0, 0.3125
surrogate, 42, 23.0, 0.3125
surrogate, 42, 23.0, 0.3125
surrogate, 42, 23.0, 0.3125
surrogate, 42, 23.0, 0.3125
surrogate, 42, 23.0, 0.3125
surrogate, 42, 23.0, 0.3125
surrogate, 42, 23.0, 0.3125
surrogate, 42, 23.0, 0.3125
surrogate, 42, 21.0, 0.21875
surrogate, 42, 21.0, 0.21875
surrogate, 42, 21.0, 0.21875
surrogate, 42, 21.0, 0.21875
surrogate, 42, 21.0, 0.21875
surrogate, 42, 21.0, 0.21875
surrogate, 42, 21.0, 0.21875
surrogate, 42, 21.0, 0.21875
surrogate, 42, 21.0, 0.21875
surrogate, 42, 18.0, 0.09375
surrogate, 42, 18.0, 0.09375
surrogate, 42, 18.0, 0.09375
surrogate, 42, 18.0, 0.09375
surrogate, 42, 18.0, 0.09375
surrogate, 42, 18.0, 0.09375
surrogate, 42, 18.0, 0.09375
surrogate, 42, 18.0, 0.09375
surrogate, 42, 18.0, 0.09375
surrogate, 42, 18.0, 0.09375
surrogate, 42, 18.0, 0.09375
surrogate, 42, 18.0, 0.09375
surrogate, 42, 18.0, 0.09375
surrogate, 42, 18.0, 0.09375
surrogate, 42, 18.0, 0.09375
surrogate, 42, 18.0, 0.09375
surrogate, 42, 18.0, 0.09375
surrogate, 42, 18.0, 0.09375
surrogate, 42, 18.0, 0.09375
surrogate, 42, 18.0, 0.09375
surrogate, 42, 18.0, 0.09375
surrogate, 42, 18.0, 0.09375
surrogate, 42, 18.0, 0.09375
surrogate, 43, 31.0, 0.9375
surrogate, 43, 31.0, 0.9375
surrogate, 43, 31.0, 0.9375
surrogate, 43, 31.0, 0.9375
surrogate, 43, 31.0, 0.9375
surrogate, 43, 31.0, 0.9375
surrogate, 43, 31.0, 0.9375
surrogate, 43, 31.0, 0.9375
surrogate, 43, 28.0, 0.625
surrogate, 43, 28.0, 0.625
surrogate, 43, 28.0, 0.625
surrogate, 43, 25.0, 0.5
surrogate, 43, 25.0, 0.5
surrogate, 43, 25.0, 0.5
surrogate, 43, 25.0, 0.5
surrogate, 43, 25.0, 0.5
surrogate, 43, 25.0, 0.5
surrogate, 43, 25.0, 0.5
surrogate, 43, 25.0, 0.5
surrogate, 43, 25.0, 0.5
surrogate, 43, 25.0, 0.5
surrogate, 43, 25.0, 0.5
surrogate, 43, 25.0, 0.5
surrogate, 43, 25.0, 0.5
surrogate, 43, 25.0, 0.5
surrogate, 43, 25.0, 0.5
surrogate, 43, 25.0, 0.5
surrogate, 43, 25.0, 0.5
surrogate, 43, 25.0, 0.5
surrogate, 43, 25.0, 0.5
surrogate, 43, 23.0, 0.3125
surrogate, 43, 23.0, 0.3125
surrogate, 43, 23.0, 0.3125
surrogate, 43, 23.0, 0.3125
surrogate, 43, 23.0, 0.3125
surrogate, 43, 23.0, 0.3125
surrogate, 43, 23.0, 0.3125
surrogate, 43, 23.0, 0.3125
surrogate, 43, 23.0, 0.3125
surrogate, 43, 23.0, 0.3125
surrogate, 43, 23.0, 0.3125
surrogate, 43, 23.0, 0.3125
surrogate, 43, 23.0, 0.3125
surrogate, 43, 23.0, 0.3125
surrogate, 43, 23.0, 0.3125
surrogate, 43, 23.0, 0.3125
surrogate, 43, 23.0, 0.3125
surrogate, 43, 21.0, 0.21875
surrogate, 43, 21.0, 0.21875
surrogate, 43, 21.0, 0.21875
surrogate, 43, 21.0, 0.21875
surrogate, 43, 21.0, 0.21875
surrogate, 43, 21.0, 0.21875
surrogate, 43, 21.0, 0.21875
surrogate, 43, 21.0, 0.21875
surrogate, 43, 21.0, 0.21875
surrogate, 43, 21.0, 0.21875
surrogate, 43, 18.0, 0.09375
surrogate, 43, 18.0, 0.09375
surrogate, 43, 18.0, 0.09375
surrogate, 43, 18.0, 0.09375
surrogate, 43, 18.0, 0.09375
surrogate, 43, 18.0, 0.09375
surrogate, 43, 18.0, 0.09375
surrogate, 43, 18.0, 0.09375
surrogate, 43, 18.0, 0.09375
surrogate, 43, 18.0, 0.09375
surrogate, 43, 18.0, 0.09375
surrogate, 43, 18.0, 0.09375
surrogate, 43, 18.0, 0.09375
surrogate, 43, 18.0, 0.09375
surrogate, 43, 18.0, 0.09375
surrogate, 43, 18.0, 0.09375
surrogate, 43, 18.0, 0.09375
surrogate, 43, 18.0, 0.09375
surrogate, 43, 18.0, 0.09375
surrogate, 43, 18.0, 0.09375
surrogate, 43, 18.0, 0.09375
surrogate, 43, 18.0, 0.09375
surrogate, 43, 18.0, 0.09375
surrogate, 43, 18.0, 0.09375
surrogate, 44, 31.0, 0.9375
surrogate, 44, 31.0, 0.9375
surrogate, 44, 31.0, 0.9375
surrogate, 44, 31.0, 0.9375
surrogate, 44, 31.0, 0.9375
surrogate, 44, 31.0, 0.9375
surrogate, 44, 31.0, 0.9375
surrogate, 44, 31.0, 0.9375
surrogate, 44, 28.0, 0.625
surrogate, 44, 28.0, 0.625
surrogate, 44, 28.0, 0.625
surrogate, 44, 25.0, 0.5
surrogate, 44, 25.0, 0.5
surrogate, 44, 25.0, 0.5
surrogate, 44, 25.0, 0.5
surrogate, 44, 25.0, 0.5
surrogate, 44, 25.0, 0.5
surrogate, 44, 25.0, 0.5
surrogate, 44, 25.0, 0.5
surrogate, 44, 25.0, 0.5
surrogate, 44, 25.0, 0.5
surrogate, 44, 25.0, 0.5
surrogate, 44, 25.0, 0.5
surrogate, 44, 25.0, 0.5
surrogate, 44, 25.0, 0.5
surrogate, 44, 25.0, 0.5
surrogate, 44, 25.0, 0.5
surrogate, 44, 25.0, 0.5
surrogate, 44, 25.0, 0.5
surrogate, 44, 25.0, 0.5
surrogate, 44, 25.0, 0.5
surrogate, 44, 23.0, 0.3125
surrogate, 44, 23.0, 0.3125
surrogate, 44, 23.0, 0.3125
surrogate, 44, 23.0, 0.3125
surrogate, 44, 23.0, 0.3125
surrogate, 44, 23.0, 0.3125
surrogate, 44, 23.0, 0.3125
surrogate, 44, 23.0, 0.3125
surrogate, 44, 23.0, 0.3125
surrogate, 44, 23.0, 0.3125
surrogate, 44, 23.0, 0.3125
surrogate, 44, 23.0, 0.3125
surrogate, 44, 23.0, 0.3125
surrogate, 44, 23.0, 0.3125
surrogate, 44, 23.0, 0.3125
surrogate, 44, 23.0, 0.3125
surrogate, 44, 23.0, 0.3125
surrogate, 44, 23.0, 0.3125
surrogate, 44, 21.0, 0.21875
surrogate, 44, 21.0, 0.21875
surrogate, 44, 21.0, 0.21875
surrogate, 44, 21.0, 0.21875
surrogate, 44, 21.0, 0.21875
surrogate, 44, 21.0, 0.21875
surrogate, 44, 21.0, 0.21875
surrogate, 44, 21.0, 0.21875
surrogate, 44, 21.0, 0.21875
surrogate, 44, 21.0, 0.21875
surrogate, 44, 21.0, 0.21875
surrogate, 44, 18.0, 0.09375
surrogate, 44, 18.0, 0.09375
surrogate, 44, 18.0, 0.09375
surrogate, 44, 18.0, 0.09375
surrogate, 44, 18.0, 0.09375
surrogate, 44, 18.0, 0.09375
surrogate, 44, 18.0, 0.09375
surrogate, 44, 18.0, 0.09375
surrogate, 44, 18.0, 0.09375
surrogate, 44, 18.0, 0.09375
surrogate, 44, 18.0, 0.09375
surrogate, 44, 18.0, 0.09375
surrogate, 44, 18.0, 0.09375
surrogate, 44, 18.0, 0.09375
surrogate, 44, 18.0, 0.09375
surrogate, 44, 18.0, 0.09375
surrogate, 44, 18.0, 0.09375
surrogate, 44, 18.0, 0.09375
surrogate, 44, 18.0, 0.09375
surrogate, 44, 18.0, 0.09375
surrogate, 44, 18.0, 0.09375
surrogate, 44, 18.0, 0.09375
surrogate, 44, 18.0, 0.09375
surrogate, 44, 18.0, 0.09375
surrogate, 44, 18.0, 0.09375
surrogate, 45, 31.0, 0.9375
surrogate, 45, 31.0, 0.9375
surrogate, 45, 31.0, 0.9375
surrogate, 45, 31.0, 0.9375
surrogate, 45, 31.0, 0.9375
surrogate, 45, 31.0, 0.9375
surrogate, 45, 31.0, 0.9375
surrogate, 45, 31.0, 0.9375
surrogate, 45, 31.0, 0.9375
surrogate, 45, 28.0, 0.625
surrogate, 45, 28.0, 0.625
surrogate, 45, 28.0, 0.625
surrogate, 45, 25.0, 0.5
surrogate, 45, 25.0, 0.5
surrogate, 45, 25.0, 0.5
surrogate, 45, 25.0, 0.5
surrogate, 45, 25.0, 0.5
surrogate, 45, 25.0, 0.5
surrogate, 45, 25.0, 0.5
surrogate, 45, 25.0, 0.5
surrogate, 45, 25.0, 0.5
surrogate, 45, 25.0, 0.5
surrogate, 45, 25.0, 0.5
surrogate, 45, 25.0, 0.5
surrogate, 45, 25.0, 0.5
surrogate, 45, 25.0, 0.5
surrogate, 45, 25.0, 0.5
surrogate, 45, 25.0, 0.5
surrogate, 45, 25.0, 0.5
surrogate, 45, 25.0, 0.5
surrogate, 45, 25.0, 0.5
surrogate, 45, 25.0, 0.5
surrogate, 45, 25.0, 0.5
surrogate, 45, 23.0, 0.3125
surrogate, 45, 23.0, 0.3125
surrogate, 45, 23.0, 0.3125
surrogate, 45, 23.0, 0.3125
surrogate, 45, 23.0, 0.3125
surrogate, 45, 23.0, 0.3125
surrogate, 45, 23.0, 0.3125
surrogate, 45, 23.0, 0.3125
surrogate, 45, 23.0, 0.3125
surrogate, 45, 23.0, 0.3125
surrogate, 45, 23.0, 0.3125
surrogate, 45, 23.0, 0.3125
surrogate, 45, 23.0, 0.3125
surrogate, 45, 23.0, 0.3125
surrogate, 45, 23.0, 0.3125
surrogate, 45, 23.0, 0.3125
surrogate, 45, 23.0, 0.3125
surrogate, 45, 23.0, 0.3125
surrogate, 45, 23.0, 0.3125
surrogate, 45, 21.0, 0.21875
surrogate, 45, 21.0, 0.21875
surrogate, 45, 21.0, 0.21875
surrogate, 45, 21.0, 0.21875
surrogate, 45, 21.0, 0.21875
surrogate, 45, 21.0, 0.21875
surrogate, 45, 21.0, 0.21875
surrogate, 45, 21.0, 0.21875
surrogate, 45, 21.0, 0.21875
surrogate, 45, 21.0, 0.21875
surrogate, 45, 21.0, 0.21875
surrogate, 45, 21.0, 0.21875
surrogate, 45, 18.0, 0.09375
surrogate, 45, 18.0, 0.09375
surrogate, 45, 18.0, 0.09375
surrogate, 45, 18.0, 0.09375
surrogate, 45, 18.0, 0.09375
surrogate, 45, 18.0, 0.09375
surrogate, 45, 18.0, 0.09375
surrogate, 45, 18.0, 0.09375
surrogate, 45, 18.0, 0.09375
surrogate, 45, 18.0, 0.09375
surrogate, 45, 18.0, 0.09375
surrogate, 45, 18.0, 0.09375
surrogate, 45, 18.0, 0.09375
surrogate, 45, 18.0, 0.09375
surrogate, 45, 18.0, 0.09375
surrogate, 45, 18.0, 0.09375
surrogate, 45, 18.0, 0.09375
surrogate, 45, 18.0, 0.09375
surrogate, 45, 18.0, 0.09375
surrogate, 45, 18.0, 0.09375
surrogate, 45, 18.0, 0.09375
surrogate, 45, 18.0, 0.09375
surrogate, 45, 18.0, 0.09375
surrogate, 45, 18.0, 0.09375
surrogate, 45, 18.0, 0.09375
surrogate, 45, 18.0, 0.09375
surrogate, 46, 31.0, 0.9375
surrogate, 46, 31.0, 0.9375
surrogate, 46, 31.0, 0.9375
surrogate, 46, 31.0, 0.9375
surrogate, 46, 31.0, 0.9375
surrogate, 46, 31.0, 0.9375
surrogate, 46, 31.0, 0.9375
surrogate, 46, 31.0, 0.9375
surrogate, 46, 31.0, 0.9375
surrogate, 46, 28.0, 0.625
surrogate, 46, 28.0, 0.625
surrogate, 46, 28.0, 0.625
surrogate, 46, 28.0, 0.625
surrogate, 46, 25.0, 0.5
surrogate, 46, 25.0, 0.5
surrogate, 46, 25.0, 0.5
surrogate, 46, 25.0, 0.5
surrogate, 46, 25.0, 0.5
surrogate, 46, 25.0, 0.5
surrogate, 46, 25.0, 0.5
surrogate, 46, 25.0, 0.5
surrogate, 46, 25.0, 0.5
surrogate, 46, 25.0, 0.5
surrogate, 46, 25.0, 0.5
surrogate, 46, 25.0, 0.5
surrogate, 46, 25.0, 0.5
surrogate, 46, 25.0, 0.5
surrogate, 46, 25.0, 0.5
surrogate, 46, 25.0, 0.5
surrogate, 46, 25.0, 0.5
surrogate, 46, 25.0, 0.5
surrogate, 46, 25.0, 0.5
surrogate, 46, 25.0, 0.5
surrogate, 46, 25.0, 0.5
surrogate, 46, 25.0, 0.5
surrogate, 46, 23.0, 0.3125
surrogate, 46, 23.0, 0.3125
surrogate, 46, 23.0, 0.3125
surrogate, 46, 23.0, 0.3125
surrogate, 46, 23.0, 0.3125
surrogate, 46, 23.0, 0.3125
surrogate, 46, 23.0, 0.3125
surrogate, 46, 23.0, 0.3125
surrogate, 46, 23.0, 0.3125
surrogate, 46, 23.0, 0.3125
surrogate, 46, 23.0, 0.3125
surrogate, 46, 23.0, 0.3125
surrogate, 46, 23.0, 0.3125
surrogate, 46, 23.0, 0.3125
surrogate, 46, 23.0, 0.3125
surrogate, 46, 23.0, 0.3125
surrogate, 46, 23.0, 0.3125
surrogate, 46, 23.0, 0.3125
surrogate, 46, 23.0, 0.3125
surrogate, 46, 23.0, 0.3125
surrogate, 46, 21.0, 0.21875
surrogate, 46, 21.0, 0.21875
surrogate, 46, 21.0, 0.21875
surrogate, 46, 21.0, 0.21875
surrogate, 46, 21.0, 0.21875
surrogate, 46, 21.0, 0.21875
surrogate, 46, 21.0, 0.21875
surrogate, 46, 21.0, 0.21875
surrogate, 46, 21.0, 0.21875
surrogate, 46, 21.0, 0.21875
surrogate, 46, 21.0, 0.21875
surrogate, 46, 21.0, 0.21875
surrogate, 46, 21.0, 0.21875
surrogate, 46, 18.0, 0.09375
surrogate, 46, 18.0, 0.09375
surrogate, 46, 18.0, 0.09375
surrogate, 46, 18.0, 0.09375
surrogate, 46, 18.0, 0.09375
surrogate, 46, 18.0, 0.09375
surrogate, 46, 18.0, 0.09375
surrogate, 46, 18.0, 0.09375
surrogate, 46, 18.0, 0.09375
surrogate, 46, 18.0, 0.09375
surrogate, 46, 18.0, 0.09375
surrogate, 46, 18.0, 0.09375
surrogate, 46, 18.0, 0.09375
surrogate, 46, 18.0, 0.09375
surrogate, 46, 18.0, 0.09375
surrogate, 46, 18.0, 0.09375
surrogate, 46, 18.0, 0.09375
surrogate, 46, 18.0, 0.09375
surrogate, 46, 18.0, 0.09375
surrogate, 46, 18.0, 0.09375
surrogate, 46, 18.0, 0.09375
surrogate, 46, 18.0, 0.09375
surrogate, 46, 18.0, 0.09375
surrogate, 46, 18.0, 0.09375
surrogate, 46, 18.0, 0.09375
surrogate, 46, 18.0, 0.09375
surrogate, 46, 18.0, 0.09375
surrogate, 47, 31.0, 0.9375
surrogate, 47, 31.0, 0.9375
surrogate, 47, 31.0, 0.9375
surrogate, 47, 31.0, 0.9375
surrogate, 47, 31.0, 0.9375
surrogate, 47, 31.0, 0.9375
surrogate, 47, 31.0, 0.9375
surrogate, 47, 31.0, 0.9375
surrogate, 47, 31.0, 0.9375
surrogate, 47, 31.0, 0.9375
surrogate, 47, 28.0, 0.625
surrogate, 47, 28.0, 0.625
surrogate, 47, 28.0, 0.625
surrogate, 47, 28.0, 0.625
surrogate, 47, 28.0, 0.625
surrogate, 47, 25.0, 0.5
surrogate, 47, 25.0, 0.5
surrogate, 47, 25.0, 0.5
surrogate, 47, 25.0, 0.5
surrogate, 47, 25.0, 0.5
surrogate, 47, 25.0, 0.5
surrogate, 47, 25.0, 0.5
surrogate, 47, 25.0, 0.5
surrogate, 47, 25.0, 0.5
surrogate, 47, 25.0, 0.5
surrogate, 47, 25.0, 0.5
surrogate, 47, 25.0, 0.5
surrogate, 47, 25.0, 0.5
surrogate, 47, 25.0, 0.5
surrogate, 47, 25.0, 0.5
surrogate, 47, 25.0, 0.5
surrogate, 47, 25.0, 0.5
surrogate, 47, 25.0, 0.5
surrogate, 47, 25.0, 0.5
surrogate, 47, 25.0, 0.5
surrogate, 47, 25.0, 0.5
surrogate, 47, 25.0, 0.5
surrogate, 47, 25.0, 0.5
surrogate, 47, 23.0, 0.3125
surrogate, 47, 23.0, 0.3125
surrogate, 47, 23.0, 0.3125
surrogate, 47, 23.0, 0.3125
surrogate, 47, 23.0, 0.3125
surrogate, 47, 23.0, 0.3125
surrogate, 47, 23.0, 0.3125
surrogate, 47, 23.0, 0.3125
surrogate, 47, 23.0, 0.3125
surrogate, 47, 23.0, 0.3125
surrogate, 47, 23.0, 0.3125
surrogate, 47, 23.0, 0.3125
surrogate, 47, 23.0, 0.3125
surrogate, 47, 23.0, 0.3125
surrogate, 47, 23.0, 0.3125
surrogate, 47, 23.0, 0.3125
surrogate, 47, 23.0, 0.3125
surrogate, 47, 23.0, 0.3125
surrogate, 47, 23.0, 0.3125
surrogate, 47, 23.0, 0.3125
surrogate, 47, 23.0, 0.3125
surrogate, 47, 21.0, 0.21875
surrogate, 47, 21.0, 0.21875
surrogate, 47, 21.0, 0.21875
surrogate, 47, 21.0, 0.21875
surrogate, 47, 21.0, 0.21875
surrogate, 47, 21.0, 0.21875
surrogate, 47, 21.0, 0.21875
surrogate, 47, 21.0, 0.21875
surrogate, 47, 21.0, 0.21875
surrogate, 47, 21.0, 0.21875
surrogate, 47, 21.0, 0.21875
surrogate, 47, 21.0, 0.21875
surrogate, 47, 21.0, 0.21875
surrogate, 47, 21.0, 0.21875
surrogate, 47, 18.0, 0.09375
surrogate, 47, 18.0, 0.09375
surrogate, 47, 18.0, 0.09375
surrogate, 47, 18.0, 0.09375
surrogate, 47, 18.0, 0.09375
surrogate, 47, 18.0, 0.09375
surrogate, 47, 18.0, 0.09375
surrogate, 47, 18.0, 0.09375
surrogate, 47, 18.0, 0.09375
surrogate, 47, 18.0, 0.09375
surrogate, 47, 18.0, 0.09375
surrogate, 47, 18.0, 0.09375
surrogate, 47, 18.0, 0.09375
surrogate, 47, 18.0, 0.09375
surrogate, 47, 18.0, 0.09375
surrogate, 47, 18.0, 0.09375
surrogate, 47, 18.0, 0.09375
surrogate, 47, 18.0, 0.09375
surrogate, 47, 18.0, 0.09375
surrogate, 47, 18.0, 0.09375
surrogate, 47, 18.0, 0.09375
surrogate, 47, 18.0, 0.09375
surrogate, 47, 18.0, 0.09375
surrogate, 47, 18.0, 0.09375
surrogate, 47, 18.0, 0.09375
surrogate, 47, 18.0, 0.09375
surrogate, 47, 18.0, 0.09375
surrogate, 47, 18.0, 0.09375
surrogate, 48, 31.0, 0.9375
surrogate, 48, 31.0, 0.9375
surrogate, 48, 31.0, 0.9375
surrogate, 48, 31.0, 0.9375
surrogate, 48, 31.0, 0.9375
surrogate, 48, 31.0, 0.9375
surrogate, 48, 31.0, 0.9375
surrogate, 48, 31.0, 0.9375
surrogate, 48, 31.0, 0.9375
surrogate, 48, 31.0, 0.9375
surrogate, 48, 28.0, 0.625
surrogate, 48, 28.0, 0.625
surrogate, 48, 28.0, 0.625
surrogate, 48, 28.0, 0.625
surrogate, 48, 28.0, 0.625
surrogate, 48, 28.0, 0.625
surrogate, 48, 25.0, 0.5
surrogate, 48, 25.0, 0.5
surrogate, 48, 25.0, 0.5
surrogate, 48, 25.0, 0.5
surrogate, 48, 25.0, 0.5
surrogate, 48, 25.0, 0.5
surrogate, 48, 25.0, 0.5
surrogate, 48, 25.0, 0.5
surrogate, 48, 25.0, 0.5
surrogate, 48, 25.0, 0.5
surrogate, 48, 25.0, 0.5
surrogate, 48, 25.0, 0.5
surrogate, 48, 25.0, 0.5
surrogate, 48, 25.0, 0.5
surrogate, 48, 25.0, 0.5
surrogate, 48, 25.0, 0.5
surrogate, 48, 25.0, 0.5
surrogate, 48, 25.0, 0.5
surrogate, 48, 25.0, 0.5
surrogate, 48, 25.0, 0.5
surrogate, 48, 25.0, 0.5
surrogate, 48, 25.0, 0.5
surrogate, 48, 25.0, 0.5
surrogate, 48, 23.0, 0.3125
surrogate, 48, 23.0, 0.3125
surrogate, 48, 23.0, 0.3125
surrogate, 48, 23.0, 0.3125
surrogate, 48, 23.0, 0.3125
surrogate, 48, 23.0, 0.3125
surrogate, 48, 23.0, 0.3125
surrogate, 48, 23.0, 0.3125
surrogate, 48, 23.0, 0.3125
surrogate, 48, 23.0, 0.3125
surrogate, 48, 23.0, 0.3125
surrogate, 48, 23.0, 0.3125
surrogate, 48, 23.0, 0.3125
surrogate, 48, 23.0, 0.3125
surrogate, 48, 23.0, 0.3125
surrogate, 48, 23.0, 0.3125
surrogate, 48, 23.0, 0.3125
surrogate, 48, 23.0, 0.3125
surrogate, 48, 23.0, 0.3125
surrogate, 48, 23.0, 0.3125
surrogate, 48, 23.0, 0.3125
surrogate, 48, 23.0, 0.3125
surrogate, 48, 21.0, 0.21875
surrogate, 48, 21.0, 0.21875
surrogate, 48, 21.0, 0.21875
surrogate, 48, 21.0, 0.21875
surrogate, 48, 21.0, 0.21875
surrogate, 48, 21.0, 0.21875
surrogate, 48, 21.0, 0.21875
surrogate, 48, 21.0, 0.21875
surrogate, 48, 21.0, 0.21875
surrogate, 48, 21.0, 0.21875
surrogate, 48, 21.0, 0.21875
surrogate, 48, 21.0, 0.21875
surrogate, 48, 21.0, 0.21875
surrogate, 48, 21.0, 0.21875
surrogate, 48, 21.0, 0.21875
surrogate, 48, 18.0, 0.09375
surrogate, 48, 18.0, 0.09375
surrogate, 48, 18.0, 0.09375
surrogate, 48, 18.0, 0.09375
surrogate, 48, 18.0, 0.09375
surrogate, 48, 18.0, 0.09375
surrogate, 48, 18.0, 0.09375
surrogate, 48, 18.0, 0.09375
surrogate, 48, 18.0, 0.09375
surrogate, 48, 18.0, 0.09375
surrogate, 48, 18.0, 0.09375
surrogate, 48, 18.0, 0.09375
surrogate, 48, 18.0, 0.09375
surrogate, 48, 18.0, 0.09375
surrogate, 48, 18.0, 0.09375
surrogate, 48, 18.0, 0.09375
surrogate, 48, 18.0, 0.09375
surrogate, 48, 18.0, 0.09375
surrogate, 48, 18.0, 0.09375
surrogate, 48, 18.0, 0.09375
surrogate, 48, 18.0, 0.09375
surrogate, 48, 18.0, 0.09375
surrogate, 48, 18.0, 0.09375
surrogate, 48, 18.0, 0.09375
surrogate, 48, 18.0, 0.09375
surrogate, 48, 18.0, 0.09375
surrogate, 48, 18.0, 0.09375
surrogate, 48, 18.0, 0.09375
surrogate, 48, 18.0, 0.09375
surrogate, 49, 31.0, 0.9375
surrogate, 49, 31.0, 0.9375
surrogate, 49, 31.0, 0.9375
surrogate, 49, 31.0, 0.9375
surrogate, 49, 31.0, 0.9375
surrogate, 49, 31.0, 0.9375
surrogate, 49, 31.0, 0.9375
surrogate, 49, 31.0, 0.9375
surrogate, 49, 31.0, 0.9375
surrogate, 49, 31.0, 0.9375
surrogate, 49, 31.0, 0.9375
surrogate, 49, 28.0, 0.625
surrogate, 49, 28.0, 0.625
surrogate, 49, 28.0, 0.625
surrogate, 49, 28.0, 0.625
surrogate, 49, 28.0, 0.625
surrogate, 49, 28.0, 0.625
surrogate, 49, 25.0, 0.5
surrogate, 49, 25.0, 0.5
surrogate, 49, 25.0, 0.5
surrogate, 49, 25.0, 0.5
surrogate, 49, 25.0, 0.5
surrogate, 49, 25.0, 0.5
surrogate, 49, 25.0, 0.5
surrogate, 49, 25.0, 0.5
surrogate, 49, 25.0, 0.5
surrogate, 49, 25.0, 0.5
surrogate, 49, 25.0, 0.5
surrogate, 49, 25.0, 0.5
surrogate, 49, 25.0, 0.5
surrogate, 49, 25.0, 0.5
surrogate, 49, 25.0, 0.5
surrogate, 49, 25.0, 0.5
surrogate, 49, 25.0, 0.5
surrogate, 49, 25.0, 0.5
surrogate, 49, 25.0, 0.5
surrogate, 49, 25.0, 0.5
surrogate, 49, 25.0, 0.5
surrogate, 49, 25.0, 0.5
surrogate, 49, 25.0, 0.5
surrogate, 49, 25.0, 0.5
surrogate, 49, 23.0, 0.3125
surrogate, 49, 23.0, 0.3125
surrogate, 49, 23.0, 0.3125
surrogate, 49, 23.0, 0.3125
surrogate, 49, 23.0, 0.3125
surrogate, 49, 23.0, 0.3125
surrogate, 49, 23.0, 0.3125
surrogate, 49, 23.0, 0.3125
surrogate, 49, 23.0, 0.3125
surrogate, 49, 23.0, 0.3125
surrogate, 49, 23.0, 0.3125
surrogate, 49, 23.0, 0.3125
surrogate, 49, 23.0, 0.3125
surrogate, 49, 23.0, 0.3125
surrogate, 49, 23.0, 0.3125
surrogate, 49, 23.0, 0.3125
surrogate, 49, 23.0, 0.3125
surrogate, 49, 23.0, 0.3125
surrogate, 49, 23.0, 0.3125
surrogate, 49, 23.0, 0.3125
surrogate, 49, 23.0, 0.3125
surrogate, 49, 23.0, 0.3125
surrogate, 49, 23.0, 0.3125
surrogate, 49, 21.0, 0.21875
surrogate, 49, 21.0, 0.21875
surrogate, 49, 21.0, 0.21875
surrogate, 49, 21.0, 0.21875
surrogate, 49, 21.0, 0.21875
surrogate, 49, 21.0, 0.21875
surrogate, 49, 21.0, 0.21875
surrogate, 49, 21.0, 0.21875
surrogate, 49, 21.0, 0.21875
surrogate, 49, 21.0, 0.21875
surrogate, 49, 21.0, 0.21875
surrogate, 49, 21.0, 0.21875
surrogate, 49, 21.0, 0.21875
surrogate, 49, 21.0, 0.21875
surrogate, 49, 21.0, 0.21875
surrogate, 49, 21.0, 0.21875
surrogate, 49, 18.0, 0.09375
surrogate, 49, 18.0, 0.09375
surrogate, 49, 18.0, 0.09375
surrogate, 49, 18.0, 0.09375
surrogate, 49, 18.0, 0.09375
surrogate, 49, 18.0, 0.09375
surrogate, 49, 18.0, 0.09375
surrogate, 49, 18.0, 0.09375
surrogate, 49, 18.0, 0.09375
surrogate, 49, 18.0, 0.09375
surrogate, 49, 18.0, 0.09375
surrogate, 49, 18.0, 0.09375
surrogate, 49, 18.0, 0.09375
surrogate, 49, 18.0, 0.09375
surrogate, 49, 18.0, 0.09375
surrogate, 49, 18.0, 0.09375
surrogate, 49, 18.0, 0.09375
surrogate, 49, 18.0, 0.09375
surrogate, 49, 18.0, 0.09375
surrogate, 49, 18.0, 0.09375
surrogate, 49, 18.0, 0.09375
surrogate, 49, 18.0, 0.09375
surrogate, 49, 18.0, 0.09375
surrogate, 49, 18.0, 0.09375
surrogate, 49, 18.0, 0.09375
surrogate, 49, 18.0, 0.09375
surrogate, 49, 18.0, 0.09375
surrogate, 49, 18.0, 0.09375
surrogate, 49, 18.0, 0.09375
surrogate, 49, 18.0, 0.09375
surrogate, 50, 31.0, 0.9375
surrogate, 50, 31.0, 0.9375
surrogate, 50, 31.0, 0.9375
surrogate, 50, 31.0, 0.9375
surrogate, 50, 31.0, 0.9375
surrogate, 50, 31.0, 0.9375
surrogate, 50, 31.0, 0.9375
surrogate, 50, 31.0, 0.9375
surrogate, 50, 31.0, 0.9375
surrogate, 50, 31.0, 0.9375
surrogate, 50, 31.0, 0.9375
surrogate, 50, 28.0, 0.625
surrogate, 50, 28.0, 0.625
surrogate, 50, 28.0, 0.625
surrogate, 50, 28.0, 0.625
surrogate, 50, 28.0, 0.625
surrogate, 50, 28.0, 0.625
surrogate, 50, 25.0, 0.5
surrogate, 50, 25.0, 0.5
surrogate, 50, 25.0, 0.5
surrogate, 50, 25.0, 0.5
surrogate, 50, 25.0, 0.5
surrogate, 50, 25.0, 0.5
surrogate, 50, 25.0, 0.5
surrogate, 50, 25.0, 0.5
surrogate, 50, 25.0, 0.5
surrogate, 50, 25.0, 0.5
surrogate, 50, 25.0, 0.5
surrogate, 50, 25.0, 0.5
surrogate, 50, 25.0, 0.5
surrogate, 50, 25.0, 0.5
surrogate, 50, 25.0, 0.5
surrogate, 50, 25.0, 0.5
surrogate, 50, 25.0, 0.5
surrogate, 50, 25.0, 0.5
surrogate, 50, 25.0, 0.5
surrogate, 50, 25.0, 0.5
surrogate, 50, 25.0, 0.5
surrogate, 50, 25.0, 0.5
surrogate, 50, 25.0, 0.5
surrogate, 50, 25.0, 0.5
surrogate, 50, 25.0, 0.5
surrogate, 50, 23.0, 0.3125
surrogate, 50, 23.0, 0.3125
surrogate, 50, 23.0, 0.3125
surrogate, 50, 23.0, 0.3125
surrogate, 50, 23.0, 0.3125
surrogate, 50, 23.0, 0.3125
surrogate, 50, 23.0, 0.3125
surrogate, 50, 23.0, 0.3125
surrogate, 50, 23.0, 0.3125
surrogate, 50, 23.0, 0.3125
surrogate, 50, 23.0, 0.3125
surrogate, 50, 23.0, 0.3125
surrogate, 50, 23.0, 0.3125
surrogate, 50, 23.0, 0.3125
surrogate, 50, 23.0, 0.3125
surrogate, 50, 23.0, 0.3125
surrogate, 50, 23.0, 0.3125
surrogate, 50, 23.0, 0.3125
surrogate, 50, 23.0, 0.3125
surrogate, 50, 23.0, 0.3125
surrogate, 50, 23.0, 0.3125
surrogate, 50, 23.0, 0.3125
surrogate, 50, 23.0, 0.3125
surrogate, 50, 23.0, 0.3125
surrogate, 50, 21.0, 0.21875
surrogate, 50, 21.0, 0.21875
surrogate, 50, 21.0, 0.21875
surrogate, 50, 21.0, 0.21875
surrogate, 50, 21.0, 0.21875
surrogate, 50, 21.0, 0.21875
surrogate, 50, 21.0, 0.21875
surrogate, 50, 21.0, 0.21875
surrogate, 50, 21.0, 0.21875
surrogate, 50, 21.0, 0.21875
surrogate, 50, 21.0, 0.21875
surrogate, 50, 21.0, 0.21875
surrogate, 50, 21.0, 0.21875
surrogate, 50, 21.0, 0.21875
surrogate, 50, 21.0, 0.21875
surrogate, 50, 21.0, 0.21875
surrogate, 50, 21.0, 0.21875
surrogate, 50, 18.0, 0.09375
surrogate, 50, 18.0, 0.09375
surrogate, 50, 18.0, 0.09375
surrogate, 50, 18.0, 0.09375
surrogate, 50, 18.0, 0.09375
surrogate, 50, 18.0, 0.09375
surrogate, 50, 18.0, 0.09375
surrogate, 50, 18.0, 0.09375
surrogate, 50, 18.0, 0.09375
surrogate, 50, 18.0, 0.09375
surrogate, 50, 18.0, 0.09375
surrogate, 50, 18.0, 0.09375
surrogate, 50, 18.0, 0.09375
surrogate, 50, 18.0, 0.09375
surrogate, 50, 18.0, 0.09375
surrogate, 50, 18.0, 0.09375
surrogate, 50, 18.0, 0.09375
surrogate, 50, 18.0, 0.09375
surrogate, 50, 18.0, 0.09375
surrogate, 50, 18.0, 0.09375
surrogate, 50, 18.0, 0.09375
surrogate, 50, 18.0, 0.09375
surrogate, 50, 18.0, 0.09375
surrogate, 50, 18.0, 0.09375
surrogate, 50, 18.0, 0.09375
surrogate, 50, 18.0, 0.09375
surrogate, 50, 18.0, 0.09375
surrogate, 50, 18.0, 0.09375
surrogate, 50, 18.0, 0.09375
surrogate, 50, 18.0, 0.09375
surrogate, 50, 18.0, 0.09375
surrogate, 51, 31.0, 0.9375
surrogate, 51, 31.0, 0.9375
surrogate, 51, 31.0, 0.9375
surrogate, 51, 31.0, 0.9375
surrogate, 51, 31.0, 0.9375
surrogate, 51, 31.0, 0.9375
surrogate, 51, 31.0, 0.9375
surrogate, 51, 31.0, 0.9375
surrogate, 51, 31.0, 0.9375
surrogate, 51, 31.0, 0.9375
surrogate, 51, 31.0, 0.9375
surrogate, 51, 31.0, 0.9375
surrogate, 51, 28.0, 0.625
surrogate, 51, 28.0, 0.625
surrogate, 51, 28.0, 0.625
surrogate, 51, 28.0, 0.625
surrogate, 51, 28.0, 0.625
surrogate, 51, 28.0, 0.625
surrogate, 51, 28.0, 0.625
surrogate, 51, 25.0, 0.5
surrogate, 51, 25.0, 0.5
surrogate, 51, 25.0, 0.5
surrogate, 51, 25.0, 0.5
surrogate, 51, 25.0, 0.5
surrogate, 51, 25.0, 0.5
surrogate, 51, 25.0, 0.5
surrogate, 51, 25.0, 0.5
surrogate, 51, 25.0, 0.5
surrogate, 51, 25.0, 0.5
surrogate, 51, 25.0, 0.5
surrogate, 51, 25.0, 0.5
surrogate, 51, 25.0, 0.5
surrogate, 51, 25.0, 0.5
surrogate, 51, 25.0, 0.5
surrogate, 51, 25.0, 0.5
surrogate, 51, 25.0, 0.5
surrogate, 51, 25.0, 0.5
surrogate, 51, 25.0, 0.5
surrogate, 51, 25.0, 0.5
surrogate, 51, 25.0, 0.5
surrogate, 51, 25.0, 0.5
surrogate, 51, 25.0, 0.5
surrogate, 51, 25.0, 0.5
surrogate, 51, 25.0, 0.5
surrogate, 51, 25.0, 0.5
surrogate, 51, 23.0, 0.3125
surrogate, 51, 23.0, 0.3125
surrogate, 51, 23.0, 0.3125
surrogate, 51, 23.0, 0.3125
surrogate, 51, 23.0, 0.3125
surrogate, 51, 23.0, 0.3125
surrogate, 51, 23.0, 0.3125
surrogate, 51, 23.0, 0.3125
surrogate, 51, 23.0, 0.3125
surrogate, 51, 23.0, 0.3125
surrogate, 51, 23.0, 0.3125
surrogate, 51, 23.0, 0.3125
surrogate, 51, 23.0, 0.3125
surrogate, 51, 23.0, 0.3125
surrogate, 51, 23.0, 0.3125
surrogate, 51, 23.0, 0.3125
surrogate, 51, 23.0, 0.3125
surrogate, 51, 23.0, 0.3125
surrogate, 51, 23.0, 0.3125
surrogate, 51, 23.0, 0.3125
surrogate, 51, 23.0, 0.3125
surrogate, 51, 23.0, 0.3125
surrogate, 51, 23.0, 0.3125
surrogate, 51, 23.0, 0.3125
surrogate, 51, 23.0, 0.3125
surrogate, 51, 21.0, 0.21875
surrogate, 51, 21.0, 0.21875
surrogate, 51, 21.0, 0.21875
surrogate, 51, 21.0, 0.21875
surrogate, 51, 21.0, 0.21875
surrogate, 51, 21.0, 0.21875
surrogate, 51, 21.0, 0.21875
surrogate, 51, 21.0, 0.21875
surrogate, 51, 21.0, 0.21875
surrogate, 51, 21.0, 0.21875
surrogate, 51, 21.0, 0.21875
surrogate, 51, 21.0, 0.21875
surrogate, 51, 21.0, 0.21875
surrogate, 51, 21.0, 0.21875
surrogate, 51, 21.0, 0.21875
surrogate, 51, 21.0, 0.21875
surrogate, 51, 21.0, 0.21875
surrogate, 51, 21.0, 0.21875
surrogate, 51, 18.0, 0.09375
surrogate, 51, 18.0, 0.09375
surrogate, 51, 18.0, 0.09375
surrogate, 51, 18.0, 0.09375
surrogate, 51, 18.0, 0.09375
surrogate, 51, 18.0, 0.09375
surrogate, 51, 18.0, 0.09375
surrogate, 51, 18.0, 0.09375
surrogate, 51, 18.0, 0.09375
surrogate, 51, 18.0, 0.09375
surrogate, 51, 18.0, 0.09375
surrogate, 51, 18.0, 0.09375
surrogate, 51, 18.0, 0.09375
surrogate, 51, 18.0, 0.09375
surrogate, 51, 18.0, 0.09375
surrogate, 51, 18.0, 0.09375
surrogate, 51, 18.0, 0.09375
surrogate, 51, 18.0, 0.09375
surrogate, 51, 18.0, 0.09375
surrogate, 51, 18.0, 0.09375
surrogate, 51, 18.0, 0.09375
surrogate, 51, 18.0, 0.09375
surrogate, 51, 18.0, 0.09375
surrogate, 51, 18.0, 0.09375
surrogate, 51, 18.0, 0.09375
surrogate, 51, 18.0, 0.09375
surrogate, 51, 18.0, 0.09375
surrogate, 51, 18.0, 0.09375
surrogate, 51, 18.0, 0.09375
surrogate, 51, 18.0, 0.09375
surrogate, 51, 18.0, 0.09375
surrogate, 51, 18.0, 0.09375
surrogate, 52, 31.0, 0.9375
surrogate, 52, 31.0, 0.9375
surrogate, 52, 31.0, 0.9375
surrogate, 52, 31.0, 0.9375
surrogate, 52, 31.0, 0.9375
surrogate, 52, 31.0, 0.9375
surrogate, 52, 31.0, 0.9375
surrogate, 52, 31.0, 0.9375
surrogate, 52, 31.0, 0.9375
surrogate, 52, 31.0, 0.9375
surrogate, 52, 31.0, 0.9375
surrogate, 52, 31.0, 0.9375
surrogate, 52, 31.0, 0.9375
surrogate, 52, 28.0, 0.625
surrogate, 52, 28.0, 0.625
surrogate, 52, 28.0, 0.625
surrogate, 52, 28.0, 0.625
surrogate, 52, 28.0, 0.625
surrogate, 52, 28.0, 0.625
surrogate, 52, 28.0, 0.625
surrogate, 52, 28.0, 0.625
surrogate, 52, 25.0, 0.5
surrogate, 52, 25.0, 0.5
surrogate, 52, 25.0, 0.5
surrogate, 52, 25.0, 0.5
surrogate, 52, 25.0, 0.5
surrogate, 52, 25.0, 0.5
surrogate, 52, 25.0, 0.5
surrogate, 52, 25.0, 0.5
surrogate, 52, 25.0, 0.5
surrogate, 52, 25.0, 0.5
surrogate, 52, 25.0, 0.5
surrogate, 52, 25.0, 0.5
surrogate, 52, 25.0, 0.5
surrogate, 52, 25.0, 0.5
surrogate, 52, 25.0, 0.5
surrogate, 52, 25.0, 0.5
surrogate, 52, 25.0, 0.5
surrogate, 52, 25.0, 0.5
surrogate, 52, 25.0, 0.5
surrogate, 52, 25.0, 0.5
surrogate, 52, 25.0, 0.5
surrogate, 52, 25.0, 0.5
surrogate, 52, 25.0, 0.5
surrogate, 52, 25.0, 0.5
surrogate, 52, 25.0, 0.5
surrogate, 52, 25.0, 0.5
surrogate, 52, 23.0, 0.3125
surrogate, 52, 23.0, 0.3125
surrogate, 52, 23.0, 0.3125
surrogate, 52, 23.0, 0.3125
surrogate, 52, 23.0, 0.3125
surrogate, 52, 23.0, 0.3125
surrogate, 52, 23.0, 0.3125
surrogate, 52, 23.0, 0.3125
surrogate, 52, 23.0, 0.3125
surrogate, 52, 23.0, 0.3125
surrogate, 52, 23.0, 0.3125
surrogate, 52, 23.0, 0.3125
surrogate, 52, 23.0, 0.3125
surrogate, 52, 23.0, 0.3125
surrogate, 52, 23.0, 0.3125
surrogate, 52, 23.0, 0.3125
surrogate, 52, 23.0, 0.3125
surrogate, 52, 23.0, 0.3125
surrogate, 52, 23.0, 0.3125
surrogate, 52, 23.0, 0.3125
surrogate, 52, 23.0, 0.3125
surrogate, 52, 23.0, 0.3125
surrogate, 52, 23.0, 0.3125
surrogate, 52, 23.0, 0.3125
surrogate, 52, 23.0, 0.3125
surrogate, 52, 23.0, 0.3125
surrogate, 52, 21.0, 0.21875
surrogate, 52, 21.0, 0.21875
surrogate, 52, 21.0, 0.21875
surrogate, 52, 21.0, 0.21875
surrogate, 52, 21.0, 0.21875
surrogate, 52, 21.0, 0.21875
surrogate, 52, 21.0, 0.21875
surrogate, 52, 21.0, 0.21875
surrogate, 52, 21.0, 0.21875
surrogate, 52, 21.0, 0.21875
surrogate, 52, 21.0, 0.21875
surrogate, 52, 21.0, 0.21875
surrogate, 52, 21.0, 0.21875
surrogate, 52, 21.0, 0.21875
surrogate, 52, 21.0, 0.21875
surrogate, 52, 21.0, 0.21875
surrogate, 52, 21.0, 0.21875
surrogate, 52, 21.0, 0.21875
surrogate, 52, 21.0, 0.21875
surrogate, 52, 18.0, 0.09375
surrogate, 52, 18.0, 0.09375
surrogate, 52, 18.0, 0.09375
surrogate, 52, 18.0, 0.09375
surrogate, 52, 18.0, 0.09375
surrogate, 52, 18.0, 0.09375
surrogate, 52, 18.0, 0.09375
surrogate, 52, 18.0, 0.09375
surrogate, 52, 18.0, 0.09375
surrogate, 52, 18.0, 0.09375
surrogate, 52, 18.0, 0.09375
surrogate, 52, 18.0, 0.09375
surrogate, 52, 18.0, 0.09375
surrogate, 52, 18.0, 0.09375
surrogate, 52, 18.0, 0.09375
surrogate, 52, 18.0, 0.09375
surrogate, 52, 18.0, 0.09375
surrogate, 52, 18.0, 0.09375
surrogate, 52, 18.0, 0.09375
surrogate, 52, 18.0, 0.09375
surrogate, 52, 18.0, 0.09375
surrogate, 52, 18.0, 0.09375
surrogate, 52, 18.0, 0.09375
surrogate, 52, 18.0, 0.09375
surrogate, 52, 18.0, 0.09375
surrogate, 52, 18.0, 0.09375
surrogate, 52, 18.0, 0.09375
surrogate, 52, 18.0, 0.09375
surrogate, 52, 18.0, 0.09375
surrogate, 52, 18.0, 0.09375
surrogate, 52, 18.0, 0.09375
surrogate, 52, 18.0, 0.09375
surrogate, 52, 18.0, 0.09375
surrogate, 53, 31.0, 0.9375
surrogate, 53, 31.0, 0.9375
surrogate, 53, 31.0, 0.9375
surrogate, 53, 31.0, 0.9375
surrogate, 53, 31.0, 0.9375
surrogate, 53, 31.0, 0.9375
surrogate, 53, 31.0, 0.9375
surrogate, 53, 31.0, 0.9375
surrogate, 53, 31.0, 0.9375
surrogate, 53, 31.0, 0.9375
surrogate, 53, 31.0, 0.9375
surrogate, 53, 31.0, 0.9375
surrogate, 53, 31.0, 0.9375
surrogate, 53, 31.0, 0.9375
surrogate, 53, 28.0, 0.625
surrogate, 53, 28.0, 0.625
surrogate, 53, 28.0, 0.625
surrogate, 53, 28.0, 0.625
surrogate, 53, 28.0, 0.625
surrogate, 53, 28.0, 0.625
surrogate, 53, 28.0, 0.625
surrogate, 53, 28.0, 0.625
surrogate, 53, 28.0, 0.625
surrogate, 53, 25.0, 0.5
surrogate, 53, 25.0, 0.5
surrogate, 53, 25.0, 0.5
surrogate, 53, 25.0, 0.5
surrogate, 53, 25.0, 0.5
surrogate, 53, 25.0, 0.5
surrogate, 53, 25.0, 0.5
surrogate, 53, 25.0, 0.5
surrogate, 53, 25.0, 0.5
surrogate, 53, 25.0, 0.5
surrogate, 53, 25.0, 0.5
surrogate, 53, 25.0, 0.5
surrogate, 53, 25.0, 0.5
surrogate, 53, 25.0, 0.5
surrogate, 53, 25.0, 0.5
surrogate, 53, 25.0, 0.5
surrogate, 53, 25.0, 0.5
surrogate, 53, 25.0, 0.5
surrogate, 53, 25.0, 0.5
surrogate, 53, 25.0, 0.5
surrogate, 53, 25.0, 0.5
surrogate, 53, 25.0, 0.5
surrogate, 53, 25.0, 0.5
surrogate, 53, 25.0, 0.5
surrogate, 53, 25.0, 0.5
surrogate, 53, 25.0, 0.5
surrogate, 53, 22.0, 0.3125
surrogate, 53, 21.0, 0.21875
surrogate, 53, 21.0, 0.21875
surrogate, 53, 21.0, 0.21875
surrogate, 53, 21.0, 0.21875
surrogate, 53, 21.0, 0.21875
surrogate, 53, 21.0, 0.21875
surrogate, 53, 21.0, 0.21875
surrogate, 53, 21.0, 0.21875
surrogate, 53, 21.0, 0.21875
surrogate, 53, 21.0, 0.21875
surrogate, 53, 21.0, 0.21875
surrogate, 53, 21.0, 0.21875
surrogate, 53, 21.0, 0.21875
surrogate, 53, 21.0, 0.21875
surrogate, 53, 21.0, 0.21875
surrogate, 53, 21.0, 0.21875
surrogate, 53, 21.0, 0.21875
surrogate, 53, 21.0, 0.21875
surrogate, 53, 21.0, 0.21875
surrogate, 53, 21.0, 0.21875
surrogate, 53, 18.0, 0.09375
surrogate, 53, 18.0, 0.09375
surrogate, 53, 18.0, 0.09375
surrogate, 53, 18.0, 0.09375
surrogate, 53, 18.0, 0.09375
surrogate, 53, 18.0, 0.09375
surrogate, 53, 18.0, 0.09375
surrogate, 53, 18.0, 0.09375
surrogate, 53, 18.0, 0.09375
surrogate, 53, 18.0, 0.09375
surrogate, 53, 18.0, 0.09375
surrogate, 53, 18.0, 0.09375
surrogate, 53, 18.0, 0.09375
surrogate, 53, 18.0, 0.09375
surrogate, 53, 18.0, 0.09375
surrogate, 53, 18.0, 0.09375
surrogate, 53, 18.0, 0.09375
surrogate, 53, 18.0, 0.09375
surrogate, 53, 18.0, 0.09375
surrogate, 53, 18.0, 0.09375
surrogate, 53, 18.0, 0.09375
surrogate, 53, 18.0, 0.09375
surrogate, 53, 18.0, 0.09375
surrogate, 53, 18.0, 0.09375
surrogate, 53, 18.0, 0.09375
surrogate, 53, 18.0, 0.09375
surrogate, 53, 18.0, 0.09375
surrogate, 53, 18.0, 0.09375
surrogate, 53, 18.0, 0.09375
surrogate, 53, 18.0, 0.09375
surrogate, 53, 18.0, 0.09375
surrogate, 53, 18.0, 0.09375
surrogate, 53, 18.0, 0.09375
surrogate, 53, 18.0, 0.09375
surrogate, 54, 31.0, 0.9375
surrogate, 54, 31.0, 0.9375
surrogate, 54, 31.0, 0.9375
surrogate, 54, 31.0, 0.9375
surrogate, 54, 31.0, 0.9375
surrogate, 54, 31.0, 0.9375
surrogate, 54, 31.0, 0.9375
surrogate, 54, 31.0, 0.9375
surrogate, 54, 31.0, 0.9375
surrogate, 54, 31.0, 0.9375
surrogate, 54, 31.0, 0.9375
surrogate, 54, 31.0, 0.9375
surrogate, 54, 31.0, 0.9375
surrogate, 54, 31.0, 0.9375
surrogate, 54, 28.0, 0.625
surrogate, 54, 28.0, 0.625
surrogate, 54, 28.0, 0.625
surrogate, 54, 28.0, 0.625
surrogate, 54, 28.0, 0.625
surrogate, 54, 28.0, 0.625
surrogate, 54, 28.0, 0.625
surrogate, 54, 28.0, 0.625
surrogate, 54, 28.0, 0.625
surrogate, 54, 25.0, 0.5
surrogate, 54, 25.0, 0.5
surrogate, 54, 25.0, 0.5
surrogate, 54, 25.0, 0.5
surrogate, 54, 25.0, 0.5
surrogate, 54, 25.0, 0.5
surrogate, 54, 25.0, 0.5
surrogate, 54, 25.0, 0.5
surrogate, 54, 25.0, 0.5
surrogate, 54, 25.0, 0.5
surrogate, 54, 25.0, 0.5
surrogate, 54, 25.0, 0.5
surrogate, 54, 25.0, 0.5
surrogate, 54, 25.0, 0.5
surrogate, 54, 25.0, 0.5
surrogate, 54, 25.0, 0.5
surrogate, 54, 25.0, 0.5
surrogate, 54, 25.0, 0.5
surrogate, 54, 25.0, 0.5
surrogate, 54, 25.0, 0.5
surrogate, 54, 25.0, 0.5
surrogate, 54, 25.0, 0.5
surrogate, 54, 25.0, 0.5
surrogate, 54, 25.0, 0.5
surrogate, 54, 25.0, 0.5
surrogate, 54, 25.0, 0.5
surrogate, 54, 25.0, 0.5
surrogate, 54, 22.0, 0.3125
surrogate, 54, 22.0, 0.3125
surrogate, 54, 21.0, 0.21875
surrogate, 54, 21.0, 0.21875
surrogate, 54, 21.0, 0.21875
surrogate, 54, 21.0, 0.21875
surrogate, 54, 21.0, 0.21875
surrogate, 54, 21.0, 0.21875
surrogate, 54, 21.0, 0.21875
surrogate, 54, 21.0, 0.21875
surrogate, 54, 21.0, 0.21875
surrogate, 54, 21.0, 0.21875
surrogate, 54, 21.0, 0.21875
surrogate, 54, 21.0, 0.21875
surrogate, 54, 21.0, 0.21875
surrogate, 54, 21.0, 0.21875
surrogate, 54, 21.0, 0.21875
surrogate, 54, 21.0, 0.21875
surrogate, 54, 21.0, 0.21875
surrogate, 54, 21.0, 0.21875
surrogate, 54, 21.0, 0.21875
surrogate, 54, 21.0, 0.21875
surrogate, 54, 21.0, 0.21875
surrogate, 54, 18.0, 0.09375
surrogate, 54, 18.0, 0.09375
surrogate, 54, 18.0, 0.09375
surrogate, 54, 18.0, 0.09375
surrogate, 54, 18.0, 0.09375
surrogate, 54, 18.0, 0.09375
surrogate, 54, 18.0, 0.09375
surrogate, 54, 18.0, 0.09375
surrogate, 54, 18.0, 0.09375
surrogate, 54, 18.0, 0.09375
surrogate, 54, 18.0, 0.09375
surrogate, 54, 18.0, 0.09375
surrogate, 54, 18.0, 0.09375
surrogate, 54, 18.0, 0.09375
surrogate, 54, 18.0, 0.09375
surrogate, 54, 18.0, 0.09375
surrogate, 54, 18.0, 0.09375
surrogate, 54, 18.0, 0.09375
surrogate, 54, 18.0, 0.09375
surrogate, 54, 18.0, 0.09375
surrogate, 54, 18.0, 0.09375
surrogate, 54, 18.0, 0.09375
surrogate, 54, 18.0, 0.09375
surrogate, 54, 18.0, 0.09375
surrogate, 54, 18.0, 0.09375
surrogate, 54, 18.0, 0.09375
surrogate, 54, 18.0, 0.09375
surrogate, 54, 18.0, 0.09375
surrogate, 54, 18.0, 0.09375
surrogate, 54, 18.0, 0.09375
surrogate, 54, 18.0, 0.09375
surrogate, 54, 18.0, 0.09375
surrogate, 54, 18.0, 0.09375
surrogate, 54, 18.0, 0.09375
surrogate, 55, 31.0, 0.9375
surrogate, 55, 31.0, 0.9375
surrogate, 55, 31.0, 0.9375
surrogate, 55, 31.0, 0.9375
surrogate, 55, 31.0, 0.9375
surrogate, 55, 31.0, 0.9375
surrogate, 55, 31.0, 0.9375
surrogate, 55, 31.0, 0.9375
surrogate, 55, 31.0, 0.9375
surrogate, 55, 31.0, 0.9375
surrogate, 55, 31.0, 0.9375
surrogate, 55, 31.0, 0.9375
surrogate, 55, 31.0, 0.9375
surrogate, 55, 31.0, 0.9375
surrogate, 55, 27.0, 0.625
surrogate, 55, 25.0, 0.5
surrogate, 55, 25.0, 0.5
surrogate, 55, 25.0, 0.5
surrogate, 55, 25.0, 0.5
surrogate, 55, 25.0, 0.5
surrogate, 55, 25.0, 0.5
surrogate, 55, 25.0, 0.5
surrogate, 55, 25.0, 0.5
surrogate, 55, 25.0, 0.5
surrogate, 55, 25.0, 0.5
surrogate, 55, 25.0, 0.5
surrogate, 55, 25.0, 0.5
surrogate, 55, 25.0, 0.5
surrogate, 55, 25.0, 0.5
surrogate, 55, 25.0, 0.5
surrogate, 55, 25.0, 0.5
surrogate, 55, 25.0, 0.5
surrogate, 55, 25.0, 0.5
surrogate, 55, 25.0, 0.5
surrogate, 55, 25.0, 0.5
surrogate, 55, 25.0, 0.5
surrogate, 55, 25.0, 0.5
surrogate, 55, 25.0, 0.5
surrogate, 55, 25.0, 0.5
surrogate, 55, 25.0, 0.5
surrogate, 55, 25.0, 0.5
surrogate, 55, 25.0, 0.5
surrogate, 55, 25.0, 0.5
surrogate, 55, 22.0, 0.3125
surrogate, 55, 22.0, 0.3125
surrogate, 55, 22.0, 0.3125
surrogate, 55, 21.0, 0.21875
surrogate, 55, 21.0, 0.21875
surrogate, 55, 21.0, 0.21875
surrogate, 55, 21.0, 0.21875
surrogate, 55, 21.0, 0.21875
surrogate, 55, 21.0, 0.21875
surrogate, 55, 21.0, 0.21875
surrogate, 55, 21.0, 0.21875
surrogate, 55, 21.0, 0.21875
surrogate, 55, 21.0, 0.21875
surrogate, 55, 21.0, 0.21875
surrogate, 55, 21.0, 0.21875
surrogate, 55, 21.0, 0.21875
surrogate, 55, 21.0, 0.21875
surrogate, 55, 21.0, 0.21875
surrogate, 55, 21.0, 0.21875
surrogate, 55, 21.0, 0.21875
surrogate, 55, 21.0, 0.21875
surrogate, 55, 21.0, 0.21875
surrogate, 55, 21.0, 0.21875
surrogate, 55, 21.0, 0.21875
surrogate, 55, 21.0, 0.21875
surrogate, 55, 18.0, 0.09375
surrogate, 55, 18.0, 0.09375
surrogate, 55, 18.0, 0.09375
surrogate, 55, 18.0, 0.09375
surrogate, 55, 18.0, 0.09375
surrogate, 55, 18.0, 0.09375
surrogate, 55, 18.0, 0.09375
surrogate, 55, 18.0, 0.09375
surrogate, 55, 18.0, 0.09375
surrogate, 55, 18.0, 0.09375
surrogate, 55, 18.0, 0.09375
surrogate, 55, 18.0, 0.09375
surrogate, 55, 18.0, 0.09375
surrogate, 55, 18.0, 0.09375
surrogate, 55, 18.0, 0.09375
surrogate, 55, 18.0, 0.09375
surrogate, 55, 18.0, 0.09375
surrogate, 55, 18.0, 0.09375
surrogate, 55, 18.0, 0.09375
surrogate, 55, 18.0, 0.09375
surrogate, 55, 18.0, 0.09375
surrogate, 55, 18.0, 0.09375
surrogate, 55, 18.0, 0.09375
surrogate, 55, 18.0, 0.09375
surrogate, 55, 18.0, 0.09375
surrogate, 55, 18.0, 0.09375
surrogate, 55, 18.0, 0.09375
surrogate, 55, 18.0, 0.09375
surrogate, 55, 18.0, 0.09375
surrogate, 55, 18.0, 0.09375
surrogate, 55, 18.0, 0.09375
surrogate, 55, 18.0, 0.09375
surrogate, 55, 18.0, 0.09375
surrogate, 55, 18.0, 0.09375
surrogate, 55, 18.0, 0.09375
surrogate, 56, 31.0, 0.9375
surrogate, 56, 31.0, 0.9375
surrogate, 56, 31.0, 0.9375
surrogate, 56, 31.0, 0.9375
surrogate, 56, 31.0, 0.9375
surrogate, 56, 31.0, 0.9375
surrogate, 56, 31.0, 0.9375
surrogate, 56, 31.0, 0.9375
surrogate, 56, 31.0, 0.9375
surrogate, 56, 31.0, 0.9375
surrogate, 56, 31.0, 0.9375
surrogate, 56, 31.0, 0.9375
surrogate, 56, 31.0, 0.9375
surrogate, 56, 31.0, 0.9375
surrogate, 56, 31.0, 0.9375
surrogate, 56, 27.0, 0.625
surrogate, 56, 25.0, 0.5
surrogate, 56, 25.0, 0.5
surrogate, 56, 25.0, 0.5
surrogate, 56, 25.0, 0.5
surrogate, 56, 25.0, 0.5
surrogate, 56, 25.0, 0.5
surrogate, 56, 25.0, 0.5
surrogate, 56, 25.0, 0.5
surrogate, 56, 25.0, 0.5
surrogate, 56, 25.0, 0.5
surrogate, 56, 25.0, 0.5
surrogate, 56, 25.0, 0.5
surrogate, 56, 25.0, 0.5
surrogate, 56, 25.0, 0.5
surrogate, 56, 25.0, 0.5
surrogate, 56, 25.0, 0.5
surrogate, 56, 25.0, 0.5
surrogate, 56, 25.0, 0.5
surrogate, 56, 25.0, 0.5
surrogate, 56, 25.0, 0.5
surrogate, 56, 25.0, 0.5
surrogate, 56, 25.0, 0.5
surrogate, 56, 25.0, 0.5
surrogate, 56, 25.0, 0.5
surrogate, 56, 25.0, 0.5
surrogate, 56, 25.0, 0.5
surrogate, 56, 25.0, 0.5
surrogate, 56, 25.0, 0.5
surrogate, 56, 25.0, 0.5
surrogate, 56, 22.0, 0.3125
surrogate, 56, 22.0, 0.3125
surrogate, 56, 22.0, 0.3125
surrogate, 56, 22.0, 0.3125
surrogate, 56, 21.0, 0.21875
surrogate, 56, 21.0, 0.21875
surrogate, 56, 21.0, 0.21875
surrogate, 56, 21.0, 0.21875
surrogate, 56, 21.0, 0.21875
surrogate, 56, 21.0, 0.21875
surrogate, 56, 21.0, 0.21875
surrogate, 56, 21.0, 0.21875
surrogate, 56, 21.0, 0.21875
surrogate, 56, 21.0, 0.21875
surrogate, 56, 21.0, 0.21875
surrogate, 56, 21.0, 0.21875
surrogate, 56, 21.0, 0.21875
surrogate, 56, 21.0, 0.21875
surrogate, 56, 21.0, 0.21875
surrogate, 56, 21.0, 0.21875
surrogate, 56, 21.0, 0.21875
surrogate, 56, 21.0, 0.21875
surrogate, 56, 21.0, 0.21875
surrogate, 56, 21.0, 0.21875
surrogate, 56, 21.0, 0.21875
surrogate, 56, 21.0, 0.21875
surrogate, 56, 21.0, 0.21875
surrogate, 56, 18.0, 0.09375
surrogate, 56, 18.0, 0.09375
surrogate, 56, 18.0, 0.09375
surrogate, 56, 18.0, 0.09375
surrogate, 56, 18.0, 0.09375
surrogate, 56, 18.0, 0.09375
surrogate, 56, 18.0, 0.09375
surrogate, 56, 18.0, 0.09375
surrogate, 56, 18.0, 0.09375
surrogate, 56, 18.0, 0.09375
surrogate, 56, 18.0, 0.09375
surrogate, 56, 18.0, 0.09375
surrogate, 56, 18.0, 0.09375
surrogate, 56, 18.0, 0.09375
surrogate, 56, 18.0, 0.09375
surrogate, 56, 18.0, 0.09375
surrogate, 56, 18.0, 0.09375
surrogate, 56, 18.0, 0.09375
surrogate, 56, 18.0, 0.09375
surrogate, 56, 18.0, 0.09375
surrogate, 56, 18.0, 0.09375
surrogate, 56, 18.0, 0.09375
surrogate, 56, 18.0, 0.09375
surrogate, 56, 18.0, 0.09375
surrogate, 56, 18.0, 0.09375
surrogate, 56, 18.0, 0.09375
surrogate, 56, 18.0, 0.09375
surrogate, 56, 18.0, 0.09375
surrogate, 56, 18.0, 0.09375
surrogate, 56, 18.0, 0.09375
surrogate, 56, 18.0, 0.09375
surrogate, 56, 18.0, 0.09375
surrogate, 56, 18.0, 0.09375
surrogate, 56, 18.0, 0.09375
surrogate, 56, 18.0, 0.09375
surrogate, 56, 18.0, 0.09375
surrogate, 57, 31.0, 0.9375
surrogate, 57, 31.0, 0.9375
surrogate, 57, 31.0, 0.9375
surrogate, 57, 31.0, 0.9375
surrogate, 57, 31.0, 0.9375
surrogate, 57, 31.0, 0.9375
surrogate, 57, 31.0, 0.9375
surrogate, 57, 31.0, 0.9375
surrogate, 57, 31.0, 0.9375
surrogate, 57, 31.0, 0.9375
surrogate, 57, 31.0, 0.9375
surrogate, 57, 31.0, 0.9375
surrogate, 57, 31.0, 0.9375
surrogate, 57, 31.0, 0.9375
surrogate, 57, 31.0, 0.9375
surrogate, 57, 27.0, 0.625
surrogate, 57, 27.0, 0.625
surrogate, 57, 25.0, 0.5
surrogate, 57, 25.0, 0.5
surrogate, 57, 25.0, 0.5
surrogate, 57, 25.0, 0.5
surrogate, 57, 25.0, 0.5
surrogate, 57, 25.0, 0.5
surrogate, 57, 25.0, 0.5
surrogate, 57, 25.0, 0.5
surrogate, 57, 25.0, 0.5
surrogate, 57, 25.0, 0.5
surrogate, 57, 25.0, 0.5
surrogate, 57, 25.0, 0.5
surrogate, 57, 25.0, 0.5
surrogate, 57, 25.0, 0.5
surrogate, 57, 25.0, 0.5
surrogate, 57, 25.0, 0.5
surrogate, 57, 25.0, 0.5
surrogate, 57, 25.0, 0.5
surrogate, 57, 25.0, 0.5
surrogate, 57, 25.0, 0.5
surrogate, 57, 25.0, 0.5
surrogate, 57, 25.0, 0.5
surrogate, 57, 25.0, 0.5
surrogate, 57, 25.0, 0.5
surrogate, 57, 25.0, 0.5
surrogate, 57, 25.0, 0.5
surrogate, 57, 25.0, 0.5
surrogate, 57, 25.0, 0.5
surrogate, 57, 25.0, 0.5
surrogate, 57, 22.0, 0.3125
surrogate, 57, 22.0, 0.3125
surrogate, 57, 22.0, 0.3125
surrogate, 57, 22.0, 0.3125
surrogate, 57, 22.0, 0.3125
surrogate, 57, 21.0, 0.21875
surrogate, 57, 21.0, 0.21875
surrogate, 57, 21.0, 0.21875
surrogate, 57, 21.0, 0.21875
surrogate, 57, 21.0, 0.21875
surrogate, 57, 21.0, 0.21875
surrogate, 57, 21.0, 0.21875
surrogate, 57, 21.0, 0.21875
surrogate, 57, 21.0, 0.21875
surrogate, 57, 21.0, 0.21875
surrogate, 57, 21.0, 0.21875
surrogate, 57, 21.0, 0.21875
surrogate, 57, 21.0, 0.21875
surrogate, 57, 21.0, 0.21875
surrogate, 57, 21.0, 0.21875
surrogate, 57, 21.0, 0.21875
surrogate, 57, 21.0, 0.21875
surrogate, 57, 21.0, 0.21875
surrogate, 57, 21.0, 0.21875
surrogate, 57, 21.0, 0.21875
surrogate, 57, 21.0, 0.21875
surrogate, 57, 21.0, 0.21875
surrogate, 57, 21.0, 0.21875
surrogate, 57, 21.0, 0.21875
surrogate, 57, 18.0, 0.09375
surrogate, 57, 18.0, 0.09375
surrogate, 57, 18.0, 0.09375
surrogate, 57, 18.0, 0.09375
surrogate, 57, 18.0, 0.09375
surrogate, 57, 18.0, 0.09375
surrogate, 57, 18.0, 0.09375
surrogate, 57, 18.0, 0.09375
surrogate, 57, 18.0, 0.09375
surrogate, 57, 18.0, 0.09375
surrogate, 57, 18.0, 0.09375
surrogate, 57, 18.0, 0.09375
surrogate, 57, 18.0, 0.09375
surrogate, 57, 18.0, 0.09375
surrogate, 57, 18.0, 0.09375
surrogate, 57, 18.0, 0.09375
surrogate, 57, 18.0, 0.09375
surrogate, 57, 18.0, 0.09375
surrogate, 57, 18.0, 0.09375
surrogate, 57, 18.0, 0.09375
surrogate, 57, 18.0, 0.09375
surrogate, 57, 18.0, 0.09375
surrogate, 57, 18.0, 0.09375
surrogate, 57, 18.0, 0.09375
surrogate, 57, 18.0, 0.09375
surrogate, 57, 18.0, 0.09375
surrogate, 57, 18.0, 0.09375
surrogate, 57, 18.0, 0.09375
surrogate, 57, 18.0, 0.09375
surrogate, 57, 18.0, 0.09375
surrogate, 57, 18.0, 0.09375
surrogate, 57, 18.0, 0.09375
surrogate, 57, 18.0, 0.09375
surrogate, 57, 18.0, 0.09375
surrogate, 57, 18.0, 0.09375
surrogate, 57, 18.0, 0.09375
surrogate, 57, 18.0, 0.09375
surrogate, 58, 31.0, 0.9375
surrogate, 58, 31.0, 0.9375
surrogate, 58, 31.0, 0.9375
surrogate, 58, 31.0, 0.9375
surrogate, 58, 31.0, 0.9375
surrogate, 58, 31.0, 0.9375
surrogate, 58, 31.0, 0.9375
surrogate, 58, 31.0, 0.9375
surrogate, 58, 31.0, 0.9375
surrogate, 58, 31.0, 0.9375
surrogate, 58, 31.0, 0.9375
surrogate, 58, 31.0, 0.9375
surrogate, 58, 31.0, 0.9375
surrogate, 58, 31.0, 0.9375
surrogate, 58, 31.0, 0.9375
surrogate, 58, 27.0, 0.625
surrogate, 58, 27.0, 0.625
surrogate, 58, 27.0, 0.625
surrogate, 58, 25.0, 0.5
surrogate, 58, 25.0, 0.5
surrogate, 58, 25.0, 0.5
surrogate, 58, 25.0, 0.5
surrogate, 58, 25.0, 0.5
surrogate, 58, 25.0, 0.5
surrogate, 58, 25.0, 0.5
surrogate, 58, 25.0, 0.5
surrogate, 58, 25.0, 0.5
surrogate, 58, 25.0, 0.5
surrogate, 58, 25.0, 0.5
surrogate, 58, 25.0, 0.5
surrogate, 58, 25.0, 0.5
surrogate, 58, 25.0, 0.5
surrogate, 58, 25.0, 0.5
surrogate, 58, 25.0, 0.5
surrogate, 58, 25.0, 0.5
surrogate, 58, 25.0, 0.5
surrogate, 58, 25.0, 0.5
surrogate, 58, 25.0, 0.5
surrogate, 58, 25.0, 0.5
surrogate, 58, 25.0, 0.5
surrogate, 58, 25.0, 0.5
surrogate, 58, 25.0, 0.5
surrogate, 58, 25.0, 0.5
surrogate, 58, 25.0, 0.5
surrogate, 58, 25.0, 0.5
surrogate, 58, 25.0, 0.5
surrogate, 58, 25.0, 0.5
surrogate, 58, 22.0, 0.3125
surrogate, 58, 22.0, 0.3125
surrogate, 58, 22.0, 0.3125
surrogate, 58, 22.0, 0.3125
surrogate, 58, 22.0, 0.3125
surrogate, 58, 21.0, 0.21875
surrogate, 58, 21.0, 0.21875
surrogate, 58, 21.0, 0.21875
surrogate, 58, 21.0, 0.21875
surrogate, 58, 21.0, 0.21875
surrogate, 58, 21.0, 0.21875
surrogate, 58, 21.0, 0.21875
surrogate, 58, 21.0, 0.21875
surrogate, 58, 21.0, 0.21875
surrogate, 58, 21.0, 0.21875
surrogate, 58, 21.0, 0.21875
surrogate, 58, 21.0, 0.21875
surrogate, 58, 21.0, 0.21875
surrogate, 58, 21.0, 0.21875
surrogate, 58, 21.0, 0.21875
surrogate, 58, 21.0, 0.21875
surrogate, 58, 21.0, 0.21875
surrogate, 58, 21.0, 0.21875
surrogate, 58, 21.0, 0.21875
surrogate, 58, 21.0, 0.21875
surrogate, 58, 21.0, 0.21875
surrogate, 58, 21.0, 0.21875
surrogate, 58, 21.0, 0.21875
surrogate, 58, 21.0, 0.21875
surrogate, 58, 18.0, 0.09375
surrogate, 58, 18.0, 0.09375
surrogate, 58, 18.0, 0.09375
surrogate, 58, 18.0, 0.09375
surrogate, 58, 18.0, 0.09375
surrogate, 58, 18.0, 0.09375
surrogate, 58, 18.0, 0.09375
surrogate, 58, 18.0, 0.09375
surrogate, 58, 18.0, 0.09375
surrogate, 58, 18.0, 0.09375
surrogate, 58, 18.0, 0.09375
surrogate, 58, 18.0, 0.09375
surrogate, 58, 18.0, 0.09375
surrogate, 58, 18.0, 0.09375
surrogate, 58, 18.0, 0.09375
surrogate, 58, 18.0, 0.09375
surrogate, 58, 18.0, 0.09375
surrogate, 58, 18.0, 0.09375
surrogate, 58, 18.0, 0.09375
surrogate, 58, 18.0, 0.09375
surrogate, 58, 18.0, 0.09375
surrogate, 58, 18.0, 0.09375
surrogate, 58, 18.0, 0.09375
surrogate, 58, 18.0, 0.09375
surrogate, 58, 18.0, 0.09375
surrogate, 58, 18.0, 0.09375
surrogate, 58, 18.0, 0.09375
surrogate, 58, 18.0, 0.09375
surrogate, 58, 18.0, 0.09375
surrogate, 58, 18.0, 0.09375
surrogate, 58, 18.0, 0.09375
surrogate, 58, 18.0, 0.09375
surrogate, 58, 18.0, 0.09375
surrogate, 58, 18.0, 0.09375
surrogate, 58, 18.0, 0.09375
surrogate, 58, 18.0, 0.09375
surrogate, 58, 18.0, 0.09375
surrogate, 59, 31.0, 0.9375
surrogate, 59, 31.0, 0.9375
surrogate, 59, 31.0, 0.9375
surrogate, 59, 31.0, 0.9375
surrogate, 59, 31.0, 0.9375
surrogate, 59, 31.0, 0.9375
surrogate, 59, 31.0, 0.9375
surrogate, 59, 31.0, 0.9375
surrogate, 59, 31.0, 0.9375
surrogate, 59, 31.0, 0.9375
surrogate, 59, 31.0, 0.9375
surrogate, 59, 31.0, 0.9375
surrogate, 59, 31.0, 0.9375
surrogate, 59, 31.0, 0.9375
surrogate, 59, 31.0, 0.9375
surrogate, 59, 31.0, 0.9375
surrogate, 59, 27.0, 0.625
surrogate, 59, 27.0, 0.625
surrogate, 59, 27.0, 0.625
surrogate, 59, 25.0, 0.5
surrogate, 59, 25.0, 0.5
surrogate, 59, 25.0, 0.5
surrogate, 59, 25.0, 0.5
surrogate, 59, 25.0, 0.5
surrogate, 59, 25.0, 0.5
surrogate, 59, 25.0, 0.5
surrogate, 59, 25.0, 0.5
surrogate, 59, 25.0, 0.5
surrogate, 59, 25.0, 0.5
surrogate, 59, 25.0, 0.5
surrogate, 59, 25.0, 0.5
surrogate, 59, 25.0, 0.5
surrogate, 59, 25.0, 0.5
surrogate, 59, 25.0, 0.5
surrogate, 59, 25.0, 0.5
surrogate, 59, 25.0, 0.5
surrogate, 59, 25.0, 0.5
surrogate, 59, 25.0, 0.5
surrogate, 59, 25.0, 0.5
surrogate, 59, 25.0, 0.5
surrogate, 59, 25.0, 0.5
surrogate, 59, 25.0, 0.5
surrogate, 59, 25.0, 0.5
surrogate, 59, 25.0, 0.5
surrogate, 59, 25.0, 0.5
surrogate, 59, 25.0, 0.5
surrogate, 59, 25.0, 0.5
surrogate, 59, 25.0, 0.5
surrogate, 59, 25.0, 0.5
surrogate, 59, 22.0, 0.3125
surrogate, 59, 22.0, 0.3125
surrogate, 59, 22.0, 0.3125
surrogate, 59, 22.0, 0.3125
surrogate, 59, 22.0, 0.3125
surrogate, 59, 21.0, 0.21875
surrogate, 59, 21.0, 0.21875
surrogate, 59, 21.0, 0.21875
surrogate, 59, 21.0, 0.21875
surrogate, 59, 21.0, 0.21875
surrogate, 59, 21.0, 0.21875
surrogate, 59, 21.0, 0.21875
surrogate, 59, 21.0, 0.21875
surrogate, 59, 21.0, 0.21875
surrogate, 59, 21.0, 0.21875
surrogate, 59, 21.0, 0.21875
surrogate, 59, 21.0, 0.21875
surrogate, 59, 21.0, 0.21875
surrogate, 59, 21.0, 0.21875
surrogate, 59, 21.0, 0.21875
surrogate, 59, 21.0, 0.21875
surrogate, 59, 21.0, 0.21875
surrogate, 59, 21.0, 0.21875
surrogate, 59, 21.0, 0.21875
surrogate, 59, 21.0, 0.21875
surrogate, 59, 21.0, 0.21875
surrogate, 59, 21.0, 0.21875
surrogate, 59, 21.0, 0.21875
surrogate, 59, 21.0, 0.21875
surrogate, 59, 21.0, 0.21875
surrogate, 59, 18.0, 0.09375
surrogate, 59, 18.0, 0.09375
surrogate, 59, 18.0, 0.09375
surrogate, 59, 18.0, 0.09375
surrogate, 59, 18.0, 0.09375
surrogate, 59, 18.0, 0.09375
surrogate, 59, 18.0, 0.09375
surrogate, 59, 18.0, 0.09375
surrogate, 59, 18.0, 0.09375
surrogate, 59, 18.0, 0.09375
surrogate, 59, 18.0, 0.09375
surrogate, 59, 18.0, 0.09375
surrogate, 59, 18.0, 0.09375
surrogate, 59, 18.0, 0.09375
surrogate, 59, 18.0, 0.09375
surrogate, 59, 18.0, 0.09375
surrogate, 59, 18.0, 0.09375
surrogate, 59, 18.0, 0.09375
surrogate, 59, 18.0, 0.09375
surrogate, 59, 18.0, 0.09375
surrogate, 59, 18.0, 0.09375
surrogate, 59, 18.0, 0.09375
surrogate, 59, 18.0, 0.09375
surrogate, 59, 18.0, 0.09375
surrogate, 59, 18.0, 0.09375
surrogate, 59, 18.0, 0.09375
surrogate, 59, 18.0, 0.09375
surrogate, 59, 18.0, 0.09375
surrogate, 59, 18.0, 0.09375
surrogate, 59, 18.0, 0.09375
surrogate, 59, 18.0, 0.09375
surrogate, 59, 18.0, 0.09375
surrogate, 59, 18.0, 0.09375
surrogate, 59, 18.0, 0.09375
surrogate, 59, 18.0, 0.09375
surrogate, 59, 18.0, 0.09375
surrogate, 59, 18.0, 0.09375
surrogate, 59, 18.0, 0.09375
surrogate, 60, 31.0, 0.9375
surrogate, 60, 31.0, 0.9375
surrogate, 60, 31.0, 0.9375
surrogate, 60, 31.0, 0.9375
surrogate, 60, 31.0, 0.9375
surrogate, 60, 31.0, 0.9375
surrogate, 60, 31.0, 0.9375
surrogate, 60, 31.0, 0.9375
surrogate, 60, 31.0, 0.9375
surrogate, 60, 31.0, 0.9375
surrogate, 60, 31.0, 0.9375
surrogate, 60, 31.0, 0.9375
surrogate, 60, 31.0, 0.9375
surrogate, 60, 31.0, 0.9375
surrogate, 60, 31.0, 0.9375
surrogate, 60, 31.0, 0.9375
surrogate, 60, 31.0, 0.9375
surrogate, 60, 27.0, 0.625
surrogate, 60, 27.0, 0.625
surrogate, 60, 27.0, 0.625
surrogate, 60, 27.0, 0.625
surrogate, 60, 25.0, 0.5
surrogate, 60, 25.0, 0.5
surrogate, 60, 25.0, 0.5
surrogate, 60, 25.0, 0.5
surrogate, 60, 25.0, 0.5
surrogate, 60, 25.0, 0.5
surrogate, 60, 25.0, 0.5
surrogate, 60, 25.0, 0.5
surrogate, 60, 25.0, 0.5
surrogate, 60, 25.0, 0.5
surrogate, 60, 25.0, 0.5
surrogate, 60, 25.0, 0.5
surrogate, 60, 25.0, 0.5
surrogate, 60, 25.0, 0.5
surrogate, 60, 25.0, 0.5
surrogate, 60, 25.0, 0.5
surrogate, 60, 25.0, 0.5
surrogate, 60, 25.0, 0.5
surrogate, 60, 25.0, 0.5
surrogate, 60, 25.0, 0.5
surrogate, 60, 25.0, 0.5
surrogate, 60, 25.0, 0.5
surrogate, 60, 25.0, 0.5
surrogate, 60, 25.0, 0.5
surrogate, 60, 25.0, 0.5
surrogate, 60, 25.0, 0.5
surrogate, 60, 25.0, 0.5
surrogate, 60, 25.0, 0.5
surrogate, 60, 25.0, 0.5
surrogate, 60, 25.0, 0.5
surrogate, 60, 22.0, 0.3125
surrogate, 60, 22.0, 0.3125
surrogate, 60, 22.0, 0.3125
surrogate, 60, 22.0, 0.3125
surrogate, 60, 22.0, 0.3125
surrogate, 60, 22.0, 0.3125
surrogate, 60, 21.0, 0.21875
surrogate, 60, 21.0, 0.21875
surrogate, 60, 21.0, 0.21875
surrogate, 60, 21.0, 0.21875
surrogate, 60, 21.0, 0.21875
surrogate, 60, 21.0, 0.21875
surrogate, 60, 21.0, 0.21875
surrogate, 60, 21.0, 0.21875
surrogate, 60, 21.0, 0.21875
surrogate, 60, 21.0, 0.21875
surrogate, 60, 21.0, 0.21875
surrogate, 60, 21.0, 0.21875
surrogate, 60, 21.0, 0.21875
surrogate, 60, 21.0, 0.21875
surrogate, 60, 21.0, 0.21875
surrogate, 60, 21.0, 0.21875
surrogate, 60, 21.0, 0.21875
surrogate, 60, 21.0, 0.21875
surrogate, 60, 21.0, 0.21875
surrogate, 60, 21.0, 0.21875
surrogate, 60, 21.0, 0.21875
surrogate, 60, 21.0, 0.21875
surrogate, 60, 21.0, 0.21875
surrogate, 60, 21.0, 0.21875
surrogate, 60, 21.0, 0.21875
surrogate, 60, 21.0, 0.21875
surrogate, 60, 18.0, 0.09375
surrogate, 60, 18.0, 0.09375
surrogate, 60, 18.0, 0.09375
surrogate, 60, 18.0, 0.09375
surrogate, 60, 18.0, 0.09375
surrogate, 60, 18.0, 0.09375
surrogate, 60, 18.0, 0.09375
surrogate, 60, 18.0, 0.09375
surrogate, 60, 18.0, 0.09375
surrogate, 60, 18.0, 0.09375
surrogate, 60, 18.0, 0.09375
surrogate, 60, 18.0, 0.09375
surrogate, 60, 18.0, 0.09375
surrogate, 60, 18.0, 0.09375
surrogate, 60, 18.0, 0.09375
surrogate, 60, 18.0, 0.09375
surrogate, 60, 18.0, 0.09375
surrogate, 60, 18.0, 0.09375
surrogate, 60, 18.0, 0.09375
surrogate, 60, 18.0, 0.09375
surrogate, 60, 18.0, 0.09375
surrogate, 60, 18.0, 0.09375
surrogate, 60, 18.0, 0.09375
surrogate, 60, 18.0, 0.09375
surrogate, 60, 18.0, 0.09375
surrogate, 60, 18.0, 0.09375
surrogate, 60, 18.0, 0.09375
surrogate, 60, 18.0, 0.09375
surrogate, 60, 18.0, 0.09375
surrogate, 60, 18.0, 0.09375
surrogate, 60, 18.0, 0.09375
surrogate, 60, 18.0, 0.09375
surrogate, 60, 18.0, 0.09375
surrogate, 60, 18.0, 0.09375
surrogate, 60, 18.0, 0.09375
surrogate, 60, 18.0, 0.09375
surrogate, 60, 18.0, 0.09375
surrogate, 60, 18.0, 0.09375
surrogate, 60, 18.0, 0.09375
surrogate, 61, 31.0, 0.9375
surrogate, 61, 31.0, 0.9375
surrogate, 61, 31.0, 0.9375
surrogate, 61, 31.0, 0.9375
surrogate, 61, 31.0, 0.9375
surrogate, 61, 31.0, 0.9375
surrogate, 61, 31.0, 0.9375
surrogate, 61, 31.0, 0.9375
surrogate, 61, 31.0, 0.9375
surrogate, 61, 31.0, 0.9375
surrogate, 61, 31.0, 0.9375
surrogate, 61, 31.0, 0.9375
surrogate, 61, 31.0, 0.9375
surrogate, 61, 31.0, 0.9375
surrogate, 61, 31.0, 0.9375
surrogate, 61, 31.0, 0.9375
surrogate, 61, 31.0, 0.9375
surrogate, 61, 31.0, 0.9375
surrogate, 61, 27.0, 0.625
surrogate, 61, 27.0, 0.625
surrogate, 61, 27.0, 0.625
surrogate, 61, 27.0, 0.625
surrogate, 61, 27.0, 0.625
surrogate, 61, 25.0, 0.5
surrogate, 61, 25.0, 0.5
surrogate, 61, 25.0, 0.5
surrogate, 61, 25.0, 0.5
surrogate, 61, 25.0, 0.5
surrogate, 61, 25.0, 0.5
surrogate, 61, 25.0, 0.5
surrogate, 61, 25.0, 0.5
surrogate, 61, 25.0, 0.5
surrogate, 61, 25.0, 0.5
surrogate, 61, 25.0, 0.5
surrogate, 61, 25.0, 0.5
surrogate, 61, 25.0, 0.5
surrogate, 61, 25.0, 0.5
surrogate, 61, 25.0, 0.5
surrogate, 61, 25.0, 0.5
surrogate, 61, 25.0, 0.5
surrogate, 61, 25.0, 0.5
surrogate, 61, 25.0, 0.5
surrogate, 61, 25.0, 0.5
surrogate, 61, 25.0, 0.5
surrogate, 61, 25.0, 0.5
surrogate, 61, 25.0, 0.5
surrogate, 61, 25.0, 0.5
surrogate, 61, 25.0, 0.5
surrogate, 61, 25.0, 0.5
surrogate, 61, 25.0, 0.5
surrogate, 61, 25.0, 0.5
surrogate, 61, 25.0, 0.5
surrogate, 61, 25.0, 0.5
surrogate, 61, 25.0, 0.5
surrogate, 61, 22.0, 0.3125
surrogate, 61, 22.0, 0.3125
surrogate, 61, 22.0, 0.3125
surrogate, 61, 22.0, 0.3125
surrogate, 61, 22.0, 0.3125
surrogate, 61, 22.0, 0.3125
surrogate, 61, 22.0, 0.3125
surrogate, 61, 21.0, 0.21875
surrogate, 61, 21.0, 0.21875
surrogate, 61, 21.0, 0.21875
surrogate, 61, 21.0, 0.21875
surrogate, 61, 21.0, 0.21875
surrogate, 61, 21.0, 0.21875
surrogate, 61, 21.0, 0.21875
surrogate, 61, 21.0, 0.21875
surrogate, 61, 21.0, 0.21875
surrogate, 61, 21.0, 0.21875
surrogate, 61, 21.0, 0.21875
surrogate, 61, 21.0, 0.21875
surrogate, 61, 21.0, 0.21875
surrogate, 61, 21.0, 0.21875
surrogate, 61, 21.0, 0.21875
surrogate, 61, 21.0, 0.21875
surrogate, 61, 21.0, 0.21875
surrogate, 61, 21.0, 0.21875
surrogate, 61, 21.0, 0.21875
surrogate, 61, 21.0, 0.21875
surrogate, 61, 21.0, 0.21875
surrogate, 61, 21.0, 0.21875
surrogate, 61, 21.0, 0.21875
surrogate, 61, 21.0, 0.21875
surrogate, 61, 21.0, 0.21875
surrogate, 61, 21.0, 0.21875
surrogate, 61, 21.0, 0.21875
surrogate, 61, 18.0, 0.09375
surrogate, 61, 18.0, 0.09375
surrogate, 61, 18.0, 0.09375
surrogate, 61, 18.0, 0.09375
surrogate, 61, 18.0, 0.09375
surrogate, 61, 18.0, 0.09375
surrogate, 61, 18.0, 0.09375
surrogate, 61, 18.0, 0.09375
surrogate, 61, 18.0, 0.09375
surrogate, 61, 18.0, 0.09375
surrogate, 61, 18.0, 0.09375
surrogate, 61, 18.0, 0.09375
surrogate, 61, 18.0, 0.09375
surrogate, 61, 18.0, 0.09375
surrogate, 61, 18.0, 0.09375
surrogate, 61, 18.0, 0.09375
surrogate, 61, 18.0, 0.09375
surrogate, 61, 18.0, 0.09375
surrogate, 61, 18.0, 0.09375
surrogate, 61, 18.0, 0.09375
surrogate, 61, 18.0, 0.09375
surrogate, 61, 18.0, 0.09375
surrogate, 61, 18.0, 0.09375
surrogate, 61, 18.0, 0.09375
surrogate, 61, 18.0, 0.09375
surrogate, 61, 18.0, 0.09375
surrogate, 61, 18.0, 0.09375
surrogate, 61, 18.0, 0.09375
surrogate, 61, 18.0, 0.09375
surrogate, 61, 18.0, 0.09375
surrogate, 61, 18.0, 0.09375
surrogate, 61, 18.0, 0.09375
surrogate, 61, 18.0, 0.09375
surrogate, 61, 18.0, 0.09375
surrogate, 61, 18.0, 0.09375
surrogate, 61, 18.0, 0.09375
surrogate, 61, 18.0, 0.09375
surrogate, 61, 18.0, 0.09375
surrogate, 61, 18.0, 0.09375
surrogate, 61, 18.0, 0.09375
surrogate, 62, 31.0, 0.9375
surrogate, 62, 31.0, 0.9375
surrogate, 62, 31.0, 0.9375
surrogate, 62, 31.0, 0.9375
surrogate, 62, 31.0, 0.9375
surrogate, 62, 31.0, 0.9375
surrogate, 62, 31.0, 0.9375
surrogate, 62, 31.0, 0.9375
surrogate, 62, 31.0, 0.9375
surrogate, 62, 31.0, 0.9375
surrogate, 62, 31.0, 0.9375
surrogate, 62, 31.0, 0.9375
surrogate, 62, 31.0, 0.9375
surrogate, 62, 31.0, 0.9375
surrogate, 62, 31.0, 0.9375
surrogate, 62, 31.0, 0.9375
surrogate, 62, 31.0, 0.9375
surrogate, 62, 31.0, 0.9375
surrogate, 62, 27.0, 0.625
surrogate, 62, 27.0, 0.625
surrogate, 62, 27.0, 0.625
surrogate, 62, 27.0, 0.625
surrogate, 62, 27.0, 0.625
surrogate, 62, 25.0, 0.5
surrogate, 62, 25.0, 0.5
surrogate, 62, 25.0, 0.5
surrogate, 62, 25.0, 0.5
surrogate, 62, 25.0, 0.5
surrogate, 62, 25.0, 0.5
surrogate, 62, 25.0, 0.5
surrogate, 62, 25.0, 0.5
surrogate, 62, 25.0, 0.5
surrogate, 62, 25.0, 0.5
surrogate, 62, 25.0, 0.5
surrogate, 62, 25.0, 0.5
surrogate, 62, 25.0, 0.5
surrogate, 62, 25.0, 0.5
surrogate, 62, 25.0, 0.5
surrogate, 62, 25.0, 0.5
surrogate, 62, 25.0, 0.5
surrogate, 62, 25.0, 0.5
surrogate, 62, 25.0, 0.5
surrogate, 62, 25.0, 0.5
surrogate, 62, 25.0, 0.5
surrogate, 62, 25.0, 0.5
surrogate, 62, 25.0, 0.5
surrogate, 62, 25.0, 0.5
surrogate, 62, 25.0, 0.5
surrogate, 62, 25.0, 0.5
surrogate, 62, 25.0, 0.5
surrogate, 62, 25.0, 0.5
surrogate, 62, 25.0, 0.5
surrogate, 62, 25.0, 0.5
surrogate, 62, 25.0, 0.5
surrogate, 62, 25.0, 0.5
surrogate, 62, 22.0, 0.3125
surrogate, 62, 22.0, 0.3125
surrogate, 62, 22.0, 0.3125
surrogate, 62, 22.0, 0.3125
surrogate, 62, 22.0, 0.3125
surrogate, 62, 22.0, 0.3125
surrogate, 62, 22.0, 0.3125
surrogate, 62, 22.0, 0.3125
surrogate, 62, 21.0, 0.21875
surrogate, 62, 21.0, 0.21875
surrogate, 62, 21.0, 0.21875
surrogate, 62, 21.0, 0.21875
surrogate, 62, 21.0, 0.21875
surrogate, 62, 21.0, 0.21875
surrogate, 62, 21.0, 0.21875
surrogate, 62, 21.0, 0.21875
surrogate, 62, 21.0, 0.21875
surrogate, 62, 21.0, 0.21875
surrogate, 62, 21.0, 0.21875
surrogate, 62, 21.0, 0.21875
surrogate, 62, 21.0, 0.21875
surrogate, 62, 21.0, 0.21875
surrogate, 62, 21.0, 0.21875
surrogate, 62, 21.0, 0.21875
surrogate, 62, 21.0, 0.21875
surrogate, 62, 21.0, 0.21875
surrogate, 62, 21.0, 0.21875
surrogate, 62, 21.0, 0.21875
surrogate, 62, 21.0, 0.21875
surrogate, 62, 21.0, 0.21875
surrogate, 62, 21.0, 0.21875
surrogate, 62, 21.0, 0.21875
surrogate, 62, 21.0, 0.21875
surrogate, 62, 21.0, 0.21875
surrogate, 62, 21.0, 0.21875
surrogate, 62, 21.0, 0.21875
surrogate, 62, 18.0, 0.09375
surrogate, 62, 18.0, 0.09375
surrogate, 62, 18.0, 0.09375
surrogate, 62, 18.0, 0.09375
surrogate, 62, 18.0, 0.09375
surrogate, 62, 18.0, 0.09375
surrogate, 62, 18.0, 0.09375
surrogate, 62, 18.0, 0.09375
surrogate, 62, 18.0, 0.09375
surrogate, 62, 18.0, 0.09375
surrogate, 62, 18.0, 0.09375
surrogate, 62, 18.0, 0.09375
surrogate, 62, 18.0, 0.09375
surrogate, 62, 18.0, 0.09375
surrogate, 62, 18.0, 0.09375
surrogate, 62, 18.0, 0.09375
surrogate, 62, 18.0, 0.09375
surrogate, 62, 18.0, 0.09375
surrogate, 62, 18.0, 0.09375
surrogate, 62, 18.0, 0.09375
surrogate, 62, 18.0, 0.09375
surrogate, 62, 18.0, 0.09375
surrogate, 62, 18.0, 0.09375
surrogate, 62, 18.0, 0.09375
surrogate, 62, 18.0, 0.09375
surrogate, 62, 18.0, 0.09375
surrogate, 62, 18.0, 0.09375
surrogate, 62, 18.0, 0.09375
surrogate, 62, 18.0, 0.09375
surrogate, 62, 18.0, 0.09375
surrogate, 62, 18.0, 0.09375
surrogate, 62, 18.0, 0.09375
surrogate, 62, 18.0, 0.09375
surrogate, 62, 18.0, 0.09375
surrogate, 62, 18.0, 0.09375
surrogate, 62, 18.0, 0.09375
surrogate, 62, 18.0, 0.09375
surrogate, 62, 18.0, 0.09375
surrogate, 62, 18.0, 0.09375
surrogate, 62, 18.0, 0.09375
surrogate, 63, 31.0, 0.9375
surrogate, 63, 31.0, 0.9375
surrogate, 63, 31.0, 0.9375
surrogate, 63, 31.0, 0.9375
surrogate, 63, 31.0, 0.9375
surrogate, 63, 31.0, 0.9375
surrogate, 63, 31.0, 0.9375
surrogate, 63, 31.0, 0.9375
surrogate, 63, 31.0, 0.9375
surrogate, 63, 31.0, 0.9375
surrogate, 63, 31.0, 0.9375
surrogate, 63, 31.0, 0.9375
surrogate, 63, 31.0, 0.9375
surrogate, 63, 31.0, 0.9375
surrogate, 63, 31.0, 0.9375
surrogate, 63, 31.0, 0.9375
surrogate, 63, 31.0, 0.9375
surrogate, 63, 31.0, 0.9375
surrogate, 63, 31.0, 0.9375
surrogate, 63, 27.0, 0.625
surrogate, 63, 27.0, 0.625
surrogate, 63, 27.0, 0.625
surrogate, 63, 27.0, 0.625
surrogate, 63, 27.0, 0.625
surrogate, 63, 25.0, 0.5
surrogate, 63, 25.0, 0.5
surrogate, 63, 25.0, 0.5
surrogate, 63, 25.0, 0.5
surrogate, 63, 25.0, 0.5
surrogate, 63, 25.0, 0.5
surrogate, 63, 25.0, 0.5
surrogate, 63, 25.0, 0.5
surrogate, 63, 25.0, 0.5
surrogate, 63, 25.0, 0.5
surrogate, 63, 25.0, 0.5
surrogate, 63, 25.0, 0.5
surrogate, 63, 25.0, 0.5
surrogate, 63, 25.0, 0.5
surrogate, 63, 25.0, 0.5
surrogate, 63, 25.0, 0.5
surrogate, 63, 25.0, 0.5
surrogate, 63, 25.0, 0.5
surrogate, 63, 25.0, 0.5
surrogate, 63, 25.0, 0.5
surrogate, 63, 25.0, 0.5
surrogate, 63, 25.0, 0.5
surrogate, 63, 25.0, 0.5
surrogate, 63, 25.0, 0.5
surrogate, 63, 25.0, 0.5
surrogate, 63, 25.0, 0.5
surrogate, 63, 25.0, 0.5
surrogate, 63, 25.0, 0.5
surrogate, 63, 25.0, 0.5
surrogate, 63, 25.0, 0.5
surrogate, 63, 25.0, 0.5
surrogate, 63, 25.0, 0.5
surrogate, 63, 25.0, 0.5
surrogate, 63, 22.0, 0.3125
surrogate, 63, 22.0, 0.3125
surrogate, 63, 22.0, 0.3125
surrogate, 63, 22.0, 0.3125
surrogate, 63, 22.0, 0.3125
surrogate, 63, 22.0, 0.3125
surrogate, 63, 22.0, 0.3125
surrogate, 63, 22.0, 0.3125
surrogate, 63, 22.0, 0.3125
surrogate, 63, 21.0, 0.21875
surrogate, 63, 21.0, 0.21875
surrogate, 63, 21.0, 0.21875
surrogate, 63, 21.0, 0.21875
surrogate, 63, 21.0, 0.21875
surrogate, 63, 21.0, 0.21875
surrogate, 63, 21.0, 0.21875
surrogate, 63, 21.0, 0.21875
surrogate, 63, 21.0, 0.21875
surrogate, 63, 21.0, 0.21875
surrogate, 63, 21.0, 0.21875
surrogate, 63, 21.0, 0.21875
surrogate, 63, 21.0, 0.21875
surrogate, 63, 21.0, 0.21875
surrogate, 63, 21.0, 0.21875
surrogate, 63, 21.0, 0.21875
surrogate, 63, 21.0, 0.21875
surrogate, 63, 21.0, 0.21875
surrogate, 63, 21.0, 0.21875
surrogate, 63, 21.0, 0.21875
surrogate, 63, 21.0, 0.21875
surrogate, 63, 21.0, 0.21875
surrogate, 63, 21.0, 0.21875
surrogate, 63, 21.0, 0.21875
surrogate, 63, 21.0, 0.21875
surrogate, 63, 21.0, 0.21875
surrogate, 63, 21.0, 0.21875
surrogate, 63, 21.0, 0.21875
surrogate, 63, 21.0, 0.21875
surrogate, 63, 18.0, 0.09375
surrogate, 63, 18.0, 0.09375
surrogate, 63, 18.0, 0.09375
surrogate, 63, 18.0, 0.09375
surrogate, 63, 18.0, 0.09375
surrogate, 63, 18.0, 0.09375
surrogate, 63, 18.0, 0.09375
surrogate, 63, 18.0, 0.09375
surrogate, 63, 18.0, 0.09375
surrogate, 63, 18.0, 0.09375
surrogate, 63, 18.0, 0.09375
surrogate, 63, 18.0, 0.09375
surrogate, 63, 18.0, 0.09375
surrogate, 63, 18.0, 0.09375
surrogate, 63, 18.0, 0.09375
surrogate, 63, 18.0, 0.09375
surrogate, 63, 18.0, 0.09375
surrogate, 63, 18.0, 0.09375
surrogate, 63, 18.0, 0.09375
surrogate, 63, 18.0, 0.09375
surrogate, 63, 18.0, 0.09375
surrogate, 63, 18.0, 0.09375
surrogate, 63, 18.0, 0.09375
surrogate, 63, 18.0, 0.09375
surrogate, 63, 18.0, 0.09375
surrogate, 63, 18.0, 0.09375
surrogate, 63, 18.0, 0.09375
surrogate, 63, 18.0, 0.09375
surrogate, 63, 18.0, 0.09375
surrogate, 63, 18.0, 0.09375
surrogate, 63, 18.0, 0.09375
surrogate, 63, 18.0, 0.09375
surrogate, 63, 18.0, 0.09375
surrogate, 63, 18.0, 0.09375
surrogate, 63, 18.0, 0.09375
surrogate, 63, 18.0, 0.09375
surrogate, 63, 18.0, 0.09375
surrogate, 63, 18.0, 0.09375
surrogate, 63, 18.0, 0.09375
surrogate, 63, 18.0, 0.09375
surrogate, 63, 18.0, 0.09375
surrogate, 64, 31.0, 0.9375
surrogate, 64, 31.0, 0.9375
surrogate, 64, 31.0, 0.9375
surrogate, 64, 31.0, 0.9375
surrogate, 64, 31.0, 0.9375
surrogate, 64, 31.0, 0.9375
surrogate, 64, 31.0, 0.9375
surrogate, 64, 31.0, 0.9375
surrogate, 64, 31.0, 0.9375
surrogate, 64, 31.0, 0.9375
surrogate, 64, 31.0, 0.9375
surrogate, 64, 31.0, 0.9375
surrogate, 64, 31.0, 0.9375
surrogate, 64, 31.0, 0.9375
surrogate, 64, 31.0, 0.9375
surrogate, 64, 31.0, 0.9375
surrogate, 64, 31.0, 0.9375
surrogate, 64, 31.0, 0.9375
surrogate, 64, 31.0, 0.9375
surrogate, 64, 27.0, 0.625
surrogate, 64, 27.0, 0.625
surrogate, 64, 27.0, 0.625
surrogate, 64, 27.0, 0.625
surrogate, 64, 27.0, 0.625
surrogate, 64, 27.0, 0.625
surrogate, 64, 24.0, 0.5
surrogate, 64, 22.0, 0.3125
surrogate, 64, 22.0, 0.3125
surrogate, 64, 22.0, 0.3125
surrogate, 64, 22.0, 0.3125
surrogate, 64, 22.0, 0.3125
surrogate, 64, 22.0, 0.3125
surrogate, 64, 22.0, 0.3125
surrogate, 64, 22.0, 0.3125
surrogate, 64, 22.0, 0.3125
surrogate, 64, 22.0, 0.3125
surrogate, 64, 21.0, 0.21875
surrogate, 64, 21.0, 0.21875
surrogate, 64, 21.0, 0.21875
surrogate, 64, 21.0, 0.21875
surrogate, 64, 21.0, 0.21875
surrogate, 64, 21.0, 0.21875
surrogate, 64, 21.0, 0.21875
surrogate, 64, 21.0, 0.21875
surrogate, 64, 21.0, 0.21875
surrogate, 64, 21.0, 0.21875
surrogate, 64, 21.0, 0.21875
surrogate, 64, 21.0, 0.21875
surrogate, 64, 21.0, 0.21875
surrogate, 64, 21.0, 0.21875
surrogate, 64, 21.0, 0.21875
surrogate, 64, 21.0, 0.21875
surrogate, 64, 21.0, 0.21875
surrogate, 64, 21.0, 0.21875
surrogate, 64, 21.0, 0.21875
surrogate, 64, 21.0, 0.21875
surrogate, 64, 21.0, 0.21875
surrogate, 64, 21.0, 0.21875
surrogate, 64, 21.0, 0.21875
surrogate, 64, 21.0, 0.21875
surrogate, 64, 21.0, 0.21875
surrogate, 64, 21.0, 0.21875
surrogate, 64, 21.0, 0.21875
surrogate, 64, 21.0, 0.21875
surrogate, 64, 21.0, 0.21875
surrogate, 64, 21.0, 0.21875
surrogate, 64, 18.0, 0.09375
surrogate, 64, 18.0, 0.09375
surrogate, 64, 18.0, 0.09375
surrogate, 64, 18.0, 0.09375
surrogate, 64, 18.0, 0.09375
surrogate, 64, 18.0, 0.09375
surrogate, 64, 18.0, 0.09375
surrogate, 64, 18.0, 0.09375
surrogate, 64, 18.0, 0.09375
surrogate, 64, 18.0, 0.09375
surrogate, 64, 18.0, 0.09375
surrogate, 64, 18.0, 0.09375
surrogate, 64, 18.0, 0.09375
surrogate, 64, 18.0, 0.09375
surrogate, 64, 18.0, 0.09375
surrogate, 64, 18.0, 0.09375
surrogate, 64, 18.0, 0.09375
surrogate, 64, 18.0, 0.09375
surrogate, 64, 18.0, 0.09375
surrogate, 64, 18.0, 0.09375
surrogate, 64, 18.0, 0.09375
surrogate, 64, 18.0, 0.09375
surrogate, 64, 18.0, 0.09375
surrogate, 64, 18.0, 0.09375
surrogate, 64, 18.0, 0.09375
surrogate, 64, 18.0, 0.09375
surrogate, 64, 18.0, 0.09375
surrogate, 64, 18.0, 0.09375
surrogate, 64, 18.0, 0.09375
surrogate, 64, 18.0, 0.09375
surrogate, 64, 18.0, 0.09375
surrogate, 64, 18.0, 0.09375
surrogate, 64, 18.0, 0.09375
surrogate, 64, 18.0, 0.09375
surrogate, 64, 18.0, 0.09375
surrogate, 64, 18.0, 0.09375
surrogate, 64, 18.0, 0.09375
surrogate, 64, 18.0, 0.09375
surrogate, 64, 18.0, 0.09375
surrogate, 64, 18.0, 0.09375
surrogate, 64, 18.0, 0.09375
surrogate, 64, 18.0, 0.09375
surrogate, 65, 31.0, 0.9375
surrogate, 65, 31.0, 0.9375
surrogate, 65, 31.0, 0.9375
surrogate, 65, 31.0, 0.9375
surrogate, 65, 31.0, 0.9375
surrogate, 65, 31.0, 0.9375
surrogate, 65, 31.0, 0.9375
surrogate, 65, 31.0, 0.9375
surrogate, 65, 31.0, 0.9375
surrogate, 65, 31.0, 0.9375
surrogate, 65, 31.0, 0.9375
surrogate, 65, 31.0, 0.9375
surrogate, 65, 31.0, 0.9375
surrogate, 65, 31.0, 0.9375
surrogate, 65, 31.0, 0.9375
surrogate, 65, 31.0, 0.9375
surrogate, 65, 31.0, 0.9375
surrogate, 65, 31.0, 0.9375
surrogate, 65, 31.0, 0.9375
surrogate, 65, 27.0, 0.625
surrogate, 65, 27.0, 0.625
surrogate, 65, 27.0, 0.625
surrogate, 65, 27.0, 0.625
surrogate, 65, 27.0, 0.625
surrogate, 65, 27.0, 0.625
surrogate, 65, 24.0, 0.5
surrogate, 65, 24.0, 0.5
surrogate, 65, 22.0, 0.3125
surrogate, 65, 22.0, 0.3125
surrogate, 65, 22.0, 0.3125
surrogate, 65, 22.0, 0.3125
surrogate, 65, 22.0, 0.3125
surrogate, 65, 22.0, 0.3125
surrogate, 65, 22.0, 0.3125
surrogate, 65, 22.0, 0.3125
surrogate, 65, 22.0, 0.3125
surrogate, 65, 22.0, 0.3125
surrogate, 65, 22.0, 0.3125
surrogate, 65, 21.0, 0.21875
surrogate, 65, 21.0, 0.21875
surrogate, 65, 21.0, 0.21875
surrogate, 65, 21.0, 0.21875
surrogate, 65, 21.0, 0.21875
surrogate, 65, 21.0, 0.21875
surrogate, 65, 21.0, 0.21875
surrogate, 65, 21.0, 0.21875
surrogate, 65, 21.0, 0.21875
surrogate, 65, 21.0, 0.21875
surrogate, 65, 21.0, 0.21875
surrogate, 65, 21.0, 0.21875
surrogate, 65, 21.0, 0.21875
surrogate, 65, 21.0, 0.21875
surrogate, 65, 21.0, 0.21875
surrogate, 65, 21.0, 0.21875
surrogate, 65, 21.0, 0.21875
surrogate, 65, 21.0, 0.21875
surrogate, 65, 21.0, 0.21875
surrogate, 65, 21.0, 0.21875
surrogate, 65, 21.0, 0.21875
surrogate, 65, 21.0, 0.21875
surrogate, 65, 21.0, 0.21875
surrogate, 65, 21.0, 0.21875
surrogate, 65, 21.0, 0.21875
surrogate, 65, 21.0, 0.21875
surrogate, 65, 21.0, 0.21875
surrogate, 65, 21.0, 0.21875
surrogate, 65, 21.0, 0.21875
surrogate, 65, 21.0, 0.21875
surrogate, 65, 18.0, 0.09375
surrogate, 65, 18.0, 0.09375
surrogate, 65, 18.0, 0.09375
surrogate, 65, 18.0, 0.09375
surrogate, 65, 18.0, 0.09375
surrogate, 65, 18.0, 0.09375
surrogate, 65, 18.0, 0.09375
surrogate, 65, 18.0, 0.09375
surrogate, 65, 18.0, 0.09375
surrogate, 65, 18.0, 0.09375
surrogate, 65, 18.0, 0.09375
surrogate, 65, 18.0, 0.09375
surrogate, 65, 18.0, 0.09375
surrogate, 65, 18.0, 0.09375
surrogate, 65, 18.0, 0.09375
surrogate, 65, 18.0, 0.09375
surrogate, 65, 18.0, 0.09375
surrogate, 65, 18.0, 0.09375
surrogate, 65, 18.0, 0.09375
surrogate, 65, 18.0, 0.09375
surrogate, 65, 18.0, 0.09375
surrogate, 65, 18.0, 0.09375
surrogate, 65, 18.0, 0.09375
surrogate, 65, 18.0, 0.09375
surrogate, 65, 18.0, 0.09375
surrogate, 65, 18.0, 0.09375
surrogate, 65, 18.0, 0.09375
surrogate, 65, 18.0, 0.09375
surrogate, 65, 18.0, 0.09375
surrogate, 65, 18.0, 0.09375
surrogate, 65, 18.0, 0.09375
surrogate, 65, 18.0, 0.09375
surrogate, 65, 18.0, 0.09375
surrogate, 65, 18.0, 0.09375
surrogate, 65, 18.0, 0.09375
surrogate, 65, 18.0, 0.09375
surrogate, 65, 18.0, 0.09375
surrogate, 65, 18.0, 0.09375
surrogate, 65, 18.0, 0.09375
surrogate, 65, 18.0, 0.09375
surrogate, 65, 18.0, 0.09375
surrogate, 65, 18.0, 0.09375
surrogate, 65, 18.0, 0.09375
surrogate, 66, 31.0, 0.9375
surrogate, 66, 31.0, 0.9375
surrogate, 66, 31.0, 0.9375
surrogate, 66, 31.0, 0.9375
surrogate, 66, 31.0, 0.9375
surrogate, 66, 31.0, 0.9375
surrogate, 66, 31.0, 0.9375
surrogate, 66, 31.0, 0.9375
surrogate, 66, 31.0, 0.9375
surrogate, 66, 31.0, 0.9375
surrogate, 66, 31.0, 0.9375
surrogate, 66, 31.0, 0.9375
surrogate, 66, 31.0, 0.9375
surrogate, 66, 31.0, 0.9375
surrogate, 66, 31.0, 0.9375
surrogate, 66, 31.0, 0.9375
surrogate, 66, 31.0, 0.9375
surrogate, 66, 31.0, 0.9375
surrogate, 66, 31.0, 0.9375
surrogate, 66, 31.0, 0.9375
surrogate, 66, 27.0, 0.625
surrogate, 66, 27.0, 0.625
surrogate, 66, 27.0, 0.625
surrogate, 66, 27.0, 0.625
surrogate, 66, 27.0, 0.625
surrogate, 66, 27.0, 0.625
surrogate, 66, 24.0, 0.5
surrogate, 66, 24.0, 0.5
surrogate, 66, 24.0, 0.5
surrogate, 66, 22.0, 0.3125
surrogate, 66, 22.0, 0.3125
surrogate, 66, 22.0, 0.3125
surrogate, 66, 22.0, 0.3125
surrogate, 66, 22.0, 0.3125
surrogate, 66, 22.0, 0.3125
surrogate, 66, 22.0, 0.3125
surrogate, 66, 22.0, 0.3125
surrogate, 66, 22.0, 0.3125
surrogate, 66, 22.0, 0.3125
surrogate, 66, 22.0, 0.3125
surrogate, 66, 21.0, 0.21875
surrogate, 66, 21.0, 0.21875
surrogate, 66, 21.0, 0.21875
surrogate, 66, 21.0, 0.21875
surrogate, 66, 21.0, 0.21875
surrogate, 66, 21.0, 0.21875
surrogate, 66, 21.0, 0.21875
surrogate, 66, 21.0, 0.21875
surrogate, 66, 21.0, 0.21875
surrogate, 66, 21.0, 0.21875
surrogate, 66, 21.0, 0.21875
surrogate, 66, 21.0, 0.21875
surrogate, 66, 21.0, 0.21875
surrogate, 66, 21.0, 0.21875
surrogate, 66, 21.0, 0.21875
surrogate, 66, 21.0, 0.21875
surrogate, 66, 21.0, 0.21875
surrogate, 66, 21.0, 0.21875
surrogate, 66, 21.0, 0.21875
surrogate, 66, 21.0, 0.21875
surrogate, 66, 21.0, 0.21875
surrogate, 66, 21.0, 0.21875
surrogate, 66, 21.0, 0.21875
surrogate, 66, 21.0, 0.21875
surrogate, 66, 21.0, 0.21875
surrogate, 66, 21.0, 0.21875
surrogate, 66, 21.0, 0.21875
surrogate, 66, 21.0, 0.21875
surrogate, 66, 21.0, 0.21875
surrogate, 66, 21.0, 0.21875
surrogate, 66, 21.0, 0.21875
surrogate, 66, 18.0, 0.09375
surrogate, 66, 18.0, 0.09375
surrogate, 66, 18.0, 0.09375
surrogate, 66, 18.0, 0.09375
surrogate, 66, 18.0, 0.09375
surrogate, 66, 18.0, 0.09375
surrogate, 66, 18.0, 0.09375
surrogate, 66, 18.0, 0.09375
surrogate, 66, 18.0, 0.09375
surrogate, 66, 18.0, 0.09375
surrogate, 66, 18.0, 0.09375
surrogate, 66, 18.0, 0.09375
surrogate, 66, 18.0, 0.09375
surrogate, 66, 18.0, 0.09375
surrogate, 66, 18.0, 0.09375
surrogate, 66, 18.0, 0.09375
surrogate, 66, 18.0, 0.09375
surrogate, 66, 18.0, 0.09375
surrogate, 66, 18.0, 0.09375
surrogate, 66, 18.0, 0.09375
surrogate, 66, 18.0, 0.09375
surrogate, 66, 18.0, 0.09375
surrogate, 66, 18.0, 0.09375
surrogate, 66, 18.0, 0.09375
surrogate, 66, 18.0, 0.09375
surrogate, 66, 18.0, 0.09375
surrogate, 66, 18.0, 0.09375
surrogate, 66, 18.0, 0.09375
surrogate, 66, 18.0, 0.09375
surrogate, 66, 18.0, 0.09375
surrogate, 66, 18.0, 0.09375
surrogate, 66, 18.0, 0.09375
surrogate, 66, 18.0, 0.09375
surrogate, 66, 18.0, 0.09375
surrogate, 66, 18.0, 0.09375
surrogate, 66, 18.0, 0.09375
surrogate, 66, 18.0, 0.09375
surrogate, 66, 18.0, 0.09375
surrogate, 66, 18.0, 0.09375
surrogate, 66, 18.0, 0.09375
surrogate, 66, 18.0, 0.09375
surrogate, 66, 18.0, 0.09375
surrogate, 66, 18.0, 0.09375
surrogate, 67, 31.0, 0.9375
surrogate, 67, 31.0, 0.9375
surrogate, 67, 31.0, 0.9375
surrogate, 67, 31.0, 0.9375
surrogate, 67, 31.0, 0.9375
surrogate, 67, 31.0, 0.9375
surrogate, 67, 31.0, 0.9375
surrogate, 67, 31.0, 0.9375
surrogate, 67, 31.0, 0.9375
surrogate, 67, 31.0, 0.9375
surrogate, 67, 31.0, 0.9375
surrogate, 67, 31.0, 0.9375
surrogate, 67, 31.0, 0.9375
surrogate, 67, 31.0, 0.9375
surrogate, 67, 31.0, 0.9375
surrogate, 67, 31.0, 0.9375
surrogate, 67, 31.0, 0.9375
surrogate, 67, 31.0, 0.9375
surrogate, 67, 31.0, 0.9375
surrogate, 67, 31.0, 0.9375
surrogate, 67, 31.0, 0.9375
surrogate, 67, 27.0, 0.625
surrogate, 67, 27.0, 0.625
surrogate, 67, 27.0, 0.625
surrogate, 67, 27.0, 0.625
surrogate, 67, 27.0, 0.625
surrogate, 67, 27.0, 0.625
surrogate, 67, 27.0, 0.625
surrogate, 67, 24.0, 0.5
surrogate, 67, 24.0, 0.5
surrogate, 67, 24.0, 0.5
surrogate, 67, 22.0, 0.3125
surrogate, 67, 22.0, 0.3125
surrogate, 67, 22.0, 0.3125
surrogate, 67, 22.0, 0.3125
surrogate, 67, 22.0, 0.3125
surrogate, 67, 22.0, 0.3125
surrogate, 67, 22.0, 0.3125
surrogate, 67, 22.0, 0.3125
surrogate, 67, 22.0, 0.3125
surrogate, 67, 22.0, 0.3125
surrogate, 67, 22.0, 0.3125
surrogate, 67, 21.0, 0.21875
surrogate, 67, 21.0, 0.21875
surrogate, 67, 21.0, 0.21875
surrogate, 67, 21.0, 0.21875
surrogate, 67, 21.0, 0.21875
surrogate, 67, 21.0, 0.21875
surrogate, 67, 21.0, 0.21875
surrogate, 67, 21.0, 0.21875
surrogate, 67, 21.0, 0.21875
surrogate, 67, 21.0, 0.21875
surrogate, 67, 21.0, 0.21875
surrogate, 67, 21.0, 0.21875
surrogate, 67, 21.0, 0.21875
surrogate, 67, 21.0, 0.21875
surrogate, 67, 21.0, 0.21875
surrogate, 67, 21.0, 0.21875
surrogate, 67, 21.0, 0.21875
surrogate, 67, 21.0, 0.21875
surrogate, 67, 21.0, 0.21875
surrogate, 67, 21.0, 0.21875
surrogate, 67, 21.0, 0.21875
surrogate, 67, 21.0, 0.21875
surrogate, 67, 21.0, 0.21875
surrogate, 67, 21.0, 0.21875
surrogate, 67, 21.0, 0.21875
surrogate, 67, 21.0, 0.21875
surrogate, 67, 21.0, 0.21875
surrogate, 67, 21.0, 0.21875
surrogate, 67, 21.0, 0.21875
surrogate, 67, 21.0, 0.21875
surrogate, 67, 21.0, 0.21875
surrogate, 67, 21.0, 0.21875
surrogate, 67, 18.0, 0.09375
surrogate, 67, 18.0, 0.09375
surrogate, 67, 18.0, 0.09375
surrogate, 67, 18.0, 0.09375
surrogate, 67, 18.0, 0.09375
surrogate, 67, 18.0, 0.09375
surrogate, 67, 18.0, 0.09375
surrogate, 67, 18.0, 0.09375
surrogate, 67, 18.0, 0.09375
surrogate, 67, 18.0, 0.09375
surrogate, 67, 18.0, 0.09375
surrogate, 67, 18.0, 0.09375
surrogate, 67, 18.0, 0.09375
surrogate, 67, 18.0, 0.09375
surrogate, 67, 18.0, 0.09375
surrogate, 67, 18.0, 0.09375
surrogate, 67, 18.0, 0.09375
surrogate, 67, 18.0, 0.09375
surrogate, 67, 18.0, 0.09375
surrogate, 67, 18.0, 0.09375
surrogate, 67, 18.0, 0.09375
surrogate, 67, 18.0, 0.09375
surrogate, 67, 18.0, 0.09375
surrogate, 67, 18.0, 0.09375
surrogate, 67, 18.0, 0.09375
surrogate, 67, 18.0, 0.09375
surrogate, 67, 18.0, 0.09375
surrogate, 67, 18.0, 0.09375
surrogate, 67, 18.0, 0.09375
surrogate, 67, 18.0, 0.09375
surrogate, 67, 18.0, 0.09375
surrogate, 67, 18.0, 0.09375
surrogate, 67, 18.0, 0.09375
surrogate, 67, 18.0, 0.09375
surrogate, 67, 18.0, 0.09375
surrogate, 67, 18.0, 0.09375
surrogate, 67, 18.0, 0.09375
surrogate, 67, 18.0, 0.09375
surrogate, 67, 18.0, 0.09375
surrogate, 67, 18.0, 0.09375
surrogate, 67, 18.0, 0.09375
surrogate, 67, 18.0, 0.09375
surrogate, 67, 18.0, 0.09375
surrogate, 67, 18.0, 0.09375
surrogate, 68, 31.0, 0.9375
surrogate, 68, 31.0, 0.9375
surrogate, 68, 31.0, 0.9375
surrogate, 68, 31.0, 0.9375
surrogate, 68, 31.0, 0.9375
surrogate, 68, 31.0, 0.9375
surrogate, 68, 31.0, 0.9375
surrogate, 68, 31.0, 0.9375
surrogate, 68, 31.0, 0.9375
surrogate, 68, 31.0, 0.9375
surrogate, 68, 31.0, 0.9375
surrogate, 68, 31.0, 0.9375
surrogate, 68, 31.0, 0.9375
surrogate, 68, 31.0, 0.9375
surrogate, 68, 31.0, 0.9375
surrogate, 68, 31.0, 0.9375
surrogate, 68, 31.0, 0.9375
surrogate, 68, 31.0, 0.9375
surrogate, 68, 31.0, 0.9375
surrogate, 68, 31.0, 0.9375
surrogate, 68, 31.0, 0.9375
surrogate, 68, 31.0, 0.9375
surrogate, 68, 27.0, 0.625
surrogate, 68, 27.0, 0.625
surrogate, 68, 27.0, 0.625
surrogate, 68, 27.0, 0.625
surrogate, 68, 27.0, 0.625
surrogate, 68, 27.0, 0.625
surrogate, 68, 27.0, 0.625
surrogate, 68, 27.0, 0.625
surrogate, 68, 24.0, 0.5
surrogate, 68, 24.0, 0.5
surrogate, 68, 24.0, 0.5
surrogate, 68, 22.0, 0.3125
surrogate, 68, 22.0, 0.3125
surrogate, 68, 22.0, 0.3125
surrogate, 68, 22.0, 0.3125
surrogate, 68, 22.0, 0.3125
surrogate, 68, 22.0, 0.3125
surrogate, 68, 22.0, 0.3125
surrogate, 68, 22.0, 0.3125
surrogate, 68, 22.0, 0.3125
surrogate, 68, 22.0, 0.3125
surrogate, 68, 22.0, 0.3125
surrogate, 68, 21.0, 0.21875
surrogate, 68, 21.0, 0.21875
surrogate, 68, 21.0, 0.21875
surrogate, 68, 21.0, 0.21875
surrogate, 68, 21.0, 0.21875
surrogate, 68, 21.0, 0.21875
surrogate, 68, 21.0, 0.21875
surrogate, 68, 21.0, 0.21875
surrogate, 68, 21.0, 0.21875
surrogate, 68, 21.0, 0.21875
surrogate, 68, 21.0, 0.21875
surrogate, 68, 21.0, 0.21875
surrogate, 68, 21.0, 0.21875
surrogate, 68, 21.0, 0.21875
surrogate, 68, 21.0, 0.21875
surrogate, 68, 21.0, 0.21875
surrogate, 68, 21.0, 0.21875
surrogate, 68, 21.0, 0.21875
surrogate, 68, 21.0, 0.21875
surrogate, 68, 21.0, 0.21875
surrogate, 68, 21.0, 0.21875
surrogate, 68, 21.0, 0.21875
surrogate, 68, 21.0, 0.21875
surrogate, 68, 21.0, 0.21875
surrogate, 68, 21.0, 0.21875
surrogate, 68, 21.0, 0.21875
surrogate, 68, 21.0, 0.21875
surrogate, 68, 21.0, 0.21875
surrogate, 68, 21.0, 0.21875
surrogate, 68, 21.0, 0.21875
surrogate, 68, 21.0, 0.21875
surrogate, 68, 21.0, 0.21875
surrogate, 68, 21.0, 0.21875
surrogate, 68, 18.0, 0.09375
surrogate, 68, 18.0, 0.09375
surrogate, 68, 18.0, 0.09375
surrogate, 68, 18.0, 0.09375
surrogate, 68, 18.0, 0.09375
surrogate, 68, 18.0, 0.09375
surrogate, 68, 18.0, 0.09375
surrogate, 68, 18.0, 0.09375
surrogate, 68, 18.0, 0.09375
surrogate, 68, 18.0, 0.09375
surrogate, 68, 18.0, 0.09375
surrogate, 68, 18.0, 0.09375
surrogate, 68, 18.0, 0.09375
surrogate, 68, 18.0, 0.09375
surrogate, 68, 18.0, 0.09375
surrogate, 68, 18.0, 0.09375
surrogate, 68, 18.0, 0.09375
surrogate, 68, 18.0, 0.09375
surrogate, 68, 18.0, 0.09375
surrogate, 68, 18.0, 0.09375
surrogate, 68, 18.0, 0.09375
surrogate, 68, 18.0, 0.09375
surrogate, 68, 18.0, 0.09375
surrogate, 68, 18.0, 0.09375
surrogate, 68, 18.0, 0.09375
surrogate, 68, 18.0, 0.09375
surrogate, 68, 18.0, 0.09375
surrogate, 68, 18.0, 0.09375
surrogate, 68, 18.0, 0.09375
surrogate, 68, 18.0, 0.09375
surrogate, 68, 18.0, 0.09375
surrogate, 68, 18.0, 0.09375
surrogate, 68, 18.0, 0.09375
surrogate, 68, 18.0, 0.09375
surrogate, 68, 18.0, 0.09375
surrogate, 68, 18.0, 0.09375
surrogate, 68, 18.0, 0.09375
surrogate, 68, 18.0, 0.09375
surrogate, 68, 18.0, 0.09375
surrogate, 68, 18.0, 0.09375
surrogate, 68, 18.0, 0.09375
surrogate, 68, 18.0, 0.09375
surrogate, 68, 18.0, 0.09375
surrogate, 68, 18.0, 0.09375
surrogate, 68, 18.0, 0.09375
surrogate, 69, 31.0, 0.9375
surrogate, 69, 31.0, 0.9375
surrogate, 69, 31.0, 0.9375
surrogate, 69, 31.0, 0.9375
surrogate, 69, 31.0, 0.9375
surrogate, 69, 31.0, 0.9375
surrogate, 69, 31.0, 0.9375
surrogate, 69, 31.0, 0.9375
surrogate, 69, 31.0, 0.9375
surrogate, 69, 31.0, 0.9375
surrogate, 69, 31.0, 0.9375
surrogate, 69, 31.0, 0.9375
surrogate, 69, 31.0, 0.9375
surrogate, 69, 31.0, 0.9375
surrogate, 69, 31.0, 0.9375
surrogate, 69, 31.0, 0.9375
surrogate, 69, 31.0, 0.9375
surrogate, 69, 31.0, 0.9375
surrogate, 69, 31.0, 0.9375
surrogate, 69, 31.0, 0.9375
surrogate, 69, 31.0, 0.9375
surrogate, 69, 31.0, 0.9375
surrogate, 69, 27.0, 0.625
surrogate, 69, 27.0, 0.625
surrogate, 69, 27.0, 0.625
surrogate, 69, 27.0, 0.625
surrogate, 69, 27.0, 0.625
surrogate, 69, 27.0, 0.625
surrogate, 69, 27.0, 0.625
surrogate, 69, 27.0, 0.625
surrogate, 69, 27.0, 0.625
surrogate, 69, 24.0, 0.5
surrogate, 69, 24.0, 0.5
surrogate, 69, 24.0, 0.5
surrogate, 69, 24.0, 0.5
surrogate, 69, 22.0, 0.3125
surrogate, 69, 22.0, 0.3125
surrogate, 69, 22.0, 0.3125
surrogate, 69, 22.0, 0.3125
surrogate, 69, 22.0, 0.3125
surrogate, 69, 22.0, 0.3125
surrogate, 69, 22.0, 0.3125
surrogate, 69, 22.0, 0.3125
surrogate, 69, 22.0, 0.3125
surrogate, 69, 22.0, 0.3125
surrogate, 69, 22.0, 0.3125
surrogate, 69, 21.0, 0.21875
surrogate, 69, 21.0, 0.21875
surrogate, 69, 21.0, 0.21875
surrogate, 69, 21.0, 0.21875
surrogate, 69, 21.0, 0.21875
surrogate, 69, 21.0, 0.21875
surrogate, 69, 21.0, 0.21875
surrogate, 69, 21.0, 0.21875
surrogate, 69, 21.0, 0.21875
surrogate, 69, 21.0, 0.21875
surrogate, 69, 21.0, 0.21875
surrogate, 69, 21.0, 0.21875
surrogate, 69, 21.0, 0.21875
surrogate, 69, 21.0, 0.21875
surrogate, 69, 21.0, 0.21875
surrogate, 69, 21.0, 0.21875
surrogate, 69, 21.0, 0.21875
surrogate, 69, 21.0, 0.21875
surrogate, 69, 21.0, 0.21875
surrogate, 69, 21.0, 0.21875
surrogate, 69, 21.0, 0.21875
surrogate, 69, 21.0, 0.21875
surrogate, 69, 21.0, 0.21875
surrogate, 69, 21.0, 0.21875
surrogate, 69, 21.0, 0.21875
surrogate, 69, 21.0, 0.21875
surrogate, 69, 21.0, 0.21875
surrogate, 69, 21.0, 0.21875
surrogate, 69, 21.0, 0.21875
surrogate, 69, 21.0, 0.21875
surrogate, 69, 21.0, 0.21875
surrogate, 69, 21.0, 0.21875
surrogate, 69, 21.0, 0.21875
surrogate, 69, 21.0, 0.21875
surrogate, 69, 18.0, 0.09375
surrogate, 69, 18.0, 0.09375
surrogate, 69, 18.0, 0.09375
surrogate, 69, 18.0, 0.09375
surrogate, 69, 18.0, 0.09375
surrogate, 69, 18.0, 0.09375
surrogate, 69, 18.0, 0.09375
surrogate, 69, 18.0, 0.09375
surrogate, 69, 18.0, 0.09375
surrogate, 69, 18.0, 0.09375
surrogate, 69, 18.0, 0.09375
surrogate, 69, 18.0, 0.09375
surrogate, 69, 18.0, 0.09375
surrogate, 69, 18.0, 0.09375
surrogate, 69, 18.0, 0.09375
surrogate, 69, 18.0, 0.09375
surrogate, 69, 18.0, 0.09375
surrogate, 69, 18.0, 0.09375
surrogate, 69, 18.0, 0.09375
surrogate, 69, 18.0, 0.09375
surrogate, 69, 18.0, 0.09375
surrogate, 69, 18.0, 0.09375
surrogate, 69, 18.0, 0.09375
surrogate, 69, 18.0, 0.09375
surrogate, 69, 18.0, 0.09375
surrogate, 69, 18.0, 0.09375
surrogate, 69, 18.0, 0.09375
surrogate, 69, 18.0, 0.09375
surrogate, 69, 18.0, 0.09375
surrogate, 69, 18.0, 0.09375
surrogate, 69, 18.0, 0.09375
surrogate, 69, 18.0, 0.09375
surrogate, 69, 18.0, 0.09375
surrogate, 69, 18.0, 0.09375
surrogate, 69, 18.0, 0.09375
surrogate, 69, 18.0, 0.09375
surrogate, 69, 18.0, 0.09375
surrogate, 69, 18.0, 0.09375
surrogate, 69, 18.0, 0.09375
surrogate, 69, 18.0, 0.09375
surrogate, 69, 18.0, 0.09375
surrogate, 69, 18.0, 0.09375
surrogate, 69, 18.0, 0.09375
surrogate, 69, 18.0, 0.09375
surrogate, 69, 18.0, 0.09375
surrogate, 69, 18.0, 0.09375
surrogate, 70, 31.0, 0.9375
surrogate, 70, 31.0, 0.9375
surrogate, 70, 31.0, 0.9375
surrogate, 70, 31.0, 0.9375
surrogate, 70, 31.0, 0.9375
surrogate, 70, 31.0, 0.9375
surrogate, 70, 31.0, 0.9375
surrogate, 70, 31.0, 0.9375
surrogate, 70, 31.0, 0.9375
surrogate, 70, 31.0, 0.9375
surrogate, 70, 31.0, 0.9375
surrogate, 70, 31.0, 0.9375
surrogate, 70, 31.0, 0.9375
surrogate, 70, 31.0, 0.9375
surrogate, 70, 31.0, 0.9375
surrogate, 70, 31.0, 0.9375
surrogate, 70, 31.0, 0.9375
surrogate, 70, 31.0, 0.9375
surrogate, 70, 31.0, 0.9375
surrogate, 70, 31.0, 0.9375
surrogate, 70, 31.0, 0.9375
surrogate, 70, 31.0, 0.9375
surrogate, 70, 27.0, 0.625
surrogate, 70, 27.0, 0.625
surrogate, 70, 27.0, 0.625
surrogate, 70, 27.0, 0.625
surrogate, 70, 27.0, 0.625
surrogate, 70, 27.0, 0.625
surrogate, 70, 27.0, 0.625
surrogate, 70, 27.0, 0.625
surrogate, 70, 27.0, 0.625
surrogate, 70, 27.0, 0.625
surrogate, 70, 24.0, 0.5
surrogate, 70, 24.0, 0.5
surrogate, 70, 24.0, 0.5
surrogate, 70, 24.0, 0.5
surrogate, 70, 22.0, 0.3125
surrogate, 70, 22.0, 0.3125
surrogate, 70, 22.0, 0.3125
surrogate, 70, 22.0, 0.3125
surrogate, 70, 22.0, 0.3125
surrogate, 70, 22.0, 0.3125
surrogate, 70, 22.0, 0.3125
surrogate, 70, 22.0, 0.3125
surrogate, 70, 22.0, 0.3125
surrogate, 70, 22.0, 0.3125
surrogate, 70, 22.0, 0.3125
surrogate, 70, 22.0, 0.3125
surrogate, 70, 21.0, 0.21875
surrogate, 70, 21.0, 0.21875
surrogate, 70, 21.0, 0.21875
surrogate, 70, 21.0, 0.21875
surrogate, 70, 21.0, 0.21875
surrogate, 70, 21.0, 0.21875
surrogate, 70, 21.0, 0.21875
surrogate, 70, 21.0, 0.21875
surrogate, 70, 21.0, 0.21875
surrogate, 70, 21.0, 0.21875
surrogate, 70, 21.0, 0.21875
surrogate, 70, 21.0, 0.21875
surrogate, 70, 21.0, 0.21875
surrogate, 70, 21.0, 0.21875
surrogate, 70, 21.0, 0.21875
surrogate, 70, 21.0, 0.21875
surrogate, 70, 21.0, 0.21875
surrogate, 70, 21.0, 0.21875
surrogate, 70, 21.0, 0.21875
surrogate, 70, 21.0, 0.21875
surrogate, 70, 21.0, 0.21875
surrogate, 70, 21.0, 0.21875
surrogate, 70, 21.0, 0.21875
surrogate, 70, 21.0, 0.21875
surrogate, 70, 21.0, 0.21875
surrogate, 70, 21.0, 0.21875
surrogate, 70, 21.0, 0.21875
surrogate, 70, 21.0, 0.21875
surrogate, 70, 21.0, 0.21875
surrogate, 70, 21.0, 0.21875
surrogate, 70, 21.0, 0.21875
surrogate, 70, 21.0, 0.21875
surrogate, 70, 21.0, 0.21875
surrogate, 70, 21.0, 0.21875
surrogate, 70, 18.0, 0.09375
surrogate, 70, 18.0, 0.09375
surrogate, 70, 18.0, 0.09375
surrogate, 70, 18.0, 0.09375
surrogate, 70, 18.0, 0.09375
surrogate, 70, 18.0, 0.09375
surrogate, 70, 18.0, 0.09375
surrogate, 70, 18.0, 0.09375
surrogate, 70, 18.0, 0.09375
surrogate, 70, 18.0, 0.09375
surrogate, 70, 18.0, 0.09375
surrogate, 70, 18.0, 0.09375
surrogate, 70, 18.0, 0.09375
surrogate, 70, 18.0, 0.09375
surrogate, 70, 18.0, 0.09375
surrogate, 70, 18.0, 0.09375
surrogate, 70, 18.0, 0.09375
surrogate, 70, 18.0, 0.09375
surrogate, 70, 18.0, 0.09375
surrogate, 70, 18.0, 0.09375
surrogate, 70, 18.0, 0.09375
surrogate, 70, 18.0, 0.09375
surrogate, 70, 18.0, 0.09375
surrogate, 70, 18.0, 0.09375
surrogate, 70, 18.0, 0.09375
surrogate, 70, 18.0, 0.09375
surrogate, 70, 18.0, 0.09375
surrogate, 70, 18.0, 0.09375
surrogate, 70, 18.0, 0.09375
surrogate, 70, 18.0, 0.09375
surrogate, 70, 18.0, 0.09375
surrogate, 70, 18.0, 0.09375
surrogate, 70, 18.0, 0.09375
surrogate, 70, 18.0, 0.09375
surrogate, 70, 18.0, 0.09375
surrogate, 70, 18.0, 0.09375
surrogate, 70, 18.0, 0.09375
surrogate, 70, 18.0, 0.09375
surrogate, 70, 18.0, 0.09375
surrogate, 70, 18.0, 0.09375
surrogate, 70, 18.0, 0.09375
surrogate, 70, 18.0, 0.09375
surrogate, 70, 18.0, 0.09375
surrogate, 70, 18.0, 0.09375
surrogate, 70, 18.0, 0.09375
surrogate, 70, 18.0, 0.09375
surrogate, 70, 18.0, 0.09375
surrogate, 71, 31.0, 0.9375
surrogate, 71, 31.0, 0.9375
surrogate, 71, 31.0, 0.9375
surrogate, 71, 31.0, 0.9375
surrogate, 71, 31.0, 0.9375
surrogate, 71, 31.0, 0.9375
surrogate, 71, 31.0, 0.9375
surrogate, 71, 31.0, 0.9375
surrogate, 71, 31.0, 0.9375
surrogate, 71, 31.0, 0.9375
surrogate, 71, 31.0, 0.9375
surrogate, 71, 31.0, 0.9375
surrogate, 71, 31.0, 0.9375
surrogate, 71, 31.0, 0.9375
surrogate, 71, 31.0, 0.9375
surrogate, 71, 31.0, 0.9375
surrogate, 71, 31.0, 0.9375
surrogate, 71, 31.0, 0.9375
surrogate, 71, 31.0, 0.9375
surrogate, 71, 31.0, 0.9375
surrogate, 71, 31.0, 0.9375
surrogate, 71, 31.0, 0.9375
surrogate, 71, 27.0, 0.625
surrogate, 71, 27.0, 0.625
surrogate, 71, 27.0, 0.625
surrogate, 71, 27.0, 0.625
surrogate, 71, 27.0, 0.625
surrogate, 71, 27.0, 0.625
surrogate, 71, 27.0, 0.625
surrogate, 71, 27.0, 0.625
surrogate, 71, 27.0, 0.625
surrogate, 71, 27.0, 0.625
surrogate, 71, 27.0, 0.625
surrogate, 71, 24.0, 0.5
surrogate, 71, 24.0, 0.5
surrogate, 71, 24.0, 0.5
surrogate, 71, 24.0, 0.5
surrogate, 71, 24.0, 0.5
surrogate, 71, 22.0, 0.3125
surrogate, 71, 22.0, 0.3125
surrogate, 71, 22.0, 0.3125
surrogate, 71, 22.0, 0.3125
surrogate, 71, 22.0, 0.3125
surrogate, 71, 22.0, 0.3125
surrogate, 71, 22.0, 0.3125
surrogate, 71, 22.0, 0.3125
surrogate, 71, 22.0, 0.3125
surrogate, 71, 22.0, 0.3125
surrogate, 71, 22.0, 0.3125
surrogate, 71, 22.0, 0.3125
surrogate, 71, 21.0, 0.21875
surrogate, 71, 21.0, 0.21875
surrogate, 71, 21.0, 0.21875
surrogate, 71, 21.0, 0.21875
surrogate, 71, 21.0, 0.21875
surrogate, 71, 21.0, 0.21875
surrogate, 71, 21.0, 0.21875
surrogate, 71, 21.0, 0.21875
surrogate, 71, 21.0, 0.21875
surrogate, 71, 21.0, 0.21875
surrogate, 71, 21.0, 0.21875
surrogate, 71, 21.0, 0.21875
surrogate, 71, 21.0, 0.21875
surrogate, 71, 21.0, 0.21875
surrogate, 71, 21.0, 0.21875
surrogate, 71, 21.0, 0.21875
surrogate, 71, 21.0, 0.21875
surrogate, 71, 21.0, 0.21875
surrogate, 71, 21.0, 0.21875
surrogate, 71, 21.0, 0.21875
surrogate, 71, 21.0, 0.21875
surrogate, 71, 21.0, 0.21875
surrogate, 71, 21.0, 0.21875
surrogate, 71, 21.0, 0.21875
surrogate, 71, 21.0, 0.21875
surrogate, 71, 21.0, 0.21875
surrogate, 71, 21.0, 0.21875
surrogate, 71, 21.0, 0.21875
surrogate, 71, 21.0, 0.21875
surrogate, 71, 21.0, 0.21875
surrogate, 71, 21.0, 0.21875
surrogate, 71, 21.0, 0.21875
surrogate, 71, 21.0, 0.21875
surrogate, 71, 21.0, 0.21875
surrogate, 71, 21.0, 0.21875
surrogate, 71, 18.0, 0.09375
surrogate, 71, 18.0, 0.09375
surrogate, 71, 18.0, 0.09375
surrogate, 71, 18.0, 0.09375
surrogate, 71, 18.0, 0.09375
surrogate, 71, 18.0, 0.09375
surrogate, 71, 18.0, 0.09375
surrogate, 71, 18.0, 0.09375
surrogate, 71, 18.0, 0.09375
surrogate, 71, 18.0, 0.09375
surrogate, 71, 18.0, 0.09375
surrogate, 71, 18.0, 0.09375
surrogate, 71, 18.0, 0.09375
surrogate, 71, 18.0, 0.09375
surrogate, 71, 18.0, 0.09375
surrogate, 71, 18.0, 0.09375
surrogate, 71, 18.0, 0.09375
surrogate, 71, 18.0, 0.09375
surrogate, 71, 18.0, 0.09375
surrogate, 71, 18.0, 0.09375
surrogate, 71, 18.0, 0.09375
surrogate, 71, 18.0, 0.09375
surrogate, 71, 18.0, 0.09375
surrogate, 71, 18.0, 0.09375
surrogate, 71, 18.0, 0.09375
surrogate, 71, 18.0, 0.09375
surrogate, 71, 18.0, 0.09375
surrogate, 71, 18.0, 0.09375
surrogate, 71, 18.0, 0.09375
surrogate, 71, 18.0, 0.09375
surrogate, 71, 18.0, 0.09375
surrogate, 71, 18.0, 0.09375
surrogate, 71, 18.0, 0.09375
surrogate, 71, 18.0, 0.09375
surrogate, 71, 18.0, 0.09375
surrogate, 71, 18.0, 0.09375
surrogate, 71, 18.0, 0.09375
surrogate, 71, 18.0, 0.09375
surrogate, 71, 18.0, 0.09375
surrogate, 71, 18.0, 0.09375
surrogate, 71, 18.0, 0.09375
surrogate, 71, 18.0, 0.09375
surrogate, 71, 18.0, 0.09375
surrogate, 71, 18.0, 0.09375
surrogate, 71, 18.0, 0.09375
surrogate, 71, 18.0, 0.09375
surrogate, 71, 18.0, 0.09375
surrogate, 71, 18.0, 0.09375
surrogate, 72, 31.0, 0.9375
surrogate, 72, 31.0, 0.9375
surrogate, 72, 31.0, 0.9375
surrogate, 72, 31.0, 0.9375
surrogate, 72, 31.0, 0.9375
surrogate, 72, 31.0, 0.9375
surrogate, 72, 31.0, 0.9375
surrogate, 72, 31.0, 0.9375
surrogate, 72, 31.0, 0.9375
surrogate, 72, 31.0, 0.9375
surrogate, 72, 31.0, 0.9375
surrogate, 72, 31.0, 0.9375
surrogate, 72, 31.0, 0.9375
surrogate, 72, 31.0, 0.9375
surrogate, 72, 31.0, 0.9375
surrogate, 72, 31.0, 0.9375
surrogate, 72, 31.0, 0.9375
surrogate, 72, 31.0, 0.9375
surrogate, 72, 31.0, 0.9375
surrogate, 72, 31.0, 0.9375
surrogate, 72, 31.0, 0.9375
surrogate, 72, 31.0, 0.9375
surrogate, 72, 27.0, 0.625
surrogate, 72, 27.0, 0.625
surrogate, 72, 27.0, 0.625
surrogate, 72, 27.0, 0.625
surrogate, 72, 27.0, 0.625
surrogate, 72, 27.0, 0.625
surrogate, 72, 27.0, 0.625
surrogate, 72, 27.0, 0.625
surrogate, 72, 27.0, 0.625
surrogate, 72, 27.0, 0.625
surrogate, 72, 27.0, 0.625
surrogate, 72, 27.0, 0.625
surrogate, 72, 24.0, 0.5
surrogate, 72, 24.0, 0.5
surrogate, 72, 24.0, 0.5
surrogate, 72, 24.0, 0.5
surrogate, 72, 24.0, 0.5
surrogate, 72, 22.0, 0.3125
surrogate, 72, 22.0, 0.3125
surrogate, 72, 22.0, 0.3125
surrogate, 72, 22.0, 0.3125
surrogate, 72, 22.0, 0.3125
surrogate, 72, 22.0, 0.3125
surrogate, 72, 22.0, 0.3125
surrogate, 72, 22.0, 0.3125
surrogate, 72, 22.0, 0.3125
surrogate, 72, 22.0, 0.3125
surrogate, 72, 22.0, 0.3125
surrogate, 72, 22.0, 0.3125
surrogate, 72, 21.0, 0.21875
surrogate, 72, 21.0, 0.21875
surrogate, 72, 21.0, 0.21875
surrogate, 72, 21.0, 0.21875
surrogate, 72, 21.0, 0.21875
surrogate, 72, 21.0, 0.21875
surrogate, 72, 21.0, 0.21875
surrogate, 72, 21.0, 0.21875
surrogate, 72, 21.0, 0.21875
surrogate, 72, 21.0, 0.21875
surrogate, 72, 21.0, 0.21875
surrogate, 72, 21.0, 0.21875
surrogate, 72, 21.0, 0.21875
surrogate, 72, 21.0, 0.21875
surrogate, 72, 21.0, 0.21875
surrogate, 72, 21.0, 0.21875
surrogate, 72, 21.0, 0.21875
surrogate, 72, 21.0, 0.21875
surrogate, 72, 21.0, 0.21875
surrogate, 72, 21.0, 0.21875
surrogate, 72, 21.0, 0.21875
surrogate, 72, 21.0, 0.21875
surrogate, 72, 21.0, 0.21875
surrogate, 72, 21.0, 0.21875
surrogate, 72, 21.0, 0.21875
surrogate, 72, 21.0, 0.21875
surrogate, 72, 21.0, 0.21875
surrogate, 72, 21.0, 0.21875
surrogate, 72, 21.0, 0.21875
surrogate, 72, 21.0, 0.21875
surrogate, 72, 21.0, 0.21875
surrogate, 72, 21.0, 0.21875
surrogate, 72, 21.0, 0.21875
surrogate, 72, 21.0, 0.21875
surrogate, 72, 21.0, 0.21875
surrogate, 72, 21.0, 0.21875
surrogate, 72, 18.0, 0.09375
surrogate, 72, 18.0, 0.09375
surrogate, 72, 18.0, 0.09375
surrogate, 72, 18.0, 0.09375
surrogate, 72, 18.0, 0.09375
surrogate, 72, 18.0, 0.09375
surrogate, 72, 18.0, 0.09375
surrogate, 72, 18.0, 0.09375
surrogate, 72, 18.0, 0.09375
surrogate, 72, 18.0, 0.09375
surrogate, 72, 18.0, 0.09375
surrogate, 72, 18.0, 0.09375
surrogate, 72, 18.0, 0.09375
surrogate, 72, 18.0, 0.09375
surrogate, 72, 18.0, 0.09375
surrogate, 72, 18.0, 0.09375
surrogate, 72, 18.0, 0.09375
surrogate, 72, 18.0, 0.09375
surrogate, 72, 18.0, 0.09375
surrogate, 72, 18.0, 0.09375
surrogate, 72, 18.0, 0.09375
surrogate, 72, 18.0, 0.09375
surrogate, 72, 18.0, 0.09375
surrogate, 72, 18.0, 0.09375
surrogate, 72, 18.0, 0.09375
surrogate, 72, 18.0, 0.09375
surrogate, 72, 18.0, 0.09375
surrogate, 72, 18.0, 0.09375
surrogate, 72, 18.0, 0.09375
surrogate, 72, 18.0, 0.09375
surrogate, 72, 18.0, 0.09375
surrogate, 72, 18.0, 0.09375
surrogate, 72, 18.0, 0.09375
surrogate, 72, 18.0, 0.09375
surrogate, 72, 18.0, 0.09375
surrogate, 72, 18.0, 0.09375
surrogate, 72, 18.0, 0.09375
surrogate, 72, 18.0, 0.09375
surrogate, 72, 18.0, 0.09375
surrogate, 72, 18.0, 0.09375
surrogate, 72, 18.0, 0.09375
surrogate, 72, 18.0, 0.09375
surrogate, 72, 18.0, 0.09375
surrogate, 72, 18.0, 0.09375
surrogate, 72, 18.0, 0.09375
surrogate, 72, 18.0, 0.09375
surrogate, 72, 18.0, 0.09375
surrogate, 72, 18.0, 0.09375
surrogate, 72, 18.0, 0.09375
surrogate, 73, 31.0, 0.9375
surrogate, 73, 31.0, 0.9375
surrogate, 73, 31.0, 0.9375
surrogate, 73, 31.0, 0.9375
surrogate, 73, 31.0, 0.9375
surrogate, 73, 31.0, 0.9375
surrogate, 73, 31.0, 0.9375
surrogate, 73, 31.0, 0.9375
surrogate, 73, 31.0, 0.9375
surrogate, 73, 31.0, 0.9375
surrogate, 73, 31.0, 0.9375
surrogate, 73, 31.0, 0.9375
surrogate, 73, 31.0, 0.9375
surrogate, 73, 31.0, 0.9375
surrogate, 73, 31.0, 0.9375
surrogate, 73, 31.0, 0.9375
surrogate, 73, 31.0, 0.9375
surrogate, 73, 31.0, 0.9375
surrogate, 73, 31.0, 0.9375
surrogate, 73, 31.0, 0.9375
surrogate, 73, 31.0, 0.9375
surrogate, 73, 31.0, 0.9375
surrogate, 73, 27.0, 0.625
surrogate, 73, 27.0, 0.625
surrogate, 73, 27.0, 0.625
surrogate, 73, 27.0, 0.625
surrogate, 73, 27.0, 0.625
surrogate, 73, 27.0, 0.625
surrogate, 73, 27.0, 0.625
surrogate, 73, 27.0, 0.625
surrogate, 73, 27.0, 0.625
surrogate, 73, 27.0, 0.625
surrogate, 73, 27.0, 0.625
surrogate, 73, 27.0, 0.625
surrogate, 73, 27.0, 0.625
surrogate, 73, 24.0, 0.5
surrogate, 73, 24.0, 0.5
surrogate, 73, 24.0, 0.5
surrogate, 73, 24.0, 0.5
surrogate, 73, 24.0, 0.5
surrogate, 73, 24.0, 0.5
surrogate, 73, 22.0, 0.3125
surrogate, 73, 22.0, 0.3125
surrogate, 73, 22.0, 0.3125
surrogate, 73, 22.0, 0.3125
surrogate, 73, 22.0, 0.3125
surrogate, 73, 22.0, 0.3125
surrogate, 73, 22.0, 0.3125
surrogate, 73, 22.0, 0.3125
surrogate, 73, 22.0, 0.3125
surrogate, 73, 22.0, 0.3125
surrogate, 73, 22.0, 0.3125
surrogate, 73, 22.0, 0.3125
surrogate, 73, 22.0, 0.3125
surrogate, 73, 21.0, 0.21875
surrogate, 73, 21.0, 0.21875
surrogate, 73, 21.0, 0.21875
surrogate, 73, 21.0, 0.21875
surrogate, 73, 21.0, 0.21875
surrogate, 73, 21.0, 0.21875
surrogate, 73, 21.0, 0.21875
surrogate, 73, 21.0, 0.21875
surrogate, 73, 21.0, 0.21875
surrogate, 73, 21.0, 0.21875
surrogate, 73, 21.0, 0.21875
surrogate, 73, 21.0, 0.21875
surrogate, 73, 21.0, 0.21875
surrogate, 73, 21.0, 0.21875
surrogate, 73, 21.0, 0.21875
surrogate, 73, 21.0, 0.21875
surrogate, 73, 21.0, 0.21875
surrogate, 73, 21.0, 0.21875
surrogate, 73, 21.0, 0.21875
surrogate, 73, 21.0, 0.21875
surrogate, 73, 21.0, 0.21875
surrogate, 73, 21.0, 0.21875
surrogate, 73, 21.0, 0.21875
surrogate, 73, 21.0, 0.21875
surrogate, 73, 21.0, 0.21875
surrogate, 73, 21.0, 0.21875
surrogate, 73, 21.0, 0.21875
surrogate, 73, 21.0, 0.21875
surrogate, 73, 21.0, 0.21875
surrogate, 73, 21.0, 0.21875
surrogate, 73, 21.0, 0.21875
surrogate, 73, 21.0, 0.21875
surrogate, 73, 21.0, 0.21875
surrogate, 73, 21.0, 0.21875
surrogate, 73, 21.0, 0.21875
surrogate, 73, 21.0, 0.21875
surrogate, 73, 18.0, 0.09375
surrogate, 73, 18.0, 0.09375
surrogate, 73, 18.0, 0.09375
surrogate, 73, 18.0, 0.09375
surrogate, 73, 18.0, 0.09375
surrogate, 73, 18.0, 0.09375
surrogate, 73, 18.0, 0.09375
surrogate, 73, 18.0, 0.09375
surrogate, 73, 18.0, 0.09375
surrogate, 73, 18.0, 0.09375
surrogate, 73, 18.0, 0.09375
surrogate, 73, 18.0, 0.09375
surrogate, 73, 18.0, 0.09375
surrogate, 73, 18.0, 0.09375
surrogate, 73, 18.0, 0.09375
surrogate, 73, 18.0, 0.09375
surrogate, 73, 18.0, 0.09375
surrogate, 73, 18.0, 0.09375
surrogate, 73, 18.0, 0.09375
surrogate, 73, 18.0, 0.09375
surrogate, 73, 18.0, 0.09375
surrogate, 73, 18.0, 0.09375
surrogate, 73, 18.0, 0.09375
surrogate, 73, 18.0, 0.09375
surrogate, 73, 18.0, 0.09375
surrogate, 73, 18.0, 0.09375
surrogate, 73, 18.0, 0.09375
surrogate, 73, 18.0, 0.09375
surrogate, 73, 18.0, 0.09375
surrogate, 73, 18.0, 0.09375
surrogate, 73, 18.0, 0.09375
surrogate, 73, 18.0, 0.09375
surrogate, 73, 18.0, 0.09375
surrogate, 73, 18.0, 0.09375
surrogate, 73, 18.0, 0.09375
surrogate, 73, 18.0, 0.09375
surrogate, 73, 18.0, 0.09375
surrogate, 73, 18.0, 0.09375
surrogate, 73, 18.0, 0.09375
surrogate, 73, 18.0, 0.09375
surrogate, 73, 18.0, 0.09375
surrogate, 73, 18.0, 0.09375
surrogate, 73, 18.0, 0.09375
surrogate, 73, 18.0, 0.09375
surrogate, 73, 18.0, 0.09375
surrogate, 73, 18.0, 0.09375
surrogate, 73, 18.0, 0.09375
surrogate, 73, 18.0, 0.09375
surrogate, 73, 18.0, 0.09375
surrogate, 73, 18.0, 0.09375
surrogate, 74, 31.0, 0.9375
surrogate, 74, 31.0, 0.9375
surrogate, 74, 31.0, 0.9375
surrogate, 74, 31.0, 0.9375
surrogate, 74, 31.0, 0.9375
surrogate, 74, 31.0, 0.9375
surrogate, 74, 31.0, 0.9375
surrogate, 74, 31.0, 0.9375
surrogate, 74, 31.0, 0.9375
surrogate, 74, 31.0, 0.9375
surrogate, 74, 31.0, 0.9375
surrogate, 74, 31.0, 0.9375
surrogate, 74, 31.0, 0.9375
surrogate, 74, 31.0, 0.9375
surrogate, 74, 31.0, 0.9375
surrogate, 74, 31.0, 0.9375
surrogate, 74, 31.0, 0.9375
surrogate, 74, 31.0, 0.9375
surrogate, 74, 31.0, 0.9375
surrogate, 74, 31.0, 0.9375
surrogate, 74, 31.0, 0.9375
surrogate, 74, 31.0, 0.9375
surrogate, 74, 27.0, 0.625
surrogate, 74, 27.0, 0.625
surrogate, 74, 27.0, 0.625
surrogate, 74, 27.0, 0.625
surrogate, 74, 27.0, 0.625
surrogate, 74, 27.0, 0.625
surrogate, 74, 27.0, 0.625
surrogate, 74, 27.0, 0.625
surrogate, 74, 27.0, 0.625
surrogate, 74, 27.0, 0.625
surrogate, 74, 27.0, 0.625
surrogate, 74, 27.0, 0.625
surrogate, 74, 27.0, 0.625
surrogate, 74, 27.0, 0.625
surrogate, 74, 24.0, 0.5
surrogate, 74, 24.0, 0.5
surrogate, 74, 24.0, 0.5
surrogate, 74, 24.0, 0.5
surrogate, 74, 24.0, 0.5
surrogate, 74, 24.0, 0.5
surrogate, 74, 22.0, 0.3125
surrogate, 74, 22.0, 0.3125
surrogate, 74, 22.0, 0.3125
surrogate, 74, 22.0, 0.3125
surrogate, 74, 22.0, 0.3125
surrogate, 74, 22.0, 0.3125
surrogate, 74, 22.0, 0.3125
surrogate, 74, 22.0, 0.3125
surrogate, 74, 22.0, 0.3125
surrogate, 74, 22.0, 0.3125
surrogate, 74, 22.0, 0.3125
surrogate, 74, 22.0, 0.3125
surrogate, 74, 22.0, 0.3125
surrogate, 74, 21.0, 0.21875
surrogate, 74, 21.0, 0.21875
surrogate, 74, 21.0, 0.21875
surrogate, 74, 21.0, 0.21875
surrogate, 74, 21.0, 0.21875
surrogate, 74, 21.0, 0.21875
surrogate, 74, 21.0, 0.21875
surrogate, 74, 21.0, 0.21875
surrogate, 74, 21.0, 0.21875
surrogate, 74, 21.0, 0.21875
surrogate, 74, 21.0, 0.21875
surrogate, 74, 21.0, 0.21875
surrogate, 74, 21.0, 0.21875
surrogate, 74, 21.0, 0.21875
surrogate, 74, 21.0, 0.21875
surrogate, 74, 21.0, 0.21875
surrogate, 74, 21.0, 0.21875
surrogate, 74, 21.0, 0.21875
surrogate, 74, 21.0, 0.21875
surrogate, 74, 21.0, 0.21875
surrogate, 74, 21.0, 0.21875
surrogate, 74, 21.0, 0.21875
surrogate, 74, 21.0, 0.21875
surrogate, 74, 21.0, 0.21875
surrogate, 74, 21.0, 0.21875
surrogate, 74, 21.0, 0.21875
surrogate, 74, 21.0, 0.21875
surrogate, 74, 21.0, 0.21875
surrogate, 74, 21.0, 0.21875
surrogate, 74, 21.0, 0.21875
surrogate, 74, 21.0, 0.21875
surrogate, 74, 21.0, 0.21875
surrogate, 74, 21.0, 0.21875
surrogate, 74, 21.0, 0.21875
surrogate, 74, 21.0, 0.21875
surrogate, 74, 21.0, 0.21875
surrogate, 74, 21.0, 0.21875
surrogate, 74, 18.0, 0.09375
surrogate, 74, 18.0, 0.09375
surrogate, 74, 18.0, 0.09375
surrogate, 74, 18.0, 0.09375
surrogate, 74, 18.0, 0.09375
surrogate, 74, 18.0, 0.09375
surrogate, 74, 18.0, 0.09375
surrogate, 74, 18.0, 0.09375
surrogate, 74, 18.0, 0.09375
surrogate, 74, 18.0, 0.09375
surrogate, 74, 18.0, 0.09375
surrogate, 74, 18.0, 0.09375
surrogate, 74, 18.0, 0.09375
surrogate, 74, 18.0, 0.09375
surrogate, 74, 18.0, 0.09375
surrogate, 74, 18.0, 0.09375
surrogate, 74, 18.0, 0.09375
surrogate, 74, 18.0, 0.09375
surrogate, 74, 18.0, 0.09375
surrogate, 74, 18.0, 0.09375
surrogate, 74, 18.0, 0.09375
surrogate, 74, 18.0, 0.09375
surrogate, 74, 18.0, 0.09375
surrogate, 74, 18.0, 0.09375
surrogate, 74, 18.0, 0.09375
surrogate, 74, 18.0, 0.09375
surrogate, 74, 18.0, 0.09375
surrogate, 74, 18.0, 0.09375
surrogate, 74, 18.0, 0.09375
surrogate, 74, 18.0, 0.09375
surrogate, 74, 18.0, 0.09375
surrogate, 74, 18.0, 0.09375
surrogate, 74, 18.0, 0.09375
surrogate, 74, 18.0, 0.09375
surrogate, 74, 18.0, 0.09375
surrogate, 74, 18.0, 0.09375
surrogate, 74, 18.0, 0.09375
surrogate, 74, 18.0, 0.09375
surrogate, 74, 18.0, 0.09375
surrogate, 74, 18.0, 0.09375
surrogate, 74, 18.0, 0.09375
surrogate, 74, 18.0, 0.09375
surrogate, 74, 18.0, 0.09375
surrogate, 74, 18.0, 0.09375
surrogate, 74, 18.0, 0.09375
surrogate, 74, 18.0, 0.09375
surrogate, 74, 18.0, 0.09375
surrogate, 74, 18.0, 0.09375
surrogate, 74, 18.0, 0.09375
surrogate, 74, 18.0, 0.09375
surrogate, 74, 18.0, 0.09375
surrogate, 75, 31.0, 0.9375
surrogate, 75, 31.0, 0.9375
surrogate, 75, 31.0, 0.9375
surrogate, 75, 31.0, 0.9375
surrogate, 75, 31.0, 0.9375
surrogate, 75, 31.0, 0.9375
surrogate, 75, 31.0, 0.9375
surrogate, 75, 31.0, 0.9375
surrogate, 75, 31.0, 0.9375
surrogate, 75, 31.0, 0.9375
surrogate, 75, 31.0, 0.9375
surrogate, 75, 31.0, 0.9375
surrogate, 75, 31.0, 0.9375
surrogate, 75, 31.0, 0.9375
surrogate, 75, 31.0, 0.9375
surrogate, 75, 31.0, 0.9375
surrogate, 75, 31.0, 0.9375
surrogate, 75, 31.0, 0.9375
surrogate, 75, 31.0, 0.9375
surrogate, 75, 31.0, 0.9375
surrogate, 75, 31.0, 0.9375
surrogate, 75, 31.0, 0.9375
surrogate, 75, 27.0, 0.625
surrogate, 75, 27.0, 0.625
surrogate, 75, 27.0, 0.625
surrogate, 75, 27.0, 0.625
surrogate, 75, 27.0, 0.625
surrogate, 75, 27.0, 0.625
surrogate, 75, 27.0, 0.625
surrogate, 75, 27.0, 0.625
surrogate, 75, 27.0, 0.625
surrogate, 75, 27.0, 0.625
surrogate, 75, 27.0, 0.625
surrogate, 75, 27.0, 0.625
surrogate, 75, 27.0, 0.625
surrogate, 75, 27.0, 0.625
surrogate, 75, 27.0, 0.625
surrogate, 75, 24.0, 0.5
surrogate, 75, 24.0, 0.5
surrogate, 75, 24.0, 0.5
surrogate, 75, 24.0, 0.5
surrogate, 75, 24.0, 0.5
surrogate, 75, 24.0, 0.5
surrogate, 75, 24.0, 0.5
surrogate, 75, 22.0, 0.3125
surrogate, 75, 22.0, 0.3125
surrogate, 75, 22.0, 0.3125
surrogate, 75, 22.0, 0.3125
surrogate, 75, 22.0, 0.3125
surrogate, 75, 22.0, 0.3125
surrogate, 75, 22.0, 0.3125
surrogate, 75, 22.0, 0.3125
surrogate, 75, 22.0, 0.3125
surrogate, 75, 22.0, 0.3125
surrogate, 75, 22.0, 0.3125
surrogate, 75, 22.0, 0.3125
surrogate, 75, 22.0, 0.3125
surrogate, 75, 21.0, 0.21875
surrogate, 75, 21.0, 0.21875
surrogate, 75, 21.0, 0.21875
surrogate, 75, 21.0, 0.21875
surrogate, 75, 21.0, 0.21875
surrogate, 75, 21.0, 0.21875
surrogate, 75, 21.0, 0.21875
surrogate, 75, 21.0, 0.21875
surrogate, 75, 21.0, 0.21875
surrogate, 75, 21.0, 0.21875
surrogate, 75, 21.0, 0.21875
surrogate, 75, 21.0, 0.21875
surrogate, 75, 21.0, 0.21875
surrogate, 75, 21.0, 0.21875
surrogate, 75, 21.0, 0.21875
surrogate, 75, 21.0, 0.21875
surrogate, 75, 21.0, 0.21875
surrogate, 75, 21.0, 0.21875
surrogate, 75, 21.0, 0.21875
surrogate, 75, 21.0, 0.21875
surrogate, 75, 21.0, 0.21875
surrogate, 75, 21.0, 0.21875
surrogate, 75, 21.0, 0.21875
surrogate, 75, 21.0, 0.21875
surrogate, 75, 21.0, 0.21875
surrogate, 75, 21.0, 0.21875
surrogate, 75, 21.0, 0.21875
surrogate, 75, 21.0, 0.21875
surrogate, 75, 21.0, 0.21875
surrogate, 75, 21.0, 0.21875
surrogate, 75, 21.0, 0.21875
surrogate, 75, 21.0, 0.21875
surrogate, 75, 21.0, 0.21875
surrogate, 75, 21.0, 0.21875
surrogate, 75, 21.0, 0.21875
surrogate, 75, 21.0, 0.21875
surrogate, 75, 21.0, 0.21875
surrogate, 75, 21.0, 0.21875
surrogate, 75, 18.0, 0.09375
surrogate, 75, 18.0, 0.09375
surrogate, 75, 18.0, 0.09375
surrogate, 75, 18.0, 0.09375
surrogate, 75, 18.0, 0.09375
surrogate, 75, 18.0, 0.09375
surrogate, 75, 18.0, 0.09375
surrogate, 75, 18.0, 0.09375
surrogate, 75, 18.0, 0.09375
surrogate, 75, 18.0, 0.09375
surrogate, 75, 18.0, 0.09375
surrogate, 75, 18.0, 0.09375
surrogate, 75, 18.0, 0.09375
surrogate, 75, 18.0, 0.09375
surrogate, 75, 18.0, 0.09375
surrogate, 75, 18.0, 0.09375
surrogate, 75, 18.0, 0.09375
surrogate, 75, 18.0, 0.09375
surrogate, 75, 18.0, 0.09375
surrogate, 75, 18.0, 0.09375
surrogate, 75, 18.0, 0.09375
surrogate, 75, 18.0, 0.09375
surrogate, 75, 18.0, 0.09375
surrogate, 75, 18.0, 0.09375
surrogate, 75, 18.0, 0.09375
surrogate, 75, 18.0, 0.09375
surrogate, 75, 18.0, 0.09375
surrogate, 75, 18.0, 0.09375
surrogate, 75, 18.0, 0.09375
surrogate, 75, 18.0, 0.09375
surrogate, 75, 18.0, 0.09375
surrogate, 75, 18.0, 0.09375
surrogate, 75, 18.0, 0.09375
surrogate, 75, 18.0, 0.09375
surrogate, 75, 18.0, 0.09375
surrogate, 75, 18.0, 0.09375
surrogate, 75, 18.0, 0.09375
surrogate, 75, 18.0, 0.09375
surrogate, 75, 18.0, 0.09375
surrogate, 75, 18.0, 0.09375
surrogate, 75, 18.0, 0.09375
surrogate, 75, 18.0, 0.09375
surrogate, 75, 18.0, 0.09375
surrogate, 75, 18.0, 0.09375
surrogate, 75, 18.0, 0.09375
surrogate, 75, 18.0, 0.09375
surrogate, 75, 18.0, 0.09375
surrogate, 75, 18.0, 0.09375
surrogate, 75, 18.0, 0.09375
surrogate, 75, 18.0, 0.09375
surrogate, 75, 18.0, 0.09375
surrogate, 75, 18.0, 0.09375
surrogate, 76, 31.0, 0.9375
surrogate, 76, 31.0, 0.9375
surrogate, 76, 31.0, 0.9375
surrogate, 76, 31.0, 0.9375
surrogate, 76, 31.0, 0.9375
surrogate, 76, 31.0, 0.9375
surrogate, 76, 31.0, 0.9375
surrogate, 76, 31.0, 0.9375
surrogate, 76, 31.0, 0.9375
surrogate, 76, 31.0, 0.9375
surrogate, 76, 31.0, 0.9375
surrogate, 76, 31.0, 0.9375
surrogate, 76, 31.0, 0.9375
surrogate, 76, 31.0, 0.9375
surrogate, 76, 31.0, 0.9375
surrogate, 76, 31.0, 0.9375
surrogate, 76, 31.0, 0.9375
surrogate, 76, 31.0, 0.9375
surrogate, 76, 31.0, 0.9375
surrogate, 76, 31.0, 0.9375
surrogate, 76, 31.0, 0.9375
surrogate, 76, 31.0, 0.9375
surrogate, 76, 27.0, 0.625
surrogate, 76, 27.0, 0.625
surrogate, 76, 27.0, 0.625
surrogate, 76, 27.0, 0.625
surrogate, 76, 27.0, 0.625
surrogate, 76, 27.0, 0.625
surrogate, 76, 27.0, 0.625
surrogate, 76, 27.0, 0.625
surrogate, 76, 27.0, 0.625
surrogate, 76, 27.0, 0.625
surrogate, 76, 27.0, 0.625
surrogate, 76, 27.0, 0.625
surrogate, 76, 27.0, 0.625
surrogate, 76, 27.0, 0.625
surrogate, 76, 27.0, 0.625
surrogate, 76, 24.0, 0.5
surrogate, 76, 24.0, 0.5
surrogate, 76, 24.0, 0.5
surrogate, 76, 24.0, 0.5
surrogate, 76, 24.0, 0.5
surrogate, 76, 24.0, 0.5
surrogate, 76, 24.0, 0.5
surrogate, 76, 24.0, 0.5
surrogate, 76, 22.0, 0.3125
surrogate, 76, 22.0, 0.3125
surrogate, 76, 22.0, 0.3125
surrogate, 76, 22.0, 0.3125
surrogate, 76, 22.0, 0.3125
surrogate, 76, 22.0, 0.3125
surrogate, 76, 22.0, 0.3125
surrogate, 76, 22.0, 0.3125
surrogate, 76, 22.0, 0.3125
surrogate, 76, 22.0, 0.3125
surrogate, 76, 22.0, 0.3125
surrogate, 76, 22.0, 0.3125
surrogate, 76, 22.0, 0.3125
surrogate, 76, 22.0, 0.3125
surrogate, 76, 21.0, 0.21875
surrogate, 76, 21.0, 0.21875
surrogate, 76, 21.0, 0.21875
surrogate, 76, 21.0, 0.21875
surrogate, 76, 21.0, 0.21875
surrogate, 76, 21.0, 0.21875
surrogate, 76, 21.0, 0.21875
surrogate, 76, 21.0, 0.21875
surrogate, 76, 21.0, 0.21875
surrogate, 76, 21.0, 0.21875
surrogate, 76, 21.0, 0.21875
surrogate, 76, 21.0, 0.21875
surrogate, 76, 21.0, 0.21875
surrogate, 76, 21.0, 0.21875
surrogate, 76, 21.0, 0.21875
surrogate, 76, 21.0, 0.21875
surrogate, 76, 21.0, 0.21875
surrogate, 76, 21.0, 0.21875
surrogate, 76, 21.0, 0.21875
surrogate, 76, 21.0, 0.21875
surrogate, 76, 21.0, 0.21875
surrogate, 76, 21.0, 0.21875
surrogate, 76, 21.0, 0.21875
surrogate, 76, 21.0, 0.21875
surrogate, 76, 21.0, 0.21875
surrogate, 76, 21.0, 0.21875
surrogate, 76, 21.0, 0.21875
surrogate, 76, 21.0, 0.21875
surrogate, 76, 21.0, 0.21875
surrogate, 76, 21.0, 0.21875
surrogate, 76, 21.0, 0.21875
surrogate, 76, 21.0, 0.21875
surrogate, 76, 21.0, 0.21875
surrogate, 76, 21.0, 0.21875
surrogate, 76, 21.0, 0.21875
surrogate, 76, 21.0, 0.21875
surrogate, 76, 21.0, 0.21875
surrogate, 76, 21.0, 0.21875
surrogate, 76, 21.0, 0.21875
surrogate, 76, 18.0, 0.09375
surrogate, 76, 18.0, 0.09375
surrogate, 76, 18.0, 0.09375
surrogate, 76, 18.0, 0.09375
surrogate, 76, 18.0, 0.09375
surrogate, 76, 18.0, 0.09375
surrogate, 76, 18.0, 0.09375
surrogate, 76, 18.0, 0.09375
surrogate, 76, 18.0, 0.09375
surrogate, 76, 18.0, 0.09375
surrogate, 76, 18.0, 0.09375
surrogate, 76, 18.0, 0.09375
surrogate, 76, 18.0, 0.09375
surrogate, 76, 18.0, 0.09375
surrogate, 76, 18.0, 0.09375
surrogate, 76, 18.0, 0.09375
surrogate, 76, 18.0, 0.09375
surrogate, 76, 18.0, 0.09375
surrogate, 76, 18.0, 0.09375
surrogate, 76, 18.0, 0.09375
surrogate, 76, 18.0, 0.09375
surrogate, 76, 18.0, 0.09375
surrogate, 76, 18.0, 0.09375
surrogate, 76, 18.0, 0.09375
surrogate, 76, 18.0, 0.09375
surrogate, 76, 18.0, 0.09375
surrogate, 76, 18.0, 0.09375
surrogate, 76, 18.0, 0.09375
surrogate, 76, 18.0, 0.09375
surrogate, 76, 18.0, 0.09375
surrogate, 76, 18.0, 0.09375
surrogate, 76, 18.0, 0.09375
surrogate, 76, 18.0, 0.09375
surrogate, 76, 18.0, 0.09375
surrogate, 76, 18.0, 0.09375
surrogate, 76, 18.0, 0.09375
surrogate, 76, 18.0, 0.09375
surrogate, 76, 18.0, 0.09375
surrogate, 76, 18.0, 0.09375
surrogate, 76, 18.0, 0.09375
surrogate, 76, 18.0, 0.09375
surrogate, 76, 18.0, 0.09375
surrogate, 76, 18.0, 0.09375
surrogate, 76, 18.0, 0.09375
surrogate, 76, 18.0, 0.09375
surrogate, 76, 18.0, 0.09375
surrogate, 76, 18.0, 0.09375
surrogate, 76, 18.0, 0.09375
surrogate, 76, 18.0, 0.09375
surrogate, 76, 18.0, 0.09375
surrogate, 76, 18.0, 0.09375
surrogate, 76, 18.0, 0.09375
surrogate, 76, 18.0, 0.09375
surrogate, 77, 31.0, 0.9375
surrogate, 77, 31.0, 0.9375
surrogate, 77, 31.0, 0.9375
surrogate, 77, 31.0, 0.9375
surrogate, 77, 31.0, 0.9375
surrogate, 77, 31.0, 0.9375
surrogate, 77, 31.0, 0.9375
surrogate, 77, 31.0, 0.9375
surrogate, 77, 31.0, 0.9375
surrogate, 77, 31.0, 0.9375
surrogate, 77, 31.0, 0.9375
surrogate, 77, 31.0, 0.9375
surrogate, 77, 31.0, 0.9375
surrogate, 77, 31.0, 0.9375
surrogate, 77, 31.0, 0.9375
surrogate, 77, 31.0, 0.9375
surrogate, 77, 31.0, 0.9375
surrogate, 77, 31.0, 0.9375
surrogate, 77, 31.0, 0.9375
surrogate, 77, 31.0, 0.9375
surrogate, 77, 31.0, 0.9375
surrogate, 77, 31.0, 0.9375
surrogate, 77, 31.0, 0.9375
surrogate, 77, 27.0, 0.625
surrogate, 77, 27.0, 0.625
surrogate, 77, 27.0, 0.625
surrogate, 77, 27.0, 0.625
surrogate, 77, 27.0, 0.625
surrogate, 77, 27.0, 0.625
surrogate, 77, 27.0, 0.625
surrogate, 77, 27.0, 0.625
surrogate, 77, 27.0, 0.625
surrogate, 77, 27.0, 0.625
surrogate, 77, 27.0, 0.625
surrogate, 77, 27.0, 0.625
surrogate, 77, 27.0, 0.625
surrogate, 77, 27.0, 0.625
surrogate, 77, 27.0, 0.625
surrogate, 77, 24.0, 0.5
surrogate, 77, 24.0, 0.5
surrogate, 77, 24.0, 0.5
surrogate, 77, 24.0, 0.5
surrogate, 77, 24.0, 0.5
surrogate, 77, 24.0, 0.5
surrogate, 77, 24.0, 0.5
surrogate, 77, 24.0, 0.5
surrogate, 77, 24.0, 0.5
surrogate, 77, 22.0, 0.3125
surrogate, 77, 22.0, 0.3125
surrogate, 77, 22.0, 0.3125
surrogate, 77, 22.0, 0.3125
surrogate, 77, 22.0, 0.3125
surrogate, 77, 22.0, 0.3125
surrogate, 77, 22.0, 0.3125
surrogate, 77, 22.0, 0.3125
surrogate, 77, 22.0, 0.3125
surrogate, 77, 22.0, 0.3125
surrogate, 77, 22.0, 0.3125
surrogate, 77, 22.0, 0.3125
surrogate, 77, 22.0, 0.3125
surrogate, 77, 22.0, 0.3125
surrogate, 77, 22.0, 0.3125
surrogate, 77, 21.0, 0.21875
surrogate, 77, 21.0, 0.21875
surrogate, 77, 21.0, 0.21875
surrogate, 77, 21.0, 0.21875
surrogate, 77, 21.0, 0.21875
surrogate, 77, 21.0, 0.21875
surrogate, 77, 21.0, 0.21875
surrogate, 77, 21.0, 0.21875
surrogate, 77, 21.0, 0.21875
surrogate, 77, 21.0, 0.21875
surrogate, 77, 21.0, 0.21875
surrogate, 77, 21.0, 0.21875
surrogate, 77, 21.0, 0.21875
surrogate, 77, 21.0, 0.21875
surrogate, 77, 21.0, 0.21875
surrogate, 77, 21.0, 0.21875
surrogate, 77, 21.0, 0.21875
surrogate, 77, 21.0, 0.21875
surrogate, 77, 21.0, 0.21875
surrogate, 77, 21.0, 0.21875
surrogate, 77, 21.0, 0.21875
surrogate, 77, 21.0, 0.21875
surrogate, 77, 21.0, 0.21875
surrogate, 77, 21.0, 0.21875
surrogate, 77, 21.0, 0.21875
surrogate, 77, 21.0, 0.21875
surrogate, 77, 21.0, 0.21875
surrogate, 77, 21.0, 0.21875
surrogate, 77, 21.0, 0.21875
surrogate, 77, 21.0, 0.21875
surrogate, 77, 21.0, 0.21875
surrogate, 77, 21.0, 0.21875
surrogate, 77, 21.0, 0.21875
surrogate, 77, 21.0, 0.21875
surrogate, 77, 21.0, 0.21875
surrogate, 77, 21.0, 0.21875
surrogate, 77, 21.0, 0.21875
surrogate, 77, 21.0, 0.21875
surrogate, 77, 21.0, 0.21875
surrogate, 77, 21.0, 0.21875
surrogate, 77, 18.0, 0.09375
surrogate, 77, 18.0, 0.09375
surrogate, 77, 18.0, 0.09375
surrogate, 77, 18.0, 0.09375
surrogate, 77, 18.0, 0.09375
surrogate, 77, 18.0, 0.09375
surrogate, 77, 18.0, 0.09375
surrogate, 77, 18.0, 0.09375
surrogate, 77, 18.0, 0.09375
surrogate, 77, 18.0, 0.09375
surrogate, 77, 18.0, 0.09375
surrogate, 77, 18.0, 0.09375
surrogate, 77, 18.0, 0.09375
surrogate, 77, 18.0, 0.09375
surrogate, 77, 18.0, 0.09375
surrogate, 77, 18.0, 0.09375
surrogate, 77, 18.0, 0.09375
surrogate, 77, 18.0, 0.09375
surrogate, 77, 18.0, 0.09375
surrogate, 77, 18.0, 0.09375
surrogate, 77, 18.0, 0.09375
surrogate, 77, 18.0, 0.09375
surrogate, 77, 18.0, 0.09375
surrogate, 77, 18.0, 0.09375
surrogate, 77, 18.0, 0.09375
surrogate, 77, 18.0, 0.09375
surrogate, 77, 18.0, 0.09375
surrogate, 77, 18.0, 0.09375
surrogate, 77, 18.0, 0.09375
surrogate, 77, 18.0, 0.09375
surrogate, 77, 18.0, 0.09375
surrogate, 77, 18.0, 0.09375
surrogate, 77, 18.0, 0.09375
surrogate, 77, 18.0, 0.09375
surrogate, 77, 18.0, 0.09375
surrogate, 77, 18.0, 0.09375
surrogate, 77, 18.0, 0.09375
surrogate, 77, 18.0, 0.09375
surrogate, 77, 18.0, 0.09375
surrogate, 77, 18.0, 0.09375
surrogate, 77, 18.0, 0.09375
surrogate, 77, 18.0, 0.09375
surrogate, 77, 18.0, 0.09375
surrogate, 77, 18.0, 0.09375
surrogate, 77, 18.0, 0.09375
surrogate, 77, 18.0, 0.09375
surrogate, 77, 18.0, 0.09375
surrogate, 77, 18.0, 0.09375
surrogate, 77, 18.0, 0.09375
surrogate, 77, 18.0, 0.09375
surrogate, 77, 18.0, 0.09375
surrogate, 77, 18.0, 0.09375
surrogate, 77, 18.0, 0.09375
surrogate, 77, 18.0, 0.09375
surrogate, 78, 31.0, 0.9375
surrogate, 78, 31.0, 0.9375
surrogate, 78, 31.0, 0.9375
surrogate, 78, 31.0, 0.9375
surrogate, 78, 31.0, 0.9375
surrogate, 78, 31.0, 0.9375
surrogate, 78, 31.0, 0.9375
surrogate, 78, 31.0, 0.9375
surrogate, 78, 31.0, 0.9375
surrogate, 78, 31.0, 0.9375
surrogate, 78, 31.0, 0.9375
surrogate, 78, 31.0, 0.9375
surrogate, 78, 31.0, 0.9375
surrogate, 78, 31.0, 0.9375
surrogate, 78, 31.0, 0.9375
surrogate, 78, 31.0, 0.9375
surrogate, 78, 31.0, 0.9375
surrogate, 78, 31.0, 0.9375
surrogate, 78, 31.0, 0.9375
surrogate, 78, 31.0, 0.9375
surrogate, 78, 31.0, 0.9375
surrogate, 78, 31.0, 0.9375
surrogate, 78, 31.0, 0.9375
surrogate, 78, 27.0, 0.625
surrogate, 78, 27.0, 0.625
surrogate, 78, 27.0, 0.625
surrogate, 78, 27.0, 0.625
surrogate, 78, 27.0, 0.625
surrogate, 78, 27.0, 0.625
surrogate, 78, 27.0, 0.625
surrogate, 78, 27.0, 0.625
surrogate, 78, 27.0, 0.625
surrogate, 78, 27.0, 0.625
surrogate, 78, 27.0, 0.625
surrogate, 78, 27.0, 0.625
surrogate, 78, 27.0, 0.625
surrogate, 78, 27.0, 0.625
surrogate, 78, 27.0, 0.625
surrogate, 78, 27.0, 0.625
surrogate, 78, 24.0, 0.5
surrogate, 78, 24.0, 0.5
surrogate, 78, 24.0, 0.5
surrogate, 78, 24.0, 0.5
surrogate, 78, 24.0, 0.5
surrogate, 78, 24.0, 0.5
surrogate, 78, 24.0, 0.5
surrogate, 78, 24.0, 0.5
surrogate, 78, 24.0, 0.5
surrogate, 78, 22.0, 0.3125
surrogate, 78, 22.0, 0.3125
surrogate, 78, 22.0, 0.3125
surrogate, 78, 22.0, 0.3125
surrogate, 78, 22.0, 0.3125
surrogate, 78, 22.0, 0.3125
surrogate, 78, 22.0, 0.3125
surrogate, 78, 22.0, 0.3125
surrogate, 78, 22.0, 0.3125
surrogate, 78, 22.0, 0.3125
surrogate, 78, 22.0, 0.3125
surrogate, 78, 22.0, 0.3125
surrogate, 78, 22.0, 0.3125
surrogate, 78, 22.0, 0.3125
surrogate, 78, 22.0, 0.3125
surrogate, 78, 22.0, 0.3125
surrogate, 78, 21.0, 0.21875
surrogate, 78, 21.0, 0.21875
surrogate, 78, 21.0, 0.21875
surrogate, 78, 21.0, 0.21875
surrogate, 78, 21.0, 0.21875
surrogate, 78, 21.0, 0.21875
surrogate, 78, 21.0, 0.21875
surrogate, 78, 21.0, 0.21875
surrogate, 78, 21.0, 0.21875
surrogate, 78, 21.0, 0.21875
surrogate, 78, 21.0, 0.21875
surrogate, 78, 21.0, 0.21875
surrogate, 78, 21.0, 0.21875
surrogate, 78, 21.0, 0.21875
surrogate, 78, 21.0, 0.21875
surrogate, 78, 21.0, 0.21875
surrogate, 78, 21.0, 0.21875
surrogate, 78, 21.0, 0.21875
surrogate, 78, 21.0, 0.21875
surrogate, 78, 21.0, 0.21875
surrogate, 78, 21.0, 0.21875
surrogate, 78, 21.0, 0.21875
surrogate, 78, 21.0, 0.21875
surrogate, 78, 21.0, 0.21875
surrogate, 78, 21.0, 0.21875
surrogate, 78, 21.0, 0.21875
surrogate, 78, 21.0, 0.21875
surrogate, 78, 21.0, 0.21875
surrogate, 78, 21.0, 0.21875
surrogate, 78, 21.0, 0.21875
surrogate, 78, 21.0, 0.21875
surrogate, 78, 21.0, 0.21875
surrogate, 78, 21.0, 0.21875
surrogate, 78, 21.0, 0.21875
surrogate, 78, 21.0, 0.21875
surrogate, 78, 21.0, 0.21875
surrogate, 78, 21.0, 0.21875
surrogate, 78, 21.0, 0.21875
surrogate, 78, 21.0, 0.21875
surrogate, 78, 21.0, 0.21875
surrogate, 78, 21.0, 0.21875
surrogate, 78, 18.0, 0.09375
surrogate, 78, 18.0, 0.09375
surrogate, 78, 18.0, 0.09375
surrogate, 78, 18.0, 0.09375
surrogate, 78, 18.0, 0.09375
surrogate, 78, 18.0, 0.09375
surrogate, 78, 18.0, 0.09375
surrogate, 78, 18.0, 0.09375
surrogate, 78, 18.0, 0.09375
surrogate, 78, 18.0, 0.09375
surrogate, 78, 18.0, 0.09375
surrogate, 78, 18.0, 0.09375
surrogate, 78, 18.0, 0.09375
surrogate, 78, 18.0, 0.09375
surrogate, 78, 18.0, 0.09375
surrogate, 78, 18.0, 0.09375
surrogate, 78, 18.0, 0.09375
surrogate, 78, 18.0, 0.09375
surrogate, 78, 18.0, 0.09375
surrogate, 78, 18.0, 0.09375
surrogate, 78, 18.0, 0.09375
surrogate, 78, 18.0, 0.09375
surrogate, 78, 18.0, 0.09375
surrogate, 78, 18.0, 0.09375
surrogate, 78, 18.0, 0.09375
surrogate, 78, 18.0, 0.09375
surrogate, 78, 18.0, 0.09375
surrogate, 78, 18.0, 0.09375
surrogate, 78, 18.0, 0.09375
surrogate, 78, 18.0, 0.09375
surrogate, 78, 18.0, 0.09375
surrogate, 78, 18.0, 0.09375
surrogate, 78, 18.0, 0.09375
surrogate, 78, 18.0, 0.09375
surrogate, 78, 18.0, 0.09375
surrogate, 78, 18.0, 0.09375
surrogate, 78, 18.0, 0.09375
surrogate, 78, 18.0, 0.09375
surrogate, 78, 18.0, 0.09375
surrogate, 78, 18.0, 0.09375
surrogate, 78, 18.0, 0.09375
surrogate, 78, 18.0, 0.09375
surrogate, 78, 18.0, 0.09375
surrogate, 78, 18.0, 0.09375
surrogate, 78, 18.0, 0.09375
surrogate, 78, 18.0, 0.09375
surrogate, 78, 18.0, 0.09375
surrogate, 78, 18.0, 0.09375
surrogate, 78, 18.0, 0.09375
surrogate, 78, 18.0, 0.09375
surrogate, 78, 18.0, 0.09375
surrogate, 78, 18.0, 0.09375
surrogate, 78, 18.0, 0.09375
surrogate, 78, 18.0, 0.09375
surrogate, 79, 31.0, 0.9375
surrogate, 79, 31.0, 0.9375
surrogate, 79, 31.0, 0.9375
surrogate, 79, 31.0, 0.9375
surrogate, 79, 31.0, 0.9375
surrogate, 79, 31.0, 0.9375
surrogate, 79, 31.0, 0.9375
surrogate, 79, 31.0, 0.9375
surrogate, 79, 31.0, 0.9375
surrogate, 79, 31.0, 0.9375
surrogate, 79, 31.0, 0.9375
surrogate, 79, 31.0, 0.9375
surrogate, 79, 31.0, 0.9375
surrogate, 79, 31.0, 0.9375
surrogate, 79, 31.0, 0.9375
surrogate, 79, 31.0, 0.9375
surrogate, 79, 31.0, 0.9375
surrogate, 79, 31.0, 0.9375
surrogate, 79, 31.0, 0.9375
surrogate, 79, 31.0, 0.9375
surrogate, 79, 31.0, 0.9375
surrogate, 79, 31.0, 0.9375
surrogate, 79, 31.0, 0.9375
surrogate, 79, 27.0, 0.625
surrogate, 79, 27.0, 0.625
surrogate, 79, 27.0, 0.625
surrogate, 79, 27.0, 0.625
surrogate, 79, 27.0, 0.625
surrogate, 79, 27.0, 0.625
surrogate, 79, 27.0, 0.625
surrogate, 79, 27.0, 0.625
surrogate, 79, 27.0, 0.625
surrogate, 79, 27.0, 0.625
surrogate, 79, 27.0, 0.625
surrogate, 79, 27.0, 0.625
surrogate, 79, 27.0, 0.625
surrogate, 79, 27.0, 0.625
surrogate, 79, 27.0, 0.625
surrogate, 79, 27.0, 0.625
surrogate, 79, 27.0, 0.625
surrogate, 79, 24.0, 0.5
surrogate, 79, 24.0, 0.5
surrogate, 79, 24.0, 0.5
surrogate, 79, 24.0, 0.5
surrogate, 79, 24.0, 0.5
surrogate, 79, 24.0, 0.5
surrogate, 79, 24.0, 0.5
surrogate, 79, 24.0, 0.5
surrogate, 79, 24.0, 0.5
surrogate, 79, 22.0, 0.3125
surrogate, 79, 22.0, 0.3125
surrogate, 79, 22.0, 0.3125
surrogate, 79, 22.0, 0.3125
surrogate, 79, 22.0, 0.3125
surrogate, 79, 22.0, 0.3125
surrogate, 79, 22.0, 0.3125
surrogate, 79, 22.0, 0.3125
surrogate, 79, 22.0, 0.3125
surrogate, 79, 22.0, 0.3125
surrogate, 79, 22.0, 0.3125
surrogate, 79, 22.0, 0.3125
surrogate, 79, 22.0, 0.3125
surrogate, 79, 22.0, 0.3125
surrogate, 79, 22.0, 0.3125
surrogate, 79, 22.0, 0.3125
surrogate, 79, 22.0, 0.3125
surrogate, 79, 21.0, 0.21875
surrogate, 79, 21.0, 0.21875
surrogate, 79, 21.0, 0.21875
surrogate, 79, 21.0, 0.21875
surrogate, 79, 21.0, 0.21875
surrogate, 79, 21.0, 0.21875
surrogate, 79, 21.0, 0.21875
surrogate, 79, 21.0, 0.21875
surrogate, 79, 21.0, 0.21875
surrogate, 79, 21.0, 0.21875
surrogate, 79, 21.0, 0.21875
surrogate, 79, 21.0, 0.21875
surrogate, 79, 21.0, 0.21875
surrogate, 79, 21.0, 0.21875
surrogate, 79, 21.0, 0.21875
surrogate, 79, 21.0, 0.21875
surrogate, 79, 21.0, 0.21875
surrogate, 79, 21.0, 0.21875
surrogate, 79, 21.0, 0.21875
surrogate, 79, 21.0, 0.21875
surrogate, 79, 21.0, 0.21875
surrogate, 79, 21.0, 0.21875
surrogate, 79, 21.0, 0.21875
surrogate, 79, 21.0, 0.21875
surrogate, 79, 21.0, 0.21875
surrogate, 79, 21.0, 0.21875
surrogate, 79, 21.0, 0.21875
surrogate, 79, 21.0, 0.21875
surrogate, 79, 21.0, 0.21875
surrogate, 79, 21.0, 0.21875
surrogate, 79, 21.0, 0.21875
surrogate, 79, 21.0, 0.21875
surrogate, 79, 21.0, 0.21875
surrogate, 79, 21.0, 0.21875
surrogate, 79, 21.0, 0.21875
surrogate, 79, 21.0, 0.21875
surrogate, 79, 21.0, 0.21875
surrogate, 79, 21.0, 0.21875
surrogate, 79, 21.0, 0.21875
surrogate, 79, 21.0, 0.21875
surrogate, 79, 21.0, 0.21875
surrogate, 79, 18.0, 0.09375
surrogate, 79, 18.0, 0.09375
surrogate, 79, 18.0, 0.09375
surrogate, 79, 18.0, 0.09375
surrogate, 79, 18.0, 0.09375
surrogate, 79, 18.0, 0.09375
surrogate, 79, 18.0, 0.09375
surrogate, 79, 18.0, 0.09375
surrogate, 79, 18.0, 0.09375
surrogate, 79, 18.0, 0.09375
surrogate, 79, 18.0, 0.09375
surrogate, 79, 18.0, 0.09375
surrogate, 79, 18.0, 0.09375
surrogate, 79, 18.0, 0.09375
surrogate, 79, 18.0, 0.09375
surrogate, 79, 18.0, 0.09375
surrogate, 79, 18.0, 0.09375
surrogate, 79, 18.0, 0.09375
surrogate, 79, 18.0, 0.09375
surrogate, 79, 18.0, 0.09375
surrogate, 79, 18.0, 0.09375
surrogate, 79, 18.0, 0.09375
surrogate, 79, 18.0, 0.09375
surrogate, 79, 18.0, 0.09375
surrogate, 79, 18.0, 0.09375
surrogate, 79, 18.0, 0.09375
surrogate, 79, 18.0, 0.09375
surrogate, 79, 18.0, 0.09375
surrogate, 79, 18.0, 0.09375
surrogate, 79, 18.0, 0.09375
surrogate, 79, 18.0, 0.09375
surrogate, 79, 18.0, 0.09375
surrogate, 79, 18.0, 0.09375
surrogate, 79, 18.0, 0.09375
surrogate, 79, 18.0, 0.09375
surrogate, 79, 18.0, 0.09375
surrogate, 79, 18.0, 0.09375
surrogate, 79, 18.0, 0.09375
surrogate, 79, 18.0, 0.09375
surrogate, 79, 18.0, 0.09375
surrogate, 79, 18.0, 0.09375
surrogate, 79, 18.0, 0.09375
surrogate, 79, 18.0, 0.09375
surrogate, 79, 18.0, 0.09375
surrogate, 79, 18.0, 0.09375
surrogate, 79, 18.0, 0.09375
surrogate, 79, 18.0, 0.09375
surrogate, 79, 18.0, 0.09375
surrogate, 79, 18.0, 0.09375
surrogate, 79, 18.0, 0.09375
surrogate, 79, 18.0, 0.09375
surrogate, 79, 18.0, 0.09375
surrogate, 79, 18.0, 0.09375
surrogate, 79, 18.0, 0.09375
surrogate, 79, 18.0, 0.09375
surrogate, 80, 31.0, 0.9375
surrogate, 80, 31.0, 0.9375
surrogate, 80, 31.0, 0.9375
surrogate, 80, 31.0, 0.9375
surrogate, 80, 31.0, 0.9375
surrogate, 80, 31.0, 0.9375
surrogate, 80, 31.0, 0.9375
surrogate, 80, 31.0, 0.9375
surrogate, 80, 31.0, 0.9375
surrogate, 80, 31.0, 0.9375
surrogate, 80, 31.0, 0.9375
surrogate, 80, 31.0, 0.9375
surrogate, 80, 31.0, 0.9375
surrogate, 80, 31.0, 0.9375
surrogate, 80, 31.0, 0.9375
surrogate, 80, 31.0, 0.9375
surrogate, 80, 31.0, 0.9375
surrogate, 80, 31.0, 0.9375
surrogate, 80, 31.0, 0.9375
surrogate, 80, 31.0, 0.9375
surrogate, 80, 31.0, 0.9375
surrogate, 80, 31.0, 0.9375
surrogate, 80, 31.0, 0.9375
surrogate, 80, 27.0, 0.625
surrogate, 80, 27.0, 0.625
surrogate, 80, 27.0, 0.625
surrogate, 80, 27.0, 0.625
surrogate, 80, 27.0, 0.625
surrogate, 80, 27.0, 0.625
surrogate, 80, 27.0, 0.625
surrogate, 80, 27.0, 0.625
surrogate, 80, 27.0, 0.625
surrogate, 80, 27.0, 0.625
surrogate, 80, 27.0, 0.625
surrogate, 80, 27.0, 0.625
surrogate, 80, 27.0, 0.625
surrogate, 80, 27.0, 0.625
surrogate, 80, 27.0, 0.625
surrogate, 80, 27.0, 0.625
surrogate, 80, 27.0, 0.625
surrogate, 80, 24.0, 0.5
surrogate, 80, 24.0, 0.5
surrogate, 80, 24.0, 0.5
surrogate, 80, 24.0, 0.5
surrogate, 80, 24.0, 0.5
surrogate, 80, 24.0, 0.5
surrogate, 80, 24.0, 0.5
surrogate, 80, 24.0, 0.5
surrogate, 80, 24.0, 0.5
surrogate, 80, 22.0, 0.3125
surrogate, 80, 22.0, 0.3125
surrogate, 80, 22.0, 0.3125
surrogate, 80, 22.0, 0.3125
surrogate, 80, 22.0, 0.3125
surrogate, 80, 22.0, 0.3125
surrogate, 80, 22.0, 0.3125
surrogate, 80, 22.0, 0.3125
surrogate, 80, 22.0, 0.3125
surrogate, 80, 22.0, 0.3125
surrogate, 80, 22.0, 0.3125
surrogate, 80, 22.0, 0.3125
surrogate, 80, 22.0, 0.3125
surrogate, 80, 22.0, 0.3125
surrogate, 80, 22.0, 0.3125
surrogate, 80, 22.0, 0.3125
surrogate, 80, 22.0, 0.3125
surrogate, 80, 22.0, 0.3125
surrogate, 80, 21.0, 0.21875
surrogate, 80, 21.0, 0.21875
surrogate, 80, 21.0, 0.21875
surrogate, 80, 21.0, 0.21875
surrogate, 80, 21.0, 0.21875
surrogate, 80, 21.0, 0.21875
surrogate, 80, 21.0, 0.21875
surrogate, 80, 21.0, 0.21875
surrogate, 80, 21.0, 0.21875
surrogate, 80, 21.0, 0.21875
surrogate, 80, 21.0, 0.21875
surrogate, 80, 21.0, 0.21875
surrogate, 80, 21.0, 0.21875
surrogate, 80, 21.0, 0.21875
surrogate, 80, 21.0, 0.21875
surrogate, 80, 21.0, 0.21875
surrogate, 80, 21.0, 0.21875
surrogate, 80, 21.0, 0.21875
surrogate, 80, 21.0, 0.21875
surrogate, 80, 21.0, 0.21875
surrogate, 80, 21.0, 0.21875
surrogate, 80, 21.0, 0.21875
surrogate, 80, 21.0, 0.21875
surrogate, 80, 21.0, 0.21875
surrogate, 80, 21.0, 0.21875
surrogate, 80, 21.0, 0.21875
surrogate, 80, 21.0, 0.21875
surrogate, 80, 21.0, 0.21875
surrogate, 80, 21.0, 0.21875
surrogate, 80, 21.0, 0.21875
surrogate, 80, 21.0, 0.21875
surrogate, 80, 21.0, 0.21875
surrogate, 80, 21.0, 0.21875
surrogate, 80, 21.0, 0.21875
surrogate, 80, 21.0, 0.21875
surrogate, 80, 21.0, 0.21875
surrogate, 80, 21.0, 0.21875
surrogate, 80, 21.0, 0.21875
surrogate, 80, 21.0, 0.21875
surrogate, 80, 21.0, 0.21875
surrogate, 80, 21.0, 0.21875
surrogate, 80, 18.0, 0.09375
surrogate, 80, 18.0, 0.09375
surrogate, 80, 18.0, 0.09375
surrogate, 80, 18.0, 0.09375
surrogate, 80, 18.0, 0.09375
surrogate, 80, 18.0, 0.09375
surrogate, 80, 18.0, 0.09375
surrogate, 80, 18.0, 0.09375
surrogate, 80, 18.0, 0.09375
surrogate, 80, 18.0, 0.09375
surrogate, 80, 18.0, 0.09375
surrogate, 80, 18.0, 0.09375
surrogate, 80, 18.0, 0.09375
surrogate, 80, 18.0, 0.09375
surrogate, 80, 18.0, 0.09375
surrogate, 80, 18.0, 0.09375
surrogate, 80, 18.0, 0.09375
surrogate, 80, 18.0, 0.09375
surrogate, 80, 18.0, 0.09375
surrogate, 80, 18.0, 0.09375
surrogate, 80, 18.0, 0.09375
surrogate, 80, 18.0, 0.09375
surrogate, 80, 18.0, 0.09375
surrogate, 80, 18.0, 0.09375
surrogate, 80, 18.0, 0.09375
surrogate, 80, 18.0, 0.09375
surrogate, 80, 18.0, 0.09375
surrogate, 80, 18.0, 0.09375
surrogate, 80, 18.0, 0.09375
surrogate, 80, 18.0, 0.09375
surrogate, 80, 18.0, 0.09375
surrogate, 80, 18.0, 0.09375
surrogate, 80, 18.0, 0.09375
surrogate, 80, 18.0, 0.09375
surrogate, 80, 18.0, 0.09375
surrogate, 80, 18.0, 0.09375
surrogate, 80, 18.0, 0.09375
surrogate, 80, 18.0, 0.09375
surrogate, 80, 18.0, 0.09375
surrogate, 80, 18.0, 0.09375
surrogate, 80, 18.0, 0.09375
surrogate, 80, 18.0, 0.09375
surrogate, 80, 18.0, 0.09375
surrogate, 80, 18.0, 0.09375
surrogate, 80, 18.0, 0.09375
surrogate, 80, 18.0, 0.09375
surrogate, 80, 18.0, 0.09375
surrogate, 80, 18.0, 0.09375
surrogate, 80, 18.0, 0.09375
surrogate, 80, 18.0, 0.09375
surrogate, 80, 18.0, 0.09375
surrogate, 80, 18.0, 0.09375
surrogate, 80, 18.0, 0.09375
surrogate, 80, 18.0, 0.09375
surrogate, 80, 18.0, 0.09375
surrogate, 80, 18.0, 0.09375
surrogate, 81, 31.0, 0.9375
surrogate, 81, 31.0, 0.9375
surrogate, 81, 31.0, 0.9375
surrogate, 81, 31.0, 0.9375
surrogate, 81, 31.0, 0.9375
surrogate, 81, 31.0, 0.9375
surrogate, 81, 31.0, 0.9375
surrogate, 81, 31.0, 0.9375
surrogate, 81, 31.0, 0.9375
surrogate, 81, 31.0, 0.9375
surrogate, 81, 31.0, 0.9375
surrogate, 81, 31.0, 0.9375
surrogate, 81, 31.0, 0.9375
surrogate, 81, 31.0, 0.9375
surrogate, 81, 31.0, 0.9375
surrogate, 81, 31.0, 0.9375
surrogate, 81, 31.0, 0.9375
surrogate, 81, 31.0, 0.9375
surrogate, 81, 31.0, 0.9375
surrogate, 81, 31.0, 0.9375
surrogate, 81, 31.0, 0.9375
surrogate, 81, 31.0, 0.9375
surrogate, 81, 31.0, 0.9375
surrogate, 81, 27.0, 0.625
surrogate, 81, 27.0, 0.625
surrogate, 81, 27.0, 0.625
surrogate, 81, 27.0, 0.625
surrogate, 81, 27.0, 0.625
surrogate, 81, 27.0, 0.625
surrogate, 81, 27.0, 0.625
surrogate, 81, 27.0, 0.625
surrogate, 81, 27.0, 0.625
surrogate, 81, 27.0, 0.625
surrogate, 81, 27.0, 0.625
surrogate, 81, 27.0, 0.625
surrogate, 81, 27.0, 0.625
surrogate, 81, 27.0, 0.625
surrogate, 81, 27.0, 0.625
surrogate, 81, 27.0, 0.625
surrogate, 81, 27.0, 0.625
surrogate, 81, 24.0, 0.5
surrogate, 81, 24.0, 0.5
surrogate, 81, 24.0, 0.5
surrogate, 81, 24.0, 0.5
surrogate, 81, 24.0, 0.5
surrogate, 81, 24.0, 0.5
surrogate, 81, 24.0, 0.5
surrogate, 81, 24.0, 0.5
surrogate, 81, 24.0, 0.5
surrogate, 81, 22.0, 0.3125
surrogate, 81, 22.0, 0.3125
surrogate, 81, 22.0, 0.3125
surrogate, 81, 22.0, 0.3125
surrogate, 81, 22.0, 0.3125
surrogate, 81, 22.0, 0.3125
surrogate, 81, 22.0, 0.3125
surrogate, 81, 22.0, 0.3125
surrogate, 81, 22.0, 0.3125
surrogate, 81, 22.0, 0.3125
surrogate, 81, 22.0, 0.3125
surrogate, 81, 22.0, 0.3125
surrogate, 81, 22.0, 0.3125
surrogate, 81, 22.0, 0.3125
surrogate, 81, 22.0, 0.3125
surrogate, 81, 22.0, 0.3125
surrogate, 81, 22.0, 0.3125
surrogate, 81, 22.0, 0.3125
surrogate, 81, 22.0, 0.3125
surrogate, 81, 21.0, 0.21875
surrogate, 81, 21.0, 0.21875
surrogate, 81, 21.0, 0.21875
surrogate, 81, 21.0, 0.21875
surrogate, 81, 21.0, 0.21875
surrogate, 81, 21.0, 0.21875
surrogate, 81, 21.0, 0.21875
surrogate, 81, 21.0, 0.21875
surrogate, 81, 21.0, 0.21875
surrogate, 81, 21.0, 0.21875
surrogate, 81, 21.0, 0.21875
surrogate, 81, 21.0, 0.21875
surrogate, 81, 21.0, 0.21875
surrogate, 81, 21.0, 0.21875
surrogate, 81, 21.0, 0.21875
surrogate, 81, 21.0, 0.21875
surrogate, 81, 21.0, 0.21875
surrogate, 81, 21.0, 0.21875
surrogate, 81, 21.0, 0.21875
surrogate, 81, 21.0, 0.21875
surrogate, 81, 21.0, 0.21875
surrogate, 81, 21.0, 0.21875
surrogate, 81, 21.0, 0.21875
surrogate, 81, 21.0, 0.21875
surrogate, 81, 21.0, 0.21875
surrogate, 81, 21.0, 0.21875
surrogate, 81, 21.0, 0.21875
surrogate, 81, 21.0, 0.21875
surrogate, 81, 21.0, 0.21875
surrogate, 81, 21.0, 0.21875
surrogate, 81, 21.0, 0.21875
surrogate, 81, 21.0, 0.21875
surrogate, 81, 21.0, 0.21875
surrogate, 81, 21.0, 0.21875
surrogate, 81, 21.0, 0.21875
surrogate, 81, 21.0, 0.21875
surrogate, 81, 21.0, 0.21875
surrogate, 81, 21.0, 0.21875
surrogate, 81, 21.0, 0.21875
surrogate, 81, 21.0, 0.21875
surrogate, 81, 21.0, 0.21875
surrogate, 81, 21.0, 0.21875
surrogate, 81, 18.0, 0.09375
surrogate, 81, 18.0, 0.09375
surrogate, 81, 18.0, 0.09375
surrogate, 81, 18.0, 0.09375
surrogate, 81, 18.0, 0.09375
surrogate, 81, 18.0, 0.09375
surrogate, 81, 18.0, 0.09375
surrogate, 81, 18.0, 0.09375
surrogate, 81, 18.0, 0.09375
surrogate, 81, 18.0, 0.09375
surrogate, 81, 18.0, 0.09375
surrogate, 81, 18.0, 0.09375
surrogate, 81, 18.0, 0.09375
surrogate, 81, 18.0, 0.09375
surrogate, 81, 18.0, 0.09375
surrogate, 81, 18.0, 0.09375
surrogate, 81, 18.0, 0.09375
surrogate, 81, 18.0, 0.09375
surrogate, 81, 18.0, 0.09375
surrogate, 81, 18.0, 0.09375
surrogate, 81, 18.0, 0.09375
surrogate, 81, 18.0, 0.09375
surrogate, 81, 18.0, 0.09375
surrogate, 81, 18.0, 0.09375
surrogate, 81, 18.0, 0.09375
surrogate, 81, 18.0, 0.09375
surrogate, 81, 18.0, 0.09375
surrogate, 81, 18.0, 0.09375
surrogate, 81, 18.0, 0.09375
surrogate, 81, 18.0, 0.09375
surrogate, 81, 18.0, 0.09375
surrogate, 81, 18.0, 0.09375
surrogate, 81, 18.0, 0.09375
surrogate, 81, 18.0, 0.09375
surrogate, 81, 18.0, 0.09375
surrogate, 81, 18.0, 0.09375
surrogate, 81, 18.0, 0.09375
surrogate, 81, 18.0, 0.09375
surrogate, 81, 18.0, 0.09375
surrogate, 81, 18.0, 0.09375
surrogate, 81, 18.0, 0.09375
surrogate, 81, 18.0, 0.09375
surrogate, 81, 18.0, 0.09375
surrogate, 81, 18.0, 0.09375
surrogate, 81, 18.0, 0.09375
surrogate, 81, 18.0, 0.09375
surrogate, 81, 18.0, 0.09375
surrogate, 81, 18.0, 0.09375
surrogate, 81, 18.0, 0.09375
surrogate, 81, 18.0, 0.09375
surrogate, 81, 18.0, 0.09375
surrogate, 81, 18.0, 0.09375
surrogate, 81, 18.0, 0.09375
surrogate, 81, 18.0, 0.09375
surrogate, 81, 18.0, 0.09375
surrogate, 81, 18.0, 0.09375
surrogate, 81, 18.0, 0.09375
surrogate, 82, 31.0, 0.9375
surrogate, 82, 31.0, 0.9375
surrogate, 82, 31.0, 0.9375
surrogate, 82, 31.0, 0.9375
surrogate, 82, 31.0, 0.9375
surrogate, 82, 31.0, 0.9375
surrogate, 82, 31.0, 0.9375
surrogate, 82, 31.0, 0.9375
surrogate, 82, 31.0, 0.9375
surrogate, 82, 31.0, 0.9375
surrogate, 82, 31.0, 0.9375
surrogate, 82, 31.0, 0.9375
surrogate, 82, 31.0, 0.9375
surrogate, 82, 31.0, 0.9375
surrogate, 82, 31.0, 0.9375
surrogate, 82, 31.0, 0.9375
surrogate, 82, 31.0, 0.9375
surrogate, 82, 31.0, 0.9375
surrogate, 82, 31.0, 0.9375
surrogate, 82, 31.0, 0.9375
surrogate, 82, 31.0, 0.9375
surrogate, 82, 31.0, 0.9375
surrogate, 82, 31.0, 0.9375
surrogate, 82, 31.0, 0.9375
surrogate, 82, 27.0, 0.625
surrogate, 82, 27.0, 0.625
surrogate, 82, 27.0, 0.625
surrogate, 82, 27.0, 0.625
surrogate, 82, 27.0, 0.625
surrogate, 82, 27.0, 0.625
surrogate, 82, 27.0, 0.625
surrogate, 82, 27.0, 0.625
surrogate, 82, 27.0, 0.625
surrogate, 82, 27.0, 0.625
surrogate, 82, 27.0, 0.625
surrogate, 82, 27.0, 0.625
surrogate, 82, 27.0, 0.625
surrogate, 82, 27.0, 0.625
surrogate, 82, 27.0, 0.625
surrogate, 82, 27.0, 0.625
surrogate, 82, 27.0, 0.625
surrogate, 82, 27.0, 0.625
surrogate, 82, 24.0, 0.5
surrogate, 82, 24.0, 0.5
surrogate, 82, 24.0, 0.5
surrogate, 82, 24.0, 0.5
surrogate, 82, 24.0, 0.5
surrogate, 82, 24.0, 0.5
surrogate, 82, 24.0, 0.5
surrogate, 82, 24.0, 0.5
surrogate, 82, 24.0, 0.5
surrogate, 82, 24.0, 0.5
surrogate, 82, 22.0, 0.3125
surrogate, 82, 22.0, 0.3125
surrogate, 82, 22.0, 0.3125
surrogate, 82, 22.0, 0.3125
surrogate, 82, 22.0, 0.3125
surrogate, 82, 22.0, 0.3125
surrogate, 82, 22.0, 0.3125
surrogate, 82, 22.0, 0.3125
surrogate, 82, 22.0, 0.3125
surrogate, 82, 22.0, 0.3125
surrogate, 82, 22.0, 0.3125
surrogate, 82, 22.0, 0.3125
surrogate, 82, 22.0, 0.3125
surrogate, 82, 22.0, 0.3125
surrogate, 82, 22.0, 0.3125
surrogate, 82, 22.0, 0.3125
surrogate, 82, 22.0, 0.3125
surrogate, 82, 22.0, 0.3125
surrogate, 82, 22.0, 0.3125
surrogate, 82, 22.0, 0.3125
surrogate, 82, 21.0, 0.21875
surrogate, 82, 21.0, 0.21875
surrogate, 82, 21.0, 0.21875
surrogate, 82, 21.0, 0.21875
surrogate, 82, 21.0, 0.21875
surrogate, 82, 21.0, 0.21875
surrogate, 82, 21.0, 0.21875
surrogate, 82, 21.0, 0.21875
surrogate, 82, 21.0, 0.21875
surrogate, 82, 21.0, 0.21875
surrogate, 82, 21.0, 0.21875
surrogate, 82, 21.0, 0.21875
surrogate, 82, 21.0, 0.21875
surrogate, 82, 21.0, 0.21875
surrogate, 82, 21.0, 0.21875
surrogate, 82, 21.0, 0.21875
surrogate, 82, 21.0, 0.21875
surrogate, 82, 21.0, 0.21875
surrogate, 82, 21.0, 0.21875
surrogate, 82, 21.0, 0.21875
surrogate, 82, 21.0, 0.21875
surrogate, 82, 21.0, 0.21875
surrogate, 82, 21.0, 0.21875
surrogate, 82, 21.0, 0.21875
surrogate, 82, 21.0, 0.21875
surrogate, 82, 21.0, 0.21875
surrogate, 82, 21.0, 0.21875
surrogate, 82, 21.0, 0.21875
surrogate, 82, 21.0, 0.21875
surrogate, 82, 21.0, 0.21875
surrogate, 82, 21.0, 0.21875
surrogate, 82, 21.0, 0.21875
surrogate, 82, 21.0, 0.21875
surrogate, 82, 21.0, 0.21875
surrogate, 82, 21.0, 0.21875
surrogate, 82, 21.0, 0.21875
surrogate, 82, 21.0, 0.21875
surrogate, 82, 21.0, 0.21875
surrogate, 82, 21.0, 0.21875
surrogate, 82, 21.0, 0.21875
surrogate, 82, 21.0, 0.21875
surrogate, 82, 21.0, 0.21875
surrogate, 82, 21.0, 0.21875
surrogate, 82, 18.0, 0.09375
surrogate, 82, 18.0, 0.09375
surrogate, 82, 18.0, 0.09375
surrogate, 82, 18.0, 0.09375
surrogate, 82, 18.0, 0.09375
surrogate, 82, 18.0, 0.09375
surrogate, 82, 18.0, 0.09375
surrogate, 82, 18.0, 0.09375
surrogate, 82, 18.0, 0.09375
surrogate, 82, 18.0, 0.09375
surrogate, 82, 18.0, 0.09375
surrogate, 82, 18.0, 0.09375
surrogate, 82, 18.0, 0.09375
surrogate, 82, 18.0, 0.09375
surrogate, 82, 18.0, 0.09375
surrogate, 82, 18.0, 0.09375
surrogate, 82, 18.0, 0.09375
surrogate, 82, 18.0, 0.09375
surrogate, 82, 18.0, 0.09375
surrogate, 82, 18.0, 0.09375
surrogate, 82, 18.0, 0.09375
surrogate, 82, 18.0, 0.09375
surrogate, 82, 18.0, 0.09375
surrogate, 82, 18.0, 0.09375
surrogate, 82, 18.0, 0.09375
surrogate, 82, 18.0, 0.09375
surrogate, 82, 18.0, 0.09375
surrogate, 82, 18.0, 0.09375
surrogate, 82, 18.0, 0.09375
surrogate, 82, 18.0, 0.09375
surrogate, 82, 18.0, 0.09375
surrogate, 82, 18.0, 0.09375
surrogate, 82, 18.0, 0.09375
surrogate, 82, 18.0, 0.09375
surrogate, 82, 18.0, 0.09375
surrogate, 82, 18.0, 0.09375
surrogate, 82, 18.0, 0.09375
surrogate, 82, 18.0, 0.09375
surrogate, 82, 18.0, 0.09375
surrogate, 82, 18.0, 0.09375
surrogate, 82, 18.0, 0.09375
surrogate, 82, 18.0, 0.09375
surrogate, 82, 18.0, 0.09375
surrogate, 82, 18.0, 0.09375
surrogate, 82, 18.0, 0.09375
surrogate, 82, 18.0, 0.09375
surrogate, 82, 18.0, 0.09375
surrogate, 82, 18.0, 0.09375
surrogate, 82, 18.0, 0.09375
surrogate, 82, 18.0, 0.09375
surrogate, 82, 18.0, 0.09375
surrogate, 82, 18.0, 0.09375
surrogate, 82, 18.0, 0.09375
surrogate, 82, 18.0, 0.09375
surrogate, 82, 18.0, 0.09375
surrogate, 82, 18.0, 0.09375
surrogate, 82, 18.0, 0.09375
surrogate, 82, 18.0, 0.09375
surrogate, 83, 31.0, 0.9375
surrogate, 83, 31.0, 0.9375
surrogate, 83, 31.0, 0.9375
surrogate, 83, 31.0, 0.9375
surrogate, 83, 31.0, 0.9375
surrogate, 83, 31.0, 0.9375
surrogate, 83, 31.0, 0.9375
surrogate, 83, 31.0, 0.9375
surrogate, 83, 31.0, 0.9375
surrogate, 83, 31.0, 0.9375
surrogate, 83, 31.0, 0.9375
surrogate, 83, 31.0, 0.9375
surrogate, 83, 31.0, 0.9375
surrogate, 83, 31.0, 0.9375
surrogate, 83, 31.0, 0.9375
surrogate, 83, 31.0, 0.9375
surrogate, 83, 31.0, 0.9375
surrogate, 83, 31.0, 0.9375
surrogate, 83, 31.0, 0.9375
surrogate, 83, 31.0, 0.9375
surrogate, 83, 31.0, 0.9375
surrogate, 83, 31.0, 0.9375
surrogate, 83, 31.0, 0.9375
surrogate, 83, 31.0, 0.9375
surrogate, 83, 31.0, 0.9375
surrogate, 83, 27.0, 0.625
surrogate, 83, 27.0, 0.625
surrogate, 83, 27.0, 0.625
surrogate, 83, 27.0, 0.625
surrogate, 83, 27.0, 0.625
surrogate, 83, 27.0, 0.625
surrogate, 83, 27.0, 0.625
surrogate, 83, 27.0, 0.625
surrogate, 83, 27.0, 0.625
surrogate, 83, 27.0, 0.625
surrogate, 83, 27.0, 0.625
surrogate, 83, 27.0, 0.625
surrogate, 83, 27.0, 0.625
surrogate, 83, 27.0, 0.625
surrogate, 83, 27.0, 0.625
surrogate, 83, 27.0, 0.625
surrogate, 83, 27.0, 0.625
surrogate, 83, 27.0, 0.625
surrogate, 83, 27.0, 0.625
surrogate, 83, 24.0, 0.5
surrogate, 83, 24.0, 0.5
surrogate, 83, 24.0, 0.5
surrogate, 83, 24.0, 0.5
surrogate, 83, 24.0, 0.5
surrogate, 83, 24.0, 0.5
surrogate, 83, 24.0, 0.5
surrogate, 83, 24.0, 0.5
surrogate, 83, 24.0, 0.5
surrogate, 83, 24.0, 0.5
surrogate, 83, 24.0, 0.5
surrogate, 83, 22.0, 0.3125
surrogate, 83, 22.0, 0.3125
surrogate, 83, 22.0, 0.3125
surrogate, 83, 22.0, 0.3125
surrogate, 83, 22.0, 0.3125
surrogate, 83, 22.0, 0.3125
surrogate, 83, 22.0, 0.3125
surrogate, 83, 22.0, 0.3125
surrogate, 83, 22.0, 0.3125
surrogate, 83, 22.0, 0.3125
surrogate, 83, 22.0, 0.3125
surrogate, 83, 22.0, 0.3125
surrogate, 83, 22.0, 0.3125
surrogate, 83, 22.0, 0.3125
surrogate, 83, 22.0, 0.3125
surrogate, 83, 22.0, 0.3125
surrogate, 83, 22.0, 0.3125
surrogate, 83, 22.0, 0.3125
surrogate, 83, 22.0, 0.3125
surrogate, 83, 22.0, 0.3125
surrogate, 83, 22.0, 0.3125
surrogate, 83, 21.0, 0.21875
surrogate, 83, 21.0, 0.21875
surrogate, 83, 21.0, 0.21875
surrogate, 83, 21.0, 0.21875
surrogate, 83, 21.0, 0.21875
surrogate, 83, 21.0, 0.21875
surrogate, 83, 21.0, 0.21875
surrogate, 83, 21.0, 0.21875
surrogate, 83, 21.0, 0.21875
surrogate, 83, 21.0, 0.21875
surrogate, 83, 21.0, 0.21875
surrogate, 83, 21.0, 0.21875
surrogate, 83, 21.0, 0.21875
surrogate, 83, 21.0, 0.21875
surrogate, 83, 21.0, 0.21875
surrogate, 83, 21.0, 0.21875
surrogate, 83, 21.0, 0.21875
surrogate, 83, 21.0, 0.21875
surrogate, 83, 21.0, 0.21875
surrogate, 83, 21.0, 0.21875
surrogate, 83, 21.0, 0.21875
surrogate, 83, 21.0, 0.21875
surrogate, 83, 21.0, 0.21875
surrogate, 83, 21.0, 0.21875
surrogate, 83, 21.0, 0.21875
surrogate, 83, 21.0, 0.21875
surrogate, 83, 21.0, 0.21875
surrogate, 83, 21.0, 0.21875
surrogate, 83, 21.0, 0.21875
surrogate, 83, 21.0, 0.21875
surrogate, 83, 21.0, 0.21875
surrogate, 83, 21.0, 0.21875
surrogate, 83, 21.0, 0.21875
surrogate, 83, 21.0, 0.21875
surrogate, 83, 21.0, 0.21875
surrogate, 83, 21.0, 0.21875
surrogate, 83, 21.0, 0.21875
surrogate, 83, 21.0, 0.21875
surrogate, 83, 21.0, 0.21875
surrogate, 83, 21.0, 0.21875
surrogate, 83, 21.0, 0.21875
surrogate, 83, 21.0, 0.21875
surrogate, 83, 21.0, 0.21875
surrogate, 83, 21.0, 0.21875
surrogate, 83, 18.0, 0.09375
surrogate, 83, 18.0, 0.09375
surrogate, 83, 18.0, 0.09375
surrogate, 83, 18.0, 0.09375
surrogate, 83, 18.0, 0.09375
surrogate, 83, 18.0, 0.09375
surrogate, 83, 18.0, 0.09375
surrogate, 83, 18.0, 0.09375
surrogate, 83, 18.0, 0.09375
surrogate, 83, 18.0, 0.09375
surrogate, 83, 18.0, 0.09375
surrogate, 83, 18.0, 0.09375
surrogate, 83, 18.0, 0.09375
surrogate, 83, 18.0, 0.09375
surrogate, 83, 18.0, 0.09375
surrogate, 83, 18.0, 0.09375
surrogate, 83, 18.0, 0.09375
surrogate, 83, 18.0, 0.09375
surrogate, 83, 18.0, 0.09375
surrogate, 83, 18.0, 0.09375
surrogate, 83, 18.0, 0.09375
surrogate, 83, 18.0, 0.09375
surrogate, 83, 18.0, 0.09375
surrogate, 83, 18.0, 0.09375
surrogate, 83, 18.0, 0.09375
surrogate, 83, 18.0, 0.09375
surrogate, 83, 18.0, 0.09375
surrogate, 83, 18.0, 0.09375
surrogate, 83, 18.0, 0.09375
surrogate, 83, 18.0, 0.09375
surrogate, 83, 18.0, 0.09375
surrogate, 83, 18.0, 0.09375
surrogate, 83, 18.0, 0.09375
surrogate, 83, 18.0, 0.09375
surrogate, 83, 18.0, 0.09375
surrogate, 83, 18.0, 0.09375
surrogate, 83, 18.0, 0.09375
surrogate, 83, 18.0, 0.09375
surrogate, 83, 18.0, 0.09375
surrogate, 83, 18.0, 0.09375
surrogate, 83, 18.0, 0.09375
surrogate, 83, 18.0, 0.09375
surrogate, 83, 18.0, 0.09375
surrogate, 83, 18.0, 0.09375
surrogate, 83, 18.0, 0.09375
surrogate, 83, 18.0, 0.09375
surrogate, 83, 18.0, 0.09375
surrogate, 83, 18.0, 0.09375
surrogate, 83, 18.0, 0.09375
surrogate, 83, 18.0, 0.09375
surrogate, 83, 18.0, 0.09375
surrogate, 83, 18.0, 0.09375
surrogate, 83, 18.0, 0.09375
surrogate, 83, 18.0, 0.09375
surrogate, 83, 18.0, 0.09375
surrogate, 83, 18.0, 0.09375
surrogate, 83, 18.0, 0.09375
surrogate, 83, 18.0, 0.09375
surrogate, 83, 18.0, 0.09375
surrogate, 84, 31.0, 0.9375
surrogate, 84, 31.0, 0.9375
surrogate, 84, 31.0, 0.9375
surrogate, 84, 31.0, 0.9375
surrogate, 84, 31.0, 0.9375
surrogate, 84, 31.0, 0.9375
surrogate, 84, 31.0, 0.9375
surrogate, 84, 31.0, 0.9375
surrogate, 84, 31.0, 0.9375
surrogate, 84, 31.0, 0.9375
surrogate, 84, 31.0, 0.9375
surrogate, 84, 31.0, 0.9375
surrogate, 84, 31.0, 0.9375
surrogate, 84, 31.0, 0.9375
surrogate, 84, 31.0, 0.9375
surrogate, 84, 31.0, 0.9375
surrogate, 84, 31.0, 0.9375
surrogate, 84, 31.0, 0.9375
surrogate, 84, 31.0, 0.9375
surrogate, 84, 31.0, 0.9375
surrogate, 84, 31.0, 0.9375
surrogate, 84, 31.0, 0.9375
surrogate, 84, 31.0, 0.9375
surrogate, 84, 31.0, 0.9375
surrogate, 84, 31.0, 0.9375
surrogate, 84, 31.0, 0.9375
surrogate, 84, 27.0, 0.625
surrogate, 84, 27.0, 0.625
surrogate, 84, 27.0, 0.625
surrogate, 84, 27.0, 0.625
surrogate, 84, 27.0, 0.625
surrogate, 84, 27.0, 0.625
surrogate, 84, 27.0, 0.625
surrogate, 84, 27.0, 0.625
surrogate, 84, 27.0, 0.625
surrogate, 84, 27.0, 0.625
surrogate, 84, 27.0, 0.625
surrogate, 84, 27.0, 0.625
surrogate, 84, 27.0, 0.625
surrogate, 84, 27.0, 0.625
surrogate, 84, 27.0, 0.625
surrogate, 84, 27.0, 0.625
surrogate, 84, 27.0, 0.625
surrogate, 84, 27.0, 0.625
surrogate, 84, 27.0, 0.625
surrogate, 84, 24.0, 0.5
surrogate, 84, 24.0, 0.5
surrogate, 84, 24.0, 0.5
surrogate, 84, 24.0, 0.5
surrogate, 84, 24.0, 0.5
surrogate, 84, 24.0, 0.5
surrogate, 84, 24.0, 0.5
surrogate, 84, 24.0, 0.5
surrogate, 84, 24.0, 0.5
surrogate, 84, 24.0, 0.5
surrogate, 84, 24.0, 0.5
surrogate, 84, 22.0, 0.3125
surrogate, 84, 22.0, 0.3125
surrogate, 84, 22.0, 0.3125
surrogate, 84, 22.0, 0.3125
surrogate, 84, 22.0, 0.3125
surrogate, 84, 22.0, 0.3125
surrogate, 84, 22.0, 0.3125
surrogate, 84, 22.0, 0.3125
surrogate, 84, 22.0, 0.3125
surrogate, 84, 22.0, 0.3125
surrogate, 84, 22.0, 0.3125
surrogate, 84, 22.0, 0.3125
surrogate, 84, 22.0, 0.3125
surrogate, 84, 22.0, 0.3125
surrogate, 84, 22.0, 0.3125
surrogate, 84, 22.0, 0.3125
surrogate, 84, 22.0, 0.3125
surrogate, 84, 22.0, 0.3125
surrogate, 84, 22.0, 0.3125
surrogate, 84, 22.0, 0.3125
surrogate, 84, 22.0, 0.3125
surrogate, 84, 22.0, 0.3125
surrogate, 84, 21.0, 0.21875
surrogate, 84, 21.0, 0.21875
surrogate, 84, 21.0, 0.21875
surrogate, 84, 21.0, 0.21875
surrogate, 84, 21.0, 0.21875
surrogate, 84, 21.0, 0.21875
surrogate, 84, 21.0, 0.21875
surrogate, 84, 21.0, 0.21875
surrogate, 84, 21.0, 0.21875
surrogate, 84, 21.0, 0.21875
surrogate, 84, 21.0, 0.21875
surrogate, 84, 21.0, 0.21875
surrogate, 84, 21.0, 0.21875
surrogate, 84, 21.0, 0.21875
surrogate, 84, 21.0, 0.21875
surrogate, 84, 21.0, 0.21875
surrogate, 84, 21.0, 0.21875
surrogate, 84, 21.0, 0.21875
surrogate, 84, 21.0, 0.21875
surrogate, 84, 21.0, 0.21875
surrogate, 84, 21.0, 0.21875
surrogate, 84, 21.0, 0.21875
surrogate, 84, 21.0, 0.21875
surrogate, 84, 21.0, 0.21875
surrogate, 84, 21.0, 0.21875
surrogate, 84, 21.0, 0.21875
surrogate, 84, 21.0, 0.21875
surrogate, 84, 21.0, 0.21875
surrogate, 84, 21.0, 0.21875
surrogate, 84, 21.0, 0.21875
surrogate, 84, 21.0, 0.21875
surrogate, 84, 21.0, 0.21875
surrogate, 84, 21.0, 0.21875
surrogate, 84, 21.0, 0.21875
surrogate, 84, 21.0, 0.21875
surrogate, 84, 21.0, 0.21875
surrogate, 84, 21.0, 0.21875
surrogate, 84, 21.0, 0.21875
surrogate, 84, 21.0, 0.21875
surrogate, 84, 21.0, 0.21875
surrogate, 84, 21.0, 0.21875
surrogate, 84, 21.0, 0.21875
surrogate, 84, 21.0, 0.21875
surrogate, 84, 21.0, 0.21875
surrogate, 84, 18.0, 0.09375
surrogate, 84, 18.0, 0.09375
surrogate, 84, 18.0, 0.09375
surrogate, 84, 18.0, 0.09375
surrogate, 84, 18.0, 0.09375
surrogate, 84, 18.0, 0.09375
surrogate, 84, 18.0, 0.09375
surrogate, 84, 18.0, 0.09375
surrogate, 84, 18.0, 0.09375
surrogate, 84, 18.0, 0.09375
surrogate, 84, 18.0, 0.09375
surrogate, 84, 18.0, 0.09375
surrogate, 84, 18.0, 0.09375
surrogate, 84, 18.0, 0.09375
surrogate, 84, 18.0, 0.09375
surrogate, 84, 18.0, 0.09375
surrogate, 84, 18.0, 0.09375
surrogate, 84, 18.0, 0.09375
surrogate, 84, 18.0, 0.09375
surrogate, 84, 18.0, 0.09375
surrogate, 84, 18.0, 0.09375
surrogate, 84, 18.0, 0.09375
surrogate, 84, 18.0, 0.09375
surrogate, 84, 18.0, 0.09375
surrogate, 84, 18.0, 0.09375
surrogate, 84, 18.0, 0.09375
surrogate, 84, 18.0, 0.09375
surrogate, 84, 18.0, 0.09375
surrogate, 84, 18.0, 0.09375
surrogate, 84, 18.0, 0.09375
surrogate, 84, 18.0, 0.09375
surrogate, 84, 18.0, 0.09375
surrogate, 84, 18.0, 0.09375
surrogate, 84, 18.0, 0.09375
surrogate, 84, 18.0, 0.09375
surrogate, 84, 18.0, 0.09375
surrogate, 84, 18.0, 0.09375
surrogate, 84, 18.0, 0.09375
surrogate, 84, 18.0, 0.09375
surrogate, 84, 18.0, 0.09375
surrogate, 84, 18.0, 0.09375
surrogate, 84, 18.0, 0.09375
surrogate, 84, 18.0, 0.09375
surrogate, 84, 18.0, 0.09375
surrogate, 84, 18.0, 0.09375
surrogate, 84, 18.0, 0.09375
surrogate, 84, 18.0, 0.09375
surrogate, 84, 18.0, 0.09375
surrogate, 84, 18.0, 0.09375
surrogate, 84, 18.0, 0.09375
surrogate, 84, 18.0, 0.09375
surrogate, 84, 18.0, 0.09375
surrogate, 84, 18.0, 0.09375
surrogate, 84, 18.0, 0.09375
surrogate, 84, 18.0, 0.09375
surrogate, 84, 18.0, 0.09375
surrogate, 84, 18.0, 0.09375
surrogate, 84, 18.0, 0.09375
surrogate, 84, 18.0, 0.09375
surrogate, 84, 18.0, 0.09375
surrogate, 85, 31.0, 0.9375
surrogate, 85, 31.0, 0.9375
surrogate, 85, 31.0, 0.9375
surrogate, 85, 31.0, 0.9375
surrogate, 85, 31.0, 0.9375
surrogate, 85, 31.0, 0.9375
surrogate, 85, 31.0, 0.9375
surrogate, 85, 31.0, 0.9375
surrogate, 85, 31.0, 0.9375
surrogate, 85, 31.0, 0.9375
surrogate, 85, 31.0, 0.9375
surrogate, 85, 31.0, 0.9375
surrogate, 85, 31.0, 0.9375
surrogate, 85, 31.0, 0.9375
surrogate, 85, 31.0, 0.9375
surrogate, 85, 31.0, 0.9375
surrogate, 85, 31.0, 0.9375
surrogate, 85, 31.0, 0.9375
surrogate, 85, 31.0, 0.9375
surrogate, 85, 31.0, 0.9375
surrogate, 85, 31.0, 0.9375
surrogate, 85, 31.0, 0.9375
surrogate, 85, 31.0, 0.9375
surrogate, 85, 31.0, 0.9375
surrogate, 85, 31.0, 0.9375
surrogate, 85, 31.0, 0.9375
surrogate, 85, 27.0, 0.625
surrogate, 85, 27.0, 0.625
surrogate, 85, 27.0, 0.625
surrogate, 85, 27.0, 0.625
surrogate, 85, 27.0, 0.625
surrogate, 85, 27.0, 0.625
surrogate, 85, 27.0, 0.625
surrogate, 85, 27.0, 0.625
surrogate, 85, 27.0, 0.625
surrogate, 85, 27.0, 0.625
surrogate, 85, 27.0, 0.625
surrogate, 85, 27.0, 0.625
surrogate, 85, 27.0, 0.625
surrogate, 85, 27.0, 0.625
surrogate, 85, 27.0, 0.625
surrogate, 85, 27.0, 0.625
surrogate, 85, 27.0, 0.625
surrogate, 85, 27.0, 0.625
surrogate, 85, 27.0, 0.625
surrogate, 85, 27.0, 0.625
surrogate, 85, 24.0, 0.5
surrogate, 85, 24.0, 0.5
surrogate, 85, 24.0, 0.5
surrogate, 85, 24.0, 0.5
surrogate, 85, 24.0, 0.5
surrogate, 85, 24.0, 0.5
surrogate, 85, 24.0, 0.5
surrogate, 85, 24.0, 0.5
surrogate, 85, 24.0, 0.5
surrogate, 85, 24.0, 0.5
surrogate, 85, 24.0, 0.5
surrogate, 85, 22.0, 0.3125
surrogate, 85, 22.0, 0.3125
surrogate, 85, 22.0, 0.3125
surrogate, 85, 22.0, 0.3125
surrogate, 85, 22.0, 0.3125
surrogate, 85, 22.0, 0.3125
surrogate, 85, 22.0, 0.3125
surrogate, 85, 22.0, 0.3125
surrogate, 85, 22.0, 0.3125
surrogate, 85, 22.0, 0.3125
surrogate, 85, 22.0, 0.3125
surrogate, 85, 22.0, 0.3125
surrogate, 85, 22.0, 0.3125
surrogate, 85, 22.0, 0.3125
surrogate, 85, 22.0, 0.3125
surrogate, 85, 22.0, 0.3125
surrogate, 85, 22.0, 0.3125
surrogate, 85, 22.0, 0.3125
surrogate, 85, 22.0, 0.3125
surrogate, 85, 22.0, 0.3125
surrogate, 85, 22.0, 0.3125
surrogate, 85, 22.0, 0.3125
surrogate, 85, 21.0, 0.21875
surrogate, 85, 21.0, 0.21875
surrogate, 85, 21.0, 0.21875
surrogate, 85, 21.0, 0.21875
surrogate, 85, 21.0, 0.21875
surrogate, 85, 21.0, 0.21875
surrogate, 85, 21.0, 0.21875
surrogate, 85, 21.0, 0.21875
surrogate, 85, 21.0, 0.21875
surrogate, 85, 21.0, 0.21875
surrogate, 85, 21.0, 0.21875
surrogate, 85, 21.0, 0.21875
surrogate, 85, 21.0, 0.21875
surrogate, 85, 21.0, 0.21875
surrogate, 85, 21.0, 0.21875
surrogate, 85, 21.0, 0.21875
surrogate, 85, 21.0, 0.21875
surrogate, 85, 21.0, 0.21875
surrogate, 85, 21.0, 0.21875
surrogate, 85, 21.0, 0.21875
surrogate, 85, 21.0, 0.21875
surrogate, 85, 21.0, 0.21875
surrogate, 85, 21.0, 0.21875
surrogate, 85, 21.0, 0.21875
surrogate, 85, 21.0, 0.21875
surrogate, 85, 21.0, 0.21875
surrogate, 85, 21.0, 0.21875
surrogate, 85, 21.0, 0.21875
surrogate, 85, 21.0, 0.21875
surrogate, 85, 21.0, 0.21875
surrogate, 85, 21.0, 0.21875
surrogate, 85, 21.0, 0.21875
surrogate, 85, 21.0, 0.21875
surrogate, 85, 21.0, 0.21875
surrogate, 85, 21.0, 0.21875
surrogate, 85, 21.0, 0.21875
surrogate, 85, 21.0, 0.21875
surrogate, 85, 21.0, 0.21875
surrogate, 85, 21.0, 0.21875
surrogate, 85, 21.0, 0.21875
surrogate, 85, 21.0, 0.21875
surrogate, 85, 21.0, 0.21875
surrogate, 85, 21.0, 0.21875
surrogate, 85, 21.0, 0.21875
surrogate, 85, 21.0, 0.21875
surrogate, 85, 18.0, 0.09375
surrogate, 85, 18.0, 0.09375
surrogate, 85, 18.0, 0.09375
surrogate, 85, 18.0, 0.09375
surrogate, 85, 18.0, 0.09375
surrogate, 85, 18.0, 0.09375
surrogate, 85, 18.0, 0.09375
surrogate, 85, 18.0, 0.09375
surrogate, 85, 18.0, 0.09375
surrogate, 85, 18.0, 0.09375
surrogate, 85, 18.0, 0.09375
surrogate, 85, 18.0, 0.09375
surrogate, 85, 18.0, 0.09375
surrogate, 85, 18.0, 0.09375
surrogate, 85, 18.0, 0.09375
surrogate, 85, 18.0, 0.09375
surrogate, 85, 18.0, 0.09375
surrogate, 85, 18.0, 0.09375
surrogate, 85, 18.0, 0.09375
surrogate, 85, 18.0, 0.09375
surrogate, 85, 18.0, 0.09375
surrogate, 85, 18.0, 0.09375
surrogate, 85, 18.0, 0.09375
surrogate, 85, 18.0, 0.09375
surrogate, 85, 18.0, 0.09375
surrogate, 85, 18.0, 0.09375
surrogate, 85, 18.0, 0.09375
surrogate, 85, 18.0, 0.09375
surrogate, 85, 18.0, 0.09375
surrogate, 85, 18.0, 0.09375
surrogate, 85, 18.0, 0.09375
surrogate, 85, 18.0, 0.09375
surrogate, 85, 18.0, 0.09375
surrogate, 85, 18.0, 0.09375
surrogate, 85, 18.0, 0.09375
surrogate, 85, 18.0, 0.09375
surrogate, 85, 18.0, 0.09375
surrogate, 85, 18.0, 0.09375
surrogate, 85, 18.0, 0.09375
surrogate, 85, 18.0, 0.09375
surrogate, 85, 18.0, 0.09375
surrogate, 85, 18.0, 0.09375
surrogate, 85, 18.0, 0.09375
surrogate, 85, 18.0, 0.09375
surrogate, 85, 18.0, 0.09375
surrogate, 85, 18.0, 0.09375
surrogate, 85, 18.0, 0.09375
surrogate, 85, 18.0, 0.09375
surrogate, 85, 18.0, 0.09375
surrogate, 85, 18.0, 0.09375
surrogate, 85, 18.0, 0.09375
surrogate, 85, 18.0, 0.09375
surrogate, 85, 18.0, 0.09375
surrogate, 85, 18.0, 0.09375
surrogate, 85, 18.0, 0.09375
surrogate, 85, 18.0, 0.09375
surrogate, 85, 18.0, 0.09375
surrogate, 85, 18.0, 0.09375
surrogate, 85, 18.0, 0.09375
surrogate, 85, 18.0, 0.09375
surrogate, 85, 18.0, 0.09375
surrogate, 86, 31.0, 0.9375
surrogate, 86, 31.0, 0.9375
surrogate, 86, 31.0, 0.9375
surrogate, 86, 31.0, 0.9375
surrogate, 86, 31.0, 0.9375
surrogate, 86, 31.0, 0.9375
surrogate, 86, 31.0, 0.9375
surrogate, 86, 31.0, 0.9375
surrogate, 86, 31.0, 0.9375
surrogate, 86, 31.0, 0.9375
surrogate, 86, 31.0, 0.9375
surrogate, 86, 31.0, 0.9375
surrogate, 86, 31.0, 0.9375
surrogate, 86, 31.0, 0.9375
surrogate, 86, 31.0, 0.9375
surrogate, 86, 31.0, 0.9375
surrogate, 86, 31.0, 0.9375
surrogate, 86, 31.0, 0.9375
surrogate, 86, 31.0, 0.9375
surrogate, 86, 31.0, 0.9375
surrogate, 86, 31.0, 0.9375
surrogate, 86, 31.0, 0.9375
surrogate, 86, 31.0, 0.9375
surrogate, 86, 31.0, 0.9375
surrogate, 86, 31.0, 0.9375
surrogate, 86, 31.0, 0.9375
surrogate, 86, 27.0, 0.625
surrogate, 86, 27.0, 0.625
surrogate, 86, 27.0, 0.625
surrogate, 86, 27.0, 0.625
surrogate, 86, 27.0, 0.625
surrogate, 86, 27.0, 0.625
surrogate, 86, 27.0, 0.625
surrogate, 86, 27.0, 0.625
surrogate, 86, 27.0, 0.625
surrogate, 86, 27.0, 0.625
surrogate, 86, 27.0, 0.625
surrogate, 86, 27.0, 0.625
surrogate, 86, 27.0, 0.625
surrogate, 86, 27.0, 0.625
surrogate, 86, 27.0, 0.625
surrogate, 86, 27.0, 0.625
surrogate, 86, 27.0, 0.625
surrogate, 86, 27.0, 0.625
surrogate, 86, 27.0, 0.625
surrogate, 86, 27.0, 0.625
surrogate, 86, 24.0, 0.5
surrogate, 86, 24.0, 0.5
surrogate, 86, 24.0, 0.5
surrogate, 86, 24.0, 0.5
surrogate, 86, 24.0, 0.5
surrogate, 86, 24.0, 0.5
surrogate, 86, 24.0, 0.5
surrogate, 86, 24.0, 0.5
surrogate, 86, 24.0, 0.5
surrogate, 86, 24.0, 0.5
surrogate, 86, 24.0, 0.5
surrogate, 86, 24.0, 0.5
surrogate, 86, 22.0, 0.3125
surrogate, 86, 22.0, 0.3125
surrogate, 86, 22.0, 0.3125
surrogate, 86, 22.0, 0.3125
surrogate, 86, 22.0, 0.3125
surrogate, 86, 22.0, 0.3125
surrogate, 86, 22.0, 0.3125
surrogate, 86, 22.0, 0.3125
surrogate, 86, 22.0, 0.3125
surrogate, 86, 22.0, 0.3125
surrogate, 86, 22.0, 0.3125
surrogate, 86, 22.0, 0.3125
surrogate, 86, 22.0, 0.3125
surrogate, 86, 22.0, 0.3125
surrogate, 86, 22.0, 0.3125
surrogate, 86, 22.0, 0.3125
surrogate, 86, 22.0, 0.3125
surrogate, 86, 22.0, 0.3125
surrogate, 86, 22.0, 0.3125
surrogate, 86, 22.0, 0.3125
surrogate, 86, 22.0, 0.3125
surrogate, 86, 22.0, 0.3125
surrogate, 86, 22.0, 0.3125
surrogate, 86, 21.0, 0.21875
surrogate, 86, 21.0, 0.21875
surrogate, 86, 21.0, 0.21875
surrogate, 86, 21.0, 0.21875
surrogate, 86, 21.0, 0.21875
surrogate, 86, 21.0, 0.21875
surrogate, 86, 21.0, 0.21875
surrogate, 86, 21.0, 0.21875
surrogate, 86, 21.0, 0.21875
surrogate, 86, 21.0, 0.21875
surrogate, 86, 21.0, 0.21875
surrogate, 86, 21.0, 0.21875
surrogate, 86, 21.0, 0.21875
surrogate, 86, 21.0, 0.21875
surrogate, 86, 21.0, 0.21875
surrogate, 86, 21.0, 0.21875
surrogate, 86, 21.0, 0.21875
surrogate, 86, 21.0, 0.21875
surrogate, 86, 21.0, 0.21875
surrogate, 86, 21.0, 0.21875
surrogate, 86, 21.0, 0.21875
surrogate, 86, 21.0, 0.21875
surrogate, 86, 21.0, 0.21875
surrogate, 86, 21.0, 0.21875
surrogate, 86, 21.0, 0.21875
surrogate, 86, 21.0, 0.21875
surrogate, 86, 21.0, 0.21875
surrogate, 86, 21.0, 0.21875
surrogate, 86, 21.0, 0.21875
surrogate, 86, 21.0, 0.21875
surrogate, 86, 21.0, 0.21875
surrogate, 86, 21.0, 0.21875
surrogate, 86, 21.0, 0.21875
surrogate, 86, 21.0, 0.21875
surrogate, 86, 21.0, 0.21875
surrogate, 86, 21.0, 0.21875
surrogate, 86, 21.0, 0.21875
surrogate, 86, 21.0, 0.21875
surrogate, 86, 21.0, 0.21875
surrogate, 86, 21.0, 0.21875
surrogate, 86, 21.0, 0.21875
surrogate, 86, 21.0, 0.21875
surrogate, 86, 21.0, 0.21875
surrogate, 86, 21.0, 0.21875
surrogate, 86, 21.0, 0.21875
surrogate, 86, 21.0, 0.21875
surrogate, 86, 18.0, 0.09375
surrogate, 86, 18.0, 0.09375
surrogate, 86, 18.0, 0.09375
surrogate, 86, 18.0, 0.09375
surrogate, 86, 18.0, 0.09375
surrogate, 86, 18.0, 0.09375
surrogate, 86, 18.0, 0.09375
surrogate, 86, 18.0, 0.09375
surrogate, 86, 18.0, 0.09375
surrogate, 86, 18.0, 0.09375
surrogate, 86, 18.0, 0.09375
surrogate, 86, 18.0, 0.09375
surrogate, 86, 18.0, 0.09375
surrogate, 86, 18.0, 0.09375
surrogate, 86, 18.0, 0.09375
surrogate, 86, 18.0, 0.09375
surrogate, 86, 18.0, 0.09375
surrogate, 86, 18.0, 0.09375
surrogate, 86, 18.0, 0.09375
surrogate, 86, 18.0, 0.09375
surrogate, 86, 18.0, 0.09375
surrogate, 86, 18.0, 0.09375
surrogate, 86, 18.0, 0.09375
surrogate, 86, 18.0, 0.09375
surrogate, 86, 18.0, 0.09375
surrogate, 86, 18.0, 0.09375
surrogate, 86, 18.0, 0.09375
surrogate, 86, 18.0, 0.09375
surrogate, 86, 18.0, 0.09375
surrogate, 86, 18.0, 0.09375
surrogate, 86, 18.0, 0.09375
surrogate, 86, 18.0, 0.09375
surrogate, 86, 18.0, 0.09375
surrogate, 86, 18.0, 0.09375
surrogate, 86, 18.0, 0.09375
surrogate, 86, 18.0, 0.09375
surrogate, 86, 18.0, 0.09375
surrogate, 86, 18.0, 0.09375
surrogate, 86, 18.0, 0.09375
surrogate, 86, 18.0, 0.09375
surrogate, 86, 18.0, 0.09375
surrogate, 86, 18.0, 0.09375
surrogate, 86, 18.0, 0.09375
surrogate, 86, 18.0, 0.09375
surrogate, 86, 18.0, 0.09375
surrogate, 86, 18.0, 0.09375
surrogate, 86, 18.0, 0.09375
surrogate, 86, 18.0, 0.09375
surrogate, 86, 18.0, 0.09375
surrogate, 86, 18.0, 0.09375
surrogate, 86, 18.0, 0.09375
surrogate, 86, 18.0, 0.09375
surrogate, 86, 18.0, 0.09375
surrogate, 86, 18.0, 0.09375
surrogate, 86, 18.0, 0.09375
surrogate, 86, 18.0, 0.09375
surrogate, 86, 18.0, 0.09375
surrogate, 86, 18.0, 0.09375
surrogate, 86, 18.0, 0.09375
surrogate, 86, 18.0, 0.09375
surrogate, 86, 18.0, 0.09375
surrogate, 86, 18.0, 0.09375
surrogate, 87, 31.0, 0.9375
surrogate, 87, 31.0, 0.9375
surrogate, 87, 31.0, 0.9375
surrogate, 87, 31.0, 0.9375
surrogate, 87, 31.0, 0.9375
surrogate, 87, 31.0, 0.9375
surrogate, 87, 31.0, 0.9375
surrogate, 87, 31.0, 0.9375
surrogate, 87, 31.0, 0.9375
surrogate, 87, 31.0, 0.9375
surrogate, 87, 31.0, 0.9375
surrogate, 87, 31.0, 0.9375
surrogate, 87, 31.0, 0.9375
surrogate, 87, 31.0, 0.9375
surrogate, 87, 31.0, 0.9375
surrogate, 87, 31.0, 0.9375
surrogate, 87, 31.0, 0.9375
surrogate, 87, 31.0, 0.9375
surrogate, 87, 31.0, 0.9375
surrogate, 87, 31.0, 0.9375
surrogate, 87, 31.0, 0.9375
surrogate, 87, 31.0, 0.9375
surrogate, 87, 31.0, 0.9375
surrogate, 87, 31.0, 0.9375
surrogate, 87, 31.0, 0.9375
surrogate, 87, 31.0, 0.9375
surrogate, 87, 27.0, 0.625
surrogate, 87, 27.0, 0.625
surrogate, 87, 27.0, 0.625
surrogate, 87, 27.0, 0.625
surrogate, 87, 27.0, 0.625
surrogate, 87, 27.0, 0.625
surrogate, 87, 27.0, 0.625
surrogate, 87, 27.0, 0.625
surrogate, 87, 27.0, 0.625
surrogate, 87, 27.0, 0.625
surrogate, 87, 27.0, 0.625
surrogate, 87, 27.0, 0.625
surrogate, 87, 27.0, 0.625
surrogate, 87, 27.0, 0.625
surrogate, 87, 27.0, 0.625
surrogate, 87, 27.0, 0.625
surrogate, 87, 27.0, 0.625
surrogate, 87, 27.0, 0.625
surrogate, 87, 27.0, 0.625
surrogate, 87, 27.0, 0.625
surrogate, 87, 24.0, 0.5
surrogate, 87, 24.0, 0.5
surrogate, 87, 24.0, 0.5
surrogate, 87, 24.0, 0.5
surrogate, 87, 24.0, 0.5
surrogate, 87, 24.0, 0.5
surrogate, 87, 24.0, 0.5
surrogate, 87, 24.0, 0.5
surrogate, 87, 24.0, 0.5
surrogate, 87, 24.0, 0.5
surrogate, 87, 24.0, 0.5
surrogate, 87, 24.0, 0.5
surrogate, 87, 24.0, 0.5
surrogate, 87, 22.0, 0.3125
surrogate, 87, 22.0, 0.3125
surrogate, 87, 22.0, 0.3125
surrogate, 87, 22.0, 0.3125
surrogate, 87, 22.0, 0.3125
surrogate, 87, 22.0, 0.3125
surrogate, 87, 22.0, 0.3125
surrogate, 87, 22.0, 0.3125
surrogate, 87, 22.0, 0.3125
surrogate, 87, 22.0, 0.3125
surrogate, 87, 22.0, 0.3125
surrogate, 87, 22.0, 0.3125
surrogate, 87, 22.0, 0.3125
surrogate, 87, 22.0, 0.3125
surrogate, 87, 22.0, 0.3125
surrogate, 87, 22.0, 0.3125
surrogate, 87, 22.0, 0.3125
surrogate, 87, 22.0, 0.3125
surrogate, 87, 22.0, 0.3125
surrogate, 87, 22.0, 0.3125
surrogate, 87, 22.0, 0.3125
surrogate, 87, 22.0, 0.3125
surrogate, 87, 22.0, 0.3125
surrogate, 87, 22.0, 0.3125
surrogate, 87, 21.0, 0.21875
surrogate, 87, 21.0, 0.21875
surrogate, 87, 21.0, 0.21875
surrogate, 87, 21.0, 0.21875
surrogate, 87, 21.0, 0.21875
surrogate, 87, 21.0, 0.21875
surrogate, 87, 21.0, 0.21875
surrogate, 87, 21.0, 0.21875
surrogate, 87, 21.0, 0.21875
surrogate, 87, 21.0, 0.21875
surrogate, 87, 21.0, 0.21875
surrogate, 87, 21.0, 0.21875
surrogate, 87, 21.0, 0.21875
surrogate, 87, 21.0, 0.21875
surrogate, 87, 21.0, 0.21875
surrogate, 87, 21.0, 0.21875
surrogate, 87, 21.0, 0.21875
surrogate, 87, 21.0, 0.21875
surrogate, 87, 21.0, 0.21875
surrogate, 87, 21.0, 0.21875
surrogate, 87, 21.0, 0.21875
surrogate, 87, 21.0, 0.21875
surrogate, 87, 21.0, 0.21875
surrogate, 87, 21.0, 0.21875
surrogate, 87, 21.0, 0.21875
surrogate, 87, 21.0, 0.21875
surrogate, 87, 21.0, 0.21875
surrogate, 87, 21.0, 0.21875
surrogate, 87, 21.0, 0.21875
surrogate, 87, 21.0, 0.21875
surrogate, 87, 21.0, 0.21875
surrogate, 87, 21.0, 0.21875
surrogate, 87, 21.0, 0.21875
surrogate, 87, 21.0, 0.21875
surrogate, 87, 21.0, 0.21875
surrogate, 87, 21.0, 0.21875
surrogate, 87, 21.0, 0.21875
surrogate, 87, 21.0, 0.21875
surrogate, 87, 21.0, 0.21875
surrogate, 87, 21.0, 0.21875
surrogate, 87, 21.0, 0.21875
surrogate, 87, 21.0, 0.21875
surrogate, 87, 21.0, 0.21875
surrogate, 87, 21.0, 0.21875
surrogate, 87, 21.0, 0.21875
surrogate, 87, 21.0, 0.21875
surrogate, 87, 21.0, 0.21875
surrogate, 87, 18.0, 0.09375
surrogate, 87, 18.0, 0.09375
surrogate, 87, 18.0, 0.09375
surrogate, 87, 18.0, 0.09375
surrogate, 87, 18.0, 0.09375
surrogate, 87, 18.0, 0.09375
surrogate, 87, 18.0, 0.09375
surrogate, 87, 18.0, 0.09375
surrogate, 87, 18.0, 0.09375
surrogate, 87, 18.0, 0.09375
surrogate, 87, 18.0, 0.09375
surrogate, 87, 18.0, 0.09375
surrogate, 87, 18.0, 0.09375
surrogate, 87, 18.0, 0.09375
surrogate, 87, 18.0, 0.09375
surrogate, 87, 18.0, 0.09375
surrogate, 87, 18.0, 0.09375
surrogate, 87, 18.0, 0.09375
surrogate, 87, 18.0, 0.09375
surrogate, 87, 18.0, 0.09375
surrogate, 87, 18.0, 0.09375
surrogate, 87, 18.0, 0.09375
surrogate, 87, 18.0, 0.09375
surrogate, 87, 18.0, 0.09375
surrogate, 87, 18.0, 0.09375
surrogate, 87, 18.0, 0.09375
surrogate, 87, 18.0, 0.09375
surrogate, 87, 18.0, 0.09375
surrogate, 87, 18.0, 0.09375
surrogate, 87, 18.0, 0.09375
surrogate, 87, 18.0, 0.09375
surrogate, 87, 18.0, 0.09375
surrogate, 87, 18.0, 0.09375
surrogate, 87, 18.0, 0.09375
surrogate, 87, 18.0, 0.09375
surrogate, 87, 18.0, 0.09375
surrogate, 87, 18.0, 0.09375
surrogate, 87, 18.0, 0.09375
surrogate, 87, 18.0, 0.09375
surrogate, 87, 18.0, 0.09375
surrogate, 87, 18.0, 0.09375
surrogate, 87, 18.0, 0.09375
surrogate, 87, 18.0, 0.09375
surrogate, 87, 18.0, 0.09375
surrogate, 87, 18.0, 0.09375
surrogate, 87, 18.0, 0.09375
surrogate, 87, 18.0, 0.09375
surrogate, 87, 18.0, 0.09375
surrogate, 87, 18.0, 0.09375
surrogate, 87, 18.0, 0.09375
surrogate, 87, 18.0, 0.09375
surrogate, 87, 18.0, 0.09375
surrogate, 87, 18.0, 0.09375
surrogate, 87, 18.0, 0.09375
surrogate, 87, 18.0, 0.09375
surrogate, 87, 18.0, 0.09375
surrogate, 87, 18.0, 0.09375
surrogate, 87, 18.0, 0.09375
surrogate, 87, 18.0, 0.09375
surrogate, 87, 18.0, 0.09375
surrogate, 87, 18.0, 0.09375
surrogate, 87, 18.0, 0.09375
surrogate, 87, 18.0, 0.09375
surrogate, 88, 31.0, 0.9375
surrogate, 88, 31.0, 0.9375
surrogate, 88, 31.0, 0.9375
surrogate, 88, 31.0, 0.9375
surrogate, 88, 31.0, 0.9375
surrogate, 88, 31.0, 0.9375
surrogate, 88, 31.0, 0.9375
surrogate, 88, 31.0, 0.9375
surrogate, 88, 31.0, 0.9375
surrogate, 88, 31.0, 0.9375
surrogate, 88, 31.0, 0.9375
surrogate, 88, 31.0, 0.9375
surrogate, 88, 31.0, 0.9375
surrogate, 88, 31.0, 0.9375
surrogate, 88, 31.0, 0.9375
surrogate, 88, 31.0, 0.9375
surrogate, 88, 31.0, 0.9375
surrogate, 88, 31.0, 0.9375
surrogate, 88, 31.0, 0.9375
surrogate, 88, 31.0, 0.9375
surrogate, 88, 31.0, 0.9375
surrogate, 88, 31.0, 0.9375
surrogate, 88, 31.0, 0.9375
surrogate, 88, 31.0, 0.9375
surrogate, 88, 31.0, 0.9375
surrogate, 88, 31.0, 0.9375
surrogate, 88, 27.0, 0.625
surrogate, 88, 27.0, 0.625
surrogate, 88, 27.0, 0.625
surrogate, 88, 27.0, 0.625
surrogate, 88, 27.0, 0.625
surrogate, 88, 27.0, 0.625
surrogate, 88, 27.0, 0.625
surrogate, 88, 27.0, 0.625
surrogate, 88, 27.0, 0.625
surrogate, 88, 27.0, 0.625
surrogate, 88, 27.0, 0.625
surrogate, 88, 27.0, 0.625
surrogate, 88, 27.0, 0.625
surrogate, 88, 27.0, 0.625
surrogate, 88, 27.0, 0.625
surrogate, 88, 27.0, 0.625
surrogate, 88, 27.0, 0.625
surrogate, 88, 27.0, 0.625
surrogate, 88, 27.0, 0.625
surrogate, 88, 27.0, 0.625
surrogate, 88, 24.0, 0.5
surrogate, 88, 24.0, 0.5
surrogate, 88, 24.0, 0.5
surrogate, 88, 24.0, 0.5
surrogate, 88, 24.0, 0.5
surrogate, 88, 24.0, 0.5
surrogate, 88, 24.0, 0.5
surrogate, 88, 24.0, 0.5
surrogate, 88, 24.0, 0.5
surrogate, 88, 24.0, 0.5
surrogate, 88, 24.0, 0.5
surrogate, 88, 24.0, 0.5
surrogate, 88, 24.0, 0.5
surrogate, 88, 24.0, 0.5
surrogate, 88, 22.0, 0.3125
surrogate, 88, 22.0, 0.3125
surrogate, 88, 22.0, 0.3125
surrogate, 88, 22.0, 0.3125
surrogate, 88, 22.0, 0.3125
surrogate, 88, 22.0, 0.3125
surrogate, 88, 22.0, 0.3125
surrogate, 88, 22.0, 0.3125
surrogate, 88, 22.0, 0.3125
surrogate, 88, 22.0, 0.3125
surrogate, 88, 22.0, 0.3125
surrogate, 88, 22.0, 0.3125
surrogate, 88, 22.0, 0.3125
surrogate, 88, 22.0, 0.3125
surrogate, 88, 22.0, 0.3125
surrogate, 88, 22.0, 0.3125
surrogate, 88, 22.0, 0.3125
surrogate, 88, 22.0, 0.3125
surrogate, 88, 22.0, 0.3125
surrogate, 88, 22.0, 0.3125
surrogate, 88, 22.0, 0.3125
surrogate, 88, 22.0, 0.3125
surrogate, 88, 22.0, 0.3125
surrogate, 88, 22.0, 0.3125
surrogate, 88, 22.0, 0.3125
surrogate, 88, 21.0, 0.21875
surrogate, 88, 21.0, 0.21875
surrogate, 88, 21.0, 0.21875
surrogate, 88, 21.0, 0.21875
surrogate, 88, 21.0, 0.21875
surrogate, 88, 21.0, 0.21875
surrogate, 88, 21.0, 0.21875
surrogate, 88, 21.0, 0.21875
surrogate, 88, 21.0, 0.21875
surrogate, 88, 21.0, 0.21875
surrogate, 88, 21.0, 0.21875
surrogate, 88, 21.0, 0.21875
surrogate, 88, 21.0, 0.21875
surrogate, 88, 21.0, 0.21875
surrogate, 88, 21.0, 0.21875
surrogate, 88, 21.0, 0.21875
surrogate, 88, 21.0, 0.21875
surrogate, 88, 21.0, 0.21875
surrogate, 88, 21.0, 0.21875
surrogate, 88, 21.0, 0.21875
surrogate, 88, 21.0, 0.21875
surrogate, 88, 21.0, 0.21875
surrogate, 88, 21.0, 0.21875
surrogate, 88, 21.0, 0.21875
surrogate, 88, 21.0, 0.21875
surrogate, 88, 21.0, 0.21875
surrogate, 88, 21.0, 0.21875
surrogate, 88, 21.0, 0.21875
surrogate, 88, 21.0, 0.21875
surrogate, 88, 21.0, 0.21875
surrogate, 88, 21.0, 0.21875
surrogate, 88, 21.0, 0.21875
surrogate, 88, 21.0, 0.21875
surrogate, 88, 21.0, 0.21875
surrogate, 88, 21.0, 0.21875
surrogate, 88, 21.0, 0.21875
surrogate, 88, 21.0, 0.21875
surrogate, 88, 21.0, 0.21875
surrogate, 88, 21.0, 0.21875
surrogate, 88, 21.0, 0.21875
surrogate, 88, 21.0, 0.21875
surrogate, 88, 21.0, 0.21875
surrogate, 88, 21.0, 0.21875
surrogate, 88, 21.0, 0.21875
surrogate, 88, 21.0, 0.21875
surrogate, 88, 21.0, 0.21875
surrogate, 88, 21.0, 0.21875
surrogate, 88, 18.0, 0.09375
surrogate, 88, 18.0, 0.09375
surrogate, 88, 18.0, 0.09375
surrogate, 88, 18.0, 0.09375
surrogate, 88, 18.0, 0.09375
surrogate, 88, 18.0, 0.09375
surrogate, 88, 18.0, 0.09375
surrogate, 88, 18.0, 0.09375
surrogate, 88, 18.0, 0.09375
surrogate, 88, 18.0, 0.09375
surrogate, 88, 18.0, 0.09375
surrogate, 88, 18.0, 0.09375
surrogate, 88, 18.0, 0.09375
surrogate, 88, 18.0, 0.09375
surrogate, 88, 18.0, 0.09375
surrogate, 88, 18.0, 0.09375
surrogate, 88, 18.0, 0.09375
surrogate, 88, 18.0, 0.09375
surrogate, 88, 18.0, 0.09375
surrogate, 88, 18.0, 0.09375
surrogate, 88, 18.0, 0.09375
surrogate, 88, 18.0, 0.09375
surrogate, 88, 18.0, 0.09375
surrogate, 88, 18.0, 0.09375
surrogate, 88, 18.0, 0.09375
surrogate, 88, 18.0, 0.09375
surrogate, 88, 18.0, 0.09375
surrogate, 88, 18.0, 0.09375
surrogate, 88, 18.0, 0.09375
surrogate, 88, 18.0, 0.09375
surrogate, 88, 18.0, 0.09375
surrogate, 88, 18.0, 0.09375
surrogate, 88, 18.0, 0.09375
surrogate, 88, 18.0, 0.09375
surrogate, 88, 18.0, 0.09375
surrogate, 88, 18.0, 0.09375
surrogate, 88, 18.0, 0.09375
surrogate, 88, 18.0, 0.09375
surrogate, 88, 18.0, 0.09375
surrogate, 88, 18.0, 0.09375
surrogate, 88, 18.0, 0.09375
surrogate, 88, 18.0, 0.09375
surrogate, 88, 18.0, 0.09375
surrogate, 88, 18.0, 0.09375
surrogate, 88, 18.0, 0.09375
surrogate, 88, 18.0, 0.09375
surrogate, 88, 18.0, 0.09375
surrogate, 88, 18.0, 0.09375
surrogate, 88, 18.0, 0.09375
surrogate, 88, 18.0, 0.09375
surrogate, 88, 18.0, 0.09375
surrogate, 88, 18.0, 0.09375
surrogate, 88, 18.0, 0.09375
surrogate, 88, 18.0, 0.09375
surrogate, 88, 18.0, 0.09375
surrogate, 88, 18.0, 0.09375
surrogate, 88, 18.0, 0.09375
surrogate, 88, 18.0, 0.09375
surrogate, 88, 18.0, 0.09375
surrogate, 88, 18.0, 0.09375
surrogate, 88, 18.0, 0.09375
surrogate, 88, 18.0, 0.09375
surrogate, 88, 18.0, 0.09375
surrogate, 88, 18.0, 0.09375
surrogate, 89, 31.0, 0.9375
surrogate, 89, 31.0, 0.9375
surrogate, 89, 31.0, 0.9375
surrogate, 89, 31.0, 0.9375
surrogate, 89, 31.0, 0.9375
surrogate, 89, 31.0, 0.9375
surrogate, 89, 31.0, 0.9375
surrogate, 89, 31.0, 0.9375
surrogate, 89, 31.0, 0.9375
surrogate, 89, 31.0, 0.9375
surrogate, 89, 31.0, 0.9375
surrogate, 89, 31.0, 0.9375
surrogate, 89, 31.0, 0.9375
surrogate, 89, 31.0, 0.9375
surrogate, 89, 31.0, 0.9375
surrogate, 89, 31.0, 0.9375
surrogate, 89, 31.0, 0.9375
surrogate, 89, 31.0, 0.9375
surrogate, 89, 31.0, 0.9375
surrogate, 89, 31.0, 0.9375
surrogate, 89, 31.0, 0.9375
surrogate, 89, 31.0, 0.9375
surrogate, 89, 31.0, 0.9375
surrogate, 89, 31.0, 0.9375
surrogate, 89, 31.0, 0.9375
surrogate, 89, 31.0, 0.9375
surrogate, 89, 31.0, 0.9375
surrogate, 89, 27.0, 0.625
surrogate, 89, 27.0, 0.625
surrogate, 89, 27.0, 0.625
surrogate, 89, 27.0, 0.625
surrogate, 89, 27.0, 0.625
surrogate, 89, 27.0, 0.625
surrogate, 89, 27.0, 0.625
surrogate, 89, 27.0, 0.625
surrogate, 89, 27.0, 0.625
surrogate, 89, 27.0, 0.625
surrogate, 89, 27.0, 0.625
surrogate, 89, 27.0, 0.625
surrogate, 89, 27.0, 0.625
surrogate, 89, 27.0, 0.625
surrogate, 89, 27.0, 0.625
surrogate, 89, 27.0, 0.625
surrogate, 89, 27.0, 0.625
surrogate, 89, 27.0, 0.625
surrogate, 89, 27.0, 0.625
surrogate, 89, 27.0, 0.625
surrogate, 89, 27.0, 0.625
surrogate, 89, 24.0, 0.5
surrogate, 89, 24.0, 0.5
surrogate, 89, 24.0, 0.5
surrogate, 89, 24.0, 0.5
surrogate, 89, 24.0, 0.5
surrogate, 89, 24.0, 0.5
surrogate, 89, 24.0, 0.5
surrogate, 89, 24.0, 0.5
surrogate, 89, 24.0, 0.5
surrogate, 89, 24.0, 0.5
surrogate, 89, 24.0, 0.5
surrogate, 89, 24.0, 0.5
surrogate, 89, 24.0, 0.5
surrogate, 89, 24.0, 0.5
surrogate, 89, 22.0, 0.3125
surrogate, 89, 22.0, 0.3125
surrogate, 89, 22.0, 0.3125
surrogate, 89, 22.0, 0.3125
surrogate, 89, 22.0, 0.3125
surrogate, 89, 22.0, 0.3125
surrogate, 89, 22.0, 0.3125
surrogate, 89, 22.0, 0.3125
surrogate, 89, 22.0, 0.3125
surrogate, 89, 22.0, 0.3125
surrogate, 89, 22.0, 0.3125
surrogate, 89, 22.0, 0.3125
surrogate, 89, 22.0, 0.3125
surrogate, 89, 22.0, 0.3125
surrogate, 89, 22.0, 0.3125
surrogate, 89, 22.0, 0.3125
surrogate, 89, 22.0, 0.3125
surrogate, 89, 22.0, 0.3125
surrogate, 89, 22.0, 0.3125
surrogate, 89, 22.0, 0.3125
surrogate, 89, 22.0, 0.3125
surrogate, 89, 22.0, 0.3125
surrogate, 89, 22.0, 0.3125
surrogate, 89, 22.0, 0.3125
surrogate, 89, 22.0, 0.3125
surrogate, 89, 22.0, 0.3125
surrogate, 89, 21.0, 0.21875
surrogate, 89, 21.0, 0.21875
surrogate, 89, 21.0, 0.21875
surrogate, 89, 21.0, 0.21875
surrogate, 89, 21.0, 0.21875
surrogate, 89, 21.0, 0.21875
surrogate, 89, 21.0, 0.21875
surrogate, 89, 21.0, 0.21875
surrogate, 89, 21.0, 0.21875
surrogate, 89, 21.0, 0.21875
surrogate, 89, 21.0, 0.21875
surrogate, 89, 21.0, 0.21875
surrogate, 89, 21.0, 0.21875
surrogate, 89, 21.0, 0.21875
surrogate, 89, 21.0, 0.21875
surrogate, 89, 21.0, 0.21875
surrogate, 89, 21.0, 0.21875
surrogate, 89, 21.0, 0.21875
surrogate, 89, 21.0, 0.21875
surrogate, 89, 21.0, 0.21875
surrogate, 89, 21.0, 0.21875
surrogate, 89, 21.0, 0.21875
surrogate, 89, 21.0, 0.21875
surrogate, 89, 21.0, 0.21875
surrogate, 89, 21.0, 0.21875
surrogate, 89, 21.0, 0.21875
surrogate, 89, 21.0, 0.21875
surrogate, 89, 21.0, 0.21875
surrogate, 89, 21.0, 0.21875
surrogate, 89, 21.0, 0.21875
surrogate, 89, 21.0, 0.21875
surrogate, 89, 21.0, 0.21875
surrogate, 89, 21.0, 0.21875
surrogate, 89, 21.0, 0.21875
surrogate, 89, 21.0, 0.21875
surrogate, 89, 21.0, 0.21875
surrogate, 89, 21.0, 0.21875
surrogate, 89, 21.0, 0.21875
surrogate, 89, 21.0, 0.21875
surrogate, 89, 21.0, 0.21875
surrogate, 89, 21.0, 0.21875
surrogate, 89, 21.0, 0.21875
surrogate, 89, 21.0, 0.21875
surrogate, 89, 21.0, 0.21875
surrogate, 89, 21.0, 0.21875
surrogate, 89, 21.0, 0.21875
surrogate, 89, 21.0, 0.21875
surrogate, 89, 21.0, 0.21875
surrogate, 89, 18.0, 0.09375
surrogate, 89, 18.0, 0.09375
surrogate, 89, 18.0, 0.09375
surrogate, 89, 18.0, 0.09375
surrogate, 89, 18.0, 0.09375
surrogate, 89, 18.0, 0.09375
surrogate, 89, 18.0, 0.09375
surrogate, 89, 18.0, 0.09375
surrogate, 89, 18.0, 0.09375
surrogate, 89, 18.0, 0.09375
surrogate, 89, 18.0, 0.09375
surrogate, 89, 18.0, 0.09375
surrogate, 89, 18.0, 0.09375
surrogate, 89, 18.0, 0.09375
surrogate, 89, 18.0, 0.09375
surrogate, 89, 18.0, 0.09375
surrogate, 89, 18.0, 0.09375
surrogate, 89, 18.0, 0.09375
surrogate, 89, 18.0, 0.09375
surrogate, 89, 18.0, 0.09375
surrogate, 89, 18.0, 0.09375
surrogate, 89, 18.0, 0.09375
surrogate, 89, 18.0, 0.09375
surrogate, 89, 18.0, 0.09375
surrogate, 89, 18.0, 0.09375
surrogate, 89, 18.0, 0.09375
surrogate, 89, 18.0, 0.09375
surrogate, 89, 18.0, 0.09375
surrogate, 89, 18.0, 0.09375
surrogate, 89, 18.0, 0.09375
surrogate, 89, 18.0, 0.09375
surrogate, 89, 18.0, 0.09375
surrogate, 89, 18.0, 0.09375
surrogate, 89, 18.0, 0.09375
surrogate, 89, 18.0, 0.09375
surrogate, 89, 18.0, 0.09375
surrogate, 89, 18.0, 0.09375
surrogate, 89, 18.0, 0.09375
surrogate, 89, 18.0, 0.09375
surrogate, 89, 18.0, 0.09375
surrogate, 89, 18.0, 0.09375
surrogate, 89, 18.0, 0.09375
surrogate, 89, 18.0, 0.09375
surrogate, 89, 18.0, 0.09375
surrogate, 89, 18.0, 0.09375
surrogate, 89, 18.0, 0.09375
surrogate, 89, 18.0, 0.09375
surrogate, 89, 18.0, 0.09375
surrogate, 89, 18.0, 0.09375
surrogate, 89, 18.0, 0.09375
surrogate, 89, 18.0, 0.09375
surrogate, 89, 18.0, 0.09375
surrogate, 89, 18.0, 0.09375
surrogate, 89, 18.0, 0.09375
surrogate, 89, 18.0, 0.09375
surrogate, 89, 18.0, 0.09375
surrogate, 89, 18.0, 0.09375
surrogate, 89, 18.0, 0.09375
surrogate, 89, 18.0, 0.09375
surrogate, 89, 18.0, 0.09375
surrogate, 89, 18.0, 0.09375
surrogate, 89, 18.0, 0.09375
surrogate, 89, 18.0, 0.09375
surrogate, 89, 18.0, 0.09375
surrogate, 89, 18.0, 0.09375
surrogate, 90, 31.0, 0.9375
surrogate, 90, 31.0, 0.9375
surrogate, 90, 31.0, 0.9375
surrogate, 90, 31.0, 0.9375
surrogate, 90, 31.0, 0.9375
surrogate, 90, 31.0, 0.9375
surrogate, 90, 31.0, 0.9375
surrogate, 90, 31.0, 0.9375
surrogate, 90, 31.0, 0.9375
surrogate, 90, 31.0, 0.9375
surrogate, 90, 31.0, 0.9375
surrogate, 90, 31.0, 0.9375
surrogate, 90, 31.0, 0.9375
surrogate, 90, 31.0, 0.9375
surrogate, 90, 31.0, 0.9375
surrogate, 90, 31.0, 0.9375
surrogate, 90, 31.0, 0.9375
surrogate, 90, 31.0, 0.9375
surrogate, 90, 31.0, 0.9375
surrogate, 90, 31.0, 0.9375
surrogate, 90, 31.0, 0.9375
surrogate, 90, 31.0, 0.9375
surrogate, 90, 31.0, 0.9375
surrogate, 90, 31.0, 0.9375
surrogate, 90, 31.0, 0.9375
surrogate, 90, 31.0, 0.9375
surrogate, 90, 31.0, 0.9375
surrogate, 90, 31.0, 0.9375
surrogate, 90, 27.0, 0.625
surrogate, 90, 27.0, 0.625
surrogate, 90, 27.0, 0.625
surrogate, 90, 27.0, 0.625
surrogate, 90, 27.0, 0.625
surrogate, 90, 27.0, 0.625
surrogate, 90, 27.0, 0.625
surrogate, 90, 27.0, 0.625
surrogate, 90, 27.0, 0.625
surrogate, 90, 27.0, 0.625
surrogate, 90, 27.0, 0.625
surrogate, 90, 27.0, 0.625
surrogate, 90, 27.0, 0.625
surrogate, 90, 27.0, 0.625
surrogate, 90, 27.0, 0.625
surrogate, 90, 27.0, 0.625
surrogate, 90, 27.0, 0.625
surrogate, 90, 27.0, 0.625
surrogate, 90, 27.0, 0.625
surrogate, 90, 27.0, 0.625
surrogate, 90, 27.0, 0.625
surrogate, 90, 24.0, 0.5
surrogate, 90, 24.0, 0.5
surrogate, 90, 24.0, 0.5
surrogate, 90, 24.0, 0.5
surrogate, 90, 24.0, 0.5
surrogate, 90, 24.0, 0.5
surrogate, 90, 24.0, 0.5
surrogate, 90, 24.0, 0.5
surrogate, 90, 24.0, 0.5
surrogate, 90, 24.0, 0.5
surrogate, 90, 24.0, 0.5
surrogate, 90, 24.0, 0.5
surrogate, 90, 24.0, 0.5
surrogate, 90, 24.0, 0.5
surrogate, 90, 22.0, 0.3125
surrogate, 90, 22.0, 0.3125
surrogate, 90, 22.0, 0.3125
surrogate, 90, 22.0, 0.3125
surrogate, 90, 22.0, 0.3125
surrogate, 90, 22.0, 0.3125
surrogate, 90, 22.0, 0.3125
surrogate, 90, 22.0, 0.3125
surrogate, 90, 22.0, 0.3125
surrogate, 90, 22.0, 0.3125
surrogate, 90, 22.0, 0.3125
surrogate, 90, 22.0, 0.3125
surrogate, 90, 22.0, 0.3125
surrogate, 90, 22.0, 0.3125
surrogate, 90, 22.0, 0.3125
surrogate, 90, 22.0, 0.3125
surrogate, 90, 22.0, 0.3125
surrogate, 90, 22.0, 0.3125
surrogate, 90, 22.0, 0.3125
surrogate, 90, 22.0, 0.3125
surrogate, 90, 22.0, 0.3125
surrogate, 90, 22.0, 0.3125
surrogate, 90, 22.0, 0.3125
surrogate, 90, 22.0, 0.3125
surrogate, 90, 22.0, 0.3125
surrogate, 90, 22.0, 0.3125
surrogate, 90, 22.0, 0.3125
surrogate, 90, 21.0, 0.21875
surrogate, 90, 21.0, 0.21875
surrogate, 90, 21.0, 0.21875
surrogate, 90, 21.0, 0.21875
surrogate, 90, 21.0, 0.21875
surrogate, 90, 21.0, 0.21875
surrogate, 90, 21.0, 0.21875
surrogate, 90, 21.0, 0.21875
surrogate, 90, 21.0, 0.21875
surrogate, 90, 21.0, 0.21875
surrogate, 90, 21.0, 0.21875
surrogate, 90, 21.0, 0.21875
surrogate, 90, 21.0, 0.21875
surrogate, 90, 21.0, 0.21875
surrogate, 90, 21.0, 0.21875
surrogate, 90, 21.0, 0.21875
surrogate, 90, 21.0, 0.21875
surrogate, 90, 21.0, 0.21875
surrogate, 90, 21.0, 0.21875
surrogate, 90, 21.0, 0.21875
surrogate, 90, 21.0, 0.21875
surrogate, 90, 21.0, 0.21875
surrogate, 90, 21.0, 0.21875
surrogate, 90, 21.0, 0.21875
surrogate, 90, 21.0, 0.21875
surrogate, 90, 21.0, 0.21875
surrogate, 90, 21.0, 0.21875
surrogate, 90, 21.0, 0.21875
surrogate, 90, 21.0, 0.21875
surrogate, 90, 21.0, 0.21875
surrogate, 90, 21.0, 0.21875
surrogate, 90, 21.0, 0.21875
surrogate, 90, 21.0, 0.21875
surrogate, 90, 21.0, 0.21875
surrogate, 90, 21.0, 0.21875
surrogate, 90, 21.0, 0.21875
surrogate, 90, 21.0, 0.21875
surrogate, 90, 21.0, 0.21875
surrogate, 90, 21.0, 0.21875
surrogate, 90, 21.0, 0.21875
surrogate, 90, 21.0, 0.21875
surrogate, 90, 21.0, 0.21875
surrogate, 90, 21.0, 0.21875
surrogate, 90, 21.0, 0.21875
surrogate, 90, 21.0, 0.21875
surrogate, 90, 21.0, 0.21875
surrogate, 90, 21.0, 0.21875
surrogate, 90, 21.0, 0.21875
surrogate, 90, 21.0, 0.21875
surrogate, 90, 18.0, 0.09375
surrogate, 90, 18.0, 0.09375
surrogate, 90, 18.0, 0.09375
surrogate, 90, 18.0, 0.09375
surrogate, 90, 18.0, 0.09375
surrogate, 90, 18.0, 0.09375
surrogate, 90, 18.0, 0.09375
surrogate, 90, 18.0, 0.09375
surrogate, 90, 18.0, 0.09375
surrogate, 90, 18.0, 0.09375
surrogate, 90, 18.0, 0.09375
surrogate, 90, 18.0, 0.09375
surrogate, 90, 18.0, 0.09375
surrogate, 90, 18.0, 0.09375
surrogate, 90, 18.0, 0.09375
surrogate, 90, 18.0, 0.09375
surrogate, 90, 18.0, 0.09375
surrogate, 90, 18.0, 0.09375
surrogate, 90, 18.0, 0.09375
surrogate, 90, 18.0, 0.09375
surrogate, 90, 18.0, 0.09375
surrogate, 90, 18.0, 0.09375
surrogate, 90, 18.0, 0.09375
surrogate, 90, 18.0, 0.09375
surrogate, 90, 18.0, 0.09375
surrogate, 90, 18.0, 0.09375
surrogate, 90, 18.0, 0.09375
surrogate, 90, 18.0, 0.09375
surrogate, 90, 18.0, 0.09375
surrogate, 90, 18.0, 0.09375
surrogate, 90, 18.0, 0.09375
surrogate, 90, 18.0, 0.09375
surrogate, 90, 18.0, 0.09375
surrogate, 90, 18.0, 0.09375
surrogate, 90, 18.0, 0.09375
surrogate, 90, 18.0, 0.09375
surrogate, 90, 18.0, 0.09375
surrogate, 90, 18.0, 0.09375
surrogate, 90, 18.0, 0.09375
surrogate, 90, 18.0, 0.09375
surrogate, 90, 18.0, 0.09375
surrogate, 90, 18.0, 0.09375
surrogate, 90, 18.0, 0.09375
surrogate, 90, 18.0, 0.09375
surrogate, 90, 18.0, 0.09375
surrogate, 90, 18.0, 0.09375
surrogate, 90, 18.0, 0.09375
surrogate, 90, 18.0, 0.09375
surrogate, 90, 18.0, 0.09375
surrogate, 90, 18.0, 0.09375
surrogate, 90, 18.0, 0.09375
surrogate, 90, 18.0, 0.09375
surrogate, 90, 18.0, 0.09375
surrogate, 90, 18.0, 0.09375
surrogate, 90, 18.0, 0.09375
surrogate, 90, 18.0, 0.09375
surrogate, 90, 18.0, 0.09375
surrogate, 90, 18.0, 0.09375
surrogate, 90, 18.0, 0.09375
surrogate, 90, 18.0, 0.09375
surrogate, 90, 18.0, 0.09375
surrogate, 90, 18.0, 0.09375
surrogate, 90, 18.0, 0.09375
surrogate, 90, 18.0, 0.09375
surrogate, 90, 18.0, 0.09375
surrogate, 91, 31.0, 0.9375
surrogate, 91, 31.0, 0.9375
surrogate, 91, 31.0, 0.9375
surrogate, 91, 31.0, 0.9375
surrogate, 91, 31.0, 0.9375
surrogate, 91, 31.0, 0.9375
surrogate, 91, 31.0, 0.9375
surrogate, 91, 31.0, 0.9375
surrogate, 91, 31.0, 0.9375
surrogate, 91, 31.0, 0.9375
surrogate, 91, 31.0, 0.9375
surrogate, 91, 31.0, 0.9375
surrogate, 91, 31.0, 0.9375
surrogate, 91, 31.0, 0.9375
surrogate, 91, 31.0, 0.9375
surrogate, 91, 31.0, 0.9375
surrogate, 91, 31.0, 0.9375
surrogate, 91, 31.0, 0.9375
surrogate, 91, 31.0, 0.9375
surrogate, 91, 31.0, 0.9375
surrogate, 91, 31.0, 0.9375
surrogate, 91, 31.0, 0.9375
surrogate, 91, 31.0, 0.9375
surrogate, 91, 31.0, 0.9375
surrogate, 91, 31.0, 0.9375
surrogate, 91, 31.0, 0.9375
surrogate, 91, 31.0, 0.9375
surrogate, 91, 31.0, 0.9375
surrogate, 91, 27.0, 0.625
surrogate, 91, 27.0, 0.625
surrogate, 91, 27.0, 0.625
surrogate, 91, 27.0, 0.625
surrogate, 91, 27.0, 0.625
surrogate, 91, 27.0, 0.625
surrogate, 91, 27.0, 0.625
surrogate, 91, 27.0, 0.625
surrogate, 91, 27.0, 0.625
surrogate, 91, 27.0, 0.625
surrogate, 91, 27.0, 0.625
surrogate, 91, 27.0, 0.625
surrogate, 91, 27.0, 0.625
surrogate, 91, 27.0, 0.625
surrogate, 91, 27.0, 0.625
surrogate, 91, 27.0, 0.625
surrogate, 91, 27.0, 0.625
surrogate, 91, 27.0, 0.625
surrogate, 91, 27.0, 0.625
surrogate, 91, 27.0, 0.625
surrogate, 91, 27.0, 0.625
surrogate, 91, 27.0, 0.625
surrogate, 91, 24.0, 0.5
surrogate, 91, 24.0, 0.5
surrogate, 91, 24.0, 0.5
surrogate, 91, 24.0, 0.5
surrogate, 91, 24.0, 0.5
surrogate, 91, 24.0, 0.5
surrogate, 91, 24.0, 0.5
surrogate, 91, 24.0, 0.5
surrogate, 91, 24.0, 0.5
surrogate, 91, 24.0, 0.5
surrogate, 91, 24.0, 0.5
surrogate, 91, 24.0, 0.5
surrogate, 91, 24.0, 0.5
surrogate, 91, 24.0, 0.5
surrogate, 91, 24.0, 0.5
surrogate, 91, 22.0, 0.3125
surrogate, 91, 22.0, 0.3125
surrogate, 91, 22.0, 0.3125
surrogate, 91, 22.0, 0.3125
surrogate, 91, 22.0, 0.3125
surrogate, 91, 22.0, 0.3125
surrogate, 91, 22.0, 0.3125
surrogate, 91, 22.0, 0.3125
surrogate, 91, 22.0, 0.3125
surrogate, 91, 22.0, 0.3125
surrogate, 91, 22.0, 0.3125
surrogate, 91, 22.0, 0.3125
surrogate, 91, 22.0, 0.3125
surrogate, 91, 22.0, 0.3125
surrogate, 91, 22.0, 0.3125
surrogate, 91, 22.0, 0.3125
surrogate, 91, 22.0, 0.3125
surrogate, 91, 22.0, 0.3125
surrogate, 91, 22.0, 0.3125
surrogate, 91, 22.0, 0.3125
surrogate, 91, 22.0, 0.3125
surrogate, 91, 22.0, 0.3125
surrogate, 91, 22.0, 0.3125
surrogate, 91, 22.0, 0.3125
surrogate, 91, 22.0, 0.3125
surrogate, 91, 22.0, 0.3125
surrogate, 91, 22.0, 0.3125
surrogate, 91, 22.0, 0.3125
surrogate, 91, 21.0, 0.21875
surrogate, 91, 21.0, 0.21875
surrogate, 91, 21.0, 0.21875
surrogate, 91, 21.0, 0.21875
surrogate, 91, 21.0, 0.21875
surrogate, 91, 21.0, 0.21875
surrogate, 91, 21.0, 0.21875
surrogate, 91, 21.0, 0.21875
surrogate, 91, 21.0, 0.21875
surrogate, 91, 21.0, 0.21875
surrogate, 91, 21.0, 0.21875
surrogate, 91, 21.0, 0.21875
surrogate, 91, 21.0, 0.21875
surrogate, 91, 21.0, 0.21875
surrogate, 91, 21.0, 0.21875
surrogate, 91, 21.0, 0.21875
surrogate, 91, 21.0, 0.21875
surrogate, 91, 21.0, 0.21875
surrogate, 91, 21.0, 0.21875
surrogate, 91, 21.0, 0.21875
surrogate, 91, 21.0, 0.21875
surrogate, 91, 21.0, 0.21875
surrogate, 91, 21.0, 0.21875
surrogate, 91, 21.0, 0.21875
surrogate, 91, 21.0, 0.21875
surrogate, 91, 21.0, 0.21875
surrogate, 91, 21.0, 0.21875
surrogate, 91, 21.0, 0.21875
surrogate, 91, 21.0, 0.21875
surrogate, 91, 21.0, 0.21875
surrogate, 91, 21.0, 0.21875
surrogate, 91, 21.0, 0.21875
surrogate, 91, 21.0, 0.21875
surrogate, 91, 21.0, 0.21875
surrogate, 91, 21.0, 0.21875
surrogate, 91, 21.0, 0.21875
surrogate, 91, 21.0, 0.21875
surrogate, 91, 21.0, 0.21875
surrogate, 91, 21.0, 0.21875
surrogate, 91, 21.0, 0.21875
surrogate, 91, 21.0, 0.21875
surrogate, 91, 21.0, 0.21875
surrogate, 91, 21.0, 0.21875
surrogate, 91, 21.0, 0.21875
surrogate, 91, 21.0, 0.21875
surrogate, 91, 21.0, 0.21875
surrogate, 91, 21.0, 0.21875
surrogate, 91, 21.0, 0.21875
surrogate, 91, 21.0, 0.21875
surrogate, 91, 21.0, 0.21875
surrogate, 91, 18.0, 0.09375
surrogate, 91, 18.0, 0.09375
surrogate, 91, 18.0, 0.09375
surrogate, 91, 18.0, 0.09375
surrogate, 91, 18.0, 0.09375
surrogate, 91, 18.0, 0.09375
surrogate, 91, 18.0, 0.09375
surrogate, 91, 18.0, 0.09375
surrogate, 91, 18.0, 0.09375
surrogate, 91, 18.0, 0.09375
surrogate, 91, 18.0, 0.09375
surrogate, 91, 18.0, 0.09375
surrogate, 91, 18.0, 0.09375
surrogate, 91, 18.0, 0.09375
surrogate, 91, 18.0, 0.09375
surrogate, 91, 18.0, 0.09375
surrogate, 91, 18.0, 0.09375
surrogate, 91, 18.0, 0.09375
surrogate, 91, 18.0, 0.09375
surrogate, 91, 18.0, 0.09375
surrogate, 91, 18.0, 0.09375
surrogate, 91, 18.0, 0.09375
surrogate, 91, 18.0, 0.09375
surrogate, 91, 18.0, 0.09375
surrogate, 91, 18.0, 0.09375
surrogate, 91, 18.0, 0.09375
surrogate, 91, 18.0, 0.09375
surrogate, 91, 18.0, 0.09375
surrogate, 91, 18.0, 0.09375
surrogate, 91, 18.0, 0.09375
surrogate, 91, 18.0, 0.09375
surrogate, 91, 18.0, 0.09375
surrogate, 91, 18.0, 0.09375
surrogate, 91, 18.0, 0.09375
surrogate, 91, 18.0, 0.09375
surrogate, 91, 18.0, 0.09375
surrogate, 91, 18.0, 0.09375
surrogate, 91, 18.0, 0.09375
surrogate, 91, 18.0, 0.09375
surrogate, 91, 18.0, 0.09375
surrogate, 91, 18.0, 0.09375
surrogate, 91, 18.0, 0.09375
surrogate, 91, 18.0, 0.09375
surrogate, 91, 18.0, 0.09375
surrogate, 91, 18.0, 0.09375
surrogate, 91, 18.0, 0.09375
surrogate, 91, 18.0, 0.09375
surrogate, 91, 18.0, 0.09375
surrogate, 91, 18.0, 0.09375
surrogate, 91, 18.0, 0.09375
surrogate, 91, 18.0, 0.09375
surrogate, 91, 18.0, 0.09375
surrogate, 91, 18.0, 0.09375
surrogate, 91, 18.0, 0.09375
surrogate, 91, 18.0, 0.09375
surrogate, 91, 18.0, 0.09375
surrogate, 91, 18.0, 0.09375
surrogate, 91, 18.0, 0.09375
surrogate, 91, 18.0, 0.09375
surrogate, 91, 18.0, 0.09375
surrogate, 91, 18.0, 0.09375
surrogate, 91, 18.0, 0.09375
surrogate, 91, 18.0, 0.09375
surrogate, 91, 18.0, 0.09375
surrogate, 91, 18.0, 0.09375
surrogate, 91, 18.0, 0.09375
surrogate, 92, 31.0, 0.9375
surrogate, 92, 31.0, 0.9375
surrogate, 92, 31.0, 0.9375
surrogate, 92, 31.0, 0.9375
surrogate, 92, 31.0, 0.9375
surrogate, 92, 31.0, 0.9375
surrogate, 92, 31.0, 0.9375
surrogate, 92, 31.0, 0.9375
surrogate, 92, 31.0, 0.9375
surrogate, 92, 31.0, 0.9375
surrogate, 92, 31.0, 0.9375
surrogate, 92, 31.0, 0.9375
surrogate, 92, 31.0, 0.9375
surrogate, 92, 31.0, 0.9375
surrogate, 92, 31.0, 0.9375
surrogate, 92, 31.0, 0.9375
surrogate, 92, 31.0, 0.9375
surrogate, 92, 31.0, 0.9375
surrogate, 92, 31.0, 0.9375
surrogate, 92, 31.0, 0.9375
surrogate, 92, 31.0, 0.9375
surrogate, 92, 31.0, 0.9375
surrogate, 92, 31.0, 0.9375
surrogate, 92, 31.0, 0.9375
surrogate, 92, 31.0, 0.9375
surrogate, 92, 31.0, 0.9375
surrogate, 92, 31.0, 0.9375
surrogate, 92, 31.0, 0.9375
surrogate, 92, 27.0, 0.625
surrogate, 92, 27.0, 0.625
surrogate, 92, 27.0, 0.625
surrogate, 92, 27.0, 0.625
surrogate, 92, 27.0, 0.625
surrogate, 92, 27.0, 0.625
surrogate, 92, 27.0, 0.625
surrogate, 92, 27.0, 0.625
surrogate, 92, 27.0, 0.625
surrogate, 92, 27.0, 0.625
surrogate, 92, 27.0, 0.625
surrogate, 92, 27.0, 0.625
surrogate, 92, 27.0, 0.625
surrogate, 92, 27.0, 0.625
surrogate, 92, 27.0, 0.625
surrogate, 92, 27.0, 0.625
surrogate, 92, 27.0, 0.625
surrogate, 92, 27.0, 0.625
surrogate, 92, 27.0, 0.625
surrogate, 92, 27.0, 0.625
surrogate, 92, 27.0, 0.625
surrogate, 92, 27.0, 0.625
surrogate, 92, 24.0, 0.5
surrogate, 92, 24.0, 0.5
surrogate, 92, 24.0, 0.5
surrogate, 92, 24.0, 0.5
surrogate, 92, 24.0, 0.5
surrogate, 92, 24.0, 0.5
surrogate, 92, 24.0, 0.5
surrogate, 92, 24.0, 0.5
surrogate, 92, 24.0, 0.5
surrogate, 92, 24.0, 0.5
surrogate, 92, 24.0, 0.5
surrogate, 92, 24.0, 0.5
surrogate, 92, 24.0, 0.5
surrogate, 92, 24.0, 0.5
surrogate, 92, 24.0, 0.5
surrogate, 92, 24.0, 0.5
surrogate, 92, 22.0, 0.3125
surrogate, 92, 22.0, 0.3125
surrogate, 92, 22.0, 0.3125
surrogate, 92, 22.0, 0.3125
surrogate, 92, 22.0, 0.3125
surrogate, 92, 22.0, 0.3125
surrogate, 92, 22.0, 0.3125
surrogate, 92, 22.0, 0.3125
surrogate, 92, 22.0, 0.3125
surrogate, 92, 22.0, 0.3125
surrogate, 92, 22.0, 0.3125
surrogate, 92, 22.0, 0.3125
surrogate, 92, 22.0, 0.3125
surrogate, 92, 22.0, 0.3125
surrogate, 92, 22.0, 0.3125
surrogate, 92, 22.0, 0.3125
surrogate, 92, 22.0, 0.3125
surrogate, 92, 22.0, 0.3125
surrogate, 92, 22.0, 0.3125
surrogate, 92, 22.0, 0.3125
surrogate, 92, 22.0, 0.3125
surrogate, 92, 22.0, 0.3125
surrogate, 92, 22.0, 0.3125
surrogate, 92, 22.0, 0.3125
surrogate, 92, 22.0, 0.3125
surrogate, 92, 22.0, 0.3125
surrogate, 92, 22.0, 0.3125
surrogate, 92, 22.0, 0.3125
surrogate, 92, 22.0, 0.3125
surrogate, 92, 21.0, 0.21875
surrogate, 92, 21.0, 0.21875
surrogate, 92, 21.0, 0.21875
surrogate, 92, 21.0, 0.21875
surrogate, 92, 21.0, 0.21875
surrogate, 92, 21.0, 0.21875
surrogate, 92, 21.0, 0.21875
surrogate, 92, 21.0, 0.21875
surrogate, 92, 21.0, 0.21875
surrogate, 92, 21.0, 0.21875
surrogate, 92, 21.0, 0.21875
surrogate, 92, 21.0, 0.21875
surrogate, 92, 21.0, 0.21875
surrogate, 92, 21.0, 0.21875
surrogate, 92, 21.0, 0.21875
surrogate, 92, 21.0, 0.21875
surrogate, 92, 21.0, 0.21875
surrogate, 92, 21.0, 0.21875
surrogate, 92, 21.0, 0.21875
surrogate, 92, 21.0, 0.21875
surrogate, 92, 21.0, 0.21875
surrogate, 92, 21.0, 0.21875
surrogate, 92, 21.0, 0.21875
surrogate, 92, 21.0, 0.21875
surrogate, 92, 21.0, 0.21875
surrogate, 92, 21.0, 0.21875
surrogate, 92, 21.0, 0.21875
surrogate, 92, 21.0, 0.21875
surrogate, 92, 21.0, 0.21875
surrogate, 92, 21.0, 0.21875
surrogate, 92, 21.0, 0.21875
surrogate, 92, 21.0, 0.21875
surrogate, 92, 21.0, 0.21875
surrogate, 92, 21.0, 0.21875
surrogate, 92, 21.0, 0.21875
surrogate, 92, 21.0, 0.21875
surrogate, 92, 21.0, 0.21875
surrogate, 92, 21.0, 0.21875
surrogate, 92, 21.0, 0.21875
surrogate, 92, 21.0, 0.21875
surrogate, 92, 21.0, 0.21875
surrogate, 92, 21.0, 0.21875
surrogate, 92, 21.0, 0.21875
surrogate, 92, 21.0, 0.21875
surrogate, 92, 21.0, 0.21875
surrogate, 92, 21.0, 0.21875
surrogate, 92, 21.0, 0.21875
surrogate, 92, 21.0, 0.21875
surrogate, 92, 21.0, 0.21875
surrogate, 92, 21.0, 0.21875
surrogate, 92, 18.0, 0.09375
surrogate, 92, 18.0, 0.09375
surrogate, 92, 18.0, 0.09375
surrogate, 92, 18.0, 0.09375
surrogate, 92, 18.0, 0.09375
surrogate, 92, 18.0, 0.09375
surrogate, 92, 18.0, 0.09375
surrogate, 92, 18.0, 0.09375
surrogate, 92, 18.0, 0.09375
surrogate, 92, 18.0, 0.09375
surrogate, 92, 18.0, 0.09375
surrogate, 92, 18.0, 0.09375
surrogate, 92, 18.0, 0.09375
surrogate, 92, 18.0, 0.09375
surrogate, 92, 18.0, 0.09375
surrogate, 92, 18.0, 0.09375
surrogate, 92, 18.0, 0.09375
surrogate, 92, 18.0, 0.09375
surrogate, 92, 18.0, 0.09375
surrogate, 92, 18.0, 0.09375
surrogate, 92, 18.0, 0.09375
surrogate, 92, 18.0, 0.09375
surrogate, 92, 18.0, 0.09375
surrogate, 92, 18.0, 0.09375
surrogate, 92, 18.0, 0.09375
surrogate, 92, 18.0, 0.09375
surrogate, 92, 18.0, 0.09375
surrogate, 92, 18.0, 0.09375
surrogate, 92, 18.0, 0.09375
surrogate, 92, 18.0, 0.09375
surrogate, 92, 18.0, 0.09375
surrogate, 92, 18.0, 0.09375
surrogate, 92, 18.0, 0.09375
surrogate, 92, 18.0, 0.09375
surrogate, 92, 18.0, 0.09375
surrogate, 92, 18.0, 0.09375
surrogate, 92, 18.0, 0.09375
surrogate, 92, 18.0, 0.09375
surrogate, 92, 18.0, 0.09375
surrogate, 92, 18.0, 0.09375
surrogate, 92, 18.0, 0.09375
surrogate, 92, 18.0, 0.09375
surrogate, 92, 18.0, 0.09375
surrogate, 92, 18.0, 0.09375
surrogate, 92, 18.0, 0.09375
surrogate, 92, 18.0, 0.09375
surrogate, 92, 18.0, 0.09375
surrogate, 92, 18.0, 0.09375
surrogate, 92, 18.0, 0.09375
surrogate, 92, 18.0, 0.09375
surrogate, 92, 18.0, 0.09375
surrogate, 92, 18.0, 0.09375
surrogate, 92, 18.0, 0.09375
surrogate, 92, 18.0, 0.09375
surrogate, 92, 18.0, 0.09375
surrogate, 92, 18.0, 0.09375
surrogate, 92, 18.0, 0.09375
surrogate, 92, 18.0, 0.09375
surrogate, 92, 18.0, 0.09375
surrogate, 92, 18.0, 0.09375
surrogate, 92, 18.0, 0.09375
surrogate, 92, 18.0, 0.09375
surrogate, 92, 18.0, 0.09375
surrogate, 92, 18.0, 0.09375
surrogate, 92, 18.0, 0.09375
surrogate, 92, 18.0, 0.09375
surrogate, 92, 18.0, 0.09375
surrogate, 93, 31.0, 0.9375
surrogate, 93, 31.0, 0.9375
surrogate, 93, 31.0, 0.9375
surrogate, 93, 31.0, 0.9375
surrogate, 93, 31.0, 0.9375
surrogate, 93, 31.0, 0.9375
surrogate, 93, 31.0, 0.9375
surrogate, 93, 31.0, 0.9375
surrogate, 93, 31.0, 0.9375
surrogate, 93, 31.0, 0.9375
surrogate, 93, 31.0, 0.9375
surrogate, 93, 31.0, 0.9375
surrogate, 93, 31.0, 0.9375
surrogate, 93, 31.0, 0.9375
surrogate, 93, 31.0, 0.9375
surrogate, 93, 31.0, 0.9375
surrogate, 93, 31.0, 0.9375
surrogate, 93, 31.0, 0.9375
surrogate, 93, 31.0, 0.9375
surrogate, 93, 31.0, 0.9375
surrogate, 93, 31.0, 0.9375
surrogate, 93, 31.0, 0.9375
surrogate, 93, 31.0, 0.9375
surrogate, 93, 31.0, 0.9375
surrogate, 93, 31.0, 0.9375
surrogate, 93, 31.0, 0.9375
surrogate, 93, 31.0, 0.9375
surrogate, 93, 31.0, 0.9375
surrogate, 93, 27.0, 0.625
surrogate, 93, 27.0, 0.625
surrogate, 93, 27.0, 0.625
surrogate, 93, 27.0, 0.625
surrogate, 93, 27.0, 0.625
surrogate, 93, 27.0, 0.625
surrogate, 93, 27.0, 0.625
surrogate, 93, 27.0, 0.625
surrogate, 93, 27.0, 0.625
surrogate, 93, 27.0, 0.625
surrogate, 93, 27.0, 0.625
surrogate, 93, 27.0, 0.625
surrogate, 93, 27.0, 0.625
surrogate, 93, 27.0, 0.625
surrogate, 93, 27.0, 0.625
surrogate, 93, 27.0, 0.625
surrogate, 93, 27.0, 0.625
surrogate, 93, 27.0, 0.625
surrogate, 93, 27.0, 0.625
surrogate, 93, 27.0, 0.625
surrogate, 93, 27.0, 0.625
surrogate, 93, 27.0, 0.625
surrogate, 93, 24.0, 0.5
surrogate, 93, 24.0, 0.5
surrogate, 93, 24.0, 0.5
surrogate, 93, 24.0, 0.5
surrogate, 93, 24.0, 0.5
surrogate, 93, 24.0, 0.5
surrogate, 93, 24.0, 0.5
surrogate, 93, 24.0, 0.5
surrogate, 93, 24.0, 0.5
surrogate, 93, 24.0, 0.5
surrogate, 93, 24.0, 0.5
surrogate, 93, 24.0, 0.5
surrogate, 93, 24.0, 0.5
surrogate, 93, 24.0, 0.5
surrogate, 93, 24.0, 0.5
surrogate, 93, 24.0, 0.5
surrogate, 93, 24.0, 0.5
surrogate, 93, 22.0, 0.3125
surrogate, 93, 22.0, 0.3125
surrogate, 93, 22.0, 0.3125
surrogate, 93, 22.0, 0.3125
surrogate, 93, 22.0, 0.3125
surrogate, 93, 22.0, 0.3125
surrogate, 93, 22.0, 0.3125
surrogate, 93, 22.0, 0.3125
surrogate, 93, 22.0, 0.3125
surrogate, 93, 22.0, 0.3125
surrogate, 93, 22.0, 0.3125
surrogate, 93, 22.0, 0.3125
surrogate, 93, 22.0, 0.3125
surrogate, 93, 22.0, 0.3125
surrogate, 93, 22.0, 0.3125
surrogate, 93, 22.0, 0.3125
surrogate, 93, 22.0, 0.3125
surrogate, 93, 22.0, 0.3125
surrogate, 93, 22.0, 0.3125
surrogate, 93, 22.0, 0.3125
surrogate, 93, 22.0, 0.3125
surrogate, 93, 22.0, 0.3125
surrogate, 93, 22.0, 0.3125
surrogate, 93, 22.0, 0.3125
surrogate, 93, 22.0, 0.3125
surrogate, 93, 22.0, 0.3125
surrogate, 93, 22.0, 0.3125
surrogate, 93, 22.0, 0.3125
surrogate, 93, 22.0, 0.3125
surrogate, 93, 21.0, 0.21875
surrogate, 93, 21.0, 0.21875
surrogate, 93, 21.0, 0.21875
surrogate, 93, 21.0, 0.21875
surrogate, 93, 21.0, 0.21875
surrogate, 93, 21.0, 0.21875
surrogate, 93, 21.0, 0.21875
surrogate, 93, 21.0, 0.21875
surrogate, 93, 21.0, 0.21875
surrogate, 93, 21.0, 0.21875
surrogate, 93, 21.0, 0.21875
surrogate, 93, 21.0, 0.21875
surrogate, 93, 21.0, 0.21875
surrogate, 93, 21.0, 0.21875
surrogate, 93, 21.0, 0.21875
surrogate, 93, 21.0, 0.21875
surrogate, 93, 21.0, 0.21875
surrogate, 93, 21.0, 0.21875
surrogate, 93, 21.0, 0.21875
surrogate, 93, 21.0, 0.21875
surrogate, 93, 21.0, 0.21875
surrogate, 93, 21.0, 0.21875
surrogate, 93, 21.0, 0.21875
surrogate, 93, 21.0, 0.21875
surrogate, 93, 21.0, 0.21875
surrogate, 93, 21.0, 0.21875
surrogate, 93, 21.0, 0.21875
surrogate, 93, 21.0, 0.21875
surrogate, 93, 21.0, 0.21875
surrogate, 93, 21.0, 0.21875
surrogate, 93, 21.0, 0.21875
surrogate, 93, 21.0, 0.21875
surrogate, 93, 21.0, 0.21875
surrogate, 93, 21.0, 0.21875
surrogate, 93, 21.0, 0.21875
surrogate, 93, 21.0, 0.21875
surrogate, 93, 21.0, 0.21875
surrogate, 93, 21.0, 0.21875
surrogate, 93, 21.0, 0.21875
surrogate, 93, 21.0, 0.21875
surrogate, 93, 21.0, 0.21875
surrogate, 93, 21.0, 0.21875
surrogate, 93, 21.0, 0.21875
surrogate, 93, 21.0, 0.21875
surrogate, 93, 21.0, 0.21875
surrogate, 93, 21.0, 0.21875
surrogate, 93, 21.0, 0.21875
surrogate, 93, 21.0, 0.21875
surrogate, 93, 21.0, 0.21875
surrogate, 93, 21.0, 0.21875
surrogate, 93, 18.0, 0.09375
surrogate, 93, 18.0, 0.09375
surrogate, 93, 18.0, 0.09375
surrogate, 93, 18.0, 0.09375
surrogate, 93, 18.0, 0.09375
surrogate, 93, 18.0, 0.09375
surrogate, 93, 18.0, 0.09375
surrogate, 93, 18.0, 0.09375
surrogate, 93, 18.0, 0.09375
surrogate, 93, 18.0, 0.09375
surrogate, 93, 18.0, 0.09375
surrogate, 93, 18.0, 0.09375
surrogate, 93, 18.0, 0.09375
surrogate, 93, 18.0, 0.09375
surrogate, 93, 18.0, 0.09375
surrogate, 93, 18.0, 0.09375
surrogate, 93, 18.0, 0.09375
surrogate, 93, 18.0, 0.09375
surrogate, 93, 18.0, 0.09375
surrogate, 93, 18.0, 0.09375
surrogate, 93, 18.0, 0.09375
surrogate, 93, 18.0, 0.09375
surrogate, 93, 18.0, 0.09375
surrogate, 93, 18.0, 0.09375
surrogate, 93, 18.0, 0.09375
surrogate, 93, 18.0, 0.09375
surrogate, 93, 18.0, 0.09375
surrogate, 93, 18.0, 0.09375
surrogate, 93, 18.0, 0.09375
surrogate, 93, 18.0, 0.09375
surrogate, 93, 18.0, 0.09375
surrogate, 93, 18.0, 0.09375
surrogate, 93, 18.0, 0.09375
surrogate, 93, 18.0, 0.09375
surrogate, 93, 18.0, 0.09375
surrogate, 93, 18.0, 0.09375
surrogate, 93, 18.0, 0.09375
surrogate, 93, 18.0, 0.09375
surrogate, 93, 18.0, 0.09375
surrogate, 93, 18.0, 0.09375
surrogate, 93, 18.0, 0.09375
surrogate, 93, 18.0, 0.09375
surrogate, 93, 18.0, 0.09375
surrogate, 93, 18.0, 0.09375
surrogate, 93, 18.0, 0.09375
surrogate, 93, 18.0, 0.09375
surrogate, 93, 18.0, 0.09375
surrogate, 93, 18.0, 0.09375
surrogate, 93, 18.0, 0.09375
surrogate, 93, 18.0, 0.09375
surrogate, 93, 18.0, 0.09375
surrogate, 93, 18.0, 0.09375
surrogate, 93, 18.0, 0.09375
surrogate, 93, 18.0, 0.09375
surrogate, 93, 18.0, 0.09375
surrogate, 93, 18.0, 0.09375
surrogate, 93, 18.0, 0.09375
surrogate, 93, 18.0, 0.09375
surrogate, 93, 18.0, 0.09375
surrogate, 93, 18.0, 0.09375
surrogate, 93, 18.0, 0.09375
surrogate, 93, 18.0, 0.09375
surrogate, 93, 18.0, 0.09375
surrogate, 93, 18.0, 0.09375
surrogate, 93, 18.0, 0.09375
surrogate, 93, 18.0, 0.09375
surrogate, 93, 18.0, 0.09375
surrogate, 94, 31.0, 0.9375
surrogate, 94, 31.0, 0.9375
surrogate, 94, 31.0, 0.9375
surrogate, 94, 31.0, 0.9375
surrogate, 94, 31.0, 0.9375
surrogate, 94, 31.0, 0.9375
surrogate, 94, 31.0, 0.9375
surrogate, 94, 31.0, 0.9375
surrogate, 94, 31.0, 0.9375
surrogate, 94, 31.0, 0.9375
surrogate, 94, 31.0, 0.9375
surrogate, 94, 31.0, 0.9375
surrogate, 94, 31.0, 0.9375
surrogate, 94, 31.0, 0.9375
surrogate, 94, 31.0, 0.9375
surrogate, 94, 31.0, 0.9375
surrogate, 94, 31.0, 0.9375
surrogate, 94, 31.0, 0.9375
surrogate, 94, 31.0, 0.9375
surrogate, 94, 31.0, 0.9375
surrogate, 94, 31.0, 0.9375
surrogate, 94, 31.0, 0.9375
surrogate, 94, 31.0, 0.9375
surrogate, 94, 31.0, 0.9375
surrogate, 94, 31.0, 0.9375
surrogate, 94, 31.0, 0.9375
surrogate, 94, 31.0, 0.9375
surrogate, 94, 31.0, 0.9375
surrogate, 94, 27.0, 0.625
surrogate, 94, 27.0, 0.625
surrogate, 94, 27.0, 0.625
surrogate, 94, 27.0, 0.625
surrogate, 94, 27.0, 0.625
surrogate, 94, 27.0, 0.625
surrogate, 94, 27.0, 0.625
surrogate, 94, 27.0, 0.625
surrogate, 94, 27.0, 0.625
surrogate, 94, 27.0, 0.625
surrogate, 94, 27.0, 0.625
surrogate, 94, 27.0, 0.625
surrogate, 94, 27.0, 0.625
surrogate, 94, 27.0, 0.625
surrogate, 94, 27.0, 0.625
surrogate, 94, 27.0, 0.625
surrogate, 94, 27.0, 0.625
surrogate, 94, 27.0, 0.625
surrogate, 94, 27.0, 0.625
surrogate, 94, 27.0, 0.625
surrogate, 94, 27.0, 0.625
surrogate, 94, 27.0, 0.625
surrogate, 94, 24.0, 0.5
surrogate, 94, 24.0, 0.5
surrogate, 94, 24.0, 0.5
surrogate, 94, 24.0, 0.5
surrogate, 94, 24.0, 0.5
surrogate, 94, 24.0, 0.5
surrogate, 94, 24.0, 0.5
surrogate, 94, 24.0, 0.5
surrogate, 94, 24.0, 0.5
surrogate, 94, 24.0, 0.5
surrogate, 94, 24.0, 0.5
surrogate, 94, 24.0, 0.5
surrogate, 94, 24.0, 0.5
surrogate, 94, 24.0, 0.5
surrogate, 94, 24.0, 0.5
surrogate, 94, 24.0, 0.5
surrogate, 94, 24.0, 0.5
surrogate, 94, 24.0, 0.5
surrogate, 94, 22.0, 0.3125
surrogate, 94, 22.0, 0.3125
surrogate, 94, 22.0, 0.3125
surrogate, 94, 22.0, 0.3125
surrogate, 94, 22.0, 0.3125
surrogate, 94, 22.0, 0.3125
surrogate, 94, 22.0, 0.3125
surrogate, 94, 22.0, 0.3125
surrogate, 94, 22.0, 0.3125
surrogate, 94, 22.0, 0.3125
surrogate, 94, 22.0, 0.3125
surrogate, 94, 22.0, 0.3125
surrogate, 94, 22.0, 0.3125
surrogate, 94, 22.0, 0.3125
surrogate, 94, 22.0, 0.3125
surrogate, 94, 22.0, 0.3125
surrogate, 94, 22.0, 0.3125
surrogate, 94, 22.0, 0.3125
surrogate, 94, 22.0, 0.3125
surrogate, 94, 22.0, 0.3125
surrogate, 94, 22.0, 0.3125
surrogate, 94, 22.0, 0.3125
surrogate, 94, 22.0, 0.3125
surrogate, 94, 22.0, 0.3125
surrogate, 94, 22.0, 0.3125
surrogate, 94, 22.0, 0.3125
surrogate, 94, 22.0, 0.3125
surrogate, 94, 22.0, 0.3125
surrogate, 94, 22.0, 0.3125
surrogate, 94, 21.0, 0.21875
surrogate, 94, 21.0, 0.21875
surrogate, 94, 21.0, 0.21875
surrogate, 94, 21.0, 0.21875
surrogate, 94, 21.0, 0.21875
surrogate, 94, 21.0, 0.21875
surrogate, 94, 21.0, 0.21875
surrogate, 94, 21.0, 0.21875
surrogate, 94, 21.0, 0.21875
surrogate, 94, 21.0, 0.21875
surrogate, 94, 21.0, 0.21875
surrogate, 94, 21.0, 0.21875
surrogate, 94, 21.0, 0.21875
surrogate, 94, 21.0, 0.21875
surrogate, 94, 21.0, 0.21875
surrogate, 94, 21.0, 0.21875
surrogate, 94, 21.0, 0.21875
surrogate, 94, 21.0, 0.21875
surrogate, 94, 21.0, 0.21875
surrogate, 94, 21.0, 0.21875
surrogate, 94, 21.0, 0.21875
surrogate, 94, 21.0, 0.21875
surrogate, 94, 21.0, 0.21875
surrogate, 94, 21.0, 0.21875
surrogate, 94, 21.0, 0.21875
surrogate, 94, 21.0, 0.21875
surrogate, 94, 21.0, 0.21875
surrogate, 94, 21.0, 0.21875
surrogate, 94, 21.0, 0.21875
surrogate, 94, 21.0, 0.21875
surrogate, 94, 21.0, 0.21875
surrogate, 94, 21.0, 0.21875
surrogate, 94, 21.0, 0.21875
surrogate, 94, 21.0, 0.21875
surrogate, 94, 21.0, 0.21875
surrogate, 94, 21.0, 0.21875
surrogate, 94, 21.0, 0.21875
surrogate, 94, 21.0, 0.21875
surrogate, 94, 21.0, 0.21875
surrogate, 94, 21.0, 0.21875
surrogate, 94, 21.0, 0.21875
surrogate, 94, 21.0, 0.21875
surrogate, 94, 21.0, 0.21875
surrogate, 94, 21.0, 0.21875
surrogate, 94, 21.0, 0.21875
surrogate, 94, 21.0, 0.21875
surrogate, 94, 21.0, 0.21875
surrogate, 94, 21.0, 0.21875
surrogate, 94, 21.0, 0.21875
surrogate, 94, 21.0, 0.21875
surrogate, 94, 18.0, 0.09375
surrogate, 94, 18.0, 0.09375
surrogate, 94, 18.0, 0.09375
surrogate, 94, 18.0, 0.09375
surrogate, 94, 18.0, 0.09375
surrogate, 94, 18.0, 0.09375
surrogate, 94, 18.0, 0.09375
surrogate, 94, 18.0, 0.09375
surrogate, 94, 18.0, 0.09375
surrogate, 94, 18.0, 0.09375
surrogate, 94, 18.0, 0.09375
surrogate, 94, 18.0, 0.09375
surrogate, 94, 18.0, 0.09375
surrogate, 94, 18.0, 0.09375
surrogate, 94, 18.0, 0.09375
surrogate, 94, 18.0, 0.09375
surrogate, 94, 18.0, 0.09375
surrogate, 94, 18.0, 0.09375
surrogate, 94, 18.0, 0.09375
surrogate, 94, 18.0, 0.09375
surrogate, 94, 18.0, 0.09375
surrogate, 94, 18.0, 0.09375
surrogate, 94, 18.0, 0.09375
surrogate, 94, 18.0, 0.09375
surrogate, 94, 18.0, 0.09375
surrogate, 94, 18.0, 0.09375
surrogate, 94, 18.0, 0.09375
surrogate, 94, 18.0, 0.09375
surrogate, 94, 18.0, 0.09375
surrogate, 94, 18.0, 0.09375
surrogate, 94, 18.0, 0.09375
surrogate, 94, 18.0, 0.09375
surrogate, 94, 18.0, 0.09375
surrogate, 94, 18.0, 0.09375
surrogate, 94, 18.0, 0.09375
surrogate, 94, 18.0, 0.09375
surrogate, 94, 18.0, 0.09375
surrogate, 94, 18.0, 0.09375
surrogate, 94, 18.0, 0.09375
surrogate, 94, 18.0, 0.09375
surrogate, 94, 18.0, 0.09375
surrogate, 94, 18.0, 0.09375
surrogate, 94, 18.0, 0.09375
surrogate, 94, 18.0, 0.09375
surrogate, 94, 18.0, 0.09375
surrogate, 94, 18.0, 0.09375
surrogate, 94, 18.0, 0.09375
surrogate, 94, 18.0, 0.09375
surrogate, 94, 18.0, 0.09375
surrogate, 94, 18.0, 0.09375
surrogate, 94, 18.0, 0.09375
surrogate, 94, 18.0, 0.09375
surrogate, 94, 18.0, 0.09375
surrogate, 94, 18.0, 0.09375
surrogate, 94, 18.0, 0.09375
surrogate, 94, 18.0, 0.09375
surrogate, 94, 18.0, 0.09375
surrogate, 94, 18.0, 0.09375
surrogate, 94, 18.0, 0.09375
surrogate, 94, 18.0, 0.09375
surrogate, 94, 18.0, 0.09375
surrogate, 94, 18.0, 0.09375
surrogate, 94, 18.0, 0.09375
surrogate, 94, 18.0, 0.09375
surrogate, 94, 18.0, 0.09375
surrogate, 94, 18.0, 0.09375
surrogate, 94, 18.0, 0.09375
surrogate, 94, 18.0, 0.09375
surrogate, 95, 31.0, 0.9375
surrogate, 95, 31.0, 0.9375
surrogate, 95, 31.0, 0.9375
surrogate, 95, 31.0, 0.9375
surrogate, 95, 31.0, 0.9375
surrogate, 95, 31.0, 0.9375
surrogate, 95, 31.0, 0.9375
surrogate, 95, 31.0, 0.9375
surrogate, 95, 31.0, 0.9375
surrogate, 95, 31.0, 0.9375
surrogate, 95, 31.0, 0.9375
surrogate, 95, 31.0, 0.9375
surrogate, 95, 31.0, 0.9375
surrogate, 95, 31.0, 0.9375
surrogate, 95, 31.0, 0.9375
surrogate, 95, 31.0, 0.9375
surrogate, 95, 31.0, 0.9375
surrogate, 95, 31.0, 0.9375
surrogate, 95, 31.0, 0.9375
surrogate, 95, 31.0, 0.9375
surrogate, 95, 31.0, 0.9375
surrogate, 95, 31.0, 0.9375
surrogate, 95, 31.0, 0.9375
surrogate, 95, 31.0, 0.9375
surrogate, 95, 31.0, 0.9375
surrogate, 95, 31.0, 0.9375
surrogate, 95, 31.0, 0.9375
surrogate, 95, 31.0, 0.9375
surrogate, 95, 27.0, 0.625
surrogate, 95, 27.0, 0.625
surrogate, 95, 27.0, 0.625
surrogate, 95, 27.0, 0.625
surrogate, 95, 27.0, 0.625
surrogate, 95, 27.0, 0.625
surrogate, 95, 27.0, 0.625
surrogate, 95, 27.0, 0.625
surrogate, 95, 27.0, 0.625
surrogate, 95, 27.0, 0.625
surrogate, 95, 27.0, 0.625
surrogate, 95, 27.0, 0.625
surrogate, 95, 27.0, 0.625
surrogate, 95, 27.0, 0.625
surrogate, 95, 27.0, 0.625
surrogate, 95, 27.0, 0.625
surrogate, 95, 27.0, 0.625
surrogate, 95, 27.0, 0.625
surrogate, 95, 27.0, 0.625
surrogate, 95, 27.0, 0.625
surrogate, 95, 27.0, 0.625
surrogate, 95, 27.0, 0.625
surrogate, 95, 27.0, 0.625
surrogate, 95, 24.0, 0.5
surrogate, 95, 24.0, 0.5
surrogate, 95, 24.0, 0.5
surrogate, 95, 24.0, 0.5
surrogate, 95, 24.0, 0.5
surrogate, 95, 24.0, 0.5
surrogate, 95, 24.0, 0.5
surrogate, 95, 24.0, 0.5
surrogate, 95, 24.0, 0.5
surrogate, 95, 24.0, 0.5
surrogate, 95, 24.0, 0.5
surrogate, 95, 24.0, 0.5
surrogate, 95, 24.0, 0.5
surrogate, 95, 24.0, 0.5
surrogate, 95, 24.0, 0.5
surrogate, 95, 24.0, 0.5
surrogate, 95, 24.0, 0.5
surrogate, 95, 24.0, 0.5
surrogate, 95, 24.0, 0.5
surrogate, 95, 22.0, 0.3125
surrogate, 95, 22.0, 0.3125
surrogate, 95, 22.0, 0.3125
surrogate, 95, 22.0, 0.3125
surrogate, 95, 22.0, 0.3125
surrogate, 95, 22.0, 0.3125
surrogate, 95, 22.0, 0.3125
surrogate, 95, 22.0, 0.3125
surrogate, 95, 22.0, 0.3125
surrogate, 95, 22.0, 0.3125
surrogate, 95, 22.0, 0.3125
surrogate, 95, 22.0, 0.3125
surrogate, 95, 22.0, 0.3125
surrogate, 95, 22.0, 0.3125
surrogate, 95, 22.0, 0.3125
surrogate, 95, 22.0, 0.3125
surrogate, 95, 22.0, 0.3125
surrogate, 95, 22.0, 0.3125
surrogate, 95, 22.0, 0.3125
surrogate, 95, 22.0, 0.3125
surrogate, 95, 22.0, 0.3125
surrogate, 95, 22.0, 0.3125
surrogate, 95, 22.0, 0.3125
surrogate, 95, 22.0, 0.3125
surrogate, 95, 22.0, 0.3125
surrogate, 95, 22.0, 0.3125
surrogate, 95, 22.0, 0.3125
surrogate, 95, 22.0, 0.3125
surrogate, 95, 22.0, 0.3125
surrogate, 95, 21.0, 0.21875
surrogate, 95, 21.0, 0.21875
surrogate, 95, 21.0, 0.21875
surrogate, 95, 21.0, 0.21875
surrogate, 95, 21.0, 0.21875
surrogate, 95, 21.0, 0.21875
surrogate, 95, 21.0, 0.21875
surrogate, 95, 21.0, 0.21875
surrogate, 95, 21.0, 0.21875
surrogate, 95, 21.0, 0.21875
surrogate, 95, 21.0, 0.21875
surrogate, 95, 21.0, 0.21875
surrogate, 95, 21.0, 0.21875
surrogate, 95, 21.0, 0.21875
surrogate, 95, 21.0, 0.21875
surrogate, 95, 21.0, 0.21875
surrogate, 95, 21.0, 0.21875
surrogate, 95, 21.0, 0.21875
surrogate, 95, 21.0, 0.21875
surrogate, 95, 21.0, 0.21875
surrogate, 95, 21.0, 0.21875
surrogate, 95, 21.0, 0.21875
surrogate, 95, 21.0, 0.21875
surrogate, 95, 21.0, 0.21875
surrogate, 95, 21.0, 0.21875
surrogate, 95, 21.0, 0.21875
surrogate, 95, 21.0, 0.21875
surrogate, 95, 21.0, 0.21875
surrogate, 95, 21.0, 0.21875
surrogate, 95, 21.0, 0.21875
surrogate, 95, 21.0, 0.21875
surrogate, 95, 21.0, 0.21875
surrogate, 95, 21.0, 0.21875
surrogate, 95, 21.0, 0.21875
surrogate, 95, 21.0, 0.21875
surrogate, 95, 21.0, 0.21875
surrogate, 95, 21.0, 0.21875
surrogate, 95, 21.0, 0.21875
surrogate, 95, 21.0, 0.21875
surrogate, 95, 21.0, 0.21875
surrogate, 95, 21.0, 0.21875
surrogate, 95, 21.0, 0.21875
surrogate, 95, 21.0, 0.21875
surrogate, 95, 21.0, 0.21875
surrogate, 95, 21.0, 0.21875
surrogate, 95, 21.0, 0.21875
surrogate, 95, 21.0, 0.21875
surrogate, 95, 21.0, 0.21875
surrogate, 95, 21.0, 0.21875
surrogate, 95, 21.0, 0.21875
surrogate, 95, 21.0, 0.21875
surrogate, 95, 18.0, 0.09375
surrogate, 95, 18.0, 0.09375
surrogate, 95, 18.0, 0.09375
surrogate, 95, 18.0, 0.09375
surrogate, 95, 18.0, 0.09375
surrogate, 95, 18.0, 0.09375
surrogate, 95, 18.0, 0.09375
surrogate, 95, 18.0, 0.09375
surrogate, 95, 18.0, 0.09375
surrogate, 95, 18.0, 0.09375
surrogate, 95, 18.0, 0.09375
surrogate, 95, 18.0, 0.09375
surrogate, 95, 18.0, 0.09375
surrogate, 95, 18.0, 0.09375
surrogate, 95, 18.0, 0.09375
surrogate, 95, 18.0, 0.09375
surrogate, 95, 18.0, 0.09375
surrogate, 95, 18.0, 0.09375
surrogate, 95, 18.0, 0.09375
surrogate, 95, 18.0, 0.09375
surrogate, 95, 18.0, 0.09375
surrogate, 95, 18.0, 0.09375
surrogate, 95, 18.0, 0.09375
surrogate, 95, 18.0, 0.09375
surrogate, 95, 18.0, 0.09375
surrogate, 95, 18.0, 0.09375
surrogate, 95, 18.0, 0.09375
surrogate, 95, 18.0, 0.09375
surrogate, 95, 18.0, 0.09375
surrogate, 95, 18.0, 0.09375
surrogate, 95, 18.0, 0.09375
surrogate, 95, 18.0, 0.09375
surrogate, 95, 18.0, 0.09375
surrogate, 95, 18.0, 0.09375
surrogate, 95, 18.0, 0.09375
surrogate, 95, 18.0, 0.09375
surrogate, 95, 18.0, 0.09375
surrogate, 95, 18.0, 0.09375
surrogate, 95, 18.0, 0.09375
surrogate, 95, 18.0, 0.09375
surrogate, 95, 18.0, 0.09375
surrogate, 95, 18.0, 0.09375
surrogate, 95, 18.0, 0.09375
surrogate, 95, 18.0, 0.09375
surrogate, 95, 18.0, 0.09375
surrogate, 95, 18.0, 0.09375
surrogate, 95, 18.0, 0.09375
surrogate, 95, 18.0, 0.09375
surrogate, 95, 18.0, 0.09375
surrogate, 95, 18.0, 0.09375
surrogate, 95, 18.0, 0.09375
surrogate, 95, 18.0, 0.09375
surrogate, 95, 18.0, 0.09375
surrogate, 95, 18.0, 0.09375
surrogate, 95, 18.0, 0.09375
surrogate, 95, 18.0, 0.09375
surrogate, 95, 18.0, 0.09375
surrogate, 95, 18.0, 0.09375
surrogate, 95, 18.0, 0.09375
surrogate, 95, 18.0, 0.09375
surrogate, 95, 18.0, 0.09375
surrogate, 95, 18.0, 0.09375
surrogate, 95, 18.0, 0.09375
surrogate, 95, 18.0, 0.09375
surrogate, 95, 18.0, 0.09375
surrogate, 95, 18.0, 0.09375
surrogate, 95, 18.0, 0.09375
surrogate, 95, 18.0, 0.09375
surrogate, 96, 31.0, 0.9375
surrogate, 96, 31.0, 0.9375
surrogate, 96, 31.0, 0.9375
surrogate, 96, 31.0, 0.9375
surrogate, 96, 31.0, 0.9375
surrogate, 96, 31.0, 0.9375
surrogate, 96, 31.0, 0.9375
surrogate, 96, 31.0, 0.9375
surrogate, 96, 31.0, 0.9375
surrogate, 96, 31.0, 0.9375
surrogate, 96, 31.0, 0.9375
surrogate, 96, 31.0, 0.9375
surrogate, 96, 31.0, 0.9375
surrogate, 96, 31.0, 0.9375
surrogate, 96, 31.0, 0.9375
surrogate, 96, 31.0, 0.9375
surrogate, 96, 31.0, 0.9375
surrogate, 96, 31.0, 0.9375
surrogate, 96, 31.0, 0.9375
surrogate, 96, 31.0, 0.9375
surrogate, 96, 31.0, 0.9375
surrogate, 96, 31.0, 0.9375
surrogate, 96, 31.0, 0.9375
surrogate, 96, 31.0, 0.9375
surrogate, 96, 31.0, 0.9375
surrogate, 96, 31.0, 0.9375
surrogate, 96, 31.0, 0.9375
surrogate, 96, 31.0, 0.9375
surrogate, 96, 31.0, 0.9375
surrogate, 96, 27.0, 0.625
surrogate, 96, 27.0, 0.625
surrogate, 96, 27.0, 0.625
surrogate, 96, 27.0, 0.625
surrogate, 96, 27.0, 0.625
surrogate, 96, 27.0, 0.625
surrogate, 96, 27.0, 0.625
surrogate, 96, 27.0, 0.625
surrogate, 96, 27.0, 0.625
surrogate, 96, 27.0, 0.625
surrogate, 96, 27.0, 0.625
surrogate, 96, 27.0, 0.625
surrogate, 96, 27.0, 0.625
surrogate, 96, 27.0, 0.625
surrogate, 96, 27.0, 0.625
surrogate, 96, 27.0, 0.625
surrogate, 96, 27.0, 0.625
surrogate, 96, 27.0, 0.625
surrogate, 96, 27.0, 0.625
surrogate, 96, 27.0, 0.625
surrogate, 96, 27.0, 0.625
surrogate, 96, 27.0, 0.625
surrogate, 96, 27.0, 0.625
surrogate, 96, 24.0, 0.5
surrogate, 96, 24.0, 0.5
surrogate, 96, 24.0, 0.5
surrogate, 96, 24.0, 0.5
surrogate, 96, 24.0, 0.5
surrogate, 96, 24.0, 0.5
surrogate, 96, 24.0, 0.5
surrogate, 96, 24.0, 0.5
surrogate, 96, 24.0, 0.5
surrogate, 96, 24.0, 0.5
surrogate, 96, 24.0, 0.5
surrogate, 96, 24.0, 0.5
surrogate, 96, 24.0, 0.5
surrogate, 96, 24.0, 0.5
surrogate, 96, 24.0, 0.5
surrogate, 96, 24.0, 0.5
surrogate, 96, 24.0, 0.5
surrogate, 96, 24.0, 0.5
surrogate, 96, 24.0, 0.5
surrogate, 96, 24.0, 0.5
surrogate, 96, 22.0, 0.3125
surrogate, 96, 22.0, 0.3125
surrogate, 96, 22.0, 0.3125
surrogate, 96, 22.0, 0.3125
surrogate, 96, 22.0, 0.3125
surrogate, 96, 22.0, 0.3125
surrogate, 96, 22.0, 0.3125
surrogate, 96, 22.0, 0.3125
surrogate, 96, 22.0, 0.3125
surrogate, 96, 22.0, 0.3125
surrogate, 96, 22.0, 0.3125
surrogate, 96, 22.0, 0.3125
surrogate, 96, 22.0, 0.3125
surrogate, 96, 22.0, 0.3125
surrogate, 96, 22.0, 0.3125
surrogate, 96, 22.0, 0.3125
surrogate, 96, 22.0, 0.3125
surrogate, 96, 22.0, 0.3125
surrogate, 96, 22.0, 0.3125
surrogate, 96, 22.0, 0.3125
surrogate, 96, 22.0, 0.3125
surrogate, 96, 22.0, 0.3125
surrogate, 96, 22.0, 0.3125
surrogate, 96, 22.0, 0.3125
surrogate, 96, 22.0, 0.3125
surrogate, 96, 22.0, 0.3125
surrogate, 96, 22.0, 0.3125
surrogate, 96, 22.0, 0.3125
surrogate, 96, 22.0, 0.3125
surrogate, 96, 21.0, 0.21875
surrogate, 96, 21.0, 0.21875
surrogate, 96, 21.0, 0.21875
surrogate, 96, 21.0, 0.21875
surrogate, 96, 21.0, 0.21875
surrogate, 96, 21.0, 0.21875
surrogate, 96, 21.0, 0.21875
surrogate, 96, 21.0, 0.21875
surrogate, 96, 21.0, 0.21875
surrogate, 96, 21.0, 0.21875
surrogate, 96, 21.0, 0.21875
surrogate, 96, 21.0, 0.21875
surrogate, 96, 21.0, 0.21875
surrogate, 96, 21.0, 0.21875
surrogate, 96, 21.0, 0.21875
surrogate, 96, 21.0, 0.21875
surrogate, 96, 21.0, 0.21875
surrogate, 96, 21.0, 0.21875
surrogate, 96, 21.0, 0.21875
surrogate, 96, 21.0, 0.21875
surrogate, 96, 21.0, 0.21875
surrogate, 96, 21.0, 0.21875
surrogate, 96, 21.0, 0.21875
surrogate, 96, 21.0, 0.21875
surrogate, 96, 21.0, 0.21875
surrogate, 96, 21.0, 0.21875
surrogate, 96, 21.0, 0.21875
surrogate, 96, 21.0, 0.21875
surrogate, 96, 21.0, 0.21875
surrogate, 96, 21.0, 0.21875
surrogate, 96, 21.0, 0.21875
surrogate, 96, 21.0, 0.21875
surrogate, 96, 21.0, 0.21875
surrogate, 96, 21.0, 0.21875
surrogate, 96, 21.0, 0.21875
surrogate, 96, 21.0, 0.21875
surrogate, 96, 21.0, 0.21875
surrogate, 96, 21.0, 0.21875
surrogate, 96, 21.0, 0.21875
surrogate, 96, 21.0, 0.21875
surrogate, 96, 21.0, 0.21875
surrogate, 96, 21.0, 0.21875
surrogate, 96, 21.0, 0.21875
surrogate, 96, 21.0, 0.21875
surrogate, 96, 21.0, 0.21875
surrogate, 96, 21.0, 0.21875
surrogate, 96, 21.0, 0.21875
surrogate, 96, 21.0, 0.21875
surrogate, 96, 21.0, 0.21875
surrogate, 96, 21.0, 0.21875
surrogate, 96, 21.0, 0.21875
surrogate, 96, 21.0, 0.21875
surrogate, 96, 18.0, 0.09375
surrogate, 96, 18.0, 0.09375
surrogate, 96, 18.0, 0.09375
surrogate, 96, 18.0, 0.09375
surrogate, 96, 18.0, 0.09375
surrogate, 96, 18.0, 0.09375
surrogate, 96, 18.0, 0.09375
surrogate, 96, 18.0, 0.09375
surrogate, 96, 18.0, 0.09375
surrogate, 96, 18.0, 0.09375
surrogate, 96, 18.0, 0.09375
surrogate, 96, 18.0, 0.09375
surrogate, 96, 18.0, 0.09375
surrogate, 96, 18.0, 0.09375
surrogate, 96, 18.0, 0.09375
surrogate, 96, 18.0, 0.09375
surrogate, 96, 18.0, 0.09375
surrogate, 96, 18.0, 0.09375
surrogate, 96, 18.0, 0.09375
surrogate, 96, 18.0, 0.09375
surrogate, 96, 18.0, 0.09375
surrogate, 96, 18.0, 0.09375
surrogate, 96, 18.0, 0.09375
surrogate, 96, 18.0, 0.09375
surrogate, 96, 18.0, 0.09375
surrogate, 96, 18.0, 0.09375
surrogate, 96, 18.0, 0.09375
surrogate, 96, 18.0, 0.09375
surrogate, 96, 18.0, 0.09375
surrogate, 96, 18.0, 0.09375
surrogate, 96, 18.0, 0.09375
surrogate, 96, 18.0, 0.09375
surrogate, 96, 18.0, 0.09375
surrogate, 96, 18.0, 0.09375
surrogate, 96, 18.0, 0.09375
surrogate, 96, 18.0, 0.09375
surrogate, 96, 18.0, 0.09375
surrogate, 96, 18.0, 0.09375
surrogate, 96, 18.0, 0.09375
surrogate, 96, 18.0, 0.09375
surrogate, 96, 18.0, 0.09375
surrogate, 96, 18.0, 0.09375
surrogate, 96, 18.0, 0.09375
surrogate, 96, 18.0, 0.09375
surrogate, 96, 18.0, 0.09375
surrogate, 96, 18.0, 0.09375
surrogate, 96, 18.0, 0.09375
surrogate, 96, 18.0, 0.09375
surrogate, 96, 18.0, 0.09375
surrogate, 96, 18.0, 0.09375
surrogate, 96, 18.0, 0.09375
surrogate, 96, 18.0, 0.09375
surrogate, 96, 18.0, 0.09375
surrogate, 96, 18.0, 0.09375
surrogate, 96, 18.0, 0.09375
surrogate, 96, 18.0, 0.09375
surrogate, 96, 18.0, 0.09375
surrogate, 96, 18.0, 0.09375
surrogate, 96, 18.0, 0.09375
surrogate, 96, 18.0, 0.09375
surrogate, 96, 18.0, 0.09375
surrogate, 96, 18.0, 0.09375
surrogate, 96, 18.0, 0.09375
surrogate, 96, 18.0, 0.09375
surrogate, 96, 18.0, 0.09375
surrogate, 96, 18.0, 0.09375
surrogate, 96, 18.0, 0.09375
surrogate, 96, 18.0, 0.09375
surrogate, 96, 18.0, 0.09375
surrogate, 97, 31.0, 0.9375
surrogate, 97, 31.0, 0.9375
surrogate, 97, 31.0, 0.9375
surrogate, 97, 31.0, 0.9375
surrogate, 97, 31.0, 0.9375
surrogate, 97, 31.0, 0.9375
surrogate, 97, 31.0, 0.9375
surrogate, 97, 31.0, 0.9375
surrogate, 97, 31.0, 0.9375
surrogate, 97, 31.0, 0.9375
surrogate, 97, 31.0, 0.9375
surrogate, 97, 31.0, 0.9375
surrogate, 97, 31.0, 0.9375
surrogate, 97, 31.0, 0.9375
surrogate, 97, 31.0, 0.9375
surrogate, 97, 31.0, 0.9375
surrogate, 97, 31.0, 0.9375
surrogate, 97, 31.0, 0.9375
surrogate, 97, 31.0, 0.9375
surrogate, 97, 31.0, 0.9375
surrogate, 97, 31.0, 0.9375
surrogate, 97, 31.0, 0.9375
surrogate, 97, 31.0, 0.9375
surrogate, 97, 31.0, 0.9375
surrogate, 97, 31.0, 0.9375
surrogate, 97, 31.0, 0.9375
surrogate, 97, 31.0, 0.9375
surrogate, 97, 31.0, 0.9375
surrogate, 97, 31.0, 0.9375
surrogate, 97, 31.0, 0.9375
surrogate, 97, 27.0, 0.625
surrogate, 97, 27.0, 0.625
surrogate, 97, 27.0, 0.625
surrogate, 97, 27.0, 0.625
surrogate, 97, 27.0, 0.625
surrogate, 97, 27.0, 0.625
surrogate, 97, 27.0, 0.625
surrogate, 97, 27.0, 0.625
surrogate, 97, 27.0, 0.625
surrogate, 97, 27.0, 0.625
surrogate, 97, 27.0, 0.625
surrogate, 97, 27.0, 0.625
surrogate, 97, 27.0, 0.625
surrogate, 97, 27.0, 0.625
surrogate, 97, 27.0, 0.625
surrogate, 97, 27.0, 0.625
surrogate, 97, 27.0, 0.625
surrogate, 97, 27.0, 0.625
surrogate, 97, 27.0, 0.625
surrogate, 97, 27.0, 0.625
surrogate, 97, 27.0, 0.625
surrogate, 97, 27.0, 0.625
surrogate, 97, 27.0, 0.625
surrogate, 97, 24.0, 0.5
surrogate, 97, 24.0, 0.5
surrogate, 97, 24.0, 0.5
surrogate, 97, 24.0, 0.5
surrogate, 97, 24.0, 0.5
surrogate, 97, 24.0, 0.5
surrogate, 97, 24.0, 0.5
surrogate, 97, 24.0, 0.5
surrogate, 97, 24.0, 0.5
surrogate, 97, 24.0, 0.5
surrogate, 97, 24.0, 0.5
surrogate, 97, 24.0, 0.5
surrogate, 97, 24.0, 0.5
surrogate, 97, 24.0, 0.5
surrogate, 97, 24.0, 0.5
surrogate, 97, 24.0, 0.5
surrogate, 97, 24.0, 0.5
surrogate, 97, 24.0, 0.5
surrogate, 97, 24.0, 0.5
surrogate, 97, 24.0, 0.5
surrogate, 97, 24.0, 0.5
surrogate, 97, 22.0, 0.3125
surrogate, 97, 22.0, 0.3125
surrogate, 97, 22.0, 0.3125
surrogate, 97, 22.0, 0.3125
surrogate, 97, 22.0, 0.3125
surrogate, 97, 22.0, 0.3125
surrogate, 97, 22.0, 0.3125
surrogate, 97, 22.0, 0.3125
surrogate, 97, 22.0, 0.3125
surrogate, 97, 22.0, 0.3125
surrogate, 97, 22.0, 0.3125
surrogate, 97, 22.0, 0.3125
surrogate, 97, 22.0, 0.3125
surrogate, 97, 22.0, 0.3125
surrogate, 97, 22.0, 0.3125
surrogate, 97, 22.0, 0.3125
surrogate, 97, 22.0, 0.3125
surrogate, 97, 22.0, 0.3125
surrogate, 97, 22.0, 0.3125
surrogate, 97, 22.0, 0.3125
surrogate, 97, 22.0, 0.3125
surrogate, 97, 22.0, 0.3125
surrogate, 97, 22.0, 0.3125
surrogate, 97, 22.0, 0.3125
surrogate, 97, 22.0, 0.3125
surrogate, 97, 22.0, 0.3125
surrogate, 97, 22.0, 0.3125
surrogate, 97, 22.0, 0.3125
surrogate, 97, 22.0, 0.3125
surrogate, 97, 21.0, 0.21875
surrogate, 97, 21.0, 0.21875
surrogate, 97, 21.0, 0.21875
surrogate, 97, 21.0, 0.21875
surrogate, 97, 21.0, 0.21875
surrogate, 97, 21.0, 0.21875
surrogate, 97, 21.0, 0.21875
surrogate, 97, 21.0, 0.21875
surrogate, 97, 21.0, 0.21875
surrogate, 97, 21.0, 0.21875
surrogate, 97, 21.0, 0.21875
surrogate, 97, 21.0, 0.21875
surrogate, 97, 21.0, 0.21875
surrogate, 97, 21.0, 0.21875
surrogate, 97, 21.0, 0.21875
surrogate, 97, 21.0, 0.21875
surrogate, 97, 21.0, 0.21875
surrogate, 97, 21.0, 0.21875
surrogate, 97, 21.0, 0.21875
surrogate, 97, 21.0, 0.21875
surrogate, 97, 21.0, 0.21875
surrogate, 97, 21.0, 0.21875
surrogate, 97, 21.0, 0.21875
surrogate, 97, 21.0, 0.21875
surrogate, 97, 21.0, 0.21875
surrogate, 97, 21.0, 0.21875
surrogate, 97, 21.0, 0.21875
surrogate, 97, 21.0, 0.21875
surrogate, 97, 21.0, 0.21875
surrogate, 97, 21.0, 0.21875
surrogate, 97, 21.0, 0.21875
surrogate, 97, 21.0, 0.21875
surrogate, 97, 21.0, 0.21875
surrogate, 97, 21.0, 0.21875
surrogate, 97, 21.0, 0.21875
surrogate, 97, 21.0, 0.21875
surrogate, 97, 21.0, 0.21875
surrogate, 97, 21.0, 0.21875
surrogate, 97, 21.0, 0.21875
surrogate, 97, 21.0, 0.21875
surrogate, 97, 21.0, 0.21875
surrogate, 97, 21.0, 0.21875
surrogate, 97, 21.0, 0.21875
surrogate, 97, 21.0, 0.21875
surrogate, 97, 21.0, 0.21875
surrogate, 97, 21.0, 0.21875
surrogate, 97, 21.0, 0.21875
surrogate, 97, 21.0, 0.21875
surrogate, 97, 21.0, 0.21875
surrogate, 97, 21.0, 0.21875
surrogate, 97, 21.0, 0.21875
surrogate, 97, 21.0, 0.21875
surrogate, 97, 18.0, 0.09375
surrogate, 97, 18.0, 0.09375
surrogate, 97, 18.0, 0.09375
surrogate, 97, 18.0, 0.09375
surrogate, 97, 18.0, 0.09375
surrogate, 97, 18.0, 0.09375
surrogate, 97, 18.0, 0.09375
surrogate, 97, 18.0, 0.09375
surrogate, 97, 18.0, 0.09375
surrogate, 97, 18.0, 0.09375
surrogate, 97, 18.0, 0.09375
surrogate, 97, 18.0, 0.09375
surrogate, 97, 18.0, 0.09375
surrogate, 97, 18.0, 0.09375
surrogate, 97, 18.0, 0.09375
surrogate, 97, 18.0, 0.09375
surrogate, 97, 18.0, 0.09375
surrogate, 97, 18.0, 0.09375
surrogate, 97, 18.0, 0.09375
surrogate, 97, 18.0, 0.09375
surrogate, 97, 18.0, 0.09375
surrogate, 97, 18.0, 0.09375
surrogate, 97, 18.0, 0.09375
surrogate, 97, 18.0, 0.09375
surrogate, 97, 18.0, 0.09375
surrogate, 97, 18.0, 0.09375
surrogate, 97, 18.0, 0.09375
surrogate, 97, 18.0, 0.09375
surrogate, 97, 18.0, 0.09375
surrogate, 97, 18.0, 0.09375
surrogate, 97, 18.0, 0.09375
surrogate, 97, 18.0, 0.09375
surrogate, 97, 18.0, 0.09375
surrogate, 97, 18.0, 0.09375
surrogate, 97, 18.0, 0.09375
surrogate, 97, 18.0, 0.09375
surrogate, 97, 18.0, 0.09375
surrogate, 97, 18.0, 0.09375
surrogate, 97, 18.0, 0.09375
surrogate, 97, 18.0, 0.09375
surrogate, 97, 18.0, 0.09375
surrogate, 97, 18.0, 0.09375
surrogate, 97, 18.0, 0.09375
surrogate, 97, 18.0, 0.09375
surrogate, 97, 18.0, 0.09375
surrogate, 97, 18.0, 0.09375
surrogate, 97, 18.0, 0.09375
surrogate, 97, 18.0, 0.09375
surrogate, 97, 18.0, 0.09375
surrogate, 97, 18.0, 0.09375
surrogate, 97, 18.0, 0.09375
surrogate, 97, 18.0, 0.09375
surrogate, 97, 18.0, 0.09375
surrogate, 97, 18.0, 0.09375
surrogate, 97, 18.0, 0.09375
surrogate, 97, 18.0, 0.09375
surrogate, 97, 18.0, 0.09375
surrogate, 97, 18.0, 0.09375
surrogate, 97, 18.0, 0.09375
surrogate, 97, 18.0, 0.09375
surrogate, 97, 18.0, 0.09375
surrogate, 97, 18.0, 0.09375
surrogate, 97, 18.0, 0.09375
surrogate, 97, 18.0, 0.09375
surrogate, 97, 18.0, 0.09375
surrogate, 97, 18.0, 0.09375
surrogate, 97, 18.0, 0.09375
surrogate, 97, 18.0, 0.09375
surrogate, 97, 18.0, 0.09375
surrogate, 97, 18.0, 0.09375
surrogate, 98, 31.0, 0.9375
surrogate, 98, 31.0, 0.9375
surrogate, 98, 31.0, 0.9375
surrogate, 98, 31.0, 0.9375
surrogate, 98, 31.0, 0.9375
surrogate, 98, 31.0, 0.9375
surrogate, 98, 31.0, 0.9375
surrogate, 98, 31.0, 0.9375
surrogate, 98, 31.0, 0.9375
surrogate, 98, 31.0, 0.9375
surrogate, 98, 31.0, 0.9375
surrogate, 98, 31.0, 0.9375
surrogate, 98, 31.0, 0.9375
surrogate, 98, 31.0, 0.9375
surrogate, 98, 31.0, 0.9375
surrogate, 98, 31.0, 0.9375
surrogate, 98, 31.0, 0.9375
surrogate, 98, 31.0, 0.9375
surrogate, 98, 31.0, 0.9375
surrogate, 98, 31.0, 0.9375
surrogate, 98, 31.0, 0.9375
surrogate, 98, 31.0, 0.9375
surrogate, 98, 31.0, 0.9375
surrogate, 98, 31.0, 0.9375
surrogate, 98, 31.0, 0.9375
surrogate, 98, 31.0, 0.9375
surrogate, 98, 31.0, 0.9375
surrogate, 98, 31.0, 0.9375
surrogate, 98, 31.0, 0.9375
surrogate, 98, 31.0, 0.9375
surrogate, 98, 27.0, 0.625
surrogate, 98, 27.0, 0.625
surrogate, 98, 27.0, 0.625
surrogate, 98, 27.0, 0.625
surrogate, 98, 27.0, 0.625
surrogate, 98, 27.0, 0.625
surrogate, 98, 27.0, 0.625
surrogate, 98, 27.0, 0.625
surrogate, 98, 27.0, 0.625
surrogate, 98, 27.0, 0.625
surrogate, 98, 27.0, 0.625
surrogate, 98, 27.0, 0.625
surrogate, 98, 27.0, 0.625
surrogate, 98, 27.0, 0.625
surrogate, 98, 27.0, 0.625
surrogate, 98, 27.0, 0.625
surrogate, 98, 27.0, 0.625
surrogate, 98, 27.0, 0.625
surrogate, 98, 27.0, 0.625
surrogate, 98, 27.0, 0.625
surrogate, 98, 27.0, 0.625
surrogate, 98, 27.0, 0.625
surrogate, 98, 27.0, 0.625
surrogate, 98, 24.0, 0.5
surrogate, 98, 24.0, 0.5
surrogate, 98, 24.0, 0.5
surrogate, 98, 24.0, 0.5
surrogate, 98, 24.0, 0.5
surrogate, 98, 24.0, 0.5
surrogate, 98, 24.0, 0.5
surrogate, 98, 24.0, 0.5
surrogate, 98, 24.0, 0.5
surrogate, 98, 24.0, 0.5
surrogate, 98, 24.0, 0.5
surrogate, 98, 24.0, 0.5
surrogate, 98, 24.0, 0.5
surrogate, 98, 24.0, 0.5
surrogate, 98, 24.0, 0.5
surrogate, 98, 24.0, 0.5
surrogate, 98, 24.0, 0.5
surrogate, 98, 24.0, 0.5
surrogate, 98, 24.0, 0.5
surrogate, 98, 24.0, 0.5
surrogate, 98, 24.0, 0.5
surrogate, 98, 24.0, 0.5
surrogate, 98, 22.0, 0.3125
surrogate, 98, 22.0, 0.3125
surrogate, 98, 22.0, 0.3125
surrogate, 98, 22.0, 0.3125
surrogate, 98, 22.0, 0.3125
surrogate, 98, 22.0, 0.3125
surrogate, 98, 22.0, 0.3125
surrogate, 98, 22.0, 0.3125
surrogate, 98, 22.0, 0.3125
surrogate, 98, 22.0, 0.3125
surrogate, 98, 22.0, 0.3125
surrogate, 98, 22.0, 0.3125
surrogate, 98, 22.0, 0.3125
surrogate, 98, 22.0, 0.3125
surrogate, 98, 22.0, 0.3125
surrogate, 98, 22.0, 0.3125
surrogate, 98, 22.0, 0.3125
surrogate, 98, 22.0, 0.3125
surrogate, 98, 22.0, 0.3125
surrogate, 98, 22.0, 0.3125
surrogate, 98, 22.0, 0.3125
surrogate, 98, 22.0, 0.3125
surrogate, 98, 22.0, 0.3125
surrogate, 98, 22.0, 0.3125
surrogate, 98, 22.0, 0.3125
surrogate, 98, 22.0, 0.3125
surrogate, 98, 22.0, 0.3125
surrogate, 98, 22.0, 0.3125
surrogate, 98, 22.0, 0.3125
surrogate, 98, 22.0, 0.3125
surrogate, 98, 21.0, 0.21875
surrogate, 98, 21.0, 0.21875
surrogate, 98, 21.0, 0.21875
surrogate, 98, 21.0, 0.21875
surrogate, 98, 21.0, 0.21875
surrogate, 98, 21.0, 0.21875
surrogate, 98, 21.0, 0.21875
surrogate, 98, 21.0, 0.21875
surrogate, 98, 21.0, 0.21875
surrogate, 98, 21.0, 0.21875
surrogate, 98, 21.0, 0.21875
surrogate, 98, 21.0, 0.21875
surrogate, 98, 21.0, 0.21875
surrogate, 98, 21.0, 0.21875
surrogate, 98, 21.0, 0.21875
surrogate, 98, 21.0, 0.21875
surrogate, 98, 21.0, 0.21875
surrogate, 98, 21.0, 0.21875
surrogate, 98, 21.0, 0.21875
surrogate, 98, 21.0, 0.21875
surrogate, 98, 21.0, 0.21875
surrogate, 98, 21.0, 0.21875
surrogate, 98, 21.0, 0.21875
surrogate, 98, 21.0, 0.21875
surrogate, 98, 21.0, 0.21875
surrogate, 98, 21.0, 0.21875
surrogate, 98, 21.0, 0.21875
surrogate, 98, 21.0, 0.21875
surrogate, 98, 21.0, 0.21875
surrogate, 98, 21.0, 0.21875
surrogate, 98, 21.0, 0.21875
surrogate, 98, 21.0, 0.21875
surrogate, 98, 21.0, 0.21875
surrogate, 98, 21.0, 0.21875
surrogate, 98, 21.0, 0.21875
surrogate, 98, 21.0, 0.21875
surrogate, 98, 21.0, 0.21875
surrogate, 98, 21.0, 0.21875
surrogate, 98, 21.0, 0.21875
surrogate, 98, 21.0, 0.21875
surrogate, 98, 21.0, 0.21875
surrogate, 98, 21.0, 0.21875
surrogate, 98, 21.0, 0.21875
surrogate, 98, 21.0, 0.21875
surrogate, 98, 21.0, 0.21875
surrogate, 98, 21.0, 0.21875
surrogate, 98, 21.0, 0.21875
surrogate, 98, 21.0, 0.21875
surrogate, 98, 21.0, 0.21875
surrogate, 98, 21.0, 0.21875
surrogate, 98, 21.0, 0.21875
surrogate, 98, 21.0, 0.21875
surrogate, 98, 21.0, 0.21875
surrogate, 98, 18.0, 0.09375
surrogate, 98, 18.0, 0.09375
surrogate, 98, 18.0, 0.09375
surrogate, 98, 18.0, 0.09375
surrogate, 98, 18.0, 0.09375
surrogate, 98, 18.0, 0.09375
surrogate, 98, 18.0, 0.09375
surrogate, 98, 18.0, 0.09375
surrogate, 98, 18.0, 0.09375
surrogate, 98, 18.0, 0.09375
surrogate, 98, 18.0, 0.09375
surrogate, 98, 18.0, 0.09375
surrogate, 98, 18.0, 0.09375
surrogate, 98, 18.0, 0.09375
surrogate, 98, 18.0, 0.09375
surrogate, 98, 18.0, 0.09375
surrogate, 98, 18.0, 0.09375
surrogate, 98, 18.0, 0.09375
surrogate, 98, 18.0, 0.09375
surrogate, 98, 18.0, 0.09375
surrogate, 98, 18.0, 0.09375
surrogate, 98, 18.0, 0.09375
surrogate, 98, 18.0, 0.09375
surrogate, 98, 18.0, 0.09375
surrogate, 98, 18.0, 0.09375
surrogate, 98, 18.0, 0.09375
surrogate, 98, 18.0, 0.09375
surrogate, 98, 18.0, 0.09375
surrogate, 98, 18.0, 0.09375
surrogate, 98, 18.0, 0.09375
surrogate, 98, 18.0, 0.09375
surrogate, 98, 18.0, 0.09375
surrogate, 98, 18.0, 0.09375
surrogate, 98, 18.0, 0.09375
surrogate, 98, 18.0, 0.09375
surrogate, 98, 18.0, 0.09375
surrogate, 98, 18.0, 0.09375
surrogate, 98, 18.0, 0.09375
surrogate, 98, 18.0, 0.09375
surrogate, 98, 18.0, 0.09375
surrogate, 98, 18.0, 0.09375
surrogate, 98, 18.0, 0.09375
surrogate, 98, 18.0, 0.09375
surrogate, 98, 18.0, 0.09375
surrogate, 98, 18.0, 0.09375
surrogate, 98, 18.0, 0.09375
surrogate, 98, 18.0, 0.09375
surrogate, 98, 18.0, 0.09375
surrogate, 98, 18.0, 0.09375
surrogate, 98, 18.0, 0.09375
surrogate, 98, 18.0, 0.09375
surrogate, 98, 18.0, 0.09375
surrogate, 98, 18.0, 0.09375
surrogate, 98, 18.0, 0.09375
surrogate, 98, 18.0, 0.09375
surrogate, 98, 18.0, 0.09375
surrogate, 98, 18.0, 0.09375
surrogate, 98, 18.0, 0.09375
surrogate, 98, 18.0, 0.09375
surrogate, 98, 18.0, 0.09375
surrogate, 98, 18.0, 0.09375
surrogate, 98, 18.0, 0.09375
surrogate, 98, 18.0, 0.09375
surrogate, 98, 18.0, 0.09375
surrogate, 98, 18.0, 0.09375
surrogate, 98, 18.0, 0.09375
surrogate, 98, 18.0, 0.09375
surrogate, 98, 18.0, 0.09375
surrogate, 98, 18.0, 0.09375
surrogate, 98, 18.0, 0.09375
surrogate, 98, 18.0, 0.09375
surrogate, 99, 31.0, 0.9375
surrogate, 99, 31.0, 0.9375
surrogate, 99, 31.0, 0.9375
surrogate, 99, 31.0, 0.9375
surrogate, 99, 31.0, 0.9375
surrogate, 99, 31.0, 0.9375
surrogate, 99, 31.0, 0.9375
surrogate, 99, 31.0, 0.9375
surrogate, 99, 31.0, 0.9375
surrogate, 99, 31.0, 0.9375
surrogate, 99, 31.0, 0.9375
surrogate, 99, 31.0, 0.9375
surrogate, 99, 31.0, 0.9375
surrogate, 99, 31.0, 0.9375
surrogate, 99, 31.0, 0.9375
surrogate, 99, 31.0, 0.9375
surrogate, 99, 31.0, 0.9375
surrogate, 99, 31.0, 0.9375
surrogate, 99, 31.0, 0.9375
surrogate, 99, 31.0, 0.9375
surrogate, 99, 31.0, 0.9375
surrogate, 99, 31.0, 0.9375
surrogate, 99, 31.0, 0.9375
surrogate, 99, 31.0, 0.9375
surrogate, 99, 31.0, 0.9375
surrogate, 99, 31.0, 0.9375
surrogate, 99, 31.0, 0.9375
surrogate, 99, 31.0, 0.9375
surrogate, 99, 31.0, 0.9375
surrogate, 99, 31.0, 0.9375
surrogate, 99, 27.0, 0.625
surrogate, 99, 27.0, 0.625
surrogate, 99, 27.0, 0.625
surrogate, 99, 27.0, 0.625
surrogate, 99, 27.0, 0.625
surrogate, 99, 27.0, 0.625
surrogate, 99, 27.0, 0.625
surrogate, 99, 27.0, 0.625
surrogate, 99, 27.0, 0.625
surrogate, 99, 27.0, 0.625
surrogate, 99, 27.0, 0.625
surrogate, 99, 27.0, 0.625
surrogate, 99, 27.0, 0.625
surrogate, 99, 27.0, 0.625
surrogate, 99, 27.0, 0.625
surrogate, 99, 27.0, 0.625
surrogate, 99, 27.0, 0.625
surrogate, 99, 27.0, 0.625
surrogate, 99, 27.0, 0.625
surrogate, 99, 27.0, 0.625
surrogate, 99, 27.0, 0.625
surrogate, 99, 27.0, 0.625
surrogate, 99, 27.0, 0.625
surrogate, 99, 24.0, 0.5
surrogate, 99, 24.0, 0.5
surrogate, 99, 24.0, 0.5
surrogate, 99, 24.0, 0.5
surrogate, 99, 24.0, 0.5
surrogate, 99, 24.0, 0.5
surrogate, 99, 24.0, 0.5
surrogate, 99, 24.0, 0.5
surrogate, 99, 24.0, 0.5
surrogate, 99, 24.0, 0.5
surrogate, 99, 24.0, 0.5
surrogate, 99, 24.0, 0.5
surrogate, 99, 24.0, 0.5
surrogate, 99, 24.0, 0.5
surrogate, 99, 24.0, 0.5
surrogate, 99, 24.0, 0.5
surrogate, 99, 24.0, 0.5
surrogate, 99, 24.0, 0.5
surrogate, 99, 24.0, 0.5
surrogate, 99, 24.0, 0.5
surrogate, 99, 24.0, 0.5
surrogate, 99, 24.0, 0.5
surrogate, 99, 24.0, 0.5
surrogate, 99, 22.0, 0.3125
surrogate, 99, 22.0, 0.3125
surrogate, 99, 22.0, 0.3125
surrogate, 99, 22.0, 0.3125
surrogate, 99, 22.0, 0.3125
surrogate, 99, 22.0, 0.3125
surrogate, 99, 22.0, 0.3125
surrogate, 99, 22.0, 0.3125
surrogate, 99, 22.0, 0.3125
surrogate, 99, 22.0, 0.3125
surrogate, 99, 22.0, 0.3125
surrogate, 99, 22.0, 0.3125
surrogate, 99, 22.0, 0.3125
surrogate, 99, 22.0, 0.3125
surrogate, 99, 22.0, 0.3125
surrogate, 99, 22.0, 0.3125
surrogate, 99, 22.0, 0.3125
surrogate, 99, 22.0, 0.3125
surrogate, 99, 22.0, 0.3125
surrogate, 99, 22.0, 0.3125
surrogate, 99, 22.0, 0.3125
surrogate, 99, 22.0, 0.3125
surrogate, 99, 22.0, 0.3125
surrogate, 99, 22.0, 0.3125
surrogate, 99, 22.0, 0.3125
surrogate, 99, 22.0, 0.3125
surrogate, 99, 22.0, 0.3125
surrogate, 99, 22.0, 0.3125
surrogate, 99, 22.0, 0.3125
surrogate, 99, 22.0, 0.3125
surrogate, 99, 22.0, 0.3125
surrogate, 99, 21.0, 0.21875
surrogate, 99, 21.0, 0.21875
surrogate, 99, 21.0, 0.21875
surrogate, 99, 21.0, 0.21875
surrogate, 99, 21.0, 0.21875
surrogate, 99, 21.0, 0.21875
surrogate, 99, 21.0, 0.21875
surrogate, 99, 21.0, 0.21875
surrogate, 99, 21.0, 0.21875
surrogate, 99, 21.0, 0.21875
surrogate, 99, 21.0, 0.21875
surrogate, 99, 21.0, 0.21875
surrogate, 99, 21.0, 0.21875
surrogate, 99, 21.0, 0.21875
surrogate, 99, 21.0, 0.21875
surrogate, 99, 21.0, 0.21875
surrogate, 99, 21.0, 0.21875
surrogate, 99, 21.0, 0.21875
surrogate, 99, 21.0, 0.21875
surrogate, 99, 21.0, 0.21875
surrogate, 99, 21.0, 0.21875
surrogate, 99, 21.0, 0.21875
surrogate, 99, 21.0, 0.21875
surrogate, 99, 21.0, 0.21875
surrogate, 99, 21.0, 0.21875
surrogate, 99, 21.0, 0.21875
surrogate, 99, 21.0, 0.21875
surrogate, 99, 21.0, 0.21875
surrogate, 99, 21.0, 0.21875
surrogate, 99, 21.0, 0.21875
surrogate, 99, 21.0, 0.21875
surrogate, 99, 21.0, 0.21875
surrogate, 99, 21.0, 0.21875
surrogate, 99, 21.0, 0.21875
surrogate, 99, 21.0, 0.21875
surrogate, 99, 21.0, 0.21875
surrogate, 99, 21.0, 0.21875
surrogate, 99, 21.0, 0.21875
surrogate, 99, 21.0, 0.21875
surrogate, 99, 21.0, 0.21875
surrogate, 99, 21.0, 0.21875
surrogate, 99, 21.0, 0.21875
surrogate, 99, 21.0, 0.21875
surrogate, 99, 21.0, 0.21875
surrogate, 99, 21.0, 0.21875
surrogate, 99, 21.0, 0.21875
surrogate, 99, 21.0, 0.21875
surrogate, 99, 21.0, 0.21875
surrogate, 99, 21.0, 0.21875
surrogate, 99, 21.0, 0.21875
surrogate, 99, 21.0, 0.21875
surrogate, 99, 21.0, 0.21875
surrogate, 99, 21.0, 0.21875
surrogate, 99, 21.0, 0.21875
surrogate, 99, 18.0, 0.09375
surrogate, 99, 18.0, 0.09375
surrogate, 99, 18.0, 0.09375
surrogate, 99, 18.0, 0.09375
surrogate, 99, 18.0, 0.09375
surrogate, 99, 18.0, 0.09375
surrogate, 99, 18.0, 0.09375
surrogate, 99, 18.0, 0.09375
surrogate, 99, 18.0, 0.09375
surrogate, 99, 18.0, 0.09375
surrogate, 99, 18.0, 0.09375
surrogate, 99, 18.0, 0.09375
surrogate, 99, 18.0, 0.09375
surrogate, 99, 18.0, 0.09375
surrogate, 99, 18.0, 0.09375
surrogate, 99, 18.0, 0.09375
surrogate, 99, 18.0, 0.09375
surrogate, 99, 18.0, 0.09375
surrogate, 99, 18.0, 0.09375
surrogate, 99, 18.0, 0.09375
surrogate, 99, 18.0, 0.09375
surrogate, 99, 18.0, 0.09375
surrogate, 99, 18.0, 0.09375
surrogate, 99, 18.0, 0.09375
surrogate, 99, 18.0, 0.09375
surrogate, 99, 18.0, 0.09375
surrogate, 99, 18.0, 0.09375
surrogate, 99, 18.0, 0.09375
surrogate, 99, 18.0, 0.09375
surrogate, 99, 18.0, 0.09375
surrogate, 99, 18.0, 0.09375
surrogate, 99, 18.0, 0.09375
surrogate, 99, 18.0, 0.09375
surrogate, 99, 18.0, 0.09375
surrogate, 99, 18.0, 0.09375
surrogate, 99, 18.0, 0.09375
surrogate, 99, 18.0, 0.09375
surrogate, 99, 18.0, 0.09375
surrogate, 99, 18.0, 0.09375
surrogate, 99, 18.0, 0.09375
surrogate, 99, 18.0, 0.09375
surrogate, 99, 18.0, 0.09375
surrogate, 99, 18.0, 0.09375
surrogate, 99, 18.0, 0.09375
surrogate, 99, 18.0, 0.09375
surrogate, 99, 18.0, 0.09375
surrogate, 99, 18.0, 0.09375
surrogate, 99, 18.0, 0.09375
surrogate, 99, 18.0, 0.09375
surrogate, 99, 18.0, 0.09375
surrogate, 99, 18.0, 0.09375
surrogate, 99, 18.0, 0.09375
surrogate, 99, 18.0, 0.09375
surrogate, 99, 18.0, 0.09375
surrogate, 99, 18.0, 0.09375
surrogate, 99, 18.0, 0.09375
surrogate, 99, 18.0, 0.09375
surrogate, 99, 18.0, 0.09375
surrogate, 99, 18.0, 0.09375
surrogate, 99, 18.0, 0.09375
surrogate, 99, 18.0, 0.09375
surrogate, 99, 18.0, 0.09375
surrogate, 99, 18.0, 0.09375
surrogate, 99, 18.0, 0.09375
surrogate, 99, 18.0, 0.09375
surrogate, 99, 18.0, 0.09375
surrogate, 99, 18.0, 0.09375
surrogate, 99, 18.0, 0.09375
surrogate, 99, 18.0, 0.09375
surrogate, 99, 18.0, 0.09375
surrogate, 99, 18.0, 0.09375
surrogate, 99, 18.0, 0.09375
surrogate, 100, 31.0, 0.9375
surrogate, 100, 31.0, 0.9375
surrogate, 100, 31.0, 0.9375
surrogate, 100, 31.0, 0.9375
surrogate, 100, 31.0, 0.9375
surrogate, 100, 31.0, 0.9375
surrogate, 100, 31.0, 0.9375
surrogate, 100, 31.0, 0.9375
surrogate, 100, 31.0, 0.9375
surrogate, 100, 31.0, 0.9375
surrogate, 100, 31.0, 0.9375
surrogate, 100, 31.0, 0.9375
surrogate, 100, 31.0, 0.9375
surrogate, 100, 31.0, 0.9375
surrogate, 100, 31.0, 0.9375
surrogate, 100, 31.0, 0.9375
surrogate, 100, 31.0, 0.9375
surrogate, 100, 31.0, 0.9375
surrogate, 100, 31.0, 0.9375
surrogate, 100, 31.0, 0.9375
surrogate, 100, 31.0, 0.9375
surrogate, 100, 31.0, 0.9375
surrogate, 100, 31.0, 0.9375
surrogate, 100, 31.0, 0.9375
surrogate, 100, 31.0, 0.9375
surrogate, 100, 31.0, 0.9375
surrogate, 100, 31.0, 0.9375
surrogate, 100, 31.0, 0.9375
surrogate, 100, 31.0, 0.9375
surrogate, 100, 31.0, 0.9375
surrogate, 100, 27.0, 0.625
surrogate, 100, 27.0, 0.625
surrogate, 100, 27.0, 0.625
surrogate, 100, 27.0, 0.625
surrogate, 100, 27.0, 0.625
surrogate, 100, 27.0, 0.625
surrogate, 100, 27.0, 0.625
surrogate, 100, 27.0, 0.625
surrogate, 100, 27.0, 0.625
surrogate, 100, 27.0, 0.625
surrogate, 100, 27.0, 0.625
surrogate, 100, 27.0, 0.625
surrogate, 100, 27.0, 0.625
surrogate, 100, 27.0, 0.625
surrogate, 100, 27.0, 0.625
surrogate, 100, 27.0, 0.625
surrogate, 100, 27.0, 0.625
surrogate, 100, 27.0, 0.625
surrogate, 100, 27.0, 0.625
surrogate, 100, 27.0, 0.625
surrogate, 100, 27.0, 0.625
surrogate, 100, 27.0, 0.625
surrogate, 100, 27.0, 0.625
surrogate, 100, 24.0, 0.5
surrogate, 100, 24.0, 0.5
surrogate, 100, 24.0, 0.5
surrogate, 100, 24.0, 0.5
surrogate, 100, 24.0, 0.5
surrogate, 100, 24.0, 0.5
surrogate, 100, 24.0, 0.5
surrogate, 100, 24.0, 0.5
surrogate, 100, 24.0, 0.5
surrogate, 100, 24.0, 0.5
surrogate, 100, 24.0, 0.5
surrogate, 100, 24.0, 0.5
surrogate, 100, 24.0, 0.5
surrogate, 100, 24.0, 0.5
surrogate, 100, 24.0, 0.5
surrogate, 100, 24.0, 0.5
surrogate, 100, 24.0, 0.5
surrogate, 100, 24.0, 0.5
surrogate, 100, 24.0, 0.5
surrogate, 100, 24.0, 0.5
surrogate, 100, 24.0, 0.5
surrogate, 100, 24.0, 0.5
surrogate, 100, 24.0, 0.5
surrogate, 100, 24.0, 0.5
surrogate, 100, 22.0, 0.3125
surrogate, 100, 22.0, 0.3125
surrogate, 100, 22.0, 0.3125
surrogate, 100, 22.0, 0.3125
surrogate, 100, 22.0, 0.3125
surrogate, 100, 22.0, 0.3125
surrogate, 100, 22.0, 0.3125
surrogate, 100, 22.0, 0.3125
surrogate, 100, 22.0, 0.3125
surrogate, 100, 22.0, 0.3125
surrogate, 100, 22.0, 0.3125
surrogate, 100, 22.0, 0.3125
surrogate, 100, 22.0, 0.3125
surrogate, 100, 22.0, 0.3125
surrogate, 100, 22.0, 0.3125
surrogate, 100, 22.0, 0.3125
surrogate, 100, 22.0, 0.3125
surrogate, 100, 22.0, 0.3125
surrogate, 100, 22.0, 0.3125
surrogate, 100, 22.0, 0.3125
surrogate, 100, 22.0, 0.3125
surrogate, 100, 22.0, 0.3125
surrogate, 100, 22.0, 0.3125
surrogate, 100, 22.0, 0.3125
surrogate, 100, 22.0, 0.3125
surrogate, 100, 22.0, 0.3125
surrogate, 100, 22.0, 0.3125
surrogate, 100, 22.0, 0.3125
surrogate, 100, 22.0, 0.3125
surrogate, 100, 22.0, 0.3125
surrogate, 100, 22.0, 0.3125
surrogate, 100, 21.0, 0.21875
surrogate, 100, 21.0, 0.21875
surrogate, 100, 21.0, 0.21875
surrogate, 100, 21.0, 0.21875
surrogate, 100, 21.0, 0.21875
surrogate, 100, 21.0, 0.21875
surrogate, 100, 21.0, 0.21875
surrogate, 100, 21.0, 0.21875
surrogate, 100, 21.0, 0.21875
surrogate, 100, 21.0, 0.21875
surrogate, 100, 21.0, 0.21875
surrogate, 100, 21.0, 0.21875
surrogate, 100, 21.0, 0.21875
surrogate, 100, 21.0, 0.21875
surrogate, 100, 21.0, 0.21875
surrogate, 100, 21.0, 0.21875
surrogate, 100, 21.0, 0.21875
surrogate, 100, 21.0, 0.21875
surrogate, 100, 21.0, 0.21875
surrogate, 100, 21.0, 0.21875
surrogate, 100, 21.0, 0.21875
surrogate, 100, 21.0, 0.21875
surrogate, 100, 21.0, 0.21875
surrogate, 100, 21.0, 0.21875
surrogate, 100, 21.0, 0.21875
surrogate, 100, 21.0, 0.21875
surrogate, 100, 21.0, 0.21875
surrogate, 100, 21.0, 0.21875
surrogate, 100, 21.0, 0.21875
surrogate, 100, 21.0, 0.21875
surrogate, 100, 21.0, 0.21875
surrogate, 100, 21.0, 0.21875
surrogate, 100, 21.0, 0.21875
surrogate, 100, 21.0, 0.21875
surrogate, 100, 21.0, 0.21875
surrogate, 100, 21.0, 0.21875
surrogate, 100, 21.0, 0.21875
surrogate, 100, 21.0, 0.21875
surrogate, 100, 21.0, 0.21875
surrogate, 100, 21.0, 0.21875
surrogate, 100, 21.0, 0.21875
surrogate, 100, 21.0, 0.21875
surrogate, 100, 21.0, 0.21875
surrogate, 100, 21.0, 0.21875
surrogate, 100, 21.0, 0.21875
surrogate, 100, 21.0, 0.21875
surrogate, 100, 21.0, 0.21875
surrogate, 100, 21.0, 0.21875
surrogate, 100, 21.0, 0.21875
surrogate, 100, 21.0, 0.21875
surrogate, 100, 21.0, 0.21875
surrogate, 100, 21.0, 0.21875
surrogate, 100, 21.0, 0.21875
surrogate, 100, 21.0, 0.21875
surrogate, 100, 21.0, 0.21875
surrogate, 100, 18.0, 0.09375
surrogate, 100, 18.0, 0.09375
surrogate, 100, 18.0, 0.09375
surrogate, 100, 18.0, 0.09375
surrogate, 100, 18.0, 0.09375
surrogate, 100, 18.0, 0.09375
surrogate, 100, 18.0, 0.09375
surrogate, 100, 18.0, 0.09375
surrogate, 100, 18.0, 0.09375
surrogate, 100, 18.0, 0.09375
surrogate, 100, 18.0, 0.09375
surrogate, 100, 18.0, 0.09375
surrogate, 100, 18.0, 0.09375
surrogate, 100, 18.0, 0.09375
surrogate, 100, 18.0, 0.09375
surrogate, 100, 18.0, 0.09375
surrogate, 100, 18.0, 0.09375
surrogate, 100, 18.0, 0.09375
surrogate, 100, 18.0, 0.09375
surrogate, 100, 18.0, 0.09375
surrogate, 100, 18.0, 0.09375
surrogate, 100, 18.0, 0.09375
surrogate, 100, 18.0, 0.09375
surrogate, 100, 18.0, 0.09375
surrogate, 100, 18.0, 0.09375
surrogate, 100, 18.0, 0.09375
surrogate, 100, 18.0, 0.09375
surrogate, 100, 18.0, 0.09375
surrogate, 100, 18.0, 0.09375
surrogate, 100, 18.0, 0.09375
surrogate, 100, 18.0, 0.09375
surrogate, 100, 18.0, 0.09375
surrogate, 100, 18.0, 0.09375
surrogate, 100, 18.0, 0.09375
surrogate, 100, 18.0, 0.09375
surrogate, 100, 18.0, 0.09375
surrogate, 100, 18.0, 0.09375
surrogate, 100, 18.0, 0.09375
surrogate, 100, 18.0, 0.09375
surrogate, 100, 18.0, 0.09375
surrogate, 100, 18.0, 0.09375
surrogate, 100, 18.0, 0.09375
surrogate, 100, 18.0, 0.09375
surrogate, 100, 18.0, 0.09375
surrogate, 100, 18.0, 0.09375
surrogate, 100, 18.0, 0.09375
surrogate, 100, 18.0, 0.09375
surrogate, 100, 18.0, 0.09375
surrogate, 100, 18.0, 0.09375
surrogate, 100, 18.0, 0.09375
surrogate, 100, 18.0, 0.09375
surrogate, 100, 18.0, 0.09375
surrogate, 100, 18.0, 0.09375
surrogate, 100, 18.0, 0.09375
surrogate, 100, 18.0, 0.09375
surrogate, 100, 18.0, 0.09375
surrogate, 100, 18.0, 0.09375
surrogate, 100, 18.0, 0.09375
surrogate, 100, 18.0, 0.09375
surrogate, 100, 18.0, 0.09375
surrogate, 100, 18.0, 0.09375
surrogate, 100, 18.0, 0.09375
surrogate, 100, 18.0, 0.09375
surrogate, 100, 18.0, 0.09375
surrogate, 100, 18.0, 0.09375
surrogate, 100, 18.0, 0.09375
surrogate, 100, 18.0, 0.09375
surrogate, 100, 18.0, 0.09375
surrogate, 100, 18.0, 0.09375
surrogate, 100, 18.0, 0.09375
surrogate, 100, 18.0, 0.09375
surrogate, 100, 18.0, 0.09375
surrogate, 100, 18.0, 0.09375
