method, generation, latency, ar
surrogate, 1, 32.0, 0.65625
surrogate, 1, 28.0, 0.5
surrogate, 1, 24.0, 0.1875
surrogate, 1, 17.0, 0.03125
surrogate, 2, 32.0, 0.65625
surrogate, 2, 28.0, 0.5
surrogate, 2, 28.0, 0.5
surrogate, 2, 24.0, 0.1875
surrogate, 2, 17.0, 0.03125
surrogate, 2, 17.0, 0.03125
surrogate, 3, 32.0, 0.65625
surrogate, 3, 32.0, 0.65625
surrogate, 3, 30.0, 0.53125
surrogate, 3, 28.0, 0.5
surrogate, 3, 28.0, 0.5
surrogate, 3, 27.0, 0.34375
surrogate, 3, 24.0, 0.1875
surrogate, 3, 24.0, 0.1875
surrogate, 3, 17.0, 0.03125
surrogate, 3, 17.0, 0.03125
surrogate, 3, 17.0, 0.03125
surrogate, 3, 17.0, 0.03125
surrogate, 4, 32.0, 0.65625
surrogate, 4, 32.0, 0.65625
surrogate, 4, 32.0, 0.65625
surrogate, 4, 30.0, 0.5625
surrogate, 4, 28.0, 0.5
surrogate, 4, 28.0, 0.5
surrogate, 4, 27.0, 0.34375
surrogate, 4, 25.0, 0.28125
surrogate, 4, 24.0, 0.1875
surrogate, 4, 24.0, 0.1875
surrogate, 4, 17.0, 0.03125
surrogate, 4, 17.0, 0.03125
surrogate, 4, 17.0, 0.03125
surrogate, 4, 17.0, 0.03125
surrogate, 4, 17.0, 0.03125
surrogate, 4, 17.0, 0.03125
surrogate, 5, 32.0, 0.65625
surrogate, 5, 32.0, 0.65625
surrogate, 5, 32.0, 0.65625
surrogate, 5, 32.0, 0.65625
surrogate, 5, 30.0, 0.5625
surrogate, 5, 28.0, 0.5
surrogate, 5, 28.0, 0.5
surrogate, 5, 27.0, 0.34375
surrogate, 5, 27.0, 0.34375
surrogate, 5, 25.0, 0.28125
surrogate, 5, 24.0, 0.1875
surrogate, 5, 24.0, 0.1875
surrogate, 5, 24.0, 0.1875
surrogate, 5, 17.0, 0.03125
surrogate, 5, 17.0, 0.03125
surrogate, 5, 17.0, 0.03125
surrogate, 5, 17.0, 0.03125
surrogate, 5, 17.0, 0.03125
surrogate, 5, 17.0, 0.03125
surrogate, 5, 17.0, 0.03125
surrogate, 6, 32.0, 0.65625
surrogate, 6, 32.0, 0.65625
surrogate, 6, 32.0, 0.65625
surrogate, 6, 32.0, 0.65625
surrogate, 6, 32.0, 0.65625
surrogate, 6, 30.0, 0.5625
surrogate, 6, 28.0, 0.5
surrogate, 6, 28.0, 0.5
surrogate, 6, 27.0, 0.34375
surrogate, 6, 27.0, 0.34375
surrogate, 6, 25.0, 0.28125
surrogate, 6, 25.0, 0.28125
surrogate, 6, 24.0, 0.1875
surrogate, 6, 24.0, 0.1875
surrogate, 6, 24.0, 0.1875
surrogate, 6, 24.0, 0.1875
surrogate, 6, 17.0, 0.03125
surrogate, 6, 17.0, 0.03125
surrogate, 6, 17.0, 0.03125
surrogate, 6, 17.0, 0.03125
surrogate, 6, 17.0, 0.03125
surrogate, 6, 17.0, 0.03125
surrogate, 6, 17.0, 0.03125
surrogate, 6, 17.0, 0.03125
surrogate, 7, 32.0, 0.65625
surrogate, 7, 32.0, 0.65625
surrogate, 7, 32.0, 0.65625
surrogate, 7, 32.0, 0.65625
surrogate, 7, 32.0, 0.65625
surrogate, 7, 30.0, 0.5625
surrogate, 7, 28.0, 0.5
surrogate, 7, 28.0, 0.5
surrogate, 7, 28.0, 0.5
surrogate, 7, 27.0, 0.34375
surrogate, 7, 27.0, 0.34375
surrogate, 7, 27.0, 0.34375
surrogate, 7, 25.0, 0.28125
surrogate, 7, 25.0, 0.28125
surrogate, 7, 25.0, 0.28125
surrogate, 7, 24.0, 0.1875
surrogate, 7, 24.0, 0.1875
surrogate, 7, 24.0, 0.1875
surrogate, 7, 24.0, 0.1875
surrogate, 7, 24.0, 0.1875
surrogate, 7, 17.0, 0.03125
surrogate, 7, 17.0, 0.03125
surrogate, 7, 17.0, 0.03125
surrogate, 7, 17.0, 0.03125
surrogate, 7, 17.0, 0.03125
surrogate, 7, 17.0, 0.03125
surrogate, 7, 17.0, 0.03125
surrogate, 7, 17.0, 0.03125
surrogate, 7, 17.0, 0.03125
surrogate, 8, 32.0, 0.65625
surrogate, 8, 32.0, 0.65625
surrogate, 8, 32.0, 0.65625
surrogate, 8, 32.0, 0.65625
surrogate, 8, 32.0, 0.65625
surrogate, 8, 30.0, 0.5625
surrogate, 8, 28.0, 0.5
surrogate, 8, 28.0, 0.5
surrogate, 8, 28.0, 0.5
surrogate, 8, 27.0, 0.34375
surrogate, 8, 27.0, 0.34375
surrogate, 8, 27.0, 0.34375
surrogate, 8, 25.0, 0.28125
surrogate, 8, 25.0, 0.28125
surrogate, 8, 25.0, 0.28125
surrogate, 8, 24.0, 0.1875
surrogate, 8, 24.0, 0.1875
surrogate, 8, 24.0, 0.1875
surrogate, 8, 24.0, 0.1875
surrogate, 8, 24.0, 0.1875
surrogate, 8, 17.0, 0.03125
surrogate, 8, 17.0, 0.03125
surrogate, 8, 17.0, 0.03125
surrogate, 8, 17.0, 0.03125
surrogate, 8, 17.0, 0.03125
surrogate, 8, 17.0, 0.03125
surrogate, 8, 17.0, 0.03125
surrogate, 8, 17.0, 0.03125
surrogate, 8, 17.0, 0.03125
surrogate, 8, 17.0, 0.03125
surrogate, 9, 32.0, 0.65625
surrogate, 9, 32.0, 0.65625
surrogate, 9, 32.0, 0.65625
surrogate, 9, 32.0, 0.65625
surrogate, 9, 32.0, 0.65625
surrogate, 9, 30.0, 0.5625
surrogate, 9, 30.0, 0.5625
surrogate, 9, 28.0, 0.5
surrogate, 9, 28.0, 0.5
surrogate, 9, 28.0, 0.5
surrogate, 9, 26.0, 0.375
surrogate, 9, 25.0, 0.28125
surrogate, 9, 25.0, 0.28125
surrogate, 9, 25.0, 0.28125
surrogate, 9, 24.0, 0.1875
surrogate, 9, 24.0, 0.1875
surrogate, 9, 24.0, 0.1875
surrogate, 9, 24.0, 0.1875
surrogate, 9, 24.0, 0.1875
surrogate, 9, 24.0, 0.1875
surrogate, 9, 17.0, 0.03125
surrogate, 9, 17.0, 0.03125
surrogate, 9, 17.0, 0.03125
surrogate, 9, 17.0, 0.03125
surrogate, 9, 17.0, 0.03125
surrogate, 9, 17.0, 0.03125
surrogate, 9, 17.0, 0.03125
surrogate, 9, 17.0, 0.03125
surrogate, 9, 17.0, 0.03125
surrogate, 9, 17.0, 0.03125
surrogate, 10, 32.0, 0.65625
surrogate, 10, 32.0, 0.65625
surrogate, 10, 32.0, 0.65625
surrogate, 10, 32.0, 0.65625
surrogate, 10, 32.0, 0.65625
surrogate, 10, 30.0, 0.5625
surrogate, 10, 30.0, 0.5625
surrogate, 10, 30.0, 0.5625
surrogate, 10, 28.0, 0.5
surrogate, 10, 28.0, 0.5
surrogate, 10, 28.0, 0.5
surrogate, 10, 26.0, 0.375
surrogate, 10, 25.0, 0.28125
surrogate, 10, 25.0, 0.28125
surrogate, 10, 25.0, 0.28125
surrogate, 10, 25.0, 0.28125
surrogate, 10, 24.0, 0.1875
surrogate, 10, 24.0, 0.1875
surrogate, 10, 24.0, 0.1875
surrogate, 10, 24.0, 0.1875
surrogate, 10, 24.0, 0.1875
surrogate, 10, 24.0, 0.1875
surrogate, 10, 24.0, 0.1875
surrogate, 10, 17.0, 0.03125
surrogate, 10, 17.0, 0.03125
surrogate, 10, 17.0, 0.03125
surrogate, 10, 17.0, 0.03125
surrogate, 10, 17.0, 0.03125
surrogate, 10, 17.0, 0.03125
surrogate, 10, 17.0, 0.03125
surrogate, 10, 17.0, 0.03125
surrogate, 10, 17.0, 0.03125
surrogate, 10, 17.0, 0.03125
surrogate, 10, 17.0, 0.03125
surrogate, 11, 32.0, 0.65625
surrogate, 11, 32.0, 0.65625
surrogate, 11, 32.0, 0.65625
surrogate, 11, 32.0, 0.65625
surrogate, 11, 32.0, 0.65625
surrogate, 11, 32.0, 0.65625
surrogate, 11, 30.0, 0.5625
surrogate, 11, 30.0, 0.5625
surrogate, 11, 30.0, 0.5625
surrogate, 11, 28.0, 0.5
surrogate, 11, 28.0, 0.5
surrogate, 11, 28.0, 0.5
surrogate, 11, 28.0, 0.5
surrogate, 11, 26.0, 0.375
surrogate, 11, 26.0, 0.375
surrogate, 11, 25.0, 0.28125
surrogate, 11, 25.0, 0.28125
surrogate, 11, 25.0, 0.28125
surrogate, 11, 25.0, 0.28125
surrogate, 11, 24.0, 0.1875
surrogate, 11, 24.0, 0.1875
surrogate, 11, 24.0, 0.1875
surrogate, 11, 24.0, 0.1875
surrogate, 11, 24.0, 0.1875
surrogate, 11, 24.0, 0.1875
surrogate, 11, 24.0, 0.1875
surrogate, 11, 17.0, 0.03125
surrogate, 11, 17.0, 0.03125
surrogate, 11, 17.0, 0.03125
surrogate, 11, 17.0, 0.03125
surrogate, 11, 17.0, 0.03125
surrogate, 11, 17.0, 0.03125
surrogate, 11, 17.0, 0.03125
surrogate, 11, 17.0, 0.03125
surrogate, 11, 17.0, 0.03125
surrogate, 11, 17.0, 0.03125
surrogate, 11, 17.0, 0.03125
surrogate, 11, 17.0, 0.03125
surrogate, 12, 32.0, 0.65625
surrogate, 12, 32.0, 0.65625
surrogate, 12, 32.0, 0.65625
surrogate, 12, 32.0, 0.65625
surrogate, 12, 32.0, 0.65625
surrogate, 12, 32.0, 0.65625
surrogate, 12, 30.0, 0.5625
surrogate, 12, 30.0, 0.5625
surrogate, 12, 30.0, 0.5625
surrogate, 12, 28.0, 0.5
surrogate, 12, 28.0, 0.5
surrogate, 12, 28.0, 0.5
surrogate, 12, 28.0, 0.5
surrogate, 12, 28.0, 0.5
surrogate, 12, 26.0, 0.375
surrogate, 12, 26.0, 0.375
surrogate, 12, 25.0, 0.28125
surrogate, 12, 25.0, 0.28125
surrogate, 12, 25.0, 0.28125
surrogate, 12, 25.0, 0.28125
surrogate, 12, 25.0, 0.28125
surrogate, 12, 24.0, 0.1875
surrogate, 12, 24.0, 0.1875
surrogate, 12, 24.0, 0.1875
surrogate, 12, 24.0, 0.1875
surrogate, 12, 24.0, 0.1875
surrogate, 12, 24.0, 0.1875
surrogate, 12, 24.0, 0.1875
surrogate, 12, 17.0, 0.03125
surrogate, 12, 17.0, 0.03125
surrogate, 12, 17.0, 0.03125
surrogate, 12, 17.0, 0.03125
surrogate, 12, 17.0, 0.03125
surrogate, 12, 17.0, 0.03125
surrogate, 12, 17.0, 0.03125
surrogate, 12, 17.0, 0.03125
surrogate, 12, 17.0, 0.03125
surrogate, 12, 17.0, 0.03125
surrogate, 12, 17.0, 0.03125
surrogate, 12, 17.0, 0.03125
surrogate, 12, 17.0, 0.03125
surrogate, 13, 32.0, 0.65625
surrogate, 13, 32.0, 0.65625
surrogate, 13, 32.0, 0.65625
surrogate, 13, 32.0, 0.65625
surrogate, 13, 32.0, 0.65625
surrogate, 13, 32.0, 0.65625
surrogate, 13, 30.0, 0.5625
surrogate, 13, 30.0, 0.5625
surrogate, 13, 30.0, 0.5625
surrogate, 13, 28.0, 0.5
surrogate, 13, 28.0, 0.5
surrogate, 13, 28.0, 0.5
surrogate, 13, 28.0, 0.5
surrogate, 13, 28.0, 0.5
surrogate, 13, 26.0, 0.375
surrogate, 13, 26.0, 0.375
surrogate, 13, 25.0, 0.28125
surrogate, 13, 25.0, 0.28125
surrogate, 13, 25.0, 0.28125
surrogate, 13, 25.0, 0.28125
surrogate, 13, 25.0, 0.28125
surrogate, 13, 24.0, 0.1875
surrogate, 13, 24.0, 0.1875
surrogate, 13, 24.0, 0.1875
surrogate, 13, 24.0, 0.1875
surrogate, 13, 24.0, 0.1875
surrogate, 13, 24.0, 0.1875
surrogate, 13, 24.0, 0.1875
surrogate, 13, 17.0, 0.03125
surrogate, 13, 17.0, 0.03125
surrogate, 13, 17.0, 0.03125
surrogate, 13, 17.0, 0.03125
surrogate, 13, 17.0, 0.03125
surrogate, 13, 17.0, 0.03125
surrogate, 13, 17.0, 0.03125
surrogate, 13, 17.0, 0.03125
surrogate, 13, 17.0, 0.03125
surrogate, 13, 17.0, 0.03125
surrogate, 13, 17.0, 0.03125
surrogate, 13, 17.0, 0.03125
surrogate, 13, 17.0, 0.03125
surrogate, 13, 17.0, 0.03125
surrogate, 14, 32.0, 0.65625
surrogate, 14, 32.0, 0.65625
surrogate, 14, 32.0, 0.65625
surrogate, 14, 32.0, 0.65625
surrogate, 14, 32.0, 0.65625
surrogate, 14, 32.0, 0.65625
surrogate, 14, 30.0, 0.5625
surrogate, 14, 30.0, 0.5625
surrogate, 14, 30.0, 0.5625
surrogate, 14, 28.0, 0.5
surrogate, 14, 28.0, 0.5
surrogate, 14, 28.0, 0.5
surrogate, 14, 28.0, 0.5
surrogate, 14, 28.0, 0.5
surrogate, 14, 26.0, 0.375
surrogate, 14, 26.0, 0.375
surrogate, 14, 26.0, 0.375
surrogate, 14, 25.0, 0.28125
surrogate, 14, 25.0, 0.28125
surrogate, 14, 25.0, 0.28125
surrogate, 14, 25.0, 0.28125
surrogate, 14, 25.0, 0.28125
surrogate, 14, 24.0, 0.1875
surrogate, 14, 24.0, 0.1875
surrogate, 14, 24.0, 0.1875
surrogate, 14, 24.0, 0.1875
surrogate, 14, 24.0, 0.1875
surrogate, 14, 24.0, 0.1875
surrogate, 14, 24.0, 0.1875
surrogate, 14, 24.0, 0.1875
surrogate, 14, 17.0, 0.03125
surrogate, 14, 17.0, 0.03125
surrogate, 14, 17.0, 0.03125
surrogate, 14, 17.0, 0.03125
surrogate, 14, 17.0, 0.03125
surrogate, 14, 17.0, 0.03125
surrogate, 14, 17.0, 0.03125
surrogate, 14, 17.0, 0.03125
surrogate, 14, 17.0, 0.03125
surrogate, 14, 17.0, 0.03125
surrogate, 14, 17.0, 0.03125
surrogate, 14, 17.0, 0.03125
surrogate, 14, 17.0, 0.03125
surrogate, 14, 17.0, 0.03125
surrogate, 14, 17.0, 0.03125
surrogate, 15, 32.0, 0.65625
surrogate, 15, 32.0, 0.65625
surrogate, 15, 32.0, 0.65625
surrogate, 15, 32.0, 0.65625
surrogate, 15, 32.0, 0.65625
surrogate, 15, 32.0, 0.65625
surrogate, 15, 30.0, 0.5625
surrogate, 15, 30.0, 0.5625
surrogate, 15, 30.0, 0.5625
surrogate, 15, 28.0, 0.5
surrogate, 15, 28.0, 0.5
surrogate, 15, 28.0, 0.5
surrogate, 15, 28.0, 0.5
surrogate, 15, 28.0, 0.5
surrogate, 15, 26.0, 0.375
surrogate, 15, 26.0, 0.375
surrogate, 15, 26.0, 0.375
surrogate, 15, 25.0, 0.28125
surrogate, 15, 25.0, 0.28125
surrogate, 15, 25.0, 0.28125
surrogate, 15, 25.0, 0.28125
surrogate, 15, 25.0, 0.28125
surrogate, 15, 24.0, 0.1875
surrogate, 15, 24.0, 0.1875
surrogate, 15, 24.0, 0.1875
surrogate, 15, 24.0, 0.1875
surrogate, 15, 24.0, 0.1875
surrogate, 15, 24.0, 0.1875
surrogate, 15, 24.0, 0.1875
surrogate, 15, 24.0, 0.1875
surrogate, 15, 17.0, 0.03125
surrogate, 15, 17.0, 0.03125
surrogate, 15, 17.0, 0.03125
surrogate, 15, 17.0, 0.03125
surrogate, 15, 17.0, 0.03125
surrogate, 15, 17.0, 0.03125
surrogate, 15, 17.0, 0.03125
surrogate, 15, 17.0, 0.03125
surrogate, 15, 17.0, 0.03125
surrogate, 15, 17.0, 0.03125
surrogate, 15, 17.0, 0.03125
surrogate, 15, 17.0, 0.03125
surrogate, 15, 17.0, 0.03125
surrogate, 15, 17.0, 0.03125
surrogate, 15, 17.0, 0.03125
surrogate, 15, 17.0, 0.03125
surrogate, 16, 32.0, 0.65625
surrogate, 16, 32.0, 0.65625
surrogate, 16, 32.0, 0.65625
surrogate, 16, 32.0, 0.65625
surrogate, 16, 32.0, 0.65625
surrogate, 16, 32.0, 0.65625
surrogate, 16, 32.0, 0.65625
surrogate, 16, 30.0, 0.5625
surrogate, 16, 30.0, 0.5625
surrogate, 16, 30.0, 0.5625
surrogate, 16, 28.0, 0.5
surrogate, 16, 28.0, 0.5
surrogate, 16, 28.0, 0.5
surrogate, 16, 28.0, 0.5
surrogate, 16, 28.0, 0.5
surrogate, 16, 28.0, 0.5
surrogate, 16, 26.0, 0.375
surrogate, 16, 26.0, 0.375
surrogate, 16, 26.0, 0.375
surrogate, 16, 25.0, 0.28125
surrogate, 16, 25.0, 0.28125
surrogate, 16, 25.0, 0.28125
surrogate, 16, 25.0, 0.28125
surrogate, 16, 25.0, 0.28125
surrogate, 16, 24.0, 0.1875
surrogate, 16, 24.0, 0.1875
surrogate, 16, 24.0, 0.1875
surrogate, 16, 24.0, 0.1875
surrogate, 16, 24.0, 0.1875
surrogate, 16, 24.0, 0.1875
surrogate, 16, 24.0, 0.1875
surrogate, 16, 24.0, 0.1875
surrogate, 16, 24.0, 0.1875
surrogate, 16, 17.0, 0.03125
surrogate, 16, 17.0, 0.03125
surrogate, 16, 17.0, 0.03125
surrogate, 16, 17.0, 0.03125
surrogate, 16, 17.0, 0.03125
surrogate, 16, 17.0, 0.03125
surrogate, 16, 17.0, 0.03125
surrogate, 16, 17.0, 0.03125
surrogate, 16, 17.0, 0.03125
surrogate, 16, 17.0, 0.03125
surrogate, 16, 17.0, 0.03125
surrogate, 16, 17.0, 0.03125
surrogate, 16, 17.0, 0.03125
surrogate, 16, 17.0, 0.03125
surrogate, 16, 17.0, 0.03125
surrogate, 16, 17.0, 0.03125
surrogate, 17, 32.0, 0.65625
surrogate, 17, 32.0, 0.65625
surrogate, 17, 32.0, 0.65625
surrogate, 17, 32.0, 0.65625
surrogate, 17, 32.0, 0.65625
surrogate, 17, 32.0, 0.65625
surrogate, 17, 32.0, 0.65625
surrogate, 17, 29.0, 0.5625
surrogate, 17, 28.0, 0.5
surrogate, 17, 28.0, 0.5
surrogate, 17, 28.0, 0.5
surrogate, 17, 28.0, 0.5
surrogate, 17, 28.0, 0.5
surrogate, 17, 28.0, 0.5
surrogate, 17, 26.0, 0.375
surrogate, 17, 26.0, 0.375
surrogate, 17, 26.0, 0.375
surrogate, 17, 25.0, 0.28125
surrogate, 17, 25.0, 0.28125
surrogate, 17, 25.0, 0.28125
surrogate, 17, 25.0, 0.28125
surrogate, 17, 25.0, 0.28125
surrogate, 17, 25.0, 0.28125
surrogate, 17, 24.0, 0.1875
surrogate, 17, 24.0, 0.1875
surrogate, 17, 24.0, 0.1875
surrogate, 17, 24.0, 0.1875
surrogate, 17, 24.0, 0.1875
surrogate, 17, 24.0, 0.1875
surrogate, 17, 24.0, 0.1875
surrogate, 17, 24.0, 0.1875
surrogate, 17, 24.0, 0.1875
surrogate, 17, 24.0, 0.1875
surrogate, 17, 17.0, 0.03125
surrogate, 17, 17.0, 0.03125
surrogate, 17, 17.0, 0.03125
surrogate, 17, 17.0, 0.03125
surrogate, 17, 17.0, 0.03125
surrogate, 17, 17.0, 0.03125
surrogate, 17, 17.0, 0.03125
surrogate, 17, 17.0, 0.03125
surrogate, 17, 17.0, 0.03125
surrogate, 17, 17.0, 0.03125
surrogate, 17, 17.0, 0.03125
surrogate, 17, 17.0, 0.03125
surrogate, 17, 17.0, 0.03125
surrogate, 17, 17.0, 0.03125
surrogate, 17, 17.0, 0.03125
surrogate, 17, 17.0, 0.03125
surrogate, 17, 17.0, 0.03125
surrogate, 18, 31.0, 0.65625
surrogate, 18, 29.0, 0.5625
surrogate, 18, 28.0, 0.5
surrogate, 18, 28.0, 0.5
surrogate, 18, 28.0, 0.5
surrogate, 18, 28.0, 0.5
surrogate, 18, 28.0, 0.5
surrogate, 18, 28.0, 0.5
surrogate, 18, 26.0, 0.375
surrogate, 18, 26.0, 0.375
surrogate, 18, 26.0, 0.375
surrogate, 18, 26.0, 0.375
surrogate, 18, 24.0, 0.28125
surrogate, 18, 17.0, 0.03125
surrogate, 18, 17.0, 0.03125
surrogate, 18, 17.0, 0.03125
surrogate, 18, 17.0, 0.03125
surrogate, 18, 17.0, 0.03125
surrogate, 18, 17.0, 0.03125
surrogate, 18, 17.0, 0.03125
surrogate, 18, 17.0, 0.03125
surrogate, 18, 17.0, 0.03125
surrogate, 18, 17.0, 0.03125
surrogate, 18, 17.0, 0.03125
surrogate, 18, 17.0, 0.03125
surrogate, 18, 17.0, 0.03125
surrogate, 18, 17.0, 0.03125
surrogate, 18, 17.0, 0.03125
surrogate, 18, 17.0, 0.03125
surrogate, 18, 17.0, 0.03125
surrogate, 18, 17.0, 0.03125
surrogate, 18, 17.0, 0.03125
surrogate, 19, 31.0, 0.65625
surrogate, 19, 29.0, 0.5625
surrogate, 19, 28.0, 0.5
surrogate, 19, 28.0, 0.5
surrogate, 19, 28.0, 0.5
surrogate, 19, 28.0, 0.5
surrogate, 19, 28.0, 0.5
surrogate, 19, 28.0, 0.5
surrogate, 19, 26.0, 0.375
surrogate, 19, 26.0, 0.375
surrogate, 19, 26.0, 0.375
surrogate, 19, 26.0, 0.375
surrogate, 19, 26.0, 0.375
surrogate, 19, 24.0, 0.28125
surrogate, 19, 24.0, 0.28125
surrogate, 19, 17.0, 0.03125
surrogate, 19, 17.0, 0.03125
surrogate, 19, 17.0, 0.03125
surrogate, 19, 17.0, 0.03125
surrogate, 19, 17.0, 0.03125
surrogate, 19, 17.0, 0.03125
surrogate, 19, 17.0, 0.03125
surrogate, 19, 17.0, 0.03125
surrogate, 19, 17.0, 0.03125
surrogate, 19, 17.0, 0.03125
surrogate, 19, 17.0, 0.03125
surrogate, 19, 17.0, 0.03125
surrogate, 19, 17.0, 0.03125
surrogate, 19, 17.0, 0.03125
surrogate, 19, 17.0, 0.03125
surrogate, 19, 17.0, 0.03125
surrogate, 19, 17.0, 0.03125
surrogate, 19, 17.0, 0.03125
surrogate, 19, 17.0, 0.03125
surrogate, 19, 17.0, 0.03125
surrogate, 19, 17.0, 0.03125
surrogate, 19, 17.0, 0.03125
surrogate, 20, 31.0, 0.65625
surrogate, 20, 29.0, 0.5625
surrogate, 20, 28.0, 0.5
surrogate, 20, 28.0, 0.5
surrogate, 20, 28.0, 0.5
surrogate, 20, 28.0, 0.5
surrogate, 20, 28.0, 0.5
surrogate, 20, 28.0, 0.5
surrogate, 20, 26.0, 0.375
surrogate, 20, 26.0, 0.375
surrogate, 20, 26.0, 0.375
surrogate, 20, 26.0, 0.375
surrogate, 20, 26.0, 0.375
surrogate, 20, 24.0, 0.28125
surrogate, 20, 24.0, 0.28125
surrogate, 20, 17.0, 0.03125
surrogate, 20, 17.0, 0.03125
surrogate, 20, 17.0, 0.03125
surrogate, 20, 17.0, 0.03125
surrogate, 20, 17.0, 0.03125
surrogate, 20, 17.0, 0.03125
surrogate, 20, 17.0, 0.03125
surrogate, 20, 17.0, 0.03125
surrogate, 20, 17.0, 0.03125
surrogate, 20, 17.0, 0.03125
surrogate, 20, 17.0, 0.03125
surrogate, 20, 17.0, 0.03125
surrogate, 20, 17.0, 0.03125
surrogate, 20, 17.0, 0.03125
surrogate, 20, 17.0, 0.03125
surrogate, 20, 17.0, 0.03125
surrogate, 20, 17.0, 0.03125
surrogate, 20, 17.0, 0.03125
surrogate, 20, 17.0, 0.03125
surrogate, 20, 17.0, 0.03125
surrogate, 20, 17.0, 0.03125
surrogate, 20, 17.0, 0.03125
surrogate, 20, 17.0, 0.03125
surrogate, 21, 31.0, 0.65625
surrogate, 21, 29.0, 0.5625
surrogate, 21, 28.0, 0.5
surrogate, 21, 28.0, 0.5
surrogate, 21, 28.0, 0.5
surrogate, 21, 28.0, 0.5
surrogate, 21, 28.0, 0.5
surrogate, 21, 28.0, 0.5
surrogate, 21, 26.0, 0.375
surrogate, 21, 26.0, 0.375
surrogate, 21, 26.0, 0.375
surrogate, 21, 26.0, 0.375
surrogate, 21, 26.0, 0.375
surrogate, 21, 26.0, 0.375
surrogate, 21, 24.0, 0.28125
surrogate, 21, 24.0, 0.28125
surrogate, 21, 24.0, 0.28125
surrogate, 21, 17.0, 0.03125
surrogate, 21, 17.0, 0.03125
surrogate, 21, 17.0, 0.03125
surrogate, 21, 17.0, 0.03125
surrogate, 21, 17.0, 0.03125
surrogate, 21, 17.0, 0.03125
surrogate, 21, 17.0, 0.03125
surrogate, 21, 17.0, 0.03125
surrogate, 21, 17.0, 0.03125
surrogate, 21, 17.0, 0.03125
surrogate, 21, 17.0, 0.03125
surrogate, 21, 17.0, 0.03125
surrogate, 21, 17.0, 0.03125
surrogate, 21, 17.0, 0.03125
surrogate, 21, 17.0, 0.03125
surrogate, 21, 17.0, 0.03125
surrogate, 21, 17.0, 0.03125
surrogate, 21, 17.0, 0.03125
surrogate, 21, 17.0, 0.03125
surrogate, 21, 17.0, 0.03125
surrogate, 21, 17.0, 0.03125
surrogate, 21, 17.0, 0.03125
surrogate, 21, 17.0, 0.03125
surrogate, 21, 17.0, 0.03125
surrogate, 22, 31.0, 0.65625
surrogate, 22, 29.0, 0.5625
surrogate, 22, 29.0, 0.5625
surrogate, 22, 28.0, 0.5
surrogate, 22, 28.0, 0.5
surrogate, 22, 28.0, 0.5
surrogate, 22, 28.0, 0.5
surrogate, 22, 28.0, 0.5
surrogate, 22, 28.0, 0.5
surrogate, 22, 26.0, 0.375
surrogate, 22, 26.0, 0.375
surrogate, 22, 26.0, 0.375
surrogate, 22, 26.0, 0.375
surrogate, 22, 26.0, 0.375
surrogate, 22, 26.0, 0.375
surrogate, 22, 26.0, 0.375
surrogate, 22, 24.0, 0.28125
surrogate, 22, 24.0, 0.28125
surrogate, 22, 24.0, 0.28125
surrogate, 22, 24.0, 0.28125
surrogate, 22, 17.0, 0.03125
surrogate, 22, 17.0, 0.03125
surrogate, 22, 17.0, 0.03125
surrogate, 22, 17.0, 0.03125
surrogate, 22, 17.0, 0.03125
surrogate, 22, 17.0, 0.03125
surrogate, 22, 17.0, 0.03125
surrogate, 22, 17.0, 0.03125
surrogate, 22, 17.0, 0.03125
surrogate, 22, 17.0, 0.03125
surrogate, 22, 17.0, 0.03125
surrogate, 22, 17.0, 0.03125
surrogate, 22, 17.0, 0.03125
surrogate, 22, 17.0, 0.03125
surrogate, 22, 17.0, 0.03125
surrogate, 22, 17.0, 0.03125
surrogate, 22, 17.0, 0.03125
surrogate, 22, 17.0, 0.03125
surrogate, 22, 17.0, 0.03125
surrogate, 22, 17.0, 0.03125
surrogate, 22, 17.0, 0.03125
surrogate, 22, 17.0, 0.03125
surrogate, 22, 17.0, 0.03125
surrogate, 22, 17.0, 0.03125
surrogate, 22, 17.0, 0.03125
surrogate, 23, 31.0, 0.65625
surrogate, 23, 29.0, 0.5625
surrogate, 23, 29.0, 0.5625
surrogate, 23, 29.0, 0.5625
surrogate, 23, 28.0, 0.5
surrogate, 23, 28.0, 0.5
surrogate, 23, 28.0, 0.5
surrogate, 23, 28.0, 0.5
surrogate, 23, 28.0, 0.5
surrogate, 23, 28.0, 0.5
surrogate, 23, 26.0, 0.375
surrogate, 23, 26.0, 0.375
surrogate, 23, 26.0, 0.375
surrogate, 23, 26.0, 0.375
surrogate, 23, 26.0, 0.375
surrogate, 23, 26.0, 0.375
surrogate, 23, 26.0, 0.375
surrogate, 23, 26.0, 0.375
surrogate, 23, 24.0, 0.28125
surrogate, 23, 24.0, 0.28125
surrogate, 23, 24.0, 0.28125
surrogate, 23, 24.0, 0.28125
surrogate, 23, 24.0, 0.28125
surrogate, 23, 17.0, 0.03125
surrogate, 23, 17.0, 0.03125
surrogate, 23, 17.0, 0.03125
surrogate, 23, 17.0, 0.03125
surrogate, 23, 17.0, 0.03125
surrogate, 23, 17.0, 0.03125
surrogate, 23, 17.0, 0.03125
surrogate, 23, 17.0, 0.03125
surrogate, 23, 17.0, 0.03125
surrogate, 23, 17.0, 0.03125
surrogate, 23, 17.0, 0.03125
surrogate, 23, 17.0, 0.03125
surrogate, 23, 17.0, 0.03125
surrogate, 23, 17.0, 0.03125
surrogate, 23, 17.0, 0.03125
surrogate, 23, 17.0, 0.03125
surrogate, 23, 17.0, 0.03125
surrogate, 23, 17.0, 0.03125
surrogate, 23, 17.0, 0.03125
surrogate, 23, 17.0, 0.03125
surrogate, 23, 17.0, 0.03125
surrogate, 23, 17.0, 0.03125
surrogate, 23, 17.0, 0.03125
surrogate, 23, 17.0, 0.03125
surrogate, 23, 17.0, 0.03125
surrogate, 23, 17.0, 0.03125
surrogate, 24, 31.0, 0.65625
surrogate, 24, 29.0, 0.5625
surrogate, 24, 29.0, 0.5625
surrogate, 24, 29.0, 0.5625
surrogate, 24, 28.0, 0.5
surrogate, 24, 28.0, 0.5
surrogate, 24, 28.0, 0.5
surrogate, 24, 28.0, 0.5
surrogate, 24, 28.0, 0.5
surrogate, 24, 28.0, 0.5
surrogate, 24, 27.0, 0.46875
surrogate, 24, 25.0, 0.375
surrogate, 24, 24.0, 0.28125
surrogate, 24, 24.0, 0.28125
surrogate, 24, 24.0, 0.28125
surrogate, 24, 24.0, 0.28125
surrogate, 24, 24.0, 0.28125
surrogate, 24, 24.0, 0.28125
surrogate, 24, 17.0, 0.03125
surrogate, 24, 17.0, 0.03125
surrogate, 24, 17.0, 0.03125
surrogate, 24, 17.0, 0.03125
surrogate, 24, 17.0, 0.03125
surrogate, 24, 17.0, 0.03125
surrogate, 24, 17.0, 0.03125
surrogate, 24, 17.0, 0.03125
surrogate, 24, 17.0, 0.03125
surrogate, 24, 17.0, 0.03125
surrogate, 24, 17.0, 0.03125
surrogate, 24, 17.0, 0.03125
surrogate, 24, 17.0, 0.03125
surrogate, 24, 17.0, 0.03125
surrogate, 24, 17.0, 0.03125
surrogate, 24, 17.0, 0.03125
surrogate, 24, 17.0, 0.03125
surrogate, 24, 17.0, 0.03125
surrogate, 24, 17.0, 0.03125
surrogate, 24, 17.0, 0.03125
surrogate, 24, 17.0, 0.03125
surrogate, 24, 17.0, 0.03125
surrogate, 24, 17.0, 0.03125
surrogate, 24, 17.0, 0.03125
surrogate, 24, 17.0, 0.03125
surrogate, 24, 17.0, 0.03125
surrogate, 24, 17.0, 0.03125
surrogate, 25, 31.0, 0.65625
surrogate, 25, 29.0, 0.5625
surrogate, 25, 29.0, 0.5625
surrogate, 25, 29.0, 0.5625
surrogate, 25, 28.0, 0.5
surrogate, 25, 28.0, 0.5
surrogate, 25, 28.0, 0.5
surrogate, 25, 28.0, 0.5
surrogate, 25, 28.0, 0.5
surrogate, 25, 28.0, 0.5
surrogate, 25, 27.0, 0.46875
surrogate, 25, 27.0, 0.46875
surrogate, 25, 25.0, 0.375
surrogate, 25, 24.0, 0.28125
surrogate, 25, 24.0, 0.28125
surrogate, 25, 24.0, 0.28125
surrogate, 25, 24.0, 0.28125
surrogate, 25, 24.0, 0.28125
surrogate, 25, 24.0, 0.28125
surrogate, 25, 17.0, 0.03125
surrogate, 25, 17.0, 0.03125
surrogate, 25, 17.0, 0.03125
surrogate, 25, 17.0, 0.03125
surrogate, 25, 17.0, 0.03125
surrogate, 25, 17.0, 0.03125
surrogate, 25, 17.0, 0.03125
surrogate, 25, 17.0, 0.03125
surrogate, 25, 17.0, 0.03125
surrogate, 25, 17.0, 0.03125
surrogate, 25, 17.0, 0.03125
surrogate, 25, 17.0, 0.03125
surrogate, 25, 17.0, 0.03125
surrogate, 25, 17.0, 0.03125
surrogate, 25, 17.0, 0.03125
surrogate, 25, 17.0, 0.03125
surrogate, 25, 17.0, 0.03125
surrogate, 25, 17.0, 0.03125
surrogate, 25, 17.0, 0.03125
surrogate, 25, 17.0, 0.03125
surrogate, 25, 17.0, 0.03125
surrogate, 25, 17.0, 0.03125
surrogate, 25, 17.0, 0.03125
surrogate, 25, 17.0, 0.03125
surrogate, 25, 17.0, 0.03125
surrogate, 25, 17.0, 0.03125
surrogate, 25, 17.0, 0.03125
surrogate, 25, 17.0, 0.03125
surrogate, 26, 31.0, 0.65625
surrogate, 26, 29.0, 0.5625
surrogate, 26, 29.0, 0.5625
surrogate, 26, 29.0, 0.5625
surrogate, 26, 27.0, 0.5
surrogate, 26, 25.0, 0.375
surrogate, 26, 25.0, 0.375
surrogate, 26, 24.0, 0.28125
surrogate, 26, 24.0, 0.28125
surrogate, 26, 24.0, 0.28125
surrogate, 26, 24.0, 0.28125
surrogate, 26, 24.0, 0.28125
surrogate, 26, 24.0, 0.28125
surrogate, 26, 24.0, 0.28125
surrogate, 26, 17.0, 0.03125
surrogate, 26, 17.0, 0.03125
surrogate, 26, 17.0, 0.03125
surrogate, 26, 17.0, 0.03125
surrogate, 26, 17.0, 0.03125
surrogate, 26, 17.0, 0.03125
surrogate, 26, 17.0, 0.03125
surrogate, 26, 17.0, 0.03125
surrogate, 26, 17.0, 0.03125
surrogate, 26, 17.0, 0.03125
surrogate, 26, 17.0, 0.03125
surrogate, 26, 17.0, 0.03125
surrogate, 26, 17.0, 0.03125
surrogate, 26, 17.0, 0.03125
surrogate, 26, 17.0, 0.03125
surrogate, 26, 17.0, 0.03125
surrogate, 26, 17.0, 0.03125
surrogate, 26, 17.0, 0.03125
surrogate, 26, 17.0, 0.03125
surrogate, 26, 17.0, 0.03125
surrogate, 26, 17.0, 0.03125
surrogate, 26, 17.0, 0.03125
surrogate, 26, 17.0, 0.03125
surrogate, 26, 17.0, 0.03125
surrogate, 26, 17.0, 0.03125
surrogate, 26, 17.0, 0.03125
surrogate, 26, 17.0, 0.03125
surrogate, 26, 17.0, 0.03125
surrogate, 27, 31.0, 0.65625
surrogate, 27, 29.0, 0.5625
surrogate, 27, 29.0, 0.5625
surrogate, 27, 29.0, 0.5625
surrogate, 27, 27.0, 0.5
surrogate, 27, 27.0, 0.5
surrogate, 27, 25.0, 0.375
surrogate, 27, 25.0, 0.375
surrogate, 27, 25.0, 0.375
surrogate, 27, 24.0, 0.28125
surrogate, 27, 24.0, 0.28125
surrogate, 27, 24.0, 0.28125
surrogate, 27, 24.0, 0.28125
surrogate, 27, 24.0, 0.28125
surrogate, 27, 24.0, 0.28125
surrogate, 27, 24.0, 0.28125
surrogate, 27, 24.0, 0.28125
surrogate, 27, 17.0, 0.03125
surrogate, 27, 17.0, 0.03125
surrogate, 27, 17.0, 0.03125
surrogate, 27, 17.0, 0.03125
surrogate, 27, 17.0, 0.03125
surrogate, 27, 17.0, 0.03125
surrogate, 27, 17.0, 0.03125
surrogate, 27, 17.0, 0.03125
surrogate, 27, 17.0, 0.03125
surrogate, 27, 17.0, 0.03125
surrogate, 27, 17.0, 0.03125
surrogate, 27, 17.0, 0.03125
surrogate, 27, 17.0, 0.03125
surrogate, 27, 17.0, 0.03125
surrogate, 27, 17.0, 0.03125
surrogate, 27, 17.0, 0.03125
surrogate, 27, 17.0, 0.03125
surrogate, 27, 17.0, 0.03125
surrogate, 27, 17.0, 0.03125
surrogate, 27, 17.0, 0.03125
surrogate, 27, 17.0, 0.03125
surrogate, 27, 17.0, 0.03125
surrogate, 27, 17.0, 0.03125
surrogate, 27, 17.0, 0.03125
surrogate, 27, 17.0, 0.03125
surrogate, 27, 17.0, 0.03125
surrogate, 27, 17.0, 0.03125
surrogate, 27, 17.0, 0.03125
surrogate, 27, 17.0, 0.03125
surrogate, 28, 31.0, 0.65625
surrogate, 28, 29.0, 0.5625
surrogate, 28, 29.0, 0.5625
surrogate, 28, 29.0, 0.5625
surrogate, 28, 27.0, 0.5
surrogate, 28, 27.0, 0.5
surrogate, 28, 27.0, 0.5
surrogate, 28, 25.0, 0.375
surrogate, 28, 25.0, 0.375
surrogate, 28, 25.0, 0.375
surrogate, 28, 24.0, 0.28125
surrogate, 28, 24.0, 0.28125
surrogate, 28, 24.0, 0.28125
surrogate, 28, 24.0, 0.28125
surrogate, 28, 24.0, 0.28125
surrogate, 28, 24.0, 0.28125
surrogate, 28, 24.0, 0.28125
surrogate, 28, 24.0, 0.28125
surrogate, 28, 24.0, 0.28125
surrogate, 28, 17.0, 0.03125
surrogate, 28, 17.0, 0.03125
surrogate, 28, 17.0, 0.03125
surrogate, 28, 17.0, 0.03125
surrogate, 28, 17.0, 0.03125
surrogate, 28, 17.0, 0.03125
surrogate, 28, 17.0, 0.03125
surrogate, 28, 17.0, 0.03125
surrogate, 28, 17.0, 0.03125
surrogate, 28, 17.0, 0.03125
surrogate, 28, 17.0, 0.03125
surrogate, 28, 17.0, 0.03125
surrogate, 28, 17.0, 0.03125
surrogate, 28, 17.0, 0.03125
surrogate, 28, 17.0, 0.03125
surrogate, 28, 17.0, 0.03125
surrogate, 28, 17.0, 0.03125
surrogate, 28, 17.0, 0.03125
surrogate, 28, 17.0, 0.03125
surrogate, 28, 17.0, 0.03125
surrogate, 28, 17.0, 0.03125
surrogate, 28, 17.0, 0.03125
surrogate, 28, 17.0, 0.03125
surrogate, 28, 17.0, 0.03125
surrogate, 28, 17.0, 0.03125
surrogate, 28, 17.0, 0.03125
surrogate, 28, 17.0, 0.03125
surrogate, 28, 17.0, 0.03125
surrogate, 28, 17.0, 0.03125
surrogate, 28, 17.0, 0.03125
surrogate, 29, 31.0, 0.65625
surrogate, 29, 29.0, 0.5625
surrogate, 29, 29.0, 0.5625
surrogate, 29, 29.0, 0.5625
surrogate, 29, 29.0, 0.5625
surrogate, 29, 28.0, 0.53125
surrogate, 29, 27.0, 0.5
surrogate, 29, 27.0, 0.5
surrogate, 29, 27.0, 0.5
surrogate, 29, 25.0, 0.375
surrogate, 29, 25.0, 0.375
surrogate, 29, 25.0, 0.375
surrogate, 29, 23.0, 0.28125
surrogate, 29, 17.0, 0.03125
surrogate, 29, 17.0, 0.03125
surrogate, 29, 17.0, 0.03125
surrogate, 29, 17.0, 0.03125
surrogate, 29, 17.0, 0.03125
surrogate, 29, 17.0, 0.03125
surrogate, 29, 17.0, 0.03125
surrogate, 29, 17.0, 0.03125
surrogate, 29, 17.0, 0.03125
surrogate, 29, 17.0, 0.03125
surrogate, 29, 17.0, 0.03125
surrogate, 29, 17.0, 0.03125
surrogate, 29, 17.0, 0.03125
surrogate, 29, 17.0, 0.03125
surrogate, 29, 17.0, 0.03125
surrogate, 29, 17.0, 0.03125
surrogate, 29, 17.0, 0.03125
surrogate, 29, 17.0, 0.03125
surrogate, 29, 17.0, 0.03125
surrogate, 29, 17.0, 0.03125
surrogate, 29, 17.0, 0.03125
surrogate, 29, 17.0, 0.03125
surrogate, 29, 17.0, 0.03125
surrogate, 29, 17.0, 0.03125
surrogate, 29, 17.0, 0.03125
surrogate, 29, 17.0, 0.03125
surrogate, 29, 17.0, 0.03125
surrogate, 29, 17.0, 0.03125
surrogate, 29, 17.0, 0.03125
surrogate, 29, 17.0, 0.03125
surrogate, 29, 17.0, 0.03125
surrogate, 30, 31.0, 0.65625
surrogate, 30, 29.0, 0.5625
surrogate, 30, 29.0, 0.5625
surrogate, 30, 29.0, 0.5625
surrogate, 30, 29.0, 0.5625
surrogate, 30, 28.0, 0.53125
surrogate, 30, 27.0, 0.5
surrogate, 30, 27.0, 0.5
surrogate, 30, 27.0, 0.5
surrogate, 30, 25.0, 0.375
surrogate, 30, 25.0, 0.375
surrogate, 30, 25.0, 0.375
surrogate, 30, 25.0, 0.375
surrogate, 30, 23.0, 0.28125
surrogate, 30, 23.0, 0.28125
surrogate, 30, 17.0, 0.03125
surrogate, 30, 17.0, 0.03125
surrogate, 30, 17.0, 0.03125
surrogate, 30, 17.0, 0.03125
surrogate, 30, 17.0, 0.03125
surrogate, 30, 17.0, 0.03125
surrogate, 30, 17.0, 0.03125
surrogate, 30, 17.0, 0.03125
surrogate, 30, 17.0, 0.03125
surrogate, 30, 17.0, 0.03125
surrogate, 30, 17.0, 0.03125
surrogate, 30, 17.0, 0.03125
surrogate, 30, 17.0, 0.03125
surrogate, 30, 17.0, 0.03125
surrogate, 30, 17.0, 0.03125
surrogate, 30, 17.0, 0.03125
surrogate, 30, 17.0, 0.03125
surrogate, 30, 17.0, 0.03125
surrogate, 30, 17.0, 0.03125
surrogate, 30, 17.0, 0.03125
surrogate, 30, 17.0, 0.03125
surrogate, 30, 17.0, 0.03125
surrogate, 30, 17.0, 0.03125
surrogate, 30, 17.0, 0.03125
surrogate, 30, 17.0, 0.03125
surrogate, 30, 17.0, 0.03125
surrogate, 30, 17.0, 0.03125
surrogate, 30, 17.0, 0.03125
surrogate, 30, 17.0, 0.03125
surrogate, 30, 17.0, 0.03125
surrogate, 30, 17.0, 0.03125
surrogate, 31, 31.0, 0.65625
surrogate, 31, 31.0, 0.65625
surrogate, 31, 29.0, 0.5625
surrogate, 31, 29.0, 0.5625
surrogate, 31, 29.0, 0.5625
surrogate, 31, 29.0, 0.5625
surrogate, 31, 29.0, 0.5625
surrogate, 31, 28.0, 0.53125
surrogate, 31, 28.0, 0.53125
surrogate, 31, 27.0, 0.5
surrogate, 31, 27.0, 0.5
surrogate, 31, 27.0, 0.5
surrogate, 31, 25.0, 0.375
surrogate, 31, 25.0, 0.375
surrogate, 31, 25.0, 0.375
surrogate, 31, 25.0, 0.375
surrogate, 31, 23.0, 0.28125
surrogate, 31, 23.0, 0.28125
surrogate, 31, 17.0, 0.03125
surrogate, 31, 17.0, 0.03125
surrogate, 31, 17.0, 0.03125
surrogate, 31, 17.0, 0.03125
surrogate, 31, 17.0, 0.03125
surrogate, 31, 17.0, 0.03125
surrogate, 31, 17.0, 0.03125
surrogate, 31, 17.0, 0.03125
surrogate, 31, 17.0, 0.03125
surrogate, 31, 17.0, 0.03125
surrogate, 31, 17.0, 0.03125
surrogate, 31, 17.0, 0.03125
surrogate, 31, 17.0, 0.03125
surrogate, 31, 17.0, 0.03125
surrogate, 31, 17.0, 0.03125
surrogate, 31, 17.0, 0.03125
surrogate, 31, 17.0, 0.03125
surrogate, 31, 17.0, 0.03125
surrogate, 31, 17.0, 0.03125
surrogate, 31, 17.0, 0.03125
surrogate, 31, 17.0, 0.03125
surrogate, 31, 17.0, 0.03125
surrogate, 31, 17.0, 0.03125
surrogate, 31, 17.0, 0.03125
surrogate, 31, 17.0, 0.03125
surrogate, 31, 17.0, 0.03125
surrogate, 31, 17.0, 0.03125
surrogate, 31, 17.0, 0.03125
surrogate, 31, 17.0, 0.03125
surrogate, 31, 17.0, 0.03125
surrogate, 31, 17.0, 0.03125
surrogate, 31, 17.0, 0.03125
surrogate, 32, 31.0, 0.65625
surrogate, 32, 31.0, 0.65625
surrogate, 32, 29.0, 0.5625
surrogate, 32, 29.0, 0.5625
surrogate, 32, 29.0, 0.5625
surrogate, 32, 29.0, 0.5625
surrogate, 32, 29.0, 0.5625
surrogate, 32, 29.0, 0.5625
surrogate, 32, 28.0, 0.53125
surrogate, 32, 28.0, 0.53125
surrogate, 32, 27.0, 0.5
surrogate, 32, 27.0, 0.5
surrogate, 32, 27.0, 0.5
surrogate, 32, 25.0, 0.375
surrogate, 32, 25.0, 0.375
surrogate, 32, 25.0, 0.375
surrogate, 32, 25.0, 0.375
surrogate, 32, 23.0, 0.28125
surrogate, 32, 23.0, 0.28125
surrogate, 32, 23.0, 0.28125
surrogate, 32, 17.0, 0.03125
surrogate, 32, 17.0, 0.03125
surrogate, 32, 17.0, 0.03125
surrogate, 32, 17.0, 0.03125
surrogate, 32, 17.0, 0.03125
surrogate, 32, 17.0, 0.03125
surrogate, 32, 17.0, 0.03125
surrogate, 32, 17.0, 0.03125
surrogate, 32, 17.0, 0.03125
surrogate, 32, 17.0, 0.03125
surrogate, 32, 17.0, 0.03125
surrogate, 32, 17.0, 0.03125
surrogate, 32, 17.0, 0.03125
surrogate, 32, 17.0, 0.03125
surrogate, 32, 17.0, 0.03125
surrogate, 32, 17.0, 0.03125
surrogate, 32, 17.0, 0.03125
surrogate, 32, 17.0, 0.03125
surrogate, 32, 17.0, 0.03125
surrogate, 32, 17.0, 0.03125
surrogate, 32, 17.0, 0.03125
surrogate, 32, 17.0, 0.03125
surrogate, 32, 17.0, 0.03125
surrogate, 32, 17.0, 0.03125
surrogate, 32, 17.0, 0.03125
surrogate, 32, 17.0, 0.03125
surrogate, 32, 17.0, 0.03125
surrogate, 32, 17.0, 0.03125
surrogate, 32, 17.0, 0.03125
surrogate, 32, 17.0, 0.03125
surrogate, 32, 17.0, 0.03125
surrogate, 32, 17.0, 0.03125
surrogate, 32, 17.0, 0.03125
surrogate, 33, 31.0, 0.65625
surrogate, 33, 31.0, 0.65625
surrogate, 33, 29.0, 0.5625
surrogate, 33, 29.0, 0.5625
surrogate, 33, 29.0, 0.5625
surrogate, 33, 29.0, 0.5625
surrogate, 33, 29.0, 0.5625
surrogate, 33, 29.0, 0.5625
surrogate, 33, 29.0, 0.5625
surrogate, 33, 28.0, 0.53125
surrogate, 33, 28.0, 0.53125
surrogate, 33, 28.0, 0.53125
surrogate, 33, 27.0, 0.5
surrogate, 33, 27.0, 0.5
surrogate, 33, 27.0, 0.5
surrogate, 33, 25.0, 0.375
surrogate, 33, 25.0, 0.375
surrogate, 33, 25.0, 0.375
surrogate, 33, 25.0, 0.375
surrogate, 33, 25.0, 0.375
surrogate, 33, 23.0, 0.28125
surrogate, 33, 23.0, 0.28125
surrogate, 33, 23.0, 0.28125
surrogate, 33, 17.0, 0.03125
surrogate, 33, 17.0, 0.03125
surrogate, 33, 17.0, 0.03125
surrogate, 33, 17.0, 0.03125
surrogate, 33, 17.0, 0.03125
surrogate, 33, 17.0, 0.03125
surrogate, 33, 17.0, 0.03125
surrogate, 33, 17.0, 0.03125
surrogate, 33, 17.0, 0.03125
surrogate, 33, 17.0, 0.03125
surrogate, 33, 17.0, 0.03125
surrogate, 33, 17.0, 0.03125
surrogate, 33, 17.0, 0.03125
surrogate, 33, 17.0, 0.03125
surrogate, 33, 17.0, 0.03125
surrogate, 33, 17.0, 0.03125
surrogate, 33, 17.0, 0.03125
surrogate, 33, 17.0, 0.03125
surrogate, 33, 17.0, 0.03125
surrogate, 33, 17.0, 0.03125
surrogate, 33, 17.0, 0.03125
surrogate, 33, 17.0, 0.03125
surrogate, 33, 17.0, 0.03125
surrogate, 33, 17.0, 0.03125
surrogate, 33, 17.0, 0.03125
surrogate, 33, 17.0, 0.03125
surrogate, 33, 17.0, 0.03125
surrogate, 33, 17.0, 0.03125
surrogate, 33, 17.0, 0.03125
surrogate, 33, 17.0, 0.03125
surrogate, 33, 17.0, 0.03125
surrogate, 33, 17.0, 0.03125
surrogate, 33, 17.0, 0.03125
surrogate, 33, 17.0, 0.03125
surrogate, 34, 31.0, 0.65625
surrogate, 34, 31.0, 0.65625
surrogate, 34, 29.0, 0.5625
surrogate, 34, 29.0, 0.5625
surrogate, 34, 29.0, 0.5625
surrogate, 34, 29.0, 0.5625
surrogate, 34, 29.0, 0.5625
surrogate, 34, 29.0, 0.5625
surrogate, 34, 29.0, 0.5625
surrogate, 34, 28.0, 0.53125
surrogate, 34, 28.0, 0.53125
surrogate, 34, 28.0, 0.53125
surrogate, 34, 27.0, 0.5
surrogate, 34, 27.0, 0.5
surrogate, 34, 27.0, 0.5
surrogate, 34, 25.0, 0.375
surrogate, 34, 25.0, 0.375
surrogate, 34, 25.0, 0.375
surrogate, 34, 25.0, 0.375
surrogate, 34, 25.0, 0.375
surrogate, 34, 23.0, 0.28125
surrogate, 34, 23.0, 0.28125
surrogate, 34, 23.0, 0.28125
surrogate, 34, 17.0, 0.03125
surrogate, 34, 17.0, 0.03125
surrogate, 34, 17.0, 0.03125
surrogate, 34, 17.0, 0.03125
surrogate, 34, 17.0, 0.03125
surrogate, 34, 17.0, 0.03125
surrogate, 34, 17.0, 0.03125
surrogate, 34, 17.0, 0.03125
surrogate, 34, 17.0, 0.03125
surrogate, 34, 17.0, 0.03125
surrogate, 34, 17.0, 0.03125
surrogate, 34, 17.0, 0.03125
surrogate, 34, 17.0, 0.03125
surrogate, 34, 17.0, 0.03125
surrogate, 34, 17.0, 0.03125
surrogate, 34, 17.0, 0.03125
surrogate, 34, 17.0, 0.03125
surrogate, 34, 17.0, 0.03125
surrogate, 34, 17.0, 0.03125
surrogate, 34, 17.0, 0.03125
surrogate, 34, 17.0, 0.03125
surrogate, 34, 17.0, 0.03125
surrogate, 34, 17.0, 0.03125
surrogate, 34, 17.0, 0.03125
surrogate, 34, 17.0, 0.03125
surrogate, 34, 17.0, 0.03125
surrogate, 34, 17.0, 0.03125
surrogate, 34, 17.0, 0.03125
surrogate, 34, 17.0, 0.03125
surrogate, 34, 17.0, 0.03125
surrogate, 34, 17.0, 0.03125
surrogate, 34, 17.0, 0.03125
surrogate, 34, 17.0, 0.03125
surrogate, 34, 17.0, 0.03125
surrogate, 35, 31.0, 0.65625
surrogate, 35, 31.0, 0.65625
surrogate, 35, 29.0, 0.5625
surrogate, 35, 29.0, 0.5625
surrogate, 35, 29.0, 0.5625
surrogate, 35, 29.0, 0.5625
surrogate, 35, 29.0, 0.5625
surrogate, 35, 29.0, 0.5625
surrogate, 35, 29.0, 0.5625
surrogate, 35, 28.0, 0.53125
surrogate, 35, 28.0, 0.53125
surrogate, 35, 28.0, 0.53125
surrogate, 35, 27.0, 0.5
surrogate, 35, 27.0, 0.5
surrogate, 35, 27.0, 0.5
surrogate, 35, 25.0, 0.375
surrogate, 35, 25.0, 0.375
surrogate, 35, 25.0, 0.375
surrogate, 35, 25.0, 0.375
surrogate, 35, 25.0, 0.375
surrogate, 35, 25.0, 0.375
surrogate, 35, 23.0, 0.28125
surrogate, 35, 23.0, 0.28125
surrogate, 35, 23.0, 0.28125
surrogate, 35, 23.0, 0.28125
surrogate, 35, 17.0, 0.03125
surrogate, 35, 17.0, 0.03125
surrogate, 35, 17.0, 0.03125
surrogate, 35, 17.0, 0.03125
surrogate, 35, 17.0, 0.03125
surrogate, 35, 17.0, 0.03125
surrogate, 35, 17.0, 0.03125
surrogate, 35, 17.0, 0.03125
surrogate, 35, 17.0, 0.03125
surrogate, 35, 17.0, 0.03125
surrogate, 35, 17.0, 0.03125
surrogate, 35, 17.0, 0.03125
surrogate, 35, 17.0, 0.03125
surrogate, 35, 17.0, 0.03125
surrogate, 35, 17.0, 0.03125
surrogate, 35, 17.0, 0.03125
surrogate, 35, 17.0, 0.03125
surrogate, 35, 17.0, 0.03125
surrogate, 35, 17.0, 0.03125
surrogate, 35, 17.0, 0.03125
surrogate, 35, 17.0, 0.03125
surrogate, 35, 17.0, 0.03125
surrogate, 35, 17.0, 0.03125
surrogate, 35, 17.0, 0.03125
surrogate, 35, 17.0, 0.03125
surrogate, 35, 17.0, 0.03125
surrogate, 35, 17.0, 0.03125
surrogate, 35, 17.0, 0.03125
surrogate, 35, 17.0, 0.03125
surrogate, 35, 17.0, 0.03125
surrogate, 35, 17.0, 0.03125
surrogate, 35, 17.0, 0.03125
surrogate, 35, 17.0, 0.03125
surrogate, 35, 17.0, 0.03125
surrogate, 36, 31.0, 0.65625
surrogate, 36, 31.0, 0.65625
surrogate, 36, 31.0, 0.65625
surrogate, 36, 30.0, 0.59375
surrogate, 36, 29.0, 0.5625
surrogate, 36, 29.0, 0.5625
surrogate, 36, 29.0, 0.5625
surrogate, 36, 29.0, 0.5625
surrogate, 36, 29.0, 0.5625
surrogate, 36, 29.0, 0.5625
surrogate, 36, 29.0, 0.5625
surrogate, 36, 29.0, 0.5625
surrogate, 36, 28.0, 0.53125
surrogate, 36, 28.0, 0.53125
surrogate, 36, 28.0, 0.53125
surrogate, 36, 28.0, 0.53125
surrogate, 36, 27.0, 0.5
surrogate, 36, 27.0, 0.5
surrogate, 36, 27.0, 0.5
surrogate, 36, 27.0, 0.5
surrogate, 36, 25.0, 0.375
surrogate, 36, 25.0, 0.375
surrogate, 36, 25.0, 0.375
surrogate, 36, 25.0, 0.375
surrogate, 36, 25.0, 0.375
surrogate, 36, 25.0, 0.375
surrogate, 36, 25.0, 0.375
surrogate, 36, 23.0, 0.28125
surrogate, 36, 23.0, 0.28125
surrogate, 36, 23.0, 0.28125
surrogate, 36, 23.0, 0.28125
surrogate, 36, 23.0, 0.28125
surrogate, 36, 17.0, 0.03125
surrogate, 36, 17.0, 0.03125
surrogate, 36, 17.0, 0.03125
surrogate, 36, 17.0, 0.03125
surrogate, 36, 17.0, 0.03125
surrogate, 36, 17.0, 0.03125
surrogate, 36, 17.0, 0.03125
surrogate, 36, 17.0, 0.03125
surrogate, 36, 17.0, 0.03125
surrogate, 36, 17.0, 0.03125
surrogate, 36, 17.0, 0.03125
surrogate, 36, 17.0, 0.03125
surrogate, 36, 17.0, 0.03125
surrogate, 36, 17.0, 0.03125
surrogate, 36, 17.0, 0.03125
surrogate, 36, 17.0, 0.03125
surrogate, 36, 17.0, 0.03125
surrogate, 36, 17.0, 0.03125
surrogate, 36, 17.0, 0.03125
surrogate, 36, 17.0, 0.03125
surrogate, 36, 17.0, 0.03125
surrogate, 36, 17.0, 0.03125
surrogate, 36, 17.0, 0.03125
surrogate, 36, 17.0, 0.03125
surrogate, 36, 17.0, 0.03125
surrogate, 36, 17.0, 0.03125
surrogate, 36, 17.0, 0.03125
surrogate, 36, 17.0, 0.03125
surrogate, 36, 17.0, 0.03125
surrogate, 36, 17.0, 0.03125
surrogate, 36, 17.0, 0.03125
surrogate, 36, 17.0, 0.03125
surrogate, 36, 17.0, 0.03125
surrogate, 36, 17.0, 0.03125
surrogate, 37, 31.0, 0.65625
surrogate, 37, 31.0, 0.65625
surrogate, 37, 31.0, 0.65625
surrogate, 37, 30.0, 0.59375
surrogate, 37, 29.0, 0.5625
surrogate, 37, 29.0, 0.5625
surrogate, 37, 29.0, 0.5625
surrogate, 37, 29.0, 0.5625
surrogate, 37, 29.0, 0.5625
surrogate, 37, 29.0, 0.5625
surrogate, 37, 29.0, 0.5625
surrogate, 37, 29.0, 0.5625
surrogate, 37, 28.0, 0.53125
surrogate, 37, 28.0, 0.53125
surrogate, 37, 28.0, 0.53125
surrogate, 37, 28.0, 0.53125
surrogate, 37, 27.0, 0.5
surrogate, 37, 27.0, 0.5
surrogate, 37, 27.0, 0.5
surrogate, 37, 27.0, 0.5
surrogate, 37, 27.0, 0.5
surrogate, 37, 25.0, 0.375
surrogate, 37, 25.0, 0.375
surrogate, 37, 25.0, 0.375
surrogate, 37, 25.0, 0.375
surrogate, 37, 25.0, 0.375
surrogate, 37, 25.0, 0.375
surrogate, 37, 25.0, 0.375
surrogate, 37, 23.0, 0.28125
surrogate, 37, 23.0, 0.28125
surrogate, 37, 23.0, 0.28125
surrogate, 37, 23.0, 0.28125
surrogate, 37, 23.0, 0.28125
surrogate, 37, 17.0, 0.03125
surrogate, 37, 17.0, 0.03125
surrogate, 37, 17.0, 0.03125
surrogate, 37, 17.0, 0.03125
surrogate, 37, 17.0, 0.03125
surrogate, 37, 17.0, 0.03125
surrogate, 37, 17.0, 0.03125
surrogate, 37, 17.0, 0.03125
surrogate, 37, 17.0, 0.03125
surrogate, 37, 17.0, 0.03125
surrogate, 37, 17.0, 0.03125
surrogate, 37, 17.0, 0.03125
surrogate, 37, 17.0, 0.03125
surrogate, 37, 17.0, 0.03125
surrogate, 37, 17.0, 0.03125
surrogate, 37, 17.0, 0.03125
surrogate, 37, 17.0, 0.03125
surrogate, 37, 17.0, 0.03125
surrogate, 37, 17.0, 0.03125
surrogate, 37, 17.0, 0.03125
surrogate, 37, 17.0, 0.03125
surrogate, 37, 17.0, 0.03125
surrogate, 37, 17.0, 0.03125
surrogate, 37, 17.0, 0.03125
surrogate, 37, 17.0, 0.03125
surrogate, 37, 17.0, 0.03125
surrogate, 37, 17.0, 0.03125
surrogate, 37, 17.0, 0.03125
surrogate, 37, 17.0, 0.03125
surrogate, 37, 17.0, 0.03125
surrogate, 37, 17.0, 0.03125
surrogate, 37, 17.0, 0.03125
surrogate, 37, 17.0, 0.03125
surrogate, 37, 17.0, 0.03125
surrogate, 38, 31.0, 0.65625
surrogate, 38, 31.0, 0.65625
surrogate, 38, 31.0, 0.65625
surrogate, 38, 31.0, 0.65625
surrogate, 38, 30.0, 0.59375
surrogate, 38, 29.0, 0.5625
surrogate, 38, 29.0, 0.5625
surrogate, 38, 29.0, 0.5625
surrogate, 38, 29.0, 0.5625
surrogate, 38, 29.0, 0.5625
surrogate, 38, 29.0, 0.5625
surrogate, 38, 29.0, 0.5625
surrogate, 38, 29.0, 0.5625
surrogate, 38, 28.0, 0.53125
surrogate, 38, 28.0, 0.53125
surrogate, 38, 28.0, 0.53125
surrogate, 38, 28.0, 0.53125
surrogate, 38, 27.0, 0.5
surrogate, 38, 27.0, 0.5
surrogate, 38, 27.0, 0.5
surrogate, 38, 27.0, 0.5
surrogate, 38, 27.0, 0.5
surrogate, 38, 27.0, 0.5
surrogate, 38, 25.0, 0.375
surrogate, 38, 25.0, 0.375
surrogate, 38, 25.0, 0.375
surrogate, 38, 25.0, 0.375
surrogate, 38, 25.0, 0.375
surrogate, 38, 25.0, 0.375
surrogate, 38, 25.0, 0.375
surrogate, 38, 25.0, 0.375
surrogate, 38, 23.0, 0.28125
surrogate, 38, 23.0, 0.28125
surrogate, 38, 23.0, 0.28125
surrogate, 38, 23.0, 0.28125
surrogate, 38, 23.0, 0.28125
surrogate, 38, 17.0, 0.03125
surrogate, 38, 17.0, 0.03125
surrogate, 38, 17.0, 0.03125
surrogate, 38, 17.0, 0.03125
surrogate, 38, 17.0, 0.03125
surrogate, 38, 17.0, 0.03125
surrogate, 38, 17.0, 0.03125
surrogate, 38, 17.0, 0.03125
surrogate, 38, 17.0, 0.03125
surrogate, 38, 17.0, 0.03125
surrogate, 38, 17.0, 0.03125
surrogate, 38, 17.0, 0.03125
surrogate, 38, 17.0, 0.03125
surrogate, 38, 17.0, 0.03125
surrogate, 38, 17.0, 0.03125
surrogate, 38, 17.0, 0.03125
surrogate, 38, 17.0, 0.03125
surrogate, 38, 17.0, 0.03125
surrogate, 38, 17.0, 0.03125
surrogate, 38, 17.0, 0.03125
surrogate, 38, 17.0, 0.03125
surrogate, 38, 17.0, 0.03125
surrogate, 38, 17.0, 0.03125
surrogate, 38, 17.0, 0.03125
surrogate, 38, 17.0, 0.03125
surrogate, 38, 17.0, 0.03125
surrogate, 38, 17.0, 0.03125
surrogate, 38, 17.0, 0.03125
surrogate, 38, 17.0, 0.03125
surrogate, 38, 17.0, 0.03125
surrogate, 38, 17.0, 0.03125
surrogate, 38, 17.0, 0.03125
surrogate, 38, 17.0, 0.03125
surrogate, 38, 17.0, 0.03125
surrogate, 39, 31.0, 0.65625
surrogate, 39, 31.0, 0.65625
surrogate, 39, 31.0, 0.65625
surrogate, 39, 31.0, 0.65625
surrogate, 39, 31.0, 0.65625
surrogate, 39, 30.0, 0.59375
surrogate, 39, 30.0, 0.59375
surrogate, 39, 29.0, 0.5625
surrogate, 39, 29.0, 0.5625
surrogate, 39, 29.0, 0.5625
surrogate, 39, 29.0, 0.5625
surrogate, 39, 29.0, 0.5625
surrogate, 39, 29.0, 0.5625
surrogate, 39, 29.0, 0.5625
surrogate, 39, 29.0, 0.5625
surrogate, 39, 29.0, 0.5625
surrogate, 39, 28.0, 0.53125
surrogate, 39, 28.0, 0.53125
surrogate, 39, 28.0, 0.53125
surrogate, 39, 28.0, 0.53125
surrogate, 39, 28.0, 0.53125
surrogate, 39, 27.0, 0.5
surrogate, 39, 27.0, 0.5
surrogate, 39, 27.0, 0.5
surrogate, 39, 27.0, 0.5
surrogate, 39, 27.0, 0.5
surrogate, 39, 27.0, 0.5
surrogate, 39, 25.0, 0.375
surrogate, 39, 25.0, 0.375
surrogate, 39, 25.0, 0.375
surrogate, 39, 25.0, 0.375
surrogate, 39, 25.0, 0.375
surrogate, 39, 25.0, 0.375
surrogate, 39, 25.0, 0.375
surrogate, 39, 25.0, 0.375
surrogate, 39, 25.0, 0.375
surrogate, 39, 23.0, 0.28125
surrogate, 39, 23.0, 0.28125
surrogate, 39, 23.0, 0.28125
surrogate, 39, 23.0, 0.28125
surrogate, 39, 23.0, 0.28125
surrogate, 39, 23.0, 0.28125
surrogate, 39, 17.0, 0.03125
surrogate, 39, 17.0, 0.03125
surrogate, 39, 17.0, 0.03125
surrogate, 39, 17.0, 0.03125
surrogate, 39, 17.0, 0.03125
surrogate, 39, 17.0, 0.03125
surrogate, 39, 17.0, 0.03125
surrogate, 39, 17.0, 0.03125
surrogate, 39, 17.0, 0.03125
surrogate, 39, 17.0, 0.03125
surrogate, 39, 17.0, 0.03125
surrogate, 39, 17.0, 0.03125
surrogate, 39, 17.0, 0.03125
surrogate, 39, 17.0, 0.03125
surrogate, 39, 17.0, 0.03125
surrogate, 39, 17.0, 0.03125
surrogate, 39, 17.0, 0.03125
surrogate, 39, 17.0, 0.03125
surrogate, 39, 17.0, 0.03125
surrogate, 39, 17.0, 0.03125
surrogate, 39, 17.0, 0.03125
surrogate, 39, 17.0, 0.03125
surrogate, 39, 17.0, 0.03125
surrogate, 39, 17.0, 0.03125
surrogate, 39, 17.0, 0.03125
surrogate, 39, 17.0, 0.03125
surrogate, 39, 17.0, 0.03125
surrogate, 39, 17.0, 0.03125
surrogate, 39, 17.0, 0.03125
surrogate, 39, 17.0, 0.03125
surrogate, 39, 17.0, 0.03125
surrogate, 39, 17.0, 0.03125
surrogate, 39, 17.0, 0.03125
surrogate, 39, 17.0, 0.03125
surrogate, 39, 17.0, 0.03125
surrogate, 40, 31.0, 0.65625
surrogate, 40, 31.0, 0.65625
surrogate, 40, 31.0, 0.65625
surrogate, 40, 31.0, 0.65625
surrogate, 40, 31.0, 0.65625
surrogate, 40, 31.0, 0.65625
surrogate, 40, 29.0, 0.59375
surrogate, 40, 28.0, 0.53125
surrogate, 40, 28.0, 0.53125
surrogate, 40, 28.0, 0.53125
surrogate, 40, 28.0, 0.53125
surrogate, 40, 28.0, 0.53125
surrogate, 40, 27.0, 0.5
surrogate, 40, 27.0, 0.5
surrogate, 40, 27.0, 0.5
surrogate, 40, 27.0, 0.5
surrogate, 40, 27.0, 0.5
surrogate, 40, 27.0, 0.5
surrogate, 40, 25.0, 0.375
surrogate, 40, 25.0, 0.375
surrogate, 40, 25.0, 0.375
surrogate, 40, 25.0, 0.375
surrogate, 40, 25.0, 0.375
surrogate, 40, 25.0, 0.375
surrogate, 40, 25.0, 0.375
surrogate, 40, 25.0, 0.375
surrogate, 40, 25.0, 0.375
surrogate, 40, 23.0, 0.28125
surrogate, 40, 23.0, 0.28125
surrogate, 40, 23.0, 0.28125
surrogate, 40, 23.0, 0.28125
surrogate, 40, 23.0, 0.28125
surrogate, 40, 23.0, 0.28125
surrogate, 40, 23.0, 0.28125
surrogate, 40, 17.0, 0.03125
surrogate, 40, 17.0, 0.03125
surrogate, 40, 17.0, 0.03125
surrogate, 40, 17.0, 0.03125
surrogate, 40, 17.0, 0.03125
surrogate, 40, 17.0, 0.03125
surrogate, 40, 17.0, 0.03125
surrogate, 40, 17.0, 0.03125
surrogate, 40, 17.0, 0.03125
surrogate, 40, 17.0, 0.03125
surrogate, 40, 17.0, 0.03125
surrogate, 40, 17.0, 0.03125
surrogate, 40, 17.0, 0.03125
surrogate, 40, 17.0, 0.03125
surrogate, 40, 17.0, 0.03125
surrogate, 40, 17.0, 0.03125
surrogate, 40, 17.0, 0.03125
surrogate, 40, 17.0, 0.03125
surrogate, 40, 17.0, 0.03125
surrogate, 40, 17.0, 0.03125
surrogate, 40, 17.0, 0.03125
surrogate, 40, 17.0, 0.03125
surrogate, 40, 17.0, 0.03125
surrogate, 40, 17.0, 0.03125
surrogate, 40, 17.0, 0.03125
surrogate, 40, 17.0, 0.03125
surrogate, 40, 17.0, 0.03125
surrogate, 40, 17.0, 0.03125
surrogate, 40, 17.0, 0.03125
surrogate, 40, 17.0, 0.03125
surrogate, 40, 17.0, 0.03125
surrogate, 40, 17.0, 0.03125
surrogate, 40, 17.0, 0.03125
surrogate, 40, 17.0, 0.03125
surrogate, 40, 17.0, 0.03125
surrogate, 40, 17.0, 0.03125
surrogate, 40, 17.0, 0.03125
surrogate, 41, 31.0, 0.65625
surrogate, 41, 31.0, 0.65625
surrogate, 41, 31.0, 0.65625
surrogate, 41, 31.0, 0.65625
surrogate, 41, 31.0, 0.65625
surrogate, 41, 31.0, 0.65625
surrogate, 41, 29.0, 0.59375
surrogate, 41, 28.0, 0.53125
surrogate, 41, 28.0, 0.53125
surrogate, 41, 28.0, 0.53125
surrogate, 41, 28.0, 0.53125
surrogate, 41, 28.0, 0.53125
surrogate, 41, 28.0, 0.53125
surrogate, 41, 27.0, 0.5
surrogate, 41, 27.0, 0.5
surrogate, 41, 27.0, 0.5
surrogate, 41, 27.0, 0.5
surrogate, 41, 27.0, 0.5
surrogate, 41, 27.0, 0.5
surrogate, 41, 27.0, 0.5
surrogate, 41, 25.0, 0.375
surrogate, 41, 25.0, 0.375
surrogate, 41, 25.0, 0.375
surrogate, 41, 25.0, 0.375
surrogate, 41, 25.0, 0.375
surrogate, 41, 25.0, 0.375
surrogate, 41, 25.0, 0.375
surrogate, 41, 25.0, 0.375
surrogate, 41, 25.0, 0.375
surrogate, 41, 25.0, 0.375
surrogate, 41, 23.0, 0.28125
surrogate, 41, 23.0, 0.28125
surrogate, 41, 23.0, 0.28125
surrogate, 41, 23.0, 0.28125
surrogate, 41, 23.0, 0.28125
surrogate, 41, 23.0, 0.28125
surrogate, 41, 23.0, 0.28125
surrogate, 41, 23.0, 0.28125
surrogate, 41, 17.0, 0.03125
surrogate, 41, 17.0, 0.03125
surrogate, 41, 17.0, 0.03125
surrogate, 41, 17.0, 0.03125
surrogate, 41, 17.0, 0.03125
surrogate, 41, 17.0, 0.03125
surrogate, 41, 17.0, 0.03125
surrogate, 41, 17.0, 0.03125
surrogate, 41, 17.0, 0.03125
surrogate, 41, 17.0, 0.03125
surrogate, 41, 17.0, 0.03125
surrogate, 41, 17.0, 0.03125
surrogate, 41, 17.0, 0.03125
surrogate, 41, 17.0, 0.03125
surrogate, 41, 17.0, 0.03125
surrogate, 41, 17.0, 0.03125
surrogate, 41, 17.0, 0.03125
surrogate, 41, 17.0, 0.03125
surrogate, 41, 17.0, 0.03125
surrogate, 41, 17.0, 0.03125
surrogate, 41, 17.0, 0.03125
surrogate, 41, 17.0, 0.03125
surrogate, 41, 17.0, 0.03125
surrogate, 41, 17.0, 0.03125
surrogate, 41, 17.0, 0.03125
surrogate, 41, 17.0, 0.03125
surrogate, 41, 17.0, 0.03125
surrogate, 41, 17.0, 0.03125
surrogate, 41, 17.0, 0.03125
surrogate, 41, 17.0, 0.03125
surrogate, 41, 17.0, 0.03125
surrogate, 41, 17.0, 0.03125
surrogate, 41, 17.0, 0.03125
surrogate, 41, 17.0, 0.03125
surrogate, 41, 17.0, 0.03125
surrogate, 41, 17.0, 0.03125
surrogate, 41, 17.0, 0.03125
surrogate, 41, 17.0, 0.03125
surrogate, 42, 31.0, 0.65625
surrogate, 42, 31.0, 0.65625
surrogate, 42, 31.0, 0.65625
surrogate, 42, 31.0, 0.65625
surrogate, 42, 31.0, 0.65625
surrogate, 42, 31.0, 0.65625
surrogate, 42, 31.0, 0.65625
surrogate, 42, 29.0, 0.59375
surrogate, 42, 28.0, 0.53125
surrogate, 42, 28.0, 0.53125
surrogate, 42, 28.0, 0.53125
surrogate, 42, 28.0, 0.53125
surrogate, 42, 28.0, 0.53125
surrogate, 42, 28.0, 0.53125
surrogate, 42, 28.0, 0.53125
surrogate, 42, 27.0, 0.5
surrogate, 42, 27.0, 0.5
surrogate, 42, 27.0, 0.5
surrogate, 42, 27.0, 0.5
surrogate, 42, 27.0, 0.5
surrogate, 42, 27.0, 0.5
surrogate, 42, 27.0, 0.5
surrogate, 42, 25.0, 0.375
surrogate, 42, 25.0, 0.375
surrogate, 42, 25.0, 0.375
surrogate, 42, 25.0, 0.375
surrogate, 42, 25.0, 0.375
surrogate, 42, 25.0, 0.375
surrogate, 42, 25.0, 0.375
surrogate, 42, 25.0, 0.375
surrogate, 42, 25.0, 0.375
surrogate, 42, 25.0, 0.375
surrogate, 42, 25.0, 0.375
surrogate, 42, 23.0, 0.28125
surrogate, 42, 23.0, 0.28125
surrogate, 42, 23.0, 0.28125
surrogate, 42, 23.0, 0.28125
surrogate, 42, 23.0, 0.28125
surrogate, 42, 23.0, 0.28125
surrogate, 42, 23.0, 0.28125
surrogate, 42, 23.0, 0.28125
surrogate, 42, 17.0, 0.03125
surrogate, 42, 17.0, 0.03125
surrogate, 42, 17.0, 0.03125
surrogate, 42, 17.0, 0.03125
surrogate, 42, 17.0, 0.03125
surrogate, 42, 17.0, 0.03125
surrogate, 42, 17.0, 0.03125
surrogate, 42, 17.0, 0.03125
surrogate, 42, 17.0, 0.03125
surrogate, 42, 17.0, 0.03125
surrogate, 42, 17.0, 0.03125
surrogate, 42, 17.0, 0.03125
surrogate, 42, 17.0, 0.03125
surrogate, 42, 17.0, 0.03125
surrogate, 42, 17.0, 0.03125
surrogate, 42, 17.0, 0.03125
surrogate, 42, 17.0, 0.03125
surrogate, 42, 17.0, 0.03125
surrogate, 42, 17.0, 0.03125
surrogate, 42, 17.0, 0.03125
surrogate, 42, 17.0, 0.03125
surrogate, 42, 17.0, 0.03125
surrogate, 42, 17.0, 0.03125
surrogate, 42, 17.0, 0.03125
surrogate, 42, 17.0, 0.03125
surrogate, 42, 17.0, 0.03125
surrogate, 42, 17.0, 0.03125
surrogate, 42, 17.0, 0.03125
surrogate, 42, 17.0, 0.03125
surrogate, 42, 17.0, 0.03125
surrogate, 42, 17.0, 0.03125
surrogate, 42, 17.0, 0.03125
surrogate, 42, 17.0, 0.03125
surrogate, 42, 17.0, 0.03125
surrogate, 42, 17.0, 0.03125
surrogate, 42, 17.0, 0.03125
surrogate, 42, 17.0, 0.03125
surrogate, 42, 17.0, 0.03125
surrogate, 43, 31.0, 0.65625
surrogate, 43, 31.0, 0.65625
surrogate, 43, 31.0, 0.65625
surrogate, 43, 31.0, 0.65625
surrogate, 43, 31.0, 0.65625
surrogate, 43, 31.0, 0.65625
surrogate, 43, 31.0, 0.65625
surrogate, 43, 31.0, 0.65625
surrogate, 43, 29.0, 0.59375
surrogate, 43, 28.0, 0.53125
surrogate, 43, 28.0, 0.53125
surrogate, 43, 28.0, 0.53125
surrogate, 43, 28.0, 0.53125
surrogate, 43, 28.0, 0.53125
surrogate, 43, 28.0, 0.53125
surrogate, 43, 28.0, 0.53125
surrogate, 43, 27.0, 0.5
surrogate, 43, 27.0, 0.5
surrogate, 43, 27.0, 0.5
surrogate, 43, 27.0, 0.5
surrogate, 43, 27.0, 0.5
surrogate, 43, 27.0, 0.5
surrogate, 43, 27.0, 0.5
surrogate, 43, 27.0, 0.5
surrogate, 43, 25.0, 0.375
surrogate, 43, 25.0, 0.375
surrogate, 43, 25.0, 0.375
surrogate, 43, 25.0, 0.375
surrogate, 43, 25.0, 0.375
surrogate, 43, 25.0, 0.375
surrogate, 43, 25.0, 0.375
surrogate, 43, 25.0, 0.375
surrogate, 43, 25.0, 0.375
surrogate, 43, 25.0, 0.375
surrogate, 43, 25.0, 0.375
surrogate, 43, 25.0, 0.375
surrogate, 43, 23.0, 0.28125
surrogate, 43, 23.0, 0.28125
surrogate, 43, 23.0, 0.28125
surrogate, 43, 23.0, 0.28125
surrogate, 43, 23.0, 0.28125
surrogate, 43, 23.0, 0.28125
surrogate, 43, 23.0, 0.28125
surrogate, 43, 23.0, 0.28125
surrogate, 43, 17.0, 0.03125
surrogate, 43, 17.0, 0.03125
surrogate, 43, 17.0, 0.03125
surrogate, 43, 17.0, 0.03125
surrogate, 43, 17.0, 0.03125
surrogate, 43, 17.0, 0.03125
surrogate, 43, 17.0, 0.03125
surrogate, 43, 17.0, 0.03125
surrogate, 43, 17.0, 0.03125
surrogate, 43, 17.0, 0.03125
surrogate, 43, 17.0, 0.03125
surrogate, 43, 17.0, 0.03125
surrogate, 43, 17.0, 0.03125
surrogate, 43, 17.0, 0.03125
surrogate, 43, 17.0, 0.03125
surrogate, 43, 17.0, 0.03125
surrogate, 43, 17.0, 0.03125
surrogate, 43, 17.0, 0.03125
surrogate, 43, 17.0, 0.03125
surrogate, 43, 17.0, 0.03125
surrogate, 43, 17.0, 0.03125
surrogate, 43, 17.0, 0.03125
surrogate, 43, 17.0, 0.03125
surrogate, 43, 17.0, 0.03125
surrogate, 43, 17.0, 0.03125
surrogate, 43, 17.0, 0.03125
surrogate, 43, 17.0, 0.03125
surrogate, 43, 17.0, 0.03125
surrogate, 43, 17.0, 0.03125
surrogate, 43, 17.0, 0.03125
surrogate, 43, 17.0, 0.03125
surrogate, 43, 17.0, 0.03125
surrogate, 43, 17.0, 0.03125
surrogate, 43, 17.0, 0.03125
surrogate, 43, 17.0, 0.03125
surrogate, 43, 17.0, 0.03125
surrogate, 43, 17.0, 0.03125
surrogate, 43, 17.0, 0.03125
surrogate, 44, 31.0, 0.65625
surrogate, 44, 31.0, 0.65625
surrogate, 44, 31.0, 0.65625
surrogate, 44, 31.0, 0.65625
surrogate, 44, 31.0, 0.65625
surrogate, 44, 31.0, 0.65625
surrogate, 44, 31.0, 0.65625
surrogate, 44, 31.0, 0.65625
surrogate, 44, 29.0, 0.59375
surrogate, 44, 28.0, 0.53125
surrogate, 44, 28.0, 0.53125
surrogate, 44, 28.0, 0.53125
surrogate, 44, 28.0, 0.53125
surrogate, 44, 28.0, 0.53125
surrogate, 44, 28.0, 0.53125
surrogate, 44, 28.0, 0.53125
surrogate, 44, 27.0, 0.5
surrogate, 44, 27.0, 0.5
surrogate, 44, 27.0, 0.5
surrogate, 44, 27.0, 0.5
surrogate, 44, 27.0, 0.5
surrogate, 44, 27.0, 0.5
surrogate, 44, 27.0, 0.5
surrogate, 44, 27.0, 0.5
surrogate, 44, 27.0, 0.5
surrogate, 44, 25.0, 0.375
surrogate, 44, 25.0, 0.375
surrogate, 44, 25.0, 0.375
surrogate, 44, 25.0, 0.375
surrogate, 44, 25.0, 0.375
surrogate, 44, 25.0, 0.375
surrogate, 44, 25.0, 0.375
surrogate, 44, 25.0, 0.375
surrogate, 44, 25.0, 0.375
surrogate, 44, 25.0, 0.375
surrogate, 44, 25.0, 0.375
surrogate, 44, 25.0, 0.375
surrogate, 44, 25.0, 0.375
surrogate, 44, 23.0, 0.28125
surrogate, 44, 23.0, 0.28125
surrogate, 44, 23.0, 0.28125
surrogate, 44, 23.0, 0.28125
surrogate, 44, 23.0, 0.28125
surrogate, 44, 23.0, 0.28125
surrogate, 44, 23.0, 0.28125
surrogate, 44, 23.0, 0.28125
surrogate, 44, 23.0, 0.28125
surrogate, 44, 17.0, 0.03125
surrogate, 44, 17.0, 0.03125
surrogate, 44, 17.0, 0.03125
surrogate, 44, 17.0, 0.03125
surrogate, 44, 17.0, 0.03125
surrogate, 44, 17.0, 0.03125
surrogate, 44, 17.0, 0.03125
surrogate, 44, 17.0, 0.03125
surrogate, 44, 17.0, 0.03125
surrogate, 44, 17.0, 0.03125
surrogate, 44, 17.0, 0.03125
surrogate, 44, 17.0, 0.03125
surrogate, 44, 17.0, 0.03125
surrogate, 44, 17.0, 0.03125
surrogate, 44, 17.0, 0.03125
surrogate, 44, 17.0, 0.03125
surrogate, 44, 17.0, 0.03125
surrogate, 44, 17.0, 0.03125
surrogate, 44, 17.0, 0.03125
surrogate, 44, 17.0, 0.03125
surrogate, 44, 17.0, 0.03125
surrogate, 44, 17.0, 0.03125
surrogate, 44, 17.0, 0.03125
surrogate, 44, 17.0, 0.03125
surrogate, 44, 17.0, 0.03125
surrogate, 44, 17.0, 0.03125
surrogate, 44, 17.0, 0.03125
surrogate, 44, 17.0, 0.03125
surrogate, 44, 17.0, 0.03125
surrogate, 44, 17.0, 0.03125
surrogate, 44, 17.0, 0.03125
surrogate, 44, 17.0, 0.03125
surrogate, 44, 17.0, 0.03125
surrogate, 44, 17.0, 0.03125
surrogate, 44, 17.0, 0.03125
surrogate, 44, 17.0, 0.03125
surrogate, 44, 17.0, 0.03125
surrogate, 44, 17.0, 0.03125
surrogate, 44, 17.0, 0.03125
surrogate, 45, 30.0, 0.65625
surrogate, 45, 29.0, 0.59375
surrogate, 45, 28.0, 0.53125
surrogate, 45, 28.0, 0.53125
surrogate, 45, 28.0, 0.53125
surrogate, 45, 28.0, 0.53125
surrogate, 45, 28.0, 0.53125
surrogate, 45, 28.0, 0.53125
surrogate, 45, 28.0, 0.53125
surrogate, 45, 27.0, 0.5
surrogate, 45, 27.0, 0.5
surrogate, 45, 27.0, 0.5
surrogate, 45, 27.0, 0.5
surrogate, 45, 27.0, 0.5
surrogate, 45, 27.0, 0.5
surrogate, 45, 27.0, 0.5
surrogate, 45, 27.0, 0.5
surrogate, 45, 27.0, 0.5
surrogate, 45, 25.0, 0.375
surrogate, 45, 25.0, 0.375
surrogate, 45, 25.0, 0.375
surrogate, 45, 25.0, 0.375
surrogate, 45, 25.0, 0.375
surrogate, 45, 25.0, 0.375
surrogate, 45, 25.0, 0.375
surrogate, 45, 25.0, 0.375
surrogate, 45, 25.0, 0.375
surrogate, 45, 25.0, 0.375
surrogate, 45, 25.0, 0.375
surrogate, 45, 25.0, 0.375
surrogate, 45, 25.0, 0.375
surrogate, 45, 25.0, 0.375
surrogate, 45, 23.0, 0.28125
surrogate, 45, 23.0, 0.28125
surrogate, 45, 23.0, 0.28125
surrogate, 45, 23.0, 0.28125
surrogate, 45, 23.0, 0.28125
surrogate, 45, 23.0, 0.28125
surrogate, 45, 23.0, 0.28125
surrogate, 45, 23.0, 0.28125
surrogate, 45, 23.0, 0.28125
surrogate, 45, 23.0, 0.28125
surrogate, 45, 17.0, 0.03125
surrogate, 45, 17.0, 0.03125
surrogate, 45, 17.0, 0.03125
surrogate, 45, 17.0, 0.03125
surrogate, 45, 17.0, 0.03125
surrogate, 45, 17.0, 0.03125
surrogate, 45, 17.0, 0.03125
surrogate, 45, 17.0, 0.03125
surrogate, 45, 17.0, 0.03125
surrogate, 45, 17.0, 0.03125
surrogate, 45, 17.0, 0.03125
surrogate, 45, 17.0, 0.03125
surrogate, 45, 17.0, 0.03125
surrogate, 45, 17.0, 0.03125
surrogate, 45, 17.0, 0.03125
surrogate, 45, 17.0, 0.03125
surrogate, 45, 17.0, 0.03125
surrogate, 45, 17.0, 0.03125
surrogate, 45, 17.0, 0.03125
surrogate, 45, 17.0, 0.03125
surrogate, 45, 17.0, 0.03125
surrogate, 45, 17.0, 0.03125
surrogate, 45, 17.0, 0.03125
surrogate, 45, 17.0, 0.03125
surrogate, 45, 17.0, 0.03125
surrogate, 45, 17.0, 0.03125
surrogate, 45, 17.0, 0.03125
surrogate, 45, 17.0, 0.03125
surrogate, 45, 17.0, 0.03125
surrogate, 45, 17.0, 0.03125
surrogate, 45, 17.0, 0.03125
surrogate, 45, 17.0, 0.03125
surrogate, 45, 17.0, 0.03125
surrogate, 45, 17.0, 0.03125
surrogate, 45, 17.0, 0.03125
surrogate, 45, 17.0, 0.03125
surrogate, 45, 17.0, 0.03125
surrogate, 45, 17.0, 0.03125
surrogate, 45, 17.0, 0.03125
surrogate, 45, 17.0, 0.03125
surrogate, 46, 30.0, 0.65625
surrogate, 46, 29.0, 0.59375
surrogate, 46, 29.0, 0.59375
surrogate, 46, 28.0, 0.53125
surrogate, 46, 28.0, 0.53125
surrogate, 46, 28.0, 0.53125
surrogate, 46, 28.0, 0.53125
surrogate, 46, 28.0, 0.53125
surrogate, 46, 28.0, 0.53125
surrogate, 46, 28.0, 0.53125
surrogate, 46, 28.0, 0.53125
surrogate, 46, 27.0, 0.5
surrogate, 46, 27.0, 0.5
surrogate, 46, 27.0, 0.5
surrogate, 46, 27.0, 0.5
surrogate, 46, 27.0, 0.5
surrogate, 46, 27.0, 0.5
surrogate, 46, 27.0, 0.5
surrogate, 46, 27.0, 0.5
surrogate, 46, 27.0, 0.5
surrogate, 46, 27.0, 0.5
surrogate, 46, 25.0, 0.375
surrogate, 46, 25.0, 0.375
surrogate, 46, 25.0, 0.375
surrogate, 46, 25.0, 0.375
surrogate, 46, 25.0, 0.375
surrogate, 46, 25.0, 0.375
surrogate, 46, 25.0, 0.375
surrogate, 46, 25.0, 0.375
surrogate, 46, 25.0, 0.375
surrogate, 46, 25.0, 0.375
surrogate, 46, 25.0, 0.375
surrogate, 46, 25.0, 0.375
surrogate, 46, 25.0, 0.375
surrogate, 46, 25.0, 0.375
surrogate, 46, 25.0, 0.375
surrogate, 46, 23.0, 0.28125
surrogate, 46, 23.0, 0.28125
surrogate, 46, 23.0, 0.28125
surrogate, 46, 23.0, 0.28125
surrogate, 46, 23.0, 0.28125
surrogate, 46, 23.0, 0.28125
surrogate, 46, 23.0, 0.28125
surrogate, 46, 23.0, 0.28125
surrogate, 46, 23.0, 0.28125
surrogate, 46, 23.0, 0.28125
surrogate, 46, 17.0, 0.03125
surrogate, 46, 17.0, 0.03125
surrogate, 46, 17.0, 0.03125
surrogate, 46, 17.0, 0.03125
surrogate, 46, 17.0, 0.03125
surrogate, 46, 17.0, 0.03125
surrogate, 46, 17.0, 0.03125
surrogate, 46, 17.0, 0.03125
surrogate, 46, 17.0, 0.03125
surrogate, 46, 17.0, 0.03125
surrogate, 46, 17.0, 0.03125
surrogate, 46, 17.0, 0.03125
surrogate, 46, 17.0, 0.03125
surrogate, 46, 17.0, 0.03125
surrogate, 46, 17.0, 0.03125
surrogate, 46, 17.0, 0.03125
surrogate, 46, 17.0, 0.03125
surrogate, 46, 17.0, 0.03125
surrogate, 46, 17.0, 0.03125
surrogate, 46, 17.0, 0.03125
surrogate, 46, 17.0, 0.03125
surrogate, 46, 17.0, 0.03125
surrogate, 46, 17.0, 0.03125
surrogate, 46, 17.0, 0.03125
surrogate, 46, 17.0, 0.03125
surrogate, 46, 17.0, 0.03125
surrogate, 46, 17.0, 0.03125
surrogate, 46, 17.0, 0.03125
surrogate, 46, 17.0, 0.03125
surrogate, 46, 17.0, 0.03125
surrogate, 46, 17.0, 0.03125
surrogate, 46, 17.0, 0.03125
surrogate, 46, 17.0, 0.03125
surrogate, 46, 17.0, 0.03125
surrogate, 46, 17.0, 0.03125
surrogate, 46, 17.0, 0.03125
surrogate, 46, 17.0, 0.03125
surrogate, 46, 17.0, 0.03125
surrogate, 46, 17.0, 0.03125
surrogate, 46, 17.0, 0.03125
surrogate, 47, 30.0, 0.65625
surrogate, 47, 29.0, 0.59375
surrogate, 47, 29.0, 0.59375
surrogate, 47, 29.0, 0.59375
surrogate, 47, 28.0, 0.53125
surrogate, 47, 28.0, 0.53125
surrogate, 47, 28.0, 0.53125
surrogate, 47, 28.0, 0.53125
surrogate, 47, 28.0, 0.53125
surrogate, 47, 28.0, 0.53125
surrogate, 47, 28.0, 0.53125
surrogate, 47, 28.0, 0.53125
surrogate, 47, 28.0, 0.53125
surrogate, 47, 27.0, 0.5
surrogate, 47, 27.0, 0.5
surrogate, 47, 27.0, 0.5
surrogate, 47, 27.0, 0.5
surrogate, 47, 27.0, 0.5
surrogate, 47, 27.0, 0.5
surrogate, 47, 27.0, 0.5
surrogate, 47, 27.0, 0.5
surrogate, 47, 27.0, 0.5
surrogate, 47, 27.0, 0.5
surrogate, 47, 27.0, 0.5
surrogate, 47, 25.0, 0.375
surrogate, 47, 25.0, 0.375
surrogate, 47, 25.0, 0.375
surrogate, 47, 25.0, 0.375
surrogate, 47, 25.0, 0.375
surrogate, 47, 25.0, 0.375
surrogate, 47, 25.0, 0.375
surrogate, 47, 25.0, 0.375
surrogate, 47, 25.0, 0.375
surrogate, 47, 25.0, 0.375
surrogate, 47, 25.0, 0.375
surrogate, 47, 25.0, 0.375
surrogate, 47, 25.0, 0.375
surrogate, 47, 25.0, 0.375
surrogate, 47, 25.0, 0.375
surrogate, 47, 23.0, 0.28125
surrogate, 47, 23.0, 0.28125
surrogate, 47, 23.0, 0.28125
surrogate, 47, 23.0, 0.28125
surrogate, 47, 23.0, 0.28125
surrogate, 47, 23.0, 0.28125
surrogate, 47, 23.0, 0.28125
surrogate, 47, 23.0, 0.28125
surrogate, 47, 23.0, 0.28125
surrogate, 47, 23.0, 0.28125
surrogate, 47, 17.0, 0.03125
surrogate, 47, 17.0, 0.03125
surrogate, 47, 17.0, 0.03125
surrogate, 47, 17.0, 0.03125
surrogate, 47, 17.0, 0.03125
surrogate, 47, 17.0, 0.03125
surrogate, 47, 17.0, 0.03125
surrogate, 47, 17.0, 0.03125
surrogate, 47, 17.0, 0.03125
surrogate, 47, 17.0, 0.03125
surrogate, 47, 17.0, 0.03125
surrogate, 47, 17.0, 0.03125
surrogate, 47, 17.0, 0.03125
surrogate, 47, 17.0, 0.03125
surrogate, 47, 17.0, 0.03125
surrogate, 47, 17.0, 0.03125
surrogate, 47, 17.0, 0.03125
surrogate, 47, 17.0, 0.03125
surrogate, 47, 17.0, 0.03125
surrogate, 47, 17.0, 0.03125
surrogate, 47, 17.0, 0.03125
surrogate, 47, 17.0, 0.03125
surrogate, 47, 17.0, 0.03125
surrogate, 47, 17.0, 0.03125
surrogate, 47, 17.0, 0.03125
surrogate, 47, 17.0, 0.03125
surrogate, 47, 17.0, 0.03125
surrogate, 47, 17.0, 0.03125
surrogate, 47, 17.0, 0.03125
surrogate, 47, 17.0, 0.03125
surrogate, 47, 17.0, 0.03125
surrogate, 47, 17.0, 0.03125
surrogate, 47, 17.0, 0.03125
surrogate, 47, 17.0, 0.03125
surrogate, 47, 17.0, 0.03125
surrogate, 47, 17.0, 0.03125
surrogate, 47, 17.0, 0.03125
surrogate, 47, 17.0, 0.03125
surrogate, 47, 17.0, 0.03125
surrogate, 47, 17.0, 0.03125
surrogate, 48, 30.0, 0.65625
surrogate, 48, 29.0, 0.59375
surrogate, 48, 29.0, 0.59375
surrogate, 48, 29.0, 0.59375
surrogate, 48, 29.0, 0.59375
surrogate, 48, 28.0, 0.53125
surrogate, 48, 28.0, 0.53125
surrogate, 48, 28.0, 0.53125
surrogate, 48, 28.0, 0.53125
surrogate, 48, 28.0, 0.53125
surrogate, 48, 28.0, 0.53125
surrogate, 48, 28.0, 0.53125
surrogate, 48, 28.0, 0.53125
surrogate, 48, 28.0, 0.53125
surrogate, 48, 27.0, 0.5
surrogate, 48, 27.0, 0.5
surrogate, 48, 27.0, 0.5
surrogate, 48, 27.0, 0.5
surrogate, 48, 27.0, 0.5
surrogate, 48, 27.0, 0.5
surrogate, 48, 27.0, 0.5
surrogate, 48, 27.0, 0.5
surrogate, 48, 27.0, 0.5
surrogate, 48, 27.0, 0.5
surrogate, 48, 27.0, 0.5
surrogate, 48, 27.0, 0.5
surrogate, 48, 25.0, 0.375
surrogate, 48, 25.0, 0.375
surrogate, 48, 25.0, 0.375
surrogate, 48, 25.0, 0.375
surrogate, 48, 25.0, 0.375
surrogate, 48, 25.0, 0.375
surrogate, 48, 25.0, 0.375
surrogate, 48, 25.0, 0.375
surrogate, 48, 25.0, 0.375
surrogate, 48, 25.0, 0.375
surrogate, 48, 25.0, 0.375
surrogate, 48, 25.0, 0.375
surrogate, 48, 25.0, 0.375
surrogate, 48, 25.0, 0.375
surrogate, 48, 25.0, 0.375
surrogate, 48, 25.0, 0.375
surrogate, 48, 23.0, 0.28125
surrogate, 48, 23.0, 0.28125
surrogate, 48, 23.0, 0.28125
surrogate, 48, 23.0, 0.28125
surrogate, 48, 23.0, 0.28125
surrogate, 48, 23.0, 0.28125
surrogate, 48, 23.0, 0.28125
surrogate, 48, 23.0, 0.28125
surrogate, 48, 23.0, 0.28125
surrogate, 48, 23.0, 0.28125
surrogate, 48, 23.0, 0.28125
surrogate, 48, 17.0, 0.03125
surrogate, 48, 17.0, 0.03125
surrogate, 48, 17.0, 0.03125
surrogate, 48, 17.0, 0.03125
surrogate, 48, 17.0, 0.03125
surrogate, 48, 17.0, 0.03125
surrogate, 48, 17.0, 0.03125
surrogate, 48, 17.0, 0.03125
surrogate, 48, 17.0, 0.03125
surrogate, 48, 17.0, 0.03125
surrogate, 48, 17.0, 0.03125
surrogate, 48, 17.0, 0.03125
surrogate, 48, 17.0, 0.03125
surrogate, 48, 17.0, 0.03125
surrogate, 48, 17.0, 0.03125
surrogate, 48, 17.0, 0.03125
surrogate, 48, 17.0, 0.03125
surrogate, 48, 17.0, 0.03125
surrogate, 48, 17.0, 0.03125
surrogate, 48, 17.0, 0.03125
surrogate, 48, 17.0, 0.03125
surrogate, 48, 17.0, 0.03125
surrogate, 48, 17.0, 0.03125
surrogate, 48, 17.0, 0.03125
surrogate, 48, 17.0, 0.03125
surrogate, 48, 17.0, 0.03125
surrogate, 48, 17.0, 0.03125
surrogate, 48, 17.0, 0.03125
surrogate, 48, 17.0, 0.03125
surrogate, 48, 17.0, 0.03125
surrogate, 48, 17.0, 0.03125
surrogate, 48, 17.0, 0.03125
surrogate, 48, 17.0, 0.03125
surrogate, 48, 17.0, 0.03125
surrogate, 48, 17.0, 0.03125
surrogate, 48, 17.0, 0.03125
surrogate, 48, 17.0, 0.03125
surrogate, 48, 17.0, 0.03125
surrogate, 48, 17.0, 0.03125
surrogate, 48, 17.0, 0.03125
surrogate, 48, 17.0, 0.03125
surrogate, 49, 30.0, 0.65625
surrogate, 49, 30.0, 0.65625
surrogate, 49, 29.0, 0.59375
surrogate, 49, 29.0, 0.59375
surrogate, 49, 29.0, 0.59375
surrogate, 49, 29.0, 0.59375
surrogate, 49, 28.0, 0.53125
surrogate, 49, 28.0, 0.53125
surrogate, 49, 28.0, 0.53125
surrogate, 49, 28.0, 0.53125
surrogate, 49, 28.0, 0.53125
surrogate, 49, 28.0, 0.53125
surrogate, 49, 28.0, 0.53125
surrogate, 49, 28.0, 0.53125
surrogate, 49, 28.0, 0.53125
surrogate, 49, 27.0, 0.5
surrogate, 49, 27.0, 0.5
surrogate, 49, 27.0, 0.5
surrogate, 49, 27.0, 0.5
surrogate, 49, 27.0, 0.5
surrogate, 49, 27.0, 0.5
surrogate, 49, 27.0, 0.5
surrogate, 49, 27.0, 0.5
surrogate, 49, 27.0, 0.5
surrogate, 49, 27.0, 0.5
surrogate, 49, 27.0, 0.5
surrogate, 49, 27.0, 0.5
surrogate, 49, 25.0, 0.375
surrogate, 49, 25.0, 0.375
surrogate, 49, 25.0, 0.375
surrogate, 49, 25.0, 0.375
surrogate, 49, 25.0, 0.375
surrogate, 49, 25.0, 0.375
surrogate, 49, 25.0, 0.375
surrogate, 49, 25.0, 0.375
surrogate, 49, 25.0, 0.375
surrogate, 49, 25.0, 0.375
surrogate, 49, 25.0, 0.375
surrogate, 49, 25.0, 0.375
surrogate, 49, 25.0, 0.375
surrogate, 49, 25.0, 0.375
surrogate, 49, 25.0, 0.375
surrogate, 49, 25.0, 0.375
surrogate, 49, 25.0, 0.375
surrogate, 49, 23.0, 0.28125
surrogate, 49, 23.0, 0.28125
surrogate, 49, 23.0, 0.28125
surrogate, 49, 23.0, 0.28125
surrogate, 49, 23.0, 0.28125
surrogate, 49, 23.0, 0.28125
surrogate, 49, 23.0, 0.28125
surrogate, 49, 23.0, 0.28125
surrogate, 49, 23.0, 0.28125
surrogate, 49, 23.0, 0.28125
surrogate, 49, 23.0, 0.28125
surrogate, 49, 23.0, 0.28125
surrogate, 49, 17.0, 0.03125
surrogate, 49, 17.0, 0.03125
surrogate, 49, 17.0, 0.03125
surrogate, 49, 17.0, 0.03125
surrogate, 49, 17.0, 0.03125
surrogate, 49, 17.0, 0.03125
surrogate, 49, 17.0, 0.03125
surrogate, 49, 17.0, 0.03125
surrogate, 49, 17.0, 0.03125
surrogate, 49, 17.0, 0.03125
surrogate, 49, 17.0, 0.03125
surrogate, 49, 17.0, 0.03125
surrogate, 49, 17.0, 0.03125
surrogate, 49, 17.0, 0.03125
surrogate, 49, 17.0, 0.03125
surrogate, 49, 17.0, 0.03125
surrogate, 49, 17.0, 0.03125
surrogate, 49, 17.0, 0.03125
surrogate, 49, 17.0, 0.03125
surrogate, 49, 17.0, 0.03125
surrogate, 49, 17.0, 0.03125
surrogate, 49, 17.0, 0.03125
surrogate, 49, 17.0, 0.03125
surrogate, 49, 17.0, 0.03125
surrogate, 49, 17.0, 0.03125
surrogate, 49, 17.0, 0.03125
surrogate, 49, 17.0, 0.03125
surrogate, 49, 17.0, 0.03125
surrogate, 49, 17.0, 0.03125
surrogate, 49, 17.0, 0.03125
surrogate, 49, 17.0, 0.03125
surrogate, 49, 17.0, 0.03125
surrogate, 49, 17.0, 0.03125
surrogate, 49, 17.0, 0.03125
surrogate, 49, 17.0, 0.03125
surrogate, 49, 17.0, 0.03125
surrogate, 49, 17.0, 0.03125
surrogate, 49, 17.0, 0.03125
surrogate, 49, 17.0, 0.03125
surrogate, 49, 17.0, 0.03125
surrogate, 49, 17.0, 0.03125
surrogate, 49, 17.0, 0.03125
surrogate, 50, 30.0, 0.65625
surrogate, 50, 30.0, 0.65625
surrogate, 50, 29.0, 0.59375
surrogate, 50, 29.0, 0.59375
surrogate, 50, 29.0, 0.59375
surrogate, 50, 29.0, 0.59375
surrogate, 50, 27.0, 0.53125
surrogate, 50, 25.0, 0.375
surrogate, 50, 25.0, 0.375
surrogate, 50, 25.0, 0.375
surrogate, 50, 25.0, 0.375
surrogate, 50, 25.0, 0.375
surrogate, 50, 25.0, 0.375
surrogate, 50, 25.0, 0.375
surrogate, 50, 25.0, 0.375
surrogate, 50, 25.0, 0.375
surrogate, 50, 25.0, 0.375
surrogate, 50, 25.0, 0.375
surrogate, 50, 25.0, 0.375
surrogate, 50, 25.0, 0.375
surrogate, 50, 25.0, 0.375
surrogate, 50, 25.0, 0.375
surrogate, 50, 25.0, 0.375
surrogate, 50, 25.0, 0.375
surrogate, 50, 23.0, 0.28125
surrogate, 50, 23.0, 0.28125
surrogate, 50, 23.0, 0.28125
surrogate, 50, 23.0, 0.28125
surrogate, 50, 23.0, 0.28125
surrogate, 50, 23.0, 0.28125
surrogate, 50, 23.0, 0.28125
surrogate, 50, 23.0, 0.28125
surrogate, 50, 23.0, 0.28125
surrogate, 50, 23.0, 0.28125
surrogate, 50, 23.0, 0.28125
surrogate, 50, 23.0, 0.28125
surrogate, 50, 17.0, 0.03125
surrogate, 50, 17.0, 0.03125
surrogate, 50, 17.0, 0.03125
surrogate, 50, 17.0, 0.03125
surrogate, 50, 17.0, 0.03125
surrogate, 50, 17.0, 0.03125
surrogate, 50, 17.0, 0.03125
surrogate, 50, 17.0, 0.03125
surrogate, 50, 17.0, 0.03125
surrogate, 50, 17.0, 0.03125
surrogate, 50, 17.0, 0.03125
surrogate, 50, 17.0, 0.03125
surrogate, 50, 17.0, 0.03125
surrogate, 50, 17.0, 0.03125
surrogate, 50, 17.0, 0.03125
surrogate, 50, 17.0, 0.03125
surrogate, 50, 17.0, 0.03125
surrogate, 50, 17.0, 0.03125
surrogate, 50, 17.0, 0.03125
surrogate, 50, 17.0, 0.03125
surrogate, 50, 17.0, 0.03125
surrogate, 50, 17.0, 0.03125
surrogate, 50, 17.0, 0.03125
surrogate, 50, 17.0, 0.03125
surrogate, 50, 17.0, 0.03125
surrogate, 50, 17.0, 0.03125
surrogate, 50, 17.0, 0.03125
surrogate, 50, 17.0, 0.03125
surrogate, 50, 17.0, 0.03125
surrogate, 50, 17.0, 0.03125
surrogate, 50, 17.0, 0.03125
surrogate, 50, 17.0, 0.03125
surrogate, 50, 17.0, 0.03125
surrogate, 50, 17.0, 0.03125
surrogate, 50, 17.0, 0.03125
surrogate, 50, 17.0, 0.03125
surrogate, 50, 17.0, 0.03125
surrogate, 50, 17.0, 0.03125
surrogate, 50, 17.0, 0.03125
surrogate, 50, 17.0, 0.03125
surrogate, 50, 17.0, 0.03125
surrogate, 50, 17.0, 0.03125
surrogate, 50, 17.0, 0.03125
surrogate, 51, 30.0, 0.65625
surrogate, 51, 30.0, 0.65625
surrogate, 51, 29.0, 0.59375
surrogate, 51, 29.0, 0.59375
surrogate, 51, 29.0, 0.59375
surrogate, 51, 29.0, 0.59375
surrogate, 51, 27.0, 0.53125
surrogate, 51, 25.0, 0.375
surrogate, 51, 25.0, 0.375
surrogate, 51, 25.0, 0.375
surrogate, 51, 25.0, 0.375
surrogate, 51, 25.0, 0.375
surrogate, 51, 25.0, 0.375
surrogate, 51, 25.0, 0.375
surrogate, 51, 25.0, 0.375
surrogate, 51, 25.0, 0.375
surrogate, 51, 25.0, 0.375
surrogate, 51, 25.0, 0.375
surrogate, 51, 25.0, 0.375
surrogate, 51, 25.0, 0.375
surrogate, 51, 25.0, 0.375
surrogate, 51, 25.0, 0.375
surrogate, 51, 25.0, 0.375
surrogate, 51, 25.0, 0.375
surrogate, 51, 23.0, 0.28125
surrogate, 51, 23.0, 0.28125
surrogate, 51, 23.0, 0.28125
surrogate, 51, 23.0, 0.28125
surrogate, 51, 23.0, 0.28125
surrogate, 51, 23.0, 0.28125
surrogate, 51, 23.0, 0.28125
surrogate, 51, 23.0, 0.28125
surrogate, 51, 23.0, 0.28125
surrogate, 51, 23.0, 0.28125
surrogate, 51, 23.0, 0.28125
surrogate, 51, 23.0, 0.28125
surrogate, 51, 17.0, 0.03125
surrogate, 51, 17.0, 0.03125
surrogate, 51, 17.0, 0.03125
surrogate, 51, 17.0, 0.03125
surrogate, 51, 17.0, 0.03125
surrogate, 51, 17.0, 0.03125
surrogate, 51, 17.0, 0.03125
surrogate, 51, 17.0, 0.03125
surrogate, 51, 17.0, 0.03125
surrogate, 51, 17.0, 0.03125
surrogate, 51, 17.0, 0.03125
surrogate, 51, 17.0, 0.03125
surrogate, 51, 17.0, 0.03125
surrogate, 51, 17.0, 0.03125
surrogate, 51, 17.0, 0.03125
surrogate, 51, 17.0, 0.03125
surrogate, 51, 17.0, 0.03125
surrogate, 51, 17.0, 0.03125
surrogate, 51, 17.0, 0.03125
surrogate, 51, 17.0, 0.03125
surrogate, 51, 17.0, 0.03125
surrogate, 51, 17.0, 0.03125
surrogate, 51, 17.0, 0.03125
surrogate, 51, 17.0, 0.03125
surrogate, 51, 17.0, 0.03125
surrogate, 51, 17.0, 0.03125
surrogate, 51, 17.0, 0.03125
surrogate, 51, 17.0, 0.03125
surrogate, 51, 17.0, 0.03125
surrogate, 51, 17.0, 0.03125
surrogate, 51, 17.0, 0.03125
surrogate, 51, 17.0, 0.03125
surrogate, 51, 17.0, 0.03125
surrogate, 51, 17.0, 0.03125
surrogate, 51, 17.0, 0.03125
surrogate, 51, 17.0, 0.03125
surrogate, 51, 17.0, 0.03125
surrogate, 51, 17.0, 0.03125
surrogate, 51, 17.0, 0.03125
surrogate, 51, 17.0, 0.03125
surrogate, 51, 17.0, 0.03125
surrogate, 51, 17.0, 0.03125
surrogate, 51, 17.0, 0.03125
surrogate, 51, 17.0, 0.03125
surrogate, 52, 30.0, 0.65625
surrogate, 52, 30.0, 0.65625
surrogate, 52, 30.0, 0.65625
surrogate, 52, 29.0, 0.59375
surrogate, 52, 29.0, 0.59375
surrogate, 52, 29.0, 0.59375
surrogate, 52, 29.0, 0.59375
surrogate, 52, 27.0, 0.53125
surrogate, 52, 25.0, 0.375
surrogate, 52, 25.0, 0.375
surrogate, 52, 25.0, 0.375
surrogate, 52, 25.0, 0.375
surrogate, 52, 25.0, 0.375
surrogate, 52, 25.0, 0.375
surrogate, 52, 25.0, 0.375
surrogate, 52, 25.0, 0.375
surrogate, 52, 25.0, 0.375
surrogate, 52, 25.0, 0.375
surrogate, 52, 25.0, 0.375
surrogate, 52, 25.0, 0.375
surrogate, 52, 25.0, 0.375
surrogate, 52, 25.0, 0.375
surrogate, 52, 25.0, 0.375
surrogate, 52, 25.0, 0.375
surrogate, 52, 25.0, 0.375
surrogate, 52, 25.0, 0.375
surrogate, 52, 23.0, 0.28125
surrogate, 52, 23.0, 0.28125
surrogate, 52, 23.0, 0.28125
surrogate, 52, 23.0, 0.28125
surrogate, 52, 23.0, 0.28125
surrogate, 52, 23.0, 0.28125
surrogate, 52, 23.0, 0.28125
surrogate, 52, 23.0, 0.28125
surrogate, 52, 23.0, 0.28125
surrogate, 52, 23.0, 0.28125
surrogate, 52, 23.0, 0.28125
surrogate, 52, 23.0, 0.28125
surrogate, 52, 23.0, 0.28125
surrogate, 52, 17.0, 0.03125
surrogate, 52, 17.0, 0.03125
surrogate, 52, 17.0, 0.03125
surrogate, 52, 17.0, 0.03125
surrogate, 52, 17.0, 0.03125
surrogate, 52, 17.0, 0.03125
surrogate, 52, 17.0, 0.03125
surrogate, 52, 17.0, 0.03125
surrogate, 52, 17.0, 0.03125
surrogate, 52, 17.0, 0.03125
surrogate, 52, 17.0, 0.03125
surrogate, 52, 17.0, 0.03125
surrogate, 52, 17.0, 0.03125
surrogate, 52, 17.0, 0.03125
surrogate, 52, 17.0, 0.03125
surrogate, 52, 17.0, 0.03125
surrogate, 52, 17.0, 0.03125
surrogate, 52, 17.0, 0.03125
surrogate, 52, 17.0, 0.03125
surrogate, 52, 17.0, 0.03125
surrogate, 52, 17.0, 0.03125
surrogate, 52, 17.0, 0.03125
surrogate, 52, 17.0, 0.03125
surrogate, 52, 17.0, 0.03125
surrogate, 52, 17.0, 0.03125
surrogate, 52, 17.0, 0.03125
surrogate, 52, 17.0, 0.03125
surrogate, 52, 17.0, 0.03125
surrogate, 52, 17.0, 0.03125
surrogate, 52, 17.0, 0.03125
surrogate, 52, 17.0, 0.03125
surrogate, 52, 17.0, 0.03125
surrogate, 52, 17.0, 0.03125
surrogate, 52, 17.0, 0.03125
surrogate, 52, 17.0, 0.03125
surrogate, 52, 17.0, 0.03125
surrogate, 52, 17.0, 0.03125
surrogate, 52, 17.0, 0.03125
surrogate, 52, 17.0, 0.03125
surrogate, 52, 17.0, 0.03125
surrogate, 52, 17.0, 0.03125
surrogate, 52, 17.0, 0.03125
surrogate, 52, 17.0, 0.03125
surrogate, 52, 17.0, 0.03125
surrogate, 53, 30.0, 0.65625
surrogate, 53, 30.0, 0.65625
surrogate, 53, 30.0, 0.65625
surrogate, 53, 29.0, 0.59375
surrogate, 53, 29.0, 0.59375
surrogate, 53, 29.0, 0.59375
surrogate, 53, 29.0, 0.59375
surrogate, 53, 29.0, 0.59375
surrogate, 53, 27.0, 0.53125
surrogate, 53, 25.0, 0.375
surrogate, 53, 25.0, 0.375
surrogate, 53, 25.0, 0.375
surrogate, 53, 25.0, 0.375
surrogate, 53, 25.0, 0.375
surrogate, 53, 25.0, 0.375
surrogate, 53, 25.0, 0.375
surrogate, 53, 25.0, 0.375
surrogate, 53, 25.0, 0.375
surrogate, 53, 25.0, 0.375
surrogate, 53, 25.0, 0.375
surrogate, 53, 25.0, 0.375
surrogate, 53, 25.0, 0.375
surrogate, 53, 25.0, 0.375
surrogate, 53, 25.0, 0.375
surrogate, 53, 25.0, 0.375
surrogate, 53, 25.0, 0.375
surrogate, 53, 25.0, 0.375
surrogate, 53, 23.0, 0.28125
surrogate, 53, 23.0, 0.28125
surrogate, 53, 23.0, 0.28125
surrogate, 53, 23.0, 0.28125
surrogate, 53, 23.0, 0.28125
surrogate, 53, 23.0, 0.28125
surrogate, 53, 23.0, 0.28125
surrogate, 53, 23.0, 0.28125
surrogate, 53, 23.0, 0.28125
surrogate, 53, 23.0, 0.28125
surrogate, 53, 23.0, 0.28125
surrogate, 53, 23.0, 0.28125
surrogate, 53, 23.0, 0.28125
surrogate, 53, 17.0, 0.03125
surrogate, 53, 17.0, 0.03125
surrogate, 53, 17.0, 0.03125
surrogate, 53, 17.0, 0.03125
surrogate, 53, 17.0, 0.03125
surrogate, 53, 17.0, 0.03125
surrogate, 53, 17.0, 0.03125
surrogate, 53, 17.0, 0.03125
surrogate, 53, 17.0, 0.03125
surrogate, 53, 17.0, 0.03125
surrogate, 53, 17.0, 0.03125
surrogate, 53, 17.0, 0.03125
surrogate, 53, 17.0, 0.03125
surrogate, 53, 17.0, 0.03125
surrogate, 53, 17.0, 0.03125
surrogate, 53, 17.0, 0.03125
surrogate, 53, 17.0, 0.03125
surrogate, 53, 17.0, 0.03125
surrogate, 53, 17.0, 0.03125
surrogate, 53, 17.0, 0.03125
surrogate, 53, 17.0, 0.03125
surrogate, 53, 17.0, 0.03125
surrogate, 53, 17.0, 0.03125
surrogate, 53, 17.0, 0.03125
surrogate, 53, 17.0, 0.03125
surrogate, 53, 17.0, 0.03125
surrogate, 53, 17.0, 0.03125
surrogate, 53, 17.0, 0.03125
surrogate, 53, 17.0, 0.03125
surrogate, 53, 17.0, 0.03125
surrogate, 53, 17.0, 0.03125
surrogate, 53, 17.0, 0.03125
surrogate, 53, 17.0, 0.03125
surrogate, 53, 17.0, 0.03125
surrogate, 53, 17.0, 0.03125
surrogate, 53, 17.0, 0.03125
surrogate, 53, 17.0, 0.03125
surrogate, 53, 17.0, 0.03125
surrogate, 53, 17.0, 0.03125
surrogate, 53, 17.0, 0.03125
surrogate, 53, 17.0, 0.03125
surrogate, 53, 17.0, 0.03125
surrogate, 53, 17.0, 0.03125
surrogate, 53, 17.0, 0.03125
surrogate, 53, 17.0, 0.03125
surrogate, 54, 30.0, 0.65625
surrogate, 54, 30.0, 0.65625
surrogate, 54, 30.0, 0.65625
surrogate, 54, 30.0, 0.65625
surrogate, 54, 29.0, 0.59375
surrogate, 54, 29.0, 0.59375
surrogate, 54, 29.0, 0.59375
surrogate, 54, 29.0, 0.59375
surrogate, 54, 29.0, 0.59375
surrogate, 54, 27.0, 0.53125
surrogate, 54, 27.0, 0.53125
surrogate, 54, 25.0, 0.375
surrogate, 54, 25.0, 0.375
surrogate, 54, 25.0, 0.375
surrogate, 54, 25.0, 0.375
surrogate, 54, 25.0, 0.375
surrogate, 54, 25.0, 0.375
surrogate, 54, 25.0, 0.375
surrogate, 54, 25.0, 0.375
surrogate, 54, 25.0, 0.375
surrogate, 54, 25.0, 0.375
surrogate, 54, 25.0, 0.375
surrogate, 54, 25.0, 0.375
surrogate, 54, 25.0, 0.375
surrogate, 54, 25.0, 0.375
surrogate, 54, 25.0, 0.375
surrogate, 54, 25.0, 0.375
surrogate, 54, 25.0, 0.375
surrogate, 54, 25.0, 0.375
surrogate, 54, 23.0, 0.28125
surrogate, 54, 23.0, 0.28125
surrogate, 54, 23.0, 0.28125
surrogate, 54, 23.0, 0.28125
surrogate, 54, 23.0, 0.28125
surrogate, 54, 23.0, 0.28125
surrogate, 54, 23.0, 0.28125
surrogate, 54, 23.0, 0.28125
surrogate, 54, 23.0, 0.28125
surrogate, 54, 23.0, 0.28125
surrogate, 54, 23.0, 0.28125
surrogate, 54, 23.0, 0.28125
surrogate, 54, 23.0, 0.28125
surrogate, 54, 23.0, 0.28125
surrogate, 54, 17.0, 0.03125
surrogate, 54, 17.0, 0.03125
surrogate, 54, 17.0, 0.03125
surrogate, 54, 17.0, 0.03125
surrogate, 54, 17.0, 0.03125
surrogate, 54, 17.0, 0.03125
surrogate, 54, 17.0, 0.03125
surrogate, 54, 17.0, 0.03125
surrogate, 54, 17.0, 0.03125
surrogate, 54, 17.0, 0.03125
surrogate, 54, 17.0, 0.03125
surrogate, 54, 17.0, 0.03125
surrogate, 54, 17.0, 0.03125
surrogate, 54, 17.0, 0.03125
surrogate, 54, 17.0, 0.03125
surrogate, 54, 17.0, 0.03125
surrogate, 54, 17.0, 0.03125
surrogate, 54, 17.0, 0.03125
surrogate, 54, 17.0, 0.03125
surrogate, 54, 17.0, 0.03125
surrogate, 54, 17.0, 0.03125
surrogate, 54, 17.0, 0.03125
surrogate, 54, 17.0, 0.03125
surrogate, 54, 17.0, 0.03125
surrogate, 54, 17.0, 0.03125
surrogate, 54, 17.0, 0.03125
surrogate, 54, 17.0, 0.03125
surrogate, 54, 17.0, 0.03125
surrogate, 54, 17.0, 0.03125
surrogate, 54, 17.0, 0.03125
surrogate, 54, 17.0, 0.03125
surrogate, 54, 17.0, 0.03125
surrogate, 54, 17.0, 0.03125
surrogate, 54, 17.0, 0.03125
surrogate, 54, 17.0, 0.03125
surrogate, 54, 17.0, 0.03125
surrogate, 54, 17.0, 0.03125
surrogate, 54, 17.0, 0.03125
surrogate, 54, 17.0, 0.03125
surrogate, 54, 17.0, 0.03125
surrogate, 54, 17.0, 0.03125
surrogate, 54, 17.0, 0.03125
surrogate, 54, 17.0, 0.03125
surrogate, 54, 17.0, 0.03125
surrogate, 54, 17.0, 0.03125
surrogate, 54, 17.0, 0.03125
surrogate, 55, 30.0, 0.65625
surrogate, 55, 30.0, 0.65625
surrogate, 55, 30.0, 0.65625
surrogate, 55, 30.0, 0.65625
surrogate, 55, 30.0, 0.65625
surrogate, 55, 29.0, 0.59375
surrogate, 55, 29.0, 0.59375
surrogate, 55, 29.0, 0.59375
surrogate, 55, 29.0, 0.59375
surrogate, 55, 29.0, 0.59375
surrogate, 55, 27.0, 0.53125
surrogate, 55, 27.0, 0.53125
surrogate, 55, 25.0, 0.375
surrogate, 55, 25.0, 0.375
surrogate, 55, 25.0, 0.375
surrogate, 55, 25.0, 0.375
surrogate, 55, 25.0, 0.375
surrogate, 55, 25.0, 0.375
surrogate, 55, 25.0, 0.375
surrogate, 55, 25.0, 0.375
surrogate, 55, 25.0, 0.375
surrogate, 55, 25.0, 0.375
surrogate, 55, 25.0, 0.375
surrogate, 55, 25.0, 0.375
surrogate, 55, 25.0, 0.375
surrogate, 55, 25.0, 0.375
surrogate, 55, 25.0, 0.375
surrogate, 55, 25.0, 0.375
surrogate, 55, 25.0, 0.375
surrogate, 55, 25.0, 0.375
surrogate, 55, 25.0, 0.375
surrogate, 55, 23.0, 0.28125
surrogate, 55, 23.0, 0.28125
surrogate, 55, 23.0, 0.28125
surrogate, 55, 23.0, 0.28125
surrogate, 55, 23.0, 0.28125
surrogate, 55, 23.0, 0.28125
surrogate, 55, 23.0, 0.28125
surrogate, 55, 23.0, 0.28125
surrogate, 55, 23.0, 0.28125
surrogate, 55, 23.0, 0.28125
surrogate, 55, 23.0, 0.28125
surrogate, 55, 23.0, 0.28125
surrogate, 55, 23.0, 0.28125
surrogate, 55, 23.0, 0.28125
surrogate, 55, 17.0, 0.03125
surrogate, 55, 17.0, 0.03125
surrogate, 55, 17.0, 0.03125
surrogate, 55, 17.0, 0.03125
surrogate, 55, 17.0, 0.03125
surrogate, 55, 17.0, 0.03125
surrogate, 55, 17.0, 0.03125
surrogate, 55, 17.0, 0.03125
surrogate, 55, 17.0, 0.03125
surrogate, 55, 17.0, 0.03125
surrogate, 55, 17.0, 0.03125
surrogate, 55, 17.0, 0.03125
surrogate, 55, 17.0, 0.03125
surrogate, 55, 17.0, 0.03125
surrogate, 55, 17.0, 0.03125
surrogate, 55, 17.0, 0.03125
surrogate, 55, 17.0, 0.03125
surrogate, 55, 17.0, 0.03125
surrogate, 55, 17.0, 0.03125
surrogate, 55, 17.0, 0.03125
surrogate, 55, 17.0, 0.03125
surrogate, 55, 17.0, 0.03125
surrogate, 55, 17.0, 0.03125
surrogate, 55, 17.0, 0.03125
surrogate, 55, 17.0, 0.03125
surrogate, 55, 17.0, 0.03125
surrogate, 55, 17.0, 0.03125
surrogate, 55, 17.0, 0.03125
surrogate, 55, 17.0, 0.03125
surrogate, 55, 17.0, 0.03125
surrogate, 55, 17.0, 0.03125
surrogate, 55, 17.0, 0.03125
surrogate, 55, 17.0, 0.03125
surrogate, 55, 17.0, 0.03125
surrogate, 55, 17.0, 0.03125
surrogate, 55, 17.0, 0.03125
surrogate, 55, 17.0, 0.03125
surrogate, 55, 17.0, 0.03125
surrogate, 55, 17.0, 0.03125
surrogate, 55, 17.0, 0.03125
surrogate, 55, 17.0, 0.03125
surrogate, 55, 17.0, 0.03125
surrogate, 55, 17.0, 0.03125
surrogate, 55, 17.0, 0.03125
surrogate, 55, 17.0, 0.03125
surrogate, 55, 17.0, 0.03125
surrogate, 55, 17.0, 0.03125
surrogate, 56, 30.0, 0.65625
surrogate, 56, 30.0, 0.65625
surrogate, 56, 30.0, 0.65625
surrogate, 56, 30.0, 0.65625
surrogate, 56, 30.0, 0.65625
surrogate, 56, 30.0, 0.65625
surrogate, 56, 29.0, 0.59375
surrogate, 56, 29.0, 0.59375
surrogate, 56, 29.0, 0.59375
surrogate, 56, 29.0, 0.59375
surrogate, 56, 29.0, 0.59375
surrogate, 56, 29.0, 0.59375
surrogate, 56, 27.0, 0.53125
surrogate, 56, 27.0, 0.53125
surrogate, 56, 25.0, 0.375
surrogate, 56, 25.0, 0.375
surrogate, 56, 25.0, 0.375
surrogate, 56, 25.0, 0.375
surrogate, 56, 25.0, 0.375
surrogate, 56, 25.0, 0.375
surrogate, 56, 25.0, 0.375
surrogate, 56, 25.0, 0.375
surrogate, 56, 25.0, 0.375
surrogate, 56, 25.0, 0.375
surrogate, 56, 25.0, 0.375
surrogate, 56, 25.0, 0.375
surrogate, 56, 25.0, 0.375
surrogate, 56, 25.0, 0.375
surrogate, 56, 25.0, 0.375
surrogate, 56, 25.0, 0.375
surrogate, 56, 25.0, 0.375
surrogate, 56, 25.0, 0.375
surrogate, 56, 25.0, 0.375
surrogate, 56, 25.0, 0.375
surrogate, 56, 23.0, 0.28125
surrogate, 56, 23.0, 0.28125
surrogate, 56, 23.0, 0.28125
surrogate, 56, 23.0, 0.28125
surrogate, 56, 23.0, 0.28125
surrogate, 56, 23.0, 0.28125
surrogate, 56, 23.0, 0.28125
surrogate, 56, 23.0, 0.28125
surrogate, 56, 23.0, 0.28125
surrogate, 56, 23.0, 0.28125
surrogate, 56, 23.0, 0.28125
surrogate, 56, 23.0, 0.28125
surrogate, 56, 23.0, 0.28125
surrogate, 56, 23.0, 0.28125
surrogate, 56, 17.0, 0.03125
surrogate, 56, 17.0, 0.03125
surrogate, 56, 17.0, 0.03125
surrogate, 56, 17.0, 0.03125
surrogate, 56, 17.0, 0.03125
surrogate, 56, 17.0, 0.03125
surrogate, 56, 17.0, 0.03125
surrogate, 56, 17.0, 0.03125
surrogate, 56, 17.0, 0.03125
surrogate, 56, 17.0, 0.03125
surrogate, 56, 17.0, 0.03125
surrogate, 56, 17.0, 0.03125
surrogate, 56, 17.0, 0.03125
surrogate, 56, 17.0, 0.03125
surrogate, 56, 17.0, 0.03125
surrogate, 56, 17.0, 0.03125
surrogate, 56, 17.0, 0.03125
surrogate, 56, 17.0, 0.03125
surrogate, 56, 17.0, 0.03125
surrogate, 56, 17.0, 0.03125
surrogate, 56, 17.0, 0.03125
surrogate, 56, 17.0, 0.03125
surrogate, 56, 17.0, 0.03125
surrogate, 56, 17.0, 0.03125
surrogate, 56, 17.0, 0.03125
surrogate, 56, 17.0, 0.03125
surrogate, 56, 17.0, 0.03125
surrogate, 56, 17.0, 0.03125
surrogate, 56, 17.0, 0.03125
surrogate, 56, 17.0, 0.03125
surrogate, 56, 17.0, 0.03125
surrogate, 56, 17.0, 0.03125
surrogate, 56, 17.0, 0.03125
surrogate, 56, 17.0, 0.03125
surrogate, 56, 17.0, 0.03125
surrogate, 56, 17.0, 0.03125
surrogate, 56, 17.0, 0.03125
surrogate, 56, 17.0, 0.03125
surrogate, 56, 17.0, 0.03125
surrogate, 56, 17.0, 0.03125
surrogate, 56, 17.0, 0.03125
surrogate, 56, 17.0, 0.03125
surrogate, 56, 17.0, 0.03125
surrogate, 56, 17.0, 0.03125
surrogate, 56, 17.0, 0.03125
surrogate, 56, 17.0, 0.03125
surrogate, 56, 17.0, 0.03125
surrogate, 56, 17.0, 0.03125
surrogate, 57, 30.0, 0.65625
surrogate, 57, 30.0, 0.65625
surrogate, 57, 30.0, 0.65625
surrogate, 57, 30.0, 0.65625
surrogate, 57, 30.0, 0.65625
surrogate, 57, 30.0, 0.65625
surrogate, 57, 30.0, 0.65625
surrogate, 57, 29.0, 0.59375
surrogate, 57, 29.0, 0.59375
surrogate, 57, 29.0, 0.59375
surrogate, 57, 29.0, 0.59375
surrogate, 57, 29.0, 0.59375
surrogate, 57, 29.0, 0.59375
surrogate, 57, 27.0, 0.53125
surrogate, 57, 27.0, 0.53125
surrogate, 57, 27.0, 0.53125
surrogate, 57, 25.0, 0.375
surrogate, 57, 25.0, 0.375
surrogate, 57, 25.0, 0.375
surrogate, 57, 25.0, 0.375
surrogate, 57, 25.0, 0.375
surrogate, 57, 25.0, 0.375
surrogate, 57, 25.0, 0.375
surrogate, 57, 25.0, 0.375
surrogate, 57, 25.0, 0.375
surrogate, 57, 25.0, 0.375
surrogate, 57, 25.0, 0.375
surrogate, 57, 25.0, 0.375
surrogate, 57, 25.0, 0.375
surrogate, 57, 25.0, 0.375
surrogate, 57, 25.0, 0.375
surrogate, 57, 25.0, 0.375
surrogate, 57, 25.0, 0.375
surrogate, 57, 25.0, 0.375
surrogate, 57, 25.0, 0.375
surrogate, 57, 25.0, 0.375
surrogate, 57, 25.0, 0.375
surrogate, 57, 23.0, 0.28125
surrogate, 57, 23.0, 0.28125
surrogate, 57, 23.0, 0.28125
surrogate, 57, 23.0, 0.28125
surrogate, 57, 23.0, 0.28125
surrogate, 57, 23.0, 0.28125
surrogate, 57, 23.0, 0.28125
surrogate, 57, 23.0, 0.28125
surrogate, 57, 23.0, 0.28125
surrogate, 57, 23.0, 0.28125
surrogate, 57, 23.0, 0.28125
surrogate, 57, 23.0, 0.28125
surrogate, 57, 23.0, 0.28125
surrogate, 57, 23.0, 0.28125
surrogate, 57, 17.0, 0.03125
surrogate, 57, 17.0, 0.03125
surrogate, 57, 17.0, 0.03125
surrogate, 57, 17.0, 0.03125
surrogate, 57, 17.0, 0.03125
surrogate, 57, 17.0, 0.03125
surrogate, 57, 17.0, 0.03125
surrogate, 57, 17.0, 0.03125
surrogate, 57, 17.0, 0.03125
surrogate, 57, 17.0, 0.03125
surrogate, 57, 17.0, 0.03125
surrogate, 57, 17.0, 0.03125
surrogate, 57, 17.0, 0.03125
surrogate, 57, 17.0, 0.03125
surrogate, 57, 17.0, 0.03125
surrogate, 57, 17.0, 0.03125
surrogate, 57, 17.0, 0.03125
surrogate, 57, 17.0, 0.03125
surrogate, 57, 17.0, 0.03125
surrogate, 57, 17.0, 0.03125
surrogate, 57, 17.0, 0.03125
surrogate, 57, 17.0, 0.03125
surrogate, 57, 17.0, 0.03125
surrogate, 57, 17.0, 0.03125
surrogate, 57, 17.0, 0.03125
surrogate, 57, 17.0, 0.03125
surrogate, 57, 17.0, 0.03125
surrogate, 57, 17.0, 0.03125
surrogate, 57, 17.0, 0.03125
surrogate, 57, 17.0, 0.03125
surrogate, 57, 17.0, 0.03125
surrogate, 57, 17.0, 0.03125
surrogate, 57, 17.0, 0.03125
surrogate, 57, 17.0, 0.03125
surrogate, 57, 17.0, 0.03125
surrogate, 57, 17.0, 0.03125
surrogate, 57, 17.0, 0.03125
surrogate, 57, 17.0, 0.03125
surrogate, 57, 17.0, 0.03125
surrogate, 57, 17.0, 0.03125
surrogate, 57, 17.0, 0.03125
surrogate, 57, 17.0, 0.03125
surrogate, 57, 17.0, 0.03125
surrogate, 57, 17.0, 0.03125
surrogate, 57, 17.0, 0.03125
surrogate, 57, 17.0, 0.03125
surrogate, 57, 17.0, 0.03125
surrogate, 57, 17.0, 0.03125
surrogate, 57, 17.0, 0.03125
surrogate, 58, 30.0, 0.65625
surrogate, 58, 30.0, 0.65625
surrogate, 58, 30.0, 0.65625
surrogate, 58, 30.0, 0.65625
surrogate, 58, 30.0, 0.65625
surrogate, 58, 30.0, 0.65625
surrogate, 58, 30.0, 0.65625
surrogate, 58, 29.0, 0.59375
surrogate, 58, 29.0, 0.59375
surrogate, 58, 29.0, 0.59375
surrogate, 58, 29.0, 0.59375
surrogate, 58, 29.0, 0.59375
surrogate, 58, 29.0, 0.59375
surrogate, 58, 27.0, 0.53125
surrogate, 58, 27.0, 0.53125
surrogate, 58, 27.0, 0.53125
surrogate, 58, 27.0, 0.53125
surrogate, 58, 25.0, 0.375
surrogate, 58, 25.0, 0.375
surrogate, 58, 25.0, 0.375
surrogate, 58, 25.0, 0.375
surrogate, 58, 25.0, 0.375
surrogate, 58, 25.0, 0.375
surrogate, 58, 25.0, 0.375
surrogate, 58, 25.0, 0.375
surrogate, 58, 25.0, 0.375
surrogate, 58, 25.0, 0.375
surrogate, 58, 25.0, 0.375
surrogate, 58, 25.0, 0.375
surrogate, 58, 25.0, 0.375
surrogate, 58, 25.0, 0.375
surrogate, 58, 25.0, 0.375
surrogate, 58, 25.0, 0.375
surrogate, 58, 25.0, 0.375
surrogate, 58, 25.0, 0.375
surrogate, 58, 25.0, 0.375
surrogate, 58, 25.0, 0.375
surrogate, 58, 25.0, 0.375
surrogate, 58, 23.0, 0.28125
surrogate, 58, 23.0, 0.28125
surrogate, 58, 23.0, 0.28125
surrogate, 58, 23.0, 0.28125
surrogate, 58, 23.0, 0.28125
surrogate, 58, 23.0, 0.28125
surrogate, 58, 23.0, 0.28125
surrogate, 58, 23.0, 0.28125
surrogate, 58, 23.0, 0.28125
surrogate, 58, 23.0, 0.28125
surrogate, 58, 23.0, 0.28125
surrogate, 58, 23.0, 0.28125
surrogate, 58, 23.0, 0.28125
surrogate, 58, 23.0, 0.28125
surrogate, 58, 23.0, 0.28125
surrogate, 58, 17.0, 0.03125
surrogate, 58, 17.0, 0.03125
surrogate, 58, 17.0, 0.03125
surrogate, 58, 17.0, 0.03125
surrogate, 58, 17.0, 0.03125
surrogate, 58, 17.0, 0.03125
surrogate, 58, 17.0, 0.03125
surrogate, 58, 17.0, 0.03125
surrogate, 58, 17.0, 0.03125
surrogate, 58, 17.0, 0.03125
surrogate, 58, 17.0, 0.03125
surrogate, 58, 17.0, 0.03125
surrogate, 58, 17.0, 0.03125
surrogate, 58, 17.0, 0.03125
surrogate, 58, 17.0, 0.03125
surrogate, 58, 17.0, 0.03125
surrogate, 58, 17.0, 0.03125
surrogate, 58, 17.0, 0.03125
surrogate, 58, 17.0, 0.03125
surrogate, 58, 17.0, 0.03125
surrogate, 58, 17.0, 0.03125
surrogate, 58, 17.0, 0.03125
surrogate, 58, 17.0, 0.03125
surrogate, 58, 17.0, 0.03125
surrogate, 58, 17.0, 0.03125
surrogate, 58, 17.0, 0.03125
surrogate, 58, 17.0, 0.03125
surrogate, 58, 17.0, 0.03125
surrogate, 58, 17.0, 0.03125
surrogate, 58, 17.0, 0.03125
surrogate, 58, 17.0, 0.03125
surrogate, 58, 17.0, 0.03125
surrogate, 58, 17.0, 0.03125
surrogate, 58, 17.0, 0.03125
surrogate, 58, 17.0, 0.03125
surrogate, 58, 17.0, 0.03125
surrogate, 58, 17.0, 0.03125
surrogate, 58, 17.0, 0.03125
surrogate, 58, 17.0, 0.03125
surrogate, 58, 17.0, 0.03125
surrogate, 58, 17.0, 0.03125
surrogate, 58, 17.0, 0.03125
surrogate, 58, 17.0, 0.03125
surrogate, 58, 17.0, 0.03125
surrogate, 58, 17.0, 0.03125
surrogate, 58, 17.0, 0.03125
surrogate, 58, 17.0, 0.03125
surrogate, 58, 17.0, 0.03125
surrogate, 58, 17.0, 0.03125
surrogate, 58, 17.0, 0.03125
surrogate, 59, 30.0, 0.65625
surrogate, 59, 30.0, 0.65625
surrogate, 59, 30.0, 0.65625
surrogate, 59, 30.0, 0.65625
surrogate, 59, 30.0, 0.65625
surrogate, 59, 30.0, 0.65625
surrogate, 59, 30.0, 0.65625
surrogate, 59, 29.0, 0.59375
surrogate, 59, 29.0, 0.59375
surrogate, 59, 29.0, 0.59375
surrogate, 59, 29.0, 0.59375
surrogate, 59, 29.0, 0.59375
surrogate, 59, 29.0, 0.59375
surrogate, 59, 27.0, 0.53125
surrogate, 59, 27.0, 0.53125
surrogate, 59, 27.0, 0.53125
surrogate, 59, 27.0, 0.53125
surrogate, 59, 27.0, 0.53125
surrogate, 59, 25.0, 0.375
surrogate, 59, 25.0, 0.375
surrogate, 59, 25.0, 0.375
surrogate, 59, 25.0, 0.375
surrogate, 59, 25.0, 0.375
surrogate, 59, 25.0, 0.375
surrogate, 59, 25.0, 0.375
surrogate, 59, 25.0, 0.375
surrogate, 59, 25.0, 0.375
surrogate, 59, 25.0, 0.375
surrogate, 59, 25.0, 0.375
surrogate, 59, 25.0, 0.375
surrogate, 59, 25.0, 0.375
surrogate, 59, 25.0, 0.375
surrogate, 59, 25.0, 0.375
surrogate, 59, 25.0, 0.375
surrogate, 59, 25.0, 0.375
surrogate, 59, 25.0, 0.375
surrogate, 59, 25.0, 0.375
surrogate, 59, 25.0, 0.375
surrogate, 59, 25.0, 0.375
surrogate, 59, 23.0, 0.28125
surrogate, 59, 23.0, 0.28125
surrogate, 59, 23.0, 0.28125
surrogate, 59, 23.0, 0.28125
surrogate, 59, 23.0, 0.28125
surrogate, 59, 23.0, 0.28125
surrogate, 59, 23.0, 0.28125
surrogate, 59, 23.0, 0.28125
surrogate, 59, 23.0, 0.28125
surrogate, 59, 23.0, 0.28125
surrogate, 59, 23.0, 0.28125
surrogate, 59, 23.0, 0.28125
surrogate, 59, 23.0, 0.28125
surrogate, 59, 23.0, 0.28125
surrogate, 59, 23.0, 0.28125
surrogate, 59, 23.0, 0.28125
surrogate, 59, 17.0, 0.03125
surrogate, 59, 17.0, 0.03125
surrogate, 59, 17.0, 0.03125
surrogate, 59, 17.0, 0.03125
surrogate, 59, 17.0, 0.03125
surrogate, 59, 17.0, 0.03125
surrogate, 59, 17.0, 0.03125
surrogate, 59, 17.0, 0.03125
surrogate, 59, 17.0, 0.03125
surrogate, 59, 17.0, 0.03125
surrogate, 59, 17.0, 0.03125
surrogate, 59, 17.0, 0.03125
surrogate, 59, 17.0, 0.03125
surrogate, 59, 17.0, 0.03125
surrogate, 59, 17.0, 0.03125
surrogate, 59, 17.0, 0.03125
surrogate, 59, 17.0, 0.03125
surrogate, 59, 17.0, 0.03125
surrogate, 59, 17.0, 0.03125
surrogate, 59, 17.0, 0.03125
surrogate, 59, 17.0, 0.03125
surrogate, 59, 17.0, 0.03125
surrogate, 59, 17.0, 0.03125
surrogate, 59, 17.0, 0.03125
surrogate, 59, 17.0, 0.03125
surrogate, 59, 17.0, 0.03125
surrogate, 59, 17.0, 0.03125
surrogate, 59, 17.0, 0.03125
surrogate, 59, 17.0, 0.03125
surrogate, 59, 17.0, 0.03125
surrogate, 59, 17.0, 0.03125
surrogate, 59, 17.0, 0.03125
surrogate, 59, 17.0, 0.03125
surrogate, 59, 17.0, 0.03125
surrogate, 59, 17.0, 0.03125
surrogate, 59, 17.0, 0.03125
surrogate, 59, 17.0, 0.03125
surrogate, 59, 17.0, 0.03125
surrogate, 59, 17.0, 0.03125
surrogate, 59, 17.0, 0.03125
surrogate, 59, 17.0, 0.03125
surrogate, 59, 17.0, 0.03125
surrogate, 59, 17.0, 0.03125
surrogate, 59, 17.0, 0.03125
surrogate, 59, 17.0, 0.03125
surrogate, 59, 17.0, 0.03125
surrogate, 59, 17.0, 0.03125
surrogate, 59, 17.0, 0.03125
surrogate, 59, 17.0, 0.03125
surrogate, 59, 17.0, 0.03125
surrogate, 60, 30.0, 0.65625
surrogate, 60, 30.0, 0.65625
surrogate, 60, 30.0, 0.65625
surrogate, 60, 30.0, 0.65625
surrogate, 60, 30.0, 0.65625
surrogate, 60, 30.0, 0.65625
surrogate, 60, 30.0, 0.65625
surrogate, 60, 29.0, 0.59375
surrogate, 60, 29.0, 0.59375
surrogate, 60, 29.0, 0.59375
surrogate, 60, 29.0, 0.59375
surrogate, 60, 29.0, 0.59375
surrogate, 60, 29.0, 0.59375
surrogate, 60, 27.0, 0.53125
surrogate, 60, 27.0, 0.53125
surrogate, 60, 27.0, 0.53125
surrogate, 60, 27.0, 0.53125
surrogate, 60, 27.0, 0.53125
surrogate, 60, 27.0, 0.53125
surrogate, 60, 25.0, 0.375
surrogate, 60, 25.0, 0.375
surrogate, 60, 25.0, 0.375
surrogate, 60, 25.0, 0.375
surrogate, 60, 25.0, 0.375
surrogate, 60, 25.0, 0.375
surrogate, 60, 25.0, 0.375
surrogate, 60, 25.0, 0.375
surrogate, 60, 25.0, 0.375
surrogate, 60, 25.0, 0.375
surrogate, 60, 25.0, 0.375
surrogate, 60, 25.0, 0.375
surrogate, 60, 25.0, 0.375
surrogate, 60, 25.0, 0.375
surrogate, 60, 25.0, 0.375
surrogate, 60, 25.0, 0.375
surrogate, 60, 25.0, 0.375
surrogate, 60, 25.0, 0.375
surrogate, 60, 25.0, 0.375
surrogate, 60, 25.0, 0.375
surrogate, 60, 25.0, 0.375
surrogate, 60, 25.0, 0.375
surrogate, 60, 23.0, 0.28125
surrogate, 60, 23.0, 0.28125
surrogate, 60, 23.0, 0.28125
surrogate, 60, 23.0, 0.28125
surrogate, 60, 23.0, 0.28125
surrogate, 60, 23.0, 0.28125
surrogate, 60, 23.0, 0.28125
surrogate, 60, 23.0, 0.28125
surrogate, 60, 23.0, 0.28125
surrogate, 60, 23.0, 0.28125
surrogate, 60, 23.0, 0.28125
surrogate, 60, 23.0, 0.28125
surrogate, 60, 23.0, 0.28125
surrogate, 60, 23.0, 0.28125
surrogate, 60, 23.0, 0.28125
surrogate, 60, 23.0, 0.28125
surrogate, 60, 23.0, 0.28125
surrogate, 60, 17.0, 0.03125
surrogate, 60, 17.0, 0.03125
surrogate, 60, 17.0, 0.03125
surrogate, 60, 17.0, 0.03125
surrogate, 60, 17.0, 0.03125
surrogate, 60, 17.0, 0.03125
surrogate, 60, 17.0, 0.03125
surrogate, 60, 17.0, 0.03125
surrogate, 60, 17.0, 0.03125
surrogate, 60, 17.0, 0.03125
surrogate, 60, 17.0, 0.03125
surrogate, 60, 17.0, 0.03125
surrogate, 60, 17.0, 0.03125
surrogate, 60, 17.0, 0.03125
surrogate, 60, 17.0, 0.03125
surrogate, 60, 17.0, 0.03125
surrogate, 60, 17.0, 0.03125
surrogate, 60, 17.0, 0.03125
surrogate, 60, 17.0, 0.03125
surrogate, 60, 17.0, 0.03125
surrogate, 60, 17.0, 0.03125
surrogate, 60, 17.0, 0.03125
surrogate, 60, 17.0, 0.03125
surrogate, 60, 17.0, 0.03125
surrogate, 60, 17.0, 0.03125
surrogate, 60, 17.0, 0.03125
surrogate, 60, 17.0, 0.03125
surrogate, 60, 17.0, 0.03125
surrogate, 60, 17.0, 0.03125
surrogate, 60, 17.0, 0.03125
surrogate, 60, 17.0, 0.03125
surrogate, 60, 17.0, 0.03125
surrogate, 60, 17.0, 0.03125
surrogate, 60, 17.0, 0.03125
surrogate, 60, 17.0, 0.03125
surrogate, 60, 17.0, 0.03125
surrogate, 60, 17.0, 0.03125
surrogate, 60, 17.0, 0.03125
surrogate, 60, 17.0, 0.03125
surrogate, 60, 17.0, 0.03125
surrogate, 60, 17.0, 0.03125
surrogate, 60, 17.0, 0.03125
surrogate, 60, 17.0, 0.03125
surrogate, 60, 17.0, 0.03125
surrogate, 60, 17.0, 0.03125
surrogate, 60, 17.0, 0.03125
surrogate, 60, 17.0, 0.03125
surrogate, 60, 17.0, 0.03125
surrogate, 60, 17.0, 0.03125
surrogate, 60, 17.0, 0.03125
surrogate, 61, 30.0, 0.65625
surrogate, 61, 30.0, 0.65625
surrogate, 61, 30.0, 0.65625
surrogate, 61, 30.0, 0.65625
surrogate, 61, 30.0, 0.65625
surrogate, 61, 30.0, 0.65625
surrogate, 61, 30.0, 0.65625
surrogate, 61, 29.0, 0.59375
surrogate, 61, 29.0, 0.59375
surrogate, 61, 29.0, 0.59375
surrogate, 61, 29.0, 0.59375
surrogate, 61, 29.0, 0.59375
surrogate, 61, 29.0, 0.59375
surrogate, 61, 29.0, 0.59375
surrogate, 61, 27.0, 0.53125
surrogate, 61, 27.0, 0.53125
surrogate, 61, 27.0, 0.53125
surrogate, 61, 27.0, 0.53125
surrogate, 61, 27.0, 0.53125
surrogate, 61, 27.0, 0.53125
surrogate, 61, 27.0, 0.53125
surrogate, 61, 25.0, 0.375
surrogate, 61, 25.0, 0.375
surrogate, 61, 25.0, 0.375
surrogate, 61, 25.0, 0.375
surrogate, 61, 25.0, 0.375
surrogate, 61, 25.0, 0.375
surrogate, 61, 25.0, 0.375
surrogate, 61, 25.0, 0.375
surrogate, 61, 25.0, 0.375
surrogate, 61, 25.0, 0.375
surrogate, 61, 25.0, 0.375
surrogate, 61, 25.0, 0.375
surrogate, 61, 25.0, 0.375
surrogate, 61, 25.0, 0.375
surrogate, 61, 25.0, 0.375
surrogate, 61, 25.0, 0.375
surrogate, 61, 25.0, 0.375
surrogate, 61, 25.0, 0.375
surrogate, 61, 25.0, 0.375
surrogate, 61, 25.0, 0.375
surrogate, 61, 25.0, 0.375
surrogate, 61, 25.0, 0.375
surrogate, 61, 25.0, 0.375
surrogate, 61, 23.0, 0.28125
surrogate, 61, 23.0, 0.28125
surrogate, 61, 23.0, 0.28125
surrogate, 61, 23.0, 0.28125
surrogate, 61, 23.0, 0.28125
surrogate, 61, 23.0, 0.28125
surrogate, 61, 23.0, 0.28125
surrogate, 61, 23.0, 0.28125
surrogate, 61, 23.0, 0.28125
surrogate, 61, 23.0, 0.28125
surrogate, 61, 23.0, 0.28125
surrogate, 61, 23.0, 0.28125
surrogate, 61, 23.0, 0.28125
surrogate, 61, 23.0, 0.28125
surrogate, 61, 23.0, 0.28125
surrogate, 61, 23.0, 0.28125
surrogate, 61, 23.0, 0.28125
surrogate, 61, 23.0, 0.28125
surrogate, 61, 17.0, 0.03125
surrogate, 61, 17.0, 0.03125
surrogate, 61, 17.0, 0.03125
surrogate, 61, 17.0, 0.03125
surrogate, 61, 17.0, 0.03125
surrogate, 61, 17.0, 0.03125
surrogate, 61, 17.0, 0.03125
surrogate, 61, 17.0, 0.03125
surrogate, 61, 17.0, 0.03125
surrogate, 61, 17.0, 0.03125
surrogate, 61, 17.0, 0.03125
surrogate, 61, 17.0, 0.03125
surrogate, 61, 17.0, 0.03125
surrogate, 61, 17.0, 0.03125
surrogate, 61, 17.0, 0.03125
surrogate, 61, 17.0, 0.03125
surrogate, 61, 17.0, 0.03125
surrogate, 61, 17.0, 0.03125
surrogate, 61, 17.0, 0.03125
surrogate, 61, 17.0, 0.03125
surrogate, 61, 17.0, 0.03125
surrogate, 61, 17.0, 0.03125
surrogate, 61, 17.0, 0.03125
surrogate, 61, 17.0, 0.03125
surrogate, 61, 17.0, 0.03125
surrogate, 61, 17.0, 0.03125
surrogate, 61, 17.0, 0.03125
surrogate, 61, 17.0, 0.03125
surrogate, 61, 17.0, 0.03125
surrogate, 61, 17.0, 0.03125
surrogate, 61, 17.0, 0.03125
surrogate, 61, 17.0, 0.03125
surrogate, 61, 17.0, 0.03125
surrogate, 61, 17.0, 0.03125
surrogate, 61, 17.0, 0.03125
surrogate, 61, 17.0, 0.03125
surrogate, 61, 17.0, 0.03125
surrogate, 61, 17.0, 0.03125
surrogate, 61, 17.0, 0.03125
surrogate, 61, 17.0, 0.03125
surrogate, 61, 17.0, 0.03125
surrogate, 61, 17.0, 0.03125
surrogate, 61, 17.0, 0.03125
surrogate, 61, 17.0, 0.03125
surrogate, 61, 17.0, 0.03125
surrogate, 61, 17.0, 0.03125
surrogate, 61, 17.0, 0.03125
surrogate, 61, 17.0, 0.03125
surrogate, 61, 17.0, 0.03125
surrogate, 61, 17.0, 0.03125
surrogate, 61, 17.0, 0.03125
surrogate, 62, 30.0, 0.65625
surrogate, 62, 30.0, 0.65625
surrogate, 62, 30.0, 0.65625
surrogate, 62, 30.0, 0.65625
surrogate, 62, 30.0, 0.65625
surrogate, 62, 30.0, 0.65625
surrogate, 62, 30.0, 0.65625
surrogate, 62, 30.0, 0.65625
surrogate, 62, 29.0, 0.59375
surrogate, 62, 29.0, 0.59375
surrogate, 62, 29.0, 0.59375
surrogate, 62, 29.0, 0.59375
surrogate, 62, 29.0, 0.59375
surrogate, 62, 29.0, 0.59375
surrogate, 62, 29.0, 0.59375
surrogate, 62, 27.0, 0.53125
surrogate, 62, 27.0, 0.53125
surrogate, 62, 27.0, 0.53125
surrogate, 62, 27.0, 0.53125
surrogate, 62, 27.0, 0.53125
surrogate, 62, 27.0, 0.53125
surrogate, 62, 27.0, 0.53125
surrogate, 62, 27.0, 0.53125
surrogate, 62, 25.0, 0.375
surrogate, 62, 25.0, 0.375
surrogate, 62, 25.0, 0.375
surrogate, 62, 25.0, 0.375
surrogate, 62, 25.0, 0.375
surrogate, 62, 25.0, 0.375
surrogate, 62, 25.0, 0.375
surrogate, 62, 25.0, 0.375
surrogate, 62, 25.0, 0.375
surrogate, 62, 25.0, 0.375
surrogate, 62, 25.0, 0.375
surrogate, 62, 25.0, 0.375
surrogate, 62, 25.0, 0.375
surrogate, 62, 25.0, 0.375
surrogate, 62, 25.0, 0.375
surrogate, 62, 25.0, 0.375
surrogate, 62, 25.0, 0.375
surrogate, 62, 25.0, 0.375
surrogate, 62, 25.0, 0.375
surrogate, 62, 25.0, 0.375
surrogate, 62, 25.0, 0.375
surrogate, 62, 25.0, 0.375
surrogate, 62, 25.0, 0.375
surrogate, 62, 25.0, 0.375
surrogate, 62, 23.0, 0.28125
surrogate, 62, 23.0, 0.28125
surrogate, 62, 23.0, 0.28125
surrogate, 62, 23.0, 0.28125
surrogate, 62, 23.0, 0.28125
surrogate, 62, 23.0, 0.28125
surrogate, 62, 23.0, 0.28125
surrogate, 62, 23.0, 0.28125
surrogate, 62, 23.0, 0.28125
surrogate, 62, 23.0, 0.28125
surrogate, 62, 23.0, 0.28125
surrogate, 62, 23.0, 0.28125
surrogate, 62, 23.0, 0.28125
surrogate, 62, 23.0, 0.28125
surrogate, 62, 23.0, 0.28125
surrogate, 62, 23.0, 0.28125
surrogate, 62, 23.0, 0.28125
surrogate, 62, 23.0, 0.28125
surrogate, 62, 23.0, 0.28125
surrogate, 62, 17.0, 0.03125
surrogate, 62, 17.0, 0.03125
surrogate, 62, 17.0, 0.03125
surrogate, 62, 17.0, 0.03125
surrogate, 62, 17.0, 0.03125
surrogate, 62, 17.0, 0.03125
surrogate, 62, 17.0, 0.03125
surrogate, 62, 17.0, 0.03125
surrogate, 62, 17.0, 0.03125
surrogate, 62, 17.0, 0.03125
surrogate, 62, 17.0, 0.03125
surrogate, 62, 17.0, 0.03125
surrogate, 62, 17.0, 0.03125
surrogate, 62, 17.0, 0.03125
surrogate, 62, 17.0, 0.03125
surrogate, 62, 17.0, 0.03125
surrogate, 62, 17.0, 0.03125
surrogate, 62, 17.0, 0.03125
surrogate, 62, 17.0, 0.03125
surrogate, 62, 17.0, 0.03125
surrogate, 62, 17.0, 0.03125
surrogate, 62, 17.0, 0.03125
surrogate, 62, 17.0, 0.03125
surrogate, 62, 17.0, 0.03125
surrogate, 62, 17.0, 0.03125
surrogate, 62, 17.0, 0.03125
surrogate, 62, 17.0, 0.03125
surrogate, 62, 17.0, 0.03125
surrogate, 62, 17.0, 0.03125
surrogate, 62, 17.0, 0.03125
surrogate, 62, 17.0, 0.03125
surrogate, 62, 17.0, 0.03125
surrogate, 62, 17.0, 0.03125
surrogate, 62, 17.0, 0.03125
surrogate, 62, 17.0, 0.03125
surrogate, 62, 17.0, 0.03125
surrogate, 62, 17.0, 0.03125
surrogate, 62, 17.0, 0.03125
surrogate, 62, 17.0, 0.03125
surrogate, 62, 17.0, 0.03125
surrogate, 62, 17.0, 0.03125
surrogate, 62, 17.0, 0.03125
surrogate, 62, 17.0, 0.03125
surrogate, 62, 17.0, 0.03125
surrogate, 62, 17.0, 0.03125
surrogate, 62, 17.0, 0.03125
surrogate, 62, 17.0, 0.03125
surrogate, 62, 17.0, 0.03125
surrogate, 62, 17.0, 0.03125
surrogate, 62, 17.0, 0.03125
surrogate, 62, 17.0, 0.03125
surrogate, 63, 30.0, 0.65625
surrogate, 63, 30.0, 0.65625
surrogate, 63, 30.0, 0.65625
surrogate, 63, 30.0, 0.65625
surrogate, 63, 30.0, 0.65625
surrogate, 63, 30.0, 0.65625
surrogate, 63, 30.0, 0.65625
surrogate, 63, 30.0, 0.65625
surrogate, 63, 29.0, 0.59375
surrogate, 63, 29.0, 0.59375
surrogate, 63, 29.0, 0.59375
surrogate, 63, 29.0, 0.59375
surrogate, 63, 29.0, 0.59375
surrogate, 63, 29.0, 0.59375
surrogate, 63, 29.0, 0.59375
surrogate, 63, 27.0, 0.53125
surrogate, 63, 27.0, 0.53125
surrogate, 63, 27.0, 0.53125
surrogate, 63, 27.0, 0.53125
surrogate, 63, 27.0, 0.53125
surrogate, 63, 27.0, 0.53125
surrogate, 63, 27.0, 0.53125
surrogate, 63, 27.0, 0.53125
surrogate, 63, 27.0, 0.53125
surrogate, 63, 25.0, 0.375
surrogate, 63, 25.0, 0.375
surrogate, 63, 25.0, 0.375
surrogate, 63, 25.0, 0.375
surrogate, 63, 25.0, 0.375
surrogate, 63, 25.0, 0.375
surrogate, 63, 25.0, 0.375
surrogate, 63, 25.0, 0.375
surrogate, 63, 25.0, 0.375
surrogate, 63, 25.0, 0.375
surrogate, 63, 25.0, 0.375
surrogate, 63, 25.0, 0.375
surrogate, 63, 25.0, 0.375
surrogate, 63, 25.0, 0.375
surrogate, 63, 25.0, 0.375
surrogate, 63, 25.0, 0.375
surrogate, 63, 25.0, 0.375
surrogate, 63, 25.0, 0.375
surrogate, 63, 25.0, 0.375
surrogate, 63, 25.0, 0.375
surrogate, 63, 25.0, 0.375
surrogate, 63, 25.0, 0.375
surrogate, 63, 25.0, 0.375
surrogate, 63, 25.0, 0.375
surrogate, 63, 25.0, 0.375
surrogate, 63, 23.0, 0.28125
surrogate, 63, 23.0, 0.28125
surrogate, 63, 23.0, 0.28125
surrogate, 63, 23.0, 0.28125
surrogate, 63, 23.0, 0.28125
surrogate, 63, 23.0, 0.28125
surrogate, 63, 23.0, 0.28125
surrogate, 63, 23.0, 0.28125
surrogate, 63, 23.0, 0.28125
surrogate, 63, 23.0, 0.28125
surrogate, 63, 23.0, 0.28125
surrogate, 63, 23.0, 0.28125
surrogate, 63, 23.0, 0.28125
surrogate, 63, 23.0, 0.28125
surrogate, 63, 23.0, 0.28125
surrogate, 63, 23.0, 0.28125
surrogate, 63, 23.0, 0.28125
surrogate, 63, 23.0, 0.28125
surrogate, 63, 23.0, 0.28125
surrogate, 63, 23.0, 0.28125
surrogate, 63, 17.0, 0.03125
surrogate, 63, 17.0, 0.03125
surrogate, 63, 17.0, 0.03125
surrogate, 63, 17.0, 0.03125
surrogate, 63, 17.0, 0.03125
surrogate, 63, 17.0, 0.03125
surrogate, 63, 17.0, 0.03125
surrogate, 63, 17.0, 0.03125
surrogate, 63, 17.0, 0.03125
surrogate, 63, 17.0, 0.03125
surrogate, 63, 17.0, 0.03125
surrogate, 63, 17.0, 0.03125
surrogate, 63, 17.0, 0.03125
surrogate, 63, 17.0, 0.03125
surrogate, 63, 17.0, 0.03125
surrogate, 63, 17.0, 0.03125
surrogate, 63, 17.0, 0.03125
surrogate, 63, 17.0, 0.03125
surrogate, 63, 17.0, 0.03125
surrogate, 63, 17.0, 0.03125
surrogate, 63, 17.0, 0.03125
surrogate, 63, 17.0, 0.03125
surrogate, 63, 17.0, 0.03125
surrogate, 63, 17.0, 0.03125
surrogate, 63, 17.0, 0.03125
surrogate, 63, 17.0, 0.03125
surrogate, 63, 17.0, 0.03125
surrogate, 63, 17.0, 0.03125
surrogate, 63, 17.0, 0.03125
surrogate, 63, 17.0, 0.03125
surrogate, 63, 17.0, 0.03125
surrogate, 63, 17.0, 0.03125
surrogate, 63, 17.0, 0.03125
surrogate, 63, 17.0, 0.03125
surrogate, 63, 17.0, 0.03125
surrogate, 63, 17.0, 0.03125
surrogate, 63, 17.0, 0.03125
surrogate, 63, 17.0, 0.03125
surrogate, 63, 17.0, 0.03125
surrogate, 63, 17.0, 0.03125
surrogate, 63, 17.0, 0.03125
surrogate, 63, 17.0, 0.03125
surrogate, 63, 17.0, 0.03125
surrogate, 63, 17.0, 0.03125
surrogate, 63, 17.0, 0.03125
surrogate, 63, 17.0, 0.03125
surrogate, 63, 17.0, 0.03125
surrogate, 63, 17.0, 0.03125
surrogate, 63, 17.0, 0.03125
surrogate, 63, 17.0, 0.03125
surrogate, 63, 17.0, 0.03125
surrogate, 64, 30.0, 0.65625
surrogate, 64, 30.0, 0.65625
surrogate, 64, 30.0, 0.65625
surrogate, 64, 30.0, 0.65625
surrogate, 64, 30.0, 0.65625
surrogate, 64, 30.0, 0.65625
surrogate, 64, 30.0, 0.65625
surrogate, 64, 30.0, 0.65625
surrogate, 64, 29.0, 0.59375
surrogate, 64, 29.0, 0.59375
surrogate, 64, 29.0, 0.59375
surrogate, 64, 29.0, 0.59375
surrogate, 64, 29.0, 0.59375
surrogate, 64, 29.0, 0.59375
surrogate, 64, 29.0, 0.59375
surrogate, 64, 29.0, 0.59375
surrogate, 64, 27.0, 0.53125
surrogate, 64, 27.0, 0.53125
surrogate, 64, 27.0, 0.53125
surrogate, 64, 27.0, 0.53125
surrogate, 64, 27.0, 0.53125
surrogate, 64, 27.0, 0.53125
surrogate, 64, 27.0, 0.53125
surrogate, 64, 27.0, 0.53125
surrogate, 64, 27.0, 0.53125
surrogate, 64, 27.0, 0.53125
surrogate, 64, 25.0, 0.375
surrogate, 64, 25.0, 0.375
surrogate, 64, 25.0, 0.375
surrogate, 64, 25.0, 0.375
surrogate, 64, 25.0, 0.375
surrogate, 64, 25.0, 0.375
surrogate, 64, 25.0, 0.375
surrogate, 64, 25.0, 0.375
surrogate, 64, 25.0, 0.375
surrogate, 64, 25.0, 0.375
surrogate, 64, 25.0, 0.375
surrogate, 64, 25.0, 0.375
surrogate, 64, 25.0, 0.375
surrogate, 64, 25.0, 0.375
surrogate, 64, 25.0, 0.375
surrogate, 64, 25.0, 0.375
surrogate, 64, 25.0, 0.375
surrogate, 64, 25.0, 0.375
surrogate, 64, 25.0, 0.375
surrogate, 64, 25.0, 0.375
surrogate, 64, 25.0, 0.375
surrogate, 64, 25.0, 0.375
surrogate, 64, 25.0, 0.375
surrogate, 64, 25.0, 0.375
surrogate, 64, 25.0, 0.375
surrogate, 64, 23.0, 0.28125
surrogate, 64, 23.0, 0.28125
surrogate, 64, 23.0, 0.28125
surrogate, 64, 23.0, 0.28125
surrogate, 64, 23.0, 0.28125
surrogate, 64, 23.0, 0.28125
surrogate, 64, 23.0, 0.28125
surrogate, 64, 23.0, 0.28125
surrogate, 64, 23.0, 0.28125
surrogate, 64, 23.0, 0.28125
surrogate, 64, 23.0, 0.28125
surrogate, 64, 23.0, 0.28125
surrogate, 64, 23.0, 0.28125
surrogate, 64, 23.0, 0.28125
surrogate, 64, 23.0, 0.28125
surrogate, 64, 23.0, 0.28125
surrogate, 64, 23.0, 0.28125
surrogate, 64, 23.0, 0.28125
surrogate, 64, 23.0, 0.28125
surrogate, 64, 23.0, 0.28125
surrogate, 64, 17.0, 0.03125
surrogate, 64, 17.0, 0.03125
surrogate, 64, 17.0, 0.03125
surrogate, 64, 17.0, 0.03125
surrogate, 64, 17.0, 0.03125
surrogate, 64, 17.0, 0.03125
surrogate, 64, 17.0, 0.03125
surrogate, 64, 17.0, 0.03125
surrogate, 64, 17.0, 0.03125
surrogate, 64, 17.0, 0.03125
surrogate, 64, 17.0, 0.03125
surrogate, 64, 17.0, 0.03125
surrogate, 64, 17.0, 0.03125
surrogate, 64, 17.0, 0.03125
surrogate, 64, 17.0, 0.03125
surrogate, 64, 17.0, 0.03125
surrogate, 64, 17.0, 0.03125
surrogate, 64, 17.0, 0.03125
surrogate, 64, 17.0, 0.03125
surrogate, 64, 17.0, 0.03125
surrogate, 64, 17.0, 0.03125
surrogate, 64, 17.0, 0.03125
surrogate, 64, 17.0, 0.03125
surrogate, 64, 17.0, 0.03125
surrogate, 64, 17.0, 0.03125
surrogate, 64, 17.0, 0.03125
surrogate, 64, 17.0, 0.03125
surrogate, 64, 17.0, 0.03125
surrogate, 64, 17.0, 0.03125
surrogate, 64, 17.0, 0.03125
surrogate, 64, 17.0, 0.03125
surrogate, 64, 17.0, 0.03125
surrogate, 64, 17.0, 0.03125
surrogate, 64, 17.0, 0.03125
surrogate, 64, 17.0, 0.03125
surrogate, 64, 17.0, 0.03125
surrogate, 64, 17.0, 0.03125
surrogate, 64, 17.0, 0.03125
surrogate, 64, 17.0, 0.03125
surrogate, 64, 17.0, 0.03125
surrogate, 64, 17.0, 0.03125
surrogate, 64, 17.0, 0.03125
surrogate, 64, 17.0, 0.03125
surrogate, 64, 17.0, 0.03125
surrogate, 64, 17.0, 0.03125
surrogate, 64, 17.0, 0.03125
surrogate, 64, 17.0, 0.03125
surrogate, 64, 17.0, 0.03125
surrogate, 64, 17.0, 0.03125
surrogate, 64, 17.0, 0.03125
surrogate, 64, 17.0, 0.03125
surrogate, 64, 17.0, 0.03125
surrogate, 65, 30.0, 0.65625
surrogate, 65, 30.0, 0.65625
surrogate, 65, 30.0, 0.65625
surrogate, 65, 30.0, 0.65625
surrogate, 65, 30.0, 0.65625
surrogate, 65, 30.0, 0.65625
surrogate, 65, 30.0, 0.65625
surrogate, 65, 30.0, 0.65625
surrogate, 65, 30.0, 0.65625
surrogate, 65, 29.0, 0.59375
surrogate, 65, 29.0, 0.59375
surrogate, 65, 29.0, 0.59375
surrogate, 65, 29.0, 0.59375
surrogate, 65, 29.0, 0.59375
surrogate, 65, 29.0, 0.59375
surrogate, 65, 29.0, 0.59375
surrogate, 65, 29.0, 0.59375
surrogate, 65, 29.0, 0.59375
surrogate, 65, 27.0, 0.53125
surrogate, 65, 27.0, 0.53125
surrogate, 65, 27.0, 0.53125
surrogate, 65, 27.0, 0.53125
surrogate, 65, 27.0, 0.53125
surrogate, 65, 27.0, 0.53125
surrogate, 65, 27.0, 0.53125
surrogate, 65, 27.0, 0.53125
surrogate, 65, 27.0, 0.53125
surrogate, 65, 27.0, 0.53125
surrogate, 65, 27.0, 0.53125
surrogate, 65, 25.0, 0.375
surrogate, 65, 25.0, 0.375
surrogate, 65, 25.0, 0.375
surrogate, 65, 25.0, 0.375
surrogate, 65, 25.0, 0.375
surrogate, 65, 25.0, 0.375
surrogate, 65, 25.0, 0.375
surrogate, 65, 25.0, 0.375
surrogate, 65, 25.0, 0.375
surrogate, 65, 25.0, 0.375
surrogate, 65, 25.0, 0.375
surrogate, 65, 25.0, 0.375
surrogate, 65, 25.0, 0.375
surrogate, 65, 25.0, 0.375
surrogate, 65, 25.0, 0.375
surrogate, 65, 25.0, 0.375
surrogate, 65, 25.0, 0.375
surrogate, 65, 25.0, 0.375
surrogate, 65, 25.0, 0.375
surrogate, 65, 25.0, 0.375
surrogate, 65, 25.0, 0.375
surrogate, 65, 25.0, 0.375
surrogate, 65, 25.0, 0.375
surrogate, 65, 25.0, 0.375
surrogate, 65, 25.0, 0.375
surrogate, 65, 25.0, 0.375
surrogate, 65, 23.0, 0.28125
surrogate, 65, 23.0, 0.28125
surrogate, 65, 23.0, 0.28125
surrogate, 65, 23.0, 0.28125
surrogate, 65, 23.0, 0.28125
surrogate, 65, 23.0, 0.28125
surrogate, 65, 23.0, 0.28125
surrogate, 65, 23.0, 0.28125
surrogate, 65, 23.0, 0.28125
surrogate, 65, 23.0, 0.28125
surrogate, 65, 23.0, 0.28125
surrogate, 65, 23.0, 0.28125
surrogate, 65, 23.0, 0.28125
surrogate, 65, 23.0, 0.28125
surrogate, 65, 23.0, 0.28125
surrogate, 65, 23.0, 0.28125
surrogate, 65, 23.0, 0.28125
surrogate, 65, 23.0, 0.28125
surrogate, 65, 23.0, 0.28125
surrogate, 65, 23.0, 0.28125
surrogate, 65, 23.0, 0.28125
surrogate, 65, 17.0, 0.03125
surrogate, 65, 17.0, 0.03125
surrogate, 65, 17.0, 0.03125
surrogate, 65, 17.0, 0.03125
surrogate, 65, 17.0, 0.03125
surrogate, 65, 17.0, 0.03125
surrogate, 65, 17.0, 0.03125
surrogate, 65, 17.0, 0.03125
surrogate, 65, 17.0, 0.03125
surrogate, 65, 17.0, 0.03125
surrogate, 65, 17.0, 0.03125
surrogate, 65, 17.0, 0.03125
surrogate, 65, 17.0, 0.03125
surrogate, 65, 17.0, 0.03125
surrogate, 65, 17.0, 0.03125
surrogate, 65, 17.0, 0.03125
surrogate, 65, 17.0, 0.03125
surrogate, 65, 17.0, 0.03125
surrogate, 65, 17.0, 0.03125
surrogate, 65, 17.0, 0.03125
surrogate, 65, 17.0, 0.03125
surrogate, 65, 17.0, 0.03125
surrogate, 65, 17.0, 0.03125
surrogate, 65, 17.0, 0.03125
surrogate, 65, 17.0, 0.03125
surrogate, 65, 17.0, 0.03125
surrogate, 65, 17.0, 0.03125
surrogate, 65, 17.0, 0.03125
surrogate, 65, 17.0, 0.03125
surrogate, 65, 17.0, 0.03125
surrogate, 65, 17.0, 0.03125
surrogate, 65, 17.0, 0.03125
surrogate, 65, 17.0, 0.03125
surrogate, 65, 17.0, 0.03125
surrogate, 65, 17.0, 0.03125
surrogate, 65, 17.0, 0.03125
surrogate, 65, 17.0, 0.03125
surrogate, 65, 17.0, 0.03125
surrogate, 65, 17.0, 0.03125
surrogate, 65, 17.0, 0.03125
surrogate, 65, 17.0, 0.03125
surrogate, 65, 17.0, 0.03125
surrogate, 65, 17.0, 0.03125
surrogate, 65, 17.0, 0.03125
surrogate, 65, 17.0, 0.03125
surrogate, 65, 17.0, 0.03125
surrogate, 65, 17.0, 0.03125
surrogate, 65, 17.0, 0.03125
surrogate, 65, 17.0, 0.03125
surrogate, 65, 17.0, 0.03125
surrogate, 65, 17.0, 0.03125
surrogate, 65, 17.0, 0.03125
surrogate, 65, 17.0, 0.03125
surrogate, 66, 30.0, 0.65625
surrogate, 66, 30.0, 0.65625
surrogate, 66, 30.0, 0.65625
surrogate, 66, 30.0, 0.65625
surrogate, 66, 30.0, 0.65625
surrogate, 66, 30.0, 0.65625
surrogate, 66, 30.0, 0.65625
surrogate, 66, 30.0, 0.65625
surrogate, 66, 30.0, 0.65625
surrogate, 66, 29.0, 0.59375
surrogate, 66, 29.0, 0.59375
surrogate, 66, 29.0, 0.59375
surrogate, 66, 29.0, 0.59375
surrogate, 66, 29.0, 0.59375
surrogate, 66, 29.0, 0.59375
surrogate, 66, 29.0, 0.59375
surrogate, 66, 29.0, 0.59375
surrogate, 66, 29.0, 0.59375
surrogate, 66, 29.0, 0.59375
surrogate, 66, 27.0, 0.53125
surrogate, 66, 27.0, 0.53125
surrogate, 66, 27.0, 0.53125
surrogate, 66, 27.0, 0.53125
surrogate, 66, 27.0, 0.53125
surrogate, 66, 27.0, 0.53125
surrogate, 66, 27.0, 0.53125
surrogate, 66, 27.0, 0.53125
surrogate, 66, 27.0, 0.53125
surrogate, 66, 27.0, 0.53125
surrogate, 66, 27.0, 0.53125
surrogate, 66, 25.0, 0.375
surrogate, 66, 25.0, 0.375
surrogate, 66, 25.0, 0.375
surrogate, 66, 25.0, 0.375
surrogate, 66, 25.0, 0.375
surrogate, 66, 25.0, 0.375
surrogate, 66, 25.0, 0.375
surrogate, 66, 25.0, 0.375
surrogate, 66, 25.0, 0.375
surrogate, 66, 25.0, 0.375
surrogate, 66, 25.0, 0.375
surrogate, 66, 25.0, 0.375
surrogate, 66, 25.0, 0.375
surrogate, 66, 25.0, 0.375
surrogate, 66, 25.0, 0.375
surrogate, 66, 25.0, 0.375
surrogate, 66, 25.0, 0.375
surrogate, 66, 25.0, 0.375
surrogate, 66, 25.0, 0.375
surrogate, 66, 25.0, 0.375
surrogate, 66, 25.0, 0.375
surrogate, 66, 25.0, 0.375
surrogate, 66, 25.0, 0.375
surrogate, 66, 25.0, 0.375
surrogate, 66, 25.0, 0.375
surrogate, 66, 25.0, 0.375
surrogate, 66, 23.0, 0.28125
surrogate, 66, 23.0, 0.28125
surrogate, 66, 23.0, 0.28125
surrogate, 66, 23.0, 0.28125
surrogate, 66, 23.0, 0.28125
surrogate, 66, 23.0, 0.28125
surrogate, 66, 23.0, 0.28125
surrogate, 66, 23.0, 0.28125
surrogate, 66, 23.0, 0.28125
surrogate, 66, 23.0, 0.28125
surrogate, 66, 23.0, 0.28125
surrogate, 66, 23.0, 0.28125
surrogate, 66, 23.0, 0.28125
surrogate, 66, 23.0, 0.28125
surrogate, 66, 23.0, 0.28125
surrogate, 66, 23.0, 0.28125
surrogate, 66, 23.0, 0.28125
surrogate, 66, 23.0, 0.28125
surrogate, 66, 23.0, 0.28125
surrogate, 66, 23.0, 0.28125
surrogate, 66, 23.0, 0.28125
surrogate, 66, 17.0, 0.03125
surrogate, 66, 17.0, 0.03125
surrogate, 66, 17.0, 0.03125
surrogate, 66, 17.0, 0.03125
surrogate, 66, 17.0, 0.03125
surrogate, 66, 17.0, 0.03125
surrogate, 66, 17.0, 0.03125
surrogate, 66, 17.0, 0.03125
surrogate, 66, 17.0, 0.03125
surrogate, 66, 17.0, 0.03125
surrogate, 66, 17.0, 0.03125
surrogate, 66, 17.0, 0.03125
surrogate, 66, 17.0, 0.03125
surrogate, 66, 17.0, 0.03125
surrogate, 66, 17.0, 0.03125
surrogate, 66, 17.0, 0.03125
surrogate, 66, 17.0, 0.03125
surrogate, 66, 17.0, 0.03125
surrogate, 66, 17.0, 0.03125
surrogate, 66, 17.0, 0.03125
surrogate, 66, 17.0, 0.03125
surrogate, 66, 17.0, 0.03125
surrogate, 66, 17.0, 0.03125
surrogate, 66, 17.0, 0.03125
surrogate, 66, 17.0, 0.03125
surrogate, 66, 17.0, 0.03125
surrogate, 66, 17.0, 0.03125
surrogate, 66, 17.0, 0.03125
surrogate, 66, 17.0, 0.03125
surrogate, 66, 17.0, 0.03125
surrogate, 66, 17.0, 0.03125
surrogate, 66, 17.0, 0.03125
surrogate, 66, 17.0, 0.03125
surrogate, 66, 17.0, 0.03125
surrogate, 66, 17.0, 0.03125
surrogate, 66, 17.0, 0.03125
surrogate, 66, 17.0, 0.03125
surrogate, 66, 17.0, 0.03125
surrogate, 66, 17.0, 0.03125
surrogate, 66, 17.0, 0.03125
surrogate, 66, 17.0, 0.03125
surrogate, 66, 17.0, 0.03125
surrogate, 66, 17.0, 0.03125
surrogate, 66, 17.0, 0.03125
surrogate, 66, 17.0, 0.03125
surrogate, 66, 17.0, 0.03125
surrogate, 66, 17.0, 0.03125
surrogate, 66, 17.0, 0.03125
surrogate, 66, 17.0, 0.03125
surrogate, 66, 17.0, 0.03125
surrogate, 66, 17.0, 0.03125
surrogate, 66, 17.0, 0.03125
surrogate, 66, 17.0, 0.03125
surrogate, 67, 30.0, 0.65625
surrogate, 67, 30.0, 0.65625
surrogate, 67, 30.0, 0.65625
surrogate, 67, 30.0, 0.65625
surrogate, 67, 30.0, 0.65625
surrogate, 67, 30.0, 0.65625
surrogate, 67, 30.0, 0.65625
surrogate, 67, 30.0, 0.65625
surrogate, 67, 30.0, 0.65625
surrogate, 67, 30.0, 0.65625
surrogate, 67, 29.0, 0.59375
surrogate, 67, 29.0, 0.59375
surrogate, 67, 29.0, 0.59375
surrogate, 67, 29.0, 0.59375
surrogate, 67, 29.0, 0.59375
surrogate, 67, 29.0, 0.59375
surrogate, 67, 29.0, 0.59375
surrogate, 67, 29.0, 0.59375
surrogate, 67, 29.0, 0.59375
surrogate, 67, 29.0, 0.59375
surrogate, 67, 27.0, 0.53125
surrogate, 67, 27.0, 0.53125
surrogate, 67, 27.0, 0.53125
surrogate, 67, 27.0, 0.53125
surrogate, 67, 27.0, 0.53125
surrogate, 67, 27.0, 0.53125
surrogate, 67, 27.0, 0.53125
surrogate, 67, 27.0, 0.53125
surrogate, 67, 27.0, 0.53125
surrogate, 67, 27.0, 0.53125
surrogate, 67, 27.0, 0.53125
surrogate, 67, 25.0, 0.375
surrogate, 67, 25.0, 0.375
surrogate, 67, 25.0, 0.375
surrogate, 67, 25.0, 0.375
surrogate, 67, 25.0, 0.375
surrogate, 67, 25.0, 0.375
surrogate, 67, 25.0, 0.375
surrogate, 67, 25.0, 0.375
surrogate, 67, 25.0, 0.375
surrogate, 67, 25.0, 0.375
surrogate, 67, 25.0, 0.375
surrogate, 67, 25.0, 0.375
surrogate, 67, 25.0, 0.375
surrogate, 67, 25.0, 0.375
surrogate, 67, 25.0, 0.375
surrogate, 67, 25.0, 0.375
surrogate, 67, 25.0, 0.375
surrogate, 67, 25.0, 0.375
surrogate, 67, 25.0, 0.375
surrogate, 67, 25.0, 0.375
surrogate, 67, 25.0, 0.375
surrogate, 67, 25.0, 0.375
surrogate, 67, 25.0, 0.375
surrogate, 67, 25.0, 0.375
surrogate, 67, 25.0, 0.375
surrogate, 67, 25.0, 0.375
surrogate, 67, 23.0, 0.28125
surrogate, 67, 23.0, 0.28125
surrogate, 67, 23.0, 0.28125
surrogate, 67, 23.0, 0.28125
surrogate, 67, 23.0, 0.28125
surrogate, 67, 23.0, 0.28125
surrogate, 67, 23.0, 0.28125
surrogate, 67, 23.0, 0.28125
surrogate, 67, 23.0, 0.28125
surrogate, 67, 23.0, 0.28125
surrogate, 67, 23.0, 0.28125
surrogate, 67, 23.0, 0.28125
surrogate, 67, 23.0, 0.28125
surrogate, 67, 23.0, 0.28125
surrogate, 67, 23.0, 0.28125
surrogate, 67, 23.0, 0.28125
surrogate, 67, 23.0, 0.28125
surrogate, 67, 23.0, 0.28125
surrogate, 67, 23.0, 0.28125
surrogate, 67, 23.0, 0.28125
surrogate, 67, 23.0, 0.28125
surrogate, 67, 17.0, 0.03125
surrogate, 67, 17.0, 0.03125
surrogate, 67, 17.0, 0.03125
surrogate, 67, 17.0, 0.03125
surrogate, 67, 17.0, 0.03125
surrogate, 67, 17.0, 0.03125
surrogate, 67, 17.0, 0.03125
surrogate, 67, 17.0, 0.03125
surrogate, 67, 17.0, 0.03125
surrogate, 67, 17.0, 0.03125
surrogate, 67, 17.0, 0.03125
surrogate, 67, 17.0, 0.03125
surrogate, 67, 17.0, 0.03125
surrogate, 67, 17.0, 0.03125
surrogate, 67, 17.0, 0.03125
surrogate, 67, 17.0, 0.03125
surrogate, 67, 17.0, 0.03125
surrogate, 67, 17.0, 0.03125
surrogate, 67, 17.0, 0.03125
surrogate, 67, 17.0, 0.03125
surrogate, 67, 17.0, 0.03125
surrogate, 67, 17.0, 0.03125
surrogate, 67, 17.0, 0.03125
surrogate, 67, 17.0, 0.03125
surrogate, 67, 17.0, 0.03125
surrogate, 67, 17.0, 0.03125
surrogate, 67, 17.0, 0.03125
surrogate, 67, 17.0, 0.03125
surrogate, 67, 17.0, 0.03125
surrogate, 67, 17.0, 0.03125
surrogate, 67, 17.0, 0.03125
surrogate, 67, 17.0, 0.03125
surrogate, 67, 17.0, 0.03125
surrogate, 67, 17.0, 0.03125
surrogate, 67, 17.0, 0.03125
surrogate, 67, 17.0, 0.03125
surrogate, 67, 17.0, 0.03125
surrogate, 67, 17.0, 0.03125
surrogate, 67, 17.0, 0.03125
surrogate, 67, 17.0, 0.03125
surrogate, 67, 17.0, 0.03125
surrogate, 67, 17.0, 0.03125
surrogate, 67, 17.0, 0.03125
surrogate, 67, 17.0, 0.03125
surrogate, 67, 17.0, 0.03125
surrogate, 67, 17.0, 0.03125
surrogate, 67, 17.0, 0.03125
surrogate, 67, 17.0, 0.03125
surrogate, 67, 17.0, 0.03125
surrogate, 67, 17.0, 0.03125
surrogate, 67, 17.0, 0.03125
surrogate, 67, 17.0, 0.03125
surrogate, 67, 17.0, 0.03125
surrogate, 68, 30.0, 0.65625
surrogate, 68, 30.0, 0.65625
surrogate, 68, 30.0, 0.65625
surrogate, 68, 30.0, 0.65625
surrogate, 68, 30.0, 0.65625
surrogate, 68, 30.0, 0.65625
surrogate, 68, 30.0, 0.65625
surrogate, 68, 30.0, 0.65625
surrogate, 68, 30.0, 0.65625
surrogate, 68, 30.0, 0.65625
surrogate, 68, 29.0, 0.59375
surrogate, 68, 29.0, 0.59375
surrogate, 68, 29.0, 0.59375
surrogate, 68, 29.0, 0.59375
surrogate, 68, 29.0, 0.59375
surrogate, 68, 29.0, 0.59375
surrogate, 68, 29.0, 0.59375
surrogate, 68, 29.0, 0.59375
surrogate, 68, 29.0, 0.59375
surrogate, 68, 29.0, 0.59375
surrogate, 68, 27.0, 0.53125
surrogate, 68, 27.0, 0.53125
surrogate, 68, 27.0, 0.53125
surrogate, 68, 27.0, 0.53125
surrogate, 68, 27.0, 0.53125
surrogate, 68, 27.0, 0.53125
surrogate, 68, 27.0, 0.53125
surrogate, 68, 27.0, 0.53125
surrogate, 68, 27.0, 0.53125
surrogate, 68, 27.0, 0.53125
surrogate, 68, 27.0, 0.53125
surrogate, 68, 25.0, 0.375
surrogate, 68, 25.0, 0.375
surrogate, 68, 25.0, 0.375
surrogate, 68, 25.0, 0.375
surrogate, 68, 25.0, 0.375
surrogate, 68, 25.0, 0.375
surrogate, 68, 25.0, 0.375
surrogate, 68, 25.0, 0.375
surrogate, 68, 25.0, 0.375
surrogate, 68, 25.0, 0.375
surrogate, 68, 25.0, 0.375
surrogate, 68, 25.0, 0.375
surrogate, 68, 25.0, 0.375
surrogate, 68, 25.0, 0.375
surrogate, 68, 25.0, 0.375
surrogate, 68, 25.0, 0.375
surrogate, 68, 25.0, 0.375
surrogate, 68, 25.0, 0.375
surrogate, 68, 25.0, 0.375
surrogate, 68, 25.0, 0.375
surrogate, 68, 25.0, 0.375
surrogate, 68, 25.0, 0.375
surrogate, 68, 25.0, 0.375
surrogate, 68, 25.0, 0.375
surrogate, 68, 25.0, 0.375
surrogate, 68, 25.0, 0.375
surrogate, 68, 25.0, 0.375
surrogate, 68, 23.0, 0.28125
surrogate, 68, 23.0, 0.28125
surrogate, 68, 23.0, 0.28125
surrogate, 68, 23.0, 0.28125
surrogate, 68, 23.0, 0.28125
surrogate, 68, 23.0, 0.28125
surrogate, 68, 23.0, 0.28125
surrogate, 68, 23.0, 0.28125
surrogate, 68, 23.0, 0.28125
surrogate, 68, 23.0, 0.28125
surrogate, 68, 23.0, 0.28125
surrogate, 68, 23.0, 0.28125
surrogate, 68, 23.0, 0.28125
surrogate, 68, 23.0, 0.28125
surrogate, 68, 23.0, 0.28125
surrogate, 68, 23.0, 0.28125
surrogate, 68, 23.0, 0.28125
surrogate, 68, 23.0, 0.28125
surrogate, 68, 23.0, 0.28125
surrogate, 68, 23.0, 0.28125
surrogate, 68, 23.0, 0.28125
surrogate, 68, 23.0, 0.28125
surrogate, 68, 17.0, 0.03125
surrogate, 68, 17.0, 0.03125
surrogate, 68, 17.0, 0.03125
surrogate, 68, 17.0, 0.03125
surrogate, 68, 17.0, 0.03125
surrogate, 68, 17.0, 0.03125
surrogate, 68, 17.0, 0.03125
surrogate, 68, 17.0, 0.03125
surrogate, 68, 17.0, 0.03125
surrogate, 68, 17.0, 0.03125
surrogate, 68, 17.0, 0.03125
surrogate, 68, 17.0, 0.03125
surrogate, 68, 17.0, 0.03125
surrogate, 68, 17.0, 0.03125
surrogate, 68, 17.0, 0.03125
surrogate, 68, 17.0, 0.03125
surrogate, 68, 17.0, 0.03125
surrogate, 68, 17.0, 0.03125
surrogate, 68, 17.0, 0.03125
surrogate, 68, 17.0, 0.03125
surrogate, 68, 17.0, 0.03125
surrogate, 68, 17.0, 0.03125
surrogate, 68, 17.0, 0.03125
surrogate, 68, 17.0, 0.03125
surrogate, 68, 17.0, 0.03125
surrogate, 68, 17.0, 0.03125
surrogate, 68, 17.0, 0.03125
surrogate, 68, 17.0, 0.03125
surrogate, 68, 17.0, 0.03125
surrogate, 68, 17.0, 0.03125
surrogate, 68, 17.0, 0.03125
surrogate, 68, 17.0, 0.03125
surrogate, 68, 17.0, 0.03125
surrogate, 68, 17.0, 0.03125
surrogate, 68, 17.0, 0.03125
surrogate, 68, 17.0, 0.03125
surrogate, 68, 17.0, 0.03125
surrogate, 68, 17.0, 0.03125
surrogate, 68, 17.0, 0.03125
surrogate, 68, 17.0, 0.03125
surrogate, 68, 17.0, 0.03125
surrogate, 68, 17.0, 0.03125
surrogate, 68, 17.0, 0.03125
surrogate, 68, 17.0, 0.03125
surrogate, 68, 17.0, 0.03125
surrogate, 68, 17.0, 0.03125
surrogate, 68, 17.0, 0.03125
surrogate, 68, 17.0, 0.03125
surrogate, 68, 17.0, 0.03125
surrogate, 68, 17.0, 0.03125
surrogate, 68, 17.0, 0.03125
surrogate, 68, 17.0, 0.03125
surrogate, 68, 17.0, 0.03125
surrogate, 68, 17.0, 0.03125
surrogate, 69, 30.0, 0.65625
surrogate, 69, 30.0, 0.65625
surrogate, 69, 30.0, 0.65625
surrogate, 69, 30.0, 0.65625
surrogate, 69, 30.0, 0.65625
surrogate, 69, 30.0, 0.65625
surrogate, 69, 30.0, 0.65625
surrogate, 69, 30.0, 0.65625
surrogate, 69, 30.0, 0.65625
surrogate, 69, 30.0, 0.65625
surrogate, 69, 29.0, 0.59375
surrogate, 69, 29.0, 0.59375
surrogate, 69, 29.0, 0.59375
surrogate, 69, 29.0, 0.59375
surrogate, 69, 29.0, 0.59375
surrogate, 69, 29.0, 0.59375
surrogate, 69, 29.0, 0.59375
surrogate, 69, 29.0, 0.59375
surrogate, 69, 29.0, 0.59375
surrogate, 69, 29.0, 0.59375
surrogate, 69, 27.0, 0.53125
surrogate, 69, 27.0, 0.53125
surrogate, 69, 27.0, 0.53125
surrogate, 69, 27.0, 0.53125
surrogate, 69, 27.0, 0.53125
surrogate, 69, 27.0, 0.53125
surrogate, 69, 27.0, 0.53125
surrogate, 69, 27.0, 0.53125
surrogate, 69, 27.0, 0.53125
surrogate, 69, 27.0, 0.53125
surrogate, 69, 27.0, 0.53125
surrogate, 69, 27.0, 0.53125
surrogate, 69, 25.0, 0.375
surrogate, 69, 25.0, 0.375
surrogate, 69, 25.0, 0.375
surrogate, 69, 25.0, 0.375
surrogate, 69, 25.0, 0.375
surrogate, 69, 25.0, 0.375
surrogate, 69, 25.0, 0.375
surrogate, 69, 25.0, 0.375
surrogate, 69, 25.0, 0.375
surrogate, 69, 25.0, 0.375
surrogate, 69, 25.0, 0.375
surrogate, 69, 25.0, 0.375
surrogate, 69, 25.0, 0.375
surrogate, 69, 25.0, 0.375
surrogate, 69, 25.0, 0.375
surrogate, 69, 25.0, 0.375
surrogate, 69, 25.0, 0.375
surrogate, 69, 25.0, 0.375
surrogate, 69, 25.0, 0.375
surrogate, 69, 25.0, 0.375
surrogate, 69, 25.0, 0.375
surrogate, 69, 25.0, 0.375
surrogate, 69, 25.0, 0.375
surrogate, 69, 25.0, 0.375
surrogate, 69, 25.0, 0.375
surrogate, 69, 25.0, 0.375
surrogate, 69, 25.0, 0.375
surrogate, 69, 23.0, 0.28125
surrogate, 69, 23.0, 0.28125
surrogate, 69, 23.0, 0.28125
surrogate, 69, 23.0, 0.28125
surrogate, 69, 23.0, 0.28125
surrogate, 69, 23.0, 0.28125
surrogate, 69, 23.0, 0.28125
surrogate, 69, 23.0, 0.28125
surrogate, 69, 23.0, 0.28125
surrogate, 69, 23.0, 0.28125
surrogate, 69, 23.0, 0.28125
surrogate, 69, 23.0, 0.28125
surrogate, 69, 23.0, 0.28125
surrogate, 69, 23.0, 0.28125
surrogate, 69, 23.0, 0.28125
surrogate, 69, 23.0, 0.28125
surrogate, 69, 23.0, 0.28125
surrogate, 69, 23.0, 0.28125
surrogate, 69, 23.0, 0.28125
surrogate, 69, 23.0, 0.28125
surrogate, 69, 23.0, 0.28125
surrogate, 69, 23.0, 0.28125
surrogate, 69, 23.0, 0.28125
surrogate, 69, 17.0, 0.03125
surrogate, 69, 17.0, 0.03125
surrogate, 69, 17.0, 0.03125
surrogate, 69, 17.0, 0.03125
surrogate, 69, 17.0, 0.03125
surrogate, 69, 17.0, 0.03125
surrogate, 69, 17.0, 0.03125
surrogate, 69, 17.0, 0.03125
surrogate, 69, 17.0, 0.03125
surrogate, 69, 17.0, 0.03125
surrogate, 69, 17.0, 0.03125
surrogate, 69, 17.0, 0.03125
surrogate, 69, 17.0, 0.03125
surrogate, 69, 17.0, 0.03125
surrogate, 69, 17.0, 0.03125
surrogate, 69, 17.0, 0.03125
surrogate, 69, 17.0, 0.03125
surrogate, 69, 17.0, 0.03125
surrogate, 69, 17.0, 0.03125
surrogate, 69, 17.0, 0.03125
surrogate, 69, 17.0, 0.03125
surrogate, 69, 17.0, 0.03125
surrogate, 69, 17.0, 0.03125
surrogate, 69, 17.0, 0.03125
surrogate, 69, 17.0, 0.03125
surrogate, 69, 17.0, 0.03125
surrogate, 69, 17.0, 0.03125
surrogate, 69, 17.0, 0.03125
surrogate, 69, 17.0, 0.03125
surrogate, 69, 17.0, 0.03125
surrogate, 69, 17.0, 0.03125
surrogate, 69, 17.0, 0.03125
surrogate, 69, 17.0, 0.03125
surrogate, 69, 17.0, 0.03125
surrogate, 69, 17.0, 0.03125
surrogate, 69, 17.0, 0.03125
surrogate, 69, 17.0, 0.03125
surrogate, 69, 17.0, 0.03125
surrogate, 69, 17.0, 0.03125
surrogate, 69, 17.0, 0.03125
surrogate, 69, 17.0, 0.03125
surrogate, 69, 17.0, 0.03125
surrogate, 69, 17.0, 0.03125
surrogate, 69, 17.0, 0.03125
surrogate, 69, 17.0, 0.03125
surrogate, 69, 17.0, 0.03125
surrogate, 69, 17.0, 0.03125
surrogate, 69, 17.0, 0.03125
surrogate, 69, 17.0, 0.03125
surrogate, 69, 17.0, 0.03125
surrogate, 69, 17.0, 0.03125
surrogate, 69, 17.0, 0.03125
surrogate, 69, 17.0, 0.03125
surrogate, 69, 17.0, 0.03125
surrogate, 69, 17.0, 0.03125
surrogate, 70, 30.0, 0.65625
surrogate, 70, 30.0, 0.65625
surrogate, 70, 30.0, 0.65625
surrogate, 70, 30.0, 0.65625
surrogate, 70, 30.0, 0.65625
surrogate, 70, 30.0, 0.65625
surrogate, 70, 30.0, 0.65625
surrogate, 70, 30.0, 0.65625
surrogate, 70, 30.0, 0.65625
surrogate, 70, 30.0, 0.65625
surrogate, 70, 29.0, 0.59375
surrogate, 70, 29.0, 0.59375
surrogate, 70, 29.0, 0.59375
surrogate, 70, 29.0, 0.59375
surrogate, 70, 29.0, 0.59375
surrogate, 70, 29.0, 0.59375
surrogate, 70, 29.0, 0.59375
surrogate, 70, 29.0, 0.59375
surrogate, 70, 29.0, 0.59375
surrogate, 70, 29.0, 0.59375
surrogate, 70, 27.0, 0.53125
surrogate, 70, 27.0, 0.53125
surrogate, 70, 27.0, 0.53125
surrogate, 70, 27.0, 0.53125
surrogate, 70, 27.0, 0.53125
surrogate, 70, 27.0, 0.53125
surrogate, 70, 27.0, 0.53125
surrogate, 70, 27.0, 0.53125
surrogate, 70, 27.0, 0.53125
surrogate, 70, 27.0, 0.53125
surrogate, 70, 27.0, 0.53125
surrogate, 70, 27.0, 0.53125
surrogate, 70, 27.0, 0.53125
surrogate, 70, 25.0, 0.375
surrogate, 70, 25.0, 0.375
surrogate, 70, 25.0, 0.375
surrogate, 70, 25.0, 0.375
surrogate, 70, 25.0, 0.375
surrogate, 70, 25.0, 0.375
surrogate, 70, 25.0, 0.375
surrogate, 70, 25.0, 0.375
surrogate, 70, 25.0, 0.375
surrogate, 70, 25.0, 0.375
surrogate, 70, 25.0, 0.375
surrogate, 70, 25.0, 0.375
surrogate, 70, 25.0, 0.375
surrogate, 70, 25.0, 0.375
surrogate, 70, 25.0, 0.375
surrogate, 70, 25.0, 0.375
surrogate, 70, 25.0, 0.375
surrogate, 70, 25.0, 0.375
surrogate, 70, 25.0, 0.375
surrogate, 70, 25.0, 0.375
surrogate, 70, 25.0, 0.375
surrogate, 70, 25.0, 0.375
surrogate, 70, 25.0, 0.375
surrogate, 70, 25.0, 0.375
surrogate, 70, 25.0, 0.375
surrogate, 70, 25.0, 0.375
surrogate, 70, 25.0, 0.375
surrogate, 70, 23.0, 0.28125
surrogate, 70, 23.0, 0.28125
surrogate, 70, 23.0, 0.28125
surrogate, 70, 23.0, 0.28125
surrogate, 70, 23.0, 0.28125
surrogate, 70, 23.0, 0.28125
surrogate, 70, 23.0, 0.28125
surrogate, 70, 23.0, 0.28125
surrogate, 70, 23.0, 0.28125
surrogate, 70, 23.0, 0.28125
surrogate, 70, 23.0, 0.28125
surrogate, 70, 23.0, 0.28125
surrogate, 70, 23.0, 0.28125
surrogate, 70, 23.0, 0.28125
surrogate, 70, 23.0, 0.28125
surrogate, 70, 23.0, 0.28125
surrogate, 70, 23.0, 0.28125
surrogate, 70, 23.0, 0.28125
surrogate, 70, 23.0, 0.28125
surrogate, 70, 23.0, 0.28125
surrogate, 70, 23.0, 0.28125
surrogate, 70, 23.0, 0.28125
surrogate, 70, 23.0, 0.28125
surrogate, 70, 17.0, 0.03125
surrogate, 70, 17.0, 0.03125
surrogate, 70, 17.0, 0.03125
surrogate, 70, 17.0, 0.03125
surrogate, 70, 17.0, 0.03125
surrogate, 70, 17.0, 0.03125
surrogate, 70, 17.0, 0.03125
surrogate, 70, 17.0, 0.03125
surrogate, 70, 17.0, 0.03125
surrogate, 70, 17.0, 0.03125
surrogate, 70, 17.0, 0.03125
surrogate, 70, 17.0, 0.03125
surrogate, 70, 17.0, 0.03125
surrogate, 70, 17.0, 0.03125
surrogate, 70, 17.0, 0.03125
surrogate, 70, 17.0, 0.03125
surrogate, 70, 17.0, 0.03125
surrogate, 70, 17.0, 0.03125
surrogate, 70, 17.0, 0.03125
surrogate, 70, 17.0, 0.03125
surrogate, 70, 17.0, 0.03125
surrogate, 70, 17.0, 0.03125
surrogate, 70, 17.0, 0.03125
surrogate, 70, 17.0, 0.03125
surrogate, 70, 17.0, 0.03125
surrogate, 70, 17.0, 0.03125
surrogate, 70, 17.0, 0.03125
surrogate, 70, 17.0, 0.03125
surrogate, 70, 17.0, 0.03125
surrogate, 70, 17.0, 0.03125
surrogate, 70, 17.0, 0.03125
surrogate, 70, 17.0, 0.03125
surrogate, 70, 17.0, 0.03125
surrogate, 70, 17.0, 0.03125
surrogate, 70, 17.0, 0.03125
surrogate, 70, 17.0, 0.03125
surrogate, 70, 17.0, 0.03125
surrogate, 70, 17.0, 0.03125
surrogate, 70, 17.0, 0.03125
surrogate, 70, 17.0, 0.03125
surrogate, 70, 17.0, 0.03125
surrogate, 70, 17.0, 0.03125
surrogate, 70, 17.0, 0.03125
surrogate, 70, 17.0, 0.03125
surrogate, 70, 17.0, 0.03125
surrogate, 70, 17.0, 0.03125
surrogate, 70, 17.0, 0.03125
surrogate, 70, 17.0, 0.03125
surrogate, 70, 17.0, 0.03125
surrogate, 70, 17.0, 0.03125
surrogate, 70, 17.0, 0.03125
surrogate, 70, 17.0, 0.03125
surrogate, 70, 17.0, 0.03125
surrogate, 70, 17.0, 0.03125
surrogate, 70, 17.0, 0.03125
surrogate, 71, 30.0, 0.65625
surrogate, 71, 30.0, 0.65625
surrogate, 71, 30.0, 0.65625
surrogate, 71, 30.0, 0.65625
surrogate, 71, 30.0, 0.65625
surrogate, 71, 30.0, 0.65625
surrogate, 71, 30.0, 0.65625
surrogate, 71, 30.0, 0.65625
surrogate, 71, 30.0, 0.65625
surrogate, 71, 30.0, 0.65625
surrogate, 71, 29.0, 0.59375
surrogate, 71, 29.0, 0.59375
surrogate, 71, 29.0, 0.59375
surrogate, 71, 29.0, 0.59375
surrogate, 71, 29.0, 0.59375
surrogate, 71, 29.0, 0.59375
surrogate, 71, 29.0, 0.59375
surrogate, 71, 29.0, 0.59375
surrogate, 71, 29.0, 0.59375
surrogate, 71, 29.0, 0.59375
surrogate, 71, 27.0, 0.53125
surrogate, 71, 27.0, 0.53125
surrogate, 71, 27.0, 0.53125
surrogate, 71, 27.0, 0.53125
surrogate, 71, 27.0, 0.53125
surrogate, 71, 27.0, 0.53125
surrogate, 71, 27.0, 0.53125
surrogate, 71, 27.0, 0.53125
surrogate, 71, 27.0, 0.53125
surrogate, 71, 27.0, 0.53125
surrogate, 71, 27.0, 0.53125
surrogate, 71, 27.0, 0.53125
surrogate, 71, 27.0, 0.53125
surrogate, 71, 25.0, 0.375
surrogate, 71, 25.0, 0.375
surrogate, 71, 25.0, 0.375
surrogate, 71, 25.0, 0.375
surrogate, 71, 25.0, 0.375
surrogate, 71, 25.0, 0.375
surrogate, 71, 25.0, 0.375
surrogate, 71, 25.0, 0.375
surrogate, 71, 25.0, 0.375
surrogate, 71, 25.0, 0.375
surrogate, 71, 25.0, 0.375
surrogate, 71, 25.0, 0.375
surrogate, 71, 25.0, 0.375
surrogate, 71, 25.0, 0.375
surrogate, 71, 25.0, 0.375
surrogate, 71, 25.0, 0.375
surrogate, 71, 25.0, 0.375
surrogate, 71, 25.0, 0.375
surrogate, 71, 25.0, 0.375
surrogate, 71, 25.0, 0.375
surrogate, 71, 25.0, 0.375
surrogate, 71, 25.0, 0.375
surrogate, 71, 25.0, 0.375
surrogate, 71, 25.0, 0.375
surrogate, 71, 25.0, 0.375
surrogate, 71, 25.0, 0.375
surrogate, 71, 25.0, 0.375
surrogate, 71, 23.0, 0.28125
surrogate, 71, 23.0, 0.28125
surrogate, 71, 23.0, 0.28125
surrogate, 71, 23.0, 0.28125
surrogate, 71, 23.0, 0.28125
surrogate, 71, 23.0, 0.28125
surrogate, 71, 23.0, 0.28125
surrogate, 71, 23.0, 0.28125
surrogate, 71, 23.0, 0.28125
surrogate, 71, 23.0, 0.28125
surrogate, 71, 23.0, 0.28125
surrogate, 71, 23.0, 0.28125
surrogate, 71, 23.0, 0.28125
surrogate, 71, 23.0, 0.28125
surrogate, 71, 23.0, 0.28125
surrogate, 71, 23.0, 0.28125
surrogate, 71, 23.0, 0.28125
surrogate, 71, 23.0, 0.28125
surrogate, 71, 23.0, 0.28125
surrogate, 71, 23.0, 0.28125
surrogate, 71, 23.0, 0.28125
surrogate, 71, 23.0, 0.28125
surrogate, 71, 23.0, 0.28125
surrogate, 71, 23.0, 0.28125
surrogate, 71, 17.0, 0.03125
surrogate, 71, 17.0, 0.03125
surrogate, 71, 17.0, 0.03125
surrogate, 71, 17.0, 0.03125
surrogate, 71, 17.0, 0.03125
surrogate, 71, 17.0, 0.03125
surrogate, 71, 17.0, 0.03125
surrogate, 71, 17.0, 0.03125
surrogate, 71, 17.0, 0.03125
surrogate, 71, 17.0, 0.03125
surrogate, 71, 17.0, 0.03125
surrogate, 71, 17.0, 0.03125
surrogate, 71, 17.0, 0.03125
surrogate, 71, 17.0, 0.03125
surrogate, 71, 17.0, 0.03125
surrogate, 71, 17.0, 0.03125
surrogate, 71, 17.0, 0.03125
surrogate, 71, 17.0, 0.03125
surrogate, 71, 17.0, 0.03125
surrogate, 71, 17.0, 0.03125
surrogate, 71, 17.0, 0.03125
surrogate, 71, 17.0, 0.03125
surrogate, 71, 17.0, 0.03125
surrogate, 71, 17.0, 0.03125
surrogate, 71, 17.0, 0.03125
surrogate, 71, 17.0, 0.03125
surrogate, 71, 17.0, 0.03125
surrogate, 71, 17.0, 0.03125
surrogate, 71, 17.0, 0.03125
surrogate, 71, 17.0, 0.03125
surrogate, 71, 17.0, 0.03125
surrogate, 71, 17.0, 0.03125
surrogate, 71, 17.0, 0.03125
surrogate, 71, 17.0, 0.03125
surrogate, 71, 17.0, 0.03125
surrogate, 71, 17.0, 0.03125
surrogate, 71, 17.0, 0.03125
surrogate, 71, 17.0, 0.03125
surrogate, 71, 17.0, 0.03125
surrogate, 71, 17.0, 0.03125
surrogate, 71, 17.0, 0.03125
surrogate, 71, 17.0, 0.03125
surrogate, 71, 17.0, 0.03125
surrogate, 71, 17.0, 0.03125
surrogate, 71, 17.0, 0.03125
surrogate, 71, 17.0, 0.03125
surrogate, 71, 17.0, 0.03125
surrogate, 71, 17.0, 0.03125
surrogate, 71, 17.0, 0.03125
surrogate, 71, 17.0, 0.03125
surrogate, 71, 17.0, 0.03125
surrogate, 71, 17.0, 0.03125
surrogate, 71, 17.0, 0.03125
surrogate, 71, 17.0, 0.03125
surrogate, 71, 17.0, 0.03125
surrogate, 71, 17.0, 0.03125
surrogate, 72, 30.0, 0.65625
surrogate, 72, 30.0, 0.65625
surrogate, 72, 30.0, 0.65625
surrogate, 72, 30.0, 0.65625
surrogate, 72, 30.0, 0.65625
surrogate, 72, 30.0, 0.65625
surrogate, 72, 30.0, 0.65625
surrogate, 72, 30.0, 0.65625
surrogate, 72, 30.0, 0.65625
surrogate, 72, 30.0, 0.65625
surrogate, 72, 30.0, 0.65625
surrogate, 72, 29.0, 0.59375
surrogate, 72, 29.0, 0.59375
surrogate, 72, 29.0, 0.59375
surrogate, 72, 29.0, 0.59375
surrogate, 72, 29.0, 0.59375
surrogate, 72, 29.0, 0.59375
surrogate, 72, 29.0, 0.59375
surrogate, 72, 29.0, 0.59375
surrogate, 72, 29.0, 0.59375
surrogate, 72, 29.0, 0.59375
surrogate, 72, 29.0, 0.59375
surrogate, 72, 27.0, 0.53125
surrogate, 72, 27.0, 0.53125
surrogate, 72, 27.0, 0.53125
surrogate, 72, 27.0, 0.53125
surrogate, 72, 27.0, 0.53125
surrogate, 72, 27.0, 0.53125
surrogate, 72, 27.0, 0.53125
surrogate, 72, 27.0, 0.53125
surrogate, 72, 27.0, 0.53125
surrogate, 72, 27.0, 0.53125
surrogate, 72, 27.0, 0.53125
surrogate, 72, 27.0, 0.53125
surrogate, 72, 27.0, 0.53125
surrogate, 72, 27.0, 0.53125
surrogate, 72, 25.0, 0.375
surrogate, 72, 25.0, 0.375
surrogate, 72, 25.0, 0.375
surrogate, 72, 25.0, 0.375
surrogate, 72, 25.0, 0.375
surrogate, 72, 25.0, 0.375
surrogate, 72, 25.0, 0.375
surrogate, 72, 25.0, 0.375
surrogate, 72, 25.0, 0.375
surrogate, 72, 25.0, 0.375
surrogate, 72, 25.0, 0.375
surrogate, 72, 25.0, 0.375
surrogate, 72, 25.0, 0.375
surrogate, 72, 25.0, 0.375
surrogate, 72, 25.0, 0.375
surrogate, 72, 25.0, 0.375
surrogate, 72, 25.0, 0.375
surrogate, 72, 25.0, 0.375
surrogate, 72, 25.0, 0.375
surrogate, 72, 25.0, 0.375
surrogate, 72, 25.0, 0.375
surrogate, 72, 25.0, 0.375
surrogate, 72, 25.0, 0.375
surrogate, 72, 25.0, 0.375
surrogate, 72, 25.0, 0.375
surrogate, 72, 25.0, 0.375
surrogate, 72, 25.0, 0.375
surrogate, 72, 25.0, 0.375
surrogate, 72, 23.0, 0.28125
surrogate, 72, 23.0, 0.28125
surrogate, 72, 23.0, 0.28125
surrogate, 72, 23.0, 0.28125
surrogate, 72, 23.0, 0.28125
surrogate, 72, 23.0, 0.28125
surrogate, 72, 23.0, 0.28125
surrogate, 72, 23.0, 0.28125
surrogate, 72, 23.0, 0.28125
surrogate, 72, 23.0, 0.28125
surrogate, 72, 23.0, 0.28125
surrogate, 72, 23.0, 0.28125
surrogate, 72, 23.0, 0.28125
surrogate, 72, 23.0, 0.28125
surrogate, 72, 23.0, 0.28125
surrogate, 72, 23.0, 0.28125
surrogate, 72, 23.0, 0.28125
surrogate, 72, 23.0, 0.28125
surrogate, 72, 23.0, 0.28125
surrogate, 72, 23.0, 0.28125
surrogate, 72, 23.0, 0.28125
surrogate, 72, 23.0, 0.28125
surrogate, 72, 23.0, 0.28125
surrogate, 72, 23.0, 0.28125
surrogate, 72, 23.0, 0.28125
surrogate, 72, 17.0, 0.03125
surrogate, 72, 17.0, 0.03125
surrogate, 72, 17.0, 0.03125
surrogate, 72, 17.0, 0.03125
surrogate, 72, 17.0, 0.03125
surrogate, 72, 17.0, 0.03125
surrogate, 72, 17.0, 0.03125
surrogate, 72, 17.0, 0.03125
surrogate, 72, 17.0, 0.03125
surrogate, 72, 17.0, 0.03125
surrogate, 72, 17.0, 0.03125
surrogate, 72, 17.0, 0.03125
surrogate, 72, 17.0, 0.03125
surrogate, 72, 17.0, 0.03125
surrogate, 72, 17.0, 0.03125
surrogate, 72, 17.0, 0.03125
surrogate, 72, 17.0, 0.03125
surrogate, 72, 17.0, 0.03125
surrogate, 72, 17.0, 0.03125
surrogate, 72, 17.0, 0.03125
surrogate, 72, 17.0, 0.03125
surrogate, 72, 17.0, 0.03125
surrogate, 72, 17.0, 0.03125
surrogate, 72, 17.0, 0.03125
surrogate, 72, 17.0, 0.03125
surrogate, 72, 17.0, 0.03125
surrogate, 72, 17.0, 0.03125
surrogate, 72, 17.0, 0.03125
surrogate, 72, 17.0, 0.03125
surrogate, 72, 17.0, 0.03125
surrogate, 72, 17.0, 0.03125
surrogate, 72, 17.0, 0.03125
surrogate, 72, 17.0, 0.03125
surrogate, 72, 17.0, 0.03125
surrogate, 72, 17.0, 0.03125
surrogate, 72, 17.0, 0.03125
surrogate, 72, 17.0, 0.03125
surrogate, 72, 17.0, 0.03125
surrogate, 72, 17.0, 0.03125
surrogate, 72, 17.0, 0.03125
surrogate, 72, 17.0, 0.03125
surrogate, 72, 17.0, 0.03125
surrogate, 72, 17.0, 0.03125
surrogate, 72, 17.0, 0.03125
surrogate, 72, 17.0, 0.03125
surrogate, 72, 17.0, 0.03125
surrogate, 72, 17.0, 0.03125
surrogate, 72, 17.0, 0.03125
surrogate, 72, 17.0, 0.03125
surrogate, 72, 17.0, 0.03125
surrogate, 72, 17.0, 0.03125
surrogate, 72, 17.0, 0.03125
surrogate, 72, 17.0, 0.03125
surrogate, 72, 17.0, 0.03125
surrogate, 72, 17.0, 0.03125
surrogate, 72, 17.0, 0.03125
surrogate, 72, 17.0, 0.03125
surrogate, 73, 30.0, 0.65625
surrogate, 73, 30.0, 0.65625
surrogate, 73, 30.0, 0.65625
surrogate, 73, 30.0, 0.65625
surrogate, 73, 30.0, 0.65625
surrogate, 73, 30.0, 0.65625
surrogate, 73, 30.0, 0.65625
surrogate, 73, 30.0, 0.65625
surrogate, 73, 30.0, 0.65625
surrogate, 73, 30.0, 0.65625
surrogate, 73, 30.0, 0.65625
surrogate, 73, 30.0, 0.65625
surrogate, 73, 29.0, 0.59375
surrogate, 73, 29.0, 0.59375
surrogate, 73, 29.0, 0.59375
surrogate, 73, 29.0, 0.59375
surrogate, 73, 29.0, 0.59375
surrogate, 73, 29.0, 0.59375
surrogate, 73, 29.0, 0.59375
surrogate, 73, 29.0, 0.59375
surrogate, 73, 29.0, 0.59375
surrogate, 73, 29.0, 0.59375
surrogate, 73, 29.0, 0.59375
surrogate, 73, 27.0, 0.53125
surrogate, 73, 27.0, 0.53125
surrogate, 73, 27.0, 0.53125
surrogate, 73, 27.0, 0.53125
surrogate, 73, 27.0, 0.53125
surrogate, 73, 27.0, 0.53125
surrogate, 73, 27.0, 0.53125
surrogate, 73, 27.0, 0.53125
surrogate, 73, 27.0, 0.53125
surrogate, 73, 27.0, 0.53125
surrogate, 73, 27.0, 0.53125
surrogate, 73, 27.0, 0.53125
surrogate, 73, 27.0, 0.53125
surrogate, 73, 27.0, 0.53125
surrogate, 73, 25.0, 0.375
surrogate, 73, 25.0, 0.375
surrogate, 73, 25.0, 0.375
surrogate, 73, 25.0, 0.375
surrogate, 73, 25.0, 0.375
surrogate, 73, 25.0, 0.375
surrogate, 73, 25.0, 0.375
surrogate, 73, 25.0, 0.375
surrogate, 73, 25.0, 0.375
surrogate, 73, 25.0, 0.375
surrogate, 73, 25.0, 0.375
surrogate, 73, 25.0, 0.375
surrogate, 73, 25.0, 0.375
surrogate, 73, 25.0, 0.375
surrogate, 73, 25.0, 0.375
surrogate, 73, 25.0, 0.375
surrogate, 73, 25.0, 0.375
surrogate, 73, 25.0, 0.375
surrogate, 73, 25.0, 0.375
surrogate, 73, 25.0, 0.375
surrogate, 73, 25.0, 0.375
surrogate, 73, 25.0, 0.375
surrogate, 73, 25.0, 0.375
surrogate, 73, 25.0, 0.375
surrogate, 73, 25.0, 0.375
surrogate, 73, 25.0, 0.375
surrogate, 73, 25.0, 0.375
surrogate, 73, 25.0, 0.375
surrogate, 73, 25.0, 0.375
surrogate, 73, 23.0, 0.28125
surrogate, 73, 23.0, 0.28125
surrogate, 73, 23.0, 0.28125
surrogate, 73, 23.0, 0.28125
surrogate, 73, 23.0, 0.28125
surrogate, 73, 23.0, 0.28125
surrogate, 73, 23.0, 0.28125
surrogate, 73, 23.0, 0.28125
surrogate, 73, 23.0, 0.28125
surrogate, 73, 23.0, 0.28125
surrogate, 73, 23.0, 0.28125
surrogate, 73, 23.0, 0.28125
surrogate, 73, 23.0, 0.28125
surrogate, 73, 23.0, 0.28125
surrogate, 73, 23.0, 0.28125
surrogate, 73, 23.0, 0.28125
surrogate, 73, 23.0, 0.28125
surrogate, 73, 23.0, 0.28125
surrogate, 73, 23.0, 0.28125
surrogate, 73, 23.0, 0.28125
surrogate, 73, 23.0, 0.28125
surrogate, 73, 23.0, 0.28125
surrogate, 73, 23.0, 0.28125
surrogate, 73, 23.0, 0.28125
surrogate, 73, 23.0, 0.28125
surrogate, 73, 23.0, 0.28125
surrogate, 73, 17.0, 0.03125
surrogate, 73, 17.0, 0.03125
surrogate, 73, 17.0, 0.03125
surrogate, 73, 17.0, 0.03125
surrogate, 73, 17.0, 0.03125
surrogate, 73, 17.0, 0.03125
surrogate, 73, 17.0, 0.03125
surrogate, 73, 17.0, 0.03125
surrogate, 73, 17.0, 0.03125
surrogate, 73, 17.0, 0.03125
surrogate, 73, 17.0, 0.03125
surrogate, 73, 17.0, 0.03125
surrogate, 73, 17.0, 0.03125
surrogate, 73, 17.0, 0.03125
surrogate, 73, 17.0, 0.03125
surrogate, 73, 17.0, 0.03125
surrogate, 73, 17.0, 0.03125
surrogate, 73, 17.0, 0.03125
surrogate, 73, 17.0, 0.03125
surrogate, 73, 17.0, 0.03125
surrogate, 73, 17.0, 0.03125
surrogate, 73, 17.0, 0.03125
surrogate, 73, 17.0, 0.03125
surrogate, 73, 17.0, 0.03125
surrogate, 73, 17.0, 0.03125
surrogate, 73, 17.0, 0.03125
surrogate, 73, 17.0, 0.03125
surrogate, 73, 17.0, 0.03125
surrogate, 73, 17.0, 0.03125
surrogate, 73, 17.0, 0.03125
surrogate, 73, 17.0, 0.03125
surrogate, 73, 17.0, 0.03125
surrogate, 73, 17.0, 0.03125
surrogate, 73, 17.0, 0.03125
surrogate, 73, 17.0, 0.03125
surrogate, 73, 17.0, 0.03125
surrogate, 73, 17.0, 0.03125
surrogate, 73, 17.0, 0.03125
surrogate, 73, 17.0, 0.03125
surrogate, 73, 17.0, 0.03125
surrogate, 73, 17.0, 0.03125
surrogate, 73, 17.0, 0.03125
surrogate, 73, 17.0, 0.03125
surrogate, 73, 17.0, 0.03125
surrogate, 73, 17.0, 0.03125
surrogate, 73, 17.0, 0.03125
surrogate, 73, 17.0, 0.03125
surrogate, 73, 17.0, 0.03125
surrogate, 73, 17.0, 0.03125
surrogate, 73, 17.0, 0.03125
surrogate, 73, 17.0, 0.03125
surrogate, 73, 17.0, 0.03125
surrogate, 73, 17.0, 0.03125
surrogate, 73, 17.0, 0.03125
surrogate, 73, 17.0, 0.03125
surrogate, 73, 17.0, 0.03125
surrogate, 73, 17.0, 0.03125
surrogate, 73, 17.0, 0.03125
surrogate, 74, 30.0, 0.65625
surrogate, 74, 30.0, 0.65625
surrogate, 74, 30.0, 0.65625
surrogate, 74, 30.0, 0.65625
surrogate, 74, 30.0, 0.65625
surrogate, 74, 30.0, 0.65625
surrogate, 74, 30.0, 0.65625
surrogate, 74, 30.0, 0.65625
surrogate, 74, 30.0, 0.65625
surrogate, 74, 30.0, 0.65625
surrogate, 74, 30.0, 0.65625
surrogate, 74, 30.0, 0.65625
surrogate, 74, 29.0, 0.59375
surrogate, 74, 29.0, 0.59375
surrogate, 74, 29.0, 0.59375
surrogate, 74, 29.0, 0.59375
surrogate, 74, 29.0, 0.59375
surrogate, 74, 29.0, 0.59375
surrogate, 74, 29.0, 0.59375
surrogate, 74, 29.0, 0.59375
surrogate, 74, 29.0, 0.59375
surrogate, 74, 29.0, 0.59375
surrogate, 74, 29.0, 0.59375
surrogate, 74, 27.0, 0.53125
surrogate, 74, 27.0, 0.53125
surrogate, 74, 27.0, 0.53125
surrogate, 74, 27.0, 0.53125
surrogate, 74, 27.0, 0.53125
surrogate, 74, 27.0, 0.53125
surrogate, 74, 27.0, 0.53125
surrogate, 74, 27.0, 0.53125
surrogate, 74, 27.0, 0.53125
surrogate, 74, 27.0, 0.53125
surrogate, 74, 27.0, 0.53125
surrogate, 74, 27.0, 0.53125
surrogate, 74, 27.0, 0.53125
surrogate, 74, 27.0, 0.53125
surrogate, 74, 27.0, 0.53125
surrogate, 74, 24.0, 0.375
surrogate, 74, 23.0, 0.28125
surrogate, 74, 23.0, 0.28125
surrogate, 74, 23.0, 0.28125
surrogate, 74, 23.0, 0.28125
surrogate, 74, 23.0, 0.28125
surrogate, 74, 23.0, 0.28125
surrogate, 74, 23.0, 0.28125
surrogate, 74, 23.0, 0.28125
surrogate, 74, 23.0, 0.28125
surrogate, 74, 23.0, 0.28125
surrogate, 74, 23.0, 0.28125
surrogate, 74, 23.0, 0.28125
surrogate, 74, 23.0, 0.28125
surrogate, 74, 23.0, 0.28125
surrogate, 74, 23.0, 0.28125
surrogate, 74, 23.0, 0.28125
surrogate, 74, 23.0, 0.28125
surrogate, 74, 23.0, 0.28125
surrogate, 74, 23.0, 0.28125
surrogate, 74, 23.0, 0.28125
surrogate, 74, 23.0, 0.28125
surrogate, 74, 23.0, 0.28125
surrogate, 74, 23.0, 0.28125
surrogate, 74, 23.0, 0.28125
surrogate, 74, 23.0, 0.28125
surrogate, 74, 23.0, 0.28125
surrogate, 74, 23.0, 0.28125
surrogate, 74, 17.0, 0.03125
surrogate, 74, 17.0, 0.03125
surrogate, 74, 17.0, 0.03125
surrogate, 74, 17.0, 0.03125
surrogate, 74, 17.0, 0.03125
surrogate, 74, 17.0, 0.03125
surrogate, 74, 17.0, 0.03125
surrogate, 74, 17.0, 0.03125
surrogate, 74, 17.0, 0.03125
surrogate, 74, 17.0, 0.03125
surrogate, 74, 17.0, 0.03125
surrogate, 74, 17.0, 0.03125
surrogate, 74, 17.0, 0.03125
surrogate, 74, 17.0, 0.03125
surrogate, 74, 17.0, 0.03125
surrogate, 74, 17.0, 0.03125
surrogate, 74, 17.0, 0.03125
surrogate, 74, 17.0, 0.03125
surrogate, 74, 17.0, 0.03125
surrogate, 74, 17.0, 0.03125
surrogate, 74, 17.0, 0.03125
surrogate, 74, 17.0, 0.03125
surrogate, 74, 17.0, 0.03125
surrogate, 74, 17.0, 0.03125
surrogate, 74, 17.0, 0.03125
surrogate, 74, 17.0, 0.03125
surrogate, 74, 17.0, 0.03125
surrogate, 74, 17.0, 0.03125
surrogate, 74, 17.0, 0.03125
surrogate, 74, 17.0, 0.03125
surrogate, 74, 17.0, 0.03125
surrogate, 74, 17.0, 0.03125
surrogate, 74, 17.0, 0.03125
surrogate, 74, 17.0, 0.03125
surrogate, 74, 17.0, 0.03125
surrogate, 74, 17.0, 0.03125
surrogate, 74, 17.0, 0.03125
surrogate, 74, 17.0, 0.03125
surrogate, 74, 17.0, 0.03125
surrogate, 74, 17.0, 0.03125
surrogate, 74, 17.0, 0.03125
surrogate, 74, 17.0, 0.03125
surrogate, 74, 17.0, 0.03125
surrogate, 74, 17.0, 0.03125
surrogate, 74, 17.0, 0.03125
surrogate, 74, 17.0, 0.03125
surrogate, 74, 17.0, 0.03125
surrogate, 74, 17.0, 0.03125
surrogate, 74, 17.0, 0.03125
surrogate, 74, 17.0, 0.03125
surrogate, 74, 17.0, 0.03125
surrogate, 74, 17.0, 0.03125
surrogate, 74, 17.0, 0.03125
surrogate, 74, 17.0, 0.03125
surrogate, 74, 17.0, 0.03125
surrogate, 74, 17.0, 0.03125
surrogate, 74, 17.0, 0.03125
surrogate, 74, 17.0, 0.03125
surrogate, 74, 17.0, 0.03125
surrogate, 75, 30.0, 0.65625
surrogate, 75, 30.0, 0.65625
surrogate, 75, 30.0, 0.65625
surrogate, 75, 30.0, 0.65625
surrogate, 75, 30.0, 0.65625
surrogate, 75, 30.0, 0.65625
surrogate, 75, 30.0, 0.65625
surrogate, 75, 30.0, 0.65625
surrogate, 75, 30.0, 0.65625
surrogate, 75, 30.0, 0.65625
surrogate, 75, 30.0, 0.65625
surrogate, 75, 30.0, 0.65625
surrogate, 75, 30.0, 0.65625
surrogate, 75, 29.0, 0.59375
surrogate, 75, 29.0, 0.59375
surrogate, 75, 29.0, 0.59375
surrogate, 75, 29.0, 0.59375
surrogate, 75, 29.0, 0.59375
surrogate, 75, 29.0, 0.59375
surrogate, 75, 29.0, 0.59375
surrogate, 75, 29.0, 0.59375
surrogate, 75, 29.0, 0.59375
surrogate, 75, 29.0, 0.59375
surrogate, 75, 29.0, 0.59375
surrogate, 75, 29.0, 0.59375
surrogate, 75, 27.0, 0.53125
surrogate, 75, 27.0, 0.53125
surrogate, 75, 27.0, 0.53125
surrogate, 75, 27.0, 0.53125
surrogate, 75, 27.0, 0.53125
surrogate, 75, 27.0, 0.53125
surrogate, 75, 27.0, 0.53125
surrogate, 75, 27.0, 0.53125
surrogate, 75, 27.0, 0.53125
surrogate, 75, 27.0, 0.53125
surrogate, 75, 27.0, 0.53125
surrogate, 75, 27.0, 0.53125
surrogate, 75, 27.0, 0.53125
surrogate, 75, 27.0, 0.53125
surrogate, 75, 27.0, 0.53125
surrogate, 75, 27.0, 0.53125
surrogate, 75, 24.0, 0.375
surrogate, 75, 24.0, 0.375
surrogate, 75, 23.0, 0.28125
surrogate, 75, 23.0, 0.28125
surrogate, 75, 23.0, 0.28125
surrogate, 75, 23.0, 0.28125
surrogate, 75, 23.0, 0.28125
surrogate, 75, 23.0, 0.28125
surrogate, 75, 23.0, 0.28125
surrogate, 75, 23.0, 0.28125
surrogate, 75, 23.0, 0.28125
surrogate, 75, 23.0, 0.28125
surrogate, 75, 23.0, 0.28125
surrogate, 75, 23.0, 0.28125
surrogate, 75, 23.0, 0.28125
surrogate, 75, 23.0, 0.28125
surrogate, 75, 23.0, 0.28125
surrogate, 75, 23.0, 0.28125
surrogate, 75, 23.0, 0.28125
surrogate, 75, 23.0, 0.28125
surrogate, 75, 23.0, 0.28125
surrogate, 75, 23.0, 0.28125
surrogate, 75, 23.0, 0.28125
surrogate, 75, 23.0, 0.28125
surrogate, 75, 23.0, 0.28125
surrogate, 75, 23.0, 0.28125
surrogate, 75, 23.0, 0.28125
surrogate, 75, 23.0, 0.28125
surrogate, 75, 23.0, 0.28125
surrogate, 75, 23.0, 0.28125
surrogate, 75, 17.0, 0.03125
surrogate, 75, 17.0, 0.03125
surrogate, 75, 17.0, 0.03125
surrogate, 75, 17.0, 0.03125
surrogate, 75, 17.0, 0.03125
surrogate, 75, 17.0, 0.03125
surrogate, 75, 17.0, 0.03125
surrogate, 75, 17.0, 0.03125
surrogate, 75, 17.0, 0.03125
surrogate, 75, 17.0, 0.03125
surrogate, 75, 17.0, 0.03125
surrogate, 75, 17.0, 0.03125
surrogate, 75, 17.0, 0.03125
surrogate, 75, 17.0, 0.03125
surrogate, 75, 17.0, 0.03125
surrogate, 75, 17.0, 0.03125
surrogate, 75, 17.0, 0.03125
surrogate, 75, 17.0, 0.03125
surrogate, 75, 17.0, 0.03125
surrogate, 75, 17.0, 0.03125
surrogate, 75, 17.0, 0.03125
surrogate, 75, 17.0, 0.03125
surrogate, 75, 17.0, 0.03125
surrogate, 75, 17.0, 0.03125
surrogate, 75, 17.0, 0.03125
surrogate, 75, 17.0, 0.03125
surrogate, 75, 17.0, 0.03125
surrogate, 75, 17.0, 0.03125
surrogate, 75, 17.0, 0.03125
surrogate, 75, 17.0, 0.03125
surrogate, 75, 17.0, 0.03125
surrogate, 75, 17.0, 0.03125
surrogate, 75, 17.0, 0.03125
surrogate, 75, 17.0, 0.03125
surrogate, 75, 17.0, 0.03125
surrogate, 75, 17.0, 0.03125
surrogate, 75, 17.0, 0.03125
surrogate, 75, 17.0, 0.03125
surrogate, 75, 17.0, 0.03125
surrogate, 75, 17.0, 0.03125
surrogate, 75, 17.0, 0.03125
surrogate, 75, 17.0, 0.03125
surrogate, 75, 17.0, 0.03125
surrogate, 75, 17.0, 0.03125
surrogate, 75, 17.0, 0.03125
surrogate, 75, 17.0, 0.03125
surrogate, 75, 17.0, 0.03125
surrogate, 75, 17.0, 0.03125
surrogate, 75, 17.0, 0.03125
surrogate, 75, 17.0, 0.03125
surrogate, 75, 17.0, 0.03125
surrogate, 75, 17.0, 0.03125
surrogate, 75, 17.0, 0.03125
surrogate, 75, 17.0, 0.03125
surrogate, 75, 17.0, 0.03125
surrogate, 75, 17.0, 0.03125
surrogate, 75, 17.0, 0.03125
surrogate, 75, 17.0, 0.03125
surrogate, 75, 17.0, 0.03125
surrogate, 75, 17.0, 0.03125
surrogate, 76, 30.0, 0.65625
surrogate, 76, 30.0, 0.65625
surrogate, 76, 30.0, 0.65625
surrogate, 76, 30.0, 0.65625
surrogate, 76, 30.0, 0.65625
surrogate, 76, 30.0, 0.65625
surrogate, 76, 30.0, 0.65625
surrogate, 76, 30.0, 0.65625
surrogate, 76, 30.0, 0.65625
surrogate, 76, 30.0, 0.65625
surrogate, 76, 30.0, 0.65625
surrogate, 76, 30.0, 0.65625
surrogate, 76, 30.0, 0.65625
surrogate, 76, 30.0, 0.65625
surrogate, 76, 29.0, 0.59375
surrogate, 76, 29.0, 0.59375
surrogate, 76, 29.0, 0.59375
surrogate, 76, 29.0, 0.59375
surrogate, 76, 29.0, 0.59375
surrogate, 76, 29.0, 0.59375
surrogate, 76, 29.0, 0.59375
surrogate, 76, 29.0, 0.59375
surrogate, 76, 29.0, 0.59375
surrogate, 76, 29.0, 0.59375
surrogate, 76, 29.0, 0.59375
surrogate, 76, 29.0, 0.59375
surrogate, 76, 29.0, 0.59375
surrogate, 76, 27.0, 0.53125
surrogate, 76, 27.0, 0.53125
surrogate, 76, 27.0, 0.53125
surrogate, 76, 27.0, 0.53125
surrogate, 76, 27.0, 0.53125
surrogate, 76, 27.0, 0.53125
surrogate, 76, 27.0, 0.53125
surrogate, 76, 27.0, 0.53125
surrogate, 76, 27.0, 0.53125
surrogate, 76, 27.0, 0.53125
surrogate, 76, 27.0, 0.53125
surrogate, 76, 27.0, 0.53125
surrogate, 76, 27.0, 0.53125
surrogate, 76, 27.0, 0.53125
surrogate, 76, 27.0, 0.53125
surrogate, 76, 27.0, 0.53125
surrogate, 76, 27.0, 0.53125
surrogate, 76, 24.0, 0.375
surrogate, 76, 24.0, 0.375
surrogate, 76, 23.0, 0.28125
surrogate, 76, 23.0, 0.28125
surrogate, 76, 23.0, 0.28125
surrogate, 76, 23.0, 0.28125
surrogate, 76, 23.0, 0.28125
surrogate, 76, 23.0, 0.28125
surrogate, 76, 23.0, 0.28125
surrogate, 76, 23.0, 0.28125
surrogate, 76, 23.0, 0.28125
surrogate, 76, 23.0, 0.28125
surrogate, 76, 23.0, 0.28125
surrogate, 76, 23.0, 0.28125
surrogate, 76, 23.0, 0.28125
surrogate, 76, 23.0, 0.28125
surrogate, 76, 23.0, 0.28125
surrogate, 76, 23.0, 0.28125
surrogate, 76, 23.0, 0.28125
surrogate, 76, 23.0, 0.28125
surrogate, 76, 23.0, 0.28125
surrogate, 76, 23.0, 0.28125
surrogate, 76, 23.0, 0.28125
surrogate, 76, 23.0, 0.28125
surrogate, 76, 23.0, 0.28125
surrogate, 76, 23.0, 0.28125
surrogate, 76, 23.0, 0.28125
surrogate, 76, 23.0, 0.28125
surrogate, 76, 23.0, 0.28125
surrogate, 76, 23.0, 0.28125
surrogate, 76, 23.0, 0.28125
surrogate, 76, 17.0, 0.03125
surrogate, 76, 17.0, 0.03125
surrogate, 76, 17.0, 0.03125
surrogate, 76, 17.0, 0.03125
surrogate, 76, 17.0, 0.03125
surrogate, 76, 17.0, 0.03125
surrogate, 76, 17.0, 0.03125
surrogate, 76, 17.0, 0.03125
surrogate, 76, 17.0, 0.03125
surrogate, 76, 17.0, 0.03125
surrogate, 76, 17.0, 0.03125
surrogate, 76, 17.0, 0.03125
surrogate, 76, 17.0, 0.03125
surrogate, 76, 17.0, 0.03125
surrogate, 76, 17.0, 0.03125
surrogate, 76, 17.0, 0.03125
surrogate, 76, 17.0, 0.03125
surrogate, 76, 17.0, 0.03125
surrogate, 76, 17.0, 0.03125
surrogate, 76, 17.0, 0.03125
surrogate, 76, 17.0, 0.03125
surrogate, 76, 17.0, 0.03125
surrogate, 76, 17.0, 0.03125
surrogate, 76, 17.0, 0.03125
surrogate, 76, 17.0, 0.03125
surrogate, 76, 17.0, 0.03125
surrogate, 76, 17.0, 0.03125
surrogate, 76, 17.0, 0.03125
surrogate, 76, 17.0, 0.03125
surrogate, 76, 17.0, 0.03125
surrogate, 76, 17.0, 0.03125
surrogate, 76, 17.0, 0.03125
surrogate, 76, 17.0, 0.03125
surrogate, 76, 17.0, 0.03125
surrogate, 76, 17.0, 0.03125
surrogate, 76, 17.0, 0.03125
surrogate, 76, 17.0, 0.03125
surrogate, 76, 17.0, 0.03125
surrogate, 76, 17.0, 0.03125
surrogate, 76, 17.0, 0.03125
surrogate, 76, 17.0, 0.03125
surrogate, 76, 17.0, 0.03125
surrogate, 76, 17.0, 0.03125
surrogate, 76, 17.0, 0.03125
surrogate, 76, 17.0, 0.03125
surrogate, 76, 17.0, 0.03125
surrogate, 76, 17.0, 0.03125
surrogate, 76, 17.0, 0.03125
surrogate, 76, 17.0, 0.03125
surrogate, 76, 17.0, 0.03125
surrogate, 76, 17.0, 0.03125
surrogate, 76, 17.0, 0.03125
surrogate, 76, 17.0, 0.03125
surrogate, 76, 17.0, 0.03125
surrogate, 76, 17.0, 0.03125
surrogate, 76, 17.0, 0.03125
surrogate, 76, 17.0, 0.03125
surrogate, 76, 17.0, 0.03125
surrogate, 76, 17.0, 0.03125
surrogate, 76, 17.0, 0.03125
surrogate, 77, 30.0, 0.65625
surrogate, 77, 30.0, 0.65625
surrogate, 77, 30.0, 0.65625
surrogate, 77, 30.0, 0.65625
surrogate, 77, 30.0, 0.65625
surrogate, 77, 30.0, 0.65625
surrogate, 77, 30.0, 0.65625
surrogate, 77, 30.0, 0.65625
surrogate, 77, 30.0, 0.65625
surrogate, 77, 30.0, 0.65625
surrogate, 77, 30.0, 0.65625
surrogate, 77, 30.0, 0.65625
surrogate, 77, 30.0, 0.65625
surrogate, 77, 30.0, 0.65625
surrogate, 77, 30.0, 0.65625
surrogate, 77, 29.0, 0.59375
surrogate, 77, 29.0, 0.59375
surrogate, 77, 29.0, 0.59375
surrogate, 77, 29.0, 0.59375
surrogate, 77, 29.0, 0.59375
surrogate, 77, 29.0, 0.59375
surrogate, 77, 29.0, 0.59375
surrogate, 77, 29.0, 0.59375
surrogate, 77, 29.0, 0.59375
surrogate, 77, 29.0, 0.59375
surrogate, 77, 29.0, 0.59375
surrogate, 77, 29.0, 0.59375
surrogate, 77, 29.0, 0.59375
surrogate, 77, 27.0, 0.53125
surrogate, 77, 27.0, 0.53125
surrogate, 77, 27.0, 0.53125
surrogate, 77, 27.0, 0.53125
surrogate, 77, 27.0, 0.53125
surrogate, 77, 27.0, 0.53125
surrogate, 77, 27.0, 0.53125
surrogate, 77, 27.0, 0.53125
surrogate, 77, 27.0, 0.53125
surrogate, 77, 27.0, 0.53125
surrogate, 77, 27.0, 0.53125
surrogate, 77, 27.0, 0.53125
surrogate, 77, 27.0, 0.53125
surrogate, 77, 27.0, 0.53125
surrogate, 77, 27.0, 0.53125
surrogate, 77, 27.0, 0.53125
surrogate, 77, 27.0, 0.53125
surrogate, 77, 27.0, 0.53125
surrogate, 77, 24.0, 0.375
surrogate, 77, 24.0, 0.375
surrogate, 77, 23.0, 0.28125
surrogate, 77, 23.0, 0.28125
surrogate, 77, 23.0, 0.28125
surrogate, 77, 23.0, 0.28125
surrogate, 77, 23.0, 0.28125
surrogate, 77, 23.0, 0.28125
surrogate, 77, 23.0, 0.28125
surrogate, 77, 23.0, 0.28125
surrogate, 77, 23.0, 0.28125
surrogate, 77, 23.0, 0.28125
surrogate, 77, 23.0, 0.28125
surrogate, 77, 23.0, 0.28125
surrogate, 77, 23.0, 0.28125
surrogate, 77, 23.0, 0.28125
surrogate, 77, 23.0, 0.28125
surrogate, 77, 23.0, 0.28125
surrogate, 77, 23.0, 0.28125
surrogate, 77, 23.0, 0.28125
surrogate, 77, 23.0, 0.28125
surrogate, 77, 23.0, 0.28125
surrogate, 77, 23.0, 0.28125
surrogate, 77, 23.0, 0.28125
surrogate, 77, 23.0, 0.28125
surrogate, 77, 23.0, 0.28125
surrogate, 77, 23.0, 0.28125
surrogate, 77, 23.0, 0.28125
surrogate, 77, 23.0, 0.28125
surrogate, 77, 23.0, 0.28125
surrogate, 77, 23.0, 0.28125
surrogate, 77, 17.0, 0.03125
surrogate, 77, 17.0, 0.03125
surrogate, 77, 17.0, 0.03125
surrogate, 77, 17.0, 0.03125
surrogate, 77, 17.0, 0.03125
surrogate, 77, 17.0, 0.03125
surrogate, 77, 17.0, 0.03125
surrogate, 77, 17.0, 0.03125
surrogate, 77, 17.0, 0.03125
surrogate, 77, 17.0, 0.03125
surrogate, 77, 17.0, 0.03125
surrogate, 77, 17.0, 0.03125
surrogate, 77, 17.0, 0.03125
surrogate, 77, 17.0, 0.03125
surrogate, 77, 17.0, 0.03125
surrogate, 77, 17.0, 0.03125
surrogate, 77, 17.0, 0.03125
surrogate, 77, 17.0, 0.03125
surrogate, 77, 17.0, 0.03125
surrogate, 77, 17.0, 0.03125
surrogate, 77, 17.0, 0.03125
surrogate, 77, 17.0, 0.03125
surrogate, 77, 17.0, 0.03125
surrogate, 77, 17.0, 0.03125
surrogate, 77, 17.0, 0.03125
surrogate, 77, 17.0, 0.03125
surrogate, 77, 17.0, 0.03125
surrogate, 77, 17.0, 0.03125
surrogate, 77, 17.0, 0.03125
surrogate, 77, 17.0, 0.03125
surrogate, 77, 17.0, 0.03125
surrogate, 77, 17.0, 0.03125
surrogate, 77, 17.0, 0.03125
surrogate, 77, 17.0, 0.03125
surrogate, 77, 17.0, 0.03125
surrogate, 77, 17.0, 0.03125
surrogate, 77, 17.0, 0.03125
surrogate, 77, 17.0, 0.03125
surrogate, 77, 17.0, 0.03125
surrogate, 77, 17.0, 0.03125
surrogate, 77, 17.0, 0.03125
surrogate, 77, 17.0, 0.03125
surrogate, 77, 17.0, 0.03125
surrogate, 77, 17.0, 0.03125
surrogate, 77, 17.0, 0.03125
surrogate, 77, 17.0, 0.03125
surrogate, 77, 17.0, 0.03125
surrogate, 77, 17.0, 0.03125
surrogate, 77, 17.0, 0.03125
surrogate, 77, 17.0, 0.03125
surrogate, 77, 17.0, 0.03125
surrogate, 77, 17.0, 0.03125
surrogate, 77, 17.0, 0.03125
surrogate, 77, 17.0, 0.03125
surrogate, 77, 17.0, 0.03125
surrogate, 77, 17.0, 0.03125
surrogate, 77, 17.0, 0.03125
surrogate, 77, 17.0, 0.03125
surrogate, 77, 17.0, 0.03125
surrogate, 77, 17.0, 0.03125
surrogate, 78, 30.0, 0.65625
surrogate, 78, 30.0, 0.65625
surrogate, 78, 30.0, 0.65625
surrogate, 78, 30.0, 0.65625
surrogate, 78, 30.0, 0.65625
surrogate, 78, 30.0, 0.65625
surrogate, 78, 30.0, 0.65625
surrogate, 78, 30.0, 0.65625
surrogate, 78, 30.0, 0.65625
surrogate, 78, 30.0, 0.65625
surrogate, 78, 30.0, 0.65625
surrogate, 78, 30.0, 0.65625
surrogate, 78, 30.0, 0.65625
surrogate, 78, 30.0, 0.65625
surrogate, 78, 30.0, 0.65625
surrogate, 78, 30.0, 0.65625
surrogate, 78, 29.0, 0.59375
surrogate, 78, 29.0, 0.59375
surrogate, 78, 29.0, 0.59375
surrogate, 78, 29.0, 0.59375
surrogate, 78, 29.0, 0.59375
surrogate, 78, 29.0, 0.59375
surrogate, 78, 29.0, 0.59375
surrogate, 78, 29.0, 0.59375
surrogate, 78, 29.0, 0.59375
surrogate, 78, 29.0, 0.59375
surrogate, 78, 29.0, 0.59375
surrogate, 78, 29.0, 0.59375
surrogate, 78, 29.0, 0.59375
surrogate, 78, 29.0, 0.59375
surrogate, 78, 27.0, 0.53125
surrogate, 78, 27.0, 0.53125
surrogate, 78, 27.0, 0.53125
surrogate, 78, 27.0, 0.53125
surrogate, 78, 27.0, 0.53125
surrogate, 78, 27.0, 0.53125
surrogate, 78, 27.0, 0.53125
surrogate, 78, 27.0, 0.53125
surrogate, 78, 27.0, 0.53125
surrogate, 78, 27.0, 0.53125
surrogate, 78, 27.0, 0.53125
surrogate, 78, 27.0, 0.53125
surrogate, 78, 27.0, 0.53125
surrogate, 78, 27.0, 0.53125
surrogate, 78, 27.0, 0.53125
surrogate, 78, 27.0, 0.53125
surrogate, 78, 27.0, 0.53125
surrogate, 78, 27.0, 0.53125
surrogate, 78, 27.0, 0.53125
surrogate, 78, 24.0, 0.375
surrogate, 78, 24.0, 0.375
surrogate, 78, 24.0, 0.375
surrogate, 78, 23.0, 0.28125
surrogate, 78, 23.0, 0.28125
surrogate, 78, 23.0, 0.28125
surrogate, 78, 23.0, 0.28125
surrogate, 78, 23.0, 0.28125
surrogate, 78, 23.0, 0.28125
surrogate, 78, 23.0, 0.28125
surrogate, 78, 23.0, 0.28125
surrogate, 78, 23.0, 0.28125
surrogate, 78, 23.0, 0.28125
surrogate, 78, 23.0, 0.28125
surrogate, 78, 23.0, 0.28125
surrogate, 78, 23.0, 0.28125
surrogate, 78, 23.0, 0.28125
surrogate, 78, 23.0, 0.28125
surrogate, 78, 23.0, 0.28125
surrogate, 78, 23.0, 0.28125
surrogate, 78, 23.0, 0.28125
surrogate, 78, 23.0, 0.28125
surrogate, 78, 23.0, 0.28125
surrogate, 78, 23.0, 0.28125
surrogate, 78, 23.0, 0.28125
surrogate, 78, 23.0, 0.28125
surrogate, 78, 23.0, 0.28125
surrogate, 78, 23.0, 0.28125
surrogate, 78, 23.0, 0.28125
surrogate, 78, 23.0, 0.28125
surrogate, 78, 23.0, 0.28125
surrogate, 78, 23.0, 0.28125
surrogate, 78, 23.0, 0.28125
surrogate, 78, 17.0, 0.03125
surrogate, 78, 17.0, 0.03125
surrogate, 78, 17.0, 0.03125
surrogate, 78, 17.0, 0.03125
surrogate, 78, 17.0, 0.03125
surrogate, 78, 17.0, 0.03125
surrogate, 78, 17.0, 0.03125
surrogate, 78, 17.0, 0.03125
surrogate, 78, 17.0, 0.03125
surrogate, 78, 17.0, 0.03125
surrogate, 78, 17.0, 0.03125
surrogate, 78, 17.0, 0.03125
surrogate, 78, 17.0, 0.03125
surrogate, 78, 17.0, 0.03125
surrogate, 78, 17.0, 0.03125
surrogate, 78, 17.0, 0.03125
surrogate, 78, 17.0, 0.03125
surrogate, 78, 17.0, 0.03125
surrogate, 78, 17.0, 0.03125
surrogate, 78, 17.0, 0.03125
surrogate, 78, 17.0, 0.03125
surrogate, 78, 17.0, 0.03125
surrogate, 78, 17.0, 0.03125
surrogate, 78, 17.0, 0.03125
surrogate, 78, 17.0, 0.03125
surrogate, 78, 17.0, 0.03125
surrogate, 78, 17.0, 0.03125
surrogate, 78, 17.0, 0.03125
surrogate, 78, 17.0, 0.03125
surrogate, 78, 17.0, 0.03125
surrogate, 78, 17.0, 0.03125
surrogate, 78, 17.0, 0.03125
surrogate, 78, 17.0, 0.03125
surrogate, 78, 17.0, 0.03125
surrogate, 78, 17.0, 0.03125
surrogate, 78, 17.0, 0.03125
surrogate, 78, 17.0, 0.03125
surrogate, 78, 17.0, 0.03125
surrogate, 78, 17.0, 0.03125
surrogate, 78, 17.0, 0.03125
surrogate, 78, 17.0, 0.03125
surrogate, 78, 17.0, 0.03125
surrogate, 78, 17.0, 0.03125
surrogate, 78, 17.0, 0.03125
surrogate, 78, 17.0, 0.03125
surrogate, 78, 17.0, 0.03125
surrogate, 78, 17.0, 0.03125
surrogate, 78, 17.0, 0.03125
surrogate, 78, 17.0, 0.03125
surrogate, 78, 17.0, 0.03125
surrogate, 78, 17.0, 0.03125
surrogate, 78, 17.0, 0.03125
surrogate, 78, 17.0, 0.03125
surrogate, 78, 17.0, 0.03125
surrogate, 78, 17.0, 0.03125
surrogate, 78, 17.0, 0.03125
surrogate, 78, 17.0, 0.03125
surrogate, 78, 17.0, 0.03125
surrogate, 78, 17.0, 0.03125
surrogate, 78, 17.0, 0.03125
surrogate, 78, 17.0, 0.03125
surrogate, 79, 30.0, 0.65625
surrogate, 79, 30.0, 0.65625
surrogate, 79, 30.0, 0.65625
surrogate, 79, 30.0, 0.65625
surrogate, 79, 30.0, 0.65625
surrogate, 79, 30.0, 0.65625
surrogate, 79, 30.0, 0.65625
surrogate, 79, 30.0, 0.65625
surrogate, 79, 30.0, 0.65625
surrogate, 79, 30.0, 0.65625
surrogate, 79, 30.0, 0.65625
surrogate, 79, 30.0, 0.65625
surrogate, 79, 30.0, 0.65625
surrogate, 79, 30.0, 0.65625
surrogate, 79, 30.0, 0.65625
surrogate, 79, 30.0, 0.65625
surrogate, 79, 29.0, 0.59375
surrogate, 79, 29.0, 0.59375
surrogate, 79, 29.0, 0.59375
surrogate, 79, 29.0, 0.59375
surrogate, 79, 29.0, 0.59375
surrogate, 79, 29.0, 0.59375
surrogate, 79, 29.0, 0.59375
surrogate, 79, 29.0, 0.59375
surrogate, 79, 29.0, 0.59375
surrogate, 79, 29.0, 0.59375
surrogate, 79, 29.0, 0.59375
surrogate, 79, 29.0, 0.59375
surrogate, 79, 29.0, 0.59375
surrogate, 79, 29.0, 0.59375
surrogate, 79, 27.0, 0.53125
surrogate, 79, 27.0, 0.53125
surrogate, 79, 27.0, 0.53125
surrogate, 79, 27.0, 0.53125
surrogate, 79, 27.0, 0.53125
surrogate, 79, 27.0, 0.53125
surrogate, 79, 27.0, 0.53125
surrogate, 79, 27.0, 0.53125
surrogate, 79, 27.0, 0.53125
surrogate, 79, 27.0, 0.53125
surrogate, 79, 27.0, 0.53125
surrogate, 79, 27.0, 0.53125
surrogate, 79, 27.0, 0.53125
surrogate, 79, 27.0, 0.53125
surrogate, 79, 27.0, 0.53125
surrogate, 79, 27.0, 0.53125
surrogate, 79, 27.0, 0.53125
surrogate, 79, 27.0, 0.53125
surrogate, 79, 27.0, 0.53125
surrogate, 79, 24.0, 0.375
surrogate, 79, 24.0, 0.375
surrogate, 79, 24.0, 0.375
surrogate, 79, 24.0, 0.375
surrogate, 79, 23.0, 0.28125
surrogate, 79, 23.0, 0.28125
surrogate, 79, 23.0, 0.28125
surrogate, 79, 23.0, 0.28125
surrogate, 79, 23.0, 0.28125
surrogate, 79, 23.0, 0.28125
surrogate, 79, 23.0, 0.28125
surrogate, 79, 23.0, 0.28125
surrogate, 79, 23.0, 0.28125
surrogate, 79, 23.0, 0.28125
surrogate, 79, 23.0, 0.28125
surrogate, 79, 23.0, 0.28125
surrogate, 79, 23.0, 0.28125
surrogate, 79, 23.0, 0.28125
surrogate, 79, 23.0, 0.28125
surrogate, 79, 23.0, 0.28125
surrogate, 79, 23.0, 0.28125
surrogate, 79, 23.0, 0.28125
surrogate, 79, 23.0, 0.28125
surrogate, 79, 23.0, 0.28125
surrogate, 79, 23.0, 0.28125
surrogate, 79, 23.0, 0.28125
surrogate, 79, 23.0, 0.28125
surrogate, 79, 23.0, 0.28125
surrogate, 79, 23.0, 0.28125
surrogate, 79, 23.0, 0.28125
surrogate, 79, 23.0, 0.28125
surrogate, 79, 23.0, 0.28125
surrogate, 79, 23.0, 0.28125
surrogate, 79, 23.0, 0.28125
surrogate, 79, 23.0, 0.28125
surrogate, 79, 17.0, 0.03125
surrogate, 79, 17.0, 0.03125
surrogate, 79, 17.0, 0.03125
surrogate, 79, 17.0, 0.03125
surrogate, 79, 17.0, 0.03125
surrogate, 79, 17.0, 0.03125
surrogate, 79, 17.0, 0.03125
surrogate, 79, 17.0, 0.03125
surrogate, 79, 17.0, 0.03125
surrogate, 79, 17.0, 0.03125
surrogate, 79, 17.0, 0.03125
surrogate, 79, 17.0, 0.03125
surrogate, 79, 17.0, 0.03125
surrogate, 79, 17.0, 0.03125
surrogate, 79, 17.0, 0.03125
surrogate, 79, 17.0, 0.03125
surrogate, 79, 17.0, 0.03125
surrogate, 79, 17.0, 0.03125
surrogate, 79, 17.0, 0.03125
surrogate, 79, 17.0, 0.03125
surrogate, 79, 17.0, 0.03125
surrogate, 79, 17.0, 0.03125
surrogate, 79, 17.0, 0.03125
surrogate, 79, 17.0, 0.03125
surrogate, 79, 17.0, 0.03125
surrogate, 79, 17.0, 0.03125
surrogate, 79, 17.0, 0.03125
surrogate, 79, 17.0, 0.03125
surrogate, 79, 17.0, 0.03125
surrogate, 79, 17.0, 0.03125
surrogate, 79, 17.0, 0.03125
surrogate, 79, 17.0, 0.03125
surrogate, 79, 17.0, 0.03125
surrogate, 79, 17.0, 0.03125
surrogate, 79, 17.0, 0.03125
surrogate, 79, 17.0, 0.03125
surrogate, 79, 17.0, 0.03125
surrogate, 79, 17.0, 0.03125
surrogate, 79, 17.0, 0.03125
surrogate, 79, 17.0, 0.03125
surrogate, 79, 17.0, 0.03125
surrogate, 79, 17.0, 0.03125
surrogate, 79, 17.0, 0.03125
surrogate, 79, 17.0, 0.03125
surrogate, 79, 17.0, 0.03125
surrogate, 79, 17.0, 0.03125
surrogate, 79, 17.0, 0.03125
surrogate, 79, 17.0, 0.03125
surrogate, 79, 17.0, 0.03125
surrogate, 79, 17.0, 0.03125
surrogate, 79, 17.0, 0.03125
surrogate, 79, 17.0, 0.03125
surrogate, 79, 17.0, 0.03125
surrogate, 79, 17.0, 0.03125
surrogate, 79, 17.0, 0.03125
surrogate, 79, 17.0, 0.03125
surrogate, 79, 17.0, 0.03125
surrogate, 79, 17.0, 0.03125
surrogate, 79, 17.0, 0.03125
surrogate, 79, 17.0, 0.03125
surrogate, 79, 17.0, 0.03125
surrogate, 79, 17.0, 0.03125
surrogate, 80, 30.0, 0.65625
surrogate, 80, 30.0, 0.65625
surrogate, 80, 30.0, 0.65625
surrogate, 80, 30.0, 0.65625
surrogate, 80, 30.0, 0.65625
surrogate, 80, 30.0, 0.65625
surrogate, 80, 30.0, 0.65625
surrogate, 80, 30.0, 0.65625
surrogate, 80, 30.0, 0.65625
surrogate, 80, 30.0, 0.65625
surrogate, 80, 30.0, 0.65625
surrogate, 80, 30.0, 0.65625
surrogate, 80, 30.0, 0.65625
surrogate, 80, 30.0, 0.65625
surrogate, 80, 30.0, 0.65625
surrogate, 80, 30.0, 0.65625
surrogate, 80, 30.0, 0.65625
surrogate, 80, 29.0, 0.59375
surrogate, 80, 29.0, 0.59375
surrogate, 80, 29.0, 0.59375
surrogate, 80, 29.0, 0.59375
surrogate, 80, 29.0, 0.59375
surrogate, 80, 29.0, 0.59375
surrogate, 80, 29.0, 0.59375
surrogate, 80, 29.0, 0.59375
surrogate, 80, 29.0, 0.59375
surrogate, 80, 29.0, 0.59375
surrogate, 80, 29.0, 0.59375
surrogate, 80, 29.0, 0.59375
surrogate, 80, 29.0, 0.59375
surrogate, 80, 29.0, 0.59375
surrogate, 80, 27.0, 0.53125
surrogate, 80, 27.0, 0.53125
surrogate, 80, 27.0, 0.53125
surrogate, 80, 27.0, 0.53125
surrogate, 80, 27.0, 0.53125
surrogate, 80, 27.0, 0.53125
surrogate, 80, 27.0, 0.53125
surrogate, 80, 27.0, 0.53125
surrogate, 80, 27.0, 0.53125
surrogate, 80, 27.0, 0.53125
surrogate, 80, 27.0, 0.53125
surrogate, 80, 27.0, 0.53125
surrogate, 80, 27.0, 0.53125
surrogate, 80, 27.0, 0.53125
surrogate, 80, 27.0, 0.53125
surrogate, 80, 27.0, 0.53125
surrogate, 80, 27.0, 0.53125
surrogate, 80, 27.0, 0.53125
surrogate, 80, 27.0, 0.53125
surrogate, 80, 24.0, 0.375
surrogate, 80, 24.0, 0.375
surrogate, 80, 24.0, 0.375
surrogate, 80, 24.0, 0.375
surrogate, 80, 23.0, 0.28125
surrogate, 80, 23.0, 0.28125
surrogate, 80, 23.0, 0.28125
surrogate, 80, 23.0, 0.28125
surrogate, 80, 23.0, 0.28125
surrogate, 80, 23.0, 0.28125
surrogate, 80, 23.0, 0.28125
surrogate, 80, 23.0, 0.28125
surrogate, 80, 23.0, 0.28125
surrogate, 80, 23.0, 0.28125
surrogate, 80, 23.0, 0.28125
surrogate, 80, 23.0, 0.28125
surrogate, 80, 23.0, 0.28125
surrogate, 80, 23.0, 0.28125
surrogate, 80, 23.0, 0.28125
surrogate, 80, 23.0, 0.28125
surrogate, 80, 23.0, 0.28125
surrogate, 80, 23.0, 0.28125
surrogate, 80, 23.0, 0.28125
surrogate, 80, 23.0, 0.28125
surrogate, 80, 23.0, 0.28125
surrogate, 80, 23.0, 0.28125
surrogate, 80, 23.0, 0.28125
surrogate, 80, 23.0, 0.28125
surrogate, 80, 23.0, 0.28125
surrogate, 80, 23.0, 0.28125
surrogate, 80, 23.0, 0.28125
surrogate, 80, 23.0, 0.28125
surrogate, 80, 23.0, 0.28125
surrogate, 80, 23.0, 0.28125
surrogate, 80, 23.0, 0.28125
surrogate, 80, 23.0, 0.28125
surrogate, 80, 17.0, 0.03125
surrogate, 80, 17.0, 0.03125
surrogate, 80, 17.0, 0.03125
surrogate, 80, 17.0, 0.03125
surrogate, 80, 17.0, 0.03125
surrogate, 80, 17.0, 0.03125
surrogate, 80, 17.0, 0.03125
surrogate, 80, 17.0, 0.03125
surrogate, 80, 17.0, 0.03125
surrogate, 80, 17.0, 0.03125
surrogate, 80, 17.0, 0.03125
surrogate, 80, 17.0, 0.03125
surrogate, 80, 17.0, 0.03125
surrogate, 80, 17.0, 0.03125
surrogate, 80, 17.0, 0.03125
surrogate, 80, 17.0, 0.03125
surrogate, 80, 17.0, 0.03125
surrogate, 80, 17.0, 0.03125
surrogate, 80, 17.0, 0.03125
surrogate, 80, 17.0, 0.03125
surrogate, 80, 17.0, 0.03125
surrogate, 80, 17.0, 0.03125
surrogate, 80, 17.0, 0.03125
surrogate, 80, 17.0, 0.03125
surrogate, 80, 17.0, 0.03125
surrogate, 80, 17.0, 0.03125
surrogate, 80, 17.0, 0.03125
surrogate, 80, 17.0, 0.03125
surrogate, 80, 17.0, 0.03125
surrogate, 80, 17.0, 0.03125
surrogate, 80, 17.0, 0.03125
surrogate, 80, 17.0, 0.03125
surrogate, 80, 17.0, 0.03125
surrogate, 80, 17.0, 0.03125
surrogate, 80, 17.0, 0.03125
surrogate, 80, 17.0, 0.03125
surrogate, 80, 17.0, 0.03125
surrogate, 80, 17.0, 0.03125
surrogate, 80, 17.0, 0.03125
surrogate, 80, 17.0, 0.03125
surrogate, 80, 17.0, 0.03125
surrogate, 80, 17.0, 0.03125
surrogate, 80, 17.0, 0.03125
surrogate, 80, 17.0, 0.03125
surrogate, 80, 17.0, 0.03125
surrogate, 80, 17.0, 0.03125
surrogate, 80, 17.0, 0.03125
surrogate, 80, 17.0, 0.03125
surrogate, 80, 17.0, 0.03125
surrogate, 80, 17.0, 0.03125
surrogate, 80, 17.0, 0.03125
surrogate, 80, 17.0, 0.03125
surrogate, 80, 17.0, 0.03125
surrogate, 80, 17.0, 0.03125
surrogate, 80, 17.0, 0.03125
surrogate, 80, 17.0, 0.03125
surrogate, 80, 17.0, 0.03125
surrogate, 80, 17.0, 0.03125
surrogate, 80, 17.0, 0.03125
surrogate, 80, 17.0, 0.03125
surrogate, 80, 17.0, 0.03125
surrogate, 80, 17.0, 0.03125
surrogate, 80, 17.0, 0.03125
surrogate, 81, 30.0, 0.65625
surrogate, 81, 30.0, 0.65625
surrogate, 81, 30.0, 0.65625
surrogate, 81, 30.0, 0.65625
surrogate, 81, 30.0, 0.65625
surrogate, 81, 30.0, 0.65625
surrogate, 81, 30.0, 0.65625
surrogate, 81, 30.0, 0.65625
surrogate, 81, 30.0, 0.65625
surrogate, 81, 30.0, 0.65625
surrogate, 81, 30.0, 0.65625
surrogate, 81, 30.0, 0.65625
surrogate, 81, 30.0, 0.65625
surrogate, 81, 30.0, 0.65625
surrogate, 81, 30.0, 0.65625
surrogate, 81, 30.0, 0.65625
surrogate, 81, 30.0, 0.65625
surrogate, 81, 29.0, 0.59375
surrogate, 81, 29.0, 0.59375
surrogate, 81, 29.0, 0.59375
surrogate, 81, 29.0, 0.59375
surrogate, 81, 29.0, 0.59375
surrogate, 81, 29.0, 0.59375
surrogate, 81, 29.0, 0.59375
surrogate, 81, 29.0, 0.59375
surrogate, 81, 29.0, 0.59375
surrogate, 81, 29.0, 0.59375
surrogate, 81, 29.0, 0.59375
surrogate, 81, 29.0, 0.59375
surrogate, 81, 29.0, 0.59375
surrogate, 81, 29.0, 0.59375
surrogate, 81, 27.0, 0.53125
surrogate, 81, 27.0, 0.53125
surrogate, 81, 27.0, 0.53125
surrogate, 81, 27.0, 0.53125
surrogate, 81, 27.0, 0.53125
surrogate, 81, 27.0, 0.53125
surrogate, 81, 27.0, 0.53125
surrogate, 81, 27.0, 0.53125
surrogate, 81, 27.0, 0.53125
surrogate, 81, 27.0, 0.53125
surrogate, 81, 27.0, 0.53125
surrogate, 81, 27.0, 0.53125
surrogate, 81, 27.0, 0.53125
surrogate, 81, 27.0, 0.53125
surrogate, 81, 27.0, 0.53125
surrogate, 81, 27.0, 0.53125
surrogate, 81, 27.0, 0.53125
surrogate, 81, 27.0, 0.53125
surrogate, 81, 27.0, 0.53125
surrogate, 81, 27.0, 0.53125
surrogate, 81, 24.0, 0.375
surrogate, 81, 24.0, 0.375
surrogate, 81, 24.0, 0.375
surrogate, 81, 24.0, 0.375
surrogate, 81, 24.0, 0.375
surrogate, 81, 23.0, 0.28125
surrogate, 81, 23.0, 0.28125
surrogate, 81, 23.0, 0.28125
surrogate, 81, 23.0, 0.28125
surrogate, 81, 23.0, 0.28125
surrogate, 81, 23.0, 0.28125
surrogate, 81, 23.0, 0.28125
surrogate, 81, 23.0, 0.28125
surrogate, 81, 23.0, 0.28125
surrogate, 81, 23.0, 0.28125
surrogate, 81, 23.0, 0.28125
surrogate, 81, 23.0, 0.28125
surrogate, 81, 23.0, 0.28125
surrogate, 81, 23.0, 0.28125
surrogate, 81, 23.0, 0.28125
surrogate, 81, 23.0, 0.28125
surrogate, 81, 23.0, 0.28125
surrogate, 81, 23.0, 0.28125
surrogate, 81, 23.0, 0.28125
surrogate, 81, 23.0, 0.28125
surrogate, 81, 23.0, 0.28125
surrogate, 81, 23.0, 0.28125
surrogate, 81, 23.0, 0.28125
surrogate, 81, 23.0, 0.28125
surrogate, 81, 23.0, 0.28125
surrogate, 81, 23.0, 0.28125
surrogate, 81, 23.0, 0.28125
surrogate, 81, 23.0, 0.28125
surrogate, 81, 23.0, 0.28125
surrogate, 81, 23.0, 0.28125
surrogate, 81, 23.0, 0.28125
surrogate, 81, 23.0, 0.28125
surrogate, 81, 23.0, 0.28125
surrogate, 81, 17.0, 0.03125
surrogate, 81, 17.0, 0.03125
surrogate, 81, 17.0, 0.03125
surrogate, 81, 17.0, 0.03125
surrogate, 81, 17.0, 0.03125
surrogate, 81, 17.0, 0.03125
surrogate, 81, 17.0, 0.03125
surrogate, 81, 17.0, 0.03125
surrogate, 81, 17.0, 0.03125
surrogate, 81, 17.0, 0.03125
surrogate, 81, 17.0, 0.03125
surrogate, 81, 17.0, 0.03125
surrogate, 81, 17.0, 0.03125
surrogate, 81, 17.0, 0.03125
surrogate, 81, 17.0, 0.03125
surrogate, 81, 17.0, 0.03125
surrogate, 81, 17.0, 0.03125
surrogate, 81, 17.0, 0.03125
surrogate, 81, 17.0, 0.03125
surrogate, 81, 17.0, 0.03125
surrogate, 81, 17.0, 0.03125
surrogate, 81, 17.0, 0.03125
surrogate, 81, 17.0, 0.03125
surrogate, 81, 17.0, 0.03125
surrogate, 81, 17.0, 0.03125
surrogate, 81, 17.0, 0.03125
surrogate, 81, 17.0, 0.03125
surrogate, 81, 17.0, 0.03125
surrogate, 81, 17.0, 0.03125
surrogate, 81, 17.0, 0.03125
surrogate, 81, 17.0, 0.03125
surrogate, 81, 17.0, 0.03125
surrogate, 81, 17.0, 0.03125
surrogate, 81, 17.0, 0.03125
surrogate, 81, 17.0, 0.03125
surrogate, 81, 17.0, 0.03125
surrogate, 81, 17.0, 0.03125
surrogate, 81, 17.0, 0.03125
surrogate, 81, 17.0, 0.03125
surrogate, 81, 17.0, 0.03125
surrogate, 81, 17.0, 0.03125
surrogate, 81, 17.0, 0.03125
surrogate, 81, 17.0, 0.03125
surrogate, 81, 17.0, 0.03125
surrogate, 81, 17.0, 0.03125
surrogate, 81, 17.0, 0.03125
surrogate, 81, 17.0, 0.03125
surrogate, 81, 17.0, 0.03125
surrogate, 81, 17.0, 0.03125
surrogate, 81, 17.0, 0.03125
surrogate, 81, 17.0, 0.03125
surrogate, 81, 17.0, 0.03125
surrogate, 81, 17.0, 0.03125
surrogate, 81, 17.0, 0.03125
surrogate, 81, 17.0, 0.03125
surrogate, 81, 17.0, 0.03125
surrogate, 81, 17.0, 0.03125
surrogate, 81, 17.0, 0.03125
surrogate, 81, 17.0, 0.03125
surrogate, 81, 17.0, 0.03125
surrogate, 81, 17.0, 0.03125
surrogate, 81, 17.0, 0.03125
surrogate, 81, 17.0, 0.03125
surrogate, 81, 17.0, 0.03125
surrogate, 82, 30.0, 0.65625
surrogate, 82, 30.0, 0.65625
surrogate, 82, 30.0, 0.65625
surrogate, 82, 30.0, 0.65625
surrogate, 82, 30.0, 0.65625
surrogate, 82, 30.0, 0.65625
surrogate, 82, 30.0, 0.65625
surrogate, 82, 30.0, 0.65625
surrogate, 82, 30.0, 0.65625
surrogate, 82, 30.0, 0.65625
surrogate, 82, 30.0, 0.65625
surrogate, 82, 30.0, 0.65625
surrogate, 82, 30.0, 0.65625
surrogate, 82, 30.0, 0.65625
surrogate, 82, 30.0, 0.65625
surrogate, 82, 30.0, 0.65625
surrogate, 82, 30.0, 0.65625
surrogate, 82, 29.0, 0.59375
surrogate, 82, 29.0, 0.59375
surrogate, 82, 29.0, 0.59375
surrogate, 82, 29.0, 0.59375
surrogate, 82, 29.0, 0.59375
surrogate, 82, 29.0, 0.59375
surrogate, 82, 29.0, 0.59375
surrogate, 82, 29.0, 0.59375
surrogate, 82, 29.0, 0.59375
surrogate, 82, 29.0, 0.59375
surrogate, 82, 29.0, 0.59375
surrogate, 82, 29.0, 0.59375
surrogate, 82, 29.0, 0.59375
surrogate, 82, 29.0, 0.59375
surrogate, 82, 27.0, 0.53125
surrogate, 82, 27.0, 0.53125
surrogate, 82, 27.0, 0.53125
surrogate, 82, 27.0, 0.53125
surrogate, 82, 27.0, 0.53125
surrogate, 82, 27.0, 0.53125
surrogate, 82, 27.0, 0.53125
surrogate, 82, 27.0, 0.53125
surrogate, 82, 27.0, 0.53125
surrogate, 82, 27.0, 0.53125
surrogate, 82, 27.0, 0.53125
surrogate, 82, 27.0, 0.53125
surrogate, 82, 27.0, 0.53125
surrogate, 82, 27.0, 0.53125
surrogate, 82, 27.0, 0.53125
surrogate, 82, 27.0, 0.53125
surrogate, 82, 27.0, 0.53125
surrogate, 82, 27.0, 0.53125
surrogate, 82, 27.0, 0.53125
surrogate, 82, 27.0, 0.53125
surrogate, 82, 24.0, 0.375
surrogate, 82, 24.0, 0.375
surrogate, 82, 24.0, 0.375
surrogate, 82, 24.0, 0.375
surrogate, 82, 24.0, 0.375
surrogate, 82, 24.0, 0.375
surrogate, 82, 23.0, 0.28125
surrogate, 82, 23.0, 0.28125
surrogate, 82, 23.0, 0.28125
surrogate, 82, 23.0, 0.28125
surrogate, 82, 23.0, 0.28125
surrogate, 82, 23.0, 0.28125
surrogate, 82, 23.0, 0.28125
surrogate, 82, 23.0, 0.28125
surrogate, 82, 23.0, 0.28125
surrogate, 82, 23.0, 0.28125
surrogate, 82, 23.0, 0.28125
surrogate, 82, 23.0, 0.28125
surrogate, 82, 23.0, 0.28125
surrogate, 82, 23.0, 0.28125
surrogate, 82, 23.0, 0.28125
surrogate, 82, 23.0, 0.28125
surrogate, 82, 23.0, 0.28125
surrogate, 82, 23.0, 0.28125
surrogate, 82, 23.0, 0.28125
surrogate, 82, 23.0, 0.28125
surrogate, 82, 23.0, 0.28125
surrogate, 82, 23.0, 0.28125
surrogate, 82, 23.0, 0.28125
surrogate, 82, 23.0, 0.28125
surrogate, 82, 23.0, 0.28125
surrogate, 82, 23.0, 0.28125
surrogate, 82, 23.0, 0.28125
surrogate, 82, 23.0, 0.28125
surrogate, 82, 23.0, 0.28125
surrogate, 82, 23.0, 0.28125
surrogate, 82, 23.0, 0.28125
surrogate, 82, 23.0, 0.28125
surrogate, 82, 23.0, 0.28125
surrogate, 82, 23.0, 0.28125
surrogate, 82, 17.0, 0.03125
surrogate, 82, 17.0, 0.03125
surrogate, 82, 17.0, 0.03125
surrogate, 82, 17.0, 0.03125
surrogate, 82, 17.0, 0.03125
surrogate, 82, 17.0, 0.03125
surrogate, 82, 17.0, 0.03125
surrogate, 82, 17.0, 0.03125
surrogate, 82, 17.0, 0.03125
surrogate, 82, 17.0, 0.03125
surrogate, 82, 17.0, 0.03125
surrogate, 82, 17.0, 0.03125
surrogate, 82, 17.0, 0.03125
surrogate, 82, 17.0, 0.03125
surrogate, 82, 17.0, 0.03125
surrogate, 82, 17.0, 0.03125
surrogate, 82, 17.0, 0.03125
surrogate, 82, 17.0, 0.03125
surrogate, 82, 17.0, 0.03125
surrogate, 82, 17.0, 0.03125
surrogate, 82, 17.0, 0.03125
surrogate, 82, 17.0, 0.03125
surrogate, 82, 17.0, 0.03125
surrogate, 82, 17.0, 0.03125
surrogate, 82, 17.0, 0.03125
surrogate, 82, 17.0, 0.03125
surrogate, 82, 17.0, 0.03125
surrogate, 82, 17.0, 0.03125
surrogate, 82, 17.0, 0.03125
surrogate, 82, 17.0, 0.03125
surrogate, 82, 17.0, 0.03125
surrogate, 82, 17.0, 0.03125
surrogate, 82, 17.0, 0.03125
surrogate, 82, 17.0, 0.03125
surrogate, 82, 17.0, 0.03125
surrogate, 82, 17.0, 0.03125
surrogate, 82, 17.0, 0.03125
surrogate, 82, 17.0, 0.03125
surrogate, 82, 17.0, 0.03125
surrogate, 82, 17.0, 0.03125
surrogate, 82, 17.0, 0.03125
surrogate, 82, 17.0, 0.03125
surrogate, 82, 17.0, 0.03125
surrogate, 82, 17.0, 0.03125
surrogate, 82, 17.0, 0.03125
surrogate, 82, 17.0, 0.03125
surrogate, 82, 17.0, 0.03125
surrogate, 82, 17.0, 0.03125
surrogate, 82, 17.0, 0.03125
surrogate, 82, 17.0, 0.03125
surrogate, 82, 17.0, 0.03125
surrogate, 82, 17.0, 0.03125
surrogate, 82, 17.0, 0.03125
surrogate, 82, 17.0, 0.03125
surrogate, 82, 17.0, 0.03125
surrogate, 82, 17.0, 0.03125
surrogate, 82, 17.0, 0.03125
surrogate, 82, 17.0, 0.03125
surrogate, 82, 17.0, 0.03125
surrogate, 82, 17.0, 0.03125
surrogate, 82, 17.0, 0.03125
surrogate, 82, 17.0, 0.03125
surrogate, 82, 17.0, 0.03125
surrogate, 82, 17.0, 0.03125
surrogate, 83, 30.0, 0.65625
surrogate, 83, 30.0, 0.65625
surrogate, 83, 30.0, 0.65625
surrogate, 83, 30.0, 0.65625
surrogate, 83, 30.0, 0.65625
surrogate, 83, 30.0, 0.65625
surrogate, 83, 30.0, 0.65625
surrogate, 83, 30.0, 0.65625
surrogate, 83, 30.0, 0.65625
surrogate, 83, 30.0, 0.65625
surrogate, 83, 30.0, 0.65625
surrogate, 83, 30.0, 0.65625
surrogate, 83, 30.0, 0.65625
surrogate, 83, 30.0, 0.65625
surrogate, 83, 30.0, 0.65625
surrogate, 83, 30.0, 0.65625
surrogate, 83, 30.0, 0.65625
surrogate, 83, 30.0, 0.65625
surrogate, 83, 29.0, 0.59375
surrogate, 83, 29.0, 0.59375
surrogate, 83, 29.0, 0.59375
surrogate, 83, 29.0, 0.59375
surrogate, 83, 29.0, 0.59375
surrogate, 83, 29.0, 0.59375
surrogate, 83, 29.0, 0.59375
surrogate, 83, 29.0, 0.59375
surrogate, 83, 29.0, 0.59375
surrogate, 83, 29.0, 0.59375
surrogate, 83, 29.0, 0.59375
surrogate, 83, 29.0, 0.59375
surrogate, 83, 29.0, 0.59375
surrogate, 83, 29.0, 0.59375
surrogate, 83, 29.0, 0.59375
surrogate, 83, 27.0, 0.53125
surrogate, 83, 27.0, 0.53125
surrogate, 83, 27.0, 0.53125
surrogate, 83, 27.0, 0.53125
surrogate, 83, 27.0, 0.53125
surrogate, 83, 27.0, 0.53125
surrogate, 83, 27.0, 0.53125
surrogate, 83, 27.0, 0.53125
surrogate, 83, 27.0, 0.53125
surrogate, 83, 27.0, 0.53125
surrogate, 83, 27.0, 0.53125
surrogate, 83, 27.0, 0.53125
surrogate, 83, 27.0, 0.53125
surrogate, 83, 27.0, 0.53125
surrogate, 83, 27.0, 0.53125
surrogate, 83, 27.0, 0.53125
surrogate, 83, 27.0, 0.53125
surrogate, 83, 27.0, 0.53125
surrogate, 83, 27.0, 0.53125
surrogate, 83, 27.0, 0.53125
surrogate, 83, 24.0, 0.375
surrogate, 83, 24.0, 0.375
surrogate, 83, 24.0, 0.375
surrogate, 83, 24.0, 0.375
surrogate, 83, 24.0, 0.375
surrogate, 83, 24.0, 0.375
surrogate, 83, 23.0, 0.28125
surrogate, 83, 23.0, 0.28125
surrogate, 83, 23.0, 0.28125
surrogate, 83, 23.0, 0.28125
surrogate, 83, 23.0, 0.28125
surrogate, 83, 23.0, 0.28125
surrogate, 83, 23.0, 0.28125
surrogate, 83, 23.0, 0.28125
surrogate, 83, 23.0, 0.28125
surrogate, 83, 23.0, 0.28125
surrogate, 83, 23.0, 0.28125
surrogate, 83, 23.0, 0.28125
surrogate, 83, 23.0, 0.28125
surrogate, 83, 23.0, 0.28125
surrogate, 83, 23.0, 0.28125
surrogate, 83, 23.0, 0.28125
surrogate, 83, 23.0, 0.28125
surrogate, 83, 23.0, 0.28125
surrogate, 83, 23.0, 0.28125
surrogate, 83, 23.0, 0.28125
surrogate, 83, 23.0, 0.28125
surrogate, 83, 23.0, 0.28125
surrogate, 83, 23.0, 0.28125
surrogate, 83, 23.0, 0.28125
surrogate, 83, 23.0, 0.28125
surrogate, 83, 23.0, 0.28125
surrogate, 83, 23.0, 0.28125
surrogate, 83, 23.0, 0.28125
surrogate, 83, 23.0, 0.28125
surrogate, 83, 23.0, 0.28125
surrogate, 83, 23.0, 0.28125
surrogate, 83, 23.0, 0.28125
surrogate, 83, 23.0, 0.28125
surrogate, 83, 23.0, 0.28125
surrogate, 83, 23.0, 0.28125
surrogate, 83, 17.0, 0.03125
surrogate, 83, 17.0, 0.03125
surrogate, 83, 17.0, 0.03125
surrogate, 83, 17.0, 0.03125
surrogate, 83, 17.0, 0.03125
surrogate, 83, 17.0, 0.03125
surrogate, 83, 17.0, 0.03125
surrogate, 83, 17.0, 0.03125
surrogate, 83, 17.0, 0.03125
surrogate, 83, 17.0, 0.03125
surrogate, 83, 17.0, 0.03125
surrogate, 83, 17.0, 0.03125
surrogate, 83, 17.0, 0.03125
surrogate, 83, 17.0, 0.03125
surrogate, 83, 17.0, 0.03125
surrogate, 83, 17.0, 0.03125
surrogate, 83, 17.0, 0.03125
surrogate, 83, 17.0, 0.03125
surrogate, 83, 17.0, 0.03125
surrogate, 83, 17.0, 0.03125
surrogate, 83, 17.0, 0.03125
surrogate, 83, 17.0, 0.03125
surrogate, 83, 17.0, 0.03125
surrogate, 83, 17.0, 0.03125
surrogate, 83, 17.0, 0.03125
surrogate, 83, 17.0, 0.03125
surrogate, 83, 17.0, 0.03125
surrogate, 83, 17.0, 0.03125
surrogate, 83, 17.0, 0.03125
surrogate, 83, 17.0, 0.03125
surrogate, 83, 17.0, 0.03125
surrogate, 83, 17.0, 0.03125
surrogate, 83, 17.0, 0.03125
surrogate, 83, 17.0, 0.03125
surrogate, 83, 17.0, 0.03125
surrogate, 83, 17.0, 0.03125
surrogate, 83, 17.0, 0.03125
surrogate, 83, 17.0, 0.03125
surrogate, 83, 17.0, 0.03125
surrogate, 83, 17.0, 0.03125
surrogate, 83, 17.0, 0.03125
surrogate, 83, 17.0, 0.03125
surrogate, 83, 17.0, 0.03125
surrogate, 83, 17.0, 0.03125
surrogate, 83, 17.0, 0.03125
surrogate, 83, 17.0, 0.03125
surrogate, 83, 17.0, 0.03125
surrogate, 83, 17.0, 0.03125
surrogate, 83, 17.0, 0.03125
surrogate, 83, 17.0, 0.03125
surrogate, 83, 17.0, 0.03125
surrogate, 83, 17.0, 0.03125
surrogate, 83, 17.0, 0.03125
surrogate, 83, 17.0, 0.03125
surrogate, 83, 17.0, 0.03125
surrogate, 83, 17.0, 0.03125
surrogate, 83, 17.0, 0.03125
surrogate, 83, 17.0, 0.03125
surrogate, 83, 17.0, 0.03125
surrogate, 83, 17.0, 0.03125
surrogate, 83, 17.0, 0.03125
surrogate, 83, 17.0, 0.03125
surrogate, 83, 17.0, 0.03125
surrogate, 83, 17.0, 0.03125
surrogate, 84, 30.0, 0.65625
surrogate, 84, 30.0, 0.65625
surrogate, 84, 30.0, 0.65625
surrogate, 84, 30.0, 0.65625
surrogate, 84, 30.0, 0.65625
surrogate, 84, 30.0, 0.65625
surrogate, 84, 30.0, 0.65625
surrogate, 84, 30.0, 0.65625
surrogate, 84, 30.0, 0.65625
surrogate, 84, 30.0, 0.65625
surrogate, 84, 30.0, 0.65625
surrogate, 84, 30.0, 0.65625
surrogate, 84, 30.0, 0.65625
surrogate, 84, 30.0, 0.65625
surrogate, 84, 30.0, 0.65625
surrogate, 84, 30.0, 0.65625
surrogate, 84, 30.0, 0.65625
surrogate, 84, 30.0, 0.65625
surrogate, 84, 29.0, 0.59375
surrogate, 84, 29.0, 0.59375
surrogate, 84, 29.0, 0.59375
surrogate, 84, 29.0, 0.59375
surrogate, 84, 29.0, 0.59375
surrogate, 84, 29.0, 0.59375
surrogate, 84, 29.0, 0.59375
surrogate, 84, 29.0, 0.59375
surrogate, 84, 29.0, 0.59375
surrogate, 84, 29.0, 0.59375
surrogate, 84, 29.0, 0.59375
surrogate, 84, 29.0, 0.59375
surrogate, 84, 29.0, 0.59375
surrogate, 84, 29.0, 0.59375
surrogate, 84, 29.0, 0.59375
surrogate, 84, 29.0, 0.59375
surrogate, 84, 27.0, 0.53125
surrogate, 84, 27.0, 0.53125
surrogate, 84, 27.0, 0.53125
surrogate, 84, 27.0, 0.53125
surrogate, 84, 27.0, 0.53125
surrogate, 84, 27.0, 0.53125
surrogate, 84, 27.0, 0.53125
surrogate, 84, 27.0, 0.53125
surrogate, 84, 27.0, 0.53125
surrogate, 84, 27.0, 0.53125
surrogate, 84, 27.0, 0.53125
surrogate, 84, 27.0, 0.53125
surrogate, 84, 27.0, 0.53125
surrogate, 84, 27.0, 0.53125
surrogate, 84, 27.0, 0.53125
surrogate, 84, 27.0, 0.53125
surrogate, 84, 27.0, 0.53125
surrogate, 84, 27.0, 0.53125
surrogate, 84, 27.0, 0.53125
surrogate, 84, 27.0, 0.53125
surrogate, 84, 27.0, 0.53125
surrogate, 84, 24.0, 0.375
surrogate, 84, 24.0, 0.375
surrogate, 84, 24.0, 0.375
surrogate, 84, 24.0, 0.375
surrogate, 84, 24.0, 0.375
surrogate, 84, 24.0, 0.375
surrogate, 84, 23.0, 0.28125
surrogate, 84, 23.0, 0.28125
surrogate, 84, 23.0, 0.28125
surrogate, 84, 23.0, 0.28125
surrogate, 84, 23.0, 0.28125
surrogate, 84, 23.0, 0.28125
surrogate, 84, 23.0, 0.28125
surrogate, 84, 23.0, 0.28125
surrogate, 84, 23.0, 0.28125
surrogate, 84, 23.0, 0.28125
surrogate, 84, 23.0, 0.28125
surrogate, 84, 23.0, 0.28125
surrogate, 84, 23.0, 0.28125
surrogate, 84, 23.0, 0.28125
surrogate, 84, 23.0, 0.28125
surrogate, 84, 23.0, 0.28125
surrogate, 84, 23.0, 0.28125
surrogate, 84, 23.0, 0.28125
surrogate, 84, 23.0, 0.28125
surrogate, 84, 23.0, 0.28125
surrogate, 84, 23.0, 0.28125
surrogate, 84, 23.0, 0.28125
surrogate, 84, 23.0, 0.28125
surrogate, 84, 23.0, 0.28125
surrogate, 84, 23.0, 0.28125
surrogate, 84, 23.0, 0.28125
surrogate, 84, 23.0, 0.28125
surrogate, 84, 23.0, 0.28125
surrogate, 84, 23.0, 0.28125
surrogate, 84, 23.0, 0.28125
surrogate, 84, 23.0, 0.28125
surrogate, 84, 23.0, 0.28125
surrogate, 84, 23.0, 0.28125
surrogate, 84, 23.0, 0.28125
surrogate, 84, 23.0, 0.28125
surrogate, 84, 17.0, 0.03125
surrogate, 84, 17.0, 0.03125
surrogate, 84, 17.0, 0.03125
surrogate, 84, 17.0, 0.03125
surrogate, 84, 17.0, 0.03125
surrogate, 84, 17.0, 0.03125
surrogate, 84, 17.0, 0.03125
surrogate, 84, 17.0, 0.03125
surrogate, 84, 17.0, 0.03125
surrogate, 84, 17.0, 0.03125
surrogate, 84, 17.0, 0.03125
surrogate, 84, 17.0, 0.03125
surrogate, 84, 17.0, 0.03125
surrogate, 84, 17.0, 0.03125
surrogate, 84, 17.0, 0.03125
surrogate, 84, 17.0, 0.03125
surrogate, 84, 17.0, 0.03125
surrogate, 84, 17.0, 0.03125
surrogate, 84, 17.0, 0.03125
surrogate, 84, 17.0, 0.03125
surrogate, 84, 17.0, 0.03125
surrogate, 84, 17.0, 0.03125
surrogate, 84, 17.0, 0.03125
surrogate, 84, 17.0, 0.03125
surrogate, 84, 17.0, 0.03125
surrogate, 84, 17.0, 0.03125
surrogate, 84, 17.0, 0.03125
surrogate, 84, 17.0, 0.03125
surrogate, 84, 17.0, 0.03125
surrogate, 84, 17.0, 0.03125
surrogate, 84, 17.0, 0.03125
surrogate, 84, 17.0, 0.03125
surrogate, 84, 17.0, 0.03125
surrogate, 84, 17.0, 0.03125
surrogate, 84, 17.0, 0.03125
surrogate, 84, 17.0, 0.03125
surrogate, 84, 17.0, 0.03125
surrogate, 84, 17.0, 0.03125
surrogate, 84, 17.0, 0.03125
surrogate, 84, 17.0, 0.03125
surrogate, 84, 17.0, 0.03125
surrogate, 84, 17.0, 0.03125
surrogate, 84, 17.0, 0.03125
surrogate, 84, 17.0, 0.03125
surrogate, 84, 17.0, 0.03125
surrogate, 84, 17.0, 0.03125
surrogate, 84, 17.0, 0.03125
surrogate, 84, 17.0, 0.03125
surrogate, 84, 17.0, 0.03125
surrogate, 84, 17.0, 0.03125
surrogate, 84, 17.0, 0.03125
surrogate, 84, 17.0, 0.03125
surrogate, 84, 17.0, 0.03125
surrogate, 84, 17.0, 0.03125
surrogate, 84, 17.0, 0.03125
surrogate, 84, 17.0, 0.03125
surrogate, 84, 17.0, 0.03125
surrogate, 84, 17.0, 0.03125
surrogate, 84, 17.0, 0.03125
surrogate, 84, 17.0, 0.03125
surrogate, 84, 17.0, 0.03125
surrogate, 84, 17.0, 0.03125
surrogate, 84, 17.0, 0.03125
surrogate, 84, 17.0, 0.03125
surrogate, 84, 17.0, 0.03125
surrogate, 85, 30.0, 0.65625
surrogate, 85, 30.0, 0.65625
surrogate, 85, 30.0, 0.65625
surrogate, 85, 30.0, 0.65625
surrogate, 85, 30.0, 0.65625
surrogate, 85, 30.0, 0.65625
surrogate, 85, 30.0, 0.65625
surrogate, 85, 30.0, 0.65625
surrogate, 85, 30.0, 0.65625
surrogate, 85, 30.0, 0.65625
surrogate, 85, 30.0, 0.65625
surrogate, 85, 30.0, 0.65625
surrogate, 85, 30.0, 0.65625
surrogate, 85, 30.0, 0.65625
surrogate, 85, 30.0, 0.65625
surrogate, 85, 30.0, 0.65625
surrogate, 85, 30.0, 0.65625
surrogate, 85, 30.0, 0.65625
surrogate, 85, 30.0, 0.65625
surrogate, 85, 29.0, 0.59375
surrogate, 85, 29.0, 0.59375
surrogate, 85, 29.0, 0.59375
surrogate, 85, 29.0, 0.59375
surrogate, 85, 29.0, 0.59375
surrogate, 85, 29.0, 0.59375
surrogate, 85, 29.0, 0.59375
surrogate, 85, 29.0, 0.59375
surrogate, 85, 29.0, 0.59375
surrogate, 85, 29.0, 0.59375
surrogate, 85, 29.0, 0.59375
surrogate, 85, 29.0, 0.59375
surrogate, 85, 29.0, 0.59375
surrogate, 85, 29.0, 0.59375
surrogate, 85, 29.0, 0.59375
surrogate, 85, 29.0, 0.59375
surrogate, 85, 27.0, 0.53125
surrogate, 85, 27.0, 0.53125
surrogate, 85, 27.0, 0.53125
surrogate, 85, 27.0, 0.53125
surrogate, 85, 27.0, 0.53125
surrogate, 85, 27.0, 0.53125
surrogate, 85, 27.0, 0.53125
surrogate, 85, 27.0, 0.53125
surrogate, 85, 27.0, 0.53125
surrogate, 85, 27.0, 0.53125
surrogate, 85, 27.0, 0.53125
surrogate, 85, 27.0, 0.53125
surrogate, 85, 27.0, 0.53125
surrogate, 85, 27.0, 0.53125
surrogate, 85, 27.0, 0.53125
surrogate, 85, 27.0, 0.53125
surrogate, 85, 27.0, 0.53125
surrogate, 85, 27.0, 0.53125
surrogate, 85, 27.0, 0.53125
surrogate, 85, 27.0, 0.53125
surrogate, 85, 27.0, 0.53125
surrogate, 85, 27.0, 0.53125
surrogate, 85, 24.0, 0.375
surrogate, 85, 24.0, 0.375
surrogate, 85, 24.0, 0.375
surrogate, 85, 24.0, 0.375
surrogate, 85, 24.0, 0.375
surrogate, 85, 24.0, 0.375
surrogate, 85, 24.0, 0.375
surrogate, 85, 23.0, 0.28125
surrogate, 85, 23.0, 0.28125
surrogate, 85, 23.0, 0.28125
surrogate, 85, 23.0, 0.28125
surrogate, 85, 23.0, 0.28125
surrogate, 85, 23.0, 0.28125
surrogate, 85, 23.0, 0.28125
surrogate, 85, 23.0, 0.28125
surrogate, 85, 23.0, 0.28125
surrogate, 85, 23.0, 0.28125
surrogate, 85, 23.0, 0.28125
surrogate, 85, 23.0, 0.28125
surrogate, 85, 23.0, 0.28125
surrogate, 85, 23.0, 0.28125
surrogate, 85, 23.0, 0.28125
surrogate, 85, 23.0, 0.28125
surrogate, 85, 23.0, 0.28125
surrogate, 85, 23.0, 0.28125
surrogate, 85, 23.0, 0.28125
surrogate, 85, 23.0, 0.28125
surrogate, 85, 23.0, 0.28125
surrogate, 85, 23.0, 0.28125
surrogate, 85, 23.0, 0.28125
surrogate, 85, 23.0, 0.28125
surrogate, 85, 23.0, 0.28125
surrogate, 85, 23.0, 0.28125
surrogate, 85, 23.0, 0.28125
surrogate, 85, 23.0, 0.28125
surrogate, 85, 23.0, 0.28125
surrogate, 85, 23.0, 0.28125
surrogate, 85, 23.0, 0.28125
surrogate, 85, 23.0, 0.28125
surrogate, 85, 23.0, 0.28125
surrogate, 85, 23.0, 0.28125
surrogate, 85, 23.0, 0.28125
surrogate, 85, 23.0, 0.28125
surrogate, 85, 17.0, 0.03125
surrogate, 85, 17.0, 0.03125
surrogate, 85, 17.0, 0.03125
surrogate, 85, 17.0, 0.03125
surrogate, 85, 17.0, 0.03125
surrogate, 85, 17.0, 0.03125
surrogate, 85, 17.0, 0.03125
surrogate, 85, 17.0, 0.03125
surrogate, 85, 17.0, 0.03125
surrogate, 85, 17.0, 0.03125
surrogate, 85, 17.0, 0.03125
surrogate, 85, 17.0, 0.03125
surrogate, 85, 17.0, 0.03125
surrogate, 85, 17.0, 0.03125
surrogate, 85, 17.0, 0.03125
surrogate, 85, 17.0, 0.03125
surrogate, 85, 17.0, 0.03125
surrogate, 85, 17.0, 0.03125
surrogate, 85, 17.0, 0.03125
surrogate, 85, 17.0, 0.03125
surrogate, 85, 17.0, 0.03125
surrogate, 85, 17.0, 0.03125
surrogate, 85, 17.0, 0.03125
surrogate, 85, 17.0, 0.03125
surrogate, 85, 17.0, 0.03125
surrogate, 85, 17.0, 0.03125
surrogate, 85, 17.0, 0.03125
surrogate, 85, 17.0, 0.03125
surrogate, 85, 17.0, 0.03125
surrogate, 85, 17.0, 0.03125
surrogate, 85, 17.0, 0.03125
surrogate, 85, 17.0, 0.03125
surrogate, 85, 17.0, 0.03125
surrogate, 85, 17.0, 0.03125
surrogate, 85, 17.0, 0.03125
surrogate, 85, 17.0, 0.03125
surrogate, 85, 17.0, 0.03125
surrogate, 85, 17.0, 0.03125
surrogate, 85, 17.0, 0.03125
surrogate, 85, 17.0, 0.03125
surrogate, 85, 17.0, 0.03125
surrogate, 85, 17.0, 0.03125
surrogate, 85, 17.0, 0.03125
surrogate, 85, 17.0, 0.03125
surrogate, 85, 17.0, 0.03125
surrogate, 85, 17.0, 0.03125
surrogate, 85, 17.0, 0.03125
surrogate, 85, 17.0, 0.03125
surrogate, 85, 17.0, 0.03125
surrogate, 85, 17.0, 0.03125
surrogate, 85, 17.0, 0.03125
surrogate, 85, 17.0, 0.03125
surrogate, 85, 17.0, 0.03125
surrogate, 85, 17.0, 0.03125
surrogate, 85, 17.0, 0.03125
surrogate, 85, 17.0, 0.03125
surrogate, 85, 17.0, 0.03125
surrogate, 85, 17.0, 0.03125
surrogate, 85, 17.0, 0.03125
surrogate, 85, 17.0, 0.03125
surrogate, 85, 17.0, 0.03125
surrogate, 85, 17.0, 0.03125
surrogate, 85, 17.0, 0.03125
surrogate, 85, 17.0, 0.03125
surrogate, 85, 17.0, 0.03125
surrogate, 85, 17.0, 0.03125
surrogate, 86, 30.0, 0.65625
surrogate, 86, 30.0, 0.65625
surrogate, 86, 30.0, 0.65625
surrogate, 86, 30.0, 0.65625
surrogate, 86, 30.0, 0.65625
surrogate, 86, 30.0, 0.65625
surrogate, 86, 30.0, 0.65625
surrogate, 86, 30.0, 0.65625
surrogate, 86, 30.0, 0.65625
surrogate, 86, 30.0, 0.65625
surrogate, 86, 30.0, 0.65625
surrogate, 86, 30.0, 0.65625
surrogate, 86, 30.0, 0.65625
surrogate, 86, 30.0, 0.65625
surrogate, 86, 30.0, 0.65625
surrogate, 86, 30.0, 0.65625
surrogate, 86, 30.0, 0.65625
surrogate, 86, 30.0, 0.65625
surrogate, 86, 30.0, 0.65625
surrogate, 86, 29.0, 0.59375
surrogate, 86, 29.0, 0.59375
surrogate, 86, 29.0, 0.59375
surrogate, 86, 29.0, 0.59375
surrogate, 86, 29.0, 0.59375
surrogate, 86, 29.0, 0.59375
surrogate, 86, 29.0, 0.59375
surrogate, 86, 29.0, 0.59375
surrogate, 86, 29.0, 0.59375
surrogate, 86, 29.0, 0.59375
surrogate, 86, 29.0, 0.59375
surrogate, 86, 29.0, 0.59375
surrogate, 86, 29.0, 0.59375
surrogate, 86, 29.0, 0.59375
surrogate, 86, 29.0, 0.59375
surrogate, 86, 29.0, 0.59375
surrogate, 86, 27.0, 0.53125
surrogate, 86, 27.0, 0.53125
surrogate, 86, 27.0, 0.53125
surrogate, 86, 27.0, 0.53125
surrogate, 86, 27.0, 0.53125
surrogate, 86, 27.0, 0.53125
surrogate, 86, 27.0, 0.53125
surrogate, 86, 27.0, 0.53125
surrogate, 86, 27.0, 0.53125
surrogate, 86, 27.0, 0.53125
surrogate, 86, 27.0, 0.53125
surrogate, 86, 27.0, 0.53125
surrogate, 86, 27.0, 0.53125
surrogate, 86, 27.0, 0.53125
surrogate, 86, 27.0, 0.53125
surrogate, 86, 27.0, 0.53125
surrogate, 86, 27.0, 0.53125
surrogate, 86, 27.0, 0.53125
surrogate, 86, 27.0, 0.53125
surrogate, 86, 27.0, 0.53125
surrogate, 86, 27.0, 0.53125
surrogate, 86, 27.0, 0.53125
surrogate, 86, 27.0, 0.53125
surrogate, 86, 24.0, 0.375
surrogate, 86, 24.0, 0.375
surrogate, 86, 24.0, 0.375
surrogate, 86, 24.0, 0.375
surrogate, 86, 24.0, 0.375
surrogate, 86, 24.0, 0.375
surrogate, 86, 24.0, 0.375
surrogate, 86, 23.0, 0.28125
surrogate, 86, 23.0, 0.28125
surrogate, 86, 23.0, 0.28125
surrogate, 86, 23.0, 0.28125
surrogate, 86, 23.0, 0.28125
surrogate, 86, 23.0, 0.28125
surrogate, 86, 23.0, 0.28125
surrogate, 86, 23.0, 0.28125
surrogate, 86, 23.0, 0.28125
surrogate, 86, 23.0, 0.28125
surrogate, 86, 23.0, 0.28125
surrogate, 86, 23.0, 0.28125
surrogate, 86, 23.0, 0.28125
surrogate, 86, 23.0, 0.28125
surrogate, 86, 23.0, 0.28125
surrogate, 86, 23.0, 0.28125
surrogate, 86, 23.0, 0.28125
surrogate, 86, 23.0, 0.28125
surrogate, 86, 23.0, 0.28125
surrogate, 86, 23.0, 0.28125
surrogate, 86, 23.0, 0.28125
surrogate, 86, 23.0, 0.28125
surrogate, 86, 23.0, 0.28125
surrogate, 86, 23.0, 0.28125
surrogate, 86, 23.0, 0.28125
surrogate, 86, 23.0, 0.28125
surrogate, 86, 23.0, 0.28125
surrogate, 86, 23.0, 0.28125
surrogate, 86, 23.0, 0.28125
surrogate, 86, 23.0, 0.28125
surrogate, 86, 23.0, 0.28125
surrogate, 86, 23.0, 0.28125
surrogate, 86, 23.0, 0.28125
surrogate, 86, 23.0, 0.28125
surrogate, 86, 23.0, 0.28125
surrogate, 86, 23.0, 0.28125
surrogate, 86, 23.0, 0.28125
surrogate, 86, 17.0, 0.03125
surrogate, 86, 17.0, 0.03125
surrogate, 86, 17.0, 0.03125
surrogate, 86, 17.0, 0.03125
surrogate, 86, 17.0, 0.03125
surrogate, 86, 17.0, 0.03125
surrogate, 86, 17.0, 0.03125
surrogate, 86, 17.0, 0.03125
surrogate, 86, 17.0, 0.03125
surrogate, 86, 17.0, 0.03125
surrogate, 86, 17.0, 0.03125
surrogate, 86, 17.0, 0.03125
surrogate, 86, 17.0, 0.03125
surrogate, 86, 17.0, 0.03125
surrogate, 86, 17.0, 0.03125
surrogate, 86, 17.0, 0.03125
surrogate, 86, 17.0, 0.03125
surrogate, 86, 17.0, 0.03125
surrogate, 86, 17.0, 0.03125
surrogate, 86, 17.0, 0.03125
surrogate, 86, 17.0, 0.03125
surrogate, 86, 17.0, 0.03125
surrogate, 86, 17.0, 0.03125
surrogate, 86, 17.0, 0.03125
surrogate, 86, 17.0, 0.03125
surrogate, 86, 17.0, 0.03125
surrogate, 86, 17.0, 0.03125
surrogate, 86, 17.0, 0.03125
surrogate, 86, 17.0, 0.03125
surrogate, 86, 17.0, 0.03125
surrogate, 86, 17.0, 0.03125
surrogate, 86, 17.0, 0.03125
surrogate, 86, 17.0, 0.03125
surrogate, 86, 17.0, 0.03125
surrogate, 86, 17.0, 0.03125
surrogate, 86, 17.0, 0.03125
surrogate, 86, 17.0, 0.03125
surrogate, 86, 17.0, 0.03125
surrogate, 86, 17.0, 0.03125
surrogate, 86, 17.0, 0.03125
surrogate, 86, 17.0, 0.03125
surrogate, 86, 17.0, 0.03125
surrogate, 86, 17.0, 0.03125
surrogate, 86, 17.0, 0.03125
surrogate, 86, 17.0, 0.03125
surrogate, 86, 17.0, 0.03125
surrogate, 86, 17.0, 0.03125
surrogate, 86, 17.0, 0.03125
surrogate, 86, 17.0, 0.03125
surrogate, 86, 17.0, 0.03125
surrogate, 86, 17.0, 0.03125
surrogate, 86, 17.0, 0.03125
surrogate, 86, 17.0, 0.03125
surrogate, 86, 17.0, 0.03125
surrogate, 86, 17.0, 0.03125
surrogate, 86, 17.0, 0.03125
surrogate, 86, 17.0, 0.03125
surrogate, 86, 17.0, 0.03125
surrogate, 86, 17.0, 0.03125
surrogate, 86, 17.0, 0.03125
surrogate, 86, 17.0, 0.03125
surrogate, 86, 17.0, 0.03125
surrogate, 86, 17.0, 0.03125
surrogate, 86, 17.0, 0.03125
surrogate, 86, 17.0, 0.03125
surrogate, 86, 17.0, 0.03125
surrogate, 86, 17.0, 0.03125
surrogate, 87, 30.0, 0.65625
surrogate, 87, 30.0, 0.65625
surrogate, 87, 30.0, 0.65625
surrogate, 87, 30.0, 0.65625
surrogate, 87, 30.0, 0.65625
surrogate, 87, 30.0, 0.65625
surrogate, 87, 30.0, 0.65625
surrogate, 87, 30.0, 0.65625
surrogate, 87, 30.0, 0.65625
surrogate, 87, 30.0, 0.65625
surrogate, 87, 30.0, 0.65625
surrogate, 87, 30.0, 0.65625
surrogate, 87, 30.0, 0.65625
surrogate, 87, 30.0, 0.65625
surrogate, 87, 30.0, 0.65625
surrogate, 87, 30.0, 0.65625
surrogate, 87, 30.0, 0.65625
surrogate, 87, 30.0, 0.65625
surrogate, 87, 30.0, 0.65625
surrogate, 87, 30.0, 0.65625
surrogate, 87, 29.0, 0.59375
surrogate, 87, 29.0, 0.59375
surrogate, 87, 29.0, 0.59375
surrogate, 87, 29.0, 0.59375
surrogate, 87, 29.0, 0.59375
surrogate, 87, 29.0, 0.59375
surrogate, 87, 29.0, 0.59375
surrogate, 87, 29.0, 0.59375
surrogate, 87, 29.0, 0.59375
surrogate, 87, 29.0, 0.59375
surrogate, 87, 29.0, 0.59375
surrogate, 87, 29.0, 0.59375
surrogate, 87, 29.0, 0.59375
surrogate, 87, 29.0, 0.59375
surrogate, 87, 29.0, 0.59375
surrogate, 87, 29.0, 0.59375
surrogate, 87, 29.0, 0.59375
surrogate, 87, 27.0, 0.53125
surrogate, 87, 27.0, 0.53125
surrogate, 87, 27.0, 0.53125
surrogate, 87, 27.0, 0.53125
surrogate, 87, 27.0, 0.53125
surrogate, 87, 27.0, 0.53125
surrogate, 87, 27.0, 0.53125
surrogate, 87, 27.0, 0.53125
surrogate, 87, 27.0, 0.53125
surrogate, 87, 27.0, 0.53125
surrogate, 87, 27.0, 0.53125
surrogate, 87, 27.0, 0.53125
surrogate, 87, 27.0, 0.53125
surrogate, 87, 27.0, 0.53125
surrogate, 87, 27.0, 0.53125
surrogate, 87, 27.0, 0.53125
surrogate, 87, 27.0, 0.53125
surrogate, 87, 27.0, 0.53125
surrogate, 87, 27.0, 0.53125
surrogate, 87, 27.0, 0.53125
surrogate, 87, 27.0, 0.53125
surrogate, 87, 27.0, 0.53125
surrogate, 87, 27.0, 0.53125
surrogate, 87, 27.0, 0.53125
surrogate, 87, 24.0, 0.375
surrogate, 87, 24.0, 0.375
surrogate, 87, 24.0, 0.375
surrogate, 87, 24.0, 0.375
surrogate, 87, 24.0, 0.375
surrogate, 87, 24.0, 0.375
surrogate, 87, 24.0, 0.375
surrogate, 87, 24.0, 0.375
surrogate, 87, 23.0, 0.28125
surrogate, 87, 23.0, 0.28125
surrogate, 87, 23.0, 0.28125
surrogate, 87, 23.0, 0.28125
surrogate, 87, 23.0, 0.28125
surrogate, 87, 23.0, 0.28125
surrogate, 87, 23.0, 0.28125
surrogate, 87, 23.0, 0.28125
surrogate, 87, 23.0, 0.28125
surrogate, 87, 23.0, 0.28125
surrogate, 87, 23.0, 0.28125
surrogate, 87, 23.0, 0.28125
surrogate, 87, 23.0, 0.28125
surrogate, 87, 23.0, 0.28125
surrogate, 87, 23.0, 0.28125
surrogate, 87, 23.0, 0.28125
surrogate, 87, 23.0, 0.28125
surrogate, 87, 23.0, 0.28125
surrogate, 87, 23.0, 0.28125
surrogate, 87, 23.0, 0.28125
surrogate, 87, 23.0, 0.28125
surrogate, 87, 23.0, 0.28125
surrogate, 87, 23.0, 0.28125
surrogate, 87, 23.0, 0.28125
surrogate, 87, 23.0, 0.28125
surrogate, 87, 23.0, 0.28125
surrogate, 87, 23.0, 0.28125
surrogate, 87, 23.0, 0.28125
surrogate, 87, 23.0, 0.28125
surrogate, 87, 23.0, 0.28125
surrogate, 87, 23.0, 0.28125
surrogate, 87, 23.0, 0.28125
surrogate, 87, 23.0, 0.28125
surrogate, 87, 23.0, 0.28125
surrogate, 87, 23.0, 0.28125
surrogate, 87, 23.0, 0.28125
surrogate, 87, 23.0, 0.28125
surrogate, 87, 17.0, 0.03125
surrogate, 87, 17.0, 0.03125
surrogate, 87, 17.0, 0.03125
surrogate, 87, 17.0, 0.03125
surrogate, 87, 17.0, 0.03125
surrogate, 87, 17.0, 0.03125
surrogate, 87, 17.0, 0.03125
surrogate, 87, 17.0, 0.03125
surrogate, 87, 17.0, 0.03125
surrogate, 87, 17.0, 0.03125
surrogate, 87, 17.0, 0.03125
surrogate, 87, 17.0, 0.03125
surrogate, 87, 17.0, 0.03125
surrogate, 87, 17.0, 0.03125
surrogate, 87, 17.0, 0.03125
surrogate, 87, 17.0, 0.03125
surrogate, 87, 17.0, 0.03125
surrogate, 87, 17.0, 0.03125
surrogate, 87, 17.0, 0.03125
surrogate, 87, 17.0, 0.03125
surrogate, 87, 17.0, 0.03125
surrogate, 87, 17.0, 0.03125
surrogate, 87, 17.0, 0.03125
surrogate, 87, 17.0, 0.03125
surrogate, 87, 17.0, 0.03125
surrogate, 87, 17.0, 0.03125
surrogate, 87, 17.0, 0.03125
surrogate, 87, 17.0, 0.03125
surrogate, 87, 17.0, 0.03125
surrogate, 87, 17.0, 0.03125
surrogate, 87, 17.0, 0.03125
surrogate, 87, 17.0, 0.03125
surrogate, 87, 17.0, 0.03125
surrogate, 87, 17.0, 0.03125
surrogate, 87, 17.0, 0.03125
surrogate, 87, 17.0, 0.03125
surrogate, 87, 17.0, 0.03125
surrogate, 87, 17.0, 0.03125
surrogate, 87, 17.0, 0.03125
surrogate, 87, 17.0, 0.03125
surrogate, 87, 17.0, 0.03125
surrogate, 87, 17.0, 0.03125
surrogate, 87, 17.0, 0.03125
surrogate, 87, 17.0, 0.03125
surrogate, 87, 17.0, 0.03125
surrogate, 87, 17.0, 0.03125
surrogate, 87, 17.0, 0.03125
surrogate, 87, 17.0, 0.03125
surrogate, 87, 17.0, 0.03125
surrogate, 87, 17.0, 0.03125
surrogate, 87, 17.0, 0.03125
surrogate, 87, 17.0, 0.03125
surrogate, 87, 17.0, 0.03125
surrogate, 87, 17.0, 0.03125
surrogate, 87, 17.0, 0.03125
surrogate, 87, 17.0, 0.03125
surrogate, 87, 17.0, 0.03125
surrogate, 87, 17.0, 0.03125
surrogate, 87, 17.0, 0.03125
surrogate, 87, 17.0, 0.03125
surrogate, 87, 17.0, 0.03125
surrogate, 87, 17.0, 0.03125
surrogate, 87, 17.0, 0.03125
surrogate, 87, 17.0, 0.03125
surrogate, 87, 17.0, 0.03125
surrogate, 87, 17.0, 0.03125
surrogate, 87, 17.0, 0.03125
surrogate, 88, 30.0, 0.65625
surrogate, 88, 30.0, 0.65625
surrogate, 88, 30.0, 0.65625
surrogate, 88, 30.0, 0.65625
surrogate, 88, 30.0, 0.65625
surrogate, 88, 30.0, 0.65625
surrogate, 88, 30.0, 0.65625
surrogate, 88, 30.0, 0.65625
surrogate, 88, 30.0, 0.65625
surrogate, 88, 30.0, 0.65625
surrogate, 88, 30.0, 0.65625
surrogate, 88, 30.0, 0.65625
surrogate, 88, 30.0, 0.65625
surrogate, 88, 30.0, 0.65625
surrogate, 88, 30.0, 0.65625
surrogate, 88, 30.0, 0.65625
surrogate, 88, 30.0, 0.65625
surrogate, 88, 30.0, 0.65625
surrogate, 88, 30.0, 0.65625
surrogate, 88, 30.0, 0.65625
surrogate, 88, 30.0, 0.65625
surrogate, 88, 29.0, 0.59375
surrogate, 88, 29.0, 0.59375
surrogate, 88, 29.0, 0.59375
surrogate, 88, 29.0, 0.59375
surrogate, 88, 29.0, 0.59375
surrogate, 88, 29.0, 0.59375
surrogate, 88, 29.0, 0.59375
surrogate, 88, 29.0, 0.59375
surrogate, 88, 29.0, 0.59375
surrogate, 88, 29.0, 0.59375
surrogate, 88, 29.0, 0.59375
surrogate, 88, 29.0, 0.59375
surrogate, 88, 29.0, 0.59375
surrogate, 88, 29.0, 0.59375
surrogate, 88, 29.0, 0.59375
surrogate, 88, 29.0, 0.59375
surrogate, 88, 29.0, 0.59375
surrogate, 88, 27.0, 0.53125
surrogate, 88, 27.0, 0.53125
surrogate, 88, 27.0, 0.53125
surrogate, 88, 27.0, 0.53125
surrogate, 88, 27.0, 0.53125
surrogate, 88, 27.0, 0.53125
surrogate, 88, 27.0, 0.53125
surrogate, 88, 27.0, 0.53125
surrogate, 88, 27.0, 0.53125
surrogate, 88, 27.0, 0.53125
surrogate, 88, 27.0, 0.53125
surrogate, 88, 27.0, 0.53125
surrogate, 88, 27.0, 0.53125
surrogate, 88, 27.0, 0.53125
surrogate, 88, 27.0, 0.53125
surrogate, 88, 27.0, 0.53125
surrogate, 88, 27.0, 0.53125
surrogate, 88, 27.0, 0.53125
surrogate, 88, 27.0, 0.53125
surrogate, 88, 27.0, 0.53125
surrogate, 88, 27.0, 0.53125
surrogate, 88, 27.0, 0.53125
surrogate, 88, 27.0, 0.53125
surrogate, 88, 27.0, 0.53125
surrogate, 88, 27.0, 0.53125
surrogate, 88, 24.0, 0.375
surrogate, 88, 24.0, 0.375
surrogate, 88, 24.0, 0.375
surrogate, 88, 24.0, 0.375
surrogate, 88, 24.0, 0.375
surrogate, 88, 24.0, 0.375
surrogate, 88, 24.0, 0.375
surrogate, 88, 24.0, 0.375
surrogate, 88, 23.0, 0.28125
surrogate, 88, 23.0, 0.28125
surrogate, 88, 23.0, 0.28125
surrogate, 88, 23.0, 0.28125
surrogate, 88, 23.0, 0.28125
surrogate, 88, 23.0, 0.28125
surrogate, 88, 23.0, 0.28125
surrogate, 88, 23.0, 0.28125
surrogate, 88, 23.0, 0.28125
surrogate, 88, 23.0, 0.28125
surrogate, 88, 23.0, 0.28125
surrogate, 88, 23.0, 0.28125
surrogate, 88, 23.0, 0.28125
surrogate, 88, 23.0, 0.28125
surrogate, 88, 23.0, 0.28125
surrogate, 88, 23.0, 0.28125
surrogate, 88, 23.0, 0.28125
surrogate, 88, 23.0, 0.28125
surrogate, 88, 23.0, 0.28125
surrogate, 88, 23.0, 0.28125
surrogate, 88, 23.0, 0.28125
surrogate, 88, 23.0, 0.28125
surrogate, 88, 23.0, 0.28125
surrogate, 88, 23.0, 0.28125
surrogate, 88, 23.0, 0.28125
surrogate, 88, 23.0, 0.28125
surrogate, 88, 23.0, 0.28125
surrogate, 88, 23.0, 0.28125
surrogate, 88, 23.0, 0.28125
surrogate, 88, 23.0, 0.28125
surrogate, 88, 23.0, 0.28125
surrogate, 88, 23.0, 0.28125
surrogate, 88, 23.0, 0.28125
surrogate, 88, 23.0, 0.28125
surrogate, 88, 23.0, 0.28125
surrogate, 88, 23.0, 0.28125
surrogate, 88, 23.0, 0.28125
surrogate, 88, 17.0, 0.03125
surrogate, 88, 17.0, 0.03125
surrogate, 88, 17.0, 0.03125
surrogate, 88, 17.0, 0.03125
surrogate, 88, 17.0, 0.03125
surrogate, 88, 17.0, 0.03125
surrogate, 88, 17.0, 0.03125
surrogate, 88, 17.0, 0.03125
surrogate, 88, 17.0, 0.03125
surrogate, 88, 17.0, 0.03125
surrogate, 88, 17.0, 0.03125
surrogate, 88, 17.0, 0.03125
surrogate, 88, 17.0, 0.03125
surrogate, 88, 17.0, 0.03125
surrogate, 88, 17.0, 0.03125
surrogate, 88, 17.0, 0.03125
surrogate, 88, 17.0, 0.03125
surrogate, 88, 17.0, 0.03125
surrogate, 88, 17.0, 0.03125
surrogate, 88, 17.0, 0.03125
surrogate, 88, 17.0, 0.03125
surrogate, 88, 17.0, 0.03125
surrogate, 88, 17.0, 0.03125
surrogate, 88, 17.0, 0.03125
surrogate, 88, 17.0, 0.03125
surrogate, 88, 17.0, 0.03125
surrogate, 88, 17.0, 0.03125
surrogate, 88, 17.0, 0.03125
surrogate, 88, 17.0, 0.03125
surrogate, 88, 17.0, 0.03125
surrogate, 88, 17.0, 0.03125
surrogate, 88, 17.0, 0.03125
surrogate, 88, 17.0, 0.03125
surrogate, 88, 17.0, 0.03125
surrogate, 88, 17.0, 0.03125
surrogate, 88, 17.0, 0.03125
surrogate, 88, 17.0, 0.03125
surrogate, 88, 17.0, 0.03125
surrogate, 88, 17.0, 0.03125
surrogate, 88, 17.0, 0.03125
surrogate, 88, 17.0, 0.03125
surrogate, 88, 17.0, 0.03125
surrogate, 88, 17.0, 0.03125
surrogate, 88, 17.0, 0.03125
surrogate, 88, 17.0, 0.03125
surrogate, 88, 17.0, 0.03125
surrogate, 88, 17.0, 0.03125
surrogate, 88, 17.0, 0.03125
surrogate, 88, 17.0, 0.03125
surrogate, 88, 17.0, 0.03125
surrogate, 88, 17.0, 0.03125
surrogate, 88, 17.0, 0.03125
surrogate, 88, 17.0, 0.03125
surrogate, 88, 17.0, 0.03125
surrogate, 88, 17.0, 0.03125
surrogate, 88, 17.0, 0.03125
surrogate, 88, 17.0, 0.03125
surrogate, 88, 17.0, 0.03125
surrogate, 88, 17.0, 0.03125
surrogate, 88, 17.0, 0.03125
surrogate, 88, 17.0, 0.03125
surrogate, 88, 17.0, 0.03125
surrogate, 88, 17.0, 0.03125
surrogate, 88, 17.0, 0.03125
surrogate, 88, 17.0, 0.03125
surrogate, 88, 17.0, 0.03125
surrogate, 88, 17.0, 0.03125
surrogate, 88, 17.0, 0.03125
surrogate, 89, 30.0, 0.65625
surrogate, 89, 30.0, 0.65625
surrogate, 89, 30.0, 0.65625
surrogate, 89, 30.0, 0.65625
surrogate, 89, 30.0, 0.65625
surrogate, 89, 30.0, 0.65625
surrogate, 89, 30.0, 0.65625
surrogate, 89, 30.0, 0.65625
surrogate, 89, 30.0, 0.65625
surrogate, 89, 30.0, 0.65625
surrogate, 89, 30.0, 0.65625
surrogate, 89, 30.0, 0.65625
surrogate, 89, 30.0, 0.65625
surrogate, 89, 30.0, 0.65625
surrogate, 89, 30.0, 0.65625
surrogate, 89, 30.0, 0.65625
surrogate, 89, 30.0, 0.65625
surrogate, 89, 30.0, 0.65625
surrogate, 89, 30.0, 0.65625
surrogate, 89, 30.0, 0.65625
surrogate, 89, 30.0, 0.65625
surrogate, 89, 29.0, 0.59375
surrogate, 89, 29.0, 0.59375
surrogate, 89, 29.0, 0.59375
surrogate, 89, 29.0, 0.59375
surrogate, 89, 29.0, 0.59375
surrogate, 89, 29.0, 0.59375
surrogate, 89, 29.0, 0.59375
surrogate, 89, 29.0, 0.59375
surrogate, 89, 29.0, 0.59375
surrogate, 89, 29.0, 0.59375
surrogate, 89, 29.0, 0.59375
surrogate, 89, 29.0, 0.59375
surrogate, 89, 29.0, 0.59375
surrogate, 89, 29.0, 0.59375
surrogate, 89, 29.0, 0.59375
surrogate, 89, 29.0, 0.59375
surrogate, 89, 29.0, 0.59375
surrogate, 89, 27.0, 0.53125
surrogate, 89, 27.0, 0.53125
surrogate, 89, 27.0, 0.53125
surrogate, 89, 27.0, 0.53125
surrogate, 89, 27.0, 0.53125
surrogate, 89, 27.0, 0.53125
surrogate, 89, 27.0, 0.53125
surrogate, 89, 27.0, 0.53125
surrogate, 89, 27.0, 0.53125
surrogate, 89, 27.0, 0.53125
surrogate, 89, 27.0, 0.53125
surrogate, 89, 27.0, 0.53125
surrogate, 89, 27.0, 0.53125
surrogate, 89, 27.0, 0.53125
surrogate, 89, 27.0, 0.53125
surrogate, 89, 27.0, 0.53125
surrogate, 89, 27.0, 0.53125
surrogate, 89, 27.0, 0.53125
surrogate, 89, 27.0, 0.53125
surrogate, 89, 27.0, 0.53125
surrogate, 89, 27.0, 0.53125
surrogate, 89, 27.0, 0.53125
surrogate, 89, 27.0, 0.53125
surrogate, 89, 27.0, 0.53125
surrogate, 89, 27.0, 0.53125
surrogate, 89, 24.0, 0.375
surrogate, 89, 24.0, 0.375
surrogate, 89, 24.0, 0.375
surrogate, 89, 24.0, 0.375
surrogate, 89, 24.0, 0.375
surrogate, 89, 24.0, 0.375
surrogate, 89, 24.0, 0.375
surrogate, 89, 24.0, 0.375
surrogate, 89, 24.0, 0.375
surrogate, 89, 23.0, 0.28125
surrogate, 89, 23.0, 0.28125
surrogate, 89, 23.0, 0.28125
surrogate, 89, 23.0, 0.28125
surrogate, 89, 23.0, 0.28125
surrogate, 89, 23.0, 0.28125
surrogate, 89, 23.0, 0.28125
surrogate, 89, 23.0, 0.28125
surrogate, 89, 23.0, 0.28125
surrogate, 89, 23.0, 0.28125
surrogate, 89, 23.0, 0.28125
surrogate, 89, 23.0, 0.28125
surrogate, 89, 23.0, 0.28125
surrogate, 89, 23.0, 0.28125
surrogate, 89, 23.0, 0.28125
surrogate, 89, 23.0, 0.28125
surrogate, 89, 23.0, 0.28125
surrogate, 89, 23.0, 0.28125
surrogate, 89, 23.0, 0.28125
surrogate, 89, 23.0, 0.28125
surrogate, 89, 23.0, 0.28125
surrogate, 89, 23.0, 0.28125
surrogate, 89, 23.0, 0.28125
surrogate, 89, 23.0, 0.28125
surrogate, 89, 23.0, 0.28125
surrogate, 89, 23.0, 0.28125
surrogate, 89, 23.0, 0.28125
surrogate, 89, 23.0, 0.28125
surrogate, 89, 23.0, 0.28125
surrogate, 89, 23.0, 0.28125
surrogate, 89, 23.0, 0.28125
surrogate, 89, 23.0, 0.28125
surrogate, 89, 23.0, 0.28125
surrogate, 89, 23.0, 0.28125
surrogate, 89, 23.0, 0.28125
surrogate, 89, 23.0, 0.28125
surrogate, 89, 23.0, 0.28125
surrogate, 89, 17.0, 0.03125
surrogate, 89, 17.0, 0.03125
surrogate, 89, 17.0, 0.03125
surrogate, 89, 17.0, 0.03125
surrogate, 89, 17.0, 0.03125
surrogate, 89, 17.0, 0.03125
surrogate, 89, 17.0, 0.03125
surrogate, 89, 17.0, 0.03125
surrogate, 89, 17.0, 0.03125
surrogate, 89, 17.0, 0.03125
surrogate, 89, 17.0, 0.03125
surrogate, 89, 17.0, 0.03125
surrogate, 89, 17.0, 0.03125
surrogate, 89, 17.0, 0.03125
surrogate, 89, 17.0, 0.03125
surrogate, 89, 17.0, 0.03125
surrogate, 89, 17.0, 0.03125
surrogate, 89, 17.0, 0.03125
surrogate, 89, 17.0, 0.03125
surrogate, 89, 17.0, 0.03125
surrogate, 89, 17.0, 0.03125
surrogate, 89, 17.0, 0.03125
surrogate, 89, 17.0, 0.03125
surrogate, 89, 17.0, 0.03125
surrogate, 89, 17.0, 0.03125
surrogate, 89, 17.0, 0.03125
surrogate, 89, 17.0, 0.03125
surrogate, 89, 17.0, 0.03125
surrogate, 89, 17.0, 0.03125
surrogate, 89, 17.0, 0.03125
surrogate, 89, 17.0, 0.03125
surrogate, 89, 17.0, 0.03125
surrogate, 89, 17.0, 0.03125
surrogate, 89, 17.0, 0.03125
surrogate, 89, 17.0, 0.03125
surrogate, 89, 17.0, 0.03125
surrogate, 89, 17.0, 0.03125
surrogate, 89, 17.0, 0.03125
surrogate, 89, 17.0, 0.03125
surrogate, 89, 17.0, 0.03125
surrogate, 89, 17.0, 0.03125
surrogate, 89, 17.0, 0.03125
surrogate, 89, 17.0, 0.03125
surrogate, 89, 17.0, 0.03125
surrogate, 89, 17.0, 0.03125
surrogate, 89, 17.0, 0.03125
surrogate, 89, 17.0, 0.03125
surrogate, 89, 17.0, 0.03125
surrogate, 89, 17.0, 0.03125
surrogate, 89, 17.0, 0.03125
surrogate, 89, 17.0, 0.03125
surrogate, 89, 17.0, 0.03125
surrogate, 89, 17.0, 0.03125
surrogate, 89, 17.0, 0.03125
surrogate, 89, 17.0, 0.03125
surrogate, 89, 17.0, 0.03125
surrogate, 89, 17.0, 0.03125
surrogate, 89, 17.0, 0.03125
surrogate, 89, 17.0, 0.03125
surrogate, 89, 17.0, 0.03125
surrogate, 89, 17.0, 0.03125
surrogate, 89, 17.0, 0.03125
surrogate, 89, 17.0, 0.03125
surrogate, 89, 17.0, 0.03125
surrogate, 89, 17.0, 0.03125
surrogate, 89, 17.0, 0.03125
surrogate, 89, 17.0, 0.03125
surrogate, 89, 17.0, 0.03125
surrogate, 90, 30.0, 0.65625
surrogate, 90, 30.0, 0.65625
surrogate, 90, 30.0, 0.65625
surrogate, 90, 30.0, 0.65625
surrogate, 90, 30.0, 0.65625
surrogate, 90, 30.0, 0.65625
surrogate, 90, 30.0, 0.65625
surrogate, 90, 30.0, 0.65625
surrogate, 90, 30.0, 0.65625
surrogate, 90, 30.0, 0.65625
surrogate, 90, 30.0, 0.65625
surrogate, 90, 30.0, 0.65625
surrogate, 90, 30.0, 0.65625
surrogate, 90, 30.0, 0.65625
surrogate, 90, 30.0, 0.65625
surrogate, 90, 30.0, 0.65625
surrogate, 90, 30.0, 0.65625
surrogate, 90, 30.0, 0.65625
surrogate, 90, 30.0, 0.65625
surrogate, 90, 30.0, 0.65625
surrogate, 90, 30.0, 0.65625
surrogate, 90, 29.0, 0.59375
surrogate, 90, 29.0, 0.59375
surrogate, 90, 29.0, 0.59375
surrogate, 90, 29.0, 0.59375
surrogate, 90, 29.0, 0.59375
surrogate, 90, 29.0, 0.59375
surrogate, 90, 29.0, 0.59375
surrogate, 90, 29.0, 0.59375
surrogate, 90, 29.0, 0.59375
surrogate, 90, 29.0, 0.59375
surrogate, 90, 29.0, 0.59375
surrogate, 90, 29.0, 0.59375
surrogate, 90, 29.0, 0.59375
surrogate, 90, 29.0, 0.59375
surrogate, 90, 29.0, 0.59375
surrogate, 90, 29.0, 0.59375
surrogate, 90, 29.0, 0.59375
surrogate, 90, 27.0, 0.53125
surrogate, 90, 27.0, 0.53125
surrogate, 90, 27.0, 0.53125
surrogate, 90, 27.0, 0.53125
surrogate, 90, 27.0, 0.53125
surrogate, 90, 27.0, 0.53125
surrogate, 90, 27.0, 0.53125
surrogate, 90, 27.0, 0.53125
surrogate, 90, 27.0, 0.53125
surrogate, 90, 27.0, 0.53125
surrogate, 90, 27.0, 0.53125
surrogate, 90, 27.0, 0.53125
surrogate, 90, 27.0, 0.53125
surrogate, 90, 27.0, 0.53125
surrogate, 90, 27.0, 0.53125
surrogate, 90, 27.0, 0.53125
surrogate, 90, 27.0, 0.53125
surrogate, 90, 27.0, 0.53125
surrogate, 90, 27.0, 0.53125
surrogate, 90, 27.0, 0.53125
surrogate, 90, 27.0, 0.53125
surrogate, 90, 27.0, 0.53125
surrogate, 90, 27.0, 0.53125
surrogate, 90, 27.0, 0.53125
surrogate, 90, 27.0, 0.53125
surrogate, 90, 24.0, 0.375
surrogate, 90, 24.0, 0.375
surrogate, 90, 24.0, 0.375
surrogate, 90, 24.0, 0.375
surrogate, 90, 24.0, 0.375
surrogate, 90, 24.0, 0.375
surrogate, 90, 24.0, 0.375
surrogate, 90, 24.0, 0.375
surrogate, 90, 24.0, 0.375
surrogate, 90, 24.0, 0.375
surrogate, 90, 23.0, 0.28125
surrogate, 90, 23.0, 0.28125
surrogate, 90, 23.0, 0.28125
surrogate, 90, 23.0, 0.28125
surrogate, 90, 23.0, 0.28125
surrogate, 90, 23.0, 0.28125
surrogate, 90, 23.0, 0.28125
surrogate, 90, 23.0, 0.28125
surrogate, 90, 23.0, 0.28125
surrogate, 90, 23.0, 0.28125
surrogate, 90, 23.0, 0.28125
surrogate, 90, 23.0, 0.28125
surrogate, 90, 23.0, 0.28125
surrogate, 90, 23.0, 0.28125
surrogate, 90, 23.0, 0.28125
surrogate, 90, 23.0, 0.28125
surrogate, 90, 23.0, 0.28125
surrogate, 90, 23.0, 0.28125
surrogate, 90, 23.0, 0.28125
surrogate, 90, 23.0, 0.28125
surrogate, 90, 23.0, 0.28125
surrogate, 90, 23.0, 0.28125
surrogate, 90, 23.0, 0.28125
surrogate, 90, 23.0, 0.28125
surrogate, 90, 23.0, 0.28125
surrogate, 90, 23.0, 0.28125
surrogate, 90, 23.0, 0.28125
surrogate, 90, 23.0, 0.28125
surrogate, 90, 23.0, 0.28125
surrogate, 90, 23.0, 0.28125
surrogate, 90, 23.0, 0.28125
surrogate, 90, 23.0, 0.28125
surrogate, 90, 23.0, 0.28125
surrogate, 90, 23.0, 0.28125
surrogate, 90, 23.0, 0.28125
surrogate, 90, 23.0, 0.28125
surrogate, 90, 23.0, 0.28125
surrogate, 90, 23.0, 0.28125
surrogate, 90, 17.0, 0.03125
surrogate, 90, 17.0, 0.03125
surrogate, 90, 17.0, 0.03125
surrogate, 90, 17.0, 0.03125
surrogate, 90, 17.0, 0.03125
surrogate, 90, 17.0, 0.03125
surrogate, 90, 17.0, 0.03125
surrogate, 90, 17.0, 0.03125
surrogate, 90, 17.0, 0.03125
surrogate, 90, 17.0, 0.03125
surrogate, 90, 17.0, 0.03125
surrogate, 90, 17.0, 0.03125
surrogate, 90, 17.0, 0.03125
surrogate, 90, 17.0, 0.03125
surrogate, 90, 17.0, 0.03125
surrogate, 90, 17.0, 0.03125
surrogate, 90, 17.0, 0.03125
surrogate, 90, 17.0, 0.03125
surrogate, 90, 17.0, 0.03125
surrogate, 90, 17.0, 0.03125
surrogate, 90, 17.0, 0.03125
surrogate, 90, 17.0, 0.03125
surrogate, 90, 17.0, 0.03125
surrogate, 90, 17.0, 0.03125
surrogate, 90, 17.0, 0.03125
surrogate, 90, 17.0, 0.03125
surrogate, 90, 17.0, 0.03125
surrogate, 90, 17.0, 0.03125
surrogate, 90, 17.0, 0.03125
surrogate, 90, 17.0, 0.03125
surrogate, 90, 17.0, 0.03125
surrogate, 90, 17.0, 0.03125
surrogate, 90, 17.0, 0.03125
surrogate, 90, 17.0, 0.03125
surrogate, 90, 17.0, 0.03125
surrogate, 90, 17.0, 0.03125
surrogate, 90, 17.0, 0.03125
surrogate, 90, 17.0, 0.03125
surrogate, 90, 17.0, 0.03125
surrogate, 90, 17.0, 0.03125
surrogate, 90, 17.0, 0.03125
surrogate, 90, 17.0, 0.03125
surrogate, 90, 17.0, 0.03125
surrogate, 90, 17.0, 0.03125
surrogate, 90, 17.0, 0.03125
surrogate, 90, 17.0, 0.03125
surrogate, 90, 17.0, 0.03125
surrogate, 90, 17.0, 0.03125
surrogate, 90, 17.0, 0.03125
surrogate, 90, 17.0, 0.03125
surrogate, 90, 17.0, 0.03125
surrogate, 90, 17.0, 0.03125
surrogate, 90, 17.0, 0.03125
surrogate, 90, 17.0, 0.03125
surrogate, 90, 17.0, 0.03125
surrogate, 90, 17.0, 0.03125
surrogate, 90, 17.0, 0.03125
surrogate, 90, 17.0, 0.03125
surrogate, 90, 17.0, 0.03125
surrogate, 90, 17.0, 0.03125
surrogate, 90, 17.0, 0.03125
surrogate, 90, 17.0, 0.03125
surrogate, 90, 17.0, 0.03125
surrogate, 90, 17.0, 0.03125
surrogate, 90, 17.0, 0.03125
surrogate, 90, 17.0, 0.03125
surrogate, 90, 17.0, 0.03125
surrogate, 90, 17.0, 0.03125
surrogate, 90, 17.0, 0.03125
surrogate, 91, 30.0, 0.65625
surrogate, 91, 30.0, 0.65625
surrogate, 91, 30.0, 0.65625
surrogate, 91, 30.0, 0.65625
surrogate, 91, 30.0, 0.65625
surrogate, 91, 30.0, 0.65625
surrogate, 91, 30.0, 0.65625
surrogate, 91, 30.0, 0.65625
surrogate, 91, 30.0, 0.65625
surrogate, 91, 30.0, 0.65625
surrogate, 91, 30.0, 0.65625
surrogate, 91, 30.0, 0.65625
surrogate, 91, 30.0, 0.65625
surrogate, 91, 30.0, 0.65625
surrogate, 91, 30.0, 0.65625
surrogate, 91, 30.0, 0.65625
surrogate, 91, 30.0, 0.65625
surrogate, 91, 30.0, 0.65625
surrogate, 91, 30.0, 0.65625
surrogate, 91, 30.0, 0.65625
surrogate, 91, 30.0, 0.65625
surrogate, 91, 29.0, 0.59375
surrogate, 91, 29.0, 0.59375
surrogate, 91, 29.0, 0.59375
surrogate, 91, 29.0, 0.59375
surrogate, 91, 29.0, 0.59375
surrogate, 91, 29.0, 0.59375
surrogate, 91, 29.0, 0.59375
surrogate, 91, 29.0, 0.59375
surrogate, 91, 29.0, 0.59375
surrogate, 91, 29.0, 0.59375
surrogate, 91, 29.0, 0.59375
surrogate, 91, 29.0, 0.59375
surrogate, 91, 29.0, 0.59375
surrogate, 91, 29.0, 0.59375
surrogate, 91, 29.0, 0.59375
surrogate, 91, 29.0, 0.59375
surrogate, 91, 29.0, 0.59375
surrogate, 91, 29.0, 0.59375
surrogate, 91, 27.0, 0.53125
surrogate, 91, 27.0, 0.53125
surrogate, 91, 27.0, 0.53125
surrogate, 91, 27.0, 0.53125
surrogate, 91, 27.0, 0.53125
surrogate, 91, 27.0, 0.53125
surrogate, 91, 27.0, 0.53125
surrogate, 91, 27.0, 0.53125
surrogate, 91, 27.0, 0.53125
surrogate, 91, 27.0, 0.53125
surrogate, 91, 27.0, 0.53125
surrogate, 91, 27.0, 0.53125
surrogate, 91, 27.0, 0.53125
surrogate, 91, 27.0, 0.53125
surrogate, 91, 27.0, 0.53125
surrogate, 91, 27.0, 0.53125
surrogate, 91, 27.0, 0.53125
surrogate, 91, 27.0, 0.53125
surrogate, 91, 27.0, 0.53125
surrogate, 91, 27.0, 0.53125
surrogate, 91, 27.0, 0.53125
surrogate, 91, 27.0, 0.53125
surrogate, 91, 27.0, 0.53125
surrogate, 91, 27.0, 0.53125
surrogate, 91, 27.0, 0.53125
surrogate, 91, 24.0, 0.375
surrogate, 91, 24.0, 0.375
surrogate, 91, 24.0, 0.375
surrogate, 91, 24.0, 0.375
surrogate, 91, 24.0, 0.375
surrogate, 91, 24.0, 0.375
surrogate, 91, 24.0, 0.375
surrogate, 91, 24.0, 0.375
surrogate, 91, 24.0, 0.375
surrogate, 91, 24.0, 0.375
surrogate, 91, 24.0, 0.375
surrogate, 91, 23.0, 0.28125
surrogate, 91, 23.0, 0.28125
surrogate, 91, 23.0, 0.28125
surrogate, 91, 23.0, 0.28125
surrogate, 91, 23.0, 0.28125
surrogate, 91, 23.0, 0.28125
surrogate, 91, 23.0, 0.28125
surrogate, 91, 23.0, 0.28125
surrogate, 91, 23.0, 0.28125
surrogate, 91, 23.0, 0.28125
surrogate, 91, 23.0, 0.28125
surrogate, 91, 23.0, 0.28125
surrogate, 91, 23.0, 0.28125
surrogate, 91, 23.0, 0.28125
surrogate, 91, 23.0, 0.28125
surrogate, 91, 23.0, 0.28125
surrogate, 91, 23.0, 0.28125
surrogate, 91, 23.0, 0.28125
surrogate, 91, 23.0, 0.28125
surrogate, 91, 23.0, 0.28125
surrogate, 91, 23.0, 0.28125
surrogate, 91, 23.0, 0.28125
surrogate, 91, 23.0, 0.28125
surrogate, 91, 23.0, 0.28125
surrogate, 91, 23.0, 0.28125
surrogate, 91, 23.0, 0.28125
surrogate, 91, 23.0, 0.28125
surrogate, 91, 23.0, 0.28125
surrogate, 91, 23.0, 0.28125
surrogate, 91, 23.0, 0.28125
surrogate, 91, 23.0, 0.28125
surrogate, 91, 23.0, 0.28125
surrogate, 91, 23.0, 0.28125
surrogate, 91, 23.0, 0.28125
surrogate, 91, 23.0, 0.28125
surrogate, 91, 23.0, 0.28125
surrogate, 91, 23.0, 0.28125
surrogate, 91, 23.0, 0.28125
surrogate, 91, 17.0, 0.03125
surrogate, 91, 17.0, 0.03125
surrogate, 91, 17.0, 0.03125
surrogate, 91, 17.0, 0.03125
surrogate, 91, 17.0, 0.03125
surrogate, 91, 17.0, 0.03125
surrogate, 91, 17.0, 0.03125
surrogate, 91, 17.0, 0.03125
surrogate, 91, 17.0, 0.03125
surrogate, 91, 17.0, 0.03125
surrogate, 91, 17.0, 0.03125
surrogate, 91, 17.0, 0.03125
surrogate, 91, 17.0, 0.03125
surrogate, 91, 17.0, 0.03125
surrogate, 91, 17.0, 0.03125
surrogate, 91, 17.0, 0.03125
surrogate, 91, 17.0, 0.03125
surrogate, 91, 17.0, 0.03125
surrogate, 91, 17.0, 0.03125
surrogate, 91, 17.0, 0.03125
surrogate, 91, 17.0, 0.03125
surrogate, 91, 17.0, 0.03125
surrogate, 91, 17.0, 0.03125
surrogate, 91, 17.0, 0.03125
surrogate, 91, 17.0, 0.03125
surrogate, 91, 17.0, 0.03125
surrogate, 91, 17.0, 0.03125
surrogate, 91, 17.0, 0.03125
surrogate, 91, 17.0, 0.03125
surrogate, 91, 17.0, 0.03125
surrogate, 91, 17.0, 0.03125
surrogate, 91, 17.0, 0.03125
surrogate, 91, 17.0, 0.03125
surrogate, 91, 17.0, 0.03125
surrogate, 91, 17.0, 0.03125
surrogate, 91, 17.0, 0.03125
surrogate, 91, 17.0, 0.03125
surrogate, 91, 17.0, 0.03125
surrogate, 91, 17.0, 0.03125
surrogate, 91, 17.0, 0.03125
surrogate, 91, 17.0, 0.03125
surrogate, 91, 17.0, 0.03125
surrogate, 91, 17.0, 0.03125
surrogate, 91, 17.0, 0.03125
surrogate, 91, 17.0, 0.03125
surrogate, 91, 17.0, 0.03125
surrogate, 91, 17.0, 0.03125
surrogate, 91, 17.0, 0.03125
surrogate, 91, 17.0, 0.03125
surrogate, 91, 17.0, 0.03125
surrogate, 91, 17.0, 0.03125
surrogate, 91, 17.0, 0.03125
surrogate, 91, 17.0, 0.03125
surrogate, 91, 17.0, 0.03125
surrogate, 91, 17.0, 0.03125
surrogate, 91, 17.0, 0.03125
surrogate, 91, 17.0, 0.03125
surrogate, 91, 17.0, 0.03125
surrogate, 91, 17.0, 0.03125
surrogate, 91, 17.0, 0.03125
surrogate, 91, 17.0, 0.03125
surrogate, 91, 17.0, 0.03125
surrogate, 91, 17.0, 0.03125
surrogate, 91, 17.0, 0.03125
surrogate, 91, 17.0, 0.03125
surrogate, 91, 17.0, 0.03125
surrogate, 91, 17.0, 0.03125
surrogate, 91, 17.0, 0.03125
surrogate, 91, 17.0, 0.03125
surrogate, 91, 17.0, 0.03125
surrogate, 92, 30.0, 0.65625
surrogate, 92, 30.0, 0.65625
surrogate, 92, 30.0, 0.65625
surrogate, 92, 30.0, 0.65625
surrogate, 92, 30.0, 0.65625
surrogate, 92, 30.0, 0.65625
surrogate, 92, 30.0, 0.65625
surrogate, 92, 30.0, 0.65625
surrogate, 92, 30.0, 0.65625
surrogate, 92, 30.0, 0.65625
surrogate, 92, 30.0, 0.65625
surrogate, 92, 30.0, 0.65625
surrogate, 92, 30.0, 0.65625
surrogate, 92, 30.0, 0.65625
surrogate, 92, 30.0, 0.65625
surrogate, 92, 30.0, 0.65625
surrogate, 92, 30.0, 0.65625
surrogate, 92, 30.0, 0.65625
surrogate, 92, 30.0, 0.65625
surrogate, 92, 30.0, 0.65625
surrogate, 92, 30.0, 0.65625
surrogate, 92, 29.0, 0.59375
surrogate, 92, 29.0, 0.59375
surrogate, 92, 29.0, 0.59375
surrogate, 92, 29.0, 0.59375
surrogate, 92, 29.0, 0.59375
surrogate, 92, 29.0, 0.59375
surrogate, 92, 29.0, 0.59375
surrogate, 92, 29.0, 0.59375
surrogate, 92, 29.0, 0.59375
surrogate, 92, 29.0, 0.59375
surrogate, 92, 29.0, 0.59375
surrogate, 92, 29.0, 0.59375
surrogate, 92, 29.0, 0.59375
surrogate, 92, 29.0, 0.59375
surrogate, 92, 29.0, 0.59375
surrogate, 92, 29.0, 0.59375
surrogate, 92, 29.0, 0.59375
surrogate, 92, 29.0, 0.59375
surrogate, 92, 27.0, 0.53125
surrogate, 92, 27.0, 0.53125
surrogate, 92, 27.0, 0.53125
surrogate, 92, 27.0, 0.53125
surrogate, 92, 27.0, 0.53125
surrogate, 92, 27.0, 0.53125
surrogate, 92, 27.0, 0.53125
surrogate, 92, 27.0, 0.53125
surrogate, 92, 27.0, 0.53125
surrogate, 92, 27.0, 0.53125
surrogate, 92, 27.0, 0.53125
surrogate, 92, 27.0, 0.53125
surrogate, 92, 27.0, 0.53125
surrogate, 92, 27.0, 0.53125
surrogate, 92, 27.0, 0.53125
surrogate, 92, 27.0, 0.53125
surrogate, 92, 27.0, 0.53125
surrogate, 92, 27.0, 0.53125
surrogate, 92, 27.0, 0.53125
surrogate, 92, 27.0, 0.53125
surrogate, 92, 27.0, 0.53125
surrogate, 92, 27.0, 0.53125
surrogate, 92, 27.0, 0.53125
surrogate, 92, 27.0, 0.53125
surrogate, 92, 27.0, 0.53125
surrogate, 92, 24.0, 0.375
surrogate, 92, 24.0, 0.375
surrogate, 92, 24.0, 0.375
surrogate, 92, 24.0, 0.375
surrogate, 92, 24.0, 0.375
surrogate, 92, 24.0, 0.375
surrogate, 92, 24.0, 0.375
surrogate, 92, 24.0, 0.375
surrogate, 92, 24.0, 0.375
surrogate, 92, 24.0, 0.375
surrogate, 92, 24.0, 0.375
surrogate, 92, 23.0, 0.28125
surrogate, 92, 23.0, 0.28125
surrogate, 92, 23.0, 0.28125
surrogate, 92, 23.0, 0.28125
surrogate, 92, 23.0, 0.28125
surrogate, 92, 23.0, 0.28125
surrogate, 92, 23.0, 0.28125
surrogate, 92, 23.0, 0.28125
surrogate, 92, 23.0, 0.28125
surrogate, 92, 23.0, 0.28125
surrogate, 92, 23.0, 0.28125
surrogate, 92, 23.0, 0.28125
surrogate, 92, 23.0, 0.28125
surrogate, 92, 23.0, 0.28125
surrogate, 92, 23.0, 0.28125
surrogate, 92, 23.0, 0.28125
surrogate, 92, 23.0, 0.28125
surrogate, 92, 23.0, 0.28125
surrogate, 92, 23.0, 0.28125
surrogate, 92, 23.0, 0.28125
surrogate, 92, 23.0, 0.28125
surrogate, 92, 23.0, 0.28125
surrogate, 92, 23.0, 0.28125
surrogate, 92, 23.0, 0.28125
surrogate, 92, 23.0, 0.28125
surrogate, 92, 23.0, 0.28125
surrogate, 92, 23.0, 0.28125
surrogate, 92, 23.0, 0.28125
surrogate, 92, 23.0, 0.28125
surrogate, 92, 23.0, 0.28125
surrogate, 92, 23.0, 0.28125
surrogate, 92, 23.0, 0.28125
surrogate, 92, 23.0, 0.28125
surrogate, 92, 23.0, 0.28125
surrogate, 92, 23.0, 0.28125
surrogate, 92, 23.0, 0.28125
surrogate, 92, 23.0, 0.28125
surrogate, 92, 23.0, 0.28125
surrogate, 92, 23.0, 0.28125
surrogate, 92, 17.0, 0.03125
surrogate, 92, 17.0, 0.03125
surrogate, 92, 17.0, 0.03125
surrogate, 92, 17.0, 0.03125
surrogate, 92, 17.0, 0.03125
surrogate, 92, 17.0, 0.03125
surrogate, 92, 17.0, 0.03125
surrogate, 92, 17.0, 0.03125
surrogate, 92, 17.0, 0.03125
surrogate, 92, 17.0, 0.03125
surrogate, 92, 17.0, 0.03125
surrogate, 92, 17.0, 0.03125
surrogate, 92, 17.0, 0.03125
surrogate, 92, 17.0, 0.03125
surrogate, 92, 17.0, 0.03125
surrogate, 92, 17.0, 0.03125
surrogate, 92, 17.0, 0.03125
surrogate, 92, 17.0, 0.03125
surrogate, 92, 17.0, 0.03125
surrogate, 92, 17.0, 0.03125
surrogate, 92, 17.0, 0.03125
surrogate, 92, 17.0, 0.03125
surrogate, 92, 17.0, 0.03125
surrogate, 92, 17.0, 0.03125
surrogate, 92, 17.0, 0.03125
surrogate, 92, 17.0, 0.03125
surrogate, 92, 17.0, 0.03125
surrogate, 92, 17.0, 0.03125
surrogate, 92, 17.0, 0.03125
surrogate, 92, 17.0, 0.03125
surrogate, 92, 17.0, 0.03125
surrogate, 92, 17.0, 0.03125
surrogate, 92, 17.0, 0.03125
surrogate, 92, 17.0, 0.03125
surrogate, 92, 17.0, 0.03125
surrogate, 92, 17.0, 0.03125
surrogate, 92, 17.0, 0.03125
surrogate, 92, 17.0, 0.03125
surrogate, 92, 17.0, 0.03125
surrogate, 92, 17.0, 0.03125
surrogate, 92, 17.0, 0.03125
surrogate, 92, 17.0, 0.03125
surrogate, 92, 17.0, 0.03125
surrogate, 92, 17.0, 0.03125
surrogate, 92, 17.0, 0.03125
surrogate, 92, 17.0, 0.03125
surrogate, 92, 17.0, 0.03125
surrogate, 92, 17.0, 0.03125
surrogate, 92, 17.0, 0.03125
surrogate, 92, 17.0, 0.03125
surrogate, 92, 17.0, 0.03125
surrogate, 92, 17.0, 0.03125
surrogate, 92, 17.0, 0.03125
surrogate, 92, 17.0, 0.03125
surrogate, 92, 17.0, 0.03125
surrogate, 92, 17.0, 0.03125
surrogate, 92, 17.0, 0.03125
surrogate, 92, 17.0, 0.03125
surrogate, 92, 17.0, 0.03125
surrogate, 92, 17.0, 0.03125
surrogate, 92, 17.0, 0.03125
surrogate, 92, 17.0, 0.03125
surrogate, 92, 17.0, 0.03125
surrogate, 92, 17.0, 0.03125
surrogate, 92, 17.0, 0.03125
surrogate, 92, 17.0, 0.03125
surrogate, 92, 17.0, 0.03125
surrogate, 92, 17.0, 0.03125
surrogate, 92, 17.0, 0.03125
surrogate, 92, 17.0, 0.03125
surrogate, 93, 30.0, 0.65625
surrogate, 93, 30.0, 0.65625
surrogate, 93, 30.0, 0.65625
surrogate, 93, 30.0, 0.65625
surrogate, 93, 30.0, 0.65625
surrogate, 93, 30.0, 0.65625
surrogate, 93, 30.0, 0.65625
surrogate, 93, 30.0, 0.65625
surrogate, 93, 30.0, 0.65625
surrogate, 93, 30.0, 0.65625
surrogate, 93, 30.0, 0.65625
surrogate, 93, 30.0, 0.65625
surrogate, 93, 30.0, 0.65625
surrogate, 93, 30.0, 0.65625
surrogate, 93, 30.0, 0.65625
surrogate, 93, 30.0, 0.65625
surrogate, 93, 30.0, 0.65625
surrogate, 93, 30.0, 0.65625
surrogate, 93, 30.0, 0.65625
surrogate, 93, 30.0, 0.65625
surrogate, 93, 30.0, 0.65625
surrogate, 93, 30.0, 0.65625
surrogate, 93, 29.0, 0.59375
surrogate, 93, 29.0, 0.59375
surrogate, 93, 29.0, 0.59375
surrogate, 93, 29.0, 0.59375
surrogate, 93, 29.0, 0.59375
surrogate, 93, 29.0, 0.59375
surrogate, 93, 29.0, 0.59375
surrogate, 93, 29.0, 0.59375
surrogate, 93, 29.0, 0.59375
surrogate, 93, 29.0, 0.59375
surrogate, 93, 29.0, 0.59375
surrogate, 93, 29.0, 0.59375
surrogate, 93, 29.0, 0.59375
surrogate, 93, 29.0, 0.59375
surrogate, 93, 29.0, 0.59375
surrogate, 93, 29.0, 0.59375
surrogate, 93, 29.0, 0.59375
surrogate, 93, 29.0, 0.59375
surrogate, 93, 29.0, 0.59375
surrogate, 93, 27.0, 0.53125
surrogate, 93, 27.0, 0.53125
surrogate, 93, 27.0, 0.53125
surrogate, 93, 27.0, 0.53125
surrogate, 93, 27.0, 0.53125
surrogate, 93, 27.0, 0.53125
surrogate, 93, 27.0, 0.53125
surrogate, 93, 27.0, 0.53125
surrogate, 93, 27.0, 0.53125
surrogate, 93, 27.0, 0.53125
surrogate, 93, 27.0, 0.53125
surrogate, 93, 27.0, 0.53125
surrogate, 93, 27.0, 0.53125
surrogate, 93, 27.0, 0.53125
surrogate, 93, 27.0, 0.53125
surrogate, 93, 27.0, 0.53125
surrogate, 93, 27.0, 0.53125
surrogate, 93, 27.0, 0.53125
surrogate, 93, 27.0, 0.53125
surrogate, 93, 27.0, 0.53125
surrogate, 93, 27.0, 0.53125
surrogate, 93, 27.0, 0.53125
surrogate, 93, 27.0, 0.53125
surrogate, 93, 27.0, 0.53125
surrogate, 93, 27.0, 0.53125
surrogate, 93, 27.0, 0.53125
surrogate, 93, 24.0, 0.375
surrogate, 93, 24.0, 0.375
surrogate, 93, 24.0, 0.375
surrogate, 93, 24.0, 0.375
surrogate, 93, 24.0, 0.375
surrogate, 93, 24.0, 0.375
surrogate, 93, 24.0, 0.375
surrogate, 93, 24.0, 0.375
surrogate, 93, 24.0, 0.375
surrogate, 93, 24.0, 0.375
surrogate, 93, 24.0, 0.375
surrogate, 93, 23.0, 0.28125
surrogate, 93, 23.0, 0.28125
surrogate, 93, 23.0, 0.28125
surrogate, 93, 23.0, 0.28125
surrogate, 93, 23.0, 0.28125
surrogate, 93, 23.0, 0.28125
surrogate, 93, 23.0, 0.28125
surrogate, 93, 23.0, 0.28125
surrogate, 93, 23.0, 0.28125
surrogate, 93, 23.0, 0.28125
surrogate, 93, 23.0, 0.28125
surrogate, 93, 23.0, 0.28125
surrogate, 93, 23.0, 0.28125
surrogate, 93, 23.0, 0.28125
surrogate, 93, 23.0, 0.28125
surrogate, 93, 23.0, 0.28125
surrogate, 93, 23.0, 0.28125
surrogate, 93, 23.0, 0.28125
surrogate, 93, 23.0, 0.28125
surrogate, 93, 23.0, 0.28125
surrogate, 93, 23.0, 0.28125
surrogate, 93, 23.0, 0.28125
surrogate, 93, 23.0, 0.28125
surrogate, 93, 23.0, 0.28125
surrogate, 93, 23.0, 0.28125
surrogate, 93, 23.0, 0.28125
surrogate, 93, 23.0, 0.28125
surrogate, 93, 23.0, 0.28125
surrogate, 93, 23.0, 0.28125
surrogate, 93, 23.0, 0.28125
surrogate, 93, 23.0, 0.28125
surrogate, 93, 23.0, 0.28125
surrogate, 93, 23.0, 0.28125
surrogate, 93, 23.0, 0.28125
surrogate, 93, 23.0, 0.28125
surrogate, 93, 23.0, 0.28125
surrogate, 93, 23.0, 0.28125
surrogate, 93, 23.0, 0.28125
surrogate, 93, 23.0, 0.28125
surrogate, 93, 23.0, 0.28125
surrogate, 93, 17.0, 0.03125
surrogate, 93, 17.0, 0.03125
surrogate, 93, 17.0, 0.03125
surrogate, 93, 17.0, 0.03125
surrogate, 93, 17.0, 0.03125
surrogate, 93, 17.0, 0.03125
surrogate, 93, 17.0, 0.03125
surrogate, 93, 17.0, 0.03125
surrogate, 93, 17.0, 0.03125
surrogate, 93, 17.0, 0.03125
surrogate, 93, 17.0, 0.03125
surrogate, 93, 17.0, 0.03125
surrogate, 93, 17.0, 0.03125
surrogate, 93, 17.0, 0.03125
surrogate, 93, 17.0, 0.03125
surrogate, 93, 17.0, 0.03125
surrogate, 93, 17.0, 0.03125
surrogate, 93, 17.0, 0.03125
surrogate, 93, 17.0, 0.03125
surrogate, 93, 17.0, 0.03125
surrogate, 93, 17.0, 0.03125
surrogate, 93, 17.0, 0.03125
surrogate, 93, 17.0, 0.03125
surrogate, 93, 17.0, 0.03125
surrogate, 93, 17.0, 0.03125
surrogate, 93, 17.0, 0.03125
surrogate, 93, 17.0, 0.03125
surrogate, 93, 17.0, 0.03125
surrogate, 93, 17.0, 0.03125
surrogate, 93, 17.0, 0.03125
surrogate, 93, 17.0, 0.03125
surrogate, 93, 17.0, 0.03125
surrogate, 93, 17.0, 0.03125
surrogate, 93, 17.0, 0.03125
surrogate, 93, 17.0, 0.03125
surrogate, 93, 17.0, 0.03125
surrogate, 93, 17.0, 0.03125
surrogate, 93, 17.0, 0.03125
surrogate, 93, 17.0, 0.03125
surrogate, 93, 17.0, 0.03125
surrogate, 93, 17.0, 0.03125
surrogate, 93, 17.0, 0.03125
surrogate, 93, 17.0, 0.03125
surrogate, 93, 17.0, 0.03125
surrogate, 93, 17.0, 0.03125
surrogate, 93, 17.0, 0.03125
surrogate, 93, 17.0, 0.03125
surrogate, 93, 17.0, 0.03125
surrogate, 93, 17.0, 0.03125
surrogate, 93, 17.0, 0.03125
surrogate, 93, 17.0, 0.03125
surrogate, 93, 17.0, 0.03125
surrogate, 93, 17.0, 0.03125
surrogate, 93, 17.0, 0.03125
surrogate, 93, 17.0, 0.03125
surrogate, 93, 17.0, 0.03125
surrogate, 93, 17.0, 0.03125
surrogate, 93, 17.0, 0.03125
surrogate, 93, 17.0, 0.03125
surrogate, 93, 17.0, 0.03125
surrogate, 93, 17.0, 0.03125
surrogate, 93, 17.0, 0.03125
surrogate, 93, 17.0, 0.03125
surrogate, 93, 17.0, 0.03125
surrogate, 93, 17.0, 0.03125
surrogate, 93, 17.0, 0.03125
surrogate, 93, 17.0, 0.03125
surrogate, 93, 17.0, 0.03125
surrogate, 93, 17.0, 0.03125
surrogate, 93, 17.0, 0.03125
surrogate, 93, 17.0, 0.03125
surrogate, 94, 30.0, 0.65625
surrogate, 94, 30.0, 0.65625
surrogate, 94, 30.0, 0.65625
surrogate, 94, 30.0, 0.65625
surrogate, 94, 30.0, 0.65625
surrogate, 94, 30.0, 0.65625
surrogate, 94, 30.0, 0.65625
surrogate, 94, 30.0, 0.65625
surrogate, 94, 30.0, 0.65625
surrogate, 94, 30.0, 0.65625
surrogate, 94, 30.0, 0.65625
surrogate, 94, 30.0, 0.65625
surrogate, 94, 30.0, 0.65625
surrogate, 94, 30.0, 0.65625
surrogate, 94, 30.0, 0.65625
surrogate, 94, 30.0, 0.65625
surrogate, 94, 30.0, 0.65625
surrogate, 94, 30.0, 0.65625
surrogate, 94, 30.0, 0.65625
surrogate, 94, 30.0, 0.65625
surrogate, 94, 30.0, 0.65625
surrogate, 94, 30.0, 0.65625
surrogate, 94, 29.0, 0.59375
surrogate, 94, 29.0, 0.59375
surrogate, 94, 29.0, 0.59375
surrogate, 94, 29.0, 0.59375
surrogate, 94, 29.0, 0.59375
surrogate, 94, 29.0, 0.59375
surrogate, 94, 29.0, 0.59375
surrogate, 94, 29.0, 0.59375
surrogate, 94, 29.0, 0.59375
surrogate, 94, 29.0, 0.59375
surrogate, 94, 29.0, 0.59375
surrogate, 94, 29.0, 0.59375
surrogate, 94, 29.0, 0.59375
surrogate, 94, 29.0, 0.59375
surrogate, 94, 29.0, 0.59375
surrogate, 94, 29.0, 0.59375
surrogate, 94, 29.0, 0.59375
surrogate, 94, 29.0, 0.59375
surrogate, 94, 29.0, 0.59375
surrogate, 94, 27.0, 0.53125
surrogate, 94, 27.0, 0.53125
surrogate, 94, 27.0, 0.53125
surrogate, 94, 27.0, 0.53125
surrogate, 94, 27.0, 0.53125
surrogate, 94, 27.0, 0.53125
surrogate, 94, 27.0, 0.53125
surrogate, 94, 27.0, 0.53125
surrogate, 94, 27.0, 0.53125
surrogate, 94, 27.0, 0.53125
surrogate, 94, 27.0, 0.53125
surrogate, 94, 27.0, 0.53125
surrogate, 94, 27.0, 0.53125
surrogate, 94, 27.0, 0.53125
surrogate, 94, 27.0, 0.53125
surrogate, 94, 27.0, 0.53125
surrogate, 94, 27.0, 0.53125
surrogate, 94, 27.0, 0.53125
surrogate, 94, 27.0, 0.53125
surrogate, 94, 27.0, 0.53125
surrogate, 94, 27.0, 0.53125
surrogate, 94, 27.0, 0.53125
surrogate, 94, 27.0, 0.53125
surrogate, 94, 27.0, 0.53125
surrogate, 94, 27.0, 0.53125
surrogate, 94, 27.0, 0.53125
surrogate, 94, 26.0, 0.46875
surrogate, 94, 24.0, 0.375
surrogate, 94, 24.0, 0.375
surrogate, 94, 24.0, 0.375
surrogate, 94, 24.0, 0.375
surrogate, 94, 24.0, 0.375
surrogate, 94, 24.0, 0.375
surrogate, 94, 24.0, 0.375
surrogate, 94, 24.0, 0.375
surrogate, 94, 24.0, 0.375
surrogate, 94, 24.0, 0.375
surrogate, 94, 24.0, 0.375
surrogate, 94, 23.0, 0.28125
surrogate, 94, 23.0, 0.28125
surrogate, 94, 23.0, 0.28125
surrogate, 94, 23.0, 0.28125
surrogate, 94, 23.0, 0.28125
surrogate, 94, 23.0, 0.28125
surrogate, 94, 23.0, 0.28125
surrogate, 94, 23.0, 0.28125
surrogate, 94, 23.0, 0.28125
surrogate, 94, 23.0, 0.28125
surrogate, 94, 23.0, 0.28125
surrogate, 94, 23.0, 0.28125
surrogate, 94, 23.0, 0.28125
surrogate, 94, 23.0, 0.28125
surrogate, 94, 23.0, 0.28125
surrogate, 94, 23.0, 0.28125
surrogate, 94, 23.0, 0.28125
surrogate, 94, 23.0, 0.28125
surrogate, 94, 23.0, 0.28125
surrogate, 94, 23.0, 0.28125
surrogate, 94, 23.0, 0.28125
surrogate, 94, 23.0, 0.28125
surrogate, 94, 23.0, 0.28125
surrogate, 94, 23.0, 0.28125
surrogate, 94, 23.0, 0.28125
surrogate, 94, 23.0, 0.28125
surrogate, 94, 23.0, 0.28125
surrogate, 94, 23.0, 0.28125
surrogate, 94, 23.0, 0.28125
surrogate, 94, 23.0, 0.28125
surrogate, 94, 23.0, 0.28125
surrogate, 94, 23.0, 0.28125
surrogate, 94, 23.0, 0.28125
surrogate, 94, 23.0, 0.28125
surrogate, 94, 23.0, 0.28125
surrogate, 94, 23.0, 0.28125
surrogate, 94, 23.0, 0.28125
surrogate, 94, 23.0, 0.28125
surrogate, 94, 23.0, 0.28125
surrogate, 94, 23.0, 0.28125
surrogate, 94, 23.0, 0.28125
surrogate, 94, 17.0, 0.03125
surrogate, 94, 17.0, 0.03125
surrogate, 94, 17.0, 0.03125
surrogate, 94, 17.0, 0.03125
surrogate, 94, 17.0, 0.03125
surrogate, 94, 17.0, 0.03125
surrogate, 94, 17.0, 0.03125
surrogate, 94, 17.0, 0.03125
surrogate, 94, 17.0, 0.03125
surrogate, 94, 17.0, 0.03125
surrogate, 94, 17.0, 0.03125
surrogate, 94, 17.0, 0.03125
surrogate, 94, 17.0, 0.03125
surrogate, 94, 17.0, 0.03125
surrogate, 94, 17.0, 0.03125
surrogate, 94, 17.0, 0.03125
surrogate, 94, 17.0, 0.03125
surrogate, 94, 17.0, 0.03125
surrogate, 94, 17.0, 0.03125
surrogate, 94, 17.0, 0.03125
surrogate, 94, 17.0, 0.03125
surrogate, 94, 17.0, 0.03125
surrogate, 94, 17.0, 0.03125
surrogate, 94, 17.0, 0.03125
surrogate, 94, 17.0, 0.03125
surrogate, 94, 17.0, 0.03125
surrogate, 94, 17.0, 0.03125
surrogate, 94, 17.0, 0.03125
surrogate, 94, 17.0, 0.03125
surrogate, 94, 17.0, 0.03125
surrogate, 94, 17.0, 0.03125
surrogate, 94, 17.0, 0.03125
surrogate, 94, 17.0, 0.03125
surrogate, 94, 17.0, 0.03125
surrogate, 94, 17.0, 0.03125
surrogate, 94, 17.0, 0.03125
surrogate, 94, 17.0, 0.03125
surrogate, 94, 17.0, 0.03125
surrogate, 94, 17.0, 0.03125
surrogate, 94, 17.0, 0.03125
surrogate, 94, 17.0, 0.03125
surrogate, 94, 17.0, 0.03125
surrogate, 94, 17.0, 0.03125
surrogate, 94, 17.0, 0.03125
surrogate, 94, 17.0, 0.03125
surrogate, 94, 17.0, 0.03125
surrogate, 94, 17.0, 0.03125
surrogate, 94, 17.0, 0.03125
surrogate, 94, 17.0, 0.03125
surrogate, 94, 17.0, 0.03125
surrogate, 94, 17.0, 0.03125
surrogate, 94, 17.0, 0.03125
surrogate, 94, 17.0, 0.03125
surrogate, 94, 17.0, 0.03125
surrogate, 94, 17.0, 0.03125
surrogate, 94, 17.0, 0.03125
surrogate, 94, 17.0, 0.03125
surrogate, 94, 17.0, 0.03125
surrogate, 94, 17.0, 0.03125
surrogate, 94, 17.0, 0.03125
surrogate, 94, 17.0, 0.03125
surrogate, 94, 17.0, 0.03125
surrogate, 94, 17.0, 0.03125
surrogate, 94, 17.0, 0.03125
surrogate, 94, 17.0, 0.03125
surrogate, 94, 17.0, 0.03125
surrogate, 94, 17.0, 0.03125
surrogate, 94, 17.0, 0.03125
surrogate, 94, 17.0, 0.03125
surrogate, 94, 17.0, 0.03125
surrogate, 94, 17.0, 0.03125
surrogate, 94, 17.0, 0.03125
surrogate, 95, 30.0, 0.65625
surrogate, 95, 30.0, 0.65625
surrogate, 95, 30.0, 0.65625
surrogate, 95, 30.0, 0.65625
surrogate, 95, 30.0, 0.65625
surrogate, 95, 30.0, 0.65625
surrogate, 95, 30.0, 0.65625
surrogate, 95, 30.0, 0.65625
surrogate, 95, 30.0, 0.65625
surrogate, 95, 30.0, 0.65625
surrogate, 95, 30.0, 0.65625
surrogate, 95, 30.0, 0.65625
surrogate, 95, 30.0, 0.65625
surrogate, 95, 30.0, 0.65625
surrogate, 95, 30.0, 0.65625
surrogate, 95, 30.0, 0.65625
surrogate, 95, 30.0, 0.65625
surrogate, 95, 30.0, 0.65625
surrogate, 95, 30.0, 0.65625
surrogate, 95, 30.0, 0.65625
surrogate, 95, 30.0, 0.65625
surrogate, 95, 30.0, 0.65625
surrogate, 95, 29.0, 0.59375
surrogate, 95, 29.0, 0.59375
surrogate, 95, 29.0, 0.59375
surrogate, 95, 29.0, 0.59375
surrogate, 95, 29.0, 0.59375
surrogate, 95, 29.0, 0.59375
surrogate, 95, 29.0, 0.59375
surrogate, 95, 29.0, 0.59375
surrogate, 95, 29.0, 0.59375
surrogate, 95, 29.0, 0.59375
surrogate, 95, 29.0, 0.59375
surrogate, 95, 29.0, 0.59375
surrogate, 95, 29.0, 0.59375
surrogate, 95, 29.0, 0.59375
surrogate, 95, 29.0, 0.59375
surrogate, 95, 29.0, 0.59375
surrogate, 95, 29.0, 0.59375
surrogate, 95, 29.0, 0.59375
surrogate, 95, 29.0, 0.59375
surrogate, 95, 29.0, 0.59375
surrogate, 95, 27.0, 0.53125
surrogate, 95, 27.0, 0.53125
surrogate, 95, 27.0, 0.53125
surrogate, 95, 27.0, 0.53125
surrogate, 95, 27.0, 0.53125
surrogate, 95, 27.0, 0.53125
surrogate, 95, 27.0, 0.53125
surrogate, 95, 27.0, 0.53125
surrogate, 95, 27.0, 0.53125
surrogate, 95, 27.0, 0.53125
surrogate, 95, 27.0, 0.53125
surrogate, 95, 27.0, 0.53125
surrogate, 95, 27.0, 0.53125
surrogate, 95, 27.0, 0.53125
surrogate, 95, 27.0, 0.53125
surrogate, 95, 27.0, 0.53125
surrogate, 95, 27.0, 0.53125
surrogate, 95, 27.0, 0.53125
surrogate, 95, 27.0, 0.53125
surrogate, 95, 27.0, 0.53125
surrogate, 95, 27.0, 0.53125
surrogate, 95, 27.0, 0.53125
surrogate, 95, 27.0, 0.53125
surrogate, 95, 27.0, 0.53125
surrogate, 95, 27.0, 0.53125
surrogate, 95, 27.0, 0.53125
surrogate, 95, 27.0, 0.53125
surrogate, 95, 26.0, 0.46875
surrogate, 95, 24.0, 0.375
surrogate, 95, 24.0, 0.375
surrogate, 95, 24.0, 0.375
surrogate, 95, 24.0, 0.375
surrogate, 95, 24.0, 0.375
surrogate, 95, 24.0, 0.375
surrogate, 95, 24.0, 0.375
surrogate, 95, 24.0, 0.375
surrogate, 95, 24.0, 0.375
surrogate, 95, 24.0, 0.375
surrogate, 95, 24.0, 0.375
surrogate, 95, 22.0, 0.28125
surrogate, 95, 17.0, 0.03125
surrogate, 95, 17.0, 0.03125
surrogate, 95, 17.0, 0.03125
surrogate, 95, 17.0, 0.03125
surrogate, 95, 17.0, 0.03125
surrogate, 95, 17.0, 0.03125
surrogate, 95, 17.0, 0.03125
surrogate, 95, 17.0, 0.03125
surrogate, 95, 17.0, 0.03125
surrogate, 95, 17.0, 0.03125
surrogate, 95, 17.0, 0.03125
surrogate, 95, 17.0, 0.03125
surrogate, 95, 17.0, 0.03125
surrogate, 95, 17.0, 0.03125
surrogate, 95, 17.0, 0.03125
surrogate, 95, 17.0, 0.03125
surrogate, 95, 17.0, 0.03125
surrogate, 95, 17.0, 0.03125
surrogate, 95, 17.0, 0.03125
surrogate, 95, 17.0, 0.03125
surrogate, 95, 17.0, 0.03125
surrogate, 95, 17.0, 0.03125
surrogate, 95, 17.0, 0.03125
surrogate, 95, 17.0, 0.03125
surrogate, 95, 17.0, 0.03125
surrogate, 95, 17.0, 0.03125
surrogate, 95, 17.0, 0.03125
surrogate, 95, 17.0, 0.03125
surrogate, 95, 17.0, 0.03125
surrogate, 95, 17.0, 0.03125
surrogate, 95, 17.0, 0.03125
surrogate, 95, 17.0, 0.03125
surrogate, 95, 17.0, 0.03125
surrogate, 95, 17.0, 0.03125
surrogate, 95, 17.0, 0.03125
surrogate, 95, 17.0, 0.03125
surrogate, 95, 17.0, 0.03125
surrogate, 95, 17.0, 0.03125
surrogate, 95, 17.0, 0.03125
surrogate, 95, 17.0, 0.03125
surrogate, 95, 17.0, 0.03125
surrogate, 95, 17.0, 0.03125
surrogate, 95, 17.0, 0.03125
surrogate, 95, 17.0, 0.03125
surrogate, 95, 17.0, 0.03125
surrogate, 95, 17.0, 0.03125
surrogate, 95, 17.0, 0.03125
surrogate, 95, 17.0, 0.03125
surrogate, 95, 17.0, 0.03125
surrogate, 95, 17.0, 0.03125
surrogate, 95, 17.0, 0.03125
surrogate, 95, 17.0, 0.03125
surrogate, 95, 17.0, 0.03125
surrogate, 95, 17.0, 0.03125
surrogate, 95, 17.0, 0.03125
surrogate, 95, 17.0, 0.03125
surrogate, 95, 17.0, 0.03125
surrogate, 95, 17.0, 0.03125
surrogate, 95, 17.0, 0.03125
surrogate, 95, 17.0, 0.03125
surrogate, 95, 17.0, 0.03125
surrogate, 95, 17.0, 0.03125
surrogate, 95, 17.0, 0.03125
surrogate, 95, 17.0, 0.03125
surrogate, 95, 17.0, 0.03125
surrogate, 95, 17.0, 0.03125
surrogate, 95, 17.0, 0.03125
surrogate, 95, 17.0, 0.03125
surrogate, 95, 17.0, 0.03125
surrogate, 95, 17.0, 0.03125
surrogate, 95, 17.0, 0.03125
surrogate, 95, 17.0, 0.03125
surrogate, 96, 30.0, 0.65625
surrogate, 96, 30.0, 0.65625
surrogate, 96, 30.0, 0.65625
surrogate, 96, 30.0, 0.65625
surrogate, 96, 30.0, 0.65625
surrogate, 96, 30.0, 0.65625
surrogate, 96, 30.0, 0.65625
surrogate, 96, 30.0, 0.65625
surrogate, 96, 30.0, 0.65625
surrogate, 96, 30.0, 0.65625
surrogate, 96, 30.0, 0.65625
surrogate, 96, 30.0, 0.65625
surrogate, 96, 30.0, 0.65625
surrogate, 96, 30.0, 0.65625
surrogate, 96, 30.0, 0.65625
surrogate, 96, 30.0, 0.65625
surrogate, 96, 30.0, 0.65625
surrogate, 96, 30.0, 0.65625
surrogate, 96, 30.0, 0.65625
surrogate, 96, 30.0, 0.65625
surrogate, 96, 30.0, 0.65625
surrogate, 96, 30.0, 0.65625
surrogate, 96, 30.0, 0.65625
surrogate, 96, 29.0, 0.59375
surrogate, 96, 29.0, 0.59375
surrogate, 96, 29.0, 0.59375
surrogate, 96, 29.0, 0.59375
surrogate, 96, 29.0, 0.59375
surrogate, 96, 29.0, 0.59375
surrogate, 96, 29.0, 0.59375
surrogate, 96, 29.0, 0.59375
surrogate, 96, 29.0, 0.59375
surrogate, 96, 29.0, 0.59375
surrogate, 96, 29.0, 0.59375
surrogate, 96, 29.0, 0.59375
surrogate, 96, 29.0, 0.59375
surrogate, 96, 29.0, 0.59375
surrogate, 96, 29.0, 0.59375
surrogate, 96, 29.0, 0.59375
surrogate, 96, 29.0, 0.59375
surrogate, 96, 29.0, 0.59375
surrogate, 96, 29.0, 0.59375
surrogate, 96, 29.0, 0.59375
surrogate, 96, 27.0, 0.53125
surrogate, 96, 27.0, 0.53125
surrogate, 96, 27.0, 0.53125
surrogate, 96, 27.0, 0.53125
surrogate, 96, 27.0, 0.53125
surrogate, 96, 27.0, 0.53125
surrogate, 96, 27.0, 0.53125
surrogate, 96, 27.0, 0.53125
surrogate, 96, 27.0, 0.53125
surrogate, 96, 27.0, 0.53125
surrogate, 96, 27.0, 0.53125
surrogate, 96, 27.0, 0.53125
surrogate, 96, 27.0, 0.53125
surrogate, 96, 27.0, 0.53125
surrogate, 96, 27.0, 0.53125
surrogate, 96, 27.0, 0.53125
surrogate, 96, 27.0, 0.53125
surrogate, 96, 27.0, 0.53125
surrogate, 96, 27.0, 0.53125
surrogate, 96, 27.0, 0.53125
surrogate, 96, 27.0, 0.53125
surrogate, 96, 27.0, 0.53125
surrogate, 96, 27.0, 0.53125
surrogate, 96, 27.0, 0.53125
surrogate, 96, 27.0, 0.53125
surrogate, 96, 27.0, 0.53125
surrogate, 96, 27.0, 0.53125
surrogate, 96, 26.0, 0.46875
surrogate, 96, 26.0, 0.46875
surrogate, 96, 24.0, 0.375
surrogate, 96, 24.0, 0.375
surrogate, 96, 24.0, 0.375
surrogate, 96, 24.0, 0.375
surrogate, 96, 24.0, 0.375
surrogate, 96, 24.0, 0.375
surrogate, 96, 24.0, 0.375
surrogate, 96, 24.0, 0.375
surrogate, 96, 24.0, 0.375
surrogate, 96, 24.0, 0.375
surrogate, 96, 24.0, 0.375
surrogate, 96, 24.0, 0.375
surrogate, 96, 22.0, 0.28125
surrogate, 96, 17.0, 0.03125
surrogate, 96, 17.0, 0.03125
surrogate, 96, 17.0, 0.03125
surrogate, 96, 17.0, 0.03125
surrogate, 96, 17.0, 0.03125
surrogate, 96, 17.0, 0.03125
surrogate, 96, 17.0, 0.03125
surrogate, 96, 17.0, 0.03125
surrogate, 96, 17.0, 0.03125
surrogate, 96, 17.0, 0.03125
surrogate, 96, 17.0, 0.03125
surrogate, 96, 17.0, 0.03125
surrogate, 96, 17.0, 0.03125
surrogate, 96, 17.0, 0.03125
surrogate, 96, 17.0, 0.03125
surrogate, 96, 17.0, 0.03125
surrogate, 96, 17.0, 0.03125
surrogate, 96, 17.0, 0.03125
surrogate, 96, 17.0, 0.03125
surrogate, 96, 17.0, 0.03125
surrogate, 96, 17.0, 0.03125
surrogate, 96, 17.0, 0.03125
surrogate, 96, 17.0, 0.03125
surrogate, 96, 17.0, 0.03125
surrogate, 96, 17.0, 0.03125
surrogate, 96, 17.0, 0.03125
surrogate, 96, 17.0, 0.03125
surrogate, 96, 17.0, 0.03125
surrogate, 96, 17.0, 0.03125
surrogate, 96, 17.0, 0.03125
surrogate, 96, 17.0, 0.03125
surrogate, 96, 17.0, 0.03125
surrogate, 96, 17.0, 0.03125
surrogate, 96, 17.0, 0.03125
surrogate, 96, 17.0, 0.03125
surrogate, 96, 17.0, 0.03125
surrogate, 96, 17.0, 0.03125
surrogate, 96, 17.0, 0.03125
surrogate, 96, 17.0, 0.03125
surrogate, 96, 17.0, 0.03125
surrogate, 96, 17.0, 0.03125
surrogate, 96, 17.0, 0.03125
surrogate, 96, 17.0, 0.03125
surrogate, 96, 17.0, 0.03125
surrogate, 96, 17.0, 0.03125
surrogate, 96, 17.0, 0.03125
surrogate, 96, 17.0, 0.03125
surrogate, 96, 17.0, 0.03125
surrogate, 96, 17.0, 0.03125
surrogate, 96, 17.0, 0.03125
surrogate, 96, 17.0, 0.03125
surrogate, 96, 17.0, 0.03125
surrogate, 96, 17.0, 0.03125
surrogate, 96, 17.0, 0.03125
surrogate, 96, 17.0, 0.03125
surrogate, 96, 17.0, 0.03125
surrogate, 96, 17.0, 0.03125
surrogate, 96, 17.0, 0.03125
surrogate, 96, 17.0, 0.03125
surrogate, 96, 17.0, 0.03125
surrogate, 96, 17.0, 0.03125
surrogate, 96, 17.0, 0.03125
surrogate, 96, 17.0, 0.03125
surrogate, 96, 17.0, 0.03125
surrogate, 96, 17.0, 0.03125
surrogate, 96, 17.0, 0.03125
surrogate, 96, 17.0, 0.03125
surrogate, 96, 17.0, 0.03125
surrogate, 96, 17.0, 0.03125
surrogate, 96, 17.0, 0.03125
surrogate, 96, 17.0, 0.03125
surrogate, 96, 17.0, 0.03125
surrogate, 96, 17.0, 0.03125
surrogate, 97, 30.0, 0.65625
surrogate, 97, 30.0, 0.65625
surrogate, 97, 30.0, 0.65625
surrogate, 97, 30.0, 0.65625
surrogate, 97, 30.0, 0.65625
surrogate, 97, 30.0, 0.65625
surrogate, 97, 30.0, 0.65625
surrogate, 97, 30.0, 0.65625
surrogate, 97, 30.0, 0.65625
surrogate, 97, 30.0, 0.65625
surrogate, 97, 30.0, 0.65625
surrogate, 97, 30.0, 0.65625
surrogate, 97, 30.0, 0.65625
surrogate, 97, 30.0, 0.65625
surrogate, 97, 30.0, 0.65625
surrogate, 97, 30.0, 0.65625
surrogate, 97, 30.0, 0.65625
surrogate, 97, 30.0, 0.65625
surrogate, 97, 30.0, 0.65625
surrogate, 97, 30.0, 0.65625
surrogate, 97, 30.0, 0.65625
surrogate, 97, 30.0, 0.65625
surrogate, 97, 30.0, 0.65625
surrogate, 97, 29.0, 0.59375
surrogate, 97, 29.0, 0.59375
surrogate, 97, 29.0, 0.59375
surrogate, 97, 29.0, 0.59375
surrogate, 97, 29.0, 0.59375
surrogate, 97, 29.0, 0.59375
surrogate, 97, 29.0, 0.59375
surrogate, 97, 29.0, 0.59375
surrogate, 97, 29.0, 0.59375
surrogate, 97, 29.0, 0.59375
surrogate, 97, 29.0, 0.59375
surrogate, 97, 29.0, 0.59375
surrogate, 97, 29.0, 0.59375
surrogate, 97, 29.0, 0.59375
surrogate, 97, 29.0, 0.59375
surrogate, 97, 29.0, 0.59375
surrogate, 97, 29.0, 0.59375
surrogate, 97, 29.0, 0.59375
surrogate, 97, 29.0, 0.59375
surrogate, 97, 29.0, 0.59375
surrogate, 97, 27.0, 0.53125
surrogate, 97, 27.0, 0.53125
surrogate, 97, 27.0, 0.53125
surrogate, 97, 27.0, 0.53125
surrogate, 97, 27.0, 0.53125
surrogate, 97, 27.0, 0.53125
surrogate, 97, 27.0, 0.53125
surrogate, 97, 27.0, 0.53125
surrogate, 97, 27.0, 0.53125
surrogate, 97, 27.0, 0.53125
surrogate, 97, 27.0, 0.53125
surrogate, 97, 27.0, 0.53125
surrogate, 97, 27.0, 0.53125
surrogate, 97, 27.0, 0.53125
surrogate, 97, 27.0, 0.53125
surrogate, 97, 27.0, 0.53125
surrogate, 97, 27.0, 0.53125
surrogate, 97, 27.0, 0.53125
surrogate, 97, 27.0, 0.53125
surrogate, 97, 27.0, 0.53125
surrogate, 97, 27.0, 0.53125
surrogate, 97, 27.0, 0.53125
surrogate, 97, 27.0, 0.53125
surrogate, 97, 27.0, 0.53125
surrogate, 97, 27.0, 0.53125
surrogate, 97, 27.0, 0.53125
surrogate, 97, 27.0, 0.53125
surrogate, 97, 27.0, 0.53125
surrogate, 97, 26.0, 0.46875
surrogate, 97, 26.0, 0.46875
surrogate, 97, 26.0, 0.46875
surrogate, 97, 24.0, 0.375
surrogate, 97, 24.0, 0.375
surrogate, 97, 24.0, 0.375
surrogate, 97, 24.0, 0.375
surrogate, 97, 24.0, 0.375
surrogate, 97, 24.0, 0.375
surrogate, 97, 24.0, 0.375
surrogate, 97, 24.0, 0.375
surrogate, 97, 24.0, 0.375
surrogate, 97, 24.0, 0.375
surrogate, 97, 24.0, 0.375
surrogate, 97, 24.0, 0.375
surrogate, 97, 24.0, 0.375
surrogate, 97, 22.0, 0.28125
surrogate, 97, 17.0, 0.03125
surrogate, 97, 17.0, 0.03125
surrogate, 97, 17.0, 0.03125
surrogate, 97, 17.0, 0.03125
surrogate, 97, 17.0, 0.03125
surrogate, 97, 17.0, 0.03125
surrogate, 97, 17.0, 0.03125
surrogate, 97, 17.0, 0.03125
surrogate, 97, 17.0, 0.03125
surrogate, 97, 17.0, 0.03125
surrogate, 97, 17.0, 0.03125
surrogate, 97, 17.0, 0.03125
surrogate, 97, 17.0, 0.03125
surrogate, 97, 17.0, 0.03125
surrogate, 97, 17.0, 0.03125
surrogate, 97, 17.0, 0.03125
surrogate, 97, 17.0, 0.03125
surrogate, 97, 17.0, 0.03125
surrogate, 97, 17.0, 0.03125
surrogate, 97, 17.0, 0.03125
surrogate, 97, 17.0, 0.03125
surrogate, 97, 17.0, 0.03125
surrogate, 97, 17.0, 0.03125
surrogate, 97, 17.0, 0.03125
surrogate, 97, 17.0, 0.03125
surrogate, 97, 17.0, 0.03125
surrogate, 97, 17.0, 0.03125
surrogate, 97, 17.0, 0.03125
surrogate, 97, 17.0, 0.03125
surrogate, 97, 17.0, 0.03125
surrogate, 97, 17.0, 0.03125
surrogate, 97, 17.0, 0.03125
surrogate, 97, 17.0, 0.03125
surrogate, 97, 17.0, 0.03125
surrogate, 97, 17.0, 0.03125
surrogate, 97, 17.0, 0.03125
surrogate, 97, 17.0, 0.03125
surrogate, 97, 17.0, 0.03125
surrogate, 97, 17.0, 0.03125
surrogate, 97, 17.0, 0.03125
surrogate, 97, 17.0, 0.03125
surrogate, 97, 17.0, 0.03125
surrogate, 97, 17.0, 0.03125
surrogate, 97, 17.0, 0.03125
surrogate, 97, 17.0, 0.03125
surrogate, 97, 17.0, 0.03125
surrogate, 97, 17.0, 0.03125
surrogate, 97, 17.0, 0.03125
surrogate, 97, 17.0, 0.03125
surrogate, 97, 17.0, 0.03125
surrogate, 97, 17.0, 0.03125
surrogate, 97, 17.0, 0.03125
surrogate, 97, 17.0, 0.03125
surrogate, 97, 17.0, 0.03125
surrogate, 97, 17.0, 0.03125
surrogate, 97, 17.0, 0.03125
surrogate, 97, 17.0, 0.03125
surrogate, 97, 17.0, 0.03125
surrogate, 97, 17.0, 0.03125
surrogate, 97, 17.0, 0.03125
surrogate, 97, 17.0, 0.03125
surrogate, 97, 17.0, 0.03125
surrogate, 97, 17.0, 0.03125
surrogate, 97, 17.0, 0.03125
surrogate, 97, 17.0, 0.03125
surrogate, 97, 17.0, 0.03125
surrogate, 97, 17.0, 0.03125
surrogate, 97, 17.0, 0.03125
surrogate, 97, 17.0, 0.03125
surrogate, 97, 17.0, 0.03125
surrogate, 97, 17.0, 0.03125
surrogate, 97, 17.0, 0.03125
surrogate, 97, 17.0, 0.03125
surrogate, 97, 17.0, 0.03125
surrogate, 98, 30.0, 0.65625
surrogate, 98, 30.0, 0.65625
surrogate, 98, 30.0, 0.65625
surrogate, 98, 30.0, 0.65625
surrogate, 98, 30.0, 0.65625
surrogate, 98, 30.0, 0.65625
surrogate, 98, 30.0, 0.65625
surrogate, 98, 30.0, 0.65625
surrogate, 98, 30.0, 0.65625
surrogate, 98, 30.0, 0.65625
surrogate, 98, 30.0, 0.65625
surrogate, 98, 30.0, 0.65625
surrogate, 98, 30.0, 0.65625
surrogate, 98, 30.0, 0.65625
surrogate, 98, 30.0, 0.65625
surrogate, 98, 30.0, 0.65625
surrogate, 98, 30.0, 0.65625
surrogate, 98, 30.0, 0.65625
surrogate, 98, 30.0, 0.65625
surrogate, 98, 30.0, 0.65625
surrogate, 98, 30.0, 0.65625
surrogate, 98, 30.0, 0.65625
surrogate, 98, 30.0, 0.65625
surrogate, 98, 29.0, 0.59375
surrogate, 98, 29.0, 0.59375
surrogate, 98, 29.0, 0.59375
surrogate, 98, 29.0, 0.59375
surrogate, 98, 29.0, 0.59375
surrogate, 98, 29.0, 0.59375
surrogate, 98, 29.0, 0.59375
surrogate, 98, 29.0, 0.59375
surrogate, 98, 29.0, 0.59375
surrogate, 98, 29.0, 0.59375
surrogate, 98, 29.0, 0.59375
surrogate, 98, 29.0, 0.59375
surrogate, 98, 29.0, 0.59375
surrogate, 98, 29.0, 0.59375
surrogate, 98, 29.0, 0.59375
surrogate, 98, 29.0, 0.59375
surrogate, 98, 29.0, 0.59375
surrogate, 98, 29.0, 0.59375
surrogate, 98, 29.0, 0.59375
surrogate, 98, 29.0, 0.59375
surrogate, 98, 29.0, 0.59375
surrogate, 98, 27.0, 0.53125
surrogate, 98, 27.0, 0.53125
surrogate, 98, 27.0, 0.53125
surrogate, 98, 27.0, 0.53125
surrogate, 98, 27.0, 0.53125
surrogate, 98, 27.0, 0.53125
surrogate, 98, 27.0, 0.53125
surrogate, 98, 27.0, 0.53125
surrogate, 98, 27.0, 0.53125
surrogate, 98, 27.0, 0.53125
surrogate, 98, 27.0, 0.53125
surrogate, 98, 27.0, 0.53125
surrogate, 98, 27.0, 0.53125
surrogate, 98, 27.0, 0.53125
surrogate, 98, 27.0, 0.53125
surrogate, 98, 27.0, 0.53125
surrogate, 98, 27.0, 0.53125
surrogate, 98, 27.0, 0.53125
surrogate, 98, 27.0, 0.53125
surrogate, 98, 27.0, 0.53125
surrogate, 98, 27.0, 0.53125
surrogate, 98, 27.0, 0.53125
surrogate, 98, 27.0, 0.53125
surrogate, 98, 27.0, 0.53125
surrogate, 98, 27.0, 0.53125
surrogate, 98, 27.0, 0.53125
surrogate, 98, 27.0, 0.53125
surrogate, 98, 27.0, 0.53125
surrogate, 98, 26.0, 0.46875
surrogate, 98, 26.0, 0.46875
surrogate, 98, 26.0, 0.46875
surrogate, 98, 26.0, 0.46875
surrogate, 98, 24.0, 0.375
surrogate, 98, 24.0, 0.375
surrogate, 98, 24.0, 0.375
surrogate, 98, 24.0, 0.375
surrogate, 98, 24.0, 0.375
surrogate, 98, 24.0, 0.375
surrogate, 98, 24.0, 0.375
surrogate, 98, 24.0, 0.375
surrogate, 98, 24.0, 0.375
surrogate, 98, 24.0, 0.375
surrogate, 98, 24.0, 0.375
surrogate, 98, 24.0, 0.375
surrogate, 98, 24.0, 0.375
surrogate, 98, 22.0, 0.28125
surrogate, 98, 22.0, 0.28125
surrogate, 98, 17.0, 0.03125
surrogate, 98, 17.0, 0.03125
surrogate, 98, 17.0, 0.03125
surrogate, 98, 17.0, 0.03125
surrogate, 98, 17.0, 0.03125
surrogate, 98, 17.0, 0.03125
surrogate, 98, 17.0, 0.03125
surrogate, 98, 17.0, 0.03125
surrogate, 98, 17.0, 0.03125
surrogate, 98, 17.0, 0.03125
surrogate, 98, 17.0, 0.03125
surrogate, 98, 17.0, 0.03125
surrogate, 98, 17.0, 0.03125
surrogate, 98, 17.0, 0.03125
surrogate, 98, 17.0, 0.03125
surrogate, 98, 17.0, 0.03125
surrogate, 98, 17.0, 0.03125
surrogate, 98, 17.0, 0.03125
surrogate, 98, 17.0, 0.03125
surrogate, 98, 17.0, 0.03125
surrogate, 98, 17.0, 0.03125
surrogate, 98, 17.0, 0.03125
surrogate, 98, 17.0, 0.03125
surrogate, 98, 17.0, 0.03125
surrogate, 98, 17.0, 0.03125
surrogate, 98, 17.0, 0.03125
surrogate, 98, 17.0, 0.03125
surrogate, 98, 17.0, 0.03125
surrogate, 98, 17.0, 0.03125
surrogate, 98, 17.0, 0.03125
surrogate, 98, 17.0, 0.03125
surrogate, 98, 17.0, 0.03125
surrogate, 98, 17.0, 0.03125
surrogate, 98, 17.0, 0.03125
surrogate, 98, 17.0, 0.03125
surrogate, 98, 17.0, 0.03125
surrogate, 98, 17.0, 0.03125
surrogate, 98, 17.0, 0.03125
surrogate, 98, 17.0, 0.03125
surrogate, 98, 17.0, 0.03125
surrogate, 98, 17.0, 0.03125
surrogate, 98, 17.0, 0.03125
surrogate, 98, 17.0, 0.03125
surrogate, 98, 17.0, 0.03125
surrogate, 98, 17.0, 0.03125
surrogate, 98, 17.0, 0.03125
surrogate, 98, 17.0, 0.03125
surrogate, 98, 17.0, 0.03125
surrogate, 98, 17.0, 0.03125
surrogate, 98, 17.0, 0.03125
surrogate, 98, 17.0, 0.03125
surrogate, 98, 17.0, 0.03125
surrogate, 98, 17.0, 0.03125
surrogate, 98, 17.0, 0.03125
surrogate, 98, 17.0, 0.03125
surrogate, 98, 17.0, 0.03125
surrogate, 98, 17.0, 0.03125
surrogate, 98, 17.0, 0.03125
surrogate, 98, 17.0, 0.03125
surrogate, 98, 17.0, 0.03125
surrogate, 98, 17.0, 0.03125
surrogate, 98, 17.0, 0.03125
surrogate, 98, 17.0, 0.03125
surrogate, 98, 17.0, 0.03125
surrogate, 98, 17.0, 0.03125
surrogate, 98, 17.0, 0.03125
surrogate, 98, 17.0, 0.03125
surrogate, 98, 17.0, 0.03125
surrogate, 98, 17.0, 0.03125
surrogate, 98, 17.0, 0.03125
surrogate, 98, 17.0, 0.03125
surrogate, 98, 17.0, 0.03125
surrogate, 98, 17.0, 0.03125
surrogate, 98, 17.0, 0.03125
surrogate, 98, 17.0, 0.03125
surrogate, 99, 30.0, 0.65625
surrogate, 99, 30.0, 0.65625
surrogate, 99, 30.0, 0.65625
surrogate, 99, 30.0, 0.65625
surrogate, 99, 30.0, 0.65625
surrogate, 99, 30.0, 0.65625
surrogate, 99, 30.0, 0.65625
surrogate, 99, 30.0, 0.65625
surrogate, 99, 30.0, 0.65625
surrogate, 99, 30.0, 0.65625
surrogate, 99, 30.0, 0.65625
surrogate, 99, 30.0, 0.65625
surrogate, 99, 30.0, 0.65625
surrogate, 99, 30.0, 0.65625
surrogate, 99, 30.0, 0.65625
surrogate, 99, 30.0, 0.65625
surrogate, 99, 30.0, 0.65625
surrogate, 99, 30.0, 0.65625
surrogate, 99, 30.0, 0.65625
surrogate, 99, 30.0, 0.65625
surrogate, 99, 30.0, 0.65625
surrogate, 99, 30.0, 0.65625
surrogate, 99, 30.0, 0.65625
surrogate, 99, 29.0, 0.59375
surrogate, 99, 29.0, 0.59375
surrogate, 99, 29.0, 0.59375
surrogate, 99, 29.0, 0.59375
surrogate, 99, 29.0, 0.59375
surrogate, 99, 29.0, 0.59375
surrogate, 99, 29.0, 0.59375
surrogate, 99, 29.0, 0.59375
surrogate, 99, 29.0, 0.59375
surrogate, 99, 29.0, 0.59375
surrogate, 99, 29.0, 0.59375
surrogate, 99, 29.0, 0.59375
surrogate, 99, 29.0, 0.59375
surrogate, 99, 29.0, 0.59375
surrogate, 99, 29.0, 0.59375
surrogate, 99, 29.0, 0.59375
surrogate, 99, 29.0, 0.59375
surrogate, 99, 29.0, 0.59375
surrogate, 99, 29.0, 0.59375
surrogate, 99, 29.0, 0.59375
surrogate, 99, 29.0, 0.59375
surrogate, 99, 26.0, 0.53125
surrogate, 99, 24.0, 0.375
surrogate, 99, 24.0, 0.375
surrogate, 99, 24.0, 0.375
surrogate, 99, 24.0, 0.375
surrogate, 99, 24.0, 0.375
surrogate, 99, 24.0, 0.375
surrogate, 99, 24.0, 0.375
surrogate, 99, 24.0, 0.375
surrogate, 99, 24.0, 0.375
surrogate, 99, 24.0, 0.375
surrogate, 99, 24.0, 0.375
surrogate, 99, 24.0, 0.375
surrogate, 99, 24.0, 0.375
surrogate, 99, 22.0, 0.28125
surrogate, 99, 22.0, 0.28125
surrogate, 99, 17.0, 0.03125
surrogate, 99, 17.0, 0.03125
surrogate, 99, 17.0, 0.03125
surrogate, 99, 17.0, 0.03125
surrogate, 99, 17.0, 0.03125
surrogate, 99, 17.0, 0.03125
surrogate, 99, 17.0, 0.03125
surrogate, 99, 17.0, 0.03125
surrogate, 99, 17.0, 0.03125
surrogate, 99, 17.0, 0.03125
surrogate, 99, 17.0, 0.03125
surrogate, 99, 17.0, 0.03125
surrogate, 99, 17.0, 0.03125
surrogate, 99, 17.0, 0.03125
surrogate, 99, 17.0, 0.03125
surrogate, 99, 17.0, 0.03125
surrogate, 99, 17.0, 0.03125
surrogate, 99, 17.0, 0.03125
surrogate, 99, 17.0, 0.03125
surrogate, 99, 17.0, 0.03125
surrogate, 99, 17.0, 0.03125
surrogate, 99, 17.0, 0.03125
surrogate, 99, 17.0, 0.03125
surrogate, 99, 17.0, 0.03125
surrogate, 99, 17.0, 0.03125
surrogate, 99, 17.0, 0.03125
surrogate, 99, 17.0, 0.03125
surrogate, 99, 17.0, 0.03125
surrogate, 99, 17.0, 0.03125
surrogate, 99, 17.0, 0.03125
surrogate, 99, 17.0, 0.03125
surrogate, 99, 17.0, 0.03125
surrogate, 99, 17.0, 0.03125
surrogate, 99, 17.0, 0.03125
surrogate, 99, 17.0, 0.03125
surrogate, 99, 17.0, 0.03125
surrogate, 99, 17.0, 0.03125
surrogate, 99, 17.0, 0.03125
surrogate, 99, 17.0, 0.03125
surrogate, 99, 17.0, 0.03125
surrogate, 99, 17.0, 0.03125
surrogate, 99, 17.0, 0.03125
surrogate, 99, 17.0, 0.03125
surrogate, 99, 17.0, 0.03125
surrogate, 99, 17.0, 0.03125
surrogate, 99, 17.0, 0.03125
surrogate, 99, 17.0, 0.03125
surrogate, 99, 17.0, 0.03125
surrogate, 99, 17.0, 0.03125
surrogate, 99, 17.0, 0.03125
surrogate, 99, 17.0, 0.03125
surrogate, 99, 17.0, 0.03125
surrogate, 99, 17.0, 0.03125
surrogate, 99, 17.0, 0.03125
surrogate, 99, 17.0, 0.03125
surrogate, 99, 17.0, 0.03125
surrogate, 99, 17.0, 0.03125
surrogate, 99, 17.0, 0.03125
surrogate, 99, 17.0, 0.03125
surrogate, 99, 17.0, 0.03125
surrogate, 99, 17.0, 0.03125
surrogate, 99, 17.0, 0.03125
surrogate, 99, 17.0, 0.03125
surrogate, 99, 17.0, 0.03125
surrogate, 99, 17.0, 0.03125
surrogate, 99, 17.0, 0.03125
surrogate, 99, 17.0, 0.03125
surrogate, 99, 17.0, 0.03125
surrogate, 99, 17.0, 0.03125
surrogate, 99, 17.0, 0.03125
surrogate, 99, 17.0, 0.03125
surrogate, 99, 17.0, 0.03125
surrogate, 99, 17.0, 0.03125
surrogate, 99, 17.0, 0.03125
surrogate, 99, 17.0, 0.03125
surrogate, 99, 17.0, 0.03125
surrogate, 99, 17.0, 0.03125
surrogate, 100, 30.0, 0.65625
surrogate, 100, 30.0, 0.65625
surrogate, 100, 30.0, 0.65625
surrogate, 100, 30.0, 0.65625
surrogate, 100, 30.0, 0.65625
surrogate, 100, 30.0, 0.65625
surrogate, 100, 30.0, 0.65625
surrogate, 100, 30.0, 0.65625
surrogate, 100, 30.0, 0.65625
surrogate, 100, 30.0, 0.65625
surrogate, 100, 30.0, 0.65625
surrogate, 100, 30.0, 0.65625
surrogate, 100, 30.0, 0.65625
surrogate, 100, 30.0, 0.65625
surrogate, 100, 30.0, 0.65625
surrogate, 100, 30.0, 0.65625
surrogate, 100, 30.0, 0.65625
surrogate, 100, 30.0, 0.65625
surrogate, 100, 30.0, 0.65625
surrogate, 100, 30.0, 0.65625
surrogate, 100, 30.0, 0.65625
surrogate, 100, 30.0, 0.65625
surrogate, 100, 30.0, 0.65625
surrogate, 100, 29.0, 0.59375
surrogate, 100, 29.0, 0.59375
surrogate, 100, 29.0, 0.59375
surrogate, 100, 29.0, 0.59375
surrogate, 100, 29.0, 0.59375
surrogate, 100, 29.0, 0.59375
surrogate, 100, 29.0, 0.59375
surrogate, 100, 29.0, 0.59375
surrogate, 100, 29.0, 0.59375
surrogate, 100, 29.0, 0.59375
surrogate, 100, 29.0, 0.59375
surrogate, 100, 29.0, 0.59375
surrogate, 100, 29.0, 0.59375
surrogate, 100, 29.0, 0.59375
surrogate, 100, 29.0, 0.59375
surrogate, 100, 29.0, 0.59375
surrogate, 100, 29.0, 0.59375
surrogate, 100, 29.0, 0.59375
surrogate, 100, 29.0, 0.59375
surrogate, 100, 29.0, 0.59375
surrogate, 100, 29.0, 0.59375
surrogate, 100, 26.0, 0.53125
surrogate, 100, 26.0, 0.53125
surrogate, 100, 24.0, 0.375
surrogate, 100, 24.0, 0.375
surrogate, 100, 24.0, 0.375
surrogate, 100, 24.0, 0.375
surrogate, 100, 24.0, 0.375
surrogate, 100, 24.0, 0.375
surrogate, 100, 24.0, 0.375
surrogate, 100, 24.0, 0.375
surrogate, 100, 24.0, 0.375
surrogate, 100, 24.0, 0.375
surrogate, 100, 24.0, 0.375
surrogate, 100, 24.0, 0.375
surrogate, 100, 24.0, 0.375
surrogate, 100, 24.0, 0.375
surrogate, 100, 22.0, 0.28125
surrogate, 100, 22.0, 0.28125
surrogate, 100, 17.0, 0.03125
surrogate, 100, 17.0, 0.03125
surrogate, 100, 17.0, 0.03125
surrogate, 100, 17.0, 0.03125
surrogate, 100, 17.0, 0.03125
surrogate, 100, 17.0, 0.03125
surrogate, 100, 17.0, 0.03125
surrogate, 100, 17.0, 0.03125
surrogate, 100, 17.0, 0.03125
surrogate, 100, 17.0, 0.03125
surrogate, 100, 17.0, 0.03125
surrogate, 100, 17.0, 0.03125
surrogate, 100, 17.0, 0.03125
surrogate, 100, 17.0, 0.03125
surrogate, 100, 17.0, 0.03125
surrogate, 100, 17.0, 0.03125
surrogate, 100, 17.0, 0.03125
surrogate, 100, 17.0, 0.03125
surrogate, 100, 17.0, 0.03125
surrogate, 100, 17.0, 0.03125
surrogate, 100, 17.0, 0.03125
surrogate, 100, 17.0, 0.03125
surrogate, 100, 17.0, 0.03125
surrogate, 100, 17.0, 0.03125
surrogate, 100, 17.0, 0.03125
surrogate, 100, 17.0, 0.03125
surrogate, 100, 17.0, 0.03125
surrogate, 100, 17.0, 0.03125
surrogate, 100, 17.0, 0.03125
surrogate, 100, 17.0, 0.03125
surrogate, 100, 17.0, 0.03125
surrogate, 100, 17.0, 0.03125
surrogate, 100, 17.0, 0.03125
surrogate, 100, 17.0, 0.03125
surrogate, 100, 17.0, 0.03125
surrogate, 100, 17.0, 0.03125
surrogate, 100, 17.0, 0.03125
surrogate, 100, 17.0, 0.03125
surrogate, 100, 17.0, 0.03125
surrogate, 100, 17.0, 0.03125
surrogate, 100, 17.0, 0.03125
surrogate, 100, 17.0, 0.03125
surrogate, 100, 17.0, 0.03125
surrogate, 100, 17.0, 0.03125
surrogate, 100, 17.0, 0.03125
surrogate, 100, 17.0, 0.03125
surrogate, 100, 17.0, 0.03125
surrogate, 100, 17.0, 0.03125
surrogate, 100, 17.0, 0.03125
surrogate, 100, 17.0, 0.03125
surrogate, 100, 17.0, 0.03125
surrogate, 100, 17.0, 0.03125
surrogate, 100, 17.0, 0.03125
surrogate, 100, 17.0, 0.03125
surrogate, 100, 17.0, 0.03125
surrogate, 100, 17.0, 0.03125
surrogate, 100, 17.0, 0.03125
surrogate, 100, 17.0, 0.03125
surrogate, 100, 17.0, 0.03125
surrogate, 100, 17.0, 0.03125
surrogate, 100, 17.0, 0.03125
surrogate, 100, 17.0, 0.03125
surrogate, 100, 17.0, 0.03125
surrogate, 100, 17.0, 0.03125
surrogate, 100, 17.0, 0.03125
surrogate, 100, 17.0, 0.03125
surrogate, 100, 17.0, 0.03125
surrogate, 100, 17.0, 0.03125
surrogate, 100, 17.0, 0.03125
surrogate, 100, 17.0, 0.03125
surrogate, 100, 17.0, 0.03125
surrogate, 100, 17.0, 0.03125
surrogate, 100, 17.0, 0.03125
surrogate, 100, 17.0, 0.03125
surrogate, 100, 17.0, 0.03125
surrogate, 100, 17.0, 0.03125
surrogate, 100, 17.0, 0.03125
surrogate, 100, 17.0, 0.03125
