method, generation, average_ar, max_ar, min_ar, average_latency, max_latency, min_latency
surrogate, 1, 0.080734375, 0.59375, 0.0, 14073.792, 50000.0, 21.0
surrogate, 2, 0.132953125, 0.625, 0.03125, 31.864, 44.0, 21.0
surrogate, 3, 0.165640625, 0.625, 0.03125, 31.1685, 44.0, 21.0
surrogate, 4, 0.196546875, 0.6875, 0.03125, 30.977, 44.0, 21.0
surrogate, 5, 0.161515625, 0.78125, 0.03125, 29.3275, 45.0, 21.0
surrogate, 6, 0.263515625, 0.78125, 0.03125, 31.5715, 45.0, 19.0
surrogate, 7, 0.240625, 1.0, 0.03125, 30.0785, 44.0, 19.0
emulator, 7.1, 1.0, 1.0, 1.0, 39.0, 39.0, 39.0
