method, generation, latency, ar
surrogate, 1, 29.0, 0.375
surrogate, 1, 28.0, 0.34375
surrogate, 1, 27.0, 0.3125
surrogate, 1, 24.0, 0.15625
surrogate, 1, 22.0, 0.09375
surrogate, 2, 29.0, 0.375
surrogate, 2, 29.0, 0.375
surrogate, 2, 28.0, 0.34375
surrogate, 2, 28.0, 0.34375
surrogate, 2, 27.0, 0.3125
surrogate, 2, 27.0, 0.3125
surrogate, 2, 24.0, 0.15625
surrogate, 2, 24.0, 0.15625
surrogate, 2, 22.0, 0.125
surrogate, 3, 28.0, 0.375
surrogate, 3, 27.0, 0.3125
surrogate, 3, 27.0, 0.3125
surrogate, 3, 27.0, 0.3125
surrogate, 3, 25.0, 0.25
surrogate, 3, 24.0, 0.15625
surrogate, 3, 24.0, 0.15625
surrogate, 3, 24.0, 0.15625
surrogate, 3, 22.0, 0.125
surrogate, 3, 22.0, 0.125
surrogate, 4, 28.0, 0.375
surrogate, 4, 28.0, 0.375
surrogate, 4, 27.0, 0.3125
surrogate, 4, 27.0, 0.3125
surrogate, 4, 27.0, 0.3125
surrogate, 4, 27.0, 0.3125
surrogate, 4, 27.0, 0.3125
surrogate, 4, 27.0, 0.3125
surrogate, 4, 25.0, 0.25
surrogate, 4, 24.0, 0.15625
surrogate, 4, 24.0, 0.15625
surrogate, 4, 24.0, 0.15625
surrogate, 4, 24.0, 0.15625
surrogate, 4, 24.0, 0.15625
surrogate, 4, 22.0, 0.125
surrogate, 4, 22.0, 0.125
surrogate, 4, 22.0, 0.125
surrogate, 5, 29.0, 0.40625
surrogate, 5, 28.0, 0.375
surrogate, 5, 28.0, 0.375
surrogate, 5, 27.0, 0.3125
surrogate, 5, 27.0, 0.3125
surrogate, 5, 27.0, 0.3125
surrogate, 5, 27.0, 0.3125
surrogate, 5, 27.0, 0.3125
surrogate, 5, 27.0, 0.3125
surrogate, 5, 27.0, 0.3125
surrogate, 5, 25.0, 0.25
surrogate, 5, 24.0, 0.15625
surrogate, 5, 24.0, 0.15625
surrogate, 5, 24.0, 0.15625
surrogate, 5, 24.0, 0.15625
surrogate, 5, 24.0, 0.15625
surrogate, 5, 24.0, 0.15625
surrogate, 5, 22.0, 0.125
surrogate, 5, 22.0, 0.125
surrogate, 5, 22.0, 0.125
surrogate, 5, 22.0, 0.125
surrogate, 6, 31.0, 0.625
surrogate, 6, 29.0, 0.40625
surrogate, 6, 28.0, 0.375
surrogate, 6, 28.0, 0.375
surrogate, 6, 28.0, 0.375
surrogate, 6, 27.0, 0.3125
surrogate, 6, 27.0, 0.3125
surrogate, 6, 27.0, 0.3125
surrogate, 6, 27.0, 0.3125
surrogate, 6, 27.0, 0.3125
surrogate, 6, 27.0, 0.3125
surrogate, 6, 27.0, 0.3125
surrogate, 6, 25.0, 0.25
surrogate, 6, 23.0, 0.15625
surrogate, 6, 22.0, 0.125
surrogate, 6, 22.0, 0.125
surrogate, 6, 22.0, 0.125
surrogate, 6, 22.0, 0.125
surrogate, 6, 22.0, 0.125
surrogate, 6, 22.0, 0.125
surrogate, 6, 22.0, 0.125
surrogate, 7, 31.0, 0.625
surrogate, 7, 31.0, 0.625
surrogate, 7, 27.0, 0.40625
surrogate, 7, 25.0, 0.25
surrogate, 7, 25.0, 0.25
surrogate, 7, 23.0, 0.15625
surrogate, 7, 22.0, 0.125
surrogate, 7, 22.0, 0.125
surrogate, 7, 22.0, 0.125
surrogate, 7, 22.0, 0.125
surrogate, 7, 22.0, 0.125
surrogate, 7, 22.0, 0.125
surrogate, 7, 22.0, 0.125
surrogate, 7, 22.0, 0.125
surrogate, 7, 22.0, 0.125
surrogate, 8, 31.0, 0.625
surrogate, 8, 31.0, 0.625
surrogate, 8, 27.0, 0.40625
surrogate, 8, 24.0, 0.25
surrogate, 8, 23.0, 0.15625
surrogate, 8, 23.0, 0.15625
surrogate, 8, 22.0, 0.125
surrogate, 8, 22.0, 0.125
surrogate, 8, 22.0, 0.125
surrogate, 8, 22.0, 0.125
surrogate, 8, 22.0, 0.125
surrogate, 8, 22.0, 0.125
surrogate, 8, 22.0, 0.125
surrogate, 8, 22.0, 0.125
surrogate, 8, 22.0, 0.125
surrogate, 8, 22.0, 0.125
surrogate, 9, 31.0, 0.625
surrogate, 9, 31.0, 0.625
surrogate, 9, 27.0, 0.40625
surrogate, 9, 27.0, 0.40625
surrogate, 9, 27.0, 0.40625
surrogate, 9, 24.0, 0.25
surrogate, 9, 24.0, 0.25
surrogate, 9, 22.0, 0.15625
surrogate, 10, 34.0, 0.875
surrogate, 10, 31.0, 0.625
surrogate, 10, 31.0, 0.625
surrogate, 10, 30.0, 0.53125
surrogate, 10, 28.0, 0.4375
surrogate, 10, 27.0, 0.40625
surrogate, 10, 27.0, 0.40625
surrogate, 10, 27.0, 0.40625
surrogate, 10, 27.0, 0.40625
surrogate, 10, 27.0, 0.40625
surrogate, 10, 24.0, 0.25
surrogate, 10, 24.0, 0.25
surrogate, 10, 24.0, 0.25
surrogate, 10, 22.0, 0.15625
surrogate, 11, 34.0, 0.875
surrogate, 11, 31.0, 0.625
surrogate, 11, 31.0, 0.625
surrogate, 11, 30.0, 0.53125
surrogate, 11, 30.0, 0.53125
surrogate, 11, 26.0, 0.4375
surrogate, 11, 24.0, 0.25
surrogate, 11, 24.0, 0.25
surrogate, 11, 24.0, 0.25
surrogate, 11, 22.0, 0.15625
surrogate, 11, 22.0, 0.15625
surrogate, 12, 34.0, 0.875
surrogate, 12, 34.0, 0.875
surrogate, 12, 34.0, 0.875
surrogate, 12, 31.0, 0.625
surrogate, 12, 31.0, 0.625
surrogate, 12, 30.0, 0.53125
surrogate, 12, 30.0, 0.53125
surrogate, 12, 26.0, 0.4375
surrogate, 12, 24.0, 0.25
surrogate, 12, 24.0, 0.25
surrogate, 12, 24.0, 0.25
surrogate, 12, 24.0, 0.25
surrogate, 12, 22.0, 0.15625
surrogate, 12, 22.0, 0.15625
surrogate, 12, 22.0, 0.15625
surrogate, 12, 22.0, 0.15625
surrogate, 12, 22.0, 0.15625
surrogate, 12, 22.0, 0.15625
surrogate, 13, 34.0, 0.875
surrogate, 13, 34.0, 0.875
surrogate, 13, 34.0, 0.875
surrogate, 13, 31.0, 0.625
surrogate, 13, 31.0, 0.625
surrogate, 13, 30.0, 0.53125
surrogate, 13, 30.0, 0.53125
surrogate, 13, 26.0, 0.4375
surrogate, 13, 24.0, 0.25
surrogate, 13, 24.0, 0.25
surrogate, 13, 24.0, 0.25
surrogate, 13, 24.0, 0.25
surrogate, 13, 22.0, 0.15625
surrogate, 13, 22.0, 0.15625
surrogate, 13, 22.0, 0.15625
surrogate, 13, 22.0, 0.15625
surrogate, 13, 22.0, 0.15625
surrogate, 13, 22.0, 0.15625
surrogate, 13, 22.0, 0.15625
surrogate, 13, 22.0, 0.15625
surrogate, 14, 34.0, 0.875
surrogate, 14, 34.0, 0.875
surrogate, 14, 34.0, 0.875
surrogate, 14, 31.0, 0.625
surrogate, 14, 31.0, 0.625
surrogate, 14, 30.0, 0.53125
surrogate, 14, 30.0, 0.53125
surrogate, 14, 26.0, 0.4375
surrogate, 14, 26.0, 0.4375
surrogate, 14, 25.0, 0.3125
surrogate, 14, 24.0, 0.25
surrogate, 14, 24.0, 0.25
surrogate, 14, 24.0, 0.25
surrogate, 14, 24.0, 0.25
surrogate, 14, 24.0, 0.25
surrogate, 14, 22.0, 0.15625
surrogate, 14, 22.0, 0.15625
surrogate, 14, 22.0, 0.15625
surrogate, 14, 22.0, 0.15625
surrogate, 14, 22.0, 0.15625
surrogate, 14, 22.0, 0.15625
surrogate, 14, 22.0, 0.15625
surrogate, 14, 22.0, 0.15625
surrogate, 14, 22.0, 0.15625
surrogate, 15, 34.0, 0.875
surrogate, 15, 34.0, 0.875
surrogate, 15, 34.0, 0.875
surrogate, 15, 33.0, 0.75
surrogate, 15, 31.0, 0.625
surrogate, 15, 31.0, 0.625
surrogate, 15, 30.0, 0.53125
surrogate, 15, 30.0, 0.53125
surrogate, 15, 26.0, 0.4375
surrogate, 15, 26.0, 0.4375
surrogate, 15, 25.0, 0.3125
surrogate, 15, 24.0, 0.25
surrogate, 15, 24.0, 0.25
surrogate, 15, 24.0, 0.25
surrogate, 15, 24.0, 0.25
surrogate, 15, 24.0, 0.25
surrogate, 15, 24.0, 0.25
surrogate, 15, 22.0, 0.15625
surrogate, 15, 22.0, 0.15625
surrogate, 15, 22.0, 0.15625
surrogate, 15, 22.0, 0.15625
surrogate, 15, 22.0, 0.15625
surrogate, 15, 22.0, 0.15625
surrogate, 15, 22.0, 0.15625
surrogate, 15, 22.0, 0.15625
surrogate, 15, 22.0, 0.15625
surrogate, 15, 22.0, 0.15625
surrogate, 16, 34.0, 0.875
surrogate, 16, 34.0, 0.875
surrogate, 16, 34.0, 0.875
surrogate, 16, 33.0, 0.75
surrogate, 16, 33.0, 0.75
surrogate, 16, 31.0, 0.625
surrogate, 16, 31.0, 0.625
surrogate, 16, 31.0, 0.625
surrogate, 16, 30.0, 0.53125
surrogate, 16, 30.0, 0.53125
surrogate, 16, 30.0, 0.53125
surrogate, 16, 26.0, 0.4375
surrogate, 16, 26.0, 0.4375
surrogate, 16, 26.0, 0.4375
surrogate, 16, 25.0, 0.3125
surrogate, 16, 24.0, 0.25
surrogate, 16, 24.0, 0.25
surrogate, 16, 24.0, 0.25
surrogate, 16, 24.0, 0.25
surrogate, 16, 24.0, 0.25
surrogate, 16, 24.0, 0.25
surrogate, 16, 24.0, 0.25
surrogate, 16, 22.0, 0.15625
surrogate, 16, 22.0, 0.15625
surrogate, 16, 22.0, 0.15625
surrogate, 16, 22.0, 0.15625
surrogate, 16, 22.0, 0.15625
surrogate, 16, 22.0, 0.15625
surrogate, 16, 22.0, 0.15625
surrogate, 16, 22.0, 0.15625
surrogate, 16, 22.0, 0.15625
surrogate, 16, 22.0, 0.15625
surrogate, 17, 34.0, 0.875
surrogate, 17, 34.0, 0.875
surrogate, 17, 34.0, 0.875
surrogate, 17, 33.0, 0.75
surrogate, 17, 33.0, 0.75
surrogate, 17, 31.0, 0.625
surrogate, 17, 31.0, 0.625
surrogate, 17, 31.0, 0.625
surrogate, 17, 31.0, 0.625
surrogate, 17, 30.0, 0.53125
surrogate, 17, 30.0, 0.53125
surrogate, 17, 30.0, 0.53125
surrogate, 17, 26.0, 0.4375
surrogate, 17, 26.0, 0.4375
surrogate, 17, 26.0, 0.4375
surrogate, 17, 25.0, 0.3125
surrogate, 17, 23.0, 0.25
surrogate, 17, 22.0, 0.15625
surrogate, 17, 22.0, 0.15625
surrogate, 17, 22.0, 0.15625
surrogate, 17, 22.0, 0.15625
surrogate, 17, 22.0, 0.15625
surrogate, 17, 22.0, 0.15625
surrogate, 17, 22.0, 0.15625
surrogate, 17, 22.0, 0.15625
surrogate, 17, 22.0, 0.15625
surrogate, 17, 22.0, 0.15625
surrogate, 18, 34.0, 0.875
surrogate, 18, 34.0, 0.875
surrogate, 18, 34.0, 0.875
surrogate, 18, 34.0, 0.875
surrogate, 18, 34.0, 0.875
surrogate, 18, 33.0, 0.75
surrogate, 18, 33.0, 0.75
surrogate, 18, 30.0, 0.625
surrogate, 18, 26.0, 0.4375
surrogate, 18, 26.0, 0.4375
surrogate, 18, 26.0, 0.4375
surrogate, 18, 25.0, 0.3125
surrogate, 18, 25.0, 0.3125
surrogate, 18, 23.0, 0.25
surrogate, 18, 23.0, 0.25
surrogate, 18, 21.0, 0.15625
surrogate, 19, 33.0, 0.875
surrogate, 19, 30.0, 0.625
surrogate, 19, 26.0, 0.4375
surrogate, 19, 26.0, 0.4375
surrogate, 19, 26.0, 0.4375
surrogate, 19, 26.0, 0.4375
surrogate, 19, 26.0, 0.4375
surrogate, 19, 25.0, 0.3125
surrogate, 19, 25.0, 0.3125
surrogate, 19, 25.0, 0.3125
surrogate, 19, 25.0, 0.3125
surrogate, 19, 23.0, 0.25
surrogate, 19, 23.0, 0.25
surrogate, 19, 23.0, 0.25
surrogate, 19, 21.0, 0.15625
surrogate, 19, 21.0, 0.15625
surrogate, 20, 33.0, 0.875
surrogate, 20, 33.0, 0.875
surrogate, 20, 30.0, 0.625
surrogate, 20, 26.0, 0.4375
surrogate, 20, 26.0, 0.4375
surrogate, 20, 26.0, 0.4375
surrogate, 20, 26.0, 0.4375
surrogate, 20, 26.0, 0.4375
surrogate, 20, 25.0, 0.3125
surrogate, 20, 25.0, 0.3125
surrogate, 20, 25.0, 0.3125
surrogate, 20, 25.0, 0.3125
surrogate, 20, 25.0, 0.3125
surrogate, 20, 23.0, 0.25
surrogate, 20, 23.0, 0.25
surrogate, 20, 23.0, 0.25
surrogate, 20, 21.0, 0.15625
surrogate, 20, 21.0, 0.15625
surrogate, 20, 21.0, 0.15625
surrogate, 21, 33.0, 0.875
surrogate, 21, 33.0, 0.875
surrogate, 21, 33.0, 0.875
surrogate, 21, 30.0, 0.625
surrogate, 21, 26.0, 0.4375
surrogate, 21, 26.0, 0.4375
surrogate, 21, 26.0, 0.4375
surrogate, 21, 26.0, 0.4375
surrogate, 21, 26.0, 0.4375
surrogate, 21, 25.0, 0.3125
surrogate, 21, 25.0, 0.3125
surrogate, 21, 25.0, 0.3125
surrogate, 21, 25.0, 0.3125
surrogate, 21, 25.0, 0.3125
surrogate, 21, 25.0, 0.3125
surrogate, 21, 23.0, 0.25
surrogate, 21, 23.0, 0.25
surrogate, 21, 23.0, 0.25
surrogate, 21, 21.0, 0.15625
surrogate, 21, 21.0, 0.15625
surrogate, 21, 21.0, 0.15625
surrogate, 21, 21.0, 0.15625
surrogate, 22, 33.0, 0.875
surrogate, 22, 33.0, 0.875
surrogate, 22, 33.0, 0.875
surrogate, 22, 30.0, 0.625
surrogate, 22, 26.0, 0.4375
surrogate, 22, 26.0, 0.4375
surrogate, 22, 26.0, 0.4375
surrogate, 22, 26.0, 0.4375
surrogate, 22, 26.0, 0.4375
surrogate, 22, 25.0, 0.3125
surrogate, 22, 25.0, 0.3125
surrogate, 22, 25.0, 0.3125
surrogate, 22, 25.0, 0.3125
surrogate, 22, 25.0, 0.3125
surrogate, 22, 25.0, 0.3125
surrogate, 22, 23.0, 0.25
surrogate, 22, 23.0, 0.25
surrogate, 22, 23.0, 0.25
surrogate, 22, 21.0, 0.15625
surrogate, 22, 21.0, 0.15625
surrogate, 22, 21.0, 0.15625
surrogate, 22, 21.0, 0.15625
surrogate, 22, 21.0, 0.15625
surrogate, 23, 33.0, 0.875
surrogate, 23, 33.0, 0.875
surrogate, 23, 33.0, 0.875
surrogate, 23, 30.0, 0.625
surrogate, 23, 26.0, 0.4375
surrogate, 23, 26.0, 0.4375
surrogate, 23, 26.0, 0.4375
surrogate, 23, 26.0, 0.4375
surrogate, 23, 26.0, 0.4375
surrogate, 23, 25.0, 0.3125
surrogate, 23, 25.0, 0.3125
surrogate, 23, 25.0, 0.3125
surrogate, 23, 25.0, 0.3125
surrogate, 23, 25.0, 0.3125
surrogate, 23, 25.0, 0.3125
surrogate, 23, 25.0, 0.3125
surrogate, 23, 23.0, 0.25
surrogate, 23, 23.0, 0.25
surrogate, 23, 23.0, 0.25
surrogate, 23, 23.0, 0.25
surrogate, 23, 21.0, 0.15625
surrogate, 23, 21.0, 0.15625
surrogate, 23, 21.0, 0.15625
surrogate, 23, 21.0, 0.15625
surrogate, 23, 21.0, 0.15625
surrogate, 24, 33.0, 0.875
surrogate, 24, 33.0, 0.875
surrogate, 24, 33.0, 0.875
surrogate, 24, 30.0, 0.625
surrogate, 24, 26.0, 0.4375
surrogate, 24, 26.0, 0.4375
surrogate, 24, 26.0, 0.4375
surrogate, 24, 26.0, 0.4375
surrogate, 24, 26.0, 0.4375
surrogate, 24, 25.0, 0.3125
surrogate, 24, 25.0, 0.3125
surrogate, 24, 25.0, 0.3125
surrogate, 24, 25.0, 0.3125
surrogate, 24, 25.0, 0.3125
surrogate, 24, 25.0, 0.3125
surrogate, 24, 25.0, 0.3125
surrogate, 24, 23.0, 0.25
surrogate, 24, 23.0, 0.25
surrogate, 24, 23.0, 0.25
surrogate, 24, 23.0, 0.25
surrogate, 24, 21.0, 0.15625
surrogate, 24, 21.0, 0.15625
surrogate, 24, 21.0, 0.15625
surrogate, 24, 21.0, 0.15625
surrogate, 24, 21.0, 0.15625
surrogate, 25, 33.0, 0.875
surrogate, 25, 33.0, 0.875
surrogate, 25, 33.0, 0.875
surrogate, 25, 30.0, 0.625
surrogate, 25, 26.0, 0.4375
surrogate, 25, 26.0, 0.4375
surrogate, 25, 26.0, 0.4375
surrogate, 25, 26.0, 0.4375
surrogate, 25, 26.0, 0.4375
surrogate, 25, 25.0, 0.3125
surrogate, 25, 25.0, 0.3125
surrogate, 25, 25.0, 0.3125
surrogate, 25, 25.0, 0.3125
surrogate, 25, 25.0, 0.3125
surrogate, 25, 25.0, 0.3125
surrogate, 25, 25.0, 0.3125
surrogate, 25, 25.0, 0.3125
surrogate, 25, 23.0, 0.25
surrogate, 25, 23.0, 0.25
surrogate, 25, 23.0, 0.25
surrogate, 25, 23.0, 0.25
surrogate, 25, 23.0, 0.25
surrogate, 25, 21.0, 0.15625
surrogate, 25, 21.0, 0.15625
surrogate, 25, 21.0, 0.15625
surrogate, 25, 21.0, 0.15625
surrogate, 25, 21.0, 0.15625
surrogate, 26, 33.0, 0.875
surrogate, 26, 33.0, 0.875
surrogate, 26, 33.0, 0.875
surrogate, 26, 30.0, 0.625
surrogate, 26, 26.0, 0.4375
surrogate, 26, 26.0, 0.4375
surrogate, 26, 26.0, 0.4375
surrogate, 26, 26.0, 0.4375
surrogate, 26, 26.0, 0.4375
surrogate, 26, 25.0, 0.3125
surrogate, 26, 25.0, 0.3125
surrogate, 26, 25.0, 0.3125
surrogate, 26, 25.0, 0.3125
surrogate, 26, 25.0, 0.3125
surrogate, 26, 25.0, 0.3125
surrogate, 26, 25.0, 0.3125
surrogate, 26, 25.0, 0.3125
surrogate, 26, 23.0, 0.25
surrogate, 26, 23.0, 0.25
surrogate, 26, 23.0, 0.25
surrogate, 26, 23.0, 0.25
surrogate, 26, 23.0, 0.25
surrogate, 26, 21.0, 0.15625
surrogate, 26, 21.0, 0.15625
surrogate, 26, 21.0, 0.15625
surrogate, 26, 21.0, 0.15625
surrogate, 26, 21.0, 0.15625
surrogate, 26, 21.0, 0.15625
surrogate, 27, 33.0, 0.875
surrogate, 27, 33.0, 0.875
surrogate, 27, 33.0, 0.875
surrogate, 27, 30.0, 0.625
surrogate, 27, 30.0, 0.625
surrogate, 27, 26.0, 0.4375
surrogate, 27, 26.0, 0.4375
surrogate, 27, 26.0, 0.4375
surrogate, 27, 26.0, 0.4375
surrogate, 27, 26.0, 0.4375
surrogate, 27, 25.0, 0.3125
surrogate, 27, 25.0, 0.3125
surrogate, 27, 25.0, 0.3125
surrogate, 27, 25.0, 0.3125
surrogate, 27, 25.0, 0.3125
surrogate, 27, 25.0, 0.3125
surrogate, 27, 25.0, 0.3125
surrogate, 27, 25.0, 0.3125
surrogate, 27, 23.0, 0.25
surrogate, 27, 23.0, 0.25
surrogate, 27, 23.0, 0.25
surrogate, 27, 23.0, 0.25
surrogate, 27, 23.0, 0.25
surrogate, 27, 23.0, 0.25
surrogate, 27, 21.0, 0.15625
surrogate, 27, 21.0, 0.15625
surrogate, 27, 21.0, 0.15625
surrogate, 27, 21.0, 0.15625
surrogate, 27, 21.0, 0.15625
surrogate, 27, 21.0, 0.15625
surrogate, 28, 33.0, 0.875
surrogate, 28, 33.0, 0.875
surrogate, 28, 33.0, 0.875
surrogate, 28, 30.0, 0.625
surrogate, 28, 30.0, 0.625
surrogate, 28, 26.0, 0.4375
surrogate, 28, 26.0, 0.4375
surrogate, 28, 26.0, 0.4375
surrogate, 28, 26.0, 0.4375
surrogate, 28, 26.0, 0.4375
surrogate, 28, 25.0, 0.34375
surrogate, 28, 23.0, 0.25
surrogate, 28, 23.0, 0.25
surrogate, 28, 23.0, 0.25
surrogate, 28, 23.0, 0.25
surrogate, 28, 23.0, 0.25
surrogate, 28, 23.0, 0.25
surrogate, 28, 23.0, 0.25
surrogate, 28, 21.0, 0.15625
surrogate, 28, 21.0, 0.15625
surrogate, 28, 21.0, 0.15625
surrogate, 28, 21.0, 0.15625
surrogate, 28, 21.0, 0.15625
surrogate, 28, 21.0, 0.15625
surrogate, 29, 33.0, 0.875
surrogate, 29, 33.0, 0.875
surrogate, 29, 33.0, 0.875
surrogate, 29, 30.0, 0.625
surrogate, 29, 30.0, 0.625
surrogate, 29, 26.0, 0.4375
surrogate, 29, 26.0, 0.4375
surrogate, 29, 26.0, 0.4375
surrogate, 29, 26.0, 0.4375
surrogate, 29, 26.0, 0.4375
surrogate, 29, 25.0, 0.34375
surrogate, 29, 23.0, 0.25
surrogate, 29, 23.0, 0.25
surrogate, 29, 23.0, 0.25
surrogate, 29, 23.0, 0.25
surrogate, 29, 23.0, 0.25
surrogate, 29, 23.0, 0.25
surrogate, 29, 23.0, 0.25
surrogate, 29, 21.0, 0.15625
surrogate, 29, 21.0, 0.15625
surrogate, 29, 21.0, 0.15625
surrogate, 29, 21.0, 0.15625
surrogate, 29, 21.0, 0.15625
surrogate, 29, 21.0, 0.15625
surrogate, 30, 33.0, 0.875
surrogate, 30, 33.0, 0.875
surrogate, 30, 33.0, 0.875
surrogate, 30, 30.0, 0.625
surrogate, 30, 30.0, 0.625
surrogate, 30, 26.0, 0.4375
surrogate, 30, 26.0, 0.4375
surrogate, 30, 26.0, 0.4375
surrogate, 30, 26.0, 0.4375
surrogate, 30, 26.0, 0.4375
surrogate, 30, 25.0, 0.34375
surrogate, 30, 25.0, 0.34375
surrogate, 30, 23.0, 0.25
surrogate, 30, 23.0, 0.25
surrogate, 30, 23.0, 0.25
surrogate, 30, 23.0, 0.25
surrogate, 30, 23.0, 0.25
surrogate, 30, 23.0, 0.25
surrogate, 30, 23.0, 0.25
surrogate, 30, 21.0, 0.15625
surrogate, 30, 21.0, 0.15625
surrogate, 30, 21.0, 0.15625
surrogate, 30, 21.0, 0.15625
surrogate, 30, 21.0, 0.15625
surrogate, 30, 21.0, 0.15625
surrogate, 30, 21.0, 0.15625
surrogate, 31, 33.0, 0.875
surrogate, 31, 33.0, 0.875
surrogate, 31, 33.0, 0.875
surrogate, 31, 30.0, 0.625
surrogate, 31, 30.0, 0.625
surrogate, 31, 26.0, 0.4375
surrogate, 31, 26.0, 0.4375
surrogate, 31, 26.0, 0.4375
surrogate, 31, 26.0, 0.4375
surrogate, 31, 26.0, 0.4375
surrogate, 31, 25.0, 0.34375
surrogate, 31, 25.0, 0.34375
surrogate, 31, 23.0, 0.25
surrogate, 31, 23.0, 0.25
surrogate, 31, 23.0, 0.25
surrogate, 31, 23.0, 0.25
surrogate, 31, 23.0, 0.25
surrogate, 31, 23.0, 0.25
surrogate, 31, 23.0, 0.25
surrogate, 31, 21.0, 0.15625
surrogate, 31, 21.0, 0.15625
surrogate, 31, 21.0, 0.15625
surrogate, 31, 21.0, 0.15625
surrogate, 31, 21.0, 0.15625
surrogate, 31, 21.0, 0.15625
surrogate, 31, 21.0, 0.15625
surrogate, 32, 33.0, 0.875
surrogate, 32, 33.0, 0.875
surrogate, 32, 33.0, 0.875
surrogate, 32, 30.0, 0.625
surrogate, 32, 30.0, 0.625
surrogate, 32, 26.0, 0.4375
surrogate, 32, 26.0, 0.4375
surrogate, 32, 26.0, 0.4375
surrogate, 32, 26.0, 0.4375
surrogate, 32, 26.0, 0.4375
surrogate, 32, 25.0, 0.34375
surrogate, 32, 25.0, 0.34375
surrogate, 32, 23.0, 0.25
surrogate, 32, 23.0, 0.25
surrogate, 32, 23.0, 0.25
surrogate, 32, 23.0, 0.25
surrogate, 32, 23.0, 0.25
surrogate, 32, 23.0, 0.25
surrogate, 32, 23.0, 0.25
surrogate, 32, 21.0, 0.15625
surrogate, 32, 21.0, 0.15625
surrogate, 32, 21.0, 0.15625
surrogate, 32, 21.0, 0.15625
surrogate, 32, 21.0, 0.15625
surrogate, 32, 21.0, 0.15625
surrogate, 32, 21.0, 0.15625
surrogate, 33, 33.0, 0.875
surrogate, 33, 33.0, 0.875
surrogate, 33, 33.0, 0.875
surrogate, 33, 30.0, 0.625
surrogate, 33, 30.0, 0.625
surrogate, 33, 26.0, 0.4375
surrogate, 33, 26.0, 0.4375
surrogate, 33, 26.0, 0.4375
surrogate, 33, 26.0, 0.4375
surrogate, 33, 26.0, 0.4375
surrogate, 33, 25.0, 0.34375
surrogate, 33, 25.0, 0.34375
surrogate, 33, 23.0, 0.25
surrogate, 33, 23.0, 0.25
surrogate, 33, 23.0, 0.25
surrogate, 33, 23.0, 0.25
surrogate, 33, 23.0, 0.25
surrogate, 33, 23.0, 0.25
surrogate, 33, 23.0, 0.25
surrogate, 33, 21.0, 0.15625
surrogate, 33, 21.0, 0.15625
surrogate, 33, 21.0, 0.15625
surrogate, 33, 21.0, 0.15625
surrogate, 33, 21.0, 0.15625
surrogate, 33, 21.0, 0.15625
surrogate, 33, 21.0, 0.15625
surrogate, 34, 33.0, 0.875
surrogate, 34, 33.0, 0.875
surrogate, 34, 33.0, 0.875
surrogate, 34, 30.0, 0.625
surrogate, 34, 30.0, 0.625
surrogate, 34, 26.0, 0.4375
surrogate, 34, 26.0, 0.4375
surrogate, 34, 26.0, 0.4375
surrogate, 34, 26.0, 0.4375
surrogate, 34, 26.0, 0.4375
surrogate, 34, 25.0, 0.34375
surrogate, 34, 25.0, 0.34375
surrogate, 34, 25.0, 0.34375
surrogate, 34, 23.0, 0.25
surrogate, 34, 23.0, 0.25
surrogate, 34, 23.0, 0.25
surrogate, 34, 23.0, 0.25
surrogate, 34, 23.0, 0.25
surrogate, 34, 23.0, 0.25
surrogate, 34, 23.0, 0.25
surrogate, 34, 23.0, 0.25
surrogate, 34, 21.0, 0.15625
surrogate, 34, 21.0, 0.15625
surrogate, 34, 21.0, 0.15625
surrogate, 34, 21.0, 0.15625
surrogate, 34, 21.0, 0.15625
surrogate, 34, 21.0, 0.15625
surrogate, 34, 21.0, 0.15625
surrogate, 35, 33.0, 0.875
surrogate, 35, 33.0, 0.875
surrogate, 35, 33.0, 0.875
surrogate, 35, 30.0, 0.625
surrogate, 35, 30.0, 0.625
surrogate, 35, 26.0, 0.4375
surrogate, 35, 26.0, 0.4375
surrogate, 35, 26.0, 0.4375
surrogate, 35, 26.0, 0.4375
surrogate, 35, 26.0, 0.4375
surrogate, 35, 25.0, 0.34375
surrogate, 35, 25.0, 0.34375
surrogate, 35, 25.0, 0.34375
surrogate, 35, 23.0, 0.25
surrogate, 35, 23.0, 0.25
surrogate, 35, 23.0, 0.25
surrogate, 35, 23.0, 0.25
surrogate, 35, 23.0, 0.25
surrogate, 35, 23.0, 0.25
surrogate, 35, 23.0, 0.25
surrogate, 35, 23.0, 0.25
surrogate, 35, 21.0, 0.15625
surrogate, 35, 21.0, 0.15625
surrogate, 35, 21.0, 0.15625
surrogate, 35, 21.0, 0.15625
surrogate, 35, 21.0, 0.15625
surrogate, 35, 21.0, 0.15625
surrogate, 35, 21.0, 0.15625
surrogate, 36, 33.0, 0.875
surrogate, 36, 33.0, 0.875
surrogate, 36, 33.0, 0.875
surrogate, 36, 30.0, 0.625
surrogate, 36, 30.0, 0.625
surrogate, 36, 26.0, 0.4375
surrogate, 36, 26.0, 0.4375
surrogate, 36, 26.0, 0.4375
surrogate, 36, 26.0, 0.4375
surrogate, 36, 26.0, 0.4375
surrogate, 36, 25.0, 0.34375
surrogate, 36, 25.0, 0.34375
surrogate, 36, 25.0, 0.34375
surrogate, 36, 23.0, 0.25
surrogate, 36, 23.0, 0.25
surrogate, 36, 23.0, 0.25
surrogate, 36, 23.0, 0.25
surrogate, 36, 23.0, 0.25
surrogate, 36, 23.0, 0.25
surrogate, 36, 23.0, 0.25
surrogate, 36, 23.0, 0.25
surrogate, 36, 21.0, 0.15625
surrogate, 36, 21.0, 0.15625
surrogate, 36, 21.0, 0.15625
surrogate, 36, 21.0, 0.15625
surrogate, 36, 21.0, 0.15625
surrogate, 36, 21.0, 0.15625
surrogate, 36, 21.0, 0.15625
surrogate, 36, 21.0, 0.15625
surrogate, 37, 33.0, 0.875
surrogate, 37, 33.0, 0.875
surrogate, 37, 33.0, 0.875
surrogate, 37, 30.0, 0.625
surrogate, 37, 30.0, 0.625
surrogate, 37, 26.0, 0.4375
surrogate, 37, 26.0, 0.4375
surrogate, 37, 26.0, 0.4375
surrogate, 37, 26.0, 0.4375
surrogate, 37, 26.0, 0.4375
surrogate, 37, 25.0, 0.34375
surrogate, 37, 25.0, 0.34375
surrogate, 37, 25.0, 0.34375
surrogate, 37, 23.0, 0.25
surrogate, 37, 23.0, 0.25
surrogate, 37, 23.0, 0.25
surrogate, 37, 23.0, 0.25
surrogate, 37, 23.0, 0.25
surrogate, 37, 23.0, 0.25
surrogate, 37, 23.0, 0.25
surrogate, 37, 23.0, 0.25
surrogate, 37, 23.0, 0.25
surrogate, 37, 21.0, 0.15625
surrogate, 37, 21.0, 0.15625
surrogate, 37, 21.0, 0.15625
surrogate, 37, 21.0, 0.15625
surrogate, 37, 21.0, 0.15625
surrogate, 37, 21.0, 0.15625
surrogate, 37, 21.0, 0.15625
surrogate, 37, 21.0, 0.15625
surrogate, 37, 21.0, 0.15625
surrogate, 38, 33.0, 0.875
surrogate, 38, 33.0, 0.875
surrogate, 38, 33.0, 0.875
surrogate, 38, 30.0, 0.625
surrogate, 38, 30.0, 0.625
surrogate, 38, 26.0, 0.4375
surrogate, 38, 26.0, 0.4375
surrogate, 38, 26.0, 0.4375
surrogate, 38, 26.0, 0.4375
surrogate, 38, 26.0, 0.4375
surrogate, 38, 25.0, 0.34375
surrogate, 38, 25.0, 0.34375
surrogate, 38, 25.0, 0.34375
surrogate, 38, 25.0, 0.34375
surrogate, 38, 23.0, 0.25
surrogate, 38, 23.0, 0.25
surrogate, 38, 23.0, 0.25
surrogate, 38, 23.0, 0.25
surrogate, 38, 23.0, 0.25
surrogate, 38, 23.0, 0.25
surrogate, 38, 23.0, 0.25
surrogate, 38, 23.0, 0.25
surrogate, 38, 23.0, 0.25
surrogate, 38, 23.0, 0.25
surrogate, 38, 21.0, 0.15625
surrogate, 38, 21.0, 0.15625
surrogate, 38, 21.0, 0.15625
surrogate, 38, 21.0, 0.15625
surrogate, 38, 21.0, 0.15625
surrogate, 38, 21.0, 0.15625
surrogate, 38, 21.0, 0.15625
surrogate, 38, 21.0, 0.15625
surrogate, 38, 21.0, 0.15625
surrogate, 39, 33.0, 0.875
surrogate, 39, 33.0, 0.875
surrogate, 39, 33.0, 0.875
surrogate, 39, 30.0, 0.625
surrogate, 39, 30.0, 0.625
surrogate, 39, 26.0, 0.4375
surrogate, 39, 26.0, 0.4375
surrogate, 39, 26.0, 0.4375
surrogate, 39, 26.0, 0.4375
surrogate, 39, 26.0, 0.4375
surrogate, 39, 25.0, 0.34375
surrogate, 39, 25.0, 0.34375
surrogate, 39, 25.0, 0.34375
surrogate, 39, 25.0, 0.34375
surrogate, 39, 23.0, 0.25
surrogate, 39, 23.0, 0.25
surrogate, 39, 23.0, 0.25
surrogate, 39, 23.0, 0.25
surrogate, 39, 23.0, 0.25
surrogate, 39, 23.0, 0.25
surrogate, 39, 23.0, 0.25
surrogate, 39, 23.0, 0.25
surrogate, 39, 23.0, 0.25
surrogate, 39, 23.0, 0.25
surrogate, 39, 21.0, 0.15625
surrogate, 39, 21.0, 0.15625
surrogate, 39, 21.0, 0.15625
surrogate, 39, 21.0, 0.15625
surrogate, 39, 21.0, 0.15625
surrogate, 39, 21.0, 0.15625
surrogate, 39, 21.0, 0.15625
surrogate, 39, 21.0, 0.15625
surrogate, 39, 21.0, 0.15625
surrogate, 40, 33.0, 0.875
surrogate, 40, 33.0, 0.875
surrogate, 40, 33.0, 0.875
surrogate, 40, 33.0, 0.875
surrogate, 40, 30.0, 0.625
surrogate, 40, 30.0, 0.625
surrogate, 40, 26.0, 0.4375
surrogate, 40, 26.0, 0.4375
surrogate, 40, 26.0, 0.4375
surrogate, 40, 26.0, 0.4375
surrogate, 40, 26.0, 0.4375
surrogate, 40, 25.0, 0.34375
surrogate, 40, 25.0, 0.34375
surrogate, 40, 25.0, 0.34375
surrogate, 40, 25.0, 0.34375
surrogate, 40, 23.0, 0.25
surrogate, 40, 23.0, 0.25
surrogate, 40, 23.0, 0.25
surrogate, 40, 23.0, 0.25
surrogate, 40, 23.0, 0.25
surrogate, 40, 23.0, 0.25
surrogate, 40, 23.0, 0.25
surrogate, 40, 23.0, 0.25
surrogate, 40, 23.0, 0.25
surrogate, 40, 23.0, 0.25
surrogate, 40, 21.0, 0.15625
surrogate, 40, 21.0, 0.15625
surrogate, 40, 21.0, 0.15625
surrogate, 40, 21.0, 0.15625
surrogate, 40, 21.0, 0.15625
surrogate, 40, 21.0, 0.15625
surrogate, 40, 21.0, 0.15625
surrogate, 40, 21.0, 0.15625
surrogate, 40, 21.0, 0.15625
surrogate, 41, 33.0, 0.875
surrogate, 41, 33.0, 0.875
surrogate, 41, 33.0, 0.875
surrogate, 41, 33.0, 0.875
surrogate, 41, 30.0, 0.625
surrogate, 41, 30.0, 0.625
surrogate, 41, 26.0, 0.4375
surrogate, 41, 26.0, 0.4375
surrogate, 41, 26.0, 0.4375
surrogate, 41, 26.0, 0.4375
surrogate, 41, 26.0, 0.4375
surrogate, 41, 26.0, 0.4375
surrogate, 41, 25.0, 0.34375
surrogate, 41, 25.0, 0.34375
surrogate, 41, 25.0, 0.34375
surrogate, 41, 25.0, 0.34375
surrogate, 41, 23.0, 0.25
surrogate, 41, 23.0, 0.25
surrogate, 41, 23.0, 0.25
surrogate, 41, 23.0, 0.25
surrogate, 41, 23.0, 0.25
surrogate, 41, 23.0, 0.25
surrogate, 41, 23.0, 0.25
surrogate, 41, 23.0, 0.25
surrogate, 41, 23.0, 0.25
surrogate, 41, 23.0, 0.25
surrogate, 41, 21.0, 0.15625
surrogate, 41, 21.0, 0.15625
surrogate, 41, 21.0, 0.15625
surrogate, 41, 21.0, 0.15625
surrogate, 41, 21.0, 0.15625
surrogate, 41, 21.0, 0.15625
surrogate, 41, 21.0, 0.15625
surrogate, 41, 21.0, 0.15625
surrogate, 41, 21.0, 0.15625
surrogate, 42, 33.0, 0.875
surrogate, 42, 33.0, 0.875
surrogate, 42, 33.0, 0.875
surrogate, 42, 33.0, 0.875
surrogate, 42, 30.0, 0.625
surrogate, 42, 30.0, 0.625
surrogate, 42, 26.0, 0.4375
surrogate, 42, 26.0, 0.4375
surrogate, 42, 26.0, 0.4375
surrogate, 42, 26.0, 0.4375
surrogate, 42, 26.0, 0.4375
surrogate, 42, 26.0, 0.4375
surrogate, 42, 25.0, 0.34375
surrogate, 42, 25.0, 0.34375
surrogate, 42, 25.0, 0.34375
surrogate, 42, 25.0, 0.34375
surrogate, 42, 23.0, 0.25
surrogate, 42, 23.0, 0.25
surrogate, 42, 23.0, 0.25
surrogate, 42, 23.0, 0.25
surrogate, 42, 23.0, 0.25
surrogate, 42, 23.0, 0.25
surrogate, 42, 23.0, 0.25
surrogate, 42, 23.0, 0.25
surrogate, 42, 23.0, 0.25
surrogate, 42, 23.0, 0.25
surrogate, 42, 21.0, 0.15625
surrogate, 42, 21.0, 0.15625
surrogate, 42, 21.0, 0.15625
surrogate, 42, 21.0, 0.15625
surrogate, 42, 21.0, 0.15625
surrogate, 42, 21.0, 0.15625
surrogate, 42, 21.0, 0.15625
surrogate, 42, 21.0, 0.15625
surrogate, 42, 21.0, 0.15625
surrogate, 42, 21.0, 0.15625
surrogate, 43, 33.0, 0.875
surrogate, 43, 33.0, 0.875
surrogate, 43, 33.0, 0.875
surrogate, 43, 33.0, 0.875
surrogate, 43, 30.0, 0.625
surrogate, 43, 30.0, 0.625
surrogate, 43, 26.0, 0.4375
surrogate, 43, 26.0, 0.4375
surrogate, 43, 26.0, 0.4375
surrogate, 43, 26.0, 0.4375
surrogate, 43, 26.0, 0.4375
surrogate, 43, 26.0, 0.4375
surrogate, 43, 25.0, 0.34375
surrogate, 43, 25.0, 0.34375
surrogate, 43, 25.0, 0.34375
surrogate, 43, 25.0, 0.34375
surrogate, 43, 23.0, 0.25
surrogate, 43, 23.0, 0.25
surrogate, 43, 23.0, 0.25
surrogate, 43, 23.0, 0.25
surrogate, 43, 23.0, 0.25
surrogate, 43, 23.0, 0.25
surrogate, 43, 23.0, 0.25
surrogate, 43, 23.0, 0.25
surrogate, 43, 23.0, 0.25
surrogate, 43, 23.0, 0.25
surrogate, 43, 21.0, 0.15625
surrogate, 43, 21.0, 0.15625
surrogate, 43, 21.0, 0.15625
surrogate, 43, 21.0, 0.15625
surrogate, 43, 21.0, 0.15625
surrogate, 43, 21.0, 0.15625
surrogate, 43, 21.0, 0.15625
surrogate, 43, 21.0, 0.15625
surrogate, 43, 21.0, 0.15625
surrogate, 43, 21.0, 0.15625
surrogate, 43, 21.0, 0.15625
surrogate, 44, 33.0, 0.875
surrogate, 44, 33.0, 0.875
surrogate, 44, 33.0, 0.875
surrogate, 44, 33.0, 0.875
surrogate, 44, 30.0, 0.625
surrogate, 44, 30.0, 0.625
surrogate, 44, 26.0, 0.4375
surrogate, 44, 26.0, 0.4375
surrogate, 44, 26.0, 0.4375
surrogate, 44, 26.0, 0.4375
surrogate, 44, 26.0, 0.4375
surrogate, 44, 26.0, 0.4375
surrogate, 44, 25.0, 0.34375
surrogate, 44, 25.0, 0.34375
surrogate, 44, 25.0, 0.34375
surrogate, 44, 25.0, 0.34375
surrogate, 44, 23.0, 0.25
surrogate, 44, 23.0, 0.25
surrogate, 44, 23.0, 0.25
surrogate, 44, 23.0, 0.25
surrogate, 44, 23.0, 0.25
surrogate, 44, 23.0, 0.25
surrogate, 44, 23.0, 0.25
surrogate, 44, 23.0, 0.25
surrogate, 44, 23.0, 0.25
surrogate, 44, 23.0, 0.25
surrogate, 44, 21.0, 0.15625
surrogate, 44, 21.0, 0.15625
surrogate, 44, 21.0, 0.15625
surrogate, 44, 21.0, 0.15625
surrogate, 44, 21.0, 0.15625
surrogate, 44, 21.0, 0.15625
surrogate, 44, 21.0, 0.15625
surrogate, 44, 21.0, 0.15625
surrogate, 44, 21.0, 0.15625
surrogate, 44, 21.0, 0.15625
surrogate, 44, 21.0, 0.15625
surrogate, 45, 33.0, 0.875
surrogate, 45, 33.0, 0.875
surrogate, 45, 33.0, 0.875
surrogate, 45, 33.0, 0.875
surrogate, 45, 30.0, 0.625
surrogate, 45, 30.0, 0.625
surrogate, 45, 26.0, 0.4375
surrogate, 45, 26.0, 0.4375
surrogate, 45, 26.0, 0.4375
surrogate, 45, 26.0, 0.4375
surrogate, 45, 26.0, 0.4375
surrogate, 45, 26.0, 0.4375
surrogate, 45, 25.0, 0.34375
surrogate, 45, 25.0, 0.34375
surrogate, 45, 25.0, 0.34375
surrogate, 45, 25.0, 0.34375
surrogate, 45, 24.0, 0.3125
surrogate, 45, 23.0, 0.25
surrogate, 45, 23.0, 0.25
surrogate, 45, 23.0, 0.25
surrogate, 45, 23.0, 0.25
surrogate, 45, 23.0, 0.25
surrogate, 45, 23.0, 0.25
surrogate, 45, 23.0, 0.25
surrogate, 45, 23.0, 0.25
surrogate, 45, 23.0, 0.25
surrogate, 45, 23.0, 0.25
surrogate, 45, 21.0, 0.15625
surrogate, 45, 21.0, 0.15625
surrogate, 45, 21.0, 0.15625
surrogate, 45, 21.0, 0.15625
surrogate, 45, 21.0, 0.15625
surrogate, 45, 21.0, 0.15625
surrogate, 45, 21.0, 0.15625
surrogate, 45, 21.0, 0.15625
surrogate, 45, 21.0, 0.15625
surrogate, 45, 21.0, 0.15625
surrogate, 45, 21.0, 0.15625
surrogate, 46, 33.0, 0.875
surrogate, 46, 33.0, 0.875
surrogate, 46, 33.0, 0.875
surrogate, 46, 33.0, 0.875
surrogate, 46, 30.0, 0.625
surrogate, 46, 30.0, 0.625
surrogate, 46, 30.0, 0.625
surrogate, 46, 26.0, 0.4375
surrogate, 46, 26.0, 0.4375
surrogate, 46, 26.0, 0.4375
surrogate, 46, 26.0, 0.4375
surrogate, 46, 26.0, 0.4375
surrogate, 46, 26.0, 0.4375
surrogate, 46, 26.0, 0.4375
surrogate, 46, 25.0, 0.34375
surrogate, 46, 25.0, 0.34375
surrogate, 46, 25.0, 0.34375
surrogate, 46, 25.0, 0.34375
surrogate, 46, 24.0, 0.3125
surrogate, 46, 23.0, 0.25
surrogate, 46, 23.0, 0.25
surrogate, 46, 23.0, 0.25
surrogate, 46, 23.0, 0.25
surrogate, 46, 23.0, 0.25
surrogate, 46, 23.0, 0.25
surrogate, 46, 23.0, 0.25
surrogate, 46, 23.0, 0.25
surrogate, 46, 23.0, 0.25
surrogate, 46, 23.0, 0.25
surrogate, 46, 23.0, 0.25
surrogate, 46, 21.0, 0.15625
surrogate, 46, 21.0, 0.15625
surrogate, 46, 21.0, 0.15625
surrogate, 46, 21.0, 0.15625
surrogate, 46, 21.0, 0.15625
surrogate, 46, 21.0, 0.15625
surrogate, 46, 21.0, 0.15625
surrogate, 46, 21.0, 0.15625
surrogate, 46, 21.0, 0.15625
surrogate, 46, 21.0, 0.15625
surrogate, 46, 21.0, 0.15625
surrogate, 47, 33.0, 0.875
surrogate, 47, 33.0, 0.875
surrogate, 47, 33.0, 0.875
surrogate, 47, 33.0, 0.875
surrogate, 47, 33.0, 0.875
surrogate, 47, 30.0, 0.625
surrogate, 47, 30.0, 0.625
surrogate, 47, 30.0, 0.625
surrogate, 47, 30.0, 0.625
surrogate, 47, 26.0, 0.4375
surrogate, 47, 26.0, 0.4375
surrogate, 47, 26.0, 0.4375
surrogate, 47, 26.0, 0.4375
surrogate, 47, 26.0, 0.4375
surrogate, 47, 26.0, 0.4375
surrogate, 47, 26.0, 0.4375
surrogate, 47, 26.0, 0.4375
surrogate, 47, 25.0, 0.34375
surrogate, 47, 25.0, 0.34375
surrogate, 47, 25.0, 0.34375
surrogate, 47, 25.0, 0.34375
surrogate, 47, 24.0, 0.3125
surrogate, 47, 24.0, 0.3125
surrogate, 47, 23.0, 0.25
surrogate, 47, 23.0, 0.25
surrogate, 47, 23.0, 0.25
surrogate, 47, 23.0, 0.25
surrogate, 47, 23.0, 0.25
surrogate, 47, 23.0, 0.25
surrogate, 47, 23.0, 0.25
surrogate, 47, 23.0, 0.25
surrogate, 47, 23.0, 0.25
surrogate, 47, 23.0, 0.25
surrogate, 47, 23.0, 0.25
surrogate, 47, 21.0, 0.15625
surrogate, 47, 21.0, 0.15625
surrogate, 47, 21.0, 0.15625
surrogate, 47, 21.0, 0.15625
surrogate, 47, 21.0, 0.15625
surrogate, 47, 21.0, 0.15625
surrogate, 47, 21.0, 0.15625
surrogate, 47, 21.0, 0.15625
surrogate, 47, 21.0, 0.15625
surrogate, 47, 21.0, 0.15625
surrogate, 47, 21.0, 0.15625
surrogate, 48, 33.0, 0.875
surrogate, 48, 33.0, 0.875
surrogate, 48, 33.0, 0.875
surrogate, 48, 33.0, 0.875
surrogate, 48, 33.0, 0.875
surrogate, 48, 30.0, 0.625
surrogate, 48, 30.0, 0.625
surrogate, 48, 30.0, 0.625
surrogate, 48, 30.0, 0.625
surrogate, 48, 26.0, 0.4375
surrogate, 48, 26.0, 0.4375
surrogate, 48, 26.0, 0.4375
surrogate, 48, 26.0, 0.4375
surrogate, 48, 26.0, 0.4375
surrogate, 48, 26.0, 0.4375
surrogate, 48, 26.0, 0.4375
surrogate, 48, 26.0, 0.4375
surrogate, 48, 25.0, 0.34375
surrogate, 48, 25.0, 0.34375
surrogate, 48, 25.0, 0.34375
surrogate, 48, 25.0, 0.34375
surrogate, 48, 24.0, 0.3125
surrogate, 48, 24.0, 0.3125
surrogate, 48, 23.0, 0.25
surrogate, 48, 23.0, 0.25
surrogate, 48, 23.0, 0.25
surrogate, 48, 23.0, 0.25
surrogate, 48, 23.0, 0.25
surrogate, 48, 23.0, 0.25
surrogate, 48, 23.0, 0.25
surrogate, 48, 23.0, 0.25
surrogate, 48, 23.0, 0.25
surrogate, 48, 23.0, 0.25
surrogate, 48, 23.0, 0.25
surrogate, 48, 21.0, 0.15625
surrogate, 48, 21.0, 0.15625
surrogate, 48, 21.0, 0.15625
surrogate, 48, 21.0, 0.15625
surrogate, 48, 21.0, 0.15625
surrogate, 48, 21.0, 0.15625
surrogate, 48, 21.0, 0.15625
surrogate, 48, 21.0, 0.15625
surrogate, 48, 21.0, 0.15625
surrogate, 48, 21.0, 0.15625
surrogate, 48, 21.0, 0.15625
surrogate, 49, 33.0, 0.875
surrogate, 49, 33.0, 0.875
surrogate, 49, 33.0, 0.875
surrogate, 49, 33.0, 0.875
surrogate, 49, 33.0, 0.875
surrogate, 49, 30.0, 0.625
surrogate, 49, 30.0, 0.625
surrogate, 49, 30.0, 0.625
surrogate, 49, 30.0, 0.625
surrogate, 49, 26.0, 0.4375
surrogate, 49, 26.0, 0.4375
surrogate, 49, 26.0, 0.4375
surrogate, 49, 26.0, 0.4375
surrogate, 49, 26.0, 0.4375
surrogate, 49, 26.0, 0.4375
surrogate, 49, 26.0, 0.4375
surrogate, 49, 26.0, 0.4375
surrogate, 49, 25.0, 0.34375
surrogate, 49, 25.0, 0.34375
surrogate, 49, 25.0, 0.34375
surrogate, 49, 25.0, 0.34375
surrogate, 49, 24.0, 0.3125
surrogate, 49, 24.0, 0.3125
surrogate, 49, 23.0, 0.25
surrogate, 49, 23.0, 0.25
surrogate, 49, 23.0, 0.25
surrogate, 49, 23.0, 0.25
surrogate, 49, 23.0, 0.25
surrogate, 49, 23.0, 0.25
surrogate, 49, 23.0, 0.25
surrogate, 49, 23.0, 0.25
surrogate, 49, 23.0, 0.25
surrogate, 49, 23.0, 0.25
surrogate, 49, 23.0, 0.25
surrogate, 49, 21.0, 0.15625
surrogate, 49, 21.0, 0.15625
surrogate, 49, 21.0, 0.15625
surrogate, 49, 21.0, 0.15625
surrogate, 49, 21.0, 0.15625
surrogate, 49, 21.0, 0.15625
surrogate, 49, 21.0, 0.15625
surrogate, 49, 21.0, 0.15625
surrogate, 49, 21.0, 0.15625
surrogate, 49, 21.0, 0.15625
surrogate, 49, 21.0, 0.15625
surrogate, 49, 21.0, 0.15625
surrogate, 50, 33.0, 0.875
surrogate, 50, 33.0, 0.875
surrogate, 50, 33.0, 0.875
surrogate, 50, 33.0, 0.875
surrogate, 50, 33.0, 0.875
surrogate, 50, 30.0, 0.625
surrogate, 50, 30.0, 0.625
surrogate, 50, 30.0, 0.625
surrogate, 50, 30.0, 0.625
surrogate, 50, 26.0, 0.4375
surrogate, 50, 26.0, 0.4375
surrogate, 50, 26.0, 0.4375
surrogate, 50, 26.0, 0.4375
surrogate, 50, 26.0, 0.4375
surrogate, 50, 26.0, 0.4375
surrogate, 50, 26.0, 0.4375
surrogate, 50, 26.0, 0.4375
surrogate, 50, 25.0, 0.34375
surrogate, 50, 25.0, 0.34375
surrogate, 50, 25.0, 0.34375
surrogate, 50, 25.0, 0.34375
surrogate, 50, 24.0, 0.3125
surrogate, 50, 24.0, 0.3125
surrogate, 50, 24.0, 0.3125
surrogate, 50, 23.0, 0.25
surrogate, 50, 23.0, 0.25
surrogate, 50, 23.0, 0.25
surrogate, 50, 23.0, 0.25
surrogate, 50, 23.0, 0.25
surrogate, 50, 23.0, 0.25
surrogate, 50, 23.0, 0.25
surrogate, 50, 23.0, 0.25
surrogate, 50, 23.0, 0.25
surrogate, 50, 23.0, 0.25
surrogate, 50, 23.0, 0.25
surrogate, 50, 21.0, 0.15625
surrogate, 50, 21.0, 0.15625
surrogate, 50, 21.0, 0.15625
surrogate, 50, 21.0, 0.15625
surrogate, 50, 21.0, 0.15625
surrogate, 50, 21.0, 0.15625
surrogate, 50, 21.0, 0.15625
surrogate, 50, 21.0, 0.15625
surrogate, 50, 21.0, 0.15625
surrogate, 50, 21.0, 0.15625
surrogate, 50, 21.0, 0.15625
surrogate, 50, 21.0, 0.15625
surrogate, 51, 33.0, 0.875
surrogate, 51, 33.0, 0.875
surrogate, 51, 33.0, 0.875
surrogate, 51, 33.0, 0.875
surrogate, 51, 33.0, 0.875
surrogate, 51, 30.0, 0.625
surrogate, 51, 30.0, 0.625
surrogate, 51, 30.0, 0.625
surrogate, 51, 30.0, 0.625
surrogate, 51, 26.0, 0.4375
surrogate, 51, 26.0, 0.4375
surrogate, 51, 26.0, 0.4375
surrogate, 51, 26.0, 0.4375
surrogate, 51, 26.0, 0.4375
surrogate, 51, 26.0, 0.4375
surrogate, 51, 26.0, 0.4375
surrogate, 51, 26.0, 0.4375
surrogate, 51, 25.0, 0.34375
surrogate, 51, 25.0, 0.34375
surrogate, 51, 25.0, 0.34375
surrogate, 51, 25.0, 0.34375
surrogate, 51, 25.0, 0.34375
surrogate, 51, 24.0, 0.3125
surrogate, 51, 24.0, 0.3125
surrogate, 51, 24.0, 0.3125
surrogate, 51, 24.0, 0.3125
surrogate, 51, 23.0, 0.25
surrogate, 51, 23.0, 0.25
surrogate, 51, 23.0, 0.25
surrogate, 51, 23.0, 0.25
surrogate, 51, 23.0, 0.25
surrogate, 51, 23.0, 0.25
surrogate, 51, 23.0, 0.25
surrogate, 51, 23.0, 0.25
surrogate, 51, 23.0, 0.25
surrogate, 51, 23.0, 0.25
surrogate, 51, 23.0, 0.25
surrogate, 51, 21.0, 0.15625
surrogate, 51, 21.0, 0.15625
surrogate, 51, 21.0, 0.15625
surrogate, 51, 21.0, 0.15625
surrogate, 51, 21.0, 0.15625
surrogate, 51, 21.0, 0.15625
surrogate, 51, 21.0, 0.15625
surrogate, 51, 21.0, 0.15625
surrogate, 51, 21.0, 0.15625
surrogate, 51, 21.0, 0.15625
surrogate, 51, 21.0, 0.15625
surrogate, 51, 21.0, 0.15625
surrogate, 52, 33.0, 0.875
surrogate, 52, 33.0, 0.875
surrogate, 52, 33.0, 0.875
surrogate, 52, 33.0, 0.875
surrogate, 52, 33.0, 0.875
surrogate, 52, 30.0, 0.625
surrogate, 52, 30.0, 0.625
surrogate, 52, 30.0, 0.625
surrogate, 52, 30.0, 0.625
surrogate, 52, 26.0, 0.4375
surrogate, 52, 26.0, 0.4375
surrogate, 52, 26.0, 0.4375
surrogate, 52, 26.0, 0.4375
surrogate, 52, 26.0, 0.4375
surrogate, 52, 26.0, 0.4375
surrogate, 52, 26.0, 0.4375
surrogate, 52, 26.0, 0.4375
surrogate, 52, 25.0, 0.34375
surrogate, 52, 25.0, 0.34375
surrogate, 52, 25.0, 0.34375
surrogate, 52, 25.0, 0.34375
surrogate, 52, 25.0, 0.34375
surrogate, 52, 24.0, 0.3125
surrogate, 52, 24.0, 0.3125
surrogate, 52, 24.0, 0.3125
surrogate, 52, 24.0, 0.3125
surrogate, 52, 23.0, 0.25
surrogate, 52, 23.0, 0.25
surrogate, 52, 23.0, 0.25
surrogate, 52, 23.0, 0.25
surrogate, 52, 23.0, 0.25
surrogate, 52, 23.0, 0.25
surrogate, 52, 23.0, 0.25
surrogate, 52, 23.0, 0.25
surrogate, 52, 23.0, 0.25
surrogate, 52, 23.0, 0.25
surrogate, 52, 23.0, 0.25
surrogate, 52, 23.0, 0.25
surrogate, 52, 21.0, 0.15625
surrogate, 52, 21.0, 0.15625
surrogate, 52, 21.0, 0.15625
surrogate, 52, 21.0, 0.15625
surrogate, 52, 21.0, 0.15625
surrogate, 52, 21.0, 0.15625
surrogate, 52, 21.0, 0.15625
surrogate, 52, 21.0, 0.15625
surrogate, 52, 21.0, 0.15625
surrogate, 52, 21.0, 0.15625
surrogate, 52, 21.0, 0.15625
surrogate, 52, 21.0, 0.15625
surrogate, 53, 33.0, 0.875
surrogate, 53, 33.0, 0.875
surrogate, 53, 33.0, 0.875
surrogate, 53, 33.0, 0.875
surrogate, 53, 33.0, 0.875
surrogate, 53, 30.0, 0.625
surrogate, 53, 30.0, 0.625
surrogate, 53, 30.0, 0.625
surrogate, 53, 30.0, 0.625
surrogate, 53, 26.0, 0.4375
surrogate, 53, 26.0, 0.4375
surrogate, 53, 26.0, 0.4375
surrogate, 53, 26.0, 0.4375
surrogate, 53, 26.0, 0.4375
surrogate, 53, 26.0, 0.4375
surrogate, 53, 26.0, 0.4375
surrogate, 53, 26.0, 0.4375
surrogate, 53, 26.0, 0.4375
surrogate, 53, 25.0, 0.34375
surrogate, 53, 25.0, 0.34375
surrogate, 53, 25.0, 0.34375
surrogate, 53, 25.0, 0.34375
surrogate, 53, 25.0, 0.34375
surrogate, 53, 24.0, 0.3125
surrogate, 53, 24.0, 0.3125
surrogate, 53, 24.0, 0.3125
surrogate, 53, 24.0, 0.3125
surrogate, 53, 24.0, 0.3125
surrogate, 53, 23.0, 0.25
surrogate, 53, 23.0, 0.25
surrogate, 53, 23.0, 0.25
surrogate, 53, 23.0, 0.25
surrogate, 53, 23.0, 0.25
surrogate, 53, 23.0, 0.25
surrogate, 53, 23.0, 0.25
surrogate, 53, 23.0, 0.25
surrogate, 53, 23.0, 0.25
surrogate, 53, 23.0, 0.25
surrogate, 53, 23.0, 0.25
surrogate, 53, 23.0, 0.25
surrogate, 53, 23.0, 0.25
surrogate, 53, 21.0, 0.15625
surrogate, 53, 21.0, 0.15625
surrogate, 53, 21.0, 0.15625
surrogate, 53, 21.0, 0.15625
surrogate, 53, 21.0, 0.15625
surrogate, 53, 21.0, 0.15625
surrogate, 53, 21.0, 0.15625
surrogate, 53, 21.0, 0.15625
surrogate, 53, 21.0, 0.15625
surrogate, 53, 21.0, 0.15625
surrogate, 53, 21.0, 0.15625
surrogate, 53, 21.0, 0.15625
surrogate, 53, 21.0, 0.15625
surrogate, 54, 33.0, 0.875
surrogate, 54, 33.0, 0.875
surrogate, 54, 33.0, 0.875
surrogate, 54, 33.0, 0.875
surrogate, 54, 33.0, 0.875
surrogate, 54, 30.0, 0.625
surrogate, 54, 30.0, 0.625
surrogate, 54, 30.0, 0.625
surrogate, 54, 30.0, 0.625
surrogate, 54, 30.0, 0.625
surrogate, 54, 26.0, 0.4375
surrogate, 54, 26.0, 0.4375
surrogate, 54, 26.0, 0.4375
surrogate, 54, 26.0, 0.4375
surrogate, 54, 26.0, 0.4375
surrogate, 54, 26.0, 0.4375
surrogate, 54, 26.0, 0.4375
surrogate, 54, 26.0, 0.4375
surrogate, 54, 26.0, 0.4375
surrogate, 54, 25.0, 0.34375
surrogate, 54, 25.0, 0.34375
surrogate, 54, 25.0, 0.34375
surrogate, 54, 25.0, 0.34375
surrogate, 54, 25.0, 0.34375
surrogate, 54, 24.0, 0.3125
surrogate, 54, 24.0, 0.3125
surrogate, 54, 24.0, 0.3125
surrogate, 54, 24.0, 0.3125
surrogate, 54, 24.0, 0.3125
surrogate, 54, 23.0, 0.25
surrogate, 54, 23.0, 0.25
surrogate, 54, 23.0, 0.25
surrogate, 54, 23.0, 0.25
surrogate, 54, 23.0, 0.25
surrogate, 54, 23.0, 0.25
surrogate, 54, 23.0, 0.25
surrogate, 54, 23.0, 0.25
surrogate, 54, 23.0, 0.25
surrogate, 54, 23.0, 0.25
surrogate, 54, 23.0, 0.25
surrogate, 54, 23.0, 0.25
surrogate, 54, 23.0, 0.25
surrogate, 54, 21.0, 0.15625
surrogate, 54, 21.0, 0.15625
surrogate, 54, 21.0, 0.15625
surrogate, 54, 21.0, 0.15625
surrogate, 54, 21.0, 0.15625
surrogate, 54, 21.0, 0.15625
surrogate, 54, 21.0, 0.15625
surrogate, 54, 21.0, 0.15625
surrogate, 54, 21.0, 0.15625
surrogate, 54, 21.0, 0.15625
surrogate, 54, 21.0, 0.15625
surrogate, 54, 21.0, 0.15625
surrogate, 54, 21.0, 0.15625
surrogate, 55, 33.0, 0.875
surrogate, 55, 33.0, 0.875
surrogate, 55, 33.0, 0.875
surrogate, 55, 33.0, 0.875
surrogate, 55, 33.0, 0.875
surrogate, 55, 30.0, 0.625
surrogate, 55, 30.0, 0.625
surrogate, 55, 30.0, 0.625
surrogate, 55, 30.0, 0.625
surrogate, 55, 30.0, 0.625
surrogate, 55, 26.0, 0.4375
surrogate, 55, 26.0, 0.4375
surrogate, 55, 26.0, 0.4375
surrogate, 55, 26.0, 0.4375
surrogate, 55, 26.0, 0.4375
surrogate, 55, 26.0, 0.4375
surrogate, 55, 26.0, 0.4375
surrogate, 55, 26.0, 0.4375
surrogate, 55, 26.0, 0.4375
surrogate, 55, 25.0, 0.34375
surrogate, 55, 25.0, 0.34375
surrogate, 55, 25.0, 0.34375
surrogate, 55, 25.0, 0.34375
surrogate, 55, 25.0, 0.34375
surrogate, 55, 24.0, 0.3125
surrogate, 55, 24.0, 0.3125
surrogate, 55, 24.0, 0.3125
surrogate, 55, 24.0, 0.3125
surrogate, 55, 24.0, 0.3125
surrogate, 55, 24.0, 0.3125
surrogate, 55, 23.0, 0.25
surrogate, 55, 23.0, 0.25
surrogate, 55, 23.0, 0.25
surrogate, 55, 23.0, 0.25
surrogate, 55, 23.0, 0.25
surrogate, 55, 23.0, 0.25
surrogate, 55, 23.0, 0.25
surrogate, 55, 23.0, 0.25
surrogate, 55, 23.0, 0.25
surrogate, 55, 23.0, 0.25
surrogate, 55, 23.0, 0.25
surrogate, 55, 23.0, 0.25
surrogate, 55, 23.0, 0.25
surrogate, 55, 21.0, 0.15625
surrogate, 55, 21.0, 0.15625
surrogate, 55, 21.0, 0.15625
surrogate, 55, 21.0, 0.15625
surrogate, 55, 21.0, 0.15625
surrogate, 55, 21.0, 0.15625
surrogate, 55, 21.0, 0.15625
surrogate, 55, 21.0, 0.15625
surrogate, 55, 21.0, 0.15625
surrogate, 55, 21.0, 0.15625
surrogate, 55, 21.0, 0.15625
surrogate, 55, 21.0, 0.15625
surrogate, 55, 21.0, 0.15625
surrogate, 56, 33.0, 0.875
surrogate, 56, 33.0, 0.875
surrogate, 56, 33.0, 0.875
surrogate, 56, 33.0, 0.875
surrogate, 56, 33.0, 0.875
surrogate, 56, 33.0, 0.875
surrogate, 56, 30.0, 0.625
surrogate, 56, 30.0, 0.625
surrogate, 56, 30.0, 0.625
surrogate, 56, 30.0, 0.625
surrogate, 56, 30.0, 0.625
surrogate, 56, 26.0, 0.4375
surrogate, 56, 26.0, 0.4375
surrogate, 56, 26.0, 0.4375
surrogate, 56, 26.0, 0.4375
surrogate, 56, 26.0, 0.4375
surrogate, 56, 26.0, 0.4375
surrogate, 56, 26.0, 0.4375
surrogate, 56, 26.0, 0.4375
surrogate, 56, 26.0, 0.4375
surrogate, 56, 25.0, 0.34375
surrogate, 56, 25.0, 0.34375
surrogate, 56, 25.0, 0.34375
surrogate, 56, 25.0, 0.34375
surrogate, 56, 25.0, 0.34375
surrogate, 56, 24.0, 0.3125
surrogate, 56, 24.0, 0.3125
surrogate, 56, 24.0, 0.3125
surrogate, 56, 24.0, 0.3125
surrogate, 56, 24.0, 0.3125
surrogate, 56, 24.0, 0.3125
surrogate, 56, 23.0, 0.25
surrogate, 56, 23.0, 0.25
surrogate, 56, 23.0, 0.25
surrogate, 56, 23.0, 0.25
surrogate, 56, 23.0, 0.25
surrogate, 56, 23.0, 0.25
surrogate, 56, 23.0, 0.25
surrogate, 56, 23.0, 0.25
surrogate, 56, 23.0, 0.25
surrogate, 56, 23.0, 0.25
surrogate, 56, 23.0, 0.25
surrogate, 56, 23.0, 0.25
surrogate, 56, 23.0, 0.25
surrogate, 56, 21.0, 0.15625
surrogate, 56, 21.0, 0.15625
surrogate, 56, 21.0, 0.15625
surrogate, 56, 21.0, 0.15625
surrogate, 56, 21.0, 0.15625
surrogate, 56, 21.0, 0.15625
surrogate, 56, 21.0, 0.15625
surrogate, 56, 21.0, 0.15625
surrogate, 56, 21.0, 0.15625
surrogate, 56, 21.0, 0.15625
surrogate, 56, 21.0, 0.15625
surrogate, 56, 21.0, 0.15625
surrogate, 56, 21.0, 0.15625
surrogate, 57, 33.0, 0.875
surrogate, 57, 33.0, 0.875
surrogate, 57, 33.0, 0.875
surrogate, 57, 33.0, 0.875
surrogate, 57, 33.0, 0.875
surrogate, 57, 33.0, 0.875
surrogate, 57, 30.0, 0.625
surrogate, 57, 30.0, 0.625
surrogate, 57, 30.0, 0.625
surrogate, 57, 30.0, 0.625
surrogate, 57, 30.0, 0.625
surrogate, 57, 26.0, 0.4375
surrogate, 57, 26.0, 0.4375
surrogate, 57, 26.0, 0.4375
surrogate, 57, 26.0, 0.4375
surrogate, 57, 26.0, 0.4375
surrogate, 57, 26.0, 0.4375
surrogate, 57, 26.0, 0.4375
surrogate, 57, 26.0, 0.4375
surrogate, 57, 26.0, 0.4375
surrogate, 57, 26.0, 0.4375
surrogate, 57, 25.0, 0.34375
surrogate, 57, 25.0, 0.34375
surrogate, 57, 25.0, 0.34375
surrogate, 57, 25.0, 0.34375
surrogate, 57, 25.0, 0.34375
surrogate, 57, 24.0, 0.3125
surrogate, 57, 24.0, 0.3125
surrogate, 57, 24.0, 0.3125
surrogate, 57, 24.0, 0.3125
surrogate, 57, 24.0, 0.3125
surrogate, 57, 24.0, 0.3125
surrogate, 57, 24.0, 0.3125
surrogate, 57, 23.0, 0.25
surrogate, 57, 23.0, 0.25
surrogate, 57, 23.0, 0.25
surrogate, 57, 23.0, 0.25
surrogate, 57, 23.0, 0.25
surrogate, 57, 23.0, 0.25
surrogate, 57, 23.0, 0.25
surrogate, 57, 23.0, 0.25
surrogate, 57, 23.0, 0.25
surrogate, 57, 23.0, 0.25
surrogate, 57, 23.0, 0.25
surrogate, 57, 23.0, 0.25
surrogate, 57, 23.0, 0.25
surrogate, 57, 23.0, 0.25
surrogate, 57, 21.0, 0.15625
surrogate, 57, 21.0, 0.15625
surrogate, 57, 21.0, 0.15625
surrogate, 57, 21.0, 0.15625
surrogate, 57, 21.0, 0.15625
surrogate, 57, 21.0, 0.15625
surrogate, 57, 21.0, 0.15625
surrogate, 57, 21.0, 0.15625
surrogate, 57, 21.0, 0.15625
surrogate, 57, 21.0, 0.15625
surrogate, 57, 21.0, 0.15625
surrogate, 57, 21.0, 0.15625
surrogate, 57, 21.0, 0.15625
surrogate, 57, 21.0, 0.15625
surrogate, 58, 33.0, 0.875
surrogate, 58, 33.0, 0.875
surrogate, 58, 33.0, 0.875
surrogate, 58, 33.0, 0.875
surrogate, 58, 33.0, 0.875
surrogate, 58, 33.0, 0.875
surrogate, 58, 30.0, 0.625
surrogate, 58, 30.0, 0.625
surrogate, 58, 30.0, 0.625
surrogate, 58, 30.0, 0.625
surrogate, 58, 30.0, 0.625
surrogate, 58, 26.0, 0.4375
surrogate, 58, 26.0, 0.4375
surrogate, 58, 26.0, 0.4375
surrogate, 58, 26.0, 0.4375
surrogate, 58, 26.0, 0.4375
surrogate, 58, 26.0, 0.4375
surrogate, 58, 26.0, 0.4375
surrogate, 58, 26.0, 0.4375
surrogate, 58, 26.0, 0.4375
surrogate, 58, 26.0, 0.4375
surrogate, 58, 25.0, 0.34375
surrogate, 58, 25.0, 0.34375
surrogate, 58, 25.0, 0.34375
surrogate, 58, 25.0, 0.34375
surrogate, 58, 25.0, 0.34375
surrogate, 58, 24.0, 0.3125
surrogate, 58, 24.0, 0.3125
surrogate, 58, 24.0, 0.3125
surrogate, 58, 24.0, 0.3125
surrogate, 58, 24.0, 0.3125
surrogate, 58, 24.0, 0.3125
surrogate, 58, 24.0, 0.3125
surrogate, 58, 23.0, 0.25
surrogate, 58, 23.0, 0.25
surrogate, 58, 23.0, 0.25
surrogate, 58, 23.0, 0.25
surrogate, 58, 23.0, 0.25
surrogate, 58, 23.0, 0.25
surrogate, 58, 23.0, 0.25
surrogate, 58, 23.0, 0.25
surrogate, 58, 23.0, 0.25
surrogate, 58, 23.0, 0.25
surrogate, 58, 23.0, 0.25
surrogate, 58, 23.0, 0.25
surrogate, 58, 23.0, 0.25
surrogate, 58, 23.0, 0.25
surrogate, 58, 21.0, 0.15625
surrogate, 58, 21.0, 0.15625
surrogate, 58, 21.0, 0.15625
surrogate, 58, 21.0, 0.15625
surrogate, 58, 21.0, 0.15625
surrogate, 58, 21.0, 0.15625
surrogate, 58, 21.0, 0.15625
surrogate, 58, 21.0, 0.15625
surrogate, 58, 21.0, 0.15625
surrogate, 58, 21.0, 0.15625
surrogate, 58, 21.0, 0.15625
surrogate, 58, 21.0, 0.15625
surrogate, 58, 21.0, 0.15625
surrogate, 58, 21.0, 0.15625
surrogate, 59, 33.0, 0.875
surrogate, 59, 33.0, 0.875
surrogate, 59, 33.0, 0.875
surrogate, 59, 33.0, 0.875
surrogate, 59, 33.0, 0.875
surrogate, 59, 33.0, 0.875
surrogate, 59, 30.0, 0.625
surrogate, 59, 30.0, 0.625
surrogate, 59, 30.0, 0.625
surrogate, 59, 30.0, 0.625
surrogate, 59, 30.0, 0.625
surrogate, 59, 26.0, 0.4375
surrogate, 59, 26.0, 0.4375
surrogate, 59, 26.0, 0.4375
surrogate, 59, 26.0, 0.4375
surrogate, 59, 26.0, 0.4375
surrogate, 59, 26.0, 0.4375
surrogate, 59, 26.0, 0.4375
surrogate, 59, 26.0, 0.4375
surrogate, 59, 26.0, 0.4375
surrogate, 59, 26.0, 0.4375
surrogate, 59, 25.0, 0.34375
surrogate, 59, 25.0, 0.34375
surrogate, 59, 25.0, 0.34375
surrogate, 59, 25.0, 0.34375
surrogate, 59, 25.0, 0.34375
surrogate, 59, 24.0, 0.3125
surrogate, 59, 24.0, 0.3125
surrogate, 59, 24.0, 0.3125
surrogate, 59, 24.0, 0.3125
surrogate, 59, 24.0, 0.3125
surrogate, 59, 24.0, 0.3125
surrogate, 59, 24.0, 0.3125
surrogate, 59, 23.0, 0.25
surrogate, 59, 23.0, 0.25
surrogate, 59, 23.0, 0.25
surrogate, 59, 23.0, 0.25
surrogate, 59, 23.0, 0.25
surrogate, 59, 23.0, 0.25
surrogate, 59, 23.0, 0.25
surrogate, 59, 23.0, 0.25
surrogate, 59, 23.0, 0.25
surrogate, 59, 23.0, 0.25
surrogate, 59, 23.0, 0.25
surrogate, 59, 23.0, 0.25
surrogate, 59, 23.0, 0.25
surrogate, 59, 23.0, 0.25
surrogate, 59, 21.0, 0.15625
surrogate, 59, 21.0, 0.15625
surrogate, 59, 21.0, 0.15625
surrogate, 59, 21.0, 0.15625
surrogate, 59, 21.0, 0.15625
surrogate, 59, 21.0, 0.15625
surrogate, 59, 21.0, 0.15625
surrogate, 59, 21.0, 0.15625
surrogate, 59, 21.0, 0.15625
surrogate, 59, 21.0, 0.15625
surrogate, 59, 21.0, 0.15625
surrogate, 59, 21.0, 0.15625
surrogate, 59, 21.0, 0.15625
surrogate, 59, 21.0, 0.15625
surrogate, 60, 33.0, 0.875
surrogate, 60, 33.0, 0.875
surrogate, 60, 33.0, 0.875
surrogate, 60, 33.0, 0.875
surrogate, 60, 33.0, 0.875
surrogate, 60, 33.0, 0.875
surrogate, 60, 30.0, 0.625
surrogate, 60, 30.0, 0.625
surrogate, 60, 30.0, 0.625
surrogate, 60, 30.0, 0.625
surrogate, 60, 30.0, 0.625
surrogate, 60, 30.0, 0.625
surrogate, 60, 26.0, 0.4375
surrogate, 60, 26.0, 0.4375
surrogate, 60, 26.0, 0.4375
surrogate, 60, 26.0, 0.4375
surrogate, 60, 26.0, 0.4375
surrogate, 60, 26.0, 0.4375
surrogate, 60, 26.0, 0.4375
surrogate, 60, 26.0, 0.4375
surrogate, 60, 26.0, 0.4375
surrogate, 60, 26.0, 0.4375
surrogate, 60, 26.0, 0.4375
surrogate, 60, 25.0, 0.34375
surrogate, 60, 25.0, 0.34375
surrogate, 60, 25.0, 0.34375
surrogate, 60, 25.0, 0.34375
surrogate, 60, 25.0, 0.34375
surrogate, 60, 25.0, 0.34375
surrogate, 60, 24.0, 0.3125
surrogate, 60, 24.0, 0.3125
surrogate, 60, 24.0, 0.3125
surrogate, 60, 24.0, 0.3125
surrogate, 60, 24.0, 0.3125
surrogate, 60, 24.0, 0.3125
surrogate, 60, 24.0, 0.3125
surrogate, 60, 24.0, 0.3125
surrogate, 60, 23.0, 0.25
surrogate, 60, 23.0, 0.25
surrogate, 60, 23.0, 0.25
surrogate, 60, 23.0, 0.25
surrogate, 60, 23.0, 0.25
surrogate, 60, 23.0, 0.25
surrogate, 60, 23.0, 0.25
surrogate, 60, 23.0, 0.25
surrogate, 60, 23.0, 0.25
surrogate, 60, 23.0, 0.25
surrogate, 60, 23.0, 0.25
surrogate, 60, 23.0, 0.25
surrogate, 60, 23.0, 0.25
surrogate, 60, 23.0, 0.25
surrogate, 60, 21.0, 0.15625
surrogate, 60, 21.0, 0.15625
surrogate, 60, 21.0, 0.15625
surrogate, 60, 21.0, 0.15625
surrogate, 60, 21.0, 0.15625
surrogate, 60, 21.0, 0.15625
surrogate, 60, 21.0, 0.15625
surrogate, 60, 21.0, 0.15625
surrogate, 60, 21.0, 0.15625
surrogate, 60, 21.0, 0.15625
surrogate, 60, 21.0, 0.15625
surrogate, 60, 21.0, 0.15625
surrogate, 60, 21.0, 0.15625
surrogate, 60, 21.0, 0.15625
surrogate, 60, 21.0, 0.15625
surrogate, 61, 33.0, 0.875
surrogate, 61, 33.0, 0.875
surrogate, 61, 33.0, 0.875
surrogate, 61, 33.0, 0.875
surrogate, 61, 33.0, 0.875
surrogate, 61, 33.0, 0.875
surrogate, 61, 30.0, 0.625
surrogate, 61, 30.0, 0.625
surrogate, 61, 30.0, 0.625
surrogate, 61, 30.0, 0.625
surrogate, 61, 30.0, 0.625
surrogate, 61, 30.0, 0.625
surrogate, 61, 26.0, 0.4375
surrogate, 61, 26.0, 0.4375
surrogate, 61, 26.0, 0.4375
surrogate, 61, 26.0, 0.4375
surrogate, 61, 26.0, 0.4375
surrogate, 61, 26.0, 0.4375
surrogate, 61, 26.0, 0.4375
surrogate, 61, 26.0, 0.4375
surrogate, 61, 26.0, 0.4375
surrogate, 61, 26.0, 0.4375
surrogate, 61, 26.0, 0.4375
surrogate, 61, 25.0, 0.34375
surrogate, 61, 25.0, 0.34375
surrogate, 61, 25.0, 0.34375
surrogate, 61, 25.0, 0.34375
surrogate, 61, 25.0, 0.34375
surrogate, 61, 25.0, 0.34375
surrogate, 61, 24.0, 0.3125
surrogate, 61, 24.0, 0.3125
surrogate, 61, 24.0, 0.3125
surrogate, 61, 24.0, 0.3125
surrogate, 61, 24.0, 0.3125
surrogate, 61, 24.0, 0.3125
surrogate, 61, 24.0, 0.3125
surrogate, 61, 24.0, 0.3125
surrogate, 61, 24.0, 0.3125
surrogate, 61, 23.0, 0.25
surrogate, 61, 23.0, 0.25
surrogate, 61, 23.0, 0.25
surrogate, 61, 23.0, 0.25
surrogate, 61, 23.0, 0.25
surrogate, 61, 23.0, 0.25
surrogate, 61, 23.0, 0.25
surrogate, 61, 23.0, 0.25
surrogate, 61, 23.0, 0.25
surrogate, 61, 23.0, 0.25
surrogate, 61, 23.0, 0.25
surrogate, 61, 23.0, 0.25
surrogate, 61, 23.0, 0.25
surrogate, 61, 23.0, 0.25
surrogate, 61, 23.0, 0.25
surrogate, 61, 21.0, 0.15625
surrogate, 61, 21.0, 0.15625
surrogate, 61, 21.0, 0.15625
surrogate, 61, 21.0, 0.15625
surrogate, 61, 21.0, 0.15625
surrogate, 61, 21.0, 0.15625
surrogate, 61, 21.0, 0.15625
surrogate, 61, 21.0, 0.15625
surrogate, 61, 21.0, 0.15625
surrogate, 61, 21.0, 0.15625
surrogate, 61, 21.0, 0.15625
surrogate, 61, 21.0, 0.15625
surrogate, 61, 21.0, 0.15625
surrogate, 61, 21.0, 0.15625
surrogate, 61, 21.0, 0.15625
surrogate, 61, 21.0, 0.15625
surrogate, 62, 33.0, 0.875
surrogate, 62, 33.0, 0.875
surrogate, 62, 33.0, 0.875
surrogate, 62, 33.0, 0.875
surrogate, 62, 33.0, 0.875
surrogate, 62, 33.0, 0.875
surrogate, 62, 30.0, 0.625
surrogate, 62, 30.0, 0.625
surrogate, 62, 30.0, 0.625
surrogate, 62, 30.0, 0.625
surrogate, 62, 30.0, 0.625
surrogate, 62, 30.0, 0.625
surrogate, 62, 26.0, 0.4375
surrogate, 62, 26.0, 0.4375
surrogate, 62, 26.0, 0.4375
surrogate, 62, 26.0, 0.4375
surrogate, 62, 26.0, 0.4375
surrogate, 62, 26.0, 0.4375
surrogate, 62, 26.0, 0.4375
surrogate, 62, 26.0, 0.4375
surrogate, 62, 26.0, 0.4375
surrogate, 62, 26.0, 0.4375
surrogate, 62, 26.0, 0.4375
surrogate, 62, 26.0, 0.4375
surrogate, 62, 25.0, 0.34375
surrogate, 62, 25.0, 0.34375
surrogate, 62, 25.0, 0.34375
surrogate, 62, 25.0, 0.34375
surrogate, 62, 25.0, 0.34375
surrogate, 62, 25.0, 0.34375
surrogate, 62, 24.0, 0.3125
surrogate, 62, 24.0, 0.3125
surrogate, 62, 24.0, 0.3125
surrogate, 62, 24.0, 0.3125
surrogate, 62, 24.0, 0.3125
surrogate, 62, 24.0, 0.3125
surrogate, 62, 24.0, 0.3125
surrogate, 62, 24.0, 0.3125
surrogate, 62, 24.0, 0.3125
surrogate, 62, 24.0, 0.3125
surrogate, 62, 23.0, 0.25
surrogate, 62, 23.0, 0.25
surrogate, 62, 23.0, 0.25
surrogate, 62, 23.0, 0.25
surrogate, 62, 23.0, 0.25
surrogate, 62, 23.0, 0.25
surrogate, 62, 23.0, 0.25
surrogate, 62, 23.0, 0.25
surrogate, 62, 23.0, 0.25
surrogate, 62, 23.0, 0.25
surrogate, 62, 23.0, 0.25
surrogate, 62, 23.0, 0.25
surrogate, 62, 23.0, 0.25
surrogate, 62, 23.0, 0.25
surrogate, 62, 23.0, 0.25
surrogate, 62, 21.0, 0.15625
surrogate, 62, 21.0, 0.15625
surrogate, 62, 21.0, 0.15625
surrogate, 62, 21.0, 0.15625
surrogate, 62, 21.0, 0.15625
surrogate, 62, 21.0, 0.15625
surrogate, 62, 21.0, 0.15625
surrogate, 62, 21.0, 0.15625
surrogate, 62, 21.0, 0.15625
surrogate, 62, 21.0, 0.15625
surrogate, 62, 21.0, 0.15625
surrogate, 62, 21.0, 0.15625
surrogate, 62, 21.0, 0.15625
surrogate, 62, 21.0, 0.15625
surrogate, 62, 21.0, 0.15625
surrogate, 62, 21.0, 0.15625
surrogate, 63, 33.0, 0.875
surrogate, 63, 33.0, 0.875
surrogate, 63, 33.0, 0.875
surrogate, 63, 33.0, 0.875
surrogate, 63, 33.0, 0.875
surrogate, 63, 33.0, 0.875
surrogate, 63, 30.0, 0.625
surrogate, 63, 30.0, 0.625
surrogate, 63, 30.0, 0.625
surrogate, 63, 30.0, 0.625
surrogate, 63, 30.0, 0.625
surrogate, 63, 30.0, 0.625
surrogate, 63, 30.0, 0.625
surrogate, 63, 26.0, 0.4375
surrogate, 63, 26.0, 0.4375
surrogate, 63, 26.0, 0.4375
surrogate, 63, 26.0, 0.4375
surrogate, 63, 26.0, 0.4375
surrogate, 63, 26.0, 0.4375
surrogate, 63, 26.0, 0.4375
surrogate, 63, 26.0, 0.4375
surrogate, 63, 26.0, 0.4375
surrogate, 63, 26.0, 0.4375
surrogate, 63, 26.0, 0.4375
surrogate, 63, 26.0, 0.4375
surrogate, 63, 26.0, 0.4375
surrogate, 63, 25.0, 0.34375
surrogate, 63, 25.0, 0.34375
surrogate, 63, 25.0, 0.34375
surrogate, 63, 25.0, 0.34375
surrogate, 63, 25.0, 0.34375
surrogate, 63, 25.0, 0.34375
surrogate, 63, 24.0, 0.3125
surrogate, 63, 24.0, 0.3125
surrogate, 63, 24.0, 0.3125
surrogate, 63, 24.0, 0.3125
surrogate, 63, 24.0, 0.3125
surrogate, 63, 24.0, 0.3125
surrogate, 63, 24.0, 0.3125
surrogate, 63, 24.0, 0.3125
surrogate, 63, 24.0, 0.3125
surrogate, 63, 24.0, 0.3125
surrogate, 63, 23.0, 0.25
surrogate, 63, 23.0, 0.25
surrogate, 63, 23.0, 0.25
surrogate, 63, 23.0, 0.25
surrogate, 63, 23.0, 0.25
surrogate, 63, 23.0, 0.25
surrogate, 63, 23.0, 0.25
surrogate, 63, 23.0, 0.25
surrogate, 63, 23.0, 0.25
surrogate, 63, 23.0, 0.25
surrogate, 63, 23.0, 0.25
surrogate, 63, 23.0, 0.25
surrogate, 63, 23.0, 0.25
surrogate, 63, 23.0, 0.25
surrogate, 63, 23.0, 0.25
surrogate, 63, 21.0, 0.15625
surrogate, 63, 21.0, 0.15625
surrogate, 63, 21.0, 0.15625
surrogate, 63, 21.0, 0.15625
surrogate, 63, 21.0, 0.15625
surrogate, 63, 21.0, 0.15625
surrogate, 63, 21.0, 0.15625
surrogate, 63, 21.0, 0.15625
surrogate, 63, 21.0, 0.15625
surrogate, 63, 21.0, 0.15625
surrogate, 63, 21.0, 0.15625
surrogate, 63, 21.0, 0.15625
surrogate, 63, 21.0, 0.15625
surrogate, 63, 21.0, 0.15625
surrogate, 63, 21.0, 0.15625
surrogate, 63, 21.0, 0.15625
surrogate, 63, 21.0, 0.15625
surrogate, 64, 33.0, 0.875
surrogate, 64, 33.0, 0.875
surrogate, 64, 33.0, 0.875
surrogate, 64, 33.0, 0.875
surrogate, 64, 33.0, 0.875
surrogate, 64, 33.0, 0.875
surrogate, 64, 33.0, 0.875
surrogate, 64, 29.0, 0.625
surrogate, 64, 26.0, 0.4375
surrogate, 64, 26.0, 0.4375
surrogate, 64, 26.0, 0.4375
surrogate, 64, 26.0, 0.4375
surrogate, 64, 26.0, 0.4375
surrogate, 64, 26.0, 0.4375
surrogate, 64, 26.0, 0.4375
surrogate, 64, 26.0, 0.4375
surrogate, 64, 26.0, 0.4375
surrogate, 64, 26.0, 0.4375
surrogate, 64, 26.0, 0.4375
surrogate, 64, 26.0, 0.4375
surrogate, 64, 26.0, 0.4375
surrogate, 64, 25.0, 0.34375
surrogate, 64, 25.0, 0.34375
surrogate, 64, 25.0, 0.34375
surrogate, 64, 25.0, 0.34375
surrogate, 64, 25.0, 0.34375
surrogate, 64, 25.0, 0.34375
surrogate, 64, 25.0, 0.34375
surrogate, 64, 24.0, 0.3125
surrogate, 64, 24.0, 0.3125
surrogate, 64, 24.0, 0.3125
surrogate, 64, 24.0, 0.3125
surrogate, 64, 24.0, 0.3125
surrogate, 64, 24.0, 0.3125
surrogate, 64, 24.0, 0.3125
surrogate, 64, 24.0, 0.3125
surrogate, 64, 24.0, 0.3125
surrogate, 64, 24.0, 0.3125
surrogate, 64, 24.0, 0.3125
surrogate, 64, 23.0, 0.25
surrogate, 64, 23.0, 0.25
surrogate, 64, 23.0, 0.25
surrogate, 64, 23.0, 0.25
surrogate, 64, 23.0, 0.25
surrogate, 64, 23.0, 0.25
surrogate, 64, 23.0, 0.25
surrogate, 64, 23.0, 0.25
surrogate, 64, 23.0, 0.25
surrogate, 64, 23.0, 0.25
surrogate, 64, 23.0, 0.25
surrogate, 64, 23.0, 0.25
surrogate, 64, 23.0, 0.25
surrogate, 64, 23.0, 0.25
surrogate, 64, 23.0, 0.25
surrogate, 64, 21.0, 0.15625
surrogate, 64, 21.0, 0.15625
surrogate, 64, 21.0, 0.15625
surrogate, 64, 21.0, 0.15625
surrogate, 64, 21.0, 0.15625
surrogate, 64, 21.0, 0.15625
surrogate, 64, 21.0, 0.15625
surrogate, 64, 21.0, 0.15625
surrogate, 64, 21.0, 0.15625
surrogate, 64, 21.0, 0.15625
surrogate, 64, 21.0, 0.15625
surrogate, 64, 21.0, 0.15625
surrogate, 64, 21.0, 0.15625
surrogate, 64, 21.0, 0.15625
surrogate, 64, 21.0, 0.15625
surrogate, 64, 21.0, 0.15625
surrogate, 64, 21.0, 0.15625
surrogate, 65, 33.0, 0.875
surrogate, 65, 33.0, 0.875
surrogate, 65, 33.0, 0.875
surrogate, 65, 33.0, 0.875
surrogate, 65, 33.0, 0.875
surrogate, 65, 33.0, 0.875
surrogate, 65, 33.0, 0.875
surrogate, 65, 29.0, 0.625
surrogate, 65, 26.0, 0.4375
surrogate, 65, 26.0, 0.4375
surrogate, 65, 26.0, 0.4375
surrogate, 65, 26.0, 0.4375
surrogate, 65, 26.0, 0.4375
surrogate, 65, 26.0, 0.4375
surrogate, 65, 26.0, 0.4375
surrogate, 65, 26.0, 0.4375
surrogate, 65, 26.0, 0.4375
surrogate, 65, 26.0, 0.4375
surrogate, 65, 26.0, 0.4375
surrogate, 65, 26.0, 0.4375
surrogate, 65, 26.0, 0.4375
surrogate, 65, 25.0, 0.34375
surrogate, 65, 25.0, 0.34375
surrogate, 65, 25.0, 0.34375
surrogate, 65, 25.0, 0.34375
surrogate, 65, 25.0, 0.34375
surrogate, 65, 25.0, 0.34375
surrogate, 65, 25.0, 0.34375
surrogate, 65, 24.0, 0.3125
surrogate, 65, 24.0, 0.3125
surrogate, 65, 24.0, 0.3125
surrogate, 65, 24.0, 0.3125
surrogate, 65, 24.0, 0.3125
surrogate, 65, 24.0, 0.3125
surrogate, 65, 24.0, 0.3125
surrogate, 65, 24.0, 0.3125
surrogate, 65, 24.0, 0.3125
surrogate, 65, 24.0, 0.3125
surrogate, 65, 24.0, 0.3125
surrogate, 65, 23.0, 0.25
surrogate, 65, 23.0, 0.25
surrogate, 65, 23.0, 0.25
surrogate, 65, 23.0, 0.25
surrogate, 65, 23.0, 0.25
surrogate, 65, 23.0, 0.25
surrogate, 65, 23.0, 0.25
surrogate, 65, 23.0, 0.25
surrogate, 65, 23.0, 0.25
surrogate, 65, 23.0, 0.25
surrogate, 65, 23.0, 0.25
surrogate, 65, 23.0, 0.25
surrogate, 65, 23.0, 0.25
surrogate, 65, 23.0, 0.25
surrogate, 65, 23.0, 0.25
surrogate, 65, 23.0, 0.25
surrogate, 65, 21.0, 0.15625
surrogate, 65, 21.0, 0.15625
surrogate, 65, 21.0, 0.15625
surrogate, 65, 21.0, 0.15625
surrogate, 65, 21.0, 0.15625
surrogate, 65, 21.0, 0.15625
surrogate, 65, 21.0, 0.15625
surrogate, 65, 21.0, 0.15625
surrogate, 65, 21.0, 0.15625
surrogate, 65, 21.0, 0.15625
surrogate, 65, 21.0, 0.15625
surrogate, 65, 21.0, 0.15625
surrogate, 65, 21.0, 0.15625
surrogate, 65, 21.0, 0.15625
surrogate, 65, 21.0, 0.15625
surrogate, 65, 21.0, 0.15625
surrogate, 65, 21.0, 0.15625
surrogate, 66, 33.0, 0.875
surrogate, 66, 33.0, 0.875
surrogate, 66, 33.0, 0.875
surrogate, 66, 33.0, 0.875
surrogate, 66, 33.0, 0.875
surrogate, 66, 33.0, 0.875
surrogate, 66, 33.0, 0.875
surrogate, 66, 29.0, 0.625
surrogate, 66, 26.0, 0.4375
surrogate, 66, 26.0, 0.4375
surrogate, 66, 26.0, 0.4375
surrogate, 66, 26.0, 0.4375
surrogate, 66, 26.0, 0.4375
surrogate, 66, 26.0, 0.4375
surrogate, 66, 26.0, 0.4375
surrogate, 66, 26.0, 0.4375
surrogate, 66, 26.0, 0.4375
surrogate, 66, 26.0, 0.4375
surrogate, 66, 26.0, 0.4375
surrogate, 66, 26.0, 0.4375
surrogate, 66, 26.0, 0.4375
surrogate, 66, 25.0, 0.34375
surrogate, 66, 25.0, 0.34375
surrogate, 66, 25.0, 0.34375
surrogate, 66, 25.0, 0.34375
surrogate, 66, 25.0, 0.34375
surrogate, 66, 25.0, 0.34375
surrogate, 66, 25.0, 0.34375
surrogate, 66, 24.0, 0.3125
surrogate, 66, 24.0, 0.3125
surrogate, 66, 24.0, 0.3125
surrogate, 66, 24.0, 0.3125
surrogate, 66, 24.0, 0.3125
surrogate, 66, 24.0, 0.3125
surrogate, 66, 24.0, 0.3125
surrogate, 66, 24.0, 0.3125
surrogate, 66, 24.0, 0.3125
surrogate, 66, 24.0, 0.3125
surrogate, 66, 24.0, 0.3125
surrogate, 66, 24.0, 0.3125
surrogate, 66, 23.0, 0.25
surrogate, 66, 23.0, 0.25
surrogate, 66, 23.0, 0.25
surrogate, 66, 23.0, 0.25
surrogate, 66, 23.0, 0.25
surrogate, 66, 23.0, 0.25
surrogate, 66, 23.0, 0.25
surrogate, 66, 23.0, 0.25
surrogate, 66, 23.0, 0.25
surrogate, 66, 23.0, 0.25
surrogate, 66, 23.0, 0.25
surrogate, 66, 23.0, 0.25
surrogate, 66, 23.0, 0.25
surrogate, 66, 23.0, 0.25
surrogate, 66, 23.0, 0.25
surrogate, 66, 23.0, 0.25
surrogate, 66, 21.0, 0.15625
surrogate, 66, 21.0, 0.15625
surrogate, 66, 21.0, 0.15625
surrogate, 66, 21.0, 0.15625
surrogate, 66, 21.0, 0.15625
surrogate, 66, 21.0, 0.15625
surrogate, 66, 21.0, 0.15625
surrogate, 66, 21.0, 0.15625
surrogate, 66, 21.0, 0.15625
surrogate, 66, 21.0, 0.15625
surrogate, 66, 21.0, 0.15625
surrogate, 66, 21.0, 0.15625
surrogate, 66, 21.0, 0.15625
surrogate, 66, 21.0, 0.15625
surrogate, 66, 21.0, 0.15625
surrogate, 66, 21.0, 0.15625
surrogate, 66, 21.0, 0.15625
surrogate, 67, 33.0, 0.875
surrogate, 67, 33.0, 0.875
surrogate, 67, 33.0, 0.875
surrogate, 67, 33.0, 0.875
surrogate, 67, 33.0, 0.875
surrogate, 67, 33.0, 0.875
surrogate, 67, 33.0, 0.875
surrogate, 67, 29.0, 0.625
surrogate, 67, 29.0, 0.625
surrogate, 67, 26.0, 0.4375
surrogate, 67, 26.0, 0.4375
surrogate, 67, 26.0, 0.4375
surrogate, 67, 26.0, 0.4375
surrogate, 67, 26.0, 0.4375
surrogate, 67, 26.0, 0.4375
surrogate, 67, 26.0, 0.4375
surrogate, 67, 26.0, 0.4375
surrogate, 67, 26.0, 0.4375
surrogate, 67, 26.0, 0.4375
surrogate, 67, 26.0, 0.4375
surrogate, 67, 26.0, 0.4375
surrogate, 67, 26.0, 0.4375
surrogate, 67, 26.0, 0.4375
surrogate, 67, 25.0, 0.34375
surrogate, 67, 25.0, 0.34375
surrogate, 67, 25.0, 0.34375
surrogate, 67, 25.0, 0.34375
surrogate, 67, 25.0, 0.34375
surrogate, 67, 25.0, 0.34375
surrogate, 67, 25.0, 0.34375
surrogate, 67, 24.0, 0.3125
surrogate, 67, 24.0, 0.3125
surrogate, 67, 24.0, 0.3125
surrogate, 67, 24.0, 0.3125
surrogate, 67, 24.0, 0.3125
surrogate, 67, 24.0, 0.3125
surrogate, 67, 24.0, 0.3125
surrogate, 67, 24.0, 0.3125
surrogate, 67, 24.0, 0.3125
surrogate, 67, 24.0, 0.3125
surrogate, 67, 24.0, 0.3125
surrogate, 67, 24.0, 0.3125
surrogate, 67, 24.0, 0.3125
surrogate, 67, 23.0, 0.25
surrogate, 67, 23.0, 0.25
surrogate, 67, 23.0, 0.25
surrogate, 67, 23.0, 0.25
surrogate, 67, 23.0, 0.25
surrogate, 67, 23.0, 0.25
surrogate, 67, 23.0, 0.25
surrogate, 67, 23.0, 0.25
surrogate, 67, 23.0, 0.25
surrogate, 67, 23.0, 0.25
surrogate, 67, 23.0, 0.25
surrogate, 67, 23.0, 0.25
surrogate, 67, 23.0, 0.25
surrogate, 67, 23.0, 0.25
surrogate, 67, 23.0, 0.25
surrogate, 67, 23.0, 0.25
surrogate, 67, 21.0, 0.15625
surrogate, 67, 21.0, 0.15625
surrogate, 67, 21.0, 0.15625
surrogate, 67, 21.0, 0.15625
surrogate, 67, 21.0, 0.15625
surrogate, 67, 21.0, 0.15625
surrogate, 67, 21.0, 0.15625
surrogate, 67, 21.0, 0.15625
surrogate, 67, 21.0, 0.15625
surrogate, 67, 21.0, 0.15625
surrogate, 67, 21.0, 0.15625
surrogate, 67, 21.0, 0.15625
surrogate, 67, 21.0, 0.15625
surrogate, 67, 21.0, 0.15625
surrogate, 67, 21.0, 0.15625
surrogate, 67, 21.0, 0.15625
surrogate, 67, 21.0, 0.15625
surrogate, 67, 21.0, 0.15625
surrogate, 68, 33.0, 0.875
surrogate, 68, 33.0, 0.875
surrogate, 68, 33.0, 0.875
surrogate, 68, 33.0, 0.875
surrogate, 68, 33.0, 0.875
surrogate, 68, 33.0, 0.875
surrogate, 68, 33.0, 0.875
surrogate, 68, 29.0, 0.625
surrogate, 68, 29.0, 0.625
surrogate, 68, 26.0, 0.4375
surrogate, 68, 26.0, 0.4375
surrogate, 68, 26.0, 0.4375
surrogate, 68, 26.0, 0.4375
surrogate, 68, 26.0, 0.4375
surrogate, 68, 26.0, 0.4375
surrogate, 68, 26.0, 0.4375
surrogate, 68, 26.0, 0.4375
surrogate, 68, 26.0, 0.4375
surrogate, 68, 26.0, 0.4375
surrogate, 68, 26.0, 0.4375
surrogate, 68, 26.0, 0.4375
surrogate, 68, 26.0, 0.4375
surrogate, 68, 26.0, 0.4375
surrogate, 68, 25.0, 0.34375
surrogate, 68, 25.0, 0.34375
surrogate, 68, 25.0, 0.34375
surrogate, 68, 25.0, 0.34375
surrogate, 68, 25.0, 0.34375
surrogate, 68, 25.0, 0.34375
surrogate, 68, 25.0, 0.34375
surrogate, 68, 25.0, 0.34375
surrogate, 68, 24.0, 0.3125
surrogate, 68, 24.0, 0.3125
surrogate, 68, 24.0, 0.3125
surrogate, 68, 24.0, 0.3125
surrogate, 68, 24.0, 0.3125
surrogate, 68, 24.0, 0.3125
surrogate, 68, 24.0, 0.3125
surrogate, 68, 24.0, 0.3125
surrogate, 68, 24.0, 0.3125
surrogate, 68, 24.0, 0.3125
surrogate, 68, 24.0, 0.3125
surrogate, 68, 24.0, 0.3125
surrogate, 68, 24.0, 0.3125
surrogate, 68, 23.0, 0.25
surrogate, 68, 23.0, 0.25
surrogate, 68, 23.0, 0.25
surrogate, 68, 23.0, 0.25
surrogate, 68, 23.0, 0.25
surrogate, 68, 23.0, 0.25
surrogate, 68, 23.0, 0.25
surrogate, 68, 23.0, 0.25
surrogate, 68, 23.0, 0.25
surrogate, 68, 23.0, 0.25
surrogate, 68, 23.0, 0.25
surrogate, 68, 23.0, 0.25
surrogate, 68, 23.0, 0.25
surrogate, 68, 23.0, 0.25
surrogate, 68, 23.0, 0.25
surrogate, 68, 23.0, 0.25
surrogate, 68, 23.0, 0.25
surrogate, 68, 21.0, 0.15625
surrogate, 68, 21.0, 0.15625
surrogate, 68, 21.0, 0.15625
surrogate, 68, 21.0, 0.15625
surrogate, 68, 21.0, 0.15625
surrogate, 68, 21.0, 0.15625
surrogate, 68, 21.0, 0.15625
surrogate, 68, 21.0, 0.15625
surrogate, 68, 21.0, 0.15625
surrogate, 68, 21.0, 0.15625
surrogate, 68, 21.0, 0.15625
surrogate, 68, 21.0, 0.15625
surrogate, 68, 21.0, 0.15625
surrogate, 68, 21.0, 0.15625
surrogate, 68, 21.0, 0.15625
surrogate, 68, 21.0, 0.15625
surrogate, 68, 21.0, 0.15625
surrogate, 68, 21.0, 0.15625
surrogate, 69, 33.0, 0.875
surrogate, 69, 33.0, 0.875
surrogate, 69, 33.0, 0.875
surrogate, 69, 33.0, 0.875
surrogate, 69, 33.0, 0.875
surrogate, 69, 33.0, 0.875
surrogate, 69, 33.0, 0.875
surrogate, 69, 29.0, 0.625
surrogate, 69, 29.0, 0.625
surrogate, 69, 26.0, 0.4375
surrogate, 69, 26.0, 0.4375
surrogate, 69, 26.0, 0.4375
surrogate, 69, 26.0, 0.4375
surrogate, 69, 26.0, 0.4375
surrogate, 69, 26.0, 0.4375
surrogate, 69, 26.0, 0.4375
surrogate, 69, 26.0, 0.4375
surrogate, 69, 26.0, 0.4375
surrogate, 69, 26.0, 0.4375
surrogate, 69, 26.0, 0.4375
surrogate, 69, 26.0, 0.4375
surrogate, 69, 26.0, 0.4375
surrogate, 69, 26.0, 0.4375
surrogate, 69, 26.0, 0.4375
surrogate, 69, 25.0, 0.34375
surrogate, 69, 25.0, 0.34375
surrogate, 69, 25.0, 0.34375
surrogate, 69, 25.0, 0.34375
surrogate, 69, 25.0, 0.34375
surrogate, 69, 25.0, 0.34375
surrogate, 69, 25.0, 0.34375
surrogate, 69, 25.0, 0.34375
surrogate, 69, 25.0, 0.34375
surrogate, 69, 24.0, 0.3125
surrogate, 69, 24.0, 0.3125
surrogate, 69, 24.0, 0.3125
surrogate, 69, 24.0, 0.3125
surrogate, 69, 24.0, 0.3125
surrogate, 69, 24.0, 0.3125
surrogate, 69, 24.0, 0.3125
surrogate, 69, 24.0, 0.3125
surrogate, 69, 24.0, 0.3125
surrogate, 69, 24.0, 0.3125
surrogate, 69, 24.0, 0.3125
surrogate, 69, 24.0, 0.3125
surrogate, 69, 24.0, 0.3125
surrogate, 69, 23.0, 0.25
surrogate, 69, 23.0, 0.25
surrogate, 69, 23.0, 0.25
surrogate, 69, 23.0, 0.25
surrogate, 69, 23.0, 0.25
surrogate, 69, 23.0, 0.25
surrogate, 69, 23.0, 0.25
surrogate, 69, 23.0, 0.25
surrogate, 69, 23.0, 0.25
surrogate, 69, 23.0, 0.25
surrogate, 69, 23.0, 0.25
surrogate, 69, 23.0, 0.25
surrogate, 69, 23.0, 0.25
surrogate, 69, 23.0, 0.25
surrogate, 69, 23.0, 0.25
surrogate, 69, 23.0, 0.25
surrogate, 69, 23.0, 0.25
surrogate, 69, 23.0, 0.25
surrogate, 69, 21.0, 0.15625
surrogate, 69, 21.0, 0.15625
surrogate, 69, 21.0, 0.15625
surrogate, 69, 21.0, 0.15625
surrogate, 69, 21.0, 0.15625
surrogate, 69, 21.0, 0.15625
surrogate, 69, 21.0, 0.15625
surrogate, 69, 21.0, 0.15625
surrogate, 69, 21.0, 0.15625
surrogate, 69, 21.0, 0.15625
surrogate, 69, 21.0, 0.15625
surrogate, 69, 21.0, 0.15625
surrogate, 69, 21.0, 0.15625
surrogate, 69, 21.0, 0.15625
surrogate, 69, 21.0, 0.15625
surrogate, 69, 21.0, 0.15625
surrogate, 69, 21.0, 0.15625
surrogate, 69, 21.0, 0.15625
surrogate, 69, 21.0, 0.15625
surrogate, 70, 33.0, 0.875
surrogate, 70, 33.0, 0.875
surrogate, 70, 33.0, 0.875
surrogate, 70, 33.0, 0.875
surrogate, 70, 33.0, 0.875
surrogate, 70, 33.0, 0.875
surrogate, 70, 33.0, 0.875
surrogate, 70, 29.0, 0.625
surrogate, 70, 29.0, 0.625
surrogate, 70, 26.0, 0.4375
surrogate, 70, 26.0, 0.4375
surrogate, 70, 26.0, 0.4375
surrogate, 70, 26.0, 0.4375
surrogate, 70, 26.0, 0.4375
surrogate, 70, 26.0, 0.4375
surrogate, 70, 26.0, 0.4375
surrogate, 70, 26.0, 0.4375
surrogate, 70, 26.0, 0.4375
surrogate, 70, 26.0, 0.4375
surrogate, 70, 26.0, 0.4375
surrogate, 70, 26.0, 0.4375
surrogate, 70, 26.0, 0.4375
surrogate, 70, 26.0, 0.4375
surrogate, 70, 26.0, 0.4375
surrogate, 70, 26.0, 0.4375
surrogate, 70, 25.0, 0.34375
surrogate, 70, 25.0, 0.34375
surrogate, 70, 25.0, 0.34375
surrogate, 70, 25.0, 0.34375
surrogate, 70, 25.0, 0.34375
surrogate, 70, 25.0, 0.34375
surrogate, 70, 25.0, 0.34375
surrogate, 70, 25.0, 0.34375
surrogate, 70, 25.0, 0.34375
surrogate, 70, 24.0, 0.3125
surrogate, 70, 24.0, 0.3125
surrogate, 70, 24.0, 0.3125
surrogate, 70, 24.0, 0.3125
surrogate, 70, 24.0, 0.3125
surrogate, 70, 24.0, 0.3125
surrogate, 70, 24.0, 0.3125
surrogate, 70, 24.0, 0.3125
surrogate, 70, 24.0, 0.3125
surrogate, 70, 24.0, 0.3125
surrogate, 70, 24.0, 0.3125
surrogate, 70, 24.0, 0.3125
surrogate, 70, 24.0, 0.3125
surrogate, 70, 24.0, 0.3125
surrogate, 70, 23.0, 0.25
surrogate, 70, 23.0, 0.25
surrogate, 70, 23.0, 0.25
surrogate, 70, 23.0, 0.25
surrogate, 70, 23.0, 0.25
surrogate, 70, 23.0, 0.25
surrogate, 70, 23.0, 0.25
surrogate, 70, 23.0, 0.25
surrogate, 70, 23.0, 0.25
surrogate, 70, 23.0, 0.25
surrogate, 70, 23.0, 0.25
surrogate, 70, 23.0, 0.25
surrogate, 70, 23.0, 0.25
surrogate, 70, 23.0, 0.25
surrogate, 70, 23.0, 0.25
surrogate, 70, 23.0, 0.25
surrogate, 70, 23.0, 0.25
surrogate, 70, 23.0, 0.25
surrogate, 70, 21.0, 0.15625
surrogate, 70, 21.0, 0.15625
surrogate, 70, 21.0, 0.15625
surrogate, 70, 21.0, 0.15625
surrogate, 70, 21.0, 0.15625
surrogate, 70, 21.0, 0.15625
surrogate, 70, 21.0, 0.15625
surrogate, 70, 21.0, 0.15625
surrogate, 70, 21.0, 0.15625
surrogate, 70, 21.0, 0.15625
surrogate, 70, 21.0, 0.15625
surrogate, 70, 21.0, 0.15625
surrogate, 70, 21.0, 0.15625
surrogate, 70, 21.0, 0.15625
surrogate, 70, 21.0, 0.15625
surrogate, 70, 21.0, 0.15625
surrogate, 70, 21.0, 0.15625
surrogate, 70, 21.0, 0.15625
surrogate, 70, 21.0, 0.15625
surrogate, 71, 33.0, 0.875
surrogate, 71, 33.0, 0.875
surrogate, 71, 33.0, 0.875
surrogate, 71, 33.0, 0.875
surrogate, 71, 33.0, 0.875
surrogate, 71, 33.0, 0.875
surrogate, 71, 33.0, 0.875
surrogate, 71, 29.0, 0.625
surrogate, 71, 29.0, 0.625
surrogate, 71, 26.0, 0.4375
surrogate, 71, 26.0, 0.4375
surrogate, 71, 26.0, 0.4375
surrogate, 71, 26.0, 0.4375
surrogate, 71, 26.0, 0.4375
surrogate, 71, 26.0, 0.4375
surrogate, 71, 26.0, 0.4375
surrogate, 71, 26.0, 0.4375
surrogate, 71, 26.0, 0.4375
surrogate, 71, 26.0, 0.4375
surrogate, 71, 26.0, 0.4375
surrogate, 71, 26.0, 0.4375
surrogate, 71, 26.0, 0.4375
surrogate, 71, 26.0, 0.4375
surrogate, 71, 26.0, 0.4375
surrogate, 71, 26.0, 0.4375
surrogate, 71, 25.0, 0.34375
surrogate, 71, 25.0, 0.34375
surrogate, 71, 25.0, 0.34375
surrogate, 71, 25.0, 0.34375
surrogate, 71, 25.0, 0.34375
surrogate, 71, 25.0, 0.34375
surrogate, 71, 25.0, 0.34375
surrogate, 71, 25.0, 0.34375
surrogate, 71, 25.0, 0.34375
surrogate, 71, 24.0, 0.3125
surrogate, 71, 24.0, 0.3125
surrogate, 71, 24.0, 0.3125
surrogate, 71, 24.0, 0.3125
surrogate, 71, 24.0, 0.3125
surrogate, 71, 24.0, 0.3125
surrogate, 71, 24.0, 0.3125
surrogate, 71, 24.0, 0.3125
surrogate, 71, 24.0, 0.3125
surrogate, 71, 24.0, 0.3125
surrogate, 71, 24.0, 0.3125
surrogate, 71, 24.0, 0.3125
surrogate, 71, 24.0, 0.3125
surrogate, 71, 24.0, 0.3125
surrogate, 71, 23.0, 0.25
surrogate, 71, 23.0, 0.25
surrogate, 71, 23.0, 0.25
surrogate, 71, 23.0, 0.25
surrogate, 71, 23.0, 0.25
surrogate, 71, 23.0, 0.25
surrogate, 71, 23.0, 0.25
surrogate, 71, 23.0, 0.25
surrogate, 71, 23.0, 0.25
surrogate, 71, 23.0, 0.25
surrogate, 71, 23.0, 0.25
surrogate, 71, 23.0, 0.25
surrogate, 71, 23.0, 0.25
surrogate, 71, 23.0, 0.25
surrogate, 71, 23.0, 0.25
surrogate, 71, 23.0, 0.25
surrogate, 71, 23.0, 0.25
surrogate, 71, 23.0, 0.25
surrogate, 71, 21.0, 0.15625
surrogate, 71, 21.0, 0.15625
surrogate, 71, 21.0, 0.15625
surrogate, 71, 21.0, 0.15625
surrogate, 71, 21.0, 0.15625
surrogate, 71, 21.0, 0.15625
surrogate, 71, 21.0, 0.15625
surrogate, 71, 21.0, 0.15625
surrogate, 71, 21.0, 0.15625
surrogate, 71, 21.0, 0.15625
surrogate, 71, 21.0, 0.15625
surrogate, 71, 21.0, 0.15625
surrogate, 71, 21.0, 0.15625
surrogate, 71, 21.0, 0.15625
surrogate, 71, 21.0, 0.15625
surrogate, 71, 21.0, 0.15625
surrogate, 71, 21.0, 0.15625
surrogate, 71, 21.0, 0.15625
surrogate, 71, 21.0, 0.15625
surrogate, 71, 21.0, 0.15625
surrogate, 72, 33.0, 0.875
surrogate, 72, 33.0, 0.875
surrogate, 72, 33.0, 0.875
surrogate, 72, 33.0, 0.875
surrogate, 72, 33.0, 0.875
surrogate, 72, 33.0, 0.875
surrogate, 72, 33.0, 0.875
surrogate, 72, 29.0, 0.625
surrogate, 72, 29.0, 0.625
surrogate, 72, 26.0, 0.4375
surrogate, 72, 26.0, 0.4375
surrogate, 72, 26.0, 0.4375
surrogate, 72, 26.0, 0.4375
surrogate, 72, 26.0, 0.4375
surrogate, 72, 26.0, 0.4375
surrogate, 72, 26.0, 0.4375
surrogate, 72, 26.0, 0.4375
surrogate, 72, 26.0, 0.4375
surrogate, 72, 26.0, 0.4375
surrogate, 72, 26.0, 0.4375
surrogate, 72, 26.0, 0.4375
surrogate, 72, 26.0, 0.4375
surrogate, 72, 26.0, 0.4375
surrogate, 72, 26.0, 0.4375
surrogate, 72, 26.0, 0.4375
surrogate, 72, 25.0, 0.34375
surrogate, 72, 25.0, 0.34375
surrogate, 72, 25.0, 0.34375
surrogate, 72, 25.0, 0.34375
surrogate, 72, 25.0, 0.34375
surrogate, 72, 25.0, 0.34375
surrogate, 72, 25.0, 0.34375
surrogate, 72, 25.0, 0.34375
surrogate, 72, 25.0, 0.34375
surrogate, 72, 24.0, 0.3125
surrogate, 72, 24.0, 0.3125
surrogate, 72, 24.0, 0.3125
surrogate, 72, 24.0, 0.3125
surrogate, 72, 24.0, 0.3125
surrogate, 72, 24.0, 0.3125
surrogate, 72, 24.0, 0.3125
surrogate, 72, 24.0, 0.3125
surrogate, 72, 24.0, 0.3125
surrogate, 72, 24.0, 0.3125
surrogate, 72, 24.0, 0.3125
surrogate, 72, 24.0, 0.3125
surrogate, 72, 24.0, 0.3125
surrogate, 72, 24.0, 0.3125
surrogate, 72, 24.0, 0.3125
surrogate, 72, 23.0, 0.25
surrogate, 72, 23.0, 0.25
surrogate, 72, 23.0, 0.25
surrogate, 72, 23.0, 0.25
surrogate, 72, 23.0, 0.25
surrogate, 72, 23.0, 0.25
surrogate, 72, 23.0, 0.25
surrogate, 72, 23.0, 0.25
surrogate, 72, 23.0, 0.25
surrogate, 72, 23.0, 0.25
surrogate, 72, 23.0, 0.25
surrogate, 72, 23.0, 0.25
surrogate, 72, 23.0, 0.25
surrogate, 72, 23.0, 0.25
surrogate, 72, 23.0, 0.25
surrogate, 72, 23.0, 0.25
surrogate, 72, 23.0, 0.25
surrogate, 72, 23.0, 0.25
surrogate, 72, 21.0, 0.15625
surrogate, 72, 21.0, 0.15625
surrogate, 72, 21.0, 0.15625
surrogate, 72, 21.0, 0.15625
surrogate, 72, 21.0, 0.15625
surrogate, 72, 21.0, 0.15625
surrogate, 72, 21.0, 0.15625
surrogate, 72, 21.0, 0.15625
surrogate, 72, 21.0, 0.15625
surrogate, 72, 21.0, 0.15625
surrogate, 72, 21.0, 0.15625
surrogate, 72, 21.0, 0.15625
surrogate, 72, 21.0, 0.15625
surrogate, 72, 21.0, 0.15625
surrogate, 72, 21.0, 0.15625
surrogate, 72, 21.0, 0.15625
surrogate, 72, 21.0, 0.15625
surrogate, 72, 21.0, 0.15625
surrogate, 72, 21.0, 0.15625
surrogate, 72, 21.0, 0.15625
surrogate, 72, 21.0, 0.15625
surrogate, 73, 33.0, 0.875
surrogate, 73, 33.0, 0.875
surrogate, 73, 33.0, 0.875
surrogate, 73, 33.0, 0.875
surrogate, 73, 33.0, 0.875
surrogate, 73, 33.0, 0.875
surrogate, 73, 33.0, 0.875
surrogate, 73, 29.0, 0.625
surrogate, 73, 29.0, 0.625
surrogate, 73, 26.0, 0.4375
surrogate, 73, 26.0, 0.4375
surrogate, 73, 26.0, 0.4375
surrogate, 73, 26.0, 0.4375
surrogate, 73, 26.0, 0.4375
surrogate, 73, 26.0, 0.4375
surrogate, 73, 26.0, 0.4375
surrogate, 73, 26.0, 0.4375
surrogate, 73, 26.0, 0.4375
surrogate, 73, 26.0, 0.4375
surrogate, 73, 26.0, 0.4375
surrogate, 73, 26.0, 0.4375
surrogate, 73, 26.0, 0.4375
surrogate, 73, 26.0, 0.4375
surrogate, 73, 26.0, 0.4375
surrogate, 73, 26.0, 0.4375
surrogate, 73, 25.0, 0.34375
surrogate, 73, 25.0, 0.34375
surrogate, 73, 25.0, 0.34375
surrogate, 73, 25.0, 0.34375
surrogate, 73, 25.0, 0.34375
surrogate, 73, 25.0, 0.34375
surrogate, 73, 25.0, 0.34375
surrogate, 73, 25.0, 0.34375
surrogate, 73, 25.0, 0.34375
surrogate, 73, 25.0, 0.34375
surrogate, 73, 24.0, 0.3125
surrogate, 73, 24.0, 0.3125
surrogate, 73, 24.0, 0.3125
surrogate, 73, 24.0, 0.3125
surrogate, 73, 24.0, 0.3125
surrogate, 73, 24.0, 0.3125
surrogate, 73, 24.0, 0.3125
surrogate, 73, 24.0, 0.3125
surrogate, 73, 24.0, 0.3125
surrogate, 73, 24.0, 0.3125
surrogate, 73, 24.0, 0.3125
surrogate, 73, 24.0, 0.3125
surrogate, 73, 24.0, 0.3125
surrogate, 73, 24.0, 0.3125
surrogate, 73, 24.0, 0.3125
surrogate, 73, 23.0, 0.25
surrogate, 73, 23.0, 0.25
surrogate, 73, 23.0, 0.25
surrogate, 73, 23.0, 0.25
surrogate, 73, 23.0, 0.25
surrogate, 73, 23.0, 0.25
surrogate, 73, 23.0, 0.25
surrogate, 73, 23.0, 0.25
surrogate, 73, 23.0, 0.25
surrogate, 73, 23.0, 0.25
surrogate, 73, 23.0, 0.25
surrogate, 73, 23.0, 0.25
surrogate, 73, 23.0, 0.25
surrogate, 73, 23.0, 0.25
surrogate, 73, 23.0, 0.25
surrogate, 73, 23.0, 0.25
surrogate, 73, 23.0, 0.25
surrogate, 73, 23.0, 0.25
surrogate, 73, 21.0, 0.15625
surrogate, 73, 21.0, 0.15625
surrogate, 73, 21.0, 0.15625
surrogate, 73, 21.0, 0.15625
surrogate, 73, 21.0, 0.15625
surrogate, 73, 21.0, 0.15625
surrogate, 73, 21.0, 0.15625
surrogate, 73, 21.0, 0.15625
surrogate, 73, 21.0, 0.15625
surrogate, 73, 21.0, 0.15625
surrogate, 73, 21.0, 0.15625
surrogate, 73, 21.0, 0.15625
surrogate, 73, 21.0, 0.15625
surrogate, 73, 21.0, 0.15625
surrogate, 73, 21.0, 0.15625
surrogate, 73, 21.0, 0.15625
surrogate, 73, 21.0, 0.15625
surrogate, 73, 21.0, 0.15625
surrogate, 73, 21.0, 0.15625
surrogate, 73, 21.0, 0.15625
surrogate, 73, 21.0, 0.15625
surrogate, 73, 21.0, 0.15625
surrogate, 74, 33.0, 0.875
surrogate, 74, 33.0, 0.875
surrogate, 74, 33.0, 0.875
surrogate, 74, 33.0, 0.875
surrogate, 74, 33.0, 0.875
surrogate, 74, 33.0, 0.875
surrogate, 74, 33.0, 0.875
surrogate, 74, 29.0, 0.625
surrogate, 74, 29.0, 0.625
surrogate, 74, 26.0, 0.4375
surrogate, 74, 26.0, 0.4375
surrogate, 74, 26.0, 0.4375
surrogate, 74, 26.0, 0.4375
surrogate, 74, 26.0, 0.4375
surrogate, 74, 26.0, 0.4375
surrogate, 74, 26.0, 0.4375
surrogate, 74, 26.0, 0.4375
surrogate, 74, 26.0, 0.4375
surrogate, 74, 26.0, 0.4375
surrogate, 74, 26.0, 0.4375
surrogate, 74, 26.0, 0.4375
surrogate, 74, 26.0, 0.4375
surrogate, 74, 26.0, 0.4375
surrogate, 74, 26.0, 0.4375
surrogate, 74, 26.0, 0.4375
surrogate, 74, 26.0, 0.4375
surrogate, 74, 25.0, 0.34375
surrogate, 74, 25.0, 0.34375
surrogate, 74, 25.0, 0.34375
surrogate, 74, 25.0, 0.34375
surrogate, 74, 25.0, 0.34375
surrogate, 74, 25.0, 0.34375
surrogate, 74, 25.0, 0.34375
surrogate, 74, 25.0, 0.34375
surrogate, 74, 25.0, 0.34375
surrogate, 74, 25.0, 0.34375
surrogate, 74, 25.0, 0.34375
surrogate, 74, 24.0, 0.3125
surrogate, 74, 24.0, 0.3125
surrogate, 74, 24.0, 0.3125
surrogate, 74, 24.0, 0.3125
surrogate, 74, 24.0, 0.3125
surrogate, 74, 24.0, 0.3125
surrogate, 74, 24.0, 0.3125
surrogate, 74, 24.0, 0.3125
surrogate, 74, 24.0, 0.3125
surrogate, 74, 24.0, 0.3125
surrogate, 74, 24.0, 0.3125
surrogate, 74, 24.0, 0.3125
surrogate, 74, 24.0, 0.3125
surrogate, 74, 24.0, 0.3125
surrogate, 74, 24.0, 0.3125
surrogate, 74, 23.0, 0.25
surrogate, 74, 23.0, 0.25
surrogate, 74, 23.0, 0.25
surrogate, 74, 23.0, 0.25
surrogate, 74, 23.0, 0.25
surrogate, 74, 23.0, 0.25
surrogate, 74, 23.0, 0.25
surrogate, 74, 23.0, 0.25
surrogate, 74, 23.0, 0.25
surrogate, 74, 23.0, 0.25
surrogate, 74, 23.0, 0.25
surrogate, 74, 23.0, 0.25
surrogate, 74, 23.0, 0.25
surrogate, 74, 23.0, 0.25
surrogate, 74, 23.0, 0.25
surrogate, 74, 23.0, 0.25
surrogate, 74, 23.0, 0.25
surrogate, 74, 23.0, 0.25
surrogate, 74, 23.0, 0.25
surrogate, 74, 21.0, 0.15625
surrogate, 74, 21.0, 0.15625
surrogate, 74, 21.0, 0.15625
surrogate, 74, 21.0, 0.15625
surrogate, 74, 21.0, 0.15625
surrogate, 74, 21.0, 0.15625
surrogate, 74, 21.0, 0.15625
surrogate, 74, 21.0, 0.15625
surrogate, 74, 21.0, 0.15625
surrogate, 74, 21.0, 0.15625
surrogate, 74, 21.0, 0.15625
surrogate, 74, 21.0, 0.15625
surrogate, 74, 21.0, 0.15625
surrogate, 74, 21.0, 0.15625
surrogate, 74, 21.0, 0.15625
surrogate, 74, 21.0, 0.15625
surrogate, 74, 21.0, 0.15625
surrogate, 74, 21.0, 0.15625
surrogate, 74, 21.0, 0.15625
surrogate, 74, 21.0, 0.15625
surrogate, 74, 21.0, 0.15625
surrogate, 74, 21.0, 0.15625
surrogate, 75, 33.0, 0.875
surrogate, 75, 33.0, 0.875
surrogate, 75, 33.0, 0.875
surrogate, 75, 33.0, 0.875
surrogate, 75, 33.0, 0.875
surrogate, 75, 33.0, 0.875
surrogate, 75, 33.0, 0.875
surrogate, 75, 29.0, 0.625
surrogate, 75, 29.0, 0.625
surrogate, 75, 26.0, 0.4375
surrogate, 75, 26.0, 0.4375
surrogate, 75, 26.0, 0.4375
surrogate, 75, 26.0, 0.4375
surrogate, 75, 26.0, 0.4375
surrogate, 75, 26.0, 0.4375
surrogate, 75, 26.0, 0.4375
surrogate, 75, 26.0, 0.4375
surrogate, 75, 26.0, 0.4375
surrogate, 75, 26.0, 0.4375
surrogate, 75, 26.0, 0.4375
surrogate, 75, 26.0, 0.4375
surrogate, 75, 26.0, 0.4375
surrogate, 75, 26.0, 0.4375
surrogate, 75, 26.0, 0.4375
surrogate, 75, 26.0, 0.4375
surrogate, 75, 26.0, 0.4375
surrogate, 75, 24.0, 0.34375
surrogate, 75, 23.0, 0.25
surrogate, 75, 23.0, 0.25
surrogate, 75, 23.0, 0.25
surrogate, 75, 23.0, 0.25
surrogate, 75, 23.0, 0.25
surrogate, 75, 23.0, 0.25
surrogate, 75, 23.0, 0.25
surrogate, 75, 23.0, 0.25
surrogate, 75, 23.0, 0.25
surrogate, 75, 23.0, 0.25
surrogate, 75, 23.0, 0.25
surrogate, 75, 23.0, 0.25
surrogate, 75, 23.0, 0.25
surrogate, 75, 23.0, 0.25
surrogate, 75, 23.0, 0.25
surrogate, 75, 23.0, 0.25
surrogate, 75, 23.0, 0.25
surrogate, 75, 23.0, 0.25
surrogate, 75, 23.0, 0.25
surrogate, 75, 21.0, 0.15625
surrogate, 75, 21.0, 0.15625
surrogate, 75, 21.0, 0.15625
surrogate, 75, 21.0, 0.15625
surrogate, 75, 21.0, 0.15625
surrogate, 75, 21.0, 0.15625
surrogate, 75, 21.0, 0.15625
surrogate, 75, 21.0, 0.15625
surrogate, 75, 21.0, 0.15625
surrogate, 75, 21.0, 0.15625
surrogate, 75, 21.0, 0.15625
surrogate, 75, 21.0, 0.15625
surrogate, 75, 21.0, 0.15625
surrogate, 75, 21.0, 0.15625
surrogate, 75, 21.0, 0.15625
surrogate, 75, 21.0, 0.15625
surrogate, 75, 21.0, 0.15625
surrogate, 75, 21.0, 0.15625
surrogate, 75, 21.0, 0.15625
surrogate, 75, 21.0, 0.15625
surrogate, 75, 21.0, 0.15625
surrogate, 75, 21.0, 0.15625
surrogate, 75, 21.0, 0.15625
surrogate, 76, 33.0, 0.875
surrogate, 76, 33.0, 0.875
surrogate, 76, 33.0, 0.875
surrogate, 76, 33.0, 0.875
surrogate, 76, 33.0, 0.875
surrogate, 76, 33.0, 0.875
surrogate, 76, 33.0, 0.875
surrogate, 76, 29.0, 0.625
surrogate, 76, 29.0, 0.625
surrogate, 76, 26.0, 0.4375
surrogate, 76, 26.0, 0.4375
surrogate, 76, 26.0, 0.4375
surrogate, 76, 26.0, 0.4375
surrogate, 76, 26.0, 0.4375
surrogate, 76, 26.0, 0.4375
surrogate, 76, 26.0, 0.4375
surrogate, 76, 26.0, 0.4375
surrogate, 76, 26.0, 0.4375
surrogate, 76, 26.0, 0.4375
surrogate, 76, 26.0, 0.4375
surrogate, 76, 26.0, 0.4375
surrogate, 76, 26.0, 0.4375
surrogate, 76, 26.0, 0.4375
surrogate, 76, 26.0, 0.4375
surrogate, 76, 26.0, 0.4375
surrogate, 76, 26.0, 0.4375
surrogate, 76, 26.0, 0.4375
surrogate, 76, 24.0, 0.34375
surrogate, 76, 24.0, 0.34375
surrogate, 76, 23.0, 0.25
surrogate, 76, 23.0, 0.25
surrogate, 76, 23.0, 0.25
surrogate, 76, 23.0, 0.25
surrogate, 76, 23.0, 0.25
surrogate, 76, 23.0, 0.25
surrogate, 76, 23.0, 0.25
surrogate, 76, 23.0, 0.25
surrogate, 76, 23.0, 0.25
surrogate, 76, 23.0, 0.25
surrogate, 76, 23.0, 0.25
surrogate, 76, 23.0, 0.25
surrogate, 76, 23.0, 0.25
surrogate, 76, 23.0, 0.25
surrogate, 76, 23.0, 0.25
surrogate, 76, 23.0, 0.25
surrogate, 76, 23.0, 0.25
surrogate, 76, 23.0, 0.25
surrogate, 76, 23.0, 0.25
surrogate, 76, 21.0, 0.15625
surrogate, 76, 21.0, 0.15625
surrogate, 76, 21.0, 0.15625
surrogate, 76, 21.0, 0.15625
surrogate, 76, 21.0, 0.15625
surrogate, 76, 21.0, 0.15625
surrogate, 76, 21.0, 0.15625
surrogate, 76, 21.0, 0.15625
surrogate, 76, 21.0, 0.15625
surrogate, 76, 21.0, 0.15625
surrogate, 76, 21.0, 0.15625
surrogate, 76, 21.0, 0.15625
surrogate, 76, 21.0, 0.15625
surrogate, 76, 21.0, 0.15625
surrogate, 76, 21.0, 0.15625
surrogate, 76, 21.0, 0.15625
surrogate, 76, 21.0, 0.15625
surrogate, 76, 21.0, 0.15625
surrogate, 76, 21.0, 0.15625
surrogate, 76, 21.0, 0.15625
surrogate, 76, 21.0, 0.15625
surrogate, 76, 21.0, 0.15625
surrogate, 76, 21.0, 0.15625
surrogate, 77, 33.0, 0.875
surrogate, 77, 33.0, 0.875
surrogate, 77, 33.0, 0.875
surrogate, 77, 33.0, 0.875
surrogate, 77, 33.0, 0.875
surrogate, 77, 33.0, 0.875
surrogate, 77, 33.0, 0.875
surrogate, 77, 29.0, 0.625
surrogate, 77, 29.0, 0.625
surrogate, 77, 26.0, 0.4375
surrogate, 77, 26.0, 0.4375
surrogate, 77, 26.0, 0.4375
surrogate, 77, 26.0, 0.4375
surrogate, 77, 26.0, 0.4375
surrogate, 77, 26.0, 0.4375
surrogate, 77, 26.0, 0.4375
surrogate, 77, 26.0, 0.4375
surrogate, 77, 26.0, 0.4375
surrogate, 77, 26.0, 0.4375
surrogate, 77, 26.0, 0.4375
surrogate, 77, 26.0, 0.4375
surrogate, 77, 26.0, 0.4375
surrogate, 77, 26.0, 0.4375
surrogate, 77, 26.0, 0.4375
surrogate, 77, 26.0, 0.4375
surrogate, 77, 26.0, 0.4375
surrogate, 77, 26.0, 0.4375
surrogate, 77, 24.0, 0.34375
surrogate, 77, 24.0, 0.34375
surrogate, 77, 23.0, 0.25
surrogate, 77, 23.0, 0.25
surrogate, 77, 23.0, 0.25
surrogate, 77, 23.0, 0.25
surrogate, 77, 23.0, 0.25
surrogate, 77, 23.0, 0.25
surrogate, 77, 23.0, 0.25
surrogate, 77, 23.0, 0.25
surrogate, 77, 23.0, 0.25
surrogate, 77, 23.0, 0.25
surrogate, 77, 23.0, 0.25
surrogate, 77, 23.0, 0.25
surrogate, 77, 23.0, 0.25
surrogate, 77, 23.0, 0.25
surrogate, 77, 23.0, 0.25
surrogate, 77, 23.0, 0.25
surrogate, 77, 23.0, 0.25
surrogate, 77, 23.0, 0.25
surrogate, 77, 23.0, 0.25
surrogate, 77, 21.0, 0.15625
surrogate, 77, 21.0, 0.15625
surrogate, 77, 21.0, 0.15625
surrogate, 77, 21.0, 0.15625
surrogate, 77, 21.0, 0.15625
surrogate, 77, 21.0, 0.15625
surrogate, 77, 21.0, 0.15625
surrogate, 77, 21.0, 0.15625
surrogate, 77, 21.0, 0.15625
surrogate, 77, 21.0, 0.15625
surrogate, 77, 21.0, 0.15625
surrogate, 77, 21.0, 0.15625
surrogate, 77, 21.0, 0.15625
surrogate, 77, 21.0, 0.15625
surrogate, 77, 21.0, 0.15625
surrogate, 77, 21.0, 0.15625
surrogate, 77, 21.0, 0.15625
surrogate, 77, 21.0, 0.15625
surrogate, 77, 21.0, 0.15625
surrogate, 77, 21.0, 0.15625
surrogate, 77, 21.0, 0.15625
surrogate, 77, 21.0, 0.15625
surrogate, 77, 21.0, 0.15625
surrogate, 78, 33.0, 0.875
surrogate, 78, 33.0, 0.875
surrogate, 78, 33.0, 0.875
surrogate, 78, 33.0, 0.875
surrogate, 78, 33.0, 0.875
surrogate, 78, 33.0, 0.875
surrogate, 78, 33.0, 0.875
surrogate, 78, 29.0, 0.625
surrogate, 78, 29.0, 0.625
surrogate, 78, 26.0, 0.4375
surrogate, 78, 26.0, 0.4375
surrogate, 78, 26.0, 0.4375
surrogate, 78, 26.0, 0.4375
surrogate, 78, 26.0, 0.4375
surrogate, 78, 26.0, 0.4375
surrogate, 78, 26.0, 0.4375
surrogate, 78, 26.0, 0.4375
surrogate, 78, 26.0, 0.4375
surrogate, 78, 26.0, 0.4375
surrogate, 78, 26.0, 0.4375
surrogate, 78, 26.0, 0.4375
surrogate, 78, 26.0, 0.4375
surrogate, 78, 26.0, 0.4375
surrogate, 78, 26.0, 0.4375
surrogate, 78, 26.0, 0.4375
surrogate, 78, 26.0, 0.4375
surrogate, 78, 26.0, 0.4375
surrogate, 78, 24.0, 0.34375
surrogate, 78, 24.0, 0.34375
surrogate, 78, 23.0, 0.25
surrogate, 78, 23.0, 0.25
surrogate, 78, 23.0, 0.25
surrogate, 78, 23.0, 0.25
surrogate, 78, 23.0, 0.25
surrogate, 78, 23.0, 0.25
surrogate, 78, 23.0, 0.25
surrogate, 78, 23.0, 0.25
surrogate, 78, 23.0, 0.25
surrogate, 78, 23.0, 0.25
surrogate, 78, 23.0, 0.25
surrogate, 78, 23.0, 0.25
surrogate, 78, 23.0, 0.25
surrogate, 78, 23.0, 0.25
surrogate, 78, 23.0, 0.25
surrogate, 78, 23.0, 0.25
surrogate, 78, 23.0, 0.25
surrogate, 78, 23.0, 0.25
surrogate, 78, 23.0, 0.25
surrogate, 78, 21.0, 0.15625
surrogate, 78, 21.0, 0.15625
surrogate, 78, 21.0, 0.15625
surrogate, 78, 21.0, 0.15625
surrogate, 78, 21.0, 0.15625
surrogate, 78, 21.0, 0.15625
surrogate, 78, 21.0, 0.15625
surrogate, 78, 21.0, 0.15625
surrogate, 78, 21.0, 0.15625
surrogate, 78, 21.0, 0.15625
surrogate, 78, 21.0, 0.15625
surrogate, 78, 21.0, 0.15625
surrogate, 78, 21.0, 0.15625
surrogate, 78, 21.0, 0.15625
surrogate, 78, 21.0, 0.15625
surrogate, 78, 21.0, 0.15625
surrogate, 78, 21.0, 0.15625
surrogate, 78, 21.0, 0.15625
surrogate, 78, 21.0, 0.15625
surrogate, 78, 21.0, 0.15625
surrogate, 78, 21.0, 0.15625
surrogate, 78, 21.0, 0.15625
surrogate, 78, 21.0, 0.15625
surrogate, 79, 33.0, 0.875
surrogate, 79, 33.0, 0.875
surrogate, 79, 33.0, 0.875
surrogate, 79, 33.0, 0.875
surrogate, 79, 33.0, 0.875
surrogate, 79, 33.0, 0.875
surrogate, 79, 33.0, 0.875
surrogate, 79, 29.0, 0.625
surrogate, 79, 29.0, 0.625
surrogate, 79, 26.0, 0.4375
surrogate, 79, 26.0, 0.4375
surrogate, 79, 26.0, 0.4375
surrogate, 79, 26.0, 0.4375
surrogate, 79, 26.0, 0.4375
surrogate, 79, 26.0, 0.4375
surrogate, 79, 26.0, 0.4375
surrogate, 79, 26.0, 0.4375
surrogate, 79, 26.0, 0.4375
surrogate, 79, 26.0, 0.4375
surrogate, 79, 26.0, 0.4375
surrogate, 79, 26.0, 0.4375
surrogate, 79, 26.0, 0.4375
surrogate, 79, 26.0, 0.4375
surrogate, 79, 26.0, 0.4375
surrogate, 79, 26.0, 0.4375
surrogate, 79, 26.0, 0.4375
surrogate, 79, 26.0, 0.4375
surrogate, 79, 24.0, 0.34375
surrogate, 79, 24.0, 0.34375
surrogate, 79, 24.0, 0.34375
surrogate, 79, 23.0, 0.25
surrogate, 79, 23.0, 0.25
surrogate, 79, 23.0, 0.25
surrogate, 79, 23.0, 0.25
surrogate, 79, 23.0, 0.25
surrogate, 79, 23.0, 0.25
surrogate, 79, 23.0, 0.25
surrogate, 79, 23.0, 0.25
surrogate, 79, 23.0, 0.25
surrogate, 79, 23.0, 0.25
surrogate, 79, 23.0, 0.25
surrogate, 79, 23.0, 0.25
surrogate, 79, 23.0, 0.25
surrogate, 79, 23.0, 0.25
surrogate, 79, 23.0, 0.25
surrogate, 79, 23.0, 0.25
surrogate, 79, 23.0, 0.25
surrogate, 79, 23.0, 0.25
surrogate, 79, 23.0, 0.25
surrogate, 79, 21.0, 0.15625
surrogate, 79, 21.0, 0.15625
surrogate, 79, 21.0, 0.15625
surrogate, 79, 21.0, 0.15625
surrogate, 79, 21.0, 0.15625
surrogate, 79, 21.0, 0.15625
surrogate, 79, 21.0, 0.15625
surrogate, 79, 21.0, 0.15625
surrogate, 79, 21.0, 0.15625
surrogate, 79, 21.0, 0.15625
surrogate, 79, 21.0, 0.15625
surrogate, 79, 21.0, 0.15625
surrogate, 79, 21.0, 0.15625
surrogate, 79, 21.0, 0.15625
surrogate, 79, 21.0, 0.15625
surrogate, 79, 21.0, 0.15625
surrogate, 79, 21.0, 0.15625
surrogate, 79, 21.0, 0.15625
surrogate, 79, 21.0, 0.15625
surrogate, 79, 21.0, 0.15625
surrogate, 79, 21.0, 0.15625
surrogate, 79, 21.0, 0.15625
surrogate, 79, 21.0, 0.15625
surrogate, 80, 33.0, 0.875
surrogate, 80, 33.0, 0.875
surrogate, 80, 33.0, 0.875
surrogate, 80, 33.0, 0.875
surrogate, 80, 33.0, 0.875
surrogate, 80, 33.0, 0.875
surrogate, 80, 33.0, 0.875
surrogate, 80, 29.0, 0.625
surrogate, 80, 29.0, 0.625
surrogate, 80, 26.0, 0.4375
surrogate, 80, 26.0, 0.4375
surrogate, 80, 26.0, 0.4375
surrogate, 80, 26.0, 0.4375
surrogate, 80, 26.0, 0.4375
surrogate, 80, 26.0, 0.4375
surrogate, 80, 26.0, 0.4375
surrogate, 80, 26.0, 0.4375
surrogate, 80, 26.0, 0.4375
surrogate, 80, 26.0, 0.4375
surrogate, 80, 26.0, 0.4375
surrogate, 80, 26.0, 0.4375
surrogate, 80, 26.0, 0.4375
surrogate, 80, 26.0, 0.4375
surrogate, 80, 26.0, 0.4375
surrogate, 80, 26.0, 0.4375
surrogate, 80, 26.0, 0.4375
surrogate, 80, 26.0, 0.4375
surrogate, 80, 24.0, 0.34375
surrogate, 80, 24.0, 0.34375
surrogate, 80, 24.0, 0.34375
surrogate, 80, 23.0, 0.25
surrogate, 80, 23.0, 0.25
surrogate, 80, 23.0, 0.25
surrogate, 80, 23.0, 0.25
surrogate, 80, 23.0, 0.25
surrogate, 80, 23.0, 0.25
surrogate, 80, 23.0, 0.25
surrogate, 80, 23.0, 0.25
surrogate, 80, 23.0, 0.25
surrogate, 80, 23.0, 0.25
surrogate, 80, 23.0, 0.25
surrogate, 80, 23.0, 0.25
surrogate, 80, 23.0, 0.25
surrogate, 80, 23.0, 0.25
surrogate, 80, 23.0, 0.25
surrogate, 80, 23.0, 0.25
surrogate, 80, 23.0, 0.25
surrogate, 80, 23.0, 0.25
surrogate, 80, 23.0, 0.25
surrogate, 80, 21.0, 0.15625
surrogate, 80, 21.0, 0.15625
surrogate, 80, 21.0, 0.15625
surrogate, 80, 21.0, 0.15625
surrogate, 80, 21.0, 0.15625
surrogate, 80, 21.0, 0.15625
surrogate, 80, 21.0, 0.15625
surrogate, 80, 21.0, 0.15625
surrogate, 80, 21.0, 0.15625
surrogate, 80, 21.0, 0.15625
surrogate, 80, 21.0, 0.15625
surrogate, 80, 21.0, 0.15625
surrogate, 80, 21.0, 0.15625
surrogate, 80, 21.0, 0.15625
surrogate, 80, 21.0, 0.15625
surrogate, 80, 21.0, 0.15625
surrogate, 80, 21.0, 0.15625
surrogate, 80, 21.0, 0.15625
surrogate, 80, 21.0, 0.15625
surrogate, 80, 21.0, 0.15625
surrogate, 80, 21.0, 0.15625
surrogate, 80, 21.0, 0.15625
surrogate, 80, 21.0, 0.15625
surrogate, 81, 33.0, 0.875
surrogate, 81, 33.0, 0.875
surrogate, 81, 33.0, 0.875
surrogate, 81, 33.0, 0.875
surrogate, 81, 33.0, 0.875
surrogate, 81, 33.0, 0.875
surrogate, 81, 33.0, 0.875
surrogate, 81, 29.0, 0.625
surrogate, 81, 29.0, 0.625
surrogate, 81, 26.0, 0.4375
surrogate, 81, 26.0, 0.4375
surrogate, 81, 26.0, 0.4375
surrogate, 81, 26.0, 0.4375
surrogate, 81, 26.0, 0.4375
surrogate, 81, 26.0, 0.4375
surrogate, 81, 26.0, 0.4375
surrogate, 81, 26.0, 0.4375
surrogate, 81, 26.0, 0.4375
surrogate, 81, 26.0, 0.4375
surrogate, 81, 26.0, 0.4375
surrogate, 81, 26.0, 0.4375
surrogate, 81, 26.0, 0.4375
surrogate, 81, 26.0, 0.4375
surrogate, 81, 26.0, 0.4375
surrogate, 81, 26.0, 0.4375
surrogate, 81, 26.0, 0.4375
surrogate, 81, 26.0, 0.4375
surrogate, 81, 24.0, 0.34375
surrogate, 81, 24.0, 0.34375
surrogate, 81, 24.0, 0.34375
surrogate, 81, 24.0, 0.34375
surrogate, 81, 23.0, 0.25
surrogate, 81, 23.0, 0.25
surrogate, 81, 23.0, 0.25
surrogate, 81, 23.0, 0.25
surrogate, 81, 23.0, 0.25
surrogate, 81, 23.0, 0.25
surrogate, 81, 23.0, 0.25
surrogate, 81, 23.0, 0.25
surrogate, 81, 23.0, 0.25
surrogate, 81, 23.0, 0.25
surrogate, 81, 23.0, 0.25
surrogate, 81, 23.0, 0.25
surrogate, 81, 23.0, 0.25
surrogate, 81, 23.0, 0.25
surrogate, 81, 23.0, 0.25
surrogate, 81, 23.0, 0.25
surrogate, 81, 23.0, 0.25
surrogate, 81, 23.0, 0.25
surrogate, 81, 23.0, 0.25
surrogate, 81, 21.0, 0.15625
surrogate, 81, 21.0, 0.15625
surrogate, 81, 21.0, 0.15625
surrogate, 81, 21.0, 0.15625
surrogate, 81, 21.0, 0.15625
surrogate, 81, 21.0, 0.15625
surrogate, 81, 21.0, 0.15625
surrogate, 81, 21.0, 0.15625
surrogate, 81, 21.0, 0.15625
surrogate, 81, 21.0, 0.15625
surrogate, 81, 21.0, 0.15625
surrogate, 81, 21.0, 0.15625
surrogate, 81, 21.0, 0.15625
surrogate, 81, 21.0, 0.15625
surrogate, 81, 21.0, 0.15625
surrogate, 81, 21.0, 0.15625
surrogate, 81, 21.0, 0.15625
surrogate, 81, 21.0, 0.15625
surrogate, 81, 21.0, 0.15625
surrogate, 81, 21.0, 0.15625
surrogate, 81, 21.0, 0.15625
surrogate, 81, 21.0, 0.15625
surrogate, 81, 21.0, 0.15625
surrogate, 82, 33.0, 0.875
surrogate, 82, 33.0, 0.875
surrogate, 82, 33.0, 0.875
surrogate, 82, 33.0, 0.875
surrogate, 82, 33.0, 0.875
surrogate, 82, 33.0, 0.875
surrogate, 82, 33.0, 0.875
surrogate, 82, 33.0, 0.875
surrogate, 82, 29.0, 0.625
surrogate, 82, 29.0, 0.625
surrogate, 82, 26.0, 0.4375
surrogate, 82, 26.0, 0.4375
surrogate, 82, 26.0, 0.4375
surrogate, 82, 26.0, 0.4375
surrogate, 82, 26.0, 0.4375
surrogate, 82, 26.0, 0.4375
surrogate, 82, 26.0, 0.4375
surrogate, 82, 26.0, 0.4375
surrogate, 82, 26.0, 0.4375
surrogate, 82, 26.0, 0.4375
surrogate, 82, 26.0, 0.4375
surrogate, 82, 26.0, 0.4375
surrogate, 82, 26.0, 0.4375
surrogate, 82, 26.0, 0.4375
surrogate, 82, 26.0, 0.4375
surrogate, 82, 26.0, 0.4375
surrogate, 82, 26.0, 0.4375
surrogate, 82, 26.0, 0.4375
surrogate, 82, 24.0, 0.34375
surrogate, 82, 24.0, 0.34375
surrogate, 82, 24.0, 0.34375
surrogate, 82, 24.0, 0.34375
surrogate, 82, 23.0, 0.25
surrogate, 82, 23.0, 0.25
surrogate, 82, 23.0, 0.25
surrogate, 82, 23.0, 0.25
surrogate, 82, 23.0, 0.25
surrogate, 82, 23.0, 0.25
surrogate, 82, 23.0, 0.25
surrogate, 82, 23.0, 0.25
surrogate, 82, 23.0, 0.25
surrogate, 82, 23.0, 0.25
surrogate, 82, 23.0, 0.25
surrogate, 82, 23.0, 0.25
surrogate, 82, 23.0, 0.25
surrogate, 82, 23.0, 0.25
surrogate, 82, 23.0, 0.25
surrogate, 82, 23.0, 0.25
surrogate, 82, 23.0, 0.25
surrogate, 82, 23.0, 0.25
surrogate, 82, 23.0, 0.25
surrogate, 82, 21.0, 0.15625
surrogate, 82, 21.0, 0.15625
surrogate, 82, 21.0, 0.15625
surrogate, 82, 21.0, 0.15625
surrogate, 82, 21.0, 0.15625
surrogate, 82, 21.0, 0.15625
surrogate, 82, 21.0, 0.15625
surrogate, 82, 21.0, 0.15625
surrogate, 82, 21.0, 0.15625
surrogate, 82, 21.0, 0.15625
surrogate, 82, 21.0, 0.15625
surrogate, 82, 21.0, 0.15625
surrogate, 82, 21.0, 0.15625
surrogate, 82, 21.0, 0.15625
surrogate, 82, 21.0, 0.15625
surrogate, 82, 21.0, 0.15625
surrogate, 82, 21.0, 0.15625
surrogate, 82, 21.0, 0.15625
surrogate, 82, 21.0, 0.15625
surrogate, 82, 21.0, 0.15625
surrogate, 82, 21.0, 0.15625
surrogate, 82, 21.0, 0.15625
surrogate, 82, 21.0, 0.15625
surrogate, 83, 33.0, 0.875
surrogate, 83, 33.0, 0.875
surrogate, 83, 33.0, 0.875
surrogate, 83, 33.0, 0.875
surrogate, 83, 33.0, 0.875
surrogate, 83, 33.0, 0.875
surrogate, 83, 33.0, 0.875
surrogate, 83, 33.0, 0.875
surrogate, 83, 29.0, 0.625
surrogate, 83, 29.0, 0.625
surrogate, 83, 26.0, 0.4375
surrogate, 83, 26.0, 0.4375
surrogate, 83, 26.0, 0.4375
surrogate, 83, 26.0, 0.4375
surrogate, 83, 26.0, 0.4375
surrogate, 83, 26.0, 0.4375
surrogate, 83, 26.0, 0.4375
surrogate, 83, 26.0, 0.4375
surrogate, 83, 26.0, 0.4375
surrogate, 83, 26.0, 0.4375
surrogate, 83, 26.0, 0.4375
surrogate, 83, 26.0, 0.4375
surrogate, 83, 26.0, 0.4375
surrogate, 83, 26.0, 0.4375
surrogate, 83, 26.0, 0.4375
surrogate, 83, 26.0, 0.4375
surrogate, 83, 26.0, 0.4375
surrogate, 83, 26.0, 0.4375
surrogate, 83, 26.0, 0.4375
surrogate, 83, 24.0, 0.34375
surrogate, 83, 24.0, 0.34375
surrogate, 83, 24.0, 0.34375
surrogate, 83, 24.0, 0.34375
surrogate, 83, 23.0, 0.25
surrogate, 83, 23.0, 0.25
surrogate, 83, 23.0, 0.25
surrogate, 83, 23.0, 0.25
surrogate, 83, 23.0, 0.25
surrogate, 83, 23.0, 0.25
surrogate, 83, 23.0, 0.25
surrogate, 83, 23.0, 0.25
surrogate, 83, 23.0, 0.25
surrogate, 83, 23.0, 0.25
surrogate, 83, 23.0, 0.25
surrogate, 83, 23.0, 0.25
surrogate, 83, 23.0, 0.25
surrogate, 83, 23.0, 0.25
surrogate, 83, 23.0, 0.25
surrogate, 83, 23.0, 0.25
surrogate, 83, 23.0, 0.25
surrogate, 83, 23.0, 0.25
surrogate, 83, 23.0, 0.25
surrogate, 83, 21.0, 0.15625
surrogate, 83, 21.0, 0.15625
surrogate, 83, 21.0, 0.15625
surrogate, 83, 21.0, 0.15625
surrogate, 83, 21.0, 0.15625
surrogate, 83, 21.0, 0.15625
surrogate, 83, 21.0, 0.15625
surrogate, 83, 21.0, 0.15625
surrogate, 83, 21.0, 0.15625
surrogate, 83, 21.0, 0.15625
surrogate, 83, 21.0, 0.15625
surrogate, 83, 21.0, 0.15625
surrogate, 83, 21.0, 0.15625
surrogate, 83, 21.0, 0.15625
surrogate, 83, 21.0, 0.15625
surrogate, 83, 21.0, 0.15625
surrogate, 83, 21.0, 0.15625
surrogate, 83, 21.0, 0.15625
surrogate, 83, 21.0, 0.15625
surrogate, 83, 21.0, 0.15625
surrogate, 83, 21.0, 0.15625
surrogate, 83, 21.0, 0.15625
surrogate, 83, 21.0, 0.15625
surrogate, 83, 21.0, 0.15625
surrogate, 84, 33.0, 0.875
surrogate, 84, 33.0, 0.875
surrogate, 84, 33.0, 0.875
surrogate, 84, 33.0, 0.875
surrogate, 84, 33.0, 0.875
surrogate, 84, 33.0, 0.875
surrogate, 84, 33.0, 0.875
surrogate, 84, 33.0, 0.875
surrogate, 84, 29.0, 0.625
surrogate, 84, 29.0, 0.625
surrogate, 84, 26.0, 0.4375
surrogate, 84, 26.0, 0.4375
surrogate, 84, 26.0, 0.4375
surrogate, 84, 26.0, 0.4375
surrogate, 84, 26.0, 0.4375
surrogate, 84, 26.0, 0.4375
surrogate, 84, 26.0, 0.4375
surrogate, 84, 26.0, 0.4375
surrogate, 84, 26.0, 0.4375
surrogate, 84, 26.0, 0.4375
surrogate, 84, 26.0, 0.4375
surrogate, 84, 26.0, 0.4375
surrogate, 84, 26.0, 0.4375
surrogate, 84, 26.0, 0.4375
surrogate, 84, 26.0, 0.4375
surrogate, 84, 26.0, 0.4375
surrogate, 84, 26.0, 0.4375
surrogate, 84, 26.0, 0.4375
surrogate, 84, 26.0, 0.4375
surrogate, 84, 26.0, 0.4375
surrogate, 84, 24.0, 0.34375
surrogate, 84, 24.0, 0.34375
surrogate, 84, 24.0, 0.34375
surrogate, 84, 24.0, 0.34375
surrogate, 84, 23.0, 0.25
surrogate, 84, 23.0, 0.25
surrogate, 84, 23.0, 0.25
surrogate, 84, 23.0, 0.25
surrogate, 84, 23.0, 0.25
surrogate, 84, 23.0, 0.25
surrogate, 84, 23.0, 0.25
surrogate, 84, 23.0, 0.25
surrogate, 84, 23.0, 0.25
surrogate, 84, 23.0, 0.25
surrogate, 84, 23.0, 0.25
surrogate, 84, 23.0, 0.25
surrogate, 84, 23.0, 0.25
surrogate, 84, 23.0, 0.25
surrogate, 84, 23.0, 0.25
surrogate, 84, 23.0, 0.25
surrogate, 84, 23.0, 0.25
surrogate, 84, 23.0, 0.25
surrogate, 84, 23.0, 0.25
surrogate, 84, 21.0, 0.15625
surrogate, 84, 21.0, 0.15625
surrogate, 84, 21.0, 0.15625
surrogate, 84, 21.0, 0.15625
surrogate, 84, 21.0, 0.15625
surrogate, 84, 21.0, 0.15625
surrogate, 84, 21.0, 0.15625
surrogate, 84, 21.0, 0.15625
surrogate, 84, 21.0, 0.15625
surrogate, 84, 21.0, 0.15625
surrogate, 84, 21.0, 0.15625
surrogate, 84, 21.0, 0.15625
surrogate, 84, 21.0, 0.15625
surrogate, 84, 21.0, 0.15625
surrogate, 84, 21.0, 0.15625
surrogate, 84, 21.0, 0.15625
surrogate, 84, 21.0, 0.15625
surrogate, 84, 21.0, 0.15625
surrogate, 84, 21.0, 0.15625
surrogate, 84, 21.0, 0.15625
surrogate, 84, 21.0, 0.15625
surrogate, 84, 21.0, 0.15625
surrogate, 84, 21.0, 0.15625
surrogate, 84, 21.0, 0.15625
surrogate, 85, 33.0, 0.875
surrogate, 85, 33.0, 0.875
surrogate, 85, 33.0, 0.875
surrogate, 85, 33.0, 0.875
surrogate, 85, 33.0, 0.875
surrogate, 85, 33.0, 0.875
surrogate, 85, 33.0, 0.875
surrogate, 85, 33.0, 0.875
surrogate, 85, 29.0, 0.625
surrogate, 85, 29.0, 0.625
surrogate, 85, 26.0, 0.4375
surrogate, 85, 26.0, 0.4375
surrogate, 85, 26.0, 0.4375
surrogate, 85, 26.0, 0.4375
surrogate, 85, 26.0, 0.4375
surrogate, 85, 26.0, 0.4375
surrogate, 85, 26.0, 0.4375
surrogate, 85, 26.0, 0.4375
surrogate, 85, 26.0, 0.4375
surrogate, 85, 26.0, 0.4375
surrogate, 85, 26.0, 0.4375
surrogate, 85, 26.0, 0.4375
surrogate, 85, 26.0, 0.4375
surrogate, 85, 26.0, 0.4375
surrogate, 85, 26.0, 0.4375
surrogate, 85, 26.0, 0.4375
surrogate, 85, 26.0, 0.4375
surrogate, 85, 26.0, 0.4375
surrogate, 85, 26.0, 0.4375
surrogate, 85, 26.0, 0.4375
surrogate, 85, 26.0, 0.4375
surrogate, 85, 24.0, 0.34375
surrogate, 85, 24.0, 0.34375
surrogate, 85, 24.0, 0.34375
surrogate, 85, 24.0, 0.34375
surrogate, 85, 24.0, 0.34375
surrogate, 85, 23.0, 0.25
surrogate, 85, 23.0, 0.25
surrogate, 85, 23.0, 0.25
surrogate, 85, 23.0, 0.25
surrogate, 85, 23.0, 0.25
surrogate, 85, 23.0, 0.25
surrogate, 85, 23.0, 0.25
surrogate, 85, 23.0, 0.25
surrogate, 85, 23.0, 0.25
surrogate, 85, 23.0, 0.25
surrogate, 85, 23.0, 0.25
surrogate, 85, 23.0, 0.25
surrogate, 85, 23.0, 0.25
surrogate, 85, 23.0, 0.25
surrogate, 85, 23.0, 0.25
surrogate, 85, 23.0, 0.25
surrogate, 85, 23.0, 0.25
surrogate, 85, 23.0, 0.25
surrogate, 85, 23.0, 0.25
surrogate, 85, 21.0, 0.15625
surrogate, 85, 21.0, 0.15625
surrogate, 85, 21.0, 0.15625
surrogate, 85, 21.0, 0.15625
surrogate, 85, 21.0, 0.15625
surrogate, 85, 21.0, 0.15625
surrogate, 85, 21.0, 0.15625
surrogate, 85, 21.0, 0.15625
surrogate, 85, 21.0, 0.15625
surrogate, 85, 21.0, 0.15625
surrogate, 85, 21.0, 0.15625
surrogate, 85, 21.0, 0.15625
surrogate, 85, 21.0, 0.15625
surrogate, 85, 21.0, 0.15625
surrogate, 85, 21.0, 0.15625
surrogate, 85, 21.0, 0.15625
surrogate, 85, 21.0, 0.15625
surrogate, 85, 21.0, 0.15625
surrogate, 85, 21.0, 0.15625
surrogate, 85, 21.0, 0.15625
surrogate, 85, 21.0, 0.15625
surrogate, 85, 21.0, 0.15625
surrogate, 85, 21.0, 0.15625
surrogate, 85, 21.0, 0.15625
surrogate, 86, 33.0, 0.875
surrogate, 86, 33.0, 0.875
surrogate, 86, 33.0, 0.875
surrogate, 86, 33.0, 0.875
surrogate, 86, 33.0, 0.875
surrogate, 86, 33.0, 0.875
surrogate, 86, 33.0, 0.875
surrogate, 86, 33.0, 0.875
surrogate, 86, 29.0, 0.625
surrogate, 86, 29.0, 0.625
surrogate, 86, 26.0, 0.4375
surrogate, 86, 26.0, 0.4375
surrogate, 86, 26.0, 0.4375
surrogate, 86, 26.0, 0.4375
surrogate, 86, 26.0, 0.4375
surrogate, 86, 26.0, 0.4375
surrogate, 86, 26.0, 0.4375
surrogate, 86, 26.0, 0.4375
surrogate, 86, 26.0, 0.4375
surrogate, 86, 26.0, 0.4375
surrogate, 86, 26.0, 0.4375
surrogate, 86, 26.0, 0.4375
surrogate, 86, 26.0, 0.4375
surrogate, 86, 26.0, 0.4375
surrogate, 86, 26.0, 0.4375
surrogate, 86, 26.0, 0.4375
surrogate, 86, 26.0, 0.4375
surrogate, 86, 26.0, 0.4375
surrogate, 86, 26.0, 0.4375
surrogate, 86, 26.0, 0.4375
surrogate, 86, 26.0, 0.4375
surrogate, 86, 24.0, 0.34375
surrogate, 86, 24.0, 0.34375
surrogate, 86, 24.0, 0.34375
surrogate, 86, 24.0, 0.34375
surrogate, 86, 24.0, 0.34375
surrogate, 86, 23.0, 0.25
surrogate, 86, 23.0, 0.25
surrogate, 86, 23.0, 0.25
surrogate, 86, 23.0, 0.25
surrogate, 86, 23.0, 0.25
surrogate, 86, 23.0, 0.25
surrogate, 86, 23.0, 0.25
surrogate, 86, 23.0, 0.25
surrogate, 86, 23.0, 0.25
surrogate, 86, 23.0, 0.25
surrogate, 86, 23.0, 0.25
surrogate, 86, 23.0, 0.25
surrogate, 86, 23.0, 0.25
surrogate, 86, 23.0, 0.25
surrogate, 86, 23.0, 0.25
surrogate, 86, 23.0, 0.25
surrogate, 86, 23.0, 0.25
surrogate, 86, 23.0, 0.25
surrogate, 86, 23.0, 0.25
surrogate, 86, 21.0, 0.15625
surrogate, 86, 21.0, 0.15625
surrogate, 86, 21.0, 0.15625
surrogate, 86, 21.0, 0.15625
surrogate, 86, 21.0, 0.15625
surrogate, 86, 21.0, 0.15625
surrogate, 86, 21.0, 0.15625
surrogate, 86, 21.0, 0.15625
surrogate, 86, 21.0, 0.15625
surrogate, 86, 21.0, 0.15625
surrogate, 86, 21.0, 0.15625
surrogate, 86, 21.0, 0.15625
surrogate, 86, 21.0, 0.15625
surrogate, 86, 21.0, 0.15625
surrogate, 86, 21.0, 0.15625
surrogate, 86, 21.0, 0.15625
surrogate, 86, 21.0, 0.15625
surrogate, 86, 21.0, 0.15625
surrogate, 86, 21.0, 0.15625
surrogate, 86, 21.0, 0.15625
surrogate, 86, 21.0, 0.15625
surrogate, 86, 21.0, 0.15625
surrogate, 86, 21.0, 0.15625
surrogate, 86, 21.0, 0.15625
surrogate, 87, 33.0, 0.875
surrogate, 87, 33.0, 0.875
surrogate, 87, 33.0, 0.875
surrogate, 87, 33.0, 0.875
surrogate, 87, 33.0, 0.875
surrogate, 87, 33.0, 0.875
surrogate, 87, 33.0, 0.875
surrogate, 87, 33.0, 0.875
surrogate, 87, 29.0, 0.625
surrogate, 87, 29.0, 0.625
surrogate, 87, 26.0, 0.4375
surrogate, 87, 26.0, 0.4375
surrogate, 87, 26.0, 0.4375
surrogate, 87, 26.0, 0.4375
surrogate, 87, 26.0, 0.4375
surrogate, 87, 26.0, 0.4375
surrogate, 87, 26.0, 0.4375
surrogate, 87, 26.0, 0.4375
surrogate, 87, 26.0, 0.4375
surrogate, 87, 26.0, 0.4375
surrogate, 87, 26.0, 0.4375
surrogate, 87, 26.0, 0.4375
surrogate, 87, 26.0, 0.4375
surrogate, 87, 26.0, 0.4375
surrogate, 87, 26.0, 0.4375
surrogate, 87, 26.0, 0.4375
surrogate, 87, 26.0, 0.4375
surrogate, 87, 26.0, 0.4375
surrogate, 87, 26.0, 0.4375
surrogate, 87, 26.0, 0.4375
surrogate, 87, 26.0, 0.4375
surrogate, 87, 24.0, 0.34375
surrogate, 87, 24.0, 0.34375
surrogate, 87, 24.0, 0.34375
surrogate, 87, 24.0, 0.34375
surrogate, 87, 24.0, 0.34375
surrogate, 87, 23.0, 0.25
surrogate, 87, 23.0, 0.25
surrogate, 87, 23.0, 0.25
surrogate, 87, 23.0, 0.25
surrogate, 87, 23.0, 0.25
surrogate, 87, 23.0, 0.25
surrogate, 87, 23.0, 0.25
surrogate, 87, 23.0, 0.25
surrogate, 87, 23.0, 0.25
surrogate, 87, 23.0, 0.25
surrogate, 87, 23.0, 0.25
surrogate, 87, 23.0, 0.25
surrogate, 87, 23.0, 0.25
surrogate, 87, 23.0, 0.25
surrogate, 87, 23.0, 0.25
surrogate, 87, 23.0, 0.25
surrogate, 87, 23.0, 0.25
surrogate, 87, 23.0, 0.25
surrogate, 87, 23.0, 0.25
surrogate, 87, 21.0, 0.15625
surrogate, 87, 21.0, 0.15625
surrogate, 87, 21.0, 0.15625
surrogate, 87, 21.0, 0.15625
surrogate, 87, 21.0, 0.15625
surrogate, 87, 21.0, 0.15625
surrogate, 87, 21.0, 0.15625
surrogate, 87, 21.0, 0.15625
surrogate, 87, 21.0, 0.15625
surrogate, 87, 21.0, 0.15625
surrogate, 87, 21.0, 0.15625
surrogate, 87, 21.0, 0.15625
surrogate, 87, 21.0, 0.15625
surrogate, 87, 21.0, 0.15625
surrogate, 87, 21.0, 0.15625
surrogate, 87, 21.0, 0.15625
surrogate, 87, 21.0, 0.15625
surrogate, 87, 21.0, 0.15625
surrogate, 87, 21.0, 0.15625
surrogate, 87, 21.0, 0.15625
surrogate, 87, 21.0, 0.15625
surrogate, 87, 21.0, 0.15625
surrogate, 87, 21.0, 0.15625
surrogate, 87, 21.0, 0.15625
surrogate, 87, 21.0, 0.15625
surrogate, 88, 33.0, 0.875
surrogate, 88, 33.0, 0.875
surrogate, 88, 33.0, 0.875
surrogate, 88, 33.0, 0.875
surrogate, 88, 33.0, 0.875
surrogate, 88, 33.0, 0.875
surrogate, 88, 33.0, 0.875
surrogate, 88, 33.0, 0.875
surrogate, 88, 29.0, 0.625
surrogate, 88, 29.0, 0.625
surrogate, 88, 26.0, 0.4375
surrogate, 88, 26.0, 0.4375
surrogate, 88, 26.0, 0.4375
surrogate, 88, 26.0, 0.4375
surrogate, 88, 26.0, 0.4375
surrogate, 88, 26.0, 0.4375
surrogate, 88, 26.0, 0.4375
surrogate, 88, 26.0, 0.4375
surrogate, 88, 26.0, 0.4375
surrogate, 88, 26.0, 0.4375
surrogate, 88, 26.0, 0.4375
surrogate, 88, 26.0, 0.4375
surrogate, 88, 26.0, 0.4375
surrogate, 88, 26.0, 0.4375
surrogate, 88, 26.0, 0.4375
surrogate, 88, 26.0, 0.4375
surrogate, 88, 26.0, 0.4375
surrogate, 88, 26.0, 0.4375
surrogate, 88, 26.0, 0.4375
surrogate, 88, 26.0, 0.4375
surrogate, 88, 26.0, 0.4375
surrogate, 88, 26.0, 0.4375
surrogate, 88, 24.0, 0.34375
surrogate, 88, 24.0, 0.34375
surrogate, 88, 24.0, 0.34375
surrogate, 88, 24.0, 0.34375
surrogate, 88, 24.0, 0.34375
surrogate, 88, 23.0, 0.25
surrogate, 88, 23.0, 0.25
surrogate, 88, 23.0, 0.25
surrogate, 88, 23.0, 0.25
surrogate, 88, 23.0, 0.25
surrogate, 88, 23.0, 0.25
surrogate, 88, 23.0, 0.25
surrogate, 88, 23.0, 0.25
surrogate, 88, 23.0, 0.25
surrogate, 88, 23.0, 0.25
surrogate, 88, 23.0, 0.25
surrogate, 88, 23.0, 0.25
surrogate, 88, 23.0, 0.25
surrogate, 88, 23.0, 0.25
surrogate, 88, 23.0, 0.25
surrogate, 88, 23.0, 0.25
surrogate, 88, 23.0, 0.25
surrogate, 88, 23.0, 0.25
surrogate, 88, 23.0, 0.25
surrogate, 88, 21.0, 0.15625
surrogate, 88, 21.0, 0.15625
surrogate, 88, 21.0, 0.15625
surrogate, 88, 21.0, 0.15625
surrogate, 88, 21.0, 0.15625
surrogate, 88, 21.0, 0.15625
surrogate, 88, 21.0, 0.15625
surrogate, 88, 21.0, 0.15625
surrogate, 88, 21.0, 0.15625
surrogate, 88, 21.0, 0.15625
surrogate, 88, 21.0, 0.15625
surrogate, 88, 21.0, 0.15625
surrogate, 88, 21.0, 0.15625
surrogate, 88, 21.0, 0.15625
surrogate, 88, 21.0, 0.15625
surrogate, 88, 21.0, 0.15625
surrogate, 88, 21.0, 0.15625
surrogate, 88, 21.0, 0.15625
surrogate, 88, 21.0, 0.15625
surrogate, 88, 21.0, 0.15625
surrogate, 88, 21.0, 0.15625
surrogate, 88, 21.0, 0.15625
surrogate, 88, 21.0, 0.15625
surrogate, 88, 21.0, 0.15625
surrogate, 88, 21.0, 0.15625
surrogate, 88, 21.0, 0.15625
surrogate, 89, 33.0, 0.875
surrogate, 89, 33.0, 0.875
surrogate, 89, 33.0, 0.875
surrogate, 89, 33.0, 0.875
surrogate, 89, 33.0, 0.875
surrogate, 89, 33.0, 0.875
surrogate, 89, 33.0, 0.875
surrogate, 89, 33.0, 0.875
surrogate, 89, 29.0, 0.625
surrogate, 89, 29.0, 0.625
surrogate, 89, 26.0, 0.4375
surrogate, 89, 26.0, 0.4375
surrogate, 89, 26.0, 0.4375
surrogate, 89, 26.0, 0.4375
surrogate, 89, 26.0, 0.4375
surrogate, 89, 26.0, 0.4375
surrogate, 89, 26.0, 0.4375
surrogate, 89, 26.0, 0.4375
surrogate, 89, 26.0, 0.4375
surrogate, 89, 26.0, 0.4375
surrogate, 89, 26.0, 0.4375
surrogate, 89, 26.0, 0.4375
surrogate, 89, 26.0, 0.4375
surrogate, 89, 26.0, 0.4375
surrogate, 89, 26.0, 0.4375
surrogate, 89, 26.0, 0.4375
surrogate, 89, 26.0, 0.4375
surrogate, 89, 26.0, 0.4375
surrogate, 89, 26.0, 0.4375
surrogate, 89, 26.0, 0.4375
surrogate, 89, 26.0, 0.4375
surrogate, 89, 26.0, 0.4375
surrogate, 89, 24.0, 0.34375
surrogate, 89, 24.0, 0.34375
surrogate, 89, 24.0, 0.34375
surrogate, 89, 24.0, 0.34375
surrogate, 89, 24.0, 0.34375
surrogate, 89, 23.0, 0.25
surrogate, 89, 23.0, 0.25
surrogate, 89, 23.0, 0.25
surrogate, 89, 23.0, 0.25
surrogate, 89, 23.0, 0.25
surrogate, 89, 23.0, 0.25
surrogate, 89, 23.0, 0.25
surrogate, 89, 23.0, 0.25
surrogate, 89, 23.0, 0.25
surrogate, 89, 23.0, 0.25
surrogate, 89, 23.0, 0.25
surrogate, 89, 23.0, 0.25
surrogate, 89, 23.0, 0.25
surrogate, 89, 23.0, 0.25
surrogate, 89, 23.0, 0.25
surrogate, 89, 23.0, 0.25
surrogate, 89, 23.0, 0.25
surrogate, 89, 23.0, 0.25
surrogate, 89, 23.0, 0.25
surrogate, 89, 21.0, 0.15625
surrogate, 89, 21.0, 0.15625
surrogate, 89, 21.0, 0.15625
surrogate, 89, 21.0, 0.15625
surrogate, 89, 21.0, 0.15625
surrogate, 89, 21.0, 0.15625
surrogate, 89, 21.0, 0.15625
surrogate, 89, 21.0, 0.15625
surrogate, 89, 21.0, 0.15625
surrogate, 89, 21.0, 0.15625
surrogate, 89, 21.0, 0.15625
surrogate, 89, 21.0, 0.15625
surrogate, 89, 21.0, 0.15625
surrogate, 89, 21.0, 0.15625
surrogate, 89, 21.0, 0.15625
surrogate, 89, 21.0, 0.15625
surrogate, 89, 21.0, 0.15625
surrogate, 89, 21.0, 0.15625
surrogate, 89, 21.0, 0.15625
surrogate, 89, 21.0, 0.15625
surrogate, 89, 21.0, 0.15625
surrogate, 89, 21.0, 0.15625
surrogate, 89, 21.0, 0.15625
surrogate, 89, 21.0, 0.15625
surrogate, 89, 21.0, 0.15625
surrogate, 89, 21.0, 0.15625
surrogate, 90, 33.0, 0.875
surrogate, 90, 33.0, 0.875
surrogate, 90, 33.0, 0.875
surrogate, 90, 33.0, 0.875
surrogate, 90, 33.0, 0.875
surrogate, 90, 33.0, 0.875
surrogate, 90, 33.0, 0.875
surrogate, 90, 33.0, 0.875
surrogate, 90, 33.0, 0.875
surrogate, 90, 29.0, 0.625
surrogate, 90, 29.0, 0.625
surrogate, 90, 26.0, 0.4375
surrogate, 90, 26.0, 0.4375
surrogate, 90, 26.0, 0.4375
surrogate, 90, 26.0, 0.4375
surrogate, 90, 26.0, 0.4375
surrogate, 90, 26.0, 0.4375
surrogate, 90, 26.0, 0.4375
surrogate, 90, 26.0, 0.4375
surrogate, 90, 26.0, 0.4375
surrogate, 90, 26.0, 0.4375
surrogate, 90, 26.0, 0.4375
surrogate, 90, 26.0, 0.4375
surrogate, 90, 26.0, 0.4375
surrogate, 90, 26.0, 0.4375
surrogate, 90, 26.0, 0.4375
surrogate, 90, 26.0, 0.4375
surrogate, 90, 26.0, 0.4375
surrogate, 90, 26.0, 0.4375
surrogate, 90, 26.0, 0.4375
surrogate, 90, 26.0, 0.4375
surrogate, 90, 26.0, 0.4375
surrogate, 90, 26.0, 0.4375
surrogate, 90, 24.0, 0.34375
surrogate, 90, 24.0, 0.34375
surrogate, 90, 24.0, 0.34375
surrogate, 90, 24.0, 0.34375
surrogate, 90, 24.0, 0.34375
surrogate, 90, 23.0, 0.25
surrogate, 90, 23.0, 0.25
surrogate, 90, 23.0, 0.25
surrogate, 90, 23.0, 0.25
surrogate, 90, 23.0, 0.25
surrogate, 90, 23.0, 0.25
surrogate, 90, 23.0, 0.25
surrogate, 90, 23.0, 0.25
surrogate, 90, 23.0, 0.25
surrogate, 90, 23.0, 0.25
surrogate, 90, 23.0, 0.25
surrogate, 90, 23.0, 0.25
surrogate, 90, 23.0, 0.25
surrogate, 90, 23.0, 0.25
surrogate, 90, 23.0, 0.25
surrogate, 90, 23.0, 0.25
surrogate, 90, 23.0, 0.25
surrogate, 90, 23.0, 0.25
surrogate, 90, 23.0, 0.25
surrogate, 90, 23.0, 0.25
surrogate, 90, 21.0, 0.15625
surrogate, 90, 21.0, 0.15625
surrogate, 90, 21.0, 0.15625
surrogate, 90, 21.0, 0.15625
surrogate, 90, 21.0, 0.15625
surrogate, 90, 21.0, 0.15625
surrogate, 90, 21.0, 0.15625
surrogate, 90, 21.0, 0.15625
surrogate, 90, 21.0, 0.15625
surrogate, 90, 21.0, 0.15625
surrogate, 90, 21.0, 0.15625
surrogate, 90, 21.0, 0.15625
surrogate, 90, 21.0, 0.15625
surrogate, 90, 21.0, 0.15625
surrogate, 90, 21.0, 0.15625
surrogate, 90, 21.0, 0.15625
surrogate, 90, 21.0, 0.15625
surrogate, 90, 21.0, 0.15625
surrogate, 90, 21.0, 0.15625
surrogate, 90, 21.0, 0.15625
surrogate, 90, 21.0, 0.15625
surrogate, 90, 21.0, 0.15625
surrogate, 90, 21.0, 0.15625
surrogate, 90, 21.0, 0.15625
surrogate, 90, 21.0, 0.15625
surrogate, 90, 21.0, 0.15625
surrogate, 91, 33.0, 0.875
surrogate, 91, 33.0, 0.875
surrogate, 91, 33.0, 0.875
surrogate, 91, 33.0, 0.875
surrogate, 91, 33.0, 0.875
surrogate, 91, 33.0, 0.875
surrogate, 91, 33.0, 0.875
surrogate, 91, 33.0, 0.875
surrogate, 91, 33.0, 0.875
surrogate, 91, 29.0, 0.625
surrogate, 91, 29.0, 0.625
surrogate, 91, 26.0, 0.4375
surrogate, 91, 26.0, 0.4375
surrogate, 91, 26.0, 0.4375
surrogate, 91, 26.0, 0.4375
surrogate, 91, 26.0, 0.4375
surrogate, 91, 26.0, 0.4375
surrogate, 91, 26.0, 0.4375
surrogate, 91, 26.0, 0.4375
surrogate, 91, 26.0, 0.4375
surrogate, 91, 26.0, 0.4375
surrogate, 91, 26.0, 0.4375
surrogate, 91, 26.0, 0.4375
surrogate, 91, 26.0, 0.4375
surrogate, 91, 26.0, 0.4375
surrogate, 91, 26.0, 0.4375
surrogate, 91, 26.0, 0.4375
surrogate, 91, 26.0, 0.4375
surrogate, 91, 26.0, 0.4375
surrogate, 91, 26.0, 0.4375
surrogate, 91, 26.0, 0.4375
surrogate, 91, 26.0, 0.4375
surrogate, 91, 26.0, 0.4375
surrogate, 91, 24.0, 0.34375
surrogate, 91, 24.0, 0.34375
surrogate, 91, 24.0, 0.34375
surrogate, 91, 24.0, 0.34375
surrogate, 91, 24.0, 0.34375
surrogate, 91, 23.0, 0.25
surrogate, 91, 23.0, 0.25
surrogate, 91, 23.0, 0.25
surrogate, 91, 23.0, 0.25
surrogate, 91, 23.0, 0.25
surrogate, 91, 23.0, 0.25
surrogate, 91, 23.0, 0.25
surrogate, 91, 23.0, 0.25
surrogate, 91, 23.0, 0.25
surrogate, 91, 23.0, 0.25
surrogate, 91, 23.0, 0.25
surrogate, 91, 23.0, 0.25
surrogate, 91, 23.0, 0.25
surrogate, 91, 23.0, 0.25
surrogate, 91, 23.0, 0.25
surrogate, 91, 23.0, 0.25
surrogate, 91, 23.0, 0.25
surrogate, 91, 23.0, 0.25
surrogate, 91, 23.0, 0.25
surrogate, 91, 23.0, 0.25
surrogate, 91, 21.0, 0.15625
surrogate, 91, 21.0, 0.15625
surrogate, 91, 21.0, 0.15625
surrogate, 91, 21.0, 0.15625
surrogate, 91, 21.0, 0.15625
surrogate, 91, 21.0, 0.15625
surrogate, 91, 21.0, 0.15625
surrogate, 91, 21.0, 0.15625
surrogate, 91, 21.0, 0.15625
surrogate, 91, 21.0, 0.15625
surrogate, 91, 21.0, 0.15625
surrogate, 91, 21.0, 0.15625
surrogate, 91, 21.0, 0.15625
surrogate, 91, 21.0, 0.15625
surrogate, 91, 21.0, 0.15625
surrogate, 91, 21.0, 0.15625
surrogate, 91, 21.0, 0.15625
surrogate, 91, 21.0, 0.15625
surrogate, 91, 21.0, 0.15625
surrogate, 91, 21.0, 0.15625
surrogate, 91, 21.0, 0.15625
surrogate, 91, 21.0, 0.15625
surrogate, 91, 21.0, 0.15625
surrogate, 91, 21.0, 0.15625
surrogate, 91, 21.0, 0.15625
surrogate, 91, 21.0, 0.15625
surrogate, 92, 33.0, 0.875
surrogate, 92, 33.0, 0.875
surrogate, 92, 33.0, 0.875
surrogate, 92, 33.0, 0.875
surrogate, 92, 33.0, 0.875
surrogate, 92, 33.0, 0.875
surrogate, 92, 33.0, 0.875
surrogate, 92, 33.0, 0.875
surrogate, 92, 33.0, 0.875
surrogate, 92, 29.0, 0.625
surrogate, 92, 29.0, 0.625
surrogate, 92, 26.0, 0.4375
surrogate, 92, 26.0, 0.4375
surrogate, 92, 26.0, 0.4375
surrogate, 92, 26.0, 0.4375
surrogate, 92, 26.0, 0.4375
surrogate, 92, 26.0, 0.4375
surrogate, 92, 26.0, 0.4375
surrogate, 92, 26.0, 0.4375
surrogate, 92, 26.0, 0.4375
surrogate, 92, 26.0, 0.4375
surrogate, 92, 26.0, 0.4375
surrogate, 92, 26.0, 0.4375
surrogate, 92, 26.0, 0.4375
surrogate, 92, 26.0, 0.4375
surrogate, 92, 26.0, 0.4375
surrogate, 92, 26.0, 0.4375
surrogate, 92, 26.0, 0.4375
surrogate, 92, 26.0, 0.4375
surrogate, 92, 26.0, 0.4375
surrogate, 92, 26.0, 0.4375
surrogate, 92, 26.0, 0.4375
surrogate, 92, 26.0, 0.4375
surrogate, 92, 24.0, 0.34375
surrogate, 92, 24.0, 0.34375
surrogate, 92, 24.0, 0.34375
surrogate, 92, 24.0, 0.34375
surrogate, 92, 24.0, 0.34375
surrogate, 92, 23.0, 0.25
surrogate, 92, 23.0, 0.25
surrogate, 92, 23.0, 0.25
surrogate, 92, 23.0, 0.25
surrogate, 92, 23.0, 0.25
surrogate, 92, 23.0, 0.25
surrogate, 92, 23.0, 0.25
surrogate, 92, 23.0, 0.25
surrogate, 92, 23.0, 0.25
surrogate, 92, 23.0, 0.25
surrogate, 92, 23.0, 0.25
surrogate, 92, 23.0, 0.25
surrogate, 92, 23.0, 0.25
surrogate, 92, 23.0, 0.25
surrogate, 92, 23.0, 0.25
surrogate, 92, 23.0, 0.25
surrogate, 92, 23.0, 0.25
surrogate, 92, 23.0, 0.25
surrogate, 92, 23.0, 0.25
surrogate, 92, 23.0, 0.25
surrogate, 92, 21.0, 0.15625
surrogate, 92, 21.0, 0.15625
surrogate, 92, 21.0, 0.15625
surrogate, 92, 21.0, 0.15625
surrogate, 92, 21.0, 0.15625
surrogate, 92, 21.0, 0.15625
surrogate, 92, 21.0, 0.15625
surrogate, 92, 21.0, 0.15625
surrogate, 92, 21.0, 0.15625
surrogate, 92, 21.0, 0.15625
surrogate, 92, 21.0, 0.15625
surrogate, 92, 21.0, 0.15625
surrogate, 92, 21.0, 0.15625
surrogate, 92, 21.0, 0.15625
surrogate, 92, 21.0, 0.15625
surrogate, 92, 21.0, 0.15625
surrogate, 92, 21.0, 0.15625
surrogate, 92, 21.0, 0.15625
surrogate, 92, 21.0, 0.15625
surrogate, 92, 21.0, 0.15625
surrogate, 92, 21.0, 0.15625
surrogate, 92, 21.0, 0.15625
surrogate, 92, 21.0, 0.15625
surrogate, 92, 21.0, 0.15625
surrogate, 92, 21.0, 0.15625
surrogate, 92, 21.0, 0.15625
surrogate, 92, 21.0, 0.15625
surrogate, 93, 33.0, 0.875
surrogate, 93, 33.0, 0.875
surrogate, 93, 33.0, 0.875
surrogate, 93, 33.0, 0.875
surrogate, 93, 33.0, 0.875
surrogate, 93, 33.0, 0.875
surrogate, 93, 33.0, 0.875
surrogate, 93, 33.0, 0.875
surrogate, 93, 33.0, 0.875
surrogate, 93, 29.0, 0.625
surrogate, 93, 29.0, 0.625
surrogate, 93, 26.0, 0.4375
surrogate, 93, 26.0, 0.4375
surrogate, 93, 26.0, 0.4375
surrogate, 93, 26.0, 0.4375
surrogate, 93, 26.0, 0.4375
surrogate, 93, 26.0, 0.4375
surrogate, 93, 26.0, 0.4375
surrogate, 93, 26.0, 0.4375
surrogate, 93, 26.0, 0.4375
surrogate, 93, 26.0, 0.4375
surrogate, 93, 26.0, 0.4375
surrogate, 93, 26.0, 0.4375
surrogate, 93, 26.0, 0.4375
surrogate, 93, 26.0, 0.4375
surrogate, 93, 26.0, 0.4375
surrogate, 93, 26.0, 0.4375
surrogate, 93, 26.0, 0.4375
surrogate, 93, 26.0, 0.4375
surrogate, 93, 26.0, 0.4375
surrogate, 93, 26.0, 0.4375
surrogate, 93, 26.0, 0.4375
surrogate, 93, 26.0, 0.4375
surrogate, 93, 24.0, 0.34375
surrogate, 93, 24.0, 0.34375
surrogate, 93, 24.0, 0.34375
surrogate, 93, 24.0, 0.34375
surrogate, 93, 24.0, 0.34375
surrogate, 93, 23.0, 0.25
surrogate, 93, 23.0, 0.25
surrogate, 93, 23.0, 0.25
surrogate, 93, 23.0, 0.25
surrogate, 93, 23.0, 0.25
surrogate, 93, 23.0, 0.25
surrogate, 93, 23.0, 0.25
surrogate, 93, 23.0, 0.25
surrogate, 93, 23.0, 0.25
surrogate, 93, 23.0, 0.25
surrogate, 93, 23.0, 0.25
surrogate, 93, 23.0, 0.25
surrogate, 93, 23.0, 0.25
surrogate, 93, 23.0, 0.25
surrogate, 93, 23.0, 0.25
surrogate, 93, 23.0, 0.25
surrogate, 93, 23.0, 0.25
surrogate, 93, 23.0, 0.25
surrogate, 93, 23.0, 0.25
surrogate, 93, 23.0, 0.25
surrogate, 93, 23.0, 0.25
surrogate, 93, 21.0, 0.15625
surrogate, 93, 21.0, 0.15625
surrogate, 93, 21.0, 0.15625
surrogate, 93, 21.0, 0.15625
surrogate, 93, 21.0, 0.15625
surrogate, 93, 21.0, 0.15625
surrogate, 93, 21.0, 0.15625
surrogate, 93, 21.0, 0.15625
surrogate, 93, 21.0, 0.15625
surrogate, 93, 21.0, 0.15625
surrogate, 93, 21.0, 0.15625
surrogate, 93, 21.0, 0.15625
surrogate, 93, 21.0, 0.15625
surrogate, 93, 21.0, 0.15625
surrogate, 93, 21.0, 0.15625
surrogate, 93, 21.0, 0.15625
surrogate, 93, 21.0, 0.15625
surrogate, 93, 21.0, 0.15625
surrogate, 93, 21.0, 0.15625
surrogate, 93, 21.0, 0.15625
surrogate, 93, 21.0, 0.15625
surrogate, 93, 21.0, 0.15625
surrogate, 93, 21.0, 0.15625
surrogate, 93, 21.0, 0.15625
surrogate, 93, 21.0, 0.15625
surrogate, 93, 21.0, 0.15625
surrogate, 93, 21.0, 0.15625
surrogate, 94, 33.0, 0.875
surrogate, 94, 33.0, 0.875
surrogate, 94, 33.0, 0.875
surrogate, 94, 33.0, 0.875
surrogate, 94, 33.0, 0.875
surrogate, 94, 33.0, 0.875
surrogate, 94, 33.0, 0.875
surrogate, 94, 33.0, 0.875
surrogate, 94, 33.0, 0.875
surrogate, 94, 29.0, 0.625
surrogate, 94, 29.0, 0.625
surrogate, 94, 26.0, 0.4375
surrogate, 94, 26.0, 0.4375
surrogate, 94, 26.0, 0.4375
surrogate, 94, 26.0, 0.4375
surrogate, 94, 26.0, 0.4375
surrogate, 94, 26.0, 0.4375
surrogate, 94, 26.0, 0.4375
surrogate, 94, 26.0, 0.4375
surrogate, 94, 26.0, 0.4375
surrogate, 94, 26.0, 0.4375
surrogate, 94, 26.0, 0.4375
surrogate, 94, 26.0, 0.4375
surrogate, 94, 26.0, 0.4375
surrogate, 94, 26.0, 0.4375
surrogate, 94, 26.0, 0.4375
surrogate, 94, 26.0, 0.4375
surrogate, 94, 26.0, 0.4375
surrogate, 94, 26.0, 0.4375
surrogate, 94, 26.0, 0.4375
surrogate, 94, 26.0, 0.4375
surrogate, 94, 26.0, 0.4375
surrogate, 94, 26.0, 0.4375
surrogate, 94, 24.0, 0.34375
surrogate, 94, 24.0, 0.34375
surrogate, 94, 24.0, 0.34375
surrogate, 94, 24.0, 0.34375
surrogate, 94, 24.0, 0.34375
surrogate, 94, 23.0, 0.25
surrogate, 94, 23.0, 0.25
surrogate, 94, 23.0, 0.25
surrogate, 94, 23.0, 0.25
surrogate, 94, 23.0, 0.25
surrogate, 94, 23.0, 0.25
surrogate, 94, 23.0, 0.25
surrogate, 94, 23.0, 0.25
surrogate, 94, 23.0, 0.25
surrogate, 94, 23.0, 0.25
surrogate, 94, 23.0, 0.25
surrogate, 94, 23.0, 0.25
surrogate, 94, 23.0, 0.25
surrogate, 94, 23.0, 0.25
surrogate, 94, 23.0, 0.25
surrogate, 94, 23.0, 0.25
surrogate, 94, 23.0, 0.25
surrogate, 94, 23.0, 0.25
surrogate, 94, 23.0, 0.25
surrogate, 94, 23.0, 0.25
surrogate, 94, 23.0, 0.25
surrogate, 94, 21.0, 0.15625
surrogate, 94, 21.0, 0.15625
surrogate, 94, 21.0, 0.15625
surrogate, 94, 21.0, 0.15625
surrogate, 94, 21.0, 0.15625
surrogate, 94, 21.0, 0.15625
surrogate, 94, 21.0, 0.15625
surrogate, 94, 21.0, 0.15625
surrogate, 94, 21.0, 0.15625
surrogate, 94, 21.0, 0.15625
surrogate, 94, 21.0, 0.15625
surrogate, 94, 21.0, 0.15625
surrogate, 94, 21.0, 0.15625
surrogate, 94, 21.0, 0.15625
surrogate, 94, 21.0, 0.15625
surrogate, 94, 21.0, 0.15625
surrogate, 94, 21.0, 0.15625
surrogate, 94, 21.0, 0.15625
surrogate, 94, 21.0, 0.15625
surrogate, 94, 21.0, 0.15625
surrogate, 94, 21.0, 0.15625
surrogate, 94, 21.0, 0.15625
surrogate, 94, 21.0, 0.15625
surrogate, 94, 21.0, 0.15625
surrogate, 94, 21.0, 0.15625
surrogate, 94, 21.0, 0.15625
surrogate, 94, 21.0, 0.15625
surrogate, 95, 33.0, 0.875
surrogate, 95, 33.0, 0.875
surrogate, 95, 33.0, 0.875
surrogate, 95, 33.0, 0.875
surrogate, 95, 33.0, 0.875
surrogate, 95, 33.0, 0.875
surrogate, 95, 33.0, 0.875
surrogate, 95, 33.0, 0.875
surrogate, 95, 33.0, 0.875
surrogate, 95, 29.0, 0.625
surrogate, 95, 29.0, 0.625
surrogate, 95, 26.0, 0.4375
surrogate, 95, 26.0, 0.4375
surrogate, 95, 26.0, 0.4375
surrogate, 95, 26.0, 0.4375
surrogate, 95, 26.0, 0.4375
surrogate, 95, 26.0, 0.4375
surrogate, 95, 26.0, 0.4375
surrogate, 95, 26.0, 0.4375
surrogate, 95, 26.0, 0.4375
surrogate, 95, 26.0, 0.4375
surrogate, 95, 26.0, 0.4375
surrogate, 95, 26.0, 0.4375
surrogate, 95, 26.0, 0.4375
surrogate, 95, 26.0, 0.4375
surrogate, 95, 26.0, 0.4375
surrogate, 95, 26.0, 0.4375
surrogate, 95, 26.0, 0.4375
surrogate, 95, 26.0, 0.4375
surrogate, 95, 26.0, 0.4375
surrogate, 95, 26.0, 0.4375
surrogate, 95, 26.0, 0.4375
surrogate, 95, 26.0, 0.4375
surrogate, 95, 24.0, 0.34375
surrogate, 95, 24.0, 0.34375
surrogate, 95, 24.0, 0.34375
surrogate, 95, 24.0, 0.34375
surrogate, 95, 24.0, 0.34375
surrogate, 95, 23.0, 0.25
surrogate, 95, 23.0, 0.25
surrogate, 95, 23.0, 0.25
surrogate, 95, 23.0, 0.25
surrogate, 95, 23.0, 0.25
surrogate, 95, 23.0, 0.25
surrogate, 95, 23.0, 0.25
surrogate, 95, 23.0, 0.25
surrogate, 95, 23.0, 0.25
surrogate, 95, 23.0, 0.25
surrogate, 95, 23.0, 0.25
surrogate, 95, 23.0, 0.25
surrogate, 95, 23.0, 0.25
surrogate, 95, 23.0, 0.25
surrogate, 95, 23.0, 0.25
surrogate, 95, 23.0, 0.25
surrogate, 95, 23.0, 0.25
surrogate, 95, 23.0, 0.25
surrogate, 95, 23.0, 0.25
surrogate, 95, 23.0, 0.25
surrogate, 95, 23.0, 0.25
surrogate, 95, 21.0, 0.15625
surrogate, 95, 21.0, 0.15625
surrogate, 95, 21.0, 0.15625
surrogate, 95, 21.0, 0.15625
surrogate, 95, 21.0, 0.15625
surrogate, 95, 21.0, 0.15625
surrogate, 95, 21.0, 0.15625
surrogate, 95, 21.0, 0.15625
surrogate, 95, 21.0, 0.15625
surrogate, 95, 21.0, 0.15625
surrogate, 95, 21.0, 0.15625
surrogate, 95, 21.0, 0.15625
surrogate, 95, 21.0, 0.15625
surrogate, 95, 21.0, 0.15625
surrogate, 95, 21.0, 0.15625
surrogate, 95, 21.0, 0.15625
surrogate, 95, 21.0, 0.15625
surrogate, 95, 21.0, 0.15625
surrogate, 95, 21.0, 0.15625
surrogate, 95, 21.0, 0.15625
surrogate, 95, 21.0, 0.15625
surrogate, 95, 21.0, 0.15625
surrogate, 95, 21.0, 0.15625
surrogate, 95, 21.0, 0.15625
surrogate, 95, 21.0, 0.15625
surrogate, 95, 21.0, 0.15625
surrogate, 95, 21.0, 0.15625
surrogate, 96, 33.0, 0.875
surrogate, 96, 33.0, 0.875
surrogate, 96, 33.0, 0.875
surrogate, 96, 33.0, 0.875
surrogate, 96, 33.0, 0.875
surrogate, 96, 33.0, 0.875
surrogate, 96, 33.0, 0.875
surrogate, 96, 33.0, 0.875
surrogate, 96, 33.0, 0.875
surrogate, 96, 29.0, 0.625
surrogate, 96, 29.0, 0.625
surrogate, 96, 26.0, 0.4375
surrogate, 96, 26.0, 0.4375
surrogate, 96, 26.0, 0.4375
surrogate, 96, 26.0, 0.4375
surrogate, 96, 26.0, 0.4375
surrogate, 96, 26.0, 0.4375
surrogate, 96, 26.0, 0.4375
surrogate, 96, 26.0, 0.4375
surrogate, 96, 26.0, 0.4375
surrogate, 96, 26.0, 0.4375
surrogate, 96, 26.0, 0.4375
surrogate, 96, 26.0, 0.4375
surrogate, 96, 26.0, 0.4375
surrogate, 96, 26.0, 0.4375
surrogate, 96, 26.0, 0.4375
surrogate, 96, 26.0, 0.4375
surrogate, 96, 26.0, 0.4375
surrogate, 96, 26.0, 0.4375
surrogate, 96, 26.0, 0.4375
surrogate, 96, 26.0, 0.4375
surrogate, 96, 26.0, 0.4375
surrogate, 96, 26.0, 0.4375
surrogate, 96, 24.0, 0.34375
surrogate, 96, 24.0, 0.34375
surrogate, 96, 24.0, 0.34375
surrogate, 96, 24.0, 0.34375
surrogate, 96, 24.0, 0.34375
surrogate, 96, 23.0, 0.25
surrogate, 96, 23.0, 0.25
surrogate, 96, 23.0, 0.25
surrogate, 96, 23.0, 0.25
surrogate, 96, 23.0, 0.25
surrogate, 96, 23.0, 0.25
surrogate, 96, 23.0, 0.25
surrogate, 96, 23.0, 0.25
surrogate, 96, 23.0, 0.25
surrogate, 96, 23.0, 0.25
surrogate, 96, 23.0, 0.25
surrogate, 96, 23.0, 0.25
surrogate, 96, 23.0, 0.25
surrogate, 96, 23.0, 0.25
surrogate, 96, 23.0, 0.25
surrogate, 96, 23.0, 0.25
surrogate, 96, 23.0, 0.25
surrogate, 96, 23.0, 0.25
surrogate, 96, 23.0, 0.25
surrogate, 96, 23.0, 0.25
surrogate, 96, 23.0, 0.25
surrogate, 96, 21.0, 0.15625
surrogate, 96, 21.0, 0.15625
surrogate, 96, 21.0, 0.15625
surrogate, 96, 21.0, 0.15625
surrogate, 96, 21.0, 0.15625
surrogate, 96, 21.0, 0.15625
surrogate, 96, 21.0, 0.15625
surrogate, 96, 21.0, 0.15625
surrogate, 96, 21.0, 0.15625
surrogate, 96, 21.0, 0.15625
surrogate, 96, 21.0, 0.15625
surrogate, 96, 21.0, 0.15625
surrogate, 96, 21.0, 0.15625
surrogate, 96, 21.0, 0.15625
surrogate, 96, 21.0, 0.15625
surrogate, 96, 21.0, 0.15625
surrogate, 96, 21.0, 0.15625
surrogate, 96, 21.0, 0.15625
surrogate, 96, 21.0, 0.15625
surrogate, 96, 21.0, 0.15625
surrogate, 96, 21.0, 0.15625
surrogate, 96, 21.0, 0.15625
surrogate, 96, 21.0, 0.15625
surrogate, 96, 21.0, 0.15625
surrogate, 96, 21.0, 0.15625
surrogate, 96, 21.0, 0.15625
surrogate, 96, 21.0, 0.15625
surrogate, 97, 33.0, 0.875
surrogate, 97, 33.0, 0.875
surrogate, 97, 33.0, 0.875
surrogate, 97, 33.0, 0.875
surrogate, 97, 33.0, 0.875
surrogate, 97, 33.0, 0.875
surrogate, 97, 33.0, 0.875
surrogate, 97, 33.0, 0.875
surrogate, 97, 33.0, 0.875
surrogate, 97, 29.0, 0.625
surrogate, 97, 29.0, 0.625
surrogate, 97, 26.0, 0.4375
surrogate, 97, 26.0, 0.4375
surrogate, 97, 26.0, 0.4375
surrogate, 97, 26.0, 0.4375
surrogate, 97, 26.0, 0.4375
surrogate, 97, 26.0, 0.4375
surrogate, 97, 26.0, 0.4375
surrogate, 97, 26.0, 0.4375
surrogate, 97, 26.0, 0.4375
surrogate, 97, 26.0, 0.4375
surrogate, 97, 26.0, 0.4375
surrogate, 97, 26.0, 0.4375
surrogate, 97, 26.0, 0.4375
surrogate, 97, 26.0, 0.4375
surrogate, 97, 26.0, 0.4375
surrogate, 97, 26.0, 0.4375
surrogate, 97, 26.0, 0.4375
surrogate, 97, 26.0, 0.4375
surrogate, 97, 26.0, 0.4375
surrogate, 97, 26.0, 0.4375
surrogate, 97, 26.0, 0.4375
surrogate, 97, 26.0, 0.4375
surrogate, 97, 26.0, 0.4375
surrogate, 97, 24.0, 0.34375
surrogate, 97, 24.0, 0.34375
surrogate, 97, 24.0, 0.34375
surrogate, 97, 24.0, 0.34375
surrogate, 97, 24.0, 0.34375
surrogate, 97, 22.0, 0.25
surrogate, 97, 21.0, 0.15625
surrogate, 97, 21.0, 0.15625
surrogate, 97, 21.0, 0.15625
surrogate, 97, 21.0, 0.15625
surrogate, 97, 21.0, 0.15625
surrogate, 97, 21.0, 0.15625
surrogate, 97, 21.0, 0.15625
surrogate, 97, 21.0, 0.15625
surrogate, 97, 21.0, 0.15625
surrogate, 97, 21.0, 0.15625
surrogate, 97, 21.0, 0.15625
surrogate, 97, 21.0, 0.15625
surrogate, 97, 21.0, 0.15625
surrogate, 97, 21.0, 0.15625
surrogate, 97, 21.0, 0.15625
surrogate, 97, 21.0, 0.15625
surrogate, 97, 21.0, 0.15625
surrogate, 97, 21.0, 0.15625
surrogate, 97, 21.0, 0.15625
surrogate, 97, 21.0, 0.15625
surrogate, 97, 21.0, 0.15625
surrogate, 97, 21.0, 0.15625
surrogate, 97, 21.0, 0.15625
surrogate, 97, 21.0, 0.15625
surrogate, 97, 21.0, 0.15625
surrogate, 97, 21.0, 0.15625
surrogate, 97, 21.0, 0.15625
surrogate, 98, 33.0, 0.875
surrogate, 98, 33.0, 0.875
surrogate, 98, 33.0, 0.875
surrogate, 98, 33.0, 0.875
surrogate, 98, 33.0, 0.875
surrogate, 98, 33.0, 0.875
surrogate, 98, 33.0, 0.875
surrogate, 98, 33.0, 0.875
surrogate, 98, 33.0, 0.875
surrogate, 98, 29.0, 0.625
surrogate, 98, 29.0, 0.625
surrogate, 98, 26.0, 0.4375
surrogate, 98, 26.0, 0.4375
surrogate, 98, 26.0, 0.4375
surrogate, 98, 26.0, 0.4375
surrogate, 98, 26.0, 0.4375
surrogate, 98, 26.0, 0.4375
surrogate, 98, 26.0, 0.4375
surrogate, 98, 26.0, 0.4375
surrogate, 98, 26.0, 0.4375
surrogate, 98, 26.0, 0.4375
surrogate, 98, 26.0, 0.4375
surrogate, 98, 26.0, 0.4375
surrogate, 98, 26.0, 0.4375
surrogate, 98, 26.0, 0.4375
surrogate, 98, 26.0, 0.4375
surrogate, 98, 26.0, 0.4375
surrogate, 98, 26.0, 0.4375
surrogate, 98, 26.0, 0.4375
surrogate, 98, 26.0, 0.4375
surrogate, 98, 26.0, 0.4375
surrogate, 98, 26.0, 0.4375
surrogate, 98, 26.0, 0.4375
surrogate, 98, 26.0, 0.4375
surrogate, 98, 26.0, 0.4375
surrogate, 98, 24.0, 0.34375
surrogate, 98, 24.0, 0.34375
surrogate, 98, 24.0, 0.34375
surrogate, 98, 24.0, 0.34375
surrogate, 98, 24.0, 0.34375
surrogate, 98, 22.0, 0.25
surrogate, 98, 22.0, 0.25
surrogate, 98, 21.0, 0.15625
surrogate, 98, 21.0, 0.15625
surrogate, 98, 21.0, 0.15625
surrogate, 98, 21.0, 0.15625
surrogate, 98, 21.0, 0.15625
surrogate, 98, 21.0, 0.15625
surrogate, 98, 21.0, 0.15625
surrogate, 98, 21.0, 0.15625
surrogate, 98, 21.0, 0.15625
surrogate, 98, 21.0, 0.15625
surrogate, 98, 21.0, 0.15625
surrogate, 98, 21.0, 0.15625
surrogate, 98, 21.0, 0.15625
surrogate, 98, 21.0, 0.15625
surrogate, 98, 21.0, 0.15625
surrogate, 98, 21.0, 0.15625
surrogate, 98, 21.0, 0.15625
surrogate, 98, 21.0, 0.15625
surrogate, 98, 21.0, 0.15625
surrogate, 98, 21.0, 0.15625
surrogate, 98, 21.0, 0.15625
surrogate, 98, 21.0, 0.15625
surrogate, 98, 21.0, 0.15625
surrogate, 98, 21.0, 0.15625
surrogate, 98, 21.0, 0.15625
surrogate, 98, 21.0, 0.15625
surrogate, 98, 21.0, 0.15625
surrogate, 99, 33.0, 0.875
surrogate, 99, 33.0, 0.875
surrogate, 99, 33.0, 0.875
surrogate, 99, 33.0, 0.875
surrogate, 99, 33.0, 0.875
surrogate, 99, 33.0, 0.875
surrogate, 99, 33.0, 0.875
surrogate, 99, 33.0, 0.875
surrogate, 99, 33.0, 0.875
surrogate, 99, 29.0, 0.625
surrogate, 99, 29.0, 0.625
surrogate, 99, 26.0, 0.4375
surrogate, 99, 26.0, 0.4375
surrogate, 99, 26.0, 0.4375
surrogate, 99, 26.0, 0.4375
surrogate, 99, 26.0, 0.4375
surrogate, 99, 26.0, 0.4375
surrogate, 99, 26.0, 0.4375
surrogate, 99, 26.0, 0.4375
surrogate, 99, 26.0, 0.4375
surrogate, 99, 26.0, 0.4375
surrogate, 99, 26.0, 0.4375
surrogate, 99, 26.0, 0.4375
surrogate, 99, 26.0, 0.4375
surrogate, 99, 26.0, 0.4375
surrogate, 99, 26.0, 0.4375
surrogate, 99, 26.0, 0.4375
surrogate, 99, 26.0, 0.4375
surrogate, 99, 26.0, 0.4375
surrogate, 99, 26.0, 0.4375
surrogate, 99, 26.0, 0.4375
surrogate, 99, 26.0, 0.4375
surrogate, 99, 26.0, 0.4375
surrogate, 99, 26.0, 0.4375
surrogate, 99, 26.0, 0.4375
surrogate, 99, 24.0, 0.34375
surrogate, 99, 24.0, 0.34375
surrogate, 99, 24.0, 0.34375
surrogate, 99, 24.0, 0.34375
surrogate, 99, 24.0, 0.34375
surrogate, 99, 22.0, 0.25
surrogate, 99, 22.0, 0.25
surrogate, 99, 22.0, 0.25
surrogate, 99, 21.0, 0.15625
surrogate, 99, 21.0, 0.15625
surrogate, 99, 21.0, 0.15625
surrogate, 99, 21.0, 0.15625
surrogate, 99, 21.0, 0.15625
surrogate, 99, 21.0, 0.15625
surrogate, 99, 21.0, 0.15625
surrogate, 99, 21.0, 0.15625
surrogate, 99, 21.0, 0.15625
surrogate, 99, 21.0, 0.15625
surrogate, 99, 21.0, 0.15625
surrogate, 99, 21.0, 0.15625
surrogate, 99, 21.0, 0.15625
surrogate, 99, 21.0, 0.15625
surrogate, 99, 21.0, 0.15625
surrogate, 99, 21.0, 0.15625
surrogate, 99, 21.0, 0.15625
surrogate, 99, 21.0, 0.15625
surrogate, 99, 21.0, 0.15625
surrogate, 99, 21.0, 0.15625
surrogate, 99, 21.0, 0.15625
surrogate, 99, 21.0, 0.15625
surrogate, 99, 21.0, 0.15625
surrogate, 99, 21.0, 0.15625
surrogate, 99, 21.0, 0.15625
surrogate, 99, 21.0, 0.15625
surrogate, 99, 21.0, 0.15625
surrogate, 100, 33.0, 0.875
surrogate, 100, 33.0, 0.875
surrogate, 100, 33.0, 0.875
surrogate, 100, 33.0, 0.875
surrogate, 100, 33.0, 0.875
surrogate, 100, 33.0, 0.875
surrogate, 100, 33.0, 0.875
surrogate, 100, 33.0, 0.875
surrogate, 100, 33.0, 0.875
surrogate, 100, 29.0, 0.625
surrogate, 100, 29.0, 0.625
surrogate, 100, 26.0, 0.4375
surrogate, 100, 26.0, 0.4375
surrogate, 100, 26.0, 0.4375
surrogate, 100, 26.0, 0.4375
surrogate, 100, 26.0, 0.4375
surrogate, 100, 26.0, 0.4375
surrogate, 100, 26.0, 0.4375
surrogate, 100, 26.0, 0.4375
surrogate, 100, 26.0, 0.4375
surrogate, 100, 26.0, 0.4375
surrogate, 100, 26.0, 0.4375
surrogate, 100, 26.0, 0.4375
surrogate, 100, 26.0, 0.4375
surrogate, 100, 26.0, 0.4375
surrogate, 100, 26.0, 0.4375
surrogate, 100, 26.0, 0.4375
surrogate, 100, 26.0, 0.4375
surrogate, 100, 26.0, 0.4375
surrogate, 100, 26.0, 0.4375
surrogate, 100, 26.0, 0.4375
surrogate, 100, 26.0, 0.4375
surrogate, 100, 26.0, 0.4375
surrogate, 100, 26.0, 0.4375
surrogate, 100, 26.0, 0.4375
surrogate, 100, 26.0, 0.4375
surrogate, 100, 24.0, 0.34375
surrogate, 100, 24.0, 0.34375
surrogate, 100, 24.0, 0.34375
surrogate, 100, 24.0, 0.34375
surrogate, 100, 24.0, 0.34375
surrogate, 100, 24.0, 0.34375
surrogate, 100, 22.0, 0.25
surrogate, 100, 22.0, 0.25
surrogate, 100, 22.0, 0.25
surrogate, 100, 21.0, 0.15625
surrogate, 100, 21.0, 0.15625
surrogate, 100, 21.0, 0.15625
surrogate, 100, 21.0, 0.15625
surrogate, 100, 21.0, 0.15625
surrogate, 100, 21.0, 0.15625
surrogate, 100, 21.0, 0.15625
surrogate, 100, 21.0, 0.15625
surrogate, 100, 21.0, 0.15625
surrogate, 100, 21.0, 0.15625
surrogate, 100, 21.0, 0.15625
surrogate, 100, 21.0, 0.15625
surrogate, 100, 21.0, 0.15625
surrogate, 100, 21.0, 0.15625
surrogate, 100, 21.0, 0.15625
surrogate, 100, 21.0, 0.15625
surrogate, 100, 21.0, 0.15625
surrogate, 100, 21.0, 0.15625
surrogate, 100, 21.0, 0.15625
surrogate, 100, 21.0, 0.15625
surrogate, 100, 21.0, 0.15625
surrogate, 100, 21.0, 0.15625
surrogate, 100, 21.0, 0.15625
surrogate, 100, 21.0, 0.15625
surrogate, 100, 21.0, 0.15625
surrogate, 100, 21.0, 0.15625
surrogate, 100, 21.0, 0.15625
