method, generation, latency, ar
surrogate, 1, 55.0, 0.2125
surrogate, 1, 48.0, 0.175
surrogate, 1, 45.0, 0.0125
surrogate, 2, 55.0, 0.2125
surrogate, 2, 55.0, 0.2125
surrogate, 2, 48.0, 0.175
surrogate, 2, 48.0, 0.175
surrogate, 2, 45.0, 0.0125
surrogate, 2, 45.0, 0.0125
surrogate, 3, 49.0, 0.275
surrogate, 3, 48.0, 0.175
surrogate, 3, 48.0, 0.175
surrogate, 3, 48.0, 0.175
surrogate, 3, 47.0, 0.1125
surrogate, 3, 45.0, 0.0125
surrogate, 3, 45.0, 0.0125
surrogate, 3, 45.0, 0.0125
surrogate, 3, 45.0, 0.0125
surrogate, 4, 49.0, 0.275
surrogate, 4, 49.0, 0.275
surrogate, 4, 48.0, 0.175
surrogate, 4, 48.0, 0.175
surrogate, 4, 48.0, 0.175
surrogate, 4, 48.0, 0.175
surrogate, 4, 47.0, 0.1125
surrogate, 4, 47.0, 0.1125
surrogate, 4, 43.0, 0.0125
surrogate, 5, 53.0, 0.4
surrogate, 5, 49.0, 0.275
surrogate, 5, 49.0, 0.275
surrogate, 5, 49.0, 0.275
surrogate, 5, 48.0, 0.175
surrogate, 5, 48.0, 0.175
surrogate, 5, 48.0, 0.175
surrogate, 5, 48.0, 0.175
surrogate, 5, 48.0, 0.175
surrogate, 5, 48.0, 0.175
surrogate, 5, 48.0, 0.175
surrogate, 5, 48.0, 0.175
surrogate, 5, 47.0, 0.1125
surrogate, 5, 47.0, 0.1125
surrogate, 5, 47.0, 0.1125
surrogate, 5, 43.0, 0.0125
surrogate, 5, 43.0, 0.0125
surrogate, 6, 53.0, 0.4
surrogate, 6, 49.0, 0.275
surrogate, 6, 49.0, 0.275
surrogate, 6, 49.0, 0.275
surrogate, 6, 49.0, 0.275
surrogate, 6, 49.0, 0.275
surrogate, 6, 48.0, 0.175
surrogate, 6, 48.0, 0.175
surrogate, 6, 48.0, 0.175
surrogate, 6, 48.0, 0.175
surrogate, 6, 48.0, 0.175
surrogate, 6, 48.0, 0.175
surrogate, 6, 48.0, 0.175
surrogate, 6, 48.0, 0.175
surrogate, 6, 48.0, 0.175
surrogate, 6, 47.0, 0.1125
surrogate, 6, 47.0, 0.1125
surrogate, 6, 47.0, 0.1125
surrogate, 6, 47.0, 0.1125
surrogate, 6, 47.0, 0.1125
surrogate, 6, 43.0, 0.0125
surrogate, 6, 43.0, 0.0125
surrogate, 6, 43.0, 0.0125
surrogate, 6, 43.0, 0.0125
surrogate, 7, 53.0, 0.4
surrogate, 7, 53.0, 0.4
surrogate, 7, 53.0, 0.4
surrogate, 7, 49.0, 0.275
surrogate, 7, 49.0, 0.275
surrogate, 7, 49.0, 0.275
surrogate, 7, 49.0, 0.275
surrogate, 7, 49.0, 0.275
surrogate, 7, 49.0, 0.275
surrogate, 7, 48.0, 0.175
surrogate, 7, 48.0, 0.175
surrogate, 7, 48.0, 0.175
surrogate, 7, 48.0, 0.175
surrogate, 7, 48.0, 0.175
surrogate, 7, 48.0, 0.175
surrogate, 7, 48.0, 0.175
surrogate, 7, 48.0, 0.175
surrogate, 7, 48.0, 0.175
surrogate, 7, 48.0, 0.175
surrogate, 7, 47.0, 0.1125
surrogate, 7, 47.0, 0.1125
surrogate, 7, 47.0, 0.1125
surrogate, 7, 47.0, 0.1125
surrogate, 7, 47.0, 0.1125
surrogate, 7, 47.0, 0.1125
surrogate, 7, 43.0, 0.0125
surrogate, 7, 43.0, 0.0125
surrogate, 7, 43.0, 0.0125
surrogate, 7, 43.0, 0.0125
surrogate, 7, 43.0, 0.0125
surrogate, 7, 43.0, 0.0125
surrogate, 7, 43.0, 0.0125
surrogate, 7, 43.0, 0.0125
surrogate, 8, 53.0, 0.4
surrogate, 8, 53.0, 0.4
surrogate, 8, 53.0, 0.4
surrogate, 8, 49.0, 0.275
surrogate, 8, 49.0, 0.275
surrogate, 8, 49.0, 0.275
surrogate, 8, 49.0, 0.275
surrogate, 8, 49.0, 0.275
surrogate, 8, 49.0, 0.275
surrogate, 8, 49.0, 0.275
surrogate, 8, 48.0, 0.175
surrogate, 8, 48.0, 0.175
surrogate, 8, 48.0, 0.175
surrogate, 8, 48.0, 0.175
surrogate, 8, 48.0, 0.175
surrogate, 8, 48.0, 0.175
surrogate, 8, 48.0, 0.175
surrogate, 8, 48.0, 0.175
surrogate, 8, 48.0, 0.175
surrogate, 8, 48.0, 0.175
surrogate, 8, 48.0, 0.175
surrogate, 8, 47.0, 0.1125
surrogate, 8, 47.0, 0.1125
surrogate, 8, 47.0, 0.1125
surrogate, 8, 47.0, 0.1125
surrogate, 8, 47.0, 0.1125
surrogate, 8, 47.0, 0.1125
surrogate, 8, 47.0, 0.1125
surrogate, 8, 43.0, 0.0125
surrogate, 8, 43.0, 0.0125
surrogate, 8, 43.0, 0.0125
surrogate, 8, 43.0, 0.0125
surrogate, 8, 43.0, 0.0125
surrogate, 8, 43.0, 0.0125
surrogate, 8, 43.0, 0.0125
surrogate, 8, 43.0, 0.0125
surrogate, 8, 43.0, 0.0125
surrogate, 8, 43.0, 0.0125
surrogate, 8, 43.0, 0.0125
surrogate, 9, 53.0, 0.4
surrogate, 9, 53.0, 0.4
surrogate, 9, 53.0, 0.4
surrogate, 9, 53.0, 0.4
surrogate, 9, 49.0, 0.275
surrogate, 9, 49.0, 0.275
surrogate, 9, 49.0, 0.275
surrogate, 9, 49.0, 0.275
surrogate, 9, 49.0, 0.275
surrogate, 9, 49.0, 0.275
surrogate, 9, 49.0, 0.275
surrogate, 9, 49.0, 0.275
surrogate, 9, 48.0, 0.175
surrogate, 9, 48.0, 0.175
surrogate, 9, 48.0, 0.175
surrogate, 9, 48.0, 0.175
surrogate, 9, 48.0, 0.175
surrogate, 9, 48.0, 0.175
surrogate, 9, 48.0, 0.175
surrogate, 9, 48.0, 0.175
surrogate, 9, 48.0, 0.175
surrogate, 9, 48.0, 0.175
surrogate, 9, 48.0, 0.175
surrogate, 9, 48.0, 0.175
surrogate, 9, 47.0, 0.1125
surrogate, 9, 47.0, 0.1125
surrogate, 9, 47.0, 0.1125
surrogate, 9, 47.0, 0.1125
surrogate, 9, 47.0, 0.1125
surrogate, 9, 47.0, 0.1125
surrogate, 9, 47.0, 0.1125
surrogate, 9, 47.0, 0.1125
surrogate, 9, 43.0, 0.0125
surrogate, 9, 43.0, 0.0125
surrogate, 9, 43.0, 0.0125
surrogate, 9, 43.0, 0.0125
surrogate, 9, 43.0, 0.0125
surrogate, 9, 43.0, 0.0125
surrogate, 9, 43.0, 0.0125
surrogate, 9, 43.0, 0.0125
surrogate, 9, 43.0, 0.0125
surrogate, 9, 43.0, 0.0125
surrogate, 9, 43.0, 0.0125
surrogate, 9, 43.0, 0.0125
surrogate, 10, 53.0, 0.4
surrogate, 10, 53.0, 0.4
surrogate, 10, 53.0, 0.4
surrogate, 10, 53.0, 0.4
surrogate, 10, 53.0, 0.4
surrogate, 10, 49.0, 0.275
surrogate, 10, 49.0, 0.275
surrogate, 10, 49.0, 0.275
surrogate, 10, 49.0, 0.275
surrogate, 10, 49.0, 0.275
surrogate, 10, 49.0, 0.275
surrogate, 10, 49.0, 0.275
surrogate, 10, 49.0, 0.275
surrogate, 10, 49.0, 0.275
surrogate, 10, 48.0, 0.175
surrogate, 10, 48.0, 0.175
surrogate, 10, 48.0, 0.175
surrogate, 10, 48.0, 0.175
surrogate, 10, 48.0, 0.175
surrogate, 10, 48.0, 0.175
surrogate, 10, 48.0, 0.175
surrogate, 10, 48.0, 0.175
surrogate, 10, 48.0, 0.175
surrogate, 10, 48.0, 0.175
surrogate, 10, 48.0, 0.175
surrogate, 10, 48.0, 0.175
surrogate, 10, 48.0, 0.175
surrogate, 10, 47.0, 0.1125
surrogate, 10, 47.0, 0.1125
surrogate, 10, 47.0, 0.1125
surrogate, 10, 47.0, 0.1125
surrogate, 10, 47.0, 0.1125
surrogate, 10, 47.0, 0.1125
surrogate, 10, 47.0, 0.1125
surrogate, 10, 47.0, 0.1125
surrogate, 10, 43.0, 0.0125
surrogate, 10, 43.0, 0.0125
surrogate, 10, 43.0, 0.0125
surrogate, 10, 43.0, 0.0125
surrogate, 10, 43.0, 0.0125
surrogate, 10, 43.0, 0.0125
surrogate, 10, 43.0, 0.0125
surrogate, 10, 43.0, 0.0125
surrogate, 10, 43.0, 0.0125
surrogate, 10, 43.0, 0.0125
surrogate, 10, 43.0, 0.0125
surrogate, 10, 43.0, 0.0125
surrogate, 10, 43.0, 0.0125
surrogate, 11, 53.0, 0.4
surrogate, 11, 53.0, 0.4
surrogate, 11, 53.0, 0.4
surrogate, 11, 53.0, 0.4
surrogate, 11, 53.0, 0.4
surrogate, 11, 49.0, 0.275
surrogate, 11, 49.0, 0.275
surrogate, 11, 49.0, 0.275
surrogate, 11, 49.0, 0.275
surrogate, 11, 49.0, 0.275
surrogate, 11, 49.0, 0.275
surrogate, 11, 49.0, 0.275
surrogate, 11, 49.0, 0.275
surrogate, 11, 49.0, 0.275
surrogate, 11, 49.0, 0.275
surrogate, 11, 48.0, 0.175
surrogate, 11, 48.0, 0.175
surrogate, 11, 48.0, 0.175
surrogate, 11, 48.0, 0.175
surrogate, 11, 48.0, 0.175
surrogate, 11, 48.0, 0.175
surrogate, 11, 48.0, 0.175
surrogate, 11, 48.0, 0.175
surrogate, 11, 48.0, 0.175
surrogate, 11, 48.0, 0.175
surrogate, 11, 48.0, 0.175
surrogate, 11, 48.0, 0.175
surrogate, 11, 48.0, 0.175
surrogate, 11, 48.0, 0.175
surrogate, 11, 47.0, 0.1125
surrogate, 11, 47.0, 0.1125
surrogate, 11, 47.0, 0.1125
surrogate, 11, 47.0, 0.1125
surrogate, 11, 47.0, 0.1125
surrogate, 11, 47.0, 0.1125
surrogate, 11, 47.0, 0.1125
surrogate, 11, 47.0, 0.1125
surrogate, 11, 47.0, 0.1125
surrogate, 11, 43.0, 0.0125
surrogate, 11, 43.0, 0.0125
surrogate, 11, 43.0, 0.0125
surrogate, 11, 43.0, 0.0125
surrogate, 11, 43.0, 0.0125
surrogate, 11, 43.0, 0.0125
surrogate, 11, 43.0, 0.0125
surrogate, 11, 43.0, 0.0125
surrogate, 11, 43.0, 0.0125
surrogate, 11, 43.0, 0.0125
surrogate, 11, 43.0, 0.0125
surrogate, 11, 43.0, 0.0125
surrogate, 11, 43.0, 0.0125
surrogate, 11, 43.0, 0.0125
surrogate, 12, 53.0, 0.4
surrogate, 12, 53.0, 0.4
surrogate, 12, 53.0, 0.4
surrogate, 12, 53.0, 0.4
surrogate, 12, 53.0, 0.4
surrogate, 12, 53.0, 0.4
surrogate, 12, 49.0, 0.275
surrogate, 12, 49.0, 0.275
surrogate, 12, 49.0, 0.275
surrogate, 12, 49.0, 0.275
surrogate, 12, 49.0, 0.275
surrogate, 12, 49.0, 0.275
surrogate, 12, 49.0, 0.275
surrogate, 12, 49.0, 0.275
surrogate, 12, 49.0, 0.275
surrogate, 12, 49.0, 0.275
surrogate, 12, 49.0, 0.275
surrogate, 12, 48.0, 0.175
surrogate, 12, 48.0, 0.175
surrogate, 12, 48.0, 0.175
surrogate, 12, 48.0, 0.175
surrogate, 12, 48.0, 0.175
surrogate, 12, 48.0, 0.175
surrogate, 12, 48.0, 0.175
surrogate, 12, 48.0, 0.175
surrogate, 12, 48.0, 0.175
surrogate, 12, 48.0, 0.175
surrogate, 12, 48.0, 0.175
surrogate, 12, 48.0, 0.175
surrogate, 12, 48.0, 0.175
surrogate, 12, 48.0, 0.175
surrogate, 12, 48.0, 0.175
surrogate, 12, 47.0, 0.1125
surrogate, 12, 47.0, 0.1125
surrogate, 12, 47.0, 0.1125
surrogate, 12, 47.0, 0.1125
surrogate, 12, 47.0, 0.1125
surrogate, 12, 47.0, 0.1125
surrogate, 12, 47.0, 0.1125
surrogate, 12, 47.0, 0.1125
surrogate, 12, 47.0, 0.1125
surrogate, 12, 47.0, 0.1125
surrogate, 12, 43.0, 0.0125
surrogate, 12, 43.0, 0.0125
surrogate, 12, 43.0, 0.0125
surrogate, 12, 43.0, 0.0125
surrogate, 12, 43.0, 0.0125
surrogate, 12, 43.0, 0.0125
surrogate, 12, 43.0, 0.0125
surrogate, 12, 43.0, 0.0125
surrogate, 12, 43.0, 0.0125
surrogate, 12, 43.0, 0.0125
surrogate, 12, 43.0, 0.0125
surrogate, 12, 43.0, 0.0125
surrogate, 12, 43.0, 0.0125
surrogate, 12, 43.0, 0.0125
surrogate, 12, 43.0, 0.0125
surrogate, 13, 53.0, 0.4
surrogate, 13, 53.0, 0.4
surrogate, 13, 53.0, 0.4
surrogate, 13, 53.0, 0.4
surrogate, 13, 53.0, 0.4
surrogate, 13, 53.0, 0.4
surrogate, 13, 53.0, 0.4
surrogate, 13, 49.0, 0.275
surrogate, 13, 49.0, 0.275
surrogate, 13, 49.0, 0.275
surrogate, 13, 49.0, 0.275
surrogate, 13, 49.0, 0.275
surrogate, 13, 49.0, 0.275
surrogate, 13, 49.0, 0.275
surrogate, 13, 49.0, 0.275
surrogate, 13, 49.0, 0.275
surrogate, 13, 49.0, 0.275
surrogate, 13, 49.0, 0.275
surrogate, 13, 48.0, 0.175
surrogate, 13, 48.0, 0.175
surrogate, 13, 48.0, 0.175
surrogate, 13, 48.0, 0.175
surrogate, 13, 48.0, 0.175
surrogate, 13, 48.0, 0.175
surrogate, 13, 48.0, 0.175
surrogate, 13, 48.0, 0.175
surrogate, 13, 48.0, 0.175
surrogate, 13, 48.0, 0.175
surrogate, 13, 48.0, 0.175
surrogate, 13, 48.0, 0.175
surrogate, 13, 48.0, 0.175
surrogate, 13, 48.0, 0.175
surrogate, 13, 48.0, 0.175
surrogate, 13, 48.0, 0.175
surrogate, 13, 47.0, 0.1125
surrogate, 13, 47.0, 0.1125
surrogate, 13, 47.0, 0.1125
surrogate, 13, 47.0, 0.1125
surrogate, 13, 47.0, 0.1125
surrogate, 13, 47.0, 0.1125
surrogate, 13, 47.0, 0.1125
surrogate, 13, 47.0, 0.1125
surrogate, 13, 47.0, 0.1125
surrogate, 13, 47.0, 0.1125
surrogate, 13, 47.0, 0.1125
surrogate, 13, 43.0, 0.0125
surrogate, 13, 43.0, 0.0125
surrogate, 13, 43.0, 0.0125
surrogate, 13, 43.0, 0.0125
surrogate, 13, 43.0, 0.0125
surrogate, 13, 43.0, 0.0125
surrogate, 13, 43.0, 0.0125
surrogate, 13, 43.0, 0.0125
surrogate, 13, 43.0, 0.0125
surrogate, 13, 43.0, 0.0125
surrogate, 13, 43.0, 0.0125
surrogate, 13, 43.0, 0.0125
surrogate, 13, 43.0, 0.0125
surrogate, 13, 43.0, 0.0125
surrogate, 13, 43.0, 0.0125
surrogate, 13, 43.0, 0.0125
surrogate, 14, 53.0, 0.425
surrogate, 14, 49.0, 0.275
surrogate, 14, 49.0, 0.275
surrogate, 14, 49.0, 0.275
surrogate, 14, 49.0, 0.275
surrogate, 14, 49.0, 0.275
surrogate, 14, 49.0, 0.275
surrogate, 14, 49.0, 0.275
surrogate, 14, 49.0, 0.275
surrogate, 14, 49.0, 0.275
surrogate, 14, 49.0, 0.275
surrogate, 14, 49.0, 0.275
surrogate, 14, 49.0, 0.275
surrogate, 14, 48.0, 0.175
surrogate, 14, 48.0, 0.175
surrogate, 14, 48.0, 0.175
surrogate, 14, 48.0, 0.175
surrogate, 14, 48.0, 0.175
surrogate, 14, 48.0, 0.175
surrogate, 14, 48.0, 0.175
surrogate, 14, 48.0, 0.175
surrogate, 14, 48.0, 0.175
surrogate, 14, 48.0, 0.175
surrogate, 14, 48.0, 0.175
surrogate, 14, 48.0, 0.175
surrogate, 14, 48.0, 0.175
surrogate, 14, 48.0, 0.175
surrogate, 14, 48.0, 0.175
surrogate, 14, 48.0, 0.175
surrogate, 14, 48.0, 0.175
surrogate, 14, 47.0, 0.1125
surrogate, 14, 47.0, 0.1125
surrogate, 14, 47.0, 0.1125
surrogate, 14, 47.0, 0.1125
surrogate, 14, 47.0, 0.1125
surrogate, 14, 47.0, 0.1125
surrogate, 14, 47.0, 0.1125
surrogate, 14, 47.0, 0.1125
surrogate, 14, 47.0, 0.1125
surrogate, 14, 47.0, 0.1125
surrogate, 14, 47.0, 0.1125
surrogate, 14, 47.0, 0.1125
surrogate, 14, 43.0, 0.0125
surrogate, 14, 43.0, 0.0125
surrogate, 14, 43.0, 0.0125
surrogate, 14, 43.0, 0.0125
surrogate, 14, 43.0, 0.0125
surrogate, 14, 43.0, 0.0125
surrogate, 14, 43.0, 0.0125
surrogate, 14, 43.0, 0.0125
surrogate, 14, 43.0, 0.0125
surrogate, 14, 43.0, 0.0125
surrogate, 14, 43.0, 0.0125
surrogate, 14, 43.0, 0.0125
surrogate, 14, 43.0, 0.0125
surrogate, 14, 43.0, 0.0125
surrogate, 14, 43.0, 0.0125
surrogate, 14, 43.0, 0.0125
surrogate, 14, 43.0, 0.0125
surrogate, 15, 53.0, 0.425
surrogate, 15, 53.0, 0.425
surrogate, 15, 49.0, 0.275
surrogate, 15, 49.0, 0.275
surrogate, 15, 49.0, 0.275
surrogate, 15, 49.0, 0.275
surrogate, 15, 49.0, 0.275
surrogate, 15, 49.0, 0.275
surrogate, 15, 49.0, 0.275
surrogate, 15, 49.0, 0.275
surrogate, 15, 49.0, 0.275
surrogate, 15, 49.0, 0.275
surrogate, 15, 49.0, 0.275
surrogate, 15, 49.0, 0.275
surrogate, 15, 48.0, 0.175
surrogate, 15, 48.0, 0.175
surrogate, 15, 48.0, 0.175
surrogate, 15, 48.0, 0.175
surrogate, 15, 48.0, 0.175
surrogate, 15, 48.0, 0.175
surrogate, 15, 48.0, 0.175
surrogate, 15, 48.0, 0.175
surrogate, 15, 48.0, 0.175
surrogate, 15, 48.0, 0.175
surrogate, 15, 48.0, 0.175
surrogate, 15, 48.0, 0.175
surrogate, 15, 48.0, 0.175
surrogate, 15, 48.0, 0.175
surrogate, 15, 48.0, 0.175
surrogate, 15, 48.0, 0.175
surrogate, 15, 48.0, 0.175
surrogate, 15, 48.0, 0.175
surrogate, 15, 47.0, 0.1125
surrogate, 15, 47.0, 0.1125
surrogate, 15, 47.0, 0.1125
surrogate, 15, 47.0, 0.1125
surrogate, 15, 47.0, 0.1125
surrogate, 15, 47.0, 0.1125
surrogate, 15, 47.0, 0.1125
surrogate, 15, 47.0, 0.1125
surrogate, 15, 47.0, 0.1125
surrogate, 15, 47.0, 0.1125
surrogate, 15, 47.0, 0.1125
surrogate, 15, 47.0, 0.1125
surrogate, 15, 47.0, 0.1125
surrogate, 15, 43.0, 0.0125
surrogate, 15, 43.0, 0.0125
surrogate, 15, 43.0, 0.0125
surrogate, 15, 43.0, 0.0125
surrogate, 15, 43.0, 0.0125
surrogate, 15, 43.0, 0.0125
surrogate, 15, 43.0, 0.0125
surrogate, 15, 43.0, 0.0125
surrogate, 15, 43.0, 0.0125
surrogate, 15, 43.0, 0.0125
surrogate, 15, 43.0, 0.0125
surrogate, 15, 43.0, 0.0125
surrogate, 15, 43.0, 0.0125
surrogate, 15, 43.0, 0.0125
surrogate, 15, 43.0, 0.0125
surrogate, 15, 43.0, 0.0125
surrogate, 15, 43.0, 0.0125
surrogate, 15, 43.0, 0.0125
surrogate, 16, 53.0, 0.425
surrogate, 16, 53.0, 0.425
surrogate, 16, 53.0, 0.425
surrogate, 16, 49.0, 0.275
surrogate, 16, 49.0, 0.275
surrogate, 16, 49.0, 0.275
surrogate, 16, 49.0, 0.275
surrogate, 16, 49.0, 0.275
surrogate, 16, 49.0, 0.275
surrogate, 16, 49.0, 0.275
surrogate, 16, 49.0, 0.275
surrogate, 16, 49.0, 0.275
surrogate, 16, 49.0, 0.275
surrogate, 16, 49.0, 0.275
surrogate, 16, 49.0, 0.275
surrogate, 16, 48.0, 0.175
surrogate, 16, 48.0, 0.175
surrogate, 16, 48.0, 0.175
surrogate, 16, 48.0, 0.175
surrogate, 16, 48.0, 0.175
surrogate, 16, 48.0, 0.175
surrogate, 16, 48.0, 0.175
surrogate, 16, 48.0, 0.175
surrogate, 16, 48.0, 0.175
surrogate, 16, 48.0, 0.175
surrogate, 16, 48.0, 0.175
surrogate, 16, 48.0, 0.175
surrogate, 16, 48.0, 0.175
surrogate, 16, 48.0, 0.175
surrogate, 16, 48.0, 0.175
surrogate, 16, 48.0, 0.175
surrogate, 16, 48.0, 0.175
surrogate, 16, 48.0, 0.175
surrogate, 16, 47.0, 0.1125
surrogate, 16, 47.0, 0.1125
surrogate, 16, 47.0, 0.1125
surrogate, 16, 47.0, 0.1125
surrogate, 16, 47.0, 0.1125
surrogate, 16, 47.0, 0.1125
surrogate, 16, 47.0, 0.1125
surrogate, 16, 47.0, 0.1125
surrogate, 16, 47.0, 0.1125
surrogate, 16, 47.0, 0.1125
surrogate, 16, 47.0, 0.1125
surrogate, 16, 47.0, 0.1125
surrogate, 16, 47.0, 0.1125
surrogate, 16, 47.0, 0.1125
surrogate, 16, 43.0, 0.0125
surrogate, 16, 43.0, 0.0125
surrogate, 16, 43.0, 0.0125
surrogate, 16, 43.0, 0.0125
surrogate, 16, 43.0, 0.0125
surrogate, 16, 43.0, 0.0125
surrogate, 16, 43.0, 0.0125
surrogate, 16, 43.0, 0.0125
surrogate, 16, 43.0, 0.0125
surrogate, 16, 43.0, 0.0125
surrogate, 16, 43.0, 0.0125
surrogate, 16, 43.0, 0.0125
surrogate, 16, 43.0, 0.0125
surrogate, 16, 43.0, 0.0125
surrogate, 16, 43.0, 0.0125
surrogate, 16, 43.0, 0.0125
surrogate, 16, 43.0, 0.0125
surrogate, 16, 43.0, 0.0125
surrogate, 16, 43.0, 0.0125
surrogate, 17, 53.0, 0.425
surrogate, 17, 53.0, 0.425
surrogate, 17, 53.0, 0.425
surrogate, 17, 49.0, 0.275
surrogate, 17, 49.0, 0.275
surrogate, 17, 49.0, 0.275
surrogate, 17, 49.0, 0.275
surrogate, 17, 49.0, 0.275
surrogate, 17, 49.0, 0.275
surrogate, 17, 49.0, 0.275
surrogate, 17, 49.0, 0.275
surrogate, 17, 49.0, 0.275
surrogate, 17, 49.0, 0.275
surrogate, 17, 49.0, 0.275
surrogate, 17, 49.0, 0.275
surrogate, 17, 49.0, 0.275
surrogate, 17, 48.0, 0.175
surrogate, 17, 48.0, 0.175
surrogate, 17, 48.0, 0.175
surrogate, 17, 48.0, 0.175
surrogate, 17, 48.0, 0.175
surrogate, 17, 48.0, 0.175
surrogate, 17, 48.0, 0.175
surrogate, 17, 48.0, 0.175
surrogate, 17, 48.0, 0.175
surrogate, 17, 48.0, 0.175
surrogate, 17, 48.0, 0.175
surrogate, 17, 48.0, 0.175
surrogate, 17, 48.0, 0.175
surrogate, 17, 48.0, 0.175
surrogate, 17, 48.0, 0.175
surrogate, 17, 48.0, 0.175
surrogate, 17, 48.0, 0.175
surrogate, 17, 48.0, 0.175
surrogate, 17, 47.0, 0.1125
surrogate, 17, 47.0, 0.1125
surrogate, 17, 47.0, 0.1125
surrogate, 17, 47.0, 0.1125
surrogate, 17, 47.0, 0.1125
surrogate, 17, 47.0, 0.1125
surrogate, 17, 47.0, 0.1125
surrogate, 17, 47.0, 0.1125
surrogate, 17, 47.0, 0.1125
surrogate, 17, 47.0, 0.1125
surrogate, 17, 47.0, 0.1125
surrogate, 17, 47.0, 0.1125
surrogate, 17, 47.0, 0.1125
surrogate, 17, 47.0, 0.1125
surrogate, 17, 43.0, 0.0125
surrogate, 17, 43.0, 0.0125
surrogate, 17, 43.0, 0.0125
surrogate, 17, 43.0, 0.0125
surrogate, 17, 43.0, 0.0125
surrogate, 17, 43.0, 0.0125
surrogate, 17, 43.0, 0.0125
surrogate, 17, 43.0, 0.0125
surrogate, 17, 43.0, 0.0125
surrogate, 17, 43.0, 0.0125
surrogate, 17, 43.0, 0.0125
surrogate, 17, 43.0, 0.0125
surrogate, 17, 43.0, 0.0125
surrogate, 17, 43.0, 0.0125
surrogate, 17, 43.0, 0.0125
surrogate, 17, 43.0, 0.0125
surrogate, 17, 43.0, 0.0125
surrogate, 17, 43.0, 0.0125
surrogate, 17, 43.0, 0.0125
surrogate, 17, 43.0, 0.0125
surrogate, 18, 53.0, 0.425
surrogate, 18, 53.0, 0.425
surrogate, 18, 53.0, 0.425
surrogate, 18, 49.0, 0.275
surrogate, 18, 49.0, 0.275
surrogate, 18, 49.0, 0.275
surrogate, 18, 49.0, 0.275
surrogate, 18, 49.0, 0.275
surrogate, 18, 49.0, 0.275
surrogate, 18, 49.0, 0.275
surrogate, 18, 49.0, 0.275
surrogate, 18, 49.0, 0.275
surrogate, 18, 49.0, 0.275
surrogate, 18, 49.0, 0.275
surrogate, 18, 49.0, 0.275
surrogate, 18, 49.0, 0.275
surrogate, 18, 48.0, 0.175
surrogate, 18, 48.0, 0.175
surrogate, 18, 48.0, 0.175
surrogate, 18, 48.0, 0.175
surrogate, 18, 48.0, 0.175
surrogate, 18, 48.0, 0.175
surrogate, 18, 48.0, 0.175
surrogate, 18, 48.0, 0.175
surrogate, 18, 48.0, 0.175
surrogate, 18, 48.0, 0.175
surrogate, 18, 48.0, 0.175
surrogate, 18, 48.0, 0.175
surrogate, 18, 48.0, 0.175
surrogate, 18, 48.0, 0.175
surrogate, 18, 48.0, 0.175
surrogate, 18, 48.0, 0.175
surrogate, 18, 48.0, 0.175
surrogate, 18, 48.0, 0.175
surrogate, 18, 48.0, 0.175
surrogate, 18, 47.0, 0.1125
surrogate, 18, 47.0, 0.1125
surrogate, 18, 47.0, 0.1125
surrogate, 18, 47.0, 0.1125
surrogate, 18, 47.0, 0.1125
surrogate, 18, 47.0, 0.1125
surrogate, 18, 47.0, 0.1125
surrogate, 18, 47.0, 0.1125
surrogate, 18, 47.0, 0.1125
surrogate, 18, 47.0, 0.1125
surrogate, 18, 47.0, 0.1125
surrogate, 18, 47.0, 0.1125
surrogate, 18, 47.0, 0.1125
surrogate, 18, 47.0, 0.1125
surrogate, 18, 47.0, 0.1125
surrogate, 18, 43.0, 0.0125
surrogate, 18, 43.0, 0.0125
surrogate, 18, 43.0, 0.0125
surrogate, 18, 43.0, 0.0125
surrogate, 18, 43.0, 0.0125
surrogate, 18, 43.0, 0.0125
surrogate, 18, 43.0, 0.0125
surrogate, 18, 43.0, 0.0125
surrogate, 18, 43.0, 0.0125
surrogate, 18, 43.0, 0.0125
surrogate, 18, 43.0, 0.0125
surrogate, 18, 43.0, 0.0125
surrogate, 18, 43.0, 0.0125
surrogate, 18, 43.0, 0.0125
surrogate, 18, 43.0, 0.0125
surrogate, 18, 43.0, 0.0125
surrogate, 18, 43.0, 0.0125
surrogate, 18, 43.0, 0.0125
surrogate, 18, 43.0, 0.0125
surrogate, 18, 43.0, 0.0125
surrogate, 19, 53.0, 0.425
surrogate, 19, 53.0, 0.425
surrogate, 19, 53.0, 0.425
surrogate, 19, 53.0, 0.425
surrogate, 19, 49.0, 0.275
surrogate, 19, 49.0, 0.275
surrogate, 19, 49.0, 0.275
surrogate, 19, 49.0, 0.275
surrogate, 19, 49.0, 0.275
surrogate, 19, 49.0, 0.275
surrogate, 19, 49.0, 0.275
surrogate, 19, 49.0, 0.275
surrogate, 19, 49.0, 0.275
surrogate, 19, 49.0, 0.275
surrogate, 19, 49.0, 0.275
surrogate, 19, 49.0, 0.275
surrogate, 19, 49.0, 0.275
surrogate, 19, 49.0, 0.275
surrogate, 19, 48.0, 0.175
surrogate, 19, 48.0, 0.175
surrogate, 19, 48.0, 0.175
surrogate, 19, 48.0, 0.175
surrogate, 19, 48.0, 0.175
surrogate, 19, 48.0, 0.175
surrogate, 19, 48.0, 0.175
surrogate, 19, 48.0, 0.175
surrogate, 19, 48.0, 0.175
surrogate, 19, 48.0, 0.175
surrogate, 19, 48.0, 0.175
surrogate, 19, 48.0, 0.175
surrogate, 19, 48.0, 0.175
surrogate, 19, 48.0, 0.175
surrogate, 19, 48.0, 0.175
surrogate, 19, 48.0, 0.175
surrogate, 19, 48.0, 0.175
surrogate, 19, 48.0, 0.175
surrogate, 19, 48.0, 0.175
surrogate, 19, 48.0, 0.175
surrogate, 19, 47.0, 0.1125
surrogate, 19, 47.0, 0.1125
surrogate, 19, 47.0, 0.1125
surrogate, 19, 47.0, 0.1125
surrogate, 19, 47.0, 0.1125
surrogate, 19, 47.0, 0.1125
surrogate, 19, 47.0, 0.1125
surrogate, 19, 47.0, 0.1125
surrogate, 19, 47.0, 0.1125
surrogate, 19, 47.0, 0.1125
surrogate, 19, 47.0, 0.1125
surrogate, 19, 47.0, 0.1125
surrogate, 19, 47.0, 0.1125
surrogate, 19, 47.0, 0.1125
surrogate, 19, 47.0, 0.1125
surrogate, 19, 47.0, 0.1125
surrogate, 19, 43.0, 0.0125
surrogate, 19, 43.0, 0.0125
surrogate, 19, 43.0, 0.0125
surrogate, 19, 43.0, 0.0125
surrogate, 19, 43.0, 0.0125
surrogate, 19, 43.0, 0.0125
surrogate, 19, 43.0, 0.0125
surrogate, 19, 43.0, 0.0125
surrogate, 19, 43.0, 0.0125
surrogate, 19, 43.0, 0.0125
surrogate, 19, 43.0, 0.0125
surrogate, 19, 43.0, 0.0125
surrogate, 19, 43.0, 0.0125
surrogate, 19, 43.0, 0.0125
surrogate, 19, 43.0, 0.0125
surrogate, 19, 43.0, 0.0125
surrogate, 19, 43.0, 0.0125
surrogate, 19, 43.0, 0.0125
surrogate, 19, 43.0, 0.0125
surrogate, 19, 43.0, 0.0125
surrogate, 20, 53.0, 0.425
surrogate, 20, 53.0, 0.425
surrogate, 20, 53.0, 0.425
surrogate, 20, 53.0, 0.425
surrogate, 20, 53.0, 0.425
surrogate, 20, 49.0, 0.275
surrogate, 20, 49.0, 0.275
surrogate, 20, 49.0, 0.275
surrogate, 20, 49.0, 0.275
surrogate, 20, 49.0, 0.275
surrogate, 20, 49.0, 0.275
surrogate, 20, 49.0, 0.275
surrogate, 20, 49.0, 0.275
surrogate, 20, 49.0, 0.275
surrogate, 20, 49.0, 0.275
surrogate, 20, 49.0, 0.275
surrogate, 20, 49.0, 0.275
surrogate, 20, 49.0, 0.275
surrogate, 20, 49.0, 0.275
surrogate, 20, 49.0, 0.275
surrogate, 20, 48.0, 0.175
surrogate, 20, 48.0, 0.175
surrogate, 20, 48.0, 0.175
surrogate, 20, 48.0, 0.175
surrogate, 20, 48.0, 0.175
surrogate, 20, 48.0, 0.175
surrogate, 20, 48.0, 0.175
surrogate, 20, 48.0, 0.175
surrogate, 20, 48.0, 0.175
surrogate, 20, 48.0, 0.175
surrogate, 20, 48.0, 0.175
surrogate, 20, 48.0, 0.175
surrogate, 20, 48.0, 0.175
surrogate, 20, 48.0, 0.175
surrogate, 20, 48.0, 0.175
surrogate, 20, 48.0, 0.175
surrogate, 20, 48.0, 0.175
surrogate, 20, 48.0, 0.175
surrogate, 20, 48.0, 0.175
surrogate, 20, 48.0, 0.175
surrogate, 20, 48.0, 0.175
surrogate, 20, 47.0, 0.1125
surrogate, 20, 47.0, 0.1125
surrogate, 20, 47.0, 0.1125
surrogate, 20, 47.0, 0.1125
surrogate, 20, 47.0, 0.1125
surrogate, 20, 47.0, 0.1125
surrogate, 20, 47.0, 0.1125
surrogate, 20, 47.0, 0.1125
surrogate, 20, 47.0, 0.1125
surrogate, 20, 47.0, 0.1125
surrogate, 20, 47.0, 0.1125
surrogate, 20, 47.0, 0.1125
surrogate, 20, 47.0, 0.1125
surrogate, 20, 47.0, 0.1125
surrogate, 20, 47.0, 0.1125
surrogate, 20, 47.0, 0.1125
surrogate, 20, 47.0, 0.1125
surrogate, 20, 43.0, 0.0125
surrogate, 20, 43.0, 0.0125
surrogate, 20, 43.0, 0.0125
surrogate, 20, 43.0, 0.0125
surrogate, 20, 43.0, 0.0125
surrogate, 20, 43.0, 0.0125
surrogate, 20, 43.0, 0.0125
surrogate, 20, 43.0, 0.0125
surrogate, 20, 43.0, 0.0125
surrogate, 20, 43.0, 0.0125
surrogate, 20, 43.0, 0.0125
surrogate, 20, 43.0, 0.0125
surrogate, 20, 43.0, 0.0125
surrogate, 20, 43.0, 0.0125
surrogate, 20, 43.0, 0.0125
surrogate, 20, 43.0, 0.0125
surrogate, 20, 43.0, 0.0125
surrogate, 20, 43.0, 0.0125
surrogate, 20, 43.0, 0.0125
surrogate, 20, 43.0, 0.0125
surrogate, 20, 43.0, 0.0125
surrogate, 21, 53.0, 0.425
surrogate, 21, 53.0, 0.425
surrogate, 21, 53.0, 0.425
surrogate, 21, 53.0, 0.425
surrogate, 21, 53.0, 0.425
surrogate, 21, 53.0, 0.425
surrogate, 21, 49.0, 0.275
surrogate, 21, 49.0, 0.275
surrogate, 21, 49.0, 0.275
surrogate, 21, 49.0, 0.275
surrogate, 21, 49.0, 0.275
surrogate, 21, 49.0, 0.275
surrogate, 21, 49.0, 0.275
surrogate, 21, 49.0, 0.275
surrogate, 21, 49.0, 0.275
surrogate, 21, 49.0, 0.275
surrogate, 21, 49.0, 0.275
surrogate, 21, 49.0, 0.275
surrogate, 21, 49.0, 0.275
surrogate, 21, 49.0, 0.275
surrogate, 21, 49.0, 0.275
surrogate, 21, 49.0, 0.275
surrogate, 21, 48.0, 0.175
surrogate, 21, 48.0, 0.175
surrogate, 21, 48.0, 0.175
surrogate, 21, 48.0, 0.175
surrogate, 21, 48.0, 0.175
surrogate, 21, 48.0, 0.175
surrogate, 21, 48.0, 0.175
surrogate, 21, 48.0, 0.175
surrogate, 21, 48.0, 0.175
surrogate, 21, 48.0, 0.175
surrogate, 21, 48.0, 0.175
surrogate, 21, 48.0, 0.175
surrogate, 21, 48.0, 0.175
surrogate, 21, 48.0, 0.175
surrogate, 21, 48.0, 0.175
surrogate, 21, 48.0, 0.175
surrogate, 21, 48.0, 0.175
surrogate, 21, 48.0, 0.175
surrogate, 21, 48.0, 0.175
surrogate, 21, 48.0, 0.175
surrogate, 21, 48.0, 0.175
surrogate, 21, 48.0, 0.175
surrogate, 21, 47.0, 0.1125
surrogate, 21, 47.0, 0.1125
surrogate, 21, 47.0, 0.1125
surrogate, 21, 47.0, 0.1125
surrogate, 21, 47.0, 0.1125
surrogate, 21, 47.0, 0.1125
surrogate, 21, 47.0, 0.1125
surrogate, 21, 47.0, 0.1125
surrogate, 21, 47.0, 0.1125
surrogate, 21, 47.0, 0.1125
surrogate, 21, 47.0, 0.1125
surrogate, 21, 47.0, 0.1125
surrogate, 21, 47.0, 0.1125
surrogate, 21, 47.0, 0.1125
surrogate, 21, 47.0, 0.1125
surrogate, 21, 47.0, 0.1125
surrogate, 21, 47.0, 0.1125
surrogate, 21, 47.0, 0.1125
surrogate, 21, 43.0, 0.0125
surrogate, 21, 43.0, 0.0125
surrogate, 21, 43.0, 0.0125
surrogate, 21, 43.0, 0.0125
surrogate, 21, 43.0, 0.0125
surrogate, 21, 43.0, 0.0125
surrogate, 21, 43.0, 0.0125
surrogate, 21, 43.0, 0.0125
surrogate, 21, 43.0, 0.0125
surrogate, 21, 43.0, 0.0125
surrogate, 21, 43.0, 0.0125
surrogate, 21, 43.0, 0.0125
surrogate, 21, 43.0, 0.0125
surrogate, 21, 43.0, 0.0125
surrogate, 21, 43.0, 0.0125
surrogate, 21, 43.0, 0.0125
surrogate, 21, 43.0, 0.0125
surrogate, 21, 43.0, 0.0125
surrogate, 21, 43.0, 0.0125
surrogate, 21, 43.0, 0.0125
surrogate, 21, 43.0, 0.0125
surrogate, 21, 43.0, 0.0125
surrogate, 22, 53.0, 0.425
surrogate, 22, 53.0, 0.425
surrogate, 22, 53.0, 0.425
surrogate, 22, 53.0, 0.425
surrogate, 22, 53.0, 0.425
surrogate, 22, 53.0, 0.425
surrogate, 22, 53.0, 0.425
surrogate, 22, 49.0, 0.275
surrogate, 22, 49.0, 0.275
surrogate, 22, 49.0, 0.275
surrogate, 22, 49.0, 0.275
surrogate, 22, 49.0, 0.275
surrogate, 22, 49.0, 0.275
surrogate, 22, 49.0, 0.275
surrogate, 22, 49.0, 0.275
surrogate, 22, 49.0, 0.275
surrogate, 22, 49.0, 0.275
surrogate, 22, 49.0, 0.275
surrogate, 22, 49.0, 0.275
surrogate, 22, 49.0, 0.275
surrogate, 22, 49.0, 0.275
surrogate, 22, 49.0, 0.275
surrogate, 22, 49.0, 0.275
surrogate, 22, 49.0, 0.275
surrogate, 22, 48.0, 0.175
surrogate, 22, 48.0, 0.175
surrogate, 22, 48.0, 0.175
surrogate, 22, 48.0, 0.175
surrogate, 22, 48.0, 0.175
surrogate, 22, 48.0, 0.175
surrogate, 22, 48.0, 0.175
surrogate, 22, 48.0, 0.175
surrogate, 22, 48.0, 0.175
surrogate, 22, 48.0, 0.175
surrogate, 22, 48.0, 0.175
surrogate, 22, 48.0, 0.175
surrogate, 22, 48.0, 0.175
surrogate, 22, 48.0, 0.175
surrogate, 22, 48.0, 0.175
surrogate, 22, 48.0, 0.175
surrogate, 22, 48.0, 0.175
surrogate, 22, 48.0, 0.175
surrogate, 22, 48.0, 0.175
surrogate, 22, 48.0, 0.175
surrogate, 22, 48.0, 0.175
surrogate, 22, 48.0, 0.175
surrogate, 22, 48.0, 0.175
surrogate, 22, 47.0, 0.1375
surrogate, 22, 43.0, 0.0125
surrogate, 22, 43.0, 0.0125
surrogate, 22, 43.0, 0.0125
surrogate, 22, 43.0, 0.0125
surrogate, 22, 43.0, 0.0125
surrogate, 22, 43.0, 0.0125
surrogate, 22, 43.0, 0.0125
surrogate, 22, 43.0, 0.0125
surrogate, 22, 43.0, 0.0125
surrogate, 22, 43.0, 0.0125
surrogate, 22, 43.0, 0.0125
surrogate, 22, 43.0, 0.0125
surrogate, 22, 43.0, 0.0125
surrogate, 22, 43.0, 0.0125
surrogate, 22, 43.0, 0.0125
surrogate, 22, 43.0, 0.0125
surrogate, 22, 43.0, 0.0125
surrogate, 22, 43.0, 0.0125
surrogate, 22, 43.0, 0.0125
surrogate, 22, 43.0, 0.0125
surrogate, 22, 43.0, 0.0125
surrogate, 22, 43.0, 0.0125
surrogate, 23, 53.0, 0.425
surrogate, 23, 53.0, 0.425
surrogate, 23, 53.0, 0.425
surrogate, 23, 53.0, 0.425
surrogate, 23, 53.0, 0.425
surrogate, 23, 53.0, 0.425
surrogate, 23, 53.0, 0.425
surrogate, 23, 53.0, 0.425
surrogate, 23, 49.0, 0.275
surrogate, 23, 49.0, 0.275
surrogate, 23, 49.0, 0.275
surrogate, 23, 49.0, 0.275
surrogate, 23, 49.0, 0.275
surrogate, 23, 49.0, 0.275
surrogate, 23, 49.0, 0.275
surrogate, 23, 49.0, 0.275
surrogate, 23, 49.0, 0.275
surrogate, 23, 49.0, 0.275
surrogate, 23, 49.0, 0.275
surrogate, 23, 49.0, 0.275
surrogate, 23, 49.0, 0.275
surrogate, 23, 49.0, 0.275
surrogate, 23, 49.0, 0.275
surrogate, 23, 49.0, 0.275
surrogate, 23, 49.0, 0.275
surrogate, 23, 49.0, 0.275
surrogate, 23, 48.0, 0.175
surrogate, 23, 48.0, 0.175
surrogate, 23, 48.0, 0.175
surrogate, 23, 48.0, 0.175
surrogate, 23, 48.0, 0.175
surrogate, 23, 48.0, 0.175
surrogate, 23, 48.0, 0.175
surrogate, 23, 48.0, 0.175
surrogate, 23, 48.0, 0.175
surrogate, 23, 48.0, 0.175
surrogate, 23, 48.0, 0.175
surrogate, 23, 48.0, 0.175
surrogate, 23, 48.0, 0.175
surrogate, 23, 48.0, 0.175
surrogate, 23, 48.0, 0.175
surrogate, 23, 48.0, 0.175
surrogate, 23, 48.0, 0.175
surrogate, 23, 48.0, 0.175
surrogate, 23, 48.0, 0.175
surrogate, 23, 48.0, 0.175
surrogate, 23, 48.0, 0.175
surrogate, 23, 48.0, 0.175
surrogate, 23, 48.0, 0.175
surrogate, 23, 48.0, 0.175
surrogate, 23, 47.0, 0.1375
surrogate, 23, 43.0, 0.0125
surrogate, 23, 43.0, 0.0125
surrogate, 23, 43.0, 0.0125
surrogate, 23, 43.0, 0.0125
surrogate, 23, 43.0, 0.0125
surrogate, 23, 43.0, 0.0125
surrogate, 23, 43.0, 0.0125
surrogate, 23, 43.0, 0.0125
surrogate, 23, 43.0, 0.0125
surrogate, 23, 43.0, 0.0125
surrogate, 23, 43.0, 0.0125
surrogate, 23, 43.0, 0.0125
surrogate, 23, 43.0, 0.0125
surrogate, 23, 43.0, 0.0125
surrogate, 23, 43.0, 0.0125
surrogate, 23, 43.0, 0.0125
surrogate, 23, 43.0, 0.0125
surrogate, 23, 43.0, 0.0125
surrogate, 23, 43.0, 0.0125
surrogate, 23, 43.0, 0.0125
surrogate, 23, 43.0, 0.0125
surrogate, 23, 43.0, 0.0125
surrogate, 23, 43.0, 0.0125
surrogate, 24, 53.0, 0.425
surrogate, 24, 53.0, 0.425
surrogate, 24, 53.0, 0.425
surrogate, 24, 53.0, 0.425
surrogate, 24, 53.0, 0.425
surrogate, 24, 53.0, 0.425
surrogate, 24, 53.0, 0.425
surrogate, 24, 53.0, 0.425
surrogate, 24, 53.0, 0.425
surrogate, 24, 49.0, 0.275
surrogate, 24, 49.0, 0.275
surrogate, 24, 49.0, 0.275
surrogate, 24, 49.0, 0.275
surrogate, 24, 49.0, 0.275
surrogate, 24, 49.0, 0.275
surrogate, 24, 49.0, 0.275
surrogate, 24, 49.0, 0.275
surrogate, 24, 49.0, 0.275
surrogate, 24, 49.0, 0.275
surrogate, 24, 49.0, 0.275
surrogate, 24, 49.0, 0.275
surrogate, 24, 49.0, 0.275
surrogate, 24, 49.0, 0.275
surrogate, 24, 49.0, 0.275
surrogate, 24, 49.0, 0.275
surrogate, 24, 49.0, 0.275
surrogate, 24, 49.0, 0.275
surrogate, 24, 49.0, 0.275
surrogate, 24, 48.0, 0.175
surrogate, 24, 48.0, 0.175
surrogate, 24, 48.0, 0.175
surrogate, 24, 48.0, 0.175
surrogate, 24, 48.0, 0.175
surrogate, 24, 48.0, 0.175
surrogate, 24, 48.0, 0.175
surrogate, 24, 48.0, 0.175
surrogate, 24, 48.0, 0.175
surrogate, 24, 48.0, 0.175
surrogate, 24, 48.0, 0.175
surrogate, 24, 48.0, 0.175
surrogate, 24, 48.0, 0.175
surrogate, 24, 48.0, 0.175
surrogate, 24, 48.0, 0.175
surrogate, 24, 48.0, 0.175
surrogate, 24, 48.0, 0.175
surrogate, 24, 48.0, 0.175
surrogate, 24, 48.0, 0.175
surrogate, 24, 48.0, 0.175
surrogate, 24, 48.0, 0.175
surrogate, 24, 48.0, 0.175
surrogate, 24, 48.0, 0.175
surrogate, 24, 48.0, 0.175
surrogate, 24, 48.0, 0.175
surrogate, 24, 47.0, 0.1375
surrogate, 24, 47.0, 0.1375
surrogate, 24, 43.0, 0.0125
surrogate, 24, 43.0, 0.0125
surrogate, 24, 43.0, 0.0125
surrogate, 24, 43.0, 0.0125
surrogate, 24, 43.0, 0.0125
surrogate, 24, 43.0, 0.0125
surrogate, 24, 43.0, 0.0125
surrogate, 24, 43.0, 0.0125
surrogate, 24, 43.0, 0.0125
surrogate, 24, 43.0, 0.0125
surrogate, 24, 43.0, 0.0125
surrogate, 24, 43.0, 0.0125
surrogate, 24, 43.0, 0.0125
surrogate, 24, 43.0, 0.0125
surrogate, 24, 43.0, 0.0125
surrogate, 24, 43.0, 0.0125
surrogate, 24, 43.0, 0.0125
surrogate, 24, 43.0, 0.0125
surrogate, 24, 43.0, 0.0125
surrogate, 24, 43.0, 0.0125
surrogate, 24, 43.0, 0.0125
surrogate, 24, 43.0, 0.0125
surrogate, 24, 43.0, 0.0125
surrogate, 24, 43.0, 0.0125
surrogate, 25, 53.0, 0.425
surrogate, 25, 53.0, 0.425
surrogate, 25, 53.0, 0.425
surrogate, 25, 53.0, 0.425
surrogate, 25, 53.0, 0.425
surrogate, 25, 53.0, 0.425
surrogate, 25, 53.0, 0.425
surrogate, 25, 53.0, 0.425
surrogate, 25, 53.0, 0.425
surrogate, 25, 53.0, 0.425
surrogate, 25, 49.0, 0.275
surrogate, 25, 49.0, 0.275
surrogate, 25, 49.0, 0.275
surrogate, 25, 49.0, 0.275
surrogate, 25, 49.0, 0.275
surrogate, 25, 49.0, 0.275
surrogate, 25, 49.0, 0.275
surrogate, 25, 49.0, 0.275
surrogate, 25, 49.0, 0.275
surrogate, 25, 49.0, 0.275
surrogate, 25, 49.0, 0.275
surrogate, 25, 49.0, 0.275
surrogate, 25, 49.0, 0.275
surrogate, 25, 49.0, 0.275
surrogate, 25, 49.0, 0.275
surrogate, 25, 49.0, 0.275
surrogate, 25, 49.0, 0.275
surrogate, 25, 49.0, 0.275
surrogate, 25, 49.0, 0.275
surrogate, 25, 49.0, 0.275
surrogate, 25, 48.0, 0.175
surrogate, 25, 48.0, 0.175
surrogate, 25, 48.0, 0.175
surrogate, 25, 48.0, 0.175
surrogate, 25, 48.0, 0.175
surrogate, 25, 48.0, 0.175
surrogate, 25, 48.0, 0.175
surrogate, 25, 48.0, 0.175
surrogate, 25, 48.0, 0.175
surrogate, 25, 48.0, 0.175
surrogate, 25, 48.0, 0.175
surrogate, 25, 48.0, 0.175
surrogate, 25, 48.0, 0.175
surrogate, 25, 48.0, 0.175
surrogate, 25, 48.0, 0.175
surrogate, 25, 48.0, 0.175
surrogate, 25, 48.0, 0.175
surrogate, 25, 48.0, 0.175
surrogate, 25, 48.0, 0.175
surrogate, 25, 48.0, 0.175
surrogate, 25, 48.0, 0.175
surrogate, 25, 48.0, 0.175
surrogate, 25, 48.0, 0.175
surrogate, 25, 48.0, 0.175
surrogate, 25, 48.0, 0.175
surrogate, 25, 48.0, 0.175
surrogate, 25, 47.0, 0.1375
surrogate, 25, 47.0, 0.1375
surrogate, 25, 47.0, 0.1375
surrogate, 25, 43.0, 0.0125
surrogate, 25, 43.0, 0.0125
surrogate, 25, 43.0, 0.0125
surrogate, 25, 43.0, 0.0125
surrogate, 25, 43.0, 0.0125
surrogate, 25, 43.0, 0.0125
surrogate, 25, 43.0, 0.0125
surrogate, 25, 43.0, 0.0125
surrogate, 25, 43.0, 0.0125
surrogate, 25, 43.0, 0.0125
surrogate, 25, 43.0, 0.0125
surrogate, 25, 43.0, 0.0125
surrogate, 25, 43.0, 0.0125
surrogate, 25, 43.0, 0.0125
surrogate, 25, 43.0, 0.0125
surrogate, 25, 43.0, 0.0125
surrogate, 25, 43.0, 0.0125
surrogate, 25, 43.0, 0.0125
surrogate, 25, 43.0, 0.0125
surrogate, 25, 43.0, 0.0125
surrogate, 25, 43.0, 0.0125
surrogate, 25, 43.0, 0.0125
surrogate, 25, 43.0, 0.0125
surrogate, 25, 43.0, 0.0125
surrogate, 26, 53.0, 0.425
surrogate, 26, 53.0, 0.425
surrogate, 26, 53.0, 0.425
surrogate, 26, 53.0, 0.425
surrogate, 26, 53.0, 0.425
surrogate, 26, 53.0, 0.425
surrogate, 26, 53.0, 0.425
surrogate, 26, 53.0, 0.425
surrogate, 26, 53.0, 0.425
surrogate, 26, 53.0, 0.425
surrogate, 26, 53.0, 0.425
surrogate, 26, 51.0, 0.3375
surrogate, 26, 49.0, 0.275
surrogate, 26, 49.0, 0.275
surrogate, 26, 49.0, 0.275
surrogate, 26, 49.0, 0.275
surrogate, 26, 49.0, 0.275
surrogate, 26, 49.0, 0.275
surrogate, 26, 49.0, 0.275
surrogate, 26, 49.0, 0.275
surrogate, 26, 49.0, 0.275
surrogate, 26, 49.0, 0.275
surrogate, 26, 49.0, 0.275
surrogate, 26, 49.0, 0.275
surrogate, 26, 49.0, 0.275
surrogate, 26, 49.0, 0.275
surrogate, 26, 49.0, 0.275
surrogate, 26, 49.0, 0.275
surrogate, 26, 49.0, 0.275
surrogate, 26, 49.0, 0.275
surrogate, 26, 49.0, 0.275
surrogate, 26, 49.0, 0.275
surrogate, 26, 49.0, 0.275
surrogate, 26, 48.0, 0.175
surrogate, 26, 48.0, 0.175
surrogate, 26, 48.0, 0.175
surrogate, 26, 48.0, 0.175
surrogate, 26, 48.0, 0.175
surrogate, 26, 48.0, 0.175
surrogate, 26, 48.0, 0.175
surrogate, 26, 48.0, 0.175
surrogate, 26, 48.0, 0.175
surrogate, 26, 48.0, 0.175
surrogate, 26, 48.0, 0.175
surrogate, 26, 48.0, 0.175
surrogate, 26, 48.0, 0.175
surrogate, 26, 48.0, 0.175
surrogate, 26, 48.0, 0.175
surrogate, 26, 48.0, 0.175
surrogate, 26, 48.0, 0.175
surrogate, 26, 48.0, 0.175
surrogate, 26, 48.0, 0.175
surrogate, 26, 48.0, 0.175
surrogate, 26, 48.0, 0.175
surrogate, 26, 48.0, 0.175
surrogate, 26, 48.0, 0.175
surrogate, 26, 48.0, 0.175
surrogate, 26, 48.0, 0.175
surrogate, 26, 48.0, 0.175
surrogate, 26, 48.0, 0.175
surrogate, 26, 47.0, 0.1375
surrogate, 26, 47.0, 0.1375
surrogate, 26, 47.0, 0.1375
surrogate, 26, 47.0, 0.1375
surrogate, 26, 43.0, 0.0125
surrogate, 26, 43.0, 0.0125
surrogate, 26, 43.0, 0.0125
surrogate, 26, 43.0, 0.0125
surrogate, 26, 43.0, 0.0125
surrogate, 26, 43.0, 0.0125
surrogate, 26, 43.0, 0.0125
surrogate, 26, 43.0, 0.0125
surrogate, 26, 43.0, 0.0125
surrogate, 26, 43.0, 0.0125
surrogate, 26, 43.0, 0.0125
surrogate, 26, 43.0, 0.0125
surrogate, 26, 43.0, 0.0125
surrogate, 26, 43.0, 0.0125
surrogate, 26, 43.0, 0.0125
surrogate, 26, 43.0, 0.0125
surrogate, 26, 43.0, 0.0125
surrogate, 26, 43.0, 0.0125
surrogate, 26, 43.0, 0.0125
surrogate, 26, 43.0, 0.0125
surrogate, 26, 43.0, 0.0125
surrogate, 26, 43.0, 0.0125
surrogate, 26, 43.0, 0.0125
surrogate, 26, 43.0, 0.0125
surrogate, 26, 43.0, 0.0125
surrogate, 27, 53.0, 0.425
surrogate, 27, 53.0, 0.425
surrogate, 27, 53.0, 0.425
surrogate, 27, 53.0, 0.425
surrogate, 27, 53.0, 0.425
surrogate, 27, 53.0, 0.425
surrogate, 27, 53.0, 0.425
surrogate, 27, 53.0, 0.425
surrogate, 27, 53.0, 0.425
surrogate, 27, 53.0, 0.425
surrogate, 27, 53.0, 0.425
surrogate, 27, 53.0, 0.425
surrogate, 27, 51.0, 0.3375
surrogate, 27, 49.0, 0.275
surrogate, 27, 49.0, 0.275
surrogate, 27, 49.0, 0.275
surrogate, 27, 49.0, 0.275
surrogate, 27, 49.0, 0.275
surrogate, 27, 49.0, 0.275
surrogate, 27, 49.0, 0.275
surrogate, 27, 49.0, 0.275
surrogate, 27, 49.0, 0.275
surrogate, 27, 49.0, 0.275
surrogate, 27, 49.0, 0.275
surrogate, 27, 49.0, 0.275
surrogate, 27, 49.0, 0.275
surrogate, 27, 49.0, 0.275
surrogate, 27, 49.0, 0.275
surrogate, 27, 49.0, 0.275
surrogate, 27, 49.0, 0.275
surrogate, 27, 49.0, 0.275
surrogate, 27, 49.0, 0.275
surrogate, 27, 49.0, 0.275
surrogate, 27, 49.0, 0.275
surrogate, 27, 49.0, 0.275
surrogate, 27, 48.0, 0.175
surrogate, 27, 48.0, 0.175
surrogate, 27, 48.0, 0.175
surrogate, 27, 48.0, 0.175
surrogate, 27, 48.0, 0.175
surrogate, 27, 48.0, 0.175
surrogate, 27, 48.0, 0.175
surrogate, 27, 48.0, 0.175
surrogate, 27, 48.0, 0.175
surrogate, 27, 48.0, 0.175
surrogate, 27, 48.0, 0.175
surrogate, 27, 48.0, 0.175
surrogate, 27, 48.0, 0.175
surrogate, 27, 48.0, 0.175
surrogate, 27, 48.0, 0.175
surrogate, 27, 48.0, 0.175
surrogate, 27, 48.0, 0.175
surrogate, 27, 48.0, 0.175
surrogate, 27, 48.0, 0.175
surrogate, 27, 48.0, 0.175
surrogate, 27, 48.0, 0.175
surrogate, 27, 48.0, 0.175
surrogate, 27, 48.0, 0.175
surrogate, 27, 48.0, 0.175
surrogate, 27, 48.0, 0.175
surrogate, 27, 48.0, 0.175
surrogate, 27, 48.0, 0.175
surrogate, 27, 48.0, 0.175
surrogate, 27, 47.0, 0.1375
surrogate, 27, 47.0, 0.1375
surrogate, 27, 47.0, 0.1375
surrogate, 27, 47.0, 0.1375
surrogate, 27, 47.0, 0.1375
surrogate, 27, 43.0, 0.0125
surrogate, 27, 43.0, 0.0125
surrogate, 27, 43.0, 0.0125
surrogate, 27, 43.0, 0.0125
surrogate, 27, 43.0, 0.0125
surrogate, 27, 43.0, 0.0125
surrogate, 27, 43.0, 0.0125
surrogate, 27, 43.0, 0.0125
surrogate, 27, 43.0, 0.0125
surrogate, 27, 43.0, 0.0125
surrogate, 27, 43.0, 0.0125
surrogate, 27, 43.0, 0.0125
surrogate, 27, 43.0, 0.0125
surrogate, 27, 43.0, 0.0125
surrogate, 27, 43.0, 0.0125
surrogate, 27, 43.0, 0.0125
surrogate, 27, 43.0, 0.0125
surrogate, 27, 43.0, 0.0125
surrogate, 27, 43.0, 0.0125
surrogate, 27, 43.0, 0.0125
surrogate, 27, 43.0, 0.0125
surrogate, 27, 43.0, 0.0125
surrogate, 27, 43.0, 0.0125
surrogate, 27, 43.0, 0.0125
surrogate, 27, 43.0, 0.0125
surrogate, 27, 43.0, 0.0125
surrogate, 28, 53.0, 0.425
surrogate, 28, 53.0, 0.425
surrogate, 28, 53.0, 0.425
surrogate, 28, 53.0, 0.425
surrogate, 28, 53.0, 0.425
surrogate, 28, 53.0, 0.425
surrogate, 28, 53.0, 0.425
surrogate, 28, 53.0, 0.425
surrogate, 28, 53.0, 0.425
surrogate, 28, 53.0, 0.425
surrogate, 28, 53.0, 0.425
surrogate, 28, 53.0, 0.425
surrogate, 28, 53.0, 0.425
surrogate, 28, 51.0, 0.3375
surrogate, 28, 49.0, 0.275
surrogate, 28, 49.0, 0.275
surrogate, 28, 49.0, 0.275
surrogate, 28, 49.0, 0.275
surrogate, 28, 49.0, 0.275
surrogate, 28, 49.0, 0.275
surrogate, 28, 49.0, 0.275
surrogate, 28, 49.0, 0.275
surrogate, 28, 49.0, 0.275
surrogate, 28, 49.0, 0.275
surrogate, 28, 49.0, 0.275
surrogate, 28, 49.0, 0.275
surrogate, 28, 49.0, 0.275
surrogate, 28, 49.0, 0.275
surrogate, 28, 49.0, 0.275
surrogate, 28, 49.0, 0.275
surrogate, 28, 49.0, 0.275
surrogate, 28, 49.0, 0.275
surrogate, 28, 49.0, 0.275
surrogate, 28, 49.0, 0.275
surrogate, 28, 49.0, 0.275
surrogate, 28, 49.0, 0.275
surrogate, 28, 49.0, 0.275
surrogate, 28, 48.0, 0.175
surrogate, 28, 48.0, 0.175
surrogate, 28, 48.0, 0.175
surrogate, 28, 48.0, 0.175
surrogate, 28, 48.0, 0.175
surrogate, 28, 48.0, 0.175
surrogate, 28, 48.0, 0.175
surrogate, 28, 48.0, 0.175
surrogate, 28, 48.0, 0.175
surrogate, 28, 48.0, 0.175
surrogate, 28, 48.0, 0.175
surrogate, 28, 48.0, 0.175
surrogate, 28, 48.0, 0.175
surrogate, 28, 48.0, 0.175
surrogate, 28, 48.0, 0.175
surrogate, 28, 48.0, 0.175
surrogate, 28, 48.0, 0.175
surrogate, 28, 48.0, 0.175
surrogate, 28, 48.0, 0.175
surrogate, 28, 48.0, 0.175
surrogate, 28, 48.0, 0.175
surrogate, 28, 48.0, 0.175
surrogate, 28, 48.0, 0.175
surrogate, 28, 48.0, 0.175
surrogate, 28, 48.0, 0.175
surrogate, 28, 48.0, 0.175
surrogate, 28, 48.0, 0.175
surrogate, 28, 48.0, 0.175
surrogate, 28, 48.0, 0.175
surrogate, 28, 47.0, 0.1375
surrogate, 28, 47.0, 0.1375
surrogate, 28, 47.0, 0.1375
surrogate, 28, 47.0, 0.1375
surrogate, 28, 47.0, 0.1375
surrogate, 28, 43.0, 0.0125
surrogate, 28, 43.0, 0.0125
surrogate, 28, 43.0, 0.0125
surrogate, 28, 43.0, 0.0125
surrogate, 28, 43.0, 0.0125
surrogate, 28, 43.0, 0.0125
surrogate, 28, 43.0, 0.0125
surrogate, 28, 43.0, 0.0125
surrogate, 28, 43.0, 0.0125
surrogate, 28, 43.0, 0.0125
surrogate, 28, 43.0, 0.0125
surrogate, 28, 43.0, 0.0125
surrogate, 28, 43.0, 0.0125
surrogate, 28, 43.0, 0.0125
surrogate, 28, 43.0, 0.0125
surrogate, 28, 43.0, 0.0125
surrogate, 28, 43.0, 0.0125
surrogate, 28, 43.0, 0.0125
surrogate, 28, 43.0, 0.0125
surrogate, 28, 43.0, 0.0125
surrogate, 28, 43.0, 0.0125
surrogate, 28, 43.0, 0.0125
surrogate, 28, 43.0, 0.0125
surrogate, 28, 43.0, 0.0125
surrogate, 28, 43.0, 0.0125
surrogate, 28, 43.0, 0.0125
surrogate, 28, 43.0, 0.0125
surrogate, 29, 53.0, 0.425
surrogate, 29, 53.0, 0.425
surrogate, 29, 53.0, 0.425
surrogate, 29, 53.0, 0.425
surrogate, 29, 53.0, 0.425
surrogate, 29, 53.0, 0.425
surrogate, 29, 53.0, 0.425
surrogate, 29, 53.0, 0.425
surrogate, 29, 53.0, 0.425
surrogate, 29, 53.0, 0.425
surrogate, 29, 53.0, 0.425
surrogate, 29, 53.0, 0.425
surrogate, 29, 53.0, 0.425
surrogate, 29, 53.0, 0.425
surrogate, 29, 51.0, 0.3375
surrogate, 29, 51.0, 0.3375
surrogate, 29, 49.0, 0.275
surrogate, 29, 49.0, 0.275
surrogate, 29, 49.0, 0.275
surrogate, 29, 49.0, 0.275
surrogate, 29, 49.0, 0.275
surrogate, 29, 49.0, 0.275
surrogate, 29, 49.0, 0.275
surrogate, 29, 49.0, 0.275
surrogate, 29, 49.0, 0.275
surrogate, 29, 49.0, 0.275
surrogate, 29, 49.0, 0.275
surrogate, 29, 49.0, 0.275
surrogate, 29, 49.0, 0.275
surrogate, 29, 49.0, 0.275
surrogate, 29, 49.0, 0.275
surrogate, 29, 49.0, 0.275
surrogate, 29, 49.0, 0.275
surrogate, 29, 49.0, 0.275
surrogate, 29, 49.0, 0.275
surrogate, 29, 49.0, 0.275
surrogate, 29, 49.0, 0.275
surrogate, 29, 49.0, 0.275
surrogate, 29, 49.0, 0.275
surrogate, 29, 49.0, 0.275
surrogate, 29, 48.0, 0.175
surrogate, 29, 48.0, 0.175
surrogate, 29, 48.0, 0.175
surrogate, 29, 48.0, 0.175
surrogate, 29, 48.0, 0.175
surrogate, 29, 48.0, 0.175
surrogate, 29, 48.0, 0.175
surrogate, 29, 48.0, 0.175
surrogate, 29, 48.0, 0.175
surrogate, 29, 48.0, 0.175
surrogate, 29, 48.0, 0.175
surrogate, 29, 48.0, 0.175
surrogate, 29, 48.0, 0.175
surrogate, 29, 48.0, 0.175
surrogate, 29, 48.0, 0.175
surrogate, 29, 48.0, 0.175
surrogate, 29, 48.0, 0.175
surrogate, 29, 48.0, 0.175
surrogate, 29, 48.0, 0.175
surrogate, 29, 48.0, 0.175
surrogate, 29, 48.0, 0.175
surrogate, 29, 48.0, 0.175
surrogate, 29, 48.0, 0.175
surrogate, 29, 48.0, 0.175
surrogate, 29, 48.0, 0.175
surrogate, 29, 48.0, 0.175
surrogate, 29, 48.0, 0.175
surrogate, 29, 48.0, 0.175
surrogate, 29, 48.0, 0.175
surrogate, 29, 48.0, 0.175
surrogate, 29, 47.0, 0.1375
surrogate, 29, 47.0, 0.1375
surrogate, 29, 47.0, 0.1375
surrogate, 29, 47.0, 0.1375
surrogate, 29, 47.0, 0.1375
surrogate, 29, 47.0, 0.1375
surrogate, 29, 43.0, 0.0125
surrogate, 29, 43.0, 0.0125
surrogate, 29, 43.0, 0.0125
surrogate, 29, 43.0, 0.0125
surrogate, 29, 43.0, 0.0125
surrogate, 29, 43.0, 0.0125
surrogate, 29, 43.0, 0.0125
surrogate, 29, 43.0, 0.0125
surrogate, 29, 43.0, 0.0125
surrogate, 29, 43.0, 0.0125
surrogate, 29, 43.0, 0.0125
surrogate, 29, 43.0, 0.0125
surrogate, 29, 43.0, 0.0125
surrogate, 29, 43.0, 0.0125
surrogate, 29, 43.0, 0.0125
surrogate, 29, 43.0, 0.0125
surrogate, 29, 43.0, 0.0125
surrogate, 29, 43.0, 0.0125
surrogate, 29, 43.0, 0.0125
surrogate, 29, 43.0, 0.0125
surrogate, 29, 43.0, 0.0125
surrogate, 29, 43.0, 0.0125
surrogate, 29, 43.0, 0.0125
surrogate, 29, 43.0, 0.0125
surrogate, 29, 43.0, 0.0125
surrogate, 29, 43.0, 0.0125
surrogate, 29, 43.0, 0.0125
surrogate, 29, 43.0, 0.0125
surrogate, 30, 53.0, 0.425
surrogate, 30, 53.0, 0.425
surrogate, 30, 53.0, 0.425
surrogate, 30, 53.0, 0.425
surrogate, 30, 53.0, 0.425
surrogate, 30, 53.0, 0.425
surrogate, 30, 53.0, 0.425
surrogate, 30, 53.0, 0.425
surrogate, 30, 53.0, 0.425
surrogate, 30, 53.0, 0.425
surrogate, 30, 53.0, 0.425
surrogate, 30, 53.0, 0.425
surrogate, 30, 53.0, 0.425
surrogate, 30, 53.0, 0.425
surrogate, 30, 51.0, 0.3375
surrogate, 30, 51.0, 0.3375
surrogate, 30, 51.0, 0.3375
surrogate, 30, 49.0, 0.275
surrogate, 30, 49.0, 0.275
surrogate, 30, 49.0, 0.275
surrogate, 30, 49.0, 0.275
surrogate, 30, 49.0, 0.275
surrogate, 30, 49.0, 0.275
surrogate, 30, 49.0, 0.275
surrogate, 30, 49.0, 0.275
surrogate, 30, 49.0, 0.275
surrogate, 30, 49.0, 0.275
surrogate, 30, 49.0, 0.275
surrogate, 30, 49.0, 0.275
surrogate, 30, 49.0, 0.275
surrogate, 30, 49.0, 0.275
surrogate, 30, 49.0, 0.275
surrogate, 30, 49.0, 0.275
surrogate, 30, 49.0, 0.275
surrogate, 30, 49.0, 0.275
surrogate, 30, 49.0, 0.275
surrogate, 30, 49.0, 0.275
surrogate, 30, 49.0, 0.275
surrogate, 30, 49.0, 0.275
surrogate, 30, 49.0, 0.275
surrogate, 30, 49.0, 0.275
surrogate, 30, 49.0, 0.275
surrogate, 30, 48.0, 0.175
surrogate, 30, 48.0, 0.175
surrogate, 30, 48.0, 0.175
surrogate, 30, 48.0, 0.175
surrogate, 30, 48.0, 0.175
surrogate, 30, 48.0, 0.175
surrogate, 30, 48.0, 0.175
surrogate, 30, 48.0, 0.175
surrogate, 30, 48.0, 0.175
surrogate, 30, 48.0, 0.175
surrogate, 30, 48.0, 0.175
surrogate, 30, 48.0, 0.175
surrogate, 30, 48.0, 0.175
surrogate, 30, 48.0, 0.175
surrogate, 30, 48.0, 0.175
surrogate, 30, 48.0, 0.175
surrogate, 30, 48.0, 0.175
surrogate, 30, 48.0, 0.175
surrogate, 30, 48.0, 0.175
surrogate, 30, 48.0, 0.175
surrogate, 30, 48.0, 0.175
surrogate, 30, 48.0, 0.175
surrogate, 30, 48.0, 0.175
surrogate, 30, 48.0, 0.175
surrogate, 30, 48.0, 0.175
surrogate, 30, 48.0, 0.175
surrogate, 30, 48.0, 0.175
surrogate, 30, 48.0, 0.175
surrogate, 30, 48.0, 0.175
surrogate, 30, 48.0, 0.175
surrogate, 30, 47.0, 0.1375
surrogate, 30, 47.0, 0.1375
surrogate, 30, 47.0, 0.1375
surrogate, 30, 47.0, 0.1375
surrogate, 30, 47.0, 0.1375
surrogate, 30, 47.0, 0.1375
surrogate, 30, 47.0, 0.1375
surrogate, 30, 43.0, 0.0125
surrogate, 30, 43.0, 0.0125
surrogate, 30, 43.0, 0.0125
surrogate, 30, 43.0, 0.0125
surrogate, 30, 43.0, 0.0125
surrogate, 30, 43.0, 0.0125
surrogate, 30, 43.0, 0.0125
surrogate, 30, 43.0, 0.0125
surrogate, 30, 43.0, 0.0125
surrogate, 30, 43.0, 0.0125
surrogate, 30, 43.0, 0.0125
surrogate, 30, 43.0, 0.0125
surrogate, 30, 43.0, 0.0125
surrogate, 30, 43.0, 0.0125
surrogate, 30, 43.0, 0.0125
surrogate, 30, 43.0, 0.0125
surrogate, 30, 43.0, 0.0125
surrogate, 30, 43.0, 0.0125
surrogate, 30, 43.0, 0.0125
surrogate, 30, 43.0, 0.0125
surrogate, 30, 43.0, 0.0125
surrogate, 30, 43.0, 0.0125
surrogate, 30, 43.0, 0.0125
surrogate, 30, 43.0, 0.0125
surrogate, 30, 43.0, 0.0125
surrogate, 30, 43.0, 0.0125
surrogate, 30, 43.0, 0.0125
surrogate, 30, 43.0, 0.0125
surrogate, 30, 43.0, 0.0125
surrogate, 31, 53.0, 0.425
surrogate, 31, 53.0, 0.425
surrogate, 31, 53.0, 0.425
surrogate, 31, 53.0, 0.425
surrogate, 31, 53.0, 0.425
surrogate, 31, 53.0, 0.425
surrogate, 31, 53.0, 0.425
surrogate, 31, 53.0, 0.425
surrogate, 31, 53.0, 0.425
surrogate, 31, 53.0, 0.425
surrogate, 31, 53.0, 0.425
surrogate, 31, 53.0, 0.425
surrogate, 31, 53.0, 0.425
surrogate, 31, 53.0, 0.425
surrogate, 31, 53.0, 0.425
surrogate, 31, 51.0, 0.3375
surrogate, 31, 51.0, 0.3375
surrogate, 31, 51.0, 0.3375
surrogate, 31, 51.0, 0.3375
surrogate, 31, 49.0, 0.275
surrogate, 31, 49.0, 0.275
surrogate, 31, 49.0, 0.275
surrogate, 31, 49.0, 0.275
surrogate, 31, 49.0, 0.275
surrogate, 31, 49.0, 0.275
surrogate, 31, 49.0, 0.275
surrogate, 31, 49.0, 0.275
surrogate, 31, 49.0, 0.275
surrogate, 31, 49.0, 0.275
surrogate, 31, 49.0, 0.275
surrogate, 31, 49.0, 0.275
surrogate, 31, 49.0, 0.275
surrogate, 31, 49.0, 0.275
surrogate, 31, 49.0, 0.275
surrogate, 31, 49.0, 0.275
surrogate, 31, 49.0, 0.275
surrogate, 31, 49.0, 0.275
surrogate, 31, 49.0, 0.275
surrogate, 31, 49.0, 0.275
surrogate, 31, 49.0, 0.275
surrogate, 31, 49.0, 0.275
surrogate, 31, 49.0, 0.275
surrogate, 31, 49.0, 0.275
surrogate, 31, 49.0, 0.275
surrogate, 31, 49.0, 0.275
surrogate, 31, 48.0, 0.175
surrogate, 31, 48.0, 0.175
surrogate, 31, 48.0, 0.175
surrogate, 31, 48.0, 0.175
surrogate, 31, 48.0, 0.175
surrogate, 31, 48.0, 0.175
surrogate, 31, 48.0, 0.175
surrogate, 31, 48.0, 0.175
surrogate, 31, 48.0, 0.175
surrogate, 31, 48.0, 0.175
surrogate, 31, 48.0, 0.175
surrogate, 31, 48.0, 0.175
surrogate, 31, 48.0, 0.175
surrogate, 31, 48.0, 0.175
surrogate, 31, 48.0, 0.175
surrogate, 31, 48.0, 0.175
surrogate, 31, 48.0, 0.175
surrogate, 31, 48.0, 0.175
surrogate, 31, 48.0, 0.175
surrogate, 31, 48.0, 0.175
surrogate, 31, 48.0, 0.175
surrogate, 31, 48.0, 0.175
surrogate, 31, 48.0, 0.175
surrogate, 31, 48.0, 0.175
surrogate, 31, 48.0, 0.175
surrogate, 31, 48.0, 0.175
surrogate, 31, 48.0, 0.175
surrogate, 31, 48.0, 0.175
surrogate, 31, 48.0, 0.175
surrogate, 31, 48.0, 0.175
surrogate, 31, 48.0, 0.175
surrogate, 31, 47.0, 0.1375
surrogate, 31, 47.0, 0.1375
surrogate, 31, 47.0, 0.1375
surrogate, 31, 47.0, 0.1375
surrogate, 31, 47.0, 0.1375
surrogate, 31, 47.0, 0.1375
surrogate, 31, 47.0, 0.1375
surrogate, 31, 47.0, 0.1375
surrogate, 31, 43.0, 0.0125
surrogate, 31, 43.0, 0.0125
surrogate, 31, 43.0, 0.0125
surrogate, 31, 43.0, 0.0125
surrogate, 31, 43.0, 0.0125
surrogate, 31, 43.0, 0.0125
surrogate, 31, 43.0, 0.0125
surrogate, 31, 43.0, 0.0125
surrogate, 31, 43.0, 0.0125
surrogate, 31, 43.0, 0.0125
surrogate, 31, 43.0, 0.0125
surrogate, 31, 43.0, 0.0125
surrogate, 31, 43.0, 0.0125
surrogate, 31, 43.0, 0.0125
surrogate, 31, 43.0, 0.0125
surrogate, 31, 43.0, 0.0125
surrogate, 31, 43.0, 0.0125
surrogate, 31, 43.0, 0.0125
surrogate, 31, 43.0, 0.0125
surrogate, 31, 43.0, 0.0125
surrogate, 31, 43.0, 0.0125
surrogate, 31, 43.0, 0.0125
surrogate, 31, 43.0, 0.0125
surrogate, 31, 43.0, 0.0125
surrogate, 31, 43.0, 0.0125
surrogate, 31, 43.0, 0.0125
surrogate, 31, 43.0, 0.0125
surrogate, 31, 43.0, 0.0125
surrogate, 31, 43.0, 0.0125
surrogate, 31, 43.0, 0.0125
surrogate, 32, 53.0, 0.425
surrogate, 32, 53.0, 0.425
surrogate, 32, 53.0, 0.425
surrogate, 32, 53.0, 0.425
surrogate, 32, 53.0, 0.425
surrogate, 32, 53.0, 0.425
surrogate, 32, 53.0, 0.425
surrogate, 32, 53.0, 0.425
surrogate, 32, 53.0, 0.425
surrogate, 32, 53.0, 0.425
surrogate, 32, 53.0, 0.425
surrogate, 32, 53.0, 0.425
surrogate, 32, 53.0, 0.425
surrogate, 32, 53.0, 0.425
surrogate, 32, 53.0, 0.425
surrogate, 32, 51.0, 0.3375
surrogate, 32, 51.0, 0.3375
surrogate, 32, 51.0, 0.3375
surrogate, 32, 51.0, 0.3375
surrogate, 32, 48.0, 0.275
surrogate, 32, 47.0, 0.1375
surrogate, 32, 47.0, 0.1375
surrogate, 32, 47.0, 0.1375
surrogate, 32, 47.0, 0.1375
surrogate, 32, 47.0, 0.1375
surrogate, 32, 47.0, 0.1375
surrogate, 32, 47.0, 0.1375
surrogate, 32, 47.0, 0.1375
surrogate, 32, 47.0, 0.1375
surrogate, 32, 43.0, 0.0125
surrogate, 32, 43.0, 0.0125
surrogate, 32, 43.0, 0.0125
surrogate, 32, 43.0, 0.0125
surrogate, 32, 43.0, 0.0125
surrogate, 32, 43.0, 0.0125
surrogate, 32, 43.0, 0.0125
surrogate, 32, 43.0, 0.0125
surrogate, 32, 43.0, 0.0125
surrogate, 32, 43.0, 0.0125
surrogate, 32, 43.0, 0.0125
surrogate, 32, 43.0, 0.0125
surrogate, 32, 43.0, 0.0125
surrogate, 32, 43.0, 0.0125
surrogate, 32, 43.0, 0.0125
surrogate, 32, 43.0, 0.0125
surrogate, 32, 43.0, 0.0125
surrogate, 32, 43.0, 0.0125
surrogate, 32, 43.0, 0.0125
surrogate, 32, 43.0, 0.0125
surrogate, 32, 43.0, 0.0125
surrogate, 32, 43.0, 0.0125
surrogate, 32, 43.0, 0.0125
surrogate, 32, 43.0, 0.0125
surrogate, 32, 43.0, 0.0125
surrogate, 32, 43.0, 0.0125
surrogate, 32, 43.0, 0.0125
surrogate, 32, 43.0, 0.0125
surrogate, 32, 43.0, 0.0125
surrogate, 32, 43.0, 0.0125
surrogate, 32, 43.0, 0.0125
surrogate, 32, 43.0, 0.0125
surrogate, 32, 43.0, 0.0125
surrogate, 33, 53.0, 0.425
surrogate, 33, 53.0, 0.425
surrogate, 33, 53.0, 0.425
surrogate, 33, 53.0, 0.425
surrogate, 33, 53.0, 0.425
surrogate, 33, 53.0, 0.425
surrogate, 33, 53.0, 0.425
surrogate, 33, 53.0, 0.425
surrogate, 33, 53.0, 0.425
surrogate, 33, 53.0, 0.425
surrogate, 33, 53.0, 0.425
surrogate, 33, 53.0, 0.425
surrogate, 33, 53.0, 0.425
surrogate, 33, 53.0, 0.425
surrogate, 33, 53.0, 0.425
surrogate, 33, 53.0, 0.425
surrogate, 33, 51.0, 0.3375
surrogate, 33, 51.0, 0.3375
surrogate, 33, 51.0, 0.3375
surrogate, 33, 51.0, 0.3375
surrogate, 33, 51.0, 0.3375
surrogate, 33, 48.0, 0.275
surrogate, 33, 47.0, 0.1375
surrogate, 33, 47.0, 0.1375
surrogate, 33, 47.0, 0.1375
surrogate, 33, 47.0, 0.1375
surrogate, 33, 47.0, 0.1375
surrogate, 33, 47.0, 0.1375
surrogate, 33, 47.0, 0.1375
surrogate, 33, 47.0, 0.1375
surrogate, 33, 47.0, 0.1375
surrogate, 33, 43.0, 0.0125
surrogate, 33, 43.0, 0.0125
surrogate, 33, 43.0, 0.0125
surrogate, 33, 43.0, 0.0125
surrogate, 33, 43.0, 0.0125
surrogate, 33, 43.0, 0.0125
surrogate, 33, 43.0, 0.0125
surrogate, 33, 43.0, 0.0125
surrogate, 33, 43.0, 0.0125
surrogate, 33, 43.0, 0.0125
surrogate, 33, 43.0, 0.0125
surrogate, 33, 43.0, 0.0125
surrogate, 33, 43.0, 0.0125
surrogate, 33, 43.0, 0.0125
surrogate, 33, 43.0, 0.0125
surrogate, 33, 43.0, 0.0125
surrogate, 33, 43.0, 0.0125
surrogate, 33, 43.0, 0.0125
surrogate, 33, 43.0, 0.0125
surrogate, 33, 43.0, 0.0125
surrogate, 33, 43.0, 0.0125
surrogate, 33, 43.0, 0.0125
surrogate, 33, 43.0, 0.0125
surrogate, 33, 43.0, 0.0125
surrogate, 33, 43.0, 0.0125
surrogate, 33, 43.0, 0.0125
surrogate, 33, 43.0, 0.0125
surrogate, 33, 43.0, 0.0125
surrogate, 33, 43.0, 0.0125
surrogate, 33, 43.0, 0.0125
surrogate, 33, 43.0, 0.0125
surrogate, 33, 43.0, 0.0125
surrogate, 33, 43.0, 0.0125
surrogate, 33, 43.0, 0.0125
surrogate, 34, 55.0, 0.5
surrogate, 34, 53.0, 0.425
surrogate, 34, 53.0, 0.425
surrogate, 34, 53.0, 0.425
surrogate, 34, 53.0, 0.425
surrogate, 34, 53.0, 0.425
surrogate, 34, 53.0, 0.425
surrogate, 34, 53.0, 0.425
surrogate, 34, 53.0, 0.425
surrogate, 34, 53.0, 0.425
surrogate, 34, 53.0, 0.425
surrogate, 34, 53.0, 0.425
surrogate, 34, 53.0, 0.425
surrogate, 34, 53.0, 0.425
surrogate, 34, 53.0, 0.425
surrogate, 34, 53.0, 0.425
surrogate, 34, 53.0, 0.425
surrogate, 34, 51.0, 0.3375
surrogate, 34, 51.0, 0.3375
surrogate, 34, 51.0, 0.3375
surrogate, 34, 51.0, 0.3375
surrogate, 34, 51.0, 0.3375
surrogate, 34, 51.0, 0.3375
surrogate, 34, 48.0, 0.275
surrogate, 34, 47.0, 0.1375
surrogate, 34, 47.0, 0.1375
surrogate, 34, 47.0, 0.1375
surrogate, 34, 47.0, 0.1375
surrogate, 34, 47.0, 0.1375
surrogate, 34, 47.0, 0.1375
surrogate, 34, 47.0, 0.1375
surrogate, 34, 47.0, 0.1375
surrogate, 34, 47.0, 0.1375
surrogate, 34, 47.0, 0.1375
surrogate, 34, 43.0, 0.0125
surrogate, 34, 43.0, 0.0125
surrogate, 34, 43.0, 0.0125
surrogate, 34, 43.0, 0.0125
surrogate, 34, 43.0, 0.0125
surrogate, 34, 43.0, 0.0125
surrogate, 34, 43.0, 0.0125
surrogate, 34, 43.0, 0.0125
surrogate, 34, 43.0, 0.0125
surrogate, 34, 43.0, 0.0125
surrogate, 34, 43.0, 0.0125
surrogate, 34, 43.0, 0.0125
surrogate, 34, 43.0, 0.0125
surrogate, 34, 43.0, 0.0125
surrogate, 34, 43.0, 0.0125
surrogate, 34, 43.0, 0.0125
surrogate, 34, 43.0, 0.0125
surrogate, 34, 43.0, 0.0125
surrogate, 34, 43.0, 0.0125
surrogate, 34, 43.0, 0.0125
surrogate, 34, 43.0, 0.0125
surrogate, 34, 43.0, 0.0125
surrogate, 34, 43.0, 0.0125
surrogate, 34, 43.0, 0.0125
surrogate, 34, 43.0, 0.0125
surrogate, 34, 43.0, 0.0125
surrogate, 34, 43.0, 0.0125
surrogate, 34, 43.0, 0.0125
surrogate, 34, 43.0, 0.0125
surrogate, 34, 43.0, 0.0125
surrogate, 34, 43.0, 0.0125
surrogate, 34, 43.0, 0.0125
surrogate, 34, 43.0, 0.0125
surrogate, 34, 43.0, 0.0125
surrogate, 35, 54.0, 0.5
surrogate, 35, 53.0, 0.425
surrogate, 35, 53.0, 0.425
surrogate, 35, 53.0, 0.425
surrogate, 35, 53.0, 0.425
surrogate, 35, 53.0, 0.425
surrogate, 35, 53.0, 0.425
surrogate, 35, 53.0, 0.425
surrogate, 35, 53.0, 0.425
surrogate, 35, 53.0, 0.425
surrogate, 35, 53.0, 0.425
surrogate, 35, 53.0, 0.425
surrogate, 35, 53.0, 0.425
surrogate, 35, 53.0, 0.425
surrogate, 35, 53.0, 0.425
surrogate, 35, 53.0, 0.425
surrogate, 35, 53.0, 0.425
surrogate, 35, 49.0, 0.3375
surrogate, 35, 48.0, 0.275
surrogate, 35, 48.0, 0.275
surrogate, 35, 47.0, 0.1375
surrogate, 35, 47.0, 0.1375
surrogate, 35, 47.0, 0.1375
surrogate, 35, 47.0, 0.1375
surrogate, 35, 47.0, 0.1375
surrogate, 35, 47.0, 0.1375
surrogate, 35, 47.0, 0.1375
surrogate, 35, 47.0, 0.1375
surrogate, 35, 47.0, 0.1375
surrogate, 35, 47.0, 0.1375
surrogate, 35, 47.0, 0.1375
surrogate, 35, 43.0, 0.0125
surrogate, 35, 43.0, 0.0125
surrogate, 35, 43.0, 0.0125
surrogate, 35, 43.0, 0.0125
surrogate, 35, 43.0, 0.0125
surrogate, 35, 43.0, 0.0125
surrogate, 35, 43.0, 0.0125
surrogate, 35, 43.0, 0.0125
surrogate, 35, 43.0, 0.0125
surrogate, 35, 43.0, 0.0125
surrogate, 35, 43.0, 0.0125
surrogate, 35, 43.0, 0.0125
surrogate, 35, 43.0, 0.0125
surrogate, 35, 43.0, 0.0125
surrogate, 35, 43.0, 0.0125
surrogate, 35, 43.0, 0.0125
surrogate, 35, 43.0, 0.0125
surrogate, 35, 43.0, 0.0125
surrogate, 35, 43.0, 0.0125
surrogate, 35, 43.0, 0.0125
surrogate, 35, 43.0, 0.0125
surrogate, 35, 43.0, 0.0125
surrogate, 35, 43.0, 0.0125
surrogate, 35, 43.0, 0.0125
surrogate, 35, 43.0, 0.0125
surrogate, 35, 43.0, 0.0125
surrogate, 35, 43.0, 0.0125
surrogate, 35, 43.0, 0.0125
surrogate, 35, 43.0, 0.0125
surrogate, 35, 43.0, 0.0125
surrogate, 35, 43.0, 0.0125
surrogate, 35, 43.0, 0.0125
surrogate, 35, 43.0, 0.0125
surrogate, 35, 43.0, 0.0125
surrogate, 36, 54.0, 0.5
surrogate, 36, 53.0, 0.425
surrogate, 36, 53.0, 0.425
surrogate, 36, 53.0, 0.425
surrogate, 36, 53.0, 0.425
surrogate, 36, 53.0, 0.425
surrogate, 36, 53.0, 0.425
surrogate, 36, 53.0, 0.425
surrogate, 36, 53.0, 0.425
surrogate, 36, 53.0, 0.425
surrogate, 36, 53.0, 0.425
surrogate, 36, 53.0, 0.425
surrogate, 36, 53.0, 0.425
surrogate, 36, 53.0, 0.425
surrogate, 36, 53.0, 0.425
surrogate, 36, 53.0, 0.425
surrogate, 36, 53.0, 0.425
surrogate, 36, 53.0, 0.425
surrogate, 36, 52.0, 0.4
surrogate, 36, 49.0, 0.3375
surrogate, 36, 48.0, 0.275
surrogate, 36, 48.0, 0.275
surrogate, 36, 48.0, 0.275
surrogate, 36, 47.0, 0.1375
surrogate, 36, 47.0, 0.1375
surrogate, 36, 47.0, 0.1375
surrogate, 36, 47.0, 0.1375
surrogate, 36, 47.0, 0.1375
surrogate, 36, 47.0, 0.1375
surrogate, 36, 47.0, 0.1375
surrogate, 36, 47.0, 0.1375
surrogate, 36, 47.0, 0.1375
surrogate, 36, 47.0, 0.1375
surrogate, 36, 47.0, 0.1375
surrogate, 36, 47.0, 0.1375
surrogate, 36, 43.0, 0.0125
surrogate, 36, 43.0, 0.0125
surrogate, 36, 43.0, 0.0125
surrogate, 36, 43.0, 0.0125
surrogate, 36, 43.0, 0.0125
surrogate, 36, 43.0, 0.0125
surrogate, 36, 43.0, 0.0125
surrogate, 36, 43.0, 0.0125
surrogate, 36, 43.0, 0.0125
surrogate, 36, 43.0, 0.0125
surrogate, 36, 43.0, 0.0125
surrogate, 36, 43.0, 0.0125
surrogate, 36, 43.0, 0.0125
surrogate, 36, 43.0, 0.0125
surrogate, 36, 43.0, 0.0125
surrogate, 36, 43.0, 0.0125
surrogate, 36, 43.0, 0.0125
surrogate, 36, 43.0, 0.0125
surrogate, 36, 43.0, 0.0125
surrogate, 36, 43.0, 0.0125
surrogate, 36, 43.0, 0.0125
surrogate, 36, 43.0, 0.0125
surrogate, 36, 43.0, 0.0125
surrogate, 36, 43.0, 0.0125
surrogate, 36, 43.0, 0.0125
surrogate, 36, 43.0, 0.0125
surrogate, 36, 43.0, 0.0125
surrogate, 36, 43.0, 0.0125
surrogate, 36, 43.0, 0.0125
surrogate, 36, 43.0, 0.0125
surrogate, 36, 43.0, 0.0125
surrogate, 36, 43.0, 0.0125
surrogate, 36, 43.0, 0.0125
surrogate, 36, 43.0, 0.0125
surrogate, 36, 43.0, 0.0125
surrogate, 37, 54.0, 0.5
surrogate, 37, 53.0, 0.425
surrogate, 37, 53.0, 0.425
surrogate, 37, 53.0, 0.425
surrogate, 37, 53.0, 0.425
surrogate, 37, 53.0, 0.425
surrogate, 37, 53.0, 0.425
surrogate, 37, 53.0, 0.425
surrogate, 37, 53.0, 0.425
surrogate, 37, 53.0, 0.425
surrogate, 37, 53.0, 0.425
surrogate, 37, 53.0, 0.425
surrogate, 37, 53.0, 0.425
surrogate, 37, 53.0, 0.425
surrogate, 37, 53.0, 0.425
surrogate, 37, 53.0, 0.425
surrogate, 37, 53.0, 0.425
surrogate, 37, 53.0, 0.425
surrogate, 37, 52.0, 0.4
surrogate, 37, 52.0, 0.4
surrogate, 37, 49.0, 0.3375
surrogate, 37, 48.0, 0.275
surrogate, 37, 48.0, 0.275
surrogate, 37, 48.0, 0.275
surrogate, 37, 47.0, 0.1375
surrogate, 37, 47.0, 0.1375
surrogate, 37, 47.0, 0.1375
surrogate, 37, 47.0, 0.1375
surrogate, 37, 47.0, 0.1375
surrogate, 37, 47.0, 0.1375
surrogate, 37, 47.0, 0.1375
surrogate, 37, 47.0, 0.1375
surrogate, 37, 47.0, 0.1375
surrogate, 37, 47.0, 0.1375
surrogate, 37, 47.0, 0.1375
surrogate, 37, 47.0, 0.1375
surrogate, 37, 47.0, 0.1375
surrogate, 37, 43.0, 0.0125
surrogate, 37, 43.0, 0.0125
surrogate, 37, 43.0, 0.0125
surrogate, 37, 43.0, 0.0125
surrogate, 37, 43.0, 0.0125
surrogate, 37, 43.0, 0.0125
surrogate, 37, 43.0, 0.0125
surrogate, 37, 43.0, 0.0125
surrogate, 37, 43.0, 0.0125
surrogate, 37, 43.0, 0.0125
surrogate, 37, 43.0, 0.0125
surrogate, 37, 43.0, 0.0125
surrogate, 37, 43.0, 0.0125
surrogate, 37, 43.0, 0.0125
surrogate, 37, 43.0, 0.0125
surrogate, 37, 43.0, 0.0125
surrogate, 37, 43.0, 0.0125
surrogate, 37, 43.0, 0.0125
surrogate, 37, 43.0, 0.0125
surrogate, 37, 43.0, 0.0125
surrogate, 37, 43.0, 0.0125
surrogate, 37, 43.0, 0.0125
surrogate, 37, 43.0, 0.0125
surrogate, 37, 43.0, 0.0125
surrogate, 37, 43.0, 0.0125
surrogate, 37, 43.0, 0.0125
surrogate, 37, 43.0, 0.0125
surrogate, 37, 43.0, 0.0125
surrogate, 37, 43.0, 0.0125
surrogate, 37, 43.0, 0.0125
surrogate, 37, 43.0, 0.0125
surrogate, 37, 43.0, 0.0125
surrogate, 37, 43.0, 0.0125
surrogate, 37, 43.0, 0.0125
surrogate, 37, 43.0, 0.0125
surrogate, 37, 43.0, 0.0125
surrogate, 38, 54.0, 0.5
surrogate, 38, 53.0, 0.425
surrogate, 38, 53.0, 0.425
surrogate, 38, 53.0, 0.425
surrogate, 38, 53.0, 0.425
surrogate, 38, 53.0, 0.425
surrogate, 38, 53.0, 0.425
surrogate, 38, 53.0, 0.425
surrogate, 38, 53.0, 0.425
surrogate, 38, 53.0, 0.425
surrogate, 38, 53.0, 0.425
surrogate, 38, 53.0, 0.425
surrogate, 38, 53.0, 0.425
surrogate, 38, 53.0, 0.425
surrogate, 38, 53.0, 0.425
surrogate, 38, 53.0, 0.425
surrogate, 38, 53.0, 0.425
surrogate, 38, 53.0, 0.425
surrogate, 38, 53.0, 0.425
surrogate, 38, 52.0, 0.4
surrogate, 38, 52.0, 0.4
surrogate, 38, 49.0, 0.3375
surrogate, 38, 48.0, 0.275
surrogate, 38, 48.0, 0.275
surrogate, 38, 48.0, 0.275
surrogate, 38, 48.0, 0.275
surrogate, 38, 47.0, 0.1375
surrogate, 38, 47.0, 0.1375
surrogate, 38, 47.0, 0.1375
surrogate, 38, 47.0, 0.1375
surrogate, 38, 47.0, 0.1375
surrogate, 38, 47.0, 0.1375
surrogate, 38, 47.0, 0.1375
surrogate, 38, 47.0, 0.1375
surrogate, 38, 47.0, 0.1375
surrogate, 38, 47.0, 0.1375
surrogate, 38, 47.0, 0.1375
surrogate, 38, 47.0, 0.1375
surrogate, 38, 47.0, 0.1375
surrogate, 38, 43.0, 0.0125
surrogate, 38, 43.0, 0.0125
surrogate, 38, 43.0, 0.0125
surrogate, 38, 43.0, 0.0125
surrogate, 38, 43.0, 0.0125
surrogate, 38, 43.0, 0.0125
surrogate, 38, 43.0, 0.0125
surrogate, 38, 43.0, 0.0125
surrogate, 38, 43.0, 0.0125
surrogate, 38, 43.0, 0.0125
surrogate, 38, 43.0, 0.0125
surrogate, 38, 43.0, 0.0125
surrogate, 38, 43.0, 0.0125
surrogate, 38, 43.0, 0.0125
surrogate, 38, 43.0, 0.0125
surrogate, 38, 43.0, 0.0125
surrogate, 38, 43.0, 0.0125
surrogate, 38, 43.0, 0.0125
surrogate, 38, 43.0, 0.0125
surrogate, 38, 43.0, 0.0125
surrogate, 38, 43.0, 0.0125
surrogate, 38, 43.0, 0.0125
surrogate, 38, 43.0, 0.0125
surrogate, 38, 43.0, 0.0125
surrogate, 38, 43.0, 0.0125
surrogate, 38, 43.0, 0.0125
surrogate, 38, 43.0, 0.0125
surrogate, 38, 43.0, 0.0125
surrogate, 38, 43.0, 0.0125
surrogate, 38, 43.0, 0.0125
surrogate, 38, 43.0, 0.0125
surrogate, 38, 43.0, 0.0125
surrogate, 38, 43.0, 0.0125
surrogate, 38, 43.0, 0.0125
surrogate, 38, 43.0, 0.0125
surrogate, 38, 43.0, 0.0125
surrogate, 38, 43.0, 0.0125
surrogate, 39, 54.0, 0.5
surrogate, 39, 54.0, 0.5
surrogate, 39, 50.0, 0.425
surrogate, 39, 49.0, 0.4
surrogate, 39, 48.0, 0.275
surrogate, 39, 48.0, 0.275
surrogate, 39, 48.0, 0.275
surrogate, 39, 48.0, 0.275
surrogate, 39, 47.0, 0.1375
surrogate, 39, 47.0, 0.1375
surrogate, 39, 47.0, 0.1375
surrogate, 39, 47.0, 0.1375
surrogate, 39, 47.0, 0.1375
surrogate, 39, 47.0, 0.1375
surrogate, 39, 47.0, 0.1375
surrogate, 39, 47.0, 0.1375
surrogate, 39, 47.0, 0.1375
surrogate, 39, 47.0, 0.1375
surrogate, 39, 47.0, 0.1375
surrogate, 39, 47.0, 0.1375
surrogate, 39, 47.0, 0.1375
surrogate, 39, 47.0, 0.1375
surrogate, 39, 43.0, 0.0125
surrogate, 39, 43.0, 0.0125
surrogate, 39, 43.0, 0.0125
surrogate, 39, 43.0, 0.0125
surrogate, 39, 43.0, 0.0125
surrogate, 39, 43.0, 0.0125
surrogate, 39, 43.0, 0.0125
surrogate, 39, 43.0, 0.0125
surrogate, 39, 43.0, 0.0125
surrogate, 39, 43.0, 0.0125
surrogate, 39, 43.0, 0.0125
surrogate, 39, 43.0, 0.0125
surrogate, 39, 43.0, 0.0125
surrogate, 39, 43.0, 0.0125
surrogate, 39, 43.0, 0.0125
surrogate, 39, 43.0, 0.0125
surrogate, 39, 43.0, 0.0125
surrogate, 39, 43.0, 0.0125
surrogate, 39, 43.0, 0.0125
surrogate, 39, 43.0, 0.0125
surrogate, 39, 43.0, 0.0125
surrogate, 39, 43.0, 0.0125
surrogate, 39, 43.0, 0.0125
surrogate, 39, 43.0, 0.0125
surrogate, 39, 43.0, 0.0125
surrogate, 39, 43.0, 0.0125
surrogate, 39, 43.0, 0.0125
surrogate, 39, 43.0, 0.0125
surrogate, 39, 43.0, 0.0125
surrogate, 39, 43.0, 0.0125
surrogate, 39, 43.0, 0.0125
surrogate, 39, 43.0, 0.0125
surrogate, 39, 43.0, 0.0125
surrogate, 39, 43.0, 0.0125
surrogate, 39, 43.0, 0.0125
surrogate, 39, 43.0, 0.0125
surrogate, 39, 43.0, 0.0125
surrogate, 40, 54.0, 0.5
surrogate, 40, 54.0, 0.5
surrogate, 40, 50.0, 0.425
surrogate, 40, 49.0, 0.4
surrogate, 40, 48.0, 0.275
surrogate, 40, 48.0, 0.275
surrogate, 40, 48.0, 0.275
surrogate, 40, 48.0, 0.275
surrogate, 40, 48.0, 0.275
surrogate, 40, 45.0, 0.175
surrogate, 40, 43.0, 0.0125
surrogate, 40, 43.0, 0.0125
surrogate, 40, 43.0, 0.0125
surrogate, 40, 43.0, 0.0125
surrogate, 40, 43.0, 0.0125
surrogate, 40, 43.0, 0.0125
surrogate, 40, 43.0, 0.0125
surrogate, 40, 43.0, 0.0125
surrogate, 40, 43.0, 0.0125
surrogate, 40, 43.0, 0.0125
surrogate, 40, 43.0, 0.0125
surrogate, 40, 43.0, 0.0125
surrogate, 40, 43.0, 0.0125
surrogate, 40, 43.0, 0.0125
surrogate, 40, 43.0, 0.0125
surrogate, 40, 43.0, 0.0125
surrogate, 40, 43.0, 0.0125
surrogate, 40, 43.0, 0.0125
surrogate, 40, 43.0, 0.0125
surrogate, 40, 43.0, 0.0125
surrogate, 40, 43.0, 0.0125
surrogate, 40, 43.0, 0.0125
surrogate, 40, 43.0, 0.0125
surrogate, 40, 43.0, 0.0125
surrogate, 40, 43.0, 0.0125
surrogate, 40, 43.0, 0.0125
surrogate, 40, 43.0, 0.0125
surrogate, 40, 43.0, 0.0125
surrogate, 40, 43.0, 0.0125
surrogate, 40, 43.0, 0.0125
surrogate, 40, 43.0, 0.0125
surrogate, 40, 43.0, 0.0125
surrogate, 40, 43.0, 0.0125
surrogate, 40, 43.0, 0.0125
surrogate, 40, 43.0, 0.0125
surrogate, 40, 43.0, 0.0125
surrogate, 40, 43.0, 0.0125
surrogate, 40, 43.0, 0.0125
surrogate, 41, 54.0, 0.5
surrogate, 41, 54.0, 0.5
surrogate, 41, 54.0, 0.5
surrogate, 41, 50.0, 0.425
surrogate, 41, 49.0, 0.4
surrogate, 41, 48.0, 0.275
surrogate, 41, 48.0, 0.275
surrogate, 41, 48.0, 0.275
surrogate, 41, 48.0, 0.275
surrogate, 41, 48.0, 0.275
surrogate, 41, 48.0, 0.275
surrogate, 41, 45.0, 0.175
surrogate, 41, 43.0, 0.0125
surrogate, 41, 43.0, 0.0125
surrogate, 41, 43.0, 0.0125
surrogate, 41, 43.0, 0.0125
surrogate, 41, 43.0, 0.0125
surrogate, 41, 43.0, 0.0125
surrogate, 41, 43.0, 0.0125
surrogate, 41, 43.0, 0.0125
surrogate, 41, 43.0, 0.0125
surrogate, 41, 43.0, 0.0125
surrogate, 41, 43.0, 0.0125
surrogate, 41, 43.0, 0.0125
surrogate, 41, 43.0, 0.0125
surrogate, 41, 43.0, 0.0125
surrogate, 41, 43.0, 0.0125
surrogate, 41, 43.0, 0.0125
surrogate, 41, 43.0, 0.0125
surrogate, 41, 43.0, 0.0125
surrogate, 41, 43.0, 0.0125
surrogate, 41, 43.0, 0.0125
surrogate, 41, 43.0, 0.0125
surrogate, 41, 43.0, 0.0125
surrogate, 41, 43.0, 0.0125
surrogate, 41, 43.0, 0.0125
surrogate, 41, 43.0, 0.0125
surrogate, 41, 43.0, 0.0125
surrogate, 41, 43.0, 0.0125
surrogate, 41, 43.0, 0.0125
surrogate, 41, 43.0, 0.0125
surrogate, 41, 43.0, 0.0125
surrogate, 41, 43.0, 0.0125
surrogate, 41, 43.0, 0.0125
surrogate, 41, 43.0, 0.0125
surrogate, 41, 43.0, 0.0125
surrogate, 41, 43.0, 0.0125
surrogate, 41, 43.0, 0.0125
surrogate, 41, 43.0, 0.0125
surrogate, 41, 43.0, 0.0125
surrogate, 41, 43.0, 0.0125
surrogate, 42, 53.0, 0.5
surrogate, 42, 49.0, 0.425
surrogate, 42, 48.0, 0.275
surrogate, 42, 48.0, 0.275
surrogate, 42, 48.0, 0.275
surrogate, 42, 48.0, 0.275
surrogate, 42, 48.0, 0.275
surrogate, 42, 48.0, 0.275
surrogate, 42, 45.0, 0.175
surrogate, 42, 45.0, 0.175
surrogate, 42, 43.0, 0.0125
surrogate, 42, 43.0, 0.0125
surrogate, 42, 43.0, 0.0125
surrogate, 42, 43.0, 0.0125
surrogate, 42, 43.0, 0.0125
surrogate, 42, 43.0, 0.0125
surrogate, 42, 43.0, 0.0125
surrogate, 42, 43.0, 0.0125
surrogate, 42, 43.0, 0.0125
surrogate, 42, 43.0, 0.0125
surrogate, 42, 43.0, 0.0125
surrogate, 42, 43.0, 0.0125
surrogate, 42, 43.0, 0.0125
surrogate, 42, 43.0, 0.0125
surrogate, 42, 43.0, 0.0125
surrogate, 42, 43.0, 0.0125
surrogate, 42, 43.0, 0.0125
surrogate, 42, 43.0, 0.0125
surrogate, 42, 43.0, 0.0125
surrogate, 42, 43.0, 0.0125
surrogate, 42, 43.0, 0.0125
surrogate, 42, 43.0, 0.0125
surrogate, 42, 43.0, 0.0125
surrogate, 42, 43.0, 0.0125
surrogate, 42, 43.0, 0.0125
surrogate, 42, 43.0, 0.0125
surrogate, 42, 43.0, 0.0125
surrogate, 42, 43.0, 0.0125
surrogate, 42, 43.0, 0.0125
surrogate, 42, 43.0, 0.0125
surrogate, 42, 43.0, 0.0125
surrogate, 42, 43.0, 0.0125
surrogate, 42, 43.0, 0.0125
surrogate, 42, 43.0, 0.0125
surrogate, 42, 43.0, 0.0125
surrogate, 42, 43.0, 0.0125
surrogate, 42, 43.0, 0.0125
surrogate, 42, 43.0, 0.0125
surrogate, 42, 43.0, 0.0125
surrogate, 42, 43.0, 0.0125
surrogate, 43, 53.0, 0.5
surrogate, 43, 53.0, 0.5
surrogate, 43, 49.0, 0.425
surrogate, 43, 48.0, 0.275
surrogate, 43, 48.0, 0.275
surrogate, 43, 48.0, 0.275
surrogate, 43, 48.0, 0.275
surrogate, 43, 48.0, 0.275
surrogate, 43, 48.0, 0.275
surrogate, 43, 48.0, 0.275
surrogate, 43, 45.0, 0.175
surrogate, 43, 45.0, 0.175
surrogate, 43, 43.0, 0.0125
surrogate, 43, 43.0, 0.0125
surrogate, 43, 43.0, 0.0125
surrogate, 43, 43.0, 0.0125
surrogate, 43, 43.0, 0.0125
surrogate, 43, 43.0, 0.0125
surrogate, 43, 43.0, 0.0125
surrogate, 43, 43.0, 0.0125
surrogate, 43, 43.0, 0.0125
surrogate, 43, 43.0, 0.0125
surrogate, 43, 43.0, 0.0125
surrogate, 43, 43.0, 0.0125
surrogate, 43, 43.0, 0.0125
surrogate, 43, 43.0, 0.0125
surrogate, 43, 43.0, 0.0125
surrogate, 43, 43.0, 0.0125
surrogate, 43, 43.0, 0.0125
surrogate, 43, 43.0, 0.0125
surrogate, 43, 43.0, 0.0125
surrogate, 43, 43.0, 0.0125
surrogate, 43, 43.0, 0.0125
surrogate, 43, 43.0, 0.0125
surrogate, 43, 43.0, 0.0125
surrogate, 43, 43.0, 0.0125
surrogate, 43, 43.0, 0.0125
surrogate, 43, 43.0, 0.0125
surrogate, 43, 43.0, 0.0125
surrogate, 43, 43.0, 0.0125
surrogate, 43, 43.0, 0.0125
surrogate, 43, 43.0, 0.0125
surrogate, 43, 43.0, 0.0125
surrogate, 43, 43.0, 0.0125
surrogate, 43, 43.0, 0.0125
surrogate, 43, 43.0, 0.0125
surrogate, 43, 43.0, 0.0125
surrogate, 43, 43.0, 0.0125
surrogate, 43, 43.0, 0.0125
surrogate, 43, 43.0, 0.0125
surrogate, 43, 43.0, 0.0125
surrogate, 43, 43.0, 0.0125
surrogate, 44, 53.0, 0.5
surrogate, 44, 53.0, 0.5
surrogate, 44, 53.0, 0.5
surrogate, 44, 49.0, 0.425
surrogate, 44, 49.0, 0.425
surrogate, 44, 48.0, 0.275
surrogate, 44, 48.0, 0.275
surrogate, 44, 48.0, 0.275
surrogate, 44, 48.0, 0.275
surrogate, 44, 48.0, 0.275
surrogate, 44, 48.0, 0.275
surrogate, 44, 48.0, 0.275
surrogate, 44, 45.0, 0.175
surrogate, 44, 45.0, 0.175
surrogate, 44, 45.0, 0.175
surrogate, 44, 43.0, 0.0125
surrogate, 44, 43.0, 0.0125
surrogate, 44, 43.0, 0.0125
surrogate, 44, 43.0, 0.0125
surrogate, 44, 43.0, 0.0125
surrogate, 44, 43.0, 0.0125
surrogate, 44, 43.0, 0.0125
surrogate, 44, 43.0, 0.0125
surrogate, 44, 43.0, 0.0125
surrogate, 44, 43.0, 0.0125
surrogate, 44, 43.0, 0.0125
surrogate, 44, 43.0, 0.0125
surrogate, 44, 43.0, 0.0125
surrogate, 44, 43.0, 0.0125
surrogate, 44, 43.0, 0.0125
surrogate, 44, 43.0, 0.0125
surrogate, 44, 43.0, 0.0125
surrogate, 44, 43.0, 0.0125
surrogate, 44, 43.0, 0.0125
surrogate, 44, 43.0, 0.0125
surrogate, 44, 43.0, 0.0125
surrogate, 44, 43.0, 0.0125
surrogate, 44, 43.0, 0.0125
surrogate, 44, 43.0, 0.0125
surrogate, 44, 43.0, 0.0125
surrogate, 44, 43.0, 0.0125
surrogate, 44, 43.0, 0.0125
surrogate, 44, 43.0, 0.0125
surrogate, 44, 43.0, 0.0125
surrogate, 44, 43.0, 0.0125
surrogate, 44, 43.0, 0.0125
surrogate, 44, 43.0, 0.0125
surrogate, 44, 43.0, 0.0125
surrogate, 44, 43.0, 0.0125
surrogate, 44, 43.0, 0.0125
surrogate, 44, 43.0, 0.0125
surrogate, 44, 43.0, 0.0125
surrogate, 44, 43.0, 0.0125
surrogate, 44, 43.0, 0.0125
surrogate, 44, 43.0, 0.0125
surrogate, 44, 43.0, 0.0125
surrogate, 45, 53.0, 0.5
surrogate, 45, 53.0, 0.5
surrogate, 45, 53.0, 0.5
surrogate, 45, 49.0, 0.425
surrogate, 45, 49.0, 0.425
surrogate, 45, 48.0, 0.275
surrogate, 45, 48.0, 0.275
surrogate, 45, 48.0, 0.275
surrogate, 45, 48.0, 0.275
surrogate, 45, 48.0, 0.275
surrogate, 45, 48.0, 0.275
surrogate, 45, 48.0, 0.275
surrogate, 45, 48.0, 0.275
surrogate, 45, 45.0, 0.175
surrogate, 45, 45.0, 0.175
surrogate, 45, 45.0, 0.175
surrogate, 45, 45.0, 0.175
surrogate, 45, 43.0, 0.0125
surrogate, 45, 43.0, 0.0125
surrogate, 45, 43.0, 0.0125
surrogate, 45, 43.0, 0.0125
surrogate, 45, 43.0, 0.0125
surrogate, 45, 43.0, 0.0125
surrogate, 45, 43.0, 0.0125
surrogate, 45, 43.0, 0.0125
surrogate, 45, 43.0, 0.0125
surrogate, 45, 43.0, 0.0125
surrogate, 45, 43.0, 0.0125
surrogate, 45, 43.0, 0.0125
surrogate, 45, 43.0, 0.0125
surrogate, 45, 43.0, 0.0125
surrogate, 45, 43.0, 0.0125
surrogate, 45, 43.0, 0.0125
surrogate, 45, 43.0, 0.0125
surrogate, 45, 43.0, 0.0125
surrogate, 45, 43.0, 0.0125
surrogate, 45, 43.0, 0.0125
surrogate, 45, 43.0, 0.0125
surrogate, 45, 43.0, 0.0125
surrogate, 45, 43.0, 0.0125
surrogate, 45, 43.0, 0.0125
surrogate, 45, 43.0, 0.0125
surrogate, 45, 43.0, 0.0125
surrogate, 45, 43.0, 0.0125
surrogate, 45, 43.0, 0.0125
surrogate, 45, 43.0, 0.0125
surrogate, 45, 43.0, 0.0125
surrogate, 45, 43.0, 0.0125
surrogate, 45, 43.0, 0.0125
surrogate, 45, 43.0, 0.0125
surrogate, 45, 43.0, 0.0125
surrogate, 45, 43.0, 0.0125
surrogate, 45, 43.0, 0.0125
surrogate, 45, 43.0, 0.0125
surrogate, 45, 43.0, 0.0125
surrogate, 45, 43.0, 0.0125
surrogate, 45, 43.0, 0.0125
surrogate, 45, 43.0, 0.0125
surrogate, 45, 43.0, 0.0125
surrogate, 46, 53.0, 0.5
surrogate, 46, 53.0, 0.5
surrogate, 46, 53.0, 0.5
surrogate, 46, 49.0, 0.425
surrogate, 46, 49.0, 0.425
surrogate, 46, 48.0, 0.275
surrogate, 46, 48.0, 0.275
surrogate, 46, 48.0, 0.275
surrogate, 46, 48.0, 0.275
surrogate, 46, 48.0, 0.275
surrogate, 46, 48.0, 0.275
surrogate, 46, 48.0, 0.275
surrogate, 46, 48.0, 0.275
surrogate, 46, 48.0, 0.275
surrogate, 46, 45.0, 0.175
surrogate, 46, 45.0, 0.175
surrogate, 46, 45.0, 0.175
surrogate, 46, 45.0, 0.175
surrogate, 46, 45.0, 0.175
surrogate, 46, 43.0, 0.0125
surrogate, 46, 43.0, 0.0125
surrogate, 46, 43.0, 0.0125
surrogate, 46, 43.0, 0.0125
surrogate, 46, 43.0, 0.0125
surrogate, 46, 43.0, 0.0125
surrogate, 46, 43.0, 0.0125
surrogate, 46, 43.0, 0.0125
surrogate, 46, 43.0, 0.0125
surrogate, 46, 43.0, 0.0125
surrogate, 46, 43.0, 0.0125
surrogate, 46, 43.0, 0.0125
surrogate, 46, 43.0, 0.0125
surrogate, 46, 43.0, 0.0125
surrogate, 46, 43.0, 0.0125
surrogate, 46, 43.0, 0.0125
surrogate, 46, 43.0, 0.0125
surrogate, 46, 43.0, 0.0125
surrogate, 46, 43.0, 0.0125
surrogate, 46, 43.0, 0.0125
surrogate, 46, 43.0, 0.0125
surrogate, 46, 43.0, 0.0125
surrogate, 46, 43.0, 0.0125
surrogate, 46, 43.0, 0.0125
surrogate, 46, 43.0, 0.0125
surrogate, 46, 43.0, 0.0125
surrogate, 46, 43.0, 0.0125
surrogate, 46, 43.0, 0.0125
surrogate, 46, 43.0, 0.0125
surrogate, 46, 43.0, 0.0125
surrogate, 46, 43.0, 0.0125
surrogate, 46, 43.0, 0.0125
surrogate, 46, 43.0, 0.0125
surrogate, 46, 43.0, 0.0125
surrogate, 46, 43.0, 0.0125
surrogate, 46, 43.0, 0.0125
surrogate, 46, 43.0, 0.0125
surrogate, 46, 43.0, 0.0125
surrogate, 46, 43.0, 0.0125
surrogate, 46, 43.0, 0.0125
surrogate, 46, 43.0, 0.0125
surrogate, 46, 43.0, 0.0125
surrogate, 46, 43.0, 0.0125
surrogate, 47, 53.0, 0.5
surrogate, 47, 53.0, 0.5
surrogate, 47, 53.0, 0.5
surrogate, 47, 53.0, 0.5
surrogate, 47, 49.0, 0.425
surrogate, 47, 49.0, 0.425
surrogate, 47, 48.0, 0.275
surrogate, 47, 48.0, 0.275
surrogate, 47, 48.0, 0.275
surrogate, 47, 48.0, 0.275
surrogate, 47, 48.0, 0.275
surrogate, 47, 48.0, 0.275
surrogate, 47, 48.0, 0.275
surrogate, 47, 48.0, 0.275
surrogate, 47, 48.0, 0.275
surrogate, 47, 45.0, 0.175
surrogate, 47, 45.0, 0.175
surrogate, 47, 45.0, 0.175
surrogate, 47, 45.0, 0.175
surrogate, 47, 45.0, 0.175
surrogate, 47, 43.0, 0.0125
surrogate, 47, 43.0, 0.0125
surrogate, 47, 43.0, 0.0125
surrogate, 47, 43.0, 0.0125
surrogate, 47, 43.0, 0.0125
surrogate, 47, 43.0, 0.0125
surrogate, 47, 43.0, 0.0125
surrogate, 47, 43.0, 0.0125
surrogate, 47, 43.0, 0.0125
surrogate, 47, 43.0, 0.0125
surrogate, 47, 43.0, 0.0125
surrogate, 47, 43.0, 0.0125
surrogate, 47, 43.0, 0.0125
surrogate, 47, 43.0, 0.0125
surrogate, 47, 43.0, 0.0125
surrogate, 47, 43.0, 0.0125
surrogate, 47, 43.0, 0.0125
surrogate, 47, 43.0, 0.0125
surrogate, 47, 43.0, 0.0125
surrogate, 47, 43.0, 0.0125
surrogate, 47, 43.0, 0.0125
surrogate, 47, 43.0, 0.0125
surrogate, 47, 43.0, 0.0125
surrogate, 47, 43.0, 0.0125
surrogate, 47, 43.0, 0.0125
surrogate, 47, 43.0, 0.0125
surrogate, 47, 43.0, 0.0125
surrogate, 47, 43.0, 0.0125
surrogate, 47, 43.0, 0.0125
surrogate, 47, 43.0, 0.0125
surrogate, 47, 43.0, 0.0125
surrogate, 47, 43.0, 0.0125
surrogate, 47, 43.0, 0.0125
surrogate, 47, 43.0, 0.0125
surrogate, 47, 43.0, 0.0125
surrogate, 47, 43.0, 0.0125
surrogate, 47, 43.0, 0.0125
surrogate, 47, 43.0, 0.0125
surrogate, 47, 43.0, 0.0125
surrogate, 47, 43.0, 0.0125
surrogate, 47, 43.0, 0.0125
surrogate, 47, 43.0, 0.0125
surrogate, 47, 43.0, 0.0125
surrogate, 47, 43.0, 0.0125
surrogate, 48, 53.0, 0.5
surrogate, 48, 53.0, 0.5
surrogate, 48, 53.0, 0.5
surrogate, 48, 53.0, 0.5
surrogate, 48, 48.0, 0.425
surrogate, 48, 45.0, 0.175
surrogate, 48, 45.0, 0.175
surrogate, 48, 45.0, 0.175
surrogate, 48, 45.0, 0.175
surrogate, 48, 45.0, 0.175
surrogate, 48, 43.0, 0.0125
surrogate, 48, 43.0, 0.0125
surrogate, 48, 43.0, 0.0125
surrogate, 48, 43.0, 0.0125
surrogate, 48, 43.0, 0.0125
surrogate, 48, 43.0, 0.0125
surrogate, 48, 43.0, 0.0125
surrogate, 48, 43.0, 0.0125
surrogate, 48, 43.0, 0.0125
surrogate, 48, 43.0, 0.0125
surrogate, 48, 43.0, 0.0125
surrogate, 48, 43.0, 0.0125
surrogate, 48, 43.0, 0.0125
surrogate, 48, 43.0, 0.0125
surrogate, 48, 43.0, 0.0125
surrogate, 48, 43.0, 0.0125
surrogate, 48, 43.0, 0.0125
surrogate, 48, 43.0, 0.0125
surrogate, 48, 43.0, 0.0125
surrogate, 48, 43.0, 0.0125
surrogate, 48, 43.0, 0.0125
surrogate, 48, 43.0, 0.0125
surrogate, 48, 43.0, 0.0125
surrogate, 48, 43.0, 0.0125
surrogate, 48, 43.0, 0.0125
surrogate, 48, 43.0, 0.0125
surrogate, 48, 43.0, 0.0125
surrogate, 48, 43.0, 0.0125
surrogate, 48, 43.0, 0.0125
surrogate, 48, 43.0, 0.0125
surrogate, 48, 43.0, 0.0125
surrogate, 48, 43.0, 0.0125
surrogate, 48, 43.0, 0.0125
surrogate, 48, 43.0, 0.0125
surrogate, 48, 43.0, 0.0125
surrogate, 48, 43.0, 0.0125
surrogate, 48, 43.0, 0.0125
surrogate, 48, 43.0, 0.0125
surrogate, 48, 43.0, 0.0125
surrogate, 48, 43.0, 0.0125
surrogate, 48, 43.0, 0.0125
surrogate, 48, 43.0, 0.0125
surrogate, 48, 43.0, 0.0125
surrogate, 48, 43.0, 0.0125
surrogate, 48, 43.0, 0.0125
surrogate, 49, 53.0, 0.5
surrogate, 49, 53.0, 0.5
surrogate, 49, 53.0, 0.5
surrogate, 49, 53.0, 0.5
surrogate, 49, 48.0, 0.425
surrogate, 49, 45.0, 0.175
surrogate, 49, 45.0, 0.175
surrogate, 49, 45.0, 0.175
surrogate, 49, 45.0, 0.175
surrogate, 49, 45.0, 0.175
surrogate, 49, 45.0, 0.175
surrogate, 49, 43.0, 0.0125
surrogate, 49, 43.0, 0.0125
surrogate, 49, 43.0, 0.0125
surrogate, 49, 43.0, 0.0125
surrogate, 49, 43.0, 0.0125
surrogate, 49, 43.0, 0.0125
surrogate, 49, 43.0, 0.0125
surrogate, 49, 43.0, 0.0125
surrogate, 49, 43.0, 0.0125
surrogate, 49, 43.0, 0.0125
surrogate, 49, 43.0, 0.0125
surrogate, 49, 43.0, 0.0125
surrogate, 49, 43.0, 0.0125
surrogate, 49, 43.0, 0.0125
surrogate, 49, 43.0, 0.0125
surrogate, 49, 43.0, 0.0125
surrogate, 49, 43.0, 0.0125
surrogate, 49, 43.0, 0.0125
surrogate, 49, 43.0, 0.0125
surrogate, 49, 43.0, 0.0125
surrogate, 49, 43.0, 0.0125
surrogate, 49, 43.0, 0.0125
surrogate, 49, 43.0, 0.0125
surrogate, 49, 43.0, 0.0125
surrogate, 49, 43.0, 0.0125
surrogate, 49, 43.0, 0.0125
surrogate, 49, 43.0, 0.0125
surrogate, 49, 43.0, 0.0125
surrogate, 49, 43.0, 0.0125
surrogate, 49, 43.0, 0.0125
surrogate, 49, 43.0, 0.0125
surrogate, 49, 43.0, 0.0125
surrogate, 49, 43.0, 0.0125
surrogate, 49, 43.0, 0.0125
surrogate, 49, 43.0, 0.0125
surrogate, 49, 43.0, 0.0125
surrogate, 49, 43.0, 0.0125
surrogate, 49, 43.0, 0.0125
surrogate, 49, 43.0, 0.0125
surrogate, 49, 43.0, 0.0125
surrogate, 49, 43.0, 0.0125
surrogate, 49, 43.0, 0.0125
surrogate, 49, 43.0, 0.0125
surrogate, 49, 43.0, 0.0125
surrogate, 49, 43.0, 0.0125
surrogate, 49, 43.0, 0.0125
surrogate, 50, 53.0, 0.5
surrogate, 50, 53.0, 0.5
surrogate, 50, 53.0, 0.5
surrogate, 50, 53.0, 0.5
surrogate, 50, 48.0, 0.425
surrogate, 50, 45.0, 0.175
surrogate, 50, 45.0, 0.175
surrogate, 50, 45.0, 0.175
surrogate, 50, 45.0, 0.175
surrogate, 50, 45.0, 0.175
surrogate, 50, 45.0, 0.175
surrogate, 50, 43.0, 0.0125
surrogate, 50, 43.0, 0.0125
surrogate, 50, 43.0, 0.0125
surrogate, 50, 43.0, 0.0125
surrogate, 50, 43.0, 0.0125
surrogate, 50, 43.0, 0.0125
surrogate, 50, 43.0, 0.0125
surrogate, 50, 43.0, 0.0125
surrogate, 50, 43.0, 0.0125
surrogate, 50, 43.0, 0.0125
surrogate, 50, 43.0, 0.0125
surrogate, 50, 43.0, 0.0125
surrogate, 50, 43.0, 0.0125
surrogate, 50, 43.0, 0.0125
surrogate, 50, 43.0, 0.0125
surrogate, 50, 43.0, 0.0125
surrogate, 50, 43.0, 0.0125
surrogate, 50, 43.0, 0.0125
surrogate, 50, 43.0, 0.0125
surrogate, 50, 43.0, 0.0125
surrogate, 50, 43.0, 0.0125
surrogate, 50, 43.0, 0.0125
surrogate, 50, 43.0, 0.0125
surrogate, 50, 43.0, 0.0125
surrogate, 50, 43.0, 0.0125
surrogate, 50, 43.0, 0.0125
surrogate, 50, 43.0, 0.0125
surrogate, 50, 43.0, 0.0125
surrogate, 50, 43.0, 0.0125
surrogate, 50, 43.0, 0.0125
surrogate, 50, 43.0, 0.0125
surrogate, 50, 43.0, 0.0125
surrogate, 50, 43.0, 0.0125
surrogate, 50, 43.0, 0.0125
surrogate, 50, 43.0, 0.0125
surrogate, 50, 43.0, 0.0125
surrogate, 50, 43.0, 0.0125
surrogate, 50, 43.0, 0.0125
surrogate, 50, 43.0, 0.0125
surrogate, 50, 43.0, 0.0125
surrogate, 50, 43.0, 0.0125
surrogate, 50, 43.0, 0.0125
surrogate, 50, 43.0, 0.0125
surrogate, 50, 43.0, 0.0125
surrogate, 50, 43.0, 0.0125
surrogate, 50, 43.0, 0.0125
surrogate, 51, 53.0, 0.5
surrogate, 51, 53.0, 0.5
surrogate, 51, 53.0, 0.5
surrogate, 51, 53.0, 0.5
surrogate, 51, 48.0, 0.425
surrogate, 51, 48.0, 0.425
surrogate, 51, 45.0, 0.175
surrogate, 51, 45.0, 0.175
surrogate, 51, 45.0, 0.175
surrogate, 51, 45.0, 0.175
surrogate, 51, 45.0, 0.175
surrogate, 51, 45.0, 0.175
surrogate, 51, 43.0, 0.0125
surrogate, 51, 43.0, 0.0125
surrogate, 51, 43.0, 0.0125
surrogate, 51, 43.0, 0.0125
surrogate, 51, 43.0, 0.0125
surrogate, 51, 43.0, 0.0125
surrogate, 51, 43.0, 0.0125
surrogate, 51, 43.0, 0.0125
surrogate, 51, 43.0, 0.0125
surrogate, 51, 43.0, 0.0125
surrogate, 51, 43.0, 0.0125
surrogate, 51, 43.0, 0.0125
surrogate, 51, 43.0, 0.0125
surrogate, 51, 43.0, 0.0125
surrogate, 51, 43.0, 0.0125
surrogate, 51, 43.0, 0.0125
surrogate, 51, 43.0, 0.0125
surrogate, 51, 43.0, 0.0125
surrogate, 51, 43.0, 0.0125
surrogate, 51, 43.0, 0.0125
surrogate, 51, 43.0, 0.0125
surrogate, 51, 43.0, 0.0125
surrogate, 51, 43.0, 0.0125
surrogate, 51, 43.0, 0.0125
surrogate, 51, 43.0, 0.0125
surrogate, 51, 43.0, 0.0125
surrogate, 51, 43.0, 0.0125
surrogate, 51, 43.0, 0.0125
surrogate, 51, 43.0, 0.0125
surrogate, 51, 43.0, 0.0125
surrogate, 51, 43.0, 0.0125
surrogate, 51, 43.0, 0.0125
surrogate, 51, 43.0, 0.0125
surrogate, 51, 43.0, 0.0125
surrogate, 51, 43.0, 0.0125
surrogate, 51, 43.0, 0.0125
surrogate, 51, 43.0, 0.0125
surrogate, 51, 43.0, 0.0125
surrogate, 51, 43.0, 0.0125
surrogate, 51, 43.0, 0.0125
surrogate, 51, 43.0, 0.0125
surrogate, 51, 43.0, 0.0125
surrogate, 51, 43.0, 0.0125
surrogate, 51, 43.0, 0.0125
surrogate, 51, 43.0, 0.0125
surrogate, 51, 43.0, 0.0125
surrogate, 51, 43.0, 0.0125
surrogate, 52, 53.0, 0.5
surrogate, 52, 53.0, 0.5
surrogate, 52, 53.0, 0.5
surrogate, 52, 53.0, 0.5
surrogate, 52, 48.0, 0.425
surrogate, 52, 48.0, 0.425
surrogate, 52, 45.0, 0.175
surrogate, 52, 45.0, 0.175
surrogate, 52, 45.0, 0.175
surrogate, 52, 45.0, 0.175
surrogate, 52, 45.0, 0.175
surrogate, 52, 45.0, 0.175
surrogate, 52, 43.0, 0.0125
surrogate, 52, 43.0, 0.0125
surrogate, 52, 43.0, 0.0125
surrogate, 52, 43.0, 0.0125
surrogate, 52, 43.0, 0.0125
surrogate, 52, 43.0, 0.0125
surrogate, 52, 43.0, 0.0125
surrogate, 52, 43.0, 0.0125
surrogate, 52, 43.0, 0.0125
surrogate, 52, 43.0, 0.0125
surrogate, 52, 43.0, 0.0125
surrogate, 52, 43.0, 0.0125
surrogate, 52, 43.0, 0.0125
surrogate, 52, 43.0, 0.0125
surrogate, 52, 43.0, 0.0125
surrogate, 52, 43.0, 0.0125
surrogate, 52, 43.0, 0.0125
surrogate, 52, 43.0, 0.0125
surrogate, 52, 43.0, 0.0125
surrogate, 52, 43.0, 0.0125
surrogate, 52, 43.0, 0.0125
surrogate, 52, 43.0, 0.0125
surrogate, 52, 43.0, 0.0125
surrogate, 52, 43.0, 0.0125
surrogate, 52, 43.0, 0.0125
surrogate, 52, 43.0, 0.0125
surrogate, 52, 43.0, 0.0125
surrogate, 52, 43.0, 0.0125
surrogate, 52, 43.0, 0.0125
surrogate, 52, 43.0, 0.0125
surrogate, 52, 43.0, 0.0125
surrogate, 52, 43.0, 0.0125
surrogate, 52, 43.0, 0.0125
surrogate, 52, 43.0, 0.0125
surrogate, 52, 43.0, 0.0125
surrogate, 52, 43.0, 0.0125
surrogate, 52, 43.0, 0.0125
surrogate, 52, 43.0, 0.0125
surrogate, 52, 43.0, 0.0125
surrogate, 52, 43.0, 0.0125
surrogate, 52, 43.0, 0.0125
surrogate, 52, 43.0, 0.0125
surrogate, 52, 43.0, 0.0125
surrogate, 52, 43.0, 0.0125
surrogate, 52, 43.0, 0.0125
surrogate, 52, 43.0, 0.0125
surrogate, 52, 43.0, 0.0125
surrogate, 53, 53.0, 0.5
surrogate, 53, 53.0, 0.5
surrogate, 53, 53.0, 0.5
surrogate, 53, 53.0, 0.5
surrogate, 53, 53.0, 0.5
surrogate, 53, 48.0, 0.425
surrogate, 53, 48.0, 0.425
surrogate, 53, 45.0, 0.175
surrogate, 53, 45.0, 0.175
surrogate, 53, 45.0, 0.175
surrogate, 53, 45.0, 0.175
surrogate, 53, 45.0, 0.175
surrogate, 53, 45.0, 0.175
surrogate, 53, 43.0, 0.0125
surrogate, 53, 43.0, 0.0125
surrogate, 53, 43.0, 0.0125
surrogate, 53, 43.0, 0.0125
surrogate, 53, 43.0, 0.0125
surrogate, 53, 43.0, 0.0125
surrogate, 53, 43.0, 0.0125
surrogate, 53, 43.0, 0.0125
surrogate, 53, 43.0, 0.0125
surrogate, 53, 43.0, 0.0125
surrogate, 53, 43.0, 0.0125
surrogate, 53, 43.0, 0.0125
surrogate, 53, 43.0, 0.0125
surrogate, 53, 43.0, 0.0125
surrogate, 53, 43.0, 0.0125
surrogate, 53, 43.0, 0.0125
surrogate, 53, 43.0, 0.0125
surrogate, 53, 43.0, 0.0125
surrogate, 53, 43.0, 0.0125
surrogate, 53, 43.0, 0.0125
surrogate, 53, 43.0, 0.0125
surrogate, 53, 43.0, 0.0125
surrogate, 53, 43.0, 0.0125
surrogate, 53, 43.0, 0.0125
surrogate, 53, 43.0, 0.0125
surrogate, 53, 43.0, 0.0125
surrogate, 53, 43.0, 0.0125
surrogate, 53, 43.0, 0.0125
surrogate, 53, 43.0, 0.0125
surrogate, 53, 43.0, 0.0125
surrogate, 53, 43.0, 0.0125
surrogate, 53, 43.0, 0.0125
surrogate, 53, 43.0, 0.0125
surrogate, 53, 43.0, 0.0125
surrogate, 53, 43.0, 0.0125
surrogate, 53, 43.0, 0.0125
surrogate, 53, 43.0, 0.0125
surrogate, 53, 43.0, 0.0125
surrogate, 53, 43.0, 0.0125
surrogate, 53, 43.0, 0.0125
surrogate, 53, 43.0, 0.0125
surrogate, 53, 43.0, 0.0125
surrogate, 53, 43.0, 0.0125
surrogate, 53, 43.0, 0.0125
surrogate, 53, 43.0, 0.0125
surrogate, 53, 43.0, 0.0125
surrogate, 53, 43.0, 0.0125
surrogate, 53, 43.0, 0.0125
surrogate, 54, 53.0, 0.5
surrogate, 54, 53.0, 0.5
surrogate, 54, 53.0, 0.5
surrogate, 54, 53.0, 0.5
surrogate, 54, 53.0, 0.5
surrogate, 54, 53.0, 0.5
surrogate, 54, 48.0, 0.425
surrogate, 54, 48.0, 0.425
surrogate, 54, 48.0, 0.425
surrogate, 54, 45.0, 0.175
surrogate, 54, 45.0, 0.175
surrogate, 54, 45.0, 0.175
surrogate, 54, 45.0, 0.175
surrogate, 54, 45.0, 0.175
surrogate, 54, 45.0, 0.175
surrogate, 54, 45.0, 0.175
surrogate, 54, 43.0, 0.0125
surrogate, 54, 43.0, 0.0125
surrogate, 54, 43.0, 0.0125
surrogate, 54, 43.0, 0.0125
surrogate, 54, 43.0, 0.0125
surrogate, 54, 43.0, 0.0125
surrogate, 54, 43.0, 0.0125
surrogate, 54, 43.0, 0.0125
surrogate, 54, 43.0, 0.0125
surrogate, 54, 43.0, 0.0125
surrogate, 54, 43.0, 0.0125
surrogate, 54, 43.0, 0.0125
surrogate, 54, 43.0, 0.0125
surrogate, 54, 43.0, 0.0125
surrogate, 54, 43.0, 0.0125
surrogate, 54, 43.0, 0.0125
surrogate, 54, 43.0, 0.0125
surrogate, 54, 43.0, 0.0125
surrogate, 54, 43.0, 0.0125
surrogate, 54, 43.0, 0.0125
surrogate, 54, 43.0, 0.0125
surrogate, 54, 43.0, 0.0125
surrogate, 54, 43.0, 0.0125
surrogate, 54, 43.0, 0.0125
surrogate, 54, 43.0, 0.0125
surrogate, 54, 43.0, 0.0125
surrogate, 54, 43.0, 0.0125
surrogate, 54, 43.0, 0.0125
surrogate, 54, 43.0, 0.0125
surrogate, 54, 43.0, 0.0125
surrogate, 54, 43.0, 0.0125
surrogate, 54, 43.0, 0.0125
surrogate, 54, 43.0, 0.0125
surrogate, 54, 43.0, 0.0125
surrogate, 54, 43.0, 0.0125
surrogate, 54, 43.0, 0.0125
surrogate, 54, 43.0, 0.0125
surrogate, 54, 43.0, 0.0125
surrogate, 54, 43.0, 0.0125
surrogate, 54, 43.0, 0.0125
surrogate, 54, 43.0, 0.0125
surrogate, 54, 43.0, 0.0125
surrogate, 54, 43.0, 0.0125
surrogate, 54, 43.0, 0.0125
surrogate, 54, 43.0, 0.0125
surrogate, 54, 43.0, 0.0125
surrogate, 54, 43.0, 0.0125
surrogate, 54, 43.0, 0.0125
surrogate, 54, 43.0, 0.0125
surrogate, 55, 53.0, 0.5
surrogate, 55, 53.0, 0.5
surrogate, 55, 53.0, 0.5
surrogate, 55, 53.0, 0.5
surrogate, 55, 53.0, 0.5
surrogate, 55, 53.0, 0.5
surrogate, 55, 53.0, 0.5
surrogate, 55, 48.0, 0.425
surrogate, 55, 48.0, 0.425
surrogate, 55, 48.0, 0.425
surrogate, 55, 48.0, 0.425
surrogate, 55, 45.0, 0.175
surrogate, 55, 45.0, 0.175
surrogate, 55, 45.0, 0.175
surrogate, 55, 45.0, 0.175
surrogate, 55, 45.0, 0.175
surrogate, 55, 45.0, 0.175
surrogate, 55, 45.0, 0.175
surrogate, 55, 45.0, 0.175
surrogate, 55, 43.0, 0.0125
surrogate, 55, 43.0, 0.0125
surrogate, 55, 43.0, 0.0125
surrogate, 55, 43.0, 0.0125
surrogate, 55, 43.0, 0.0125
surrogate, 55, 43.0, 0.0125
surrogate, 55, 43.0, 0.0125
surrogate, 55, 43.0, 0.0125
surrogate, 55, 43.0, 0.0125
surrogate, 55, 43.0, 0.0125
surrogate, 55, 43.0, 0.0125
surrogate, 55, 43.0, 0.0125
surrogate, 55, 43.0, 0.0125
surrogate, 55, 43.0, 0.0125
surrogate, 55, 43.0, 0.0125
surrogate, 55, 43.0, 0.0125
surrogate, 55, 43.0, 0.0125
surrogate, 55, 43.0, 0.0125
surrogate, 55, 43.0, 0.0125
surrogate, 55, 43.0, 0.0125
surrogate, 55, 43.0, 0.0125
surrogate, 55, 43.0, 0.0125
surrogate, 55, 43.0, 0.0125
surrogate, 55, 43.0, 0.0125
surrogate, 55, 43.0, 0.0125
surrogate, 55, 43.0, 0.0125
surrogate, 55, 43.0, 0.0125
surrogate, 55, 43.0, 0.0125
surrogate, 55, 43.0, 0.0125
surrogate, 55, 43.0, 0.0125
surrogate, 55, 43.0, 0.0125
surrogate, 55, 43.0, 0.0125
surrogate, 55, 43.0, 0.0125
surrogate, 55, 43.0, 0.0125
surrogate, 55, 43.0, 0.0125
surrogate, 55, 43.0, 0.0125
surrogate, 55, 43.0, 0.0125
surrogate, 55, 43.0, 0.0125
surrogate, 55, 43.0, 0.0125
surrogate, 55, 43.0, 0.0125
surrogate, 55, 43.0, 0.0125
surrogate, 55, 43.0, 0.0125
surrogate, 55, 43.0, 0.0125
surrogate, 55, 43.0, 0.0125
surrogate, 55, 43.0, 0.0125
surrogate, 55, 43.0, 0.0125
surrogate, 55, 43.0, 0.0125
surrogate, 55, 43.0, 0.0125
surrogate, 55, 43.0, 0.0125
surrogate, 56, 53.0, 0.5
surrogate, 56, 53.0, 0.5
surrogate, 56, 53.0, 0.5
surrogate, 56, 53.0, 0.5
surrogate, 56, 53.0, 0.5
surrogate, 56, 53.0, 0.5
surrogate, 56, 53.0, 0.5
surrogate, 56, 48.0, 0.425
surrogate, 56, 48.0, 0.425
surrogate, 56, 48.0, 0.425
surrogate, 56, 48.0, 0.425
surrogate, 56, 45.0, 0.175
surrogate, 56, 45.0, 0.175
surrogate, 56, 45.0, 0.175
surrogate, 56, 45.0, 0.175
surrogate, 56, 45.0, 0.175
surrogate, 56, 45.0, 0.175
surrogate, 56, 45.0, 0.175
surrogate, 56, 45.0, 0.175
surrogate, 56, 43.0, 0.0125
surrogate, 56, 43.0, 0.0125
surrogate, 56, 43.0, 0.0125
surrogate, 56, 43.0, 0.0125
surrogate, 56, 43.0, 0.0125
surrogate, 56, 43.0, 0.0125
surrogate, 56, 43.0, 0.0125
surrogate, 56, 43.0, 0.0125
surrogate, 56, 43.0, 0.0125
surrogate, 56, 43.0, 0.0125
surrogate, 56, 43.0, 0.0125
surrogate, 56, 43.0, 0.0125
surrogate, 56, 43.0, 0.0125
surrogate, 56, 43.0, 0.0125
surrogate, 56, 43.0, 0.0125
surrogate, 56, 43.0, 0.0125
surrogate, 56, 43.0, 0.0125
surrogate, 56, 43.0, 0.0125
surrogate, 56, 43.0, 0.0125
surrogate, 56, 43.0, 0.0125
surrogate, 56, 43.0, 0.0125
surrogate, 56, 43.0, 0.0125
surrogate, 56, 43.0, 0.0125
surrogate, 56, 43.0, 0.0125
surrogate, 56, 43.0, 0.0125
surrogate, 56, 43.0, 0.0125
surrogate, 56, 43.0, 0.0125
surrogate, 56, 43.0, 0.0125
surrogate, 56, 43.0, 0.0125
surrogate, 56, 43.0, 0.0125
surrogate, 56, 43.0, 0.0125
surrogate, 56, 43.0, 0.0125
surrogate, 56, 43.0, 0.0125
surrogate, 56, 43.0, 0.0125
surrogate, 56, 43.0, 0.0125
surrogate, 56, 43.0, 0.0125
surrogate, 56, 43.0, 0.0125
surrogate, 56, 43.0, 0.0125
surrogate, 56, 43.0, 0.0125
surrogate, 56, 43.0, 0.0125
surrogate, 56, 43.0, 0.0125
surrogate, 56, 43.0, 0.0125
surrogate, 56, 43.0, 0.0125
surrogate, 56, 43.0, 0.0125
surrogate, 56, 43.0, 0.0125
surrogate, 56, 43.0, 0.0125
surrogate, 56, 43.0, 0.0125
surrogate, 56, 43.0, 0.0125
surrogate, 56, 43.0, 0.0125
surrogate, 56, 43.0, 0.0125
surrogate, 57, 53.0, 0.5
surrogate, 57, 53.0, 0.5
surrogate, 57, 53.0, 0.5
surrogate, 57, 53.0, 0.5
surrogate, 57, 53.0, 0.5
surrogate, 57, 53.0, 0.5
surrogate, 57, 53.0, 0.5
surrogate, 57, 53.0, 0.5
surrogate, 57, 48.0, 0.425
surrogate, 57, 48.0, 0.425
surrogate, 57, 48.0, 0.425
surrogate, 57, 48.0, 0.425
surrogate, 57, 45.0, 0.175
surrogate, 57, 45.0, 0.175
surrogate, 57, 45.0, 0.175
surrogate, 57, 45.0, 0.175
surrogate, 57, 45.0, 0.175
surrogate, 57, 45.0, 0.175
surrogate, 57, 45.0, 0.175
surrogate, 57, 45.0, 0.175
surrogate, 57, 45.0, 0.175
surrogate, 57, 43.0, 0.0125
surrogate, 57, 43.0, 0.0125
surrogate, 57, 43.0, 0.0125
surrogate, 57, 43.0, 0.0125
surrogate, 57, 43.0, 0.0125
surrogate, 57, 43.0, 0.0125
surrogate, 57, 43.0, 0.0125
surrogate, 57, 43.0, 0.0125
surrogate, 57, 43.0, 0.0125
surrogate, 57, 43.0, 0.0125
surrogate, 57, 43.0, 0.0125
surrogate, 57, 43.0, 0.0125
surrogate, 57, 43.0, 0.0125
surrogate, 57, 43.0, 0.0125
surrogate, 57, 43.0, 0.0125
surrogate, 57, 43.0, 0.0125
surrogate, 57, 43.0, 0.0125
surrogate, 57, 43.0, 0.0125
surrogate, 57, 43.0, 0.0125
surrogate, 57, 43.0, 0.0125
surrogate, 57, 43.0, 0.0125
surrogate, 57, 43.0, 0.0125
surrogate, 57, 43.0, 0.0125
surrogate, 57, 43.0, 0.0125
surrogate, 57, 43.0, 0.0125
surrogate, 57, 43.0, 0.0125
surrogate, 57, 43.0, 0.0125
surrogate, 57, 43.0, 0.0125
surrogate, 57, 43.0, 0.0125
surrogate, 57, 43.0, 0.0125
surrogate, 57, 43.0, 0.0125
surrogate, 57, 43.0, 0.0125
surrogate, 57, 43.0, 0.0125
surrogate, 57, 43.0, 0.0125
surrogate, 57, 43.0, 0.0125
surrogate, 57, 43.0, 0.0125
surrogate, 57, 43.0, 0.0125
surrogate, 57, 43.0, 0.0125
surrogate, 57, 43.0, 0.0125
surrogate, 57, 43.0, 0.0125
surrogate, 57, 43.0, 0.0125
surrogate, 57, 43.0, 0.0125
surrogate, 57, 43.0, 0.0125
surrogate, 57, 43.0, 0.0125
surrogate, 57, 43.0, 0.0125
surrogate, 57, 43.0, 0.0125
surrogate, 57, 43.0, 0.0125
surrogate, 57, 43.0, 0.0125
surrogate, 57, 43.0, 0.0125
surrogate, 57, 43.0, 0.0125
surrogate, 57, 43.0, 0.0125
surrogate, 58, 53.0, 0.5
surrogate, 58, 53.0, 0.5
surrogate, 58, 53.0, 0.5
surrogate, 58, 53.0, 0.5
surrogate, 58, 53.0, 0.5
surrogate, 58, 53.0, 0.5
surrogate, 58, 53.0, 0.5
surrogate, 58, 53.0, 0.5
surrogate, 58, 48.0, 0.425
surrogate, 58, 48.0, 0.425
surrogate, 58, 48.0, 0.425
surrogate, 58, 48.0, 0.425
surrogate, 58, 48.0, 0.425
surrogate, 58, 45.0, 0.175
surrogate, 58, 45.0, 0.175
surrogate, 58, 45.0, 0.175
surrogate, 58, 45.0, 0.175
surrogate, 58, 45.0, 0.175
surrogate, 58, 45.0, 0.175
surrogate, 58, 45.0, 0.175
surrogate, 58, 45.0, 0.175
surrogate, 58, 45.0, 0.175
surrogate, 58, 45.0, 0.175
surrogate, 58, 43.0, 0.0125
surrogate, 58, 43.0, 0.0125
surrogate, 58, 43.0, 0.0125
surrogate, 58, 43.0, 0.0125
surrogate, 58, 43.0, 0.0125
surrogate, 58, 43.0, 0.0125
surrogate, 58, 43.0, 0.0125
surrogate, 58, 43.0, 0.0125
surrogate, 58, 43.0, 0.0125
surrogate, 58, 43.0, 0.0125
surrogate, 58, 43.0, 0.0125
surrogate, 58, 43.0, 0.0125
surrogate, 58, 43.0, 0.0125
surrogate, 58, 43.0, 0.0125
surrogate, 58, 43.0, 0.0125
surrogate, 58, 43.0, 0.0125
surrogate, 58, 43.0, 0.0125
surrogate, 58, 43.0, 0.0125
surrogate, 58, 43.0, 0.0125
surrogate, 58, 43.0, 0.0125
surrogate, 58, 43.0, 0.0125
surrogate, 58, 43.0, 0.0125
surrogate, 58, 43.0, 0.0125
surrogate, 58, 43.0, 0.0125
surrogate, 58, 43.0, 0.0125
surrogate, 58, 43.0, 0.0125
surrogate, 58, 43.0, 0.0125
surrogate, 58, 43.0, 0.0125
surrogate, 58, 43.0, 0.0125
surrogate, 58, 43.0, 0.0125
surrogate, 58, 43.0, 0.0125
surrogate, 58, 43.0, 0.0125
surrogate, 58, 43.0, 0.0125
surrogate, 58, 43.0, 0.0125
surrogate, 58, 43.0, 0.0125
surrogate, 58, 43.0, 0.0125
surrogate, 58, 43.0, 0.0125
surrogate, 58, 43.0, 0.0125
surrogate, 58, 43.0, 0.0125
surrogate, 58, 43.0, 0.0125
surrogate, 58, 43.0, 0.0125
surrogate, 58, 43.0, 0.0125
surrogate, 58, 43.0, 0.0125
surrogate, 58, 43.0, 0.0125
surrogate, 58, 43.0, 0.0125
surrogate, 58, 43.0, 0.0125
surrogate, 58, 43.0, 0.0125
surrogate, 58, 43.0, 0.0125
surrogate, 58, 43.0, 0.0125
surrogate, 58, 43.0, 0.0125
surrogate, 58, 43.0, 0.0125
surrogate, 58, 43.0, 0.0125
surrogate, 59, 53.0, 0.5
surrogate, 59, 53.0, 0.5
surrogate, 59, 53.0, 0.5
surrogate, 59, 53.0, 0.5
surrogate, 59, 53.0, 0.5
surrogate, 59, 53.0, 0.5
surrogate, 59, 53.0, 0.5
surrogate, 59, 53.0, 0.5
surrogate, 59, 48.0, 0.425
surrogate, 59, 48.0, 0.425
surrogate, 59, 48.0, 0.425
surrogate, 59, 48.0, 0.425
surrogate, 59, 48.0, 0.425
surrogate, 59, 45.0, 0.175
surrogate, 59, 45.0, 0.175
surrogate, 59, 45.0, 0.175
surrogate, 59, 45.0, 0.175
surrogate, 59, 45.0, 0.175
surrogate, 59, 45.0, 0.175
surrogate, 59, 45.0, 0.175
surrogate, 59, 45.0, 0.175
surrogate, 59, 45.0, 0.175
surrogate, 59, 45.0, 0.175
surrogate, 59, 45.0, 0.175
surrogate, 59, 43.0, 0.0125
surrogate, 59, 43.0, 0.0125
surrogate, 59, 43.0, 0.0125
surrogate, 59, 43.0, 0.0125
surrogate, 59, 43.0, 0.0125
surrogate, 59, 43.0, 0.0125
surrogate, 59, 43.0, 0.0125
surrogate, 59, 43.0, 0.0125
surrogate, 59, 43.0, 0.0125
surrogate, 59, 43.0, 0.0125
surrogate, 59, 43.0, 0.0125
surrogate, 59, 43.0, 0.0125
surrogate, 59, 43.0, 0.0125
surrogate, 59, 43.0, 0.0125
surrogate, 59, 43.0, 0.0125
surrogate, 59, 43.0, 0.0125
surrogate, 59, 43.0, 0.0125
surrogate, 59, 43.0, 0.0125
surrogate, 59, 43.0, 0.0125
surrogate, 59, 43.0, 0.0125
surrogate, 59, 43.0, 0.0125
surrogate, 59, 43.0, 0.0125
surrogate, 59, 43.0, 0.0125
surrogate, 59, 43.0, 0.0125
surrogate, 59, 43.0, 0.0125
surrogate, 59, 43.0, 0.0125
surrogate, 59, 43.0, 0.0125
surrogate, 59, 43.0, 0.0125
surrogate, 59, 43.0, 0.0125
surrogate, 59, 43.0, 0.0125
surrogate, 59, 43.0, 0.0125
surrogate, 59, 43.0, 0.0125
surrogate, 59, 43.0, 0.0125
surrogate, 59, 43.0, 0.0125
surrogate, 59, 43.0, 0.0125
surrogate, 59, 43.0, 0.0125
surrogate, 59, 43.0, 0.0125
surrogate, 59, 43.0, 0.0125
surrogate, 59, 43.0, 0.0125
surrogate, 59, 43.0, 0.0125
surrogate, 59, 43.0, 0.0125
surrogate, 59, 43.0, 0.0125
surrogate, 59, 43.0, 0.0125
surrogate, 59, 43.0, 0.0125
surrogate, 59, 43.0, 0.0125
surrogate, 59, 43.0, 0.0125
surrogate, 59, 43.0, 0.0125
surrogate, 59, 43.0, 0.0125
surrogate, 59, 43.0, 0.0125
surrogate, 59, 43.0, 0.0125
surrogate, 59, 43.0, 0.0125
surrogate, 59, 43.0, 0.0125
surrogate, 59, 43.0, 0.0125
surrogate, 60, 54.0, 0.525
surrogate, 60, 53.0, 0.5
surrogate, 60, 53.0, 0.5
surrogate, 60, 53.0, 0.5
surrogate, 60, 53.0, 0.5
surrogate, 60, 53.0, 0.5
surrogate, 60, 53.0, 0.5
surrogate, 60, 53.0, 0.5
surrogate, 60, 53.0, 0.5
surrogate, 60, 53.0, 0.5
surrogate, 60, 48.0, 0.425
surrogate, 60, 48.0, 0.425
surrogate, 60, 48.0, 0.425
surrogate, 60, 48.0, 0.425
surrogate, 60, 48.0, 0.425
surrogate, 60, 48.0, 0.425
surrogate, 60, 47.0, 0.225
surrogate, 60, 45.0, 0.175
surrogate, 60, 45.0, 0.175
surrogate, 60, 45.0, 0.175
surrogate, 60, 45.0, 0.175
surrogate, 60, 45.0, 0.175
surrogate, 60, 45.0, 0.175
surrogate, 60, 45.0, 0.175
surrogate, 60, 45.0, 0.175
surrogate, 60, 45.0, 0.175
surrogate, 60, 45.0, 0.175
surrogate, 60, 45.0, 0.175
surrogate, 60, 45.0, 0.175
surrogate, 60, 43.0, 0.0125
surrogate, 60, 43.0, 0.0125
surrogate, 60, 43.0, 0.0125
surrogate, 60, 43.0, 0.0125
surrogate, 60, 43.0, 0.0125
surrogate, 60, 43.0, 0.0125
surrogate, 60, 43.0, 0.0125
surrogate, 60, 43.0, 0.0125
surrogate, 60, 43.0, 0.0125
surrogate, 60, 43.0, 0.0125
surrogate, 60, 43.0, 0.0125
surrogate, 60, 43.0, 0.0125
surrogate, 60, 43.0, 0.0125
surrogate, 60, 43.0, 0.0125
surrogate, 60, 43.0, 0.0125
surrogate, 60, 43.0, 0.0125
surrogate, 60, 43.0, 0.0125
surrogate, 60, 43.0, 0.0125
surrogate, 60, 43.0, 0.0125
surrogate, 60, 43.0, 0.0125
surrogate, 60, 43.0, 0.0125
surrogate, 60, 43.0, 0.0125
surrogate, 60, 43.0, 0.0125
surrogate, 60, 43.0, 0.0125
surrogate, 60, 43.0, 0.0125
surrogate, 60, 43.0, 0.0125
surrogate, 60, 43.0, 0.0125
surrogate, 60, 43.0, 0.0125
surrogate, 60, 43.0, 0.0125
surrogate, 60, 43.0, 0.0125
surrogate, 60, 43.0, 0.0125
surrogate, 60, 43.0, 0.0125
surrogate, 60, 43.0, 0.0125
surrogate, 60, 43.0, 0.0125
surrogate, 60, 43.0, 0.0125
surrogate, 60, 43.0, 0.0125
surrogate, 60, 43.0, 0.0125
surrogate, 60, 43.0, 0.0125
surrogate, 60, 43.0, 0.0125
surrogate, 60, 43.0, 0.0125
surrogate, 60, 43.0, 0.0125
surrogate, 60, 43.0, 0.0125
surrogate, 60, 43.0, 0.0125
surrogate, 60, 43.0, 0.0125
surrogate, 60, 43.0, 0.0125
surrogate, 60, 43.0, 0.0125
surrogate, 60, 43.0, 0.0125
surrogate, 60, 43.0, 0.0125
surrogate, 60, 43.0, 0.0125
surrogate, 60, 43.0, 0.0125
surrogate, 60, 43.0, 0.0125
surrogate, 60, 43.0, 0.0125
surrogate, 60, 43.0, 0.0125
surrogate, 61, 54.0, 0.525
surrogate, 61, 53.0, 0.5
surrogate, 61, 53.0, 0.5
surrogate, 61, 53.0, 0.5
surrogate, 61, 53.0, 0.5
surrogate, 61, 53.0, 0.5
surrogate, 61, 53.0, 0.5
surrogate, 61, 53.0, 0.5
surrogate, 61, 53.0, 0.5
surrogate, 61, 53.0, 0.5
surrogate, 61, 48.0, 0.425
surrogate, 61, 48.0, 0.425
surrogate, 61, 48.0, 0.425
surrogate, 61, 48.0, 0.425
surrogate, 61, 48.0, 0.425
surrogate, 61, 48.0, 0.425
surrogate, 61, 47.0, 0.275
surrogate, 61, 45.0, 0.175
surrogate, 61, 45.0, 0.175
surrogate, 61, 45.0, 0.175
surrogate, 61, 45.0, 0.175
surrogate, 61, 45.0, 0.175
surrogate, 61, 45.0, 0.175
surrogate, 61, 45.0, 0.175
surrogate, 61, 45.0, 0.175
surrogate, 61, 45.0, 0.175
surrogate, 61, 45.0, 0.175
surrogate, 61, 45.0, 0.175
surrogate, 61, 45.0, 0.175
surrogate, 61, 45.0, 0.175
surrogate, 61, 43.0, 0.0125
surrogate, 61, 43.0, 0.0125
surrogate, 61, 43.0, 0.0125
surrogate, 61, 43.0, 0.0125
surrogate, 61, 43.0, 0.0125
surrogate, 61, 43.0, 0.0125
surrogate, 61, 43.0, 0.0125
surrogate, 61, 43.0, 0.0125
surrogate, 61, 43.0, 0.0125
surrogate, 61, 43.0, 0.0125
surrogate, 61, 43.0, 0.0125
surrogate, 61, 43.0, 0.0125
surrogate, 61, 43.0, 0.0125
surrogate, 61, 43.0, 0.0125
surrogate, 61, 43.0, 0.0125
surrogate, 61, 43.0, 0.0125
surrogate, 61, 43.0, 0.0125
surrogate, 61, 43.0, 0.0125
surrogate, 61, 43.0, 0.0125
surrogate, 61, 43.0, 0.0125
surrogate, 61, 43.0, 0.0125
surrogate, 61, 43.0, 0.0125
surrogate, 61, 43.0, 0.0125
surrogate, 61, 43.0, 0.0125
surrogate, 61, 43.0, 0.0125
surrogate, 61, 43.0, 0.0125
surrogate, 61, 43.0, 0.0125
surrogate, 61, 43.0, 0.0125
surrogate, 61, 43.0, 0.0125
surrogate, 61, 43.0, 0.0125
surrogate, 61, 43.0, 0.0125
surrogate, 61, 43.0, 0.0125
surrogate, 61, 43.0, 0.0125
surrogate, 61, 43.0, 0.0125
surrogate, 61, 43.0, 0.0125
surrogate, 61, 43.0, 0.0125
surrogate, 61, 43.0, 0.0125
surrogate, 61, 43.0, 0.0125
surrogate, 61, 43.0, 0.0125
surrogate, 61, 43.0, 0.0125
surrogate, 61, 43.0, 0.0125
surrogate, 61, 43.0, 0.0125
surrogate, 61, 43.0, 0.0125
surrogate, 61, 43.0, 0.0125
surrogate, 61, 43.0, 0.0125
surrogate, 61, 43.0, 0.0125
surrogate, 61, 43.0, 0.0125
surrogate, 61, 43.0, 0.0125
surrogate, 61, 43.0, 0.0125
surrogate, 61, 43.0, 0.0125
surrogate, 61, 43.0, 0.0125
surrogate, 61, 43.0, 0.0125
surrogate, 61, 43.0, 0.0125
surrogate, 61, 43.0, 0.0125
surrogate, 62, 54.0, 0.525
surrogate, 62, 53.0, 0.5
surrogate, 62, 53.0, 0.5
surrogate, 62, 53.0, 0.5
surrogate, 62, 53.0, 0.5
surrogate, 62, 53.0, 0.5
surrogate, 62, 53.0, 0.5
surrogate, 62, 53.0, 0.5
surrogate, 62, 53.0, 0.5
surrogate, 62, 53.0, 0.5
surrogate, 62, 48.0, 0.425
surrogate, 62, 48.0, 0.425
surrogate, 62, 48.0, 0.425
surrogate, 62, 48.0, 0.425
surrogate, 62, 48.0, 0.425
surrogate, 62, 48.0, 0.425
surrogate, 62, 48.0, 0.425
surrogate, 62, 47.0, 0.275
surrogate, 62, 45.0, 0.175
surrogate, 62, 45.0, 0.175
surrogate, 62, 45.0, 0.175
surrogate, 62, 45.0, 0.175
surrogate, 62, 45.0, 0.175
surrogate, 62, 45.0, 0.175
surrogate, 62, 45.0, 0.175
surrogate, 62, 45.0, 0.175
surrogate, 62, 45.0, 0.175
surrogate, 62, 45.0, 0.175
surrogate, 62, 45.0, 0.175
surrogate, 62, 45.0, 0.175
surrogate, 62, 45.0, 0.175
surrogate, 62, 45.0, 0.175
surrogate, 62, 43.0, 0.0125
surrogate, 62, 43.0, 0.0125
surrogate, 62, 43.0, 0.0125
surrogate, 62, 43.0, 0.0125
surrogate, 62, 43.0, 0.0125
surrogate, 62, 43.0, 0.0125
surrogate, 62, 43.0, 0.0125
surrogate, 62, 43.0, 0.0125
surrogate, 62, 43.0, 0.0125
surrogate, 62, 43.0, 0.0125
surrogate, 62, 43.0, 0.0125
surrogate, 62, 43.0, 0.0125
surrogate, 62, 43.0, 0.0125
surrogate, 62, 43.0, 0.0125
surrogate, 62, 43.0, 0.0125
surrogate, 62, 43.0, 0.0125
surrogate, 62, 43.0, 0.0125
surrogate, 62, 43.0, 0.0125
surrogate, 62, 43.0, 0.0125
surrogate, 62, 43.0, 0.0125
surrogate, 62, 43.0, 0.0125
surrogate, 62, 43.0, 0.0125
surrogate, 62, 43.0, 0.0125
surrogate, 62, 43.0, 0.0125
surrogate, 62, 43.0, 0.0125
surrogate, 62, 43.0, 0.0125
surrogate, 62, 43.0, 0.0125
surrogate, 62, 43.0, 0.0125
surrogate, 62, 43.0, 0.0125
surrogate, 62, 43.0, 0.0125
surrogate, 62, 43.0, 0.0125
surrogate, 62, 43.0, 0.0125
surrogate, 62, 43.0, 0.0125
surrogate, 62, 43.0, 0.0125
surrogate, 62, 43.0, 0.0125
surrogate, 62, 43.0, 0.0125
surrogate, 62, 43.0, 0.0125
surrogate, 62, 43.0, 0.0125
surrogate, 62, 43.0, 0.0125
surrogate, 62, 43.0, 0.0125
surrogate, 62, 43.0, 0.0125
surrogate, 62, 43.0, 0.0125
surrogate, 62, 43.0, 0.0125
surrogate, 62, 43.0, 0.0125
surrogate, 62, 43.0, 0.0125
surrogate, 62, 43.0, 0.0125
surrogate, 62, 43.0, 0.0125
surrogate, 62, 43.0, 0.0125
surrogate, 62, 43.0, 0.0125
surrogate, 62, 43.0, 0.0125
surrogate, 62, 43.0, 0.0125
surrogate, 62, 43.0, 0.0125
surrogate, 62, 43.0, 0.0125
surrogate, 62, 43.0, 0.0125
surrogate, 62, 43.0, 0.0125
surrogate, 63, 54.0, 0.525
surrogate, 63, 53.0, 0.5
surrogate, 63, 53.0, 0.5
surrogate, 63, 53.0, 0.5
surrogate, 63, 53.0, 0.5
surrogate, 63, 53.0, 0.5
surrogate, 63, 53.0, 0.5
surrogate, 63, 53.0, 0.5
surrogate, 63, 53.0, 0.5
surrogate, 63, 53.0, 0.5
surrogate, 63, 48.0, 0.425
surrogate, 63, 48.0, 0.425
surrogate, 63, 48.0, 0.425
surrogate, 63, 48.0, 0.425
surrogate, 63, 48.0, 0.425
surrogate, 63, 48.0, 0.425
surrogate, 63, 48.0, 0.425
surrogate, 63, 48.0, 0.425
surrogate, 63, 47.0, 0.275
surrogate, 63, 47.0, 0.275
surrogate, 63, 45.0, 0.175
surrogate, 63, 45.0, 0.175
surrogate, 63, 45.0, 0.175
surrogate, 63, 45.0, 0.175
surrogate, 63, 45.0, 0.175
surrogate, 63, 45.0, 0.175
surrogate, 63, 45.0, 0.175
surrogate, 63, 45.0, 0.175
surrogate, 63, 45.0, 0.175
surrogate, 63, 45.0, 0.175
surrogate, 63, 45.0, 0.175
surrogate, 63, 45.0, 0.175
surrogate, 63, 45.0, 0.175
surrogate, 63, 45.0, 0.175
surrogate, 63, 45.0, 0.175
surrogate, 63, 43.0, 0.0125
surrogate, 63, 43.0, 0.0125
surrogate, 63, 43.0, 0.0125
surrogate, 63, 43.0, 0.0125
surrogate, 63, 43.0, 0.0125
surrogate, 63, 43.0, 0.0125
surrogate, 63, 43.0, 0.0125
surrogate, 63, 43.0, 0.0125
surrogate, 63, 43.0, 0.0125
surrogate, 63, 43.0, 0.0125
surrogate, 63, 43.0, 0.0125
surrogate, 63, 43.0, 0.0125
surrogate, 63, 43.0, 0.0125
surrogate, 63, 43.0, 0.0125
surrogate, 63, 43.0, 0.0125
surrogate, 63, 43.0, 0.0125
surrogate, 63, 43.0, 0.0125
surrogate, 63, 43.0, 0.0125
surrogate, 63, 43.0, 0.0125
surrogate, 63, 43.0, 0.0125
surrogate, 63, 43.0, 0.0125
surrogate, 63, 43.0, 0.0125
surrogate, 63, 43.0, 0.0125
surrogate, 63, 43.0, 0.0125
surrogate, 63, 43.0, 0.0125
surrogate, 63, 43.0, 0.0125
surrogate, 63, 43.0, 0.0125
surrogate, 63, 43.0, 0.0125
surrogate, 63, 43.0, 0.0125
surrogate, 63, 43.0, 0.0125
surrogate, 63, 43.0, 0.0125
surrogate, 63, 43.0, 0.0125
surrogate, 63, 43.0, 0.0125
surrogate, 63, 43.0, 0.0125
surrogate, 63, 43.0, 0.0125
surrogate, 63, 43.0, 0.0125
surrogate, 63, 43.0, 0.0125
surrogate, 63, 43.0, 0.0125
surrogate, 63, 43.0, 0.0125
surrogate, 63, 43.0, 0.0125
surrogate, 63, 43.0, 0.0125
surrogate, 63, 43.0, 0.0125
surrogate, 63, 43.0, 0.0125
surrogate, 63, 43.0, 0.0125
surrogate, 63, 43.0, 0.0125
surrogate, 63, 43.0, 0.0125
surrogate, 63, 43.0, 0.0125
surrogate, 63, 43.0, 0.0125
surrogate, 63, 43.0, 0.0125
surrogate, 63, 43.0, 0.0125
surrogate, 63, 43.0, 0.0125
surrogate, 63, 43.0, 0.0125
surrogate, 63, 43.0, 0.0125
surrogate, 63, 43.0, 0.0125
surrogate, 63, 43.0, 0.0125
surrogate, 64, 54.0, 0.525
surrogate, 64, 53.0, 0.5
surrogate, 64, 53.0, 0.5
surrogate, 64, 53.0, 0.5
surrogate, 64, 53.0, 0.5
surrogate, 64, 53.0, 0.5
surrogate, 64, 53.0, 0.5
surrogate, 64, 53.0, 0.5
surrogate, 64, 53.0, 0.5
surrogate, 64, 53.0, 0.5
surrogate, 64, 53.0, 0.5
surrogate, 64, 48.0, 0.425
surrogate, 64, 48.0, 0.425
surrogate, 64, 48.0, 0.425
surrogate, 64, 48.0, 0.425
surrogate, 64, 48.0, 0.425
surrogate, 64, 48.0, 0.425
surrogate, 64, 48.0, 0.425
surrogate, 64, 48.0, 0.425
surrogate, 64, 47.0, 0.275
surrogate, 64, 47.0, 0.275
surrogate, 64, 45.0, 0.175
surrogate, 64, 45.0, 0.175
surrogate, 64, 45.0, 0.175
surrogate, 64, 45.0, 0.175
surrogate, 64, 45.0, 0.175
surrogate, 64, 45.0, 0.175
surrogate, 64, 45.0, 0.175
surrogate, 64, 45.0, 0.175
surrogate, 64, 45.0, 0.175
surrogate, 64, 45.0, 0.175
surrogate, 64, 45.0, 0.175
surrogate, 64, 45.0, 0.175
surrogate, 64, 45.0, 0.175
surrogate, 64, 45.0, 0.175
surrogate, 64, 45.0, 0.175
surrogate, 64, 45.0, 0.175
surrogate, 64, 43.0, 0.0125
surrogate, 64, 43.0, 0.0125
surrogate, 64, 43.0, 0.0125
surrogate, 64, 43.0, 0.0125
surrogate, 64, 43.0, 0.0125
surrogate, 64, 43.0, 0.0125
surrogate, 64, 43.0, 0.0125
surrogate, 64, 43.0, 0.0125
surrogate, 64, 43.0, 0.0125
surrogate, 64, 43.0, 0.0125
surrogate, 64, 43.0, 0.0125
surrogate, 64, 43.0, 0.0125
surrogate, 64, 43.0, 0.0125
surrogate, 64, 43.0, 0.0125
surrogate, 64, 43.0, 0.0125
surrogate, 64, 43.0, 0.0125
surrogate, 64, 43.0, 0.0125
surrogate, 64, 43.0, 0.0125
surrogate, 64, 43.0, 0.0125
surrogate, 64, 43.0, 0.0125
surrogate, 64, 43.0, 0.0125
surrogate, 64, 43.0, 0.0125
surrogate, 64, 43.0, 0.0125
surrogate, 64, 43.0, 0.0125
surrogate, 64, 43.0, 0.0125
surrogate, 64, 43.0, 0.0125
surrogate, 64, 43.0, 0.0125
surrogate, 64, 43.0, 0.0125
surrogate, 64, 43.0, 0.0125
surrogate, 64, 43.0, 0.0125
surrogate, 64, 43.0, 0.0125
surrogate, 64, 43.0, 0.0125
surrogate, 64, 43.0, 0.0125
surrogate, 64, 43.0, 0.0125
surrogate, 64, 43.0, 0.0125
surrogate, 64, 43.0, 0.0125
surrogate, 64, 43.0, 0.0125
surrogate, 64, 43.0, 0.0125
surrogate, 64, 43.0, 0.0125
surrogate, 64, 43.0, 0.0125
surrogate, 64, 43.0, 0.0125
surrogate, 64, 43.0, 0.0125
surrogate, 64, 43.0, 0.0125
surrogate, 64, 43.0, 0.0125
surrogate, 64, 43.0, 0.0125
surrogate, 64, 43.0, 0.0125
surrogate, 64, 43.0, 0.0125
surrogate, 64, 43.0, 0.0125
surrogate, 64, 43.0, 0.0125
surrogate, 64, 43.0, 0.0125
surrogate, 64, 43.0, 0.0125
surrogate, 64, 43.0, 0.0125
surrogate, 64, 43.0, 0.0125
surrogate, 64, 43.0, 0.0125
surrogate, 64, 43.0, 0.0125
surrogate, 65, 54.0, 0.525
surrogate, 65, 54.0, 0.525
surrogate, 65, 53.0, 0.5
surrogate, 65, 53.0, 0.5
surrogate, 65, 53.0, 0.5
surrogate, 65, 53.0, 0.5
surrogate, 65, 53.0, 0.5
surrogate, 65, 53.0, 0.5
surrogate, 65, 53.0, 0.5
surrogate, 65, 53.0, 0.5
surrogate, 65, 53.0, 0.5
surrogate, 65, 53.0, 0.5
surrogate, 65, 48.0, 0.425
surrogate, 65, 48.0, 0.425
surrogate, 65, 48.0, 0.425
surrogate, 65, 48.0, 0.425
surrogate, 65, 48.0, 0.425
surrogate, 65, 48.0, 0.425
surrogate, 65, 48.0, 0.425
surrogate, 65, 48.0, 0.425
surrogate, 65, 48.0, 0.425
surrogate, 65, 47.0, 0.275
surrogate, 65, 47.0, 0.275
surrogate, 65, 47.0, 0.275
surrogate, 65, 45.0, 0.175
surrogate, 65, 45.0, 0.175
surrogate, 65, 45.0, 0.175
surrogate, 65, 45.0, 0.175
surrogate, 65, 45.0, 0.175
surrogate, 65, 45.0, 0.175
surrogate, 65, 45.0, 0.175
surrogate, 65, 45.0, 0.175
surrogate, 65, 45.0, 0.175
surrogate, 65, 45.0, 0.175
surrogate, 65, 45.0, 0.175
surrogate, 65, 45.0, 0.175
surrogate, 65, 45.0, 0.175
surrogate, 65, 45.0, 0.175
surrogate, 65, 45.0, 0.175
surrogate, 65, 45.0, 0.175
surrogate, 65, 45.0, 0.175
surrogate, 65, 43.0, 0.0125
surrogate, 65, 43.0, 0.0125
surrogate, 65, 43.0, 0.0125
surrogate, 65, 43.0, 0.0125
surrogate, 65, 43.0, 0.0125
surrogate, 65, 43.0, 0.0125
surrogate, 65, 43.0, 0.0125
surrogate, 65, 43.0, 0.0125
surrogate, 65, 43.0, 0.0125
surrogate, 65, 43.0, 0.0125
surrogate, 65, 43.0, 0.0125
surrogate, 65, 43.0, 0.0125
surrogate, 65, 43.0, 0.0125
surrogate, 65, 43.0, 0.0125
surrogate, 65, 43.0, 0.0125
surrogate, 65, 43.0, 0.0125
surrogate, 65, 43.0, 0.0125
surrogate, 65, 43.0, 0.0125
surrogate, 65, 43.0, 0.0125
surrogate, 65, 43.0, 0.0125
surrogate, 65, 43.0, 0.0125
surrogate, 65, 43.0, 0.0125
surrogate, 65, 43.0, 0.0125
surrogate, 65, 43.0, 0.0125
surrogate, 65, 43.0, 0.0125
surrogate, 65, 43.0, 0.0125
surrogate, 65, 43.0, 0.0125
surrogate, 65, 43.0, 0.0125
surrogate, 65, 43.0, 0.0125
surrogate, 65, 43.0, 0.0125
surrogate, 65, 43.0, 0.0125
surrogate, 65, 43.0, 0.0125
surrogate, 65, 43.0, 0.0125
surrogate, 65, 43.0, 0.0125
surrogate, 65, 43.0, 0.0125
surrogate, 65, 43.0, 0.0125
surrogate, 65, 43.0, 0.0125
surrogate, 65, 43.0, 0.0125
surrogate, 65, 43.0, 0.0125
surrogate, 65, 43.0, 0.0125
surrogate, 65, 43.0, 0.0125
surrogate, 65, 43.0, 0.0125
surrogate, 65, 43.0, 0.0125
surrogate, 65, 43.0, 0.0125
surrogate, 65, 43.0, 0.0125
surrogate, 65, 43.0, 0.0125
surrogate, 65, 43.0, 0.0125
surrogate, 65, 43.0, 0.0125
surrogate, 65, 43.0, 0.0125
surrogate, 65, 43.0, 0.0125
surrogate, 65, 43.0, 0.0125
surrogate, 65, 43.0, 0.0125
surrogate, 65, 43.0, 0.0125
surrogate, 65, 43.0, 0.0125
surrogate, 65, 43.0, 0.0125
surrogate, 65, 43.0, 0.0125
surrogate, 66, 54.0, 0.525
surrogate, 66, 54.0, 0.525
surrogate, 66, 54.0, 0.525
surrogate, 66, 53.0, 0.5
surrogate, 66, 53.0, 0.5
surrogate, 66, 53.0, 0.5
surrogate, 66, 53.0, 0.5
surrogate, 66, 53.0, 0.5
surrogate, 66, 53.0, 0.5
surrogate, 66, 53.0, 0.5
surrogate, 66, 53.0, 0.5
surrogate, 66, 53.0, 0.5
surrogate, 66, 53.0, 0.5
surrogate, 66, 53.0, 0.5
surrogate, 66, 48.0, 0.425
surrogate, 66, 48.0, 0.425
surrogate, 66, 48.0, 0.425
surrogate, 66, 48.0, 0.425
surrogate, 66, 48.0, 0.425
surrogate, 66, 48.0, 0.425
surrogate, 66, 48.0, 0.425
surrogate, 66, 48.0, 0.425
surrogate, 66, 48.0, 0.425
surrogate, 66, 48.0, 0.425
surrogate, 66, 47.0, 0.275
surrogate, 66, 47.0, 0.275
surrogate, 66, 47.0, 0.275
surrogate, 66, 45.0, 0.175
surrogate, 66, 45.0, 0.175
surrogate, 66, 45.0, 0.175
surrogate, 66, 45.0, 0.175
surrogate, 66, 45.0, 0.175
surrogate, 66, 45.0, 0.175
surrogate, 66, 45.0, 0.175
surrogate, 66, 45.0, 0.175
surrogate, 66, 45.0, 0.175
surrogate, 66, 45.0, 0.175
surrogate, 66, 45.0, 0.175
surrogate, 66, 45.0, 0.175
surrogate, 66, 45.0, 0.175
surrogate, 66, 45.0, 0.175
surrogate, 66, 45.0, 0.175
surrogate, 66, 45.0, 0.175
surrogate, 66, 45.0, 0.175
surrogate, 66, 45.0, 0.175
surrogate, 66, 43.0, 0.0125
surrogate, 66, 43.0, 0.0125
surrogate, 66, 43.0, 0.0125
surrogate, 66, 43.0, 0.0125
surrogate, 66, 43.0, 0.0125
surrogate, 66, 43.0, 0.0125
surrogate, 66, 43.0, 0.0125
surrogate, 66, 43.0, 0.0125
surrogate, 66, 43.0, 0.0125
surrogate, 66, 43.0, 0.0125
surrogate, 66, 43.0, 0.0125
surrogate, 66, 43.0, 0.0125
surrogate, 66, 43.0, 0.0125
surrogate, 66, 43.0, 0.0125
surrogate, 66, 43.0, 0.0125
surrogate, 66, 43.0, 0.0125
surrogate, 66, 43.0, 0.0125
surrogate, 66, 43.0, 0.0125
surrogate, 66, 43.0, 0.0125
surrogate, 66, 43.0, 0.0125
surrogate, 66, 43.0, 0.0125
surrogate, 66, 43.0, 0.0125
surrogate, 66, 43.0, 0.0125
surrogate, 66, 43.0, 0.0125
surrogate, 66, 43.0, 0.0125
surrogate, 66, 43.0, 0.0125
surrogate, 66, 43.0, 0.0125
surrogate, 66, 43.0, 0.0125
surrogate, 66, 43.0, 0.0125
surrogate, 66, 43.0, 0.0125
surrogate, 66, 43.0, 0.0125
surrogate, 66, 43.0, 0.0125
surrogate, 66, 43.0, 0.0125
surrogate, 66, 43.0, 0.0125
surrogate, 66, 43.0, 0.0125
surrogate, 66, 43.0, 0.0125
surrogate, 66, 43.0, 0.0125
surrogate, 66, 43.0, 0.0125
surrogate, 66, 43.0, 0.0125
surrogate, 66, 43.0, 0.0125
surrogate, 66, 43.0, 0.0125
surrogate, 66, 43.0, 0.0125
surrogate, 66, 43.0, 0.0125
surrogate, 66, 43.0, 0.0125
surrogate, 66, 43.0, 0.0125
surrogate, 66, 43.0, 0.0125
surrogate, 66, 43.0, 0.0125
surrogate, 66, 43.0, 0.0125
surrogate, 66, 43.0, 0.0125
surrogate, 66, 43.0, 0.0125
surrogate, 66, 43.0, 0.0125
surrogate, 66, 43.0, 0.0125
surrogate, 66, 43.0, 0.0125
surrogate, 66, 43.0, 0.0125
surrogate, 66, 43.0, 0.0125
surrogate, 66, 43.0, 0.0125
surrogate, 66, 43.0, 0.0125
surrogate, 67, 54.0, 0.525
surrogate, 67, 54.0, 0.525
surrogate, 67, 54.0, 0.525
surrogate, 67, 53.0, 0.5
surrogate, 67, 53.0, 0.5
surrogate, 67, 53.0, 0.5
surrogate, 67, 53.0, 0.5
surrogate, 67, 53.0, 0.5
surrogate, 67, 53.0, 0.5
surrogate, 67, 53.0, 0.5
surrogate, 67, 53.0, 0.5
surrogate, 67, 53.0, 0.5
surrogate, 67, 53.0, 0.5
surrogate, 67, 53.0, 0.5
surrogate, 67, 48.0, 0.425
surrogate, 67, 48.0, 0.425
surrogate, 67, 48.0, 0.425
surrogate, 67, 48.0, 0.425
surrogate, 67, 48.0, 0.425
surrogate, 67, 48.0, 0.425
surrogate, 67, 48.0, 0.425
surrogate, 67, 48.0, 0.425
surrogate, 67, 48.0, 0.425
surrogate, 67, 48.0, 0.425
surrogate, 67, 47.0, 0.275
surrogate, 67, 47.0, 0.275
surrogate, 67, 47.0, 0.275
surrogate, 67, 47.0, 0.275
surrogate, 67, 46.0, 0.225
surrogate, 67, 45.0, 0.175
surrogate, 67, 45.0, 0.175
surrogate, 67, 45.0, 0.175
surrogate, 67, 45.0, 0.175
surrogate, 67, 45.0, 0.175
surrogate, 67, 45.0, 0.175
surrogate, 67, 45.0, 0.175
surrogate, 67, 45.0, 0.175
surrogate, 67, 45.0, 0.175
surrogate, 67, 45.0, 0.175
surrogate, 67, 45.0, 0.175
surrogate, 67, 45.0, 0.175
surrogate, 67, 45.0, 0.175
surrogate, 67, 45.0, 0.175
surrogate, 67, 45.0, 0.175
surrogate, 67, 45.0, 0.175
surrogate, 67, 45.0, 0.175
surrogate, 67, 45.0, 0.175
surrogate, 67, 45.0, 0.175
surrogate, 67, 43.0, 0.0125
surrogate, 67, 43.0, 0.0125
surrogate, 67, 43.0, 0.0125
surrogate, 67, 43.0, 0.0125
surrogate, 67, 43.0, 0.0125
surrogate, 67, 43.0, 0.0125
surrogate, 67, 43.0, 0.0125
surrogate, 67, 43.0, 0.0125
surrogate, 67, 43.0, 0.0125
surrogate, 67, 43.0, 0.0125
surrogate, 67, 43.0, 0.0125
surrogate, 67, 43.0, 0.0125
surrogate, 67, 43.0, 0.0125
surrogate, 67, 43.0, 0.0125
surrogate, 67, 43.0, 0.0125
surrogate, 67, 43.0, 0.0125
surrogate, 67, 43.0, 0.0125
surrogate, 67, 43.0, 0.0125
surrogate, 67, 43.0, 0.0125
surrogate, 67, 43.0, 0.0125
surrogate, 67, 43.0, 0.0125
surrogate, 67, 43.0, 0.0125
surrogate, 67, 43.0, 0.0125
surrogate, 67, 43.0, 0.0125
surrogate, 67, 43.0, 0.0125
surrogate, 67, 43.0, 0.0125
surrogate, 67, 43.0, 0.0125
surrogate, 67, 43.0, 0.0125
surrogate, 67, 43.0, 0.0125
surrogate, 67, 43.0, 0.0125
surrogate, 67, 43.0, 0.0125
surrogate, 67, 43.0, 0.0125
surrogate, 67, 43.0, 0.0125
surrogate, 67, 43.0, 0.0125
surrogate, 67, 43.0, 0.0125
surrogate, 67, 43.0, 0.0125
surrogate, 67, 43.0, 0.0125
surrogate, 67, 43.0, 0.0125
surrogate, 67, 43.0, 0.0125
surrogate, 67, 43.0, 0.0125
surrogate, 67, 43.0, 0.0125
surrogate, 67, 43.0, 0.0125
surrogate, 67, 43.0, 0.0125
surrogate, 67, 43.0, 0.0125
surrogate, 67, 43.0, 0.0125
surrogate, 67, 43.0, 0.0125
surrogate, 67, 43.0, 0.0125
surrogate, 67, 43.0, 0.0125
surrogate, 67, 43.0, 0.0125
surrogate, 67, 43.0, 0.0125
surrogate, 67, 43.0, 0.0125
surrogate, 67, 43.0, 0.0125
surrogate, 67, 43.0, 0.0125
surrogate, 67, 43.0, 0.0125
surrogate, 67, 43.0, 0.0125
surrogate, 67, 43.0, 0.0125
surrogate, 67, 43.0, 0.0125
surrogate, 68, 56.0, 0.575
surrogate, 68, 54.0, 0.525
surrogate, 68, 54.0, 0.525
surrogate, 68, 54.0, 0.525
surrogate, 68, 54.0, 0.525
surrogate, 68, 53.0, 0.5
surrogate, 68, 53.0, 0.5
surrogate, 68, 53.0, 0.5
surrogate, 68, 53.0, 0.5
surrogate, 68, 53.0, 0.5
surrogate, 68, 53.0, 0.5
surrogate, 68, 53.0, 0.5
surrogate, 68, 53.0, 0.5
surrogate, 68, 53.0, 0.5
surrogate, 68, 53.0, 0.5
surrogate, 68, 53.0, 0.5
surrogate, 68, 53.0, 0.5
surrogate, 68, 48.0, 0.425
surrogate, 68, 48.0, 0.425
surrogate, 68, 48.0, 0.425
surrogate, 68, 48.0, 0.425
surrogate, 68, 48.0, 0.425
surrogate, 68, 48.0, 0.425
surrogate, 68, 48.0, 0.425
surrogate, 68, 48.0, 0.425
surrogate, 68, 48.0, 0.425
surrogate, 68, 48.0, 0.425
surrogate, 68, 47.0, 0.275
surrogate, 68, 47.0, 0.275
surrogate, 68, 47.0, 0.275
surrogate, 68, 47.0, 0.275
surrogate, 68, 46.0, 0.225
surrogate, 68, 46.0, 0.225
surrogate, 68, 45.0, 0.175
surrogate, 68, 45.0, 0.175
surrogate, 68, 45.0, 0.175
surrogate, 68, 45.0, 0.175
surrogate, 68, 45.0, 0.175
surrogate, 68, 45.0, 0.175
surrogate, 68, 45.0, 0.175
surrogate, 68, 45.0, 0.175
surrogate, 68, 45.0, 0.175
surrogate, 68, 45.0, 0.175
surrogate, 68, 45.0, 0.175
surrogate, 68, 45.0, 0.175
surrogate, 68, 45.0, 0.175
surrogate, 68, 45.0, 0.175
surrogate, 68, 45.0, 0.175
surrogate, 68, 45.0, 0.175
surrogate, 68, 45.0, 0.175
surrogate, 68, 45.0, 0.175
surrogate, 68, 45.0, 0.175
surrogate, 68, 45.0, 0.175
surrogate, 68, 43.0, 0.0125
surrogate, 68, 43.0, 0.0125
surrogate, 68, 43.0, 0.0125
surrogate, 68, 43.0, 0.0125
surrogate, 68, 43.0, 0.0125
surrogate, 68, 43.0, 0.0125
surrogate, 68, 43.0, 0.0125
surrogate, 68, 43.0, 0.0125
surrogate, 68, 43.0, 0.0125
surrogate, 68, 43.0, 0.0125
surrogate, 68, 43.0, 0.0125
surrogate, 68, 43.0, 0.0125
surrogate, 68, 43.0, 0.0125
surrogate, 68, 43.0, 0.0125
surrogate, 68, 43.0, 0.0125
surrogate, 68, 43.0, 0.0125
surrogate, 68, 43.0, 0.0125
surrogate, 68, 43.0, 0.0125
surrogate, 68, 43.0, 0.0125
surrogate, 68, 43.0, 0.0125
surrogate, 68, 43.0, 0.0125
surrogate, 68, 43.0, 0.0125
surrogate, 68, 43.0, 0.0125
surrogate, 68, 43.0, 0.0125
surrogate, 68, 43.0, 0.0125
surrogate, 68, 43.0, 0.0125
surrogate, 68, 43.0, 0.0125
surrogate, 68, 43.0, 0.0125
surrogate, 68, 43.0, 0.0125
surrogate, 68, 43.0, 0.0125
surrogate, 68, 43.0, 0.0125
surrogate, 68, 43.0, 0.0125
surrogate, 68, 43.0, 0.0125
surrogate, 68, 43.0, 0.0125
surrogate, 68, 43.0, 0.0125
surrogate, 68, 43.0, 0.0125
surrogate, 68, 43.0, 0.0125
surrogate, 68, 43.0, 0.0125
surrogate, 68, 43.0, 0.0125
surrogate, 68, 43.0, 0.0125
surrogate, 68, 43.0, 0.0125
surrogate, 68, 43.0, 0.0125
surrogate, 68, 43.0, 0.0125
surrogate, 68, 43.0, 0.0125
surrogate, 68, 43.0, 0.0125
surrogate, 68, 43.0, 0.0125
surrogate, 68, 43.0, 0.0125
surrogate, 68, 43.0, 0.0125
surrogate, 68, 43.0, 0.0125
surrogate, 68, 43.0, 0.0125
surrogate, 68, 43.0, 0.0125
surrogate, 68, 43.0, 0.0125
surrogate, 68, 43.0, 0.0125
surrogate, 68, 43.0, 0.0125
surrogate, 68, 43.0, 0.0125
surrogate, 68, 43.0, 0.0125
surrogate, 68, 43.0, 0.0125
surrogate, 68, 43.0, 0.0125
surrogate, 69, 56.0, 0.575
surrogate, 69, 54.0, 0.525
surrogate, 69, 54.0, 0.525
surrogate, 69, 54.0, 0.525
surrogate, 69, 54.0, 0.525
surrogate, 69, 54.0, 0.525
surrogate, 69, 53.0, 0.5
surrogate, 69, 53.0, 0.5
surrogate, 69, 53.0, 0.5
surrogate, 69, 53.0, 0.5
surrogate, 69, 53.0, 0.5
surrogate, 69, 53.0, 0.5
surrogate, 69, 53.0, 0.5
surrogate, 69, 53.0, 0.5
surrogate, 69, 53.0, 0.5
surrogate, 69, 53.0, 0.5
surrogate, 69, 53.0, 0.5
surrogate, 69, 53.0, 0.5
surrogate, 69, 53.0, 0.5
surrogate, 69, 48.0, 0.425
surrogate, 69, 48.0, 0.425
surrogate, 69, 48.0, 0.425
surrogate, 69, 48.0, 0.425
surrogate, 69, 48.0, 0.425
surrogate, 69, 48.0, 0.425
surrogate, 69, 48.0, 0.425
surrogate, 69, 48.0, 0.425
surrogate, 69, 48.0, 0.425
surrogate, 69, 48.0, 0.425
surrogate, 69, 48.0, 0.425
surrogate, 69, 47.0, 0.275
surrogate, 69, 47.0, 0.275
surrogate, 69, 47.0, 0.275
surrogate, 69, 47.0, 0.275
surrogate, 69, 46.0, 0.225
surrogate, 69, 46.0, 0.225
surrogate, 69, 45.0, 0.175
surrogate, 69, 45.0, 0.175
surrogate, 69, 45.0, 0.175
surrogate, 69, 45.0, 0.175
surrogate, 69, 45.0, 0.175
surrogate, 69, 45.0, 0.175
surrogate, 69, 45.0, 0.175
surrogate, 69, 45.0, 0.175
surrogate, 69, 45.0, 0.175
surrogate, 69, 45.0, 0.175
surrogate, 69, 45.0, 0.175
surrogate, 69, 45.0, 0.175
surrogate, 69, 45.0, 0.175
surrogate, 69, 45.0, 0.175
surrogate, 69, 45.0, 0.175
surrogate, 69, 45.0, 0.175
surrogate, 69, 45.0, 0.175
surrogate, 69, 45.0, 0.175
surrogate, 69, 45.0, 0.175
surrogate, 69, 45.0, 0.175
surrogate, 69, 43.0, 0.0125
surrogate, 69, 43.0, 0.0125
surrogate, 69, 43.0, 0.0125
surrogate, 69, 43.0, 0.0125
surrogate, 69, 43.0, 0.0125
surrogate, 69, 43.0, 0.0125
surrogate, 69, 43.0, 0.0125
surrogate, 69, 43.0, 0.0125
surrogate, 69, 43.0, 0.0125
surrogate, 69, 43.0, 0.0125
surrogate, 69, 43.0, 0.0125
surrogate, 69, 43.0, 0.0125
surrogate, 69, 43.0, 0.0125
surrogate, 69, 43.0, 0.0125
surrogate, 69, 43.0, 0.0125
surrogate, 69, 43.0, 0.0125
surrogate, 69, 43.0, 0.0125
surrogate, 69, 43.0, 0.0125
surrogate, 69, 43.0, 0.0125
surrogate, 69, 43.0, 0.0125
surrogate, 69, 43.0, 0.0125
surrogate, 69, 43.0, 0.0125
surrogate, 69, 43.0, 0.0125
surrogate, 69, 43.0, 0.0125
surrogate, 69, 43.0, 0.0125
surrogate, 69, 43.0, 0.0125
surrogate, 69, 43.0, 0.0125
surrogate, 69, 43.0, 0.0125
surrogate, 69, 43.0, 0.0125
surrogate, 69, 43.0, 0.0125
surrogate, 69, 43.0, 0.0125
surrogate, 69, 43.0, 0.0125
surrogate, 69, 43.0, 0.0125
surrogate, 69, 43.0, 0.0125
surrogate, 69, 43.0, 0.0125
surrogate, 69, 43.0, 0.0125
surrogate, 69, 43.0, 0.0125
surrogate, 69, 43.0, 0.0125
surrogate, 69, 43.0, 0.0125
surrogate, 69, 43.0, 0.0125
surrogate, 69, 43.0, 0.0125
surrogate, 69, 43.0, 0.0125
surrogate, 69, 43.0, 0.0125
surrogate, 69, 43.0, 0.0125
surrogate, 69, 43.0, 0.0125
surrogate, 69, 43.0, 0.0125
surrogate, 69, 43.0, 0.0125
surrogate, 69, 43.0, 0.0125
surrogate, 69, 43.0, 0.0125
surrogate, 69, 43.0, 0.0125
surrogate, 69, 43.0, 0.0125
surrogate, 69, 43.0, 0.0125
surrogate, 69, 43.0, 0.0125
surrogate, 69, 43.0, 0.0125
surrogate, 69, 43.0, 0.0125
surrogate, 69, 43.0, 0.0125
surrogate, 69, 43.0, 0.0125
surrogate, 69, 43.0, 0.0125
surrogate, 69, 43.0, 0.0125
surrogate, 70, 56.0, 0.575
surrogate, 70, 54.0, 0.525
surrogate, 70, 54.0, 0.525
surrogate, 70, 54.0, 0.525
surrogate, 70, 54.0, 0.525
surrogate, 70, 54.0, 0.525
surrogate, 70, 54.0, 0.525
surrogate, 70, 53.0, 0.5
surrogate, 70, 53.0, 0.5
surrogate, 70, 53.0, 0.5
surrogate, 70, 53.0, 0.5
surrogate, 70, 53.0, 0.5
surrogate, 70, 53.0, 0.5
surrogate, 70, 53.0, 0.5
surrogate, 70, 53.0, 0.5
surrogate, 70, 53.0, 0.5
surrogate, 70, 53.0, 0.5
surrogate, 70, 53.0, 0.5
surrogate, 70, 53.0, 0.5
surrogate, 70, 53.0, 0.5
surrogate, 70, 53.0, 0.5
surrogate, 70, 48.0, 0.425
surrogate, 70, 48.0, 0.425
surrogate, 70, 48.0, 0.425
surrogate, 70, 48.0, 0.425
surrogate, 70, 48.0, 0.425
surrogate, 70, 48.0, 0.425
surrogate, 70, 48.0, 0.425
surrogate, 70, 48.0, 0.425
surrogate, 70, 48.0, 0.425
surrogate, 70, 48.0, 0.425
surrogate, 70, 48.0, 0.425
surrogate, 70, 48.0, 0.425
surrogate, 70, 47.0, 0.275
surrogate, 70, 47.0, 0.275
surrogate, 70, 47.0, 0.275
surrogate, 70, 47.0, 0.275
surrogate, 70, 47.0, 0.275
surrogate, 70, 46.0, 0.225
surrogate, 70, 46.0, 0.225
surrogate, 70, 45.0, 0.175
surrogate, 70, 45.0, 0.175
surrogate, 70, 45.0, 0.175
surrogate, 70, 45.0, 0.175
surrogate, 70, 45.0, 0.175
surrogate, 70, 45.0, 0.175
surrogate, 70, 45.0, 0.175
surrogate, 70, 45.0, 0.175
surrogate, 70, 45.0, 0.175
surrogate, 70, 45.0, 0.175
surrogate, 70, 45.0, 0.175
surrogate, 70, 45.0, 0.175
surrogate, 70, 45.0, 0.175
surrogate, 70, 45.0, 0.175
surrogate, 70, 45.0, 0.175
surrogate, 70, 45.0, 0.175
surrogate, 70, 45.0, 0.175
surrogate, 70, 45.0, 0.175
surrogate, 70, 45.0, 0.175
surrogate, 70, 45.0, 0.175
surrogate, 70, 45.0, 0.175
surrogate, 70, 43.0, 0.0125
surrogate, 70, 43.0, 0.0125
surrogate, 70, 43.0, 0.0125
surrogate, 70, 43.0, 0.0125
surrogate, 70, 43.0, 0.0125
surrogate, 70, 43.0, 0.0125
surrogate, 70, 43.0, 0.0125
surrogate, 70, 43.0, 0.0125
surrogate, 70, 43.0, 0.0125
surrogate, 70, 43.0, 0.0125
surrogate, 70, 43.0, 0.0125
surrogate, 70, 43.0, 0.0125
surrogate, 70, 43.0, 0.0125
surrogate, 70, 43.0, 0.0125
surrogate, 70, 43.0, 0.0125
surrogate, 70, 43.0, 0.0125
surrogate, 70, 43.0, 0.0125
surrogate, 70, 43.0, 0.0125
surrogate, 70, 43.0, 0.0125
surrogate, 70, 43.0, 0.0125
surrogate, 70, 43.0, 0.0125
surrogate, 70, 43.0, 0.0125
surrogate, 70, 43.0, 0.0125
surrogate, 70, 43.0, 0.0125
surrogate, 70, 43.0, 0.0125
surrogate, 70, 43.0, 0.0125
surrogate, 70, 43.0, 0.0125
surrogate, 70, 43.0, 0.0125
surrogate, 70, 43.0, 0.0125
surrogate, 70, 43.0, 0.0125
surrogate, 70, 43.0, 0.0125
surrogate, 70, 43.0, 0.0125
surrogate, 70, 43.0, 0.0125
surrogate, 70, 43.0, 0.0125
surrogate, 70, 43.0, 0.0125
surrogate, 70, 43.0, 0.0125
surrogate, 70, 43.0, 0.0125
surrogate, 70, 43.0, 0.0125
surrogate, 70, 43.0, 0.0125
surrogate, 70, 43.0, 0.0125
surrogate, 70, 43.0, 0.0125
surrogate, 70, 43.0, 0.0125
surrogate, 70, 43.0, 0.0125
surrogate, 70, 43.0, 0.0125
surrogate, 70, 43.0, 0.0125
surrogate, 70, 43.0, 0.0125
surrogate, 70, 43.0, 0.0125
surrogate, 70, 43.0, 0.0125
surrogate, 70, 43.0, 0.0125
surrogate, 70, 43.0, 0.0125
surrogate, 70, 43.0, 0.0125
surrogate, 70, 43.0, 0.0125
surrogate, 70, 43.0, 0.0125
surrogate, 70, 43.0, 0.0125
surrogate, 70, 43.0, 0.0125
surrogate, 70, 43.0, 0.0125
surrogate, 70, 43.0, 0.0125
surrogate, 70, 43.0, 0.0125
surrogate, 70, 43.0, 0.0125
surrogate, 70, 43.0, 0.0125
surrogate, 71, 56.0, 0.575
surrogate, 71, 54.0, 0.525
surrogate, 71, 54.0, 0.525
surrogate, 71, 54.0, 0.525
surrogate, 71, 54.0, 0.525
surrogate, 71, 54.0, 0.525
surrogate, 71, 54.0, 0.525
surrogate, 71, 54.0, 0.525
surrogate, 71, 52.0, 0.5
surrogate, 71, 48.0, 0.425
surrogate, 71, 48.0, 0.425
surrogate, 71, 48.0, 0.425
surrogate, 71, 48.0, 0.425
surrogate, 71, 48.0, 0.425
surrogate, 71, 48.0, 0.425
surrogate, 71, 48.0, 0.425
surrogate, 71, 48.0, 0.425
surrogate, 71, 48.0, 0.425
surrogate, 71, 48.0, 0.425
surrogate, 71, 48.0, 0.425
surrogate, 71, 48.0, 0.425
surrogate, 71, 47.0, 0.275
surrogate, 71, 47.0, 0.275
surrogate, 71, 47.0, 0.275
surrogate, 71, 47.0, 0.275
surrogate, 71, 47.0, 0.275
surrogate, 71, 46.0, 0.225
surrogate, 71, 46.0, 0.225
surrogate, 71, 45.0, 0.175
surrogate, 71, 45.0, 0.175
surrogate, 71, 45.0, 0.175
surrogate, 71, 45.0, 0.175
surrogate, 71, 45.0, 0.175
surrogate, 71, 45.0, 0.175
surrogate, 71, 45.0, 0.175
surrogate, 71, 45.0, 0.175
surrogate, 71, 45.0, 0.175
surrogate, 71, 45.0, 0.175
surrogate, 71, 45.0, 0.175
surrogate, 71, 45.0, 0.175
surrogate, 71, 45.0, 0.175
surrogate, 71, 45.0, 0.175
surrogate, 71, 45.0, 0.175
surrogate, 71, 45.0, 0.175
surrogate, 71, 45.0, 0.175
surrogate, 71, 45.0, 0.175
surrogate, 71, 45.0, 0.175
surrogate, 71, 45.0, 0.175
surrogate, 71, 45.0, 0.175
surrogate, 71, 45.0, 0.175
surrogate, 71, 43.0, 0.0125
surrogate, 71, 43.0, 0.0125
surrogate, 71, 43.0, 0.0125
surrogate, 71, 43.0, 0.0125
surrogate, 71, 43.0, 0.0125
surrogate, 71, 43.0, 0.0125
surrogate, 71, 43.0, 0.0125
surrogate, 71, 43.0, 0.0125
surrogate, 71, 43.0, 0.0125
surrogate, 71, 43.0, 0.0125
surrogate, 71, 43.0, 0.0125
surrogate, 71, 43.0, 0.0125
surrogate, 71, 43.0, 0.0125
surrogate, 71, 43.0, 0.0125
surrogate, 71, 43.0, 0.0125
surrogate, 71, 43.0, 0.0125
surrogate, 71, 43.0, 0.0125
surrogate, 71, 43.0, 0.0125
surrogate, 71, 43.0, 0.0125
surrogate, 71, 43.0, 0.0125
surrogate, 71, 43.0, 0.0125
surrogate, 71, 43.0, 0.0125
surrogate, 71, 43.0, 0.0125
surrogate, 71, 43.0, 0.0125
surrogate, 71, 43.0, 0.0125
surrogate, 71, 43.0, 0.0125
surrogate, 71, 43.0, 0.0125
surrogate, 71, 43.0, 0.0125
surrogate, 71, 43.0, 0.0125
surrogate, 71, 43.0, 0.0125
surrogate, 71, 43.0, 0.0125
surrogate, 71, 43.0, 0.0125
surrogate, 71, 43.0, 0.0125
surrogate, 71, 43.0, 0.0125
surrogate, 71, 43.0, 0.0125
surrogate, 71, 43.0, 0.0125
surrogate, 71, 43.0, 0.0125
surrogate, 71, 43.0, 0.0125
surrogate, 71, 43.0, 0.0125
surrogate, 71, 43.0, 0.0125
surrogate, 71, 43.0, 0.0125
surrogate, 71, 43.0, 0.0125
surrogate, 71, 43.0, 0.0125
surrogate, 71, 43.0, 0.0125
surrogate, 71, 43.0, 0.0125
surrogate, 71, 43.0, 0.0125
surrogate, 71, 43.0, 0.0125
surrogate, 71, 43.0, 0.0125
surrogate, 71, 43.0, 0.0125
surrogate, 71, 43.0, 0.0125
surrogate, 71, 43.0, 0.0125
surrogate, 71, 43.0, 0.0125
surrogate, 71, 43.0, 0.0125
surrogate, 71, 43.0, 0.0125
surrogate, 71, 43.0, 0.0125
surrogate, 71, 43.0, 0.0125
surrogate, 71, 43.0, 0.0125
surrogate, 71, 43.0, 0.0125
surrogate, 71, 43.0, 0.0125
surrogate, 71, 43.0, 0.0125
surrogate, 71, 43.0, 0.0125
surrogate, 72, 56.0, 0.575
surrogate, 72, 54.0, 0.525
surrogate, 72, 54.0, 0.525
surrogate, 72, 54.0, 0.525
surrogate, 72, 54.0, 0.525
surrogate, 72, 54.0, 0.525
surrogate, 72, 54.0, 0.525
surrogate, 72, 54.0, 0.525
surrogate, 72, 54.0, 0.525
surrogate, 72, 52.0, 0.5
surrogate, 72, 52.0, 0.5
surrogate, 72, 48.0, 0.425
surrogate, 72, 48.0, 0.425
surrogate, 72, 48.0, 0.425
surrogate, 72, 48.0, 0.425
surrogate, 72, 48.0, 0.425
surrogate, 72, 48.0, 0.425
surrogate, 72, 48.0, 0.425
surrogate, 72, 48.0, 0.425
surrogate, 72, 48.0, 0.425
surrogate, 72, 48.0, 0.425
surrogate, 72, 48.0, 0.425
surrogate, 72, 48.0, 0.425
surrogate, 72, 47.0, 0.275
surrogate, 72, 47.0, 0.275
surrogate, 72, 47.0, 0.275
surrogate, 72, 47.0, 0.275
surrogate, 72, 47.0, 0.275
surrogate, 72, 46.0, 0.225
surrogate, 72, 46.0, 0.225
surrogate, 72, 45.0, 0.175
surrogate, 72, 45.0, 0.175
surrogate, 72, 45.0, 0.175
surrogate, 72, 45.0, 0.175
surrogate, 72, 45.0, 0.175
surrogate, 72, 45.0, 0.175
surrogate, 72, 45.0, 0.175
surrogate, 72, 45.0, 0.175
surrogate, 72, 45.0, 0.175
surrogate, 72, 45.0, 0.175
surrogate, 72, 45.0, 0.175
surrogate, 72, 45.0, 0.175
surrogate, 72, 45.0, 0.175
surrogate, 72, 45.0, 0.175
surrogate, 72, 45.0, 0.175
surrogate, 72, 45.0, 0.175
surrogate, 72, 45.0, 0.175
surrogate, 72, 45.0, 0.175
surrogate, 72, 45.0, 0.175
surrogate, 72, 45.0, 0.175
surrogate, 72, 45.0, 0.175
surrogate, 72, 45.0, 0.175
surrogate, 72, 45.0, 0.175
surrogate, 72, 43.0, 0.0125
surrogate, 72, 43.0, 0.0125
surrogate, 72, 43.0, 0.0125
surrogate, 72, 43.0, 0.0125
surrogate, 72, 43.0, 0.0125
surrogate, 72, 43.0, 0.0125
surrogate, 72, 43.0, 0.0125
surrogate, 72, 43.0, 0.0125
surrogate, 72, 43.0, 0.0125
surrogate, 72, 43.0, 0.0125
surrogate, 72, 43.0, 0.0125
surrogate, 72, 43.0, 0.0125
surrogate, 72, 43.0, 0.0125
surrogate, 72, 43.0, 0.0125
surrogate, 72, 43.0, 0.0125
surrogate, 72, 43.0, 0.0125
surrogate, 72, 43.0, 0.0125
surrogate, 72, 43.0, 0.0125
surrogate, 72, 43.0, 0.0125
surrogate, 72, 43.0, 0.0125
surrogate, 72, 43.0, 0.0125
surrogate, 72, 43.0, 0.0125
surrogate, 72, 43.0, 0.0125
surrogate, 72, 43.0, 0.0125
surrogate, 72, 43.0, 0.0125
surrogate, 72, 43.0, 0.0125
surrogate, 72, 43.0, 0.0125
surrogate, 72, 43.0, 0.0125
surrogate, 72, 43.0, 0.0125
surrogate, 72, 43.0, 0.0125
surrogate, 72, 43.0, 0.0125
surrogate, 72, 43.0, 0.0125
surrogate, 72, 43.0, 0.0125
surrogate, 72, 43.0, 0.0125
surrogate, 72, 43.0, 0.0125
surrogate, 72, 43.0, 0.0125
surrogate, 72, 43.0, 0.0125
surrogate, 72, 43.0, 0.0125
surrogate, 72, 43.0, 0.0125
surrogate, 72, 43.0, 0.0125
surrogate, 72, 43.0, 0.0125
surrogate, 72, 43.0, 0.0125
surrogate, 72, 43.0, 0.0125
surrogate, 72, 43.0, 0.0125
surrogate, 72, 43.0, 0.0125
surrogate, 72, 43.0, 0.0125
surrogate, 72, 43.0, 0.0125
surrogate, 72, 43.0, 0.0125
surrogate, 72, 43.0, 0.0125
surrogate, 72, 43.0, 0.0125
surrogate, 72, 43.0, 0.0125
surrogate, 72, 43.0, 0.0125
surrogate, 72, 43.0, 0.0125
surrogate, 72, 43.0, 0.0125
surrogate, 72, 43.0, 0.0125
surrogate, 72, 43.0, 0.0125
surrogate, 72, 43.0, 0.0125
surrogate, 72, 43.0, 0.0125
surrogate, 72, 43.0, 0.0125
surrogate, 72, 43.0, 0.0125
surrogate, 72, 43.0, 0.0125
surrogate, 72, 43.0, 0.0125
surrogate, 73, 56.0, 0.575
surrogate, 73, 54.0, 0.525
surrogate, 73, 54.0, 0.525
surrogate, 73, 54.0, 0.525
surrogate, 73, 54.0, 0.525
surrogate, 73, 54.0, 0.525
surrogate, 73, 54.0, 0.525
surrogate, 73, 54.0, 0.525
surrogate, 73, 54.0, 0.525
surrogate, 73, 54.0, 0.525
surrogate, 73, 52.0, 0.5
surrogate, 73, 52.0, 0.5
surrogate, 73, 52.0, 0.5
surrogate, 73, 48.0, 0.425
surrogate, 73, 48.0, 0.425
surrogate, 73, 48.0, 0.425
surrogate, 73, 48.0, 0.425
surrogate, 73, 48.0, 0.425
surrogate, 73, 48.0, 0.425
surrogate, 73, 48.0, 0.425
surrogate, 73, 48.0, 0.425
surrogate, 73, 48.0, 0.425
surrogate, 73, 48.0, 0.425
surrogate, 73, 48.0, 0.425
surrogate, 73, 48.0, 0.425
surrogate, 73, 47.0, 0.275
surrogate, 73, 47.0, 0.275
surrogate, 73, 47.0, 0.275
surrogate, 73, 47.0, 0.275
surrogate, 73, 47.0, 0.275
surrogate, 73, 47.0, 0.275
surrogate, 73, 46.0, 0.225
surrogate, 73, 46.0, 0.225
surrogate, 73, 45.0, 0.175
surrogate, 73, 45.0, 0.175
surrogate, 73, 45.0, 0.175
surrogate, 73, 45.0, 0.175
surrogate, 73, 45.0, 0.175
surrogate, 73, 45.0, 0.175
surrogate, 73, 45.0, 0.175
surrogate, 73, 45.0, 0.175
surrogate, 73, 45.0, 0.175
surrogate, 73, 45.0, 0.175
surrogate, 73, 45.0, 0.175
surrogate, 73, 45.0, 0.175
surrogate, 73, 45.0, 0.175
surrogate, 73, 45.0, 0.175
surrogate, 73, 45.0, 0.175
surrogate, 73, 45.0, 0.175
surrogate, 73, 45.0, 0.175
surrogate, 73, 45.0, 0.175
surrogate, 73, 45.0, 0.175
surrogate, 73, 45.0, 0.175
surrogate, 73, 45.0, 0.175
surrogate, 73, 45.0, 0.175
surrogate, 73, 45.0, 0.175
surrogate, 73, 45.0, 0.175
surrogate, 73, 43.0, 0.0125
surrogate, 73, 43.0, 0.0125
surrogate, 73, 43.0, 0.0125
surrogate, 73, 43.0, 0.0125
surrogate, 73, 43.0, 0.0125
surrogate, 73, 43.0, 0.0125
surrogate, 73, 43.0, 0.0125
surrogate, 73, 43.0, 0.0125
surrogate, 73, 43.0, 0.0125
surrogate, 73, 43.0, 0.0125
surrogate, 73, 43.0, 0.0125
surrogate, 73, 43.0, 0.0125
surrogate, 73, 43.0, 0.0125
surrogate, 73, 43.0, 0.0125
surrogate, 73, 43.0, 0.0125
surrogate, 73, 43.0, 0.0125
surrogate, 73, 43.0, 0.0125
surrogate, 73, 43.0, 0.0125
surrogate, 73, 43.0, 0.0125
surrogate, 73, 43.0, 0.0125
surrogate, 73, 43.0, 0.0125
surrogate, 73, 43.0, 0.0125
surrogate, 73, 43.0, 0.0125
surrogate, 73, 43.0, 0.0125
surrogate, 73, 43.0, 0.0125
surrogate, 73, 43.0, 0.0125
surrogate, 73, 43.0, 0.0125
surrogate, 73, 43.0, 0.0125
surrogate, 73, 43.0, 0.0125
surrogate, 73, 43.0, 0.0125
surrogate, 73, 43.0, 0.0125
surrogate, 73, 43.0, 0.0125
surrogate, 73, 43.0, 0.0125
surrogate, 73, 43.0, 0.0125
surrogate, 73, 43.0, 0.0125
surrogate, 73, 43.0, 0.0125
surrogate, 73, 43.0, 0.0125
surrogate, 73, 43.0, 0.0125
surrogate, 73, 43.0, 0.0125
surrogate, 73, 43.0, 0.0125
surrogate, 73, 43.0, 0.0125
surrogate, 73, 43.0, 0.0125
surrogate, 73, 43.0, 0.0125
surrogate, 73, 43.0, 0.0125
surrogate, 73, 43.0, 0.0125
surrogate, 73, 43.0, 0.0125
surrogate, 73, 43.0, 0.0125
surrogate, 73, 43.0, 0.0125
surrogate, 73, 43.0, 0.0125
surrogate, 73, 43.0, 0.0125
surrogate, 73, 43.0, 0.0125
surrogate, 73, 43.0, 0.0125
surrogate, 73, 43.0, 0.0125
surrogate, 73, 43.0, 0.0125
surrogate, 73, 43.0, 0.0125
surrogate, 73, 43.0, 0.0125
surrogate, 73, 43.0, 0.0125
surrogate, 73, 43.0, 0.0125
surrogate, 73, 43.0, 0.0125
surrogate, 73, 43.0, 0.0125
surrogate, 73, 43.0, 0.0125
surrogate, 73, 43.0, 0.0125
surrogate, 73, 43.0, 0.0125
surrogate, 74, 56.0, 0.575
surrogate, 74, 56.0, 0.575
surrogate, 74, 55.0, 0.55
surrogate, 74, 54.0, 0.525
surrogate, 74, 54.0, 0.525
surrogate, 74, 54.0, 0.525
surrogate, 74, 54.0, 0.525
surrogate, 74, 54.0, 0.525
surrogate, 74, 54.0, 0.525
surrogate, 74, 54.0, 0.525
surrogate, 74, 54.0, 0.525
surrogate, 74, 54.0, 0.525
surrogate, 74, 54.0, 0.525
surrogate, 74, 52.0, 0.5
surrogate, 74, 52.0, 0.5
surrogate, 74, 52.0, 0.5
surrogate, 74, 52.0, 0.5
surrogate, 74, 48.0, 0.425
surrogate, 74, 48.0, 0.425
surrogate, 74, 48.0, 0.425
surrogate, 74, 48.0, 0.425
surrogate, 74, 48.0, 0.425
surrogate, 74, 48.0, 0.425
surrogate, 74, 48.0, 0.425
surrogate, 74, 48.0, 0.425
surrogate, 74, 48.0, 0.425
surrogate, 74, 48.0, 0.425
surrogate, 74, 48.0, 0.425
surrogate, 74, 48.0, 0.425
surrogate, 74, 47.0, 0.275
surrogate, 74, 47.0, 0.275
surrogate, 74, 47.0, 0.275
surrogate, 74, 47.0, 0.275
surrogate, 74, 47.0, 0.275
surrogate, 74, 47.0, 0.275
surrogate, 74, 47.0, 0.275
surrogate, 74, 46.0, 0.225
surrogate, 74, 46.0, 0.225
surrogate, 74, 45.0, 0.175
surrogate, 74, 45.0, 0.175
surrogate, 74, 45.0, 0.175
surrogate, 74, 45.0, 0.175
surrogate, 74, 45.0, 0.175
surrogate, 74, 45.0, 0.175
surrogate, 74, 45.0, 0.175
surrogate, 74, 45.0, 0.175
surrogate, 74, 45.0, 0.175
surrogate, 74, 45.0, 0.175
surrogate, 74, 45.0, 0.175
surrogate, 74, 45.0, 0.175
surrogate, 74, 45.0, 0.175
surrogate, 74, 45.0, 0.175
surrogate, 74, 45.0, 0.175
surrogate, 74, 45.0, 0.175
surrogate, 74, 45.0, 0.175
surrogate, 74, 45.0, 0.175
surrogate, 74, 45.0, 0.175
surrogate, 74, 45.0, 0.175
surrogate, 74, 45.0, 0.175
surrogate, 74, 45.0, 0.175
surrogate, 74, 45.0, 0.175
surrogate, 74, 45.0, 0.175
surrogate, 74, 45.0, 0.175
surrogate, 74, 45.0, 0.175
surrogate, 74, 41.0, 0.0125
surrogate, 75, 56.0, 0.575
surrogate, 75, 56.0, 0.575
surrogate, 75, 56.0, 0.575
surrogate, 75, 55.0, 0.55
surrogate, 75, 53.0, 0.525
surrogate, 75, 51.0, 0.5
surrogate, 75, 48.0, 0.425
surrogate, 75, 48.0, 0.425
surrogate, 75, 48.0, 0.425
surrogate, 75, 48.0, 0.425
surrogate, 75, 48.0, 0.425
surrogate, 75, 48.0, 0.425
surrogate, 75, 48.0, 0.425
surrogate, 75, 48.0, 0.425
surrogate, 75, 48.0, 0.425
surrogate, 75, 48.0, 0.425
surrogate, 75, 48.0, 0.425
surrogate, 75, 48.0, 0.425
surrogate, 75, 48.0, 0.425
surrogate, 75, 47.0, 0.275
surrogate, 75, 47.0, 0.275
surrogate, 75, 47.0, 0.275
surrogate, 75, 47.0, 0.275
surrogate, 75, 47.0, 0.275
surrogate, 75, 47.0, 0.275
surrogate, 75, 47.0, 0.275
surrogate, 75, 47.0, 0.275
surrogate, 75, 46.0, 0.225
surrogate, 75, 46.0, 0.225
surrogate, 75, 46.0, 0.225
surrogate, 75, 45.0, 0.175
surrogate, 75, 45.0, 0.175
surrogate, 75, 45.0, 0.175
surrogate, 75, 45.0, 0.175
surrogate, 75, 45.0, 0.175
surrogate, 75, 45.0, 0.175
surrogate, 75, 45.0, 0.175
surrogate, 75, 45.0, 0.175
surrogate, 75, 45.0, 0.175
surrogate, 75, 45.0, 0.175
surrogate, 75, 45.0, 0.175
surrogate, 75, 45.0, 0.175
surrogate, 75, 45.0, 0.175
surrogate, 75, 45.0, 0.175
surrogate, 75, 45.0, 0.175
surrogate, 75, 45.0, 0.175
surrogate, 75, 45.0, 0.175
surrogate, 75, 45.0, 0.175
surrogate, 75, 45.0, 0.175
surrogate, 75, 45.0, 0.175
surrogate, 75, 45.0, 0.175
surrogate, 75, 45.0, 0.175
surrogate, 75, 45.0, 0.175
surrogate, 75, 45.0, 0.175
surrogate, 75, 45.0, 0.175
surrogate, 75, 45.0, 0.175
surrogate, 75, 45.0, 0.175
surrogate, 75, 41.0, 0.0125
surrogate, 76, 56.0, 0.575
surrogate, 76, 56.0, 0.575
surrogate, 76, 56.0, 0.575
surrogate, 76, 55.0, 0.55
surrogate, 76, 55.0, 0.55
surrogate, 76, 53.0, 0.525
surrogate, 76, 51.0, 0.5
surrogate, 76, 51.0, 0.5
surrogate, 76, 48.0, 0.425
surrogate, 76, 48.0, 0.425
surrogate, 76, 48.0, 0.425
surrogate, 76, 48.0, 0.425
surrogate, 76, 48.0, 0.425
surrogate, 76, 48.0, 0.425
surrogate, 76, 48.0, 0.425
surrogate, 76, 48.0, 0.425
surrogate, 76, 48.0, 0.425
surrogate, 76, 48.0, 0.425
surrogate, 76, 48.0, 0.425
surrogate, 76, 48.0, 0.425
surrogate, 76, 48.0, 0.425
surrogate, 76, 48.0, 0.425
surrogate, 76, 47.0, 0.275
surrogate, 76, 47.0, 0.275
surrogate, 76, 47.0, 0.275
surrogate, 76, 47.0, 0.275
surrogate, 76, 47.0, 0.275
surrogate, 76, 47.0, 0.275
surrogate, 76, 47.0, 0.275
surrogate, 76, 47.0, 0.275
surrogate, 76, 47.0, 0.275
surrogate, 76, 46.0, 0.225
surrogate, 76, 46.0, 0.225
surrogate, 76, 46.0, 0.225
surrogate, 76, 46.0, 0.225
surrogate, 76, 45.0, 0.175
surrogate, 76, 45.0, 0.175
surrogate, 76, 45.0, 0.175
surrogate, 76, 45.0, 0.175
surrogate, 76, 45.0, 0.175
surrogate, 76, 45.0, 0.175
surrogate, 76, 45.0, 0.175
surrogate, 76, 45.0, 0.175
surrogate, 76, 45.0, 0.175
surrogate, 76, 45.0, 0.175
surrogate, 76, 45.0, 0.175
surrogate, 76, 45.0, 0.175
surrogate, 76, 45.0, 0.175
surrogate, 76, 45.0, 0.175
surrogate, 76, 45.0, 0.175
surrogate, 76, 45.0, 0.175
surrogate, 76, 45.0, 0.175
surrogate, 76, 45.0, 0.175
surrogate, 76, 45.0, 0.175
surrogate, 76, 45.0, 0.175
surrogate, 76, 45.0, 0.175
surrogate, 76, 45.0, 0.175
surrogate, 76, 45.0, 0.175
surrogate, 76, 45.0, 0.175
surrogate, 76, 45.0, 0.175
surrogate, 76, 45.0, 0.175
surrogate, 76, 45.0, 0.175
surrogate, 76, 41.0, 0.0125
surrogate, 77, 56.0, 0.575
surrogate, 77, 56.0, 0.575
surrogate, 77, 56.0, 0.575
surrogate, 77, 55.0, 0.55
surrogate, 77, 55.0, 0.55
surrogate, 77, 53.0, 0.525
surrogate, 77, 51.0, 0.5
surrogate, 77, 51.0, 0.5
surrogate, 77, 48.0, 0.425
surrogate, 77, 48.0, 0.425
surrogate, 77, 48.0, 0.425
surrogate, 77, 48.0, 0.425
surrogate, 77, 48.0, 0.425
surrogate, 77, 48.0, 0.425
surrogate, 77, 48.0, 0.425
surrogate, 77, 48.0, 0.425
surrogate, 77, 48.0, 0.425
surrogate, 77, 48.0, 0.425
surrogate, 77, 48.0, 0.425
surrogate, 77, 48.0, 0.425
surrogate, 77, 48.0, 0.425
surrogate, 77, 48.0, 0.425
surrogate, 77, 48.0, 0.425
surrogate, 77, 47.0, 0.275
surrogate, 77, 47.0, 0.275
surrogate, 77, 47.0, 0.275
surrogate, 77, 47.0, 0.275
surrogate, 77, 47.0, 0.275
surrogate, 77, 47.0, 0.275
surrogate, 77, 47.0, 0.275
surrogate, 77, 47.0, 0.275
surrogate, 77, 47.0, 0.275
surrogate, 77, 47.0, 0.275
surrogate, 77, 46.0, 0.225
surrogate, 77, 46.0, 0.225
surrogate, 77, 46.0, 0.225
surrogate, 77, 46.0, 0.225
surrogate, 77, 46.0, 0.225
surrogate, 77, 45.0, 0.175
surrogate, 77, 45.0, 0.175
surrogate, 77, 45.0, 0.175
surrogate, 77, 45.0, 0.175
surrogate, 77, 45.0, 0.175
surrogate, 77, 45.0, 0.175
surrogate, 77, 45.0, 0.175
surrogate, 77, 45.0, 0.175
surrogate, 77, 45.0, 0.175
surrogate, 77, 45.0, 0.175
surrogate, 77, 45.0, 0.175
surrogate, 77, 45.0, 0.175
surrogate, 77, 45.0, 0.175
surrogate, 77, 45.0, 0.175
surrogate, 77, 45.0, 0.175
surrogate, 77, 45.0, 0.175
surrogate, 77, 45.0, 0.175
surrogate, 77, 45.0, 0.175
surrogate, 77, 45.0, 0.175
surrogate, 77, 45.0, 0.175
surrogate, 77, 45.0, 0.175
surrogate, 77, 45.0, 0.175
surrogate, 77, 45.0, 0.175
surrogate, 77, 45.0, 0.175
surrogate, 77, 45.0, 0.175
surrogate, 77, 45.0, 0.175
surrogate, 77, 45.0, 0.175
surrogate, 77, 45.0, 0.175
surrogate, 77, 41.0, 0.0125
surrogate, 78, 56.0, 0.575
surrogate, 78, 56.0, 0.575
surrogate, 78, 56.0, 0.575
surrogate, 78, 55.0, 0.55
surrogate, 78, 55.0, 0.55
surrogate, 78, 53.0, 0.525
surrogate, 78, 51.0, 0.5
surrogate, 78, 51.0, 0.5
surrogate, 78, 51.0, 0.5
surrogate, 78, 48.0, 0.425
surrogate, 78, 48.0, 0.425
surrogate, 78, 48.0, 0.425
surrogate, 78, 48.0, 0.425
surrogate, 78, 48.0, 0.425
surrogate, 78, 48.0, 0.425
surrogate, 78, 48.0, 0.425
surrogate, 78, 48.0, 0.425
surrogate, 78, 48.0, 0.425
surrogate, 78, 48.0, 0.425
surrogate, 78, 48.0, 0.425
surrogate, 78, 48.0, 0.425
surrogate, 78, 48.0, 0.425
surrogate, 78, 48.0, 0.425
surrogate, 78, 48.0, 0.425
surrogate, 78, 47.0, 0.275
surrogate, 78, 47.0, 0.275
surrogate, 78, 47.0, 0.275
surrogate, 78, 47.0, 0.275
surrogate, 78, 47.0, 0.275
surrogate, 78, 47.0, 0.275
surrogate, 78, 47.0, 0.275
surrogate, 78, 47.0, 0.275
surrogate, 78, 47.0, 0.275
surrogate, 78, 47.0, 0.275
surrogate, 78, 47.0, 0.275
surrogate, 78, 46.0, 0.225
surrogate, 78, 46.0, 0.225
surrogate, 78, 46.0, 0.225
surrogate, 78, 46.0, 0.225
surrogate, 78, 46.0, 0.225
surrogate, 78, 46.0, 0.225
surrogate, 78, 45.0, 0.175
surrogate, 78, 45.0, 0.175
surrogate, 78, 45.0, 0.175
surrogate, 78, 45.0, 0.175
surrogate, 78, 45.0, 0.175
surrogate, 78, 45.0, 0.175
surrogate, 78, 45.0, 0.175
surrogate, 78, 45.0, 0.175
surrogate, 78, 45.0, 0.175
surrogate, 78, 45.0, 0.175
surrogate, 78, 45.0, 0.175
surrogate, 78, 45.0, 0.175
surrogate, 78, 45.0, 0.175
surrogate, 78, 45.0, 0.175
surrogate, 78, 45.0, 0.175
surrogate, 78, 45.0, 0.175
surrogate, 78, 45.0, 0.175
surrogate, 78, 45.0, 0.175
surrogate, 78, 45.0, 0.175
surrogate, 78, 45.0, 0.175
surrogate, 78, 45.0, 0.175
surrogate, 78, 45.0, 0.175
surrogate, 78, 45.0, 0.175
surrogate, 78, 45.0, 0.175
surrogate, 78, 45.0, 0.175
surrogate, 78, 45.0, 0.175
surrogate, 78, 45.0, 0.175
surrogate, 78, 45.0, 0.175
surrogate, 78, 41.0, 0.0125
surrogate, 78, 41.0, 0.0125
surrogate, 79, 56.0, 0.575
surrogate, 79, 56.0, 0.575
surrogate, 79, 56.0, 0.575
surrogate, 79, 55.0, 0.55
surrogate, 79, 55.0, 0.55
surrogate, 79, 55.0, 0.55
surrogate, 79, 53.0, 0.525
surrogate, 79, 53.0, 0.525
surrogate, 79, 51.0, 0.5
surrogate, 79, 51.0, 0.5
surrogate, 79, 51.0, 0.5
surrogate, 79, 51.0, 0.5
surrogate, 79, 48.0, 0.425
surrogate, 79, 48.0, 0.425
surrogate, 79, 48.0, 0.425
surrogate, 79, 48.0, 0.425
surrogate, 79, 48.0, 0.425
surrogate, 79, 48.0, 0.425
surrogate, 79, 48.0, 0.425
surrogate, 79, 48.0, 0.425
surrogate, 79, 48.0, 0.425
surrogate, 79, 48.0, 0.425
surrogate, 79, 48.0, 0.425
surrogate, 79, 48.0, 0.425
surrogate, 79, 48.0, 0.425
surrogate, 79, 48.0, 0.425
surrogate, 79, 48.0, 0.425
surrogate, 79, 48.0, 0.425
surrogate, 79, 47.0, 0.275
surrogate, 79, 47.0, 0.275
surrogate, 79, 47.0, 0.275
surrogate, 79, 47.0, 0.275
surrogate, 79, 47.0, 0.275
surrogate, 79, 47.0, 0.275
surrogate, 79, 47.0, 0.275
surrogate, 79, 47.0, 0.275
surrogate, 79, 47.0, 0.275
surrogate, 79, 47.0, 0.275
surrogate, 79, 47.0, 0.275
surrogate, 79, 47.0, 0.275
surrogate, 79, 46.0, 0.225
surrogate, 79, 46.0, 0.225
surrogate, 79, 46.0, 0.225
surrogate, 79, 46.0, 0.225
surrogate, 79, 46.0, 0.225
surrogate, 79, 46.0, 0.225
surrogate, 79, 45.0, 0.175
surrogate, 79, 45.0, 0.175
surrogate, 79, 45.0, 0.175
surrogate, 79, 45.0, 0.175
surrogate, 79, 45.0, 0.175
surrogate, 79, 45.0, 0.175
surrogate, 79, 45.0, 0.175
surrogate, 79, 45.0, 0.175
surrogate, 79, 45.0, 0.175
surrogate, 79, 45.0, 0.175
surrogate, 79, 45.0, 0.175
surrogate, 79, 45.0, 0.175
surrogate, 79, 45.0, 0.175
surrogate, 79, 45.0, 0.175
surrogate, 79, 45.0, 0.175
surrogate, 79, 45.0, 0.175
surrogate, 79, 45.0, 0.175
surrogate, 79, 45.0, 0.175
surrogate, 79, 45.0, 0.175
surrogate, 79, 45.0, 0.175
surrogate, 79, 45.0, 0.175
surrogate, 79, 45.0, 0.175
surrogate, 79, 45.0, 0.175
surrogate, 79, 45.0, 0.175
surrogate, 79, 45.0, 0.175
surrogate, 79, 45.0, 0.175
surrogate, 79, 45.0, 0.175
surrogate, 79, 45.0, 0.175
surrogate, 79, 41.0, 0.0125
surrogate, 79, 41.0, 0.0125
surrogate, 79, 41.0, 0.0125
surrogate, 80, 56.0, 0.575
surrogate, 80, 56.0, 0.575
surrogate, 80, 56.0, 0.575
surrogate, 80, 55.0, 0.55
surrogate, 80, 55.0, 0.55
surrogate, 80, 55.0, 0.55
surrogate, 80, 53.0, 0.525
surrogate, 80, 53.0, 0.525
surrogate, 80, 53.0, 0.525
surrogate, 80, 51.0, 0.5
surrogate, 80, 51.0, 0.5
surrogate, 80, 51.0, 0.5
surrogate, 80, 51.0, 0.5
surrogate, 80, 51.0, 0.5
surrogate, 80, 48.0, 0.425
surrogate, 80, 48.0, 0.425
surrogate, 80, 48.0, 0.425
surrogate, 80, 48.0, 0.425
surrogate, 80, 48.0, 0.425
surrogate, 80, 48.0, 0.425
surrogate, 80, 48.0, 0.425
surrogate, 80, 48.0, 0.425
surrogate, 80, 48.0, 0.425
surrogate, 80, 48.0, 0.425
surrogate, 80, 48.0, 0.425
surrogate, 80, 48.0, 0.425
surrogate, 80, 48.0, 0.425
surrogate, 80, 48.0, 0.425
surrogate, 80, 48.0, 0.425
surrogate, 80, 48.0, 0.425
surrogate, 80, 48.0, 0.425
surrogate, 80, 47.0, 0.275
surrogate, 80, 47.0, 0.275
surrogate, 80, 47.0, 0.275
surrogate, 80, 47.0, 0.275
surrogate, 80, 47.0, 0.275
surrogate, 80, 47.0, 0.275
surrogate, 80, 47.0, 0.275
surrogate, 80, 47.0, 0.275
surrogate, 80, 47.0, 0.275
surrogate, 80, 47.0, 0.275
surrogate, 80, 47.0, 0.275
surrogate, 80, 47.0, 0.275
surrogate, 80, 47.0, 0.275
surrogate, 80, 46.0, 0.225
surrogate, 80, 46.0, 0.225
surrogate, 80, 46.0, 0.225
surrogate, 80, 46.0, 0.225
surrogate, 80, 46.0, 0.225
surrogate, 80, 46.0, 0.225
surrogate, 80, 45.0, 0.175
surrogate, 80, 45.0, 0.175
surrogate, 80, 45.0, 0.175
surrogate, 80, 45.0, 0.175
surrogate, 80, 45.0, 0.175
surrogate, 80, 45.0, 0.175
surrogate, 80, 45.0, 0.175
surrogate, 80, 45.0, 0.175
surrogate, 80, 45.0, 0.175
surrogate, 80, 45.0, 0.175
surrogate, 80, 45.0, 0.175
surrogate, 80, 45.0, 0.175
surrogate, 80, 45.0, 0.175
surrogate, 80, 45.0, 0.175
surrogate, 80, 45.0, 0.175
surrogate, 80, 45.0, 0.175
surrogate, 80, 45.0, 0.175
surrogate, 80, 45.0, 0.175
surrogate, 80, 45.0, 0.175
surrogate, 80, 45.0, 0.175
surrogate, 80, 45.0, 0.175
surrogate, 80, 45.0, 0.175
surrogate, 80, 45.0, 0.175
surrogate, 80, 45.0, 0.175
surrogate, 80, 45.0, 0.175
surrogate, 80, 45.0, 0.175
surrogate, 80, 45.0, 0.175
surrogate, 80, 45.0, 0.175
surrogate, 80, 41.0, 0.0125
surrogate, 80, 41.0, 0.0125
surrogate, 80, 41.0, 0.0125
surrogate, 80, 41.0, 0.0125
surrogate, 81, 56.0, 0.575
surrogate, 81, 56.0, 0.575
surrogate, 81, 56.0, 0.575
surrogate, 81, 56.0, 0.575
surrogate, 81, 55.0, 0.55
surrogate, 81, 55.0, 0.55
surrogate, 81, 55.0, 0.55
surrogate, 81, 53.0, 0.525
surrogate, 81, 53.0, 0.525
surrogate, 81, 53.0, 0.525
surrogate, 81, 51.0, 0.5
surrogate, 81, 51.0, 0.5
surrogate, 81, 51.0, 0.5
surrogate, 81, 51.0, 0.5
surrogate, 81, 51.0, 0.5
surrogate, 81, 48.0, 0.425
surrogate, 81, 48.0, 0.425
surrogate, 81, 48.0, 0.425
surrogate, 81, 48.0, 0.425
surrogate, 81, 48.0, 0.425
surrogate, 81, 48.0, 0.425
surrogate, 81, 48.0, 0.425
surrogate, 81, 48.0, 0.425
surrogate, 81, 48.0, 0.425
surrogate, 81, 48.0, 0.425
surrogate, 81, 48.0, 0.425
surrogate, 81, 48.0, 0.425
surrogate, 81, 48.0, 0.425
surrogate, 81, 48.0, 0.425
surrogate, 81, 48.0, 0.425
surrogate, 81, 48.0, 0.425
surrogate, 81, 48.0, 0.425
surrogate, 81, 47.0, 0.275
surrogate, 81, 47.0, 0.275
surrogate, 81, 47.0, 0.275
surrogate, 81, 47.0, 0.275
surrogate, 81, 47.0, 0.275
surrogate, 81, 47.0, 0.275
surrogate, 81, 47.0, 0.275
surrogate, 81, 47.0, 0.275
surrogate, 81, 47.0, 0.275
surrogate, 81, 47.0, 0.275
surrogate, 81, 47.0, 0.275
surrogate, 81, 47.0, 0.275
surrogate, 81, 47.0, 0.275
surrogate, 81, 46.0, 0.225
surrogate, 81, 46.0, 0.225
surrogate, 81, 46.0, 0.225
surrogate, 81, 46.0, 0.225
surrogate, 81, 46.0, 0.225
surrogate, 81, 46.0, 0.225
surrogate, 81, 45.0, 0.175
surrogate, 81, 45.0, 0.175
surrogate, 81, 45.0, 0.175
surrogate, 81, 45.0, 0.175
surrogate, 81, 45.0, 0.175
surrogate, 81, 45.0, 0.175
surrogate, 81, 45.0, 0.175
surrogate, 81, 45.0, 0.175
surrogate, 81, 45.0, 0.175
surrogate, 81, 45.0, 0.175
surrogate, 81, 45.0, 0.175
surrogate, 81, 45.0, 0.175
surrogate, 81, 45.0, 0.175
surrogate, 81, 45.0, 0.175
surrogate, 81, 45.0, 0.175
surrogate, 81, 45.0, 0.175
surrogate, 81, 45.0, 0.175
surrogate, 81, 45.0, 0.175
surrogate, 81, 45.0, 0.175
surrogate, 81, 45.0, 0.175
surrogate, 81, 45.0, 0.175
surrogate, 81, 45.0, 0.175
surrogate, 81, 45.0, 0.175
surrogate, 81, 45.0, 0.175
surrogate, 81, 45.0, 0.175
surrogate, 81, 45.0, 0.175
surrogate, 81, 45.0, 0.175
surrogate, 81, 45.0, 0.175
surrogate, 81, 45.0, 0.175
surrogate, 81, 41.0, 0.0125
surrogate, 81, 41.0, 0.0125
surrogate, 81, 41.0, 0.0125
surrogate, 81, 41.0, 0.0125
surrogate, 81, 41.0, 0.0125
surrogate, 82, 56.0, 0.575
surrogate, 82, 56.0, 0.575
surrogate, 82, 56.0, 0.575
surrogate, 82, 56.0, 0.575
surrogate, 82, 55.0, 0.55
surrogate, 82, 55.0, 0.55
surrogate, 82, 55.0, 0.55
surrogate, 82, 53.0, 0.525
surrogate, 82, 53.0, 0.525
surrogate, 82, 53.0, 0.525
surrogate, 82, 51.0, 0.5
surrogate, 82, 51.0, 0.5
surrogate, 82, 51.0, 0.5
surrogate, 82, 51.0, 0.5
surrogate, 82, 51.0, 0.5
surrogate, 82, 48.0, 0.425
surrogate, 82, 48.0, 0.425
surrogate, 82, 48.0, 0.425
surrogate, 82, 48.0, 0.425
surrogate, 82, 48.0, 0.425
surrogate, 82, 48.0, 0.425
surrogate, 82, 48.0, 0.425
surrogate, 82, 48.0, 0.425
surrogate, 82, 48.0, 0.425
surrogate, 82, 48.0, 0.425
surrogate, 82, 48.0, 0.425
surrogate, 82, 48.0, 0.425
surrogate, 82, 48.0, 0.425
surrogate, 82, 48.0, 0.425
surrogate, 82, 48.0, 0.425
surrogate, 82, 48.0, 0.425
surrogate, 82, 48.0, 0.425
surrogate, 82, 47.0, 0.275
surrogate, 82, 47.0, 0.275
surrogate, 82, 47.0, 0.275
surrogate, 82, 47.0, 0.275
surrogate, 82, 47.0, 0.275
surrogate, 82, 47.0, 0.275
surrogate, 82, 47.0, 0.275
surrogate, 82, 47.0, 0.275
surrogate, 82, 47.0, 0.275
surrogate, 82, 47.0, 0.275
surrogate, 82, 47.0, 0.275
surrogate, 82, 47.0, 0.275
surrogate, 82, 47.0, 0.275
surrogate, 82, 46.0, 0.225
surrogate, 82, 46.0, 0.225
surrogate, 82, 46.0, 0.225
surrogate, 82, 46.0, 0.225
surrogate, 82, 46.0, 0.225
surrogate, 82, 46.0, 0.225
surrogate, 82, 46.0, 0.225
surrogate, 82, 45.0, 0.175
surrogate, 82, 45.0, 0.175
surrogate, 82, 45.0, 0.175
surrogate, 82, 45.0, 0.175
surrogate, 82, 45.0, 0.175
surrogate, 82, 45.0, 0.175
surrogate, 82, 45.0, 0.175
surrogate, 82, 45.0, 0.175
surrogate, 82, 45.0, 0.175
surrogate, 82, 45.0, 0.175
surrogate, 82, 45.0, 0.175
surrogate, 82, 45.0, 0.175
surrogate, 82, 45.0, 0.175
surrogate, 82, 45.0, 0.175
surrogate, 82, 45.0, 0.175
surrogate, 82, 45.0, 0.175
surrogate, 82, 45.0, 0.175
surrogate, 82, 45.0, 0.175
surrogate, 82, 45.0, 0.175
surrogate, 82, 45.0, 0.175
surrogate, 82, 45.0, 0.175
surrogate, 82, 45.0, 0.175
surrogate, 82, 45.0, 0.175
surrogate, 82, 45.0, 0.175
surrogate, 82, 45.0, 0.175
surrogate, 82, 45.0, 0.175
surrogate, 82, 45.0, 0.175
surrogate, 82, 45.0, 0.175
surrogate, 82, 45.0, 0.175
surrogate, 82, 41.0, 0.0125
surrogate, 82, 41.0, 0.0125
surrogate, 82, 41.0, 0.0125
surrogate, 82, 41.0, 0.0125
surrogate, 82, 41.0, 0.0125
surrogate, 82, 41.0, 0.0125
surrogate, 83, 56.0, 0.575
surrogate, 83, 56.0, 0.575
surrogate, 83, 56.0, 0.575
surrogate, 83, 56.0, 0.575
surrogate, 83, 56.0, 0.575
surrogate, 83, 55.0, 0.55
surrogate, 83, 55.0, 0.55
surrogate, 83, 55.0, 0.55
surrogate, 83, 55.0, 0.55
surrogate, 83, 53.0, 0.525
surrogate, 83, 53.0, 0.525
surrogate, 83, 53.0, 0.525
surrogate, 83, 51.0, 0.5
surrogate, 83, 51.0, 0.5
surrogate, 83, 51.0, 0.5
surrogate, 83, 51.0, 0.5
surrogate, 83, 51.0, 0.5
surrogate, 83, 51.0, 0.5
surrogate, 83, 48.0, 0.425
surrogate, 83, 48.0, 0.425
surrogate, 83, 48.0, 0.425
surrogate, 83, 48.0, 0.425
surrogate, 83, 48.0, 0.425
surrogate, 83, 48.0, 0.425
surrogate, 83, 48.0, 0.425
surrogate, 83, 48.0, 0.425
surrogate, 83, 48.0, 0.425
surrogate, 83, 48.0, 0.425
surrogate, 83, 48.0, 0.425
surrogate, 83, 48.0, 0.425
surrogate, 83, 48.0, 0.425
surrogate, 83, 48.0, 0.425
surrogate, 83, 48.0, 0.425
surrogate, 83, 48.0, 0.425
surrogate, 83, 48.0, 0.425
surrogate, 83, 48.0, 0.425
surrogate, 83, 47.0, 0.275
surrogate, 83, 47.0, 0.275
surrogate, 83, 47.0, 0.275
surrogate, 83, 47.0, 0.275
surrogate, 83, 47.0, 0.275
surrogate, 83, 47.0, 0.275
surrogate, 83, 47.0, 0.275
surrogate, 83, 47.0, 0.275
surrogate, 83, 47.0, 0.275
surrogate, 83, 47.0, 0.275
surrogate, 83, 47.0, 0.275
surrogate, 83, 47.0, 0.275
surrogate, 83, 47.0, 0.275
surrogate, 83, 46.0, 0.225
surrogate, 83, 46.0, 0.225
surrogate, 83, 46.0, 0.225
surrogate, 83, 46.0, 0.225
surrogate, 83, 46.0, 0.225
surrogate, 83, 46.0, 0.225
surrogate, 83, 46.0, 0.225
surrogate, 83, 46.0, 0.225
surrogate, 83, 45.0, 0.175
surrogate, 83, 45.0, 0.175
surrogate, 83, 45.0, 0.175
surrogate, 83, 45.0, 0.175
surrogate, 83, 45.0, 0.175
surrogate, 83, 45.0, 0.175
surrogate, 83, 45.0, 0.175
surrogate, 83, 45.0, 0.175
surrogate, 83, 45.0, 0.175
surrogate, 83, 45.0, 0.175
surrogate, 83, 45.0, 0.175
surrogate, 83, 45.0, 0.175
surrogate, 83, 45.0, 0.175
surrogate, 83, 45.0, 0.175
surrogate, 83, 45.0, 0.175
surrogate, 83, 45.0, 0.175
surrogate, 83, 45.0, 0.175
surrogate, 83, 45.0, 0.175
surrogate, 83, 45.0, 0.175
surrogate, 83, 45.0, 0.175
surrogate, 83, 45.0, 0.175
surrogate, 83, 45.0, 0.175
surrogate, 83, 45.0, 0.175
surrogate, 83, 45.0, 0.175
surrogate, 83, 45.0, 0.175
surrogate, 83, 45.0, 0.175
surrogate, 83, 45.0, 0.175
surrogate, 83, 45.0, 0.175
surrogate, 83, 45.0, 0.175
surrogate, 83, 45.0, 0.175
surrogate, 83, 41.0, 0.0125
surrogate, 83, 41.0, 0.0125
surrogate, 83, 41.0, 0.0125
surrogate, 83, 41.0, 0.0125
surrogate, 83, 41.0, 0.0125
surrogate, 83, 41.0, 0.0125
surrogate, 83, 41.0, 0.0125
surrogate, 84, 56.0, 0.575
surrogate, 84, 56.0, 0.575
surrogate, 84, 56.0, 0.575
surrogate, 84, 56.0, 0.575
surrogate, 84, 56.0, 0.575
surrogate, 84, 55.0, 0.55
surrogate, 84, 55.0, 0.55
surrogate, 84, 55.0, 0.55
surrogate, 84, 55.0, 0.55
surrogate, 84, 53.0, 0.525
surrogate, 84, 53.0, 0.525
surrogate, 84, 53.0, 0.525
surrogate, 84, 51.0, 0.5
surrogate, 84, 51.0, 0.5
surrogate, 84, 51.0, 0.5
surrogate, 84, 51.0, 0.5
surrogate, 84, 51.0, 0.5
surrogate, 84, 51.0, 0.5
surrogate, 84, 51.0, 0.5
surrogate, 84, 48.0, 0.425
surrogate, 84, 48.0, 0.425
surrogate, 84, 48.0, 0.425
surrogate, 84, 48.0, 0.425
surrogate, 84, 48.0, 0.425
surrogate, 84, 48.0, 0.425
surrogate, 84, 48.0, 0.425
surrogate, 84, 48.0, 0.425
surrogate, 84, 48.0, 0.425
surrogate, 84, 48.0, 0.425
surrogate, 84, 48.0, 0.425
surrogate, 84, 48.0, 0.425
surrogate, 84, 48.0, 0.425
surrogate, 84, 48.0, 0.425
surrogate, 84, 48.0, 0.425
surrogate, 84, 48.0, 0.425
surrogate, 84, 48.0, 0.425
surrogate, 84, 48.0, 0.425
surrogate, 84, 47.0, 0.275
surrogate, 84, 47.0, 0.275
surrogate, 84, 47.0, 0.275
surrogate, 84, 47.0, 0.275
surrogate, 84, 47.0, 0.275
surrogate, 84, 47.0, 0.275
surrogate, 84, 47.0, 0.275
surrogate, 84, 47.0, 0.275
surrogate, 84, 47.0, 0.275
surrogate, 84, 47.0, 0.275
surrogate, 84, 47.0, 0.275
surrogate, 84, 47.0, 0.275
surrogate, 84, 47.0, 0.275
surrogate, 84, 46.0, 0.225
surrogate, 84, 46.0, 0.225
surrogate, 84, 46.0, 0.225
surrogate, 84, 46.0, 0.225
surrogate, 84, 46.0, 0.225
surrogate, 84, 46.0, 0.225
surrogate, 84, 46.0, 0.225
surrogate, 84, 46.0, 0.225
surrogate, 84, 46.0, 0.225
surrogate, 84, 45.0, 0.175
surrogate, 84, 45.0, 0.175
surrogate, 84, 45.0, 0.175
surrogate, 84, 45.0, 0.175
surrogate, 84, 45.0, 0.175
surrogate, 84, 45.0, 0.175
surrogate, 84, 45.0, 0.175
surrogate, 84, 45.0, 0.175
surrogate, 84, 45.0, 0.175
surrogate, 84, 45.0, 0.175
surrogate, 84, 45.0, 0.175
surrogate, 84, 45.0, 0.175
surrogate, 84, 45.0, 0.175
surrogate, 84, 45.0, 0.175
surrogate, 84, 45.0, 0.175
surrogate, 84, 45.0, 0.175
surrogate, 84, 45.0, 0.175
surrogate, 84, 45.0, 0.175
surrogate, 84, 45.0, 0.175
surrogate, 84, 45.0, 0.175
surrogate, 84, 45.0, 0.175
surrogate, 84, 45.0, 0.175
surrogate, 84, 45.0, 0.175
surrogate, 84, 45.0, 0.175
surrogate, 84, 45.0, 0.175
surrogate, 84, 45.0, 0.175
surrogate, 84, 45.0, 0.175
surrogate, 84, 45.0, 0.175
surrogate, 84, 45.0, 0.175
surrogate, 84, 45.0, 0.175
surrogate, 84, 45.0, 0.175
surrogate, 84, 41.0, 0.0125
surrogate, 84, 41.0, 0.0125
surrogate, 84, 41.0, 0.0125
surrogate, 84, 41.0, 0.0125
surrogate, 84, 41.0, 0.0125
surrogate, 84, 41.0, 0.0125
surrogate, 84, 41.0, 0.0125
surrogate, 84, 41.0, 0.0125
surrogate, 85, 56.0, 0.575
surrogate, 85, 56.0, 0.575
surrogate, 85, 56.0, 0.575
surrogate, 85, 56.0, 0.575
surrogate, 85, 56.0, 0.575
surrogate, 85, 56.0, 0.575
surrogate, 85, 55.0, 0.55
surrogate, 85, 55.0, 0.55
surrogate, 85, 55.0, 0.55
surrogate, 85, 55.0, 0.55
surrogate, 85, 55.0, 0.55
surrogate, 85, 53.0, 0.525
surrogate, 85, 53.0, 0.525
surrogate, 85, 53.0, 0.525
surrogate, 85, 51.0, 0.5
surrogate, 85, 51.0, 0.5
surrogate, 85, 51.0, 0.5
surrogate, 85, 51.0, 0.5
surrogate, 85, 51.0, 0.5
surrogate, 85, 51.0, 0.5
surrogate, 85, 51.0, 0.5
surrogate, 85, 48.0, 0.425
surrogate, 85, 48.0, 0.425
surrogate, 85, 48.0, 0.425
surrogate, 85, 48.0, 0.425
surrogate, 85, 48.0, 0.425
surrogate, 85, 48.0, 0.425
surrogate, 85, 48.0, 0.425
surrogate, 85, 48.0, 0.425
surrogate, 85, 48.0, 0.425
surrogate, 85, 48.0, 0.425
surrogate, 85, 48.0, 0.425
surrogate, 85, 48.0, 0.425
surrogate, 85, 48.0, 0.425
surrogate, 85, 48.0, 0.425
surrogate, 85, 48.0, 0.425
surrogate, 85, 48.0, 0.425
surrogate, 85, 48.0, 0.425
surrogate, 85, 48.0, 0.425
surrogate, 85, 48.0, 0.425
surrogate, 85, 47.0, 0.275
surrogate, 85, 47.0, 0.275
surrogate, 85, 47.0, 0.275
surrogate, 85, 47.0, 0.275
surrogate, 85, 47.0, 0.275
surrogate, 85, 47.0, 0.275
surrogate, 85, 47.0, 0.275
surrogate, 85, 47.0, 0.275
surrogate, 85, 47.0, 0.275
surrogate, 85, 47.0, 0.275
surrogate, 85, 47.0, 0.275
surrogate, 85, 47.0, 0.275
surrogate, 85, 47.0, 0.275
surrogate, 85, 46.0, 0.225
surrogate, 85, 46.0, 0.225
surrogate, 85, 46.0, 0.225
surrogate, 85, 46.0, 0.225
surrogate, 85, 46.0, 0.225
surrogate, 85, 46.0, 0.225
surrogate, 85, 46.0, 0.225
surrogate, 85, 46.0, 0.225
surrogate, 85, 46.0, 0.225
surrogate, 85, 45.0, 0.175
surrogate, 85, 45.0, 0.175
surrogate, 85, 45.0, 0.175
surrogate, 85, 45.0, 0.175
surrogate, 85, 45.0, 0.175
surrogate, 85, 45.0, 0.175
surrogate, 85, 45.0, 0.175
surrogate, 85, 45.0, 0.175
surrogate, 85, 45.0, 0.175
surrogate, 85, 45.0, 0.175
surrogate, 85, 45.0, 0.175
surrogate, 85, 45.0, 0.175
surrogate, 85, 45.0, 0.175
surrogate, 85, 45.0, 0.175
surrogate, 85, 45.0, 0.175
surrogate, 85, 45.0, 0.175
surrogate, 85, 45.0, 0.175
surrogate, 85, 45.0, 0.175
surrogate, 85, 45.0, 0.175
surrogate, 85, 45.0, 0.175
surrogate, 85, 45.0, 0.175
surrogate, 85, 45.0, 0.175
surrogate, 85, 45.0, 0.175
surrogate, 85, 45.0, 0.175
surrogate, 85, 45.0, 0.175
surrogate, 85, 45.0, 0.175
surrogate, 85, 45.0, 0.175
surrogate, 85, 45.0, 0.175
surrogate, 85, 45.0, 0.175
surrogate, 85, 45.0, 0.175
surrogate, 85, 45.0, 0.175
surrogate, 85, 41.0, 0.0125
surrogate, 85, 41.0, 0.0125
surrogate, 85, 41.0, 0.0125
surrogate, 85, 41.0, 0.0125
surrogate, 85, 41.0, 0.0125
surrogate, 85, 41.0, 0.0125
surrogate, 85, 41.0, 0.0125
surrogate, 85, 41.0, 0.0125
surrogate, 85, 41.0, 0.0125
surrogate, 86, 55.0, 0.575
surrogate, 86, 53.0, 0.525
surrogate, 86, 53.0, 0.525
surrogate, 86, 53.0, 0.525
surrogate, 86, 51.0, 0.5
surrogate, 86, 51.0, 0.5
surrogate, 86, 51.0, 0.5
surrogate, 86, 51.0, 0.5
surrogate, 86, 51.0, 0.5
surrogate, 86, 51.0, 0.5
surrogate, 86, 51.0, 0.5
surrogate, 86, 48.0, 0.425
surrogate, 86, 48.0, 0.425
surrogate, 86, 48.0, 0.425
surrogate, 86, 48.0, 0.425
surrogate, 86, 48.0, 0.425
surrogate, 86, 48.0, 0.425
surrogate, 86, 48.0, 0.425
surrogate, 86, 48.0, 0.425
surrogate, 86, 48.0, 0.425
surrogate, 86, 48.0, 0.425
surrogate, 86, 48.0, 0.425
surrogate, 86, 48.0, 0.425
surrogate, 86, 48.0, 0.425
surrogate, 86, 48.0, 0.425
surrogate, 86, 48.0, 0.425
surrogate, 86, 48.0, 0.425
surrogate, 86, 48.0, 0.425
surrogate, 86, 48.0, 0.425
surrogate, 86, 48.0, 0.425
surrogate, 86, 47.0, 0.275
surrogate, 86, 47.0, 0.275
surrogate, 86, 47.0, 0.275
surrogate, 86, 47.0, 0.275
surrogate, 86, 47.0, 0.275
surrogate, 86, 47.0, 0.275
surrogate, 86, 47.0, 0.275
surrogate, 86, 47.0, 0.275
surrogate, 86, 47.0, 0.275
surrogate, 86, 47.0, 0.275
surrogate, 86, 47.0, 0.275
surrogate, 86, 47.0, 0.275
surrogate, 86, 47.0, 0.275
surrogate, 86, 46.0, 0.225
surrogate, 86, 46.0, 0.225
surrogate, 86, 46.0, 0.225
surrogate, 86, 46.0, 0.225
surrogate, 86, 46.0, 0.225
surrogate, 86, 46.0, 0.225
surrogate, 86, 46.0, 0.225
surrogate, 86, 46.0, 0.225
surrogate, 86, 46.0, 0.225
surrogate, 86, 45.0, 0.175
surrogate, 86, 45.0, 0.175
surrogate, 86, 45.0, 0.175
surrogate, 86, 45.0, 0.175
surrogate, 86, 45.0, 0.175
surrogate, 86, 45.0, 0.175
surrogate, 86, 45.0, 0.175
surrogate, 86, 45.0, 0.175
surrogate, 86, 45.0, 0.175
surrogate, 86, 45.0, 0.175
surrogate, 86, 45.0, 0.175
surrogate, 86, 45.0, 0.175
surrogate, 86, 45.0, 0.175
surrogate, 86, 45.0, 0.175
surrogate, 86, 45.0, 0.175
surrogate, 86, 45.0, 0.175
surrogate, 86, 45.0, 0.175
surrogate, 86, 45.0, 0.175
surrogate, 86, 45.0, 0.175
surrogate, 86, 45.0, 0.175
surrogate, 86, 45.0, 0.175
surrogate, 86, 45.0, 0.175
surrogate, 86, 45.0, 0.175
surrogate, 86, 45.0, 0.175
surrogate, 86, 45.0, 0.175
surrogate, 86, 45.0, 0.175
surrogate, 86, 45.0, 0.175
surrogate, 86, 45.0, 0.175
surrogate, 86, 45.0, 0.175
surrogate, 86, 45.0, 0.175
surrogate, 86, 45.0, 0.175
surrogate, 86, 45.0, 0.175
surrogate, 86, 41.0, 0.0125
surrogate, 86, 41.0, 0.0125
surrogate, 86, 41.0, 0.0125
surrogate, 86, 41.0, 0.0125
surrogate, 86, 41.0, 0.0125
surrogate, 86, 41.0, 0.0125
surrogate, 86, 41.0, 0.0125
surrogate, 86, 41.0, 0.0125
surrogate, 86, 41.0, 0.0125
surrogate, 86, 41.0, 0.0125
surrogate, 86, 41.0, 0.0125
surrogate, 87, 55.0, 0.575
surrogate, 87, 53.0, 0.525
surrogate, 87, 53.0, 0.525
surrogate, 87, 53.0, 0.525
surrogate, 87, 53.0, 0.525
surrogate, 87, 51.0, 0.5
surrogate, 87, 51.0, 0.5
surrogate, 87, 51.0, 0.5
surrogate, 87, 51.0, 0.5
surrogate, 87, 51.0, 0.5
surrogate, 87, 51.0, 0.5
surrogate, 87, 51.0, 0.5
surrogate, 87, 48.0, 0.425
surrogate, 87, 48.0, 0.425
surrogate, 87, 48.0, 0.425
surrogate, 87, 48.0, 0.425
surrogate, 87, 48.0, 0.425
surrogate, 87, 48.0, 0.425
surrogate, 87, 48.0, 0.425
surrogate, 87, 48.0, 0.425
surrogate, 87, 48.0, 0.425
surrogate, 87, 48.0, 0.425
surrogate, 87, 48.0, 0.425
surrogate, 87, 48.0, 0.425
surrogate, 87, 48.0, 0.425
surrogate, 87, 48.0, 0.425
surrogate, 87, 48.0, 0.425
surrogate, 87, 48.0, 0.425
surrogate, 87, 48.0, 0.425
surrogate, 87, 48.0, 0.425
surrogate, 87, 48.0, 0.425
surrogate, 87, 48.0, 0.425
surrogate, 87, 47.0, 0.275
surrogate, 87, 47.0, 0.275
surrogate, 87, 47.0, 0.275
surrogate, 87, 47.0, 0.275
surrogate, 87, 47.0, 0.275
surrogate, 87, 47.0, 0.275
surrogate, 87, 47.0, 0.275
surrogate, 87, 47.0, 0.275
surrogate, 87, 47.0, 0.275
surrogate, 87, 47.0, 0.275
surrogate, 87, 47.0, 0.275
surrogate, 87, 47.0, 0.275
surrogate, 87, 47.0, 0.275
surrogate, 87, 46.0, 0.225
surrogate, 87, 46.0, 0.225
surrogate, 87, 46.0, 0.225
surrogate, 87, 46.0, 0.225
surrogate, 87, 46.0, 0.225
surrogate, 87, 46.0, 0.225
surrogate, 87, 46.0, 0.225
surrogate, 87, 46.0, 0.225
surrogate, 87, 46.0, 0.225
surrogate, 87, 46.0, 0.225
surrogate, 87, 45.0, 0.175
surrogate, 87, 45.0, 0.175
surrogate, 87, 45.0, 0.175
surrogate, 87, 45.0, 0.175
surrogate, 87, 45.0, 0.175
surrogate, 87, 45.0, 0.175
surrogate, 87, 45.0, 0.175
surrogate, 87, 45.0, 0.175
surrogate, 87, 45.0, 0.175
surrogate, 87, 45.0, 0.175
surrogate, 87, 45.0, 0.175
surrogate, 87, 45.0, 0.175
surrogate, 87, 45.0, 0.175
surrogate, 87, 45.0, 0.175
surrogate, 87, 45.0, 0.175
surrogate, 87, 45.0, 0.175
surrogate, 87, 45.0, 0.175
surrogate, 87, 45.0, 0.175
surrogate, 87, 45.0, 0.175
surrogate, 87, 45.0, 0.175
surrogate, 87, 45.0, 0.175
surrogate, 87, 45.0, 0.175
surrogate, 87, 45.0, 0.175
surrogate, 87, 45.0, 0.175
surrogate, 87, 45.0, 0.175
surrogate, 87, 45.0, 0.175
surrogate, 87, 45.0, 0.175
surrogate, 87, 45.0, 0.175
surrogate, 87, 45.0, 0.175
surrogate, 87, 45.0, 0.175
surrogate, 87, 45.0, 0.175
surrogate, 87, 45.0, 0.175
surrogate, 87, 45.0, 0.175
surrogate, 87, 41.0, 0.0125
surrogate, 87, 41.0, 0.0125
surrogate, 87, 41.0, 0.0125
surrogate, 87, 41.0, 0.0125
surrogate, 87, 41.0, 0.0125
surrogate, 87, 41.0, 0.0125
surrogate, 87, 41.0, 0.0125
surrogate, 87, 41.0, 0.0125
surrogate, 87, 41.0, 0.0125
surrogate, 87, 41.0, 0.0125
surrogate, 87, 41.0, 0.0125
surrogate, 87, 41.0, 0.0125
surrogate, 87, 41.0, 0.0125
surrogate, 88, 55.0, 0.575
surrogate, 88, 53.0, 0.525
surrogate, 88, 53.0, 0.525
surrogate, 88, 53.0, 0.525
surrogate, 88, 53.0, 0.525
surrogate, 88, 51.0, 0.5
surrogate, 88, 51.0, 0.5
surrogate, 88, 51.0, 0.5
surrogate, 88, 51.0, 0.5
surrogate, 88, 51.0, 0.5
surrogate, 88, 51.0, 0.5
surrogate, 88, 51.0, 0.5
surrogate, 88, 48.0, 0.425
surrogate, 88, 48.0, 0.425
surrogate, 88, 48.0, 0.425
surrogate, 88, 48.0, 0.425
surrogate, 88, 48.0, 0.425
surrogate, 88, 48.0, 0.425
surrogate, 88, 48.0, 0.425
surrogate, 88, 48.0, 0.425
surrogate, 88, 48.0, 0.425
surrogate, 88, 48.0, 0.425
surrogate, 88, 48.0, 0.425
surrogate, 88, 48.0, 0.425
surrogate, 88, 48.0, 0.425
surrogate, 88, 48.0, 0.425
surrogate, 88, 48.0, 0.425
surrogate, 88, 48.0, 0.425
surrogate, 88, 48.0, 0.425
surrogate, 88, 48.0, 0.425
surrogate, 88, 48.0, 0.425
surrogate, 88, 48.0, 0.425
surrogate, 88, 48.0, 0.425
surrogate, 88, 47.0, 0.275
surrogate, 88, 47.0, 0.275
surrogate, 88, 47.0, 0.275
surrogate, 88, 47.0, 0.275
surrogate, 88, 47.0, 0.275
surrogate, 88, 47.0, 0.275
surrogate, 88, 47.0, 0.275
surrogate, 88, 47.0, 0.275
surrogate, 88, 47.0, 0.275
surrogate, 88, 47.0, 0.275
surrogate, 88, 47.0, 0.275
surrogate, 88, 47.0, 0.275
surrogate, 88, 47.0, 0.275
surrogate, 88, 46.0, 0.225
surrogate, 88, 46.0, 0.225
surrogate, 88, 46.0, 0.225
surrogate, 88, 46.0, 0.225
surrogate, 88, 46.0, 0.225
surrogate, 88, 46.0, 0.225
surrogate, 88, 46.0, 0.225
surrogate, 88, 46.0, 0.225
surrogate, 88, 46.0, 0.225
surrogate, 88, 46.0, 0.225
surrogate, 88, 45.0, 0.175
surrogate, 88, 45.0, 0.175
surrogate, 88, 45.0, 0.175
surrogate, 88, 45.0, 0.175
surrogate, 88, 45.0, 0.175
surrogate, 88, 45.0, 0.175
surrogate, 88, 45.0, 0.175
surrogate, 88, 45.0, 0.175
surrogate, 88, 45.0, 0.175
surrogate, 88, 45.0, 0.175
surrogate, 88, 45.0, 0.175
surrogate, 88, 45.0, 0.175
surrogate, 88, 45.0, 0.175
surrogate, 88, 45.0, 0.175
surrogate, 88, 45.0, 0.175
surrogate, 88, 45.0, 0.175
surrogate, 88, 45.0, 0.175
surrogate, 88, 45.0, 0.175
surrogate, 88, 45.0, 0.175
surrogate, 88, 45.0, 0.175
surrogate, 88, 45.0, 0.175
surrogate, 88, 45.0, 0.175
surrogate, 88, 45.0, 0.175
surrogate, 88, 45.0, 0.175
surrogate, 88, 45.0, 0.175
surrogate, 88, 45.0, 0.175
surrogate, 88, 45.0, 0.175
surrogate, 88, 45.0, 0.175
surrogate, 88, 45.0, 0.175
surrogate, 88, 45.0, 0.175
surrogate, 88, 45.0, 0.175
surrogate, 88, 45.0, 0.175
surrogate, 88, 45.0, 0.175
surrogate, 88, 41.0, 0.0125
surrogate, 88, 41.0, 0.0125
surrogate, 88, 41.0, 0.0125
surrogate, 88, 41.0, 0.0125
surrogate, 88, 41.0, 0.0125
surrogate, 88, 41.0, 0.0125
surrogate, 88, 41.0, 0.0125
surrogate, 88, 41.0, 0.0125
surrogate, 88, 41.0, 0.0125
surrogate, 88, 41.0, 0.0125
surrogate, 88, 41.0, 0.0125
surrogate, 88, 41.0, 0.0125
surrogate, 88, 41.0, 0.0125
surrogate, 88, 41.0, 0.0125
surrogate, 89, 55.0, 0.575
surrogate, 89, 53.0, 0.525
surrogate, 89, 53.0, 0.525
surrogate, 89, 53.0, 0.525
surrogate, 89, 53.0, 0.525
surrogate, 89, 51.0, 0.5
surrogate, 89, 51.0, 0.5
surrogate, 89, 51.0, 0.5
surrogate, 89, 51.0, 0.5
surrogate, 89, 51.0, 0.5
surrogate, 89, 51.0, 0.5
surrogate, 89, 51.0, 0.5
surrogate, 89, 48.0, 0.425
surrogate, 89, 48.0, 0.425
surrogate, 89, 48.0, 0.425
surrogate, 89, 48.0, 0.425
surrogate, 89, 48.0, 0.425
surrogate, 89, 48.0, 0.425
surrogate, 89, 48.0, 0.425
surrogate, 89, 48.0, 0.425
surrogate, 89, 48.0, 0.425
surrogate, 89, 48.0, 0.425
surrogate, 89, 48.0, 0.425
surrogate, 89, 48.0, 0.425
surrogate, 89, 48.0, 0.425
surrogate, 89, 48.0, 0.425
surrogate, 89, 48.0, 0.425
surrogate, 89, 48.0, 0.425
surrogate, 89, 48.0, 0.425
surrogate, 89, 48.0, 0.425
surrogate, 89, 48.0, 0.425
surrogate, 89, 48.0, 0.425
surrogate, 89, 48.0, 0.425
surrogate, 89, 48.0, 0.425
surrogate, 89, 47.0, 0.275
surrogate, 89, 47.0, 0.275
surrogate, 89, 47.0, 0.275
surrogate, 89, 47.0, 0.275
surrogate, 89, 47.0, 0.275
surrogate, 89, 47.0, 0.275
surrogate, 89, 47.0, 0.275
surrogate, 89, 47.0, 0.275
surrogate, 89, 47.0, 0.275
surrogate, 89, 47.0, 0.275
surrogate, 89, 47.0, 0.275
surrogate, 89, 47.0, 0.275
surrogate, 89, 47.0, 0.275
surrogate, 89, 46.0, 0.225
surrogate, 89, 46.0, 0.225
surrogate, 89, 46.0, 0.225
surrogate, 89, 46.0, 0.225
surrogate, 89, 46.0, 0.225
surrogate, 89, 46.0, 0.225
surrogate, 89, 46.0, 0.225
surrogate, 89, 46.0, 0.225
surrogate, 89, 46.0, 0.225
surrogate, 89, 46.0, 0.225
surrogate, 89, 45.0, 0.175
surrogate, 89, 45.0, 0.175
surrogate, 89, 45.0, 0.175
surrogate, 89, 45.0, 0.175
surrogate, 89, 45.0, 0.175
surrogate, 89, 45.0, 0.175
surrogate, 89, 45.0, 0.175
surrogate, 89, 45.0, 0.175
surrogate, 89, 45.0, 0.175
surrogate, 89, 45.0, 0.175
surrogate, 89, 45.0, 0.175
surrogate, 89, 45.0, 0.175
surrogate, 89, 45.0, 0.175
surrogate, 89, 45.0, 0.175
surrogate, 89, 45.0, 0.175
surrogate, 89, 45.0, 0.175
surrogate, 89, 45.0, 0.175
surrogate, 89, 45.0, 0.175
surrogate, 89, 45.0, 0.175
surrogate, 89, 45.0, 0.175
surrogate, 89, 45.0, 0.175
surrogate, 89, 45.0, 0.175
surrogate, 89, 45.0, 0.175
surrogate, 89, 45.0, 0.175
surrogate, 89, 45.0, 0.175
surrogate, 89, 45.0, 0.175
surrogate, 89, 45.0, 0.175
surrogate, 89, 45.0, 0.175
surrogate, 89, 45.0, 0.175
surrogate, 89, 45.0, 0.175
surrogate, 89, 45.0, 0.175
surrogate, 89, 45.0, 0.175
surrogate, 89, 45.0, 0.175
surrogate, 89, 45.0, 0.175
surrogate, 89, 41.0, 0.0125
surrogate, 89, 41.0, 0.0125
surrogate, 89, 41.0, 0.0125
surrogate, 89, 41.0, 0.0125
surrogate, 89, 41.0, 0.0125
surrogate, 89, 41.0, 0.0125
surrogate, 89, 41.0, 0.0125
surrogate, 89, 41.0, 0.0125
surrogate, 89, 41.0, 0.0125
surrogate, 89, 41.0, 0.0125
surrogate, 89, 41.0, 0.0125
surrogate, 89, 41.0, 0.0125
surrogate, 89, 41.0, 0.0125
surrogate, 89, 41.0, 0.0125
surrogate, 89, 41.0, 0.0125
surrogate, 90, 55.0, 0.575
surrogate, 90, 55.0, 0.575
surrogate, 90, 53.0, 0.525
surrogate, 90, 53.0, 0.525
surrogate, 90, 53.0, 0.525
surrogate, 90, 53.0, 0.525
surrogate, 90, 53.0, 0.525
surrogate, 90, 51.0, 0.5
surrogate, 90, 51.0, 0.5
surrogate, 90, 51.0, 0.5
surrogate, 90, 51.0, 0.5
surrogate, 90, 51.0, 0.5
surrogate, 90, 51.0, 0.5
surrogate, 90, 51.0, 0.5
surrogate, 90, 51.0, 0.5
surrogate, 90, 48.0, 0.425
surrogate, 90, 48.0, 0.425
surrogate, 90, 48.0, 0.425
surrogate, 90, 48.0, 0.425
surrogate, 90, 48.0, 0.425
surrogate, 90, 48.0, 0.425
surrogate, 90, 48.0, 0.425
surrogate, 90, 48.0, 0.425
surrogate, 90, 48.0, 0.425
surrogate, 90, 48.0, 0.425
surrogate, 90, 48.0, 0.425
surrogate, 90, 48.0, 0.425
surrogate, 90, 48.0, 0.425
surrogate, 90, 48.0, 0.425
surrogate, 90, 48.0, 0.425
surrogate, 90, 48.0, 0.425
surrogate, 90, 48.0, 0.425
surrogate, 90, 48.0, 0.425
surrogate, 90, 48.0, 0.425
surrogate, 90, 48.0, 0.425
surrogate, 90, 48.0, 0.425
surrogate, 90, 48.0, 0.425
surrogate, 90, 48.0, 0.425
surrogate, 90, 47.0, 0.275
surrogate, 90, 47.0, 0.275
surrogate, 90, 47.0, 0.275
surrogate, 90, 47.0, 0.275
surrogate, 90, 47.0, 0.275
surrogate, 90, 47.0, 0.275
surrogate, 90, 47.0, 0.275
surrogate, 90, 47.0, 0.275
surrogate, 90, 47.0, 0.275
surrogate, 90, 47.0, 0.275
surrogate, 90, 47.0, 0.275
surrogate, 90, 47.0, 0.275
surrogate, 90, 47.0, 0.275
surrogate, 90, 47.0, 0.275
surrogate, 90, 46.0, 0.225
surrogate, 90, 46.0, 0.225
surrogate, 90, 46.0, 0.225
surrogate, 90, 46.0, 0.225
surrogate, 90, 46.0, 0.225
surrogate, 90, 46.0, 0.225
surrogate, 90, 46.0, 0.225
surrogate, 90, 46.0, 0.225
surrogate, 90, 46.0, 0.225
surrogate, 90, 46.0, 0.225
surrogate, 90, 46.0, 0.225
surrogate, 90, 45.0, 0.175
surrogate, 90, 45.0, 0.175
surrogate, 90, 45.0, 0.175
surrogate, 90, 45.0, 0.175
surrogate, 90, 45.0, 0.175
surrogate, 90, 45.0, 0.175
surrogate, 90, 45.0, 0.175
surrogate, 90, 45.0, 0.175
surrogate, 90, 45.0, 0.175
surrogate, 90, 45.0, 0.175
surrogate, 90, 45.0, 0.175
surrogate, 90, 45.0, 0.175
surrogate, 90, 45.0, 0.175
surrogate, 90, 45.0, 0.175
surrogate, 90, 45.0, 0.175
surrogate, 90, 45.0, 0.175
surrogate, 90, 45.0, 0.175
surrogate, 90, 45.0, 0.175
surrogate, 90, 45.0, 0.175
surrogate, 90, 45.0, 0.175
surrogate, 90, 45.0, 0.175
surrogate, 90, 45.0, 0.175
surrogate, 90, 45.0, 0.175
surrogate, 90, 45.0, 0.175
surrogate, 90, 45.0, 0.175
surrogate, 90, 45.0, 0.175
surrogate, 90, 45.0, 0.175
surrogate, 90, 45.0, 0.175
surrogate, 90, 45.0, 0.175
surrogate, 90, 45.0, 0.175
surrogate, 90, 45.0, 0.175
surrogate, 90, 45.0, 0.175
surrogate, 90, 45.0, 0.175
surrogate, 90, 45.0, 0.175
surrogate, 90, 45.0, 0.175
surrogate, 90, 41.0, 0.0125
surrogate, 90, 41.0, 0.0125
surrogate, 90, 41.0, 0.0125
surrogate, 90, 41.0, 0.0125
surrogate, 90, 41.0, 0.0125
surrogate, 90, 41.0, 0.0125
surrogate, 90, 41.0, 0.0125
surrogate, 90, 41.0, 0.0125
surrogate, 90, 41.0, 0.0125
surrogate, 90, 41.0, 0.0125
surrogate, 90, 41.0, 0.0125
surrogate, 90, 41.0, 0.0125
surrogate, 90, 41.0, 0.0125
surrogate, 90, 41.0, 0.0125
surrogate, 90, 41.0, 0.0125
surrogate, 90, 41.0, 0.0125
surrogate, 91, 55.0, 0.575
surrogate, 91, 55.0, 0.575
surrogate, 91, 53.0, 0.525
surrogate, 91, 53.0, 0.525
surrogate, 91, 53.0, 0.525
surrogate, 91, 53.0, 0.525
surrogate, 91, 53.0, 0.525
surrogate, 91, 51.0, 0.5
surrogate, 91, 51.0, 0.5
surrogate, 91, 51.0, 0.5
surrogate, 91, 51.0, 0.5
surrogate, 91, 51.0, 0.5
surrogate, 91, 51.0, 0.5
surrogate, 91, 51.0, 0.5
surrogate, 91, 51.0, 0.5
surrogate, 91, 51.0, 0.5
surrogate, 91, 48.0, 0.425
surrogate, 91, 48.0, 0.425
surrogate, 91, 48.0, 0.425
surrogate, 91, 48.0, 0.425
surrogate, 91, 48.0, 0.425
surrogate, 91, 48.0, 0.425
surrogate, 91, 48.0, 0.425
surrogate, 91, 48.0, 0.425
surrogate, 91, 48.0, 0.425
surrogate, 91, 48.0, 0.425
surrogate, 91, 48.0, 0.425
surrogate, 91, 48.0, 0.425
surrogate, 91, 48.0, 0.425
surrogate, 91, 48.0, 0.425
surrogate, 91, 48.0, 0.425
surrogate, 91, 48.0, 0.425
surrogate, 91, 48.0, 0.425
surrogate, 91, 48.0, 0.425
surrogate, 91, 48.0, 0.425
surrogate, 91, 48.0, 0.425
surrogate, 91, 48.0, 0.425
surrogate, 91, 48.0, 0.425
surrogate, 91, 48.0, 0.425
surrogate, 91, 47.0, 0.275
surrogate, 91, 47.0, 0.275
surrogate, 91, 47.0, 0.275
surrogate, 91, 47.0, 0.275
surrogate, 91, 47.0, 0.275
surrogate, 91, 47.0, 0.275
surrogate, 91, 47.0, 0.275
surrogate, 91, 47.0, 0.275
surrogate, 91, 47.0, 0.275
surrogate, 91, 47.0, 0.275
surrogate, 91, 47.0, 0.275
surrogate, 91, 47.0, 0.275
surrogate, 91, 47.0, 0.275
surrogate, 91, 47.0, 0.275
surrogate, 91, 46.0, 0.225
surrogate, 91, 46.0, 0.225
surrogate, 91, 46.0, 0.225
surrogate, 91, 46.0, 0.225
surrogate, 91, 46.0, 0.225
surrogate, 91, 46.0, 0.225
surrogate, 91, 46.0, 0.225
surrogate, 91, 46.0, 0.225
surrogate, 91, 46.0, 0.225
surrogate, 91, 46.0, 0.225
surrogate, 91, 46.0, 0.225
surrogate, 91, 46.0, 0.225
surrogate, 91, 45.0, 0.175
surrogate, 91, 45.0, 0.175
surrogate, 91, 45.0, 0.175
surrogate, 91, 45.0, 0.175
surrogate, 91, 45.0, 0.175
surrogate, 91, 45.0, 0.175
surrogate, 91, 45.0, 0.175
surrogate, 91, 45.0, 0.175
surrogate, 91, 45.0, 0.175
surrogate, 91, 45.0, 0.175
surrogate, 91, 45.0, 0.175
surrogate, 91, 45.0, 0.175
surrogate, 91, 45.0, 0.175
surrogate, 91, 45.0, 0.175
surrogate, 91, 45.0, 0.175
surrogate, 91, 45.0, 0.175
surrogate, 91, 45.0, 0.175
surrogate, 91, 45.0, 0.175
surrogate, 91, 45.0, 0.175
surrogate, 91, 45.0, 0.175
surrogate, 91, 45.0, 0.175
surrogate, 91, 45.0, 0.175
surrogate, 91, 45.0, 0.175
surrogate, 91, 45.0, 0.175
surrogate, 91, 45.0, 0.175
surrogate, 91, 45.0, 0.175
surrogate, 91, 45.0, 0.175
surrogate, 91, 45.0, 0.175
surrogate, 91, 45.0, 0.175
surrogate, 91, 45.0, 0.175
surrogate, 91, 45.0, 0.175
surrogate, 91, 45.0, 0.175
surrogate, 91, 45.0, 0.175
surrogate, 91, 45.0, 0.175
surrogate, 91, 45.0, 0.175
surrogate, 91, 41.0, 0.0125
surrogate, 91, 41.0, 0.0125
surrogate, 91, 41.0, 0.0125
surrogate, 91, 41.0, 0.0125
surrogate, 91, 41.0, 0.0125
surrogate, 91, 41.0, 0.0125
surrogate, 91, 41.0, 0.0125
surrogate, 91, 41.0, 0.0125
surrogate, 91, 41.0, 0.0125
surrogate, 91, 41.0, 0.0125
surrogate, 91, 41.0, 0.0125
surrogate, 91, 41.0, 0.0125
surrogate, 91, 41.0, 0.0125
surrogate, 91, 41.0, 0.0125
surrogate, 91, 41.0, 0.0125
surrogate, 91, 41.0, 0.0125
surrogate, 92, 55.0, 0.575
surrogate, 92, 55.0, 0.575
surrogate, 92, 53.0, 0.525
surrogate, 92, 53.0, 0.525
surrogate, 92, 53.0, 0.525
surrogate, 92, 53.0, 0.525
surrogate, 92, 53.0, 0.525
surrogate, 92, 51.0, 0.5
surrogate, 92, 51.0, 0.5
surrogate, 92, 51.0, 0.5
surrogate, 92, 51.0, 0.5
surrogate, 92, 51.0, 0.5
surrogate, 92, 51.0, 0.5
surrogate, 92, 51.0, 0.5
surrogate, 92, 51.0, 0.5
surrogate, 92, 51.0, 0.5
surrogate, 92, 48.0, 0.425
surrogate, 92, 48.0, 0.425
surrogate, 92, 48.0, 0.425
surrogate, 92, 48.0, 0.425
surrogate, 92, 48.0, 0.425
surrogate, 92, 48.0, 0.425
surrogate, 92, 48.0, 0.425
surrogate, 92, 48.0, 0.425
surrogate, 92, 48.0, 0.425
surrogate, 92, 48.0, 0.425
surrogate, 92, 48.0, 0.425
surrogate, 92, 48.0, 0.425
surrogate, 92, 48.0, 0.425
surrogate, 92, 48.0, 0.425
surrogate, 92, 48.0, 0.425
surrogate, 92, 48.0, 0.425
surrogate, 92, 48.0, 0.425
surrogate, 92, 48.0, 0.425
surrogate, 92, 48.0, 0.425
surrogate, 92, 48.0, 0.425
surrogate, 92, 48.0, 0.425
surrogate, 92, 48.0, 0.425
surrogate, 92, 48.0, 0.425
surrogate, 92, 48.0, 0.425
surrogate, 92, 47.0, 0.275
surrogate, 92, 47.0, 0.275
surrogate, 92, 47.0, 0.275
surrogate, 92, 47.0, 0.275
surrogate, 92, 47.0, 0.275
surrogate, 92, 47.0, 0.275
surrogate, 92, 47.0, 0.275
surrogate, 92, 47.0, 0.275
surrogate, 92, 47.0, 0.275
surrogate, 92, 47.0, 0.275
surrogate, 92, 47.0, 0.275
surrogate, 92, 47.0, 0.275
surrogate, 92, 47.0, 0.275
surrogate, 92, 47.0, 0.275
surrogate, 92, 47.0, 0.275
surrogate, 92, 46.0, 0.225
surrogate, 92, 46.0, 0.225
surrogate, 92, 46.0, 0.225
surrogate, 92, 46.0, 0.225
surrogate, 92, 46.0, 0.225
surrogate, 92, 46.0, 0.225
surrogate, 92, 46.0, 0.225
surrogate, 92, 46.0, 0.225
surrogate, 92, 46.0, 0.225
surrogate, 92, 46.0, 0.225
surrogate, 92, 46.0, 0.225
surrogate, 92, 46.0, 0.225
surrogate, 92, 46.0, 0.225
surrogate, 92, 45.0, 0.175
surrogate, 92, 45.0, 0.175
surrogate, 92, 45.0, 0.175
surrogate, 92, 45.0, 0.175
surrogate, 92, 45.0, 0.175
surrogate, 92, 45.0, 0.175
surrogate, 92, 45.0, 0.175
surrogate, 92, 45.0, 0.175
surrogate, 92, 45.0, 0.175
surrogate, 92, 45.0, 0.175
surrogate, 92, 45.0, 0.175
surrogate, 92, 45.0, 0.175
surrogate, 92, 45.0, 0.175
surrogate, 92, 45.0, 0.175
surrogate, 92, 45.0, 0.175
surrogate, 92, 45.0, 0.175
surrogate, 92, 45.0, 0.175
surrogate, 92, 45.0, 0.175
surrogate, 92, 45.0, 0.175
surrogate, 92, 45.0, 0.175
surrogate, 92, 45.0, 0.175
surrogate, 92, 45.0, 0.175
surrogate, 92, 45.0, 0.175
surrogate, 92, 45.0, 0.175
surrogate, 92, 45.0, 0.175
surrogate, 92, 45.0, 0.175
surrogate, 92, 45.0, 0.175
surrogate, 92, 45.0, 0.175
surrogate, 92, 45.0, 0.175
surrogate, 92, 45.0, 0.175
surrogate, 92, 45.0, 0.175
surrogate, 92, 45.0, 0.175
surrogate, 92, 45.0, 0.175
surrogate, 92, 45.0, 0.175
surrogate, 92, 45.0, 0.175
surrogate, 92, 45.0, 0.175
surrogate, 92, 41.0, 0.0125
surrogate, 92, 41.0, 0.0125
surrogate, 92, 41.0, 0.0125
surrogate, 92, 41.0, 0.0125
surrogate, 92, 41.0, 0.0125
surrogate, 92, 41.0, 0.0125
surrogate, 92, 41.0, 0.0125
surrogate, 92, 41.0, 0.0125
surrogate, 92, 41.0, 0.0125
surrogate, 92, 41.0, 0.0125
surrogate, 92, 41.0, 0.0125
surrogate, 92, 41.0, 0.0125
surrogate, 92, 41.0, 0.0125
surrogate, 92, 41.0, 0.0125
surrogate, 92, 41.0, 0.0125
surrogate, 92, 41.0, 0.0125
surrogate, 93, 55.0, 0.575
surrogate, 93, 55.0, 0.575
surrogate, 93, 53.0, 0.525
surrogate, 93, 53.0, 0.525
surrogate, 93, 53.0, 0.525
surrogate, 93, 53.0, 0.525
surrogate, 93, 53.0, 0.525
surrogate, 93, 51.0, 0.5
surrogate, 93, 51.0, 0.5
surrogate, 93, 51.0, 0.5
surrogate, 93, 51.0, 0.5
surrogate, 93, 51.0, 0.5
surrogate, 93, 51.0, 0.5
surrogate, 93, 51.0, 0.5
surrogate, 93, 51.0, 0.5
surrogate, 93, 51.0, 0.5
surrogate, 93, 51.0, 0.5
surrogate, 93, 48.0, 0.425
surrogate, 93, 48.0, 0.425
surrogate, 93, 48.0, 0.425
surrogate, 93, 48.0, 0.425
surrogate, 93, 48.0, 0.425
surrogate, 93, 48.0, 0.425
surrogate, 93, 48.0, 0.425
surrogate, 93, 48.0, 0.425
surrogate, 93, 48.0, 0.425
surrogate, 93, 48.0, 0.425
surrogate, 93, 48.0, 0.425
surrogate, 93, 48.0, 0.425
surrogate, 93, 48.0, 0.425
surrogate, 93, 48.0, 0.425
surrogate, 93, 48.0, 0.425
surrogate, 93, 48.0, 0.425
surrogate, 93, 48.0, 0.425
surrogate, 93, 48.0, 0.425
surrogate, 93, 48.0, 0.425
surrogate, 93, 48.0, 0.425
surrogate, 93, 48.0, 0.425
surrogate, 93, 48.0, 0.425
surrogate, 93, 48.0, 0.425
surrogate, 93, 48.0, 0.425
surrogate, 93, 48.0, 0.425
surrogate, 93, 47.0, 0.275
surrogate, 93, 47.0, 0.275
surrogate, 93, 47.0, 0.275
surrogate, 93, 47.0, 0.275
surrogate, 93, 47.0, 0.275
surrogate, 93, 47.0, 0.275
surrogate, 93, 47.0, 0.275
surrogate, 93, 47.0, 0.275
surrogate, 93, 47.0, 0.275
surrogate, 93, 47.0, 0.275
surrogate, 93, 47.0, 0.275
surrogate, 93, 47.0, 0.275
surrogate, 93, 47.0, 0.275
surrogate, 93, 47.0, 0.275
surrogate, 93, 47.0, 0.275
surrogate, 93, 46.0, 0.225
surrogate, 93, 46.0, 0.225
surrogate, 93, 46.0, 0.225
surrogate, 93, 46.0, 0.225
surrogate, 93, 46.0, 0.225
surrogate, 93, 46.0, 0.225
surrogate, 93, 46.0, 0.225
surrogate, 93, 46.0, 0.225
surrogate, 93, 46.0, 0.225
surrogate, 93, 46.0, 0.225
surrogate, 93, 46.0, 0.225
surrogate, 93, 46.0, 0.225
surrogate, 93, 46.0, 0.225
surrogate, 93, 46.0, 0.225
surrogate, 93, 45.0, 0.175
surrogate, 93, 45.0, 0.175
surrogate, 93, 45.0, 0.175
surrogate, 93, 45.0, 0.175
surrogate, 93, 45.0, 0.175
surrogate, 93, 45.0, 0.175
surrogate, 93, 45.0, 0.175
surrogate, 93, 45.0, 0.175
surrogate, 93, 45.0, 0.175
surrogate, 93, 45.0, 0.175
surrogate, 93, 45.0, 0.175
surrogate, 93, 45.0, 0.175
surrogate, 93, 45.0, 0.175
surrogate, 93, 45.0, 0.175
surrogate, 93, 45.0, 0.175
surrogate, 93, 45.0, 0.175
surrogate, 93, 45.0, 0.175
surrogate, 93, 45.0, 0.175
surrogate, 93, 45.0, 0.175
surrogate, 93, 45.0, 0.175
surrogate, 93, 45.0, 0.175
surrogate, 93, 45.0, 0.175
surrogate, 93, 45.0, 0.175
surrogate, 93, 45.0, 0.175
surrogate, 93, 45.0, 0.175
surrogate, 93, 45.0, 0.175
surrogate, 93, 45.0, 0.175
surrogate, 93, 45.0, 0.175
surrogate, 93, 45.0, 0.175
surrogate, 93, 45.0, 0.175
surrogate, 93, 45.0, 0.175
surrogate, 93, 45.0, 0.175
surrogate, 93, 45.0, 0.175
surrogate, 93, 45.0, 0.175
surrogate, 93, 45.0, 0.175
surrogate, 93, 45.0, 0.175
surrogate, 93, 45.0, 0.175
surrogate, 93, 41.0, 0.0125
surrogate, 93, 41.0, 0.0125
surrogate, 93, 41.0, 0.0125
surrogate, 93, 41.0, 0.0125
surrogate, 93, 41.0, 0.0125
surrogate, 93, 41.0, 0.0125
surrogate, 93, 41.0, 0.0125
surrogate, 93, 41.0, 0.0125
surrogate, 93, 41.0, 0.0125
surrogate, 93, 41.0, 0.0125
surrogate, 93, 41.0, 0.0125
surrogate, 93, 41.0, 0.0125
surrogate, 93, 41.0, 0.0125
surrogate, 93, 41.0, 0.0125
surrogate, 93, 41.0, 0.0125
surrogate, 93, 41.0, 0.0125
surrogate, 94, 55.0, 0.575
surrogate, 94, 55.0, 0.575
surrogate, 94, 55.0, 0.575
surrogate, 94, 53.0, 0.525
surrogate, 94, 53.0, 0.525
surrogate, 94, 53.0, 0.525
surrogate, 94, 53.0, 0.525
surrogate, 94, 53.0, 0.525
surrogate, 94, 53.0, 0.525
surrogate, 94, 51.0, 0.5
surrogate, 94, 51.0, 0.5
surrogate, 94, 51.0, 0.5
surrogate, 94, 51.0, 0.5
surrogate, 94, 51.0, 0.5
surrogate, 94, 51.0, 0.5
surrogate, 94, 51.0, 0.5
surrogate, 94, 51.0, 0.5
surrogate, 94, 51.0, 0.5
surrogate, 94, 51.0, 0.5
surrogate, 94, 51.0, 0.5
surrogate, 94, 48.0, 0.425
surrogate, 94, 48.0, 0.425
surrogate, 94, 48.0, 0.425
surrogate, 94, 48.0, 0.425
surrogate, 94, 48.0, 0.425
surrogate, 94, 48.0, 0.425
surrogate, 94, 48.0, 0.425
surrogate, 94, 48.0, 0.425
surrogate, 94, 48.0, 0.425
surrogate, 94, 48.0, 0.425
surrogate, 94, 48.0, 0.425
surrogate, 94, 48.0, 0.425
surrogate, 94, 48.0, 0.425
surrogate, 94, 48.0, 0.425
surrogate, 94, 48.0, 0.425
surrogate, 94, 48.0, 0.425
surrogate, 94, 48.0, 0.425
surrogate, 94, 48.0, 0.425
surrogate, 94, 48.0, 0.425
surrogate, 94, 48.0, 0.425
surrogate, 94, 48.0, 0.425
surrogate, 94, 48.0, 0.425
surrogate, 94, 48.0, 0.425
surrogate, 94, 48.0, 0.425
surrogate, 94, 48.0, 0.425
surrogate, 94, 47.0, 0.275
surrogate, 94, 47.0, 0.275
surrogate, 94, 47.0, 0.275
surrogate, 94, 47.0, 0.275
surrogate, 94, 47.0, 0.275
surrogate, 94, 47.0, 0.275
surrogate, 94, 47.0, 0.275
surrogate, 94, 47.0, 0.275
surrogate, 94, 47.0, 0.275
surrogate, 94, 47.0, 0.275
surrogate, 94, 47.0, 0.275
surrogate, 94, 47.0, 0.275
surrogate, 94, 47.0, 0.275
surrogate, 94, 47.0, 0.275
surrogate, 94, 47.0, 0.275
surrogate, 94, 46.0, 0.225
surrogate, 94, 46.0, 0.225
surrogate, 94, 46.0, 0.225
surrogate, 94, 46.0, 0.225
surrogate, 94, 46.0, 0.225
surrogate, 94, 46.0, 0.225
surrogate, 94, 46.0, 0.225
surrogate, 94, 46.0, 0.225
surrogate, 94, 46.0, 0.225
surrogate, 94, 46.0, 0.225
surrogate, 94, 46.0, 0.225
surrogate, 94, 46.0, 0.225
surrogate, 94, 46.0, 0.225
surrogate, 94, 46.0, 0.225
surrogate, 94, 46.0, 0.225
surrogate, 94, 45.0, 0.175
surrogate, 94, 45.0, 0.175
surrogate, 94, 45.0, 0.175
surrogate, 94, 45.0, 0.175
surrogate, 94, 45.0, 0.175
surrogate, 94, 45.0, 0.175
surrogate, 94, 45.0, 0.175
surrogate, 94, 45.0, 0.175
surrogate, 94, 45.0, 0.175
surrogate, 94, 45.0, 0.175
surrogate, 94, 45.0, 0.175
surrogate, 94, 45.0, 0.175
surrogate, 94, 45.0, 0.175
surrogate, 94, 45.0, 0.175
surrogate, 94, 45.0, 0.175
surrogate, 94, 45.0, 0.175
surrogate, 94, 45.0, 0.175
surrogate, 94, 45.0, 0.175
surrogate, 94, 45.0, 0.175
surrogate, 94, 45.0, 0.175
surrogate, 94, 45.0, 0.175
surrogate, 94, 45.0, 0.175
surrogate, 94, 45.0, 0.175
surrogate, 94, 45.0, 0.175
surrogate, 94, 45.0, 0.175
surrogate, 94, 45.0, 0.175
surrogate, 94, 45.0, 0.175
surrogate, 94, 45.0, 0.175
surrogate, 94, 45.0, 0.175
surrogate, 94, 45.0, 0.175
surrogate, 94, 45.0, 0.175
surrogate, 94, 45.0, 0.175
surrogate, 94, 45.0, 0.175
surrogate, 94, 45.0, 0.175
surrogate, 94, 45.0, 0.175
surrogate, 94, 45.0, 0.175
surrogate, 94, 45.0, 0.175
surrogate, 94, 45.0, 0.175
surrogate, 94, 41.0, 0.0125
surrogate, 94, 41.0, 0.0125
surrogate, 94, 41.0, 0.0125
surrogate, 94, 41.0, 0.0125
surrogate, 94, 41.0, 0.0125
surrogate, 94, 41.0, 0.0125
surrogate, 94, 41.0, 0.0125
surrogate, 94, 41.0, 0.0125
surrogate, 94, 41.0, 0.0125
surrogate, 94, 41.0, 0.0125
surrogate, 94, 41.0, 0.0125
surrogate, 94, 41.0, 0.0125
surrogate, 94, 41.0, 0.0125
surrogate, 94, 41.0, 0.0125
surrogate, 94, 41.0, 0.0125
surrogate, 94, 41.0, 0.0125
surrogate, 94, 41.0, 0.0125
surrogate, 95, 55.0, 0.575
surrogate, 95, 55.0, 0.575
surrogate, 95, 55.0, 0.575
surrogate, 95, 54.0, 0.5625
surrogate, 95, 53.0, 0.525
surrogate, 95, 53.0, 0.525
surrogate, 95, 53.0, 0.525
surrogate, 95, 53.0, 0.525
surrogate, 95, 53.0, 0.525
surrogate, 95, 53.0, 0.525
surrogate, 95, 53.0, 0.525
surrogate, 95, 51.0, 0.5
surrogate, 95, 51.0, 0.5
surrogate, 95, 51.0, 0.5
surrogate, 95, 51.0, 0.5
surrogate, 95, 51.0, 0.5
surrogate, 95, 51.0, 0.5
surrogate, 95, 51.0, 0.5
surrogate, 95, 51.0, 0.5
surrogate, 95, 51.0, 0.5
surrogate, 95, 51.0, 0.5
surrogate, 95, 51.0, 0.5
surrogate, 95, 48.0, 0.425
surrogate, 95, 48.0, 0.425
surrogate, 95, 48.0, 0.425
surrogate, 95, 48.0, 0.425
surrogate, 95, 48.0, 0.425
surrogate, 95, 48.0, 0.425
surrogate, 95, 48.0, 0.425
surrogate, 95, 48.0, 0.425
surrogate, 95, 48.0, 0.425
surrogate, 95, 48.0, 0.425
surrogate, 95, 48.0, 0.425
surrogate, 95, 48.0, 0.425
surrogate, 95, 48.0, 0.425
surrogate, 95, 48.0, 0.425
surrogate, 95, 48.0, 0.425
surrogate, 95, 48.0, 0.425
surrogate, 95, 48.0, 0.425
surrogate, 95, 48.0, 0.425
surrogate, 95, 48.0, 0.425
surrogate, 95, 48.0, 0.425
surrogate, 95, 48.0, 0.425
surrogate, 95, 48.0, 0.425
surrogate, 95, 48.0, 0.425
surrogate, 95, 48.0, 0.425
surrogate, 95, 48.0, 0.425
surrogate, 95, 48.0, 0.425
surrogate, 95, 47.0, 0.275
surrogate, 95, 47.0, 0.275
surrogate, 95, 47.0, 0.275
surrogate, 95, 47.0, 0.275
surrogate, 95, 47.0, 0.275
surrogate, 95, 47.0, 0.275
surrogate, 95, 47.0, 0.275
surrogate, 95, 47.0, 0.275
surrogate, 95, 47.0, 0.275
surrogate, 95, 47.0, 0.275
surrogate, 95, 47.0, 0.275
surrogate, 95, 47.0, 0.275
surrogate, 95, 47.0, 0.275
surrogate, 95, 47.0, 0.275
surrogate, 95, 47.0, 0.275
surrogate, 95, 46.0, 0.225
surrogate, 95, 46.0, 0.225
surrogate, 95, 46.0, 0.225
surrogate, 95, 46.0, 0.225
surrogate, 95, 46.0, 0.225
surrogate, 95, 46.0, 0.225
surrogate, 95, 46.0, 0.225
surrogate, 95, 46.0, 0.225
surrogate, 95, 46.0, 0.225
surrogate, 95, 46.0, 0.225
surrogate, 95, 46.0, 0.225
surrogate, 95, 46.0, 0.225
surrogate, 95, 46.0, 0.225
surrogate, 95, 46.0, 0.225
surrogate, 95, 46.0, 0.225
surrogate, 95, 46.0, 0.225
surrogate, 95, 45.0, 0.175
surrogate, 95, 45.0, 0.175
surrogate, 95, 45.0, 0.175
surrogate, 95, 45.0, 0.175
surrogate, 95, 45.0, 0.175
surrogate, 95, 45.0, 0.175
surrogate, 95, 45.0, 0.175
surrogate, 95, 45.0, 0.175
surrogate, 95, 45.0, 0.175
surrogate, 95, 45.0, 0.175
surrogate, 95, 45.0, 0.175
surrogate, 95, 45.0, 0.175
surrogate, 95, 45.0, 0.175
surrogate, 95, 45.0, 0.175
surrogate, 95, 45.0, 0.175
surrogate, 95, 45.0, 0.175
surrogate, 95, 45.0, 0.175
surrogate, 95, 45.0, 0.175
surrogate, 95, 45.0, 0.175
surrogate, 95, 45.0, 0.175
surrogate, 95, 45.0, 0.175
surrogate, 95, 45.0, 0.175
surrogate, 95, 45.0, 0.175
surrogate, 95, 45.0, 0.175
surrogate, 95, 45.0, 0.175
surrogate, 95, 45.0, 0.175
surrogate, 95, 45.0, 0.175
surrogate, 95, 45.0, 0.175
surrogate, 95, 45.0, 0.175
surrogate, 95, 45.0, 0.175
surrogate, 95, 45.0, 0.175
surrogate, 95, 45.0, 0.175
surrogate, 95, 45.0, 0.175
surrogate, 95, 45.0, 0.175
surrogate, 95, 45.0, 0.175
surrogate, 95, 45.0, 0.175
surrogate, 95, 45.0, 0.175
surrogate, 95, 45.0, 0.175
surrogate, 95, 45.0, 0.175
surrogate, 95, 41.0, 0.0125
surrogate, 95, 41.0, 0.0125
surrogate, 95, 41.0, 0.0125
surrogate, 95, 41.0, 0.0125
surrogate, 95, 41.0, 0.0125
surrogate, 95, 41.0, 0.0125
surrogate, 95, 41.0, 0.0125
surrogate, 95, 41.0, 0.0125
surrogate, 95, 41.0, 0.0125
surrogate, 95, 41.0, 0.0125
surrogate, 95, 41.0, 0.0125
surrogate, 95, 41.0, 0.0125
surrogate, 95, 41.0, 0.0125
surrogate, 95, 41.0, 0.0125
surrogate, 95, 41.0, 0.0125
surrogate, 95, 41.0, 0.0125
surrogate, 95, 41.0, 0.0125
surrogate, 95, 41.0, 0.0125
surrogate, 96, 55.0, 0.575
surrogate, 96, 55.0, 0.575
surrogate, 96, 55.0, 0.575
surrogate, 96, 54.0, 0.5625
surrogate, 96, 54.0, 0.5625
surrogate, 96, 53.0, 0.525
surrogate, 96, 53.0, 0.525
surrogate, 96, 53.0, 0.525
surrogate, 96, 53.0, 0.525
surrogate, 96, 53.0, 0.525
surrogate, 96, 53.0, 0.525
surrogate, 96, 53.0, 0.525
surrogate, 96, 53.0, 0.525
surrogate, 96, 51.0, 0.5
surrogate, 96, 51.0, 0.5
surrogate, 96, 51.0, 0.5
surrogate, 96, 51.0, 0.5
surrogate, 96, 51.0, 0.5
surrogate, 96, 51.0, 0.5
surrogate, 96, 51.0, 0.5
surrogate, 96, 51.0, 0.5
surrogate, 96, 51.0, 0.5
surrogate, 96, 51.0, 0.5
surrogate, 96, 51.0, 0.5
surrogate, 96, 51.0, 0.5
surrogate, 96, 48.0, 0.425
surrogate, 96, 48.0, 0.425
surrogate, 96, 48.0, 0.425
surrogate, 96, 48.0, 0.425
surrogate, 96, 48.0, 0.425
surrogate, 96, 48.0, 0.425
surrogate, 96, 48.0, 0.425
surrogate, 96, 48.0, 0.425
surrogate, 96, 48.0, 0.425
surrogate, 96, 48.0, 0.425
surrogate, 96, 48.0, 0.425
surrogate, 96, 48.0, 0.425
surrogate, 96, 48.0, 0.425
surrogate, 96, 48.0, 0.425
surrogate, 96, 48.0, 0.425
surrogate, 96, 48.0, 0.425
surrogate, 96, 48.0, 0.425
surrogate, 96, 48.0, 0.425
surrogate, 96, 48.0, 0.425
surrogate, 96, 48.0, 0.425
surrogate, 96, 48.0, 0.425
surrogate, 96, 48.0, 0.425
surrogate, 96, 48.0, 0.425
surrogate, 96, 48.0, 0.425
surrogate, 96, 48.0, 0.425
surrogate, 96, 48.0, 0.425
surrogate, 96, 47.0, 0.275
surrogate, 96, 47.0, 0.275
surrogate, 96, 47.0, 0.275
surrogate, 96, 47.0, 0.275
surrogate, 96, 47.0, 0.275
surrogate, 96, 47.0, 0.275
surrogate, 96, 47.0, 0.275
surrogate, 96, 47.0, 0.275
surrogate, 96, 47.0, 0.275
surrogate, 96, 47.0, 0.275
surrogate, 96, 47.0, 0.275
surrogate, 96, 47.0, 0.275
surrogate, 96, 47.0, 0.275
surrogate, 96, 47.0, 0.275
surrogate, 96, 47.0, 0.275
surrogate, 96, 47.0, 0.275
surrogate, 96, 46.0, 0.225
surrogate, 96, 46.0, 0.225
surrogate, 96, 46.0, 0.225
surrogate, 96, 46.0, 0.225
surrogate, 96, 46.0, 0.225
surrogate, 96, 46.0, 0.225
surrogate, 96, 46.0, 0.225
surrogate, 96, 46.0, 0.225
surrogate, 96, 46.0, 0.225
surrogate, 96, 46.0, 0.225
surrogate, 96, 46.0, 0.225
surrogate, 96, 46.0, 0.225
surrogate, 96, 46.0, 0.225
surrogate, 96, 46.0, 0.225
surrogate, 96, 46.0, 0.225
surrogate, 96, 46.0, 0.225
surrogate, 96, 45.0, 0.175
surrogate, 96, 45.0, 0.175
surrogate, 96, 45.0, 0.175
surrogate, 96, 45.0, 0.175
surrogate, 96, 45.0, 0.175
surrogate, 96, 45.0, 0.175
surrogate, 96, 45.0, 0.175
surrogate, 96, 45.0, 0.175
surrogate, 96, 45.0, 0.175
surrogate, 96, 45.0, 0.175
surrogate, 96, 45.0, 0.175
surrogate, 96, 45.0, 0.175
surrogate, 96, 45.0, 0.175
surrogate, 96, 45.0, 0.175
surrogate, 96, 45.0, 0.175
surrogate, 96, 45.0, 0.175
surrogate, 96, 45.0, 0.175
surrogate, 96, 45.0, 0.175
surrogate, 96, 45.0, 0.175
surrogate, 96, 45.0, 0.175
surrogate, 96, 45.0, 0.175
surrogate, 96, 45.0, 0.175
surrogate, 96, 45.0, 0.175
surrogate, 96, 45.0, 0.175
surrogate, 96, 45.0, 0.175
surrogate, 96, 45.0, 0.175
surrogate, 96, 45.0, 0.175
surrogate, 96, 45.0, 0.175
surrogate, 96, 45.0, 0.175
surrogate, 96, 45.0, 0.175
surrogate, 96, 45.0, 0.175
surrogate, 96, 45.0, 0.175
surrogate, 96, 45.0, 0.175
surrogate, 96, 45.0, 0.175
surrogate, 96, 45.0, 0.175
surrogate, 96, 45.0, 0.175
surrogate, 96, 45.0, 0.175
surrogate, 96, 45.0, 0.175
surrogate, 96, 45.0, 0.175
surrogate, 96, 45.0, 0.175
surrogate, 96, 41.0, 0.0125
surrogate, 96, 41.0, 0.0125
surrogate, 96, 41.0, 0.0125
surrogate, 96, 41.0, 0.0125
surrogate, 96, 41.0, 0.0125
surrogate, 96, 41.0, 0.0125
surrogate, 96, 41.0, 0.0125
surrogate, 96, 41.0, 0.0125
surrogate, 96, 41.0, 0.0125
surrogate, 96, 41.0, 0.0125
surrogate, 96, 41.0, 0.0125
surrogate, 96, 41.0, 0.0125
surrogate, 96, 41.0, 0.0125
surrogate, 96, 41.0, 0.0125
surrogate, 96, 41.0, 0.0125
surrogate, 96, 41.0, 0.0125
surrogate, 96, 41.0, 0.0125
surrogate, 96, 41.0, 0.0125
surrogate, 96, 41.0, 0.0125
surrogate, 97, 55.0, 0.575
surrogate, 97, 55.0, 0.575
surrogate, 97, 55.0, 0.575
surrogate, 97, 55.0, 0.575
surrogate, 97, 54.0, 0.5625
surrogate, 97, 54.0, 0.5625
surrogate, 97, 53.0, 0.525
surrogate, 97, 53.0, 0.525
surrogate, 97, 53.0, 0.525
surrogate, 97, 53.0, 0.525
surrogate, 97, 53.0, 0.525
surrogate, 97, 53.0, 0.525
surrogate, 97, 53.0, 0.525
surrogate, 97, 53.0, 0.525
surrogate, 97, 53.0, 0.525
surrogate, 97, 51.0, 0.5
surrogate, 97, 51.0, 0.5
surrogate, 97, 51.0, 0.5
surrogate, 97, 51.0, 0.5
surrogate, 97, 51.0, 0.5
surrogate, 97, 51.0, 0.5
surrogate, 97, 51.0, 0.5
surrogate, 97, 51.0, 0.5
surrogate, 97, 51.0, 0.5
surrogate, 97, 51.0, 0.5
surrogate, 97, 51.0, 0.5
surrogate, 97, 51.0, 0.5
surrogate, 97, 48.0, 0.425
surrogate, 97, 48.0, 0.425
surrogate, 97, 48.0, 0.425
surrogate, 97, 48.0, 0.425
surrogate, 97, 48.0, 0.425
surrogate, 97, 48.0, 0.425
surrogate, 97, 48.0, 0.425
surrogate, 97, 48.0, 0.425
surrogate, 97, 48.0, 0.425
surrogate, 97, 48.0, 0.425
surrogate, 97, 48.0, 0.425
surrogate, 97, 48.0, 0.425
surrogate, 97, 48.0, 0.425
surrogate, 97, 48.0, 0.425
surrogate, 97, 48.0, 0.425
surrogate, 97, 48.0, 0.425
surrogate, 97, 48.0, 0.425
surrogate, 97, 48.0, 0.425
surrogate, 97, 48.0, 0.425
surrogate, 97, 48.0, 0.425
surrogate, 97, 48.0, 0.425
surrogate, 97, 48.0, 0.425
surrogate, 97, 48.0, 0.425
surrogate, 97, 48.0, 0.425
surrogate, 97, 48.0, 0.425
surrogate, 97, 48.0, 0.425
surrogate, 97, 48.0, 0.425
surrogate, 97, 47.0, 0.275
surrogate, 97, 47.0, 0.275
surrogate, 97, 47.0, 0.275
surrogate, 97, 47.0, 0.275
surrogate, 97, 47.0, 0.275
surrogate, 97, 47.0, 0.275
surrogate, 97, 47.0, 0.275
surrogate, 97, 47.0, 0.275
surrogate, 97, 47.0, 0.275
surrogate, 97, 47.0, 0.275
surrogate, 97, 47.0, 0.275
surrogate, 97, 47.0, 0.275
surrogate, 97, 47.0, 0.275
surrogate, 97, 47.0, 0.275
surrogate, 97, 47.0, 0.275
surrogate, 97, 47.0, 0.275
surrogate, 97, 47.0, 0.275
surrogate, 97, 46.0, 0.225
surrogate, 97, 46.0, 0.225
surrogate, 97, 46.0, 0.225
surrogate, 97, 46.0, 0.225
surrogate, 97, 46.0, 0.225
surrogate, 97, 46.0, 0.225
surrogate, 97, 46.0, 0.225
surrogate, 97, 46.0, 0.225
surrogate, 97, 46.0, 0.225
surrogate, 97, 46.0, 0.225
surrogate, 97, 46.0, 0.225
surrogate, 97, 46.0, 0.225
surrogate, 97, 46.0, 0.225
surrogate, 97, 46.0, 0.225
surrogate, 97, 46.0, 0.225
surrogate, 97, 46.0, 0.225
surrogate, 97, 46.0, 0.225
surrogate, 97, 45.0, 0.175
surrogate, 97, 45.0, 0.175
surrogate, 97, 45.0, 0.175
surrogate, 97, 45.0, 0.175
surrogate, 97, 45.0, 0.175
surrogate, 97, 45.0, 0.175
surrogate, 97, 45.0, 0.175
surrogate, 97, 45.0, 0.175
surrogate, 97, 45.0, 0.175
surrogate, 97, 45.0, 0.175
surrogate, 97, 45.0, 0.175
surrogate, 97, 45.0, 0.175
surrogate, 97, 45.0, 0.175
surrogate, 97, 45.0, 0.175
surrogate, 97, 45.0, 0.175
surrogate, 97, 45.0, 0.175
surrogate, 97, 45.0, 0.175
surrogate, 97, 45.0, 0.175
surrogate, 97, 45.0, 0.175
surrogate, 97, 45.0, 0.175
surrogate, 97, 45.0, 0.175
surrogate, 97, 45.0, 0.175
surrogate, 97, 45.0, 0.175
surrogate, 97, 45.0, 0.175
surrogate, 97, 45.0, 0.175
surrogate, 97, 45.0, 0.175
surrogate, 97, 45.0, 0.175
surrogate, 97, 45.0, 0.175
surrogate, 97, 45.0, 0.175
surrogate, 97, 45.0, 0.175
surrogate, 97, 45.0, 0.175
surrogate, 97, 45.0, 0.175
surrogate, 97, 45.0, 0.175
surrogate, 97, 45.0, 0.175
surrogate, 97, 45.0, 0.175
surrogate, 97, 45.0, 0.175
surrogate, 97, 45.0, 0.175
surrogate, 97, 45.0, 0.175
surrogate, 97, 45.0, 0.175
surrogate, 97, 45.0, 0.175
surrogate, 97, 45.0, 0.175
surrogate, 97, 41.0, 0.0125
surrogate, 97, 41.0, 0.0125
surrogate, 97, 41.0, 0.0125
surrogate, 97, 41.0, 0.0125
surrogate, 97, 41.0, 0.0125
surrogate, 97, 41.0, 0.0125
surrogate, 97, 41.0, 0.0125
surrogate, 97, 41.0, 0.0125
surrogate, 97, 41.0, 0.0125
surrogate, 97, 41.0, 0.0125
surrogate, 97, 41.0, 0.0125
surrogate, 97, 41.0, 0.0125
surrogate, 97, 41.0, 0.0125
surrogate, 97, 41.0, 0.0125
surrogate, 97, 41.0, 0.0125
surrogate, 97, 41.0, 0.0125
surrogate, 97, 41.0, 0.0125
surrogate, 97, 41.0, 0.0125
surrogate, 97, 41.0, 0.0125
surrogate, 97, 41.0, 0.0125
surrogate, 98, 55.0, 0.575
surrogate, 98, 55.0, 0.575
surrogate, 98, 55.0, 0.575
surrogate, 98, 55.0, 0.575
surrogate, 98, 54.0, 0.5625
surrogate, 98, 54.0, 0.5625
surrogate, 98, 53.0, 0.525
surrogate, 98, 53.0, 0.525
surrogate, 98, 53.0, 0.525
surrogate, 98, 53.0, 0.525
surrogate, 98, 53.0, 0.525
surrogate, 98, 53.0, 0.525
surrogate, 98, 53.0, 0.525
surrogate, 98, 53.0, 0.525
surrogate, 98, 53.0, 0.525
surrogate, 98, 51.0, 0.5
surrogate, 98, 51.0, 0.5
surrogate, 98, 51.0, 0.5
surrogate, 98, 51.0, 0.5
surrogate, 98, 51.0, 0.5
surrogate, 98, 51.0, 0.5
surrogate, 98, 51.0, 0.5
surrogate, 98, 51.0, 0.5
surrogate, 98, 51.0, 0.5
surrogate, 98, 51.0, 0.5
surrogate, 98, 51.0, 0.5
surrogate, 98, 51.0, 0.5
surrogate, 98, 48.0, 0.425
surrogate, 98, 48.0, 0.425
surrogate, 98, 48.0, 0.425
surrogate, 98, 48.0, 0.425
surrogate, 98, 48.0, 0.425
surrogate, 98, 48.0, 0.425
surrogate, 98, 48.0, 0.425
surrogate, 98, 48.0, 0.425
surrogate, 98, 48.0, 0.425
surrogate, 98, 48.0, 0.425
surrogate, 98, 48.0, 0.425
surrogate, 98, 48.0, 0.425
surrogate, 98, 48.0, 0.425
surrogate, 98, 48.0, 0.425
surrogate, 98, 48.0, 0.425
surrogate, 98, 48.0, 0.425
surrogate, 98, 48.0, 0.425
surrogate, 98, 48.0, 0.425
surrogate, 98, 48.0, 0.425
surrogate, 98, 48.0, 0.425
surrogate, 98, 48.0, 0.425
surrogate, 98, 48.0, 0.425
surrogate, 98, 48.0, 0.425
surrogate, 98, 48.0, 0.425
surrogate, 98, 48.0, 0.425
surrogate, 98, 48.0, 0.425
surrogate, 98, 48.0, 0.425
surrogate, 98, 47.0, 0.275
surrogate, 98, 47.0, 0.275
surrogate, 98, 47.0, 0.275
surrogate, 98, 47.0, 0.275
surrogate, 98, 47.0, 0.275
surrogate, 98, 47.0, 0.275
surrogate, 98, 47.0, 0.275
surrogate, 98, 47.0, 0.275
surrogate, 98, 47.0, 0.275
surrogate, 98, 47.0, 0.275
surrogate, 98, 47.0, 0.275
surrogate, 98, 47.0, 0.275
surrogate, 98, 47.0, 0.275
surrogate, 98, 47.0, 0.275
surrogate, 98, 47.0, 0.275
surrogate, 98, 47.0, 0.275
surrogate, 98, 47.0, 0.275
surrogate, 98, 46.0, 0.225
surrogate, 98, 46.0, 0.225
surrogate, 98, 46.0, 0.225
surrogate, 98, 46.0, 0.225
surrogate, 98, 46.0, 0.225
surrogate, 98, 46.0, 0.225
surrogate, 98, 46.0, 0.225
surrogate, 98, 46.0, 0.225
surrogate, 98, 46.0, 0.225
surrogate, 98, 46.0, 0.225
surrogate, 98, 46.0, 0.225
surrogate, 98, 46.0, 0.225
surrogate, 98, 46.0, 0.225
surrogate, 98, 46.0, 0.225
surrogate, 98, 46.0, 0.225
surrogate, 98, 46.0, 0.225
surrogate, 98, 46.0, 0.225
surrogate, 98, 46.0, 0.225
surrogate, 98, 45.0, 0.175
surrogate, 98, 45.0, 0.175
surrogate, 98, 45.0, 0.175
surrogate, 98, 45.0, 0.175
surrogate, 98, 45.0, 0.175
surrogate, 98, 45.0, 0.175
surrogate, 98, 45.0, 0.175
surrogate, 98, 45.0, 0.175
surrogate, 98, 45.0, 0.175
surrogate, 98, 45.0, 0.175
surrogate, 98, 45.0, 0.175
surrogate, 98, 45.0, 0.175
surrogate, 98, 45.0, 0.175
surrogate, 98, 45.0, 0.175
surrogate, 98, 45.0, 0.175
surrogate, 98, 45.0, 0.175
surrogate, 98, 45.0, 0.175
surrogate, 98, 45.0, 0.175
surrogate, 98, 45.0, 0.175
surrogate, 98, 45.0, 0.175
surrogate, 98, 45.0, 0.175
surrogate, 98, 45.0, 0.175
surrogate, 98, 45.0, 0.175
surrogate, 98, 45.0, 0.175
surrogate, 98, 45.0, 0.175
surrogate, 98, 45.0, 0.175
surrogate, 98, 45.0, 0.175
surrogate, 98, 45.0, 0.175
surrogate, 98, 45.0, 0.175
surrogate, 98, 45.0, 0.175
surrogate, 98, 45.0, 0.175
surrogate, 98, 45.0, 0.175
surrogate, 98, 45.0, 0.175
surrogate, 98, 45.0, 0.175
surrogate, 98, 45.0, 0.175
surrogate, 98, 45.0, 0.175
surrogate, 98, 45.0, 0.175
surrogate, 98, 45.0, 0.175
surrogate, 98, 45.0, 0.175
surrogate, 98, 45.0, 0.175
surrogate, 98, 45.0, 0.175
surrogate, 98, 41.0, 0.0125
surrogate, 98, 41.0, 0.0125
surrogate, 98, 41.0, 0.0125
surrogate, 98, 41.0, 0.0125
surrogate, 98, 41.0, 0.0125
surrogate, 98, 41.0, 0.0125
surrogate, 98, 41.0, 0.0125
surrogate, 98, 41.0, 0.0125
surrogate, 98, 41.0, 0.0125
surrogate, 98, 41.0, 0.0125
surrogate, 98, 41.0, 0.0125
surrogate, 98, 41.0, 0.0125
surrogate, 98, 41.0, 0.0125
surrogate, 98, 41.0, 0.0125
surrogate, 98, 41.0, 0.0125
surrogate, 98, 41.0, 0.0125
surrogate, 98, 41.0, 0.0125
surrogate, 98, 41.0, 0.0125
surrogate, 98, 41.0, 0.0125
surrogate, 98, 41.0, 0.0125
surrogate, 98, 41.0, 0.0125
surrogate, 99, 55.0, 0.575
surrogate, 99, 55.0, 0.575
surrogate, 99, 55.0, 0.575
surrogate, 99, 55.0, 0.575
surrogate, 99, 54.0, 0.5625
surrogate, 99, 54.0, 0.5625
surrogate, 99, 53.0, 0.525
surrogate, 99, 53.0, 0.525
surrogate, 99, 53.0, 0.525
surrogate, 99, 53.0, 0.525
surrogate, 99, 53.0, 0.525
surrogate, 99, 53.0, 0.525
surrogate, 99, 53.0, 0.525
surrogate, 99, 53.0, 0.525
surrogate, 99, 53.0, 0.525
surrogate, 99, 51.0, 0.5
surrogate, 99, 51.0, 0.5
surrogate, 99, 51.0, 0.5
surrogate, 99, 51.0, 0.5
surrogate, 99, 51.0, 0.5
surrogate, 99, 51.0, 0.5
surrogate, 99, 51.0, 0.5
surrogate, 99, 51.0, 0.5
surrogate, 99, 51.0, 0.5
surrogate, 99, 51.0, 0.5
surrogate, 99, 51.0, 0.5
surrogate, 99, 51.0, 0.5
surrogate, 99, 48.0, 0.425
surrogate, 99, 48.0, 0.425
surrogate, 99, 48.0, 0.425
surrogate, 99, 48.0, 0.425
surrogate, 99, 48.0, 0.425
surrogate, 99, 48.0, 0.425
surrogate, 99, 48.0, 0.425
surrogate, 99, 48.0, 0.425
surrogate, 99, 48.0, 0.425
surrogate, 99, 48.0, 0.425
surrogate, 99, 48.0, 0.425
surrogate, 99, 48.0, 0.425
surrogate, 99, 48.0, 0.425
surrogate, 99, 48.0, 0.425
surrogate, 99, 48.0, 0.425
surrogate, 99, 48.0, 0.425
surrogate, 99, 48.0, 0.425
surrogate, 99, 48.0, 0.425
surrogate, 99, 48.0, 0.425
surrogate, 99, 48.0, 0.425
surrogate, 99, 48.0, 0.425
surrogate, 99, 48.0, 0.425
surrogate, 99, 48.0, 0.425
surrogate, 99, 48.0, 0.425
surrogate, 99, 48.0, 0.425
surrogate, 99, 48.0, 0.425
surrogate, 99, 48.0, 0.425
surrogate, 99, 48.0, 0.425
surrogate, 99, 47.0, 0.275
surrogate, 99, 47.0, 0.275
surrogate, 99, 47.0, 0.275
surrogate, 99, 47.0, 0.275
surrogate, 99, 47.0, 0.275
surrogate, 99, 47.0, 0.275
surrogate, 99, 47.0, 0.275
surrogate, 99, 47.0, 0.275
surrogate, 99, 47.0, 0.275
surrogate, 99, 47.0, 0.275
surrogate, 99, 47.0, 0.275
surrogate, 99, 47.0, 0.275
surrogate, 99, 47.0, 0.275
surrogate, 99, 47.0, 0.275
surrogate, 99, 47.0, 0.275
surrogate, 99, 47.0, 0.275
surrogate, 99, 47.0, 0.275
surrogate, 99, 46.0, 0.225
surrogate, 99, 46.0, 0.225
surrogate, 99, 46.0, 0.225
surrogate, 99, 46.0, 0.225
surrogate, 99, 46.0, 0.225
surrogate, 99, 46.0, 0.225
surrogate, 99, 46.0, 0.225
surrogate, 99, 46.0, 0.225
surrogate, 99, 46.0, 0.225
surrogate, 99, 46.0, 0.225
surrogate, 99, 46.0, 0.225
surrogate, 99, 46.0, 0.225
surrogate, 99, 46.0, 0.225
surrogate, 99, 46.0, 0.225
surrogate, 99, 46.0, 0.225
surrogate, 99, 46.0, 0.225
surrogate, 99, 46.0, 0.225
surrogate, 99, 46.0, 0.225
surrogate, 99, 46.0, 0.225
surrogate, 99, 45.0, 0.175
surrogate, 99, 45.0, 0.175
surrogate, 99, 45.0, 0.175
surrogate, 99, 45.0, 0.175
surrogate, 99, 45.0, 0.175
surrogate, 99, 45.0, 0.175
surrogate, 99, 45.0, 0.175
surrogate, 99, 45.0, 0.175
surrogate, 99, 45.0, 0.175
surrogate, 99, 45.0, 0.175
surrogate, 99, 45.0, 0.175
surrogate, 99, 45.0, 0.175
surrogate, 99, 45.0, 0.175
surrogate, 99, 45.0, 0.175
surrogate, 99, 45.0, 0.175
surrogate, 99, 45.0, 0.175
surrogate, 99, 45.0, 0.175
surrogate, 99, 45.0, 0.175
surrogate, 99, 45.0, 0.175
surrogate, 99, 45.0, 0.175
surrogate, 99, 45.0, 0.175
surrogate, 99, 45.0, 0.175
surrogate, 99, 45.0, 0.175
surrogate, 99, 45.0, 0.175
surrogate, 99, 45.0, 0.175
surrogate, 99, 45.0, 0.175
surrogate, 99, 45.0, 0.175
surrogate, 99, 45.0, 0.175
surrogate, 99, 45.0, 0.175
surrogate, 99, 45.0, 0.175
surrogate, 99, 45.0, 0.175
surrogate, 99, 45.0, 0.175
surrogate, 99, 45.0, 0.175
surrogate, 99, 45.0, 0.175
surrogate, 99, 45.0, 0.175
surrogate, 99, 45.0, 0.175
surrogate, 99, 45.0, 0.175
surrogate, 99, 45.0, 0.175
surrogate, 99, 45.0, 0.175
surrogate, 99, 45.0, 0.175
surrogate, 99, 45.0, 0.175
surrogate, 99, 45.0, 0.175
surrogate, 99, 41.0, 0.0125
surrogate, 99, 41.0, 0.0125
surrogate, 99, 41.0, 0.0125
surrogate, 99, 41.0, 0.0125
surrogate, 99, 41.0, 0.0125
surrogate, 99, 41.0, 0.0125
surrogate, 99, 41.0, 0.0125
surrogate, 99, 41.0, 0.0125
surrogate, 99, 41.0, 0.0125
surrogate, 99, 41.0, 0.0125
surrogate, 99, 41.0, 0.0125
surrogate, 99, 41.0, 0.0125
surrogate, 99, 41.0, 0.0125
surrogate, 99, 41.0, 0.0125
surrogate, 99, 41.0, 0.0125
surrogate, 99, 41.0, 0.0125
surrogate, 99, 41.0, 0.0125
surrogate, 99, 41.0, 0.0125
surrogate, 99, 41.0, 0.0125
surrogate, 99, 41.0, 0.0125
surrogate, 99, 41.0, 0.0125
surrogate, 99, 41.0, 0.0125
surrogate, 100, 55.0, 0.575
surrogate, 100, 55.0, 0.575
surrogate, 100, 55.0, 0.575
surrogate, 100, 55.0, 0.575
surrogate, 100, 55.0, 0.575
surrogate, 100, 54.0, 0.5625
surrogate, 100, 54.0, 0.5625
surrogate, 100, 54.0, 0.5625
surrogate, 100, 53.0, 0.525
surrogate, 100, 53.0, 0.525
surrogate, 100, 53.0, 0.525
surrogate, 100, 53.0, 0.525
surrogate, 100, 53.0, 0.525
surrogate, 100, 53.0, 0.525
surrogate, 100, 53.0, 0.525
surrogate, 100, 53.0, 0.525
surrogate, 100, 53.0, 0.525
surrogate, 100, 51.0, 0.5
surrogate, 100, 51.0, 0.5
surrogate, 100, 51.0, 0.5
surrogate, 100, 51.0, 0.5
surrogate, 100, 51.0, 0.5
surrogate, 100, 51.0, 0.5
surrogate, 100, 51.0, 0.5
surrogate, 100, 51.0, 0.5
surrogate, 100, 51.0, 0.5
surrogate, 100, 51.0, 0.5
surrogate, 100, 51.0, 0.5
surrogate, 100, 51.0, 0.5
surrogate, 100, 51.0, 0.5
surrogate, 100, 48.0, 0.425
surrogate, 100, 48.0, 0.425
surrogate, 100, 48.0, 0.425
surrogate, 100, 48.0, 0.425
surrogate, 100, 48.0, 0.425
surrogate, 100, 48.0, 0.425
surrogate, 100, 48.0, 0.425
surrogate, 100, 48.0, 0.425
surrogate, 100, 48.0, 0.425
surrogate, 100, 48.0, 0.425
surrogate, 100, 48.0, 0.425
surrogate, 100, 48.0, 0.425
surrogate, 100, 48.0, 0.425
surrogate, 100, 48.0, 0.425
surrogate, 100, 48.0, 0.425
surrogate, 100, 48.0, 0.425
surrogate, 100, 48.0, 0.425
surrogate, 100, 48.0, 0.425
surrogate, 100, 48.0, 0.425
surrogate, 100, 48.0, 0.425
surrogate, 100, 48.0, 0.425
surrogate, 100, 48.0, 0.425
surrogate, 100, 48.0, 0.425
surrogate, 100, 48.0, 0.425
surrogate, 100, 48.0, 0.425
surrogate, 100, 48.0, 0.425
surrogate, 100, 48.0, 0.425
surrogate, 100, 48.0, 0.425
surrogate, 100, 47.0, 0.275
surrogate, 100, 47.0, 0.275
surrogate, 100, 47.0, 0.275
surrogate, 100, 47.0, 0.275
surrogate, 100, 47.0, 0.275
surrogate, 100, 47.0, 0.275
surrogate, 100, 47.0, 0.275
surrogate, 100, 47.0, 0.275
surrogate, 100, 47.0, 0.275
surrogate, 100, 47.0, 0.275
surrogate, 100, 47.0, 0.275
surrogate, 100, 47.0, 0.275
surrogate, 100, 47.0, 0.275
surrogate, 100, 47.0, 0.275
surrogate, 100, 47.0, 0.275
surrogate, 100, 47.0, 0.275
surrogate, 100, 47.0, 0.275
surrogate, 100, 47.0, 0.275
surrogate, 100, 46.0, 0.225
surrogate, 100, 46.0, 0.225
surrogate, 100, 46.0, 0.225
surrogate, 100, 46.0, 0.225
surrogate, 100, 46.0, 0.225
surrogate, 100, 46.0, 0.225
surrogate, 100, 46.0, 0.225
surrogate, 100, 46.0, 0.225
surrogate, 100, 46.0, 0.225
surrogate, 100, 46.0, 0.225
surrogate, 100, 46.0, 0.225
surrogate, 100, 46.0, 0.225
surrogate, 100, 46.0, 0.225
surrogate, 100, 46.0, 0.225
surrogate, 100, 46.0, 0.225
surrogate, 100, 46.0, 0.225
surrogate, 100, 46.0, 0.225
surrogate, 100, 46.0, 0.225
surrogate, 100, 46.0, 0.225
surrogate, 100, 46.0, 0.225
surrogate, 100, 45.0, 0.175
surrogate, 100, 45.0, 0.175
surrogate, 100, 45.0, 0.175
surrogate, 100, 45.0, 0.175
surrogate, 100, 45.0, 0.175
surrogate, 100, 45.0, 0.175
surrogate, 100, 45.0, 0.175
surrogate, 100, 45.0, 0.175
surrogate, 100, 45.0, 0.175
surrogate, 100, 45.0, 0.175
surrogate, 100, 45.0, 0.175
surrogate, 100, 45.0, 0.175
surrogate, 100, 45.0, 0.175
surrogate, 100, 45.0, 0.175
surrogate, 100, 45.0, 0.175
surrogate, 100, 45.0, 0.175
surrogate, 100, 45.0, 0.175
surrogate, 100, 45.0, 0.175
surrogate, 100, 45.0, 0.175
surrogate, 100, 45.0, 0.175
surrogate, 100, 45.0, 0.175
surrogate, 100, 45.0, 0.175
surrogate, 100, 45.0, 0.175
surrogate, 100, 45.0, 0.175
surrogate, 100, 45.0, 0.175
surrogate, 100, 45.0, 0.175
surrogate, 100, 45.0, 0.175
surrogate, 100, 45.0, 0.175
surrogate, 100, 45.0, 0.175
surrogate, 100, 45.0, 0.175
surrogate, 100, 45.0, 0.175
surrogate, 100, 45.0, 0.175
surrogate, 100, 45.0, 0.175
surrogate, 100, 45.0, 0.175
surrogate, 100, 45.0, 0.175
surrogate, 100, 45.0, 0.175
surrogate, 100, 45.0, 0.175
surrogate, 100, 45.0, 0.175
surrogate, 100, 45.0, 0.175
surrogate, 100, 45.0, 0.175
surrogate, 100, 45.0, 0.175
surrogate, 100, 45.0, 0.175
surrogate, 100, 45.0, 0.175
surrogate, 100, 41.0, 0.0125
surrogate, 100, 41.0, 0.0125
surrogate, 100, 41.0, 0.0125
surrogate, 100, 41.0, 0.0125
surrogate, 100, 41.0, 0.0125
surrogate, 100, 41.0, 0.0125
surrogate, 100, 41.0, 0.0125
surrogate, 100, 41.0, 0.0125
surrogate, 100, 41.0, 0.0125
surrogate, 100, 41.0, 0.0125
surrogate, 100, 41.0, 0.0125
surrogate, 100, 41.0, 0.0125
surrogate, 100, 41.0, 0.0125
surrogate, 100, 41.0, 0.0125
surrogate, 100, 41.0, 0.0125
surrogate, 100, 41.0, 0.0125
surrogate, 100, 41.0, 0.0125
surrogate, 100, 41.0, 0.0125
surrogate, 100, 41.0, 0.0125
surrogate, 100, 41.0, 0.0125
surrogate, 100, 41.0, 0.0125
surrogate, 100, 41.0, 0.0125
