method, generation, latency, ar
surrogate, 1, 30.0, 0.625
surrogate, 1, 28.0, 0.40625
surrogate, 1, 26.0, 0.25
surrogate, 1, 25.0, 0.1875
surrogate, 1, 24.0, 0.15625
surrogate, 1, 23.0, 0.03125
surrogate, 1, 23.0, 0.03125
surrogate, 2, 30.0, 0.625
surrogate, 2, 30.0, 0.625
surrogate, 2, 28.0, 0.40625
surrogate, 2, 26.0, 0.25
surrogate, 2, 26.0, 0.25
surrogate, 2, 23.0, 0.1875
surrogate, 3, 30.0, 0.625
surrogate, 3, 30.0, 0.625
surrogate, 3, 28.0, 0.40625
surrogate, 3, 28.0, 0.40625
surrogate, 3, 28.0, 0.40625
surrogate, 3, 24.0, 0.28125
surrogate, 3, 23.0, 0.1875
surrogate, 3, 23.0, 0.1875
surrogate, 4, 30.0, 0.625
surrogate, 4, 30.0, 0.625
surrogate, 4, 29.0, 0.5
surrogate, 4, 28.0, 0.40625
surrogate, 4, 28.0, 0.40625
surrogate, 4, 28.0, 0.40625
surrogate, 4, 28.0, 0.40625
surrogate, 4, 24.0, 0.28125
surrogate, 4, 24.0, 0.28125
surrogate, 4, 23.0, 0.1875
surrogate, 4, 23.0, 0.1875
surrogate, 4, 23.0, 0.1875
surrogate, 5, 30.0, 0.625
surrogate, 5, 30.0, 0.625
surrogate, 5, 30.0, 0.625
surrogate, 5, 29.0, 0.5
surrogate, 5, 26.0, 0.40625
surrogate, 5, 24.0, 0.28125
surrogate, 5, 24.0, 0.28125
surrogate, 5, 24.0, 0.28125
surrogate, 5, 23.0, 0.1875
surrogate, 5, 23.0, 0.1875
surrogate, 5, 23.0, 0.1875
surrogate, 5, 23.0, 0.1875
surrogate, 6, 30.0, 0.625
surrogate, 6, 30.0, 0.625
surrogate, 6, 30.0, 0.625
surrogate, 6, 29.0, 0.5
surrogate, 6, 26.0, 0.46875
surrogate, 6, 24.0, 0.28125
surrogate, 6, 24.0, 0.28125
surrogate, 6, 24.0, 0.28125
surrogate, 6, 24.0, 0.28125
surrogate, 6, 23.0, 0.1875
surrogate, 6, 23.0, 0.1875
surrogate, 6, 23.0, 0.1875
surrogate, 6, 23.0, 0.1875
surrogate, 7, 30.0, 0.625
surrogate, 7, 30.0, 0.625
surrogate, 7, 30.0, 0.625
surrogate, 7, 28.0, 0.53125
surrogate, 7, 27.0, 0.5
surrogate, 7, 26.0, 0.46875
surrogate, 7, 24.0, 0.28125
surrogate, 7, 24.0, 0.28125
surrogate, 7, 24.0, 0.28125
surrogate, 7, 24.0, 0.28125
surrogate, 7, 23.0, 0.1875
surrogate, 7, 23.0, 0.1875
surrogate, 7, 23.0, 0.1875
surrogate, 7, 23.0, 0.1875
surrogate, 7, 23.0, 0.1875
surrogate, 8, 30.0, 0.625
surrogate, 8, 30.0, 0.625
surrogate, 8, 30.0, 0.625
surrogate, 8, 28.0, 0.53125
surrogate, 8, 28.0, 0.53125
surrogate, 8, 27.0, 0.5
surrogate, 8, 27.0, 0.5
surrogate, 8, 26.0, 0.46875
surrogate, 8, 24.0, 0.28125
surrogate, 8, 24.0, 0.28125
surrogate, 8, 24.0, 0.28125
surrogate, 8, 24.0, 0.28125
surrogate, 8, 23.0, 0.1875
surrogate, 8, 23.0, 0.1875
surrogate, 8, 23.0, 0.1875
surrogate, 8, 23.0, 0.1875
surrogate, 8, 23.0, 0.1875
surrogate, 8, 23.0, 0.1875
surrogate, 9, 30.0, 0.625
surrogate, 9, 30.0, 0.625
surrogate, 9, 30.0, 0.625
surrogate, 9, 28.0, 0.53125
surrogate, 9, 28.0, 0.53125
surrogate, 9, 28.0, 0.53125
surrogate, 9, 27.0, 0.5
surrogate, 9, 27.0, 0.5
surrogate, 9, 27.0, 0.5
surrogate, 9, 26.0, 0.46875
surrogate, 9, 26.0, 0.46875
surrogate, 9, 24.0, 0.28125
surrogate, 9, 24.0, 0.28125
surrogate, 9, 24.0, 0.28125
surrogate, 9, 24.0, 0.28125
surrogate, 9, 23.0, 0.1875
surrogate, 9, 23.0, 0.1875
surrogate, 9, 23.0, 0.1875
surrogate, 9, 23.0, 0.1875
surrogate, 9, 23.0, 0.1875
surrogate, 9, 23.0, 0.1875
surrogate, 9, 23.0, 0.1875
surrogate, 10, 31.0, 0.65625
surrogate, 10, 30.0, 0.625
surrogate, 10, 30.0, 0.625
surrogate, 10, 30.0, 0.625
surrogate, 10, 28.0, 0.53125
surrogate, 10, 28.0, 0.53125
surrogate, 10, 28.0, 0.53125
surrogate, 10, 28.0, 0.53125
surrogate, 10, 27.0, 0.5
surrogate, 10, 27.0, 0.5
surrogate, 10, 27.0, 0.5
surrogate, 10, 26.0, 0.46875
surrogate, 10, 26.0, 0.46875
surrogate, 10, 24.0, 0.28125
surrogate, 10, 24.0, 0.28125
surrogate, 10, 24.0, 0.28125
surrogate, 10, 24.0, 0.28125
surrogate, 10, 23.0, 0.1875
surrogate, 10, 23.0, 0.1875
surrogate, 10, 23.0, 0.1875
surrogate, 10, 23.0, 0.1875
surrogate, 10, 23.0, 0.1875
surrogate, 10, 23.0, 0.1875
surrogate, 10, 23.0, 0.1875
surrogate, 11, 31.0, 0.65625
surrogate, 11, 31.0, 0.65625
surrogate, 11, 30.0, 0.625
surrogate, 11, 30.0, 0.625
surrogate, 11, 30.0, 0.625
surrogate, 11, 28.0, 0.53125
surrogate, 11, 28.0, 0.53125
surrogate, 11, 28.0, 0.53125
surrogate, 11, 28.0, 0.53125
surrogate, 11, 27.0, 0.5
surrogate, 11, 27.0, 0.5
surrogate, 11, 27.0, 0.5
surrogate, 11, 26.0, 0.46875
surrogate, 11, 26.0, 0.46875
surrogate, 11, 26.0, 0.46875
surrogate, 11, 24.0, 0.28125
surrogate, 11, 24.0, 0.28125
surrogate, 11, 24.0, 0.28125
surrogate, 11, 24.0, 0.28125
surrogate, 11, 23.0, 0.1875
surrogate, 11, 23.0, 0.1875
surrogate, 11, 23.0, 0.1875
surrogate, 11, 23.0, 0.1875
surrogate, 11, 23.0, 0.1875
surrogate, 11, 23.0, 0.1875
surrogate, 11, 23.0, 0.1875
surrogate, 11, 23.0, 0.1875
surrogate, 11, 23.0, 0.1875
surrogate, 12, 31.0, 0.65625
surrogate, 12, 31.0, 0.65625
surrogate, 12, 30.0, 0.625
surrogate, 12, 30.0, 0.625
surrogate, 12, 30.0, 0.625
surrogate, 12, 28.0, 0.53125
surrogate, 12, 28.0, 0.53125
surrogate, 12, 28.0, 0.53125
surrogate, 12, 28.0, 0.53125
surrogate, 12, 28.0, 0.53125
surrogate, 12, 27.0, 0.5
surrogate, 12, 27.0, 0.5
surrogate, 12, 27.0, 0.5
surrogate, 12, 26.0, 0.46875
surrogate, 12, 26.0, 0.46875
surrogate, 12, 26.0, 0.46875
surrogate, 12, 24.0, 0.28125
surrogate, 12, 24.0, 0.28125
surrogate, 12, 24.0, 0.28125
surrogate, 12, 24.0, 0.28125
surrogate, 12, 24.0, 0.28125
surrogate, 12, 23.0, 0.1875
surrogate, 12, 23.0, 0.1875
surrogate, 12, 23.0, 0.1875
surrogate, 12, 23.0, 0.1875
surrogate, 12, 23.0, 0.1875
surrogate, 12, 23.0, 0.1875
surrogate, 12, 23.0, 0.1875
surrogate, 12, 23.0, 0.1875
surrogate, 12, 23.0, 0.1875
surrogate, 13, 31.0, 0.65625
surrogate, 13, 31.0, 0.65625
surrogate, 13, 31.0, 0.65625
surrogate, 13, 30.0, 0.625
surrogate, 13, 30.0, 0.625
surrogate, 13, 30.0, 0.625
surrogate, 13, 28.0, 0.53125
surrogate, 13, 28.0, 0.53125
surrogate, 13, 28.0, 0.53125
surrogate, 13, 28.0, 0.53125
surrogate, 13, 28.0, 0.53125
surrogate, 13, 28.0, 0.53125
surrogate, 13, 27.0, 0.5
surrogate, 13, 27.0, 0.5
surrogate, 13, 27.0, 0.5
surrogate, 13, 27.0, 0.5
surrogate, 13, 26.0, 0.46875
surrogate, 13, 26.0, 0.46875
surrogate, 13, 26.0, 0.46875
surrogate, 13, 24.0, 0.28125
surrogate, 13, 24.0, 0.28125
surrogate, 13, 24.0, 0.28125
surrogate, 13, 24.0, 0.28125
surrogate, 13, 24.0, 0.28125
surrogate, 13, 24.0, 0.28125
surrogate, 13, 23.0, 0.1875
surrogate, 13, 23.0, 0.1875
surrogate, 13, 23.0, 0.1875
surrogate, 13, 23.0, 0.1875
surrogate, 13, 23.0, 0.1875
surrogate, 13, 23.0, 0.1875
surrogate, 13, 23.0, 0.1875
surrogate, 13, 23.0, 0.1875
surrogate, 13, 23.0, 0.1875
surrogate, 13, 23.0, 0.1875
surrogate, 14, 31.0, 0.65625
surrogate, 14, 31.0, 0.65625
surrogate, 14, 31.0, 0.65625
surrogate, 14, 31.0, 0.65625
surrogate, 14, 30.0, 0.625
surrogate, 14, 30.0, 0.625
surrogate, 14, 30.0, 0.625
surrogate, 14, 28.0, 0.53125
surrogate, 14, 28.0, 0.53125
surrogate, 14, 28.0, 0.53125
surrogate, 14, 28.0, 0.53125
surrogate, 14, 28.0, 0.53125
surrogate, 14, 28.0, 0.53125
surrogate, 14, 27.0, 0.5
surrogate, 14, 27.0, 0.5
surrogate, 14, 27.0, 0.5
surrogate, 14, 27.0, 0.5
surrogate, 14, 27.0, 0.5
surrogate, 14, 26.0, 0.46875
surrogate, 14, 26.0, 0.46875
surrogate, 14, 26.0, 0.46875
surrogate, 14, 24.0, 0.28125
surrogate, 14, 24.0, 0.28125
surrogate, 14, 24.0, 0.28125
surrogate, 14, 24.0, 0.28125
surrogate, 14, 24.0, 0.28125
surrogate, 14, 24.0, 0.28125
surrogate, 14, 24.0, 0.28125
surrogate, 14, 23.0, 0.1875
surrogate, 14, 23.0, 0.1875
surrogate, 14, 23.0, 0.1875
surrogate, 14, 23.0, 0.1875
surrogate, 14, 23.0, 0.1875
surrogate, 14, 23.0, 0.1875
surrogate, 14, 23.0, 0.1875
surrogate, 14, 23.0, 0.1875
surrogate, 14, 23.0, 0.1875
surrogate, 14, 23.0, 0.1875
surrogate, 15, 30.0, 0.65625
surrogate, 15, 27.0, 0.53125
surrogate, 15, 26.0, 0.46875
surrogate, 15, 26.0, 0.46875
surrogate, 15, 26.0, 0.46875
surrogate, 15, 26.0, 0.46875
surrogate, 15, 24.0, 0.28125
surrogate, 15, 24.0, 0.28125
surrogate, 15, 24.0, 0.28125
surrogate, 15, 24.0, 0.28125
surrogate, 15, 24.0, 0.28125
surrogate, 15, 24.0, 0.28125
surrogate, 15, 24.0, 0.28125
surrogate, 15, 23.0, 0.1875
surrogate, 15, 23.0, 0.1875
surrogate, 15, 23.0, 0.1875
surrogate, 15, 23.0, 0.1875
surrogate, 15, 23.0, 0.1875
surrogate, 15, 23.0, 0.1875
surrogate, 15, 23.0, 0.1875
surrogate, 15, 23.0, 0.1875
surrogate, 15, 23.0, 0.1875
surrogate, 15, 23.0, 0.1875
surrogate, 15, 23.0, 0.1875
surrogate, 16, 30.0, 0.65625
surrogate, 16, 27.0, 0.53125
surrogate, 16, 26.0, 0.46875
surrogate, 16, 26.0, 0.46875
surrogate, 16, 26.0, 0.46875
surrogate, 16, 26.0, 0.46875
surrogate, 16, 24.0, 0.28125
surrogate, 16, 24.0, 0.28125
surrogate, 16, 24.0, 0.28125
surrogate, 16, 24.0, 0.28125
surrogate, 16, 24.0, 0.28125
surrogate, 16, 24.0, 0.28125
surrogate, 16, 24.0, 0.28125
surrogate, 16, 24.0, 0.28125
surrogate, 16, 23.0, 0.1875
surrogate, 16, 23.0, 0.1875
surrogate, 16, 23.0, 0.1875
surrogate, 16, 23.0, 0.1875
surrogate, 16, 23.0, 0.1875
surrogate, 16, 23.0, 0.1875
surrogate, 16, 23.0, 0.1875
surrogate, 16, 23.0, 0.1875
surrogate, 16, 23.0, 0.1875
surrogate, 16, 23.0, 0.1875
surrogate, 16, 23.0, 0.1875
surrogate, 16, 23.0, 0.1875
surrogate, 17, 34.0, 0.71875
surrogate, 17, 30.0, 0.65625
surrogate, 17, 30.0, 0.65625
surrogate, 17, 27.0, 0.53125
surrogate, 17, 26.0, 0.5
surrogate, 17, 24.0, 0.28125
surrogate, 17, 24.0, 0.28125
surrogate, 17, 24.0, 0.28125
surrogate, 17, 24.0, 0.28125
surrogate, 17, 24.0, 0.28125
surrogate, 17, 24.0, 0.28125
surrogate, 17, 24.0, 0.28125
surrogate, 17, 24.0, 0.28125
surrogate, 17, 23.0, 0.1875
surrogate, 17, 23.0, 0.1875
surrogate, 17, 23.0, 0.1875
surrogate, 17, 23.0, 0.1875
surrogate, 17, 23.0, 0.1875
surrogate, 17, 23.0, 0.1875
surrogate, 17, 23.0, 0.1875
surrogate, 17, 23.0, 0.1875
surrogate, 17, 23.0, 0.1875
surrogate, 17, 23.0, 0.1875
surrogate, 17, 23.0, 0.1875
surrogate, 17, 23.0, 0.1875
surrogate, 17, 23.0, 0.1875
surrogate, 18, 34.0, 0.71875
surrogate, 18, 30.0, 0.65625
surrogate, 18, 30.0, 0.65625
surrogate, 18, 30.0, 0.65625
surrogate, 18, 27.0, 0.53125
surrogate, 18, 26.0, 0.5
surrogate, 18, 24.0, 0.28125
surrogate, 18, 24.0, 0.28125
surrogate, 18, 24.0, 0.28125
surrogate, 18, 24.0, 0.28125
surrogate, 18, 24.0, 0.28125
surrogate, 18, 24.0, 0.28125
surrogate, 18, 24.0, 0.28125
surrogate, 18, 24.0, 0.28125
surrogate, 18, 24.0, 0.28125
surrogate, 18, 23.0, 0.1875
surrogate, 18, 23.0, 0.1875
surrogate, 18, 23.0, 0.1875
surrogate, 18, 23.0, 0.1875
surrogate, 18, 23.0, 0.1875
surrogate, 18, 23.0, 0.1875
surrogate, 18, 23.0, 0.1875
surrogate, 18, 23.0, 0.1875
surrogate, 18, 23.0, 0.1875
surrogate, 18, 23.0, 0.1875
surrogate, 18, 23.0, 0.1875
surrogate, 18, 23.0, 0.1875
surrogate, 18, 23.0, 0.1875
surrogate, 18, 23.0, 0.1875
surrogate, 19, 34.0, 0.71875
surrogate, 19, 30.0, 0.65625
surrogate, 19, 30.0, 0.65625
surrogate, 19, 30.0, 0.65625
surrogate, 19, 27.0, 0.53125
surrogate, 19, 26.0, 0.5
surrogate, 19, 24.0, 0.28125
surrogate, 19, 24.0, 0.28125
surrogate, 19, 24.0, 0.28125
surrogate, 19, 24.0, 0.28125
surrogate, 19, 24.0, 0.28125
surrogate, 19, 24.0, 0.28125
surrogate, 19, 24.0, 0.28125
surrogate, 19, 24.0, 0.28125
surrogate, 19, 24.0, 0.28125
surrogate, 19, 24.0, 0.28125
surrogate, 19, 23.0, 0.1875
surrogate, 19, 23.0, 0.1875
surrogate, 19, 23.0, 0.1875
surrogate, 19, 23.0, 0.1875
surrogate, 19, 23.0, 0.1875
surrogate, 19, 23.0, 0.1875
surrogate, 19, 23.0, 0.1875
surrogate, 19, 23.0, 0.1875
surrogate, 19, 23.0, 0.1875
surrogate, 19, 23.0, 0.1875
surrogate, 19, 23.0, 0.1875
surrogate, 19, 23.0, 0.1875
surrogate, 19, 23.0, 0.1875
surrogate, 19, 23.0, 0.1875
surrogate, 19, 23.0, 0.1875
surrogate, 20, 34.0, 0.71875
surrogate, 20, 30.0, 0.65625
surrogate, 20, 30.0, 0.65625
surrogate, 20, 30.0, 0.65625
surrogate, 20, 27.0, 0.53125
surrogate, 20, 26.0, 0.5
surrogate, 20, 26.0, 0.5
surrogate, 20, 24.0, 0.28125
surrogate, 20, 24.0, 0.28125
surrogate, 20, 24.0, 0.28125
surrogate, 20, 24.0, 0.28125
surrogate, 20, 24.0, 0.28125
surrogate, 20, 24.0, 0.28125
surrogate, 20, 24.0, 0.28125
surrogate, 20, 24.0, 0.28125
surrogate, 20, 24.0, 0.28125
surrogate, 20, 24.0, 0.28125
surrogate, 20, 23.0, 0.1875
surrogate, 20, 23.0, 0.1875
surrogate, 20, 23.0, 0.1875
surrogate, 20, 23.0, 0.1875
surrogate, 20, 23.0, 0.1875
surrogate, 20, 23.0, 0.1875
surrogate, 20, 23.0, 0.1875
surrogate, 20, 23.0, 0.1875
surrogate, 20, 23.0, 0.1875
surrogate, 20, 23.0, 0.1875
surrogate, 20, 23.0, 0.1875
surrogate, 20, 23.0, 0.1875
surrogate, 20, 23.0, 0.1875
surrogate, 20, 23.0, 0.1875
surrogate, 20, 23.0, 0.1875
surrogate, 21, 34.0, 0.71875
surrogate, 21, 30.0, 0.65625
surrogate, 21, 30.0, 0.65625
surrogate, 21, 30.0, 0.65625
surrogate, 21, 30.0, 0.65625
surrogate, 21, 27.0, 0.53125
surrogate, 21, 26.0, 0.5
surrogate, 21, 26.0, 0.5
surrogate, 21, 24.0, 0.28125
surrogate, 21, 24.0, 0.28125
surrogate, 21, 24.0, 0.28125
surrogate, 21, 24.0, 0.28125
surrogate, 21, 24.0, 0.28125
surrogate, 21, 24.0, 0.28125
surrogate, 21, 24.0, 0.28125
surrogate, 21, 24.0, 0.28125
surrogate, 21, 24.0, 0.28125
surrogate, 21, 24.0, 0.28125
surrogate, 21, 23.0, 0.1875
surrogate, 21, 23.0, 0.1875
surrogate, 21, 23.0, 0.1875
surrogate, 21, 23.0, 0.1875
surrogate, 21, 23.0, 0.1875
surrogate, 21, 23.0, 0.1875
surrogate, 21, 23.0, 0.1875
surrogate, 21, 23.0, 0.1875
surrogate, 21, 23.0, 0.1875
surrogate, 21, 23.0, 0.1875
surrogate, 21, 23.0, 0.1875
surrogate, 21, 23.0, 0.1875
surrogate, 21, 23.0, 0.1875
surrogate, 21, 23.0, 0.1875
surrogate, 21, 23.0, 0.1875
surrogate, 22, 34.0, 0.71875
surrogate, 22, 30.0, 0.65625
surrogate, 22, 30.0, 0.65625
surrogate, 22, 30.0, 0.65625
surrogate, 22, 30.0, 0.65625
surrogate, 22, 27.0, 0.53125
surrogate, 22, 26.0, 0.5
surrogate, 22, 26.0, 0.5
surrogate, 22, 26.0, 0.5
surrogate, 22, 24.0, 0.28125
surrogate, 22, 24.0, 0.28125
surrogate, 22, 24.0, 0.28125
surrogate, 22, 24.0, 0.28125
surrogate, 22, 24.0, 0.28125
surrogate, 22, 24.0, 0.28125
surrogate, 22, 24.0, 0.28125
surrogate, 22, 24.0, 0.28125
surrogate, 22, 24.0, 0.28125
surrogate, 22, 24.0, 0.28125
surrogate, 22, 24.0, 0.28125
surrogate, 22, 23.0, 0.1875
surrogate, 22, 23.0, 0.1875
surrogate, 22, 23.0, 0.1875
surrogate, 22, 23.0, 0.1875
surrogate, 22, 23.0, 0.1875
surrogate, 22, 23.0, 0.1875
surrogate, 22, 23.0, 0.1875
surrogate, 22, 23.0, 0.1875
surrogate, 22, 23.0, 0.1875
surrogate, 22, 23.0, 0.1875
surrogate, 22, 23.0, 0.1875
surrogate, 22, 23.0, 0.1875
surrogate, 22, 23.0, 0.1875
surrogate, 22, 23.0, 0.1875
surrogate, 22, 23.0, 0.1875
surrogate, 22, 23.0, 0.1875
surrogate, 23, 34.0, 0.71875
surrogate, 23, 30.0, 0.65625
surrogate, 23, 30.0, 0.65625
surrogate, 23, 30.0, 0.65625
surrogate, 23, 30.0, 0.65625
surrogate, 23, 26.0, 0.53125
surrogate, 23, 24.0, 0.28125
surrogate, 23, 24.0, 0.28125
surrogate, 23, 24.0, 0.28125
surrogate, 23, 24.0, 0.28125
surrogate, 23, 24.0, 0.28125
surrogate, 23, 24.0, 0.28125
surrogate, 23, 24.0, 0.28125
surrogate, 23, 24.0, 0.28125
surrogate, 23, 24.0, 0.28125
surrogate, 23, 24.0, 0.28125
surrogate, 23, 24.0, 0.28125
surrogate, 23, 24.0, 0.28125
surrogate, 23, 23.0, 0.1875
surrogate, 23, 23.0, 0.1875
surrogate, 23, 23.0, 0.1875
surrogate, 23, 23.0, 0.1875
surrogate, 23, 23.0, 0.1875
surrogate, 23, 23.0, 0.1875
surrogate, 23, 23.0, 0.1875
surrogate, 23, 23.0, 0.1875
surrogate, 23, 23.0, 0.1875
surrogate, 23, 23.0, 0.1875
surrogate, 23, 23.0, 0.1875
surrogate, 23, 23.0, 0.1875
surrogate, 23, 23.0, 0.1875
surrogate, 23, 23.0, 0.1875
surrogate, 23, 23.0, 0.1875
surrogate, 23, 23.0, 0.1875
surrogate, 23, 23.0, 0.1875
surrogate, 23, 23.0, 0.1875
surrogate, 23, 23.0, 0.1875
surrogate, 24, 34.0, 0.71875
surrogate, 24, 30.0, 0.65625
surrogate, 24, 30.0, 0.65625
surrogate, 24, 30.0, 0.65625
surrogate, 24, 30.0, 0.65625
surrogate, 24, 26.0, 0.53125
surrogate, 24, 24.0, 0.34375
surrogate, 24, 23.0, 0.1875
surrogate, 24, 23.0, 0.1875
surrogate, 24, 23.0, 0.1875
surrogate, 24, 23.0, 0.1875
surrogate, 24, 23.0, 0.1875
surrogate, 24, 23.0, 0.1875
surrogate, 24, 23.0, 0.1875
surrogate, 24, 23.0, 0.1875
surrogate, 24, 23.0, 0.1875
surrogate, 24, 23.0, 0.1875
surrogate, 24, 23.0, 0.1875
surrogate, 24, 23.0, 0.1875
surrogate, 24, 23.0, 0.1875
surrogate, 24, 23.0, 0.1875
surrogate, 24, 23.0, 0.1875
surrogate, 24, 23.0, 0.1875
surrogate, 24, 23.0, 0.1875
surrogate, 24, 23.0, 0.1875
surrogate, 24, 23.0, 0.1875
surrogate, 25, 34.0, 0.71875
surrogate, 25, 34.0, 0.71875
surrogate, 25, 30.0, 0.65625
surrogate, 25, 30.0, 0.65625
surrogate, 25, 30.0, 0.65625
surrogate, 25, 30.0, 0.65625
surrogate, 25, 30.0, 0.65625
surrogate, 25, 26.0, 0.53125
surrogate, 25, 24.0, 0.34375
surrogate, 25, 23.0, 0.1875
surrogate, 25, 23.0, 0.1875
surrogate, 25, 23.0, 0.1875
surrogate, 25, 23.0, 0.1875
surrogate, 25, 23.0, 0.1875
surrogate, 25, 23.0, 0.1875
surrogate, 25, 23.0, 0.1875
surrogate, 25, 23.0, 0.1875
surrogate, 25, 23.0, 0.1875
surrogate, 25, 23.0, 0.1875
surrogate, 25, 23.0, 0.1875
surrogate, 25, 23.0, 0.1875
surrogate, 25, 23.0, 0.1875
surrogate, 25, 23.0, 0.1875
surrogate, 25, 23.0, 0.1875
surrogate, 25, 23.0, 0.1875
surrogate, 25, 23.0, 0.1875
surrogate, 25, 23.0, 0.1875
surrogate, 25, 23.0, 0.1875
surrogate, 25, 23.0, 0.1875
surrogate, 26, 34.0, 0.71875
surrogate, 26, 34.0, 0.71875
surrogate, 26, 30.0, 0.65625
surrogate, 26, 30.0, 0.65625
surrogate, 26, 30.0, 0.65625
surrogate, 26, 30.0, 0.65625
surrogate, 26, 30.0, 0.65625
surrogate, 26, 26.0, 0.53125
surrogate, 26, 24.0, 0.34375
surrogate, 26, 23.0, 0.1875
surrogate, 26, 23.0, 0.1875
surrogate, 26, 23.0, 0.1875
surrogate, 26, 23.0, 0.1875
surrogate, 26, 23.0, 0.1875
surrogate, 26, 23.0, 0.1875
surrogate, 26, 23.0, 0.1875
surrogate, 26, 23.0, 0.1875
surrogate, 26, 23.0, 0.1875
surrogate, 26, 23.0, 0.1875
surrogate, 26, 23.0, 0.1875
surrogate, 26, 23.0, 0.1875
surrogate, 26, 23.0, 0.1875
surrogate, 26, 23.0, 0.1875
surrogate, 26, 23.0, 0.1875
surrogate, 26, 23.0, 0.1875
surrogate, 26, 23.0, 0.1875
surrogate, 26, 23.0, 0.1875
surrogate, 26, 23.0, 0.1875
surrogate, 26, 23.0, 0.1875
surrogate, 27, 34.0, 0.71875
surrogate, 27, 34.0, 0.71875
surrogate, 27, 30.0, 0.65625
surrogate, 27, 30.0, 0.65625
surrogate, 27, 30.0, 0.65625
surrogate, 27, 30.0, 0.65625
surrogate, 27, 30.0, 0.65625
surrogate, 27, 26.0, 0.53125
surrogate, 27, 24.0, 0.34375
surrogate, 27, 24.0, 0.34375
surrogate, 27, 23.0, 0.1875
surrogate, 27, 23.0, 0.1875
surrogate, 27, 23.0, 0.1875
surrogate, 27, 23.0, 0.1875
surrogate, 27, 23.0, 0.1875
surrogate, 27, 23.0, 0.1875
surrogate, 27, 23.0, 0.1875
surrogate, 27, 23.0, 0.1875
surrogate, 27, 23.0, 0.1875
surrogate, 27, 23.0, 0.1875
surrogate, 27, 23.0, 0.1875
surrogate, 27, 23.0, 0.1875
surrogate, 27, 23.0, 0.1875
surrogate, 27, 23.0, 0.1875
surrogate, 27, 23.0, 0.1875
surrogate, 27, 23.0, 0.1875
surrogate, 27, 23.0, 0.1875
surrogate, 27, 23.0, 0.1875
surrogate, 27, 23.0, 0.1875
surrogate, 27, 23.0, 0.1875
surrogate, 27, 23.0, 0.1875
surrogate, 28, 34.0, 0.71875
surrogate, 28, 34.0, 0.71875
surrogate, 28, 30.0, 0.65625
surrogate, 28, 30.0, 0.65625
surrogate, 28, 30.0, 0.65625
surrogate, 28, 30.0, 0.65625
surrogate, 28, 30.0, 0.65625
surrogate, 28, 26.0, 0.53125
surrogate, 28, 26.0, 0.53125
surrogate, 28, 24.0, 0.34375
surrogate, 28, 24.0, 0.34375
surrogate, 28, 24.0, 0.34375
surrogate, 28, 23.0, 0.1875
surrogate, 28, 23.0, 0.1875
surrogate, 28, 23.0, 0.1875
surrogate, 28, 23.0, 0.1875
surrogate, 28, 23.0, 0.1875
surrogate, 28, 23.0, 0.1875
surrogate, 28, 23.0, 0.1875
surrogate, 28, 23.0, 0.1875
surrogate, 28, 23.0, 0.1875
surrogate, 28, 23.0, 0.1875
surrogate, 28, 23.0, 0.1875
surrogate, 28, 23.0, 0.1875
surrogate, 28, 23.0, 0.1875
surrogate, 28, 23.0, 0.1875
surrogate, 28, 23.0, 0.1875
surrogate, 28, 23.0, 0.1875
surrogate, 28, 23.0, 0.1875
surrogate, 28, 23.0, 0.1875
surrogate, 28, 23.0, 0.1875
surrogate, 28, 23.0, 0.1875
surrogate, 28, 23.0, 0.1875
surrogate, 28, 23.0, 0.1875
surrogate, 29, 34.0, 0.71875
surrogate, 29, 34.0, 0.71875
surrogate, 29, 30.0, 0.65625
surrogate, 29, 30.0, 0.65625
surrogate, 29, 30.0, 0.65625
surrogate, 29, 30.0, 0.65625
surrogate, 29, 30.0, 0.65625
surrogate, 29, 26.0, 0.53125
surrogate, 29, 26.0, 0.53125
surrogate, 29, 24.0, 0.34375
surrogate, 29, 24.0, 0.34375
surrogate, 29, 24.0, 0.34375
surrogate, 29, 23.0, 0.1875
surrogate, 29, 23.0, 0.1875
surrogate, 29, 23.0, 0.1875
surrogate, 29, 23.0, 0.1875
surrogate, 29, 23.0, 0.1875
surrogate, 29, 23.0, 0.1875
surrogate, 29, 23.0, 0.1875
surrogate, 29, 23.0, 0.1875
surrogate, 29, 23.0, 0.1875
surrogate, 29, 23.0, 0.1875
surrogate, 29, 23.0, 0.1875
surrogate, 29, 23.0, 0.1875
surrogate, 29, 23.0, 0.1875
surrogate, 29, 23.0, 0.1875
surrogate, 29, 23.0, 0.1875
surrogate, 29, 23.0, 0.1875
surrogate, 29, 23.0, 0.1875
surrogate, 29, 23.0, 0.1875
surrogate, 29, 23.0, 0.1875
surrogate, 29, 23.0, 0.1875
surrogate, 29, 23.0, 0.1875
surrogate, 29, 23.0, 0.1875
surrogate, 30, 34.0, 0.71875
surrogate, 30, 34.0, 0.71875
surrogate, 30, 30.0, 0.65625
surrogate, 30, 30.0, 0.65625
surrogate, 30, 30.0, 0.65625
surrogate, 30, 30.0, 0.65625
surrogate, 30, 30.0, 0.65625
surrogate, 30, 26.0, 0.53125
surrogate, 30, 26.0, 0.53125
surrogate, 30, 26.0, 0.53125
surrogate, 30, 24.0, 0.34375
surrogate, 30, 24.0, 0.34375
surrogate, 30, 24.0, 0.34375
surrogate, 30, 23.0, 0.1875
surrogate, 30, 23.0, 0.1875
surrogate, 30, 23.0, 0.1875
surrogate, 30, 23.0, 0.1875
surrogate, 30, 23.0, 0.1875
surrogate, 30, 23.0, 0.1875
surrogate, 30, 23.0, 0.1875
surrogate, 30, 23.0, 0.1875
surrogate, 30, 23.0, 0.1875
surrogate, 30, 23.0, 0.1875
surrogate, 30, 23.0, 0.1875
surrogate, 30, 23.0, 0.1875
surrogate, 30, 23.0, 0.1875
surrogate, 30, 23.0, 0.1875
surrogate, 30, 23.0, 0.1875
surrogate, 30, 23.0, 0.1875
surrogate, 30, 23.0, 0.1875
surrogate, 30, 23.0, 0.1875
surrogate, 30, 23.0, 0.1875
surrogate, 30, 23.0, 0.1875
surrogate, 30, 23.0, 0.1875
surrogate, 30, 23.0, 0.1875
surrogate, 30, 23.0, 0.1875
surrogate, 31, 34.0, 0.71875
surrogate, 31, 34.0, 0.71875
surrogate, 31, 30.0, 0.65625
surrogate, 31, 30.0, 0.65625
surrogate, 31, 30.0, 0.65625
surrogate, 31, 30.0, 0.65625
surrogate, 31, 30.0, 0.65625
surrogate, 31, 26.0, 0.53125
surrogate, 31, 26.0, 0.53125
surrogate, 31, 26.0, 0.53125
surrogate, 31, 24.0, 0.34375
surrogate, 31, 24.0, 0.34375
surrogate, 31, 24.0, 0.34375
surrogate, 31, 23.0, 0.1875
surrogate, 31, 23.0, 0.1875
surrogate, 31, 23.0, 0.1875
surrogate, 31, 23.0, 0.1875
surrogate, 31, 23.0, 0.1875
surrogate, 31, 23.0, 0.1875
surrogate, 31, 23.0, 0.1875
surrogate, 31, 23.0, 0.1875
surrogate, 31, 23.0, 0.1875
surrogate, 31, 23.0, 0.1875
surrogate, 31, 23.0, 0.1875
surrogate, 31, 23.0, 0.1875
surrogate, 31, 23.0, 0.1875
surrogate, 31, 23.0, 0.1875
surrogate, 31, 23.0, 0.1875
surrogate, 31, 23.0, 0.1875
surrogate, 31, 23.0, 0.1875
surrogate, 31, 23.0, 0.1875
surrogate, 31, 23.0, 0.1875
surrogate, 31, 23.0, 0.1875
surrogate, 31, 23.0, 0.1875
surrogate, 31, 23.0, 0.1875
surrogate, 31, 23.0, 0.1875
surrogate, 32, 32.0, 0.71875
surrogate, 32, 30.0, 0.65625
surrogate, 32, 30.0, 0.65625
surrogate, 32, 30.0, 0.65625
surrogate, 32, 30.0, 0.65625
surrogate, 32, 30.0, 0.65625
surrogate, 32, 26.0, 0.53125
surrogate, 32, 26.0, 0.53125
surrogate, 32, 26.0, 0.53125
surrogate, 32, 26.0, 0.53125
surrogate, 32, 24.0, 0.34375
surrogate, 32, 24.0, 0.34375
surrogate, 32, 24.0, 0.34375
surrogate, 32, 23.0, 0.1875
surrogate, 32, 23.0, 0.1875
surrogate, 32, 23.0, 0.1875
surrogate, 32, 23.0, 0.1875
surrogate, 32, 23.0, 0.1875
surrogate, 32, 23.0, 0.1875
surrogate, 32, 23.0, 0.1875
surrogate, 32, 23.0, 0.1875
surrogate, 32, 23.0, 0.1875
surrogate, 32, 23.0, 0.1875
surrogate, 32, 23.0, 0.1875
surrogate, 32, 23.0, 0.1875
surrogate, 32, 23.0, 0.1875
surrogate, 32, 23.0, 0.1875
surrogate, 32, 23.0, 0.1875
surrogate, 32, 23.0, 0.1875
surrogate, 32, 23.0, 0.1875
surrogate, 32, 23.0, 0.1875
surrogate, 32, 23.0, 0.1875
surrogate, 32, 23.0, 0.1875
surrogate, 32, 23.0, 0.1875
surrogate, 32, 23.0, 0.1875
surrogate, 32, 23.0, 0.1875
surrogate, 32, 23.0, 0.1875
surrogate, 33, 32.0, 0.71875
surrogate, 33, 30.0, 0.65625
surrogate, 33, 30.0, 0.65625
surrogate, 33, 30.0, 0.65625
surrogate, 33, 30.0, 0.65625
surrogate, 33, 30.0, 0.65625
surrogate, 33, 26.0, 0.53125
surrogate, 33, 26.0, 0.53125
surrogate, 33, 26.0, 0.53125
surrogate, 33, 26.0, 0.53125
surrogate, 33, 26.0, 0.53125
surrogate, 33, 24.0, 0.34375
surrogate, 33, 24.0, 0.34375
surrogate, 33, 24.0, 0.34375
surrogate, 33, 23.0, 0.1875
surrogate, 33, 23.0, 0.1875
surrogate, 33, 23.0, 0.1875
surrogate, 33, 23.0, 0.1875
surrogate, 33, 23.0, 0.1875
surrogate, 33, 23.0, 0.1875
surrogate, 33, 23.0, 0.1875
surrogate, 33, 23.0, 0.1875
surrogate, 33, 23.0, 0.1875
surrogate, 33, 23.0, 0.1875
surrogate, 33, 23.0, 0.1875
surrogate, 33, 23.0, 0.1875
surrogate, 33, 23.0, 0.1875
surrogate, 33, 23.0, 0.1875
surrogate, 33, 23.0, 0.1875
surrogate, 33, 23.0, 0.1875
surrogate, 33, 23.0, 0.1875
surrogate, 33, 23.0, 0.1875
surrogate, 33, 23.0, 0.1875
surrogate, 33, 23.0, 0.1875
surrogate, 33, 23.0, 0.1875
surrogate, 33, 23.0, 0.1875
surrogate, 33, 23.0, 0.1875
surrogate, 33, 23.0, 0.1875
surrogate, 33, 23.0, 0.1875
surrogate, 34, 32.0, 0.75
surrogate, 34, 32.0, 0.75
surrogate, 34, 30.0, 0.65625
surrogate, 34, 30.0, 0.65625
surrogate, 34, 30.0, 0.65625
surrogate, 34, 30.0, 0.65625
surrogate, 34, 30.0, 0.65625
surrogate, 34, 30.0, 0.65625
surrogate, 34, 26.0, 0.53125
surrogate, 34, 26.0, 0.53125
surrogate, 34, 26.0, 0.53125
surrogate, 34, 26.0, 0.53125
surrogate, 34, 26.0, 0.53125
surrogate, 34, 24.0, 0.34375
surrogate, 34, 24.0, 0.34375
surrogate, 34, 24.0, 0.34375
surrogate, 34, 24.0, 0.34375
surrogate, 34, 23.0, 0.1875
surrogate, 34, 23.0, 0.1875
surrogate, 34, 23.0, 0.1875
surrogate, 34, 23.0, 0.1875
surrogate, 34, 23.0, 0.1875
surrogate, 34, 23.0, 0.1875
surrogate, 34, 23.0, 0.1875
surrogate, 34, 23.0, 0.1875
surrogate, 34, 23.0, 0.1875
surrogate, 34, 23.0, 0.1875
surrogate, 34, 23.0, 0.1875
surrogate, 34, 23.0, 0.1875
surrogate, 34, 23.0, 0.1875
surrogate, 34, 23.0, 0.1875
surrogate, 34, 23.0, 0.1875
surrogate, 34, 23.0, 0.1875
surrogate, 34, 23.0, 0.1875
surrogate, 34, 23.0, 0.1875
surrogate, 34, 23.0, 0.1875
surrogate, 34, 23.0, 0.1875
surrogate, 34, 23.0, 0.1875
surrogate, 34, 23.0, 0.1875
surrogate, 34, 23.0, 0.1875
surrogate, 34, 23.0, 0.1875
surrogate, 34, 23.0, 0.1875
surrogate, 34, 23.0, 0.1875
surrogate, 35, 32.0, 0.75
surrogate, 35, 32.0, 0.75
surrogate, 35, 30.0, 0.65625
surrogate, 35, 30.0, 0.65625
surrogate, 35, 30.0, 0.65625
surrogate, 35, 30.0, 0.65625
surrogate, 35, 30.0, 0.65625
surrogate, 35, 30.0, 0.65625
surrogate, 35, 26.0, 0.53125
surrogate, 35, 26.0, 0.53125
surrogate, 35, 26.0, 0.53125
surrogate, 35, 26.0, 0.53125
surrogate, 35, 26.0, 0.53125
surrogate, 35, 24.0, 0.34375
surrogate, 35, 24.0, 0.34375
surrogate, 35, 24.0, 0.34375
surrogate, 35, 24.0, 0.34375
surrogate, 35, 23.0, 0.1875
surrogate, 35, 23.0, 0.1875
surrogate, 35, 23.0, 0.1875
surrogate, 35, 23.0, 0.1875
surrogate, 35, 23.0, 0.1875
surrogate, 35, 23.0, 0.1875
surrogate, 35, 23.0, 0.1875
surrogate, 35, 23.0, 0.1875
surrogate, 35, 23.0, 0.1875
surrogate, 35, 23.0, 0.1875
surrogate, 35, 23.0, 0.1875
surrogate, 35, 23.0, 0.1875
surrogate, 35, 23.0, 0.1875
surrogate, 35, 23.0, 0.1875
surrogate, 35, 23.0, 0.1875
surrogate, 35, 23.0, 0.1875
surrogate, 35, 23.0, 0.1875
surrogate, 35, 23.0, 0.1875
surrogate, 35, 23.0, 0.1875
surrogate, 35, 23.0, 0.1875
surrogate, 35, 23.0, 0.1875
surrogate, 35, 23.0, 0.1875
surrogate, 35, 23.0, 0.1875
surrogate, 35, 23.0, 0.1875
surrogate, 35, 23.0, 0.1875
surrogate, 35, 23.0, 0.1875
surrogate, 35, 23.0, 0.1875
surrogate, 36, 32.0, 0.75
surrogate, 36, 32.0, 0.75
surrogate, 36, 30.0, 0.65625
surrogate, 36, 30.0, 0.65625
surrogate, 36, 30.0, 0.65625
surrogate, 36, 30.0, 0.65625
surrogate, 36, 30.0, 0.65625
surrogate, 36, 30.0, 0.65625
surrogate, 36, 26.0, 0.53125
surrogate, 36, 26.0, 0.53125
surrogate, 36, 26.0, 0.53125
surrogate, 36, 26.0, 0.53125
surrogate, 36, 26.0, 0.53125
surrogate, 36, 24.0, 0.34375
surrogate, 36, 24.0, 0.34375
surrogate, 36, 24.0, 0.34375
surrogate, 36, 24.0, 0.34375
surrogate, 36, 23.0, 0.1875
surrogate, 36, 23.0, 0.1875
surrogate, 36, 23.0, 0.1875
surrogate, 36, 23.0, 0.1875
surrogate, 36, 23.0, 0.1875
surrogate, 36, 23.0, 0.1875
surrogate, 36, 23.0, 0.1875
surrogate, 36, 23.0, 0.1875
surrogate, 36, 23.0, 0.1875
surrogate, 36, 23.0, 0.1875
surrogate, 36, 23.0, 0.1875
surrogate, 36, 23.0, 0.1875
surrogate, 36, 23.0, 0.1875
surrogate, 36, 23.0, 0.1875
surrogate, 36, 23.0, 0.1875
surrogate, 36, 23.0, 0.1875
surrogate, 36, 23.0, 0.1875
surrogate, 36, 23.0, 0.1875
surrogate, 36, 23.0, 0.1875
surrogate, 36, 23.0, 0.1875
surrogate, 36, 23.0, 0.1875
surrogate, 36, 23.0, 0.1875
surrogate, 36, 23.0, 0.1875
surrogate, 36, 23.0, 0.1875
surrogate, 36, 23.0, 0.1875
surrogate, 36, 23.0, 0.1875
surrogate, 36, 23.0, 0.1875
surrogate, 36, 23.0, 0.1875
surrogate, 37, 34.0, 0.875
surrogate, 37, 32.0, 0.75
surrogate, 37, 32.0, 0.75
surrogate, 37, 30.0, 0.65625
surrogate, 37, 30.0, 0.65625
surrogate, 37, 30.0, 0.65625
surrogate, 37, 30.0, 0.65625
surrogate, 37, 30.0, 0.65625
surrogate, 37, 30.0, 0.65625
surrogate, 37, 26.0, 0.53125
surrogate, 37, 26.0, 0.53125
surrogate, 37, 26.0, 0.53125
surrogate, 37, 26.0, 0.53125
surrogate, 37, 26.0, 0.53125
surrogate, 37, 24.0, 0.34375
surrogate, 37, 24.0, 0.34375
surrogate, 37, 24.0, 0.34375
surrogate, 37, 24.0, 0.34375
surrogate, 37, 23.0, 0.1875
surrogate, 37, 23.0, 0.1875
surrogate, 37, 23.0, 0.1875
surrogate, 37, 23.0, 0.1875
surrogate, 37, 23.0, 0.1875
surrogate, 37, 23.0, 0.1875
surrogate, 37, 23.0, 0.1875
surrogate, 37, 23.0, 0.1875
surrogate, 37, 23.0, 0.1875
surrogate, 37, 23.0, 0.1875
surrogate, 37, 23.0, 0.1875
surrogate, 37, 23.0, 0.1875
surrogate, 37, 23.0, 0.1875
surrogate, 37, 23.0, 0.1875
surrogate, 37, 23.0, 0.1875
surrogate, 37, 23.0, 0.1875
surrogate, 37, 23.0, 0.1875
surrogate, 37, 23.0, 0.1875
surrogate, 37, 23.0, 0.1875
surrogate, 37, 23.0, 0.1875
surrogate, 37, 23.0, 0.1875
surrogate, 37, 23.0, 0.1875
surrogate, 37, 23.0, 0.1875
surrogate, 37, 23.0, 0.1875
surrogate, 37, 23.0, 0.1875
surrogate, 37, 23.0, 0.1875
surrogate, 37, 23.0, 0.1875
surrogate, 37, 23.0, 0.1875
surrogate, 38, 34.0, 0.875
surrogate, 38, 32.0, 0.75
surrogate, 38, 32.0, 0.75
surrogate, 38, 30.0, 0.65625
surrogate, 38, 30.0, 0.65625
surrogate, 38, 30.0, 0.65625
surrogate, 38, 30.0, 0.65625
surrogate, 38, 30.0, 0.65625
surrogate, 38, 30.0, 0.65625
surrogate, 38, 26.0, 0.53125
surrogate, 38, 26.0, 0.53125
surrogate, 38, 26.0, 0.53125
surrogate, 38, 26.0, 0.53125
surrogate, 38, 26.0, 0.53125
surrogate, 38, 24.0, 0.34375
surrogate, 38, 24.0, 0.34375
surrogate, 38, 24.0, 0.34375
surrogate, 38, 24.0, 0.34375
surrogate, 38, 23.0, 0.1875
surrogate, 38, 23.0, 0.1875
surrogate, 38, 23.0, 0.1875
surrogate, 38, 23.0, 0.1875
surrogate, 38, 23.0, 0.1875
surrogate, 38, 23.0, 0.1875
surrogate, 38, 23.0, 0.1875
surrogate, 38, 23.0, 0.1875
surrogate, 38, 23.0, 0.1875
surrogate, 38, 23.0, 0.1875
surrogate, 38, 23.0, 0.1875
surrogate, 38, 23.0, 0.1875
surrogate, 38, 23.0, 0.1875
surrogate, 38, 23.0, 0.1875
surrogate, 38, 23.0, 0.1875
surrogate, 38, 23.0, 0.1875
surrogate, 38, 23.0, 0.1875
surrogate, 38, 23.0, 0.1875
surrogate, 38, 23.0, 0.1875
surrogate, 38, 23.0, 0.1875
surrogate, 38, 23.0, 0.1875
surrogate, 38, 23.0, 0.1875
surrogate, 38, 23.0, 0.1875
surrogate, 38, 23.0, 0.1875
surrogate, 38, 23.0, 0.1875
surrogate, 38, 23.0, 0.1875
surrogate, 38, 23.0, 0.1875
surrogate, 38, 23.0, 0.1875
surrogate, 38, 23.0, 0.1875
surrogate, 39, 33.0, 0.875
surrogate, 39, 32.0, 0.75
surrogate, 39, 32.0, 0.75
surrogate, 39, 30.0, 0.65625
surrogate, 39, 30.0, 0.65625
surrogate, 39, 30.0, 0.65625
surrogate, 39, 30.0, 0.65625
surrogate, 39, 30.0, 0.65625
surrogate, 39, 30.0, 0.65625
surrogate, 39, 26.0, 0.53125
surrogate, 39, 26.0, 0.53125
surrogate, 39, 26.0, 0.53125
surrogate, 39, 26.0, 0.53125
surrogate, 39, 26.0, 0.53125
surrogate, 39, 24.0, 0.34375
surrogate, 39, 24.0, 0.34375
surrogate, 39, 24.0, 0.34375
surrogate, 39, 24.0, 0.34375
surrogate, 39, 23.0, 0.1875
surrogate, 39, 23.0, 0.1875
surrogate, 39, 23.0, 0.1875
surrogate, 39, 23.0, 0.1875
surrogate, 39, 23.0, 0.1875
surrogate, 39, 23.0, 0.1875
surrogate, 39, 23.0, 0.1875
surrogate, 39, 23.0, 0.1875
surrogate, 39, 23.0, 0.1875
surrogate, 39, 23.0, 0.1875
surrogate, 39, 23.0, 0.1875
surrogate, 39, 23.0, 0.1875
surrogate, 39, 23.0, 0.1875
surrogate, 39, 23.0, 0.1875
surrogate, 39, 23.0, 0.1875
surrogate, 39, 23.0, 0.1875
surrogate, 39, 23.0, 0.1875
surrogate, 39, 23.0, 0.1875
surrogate, 39, 23.0, 0.1875
surrogate, 39, 23.0, 0.1875
surrogate, 39, 23.0, 0.1875
surrogate, 39, 23.0, 0.1875
surrogate, 39, 23.0, 0.1875
surrogate, 39, 23.0, 0.1875
surrogate, 39, 23.0, 0.1875
surrogate, 39, 23.0, 0.1875
surrogate, 39, 23.0, 0.1875
surrogate, 39, 23.0, 0.1875
surrogate, 39, 23.0, 0.1875
surrogate, 40, 33.0, 0.875
surrogate, 40, 32.0, 0.75
surrogate, 40, 32.0, 0.75
surrogate, 40, 32.0, 0.75
surrogate, 40, 30.0, 0.65625
surrogate, 40, 30.0, 0.65625
surrogate, 40, 30.0, 0.65625
surrogate, 40, 30.0, 0.65625
surrogate, 40, 30.0, 0.65625
surrogate, 40, 30.0, 0.65625
surrogate, 40, 26.0, 0.53125
surrogate, 40, 26.0, 0.53125
surrogate, 40, 26.0, 0.53125
surrogate, 40, 26.0, 0.53125
surrogate, 40, 26.0, 0.53125
surrogate, 40, 24.0, 0.34375
surrogate, 40, 24.0, 0.34375
surrogate, 40, 24.0, 0.34375
surrogate, 40, 24.0, 0.34375
surrogate, 40, 24.0, 0.34375
surrogate, 40, 23.0, 0.1875
surrogate, 40, 23.0, 0.1875
surrogate, 40, 23.0, 0.1875
surrogate, 40, 23.0, 0.1875
surrogate, 40, 23.0, 0.1875
surrogate, 40, 23.0, 0.1875
surrogate, 40, 23.0, 0.1875
surrogate, 40, 23.0, 0.1875
surrogate, 40, 23.0, 0.1875
surrogate, 40, 23.0, 0.1875
surrogate, 40, 23.0, 0.1875
surrogate, 40, 23.0, 0.1875
surrogate, 40, 23.0, 0.1875
surrogate, 40, 23.0, 0.1875
surrogate, 40, 23.0, 0.1875
surrogate, 40, 23.0, 0.1875
surrogate, 40, 23.0, 0.1875
surrogate, 40, 23.0, 0.1875
surrogate, 40, 23.0, 0.1875
surrogate, 40, 23.0, 0.1875
surrogate, 40, 23.0, 0.1875
surrogate, 40, 23.0, 0.1875
surrogate, 40, 23.0, 0.1875
surrogate, 40, 23.0, 0.1875
surrogate, 40, 23.0, 0.1875
surrogate, 40, 23.0, 0.1875
surrogate, 40, 23.0, 0.1875
surrogate, 40, 23.0, 0.1875
surrogate, 40, 23.0, 0.1875
surrogate, 41, 33.0, 0.875
surrogate, 41, 32.0, 0.75
surrogate, 41, 32.0, 0.75
surrogate, 41, 32.0, 0.75
surrogate, 41, 30.0, 0.65625
surrogate, 41, 30.0, 0.65625
surrogate, 41, 30.0, 0.65625
surrogate, 41, 30.0, 0.65625
surrogate, 41, 30.0, 0.65625
surrogate, 41, 30.0, 0.65625
surrogate, 41, 26.0, 0.53125
surrogate, 41, 26.0, 0.53125
surrogate, 41, 26.0, 0.53125
surrogate, 41, 26.0, 0.53125
surrogate, 41, 26.0, 0.53125
surrogate, 41, 24.0, 0.34375
surrogate, 41, 24.0, 0.34375
surrogate, 41, 24.0, 0.34375
surrogate, 41, 24.0, 0.34375
surrogate, 41, 24.0, 0.34375
surrogate, 41, 23.0, 0.1875
surrogate, 41, 23.0, 0.1875
surrogate, 41, 23.0, 0.1875
surrogate, 41, 23.0, 0.1875
surrogate, 41, 23.0, 0.1875
surrogate, 41, 23.0, 0.1875
surrogate, 41, 23.0, 0.1875
surrogate, 41, 23.0, 0.1875
surrogate, 41, 23.0, 0.1875
surrogate, 41, 23.0, 0.1875
surrogate, 41, 23.0, 0.1875
surrogate, 41, 23.0, 0.1875
surrogate, 41, 23.0, 0.1875
surrogate, 41, 23.0, 0.1875
surrogate, 41, 23.0, 0.1875
surrogate, 41, 23.0, 0.1875
surrogate, 41, 23.0, 0.1875
surrogate, 41, 23.0, 0.1875
surrogate, 41, 23.0, 0.1875
surrogate, 41, 23.0, 0.1875
surrogate, 41, 23.0, 0.1875
surrogate, 41, 23.0, 0.1875
surrogate, 41, 23.0, 0.1875
surrogate, 41, 23.0, 0.1875
surrogate, 41, 23.0, 0.1875
surrogate, 41, 23.0, 0.1875
surrogate, 41, 23.0, 0.1875
surrogate, 41, 23.0, 0.1875
surrogate, 41, 23.0, 0.1875
surrogate, 41, 23.0, 0.1875
surrogate, 42, 33.0, 0.875
surrogate, 42, 33.0, 0.875
surrogate, 42, 32.0, 0.75
surrogate, 42, 32.0, 0.75
surrogate, 42, 32.0, 0.75
surrogate, 42, 32.0, 0.75
surrogate, 42, 30.0, 0.65625
surrogate, 42, 30.0, 0.65625
surrogate, 42, 30.0, 0.65625
surrogate, 42, 30.0, 0.65625
surrogate, 42, 30.0, 0.65625
surrogate, 42, 30.0, 0.65625
surrogate, 42, 26.0, 0.53125
surrogate, 42, 26.0, 0.53125
surrogate, 42, 26.0, 0.53125
surrogate, 42, 26.0, 0.53125
surrogate, 42, 26.0, 0.53125
surrogate, 42, 24.0, 0.34375
surrogate, 42, 24.0, 0.34375
surrogate, 42, 24.0, 0.34375
surrogate, 42, 24.0, 0.34375
surrogate, 42, 24.0, 0.34375
surrogate, 42, 23.0, 0.1875
surrogate, 42, 23.0, 0.1875
surrogate, 42, 23.0, 0.1875
surrogate, 42, 23.0, 0.1875
surrogate, 42, 23.0, 0.1875
surrogate, 42, 23.0, 0.1875
surrogate, 42, 23.0, 0.1875
surrogate, 42, 23.0, 0.1875
surrogate, 42, 23.0, 0.1875
surrogate, 42, 23.0, 0.1875
surrogate, 42, 23.0, 0.1875
surrogate, 42, 23.0, 0.1875
surrogate, 42, 23.0, 0.1875
surrogate, 42, 23.0, 0.1875
surrogate, 42, 23.0, 0.1875
surrogate, 42, 23.0, 0.1875
surrogate, 42, 23.0, 0.1875
surrogate, 42, 23.0, 0.1875
surrogate, 42, 23.0, 0.1875
surrogate, 42, 23.0, 0.1875
surrogate, 42, 23.0, 0.1875
surrogate, 42, 23.0, 0.1875
surrogate, 42, 23.0, 0.1875
surrogate, 42, 23.0, 0.1875
surrogate, 42, 23.0, 0.1875
surrogate, 42, 23.0, 0.1875
surrogate, 42, 23.0, 0.1875
surrogate, 42, 23.0, 0.1875
surrogate, 42, 23.0, 0.1875
surrogate, 42, 23.0, 0.1875
surrogate, 42, 23.0, 0.1875
surrogate, 43, 33.0, 0.875
surrogate, 43, 33.0, 0.875
surrogate, 43, 32.0, 0.75
surrogate, 43, 32.0, 0.75
surrogate, 43, 32.0, 0.75
surrogate, 43, 32.0, 0.75
surrogate, 43, 30.0, 0.65625
surrogate, 43, 30.0, 0.65625
surrogate, 43, 30.0, 0.65625
surrogate, 43, 30.0, 0.65625
surrogate, 43, 30.0, 0.65625
surrogate, 43, 30.0, 0.65625
surrogate, 43, 26.0, 0.53125
surrogate, 43, 26.0, 0.53125
surrogate, 43, 26.0, 0.53125
surrogate, 43, 26.0, 0.53125
surrogate, 43, 26.0, 0.53125
surrogate, 43, 26.0, 0.53125
surrogate, 43, 24.0, 0.34375
surrogate, 43, 24.0, 0.34375
surrogate, 43, 24.0, 0.34375
surrogate, 43, 24.0, 0.34375
surrogate, 43, 24.0, 0.34375
surrogate, 43, 24.0, 0.34375
surrogate, 43, 23.0, 0.1875
surrogate, 43, 23.0, 0.1875
surrogate, 43, 23.0, 0.1875
surrogate, 43, 23.0, 0.1875
surrogate, 43, 23.0, 0.1875
surrogate, 43, 23.0, 0.1875
surrogate, 43, 23.0, 0.1875
surrogate, 43, 23.0, 0.1875
surrogate, 43, 23.0, 0.1875
surrogate, 43, 23.0, 0.1875
surrogate, 43, 23.0, 0.1875
surrogate, 43, 23.0, 0.1875
surrogate, 43, 23.0, 0.1875
surrogate, 43, 23.0, 0.1875
surrogate, 43, 23.0, 0.1875
surrogate, 43, 23.0, 0.1875
surrogate, 43, 23.0, 0.1875
surrogate, 43, 23.0, 0.1875
surrogate, 43, 23.0, 0.1875
surrogate, 43, 23.0, 0.1875
surrogate, 43, 23.0, 0.1875
surrogate, 43, 23.0, 0.1875
surrogate, 43, 23.0, 0.1875
surrogate, 43, 23.0, 0.1875
surrogate, 43, 23.0, 0.1875
surrogate, 43, 23.0, 0.1875
surrogate, 43, 23.0, 0.1875
surrogate, 43, 23.0, 0.1875
surrogate, 43, 23.0, 0.1875
surrogate, 43, 23.0, 0.1875
surrogate, 43, 23.0, 0.1875
surrogate, 44, 33.0, 0.875
surrogate, 44, 33.0, 0.875
surrogate, 44, 32.0, 0.75
surrogate, 44, 32.0, 0.75
surrogate, 44, 32.0, 0.75
surrogate, 44, 32.0, 0.75
surrogate, 44, 30.0, 0.65625
surrogate, 44, 30.0, 0.65625
surrogate, 44, 30.0, 0.65625
surrogate, 44, 30.0, 0.65625
surrogate, 44, 30.0, 0.65625
surrogate, 44, 30.0, 0.65625
surrogate, 44, 30.0, 0.65625
surrogate, 44, 26.0, 0.53125
surrogate, 44, 26.0, 0.53125
surrogate, 44, 26.0, 0.53125
surrogate, 44, 26.0, 0.53125
surrogate, 44, 26.0, 0.53125
surrogate, 44, 26.0, 0.53125
surrogate, 44, 24.0, 0.34375
surrogate, 44, 24.0, 0.34375
surrogate, 44, 24.0, 0.34375
surrogate, 44, 24.0, 0.34375
surrogate, 44, 24.0, 0.34375
surrogate, 44, 24.0, 0.34375
surrogate, 44, 24.0, 0.34375
surrogate, 44, 23.0, 0.1875
surrogate, 44, 23.0, 0.1875
surrogate, 44, 23.0, 0.1875
surrogate, 44, 23.0, 0.1875
surrogate, 44, 23.0, 0.1875
surrogate, 44, 23.0, 0.1875
surrogate, 44, 23.0, 0.1875
surrogate, 44, 23.0, 0.1875
surrogate, 44, 23.0, 0.1875
surrogate, 44, 23.0, 0.1875
surrogate, 44, 23.0, 0.1875
surrogate, 44, 23.0, 0.1875
surrogate, 44, 23.0, 0.1875
surrogate, 44, 23.0, 0.1875
surrogate, 44, 23.0, 0.1875
surrogate, 44, 23.0, 0.1875
surrogate, 44, 23.0, 0.1875
surrogate, 44, 23.0, 0.1875
surrogate, 44, 23.0, 0.1875
surrogate, 44, 23.0, 0.1875
surrogate, 44, 23.0, 0.1875
surrogate, 44, 23.0, 0.1875
surrogate, 44, 23.0, 0.1875
surrogate, 44, 23.0, 0.1875
surrogate, 44, 23.0, 0.1875
surrogate, 44, 23.0, 0.1875
surrogate, 44, 23.0, 0.1875
surrogate, 44, 23.0, 0.1875
surrogate, 44, 23.0, 0.1875
surrogate, 44, 23.0, 0.1875
surrogate, 44, 23.0, 0.1875
surrogate, 44, 23.0, 0.1875
surrogate, 45, 33.0, 0.875
surrogate, 45, 33.0, 0.875
surrogate, 45, 33.0, 0.875
surrogate, 45, 32.0, 0.75
surrogate, 45, 32.0, 0.75
surrogate, 45, 32.0, 0.75
surrogate, 45, 32.0, 0.75
surrogate, 45, 32.0, 0.75
surrogate, 45, 30.0, 0.65625
surrogate, 45, 30.0, 0.65625
surrogate, 45, 30.0, 0.65625
surrogate, 45, 30.0, 0.65625
surrogate, 45, 30.0, 0.65625
surrogate, 45, 30.0, 0.65625
surrogate, 45, 30.0, 0.65625
surrogate, 45, 26.0, 0.53125
surrogate, 45, 26.0, 0.53125
surrogate, 45, 26.0, 0.53125
surrogate, 45, 26.0, 0.53125
surrogate, 45, 26.0, 0.53125
surrogate, 45, 26.0, 0.53125
surrogate, 45, 24.0, 0.34375
surrogate, 45, 24.0, 0.34375
surrogate, 45, 24.0, 0.34375
surrogate, 45, 24.0, 0.34375
surrogate, 45, 24.0, 0.34375
surrogate, 45, 24.0, 0.34375
surrogate, 45, 24.0, 0.34375
surrogate, 45, 23.0, 0.1875
surrogate, 45, 23.0, 0.1875
surrogate, 45, 23.0, 0.1875
surrogate, 45, 23.0, 0.1875
surrogate, 45, 23.0, 0.1875
surrogate, 45, 23.0, 0.1875
surrogate, 45, 23.0, 0.1875
surrogate, 45, 23.0, 0.1875
surrogate, 45, 23.0, 0.1875
surrogate, 45, 23.0, 0.1875
surrogate, 45, 23.0, 0.1875
surrogate, 45, 23.0, 0.1875
surrogate, 45, 23.0, 0.1875
surrogate, 45, 23.0, 0.1875
surrogate, 45, 23.0, 0.1875
surrogate, 45, 23.0, 0.1875
surrogate, 45, 23.0, 0.1875
surrogate, 45, 23.0, 0.1875
surrogate, 45, 23.0, 0.1875
surrogate, 45, 23.0, 0.1875
surrogate, 45, 23.0, 0.1875
surrogate, 45, 23.0, 0.1875
surrogate, 45, 23.0, 0.1875
surrogate, 45, 23.0, 0.1875
surrogate, 45, 23.0, 0.1875
surrogate, 45, 23.0, 0.1875
surrogate, 45, 23.0, 0.1875
surrogate, 45, 23.0, 0.1875
surrogate, 45, 23.0, 0.1875
surrogate, 45, 23.0, 0.1875
surrogate, 45, 23.0, 0.1875
surrogate, 45, 23.0, 0.1875
surrogate, 45, 23.0, 0.1875
surrogate, 46, 33.0, 0.875
surrogate, 46, 33.0, 0.875
surrogate, 46, 33.0, 0.875
surrogate, 46, 32.0, 0.75
surrogate, 46, 32.0, 0.75
surrogate, 46, 32.0, 0.75
surrogate, 46, 32.0, 0.75
surrogate, 46, 32.0, 0.75
surrogate, 46, 32.0, 0.75
surrogate, 46, 30.0, 0.65625
surrogate, 46, 30.0, 0.65625
surrogate, 46, 30.0, 0.65625
surrogate, 46, 30.0, 0.65625
surrogate, 46, 30.0, 0.65625
surrogate, 46, 30.0, 0.65625
surrogate, 46, 30.0, 0.65625
surrogate, 46, 26.0, 0.53125
surrogate, 46, 26.0, 0.53125
surrogate, 46, 26.0, 0.53125
surrogate, 46, 26.0, 0.53125
surrogate, 46, 26.0, 0.53125
surrogate, 46, 26.0, 0.53125
surrogate, 46, 24.0, 0.34375
surrogate, 46, 24.0, 0.34375
surrogate, 46, 24.0, 0.34375
surrogate, 46, 24.0, 0.34375
surrogate, 46, 24.0, 0.34375
surrogate, 46, 24.0, 0.34375
surrogate, 46, 24.0, 0.34375
surrogate, 46, 24.0, 0.34375
surrogate, 46, 23.0, 0.1875
surrogate, 46, 23.0, 0.1875
surrogate, 46, 23.0, 0.1875
surrogate, 46, 23.0, 0.1875
surrogate, 46, 23.0, 0.1875
surrogate, 46, 23.0, 0.1875
surrogate, 46, 23.0, 0.1875
surrogate, 46, 23.0, 0.1875
surrogate, 46, 23.0, 0.1875
surrogate, 46, 23.0, 0.1875
surrogate, 46, 23.0, 0.1875
surrogate, 46, 23.0, 0.1875
surrogate, 46, 23.0, 0.1875
surrogate, 46, 23.0, 0.1875
surrogate, 46, 23.0, 0.1875
surrogate, 46, 23.0, 0.1875
surrogate, 46, 23.0, 0.1875
surrogate, 46, 23.0, 0.1875
surrogate, 46, 23.0, 0.1875
surrogate, 46, 23.0, 0.1875
surrogate, 46, 23.0, 0.1875
surrogate, 46, 23.0, 0.1875
surrogate, 46, 23.0, 0.1875
surrogate, 46, 23.0, 0.1875
surrogate, 46, 23.0, 0.1875
surrogate, 46, 23.0, 0.1875
surrogate, 46, 23.0, 0.1875
surrogate, 46, 23.0, 0.1875
surrogate, 46, 23.0, 0.1875
surrogate, 46, 23.0, 0.1875
surrogate, 46, 23.0, 0.1875
surrogate, 46, 23.0, 0.1875
surrogate, 46, 23.0, 0.1875
surrogate, 47, 33.0, 0.875
surrogate, 47, 33.0, 0.875
surrogate, 47, 33.0, 0.875
surrogate, 47, 32.0, 0.75
surrogate, 47, 32.0, 0.75
surrogate, 47, 32.0, 0.75
surrogate, 47, 32.0, 0.75
surrogate, 47, 32.0, 0.75
surrogate, 47, 32.0, 0.75
surrogate, 47, 32.0, 0.75
surrogate, 47, 30.0, 0.65625
surrogate, 47, 30.0, 0.65625
surrogate, 47, 30.0, 0.65625
surrogate, 47, 30.0, 0.65625
surrogate, 47, 30.0, 0.65625
surrogate, 47, 30.0, 0.65625
surrogate, 47, 30.0, 0.65625
surrogate, 47, 30.0, 0.65625
surrogate, 47, 26.0, 0.53125
surrogate, 47, 26.0, 0.53125
surrogate, 47, 26.0, 0.53125
surrogate, 47, 26.0, 0.53125
surrogate, 47, 26.0, 0.53125
surrogate, 47, 26.0, 0.53125
surrogate, 47, 24.0, 0.34375
surrogate, 47, 24.0, 0.34375
surrogate, 47, 24.0, 0.34375
surrogate, 47, 24.0, 0.34375
surrogate, 47, 24.0, 0.34375
surrogate, 47, 24.0, 0.34375
surrogate, 47, 24.0, 0.34375
surrogate, 47, 24.0, 0.34375
surrogate, 47, 24.0, 0.34375
surrogate, 47, 23.0, 0.1875
surrogate, 47, 23.0, 0.1875
surrogate, 47, 23.0, 0.1875
surrogate, 47, 23.0, 0.1875
surrogate, 47, 23.0, 0.1875
surrogate, 47, 23.0, 0.1875
surrogate, 47, 23.0, 0.1875
surrogate, 47, 23.0, 0.1875
surrogate, 47, 23.0, 0.1875
surrogate, 47, 23.0, 0.1875
surrogate, 47, 23.0, 0.1875
surrogate, 47, 23.0, 0.1875
surrogate, 47, 23.0, 0.1875
surrogate, 47, 23.0, 0.1875
surrogate, 47, 23.0, 0.1875
surrogate, 47, 23.0, 0.1875
surrogate, 47, 23.0, 0.1875
surrogate, 47, 23.0, 0.1875
surrogate, 47, 23.0, 0.1875
surrogate, 47, 23.0, 0.1875
surrogate, 47, 23.0, 0.1875
surrogate, 47, 23.0, 0.1875
surrogate, 47, 23.0, 0.1875
surrogate, 47, 23.0, 0.1875
surrogate, 47, 23.0, 0.1875
surrogate, 47, 23.0, 0.1875
surrogate, 47, 23.0, 0.1875
surrogate, 47, 23.0, 0.1875
surrogate, 47, 23.0, 0.1875
surrogate, 47, 23.0, 0.1875
surrogate, 47, 23.0, 0.1875
surrogate, 47, 23.0, 0.1875
surrogate, 47, 23.0, 0.1875
surrogate, 48, 33.0, 0.875
surrogate, 48, 33.0, 0.875
surrogate, 48, 33.0, 0.875
surrogate, 48, 32.0, 0.75
surrogate, 48, 32.0, 0.75
surrogate, 48, 32.0, 0.75
surrogate, 48, 32.0, 0.75
surrogate, 48, 32.0, 0.75
surrogate, 48, 32.0, 0.75
surrogate, 48, 32.0, 0.75
surrogate, 48, 32.0, 0.75
surrogate, 48, 30.0, 0.65625
surrogate, 48, 30.0, 0.65625
surrogate, 48, 30.0, 0.65625
surrogate, 48, 30.0, 0.65625
surrogate, 48, 30.0, 0.65625
surrogate, 48, 30.0, 0.65625
surrogate, 48, 30.0, 0.65625
surrogate, 48, 30.0, 0.65625
surrogate, 48, 26.0, 0.53125
surrogate, 48, 26.0, 0.53125
surrogate, 48, 26.0, 0.53125
surrogate, 48, 26.0, 0.53125
surrogate, 48, 26.0, 0.53125
surrogate, 48, 26.0, 0.53125
surrogate, 48, 24.0, 0.34375
surrogate, 48, 24.0, 0.34375
surrogate, 48, 24.0, 0.34375
surrogate, 48, 24.0, 0.34375
surrogate, 48, 24.0, 0.34375
surrogate, 48, 24.0, 0.34375
surrogate, 48, 24.0, 0.34375
surrogate, 48, 24.0, 0.34375
surrogate, 48, 24.0, 0.34375
surrogate, 48, 23.0, 0.1875
surrogate, 48, 23.0, 0.1875
surrogate, 48, 23.0, 0.1875
surrogate, 48, 23.0, 0.1875
surrogate, 48, 23.0, 0.1875
surrogate, 48, 23.0, 0.1875
surrogate, 48, 23.0, 0.1875
surrogate, 48, 23.0, 0.1875
surrogate, 48, 23.0, 0.1875
surrogate, 48, 23.0, 0.1875
surrogate, 48, 23.0, 0.1875
surrogate, 48, 23.0, 0.1875
surrogate, 48, 23.0, 0.1875
surrogate, 48, 23.0, 0.1875
surrogate, 48, 23.0, 0.1875
surrogate, 48, 23.0, 0.1875
surrogate, 48, 23.0, 0.1875
surrogate, 48, 23.0, 0.1875
surrogate, 48, 23.0, 0.1875
surrogate, 48, 23.0, 0.1875
surrogate, 48, 23.0, 0.1875
surrogate, 48, 23.0, 0.1875
surrogate, 48, 23.0, 0.1875
surrogate, 48, 23.0, 0.1875
surrogate, 48, 23.0, 0.1875
surrogate, 48, 23.0, 0.1875
surrogate, 48, 23.0, 0.1875
surrogate, 48, 23.0, 0.1875
surrogate, 48, 23.0, 0.1875
surrogate, 48, 23.0, 0.1875
surrogate, 48, 23.0, 0.1875
surrogate, 48, 23.0, 0.1875
surrogate, 48, 23.0, 0.1875
surrogate, 49, 33.0, 0.875
surrogate, 49, 33.0, 0.875
surrogate, 49, 33.0, 0.875
surrogate, 49, 32.0, 0.75
surrogate, 49, 32.0, 0.75
surrogate, 49, 32.0, 0.75
surrogate, 49, 32.0, 0.75
surrogate, 49, 32.0, 0.75
surrogate, 49, 32.0, 0.75
surrogate, 49, 32.0, 0.75
surrogate, 49, 32.0, 0.75
surrogate, 49, 30.0, 0.65625
surrogate, 49, 30.0, 0.65625
surrogate, 49, 30.0, 0.65625
surrogate, 49, 30.0, 0.65625
surrogate, 49, 30.0, 0.65625
surrogate, 49, 30.0, 0.65625
surrogate, 49, 30.0, 0.65625
surrogate, 49, 30.0, 0.65625
surrogate, 49, 26.0, 0.53125
surrogate, 49, 26.0, 0.53125
surrogate, 49, 26.0, 0.53125
surrogate, 49, 26.0, 0.53125
surrogate, 49, 26.0, 0.53125
surrogate, 49, 26.0, 0.53125
surrogate, 49, 26.0, 0.53125
surrogate, 49, 24.0, 0.34375
surrogate, 49, 24.0, 0.34375
surrogate, 49, 24.0, 0.34375
surrogate, 49, 24.0, 0.34375
surrogate, 49, 24.0, 0.34375
surrogate, 49, 24.0, 0.34375
surrogate, 49, 24.0, 0.34375
surrogate, 49, 24.0, 0.34375
surrogate, 49, 24.0, 0.34375
surrogate, 49, 24.0, 0.34375
surrogate, 49, 23.0, 0.1875
surrogate, 49, 23.0, 0.1875
surrogate, 49, 23.0, 0.1875
surrogate, 49, 23.0, 0.1875
surrogate, 49, 23.0, 0.1875
surrogate, 49, 23.0, 0.1875
surrogate, 49, 23.0, 0.1875
surrogate, 49, 23.0, 0.1875
surrogate, 49, 23.0, 0.1875
surrogate, 49, 23.0, 0.1875
surrogate, 49, 23.0, 0.1875
surrogate, 49, 23.0, 0.1875
surrogate, 49, 23.0, 0.1875
surrogate, 49, 23.0, 0.1875
surrogate, 49, 23.0, 0.1875
surrogate, 49, 23.0, 0.1875
surrogate, 49, 23.0, 0.1875
surrogate, 49, 23.0, 0.1875
surrogate, 49, 23.0, 0.1875
surrogate, 49, 23.0, 0.1875
surrogate, 49, 23.0, 0.1875
surrogate, 49, 23.0, 0.1875
surrogate, 49, 23.0, 0.1875
surrogate, 49, 23.0, 0.1875
surrogate, 49, 23.0, 0.1875
surrogate, 49, 23.0, 0.1875
surrogate, 49, 23.0, 0.1875
surrogate, 49, 23.0, 0.1875
surrogate, 49, 23.0, 0.1875
surrogate, 49, 23.0, 0.1875
surrogate, 49, 23.0, 0.1875
surrogate, 49, 23.0, 0.1875
surrogate, 49, 23.0, 0.1875
surrogate, 49, 23.0, 0.1875
surrogate, 50, 33.0, 0.875
surrogate, 50, 33.0, 0.875
surrogate, 50, 33.0, 0.875
surrogate, 50, 33.0, 0.875
surrogate, 50, 32.0, 0.75
surrogate, 50, 32.0, 0.75
surrogate, 50, 32.0, 0.75
surrogate, 50, 32.0, 0.75
surrogate, 50, 32.0, 0.75
surrogate, 50, 32.0, 0.75
surrogate, 50, 32.0, 0.75
surrogate, 50, 32.0, 0.75
surrogate, 50, 30.0, 0.65625
surrogate, 50, 30.0, 0.65625
surrogate, 50, 30.0, 0.65625
surrogate, 50, 30.0, 0.65625
surrogate, 50, 30.0, 0.65625
surrogate, 50, 30.0, 0.65625
surrogate, 50, 30.0, 0.65625
surrogate, 50, 30.0, 0.65625
surrogate, 50, 26.0, 0.53125
surrogate, 50, 26.0, 0.53125
surrogate, 50, 26.0, 0.53125
surrogate, 50, 26.0, 0.53125
surrogate, 50, 26.0, 0.53125
surrogate, 50, 26.0, 0.53125
surrogate, 50, 26.0, 0.53125
surrogate, 50, 26.0, 0.53125
surrogate, 50, 24.0, 0.34375
surrogate, 50, 24.0, 0.34375
surrogate, 50, 24.0, 0.34375
surrogate, 50, 24.0, 0.34375
surrogate, 50, 24.0, 0.34375
surrogate, 50, 24.0, 0.34375
surrogate, 50, 24.0, 0.34375
surrogate, 50, 24.0, 0.34375
surrogate, 50, 24.0, 0.34375
surrogate, 50, 24.0, 0.34375
surrogate, 50, 24.0, 0.34375
surrogate, 50, 23.0, 0.1875
surrogate, 50, 23.0, 0.1875
surrogate, 50, 23.0, 0.1875
surrogate, 50, 23.0, 0.1875
surrogate, 50, 23.0, 0.1875
surrogate, 50, 23.0, 0.1875
surrogate, 50, 23.0, 0.1875
surrogate, 50, 23.0, 0.1875
surrogate, 50, 23.0, 0.1875
surrogate, 50, 23.0, 0.1875
surrogate, 50, 23.0, 0.1875
surrogate, 50, 23.0, 0.1875
surrogate, 50, 23.0, 0.1875
surrogate, 50, 23.0, 0.1875
surrogate, 50, 23.0, 0.1875
surrogate, 50, 23.0, 0.1875
surrogate, 50, 23.0, 0.1875
surrogate, 50, 23.0, 0.1875
surrogate, 50, 23.0, 0.1875
surrogate, 50, 23.0, 0.1875
surrogate, 50, 23.0, 0.1875
surrogate, 50, 23.0, 0.1875
surrogate, 50, 23.0, 0.1875
surrogate, 50, 23.0, 0.1875
surrogate, 50, 23.0, 0.1875
surrogate, 50, 23.0, 0.1875
surrogate, 50, 23.0, 0.1875
surrogate, 50, 23.0, 0.1875
surrogate, 50, 23.0, 0.1875
surrogate, 50, 23.0, 0.1875
surrogate, 50, 23.0, 0.1875
surrogate, 50, 23.0, 0.1875
surrogate, 50, 23.0, 0.1875
surrogate, 50, 23.0, 0.1875
surrogate, 51, 33.0, 0.875
surrogate, 51, 33.0, 0.875
surrogate, 51, 33.0, 0.875
surrogate, 51, 33.0, 0.875
surrogate, 51, 32.0, 0.75
surrogate, 51, 32.0, 0.75
surrogate, 51, 32.0, 0.75
surrogate, 51, 32.0, 0.75
surrogate, 51, 32.0, 0.75
surrogate, 51, 32.0, 0.75
surrogate, 51, 32.0, 0.75
surrogate, 51, 32.0, 0.75
surrogate, 51, 30.0, 0.65625
surrogate, 51, 30.0, 0.65625
surrogate, 51, 30.0, 0.65625
surrogate, 51, 30.0, 0.65625
surrogate, 51, 30.0, 0.65625
surrogate, 51, 30.0, 0.65625
surrogate, 51, 30.0, 0.65625
surrogate, 51, 30.0, 0.65625
surrogate, 51, 30.0, 0.65625
surrogate, 51, 26.0, 0.53125
surrogate, 51, 26.0, 0.53125
surrogate, 51, 26.0, 0.53125
surrogate, 51, 26.0, 0.53125
surrogate, 51, 26.0, 0.53125
surrogate, 51, 26.0, 0.53125
surrogate, 51, 26.0, 0.53125
surrogate, 51, 26.0, 0.53125
surrogate, 51, 26.0, 0.53125
surrogate, 51, 24.0, 0.34375
surrogate, 51, 24.0, 0.34375
surrogate, 51, 24.0, 0.34375
surrogate, 51, 24.0, 0.34375
surrogate, 51, 24.0, 0.34375
surrogate, 51, 24.0, 0.34375
surrogate, 51, 24.0, 0.34375
surrogate, 51, 24.0, 0.34375
surrogate, 51, 24.0, 0.34375
surrogate, 51, 24.0, 0.34375
surrogate, 51, 24.0, 0.34375
surrogate, 51, 23.0, 0.1875
surrogate, 51, 23.0, 0.1875
surrogate, 51, 23.0, 0.1875
surrogate, 51, 23.0, 0.1875
surrogate, 51, 23.0, 0.1875
surrogate, 51, 23.0, 0.1875
surrogate, 51, 23.0, 0.1875
surrogate, 51, 23.0, 0.1875
surrogate, 51, 23.0, 0.1875
surrogate, 51, 23.0, 0.1875
surrogate, 51, 23.0, 0.1875
surrogate, 51, 23.0, 0.1875
surrogate, 51, 23.0, 0.1875
surrogate, 51, 23.0, 0.1875
surrogate, 51, 23.0, 0.1875
surrogate, 51, 23.0, 0.1875
surrogate, 51, 23.0, 0.1875
surrogate, 51, 23.0, 0.1875
surrogate, 51, 23.0, 0.1875
surrogate, 51, 23.0, 0.1875
surrogate, 51, 23.0, 0.1875
surrogate, 51, 23.0, 0.1875
surrogate, 51, 23.0, 0.1875
surrogate, 51, 23.0, 0.1875
surrogate, 51, 23.0, 0.1875
surrogate, 51, 23.0, 0.1875
surrogate, 51, 23.0, 0.1875
surrogate, 51, 23.0, 0.1875
surrogate, 51, 23.0, 0.1875
surrogate, 51, 23.0, 0.1875
surrogate, 51, 23.0, 0.1875
surrogate, 51, 23.0, 0.1875
surrogate, 51, 23.0, 0.1875
surrogate, 51, 23.0, 0.1875
surrogate, 52, 33.0, 0.875
surrogate, 52, 33.0, 0.875
surrogate, 52, 33.0, 0.875
surrogate, 52, 33.0, 0.875
surrogate, 52, 32.0, 0.75
surrogate, 52, 32.0, 0.75
surrogate, 52, 32.0, 0.75
surrogate, 52, 32.0, 0.75
surrogate, 52, 32.0, 0.75
surrogate, 52, 32.0, 0.75
surrogate, 52, 32.0, 0.75
surrogate, 52, 32.0, 0.75
surrogate, 52, 32.0, 0.75
surrogate, 52, 30.0, 0.65625
surrogate, 52, 30.0, 0.65625
surrogate, 52, 30.0, 0.65625
surrogate, 52, 30.0, 0.65625
surrogate, 52, 30.0, 0.65625
surrogate, 52, 30.0, 0.65625
surrogate, 52, 30.0, 0.65625
surrogate, 52, 30.0, 0.65625
surrogate, 52, 30.0, 0.65625
surrogate, 52, 30.0, 0.65625
surrogate, 52, 26.0, 0.53125
surrogate, 52, 26.0, 0.53125
surrogate, 52, 26.0, 0.53125
surrogate, 52, 26.0, 0.53125
surrogate, 52, 26.0, 0.53125
surrogate, 52, 26.0, 0.53125
surrogate, 52, 26.0, 0.53125
surrogate, 52, 26.0, 0.53125
surrogate, 52, 26.0, 0.53125
surrogate, 52, 24.0, 0.34375
surrogate, 52, 24.0, 0.34375
surrogate, 52, 24.0, 0.34375
surrogate, 52, 24.0, 0.34375
surrogate, 52, 24.0, 0.34375
surrogate, 52, 24.0, 0.34375
surrogate, 52, 24.0, 0.34375
surrogate, 52, 24.0, 0.34375
surrogate, 52, 24.0, 0.34375
surrogate, 52, 24.0, 0.34375
surrogate, 52, 24.0, 0.34375
surrogate, 52, 24.0, 0.34375
surrogate, 52, 23.0, 0.1875
surrogate, 52, 23.0, 0.1875
surrogate, 52, 23.0, 0.1875
surrogate, 52, 23.0, 0.1875
surrogate, 52, 23.0, 0.1875
surrogate, 52, 23.0, 0.1875
surrogate, 52, 23.0, 0.1875
surrogate, 52, 23.0, 0.1875
surrogate, 52, 23.0, 0.1875
surrogate, 52, 23.0, 0.1875
surrogate, 52, 23.0, 0.1875
surrogate, 52, 23.0, 0.1875
surrogate, 52, 23.0, 0.1875
surrogate, 52, 23.0, 0.1875
surrogate, 52, 23.0, 0.1875
surrogate, 52, 23.0, 0.1875
surrogate, 52, 23.0, 0.1875
surrogate, 52, 23.0, 0.1875
surrogate, 52, 23.0, 0.1875
surrogate, 52, 23.0, 0.1875
surrogate, 52, 23.0, 0.1875
surrogate, 52, 23.0, 0.1875
surrogate, 52, 23.0, 0.1875
surrogate, 52, 23.0, 0.1875
surrogate, 52, 23.0, 0.1875
surrogate, 52, 23.0, 0.1875
surrogate, 52, 23.0, 0.1875
surrogate, 52, 23.0, 0.1875
surrogate, 52, 23.0, 0.1875
surrogate, 52, 23.0, 0.1875
surrogate, 52, 23.0, 0.1875
surrogate, 52, 23.0, 0.1875
surrogate, 52, 23.0, 0.1875
surrogate, 52, 23.0, 0.1875
surrogate, 52, 23.0, 0.1875
surrogate, 53, 33.0, 0.875
surrogate, 53, 33.0, 0.875
surrogate, 53, 33.0, 0.875
surrogate, 53, 33.0, 0.875
surrogate, 53, 32.0, 0.75
surrogate, 53, 32.0, 0.75
surrogate, 53, 32.0, 0.75
surrogate, 53, 32.0, 0.75
surrogate, 53, 32.0, 0.75
surrogate, 53, 32.0, 0.75
surrogate, 53, 32.0, 0.75
surrogate, 53, 32.0, 0.75
surrogate, 53, 32.0, 0.75
surrogate, 53, 30.0, 0.65625
surrogate, 53, 30.0, 0.65625
surrogate, 53, 30.0, 0.65625
surrogate, 53, 30.0, 0.65625
surrogate, 53, 30.0, 0.65625
surrogate, 53, 30.0, 0.65625
surrogate, 53, 30.0, 0.65625
surrogate, 53, 30.0, 0.65625
surrogate, 53, 30.0, 0.65625
surrogate, 53, 30.0, 0.65625
surrogate, 53, 26.0, 0.53125
surrogate, 53, 26.0, 0.53125
surrogate, 53, 26.0, 0.53125
surrogate, 53, 26.0, 0.53125
surrogate, 53, 26.0, 0.53125
surrogate, 53, 26.0, 0.53125
surrogate, 53, 26.0, 0.53125
surrogate, 53, 26.0, 0.53125
surrogate, 53, 26.0, 0.53125
surrogate, 53, 24.0, 0.34375
surrogate, 53, 24.0, 0.34375
surrogate, 53, 24.0, 0.34375
surrogate, 53, 24.0, 0.34375
surrogate, 53, 24.0, 0.34375
surrogate, 53, 24.0, 0.34375
surrogate, 53, 24.0, 0.34375
surrogate, 53, 24.0, 0.34375
surrogate, 53, 24.0, 0.34375
surrogate, 53, 24.0, 0.34375
surrogate, 53, 24.0, 0.34375
surrogate, 53, 24.0, 0.34375
surrogate, 53, 24.0, 0.34375
surrogate, 53, 23.0, 0.1875
surrogate, 53, 23.0, 0.1875
surrogate, 53, 23.0, 0.1875
surrogate, 53, 23.0, 0.1875
surrogate, 53, 23.0, 0.1875
surrogate, 53, 23.0, 0.1875
surrogate, 53, 23.0, 0.1875
surrogate, 53, 23.0, 0.1875
surrogate, 53, 23.0, 0.1875
surrogate, 53, 23.0, 0.1875
surrogate, 53, 23.0, 0.1875
surrogate, 53, 23.0, 0.1875
surrogate, 53, 23.0, 0.1875
surrogate, 53, 23.0, 0.1875
surrogate, 53, 23.0, 0.1875
surrogate, 53, 23.0, 0.1875
surrogate, 53, 23.0, 0.1875
surrogate, 53, 23.0, 0.1875
surrogate, 53, 23.0, 0.1875
surrogate, 53, 23.0, 0.1875
surrogate, 53, 23.0, 0.1875
surrogate, 53, 23.0, 0.1875
surrogate, 53, 23.0, 0.1875
surrogate, 53, 23.0, 0.1875
surrogate, 53, 23.0, 0.1875
surrogate, 53, 23.0, 0.1875
surrogate, 53, 23.0, 0.1875
surrogate, 53, 23.0, 0.1875
surrogate, 53, 23.0, 0.1875
surrogate, 53, 23.0, 0.1875
surrogate, 53, 23.0, 0.1875
surrogate, 53, 23.0, 0.1875
surrogate, 53, 23.0, 0.1875
surrogate, 53, 23.0, 0.1875
surrogate, 53, 23.0, 0.1875
surrogate, 54, 33.0, 0.875
surrogate, 54, 33.0, 0.875
surrogate, 54, 33.0, 0.875
surrogate, 54, 33.0, 0.875
surrogate, 54, 32.0, 0.75
surrogate, 54, 32.0, 0.75
surrogate, 54, 32.0, 0.75
surrogate, 54, 32.0, 0.75
surrogate, 54, 32.0, 0.75
surrogate, 54, 32.0, 0.75
surrogate, 54, 32.0, 0.75
surrogate, 54, 32.0, 0.75
surrogate, 54, 32.0, 0.75
surrogate, 54, 32.0, 0.75
surrogate, 54, 30.0, 0.65625
surrogate, 54, 30.0, 0.65625
surrogate, 54, 30.0, 0.65625
surrogate, 54, 30.0, 0.65625
surrogate, 54, 30.0, 0.65625
surrogate, 54, 30.0, 0.65625
surrogate, 54, 30.0, 0.65625
surrogate, 54, 30.0, 0.65625
surrogate, 54, 30.0, 0.65625
surrogate, 54, 30.0, 0.65625
surrogate, 54, 30.0, 0.65625
surrogate, 54, 26.0, 0.53125
surrogate, 54, 26.0, 0.53125
surrogate, 54, 26.0, 0.53125
surrogate, 54, 26.0, 0.53125
surrogate, 54, 26.0, 0.53125
surrogate, 54, 26.0, 0.53125
surrogate, 54, 26.0, 0.53125
surrogate, 54, 26.0, 0.53125
surrogate, 54, 26.0, 0.53125
surrogate, 54, 24.0, 0.34375
surrogate, 54, 24.0, 0.34375
surrogate, 54, 24.0, 0.34375
surrogate, 54, 24.0, 0.34375
surrogate, 54, 24.0, 0.34375
surrogate, 54, 24.0, 0.34375
surrogate, 54, 24.0, 0.34375
surrogate, 54, 24.0, 0.34375
surrogate, 54, 24.0, 0.34375
surrogate, 54, 24.0, 0.34375
surrogate, 54, 24.0, 0.34375
surrogate, 54, 24.0, 0.34375
surrogate, 54, 24.0, 0.34375
surrogate, 54, 23.0, 0.1875
surrogate, 54, 23.0, 0.1875
surrogate, 54, 23.0, 0.1875
surrogate, 54, 23.0, 0.1875
surrogate, 54, 23.0, 0.1875
surrogate, 54, 23.0, 0.1875
surrogate, 54, 23.0, 0.1875
surrogate, 54, 23.0, 0.1875
surrogate, 54, 23.0, 0.1875
surrogate, 54, 23.0, 0.1875
surrogate, 54, 23.0, 0.1875
surrogate, 54, 23.0, 0.1875
surrogate, 54, 23.0, 0.1875
surrogate, 54, 23.0, 0.1875
surrogate, 54, 23.0, 0.1875
surrogate, 54, 23.0, 0.1875
surrogate, 54, 23.0, 0.1875
surrogate, 54, 23.0, 0.1875
surrogate, 54, 23.0, 0.1875
surrogate, 54, 23.0, 0.1875
surrogate, 54, 23.0, 0.1875
surrogate, 54, 23.0, 0.1875
surrogate, 54, 23.0, 0.1875
surrogate, 54, 23.0, 0.1875
surrogate, 54, 23.0, 0.1875
surrogate, 54, 23.0, 0.1875
surrogate, 54, 23.0, 0.1875
surrogate, 54, 23.0, 0.1875
surrogate, 54, 23.0, 0.1875
surrogate, 54, 23.0, 0.1875
surrogate, 54, 23.0, 0.1875
surrogate, 54, 23.0, 0.1875
surrogate, 54, 23.0, 0.1875
surrogate, 54, 23.0, 0.1875
surrogate, 54, 23.0, 0.1875
surrogate, 55, 33.0, 0.875
surrogate, 55, 33.0, 0.875
surrogate, 55, 33.0, 0.875
surrogate, 55, 33.0, 0.875
surrogate, 55, 33.0, 0.875
surrogate, 55, 32.0, 0.75
surrogate, 55, 32.0, 0.75
surrogate, 55, 32.0, 0.75
surrogate, 55, 32.0, 0.75
surrogate, 55, 32.0, 0.75
surrogate, 55, 32.0, 0.75
surrogate, 55, 32.0, 0.75
surrogate, 55, 32.0, 0.75
surrogate, 55, 32.0, 0.75
surrogate, 55, 32.0, 0.75
surrogate, 55, 32.0, 0.75
surrogate, 55, 30.0, 0.65625
surrogate, 55, 30.0, 0.65625
surrogate, 55, 30.0, 0.65625
surrogate, 55, 30.0, 0.65625
surrogate, 55, 30.0, 0.65625
surrogate, 55, 30.0, 0.65625
surrogate, 55, 30.0, 0.65625
surrogate, 55, 30.0, 0.65625
surrogate, 55, 30.0, 0.65625
surrogate, 55, 30.0, 0.65625
surrogate, 55, 30.0, 0.65625
surrogate, 55, 26.0, 0.53125
surrogate, 55, 26.0, 0.53125
surrogate, 55, 26.0, 0.53125
surrogate, 55, 26.0, 0.53125
surrogate, 55, 26.0, 0.53125
surrogate, 55, 26.0, 0.53125
surrogate, 55, 26.0, 0.53125
surrogate, 55, 26.0, 0.53125
surrogate, 55, 26.0, 0.53125
surrogate, 55, 24.0, 0.34375
surrogate, 55, 24.0, 0.34375
surrogate, 55, 24.0, 0.34375
surrogate, 55, 24.0, 0.34375
surrogate, 55, 24.0, 0.34375
surrogate, 55, 24.0, 0.34375
surrogate, 55, 24.0, 0.34375
surrogate, 55, 24.0, 0.34375
surrogate, 55, 24.0, 0.34375
surrogate, 55, 24.0, 0.34375
surrogate, 55, 24.0, 0.34375
surrogate, 55, 24.0, 0.34375
surrogate, 55, 24.0, 0.34375
surrogate, 55, 23.0, 0.1875
surrogate, 55, 23.0, 0.1875
surrogate, 55, 23.0, 0.1875
surrogate, 55, 23.0, 0.1875
surrogate, 55, 23.0, 0.1875
surrogate, 55, 23.0, 0.1875
surrogate, 55, 23.0, 0.1875
surrogate, 55, 23.0, 0.1875
surrogate, 55, 23.0, 0.1875
surrogate, 55, 23.0, 0.1875
surrogate, 55, 23.0, 0.1875
surrogate, 55, 23.0, 0.1875
surrogate, 55, 23.0, 0.1875
surrogate, 55, 23.0, 0.1875
surrogate, 55, 23.0, 0.1875
surrogate, 55, 23.0, 0.1875
surrogate, 55, 23.0, 0.1875
surrogate, 55, 23.0, 0.1875
surrogate, 55, 23.0, 0.1875
surrogate, 55, 23.0, 0.1875
surrogate, 55, 23.0, 0.1875
surrogate, 55, 23.0, 0.1875
surrogate, 55, 23.0, 0.1875
surrogate, 55, 23.0, 0.1875
surrogate, 55, 23.0, 0.1875
surrogate, 55, 23.0, 0.1875
surrogate, 55, 23.0, 0.1875
surrogate, 55, 23.0, 0.1875
surrogate, 55, 23.0, 0.1875
surrogate, 55, 23.0, 0.1875
surrogate, 55, 23.0, 0.1875
surrogate, 55, 23.0, 0.1875
surrogate, 55, 23.0, 0.1875
surrogate, 55, 23.0, 0.1875
surrogate, 55, 23.0, 0.1875
surrogate, 56, 33.0, 0.875
surrogate, 56, 33.0, 0.875
surrogate, 56, 33.0, 0.875
surrogate, 56, 33.0, 0.875
surrogate, 56, 33.0, 0.875
surrogate, 56, 32.0, 0.75
surrogate, 56, 32.0, 0.75
surrogate, 56, 32.0, 0.75
surrogate, 56, 32.0, 0.75
surrogate, 56, 32.0, 0.75
surrogate, 56, 32.0, 0.75
surrogate, 56, 32.0, 0.75
surrogate, 56, 32.0, 0.75
surrogate, 56, 32.0, 0.75
surrogate, 56, 32.0, 0.75
surrogate, 56, 32.0, 0.75
surrogate, 56, 30.0, 0.65625
surrogate, 56, 30.0, 0.65625
surrogate, 56, 30.0, 0.65625
surrogate, 56, 30.0, 0.65625
surrogate, 56, 30.0, 0.65625
surrogate, 56, 30.0, 0.65625
surrogate, 56, 30.0, 0.65625
surrogate, 56, 30.0, 0.65625
surrogate, 56, 30.0, 0.65625
surrogate, 56, 30.0, 0.65625
surrogate, 56, 30.0, 0.65625
surrogate, 56, 26.0, 0.53125
surrogate, 56, 26.0, 0.53125
surrogate, 56, 26.0, 0.53125
surrogate, 56, 26.0, 0.53125
surrogate, 56, 26.0, 0.53125
surrogate, 56, 26.0, 0.53125
surrogate, 56, 26.0, 0.53125
surrogate, 56, 26.0, 0.53125
surrogate, 56, 26.0, 0.53125
surrogate, 56, 24.0, 0.34375
surrogate, 56, 24.0, 0.34375
surrogate, 56, 24.0, 0.34375
surrogate, 56, 24.0, 0.34375
surrogate, 56, 24.0, 0.34375
surrogate, 56, 24.0, 0.34375
surrogate, 56, 24.0, 0.34375
surrogate, 56, 24.0, 0.34375
surrogate, 56, 24.0, 0.34375
surrogate, 56, 24.0, 0.34375
surrogate, 56, 24.0, 0.34375
surrogate, 56, 24.0, 0.34375
surrogate, 56, 24.0, 0.34375
surrogate, 56, 23.0, 0.1875
surrogate, 56, 23.0, 0.1875
surrogate, 56, 23.0, 0.1875
surrogate, 56, 23.0, 0.1875
surrogate, 56, 23.0, 0.1875
surrogate, 56, 23.0, 0.1875
surrogate, 56, 23.0, 0.1875
surrogate, 56, 23.0, 0.1875
surrogate, 56, 23.0, 0.1875
surrogate, 56, 23.0, 0.1875
surrogate, 56, 23.0, 0.1875
surrogate, 56, 23.0, 0.1875
surrogate, 56, 23.0, 0.1875
surrogate, 56, 23.0, 0.1875
surrogate, 56, 23.0, 0.1875
surrogate, 56, 23.0, 0.1875
surrogate, 56, 23.0, 0.1875
surrogate, 56, 23.0, 0.1875
surrogate, 56, 23.0, 0.1875
surrogate, 56, 23.0, 0.1875
surrogate, 56, 23.0, 0.1875
surrogate, 56, 23.0, 0.1875
surrogate, 56, 23.0, 0.1875
surrogate, 56, 23.0, 0.1875
surrogate, 56, 23.0, 0.1875
surrogate, 56, 23.0, 0.1875
surrogate, 56, 23.0, 0.1875
surrogate, 56, 23.0, 0.1875
surrogate, 56, 23.0, 0.1875
surrogate, 56, 23.0, 0.1875
surrogate, 56, 23.0, 0.1875
surrogate, 56, 23.0, 0.1875
surrogate, 56, 23.0, 0.1875
surrogate, 56, 23.0, 0.1875
surrogate, 56, 23.0, 0.1875
surrogate, 57, 33.0, 0.875
surrogate, 57, 33.0, 0.875
surrogate, 57, 33.0, 0.875
surrogate, 57, 33.0, 0.875
surrogate, 57, 33.0, 0.875
surrogate, 57, 32.0, 0.75
surrogate, 57, 32.0, 0.75
surrogate, 57, 32.0, 0.75
surrogate, 57, 32.0, 0.75
surrogate, 57, 32.0, 0.75
surrogate, 57, 32.0, 0.75
surrogate, 57, 32.0, 0.75
surrogate, 57, 32.0, 0.75
surrogate, 57, 32.0, 0.75
surrogate, 57, 32.0, 0.75
surrogate, 57, 32.0, 0.75
surrogate, 57, 30.0, 0.65625
surrogate, 57, 30.0, 0.65625
surrogate, 57, 30.0, 0.65625
surrogate, 57, 30.0, 0.65625
surrogate, 57, 30.0, 0.65625
surrogate, 57, 30.0, 0.65625
surrogate, 57, 30.0, 0.65625
surrogate, 57, 30.0, 0.65625
surrogate, 57, 30.0, 0.65625
surrogate, 57, 30.0, 0.65625
surrogate, 57, 30.0, 0.65625
surrogate, 57, 26.0, 0.53125
surrogate, 57, 26.0, 0.53125
surrogate, 57, 26.0, 0.53125
surrogate, 57, 26.0, 0.53125
surrogate, 57, 26.0, 0.53125
surrogate, 57, 26.0, 0.53125
surrogate, 57, 26.0, 0.53125
surrogate, 57, 26.0, 0.53125
surrogate, 57, 26.0, 0.53125
surrogate, 57, 24.0, 0.34375
surrogate, 57, 24.0, 0.34375
surrogate, 57, 24.0, 0.34375
surrogate, 57, 24.0, 0.34375
surrogate, 57, 24.0, 0.34375
surrogate, 57, 24.0, 0.34375
surrogate, 57, 24.0, 0.34375
surrogate, 57, 24.0, 0.34375
surrogate, 57, 24.0, 0.34375
surrogate, 57, 24.0, 0.34375
surrogate, 57, 24.0, 0.34375
surrogate, 57, 24.0, 0.34375
surrogate, 57, 24.0, 0.34375
surrogate, 57, 24.0, 0.34375
surrogate, 57, 23.0, 0.1875
surrogate, 57, 23.0, 0.1875
surrogate, 57, 23.0, 0.1875
surrogate, 57, 23.0, 0.1875
surrogate, 57, 23.0, 0.1875
surrogate, 57, 23.0, 0.1875
surrogate, 57, 23.0, 0.1875
surrogate, 57, 23.0, 0.1875
surrogate, 57, 23.0, 0.1875
surrogate, 57, 23.0, 0.1875
surrogate, 57, 23.0, 0.1875
surrogate, 57, 23.0, 0.1875
surrogate, 57, 23.0, 0.1875
surrogate, 57, 23.0, 0.1875
surrogate, 57, 23.0, 0.1875
surrogate, 57, 23.0, 0.1875
surrogate, 57, 23.0, 0.1875
surrogate, 57, 23.0, 0.1875
surrogate, 57, 23.0, 0.1875
surrogate, 57, 23.0, 0.1875
surrogate, 57, 23.0, 0.1875
surrogate, 57, 23.0, 0.1875
surrogate, 57, 23.0, 0.1875
surrogate, 57, 23.0, 0.1875
surrogate, 57, 23.0, 0.1875
surrogate, 57, 23.0, 0.1875
surrogate, 57, 23.0, 0.1875
surrogate, 57, 23.0, 0.1875
surrogate, 57, 23.0, 0.1875
surrogate, 57, 23.0, 0.1875
surrogate, 57, 23.0, 0.1875
surrogate, 57, 23.0, 0.1875
surrogate, 57, 23.0, 0.1875
surrogate, 57, 23.0, 0.1875
surrogate, 57, 23.0, 0.1875
surrogate, 58, 33.0, 0.875
surrogate, 58, 33.0, 0.875
surrogate, 58, 33.0, 0.875
surrogate, 58, 33.0, 0.875
surrogate, 58, 33.0, 0.875
surrogate, 58, 32.0, 0.75
surrogate, 58, 32.0, 0.75
surrogate, 58, 32.0, 0.75
surrogate, 58, 32.0, 0.75
surrogate, 58, 32.0, 0.75
surrogate, 58, 32.0, 0.75
surrogate, 58, 32.0, 0.75
surrogate, 58, 32.0, 0.75
surrogate, 58, 32.0, 0.75
surrogate, 58, 32.0, 0.75
surrogate, 58, 32.0, 0.75
surrogate, 58, 32.0, 0.75
surrogate, 58, 30.0, 0.65625
surrogate, 58, 30.0, 0.65625
surrogate, 58, 30.0, 0.65625
surrogate, 58, 30.0, 0.65625
surrogate, 58, 30.0, 0.65625
surrogate, 58, 30.0, 0.65625
surrogate, 58, 30.0, 0.65625
surrogate, 58, 30.0, 0.65625
surrogate, 58, 30.0, 0.65625
surrogate, 58, 30.0, 0.65625
surrogate, 58, 30.0, 0.65625
surrogate, 58, 30.0, 0.65625
surrogate, 58, 26.0, 0.53125
surrogate, 58, 26.0, 0.53125
surrogate, 58, 26.0, 0.53125
surrogate, 58, 26.0, 0.53125
surrogate, 58, 26.0, 0.53125
surrogate, 58, 26.0, 0.53125
surrogate, 58, 26.0, 0.53125
surrogate, 58, 26.0, 0.53125
surrogate, 58, 26.0, 0.53125
surrogate, 58, 24.0, 0.34375
surrogate, 58, 24.0, 0.34375
surrogate, 58, 24.0, 0.34375
surrogate, 58, 24.0, 0.34375
surrogate, 58, 24.0, 0.34375
surrogate, 58, 24.0, 0.34375
surrogate, 58, 24.0, 0.34375
surrogate, 58, 24.0, 0.34375
surrogate, 58, 24.0, 0.34375
surrogate, 58, 24.0, 0.34375
surrogate, 58, 24.0, 0.34375
surrogate, 58, 24.0, 0.34375
surrogate, 58, 24.0, 0.34375
surrogate, 58, 24.0, 0.34375
surrogate, 58, 23.0, 0.1875
surrogate, 58, 23.0, 0.1875
surrogate, 58, 23.0, 0.1875
surrogate, 58, 23.0, 0.1875
surrogate, 58, 23.0, 0.1875
surrogate, 58, 23.0, 0.1875
surrogate, 58, 23.0, 0.1875
surrogate, 58, 23.0, 0.1875
surrogate, 58, 23.0, 0.1875
surrogate, 58, 23.0, 0.1875
surrogate, 58, 23.0, 0.1875
surrogate, 58, 23.0, 0.1875
surrogate, 58, 23.0, 0.1875
surrogate, 58, 23.0, 0.1875
surrogate, 58, 23.0, 0.1875
surrogate, 58, 23.0, 0.1875
surrogate, 58, 23.0, 0.1875
surrogate, 58, 23.0, 0.1875
surrogate, 58, 23.0, 0.1875
surrogate, 58, 23.0, 0.1875
surrogate, 58, 23.0, 0.1875
surrogate, 58, 23.0, 0.1875
surrogate, 58, 23.0, 0.1875
surrogate, 58, 23.0, 0.1875
surrogate, 58, 23.0, 0.1875
surrogate, 58, 23.0, 0.1875
surrogate, 58, 23.0, 0.1875
surrogate, 58, 23.0, 0.1875
surrogate, 58, 23.0, 0.1875
surrogate, 58, 23.0, 0.1875
surrogate, 58, 23.0, 0.1875
surrogate, 58, 23.0, 0.1875
surrogate, 58, 23.0, 0.1875
surrogate, 58, 23.0, 0.1875
surrogate, 58, 23.0, 0.1875
surrogate, 59, 33.0, 0.875
surrogate, 59, 33.0, 0.875
surrogate, 59, 33.0, 0.875
surrogate, 59, 33.0, 0.875
surrogate, 59, 33.0, 0.875
surrogate, 59, 32.0, 0.75
surrogate, 59, 32.0, 0.75
surrogate, 59, 32.0, 0.75
surrogate, 59, 32.0, 0.75
surrogate, 59, 32.0, 0.75
surrogate, 59, 32.0, 0.75
surrogate, 59, 32.0, 0.75
surrogate, 59, 32.0, 0.75
surrogate, 59, 32.0, 0.75
surrogate, 59, 32.0, 0.75
surrogate, 59, 32.0, 0.75
surrogate, 59, 32.0, 0.75
surrogate, 59, 32.0, 0.75
surrogate, 59, 30.0, 0.65625
surrogate, 59, 30.0, 0.65625
surrogate, 59, 30.0, 0.65625
surrogate, 59, 30.0, 0.65625
surrogate, 59, 30.0, 0.65625
surrogate, 59, 30.0, 0.65625
surrogate, 59, 30.0, 0.65625
surrogate, 59, 30.0, 0.65625
surrogate, 59, 30.0, 0.65625
surrogate, 59, 30.0, 0.65625
surrogate, 59, 30.0, 0.65625
surrogate, 59, 30.0, 0.65625
surrogate, 59, 26.0, 0.53125
surrogate, 59, 26.0, 0.53125
surrogate, 59, 26.0, 0.53125
surrogate, 59, 26.0, 0.53125
surrogate, 59, 26.0, 0.53125
surrogate, 59, 26.0, 0.53125
surrogate, 59, 26.0, 0.53125
surrogate, 59, 26.0, 0.53125
surrogate, 59, 26.0, 0.53125
surrogate, 59, 24.0, 0.34375
surrogate, 59, 24.0, 0.34375
surrogate, 59, 24.0, 0.34375
surrogate, 59, 24.0, 0.34375
surrogate, 59, 24.0, 0.34375
surrogate, 59, 24.0, 0.34375
surrogate, 59, 24.0, 0.34375
surrogate, 59, 24.0, 0.34375
surrogate, 59, 24.0, 0.34375
surrogate, 59, 24.0, 0.34375
surrogate, 59, 24.0, 0.34375
surrogate, 59, 24.0, 0.34375
surrogate, 59, 24.0, 0.34375
surrogate, 59, 24.0, 0.34375
surrogate, 59, 24.0, 0.34375
surrogate, 59, 23.0, 0.1875
surrogate, 59, 23.0, 0.1875
surrogate, 59, 23.0, 0.1875
surrogate, 59, 23.0, 0.1875
surrogate, 59, 23.0, 0.1875
surrogate, 59, 23.0, 0.1875
surrogate, 59, 23.0, 0.1875
surrogate, 59, 23.0, 0.1875
surrogate, 59, 23.0, 0.1875
surrogate, 59, 23.0, 0.1875
surrogate, 59, 23.0, 0.1875
surrogate, 59, 23.0, 0.1875
surrogate, 59, 23.0, 0.1875
surrogate, 59, 23.0, 0.1875
surrogate, 59, 23.0, 0.1875
surrogate, 59, 23.0, 0.1875
surrogate, 59, 23.0, 0.1875
surrogate, 59, 23.0, 0.1875
surrogate, 59, 23.0, 0.1875
surrogate, 59, 23.0, 0.1875
surrogate, 59, 23.0, 0.1875
surrogate, 59, 23.0, 0.1875
surrogate, 59, 23.0, 0.1875
surrogate, 59, 23.0, 0.1875
surrogate, 59, 23.0, 0.1875
surrogate, 59, 23.0, 0.1875
surrogate, 59, 23.0, 0.1875
surrogate, 59, 23.0, 0.1875
surrogate, 59, 23.0, 0.1875
surrogate, 59, 23.0, 0.1875
surrogate, 59, 23.0, 0.1875
surrogate, 59, 23.0, 0.1875
surrogate, 59, 23.0, 0.1875
surrogate, 59, 23.0, 0.1875
surrogate, 59, 23.0, 0.1875
surrogate, 60, 33.0, 0.875
surrogate, 60, 33.0, 0.875
surrogate, 60, 33.0, 0.875
surrogate, 60, 33.0, 0.875
surrogate, 60, 33.0, 0.875
surrogate, 60, 32.0, 0.75
surrogate, 60, 32.0, 0.75
surrogate, 60, 32.0, 0.75
surrogate, 60, 32.0, 0.75
surrogate, 60, 32.0, 0.75
surrogate, 60, 32.0, 0.75
surrogate, 60, 32.0, 0.75
surrogate, 60, 32.0, 0.75
surrogate, 60, 32.0, 0.75
surrogate, 60, 32.0, 0.75
surrogate, 60, 32.0, 0.75
surrogate, 60, 32.0, 0.75
surrogate, 60, 32.0, 0.75
surrogate, 60, 30.0, 0.65625
surrogate, 60, 30.0, 0.65625
surrogate, 60, 30.0, 0.65625
surrogate, 60, 30.0, 0.65625
surrogate, 60, 30.0, 0.65625
surrogate, 60, 30.0, 0.65625
surrogate, 60, 30.0, 0.65625
surrogate, 60, 30.0, 0.65625
surrogate, 60, 30.0, 0.65625
surrogate, 60, 30.0, 0.65625
surrogate, 60, 30.0, 0.65625
surrogate, 60, 30.0, 0.65625
surrogate, 60, 26.0, 0.53125
surrogate, 60, 26.0, 0.53125
surrogate, 60, 26.0, 0.53125
surrogate, 60, 26.0, 0.53125
surrogate, 60, 26.0, 0.53125
surrogate, 60, 26.0, 0.53125
surrogate, 60, 26.0, 0.53125
surrogate, 60, 26.0, 0.53125
surrogate, 60, 26.0, 0.53125
surrogate, 60, 24.0, 0.34375
surrogate, 60, 24.0, 0.34375
surrogate, 60, 24.0, 0.34375
surrogate, 60, 24.0, 0.34375
surrogate, 60, 24.0, 0.34375
surrogate, 60, 24.0, 0.34375
surrogate, 60, 24.0, 0.34375
surrogate, 60, 24.0, 0.34375
surrogate, 60, 24.0, 0.34375
surrogate, 60, 24.0, 0.34375
surrogate, 60, 24.0, 0.34375
surrogate, 60, 24.0, 0.34375
surrogate, 60, 24.0, 0.34375
surrogate, 60, 24.0, 0.34375
surrogate, 60, 24.0, 0.34375
surrogate, 60, 24.0, 0.34375
surrogate, 60, 23.0, 0.1875
surrogate, 60, 23.0, 0.1875
surrogate, 60, 23.0, 0.1875
surrogate, 60, 23.0, 0.1875
surrogate, 60, 23.0, 0.1875
surrogate, 60, 23.0, 0.1875
surrogate, 60, 23.0, 0.1875
surrogate, 60, 23.0, 0.1875
surrogate, 60, 23.0, 0.1875
surrogate, 60, 23.0, 0.1875
surrogate, 60, 23.0, 0.1875
surrogate, 60, 23.0, 0.1875
surrogate, 60, 23.0, 0.1875
surrogate, 60, 23.0, 0.1875
surrogate, 60, 23.0, 0.1875
surrogate, 60, 23.0, 0.1875
surrogate, 60, 23.0, 0.1875
surrogate, 60, 23.0, 0.1875
surrogate, 60, 23.0, 0.1875
surrogate, 60, 23.0, 0.1875
surrogate, 60, 23.0, 0.1875
surrogate, 60, 23.0, 0.1875
surrogate, 60, 23.0, 0.1875
surrogate, 60, 23.0, 0.1875
surrogate, 60, 23.0, 0.1875
surrogate, 60, 23.0, 0.1875
surrogate, 60, 23.0, 0.1875
surrogate, 60, 23.0, 0.1875
surrogate, 60, 23.0, 0.1875
surrogate, 60, 23.0, 0.1875
surrogate, 60, 23.0, 0.1875
surrogate, 60, 23.0, 0.1875
surrogate, 60, 23.0, 0.1875
surrogate, 60, 23.0, 0.1875
surrogate, 60, 23.0, 0.1875
surrogate, 60, 23.0, 0.1875
surrogate, 61, 33.0, 0.875
surrogate, 61, 33.0, 0.875
surrogate, 61, 33.0, 0.875
surrogate, 61, 33.0, 0.875
surrogate, 61, 33.0, 0.875
surrogate, 61, 32.0, 0.75
surrogate, 61, 32.0, 0.75
surrogate, 61, 32.0, 0.75
surrogate, 61, 32.0, 0.75
surrogate, 61, 32.0, 0.75
surrogate, 61, 32.0, 0.75
surrogate, 61, 32.0, 0.75
surrogate, 61, 32.0, 0.75
surrogate, 61, 32.0, 0.75
surrogate, 61, 32.0, 0.75
surrogate, 61, 32.0, 0.75
surrogate, 61, 32.0, 0.75
surrogate, 61, 32.0, 0.75
surrogate, 61, 30.0, 0.65625
surrogate, 61, 30.0, 0.65625
surrogate, 61, 30.0, 0.65625
surrogate, 61, 30.0, 0.65625
surrogate, 61, 30.0, 0.65625
surrogate, 61, 30.0, 0.65625
surrogate, 61, 30.0, 0.65625
surrogate, 61, 30.0, 0.65625
surrogate, 61, 30.0, 0.65625
surrogate, 61, 30.0, 0.65625
surrogate, 61, 30.0, 0.65625
surrogate, 61, 30.0, 0.65625
surrogate, 61, 26.0, 0.53125
surrogate, 61, 26.0, 0.53125
surrogate, 61, 26.0, 0.53125
surrogate, 61, 26.0, 0.53125
surrogate, 61, 26.0, 0.53125
surrogate, 61, 26.0, 0.53125
surrogate, 61, 26.0, 0.53125
surrogate, 61, 26.0, 0.53125
surrogate, 61, 26.0, 0.53125
surrogate, 61, 26.0, 0.53125
surrogate, 61, 24.0, 0.34375
surrogate, 61, 24.0, 0.34375
surrogate, 61, 24.0, 0.34375
surrogate, 61, 24.0, 0.34375
surrogate, 61, 24.0, 0.34375
surrogate, 61, 24.0, 0.34375
surrogate, 61, 24.0, 0.34375
surrogate, 61, 24.0, 0.34375
surrogate, 61, 24.0, 0.34375
surrogate, 61, 24.0, 0.34375
surrogate, 61, 24.0, 0.34375
surrogate, 61, 24.0, 0.34375
surrogate, 61, 24.0, 0.34375
surrogate, 61, 24.0, 0.34375
surrogate, 61, 24.0, 0.34375
surrogate, 61, 24.0, 0.34375
surrogate, 61, 24.0, 0.34375
surrogate, 61, 23.0, 0.1875
surrogate, 61, 23.0, 0.1875
surrogate, 61, 23.0, 0.1875
surrogate, 61, 23.0, 0.1875
surrogate, 61, 23.0, 0.1875
surrogate, 61, 23.0, 0.1875
surrogate, 61, 23.0, 0.1875
surrogate, 61, 23.0, 0.1875
surrogate, 61, 23.0, 0.1875
surrogate, 61, 23.0, 0.1875
surrogate, 61, 23.0, 0.1875
surrogate, 61, 23.0, 0.1875
surrogate, 61, 23.0, 0.1875
surrogate, 61, 23.0, 0.1875
surrogate, 61, 23.0, 0.1875
surrogate, 61, 23.0, 0.1875
surrogate, 61, 23.0, 0.1875
surrogate, 61, 23.0, 0.1875
surrogate, 61, 23.0, 0.1875
surrogate, 61, 23.0, 0.1875
surrogate, 61, 23.0, 0.1875
surrogate, 61, 23.0, 0.1875
surrogate, 61, 23.0, 0.1875
surrogate, 61, 23.0, 0.1875
surrogate, 61, 23.0, 0.1875
surrogate, 61, 23.0, 0.1875
surrogate, 61, 23.0, 0.1875
surrogate, 61, 23.0, 0.1875
surrogate, 61, 23.0, 0.1875
surrogate, 61, 23.0, 0.1875
surrogate, 61, 23.0, 0.1875
surrogate, 61, 23.0, 0.1875
surrogate, 61, 23.0, 0.1875
surrogate, 61, 23.0, 0.1875
surrogate, 61, 23.0, 0.1875
surrogate, 61, 23.0, 0.1875
surrogate, 62, 33.0, 0.875
surrogate, 62, 33.0, 0.875
surrogate, 62, 33.0, 0.875
surrogate, 62, 33.0, 0.875
surrogate, 62, 33.0, 0.875
surrogate, 62, 32.0, 0.78125
surrogate, 62, 30.0, 0.65625
surrogate, 62, 30.0, 0.65625
surrogate, 62, 30.0, 0.65625
surrogate, 62, 30.0, 0.65625
surrogate, 62, 30.0, 0.65625
surrogate, 62, 30.0, 0.65625
surrogate, 62, 30.0, 0.65625
surrogate, 62, 30.0, 0.65625
surrogate, 62, 30.0, 0.65625
surrogate, 62, 30.0, 0.65625
surrogate, 62, 30.0, 0.65625
surrogate, 62, 30.0, 0.65625
surrogate, 62, 30.0, 0.65625
surrogate, 62, 26.0, 0.53125
surrogate, 62, 26.0, 0.53125
surrogate, 62, 26.0, 0.53125
surrogate, 62, 26.0, 0.53125
surrogate, 62, 26.0, 0.53125
surrogate, 62, 26.0, 0.53125
surrogate, 62, 26.0, 0.53125
surrogate, 62, 26.0, 0.53125
surrogate, 62, 26.0, 0.53125
surrogate, 62, 26.0, 0.53125
surrogate, 62, 26.0, 0.53125
surrogate, 62, 24.0, 0.34375
surrogate, 62, 24.0, 0.34375
surrogate, 62, 24.0, 0.34375
surrogate, 62, 24.0, 0.34375
surrogate, 62, 24.0, 0.34375
surrogate, 62, 24.0, 0.34375
surrogate, 62, 24.0, 0.34375
surrogate, 62, 24.0, 0.34375
surrogate, 62, 24.0, 0.34375
surrogate, 62, 24.0, 0.34375
surrogate, 62, 24.0, 0.34375
surrogate, 62, 24.0, 0.34375
surrogate, 62, 24.0, 0.34375
surrogate, 62, 24.0, 0.34375
surrogate, 62, 24.0, 0.34375
surrogate, 62, 24.0, 0.34375
surrogate, 62, 24.0, 0.34375
surrogate, 62, 24.0, 0.34375
surrogate, 62, 23.0, 0.1875
surrogate, 62, 23.0, 0.1875
surrogate, 62, 23.0, 0.1875
surrogate, 62, 23.0, 0.1875
surrogate, 62, 23.0, 0.1875
surrogate, 62, 23.0, 0.1875
surrogate, 62, 23.0, 0.1875
surrogate, 62, 23.0, 0.1875
surrogate, 62, 23.0, 0.1875
surrogate, 62, 23.0, 0.1875
surrogate, 62, 23.0, 0.1875
surrogate, 62, 23.0, 0.1875
surrogate, 62, 23.0, 0.1875
surrogate, 62, 23.0, 0.1875
surrogate, 62, 23.0, 0.1875
surrogate, 62, 23.0, 0.1875
surrogate, 62, 23.0, 0.1875
surrogate, 62, 23.0, 0.1875
surrogate, 62, 23.0, 0.1875
surrogate, 62, 23.0, 0.1875
surrogate, 62, 23.0, 0.1875
surrogate, 62, 23.0, 0.1875
surrogate, 62, 23.0, 0.1875
surrogate, 62, 23.0, 0.1875
surrogate, 62, 23.0, 0.1875
surrogate, 62, 23.0, 0.1875
surrogate, 62, 23.0, 0.1875
surrogate, 62, 23.0, 0.1875
surrogate, 62, 23.0, 0.1875
surrogate, 62, 23.0, 0.1875
surrogate, 62, 23.0, 0.1875
surrogate, 62, 23.0, 0.1875
surrogate, 62, 23.0, 0.1875
surrogate, 62, 23.0, 0.1875
surrogate, 62, 23.0, 0.1875
surrogate, 62, 23.0, 0.1875
surrogate, 62, 23.0, 0.1875
surrogate, 63, 33.0, 0.875
surrogate, 63, 33.0, 0.875
surrogate, 63, 33.0, 0.875
surrogate, 63, 33.0, 0.875
surrogate, 63, 33.0, 0.875
surrogate, 63, 32.0, 0.78125
surrogate, 63, 30.0, 0.65625
surrogate, 63, 30.0, 0.65625
surrogate, 63, 30.0, 0.65625
surrogate, 63, 30.0, 0.65625
surrogate, 63, 30.0, 0.65625
surrogate, 63, 30.0, 0.65625
surrogate, 63, 30.0, 0.65625
surrogate, 63, 30.0, 0.65625
surrogate, 63, 30.0, 0.65625
surrogate, 63, 30.0, 0.65625
surrogate, 63, 30.0, 0.65625
surrogate, 63, 30.0, 0.65625
surrogate, 63, 30.0, 0.65625
surrogate, 63, 26.0, 0.53125
surrogate, 63, 26.0, 0.53125
surrogate, 63, 26.0, 0.53125
surrogate, 63, 26.0, 0.53125
surrogate, 63, 26.0, 0.53125
surrogate, 63, 26.0, 0.53125
surrogate, 63, 26.0, 0.53125
surrogate, 63, 26.0, 0.53125
surrogate, 63, 26.0, 0.53125
surrogate, 63, 26.0, 0.53125
surrogate, 63, 26.0, 0.53125
surrogate, 63, 26.0, 0.53125
surrogate, 63, 24.0, 0.34375
surrogate, 63, 24.0, 0.34375
surrogate, 63, 24.0, 0.34375
surrogate, 63, 24.0, 0.34375
surrogate, 63, 24.0, 0.34375
surrogate, 63, 24.0, 0.34375
surrogate, 63, 24.0, 0.34375
surrogate, 63, 24.0, 0.34375
surrogate, 63, 24.0, 0.34375
surrogate, 63, 24.0, 0.34375
surrogate, 63, 24.0, 0.34375
surrogate, 63, 24.0, 0.34375
surrogate, 63, 24.0, 0.34375
surrogate, 63, 24.0, 0.34375
surrogate, 63, 24.0, 0.34375
surrogate, 63, 24.0, 0.34375
surrogate, 63, 24.0, 0.34375
surrogate, 63, 24.0, 0.34375
surrogate, 63, 24.0, 0.34375
surrogate, 63, 23.0, 0.1875
surrogate, 63, 23.0, 0.1875
surrogate, 63, 23.0, 0.1875
surrogate, 63, 23.0, 0.1875
surrogate, 63, 23.0, 0.1875
surrogate, 63, 23.0, 0.1875
surrogate, 63, 23.0, 0.1875
surrogate, 63, 23.0, 0.1875
surrogate, 63, 23.0, 0.1875
surrogate, 63, 23.0, 0.1875
surrogate, 63, 23.0, 0.1875
surrogate, 63, 23.0, 0.1875
surrogate, 63, 23.0, 0.1875
surrogate, 63, 23.0, 0.1875
surrogate, 63, 23.0, 0.1875
surrogate, 63, 23.0, 0.1875
surrogate, 63, 23.0, 0.1875
surrogate, 63, 23.0, 0.1875
surrogate, 63, 23.0, 0.1875
surrogate, 63, 23.0, 0.1875
surrogate, 63, 23.0, 0.1875
surrogate, 63, 23.0, 0.1875
surrogate, 63, 23.0, 0.1875
surrogate, 63, 23.0, 0.1875
surrogate, 63, 23.0, 0.1875
surrogate, 63, 23.0, 0.1875
surrogate, 63, 23.0, 0.1875
surrogate, 63, 23.0, 0.1875
surrogate, 63, 23.0, 0.1875
surrogate, 63, 23.0, 0.1875
surrogate, 63, 23.0, 0.1875
surrogate, 63, 23.0, 0.1875
surrogate, 63, 23.0, 0.1875
surrogate, 63, 23.0, 0.1875
surrogate, 63, 23.0, 0.1875
surrogate, 63, 23.0, 0.1875
surrogate, 63, 23.0, 0.1875
surrogate, 64, 33.0, 0.875
surrogate, 64, 33.0, 0.875
surrogate, 64, 33.0, 0.875
surrogate, 64, 33.0, 0.875
surrogate, 64, 33.0, 0.875
surrogate, 64, 32.0, 0.78125
surrogate, 64, 30.0, 0.65625
surrogate, 64, 30.0, 0.65625
surrogate, 64, 30.0, 0.65625
surrogate, 64, 30.0, 0.65625
surrogate, 64, 30.0, 0.65625
surrogate, 64, 30.0, 0.65625
surrogate, 64, 30.0, 0.65625
surrogate, 64, 30.0, 0.65625
surrogate, 64, 30.0, 0.65625
surrogate, 64, 30.0, 0.65625
surrogate, 64, 30.0, 0.65625
surrogate, 64, 30.0, 0.65625
surrogate, 64, 30.0, 0.65625
surrogate, 64, 30.0, 0.65625
surrogate, 64, 26.0, 0.53125
surrogate, 64, 26.0, 0.53125
surrogate, 64, 26.0, 0.53125
surrogate, 64, 26.0, 0.53125
surrogate, 64, 26.0, 0.53125
surrogate, 64, 26.0, 0.53125
surrogate, 64, 26.0, 0.53125
surrogate, 64, 26.0, 0.53125
surrogate, 64, 26.0, 0.53125
surrogate, 64, 26.0, 0.53125
surrogate, 64, 26.0, 0.53125
surrogate, 64, 26.0, 0.53125
surrogate, 64, 24.0, 0.34375
surrogate, 64, 24.0, 0.34375
surrogate, 64, 24.0, 0.34375
surrogate, 64, 24.0, 0.34375
surrogate, 64, 24.0, 0.34375
surrogate, 64, 24.0, 0.34375
surrogate, 64, 24.0, 0.34375
surrogate, 64, 24.0, 0.34375
surrogate, 64, 24.0, 0.34375
surrogate, 64, 24.0, 0.34375
surrogate, 64, 24.0, 0.34375
surrogate, 64, 24.0, 0.34375
surrogate, 64, 24.0, 0.34375
surrogate, 64, 24.0, 0.34375
surrogate, 64, 24.0, 0.34375
surrogate, 64, 24.0, 0.34375
surrogate, 64, 24.0, 0.34375
surrogate, 64, 24.0, 0.34375
surrogate, 64, 24.0, 0.34375
surrogate, 64, 24.0, 0.34375
surrogate, 64, 23.0, 0.1875
surrogate, 64, 23.0, 0.1875
surrogate, 64, 23.0, 0.1875
surrogate, 64, 23.0, 0.1875
surrogate, 64, 23.0, 0.1875
surrogate, 64, 23.0, 0.1875
surrogate, 64, 23.0, 0.1875
surrogate, 64, 23.0, 0.1875
surrogate, 64, 23.0, 0.1875
surrogate, 64, 23.0, 0.1875
surrogate, 64, 23.0, 0.1875
surrogate, 64, 23.0, 0.1875
surrogate, 64, 23.0, 0.1875
surrogate, 64, 23.0, 0.1875
surrogate, 64, 23.0, 0.1875
surrogate, 64, 23.0, 0.1875
surrogate, 64, 23.0, 0.1875
surrogate, 64, 23.0, 0.1875
surrogate, 64, 23.0, 0.1875
surrogate, 64, 23.0, 0.1875
surrogate, 64, 23.0, 0.1875
surrogate, 64, 23.0, 0.1875
surrogate, 64, 23.0, 0.1875
surrogate, 64, 23.0, 0.1875
surrogate, 64, 23.0, 0.1875
surrogate, 64, 23.0, 0.1875
surrogate, 64, 23.0, 0.1875
surrogate, 64, 23.0, 0.1875
surrogate, 64, 23.0, 0.1875
surrogate, 64, 23.0, 0.1875
surrogate, 64, 23.0, 0.1875
surrogate, 64, 23.0, 0.1875
surrogate, 64, 23.0, 0.1875
surrogate, 64, 23.0, 0.1875
surrogate, 64, 23.0, 0.1875
surrogate, 64, 23.0, 0.1875
surrogate, 64, 23.0, 0.1875
surrogate, 65, 33.0, 0.875
surrogate, 65, 33.0, 0.875
surrogate, 65, 33.0, 0.875
surrogate, 65, 33.0, 0.875
surrogate, 65, 33.0, 0.875
surrogate, 65, 32.0, 0.78125
surrogate, 65, 32.0, 0.78125
surrogate, 65, 30.0, 0.65625
surrogate, 65, 30.0, 0.65625
surrogate, 65, 30.0, 0.65625
surrogate, 65, 30.0, 0.65625
surrogate, 65, 30.0, 0.65625
surrogate, 65, 30.0, 0.65625
surrogate, 65, 30.0, 0.65625
surrogate, 65, 30.0, 0.65625
surrogate, 65, 30.0, 0.65625
surrogate, 65, 30.0, 0.65625
surrogate, 65, 30.0, 0.65625
surrogate, 65, 30.0, 0.65625
surrogate, 65, 30.0, 0.65625
surrogate, 65, 30.0, 0.65625
surrogate, 65, 26.0, 0.53125
surrogate, 65, 26.0, 0.53125
surrogate, 65, 26.0, 0.53125
surrogate, 65, 26.0, 0.53125
surrogate, 65, 26.0, 0.53125
surrogate, 65, 26.0, 0.53125
surrogate, 65, 26.0, 0.53125
surrogate, 65, 26.0, 0.53125
surrogate, 65, 26.0, 0.53125
surrogate, 65, 26.0, 0.53125
surrogate, 65, 26.0, 0.53125
surrogate, 65, 26.0, 0.53125
surrogate, 65, 24.0, 0.34375
surrogate, 65, 24.0, 0.34375
surrogate, 65, 24.0, 0.34375
surrogate, 65, 24.0, 0.34375
surrogate, 65, 24.0, 0.34375
surrogate, 65, 24.0, 0.34375
surrogate, 65, 24.0, 0.34375
surrogate, 65, 24.0, 0.34375
surrogate, 65, 24.0, 0.34375
surrogate, 65, 24.0, 0.34375
surrogate, 65, 24.0, 0.34375
surrogate, 65, 24.0, 0.34375
surrogate, 65, 24.0, 0.34375
surrogate, 65, 24.0, 0.34375
surrogate, 65, 24.0, 0.34375
surrogate, 65, 24.0, 0.34375
surrogate, 65, 24.0, 0.34375
surrogate, 65, 24.0, 0.34375
surrogate, 65, 24.0, 0.34375
surrogate, 65, 24.0, 0.34375
surrogate, 65, 23.0, 0.1875
surrogate, 65, 23.0, 0.1875
surrogate, 65, 23.0, 0.1875
surrogate, 65, 23.0, 0.1875
surrogate, 65, 23.0, 0.1875
surrogate, 65, 23.0, 0.1875
surrogate, 65, 23.0, 0.1875
surrogate, 65, 23.0, 0.1875
surrogate, 65, 23.0, 0.1875
surrogate, 65, 23.0, 0.1875
surrogate, 65, 23.0, 0.1875
surrogate, 65, 23.0, 0.1875
surrogate, 65, 23.0, 0.1875
surrogate, 65, 23.0, 0.1875
surrogate, 65, 23.0, 0.1875
surrogate, 65, 23.0, 0.1875
surrogate, 65, 23.0, 0.1875
surrogate, 65, 23.0, 0.1875
surrogate, 65, 23.0, 0.1875
surrogate, 65, 23.0, 0.1875
surrogate, 65, 23.0, 0.1875
surrogate, 65, 23.0, 0.1875
surrogate, 65, 23.0, 0.1875
surrogate, 65, 23.0, 0.1875
surrogate, 65, 23.0, 0.1875
surrogate, 65, 23.0, 0.1875
surrogate, 65, 23.0, 0.1875
surrogate, 65, 23.0, 0.1875
surrogate, 65, 23.0, 0.1875
surrogate, 65, 23.0, 0.1875
surrogate, 65, 23.0, 0.1875
surrogate, 65, 23.0, 0.1875
surrogate, 65, 23.0, 0.1875
surrogate, 65, 23.0, 0.1875
surrogate, 65, 23.0, 0.1875
surrogate, 65, 23.0, 0.1875
surrogate, 65, 23.0, 0.1875
surrogate, 66, 33.0, 0.875
surrogate, 66, 33.0, 0.875
surrogate, 66, 33.0, 0.875
surrogate, 66, 33.0, 0.875
surrogate, 66, 33.0, 0.875
surrogate, 66, 32.0, 0.78125
surrogate, 66, 32.0, 0.78125
surrogate, 66, 30.0, 0.65625
surrogate, 66, 30.0, 0.65625
surrogate, 66, 30.0, 0.65625
surrogate, 66, 30.0, 0.65625
surrogate, 66, 30.0, 0.65625
surrogate, 66, 30.0, 0.65625
surrogate, 66, 30.0, 0.65625
surrogate, 66, 30.0, 0.65625
surrogate, 66, 30.0, 0.65625
surrogate, 66, 30.0, 0.65625
surrogate, 66, 30.0, 0.65625
surrogate, 66, 30.0, 0.65625
surrogate, 66, 30.0, 0.65625
surrogate, 66, 30.0, 0.65625
surrogate, 66, 26.0, 0.53125
surrogate, 66, 26.0, 0.53125
surrogate, 66, 26.0, 0.53125
surrogate, 66, 26.0, 0.53125
surrogate, 66, 26.0, 0.53125
surrogate, 66, 26.0, 0.53125
surrogate, 66, 26.0, 0.53125
surrogate, 66, 26.0, 0.53125
surrogate, 66, 26.0, 0.53125
surrogate, 66, 26.0, 0.53125
surrogate, 66, 26.0, 0.53125
surrogate, 66, 26.0, 0.53125
surrogate, 66, 24.0, 0.34375
surrogate, 66, 24.0, 0.34375
surrogate, 66, 24.0, 0.34375
surrogate, 66, 24.0, 0.34375
surrogate, 66, 24.0, 0.34375
surrogate, 66, 24.0, 0.34375
surrogate, 66, 24.0, 0.34375
surrogate, 66, 24.0, 0.34375
surrogate, 66, 24.0, 0.34375
surrogate, 66, 24.0, 0.34375
surrogate, 66, 24.0, 0.34375
surrogate, 66, 24.0, 0.34375
surrogate, 66, 24.0, 0.34375
surrogate, 66, 24.0, 0.34375
surrogate, 66, 24.0, 0.34375
surrogate, 66, 24.0, 0.34375
surrogate, 66, 24.0, 0.34375
surrogate, 66, 24.0, 0.34375
surrogate, 66, 24.0, 0.34375
surrogate, 66, 24.0, 0.34375
surrogate, 66, 23.0, 0.1875
surrogate, 66, 23.0, 0.1875
surrogate, 66, 23.0, 0.1875
surrogate, 66, 23.0, 0.1875
surrogate, 66, 23.0, 0.1875
surrogate, 66, 23.0, 0.1875
surrogate, 66, 23.0, 0.1875
surrogate, 66, 23.0, 0.1875
surrogate, 66, 23.0, 0.1875
surrogate, 66, 23.0, 0.1875
surrogate, 66, 23.0, 0.1875
surrogate, 66, 23.0, 0.1875
surrogate, 66, 23.0, 0.1875
surrogate, 66, 23.0, 0.1875
surrogate, 66, 23.0, 0.1875
surrogate, 66, 23.0, 0.1875
surrogate, 66, 23.0, 0.1875
surrogate, 66, 23.0, 0.1875
surrogate, 66, 23.0, 0.1875
surrogate, 66, 23.0, 0.1875
surrogate, 66, 23.0, 0.1875
surrogate, 66, 23.0, 0.1875
surrogate, 66, 23.0, 0.1875
surrogate, 66, 23.0, 0.1875
surrogate, 66, 23.0, 0.1875
surrogate, 66, 23.0, 0.1875
surrogate, 66, 23.0, 0.1875
surrogate, 66, 23.0, 0.1875
surrogate, 66, 23.0, 0.1875
surrogate, 66, 23.0, 0.1875
surrogate, 66, 23.0, 0.1875
surrogate, 66, 23.0, 0.1875
surrogate, 66, 23.0, 0.1875
surrogate, 66, 23.0, 0.1875
surrogate, 66, 23.0, 0.1875
surrogate, 66, 23.0, 0.1875
surrogate, 66, 23.0, 0.1875
surrogate, 66, 23.0, 0.1875
surrogate, 67, 33.0, 0.875
surrogate, 67, 33.0, 0.875
surrogate, 67, 33.0, 0.875
surrogate, 67, 33.0, 0.875
surrogate, 67, 33.0, 0.875
surrogate, 67, 33.0, 0.875
surrogate, 67, 32.0, 0.78125
surrogate, 67, 32.0, 0.78125
surrogate, 67, 30.0, 0.65625
surrogate, 67, 30.0, 0.65625
surrogate, 67, 30.0, 0.65625
surrogate, 67, 30.0, 0.65625
surrogate, 67, 30.0, 0.65625
surrogate, 67, 30.0, 0.65625
surrogate, 67, 30.0, 0.65625
surrogate, 67, 30.0, 0.65625
surrogate, 67, 30.0, 0.65625
surrogate, 67, 30.0, 0.65625
surrogate, 67, 30.0, 0.65625
surrogate, 67, 30.0, 0.65625
surrogate, 67, 30.0, 0.65625
surrogate, 67, 30.0, 0.65625
surrogate, 67, 26.0, 0.53125
surrogate, 67, 26.0, 0.53125
surrogate, 67, 26.0, 0.53125
surrogate, 67, 26.0, 0.53125
surrogate, 67, 26.0, 0.53125
surrogate, 67, 26.0, 0.53125
surrogate, 67, 26.0, 0.53125
surrogate, 67, 26.0, 0.53125
surrogate, 67, 26.0, 0.53125
surrogate, 67, 26.0, 0.53125
surrogate, 67, 26.0, 0.53125
surrogate, 67, 26.0, 0.53125
surrogate, 67, 24.0, 0.34375
surrogate, 67, 24.0, 0.34375
surrogate, 67, 24.0, 0.34375
surrogate, 67, 24.0, 0.34375
surrogate, 67, 24.0, 0.34375
surrogate, 67, 24.0, 0.34375
surrogate, 67, 24.0, 0.34375
surrogate, 67, 24.0, 0.34375
surrogate, 67, 24.0, 0.34375
surrogate, 67, 24.0, 0.34375
surrogate, 67, 24.0, 0.34375
surrogate, 67, 24.0, 0.34375
surrogate, 67, 24.0, 0.34375
surrogate, 67, 24.0, 0.34375
surrogate, 67, 24.0, 0.34375
surrogate, 67, 24.0, 0.34375
surrogate, 67, 24.0, 0.34375
surrogate, 67, 24.0, 0.34375
surrogate, 67, 24.0, 0.34375
surrogate, 67, 24.0, 0.34375
surrogate, 67, 23.0, 0.1875
surrogate, 67, 23.0, 0.1875
surrogate, 67, 23.0, 0.1875
surrogate, 67, 23.0, 0.1875
surrogate, 67, 23.0, 0.1875
surrogate, 67, 23.0, 0.1875
surrogate, 67, 23.0, 0.1875
surrogate, 67, 23.0, 0.1875
surrogate, 67, 23.0, 0.1875
surrogate, 67, 23.0, 0.1875
surrogate, 67, 23.0, 0.1875
surrogate, 67, 23.0, 0.1875
surrogate, 67, 23.0, 0.1875
surrogate, 67, 23.0, 0.1875
surrogate, 67, 23.0, 0.1875
surrogate, 67, 23.0, 0.1875
surrogate, 67, 23.0, 0.1875
surrogate, 67, 23.0, 0.1875
surrogate, 67, 23.0, 0.1875
surrogate, 67, 23.0, 0.1875
surrogate, 67, 23.0, 0.1875
surrogate, 67, 23.0, 0.1875
surrogate, 67, 23.0, 0.1875
surrogate, 67, 23.0, 0.1875
surrogate, 67, 23.0, 0.1875
surrogate, 67, 23.0, 0.1875
surrogate, 67, 23.0, 0.1875
surrogate, 67, 23.0, 0.1875
surrogate, 67, 23.0, 0.1875
surrogate, 67, 23.0, 0.1875
surrogate, 67, 23.0, 0.1875
surrogate, 67, 23.0, 0.1875
surrogate, 67, 23.0, 0.1875
surrogate, 67, 23.0, 0.1875
surrogate, 67, 23.0, 0.1875
surrogate, 67, 23.0, 0.1875
surrogate, 67, 23.0, 0.1875
surrogate, 67, 23.0, 0.1875
surrogate, 67, 23.0, 0.1875
surrogate, 68, 33.0, 0.875
surrogate, 68, 33.0, 0.875
surrogate, 68, 33.0, 0.875
surrogate, 68, 33.0, 0.875
surrogate, 68, 33.0, 0.875
surrogate, 68, 33.0, 0.875
surrogate, 68, 33.0, 0.875
surrogate, 68, 32.0, 0.78125
surrogate, 68, 32.0, 0.78125
surrogate, 68, 30.0, 0.65625
surrogate, 68, 30.0, 0.65625
surrogate, 68, 30.0, 0.65625
surrogate, 68, 30.0, 0.65625
surrogate, 68, 30.0, 0.65625
surrogate, 68, 30.0, 0.65625
surrogate, 68, 30.0, 0.65625
surrogate, 68, 30.0, 0.65625
surrogate, 68, 30.0, 0.65625
surrogate, 68, 30.0, 0.65625
surrogate, 68, 30.0, 0.65625
surrogate, 68, 30.0, 0.65625
surrogate, 68, 30.0, 0.65625
surrogate, 68, 30.0, 0.65625
surrogate, 68, 29.0, 0.59375
surrogate, 68, 26.0, 0.53125
surrogate, 68, 26.0, 0.53125
surrogate, 68, 26.0, 0.53125
surrogate, 68, 26.0, 0.53125
surrogate, 68, 26.0, 0.53125
surrogate, 68, 26.0, 0.53125
surrogate, 68, 26.0, 0.53125
surrogate, 68, 26.0, 0.53125
surrogate, 68, 26.0, 0.53125
surrogate, 68, 26.0, 0.53125
surrogate, 68, 26.0, 0.53125
surrogate, 68, 26.0, 0.53125
surrogate, 68, 26.0, 0.53125
surrogate, 68, 24.0, 0.34375
surrogate, 68, 24.0, 0.34375
surrogate, 68, 24.0, 0.34375
surrogate, 68, 24.0, 0.34375
surrogate, 68, 24.0, 0.34375
surrogate, 68, 24.0, 0.34375
surrogate, 68, 24.0, 0.34375
surrogate, 68, 24.0, 0.34375
surrogate, 68, 24.0, 0.34375
surrogate, 68, 24.0, 0.34375
surrogate, 68, 24.0, 0.34375
surrogate, 68, 24.0, 0.34375
surrogate, 68, 24.0, 0.34375
surrogate, 68, 24.0, 0.34375
surrogate, 68, 24.0, 0.34375
surrogate, 68, 24.0, 0.34375
surrogate, 68, 24.0, 0.34375
surrogate, 68, 24.0, 0.34375
surrogate, 68, 24.0, 0.34375
surrogate, 68, 24.0, 0.34375
surrogate, 68, 24.0, 0.34375
surrogate, 68, 23.0, 0.1875
surrogate, 68, 23.0, 0.1875
surrogate, 68, 23.0, 0.1875
surrogate, 68, 23.0, 0.1875
surrogate, 68, 23.0, 0.1875
surrogate, 68, 23.0, 0.1875
surrogate, 68, 23.0, 0.1875
surrogate, 68, 23.0, 0.1875
surrogate, 68, 23.0, 0.1875
surrogate, 68, 23.0, 0.1875
surrogate, 68, 23.0, 0.1875
surrogate, 68, 23.0, 0.1875
surrogate, 68, 23.0, 0.1875
surrogate, 68, 23.0, 0.1875
surrogate, 68, 23.0, 0.1875
surrogate, 68, 23.0, 0.1875
surrogate, 68, 23.0, 0.1875
surrogate, 68, 23.0, 0.1875
surrogate, 68, 23.0, 0.1875
surrogate, 68, 23.0, 0.1875
surrogate, 68, 23.0, 0.1875
surrogate, 68, 23.0, 0.1875
surrogate, 68, 23.0, 0.1875
surrogate, 68, 23.0, 0.1875
surrogate, 68, 23.0, 0.1875
surrogate, 68, 23.0, 0.1875
surrogate, 68, 23.0, 0.1875
surrogate, 68, 23.0, 0.1875
surrogate, 68, 23.0, 0.1875
surrogate, 68, 23.0, 0.1875
surrogate, 68, 23.0, 0.1875
surrogate, 68, 23.0, 0.1875
surrogate, 68, 23.0, 0.1875
surrogate, 68, 23.0, 0.1875
surrogate, 68, 23.0, 0.1875
surrogate, 68, 23.0, 0.1875
surrogate, 68, 23.0, 0.1875
surrogate, 68, 23.0, 0.1875
surrogate, 68, 23.0, 0.1875
surrogate, 68, 23.0, 0.1875
surrogate, 69, 33.0, 0.875
surrogate, 69, 33.0, 0.875
surrogate, 69, 33.0, 0.875
surrogate, 69, 33.0, 0.875
surrogate, 69, 33.0, 0.875
surrogate, 69, 33.0, 0.875
surrogate, 69, 33.0, 0.875
surrogate, 69, 32.0, 0.78125
surrogate, 69, 32.0, 0.78125
surrogate, 69, 30.0, 0.65625
surrogate, 69, 30.0, 0.65625
surrogate, 69, 30.0, 0.65625
surrogate, 69, 30.0, 0.65625
surrogate, 69, 30.0, 0.65625
surrogate, 69, 30.0, 0.65625
surrogate, 69, 30.0, 0.65625
surrogate, 69, 30.0, 0.65625
surrogate, 69, 30.0, 0.65625
surrogate, 69, 30.0, 0.65625
surrogate, 69, 30.0, 0.65625
surrogate, 69, 30.0, 0.65625
surrogate, 69, 30.0, 0.65625
surrogate, 69, 30.0, 0.65625
surrogate, 69, 29.0, 0.59375
surrogate, 69, 29.0, 0.59375
surrogate, 69, 26.0, 0.53125
surrogate, 69, 26.0, 0.53125
surrogate, 69, 26.0, 0.53125
surrogate, 69, 26.0, 0.53125
surrogate, 69, 26.0, 0.53125
surrogate, 69, 26.0, 0.53125
surrogate, 69, 26.0, 0.53125
surrogate, 69, 26.0, 0.53125
surrogate, 69, 26.0, 0.53125
surrogate, 69, 26.0, 0.53125
surrogate, 69, 26.0, 0.53125
surrogate, 69, 26.0, 0.53125
surrogate, 69, 26.0, 0.53125
surrogate, 69, 24.0, 0.34375
surrogate, 69, 24.0, 0.34375
surrogate, 69, 24.0, 0.34375
surrogate, 69, 24.0, 0.34375
surrogate, 69, 24.0, 0.34375
surrogate, 69, 24.0, 0.34375
surrogate, 69, 24.0, 0.34375
surrogate, 69, 24.0, 0.34375
surrogate, 69, 24.0, 0.34375
surrogate, 69, 24.0, 0.34375
surrogate, 69, 24.0, 0.34375
surrogate, 69, 24.0, 0.34375
surrogate, 69, 24.0, 0.34375
surrogate, 69, 24.0, 0.34375
surrogate, 69, 24.0, 0.34375
surrogate, 69, 24.0, 0.34375
surrogate, 69, 24.0, 0.34375
surrogate, 69, 24.0, 0.34375
surrogate, 69, 24.0, 0.34375
surrogate, 69, 24.0, 0.34375
surrogate, 69, 24.0, 0.34375
surrogate, 69, 23.0, 0.1875
surrogate, 69, 23.0, 0.1875
surrogate, 69, 23.0, 0.1875
surrogate, 69, 23.0, 0.1875
surrogate, 69, 23.0, 0.1875
surrogate, 69, 23.0, 0.1875
surrogate, 69, 23.0, 0.1875
surrogate, 69, 23.0, 0.1875
surrogate, 69, 23.0, 0.1875
surrogate, 69, 23.0, 0.1875
surrogate, 69, 23.0, 0.1875
surrogate, 69, 23.0, 0.1875
surrogate, 69, 23.0, 0.1875
surrogate, 69, 23.0, 0.1875
surrogate, 69, 23.0, 0.1875
surrogate, 69, 23.0, 0.1875
surrogate, 69, 23.0, 0.1875
surrogate, 69, 23.0, 0.1875
surrogate, 69, 23.0, 0.1875
surrogate, 69, 23.0, 0.1875
surrogate, 69, 23.0, 0.1875
surrogate, 69, 23.0, 0.1875
surrogate, 69, 23.0, 0.1875
surrogate, 69, 23.0, 0.1875
surrogate, 69, 23.0, 0.1875
surrogate, 69, 23.0, 0.1875
surrogate, 69, 23.0, 0.1875
surrogate, 69, 23.0, 0.1875
surrogate, 69, 23.0, 0.1875
surrogate, 69, 23.0, 0.1875
surrogate, 69, 23.0, 0.1875
surrogate, 69, 23.0, 0.1875
surrogate, 69, 23.0, 0.1875
surrogate, 69, 23.0, 0.1875
surrogate, 69, 23.0, 0.1875
surrogate, 69, 23.0, 0.1875
surrogate, 69, 23.0, 0.1875
surrogate, 69, 23.0, 0.1875
surrogate, 69, 23.0, 0.1875
surrogate, 69, 23.0, 0.1875
surrogate, 70, 33.0, 0.875
surrogate, 70, 33.0, 0.875
surrogate, 70, 33.0, 0.875
surrogate, 70, 33.0, 0.875
surrogate, 70, 33.0, 0.875
surrogate, 70, 33.0, 0.875
surrogate, 70, 33.0, 0.875
surrogate, 70, 33.0, 0.875
surrogate, 70, 32.0, 0.78125
surrogate, 70, 32.0, 0.78125
surrogate, 70, 30.0, 0.65625
surrogate, 70, 30.0, 0.65625
surrogate, 70, 30.0, 0.65625
surrogate, 70, 30.0, 0.65625
surrogate, 70, 30.0, 0.65625
surrogate, 70, 30.0, 0.65625
surrogate, 70, 30.0, 0.65625
surrogate, 70, 30.0, 0.65625
surrogate, 70, 30.0, 0.65625
surrogate, 70, 30.0, 0.65625
surrogate, 70, 30.0, 0.65625
surrogate, 70, 30.0, 0.65625
surrogate, 70, 30.0, 0.65625
surrogate, 70, 30.0, 0.65625
surrogate, 70, 29.0, 0.59375
surrogate, 70, 29.0, 0.59375
surrogate, 70, 26.0, 0.53125
surrogate, 70, 26.0, 0.53125
surrogate, 70, 26.0, 0.53125
surrogate, 70, 26.0, 0.53125
surrogate, 70, 26.0, 0.53125
surrogate, 70, 26.0, 0.53125
surrogate, 70, 26.0, 0.53125
surrogate, 70, 26.0, 0.53125
surrogate, 70, 26.0, 0.53125
surrogate, 70, 26.0, 0.53125
surrogate, 70, 26.0, 0.53125
surrogate, 70, 26.0, 0.53125
surrogate, 70, 26.0, 0.53125
surrogate, 70, 24.0, 0.34375
surrogate, 70, 24.0, 0.34375
surrogate, 70, 24.0, 0.34375
surrogate, 70, 24.0, 0.34375
surrogate, 70, 24.0, 0.34375
surrogate, 70, 24.0, 0.34375
surrogate, 70, 24.0, 0.34375
surrogate, 70, 24.0, 0.34375
surrogate, 70, 24.0, 0.34375
surrogate, 70, 24.0, 0.34375
surrogate, 70, 24.0, 0.34375
surrogate, 70, 24.0, 0.34375
surrogate, 70, 24.0, 0.34375
surrogate, 70, 24.0, 0.34375
surrogate, 70, 24.0, 0.34375
surrogate, 70, 24.0, 0.34375
surrogate, 70, 24.0, 0.34375
surrogate, 70, 24.0, 0.34375
surrogate, 70, 24.0, 0.34375
surrogate, 70, 24.0, 0.34375
surrogate, 70, 24.0, 0.34375
surrogate, 70, 24.0, 0.34375
surrogate, 70, 23.0, 0.1875
surrogate, 70, 23.0, 0.1875
surrogate, 70, 23.0, 0.1875
surrogate, 70, 23.0, 0.1875
surrogate, 70, 23.0, 0.1875
surrogate, 70, 23.0, 0.1875
surrogate, 70, 23.0, 0.1875
surrogate, 70, 23.0, 0.1875
surrogate, 70, 23.0, 0.1875
surrogate, 70, 23.0, 0.1875
surrogate, 70, 23.0, 0.1875
surrogate, 70, 23.0, 0.1875
surrogate, 70, 23.0, 0.1875
surrogate, 70, 23.0, 0.1875
surrogate, 70, 23.0, 0.1875
surrogate, 70, 23.0, 0.1875
surrogate, 70, 23.0, 0.1875
surrogate, 70, 23.0, 0.1875
surrogate, 70, 23.0, 0.1875
surrogate, 70, 23.0, 0.1875
surrogate, 70, 23.0, 0.1875
surrogate, 70, 23.0, 0.1875
surrogate, 70, 23.0, 0.1875
surrogate, 70, 23.0, 0.1875
surrogate, 70, 23.0, 0.1875
surrogate, 70, 23.0, 0.1875
surrogate, 70, 23.0, 0.1875
surrogate, 70, 23.0, 0.1875
surrogate, 70, 23.0, 0.1875
surrogate, 70, 23.0, 0.1875
surrogate, 70, 23.0, 0.1875
surrogate, 70, 23.0, 0.1875
surrogate, 70, 23.0, 0.1875
surrogate, 70, 23.0, 0.1875
surrogate, 70, 23.0, 0.1875
surrogate, 70, 23.0, 0.1875
surrogate, 70, 23.0, 0.1875
surrogate, 70, 23.0, 0.1875
surrogate, 70, 23.0, 0.1875
surrogate, 70, 23.0, 0.1875
surrogate, 71, 33.0, 0.875
surrogate, 71, 33.0, 0.875
surrogate, 71, 33.0, 0.875
surrogate, 71, 33.0, 0.875
surrogate, 71, 33.0, 0.875
surrogate, 71, 33.0, 0.875
surrogate, 71, 33.0, 0.875
surrogate, 71, 33.0, 0.875
surrogate, 71, 32.0, 0.78125
surrogate, 71, 32.0, 0.78125
surrogate, 71, 31.0, 0.75
surrogate, 71, 30.0, 0.65625
surrogate, 71, 30.0, 0.65625
surrogate, 71, 30.0, 0.65625
surrogate, 71, 30.0, 0.65625
surrogate, 71, 30.0, 0.65625
surrogate, 71, 30.0, 0.65625
surrogate, 71, 30.0, 0.65625
surrogate, 71, 30.0, 0.65625
surrogate, 71, 30.0, 0.65625
surrogate, 71, 30.0, 0.65625
surrogate, 71, 30.0, 0.65625
surrogate, 71, 30.0, 0.65625
surrogate, 71, 30.0, 0.65625
surrogate, 71, 30.0, 0.65625
surrogate, 71, 29.0, 0.59375
surrogate, 71, 29.0, 0.59375
surrogate, 71, 26.0, 0.53125
surrogate, 71, 26.0, 0.53125
surrogate, 71, 26.0, 0.53125
surrogate, 71, 26.0, 0.53125
surrogate, 71, 26.0, 0.53125
surrogate, 71, 26.0, 0.53125
surrogate, 71, 26.0, 0.53125
surrogate, 71, 26.0, 0.53125
surrogate, 71, 26.0, 0.53125
surrogate, 71, 26.0, 0.53125
surrogate, 71, 26.0, 0.53125
surrogate, 71, 26.0, 0.53125
surrogate, 71, 26.0, 0.53125
surrogate, 71, 26.0, 0.53125
surrogate, 71, 24.0, 0.34375
surrogate, 71, 24.0, 0.34375
surrogate, 71, 24.0, 0.34375
surrogate, 71, 24.0, 0.34375
surrogate, 71, 24.0, 0.34375
surrogate, 71, 24.0, 0.34375
surrogate, 71, 24.0, 0.34375
surrogate, 71, 24.0, 0.34375
surrogate, 71, 24.0, 0.34375
surrogate, 71, 24.0, 0.34375
surrogate, 71, 24.0, 0.34375
surrogate, 71, 24.0, 0.34375
surrogate, 71, 24.0, 0.34375
surrogate, 71, 24.0, 0.34375
surrogate, 71, 24.0, 0.34375
surrogate, 71, 24.0, 0.34375
surrogate, 71, 24.0, 0.34375
surrogate, 71, 24.0, 0.34375
surrogate, 71, 24.0, 0.34375
surrogate, 71, 24.0, 0.34375
surrogate, 71, 24.0, 0.34375
surrogate, 71, 24.0, 0.34375
surrogate, 71, 23.0, 0.1875
surrogate, 71, 23.0, 0.1875
surrogate, 71, 23.0, 0.1875
surrogate, 71, 23.0, 0.1875
surrogate, 71, 23.0, 0.1875
surrogate, 71, 23.0, 0.1875
surrogate, 71, 23.0, 0.1875
surrogate, 71, 23.0, 0.1875
surrogate, 71, 23.0, 0.1875
surrogate, 71, 23.0, 0.1875
surrogate, 71, 23.0, 0.1875
surrogate, 71, 23.0, 0.1875
surrogate, 71, 23.0, 0.1875
surrogate, 71, 23.0, 0.1875
surrogate, 71, 23.0, 0.1875
surrogate, 71, 23.0, 0.1875
surrogate, 71, 23.0, 0.1875
surrogate, 71, 23.0, 0.1875
surrogate, 71, 23.0, 0.1875
surrogate, 71, 23.0, 0.1875
surrogate, 71, 23.0, 0.1875
surrogate, 71, 23.0, 0.1875
surrogate, 71, 23.0, 0.1875
surrogate, 71, 23.0, 0.1875
surrogate, 71, 23.0, 0.1875
surrogate, 71, 23.0, 0.1875
surrogate, 71, 23.0, 0.1875
surrogate, 71, 23.0, 0.1875
surrogate, 71, 23.0, 0.1875
surrogate, 71, 23.0, 0.1875
surrogate, 71, 23.0, 0.1875
surrogate, 71, 23.0, 0.1875
surrogate, 71, 23.0, 0.1875
surrogate, 71, 23.0, 0.1875
surrogate, 71, 23.0, 0.1875
surrogate, 71, 23.0, 0.1875
surrogate, 71, 23.0, 0.1875
surrogate, 71, 23.0, 0.1875
surrogate, 71, 23.0, 0.1875
surrogate, 71, 23.0, 0.1875
surrogate, 72, 33.0, 0.875
surrogate, 72, 33.0, 0.875
surrogate, 72, 33.0, 0.875
surrogate, 72, 33.0, 0.875
surrogate, 72, 33.0, 0.875
surrogate, 72, 33.0, 0.875
surrogate, 72, 33.0, 0.875
surrogate, 72, 33.0, 0.875
surrogate, 72, 33.0, 0.875
surrogate, 72, 32.0, 0.78125
surrogate, 72, 32.0, 0.78125
surrogate, 72, 31.0, 0.75
surrogate, 72, 30.0, 0.65625
surrogate, 72, 30.0, 0.65625
surrogate, 72, 30.0, 0.65625
surrogate, 72, 30.0, 0.65625
surrogate, 72, 30.0, 0.65625
surrogate, 72, 30.0, 0.65625
surrogate, 72, 30.0, 0.65625
surrogate, 72, 30.0, 0.65625
surrogate, 72, 30.0, 0.65625
surrogate, 72, 30.0, 0.65625
surrogate, 72, 30.0, 0.65625
surrogate, 72, 30.0, 0.65625
surrogate, 72, 30.0, 0.65625
surrogate, 72, 30.0, 0.65625
surrogate, 72, 29.0, 0.59375
surrogate, 72, 29.0, 0.59375
surrogate, 72, 29.0, 0.59375
surrogate, 72, 26.0, 0.53125
surrogate, 72, 26.0, 0.53125
surrogate, 72, 26.0, 0.53125
surrogate, 72, 26.0, 0.53125
surrogate, 72, 26.0, 0.53125
surrogate, 72, 26.0, 0.53125
surrogate, 72, 26.0, 0.53125
surrogate, 72, 26.0, 0.53125
surrogate, 72, 26.0, 0.53125
surrogate, 72, 26.0, 0.53125
surrogate, 72, 26.0, 0.53125
surrogate, 72, 26.0, 0.53125
surrogate, 72, 26.0, 0.53125
surrogate, 72, 26.0, 0.53125
surrogate, 72, 24.0, 0.34375
surrogate, 72, 24.0, 0.34375
surrogate, 72, 24.0, 0.34375
surrogate, 72, 24.0, 0.34375
surrogate, 72, 24.0, 0.34375
surrogate, 72, 24.0, 0.34375
surrogate, 72, 24.0, 0.34375
surrogate, 72, 24.0, 0.34375
surrogate, 72, 24.0, 0.34375
surrogate, 72, 24.0, 0.34375
surrogate, 72, 24.0, 0.34375
surrogate, 72, 24.0, 0.34375
surrogate, 72, 24.0, 0.34375
surrogate, 72, 24.0, 0.34375
surrogate, 72, 24.0, 0.34375
surrogate, 72, 24.0, 0.34375
surrogate, 72, 24.0, 0.34375
surrogate, 72, 24.0, 0.34375
surrogate, 72, 24.0, 0.34375
surrogate, 72, 24.0, 0.34375
surrogate, 72, 24.0, 0.34375
surrogate, 72, 24.0, 0.34375
surrogate, 72, 24.0, 0.34375
surrogate, 72, 23.0, 0.1875
surrogate, 72, 23.0, 0.1875
surrogate, 72, 23.0, 0.1875
surrogate, 72, 23.0, 0.1875
surrogate, 72, 23.0, 0.1875
surrogate, 72, 23.0, 0.1875
surrogate, 72, 23.0, 0.1875
surrogate, 72, 23.0, 0.1875
surrogate, 72, 23.0, 0.1875
surrogate, 72, 23.0, 0.1875
surrogate, 72, 23.0, 0.1875
surrogate, 72, 23.0, 0.1875
surrogate, 72, 23.0, 0.1875
surrogate, 72, 23.0, 0.1875
surrogate, 72, 23.0, 0.1875
surrogate, 72, 23.0, 0.1875
surrogate, 72, 23.0, 0.1875
surrogate, 72, 23.0, 0.1875
surrogate, 72, 23.0, 0.1875
surrogate, 72, 23.0, 0.1875
surrogate, 72, 23.0, 0.1875
surrogate, 72, 23.0, 0.1875
surrogate, 72, 23.0, 0.1875
surrogate, 72, 23.0, 0.1875
surrogate, 72, 23.0, 0.1875
surrogate, 72, 23.0, 0.1875
surrogate, 72, 23.0, 0.1875
surrogate, 72, 23.0, 0.1875
surrogate, 72, 23.0, 0.1875
surrogate, 72, 23.0, 0.1875
surrogate, 72, 23.0, 0.1875
surrogate, 72, 23.0, 0.1875
surrogate, 72, 23.0, 0.1875
surrogate, 72, 23.0, 0.1875
surrogate, 72, 23.0, 0.1875
surrogate, 72, 23.0, 0.1875
surrogate, 72, 23.0, 0.1875
surrogate, 72, 23.0, 0.1875
surrogate, 72, 23.0, 0.1875
surrogate, 72, 23.0, 0.1875
surrogate, 72, 23.0, 0.1875
surrogate, 73, 33.0, 0.875
surrogate, 73, 33.0, 0.875
surrogate, 73, 33.0, 0.875
surrogate, 73, 33.0, 0.875
surrogate, 73, 33.0, 0.875
surrogate, 73, 33.0, 0.875
surrogate, 73, 33.0, 0.875
surrogate, 73, 33.0, 0.875
surrogate, 73, 33.0, 0.875
surrogate, 73, 32.0, 0.78125
surrogate, 73, 32.0, 0.78125
surrogate, 73, 31.0, 0.75
surrogate, 73, 30.0, 0.65625
surrogate, 73, 30.0, 0.65625
surrogate, 73, 30.0, 0.65625
surrogate, 73, 30.0, 0.65625
surrogate, 73, 30.0, 0.65625
surrogate, 73, 30.0, 0.65625
surrogate, 73, 30.0, 0.65625
surrogate, 73, 30.0, 0.65625
surrogate, 73, 30.0, 0.65625
surrogate, 73, 30.0, 0.65625
surrogate, 73, 30.0, 0.65625
surrogate, 73, 30.0, 0.65625
surrogate, 73, 30.0, 0.65625
surrogate, 73, 30.0, 0.65625
surrogate, 73, 29.0, 0.59375
surrogate, 73, 29.0, 0.59375
surrogate, 73, 29.0, 0.59375
surrogate, 73, 29.0, 0.59375
surrogate, 73, 26.0, 0.53125
surrogate, 73, 26.0, 0.53125
surrogate, 73, 26.0, 0.53125
surrogate, 73, 26.0, 0.53125
surrogate, 73, 26.0, 0.53125
surrogate, 73, 26.0, 0.53125
surrogate, 73, 26.0, 0.53125
surrogate, 73, 26.0, 0.53125
surrogate, 73, 26.0, 0.53125
surrogate, 73, 26.0, 0.53125
surrogate, 73, 26.0, 0.53125
surrogate, 73, 26.0, 0.53125
surrogate, 73, 26.0, 0.53125
surrogate, 73, 26.0, 0.53125
surrogate, 73, 24.0, 0.34375
surrogate, 73, 24.0, 0.34375
surrogate, 73, 24.0, 0.34375
surrogate, 73, 24.0, 0.34375
surrogate, 73, 24.0, 0.34375
surrogate, 73, 24.0, 0.34375
surrogate, 73, 24.0, 0.34375
surrogate, 73, 24.0, 0.34375
surrogate, 73, 24.0, 0.34375
surrogate, 73, 24.0, 0.34375
surrogate, 73, 24.0, 0.34375
surrogate, 73, 24.0, 0.34375
surrogate, 73, 24.0, 0.34375
surrogate, 73, 24.0, 0.34375
surrogate, 73, 24.0, 0.34375
surrogate, 73, 24.0, 0.34375
surrogate, 73, 24.0, 0.34375
surrogate, 73, 24.0, 0.34375
surrogate, 73, 24.0, 0.34375
surrogate, 73, 24.0, 0.34375
surrogate, 73, 24.0, 0.34375
surrogate, 73, 24.0, 0.34375
surrogate, 73, 24.0, 0.34375
surrogate, 73, 24.0, 0.34375
surrogate, 73, 23.0, 0.1875
surrogate, 73, 23.0, 0.1875
surrogate, 73, 23.0, 0.1875
surrogate, 73, 23.0, 0.1875
surrogate, 73, 23.0, 0.1875
surrogate, 73, 23.0, 0.1875
surrogate, 73, 23.0, 0.1875
surrogate, 73, 23.0, 0.1875
surrogate, 73, 23.0, 0.1875
surrogate, 73, 23.0, 0.1875
surrogate, 73, 23.0, 0.1875
surrogate, 73, 23.0, 0.1875
surrogate, 73, 23.0, 0.1875
surrogate, 73, 23.0, 0.1875
surrogate, 73, 23.0, 0.1875
surrogate, 73, 23.0, 0.1875
surrogate, 73, 23.0, 0.1875
surrogate, 73, 23.0, 0.1875
surrogate, 73, 23.0, 0.1875
surrogate, 73, 23.0, 0.1875
surrogate, 73, 23.0, 0.1875
surrogate, 73, 23.0, 0.1875
surrogate, 73, 23.0, 0.1875
surrogate, 73, 23.0, 0.1875
surrogate, 73, 23.0, 0.1875
surrogate, 73, 23.0, 0.1875
surrogate, 73, 23.0, 0.1875
surrogate, 73, 23.0, 0.1875
surrogate, 73, 23.0, 0.1875
surrogate, 73, 23.0, 0.1875
surrogate, 73, 23.0, 0.1875
surrogate, 73, 23.0, 0.1875
surrogate, 73, 23.0, 0.1875
surrogate, 73, 23.0, 0.1875
surrogate, 73, 23.0, 0.1875
surrogate, 73, 23.0, 0.1875
surrogate, 73, 23.0, 0.1875
surrogate, 73, 23.0, 0.1875
surrogate, 73, 23.0, 0.1875
surrogate, 73, 23.0, 0.1875
surrogate, 73, 23.0, 0.1875
surrogate, 74, 33.0, 0.875
surrogate, 74, 33.0, 0.875
surrogate, 74, 33.0, 0.875
surrogate, 74, 33.0, 0.875
surrogate, 74, 33.0, 0.875
surrogate, 74, 33.0, 0.875
surrogate, 74, 33.0, 0.875
surrogate, 74, 33.0, 0.875
surrogate, 74, 33.0, 0.875
surrogate, 74, 33.0, 0.875
surrogate, 74, 32.0, 0.78125
surrogate, 74, 32.0, 0.78125
surrogate, 74, 31.0, 0.75
surrogate, 74, 31.0, 0.75
surrogate, 74, 30.0, 0.65625
surrogate, 74, 30.0, 0.65625
surrogate, 74, 30.0, 0.65625
surrogate, 74, 30.0, 0.65625
surrogate, 74, 30.0, 0.65625
surrogate, 74, 30.0, 0.65625
surrogate, 74, 30.0, 0.65625
surrogate, 74, 30.0, 0.65625
surrogate, 74, 30.0, 0.65625
surrogate, 74, 30.0, 0.65625
surrogate, 74, 30.0, 0.65625
surrogate, 74, 30.0, 0.65625
surrogate, 74, 30.0, 0.65625
surrogate, 74, 30.0, 0.65625
surrogate, 74, 29.0, 0.59375
surrogate, 74, 29.0, 0.59375
surrogate, 74, 29.0, 0.59375
surrogate, 74, 29.0, 0.59375
surrogate, 74, 29.0, 0.59375
surrogate, 74, 26.0, 0.53125
surrogate, 74, 26.0, 0.53125
surrogate, 74, 26.0, 0.53125
surrogate, 74, 26.0, 0.53125
surrogate, 74, 26.0, 0.53125
surrogate, 74, 26.0, 0.53125
surrogate, 74, 26.0, 0.53125
surrogate, 74, 26.0, 0.53125
surrogate, 74, 26.0, 0.53125
surrogate, 74, 26.0, 0.53125
surrogate, 74, 26.0, 0.53125
surrogate, 74, 26.0, 0.53125
surrogate, 74, 26.0, 0.53125
surrogate, 74, 26.0, 0.53125
surrogate, 74, 26.0, 0.53125
surrogate, 74, 24.0, 0.34375
surrogate, 74, 24.0, 0.34375
surrogate, 74, 24.0, 0.34375
surrogate, 74, 24.0, 0.34375
surrogate, 74, 24.0, 0.34375
surrogate, 74, 24.0, 0.34375
surrogate, 74, 24.0, 0.34375
surrogate, 74, 24.0, 0.34375
surrogate, 74, 24.0, 0.34375
surrogate, 74, 24.0, 0.34375
surrogate, 74, 24.0, 0.34375
surrogate, 74, 24.0, 0.34375
surrogate, 74, 24.0, 0.34375
surrogate, 74, 24.0, 0.34375
surrogate, 74, 24.0, 0.34375
surrogate, 74, 24.0, 0.34375
surrogate, 74, 24.0, 0.34375
surrogate, 74, 24.0, 0.34375
surrogate, 74, 24.0, 0.34375
surrogate, 74, 24.0, 0.34375
surrogate, 74, 24.0, 0.34375
surrogate, 74, 24.0, 0.34375
surrogate, 74, 24.0, 0.34375
surrogate, 74, 24.0, 0.34375
surrogate, 74, 23.0, 0.1875
surrogate, 74, 23.0, 0.1875
surrogate, 74, 23.0, 0.1875
surrogate, 74, 23.0, 0.1875
surrogate, 74, 23.0, 0.1875
surrogate, 74, 23.0, 0.1875
surrogate, 74, 23.0, 0.1875
surrogate, 74, 23.0, 0.1875
surrogate, 74, 23.0, 0.1875
surrogate, 74, 23.0, 0.1875
surrogate, 74, 23.0, 0.1875
surrogate, 74, 23.0, 0.1875
surrogate, 74, 23.0, 0.1875
surrogate, 74, 23.0, 0.1875
surrogate, 74, 23.0, 0.1875
surrogate, 74, 23.0, 0.1875
surrogate, 74, 23.0, 0.1875
surrogate, 74, 23.0, 0.1875
surrogate, 74, 23.0, 0.1875
surrogate, 74, 23.0, 0.1875
surrogate, 74, 23.0, 0.1875
surrogate, 74, 23.0, 0.1875
surrogate, 74, 23.0, 0.1875
surrogate, 74, 23.0, 0.1875
surrogate, 74, 23.0, 0.1875
surrogate, 74, 23.0, 0.1875
surrogate, 74, 23.0, 0.1875
surrogate, 74, 23.0, 0.1875
surrogate, 74, 23.0, 0.1875
surrogate, 74, 23.0, 0.1875
surrogate, 74, 23.0, 0.1875
surrogate, 74, 23.0, 0.1875
surrogate, 74, 23.0, 0.1875
surrogate, 74, 23.0, 0.1875
surrogate, 74, 23.0, 0.1875
surrogate, 74, 23.0, 0.1875
surrogate, 74, 23.0, 0.1875
surrogate, 74, 23.0, 0.1875
surrogate, 74, 23.0, 0.1875
surrogate, 74, 23.0, 0.1875
surrogate, 74, 23.0, 0.1875
surrogate, 74, 23.0, 0.1875
surrogate, 75, 33.0, 0.875
surrogate, 75, 33.0, 0.875
surrogate, 75, 33.0, 0.875
surrogate, 75, 33.0, 0.875
surrogate, 75, 33.0, 0.875
surrogate, 75, 33.0, 0.875
surrogate, 75, 33.0, 0.875
surrogate, 75, 33.0, 0.875
surrogate, 75, 33.0, 0.875
surrogate, 75, 33.0, 0.875
surrogate, 75, 32.0, 0.78125
surrogate, 75, 32.0, 0.78125
surrogate, 75, 31.0, 0.75
surrogate, 75, 31.0, 0.75
surrogate, 75, 30.0, 0.65625
surrogate, 75, 30.0, 0.65625
surrogate, 75, 30.0, 0.65625
surrogate, 75, 30.0, 0.65625
surrogate, 75, 30.0, 0.65625
surrogate, 75, 30.0, 0.65625
surrogate, 75, 30.0, 0.65625
surrogate, 75, 30.0, 0.65625
surrogate, 75, 30.0, 0.65625
surrogate, 75, 30.0, 0.65625
surrogate, 75, 30.0, 0.65625
surrogate, 75, 30.0, 0.65625
surrogate, 75, 30.0, 0.65625
surrogate, 75, 30.0, 0.65625
surrogate, 75, 29.0, 0.59375
surrogate, 75, 29.0, 0.59375
surrogate, 75, 29.0, 0.59375
surrogate, 75, 29.0, 0.59375
surrogate, 75, 29.0, 0.59375
surrogate, 75, 26.0, 0.53125
surrogate, 75, 26.0, 0.53125
surrogate, 75, 26.0, 0.53125
surrogate, 75, 26.0, 0.53125
surrogate, 75, 26.0, 0.53125
surrogate, 75, 26.0, 0.53125
surrogate, 75, 26.0, 0.53125
surrogate, 75, 26.0, 0.53125
surrogate, 75, 26.0, 0.53125
surrogate, 75, 26.0, 0.53125
surrogate, 75, 26.0, 0.53125
surrogate, 75, 26.0, 0.53125
surrogate, 75, 26.0, 0.53125
surrogate, 75, 26.0, 0.53125
surrogate, 75, 26.0, 0.53125
surrogate, 75, 24.0, 0.34375
surrogate, 75, 24.0, 0.34375
surrogate, 75, 24.0, 0.34375
surrogate, 75, 24.0, 0.34375
surrogate, 75, 24.0, 0.34375
surrogate, 75, 24.0, 0.34375
surrogate, 75, 24.0, 0.34375
surrogate, 75, 24.0, 0.34375
surrogate, 75, 24.0, 0.34375
surrogate, 75, 24.0, 0.34375
surrogate, 75, 24.0, 0.34375
surrogate, 75, 24.0, 0.34375
surrogate, 75, 24.0, 0.34375
surrogate, 75, 24.0, 0.34375
surrogate, 75, 24.0, 0.34375
surrogate, 75, 24.0, 0.34375
surrogate, 75, 24.0, 0.34375
surrogate, 75, 24.0, 0.34375
surrogate, 75, 24.0, 0.34375
surrogate, 75, 24.0, 0.34375
surrogate, 75, 24.0, 0.34375
surrogate, 75, 24.0, 0.34375
surrogate, 75, 24.0, 0.34375
surrogate, 75, 24.0, 0.34375
surrogate, 75, 23.0, 0.1875
surrogate, 75, 23.0, 0.1875
surrogate, 75, 23.0, 0.1875
surrogate, 75, 23.0, 0.1875
surrogate, 75, 23.0, 0.1875
surrogate, 75, 23.0, 0.1875
surrogate, 75, 23.0, 0.1875
surrogate, 75, 23.0, 0.1875
surrogate, 75, 23.0, 0.1875
surrogate, 75, 23.0, 0.1875
surrogate, 75, 23.0, 0.1875
surrogate, 75, 23.0, 0.1875
surrogate, 75, 23.0, 0.1875
surrogate, 75, 23.0, 0.1875
surrogate, 75, 23.0, 0.1875
surrogate, 75, 23.0, 0.1875
surrogate, 75, 23.0, 0.1875
surrogate, 75, 23.0, 0.1875
surrogate, 75, 23.0, 0.1875
surrogate, 75, 23.0, 0.1875
surrogate, 75, 23.0, 0.1875
surrogate, 75, 23.0, 0.1875
surrogate, 75, 23.0, 0.1875
surrogate, 75, 23.0, 0.1875
surrogate, 75, 23.0, 0.1875
surrogate, 75, 23.0, 0.1875
surrogate, 75, 23.0, 0.1875
surrogate, 75, 23.0, 0.1875
surrogate, 75, 23.0, 0.1875
surrogate, 75, 23.0, 0.1875
surrogate, 75, 23.0, 0.1875
surrogate, 75, 23.0, 0.1875
surrogate, 75, 23.0, 0.1875
surrogate, 75, 23.0, 0.1875
surrogate, 75, 23.0, 0.1875
surrogate, 75, 23.0, 0.1875
surrogate, 75, 23.0, 0.1875
surrogate, 75, 23.0, 0.1875
surrogate, 75, 23.0, 0.1875
surrogate, 75, 23.0, 0.1875
surrogate, 75, 23.0, 0.1875
surrogate, 75, 23.0, 0.1875
surrogate, 76, 33.0, 0.875
surrogate, 76, 33.0, 0.875
surrogate, 76, 33.0, 0.875
surrogate, 76, 33.0, 0.875
surrogate, 76, 33.0, 0.875
surrogate, 76, 33.0, 0.875
surrogate, 76, 33.0, 0.875
surrogate, 76, 33.0, 0.875
surrogate, 76, 33.0, 0.875
surrogate, 76, 33.0, 0.875
surrogate, 76, 32.0, 0.78125
surrogate, 76, 32.0, 0.78125
surrogate, 76, 31.0, 0.75
surrogate, 76, 31.0, 0.75
surrogate, 76, 30.0, 0.65625
surrogate, 76, 30.0, 0.65625
surrogate, 76, 30.0, 0.65625
surrogate, 76, 30.0, 0.65625
surrogate, 76, 30.0, 0.65625
surrogate, 76, 30.0, 0.65625
surrogate, 76, 30.0, 0.65625
surrogate, 76, 30.0, 0.65625
surrogate, 76, 30.0, 0.65625
surrogate, 76, 30.0, 0.65625
surrogate, 76, 30.0, 0.65625
surrogate, 76, 30.0, 0.65625
surrogate, 76, 30.0, 0.65625
surrogate, 76, 30.0, 0.65625
surrogate, 76, 29.0, 0.59375
surrogate, 76, 29.0, 0.59375
surrogate, 76, 29.0, 0.59375
surrogate, 76, 29.0, 0.59375
surrogate, 76, 29.0, 0.59375
surrogate, 76, 26.0, 0.53125
surrogate, 76, 26.0, 0.53125
surrogate, 76, 26.0, 0.53125
surrogate, 76, 26.0, 0.53125
surrogate, 76, 26.0, 0.53125
surrogate, 76, 26.0, 0.53125
surrogate, 76, 26.0, 0.53125
surrogate, 76, 26.0, 0.53125
surrogate, 76, 26.0, 0.53125
surrogate, 76, 26.0, 0.53125
surrogate, 76, 26.0, 0.53125
surrogate, 76, 26.0, 0.53125
surrogate, 76, 26.0, 0.53125
surrogate, 76, 26.0, 0.53125
surrogate, 76, 26.0, 0.53125
surrogate, 76, 24.0, 0.34375
surrogate, 76, 24.0, 0.34375
surrogate, 76, 24.0, 0.34375
surrogate, 76, 24.0, 0.34375
surrogate, 76, 24.0, 0.34375
surrogate, 76, 24.0, 0.34375
surrogate, 76, 24.0, 0.34375
surrogate, 76, 24.0, 0.34375
surrogate, 76, 24.0, 0.34375
surrogate, 76, 24.0, 0.34375
surrogate, 76, 24.0, 0.34375
surrogate, 76, 24.0, 0.34375
surrogate, 76, 24.0, 0.34375
surrogate, 76, 24.0, 0.34375
surrogate, 76, 24.0, 0.34375
surrogate, 76, 24.0, 0.34375
surrogate, 76, 24.0, 0.34375
surrogate, 76, 24.0, 0.34375
surrogate, 76, 24.0, 0.34375
surrogate, 76, 24.0, 0.34375
surrogate, 76, 24.0, 0.34375
surrogate, 76, 24.0, 0.34375
surrogate, 76, 24.0, 0.34375
surrogate, 76, 24.0, 0.34375
surrogate, 76, 24.0, 0.34375
surrogate, 76, 23.0, 0.1875
surrogate, 76, 23.0, 0.1875
surrogate, 76, 23.0, 0.1875
surrogate, 76, 23.0, 0.1875
surrogate, 76, 23.0, 0.1875
surrogate, 76, 23.0, 0.1875
surrogate, 76, 23.0, 0.1875
surrogate, 76, 23.0, 0.1875
surrogate, 76, 23.0, 0.1875
surrogate, 76, 23.0, 0.1875
surrogate, 76, 23.0, 0.1875
surrogate, 76, 23.0, 0.1875
surrogate, 76, 23.0, 0.1875
surrogate, 76, 23.0, 0.1875
surrogate, 76, 23.0, 0.1875
surrogate, 76, 23.0, 0.1875
surrogate, 76, 23.0, 0.1875
surrogate, 76, 23.0, 0.1875
surrogate, 76, 23.0, 0.1875
surrogate, 76, 23.0, 0.1875
surrogate, 76, 23.0, 0.1875
surrogate, 76, 23.0, 0.1875
surrogate, 76, 23.0, 0.1875
surrogate, 76, 23.0, 0.1875
surrogate, 76, 23.0, 0.1875
surrogate, 76, 23.0, 0.1875
surrogate, 76, 23.0, 0.1875
surrogate, 76, 23.0, 0.1875
surrogate, 76, 23.0, 0.1875
surrogate, 76, 23.0, 0.1875
surrogate, 76, 23.0, 0.1875
surrogate, 76, 23.0, 0.1875
surrogate, 76, 23.0, 0.1875
surrogate, 76, 23.0, 0.1875
surrogate, 76, 23.0, 0.1875
surrogate, 76, 23.0, 0.1875
surrogate, 76, 23.0, 0.1875
surrogate, 76, 23.0, 0.1875
surrogate, 76, 23.0, 0.1875
surrogate, 76, 23.0, 0.1875
surrogate, 76, 23.0, 0.1875
surrogate, 76, 23.0, 0.1875
surrogate, 77, 33.0, 0.875
surrogate, 77, 33.0, 0.875
surrogate, 77, 33.0, 0.875
surrogate, 77, 33.0, 0.875
surrogate, 77, 33.0, 0.875
surrogate, 77, 33.0, 0.875
surrogate, 77, 33.0, 0.875
surrogate, 77, 33.0, 0.875
surrogate, 77, 33.0, 0.875
surrogate, 77, 33.0, 0.875
surrogate, 77, 32.0, 0.78125
surrogate, 77, 32.0, 0.78125
surrogate, 77, 31.0, 0.75
surrogate, 77, 31.0, 0.75
surrogate, 77, 31.0, 0.75
surrogate, 77, 30.0, 0.65625
surrogate, 77, 30.0, 0.65625
surrogate, 77, 30.0, 0.65625
surrogate, 77, 30.0, 0.65625
surrogate, 77, 30.0, 0.65625
surrogate, 77, 30.0, 0.65625
surrogate, 77, 30.0, 0.65625
surrogate, 77, 30.0, 0.65625
surrogate, 77, 30.0, 0.65625
surrogate, 77, 30.0, 0.65625
surrogate, 77, 30.0, 0.65625
surrogate, 77, 30.0, 0.65625
surrogate, 77, 30.0, 0.65625
surrogate, 77, 30.0, 0.65625
surrogate, 77, 29.0, 0.59375
surrogate, 77, 29.0, 0.59375
surrogate, 77, 29.0, 0.59375
surrogate, 77, 29.0, 0.59375
surrogate, 77, 29.0, 0.59375
surrogate, 77, 26.0, 0.53125
surrogate, 77, 26.0, 0.53125
surrogate, 77, 26.0, 0.53125
surrogate, 77, 26.0, 0.53125
surrogate, 77, 26.0, 0.53125
surrogate, 77, 26.0, 0.53125
surrogate, 77, 26.0, 0.53125
surrogate, 77, 26.0, 0.53125
surrogate, 77, 26.0, 0.53125
surrogate, 77, 26.0, 0.53125
surrogate, 77, 26.0, 0.53125
surrogate, 77, 26.0, 0.53125
surrogate, 77, 26.0, 0.53125
surrogate, 77, 26.0, 0.53125
surrogate, 77, 26.0, 0.53125
surrogate, 77, 26.0, 0.53125
surrogate, 77, 24.0, 0.34375
surrogate, 77, 24.0, 0.34375
surrogate, 77, 24.0, 0.34375
surrogate, 77, 24.0, 0.34375
surrogate, 77, 24.0, 0.34375
surrogate, 77, 24.0, 0.34375
surrogate, 77, 24.0, 0.34375
surrogate, 77, 24.0, 0.34375
surrogate, 77, 24.0, 0.34375
surrogate, 77, 24.0, 0.34375
surrogate, 77, 24.0, 0.34375
surrogate, 77, 24.0, 0.34375
surrogate, 77, 24.0, 0.34375
surrogate, 77, 24.0, 0.34375
surrogate, 77, 24.0, 0.34375
surrogate, 77, 24.0, 0.34375
surrogate, 77, 24.0, 0.34375
surrogate, 77, 24.0, 0.34375
surrogate, 77, 24.0, 0.34375
surrogate, 77, 24.0, 0.34375
surrogate, 77, 24.0, 0.34375
surrogate, 77, 24.0, 0.34375
surrogate, 77, 24.0, 0.34375
surrogate, 77, 24.0, 0.34375
surrogate, 77, 24.0, 0.34375
surrogate, 77, 24.0, 0.34375
surrogate, 77, 23.0, 0.1875
surrogate, 77, 23.0, 0.1875
surrogate, 77, 23.0, 0.1875
surrogate, 77, 23.0, 0.1875
surrogate, 77, 23.0, 0.1875
surrogate, 77, 23.0, 0.1875
surrogate, 77, 23.0, 0.1875
surrogate, 77, 23.0, 0.1875
surrogate, 77, 23.0, 0.1875
surrogate, 77, 23.0, 0.1875
surrogate, 77, 23.0, 0.1875
surrogate, 77, 23.0, 0.1875
surrogate, 77, 23.0, 0.1875
surrogate, 77, 23.0, 0.1875
surrogate, 77, 23.0, 0.1875
surrogate, 77, 23.0, 0.1875
surrogate, 77, 23.0, 0.1875
surrogate, 77, 23.0, 0.1875
surrogate, 77, 23.0, 0.1875
surrogate, 77, 23.0, 0.1875
surrogate, 77, 23.0, 0.1875
surrogate, 77, 23.0, 0.1875
surrogate, 77, 23.0, 0.1875
surrogate, 77, 23.0, 0.1875
surrogate, 77, 23.0, 0.1875
surrogate, 77, 23.0, 0.1875
surrogate, 77, 23.0, 0.1875
surrogate, 77, 23.0, 0.1875
surrogate, 77, 23.0, 0.1875
surrogate, 77, 23.0, 0.1875
surrogate, 77, 23.0, 0.1875
surrogate, 77, 23.0, 0.1875
surrogate, 77, 23.0, 0.1875
surrogate, 77, 23.0, 0.1875
surrogate, 77, 23.0, 0.1875
surrogate, 77, 23.0, 0.1875
surrogate, 77, 23.0, 0.1875
surrogate, 77, 23.0, 0.1875
surrogate, 77, 23.0, 0.1875
surrogate, 77, 23.0, 0.1875
surrogate, 77, 23.0, 0.1875
surrogate, 77, 23.0, 0.1875
surrogate, 77, 23.0, 0.1875
surrogate, 78, 33.0, 0.875
surrogate, 78, 33.0, 0.875
surrogate, 78, 33.0, 0.875
surrogate, 78, 33.0, 0.875
surrogate, 78, 33.0, 0.875
surrogate, 78, 33.0, 0.875
surrogate, 78, 33.0, 0.875
surrogate, 78, 33.0, 0.875
surrogate, 78, 33.0, 0.875
surrogate, 78, 33.0, 0.875
surrogate, 78, 32.0, 0.78125
surrogate, 78, 32.0, 0.78125
surrogate, 78, 31.0, 0.75
surrogate, 78, 31.0, 0.75
surrogate, 78, 31.0, 0.75
surrogate, 78, 30.0, 0.65625
surrogate, 78, 30.0, 0.65625
surrogate, 78, 30.0, 0.65625
surrogate, 78, 30.0, 0.65625
surrogate, 78, 30.0, 0.65625
surrogate, 78, 30.0, 0.65625
surrogate, 78, 30.0, 0.65625
surrogate, 78, 30.0, 0.65625
surrogate, 78, 30.0, 0.65625
surrogate, 78, 30.0, 0.65625
surrogate, 78, 30.0, 0.65625
surrogate, 78, 30.0, 0.65625
surrogate, 78, 30.0, 0.65625
surrogate, 78, 30.0, 0.65625
surrogate, 78, 29.0, 0.59375
surrogate, 78, 29.0, 0.59375
surrogate, 78, 29.0, 0.59375
surrogate, 78, 29.0, 0.59375
surrogate, 78, 29.0, 0.59375
surrogate, 78, 26.0, 0.53125
surrogate, 78, 26.0, 0.53125
surrogate, 78, 26.0, 0.53125
surrogate, 78, 26.0, 0.53125
surrogate, 78, 26.0, 0.53125
surrogate, 78, 26.0, 0.53125
surrogate, 78, 26.0, 0.53125
surrogate, 78, 26.0, 0.53125
surrogate, 78, 26.0, 0.53125
surrogate, 78, 26.0, 0.53125
surrogate, 78, 26.0, 0.53125
surrogate, 78, 26.0, 0.53125
surrogate, 78, 26.0, 0.53125
surrogate, 78, 26.0, 0.53125
surrogate, 78, 26.0, 0.53125
surrogate, 78, 26.0, 0.53125
surrogate, 78, 24.0, 0.34375
surrogate, 78, 24.0, 0.34375
surrogate, 78, 24.0, 0.34375
surrogate, 78, 24.0, 0.34375
surrogate, 78, 24.0, 0.34375
surrogate, 78, 24.0, 0.34375
surrogate, 78, 24.0, 0.34375
surrogate, 78, 24.0, 0.34375
surrogate, 78, 24.0, 0.34375
surrogate, 78, 24.0, 0.34375
surrogate, 78, 24.0, 0.34375
surrogate, 78, 24.0, 0.34375
surrogate, 78, 24.0, 0.34375
surrogate, 78, 24.0, 0.34375
surrogate, 78, 24.0, 0.34375
surrogate, 78, 24.0, 0.34375
surrogate, 78, 24.0, 0.34375
surrogate, 78, 24.0, 0.34375
surrogate, 78, 24.0, 0.34375
surrogate, 78, 24.0, 0.34375
surrogate, 78, 24.0, 0.34375
surrogate, 78, 24.0, 0.34375
surrogate, 78, 24.0, 0.34375
surrogate, 78, 24.0, 0.34375
surrogate, 78, 24.0, 0.34375
surrogate, 78, 24.0, 0.34375
surrogate, 78, 23.0, 0.1875
surrogate, 78, 23.0, 0.1875
surrogate, 78, 23.0, 0.1875
surrogate, 78, 23.0, 0.1875
surrogate, 78, 23.0, 0.1875
surrogate, 78, 23.0, 0.1875
surrogate, 78, 23.0, 0.1875
surrogate, 78, 23.0, 0.1875
surrogate, 78, 23.0, 0.1875
surrogate, 78, 23.0, 0.1875
surrogate, 78, 23.0, 0.1875
surrogate, 78, 23.0, 0.1875
surrogate, 78, 23.0, 0.1875
surrogate, 78, 23.0, 0.1875
surrogate, 78, 23.0, 0.1875
surrogate, 78, 23.0, 0.1875
surrogate, 78, 23.0, 0.1875
surrogate, 78, 23.0, 0.1875
surrogate, 78, 23.0, 0.1875
surrogate, 78, 23.0, 0.1875
surrogate, 78, 23.0, 0.1875
surrogate, 78, 23.0, 0.1875
surrogate, 78, 23.0, 0.1875
surrogate, 78, 23.0, 0.1875
surrogate, 78, 23.0, 0.1875
surrogate, 78, 23.0, 0.1875
surrogate, 78, 23.0, 0.1875
surrogate, 78, 23.0, 0.1875
surrogate, 78, 23.0, 0.1875
surrogate, 78, 23.0, 0.1875
surrogate, 78, 23.0, 0.1875
surrogate, 78, 23.0, 0.1875
surrogate, 78, 23.0, 0.1875
surrogate, 78, 23.0, 0.1875
surrogate, 78, 23.0, 0.1875
surrogate, 78, 23.0, 0.1875
surrogate, 78, 23.0, 0.1875
surrogate, 78, 23.0, 0.1875
surrogate, 78, 23.0, 0.1875
surrogate, 78, 23.0, 0.1875
surrogate, 78, 23.0, 0.1875
surrogate, 78, 23.0, 0.1875
surrogate, 78, 23.0, 0.1875
surrogate, 79, 32.0, 0.875
surrogate, 79, 31.0, 0.75
surrogate, 79, 31.0, 0.75
surrogate, 79, 31.0, 0.75
surrogate, 79, 30.0, 0.65625
surrogate, 79, 30.0, 0.65625
surrogate, 79, 30.0, 0.65625
surrogate, 79, 30.0, 0.65625
surrogate, 79, 30.0, 0.65625
surrogate, 79, 30.0, 0.65625
surrogate, 79, 30.0, 0.65625
surrogate, 79, 30.0, 0.65625
surrogate, 79, 30.0, 0.65625
surrogate, 79, 30.0, 0.65625
surrogate, 79, 30.0, 0.65625
surrogate, 79, 30.0, 0.65625
surrogate, 79, 30.0, 0.65625
surrogate, 79, 30.0, 0.65625
surrogate, 79, 30.0, 0.65625
surrogate, 79, 29.0, 0.59375
surrogate, 79, 29.0, 0.59375
surrogate, 79, 29.0, 0.59375
surrogate, 79, 29.0, 0.59375
surrogate, 79, 29.0, 0.59375
surrogate, 79, 26.0, 0.53125
surrogate, 79, 26.0, 0.53125
surrogate, 79, 26.0, 0.53125
surrogate, 79, 26.0, 0.53125
surrogate, 79, 26.0, 0.53125
surrogate, 79, 26.0, 0.53125
surrogate, 79, 26.0, 0.53125
surrogate, 79, 26.0, 0.53125
surrogate, 79, 26.0, 0.53125
surrogate, 79, 26.0, 0.53125
surrogate, 79, 26.0, 0.53125
surrogate, 79, 26.0, 0.53125
surrogate, 79, 26.0, 0.53125
surrogate, 79, 26.0, 0.53125
surrogate, 79, 26.0, 0.53125
surrogate, 79, 26.0, 0.53125
surrogate, 79, 24.0, 0.34375
surrogate, 79, 24.0, 0.34375
surrogate, 79, 24.0, 0.34375
surrogate, 79, 24.0, 0.34375
surrogate, 79, 24.0, 0.34375
surrogate, 79, 24.0, 0.34375
surrogate, 79, 24.0, 0.34375
surrogate, 79, 24.0, 0.34375
surrogate, 79, 24.0, 0.34375
surrogate, 79, 24.0, 0.34375
surrogate, 79, 24.0, 0.34375
surrogate, 79, 24.0, 0.34375
surrogate, 79, 24.0, 0.34375
surrogate, 79, 24.0, 0.34375
surrogate, 79, 24.0, 0.34375
surrogate, 79, 24.0, 0.34375
surrogate, 79, 24.0, 0.34375
surrogate, 79, 24.0, 0.34375
surrogate, 79, 24.0, 0.34375
surrogate, 79, 24.0, 0.34375
surrogate, 79, 24.0, 0.34375
surrogate, 79, 24.0, 0.34375
surrogate, 79, 24.0, 0.34375
surrogate, 79, 24.0, 0.34375
surrogate, 79, 24.0, 0.34375
surrogate, 79, 24.0, 0.34375
surrogate, 79, 23.0, 0.1875
surrogate, 79, 23.0, 0.1875
surrogate, 79, 23.0, 0.1875
surrogate, 79, 23.0, 0.1875
surrogate, 79, 23.0, 0.1875
surrogate, 79, 23.0, 0.1875
surrogate, 79, 23.0, 0.1875
surrogate, 79, 23.0, 0.1875
surrogate, 79, 23.0, 0.1875
surrogate, 79, 23.0, 0.1875
surrogate, 79, 23.0, 0.1875
surrogate, 79, 23.0, 0.1875
surrogate, 79, 23.0, 0.1875
surrogate, 79, 23.0, 0.1875
surrogate, 79, 23.0, 0.1875
surrogate, 79, 23.0, 0.1875
surrogate, 79, 23.0, 0.1875
surrogate, 79, 23.0, 0.1875
surrogate, 79, 23.0, 0.1875
surrogate, 79, 23.0, 0.1875
surrogate, 79, 23.0, 0.1875
surrogate, 79, 23.0, 0.1875
surrogate, 79, 23.0, 0.1875
surrogate, 79, 23.0, 0.1875
surrogate, 79, 23.0, 0.1875
surrogate, 79, 23.0, 0.1875
surrogate, 79, 23.0, 0.1875
surrogate, 79, 23.0, 0.1875
surrogate, 79, 23.0, 0.1875
surrogate, 79, 23.0, 0.1875
surrogate, 79, 23.0, 0.1875
surrogate, 79, 23.0, 0.1875
surrogate, 79, 23.0, 0.1875
surrogate, 79, 23.0, 0.1875
surrogate, 79, 23.0, 0.1875
surrogate, 79, 23.0, 0.1875
surrogate, 79, 23.0, 0.1875
surrogate, 79, 23.0, 0.1875
surrogate, 79, 23.0, 0.1875
surrogate, 79, 23.0, 0.1875
surrogate, 79, 23.0, 0.1875
surrogate, 79, 23.0, 0.1875
surrogate, 79, 23.0, 0.1875
surrogate, 79, 23.0, 0.1875
surrogate, 79, 23.0, 0.1875
surrogate, 80, 32.0, 0.875
surrogate, 80, 31.0, 0.75
surrogate, 80, 31.0, 0.75
surrogate, 80, 31.0, 0.75
surrogate, 80, 30.0, 0.65625
surrogate, 80, 30.0, 0.65625
surrogate, 80, 30.0, 0.65625
surrogate, 80, 30.0, 0.65625
surrogate, 80, 30.0, 0.65625
surrogate, 80, 30.0, 0.65625
surrogate, 80, 30.0, 0.65625
surrogate, 80, 30.0, 0.65625
surrogate, 80, 30.0, 0.65625
surrogate, 80, 30.0, 0.65625
surrogate, 80, 30.0, 0.65625
surrogate, 80, 30.0, 0.65625
surrogate, 80, 30.0, 0.65625
surrogate, 80, 30.0, 0.65625
surrogate, 80, 30.0, 0.65625
surrogate, 80, 30.0, 0.65625
surrogate, 80, 29.0, 0.59375
surrogate, 80, 29.0, 0.59375
surrogate, 80, 29.0, 0.59375
surrogate, 80, 29.0, 0.59375
surrogate, 80, 29.0, 0.59375
surrogate, 80, 26.0, 0.53125
surrogate, 80, 26.0, 0.53125
surrogate, 80, 26.0, 0.53125
surrogate, 80, 26.0, 0.53125
surrogate, 80, 26.0, 0.53125
surrogate, 80, 26.0, 0.53125
surrogate, 80, 26.0, 0.53125
surrogate, 80, 26.0, 0.53125
surrogate, 80, 26.0, 0.53125
surrogate, 80, 26.0, 0.53125
surrogate, 80, 26.0, 0.53125
surrogate, 80, 26.0, 0.53125
surrogate, 80, 26.0, 0.53125
surrogate, 80, 26.0, 0.53125
surrogate, 80, 26.0, 0.53125
surrogate, 80, 26.0, 0.53125
surrogate, 80, 24.0, 0.34375
surrogate, 80, 24.0, 0.34375
surrogate, 80, 24.0, 0.34375
surrogate, 80, 24.0, 0.34375
surrogate, 80, 24.0, 0.34375
surrogate, 80, 24.0, 0.34375
surrogate, 80, 24.0, 0.34375
surrogate, 80, 24.0, 0.34375
surrogate, 80, 24.0, 0.34375
surrogate, 80, 24.0, 0.34375
surrogate, 80, 24.0, 0.34375
surrogate, 80, 24.0, 0.34375
surrogate, 80, 24.0, 0.34375
surrogate, 80, 24.0, 0.34375
surrogate, 80, 24.0, 0.34375
surrogate, 80, 24.0, 0.34375
surrogate, 80, 24.0, 0.34375
surrogate, 80, 24.0, 0.34375
surrogate, 80, 24.0, 0.34375
surrogate, 80, 24.0, 0.34375
surrogate, 80, 24.0, 0.34375
surrogate, 80, 24.0, 0.34375
surrogate, 80, 24.0, 0.34375
surrogate, 80, 24.0, 0.34375
surrogate, 80, 24.0, 0.34375
surrogate, 80, 24.0, 0.34375
surrogate, 80, 23.0, 0.1875
surrogate, 80, 23.0, 0.1875
surrogate, 80, 23.0, 0.1875
surrogate, 80, 23.0, 0.1875
surrogate, 80, 23.0, 0.1875
surrogate, 80, 23.0, 0.1875
surrogate, 80, 23.0, 0.1875
surrogate, 80, 23.0, 0.1875
surrogate, 80, 23.0, 0.1875
surrogate, 80, 23.0, 0.1875
surrogate, 80, 23.0, 0.1875
surrogate, 80, 23.0, 0.1875
surrogate, 80, 23.0, 0.1875
surrogate, 80, 23.0, 0.1875
surrogate, 80, 23.0, 0.1875
surrogate, 80, 23.0, 0.1875
surrogate, 80, 23.0, 0.1875
surrogate, 80, 23.0, 0.1875
surrogate, 80, 23.0, 0.1875
surrogate, 80, 23.0, 0.1875
surrogate, 80, 23.0, 0.1875
surrogate, 80, 23.0, 0.1875
surrogate, 80, 23.0, 0.1875
surrogate, 80, 23.0, 0.1875
surrogate, 80, 23.0, 0.1875
surrogate, 80, 23.0, 0.1875
surrogate, 80, 23.0, 0.1875
surrogate, 80, 23.0, 0.1875
surrogate, 80, 23.0, 0.1875
surrogate, 80, 23.0, 0.1875
surrogate, 80, 23.0, 0.1875
surrogate, 80, 23.0, 0.1875
surrogate, 80, 23.0, 0.1875
surrogate, 80, 23.0, 0.1875
surrogate, 80, 23.0, 0.1875
surrogate, 80, 23.0, 0.1875
surrogate, 80, 23.0, 0.1875
surrogate, 80, 23.0, 0.1875
surrogate, 80, 23.0, 0.1875
surrogate, 80, 23.0, 0.1875
surrogate, 80, 23.0, 0.1875
surrogate, 80, 23.0, 0.1875
surrogate, 80, 23.0, 0.1875
surrogate, 80, 23.0, 0.1875
surrogate, 80, 23.0, 0.1875
surrogate, 81, 32.0, 0.875
surrogate, 81, 31.0, 0.75
surrogate, 81, 31.0, 0.75
surrogate, 81, 31.0, 0.75
surrogate, 81, 30.0, 0.65625
surrogate, 81, 30.0, 0.65625
surrogate, 81, 30.0, 0.65625
surrogate, 81, 30.0, 0.65625
surrogate, 81, 30.0, 0.65625
surrogate, 81, 30.0, 0.65625
surrogate, 81, 30.0, 0.65625
surrogate, 81, 30.0, 0.65625
surrogate, 81, 30.0, 0.65625
surrogate, 81, 30.0, 0.65625
surrogate, 81, 30.0, 0.65625
surrogate, 81, 30.0, 0.65625
surrogate, 81, 30.0, 0.65625
surrogate, 81, 30.0, 0.65625
surrogate, 81, 30.0, 0.65625
surrogate, 81, 30.0, 0.65625
surrogate, 81, 29.0, 0.59375
surrogate, 81, 29.0, 0.59375
surrogate, 81, 29.0, 0.59375
surrogate, 81, 29.0, 0.59375
surrogate, 81, 29.0, 0.59375
surrogate, 81, 29.0, 0.59375
surrogate, 81, 26.0, 0.53125
surrogate, 81, 26.0, 0.53125
surrogate, 81, 26.0, 0.53125
surrogate, 81, 26.0, 0.53125
surrogate, 81, 26.0, 0.53125
surrogate, 81, 26.0, 0.53125
surrogate, 81, 26.0, 0.53125
surrogate, 81, 26.0, 0.53125
surrogate, 81, 26.0, 0.53125
surrogate, 81, 26.0, 0.53125
surrogate, 81, 26.0, 0.53125
surrogate, 81, 26.0, 0.53125
surrogate, 81, 26.0, 0.53125
surrogate, 81, 26.0, 0.53125
surrogate, 81, 26.0, 0.53125
surrogate, 81, 26.0, 0.53125
surrogate, 81, 24.0, 0.34375
surrogate, 81, 24.0, 0.34375
surrogate, 81, 24.0, 0.34375
surrogate, 81, 24.0, 0.34375
surrogate, 81, 24.0, 0.34375
surrogate, 81, 24.0, 0.34375
surrogate, 81, 24.0, 0.34375
surrogate, 81, 24.0, 0.34375
surrogate, 81, 24.0, 0.34375
surrogate, 81, 24.0, 0.34375
surrogate, 81, 24.0, 0.34375
surrogate, 81, 24.0, 0.34375
surrogate, 81, 24.0, 0.34375
surrogate, 81, 24.0, 0.34375
surrogate, 81, 24.0, 0.34375
surrogate, 81, 24.0, 0.34375
surrogate, 81, 24.0, 0.34375
surrogate, 81, 24.0, 0.34375
surrogate, 81, 24.0, 0.34375
surrogate, 81, 24.0, 0.34375
surrogate, 81, 24.0, 0.34375
surrogate, 81, 24.0, 0.34375
surrogate, 81, 24.0, 0.34375
surrogate, 81, 24.0, 0.34375
surrogate, 81, 24.0, 0.34375
surrogate, 81, 24.0, 0.34375
surrogate, 81, 23.0, 0.1875
surrogate, 81, 23.0, 0.1875
surrogate, 81, 23.0, 0.1875
surrogate, 81, 23.0, 0.1875
surrogate, 81, 23.0, 0.1875
surrogate, 81, 23.0, 0.1875
surrogate, 81, 23.0, 0.1875
surrogate, 81, 23.0, 0.1875
surrogate, 81, 23.0, 0.1875
surrogate, 81, 23.0, 0.1875
surrogate, 81, 23.0, 0.1875
surrogate, 81, 23.0, 0.1875
surrogate, 81, 23.0, 0.1875
surrogate, 81, 23.0, 0.1875
surrogate, 81, 23.0, 0.1875
surrogate, 81, 23.0, 0.1875
surrogate, 81, 23.0, 0.1875
surrogate, 81, 23.0, 0.1875
surrogate, 81, 23.0, 0.1875
surrogate, 81, 23.0, 0.1875
surrogate, 81, 23.0, 0.1875
surrogate, 81, 23.0, 0.1875
surrogate, 81, 23.0, 0.1875
surrogate, 81, 23.0, 0.1875
surrogate, 81, 23.0, 0.1875
surrogate, 81, 23.0, 0.1875
surrogate, 81, 23.0, 0.1875
surrogate, 81, 23.0, 0.1875
surrogate, 81, 23.0, 0.1875
surrogate, 81, 23.0, 0.1875
surrogate, 81, 23.0, 0.1875
surrogate, 81, 23.0, 0.1875
surrogate, 81, 23.0, 0.1875
surrogate, 81, 23.0, 0.1875
surrogate, 81, 23.0, 0.1875
surrogate, 81, 23.0, 0.1875
surrogate, 81, 23.0, 0.1875
surrogate, 81, 23.0, 0.1875
surrogate, 81, 23.0, 0.1875
surrogate, 81, 23.0, 0.1875
surrogate, 81, 23.0, 0.1875
surrogate, 81, 23.0, 0.1875
surrogate, 81, 23.0, 0.1875
surrogate, 81, 23.0, 0.1875
surrogate, 81, 23.0, 0.1875
surrogate, 81, 23.0, 0.1875
surrogate, 82, 32.0, 0.875
surrogate, 82, 31.0, 0.75
surrogate, 82, 31.0, 0.75
surrogate, 82, 31.0, 0.75
surrogate, 82, 30.0, 0.65625
surrogate, 82, 30.0, 0.65625
surrogate, 82, 30.0, 0.65625
surrogate, 82, 30.0, 0.65625
surrogate, 82, 30.0, 0.65625
surrogate, 82, 30.0, 0.65625
surrogate, 82, 30.0, 0.65625
surrogate, 82, 30.0, 0.65625
surrogate, 82, 30.0, 0.65625
surrogate, 82, 30.0, 0.65625
surrogate, 82, 30.0, 0.65625
surrogate, 82, 30.0, 0.65625
surrogate, 82, 30.0, 0.65625
surrogate, 82, 30.0, 0.65625
surrogate, 82, 30.0, 0.65625
surrogate, 82, 30.0, 0.65625
surrogate, 82, 29.0, 0.59375
surrogate, 82, 29.0, 0.59375
surrogate, 82, 29.0, 0.59375
surrogate, 82, 29.0, 0.59375
surrogate, 82, 29.0, 0.59375
surrogate, 82, 29.0, 0.59375
surrogate, 82, 26.0, 0.53125
surrogate, 82, 26.0, 0.53125
surrogate, 82, 26.0, 0.53125
surrogate, 82, 26.0, 0.53125
surrogate, 82, 26.0, 0.53125
surrogate, 82, 26.0, 0.53125
surrogate, 82, 26.0, 0.53125
surrogate, 82, 26.0, 0.53125
surrogate, 82, 26.0, 0.53125
surrogate, 82, 26.0, 0.53125
surrogate, 82, 26.0, 0.53125
surrogate, 82, 26.0, 0.53125
surrogate, 82, 26.0, 0.53125
surrogate, 82, 26.0, 0.53125
surrogate, 82, 26.0, 0.53125
surrogate, 82, 26.0, 0.53125
surrogate, 82, 24.0, 0.34375
surrogate, 82, 24.0, 0.34375
surrogate, 82, 24.0, 0.34375
surrogate, 82, 24.0, 0.34375
surrogate, 82, 24.0, 0.34375
surrogate, 82, 24.0, 0.34375
surrogate, 82, 24.0, 0.34375
surrogate, 82, 24.0, 0.34375
surrogate, 82, 24.0, 0.34375
surrogate, 82, 24.0, 0.34375
surrogate, 82, 24.0, 0.34375
surrogate, 82, 24.0, 0.34375
surrogate, 82, 24.0, 0.34375
surrogate, 82, 24.0, 0.34375
surrogate, 82, 24.0, 0.34375
surrogate, 82, 24.0, 0.34375
surrogate, 82, 24.0, 0.34375
surrogate, 82, 24.0, 0.34375
surrogate, 82, 24.0, 0.34375
surrogate, 82, 24.0, 0.34375
surrogate, 82, 24.0, 0.34375
surrogate, 82, 24.0, 0.34375
surrogate, 82, 24.0, 0.34375
surrogate, 82, 24.0, 0.34375
surrogate, 82, 24.0, 0.34375
surrogate, 82, 24.0, 0.34375
surrogate, 82, 24.0, 0.34375
surrogate, 82, 23.0, 0.1875
surrogate, 82, 23.0, 0.1875
surrogate, 82, 23.0, 0.1875
surrogate, 82, 23.0, 0.1875
surrogate, 82, 23.0, 0.1875
surrogate, 82, 23.0, 0.1875
surrogate, 82, 23.0, 0.1875
surrogate, 82, 23.0, 0.1875
surrogate, 82, 23.0, 0.1875
surrogate, 82, 23.0, 0.1875
surrogate, 82, 23.0, 0.1875
surrogate, 82, 23.0, 0.1875
surrogate, 82, 23.0, 0.1875
surrogate, 82, 23.0, 0.1875
surrogate, 82, 23.0, 0.1875
surrogate, 82, 23.0, 0.1875
surrogate, 82, 23.0, 0.1875
surrogate, 82, 23.0, 0.1875
surrogate, 82, 23.0, 0.1875
surrogate, 82, 23.0, 0.1875
surrogate, 82, 23.0, 0.1875
surrogate, 82, 23.0, 0.1875
surrogate, 82, 23.0, 0.1875
surrogate, 82, 23.0, 0.1875
surrogate, 82, 23.0, 0.1875
surrogate, 82, 23.0, 0.1875
surrogate, 82, 23.0, 0.1875
surrogate, 82, 23.0, 0.1875
surrogate, 82, 23.0, 0.1875
surrogate, 82, 23.0, 0.1875
surrogate, 82, 23.0, 0.1875
surrogate, 82, 23.0, 0.1875
surrogate, 82, 23.0, 0.1875
surrogate, 82, 23.0, 0.1875
surrogate, 82, 23.0, 0.1875
surrogate, 82, 23.0, 0.1875
surrogate, 82, 23.0, 0.1875
surrogate, 82, 23.0, 0.1875
surrogate, 82, 23.0, 0.1875
surrogate, 82, 23.0, 0.1875
surrogate, 82, 23.0, 0.1875
surrogate, 82, 23.0, 0.1875
surrogate, 82, 23.0, 0.1875
surrogate, 82, 23.0, 0.1875
surrogate, 82, 23.0, 0.1875
surrogate, 82, 23.0, 0.1875
surrogate, 83, 32.0, 0.875
surrogate, 83, 32.0, 0.875
surrogate, 83, 31.0, 0.75
surrogate, 83, 31.0, 0.75
surrogate, 83, 31.0, 0.75
surrogate, 83, 30.0, 0.65625
surrogate, 83, 30.0, 0.65625
surrogate, 83, 30.0, 0.65625
surrogate, 83, 30.0, 0.65625
surrogate, 83, 30.0, 0.65625
surrogate, 83, 30.0, 0.65625
surrogate, 83, 30.0, 0.65625
surrogate, 83, 30.0, 0.65625
surrogate, 83, 30.0, 0.65625
surrogate, 83, 30.0, 0.65625
surrogate, 83, 30.0, 0.65625
surrogate, 83, 30.0, 0.65625
surrogate, 83, 30.0, 0.65625
surrogate, 83, 30.0, 0.65625
surrogate, 83, 30.0, 0.65625
surrogate, 83, 30.0, 0.65625
surrogate, 83, 29.0, 0.59375
surrogate, 83, 29.0, 0.59375
surrogate, 83, 29.0, 0.59375
surrogate, 83, 29.0, 0.59375
surrogate, 83, 29.0, 0.59375
surrogate, 83, 29.0, 0.59375
surrogate, 83, 26.0, 0.53125
surrogate, 83, 26.0, 0.53125
surrogate, 83, 26.0, 0.53125
surrogate, 83, 26.0, 0.53125
surrogate, 83, 26.0, 0.53125
surrogate, 83, 26.0, 0.53125
surrogate, 83, 26.0, 0.53125
surrogate, 83, 26.0, 0.53125
surrogate, 83, 26.0, 0.53125
surrogate, 83, 26.0, 0.53125
surrogate, 83, 26.0, 0.53125
surrogate, 83, 26.0, 0.53125
surrogate, 83, 26.0, 0.53125
surrogate, 83, 26.0, 0.53125
surrogate, 83, 26.0, 0.53125
surrogate, 83, 26.0, 0.53125
surrogate, 83, 24.0, 0.34375
surrogate, 83, 24.0, 0.34375
surrogate, 83, 24.0, 0.34375
surrogate, 83, 24.0, 0.34375
surrogate, 83, 24.0, 0.34375
surrogate, 83, 24.0, 0.34375
surrogate, 83, 24.0, 0.34375
surrogate, 83, 24.0, 0.34375
surrogate, 83, 24.0, 0.34375
surrogate, 83, 24.0, 0.34375
surrogate, 83, 24.0, 0.34375
surrogate, 83, 24.0, 0.34375
surrogate, 83, 24.0, 0.34375
surrogate, 83, 24.0, 0.34375
surrogate, 83, 24.0, 0.34375
surrogate, 83, 24.0, 0.34375
surrogate, 83, 24.0, 0.34375
surrogate, 83, 24.0, 0.34375
surrogate, 83, 24.0, 0.34375
surrogate, 83, 24.0, 0.34375
surrogate, 83, 24.0, 0.34375
surrogate, 83, 24.0, 0.34375
surrogate, 83, 24.0, 0.34375
surrogate, 83, 24.0, 0.34375
surrogate, 83, 24.0, 0.34375
surrogate, 83, 24.0, 0.34375
surrogate, 83, 24.0, 0.34375
surrogate, 83, 23.0, 0.1875
surrogate, 83, 23.0, 0.1875
surrogate, 83, 23.0, 0.1875
surrogate, 83, 23.0, 0.1875
surrogate, 83, 23.0, 0.1875
surrogate, 83, 23.0, 0.1875
surrogate, 83, 23.0, 0.1875
surrogate, 83, 23.0, 0.1875
surrogate, 83, 23.0, 0.1875
surrogate, 83, 23.0, 0.1875
surrogate, 83, 23.0, 0.1875
surrogate, 83, 23.0, 0.1875
surrogate, 83, 23.0, 0.1875
surrogate, 83, 23.0, 0.1875
surrogate, 83, 23.0, 0.1875
surrogate, 83, 23.0, 0.1875
surrogate, 83, 23.0, 0.1875
surrogate, 83, 23.0, 0.1875
surrogate, 83, 23.0, 0.1875
surrogate, 83, 23.0, 0.1875
surrogate, 83, 23.0, 0.1875
surrogate, 83, 23.0, 0.1875
surrogate, 83, 23.0, 0.1875
surrogate, 83, 23.0, 0.1875
surrogate, 83, 23.0, 0.1875
surrogate, 83, 23.0, 0.1875
surrogate, 83, 23.0, 0.1875
surrogate, 83, 23.0, 0.1875
surrogate, 83, 23.0, 0.1875
surrogate, 83, 23.0, 0.1875
surrogate, 83, 23.0, 0.1875
surrogate, 83, 23.0, 0.1875
surrogate, 83, 23.0, 0.1875
surrogate, 83, 23.0, 0.1875
surrogate, 83, 23.0, 0.1875
surrogate, 83, 23.0, 0.1875
surrogate, 83, 23.0, 0.1875
surrogate, 83, 23.0, 0.1875
surrogate, 83, 23.0, 0.1875
surrogate, 83, 23.0, 0.1875
surrogate, 83, 23.0, 0.1875
surrogate, 83, 23.0, 0.1875
surrogate, 83, 23.0, 0.1875
surrogate, 83, 23.0, 0.1875
surrogate, 83, 23.0, 0.1875
surrogate, 83, 23.0, 0.1875
surrogate, 84, 32.0, 0.875
surrogate, 84, 32.0, 0.875
surrogate, 84, 31.0, 0.75
surrogate, 84, 31.0, 0.75
surrogate, 84, 31.0, 0.75
surrogate, 84, 31.0, 0.75
surrogate, 84, 30.0, 0.65625
surrogate, 84, 30.0, 0.65625
surrogate, 84, 30.0, 0.65625
surrogate, 84, 30.0, 0.65625
surrogate, 84, 30.0, 0.65625
surrogate, 84, 30.0, 0.65625
surrogate, 84, 30.0, 0.65625
surrogate, 84, 30.0, 0.65625
surrogate, 84, 30.0, 0.65625
surrogate, 84, 30.0, 0.65625
surrogate, 84, 30.0, 0.65625
surrogate, 84, 30.0, 0.65625
surrogate, 84, 30.0, 0.65625
surrogate, 84, 30.0, 0.65625
surrogate, 84, 30.0, 0.65625
surrogate, 84, 30.0, 0.65625
surrogate, 84, 29.0, 0.59375
surrogate, 84, 29.0, 0.59375
surrogate, 84, 29.0, 0.59375
surrogate, 84, 29.0, 0.59375
surrogate, 84, 29.0, 0.59375
surrogate, 84, 29.0, 0.59375
surrogate, 84, 26.0, 0.53125
surrogate, 84, 26.0, 0.53125
surrogate, 84, 26.0, 0.53125
surrogate, 84, 26.0, 0.53125
surrogate, 84, 26.0, 0.53125
surrogate, 84, 26.0, 0.53125
surrogate, 84, 26.0, 0.53125
surrogate, 84, 26.0, 0.53125
surrogate, 84, 26.0, 0.53125
surrogate, 84, 26.0, 0.53125
surrogate, 84, 26.0, 0.53125
surrogate, 84, 26.0, 0.53125
surrogate, 84, 26.0, 0.53125
surrogate, 84, 26.0, 0.53125
surrogate, 84, 26.0, 0.53125
surrogate, 84, 26.0, 0.53125
surrogate, 84, 24.0, 0.34375
surrogate, 84, 24.0, 0.34375
surrogate, 84, 24.0, 0.34375
surrogate, 84, 24.0, 0.34375
surrogate, 84, 24.0, 0.34375
surrogate, 84, 24.0, 0.34375
surrogate, 84, 24.0, 0.34375
surrogate, 84, 24.0, 0.34375
surrogate, 84, 24.0, 0.34375
surrogate, 84, 24.0, 0.34375
surrogate, 84, 24.0, 0.34375
surrogate, 84, 24.0, 0.34375
surrogate, 84, 24.0, 0.34375
surrogate, 84, 24.0, 0.34375
surrogate, 84, 24.0, 0.34375
surrogate, 84, 24.0, 0.34375
surrogate, 84, 24.0, 0.34375
surrogate, 84, 24.0, 0.34375
surrogate, 84, 24.0, 0.34375
surrogate, 84, 24.0, 0.34375
surrogate, 84, 24.0, 0.34375
surrogate, 84, 24.0, 0.34375
surrogate, 84, 24.0, 0.34375
surrogate, 84, 24.0, 0.34375
surrogate, 84, 24.0, 0.34375
surrogate, 84, 24.0, 0.34375
surrogate, 84, 24.0, 0.34375
surrogate, 84, 23.0, 0.1875
surrogate, 84, 23.0, 0.1875
surrogate, 84, 23.0, 0.1875
surrogate, 84, 23.0, 0.1875
surrogate, 84, 23.0, 0.1875
surrogate, 84, 23.0, 0.1875
surrogate, 84, 23.0, 0.1875
surrogate, 84, 23.0, 0.1875
surrogate, 84, 23.0, 0.1875
surrogate, 84, 23.0, 0.1875
surrogate, 84, 23.0, 0.1875
surrogate, 84, 23.0, 0.1875
surrogate, 84, 23.0, 0.1875
surrogate, 84, 23.0, 0.1875
surrogate, 84, 23.0, 0.1875
surrogate, 84, 23.0, 0.1875
surrogate, 84, 23.0, 0.1875
surrogate, 84, 23.0, 0.1875
surrogate, 84, 23.0, 0.1875
surrogate, 84, 23.0, 0.1875
surrogate, 84, 23.0, 0.1875
surrogate, 84, 23.0, 0.1875
surrogate, 84, 23.0, 0.1875
surrogate, 84, 23.0, 0.1875
surrogate, 84, 23.0, 0.1875
surrogate, 84, 23.0, 0.1875
surrogate, 84, 23.0, 0.1875
surrogate, 84, 23.0, 0.1875
surrogate, 84, 23.0, 0.1875
surrogate, 84, 23.0, 0.1875
surrogate, 84, 23.0, 0.1875
surrogate, 84, 23.0, 0.1875
surrogate, 84, 23.0, 0.1875
surrogate, 84, 23.0, 0.1875
surrogate, 84, 23.0, 0.1875
surrogate, 84, 23.0, 0.1875
surrogate, 84, 23.0, 0.1875
surrogate, 84, 23.0, 0.1875
surrogate, 84, 23.0, 0.1875
surrogate, 84, 23.0, 0.1875
surrogate, 84, 23.0, 0.1875
surrogate, 84, 23.0, 0.1875
surrogate, 84, 23.0, 0.1875
surrogate, 84, 23.0, 0.1875
surrogate, 84, 23.0, 0.1875
surrogate, 84, 23.0, 0.1875
surrogate, 84, 23.0, 0.1875
surrogate, 85, 32.0, 0.875
surrogate, 85, 32.0, 0.875
surrogate, 85, 31.0, 0.75
surrogate, 85, 31.0, 0.75
surrogate, 85, 31.0, 0.75
surrogate, 85, 31.0, 0.75
surrogate, 85, 30.0, 0.65625
surrogate, 85, 30.0, 0.65625
surrogate, 85, 30.0, 0.65625
surrogate, 85, 30.0, 0.65625
surrogate, 85, 30.0, 0.65625
surrogate, 85, 30.0, 0.65625
surrogate, 85, 30.0, 0.65625
surrogate, 85, 30.0, 0.65625
surrogate, 85, 30.0, 0.65625
surrogate, 85, 30.0, 0.65625
surrogate, 85, 30.0, 0.65625
surrogate, 85, 30.0, 0.65625
surrogate, 85, 30.0, 0.65625
surrogate, 85, 30.0, 0.65625
surrogate, 85, 30.0, 0.65625
surrogate, 85, 30.0, 0.65625
surrogate, 85, 29.0, 0.59375
surrogate, 85, 29.0, 0.59375
surrogate, 85, 29.0, 0.59375
surrogate, 85, 29.0, 0.59375
surrogate, 85, 29.0, 0.59375
surrogate, 85, 29.0, 0.59375
surrogate, 85, 29.0, 0.59375
surrogate, 85, 26.0, 0.53125
surrogate, 85, 26.0, 0.53125
surrogate, 85, 26.0, 0.53125
surrogate, 85, 26.0, 0.53125
surrogate, 85, 26.0, 0.53125
surrogate, 85, 26.0, 0.53125
surrogate, 85, 26.0, 0.53125
surrogate, 85, 26.0, 0.53125
surrogate, 85, 26.0, 0.53125
surrogate, 85, 26.0, 0.53125
surrogate, 85, 26.0, 0.53125
surrogate, 85, 26.0, 0.53125
surrogate, 85, 26.0, 0.53125
surrogate, 85, 26.0, 0.53125
surrogate, 85, 26.0, 0.53125
surrogate, 85, 26.0, 0.53125
surrogate, 85, 24.0, 0.34375
surrogate, 85, 24.0, 0.34375
surrogate, 85, 24.0, 0.34375
surrogate, 85, 24.0, 0.34375
surrogate, 85, 24.0, 0.34375
surrogate, 85, 24.0, 0.34375
surrogate, 85, 24.0, 0.34375
surrogate, 85, 24.0, 0.34375
surrogate, 85, 24.0, 0.34375
surrogate, 85, 24.0, 0.34375
surrogate, 85, 24.0, 0.34375
surrogate, 85, 24.0, 0.34375
surrogate, 85, 24.0, 0.34375
surrogate, 85, 24.0, 0.34375
surrogate, 85, 24.0, 0.34375
surrogate, 85, 24.0, 0.34375
surrogate, 85, 24.0, 0.34375
surrogate, 85, 24.0, 0.34375
surrogate, 85, 24.0, 0.34375
surrogate, 85, 24.0, 0.34375
surrogate, 85, 24.0, 0.34375
surrogate, 85, 24.0, 0.34375
surrogate, 85, 24.0, 0.34375
surrogate, 85, 24.0, 0.34375
surrogate, 85, 24.0, 0.34375
surrogate, 85, 24.0, 0.34375
surrogate, 85, 24.0, 0.34375
surrogate, 85, 24.0, 0.34375
surrogate, 85, 23.0, 0.1875
surrogate, 85, 23.0, 0.1875
surrogate, 85, 23.0, 0.1875
surrogate, 85, 23.0, 0.1875
surrogate, 85, 23.0, 0.1875
surrogate, 85, 23.0, 0.1875
surrogate, 85, 23.0, 0.1875
surrogate, 85, 23.0, 0.1875
surrogate, 85, 23.0, 0.1875
surrogate, 85, 23.0, 0.1875
surrogate, 85, 23.0, 0.1875
surrogate, 85, 23.0, 0.1875
surrogate, 85, 23.0, 0.1875
surrogate, 85, 23.0, 0.1875
surrogate, 85, 23.0, 0.1875
surrogate, 85, 23.0, 0.1875
surrogate, 85, 23.0, 0.1875
surrogate, 85, 23.0, 0.1875
surrogate, 85, 23.0, 0.1875
surrogate, 85, 23.0, 0.1875
surrogate, 85, 23.0, 0.1875
surrogate, 85, 23.0, 0.1875
surrogate, 85, 23.0, 0.1875
surrogate, 85, 23.0, 0.1875
surrogate, 85, 23.0, 0.1875
surrogate, 85, 23.0, 0.1875
surrogate, 85, 23.0, 0.1875
surrogate, 85, 23.0, 0.1875
surrogate, 85, 23.0, 0.1875
surrogate, 85, 23.0, 0.1875
surrogate, 85, 23.0, 0.1875
surrogate, 85, 23.0, 0.1875
surrogate, 85, 23.0, 0.1875
surrogate, 85, 23.0, 0.1875
surrogate, 85, 23.0, 0.1875
surrogate, 85, 23.0, 0.1875
surrogate, 85, 23.0, 0.1875
surrogate, 85, 23.0, 0.1875
surrogate, 85, 23.0, 0.1875
surrogate, 85, 23.0, 0.1875
surrogate, 85, 23.0, 0.1875
surrogate, 85, 23.0, 0.1875
surrogate, 85, 23.0, 0.1875
surrogate, 85, 23.0, 0.1875
surrogate, 85, 23.0, 0.1875
surrogate, 85, 23.0, 0.1875
surrogate, 85, 23.0, 0.1875
surrogate, 85, 23.0, 0.1875
surrogate, 86, 32.0, 0.875
surrogate, 86, 32.0, 0.875
surrogate, 86, 31.0, 0.75
surrogate, 86, 31.0, 0.75
surrogate, 86, 31.0, 0.75
surrogate, 86, 31.0, 0.75
surrogate, 86, 30.0, 0.65625
surrogate, 86, 30.0, 0.65625
surrogate, 86, 30.0, 0.65625
surrogate, 86, 30.0, 0.65625
surrogate, 86, 30.0, 0.65625
surrogate, 86, 30.0, 0.65625
surrogate, 86, 30.0, 0.65625
surrogate, 86, 30.0, 0.65625
surrogate, 86, 30.0, 0.65625
surrogate, 86, 30.0, 0.65625
surrogate, 86, 30.0, 0.65625
surrogate, 86, 30.0, 0.65625
surrogate, 86, 30.0, 0.65625
surrogate, 86, 30.0, 0.65625
surrogate, 86, 30.0, 0.65625
surrogate, 86, 30.0, 0.65625
surrogate, 86, 30.0, 0.65625
surrogate, 86, 29.0, 0.59375
surrogate, 86, 29.0, 0.59375
surrogate, 86, 29.0, 0.59375
surrogate, 86, 29.0, 0.59375
surrogate, 86, 29.0, 0.59375
surrogate, 86, 29.0, 0.59375
surrogate, 86, 29.0, 0.59375
surrogate, 86, 26.0, 0.53125
surrogate, 86, 26.0, 0.53125
surrogate, 86, 26.0, 0.53125
surrogate, 86, 26.0, 0.53125
surrogate, 86, 26.0, 0.53125
surrogate, 86, 26.0, 0.53125
surrogate, 86, 26.0, 0.53125
surrogate, 86, 26.0, 0.53125
surrogate, 86, 26.0, 0.53125
surrogate, 86, 26.0, 0.53125
surrogate, 86, 26.0, 0.53125
surrogate, 86, 26.0, 0.53125
surrogate, 86, 26.0, 0.53125
surrogate, 86, 26.0, 0.53125
surrogate, 86, 26.0, 0.53125
surrogate, 86, 26.0, 0.53125
surrogate, 86, 24.0, 0.34375
surrogate, 86, 24.0, 0.34375
surrogate, 86, 24.0, 0.34375
surrogate, 86, 24.0, 0.34375
surrogate, 86, 24.0, 0.34375
surrogate, 86, 24.0, 0.34375
surrogate, 86, 24.0, 0.34375
surrogate, 86, 24.0, 0.34375
surrogate, 86, 24.0, 0.34375
surrogate, 86, 24.0, 0.34375
surrogate, 86, 24.0, 0.34375
surrogate, 86, 24.0, 0.34375
surrogate, 86, 24.0, 0.34375
surrogate, 86, 24.0, 0.34375
surrogate, 86, 24.0, 0.34375
surrogate, 86, 24.0, 0.34375
surrogate, 86, 24.0, 0.34375
surrogate, 86, 24.0, 0.34375
surrogate, 86, 24.0, 0.34375
surrogate, 86, 24.0, 0.34375
surrogate, 86, 24.0, 0.34375
surrogate, 86, 24.0, 0.34375
surrogate, 86, 24.0, 0.34375
surrogate, 86, 24.0, 0.34375
surrogate, 86, 24.0, 0.34375
surrogate, 86, 24.0, 0.34375
surrogate, 86, 24.0, 0.34375
surrogate, 86, 24.0, 0.34375
surrogate, 86, 23.0, 0.1875
surrogate, 86, 23.0, 0.1875
surrogate, 86, 23.0, 0.1875
surrogate, 86, 23.0, 0.1875
surrogate, 86, 23.0, 0.1875
surrogate, 86, 23.0, 0.1875
surrogate, 86, 23.0, 0.1875
surrogate, 86, 23.0, 0.1875
surrogate, 86, 23.0, 0.1875
surrogate, 86, 23.0, 0.1875
surrogate, 86, 23.0, 0.1875
surrogate, 86, 23.0, 0.1875
surrogate, 86, 23.0, 0.1875
surrogate, 86, 23.0, 0.1875
surrogate, 86, 23.0, 0.1875
surrogate, 86, 23.0, 0.1875
surrogate, 86, 23.0, 0.1875
surrogate, 86, 23.0, 0.1875
surrogate, 86, 23.0, 0.1875
surrogate, 86, 23.0, 0.1875
surrogate, 86, 23.0, 0.1875
surrogate, 86, 23.0, 0.1875
surrogate, 86, 23.0, 0.1875
surrogate, 86, 23.0, 0.1875
surrogate, 86, 23.0, 0.1875
surrogate, 86, 23.0, 0.1875
surrogate, 86, 23.0, 0.1875
surrogate, 86, 23.0, 0.1875
surrogate, 86, 23.0, 0.1875
surrogate, 86, 23.0, 0.1875
surrogate, 86, 23.0, 0.1875
surrogate, 86, 23.0, 0.1875
surrogate, 86, 23.0, 0.1875
surrogate, 86, 23.0, 0.1875
surrogate, 86, 23.0, 0.1875
surrogate, 86, 23.0, 0.1875
surrogate, 86, 23.0, 0.1875
surrogate, 86, 23.0, 0.1875
surrogate, 86, 23.0, 0.1875
surrogate, 86, 23.0, 0.1875
surrogate, 86, 23.0, 0.1875
surrogate, 86, 23.0, 0.1875
surrogate, 86, 23.0, 0.1875
surrogate, 86, 23.0, 0.1875
surrogate, 86, 23.0, 0.1875
surrogate, 86, 23.0, 0.1875
surrogate, 86, 23.0, 0.1875
surrogate, 86, 23.0, 0.1875
surrogate, 86, 23.0, 0.1875
surrogate, 87, 32.0, 0.875
surrogate, 87, 32.0, 0.875
surrogate, 87, 31.0, 0.75
surrogate, 87, 31.0, 0.75
surrogate, 87, 31.0, 0.75
surrogate, 87, 31.0, 0.75
surrogate, 87, 30.0, 0.65625
surrogate, 87, 30.0, 0.65625
surrogate, 87, 30.0, 0.65625
surrogate, 87, 30.0, 0.65625
surrogate, 87, 30.0, 0.65625
surrogate, 87, 30.0, 0.65625
surrogate, 87, 30.0, 0.65625
surrogate, 87, 30.0, 0.65625
surrogate, 87, 30.0, 0.65625
surrogate, 87, 30.0, 0.65625
surrogate, 87, 30.0, 0.65625
surrogate, 87, 30.0, 0.65625
surrogate, 87, 30.0, 0.65625
surrogate, 87, 30.0, 0.65625
surrogate, 87, 30.0, 0.65625
surrogate, 87, 30.0, 0.65625
surrogate, 87, 30.0, 0.65625
surrogate, 87, 29.0, 0.59375
surrogate, 87, 29.0, 0.59375
surrogate, 87, 29.0, 0.59375
surrogate, 87, 29.0, 0.59375
surrogate, 87, 29.0, 0.59375
surrogate, 87, 29.0, 0.59375
surrogate, 87, 29.0, 0.59375
surrogate, 87, 26.0, 0.53125
surrogate, 87, 26.0, 0.53125
surrogate, 87, 26.0, 0.53125
surrogate, 87, 26.0, 0.53125
surrogate, 87, 26.0, 0.53125
surrogate, 87, 26.0, 0.53125
surrogate, 87, 26.0, 0.53125
surrogate, 87, 26.0, 0.53125
surrogate, 87, 26.0, 0.53125
surrogate, 87, 26.0, 0.53125
surrogate, 87, 26.0, 0.53125
surrogate, 87, 26.0, 0.53125
surrogate, 87, 26.0, 0.53125
surrogate, 87, 26.0, 0.53125
surrogate, 87, 26.0, 0.53125
surrogate, 87, 26.0, 0.53125
surrogate, 87, 24.0, 0.34375
surrogate, 87, 24.0, 0.34375
surrogate, 87, 24.0, 0.34375
surrogate, 87, 24.0, 0.34375
surrogate, 87, 24.0, 0.34375
surrogate, 87, 24.0, 0.34375
surrogate, 87, 24.0, 0.34375
surrogate, 87, 24.0, 0.34375
surrogate, 87, 24.0, 0.34375
surrogate, 87, 24.0, 0.34375
surrogate, 87, 24.0, 0.34375
surrogate, 87, 24.0, 0.34375
surrogate, 87, 24.0, 0.34375
surrogate, 87, 24.0, 0.34375
surrogate, 87, 24.0, 0.34375
surrogate, 87, 24.0, 0.34375
surrogate, 87, 24.0, 0.34375
surrogate, 87, 24.0, 0.34375
surrogate, 87, 24.0, 0.34375
surrogate, 87, 24.0, 0.34375
surrogate, 87, 24.0, 0.34375
surrogate, 87, 24.0, 0.34375
surrogate, 87, 24.0, 0.34375
surrogate, 87, 24.0, 0.34375
surrogate, 87, 24.0, 0.34375
surrogate, 87, 24.0, 0.34375
surrogate, 87, 24.0, 0.34375
surrogate, 87, 24.0, 0.34375
surrogate, 87, 24.0, 0.34375
surrogate, 87, 23.0, 0.1875
surrogate, 87, 23.0, 0.1875
surrogate, 87, 23.0, 0.1875
surrogate, 87, 23.0, 0.1875
surrogate, 87, 23.0, 0.1875
surrogate, 87, 23.0, 0.1875
surrogate, 87, 23.0, 0.1875
surrogate, 87, 23.0, 0.1875
surrogate, 87, 23.0, 0.1875
surrogate, 87, 23.0, 0.1875
surrogate, 87, 23.0, 0.1875
surrogate, 87, 23.0, 0.1875
surrogate, 87, 23.0, 0.1875
surrogate, 87, 23.0, 0.1875
surrogate, 87, 23.0, 0.1875
surrogate, 87, 23.0, 0.1875
surrogate, 87, 23.0, 0.1875
surrogate, 87, 23.0, 0.1875
surrogate, 87, 23.0, 0.1875
surrogate, 87, 23.0, 0.1875
surrogate, 87, 23.0, 0.1875
surrogate, 87, 23.0, 0.1875
surrogate, 87, 23.0, 0.1875
surrogate, 87, 23.0, 0.1875
surrogate, 87, 23.0, 0.1875
surrogate, 87, 23.0, 0.1875
surrogate, 87, 23.0, 0.1875
surrogate, 87, 23.0, 0.1875
surrogate, 87, 23.0, 0.1875
surrogate, 87, 23.0, 0.1875
surrogate, 87, 23.0, 0.1875
surrogate, 87, 23.0, 0.1875
surrogate, 87, 23.0, 0.1875
surrogate, 87, 23.0, 0.1875
surrogate, 87, 23.0, 0.1875
surrogate, 87, 23.0, 0.1875
surrogate, 87, 23.0, 0.1875
surrogate, 87, 23.0, 0.1875
surrogate, 87, 23.0, 0.1875
surrogate, 87, 23.0, 0.1875
surrogate, 87, 23.0, 0.1875
surrogate, 87, 23.0, 0.1875
surrogate, 87, 23.0, 0.1875
surrogate, 87, 23.0, 0.1875
surrogate, 87, 23.0, 0.1875
surrogate, 87, 23.0, 0.1875
surrogate, 87, 23.0, 0.1875
surrogate, 87, 23.0, 0.1875
surrogate, 87, 23.0, 0.1875
surrogate, 87, 23.0, 0.1875
surrogate, 88, 32.0, 0.875
surrogate, 88, 32.0, 0.875
surrogate, 88, 31.0, 0.75
surrogate, 88, 31.0, 0.75
surrogate, 88, 31.0, 0.75
surrogate, 88, 31.0, 0.75
surrogate, 88, 30.0, 0.65625
surrogate, 88, 30.0, 0.65625
surrogate, 88, 30.0, 0.65625
surrogate, 88, 30.0, 0.65625
surrogate, 88, 30.0, 0.65625
surrogate, 88, 30.0, 0.65625
surrogate, 88, 30.0, 0.65625
surrogate, 88, 30.0, 0.65625
surrogate, 88, 30.0, 0.65625
surrogate, 88, 30.0, 0.65625
surrogate, 88, 30.0, 0.65625
surrogate, 88, 30.0, 0.65625
surrogate, 88, 30.0, 0.65625
surrogate, 88, 30.0, 0.65625
surrogate, 88, 30.0, 0.65625
surrogate, 88, 30.0, 0.65625
surrogate, 88, 30.0, 0.65625
surrogate, 88, 30.0, 0.65625
surrogate, 88, 29.0, 0.59375
surrogate, 88, 29.0, 0.59375
surrogate, 88, 29.0, 0.59375
surrogate, 88, 29.0, 0.59375
surrogate, 88, 29.0, 0.59375
surrogate, 88, 29.0, 0.59375
surrogate, 88, 29.0, 0.59375
surrogate, 88, 26.0, 0.53125
surrogate, 88, 26.0, 0.53125
surrogate, 88, 26.0, 0.53125
surrogate, 88, 26.0, 0.53125
surrogate, 88, 26.0, 0.53125
surrogate, 88, 26.0, 0.53125
surrogate, 88, 26.0, 0.53125
surrogate, 88, 26.0, 0.53125
surrogate, 88, 26.0, 0.53125
surrogate, 88, 26.0, 0.53125
surrogate, 88, 26.0, 0.53125
surrogate, 88, 26.0, 0.53125
surrogate, 88, 26.0, 0.53125
surrogate, 88, 26.0, 0.53125
surrogate, 88, 26.0, 0.53125
surrogate, 88, 26.0, 0.53125
surrogate, 88, 26.0, 0.53125
surrogate, 88, 24.0, 0.34375
surrogate, 88, 24.0, 0.34375
surrogate, 88, 24.0, 0.34375
surrogate, 88, 24.0, 0.34375
surrogate, 88, 24.0, 0.34375
surrogate, 88, 24.0, 0.34375
surrogate, 88, 24.0, 0.34375
surrogate, 88, 24.0, 0.34375
surrogate, 88, 24.0, 0.34375
surrogate, 88, 24.0, 0.34375
surrogate, 88, 24.0, 0.34375
surrogate, 88, 24.0, 0.34375
surrogate, 88, 24.0, 0.34375
surrogate, 88, 24.0, 0.34375
surrogate, 88, 24.0, 0.34375
surrogate, 88, 24.0, 0.34375
surrogate, 88, 24.0, 0.34375
surrogate, 88, 24.0, 0.34375
surrogate, 88, 24.0, 0.34375
surrogate, 88, 24.0, 0.34375
surrogate, 88, 24.0, 0.34375
surrogate, 88, 24.0, 0.34375
surrogate, 88, 24.0, 0.34375
surrogate, 88, 24.0, 0.34375
surrogate, 88, 24.0, 0.34375
surrogate, 88, 24.0, 0.34375
surrogate, 88, 24.0, 0.34375
surrogate, 88, 24.0, 0.34375
surrogate, 88, 24.0, 0.34375
surrogate, 88, 23.0, 0.1875
surrogate, 88, 23.0, 0.1875
surrogate, 88, 23.0, 0.1875
surrogate, 88, 23.0, 0.1875
surrogate, 88, 23.0, 0.1875
surrogate, 88, 23.0, 0.1875
surrogate, 88, 23.0, 0.1875
surrogate, 88, 23.0, 0.1875
surrogate, 88, 23.0, 0.1875
surrogate, 88, 23.0, 0.1875
surrogate, 88, 23.0, 0.1875
surrogate, 88, 23.0, 0.1875
surrogate, 88, 23.0, 0.1875
surrogate, 88, 23.0, 0.1875
surrogate, 88, 23.0, 0.1875
surrogate, 88, 23.0, 0.1875
surrogate, 88, 23.0, 0.1875
surrogate, 88, 23.0, 0.1875
surrogate, 88, 23.0, 0.1875
surrogate, 88, 23.0, 0.1875
surrogate, 88, 23.0, 0.1875
surrogate, 88, 23.0, 0.1875
surrogate, 88, 23.0, 0.1875
surrogate, 88, 23.0, 0.1875
surrogate, 88, 23.0, 0.1875
surrogate, 88, 23.0, 0.1875
surrogate, 88, 23.0, 0.1875
surrogate, 88, 23.0, 0.1875
surrogate, 88, 23.0, 0.1875
surrogate, 88, 23.0, 0.1875
surrogate, 88, 23.0, 0.1875
surrogate, 88, 23.0, 0.1875
surrogate, 88, 23.0, 0.1875
surrogate, 88, 23.0, 0.1875
surrogate, 88, 23.0, 0.1875
surrogate, 88, 23.0, 0.1875
surrogate, 88, 23.0, 0.1875
surrogate, 88, 23.0, 0.1875
surrogate, 88, 23.0, 0.1875
surrogate, 88, 23.0, 0.1875
surrogate, 88, 23.0, 0.1875
surrogate, 88, 23.0, 0.1875
surrogate, 88, 23.0, 0.1875
surrogate, 88, 23.0, 0.1875
surrogate, 88, 23.0, 0.1875
surrogate, 88, 23.0, 0.1875
surrogate, 88, 23.0, 0.1875
surrogate, 88, 23.0, 0.1875
surrogate, 88, 23.0, 0.1875
surrogate, 88, 23.0, 0.1875
surrogate, 89, 32.0, 0.875
surrogate, 89, 32.0, 0.875
surrogate, 89, 31.0, 0.75
surrogate, 89, 31.0, 0.75
surrogate, 89, 31.0, 0.75
surrogate, 89, 31.0, 0.75
surrogate, 89, 30.0, 0.65625
surrogate, 89, 30.0, 0.65625
surrogate, 89, 30.0, 0.65625
surrogate, 89, 30.0, 0.65625
surrogate, 89, 30.0, 0.65625
surrogate, 89, 30.0, 0.65625
surrogate, 89, 30.0, 0.65625
surrogate, 89, 30.0, 0.65625
surrogate, 89, 30.0, 0.65625
surrogate, 89, 30.0, 0.65625
surrogate, 89, 30.0, 0.65625
surrogate, 89, 30.0, 0.65625
surrogate, 89, 30.0, 0.65625
surrogate, 89, 30.0, 0.65625
surrogate, 89, 30.0, 0.65625
surrogate, 89, 30.0, 0.65625
surrogate, 89, 30.0, 0.65625
surrogate, 89, 30.0, 0.65625
surrogate, 89, 29.0, 0.59375
surrogate, 89, 29.0, 0.59375
surrogate, 89, 29.0, 0.59375
surrogate, 89, 29.0, 0.59375
surrogate, 89, 29.0, 0.59375
surrogate, 89, 29.0, 0.59375
surrogate, 89, 29.0, 0.59375
surrogate, 89, 29.0, 0.59375
surrogate, 89, 26.0, 0.53125
surrogate, 89, 26.0, 0.53125
surrogate, 89, 26.0, 0.53125
surrogate, 89, 26.0, 0.53125
surrogate, 89, 26.0, 0.53125
surrogate, 89, 26.0, 0.53125
surrogate, 89, 26.0, 0.53125
surrogate, 89, 26.0, 0.53125
surrogate, 89, 26.0, 0.53125
surrogate, 89, 26.0, 0.53125
surrogate, 89, 26.0, 0.53125
surrogate, 89, 26.0, 0.53125
surrogate, 89, 26.0, 0.53125
surrogate, 89, 26.0, 0.53125
surrogate, 89, 26.0, 0.53125
surrogate, 89, 26.0, 0.53125
surrogate, 89, 26.0, 0.53125
surrogate, 89, 24.0, 0.34375
surrogate, 89, 24.0, 0.34375
surrogate, 89, 24.0, 0.34375
surrogate, 89, 24.0, 0.34375
surrogate, 89, 24.0, 0.34375
surrogate, 89, 24.0, 0.34375
surrogate, 89, 24.0, 0.34375
surrogate, 89, 24.0, 0.34375
surrogate, 89, 24.0, 0.34375
surrogate, 89, 24.0, 0.34375
surrogate, 89, 24.0, 0.34375
surrogate, 89, 24.0, 0.34375
surrogate, 89, 24.0, 0.34375
surrogate, 89, 24.0, 0.34375
surrogate, 89, 24.0, 0.34375
surrogate, 89, 24.0, 0.34375
surrogate, 89, 24.0, 0.34375
surrogate, 89, 24.0, 0.34375
surrogate, 89, 24.0, 0.34375
surrogate, 89, 24.0, 0.34375
surrogate, 89, 24.0, 0.34375
surrogate, 89, 24.0, 0.34375
surrogate, 89, 24.0, 0.34375
surrogate, 89, 24.0, 0.34375
surrogate, 89, 24.0, 0.34375
surrogate, 89, 24.0, 0.34375
surrogate, 89, 24.0, 0.34375
surrogate, 89, 24.0, 0.34375
surrogate, 89, 24.0, 0.34375
surrogate, 89, 23.0, 0.1875
surrogate, 89, 23.0, 0.1875
surrogate, 89, 23.0, 0.1875
surrogate, 89, 23.0, 0.1875
surrogate, 89, 23.0, 0.1875
surrogate, 89, 23.0, 0.1875
surrogate, 89, 23.0, 0.1875
surrogate, 89, 23.0, 0.1875
surrogate, 89, 23.0, 0.1875
surrogate, 89, 23.0, 0.1875
surrogate, 89, 23.0, 0.1875
surrogate, 89, 23.0, 0.1875
surrogate, 89, 23.0, 0.1875
surrogate, 89, 23.0, 0.1875
surrogate, 89, 23.0, 0.1875
surrogate, 89, 23.0, 0.1875
surrogate, 89, 23.0, 0.1875
surrogate, 89, 23.0, 0.1875
surrogate, 89, 23.0, 0.1875
surrogate, 89, 23.0, 0.1875
surrogate, 89, 23.0, 0.1875
surrogate, 89, 23.0, 0.1875
surrogate, 89, 23.0, 0.1875
surrogate, 89, 23.0, 0.1875
surrogate, 89, 23.0, 0.1875
surrogate, 89, 23.0, 0.1875
surrogate, 89, 23.0, 0.1875
surrogate, 89, 23.0, 0.1875
surrogate, 89, 23.0, 0.1875
surrogate, 89, 23.0, 0.1875
surrogate, 89, 23.0, 0.1875
surrogate, 89, 23.0, 0.1875
surrogate, 89, 23.0, 0.1875
surrogate, 89, 23.0, 0.1875
surrogate, 89, 23.0, 0.1875
surrogate, 89, 23.0, 0.1875
surrogate, 89, 23.0, 0.1875
surrogate, 89, 23.0, 0.1875
surrogate, 89, 23.0, 0.1875
surrogate, 89, 23.0, 0.1875
surrogate, 89, 23.0, 0.1875
surrogate, 89, 23.0, 0.1875
surrogate, 89, 23.0, 0.1875
surrogate, 89, 23.0, 0.1875
surrogate, 89, 23.0, 0.1875
surrogate, 89, 23.0, 0.1875
surrogate, 89, 23.0, 0.1875
surrogate, 89, 23.0, 0.1875
surrogate, 89, 23.0, 0.1875
surrogate, 89, 23.0, 0.1875
surrogate, 90, 32.0, 0.875
surrogate, 90, 32.0, 0.875
surrogate, 90, 31.0, 0.75
surrogate, 90, 31.0, 0.75
surrogate, 90, 31.0, 0.75
surrogate, 90, 31.0, 0.75
surrogate, 90, 30.0, 0.65625
surrogate, 90, 30.0, 0.65625
surrogate, 90, 30.0, 0.65625
surrogate, 90, 30.0, 0.65625
surrogate, 90, 30.0, 0.65625
surrogate, 90, 30.0, 0.65625
surrogate, 90, 30.0, 0.65625
surrogate, 90, 30.0, 0.65625
surrogate, 90, 30.0, 0.65625
surrogate, 90, 30.0, 0.65625
surrogate, 90, 30.0, 0.65625
surrogate, 90, 30.0, 0.65625
surrogate, 90, 30.0, 0.65625
surrogate, 90, 30.0, 0.65625
surrogate, 90, 30.0, 0.65625
surrogate, 90, 30.0, 0.65625
surrogate, 90, 30.0, 0.65625
surrogate, 90, 30.0, 0.65625
surrogate, 90, 30.0, 0.65625
surrogate, 90, 29.0, 0.59375
surrogate, 90, 29.0, 0.59375
surrogate, 90, 29.0, 0.59375
surrogate, 90, 29.0, 0.59375
surrogate, 90, 29.0, 0.59375
surrogate, 90, 29.0, 0.59375
surrogate, 90, 29.0, 0.59375
surrogate, 90, 29.0, 0.59375
surrogate, 90, 26.0, 0.53125
surrogate, 90, 26.0, 0.53125
surrogate, 90, 26.0, 0.53125
surrogate, 90, 26.0, 0.53125
surrogate, 90, 26.0, 0.53125
surrogate, 90, 26.0, 0.53125
surrogate, 90, 26.0, 0.53125
surrogate, 90, 26.0, 0.53125
surrogate, 90, 26.0, 0.53125
surrogate, 90, 26.0, 0.53125
surrogate, 90, 26.0, 0.53125
surrogate, 90, 26.0, 0.53125
surrogate, 90, 26.0, 0.53125
surrogate, 90, 26.0, 0.53125
surrogate, 90, 26.0, 0.53125
surrogate, 90, 26.0, 0.53125
surrogate, 90, 26.0, 0.53125
surrogate, 90, 24.0, 0.34375
surrogate, 90, 24.0, 0.34375
surrogate, 90, 24.0, 0.34375
surrogate, 90, 24.0, 0.34375
surrogate, 90, 24.0, 0.34375
surrogate, 90, 24.0, 0.34375
surrogate, 90, 24.0, 0.34375
surrogate, 90, 24.0, 0.34375
surrogate, 90, 24.0, 0.34375
surrogate, 90, 24.0, 0.34375
surrogate, 90, 24.0, 0.34375
surrogate, 90, 24.0, 0.34375
surrogate, 90, 24.0, 0.34375
surrogate, 90, 24.0, 0.34375
surrogate, 90, 24.0, 0.34375
surrogate, 90, 24.0, 0.34375
surrogate, 90, 24.0, 0.34375
surrogate, 90, 24.0, 0.34375
surrogate, 90, 24.0, 0.34375
surrogate, 90, 24.0, 0.34375
surrogate, 90, 24.0, 0.34375
surrogate, 90, 24.0, 0.34375
surrogate, 90, 24.0, 0.34375
surrogate, 90, 24.0, 0.34375
surrogate, 90, 24.0, 0.34375
surrogate, 90, 24.0, 0.34375
surrogate, 90, 24.0, 0.34375
surrogate, 90, 24.0, 0.34375
surrogate, 90, 24.0, 0.34375
surrogate, 90, 23.0, 0.1875
surrogate, 90, 23.0, 0.1875
surrogate, 90, 23.0, 0.1875
surrogate, 90, 23.0, 0.1875
surrogate, 90, 23.0, 0.1875
surrogate, 90, 23.0, 0.1875
surrogate, 90, 23.0, 0.1875
surrogate, 90, 23.0, 0.1875
surrogate, 90, 23.0, 0.1875
surrogate, 90, 23.0, 0.1875
surrogate, 90, 23.0, 0.1875
surrogate, 90, 23.0, 0.1875
surrogate, 90, 23.0, 0.1875
surrogate, 90, 23.0, 0.1875
surrogate, 90, 23.0, 0.1875
surrogate, 90, 23.0, 0.1875
surrogate, 90, 23.0, 0.1875
surrogate, 90, 23.0, 0.1875
surrogate, 90, 23.0, 0.1875
surrogate, 90, 23.0, 0.1875
surrogate, 90, 23.0, 0.1875
surrogate, 90, 23.0, 0.1875
surrogate, 90, 23.0, 0.1875
surrogate, 90, 23.0, 0.1875
surrogate, 90, 23.0, 0.1875
surrogate, 90, 23.0, 0.1875
surrogate, 90, 23.0, 0.1875
surrogate, 90, 23.0, 0.1875
surrogate, 90, 23.0, 0.1875
surrogate, 90, 23.0, 0.1875
surrogate, 90, 23.0, 0.1875
surrogate, 90, 23.0, 0.1875
surrogate, 90, 23.0, 0.1875
surrogate, 90, 23.0, 0.1875
surrogate, 90, 23.0, 0.1875
surrogate, 90, 23.0, 0.1875
surrogate, 90, 23.0, 0.1875
surrogate, 90, 23.0, 0.1875
surrogate, 90, 23.0, 0.1875
surrogate, 90, 23.0, 0.1875
surrogate, 90, 23.0, 0.1875
surrogate, 90, 23.0, 0.1875
surrogate, 90, 23.0, 0.1875
surrogate, 90, 23.0, 0.1875
surrogate, 90, 23.0, 0.1875
surrogate, 90, 23.0, 0.1875
surrogate, 90, 23.0, 0.1875
surrogate, 90, 23.0, 0.1875
surrogate, 90, 23.0, 0.1875
surrogate, 90, 23.0, 0.1875
surrogate, 90, 23.0, 0.1875
surrogate, 91, 32.0, 0.875
surrogate, 91, 32.0, 0.875
surrogate, 91, 31.0, 0.75
surrogate, 91, 31.0, 0.75
surrogate, 91, 31.0, 0.75
surrogate, 91, 31.0, 0.75
surrogate, 91, 30.0, 0.65625
surrogate, 91, 30.0, 0.65625
surrogate, 91, 30.0, 0.65625
surrogate, 91, 30.0, 0.65625
surrogate, 91, 30.0, 0.65625
surrogate, 91, 30.0, 0.65625
surrogate, 91, 30.0, 0.65625
surrogate, 91, 30.0, 0.65625
surrogate, 91, 30.0, 0.65625
surrogate, 91, 30.0, 0.65625
surrogate, 91, 30.0, 0.65625
surrogate, 91, 30.0, 0.65625
surrogate, 91, 30.0, 0.65625
surrogate, 91, 30.0, 0.65625
surrogate, 91, 30.0, 0.65625
surrogate, 91, 30.0, 0.65625
surrogate, 91, 30.0, 0.65625
surrogate, 91, 30.0, 0.65625
surrogate, 91, 30.0, 0.65625
surrogate, 91, 29.0, 0.59375
surrogate, 91, 29.0, 0.59375
surrogate, 91, 29.0, 0.59375
surrogate, 91, 29.0, 0.59375
surrogate, 91, 29.0, 0.59375
surrogate, 91, 29.0, 0.59375
surrogate, 91, 29.0, 0.59375
surrogate, 91, 29.0, 0.59375
surrogate, 91, 26.0, 0.53125
surrogate, 91, 26.0, 0.53125
surrogate, 91, 26.0, 0.53125
surrogate, 91, 26.0, 0.53125
surrogate, 91, 26.0, 0.53125
surrogate, 91, 26.0, 0.53125
surrogate, 91, 26.0, 0.53125
surrogate, 91, 26.0, 0.53125
surrogate, 91, 26.0, 0.53125
surrogate, 91, 26.0, 0.53125
surrogate, 91, 26.0, 0.53125
surrogate, 91, 26.0, 0.53125
surrogate, 91, 26.0, 0.53125
surrogate, 91, 26.0, 0.53125
surrogate, 91, 26.0, 0.53125
surrogate, 91, 26.0, 0.53125
surrogate, 91, 26.0, 0.53125
surrogate, 91, 24.0, 0.34375
surrogate, 91, 24.0, 0.34375
surrogate, 91, 24.0, 0.34375
surrogate, 91, 24.0, 0.34375
surrogate, 91, 24.0, 0.34375
surrogate, 91, 24.0, 0.34375
surrogate, 91, 24.0, 0.34375
surrogate, 91, 24.0, 0.34375
surrogate, 91, 24.0, 0.34375
surrogate, 91, 24.0, 0.34375
surrogate, 91, 24.0, 0.34375
surrogate, 91, 24.0, 0.34375
surrogate, 91, 24.0, 0.34375
surrogate, 91, 24.0, 0.34375
surrogate, 91, 24.0, 0.34375
surrogate, 91, 24.0, 0.34375
surrogate, 91, 24.0, 0.34375
surrogate, 91, 24.0, 0.34375
surrogate, 91, 24.0, 0.34375
surrogate, 91, 24.0, 0.34375
surrogate, 91, 24.0, 0.34375
surrogate, 91, 24.0, 0.34375
surrogate, 91, 24.0, 0.34375
surrogate, 91, 24.0, 0.34375
surrogate, 91, 24.0, 0.34375
surrogate, 91, 24.0, 0.34375
surrogate, 91, 24.0, 0.34375
surrogate, 91, 24.0, 0.34375
surrogate, 91, 24.0, 0.34375
surrogate, 91, 24.0, 0.34375
surrogate, 91, 23.0, 0.1875
surrogate, 91, 23.0, 0.1875
surrogate, 91, 23.0, 0.1875
surrogate, 91, 23.0, 0.1875
surrogate, 91, 23.0, 0.1875
surrogate, 91, 23.0, 0.1875
surrogate, 91, 23.0, 0.1875
surrogate, 91, 23.0, 0.1875
surrogate, 91, 23.0, 0.1875
surrogate, 91, 23.0, 0.1875
surrogate, 91, 23.0, 0.1875
surrogate, 91, 23.0, 0.1875
surrogate, 91, 23.0, 0.1875
surrogate, 91, 23.0, 0.1875
surrogate, 91, 23.0, 0.1875
surrogate, 91, 23.0, 0.1875
surrogate, 91, 23.0, 0.1875
surrogate, 91, 23.0, 0.1875
surrogate, 91, 23.0, 0.1875
surrogate, 91, 23.0, 0.1875
surrogate, 91, 23.0, 0.1875
surrogate, 91, 23.0, 0.1875
surrogate, 91, 23.0, 0.1875
surrogate, 91, 23.0, 0.1875
surrogate, 91, 23.0, 0.1875
surrogate, 91, 23.0, 0.1875
surrogate, 91, 23.0, 0.1875
surrogate, 91, 23.0, 0.1875
surrogate, 91, 23.0, 0.1875
surrogate, 91, 23.0, 0.1875
surrogate, 91, 23.0, 0.1875
surrogate, 91, 23.0, 0.1875
surrogate, 91, 23.0, 0.1875
surrogate, 91, 23.0, 0.1875
surrogate, 91, 23.0, 0.1875
surrogate, 91, 23.0, 0.1875
surrogate, 91, 23.0, 0.1875
surrogate, 91, 23.0, 0.1875
surrogate, 91, 23.0, 0.1875
surrogate, 91, 23.0, 0.1875
surrogate, 91, 23.0, 0.1875
surrogate, 91, 23.0, 0.1875
surrogate, 91, 23.0, 0.1875
surrogate, 91, 23.0, 0.1875
surrogate, 91, 23.0, 0.1875
surrogate, 91, 23.0, 0.1875
surrogate, 91, 23.0, 0.1875
surrogate, 91, 23.0, 0.1875
surrogate, 91, 23.0, 0.1875
surrogate, 91, 23.0, 0.1875
surrogate, 91, 23.0, 0.1875
surrogate, 91, 23.0, 0.1875
surrogate, 92, 32.0, 0.875
surrogate, 92, 32.0, 0.875
surrogate, 92, 31.0, 0.75
surrogate, 92, 31.0, 0.75
surrogate, 92, 31.0, 0.75
surrogate, 92, 31.0, 0.75
surrogate, 92, 30.0, 0.65625
surrogate, 92, 30.0, 0.65625
surrogate, 92, 30.0, 0.65625
surrogate, 92, 30.0, 0.65625
surrogate, 92, 30.0, 0.65625
surrogate, 92, 30.0, 0.65625
surrogate, 92, 30.0, 0.65625
surrogate, 92, 30.0, 0.65625
surrogate, 92, 30.0, 0.65625
surrogate, 92, 30.0, 0.65625
surrogate, 92, 30.0, 0.65625
surrogate, 92, 30.0, 0.65625
surrogate, 92, 30.0, 0.65625
surrogate, 92, 30.0, 0.65625
surrogate, 92, 30.0, 0.65625
surrogate, 92, 30.0, 0.65625
surrogate, 92, 30.0, 0.65625
surrogate, 92, 30.0, 0.65625
surrogate, 92, 30.0, 0.65625
surrogate, 92, 29.0, 0.59375
surrogate, 92, 29.0, 0.59375
surrogate, 92, 29.0, 0.59375
surrogate, 92, 29.0, 0.59375
surrogate, 92, 29.0, 0.59375
surrogate, 92, 29.0, 0.59375
surrogate, 92, 29.0, 0.59375
surrogate, 92, 29.0, 0.59375
surrogate, 92, 26.0, 0.53125
surrogate, 92, 26.0, 0.53125
surrogate, 92, 26.0, 0.53125
surrogate, 92, 26.0, 0.53125
surrogate, 92, 26.0, 0.53125
surrogate, 92, 26.0, 0.53125
surrogate, 92, 26.0, 0.53125
surrogate, 92, 26.0, 0.53125
surrogate, 92, 26.0, 0.53125
surrogate, 92, 26.0, 0.53125
surrogate, 92, 26.0, 0.53125
surrogate, 92, 26.0, 0.53125
surrogate, 92, 26.0, 0.53125
surrogate, 92, 26.0, 0.53125
surrogate, 92, 26.0, 0.53125
surrogate, 92, 26.0, 0.53125
surrogate, 92, 26.0, 0.53125
surrogate, 92, 24.0, 0.34375
surrogate, 92, 24.0, 0.34375
surrogate, 92, 24.0, 0.34375
surrogate, 92, 24.0, 0.34375
surrogate, 92, 24.0, 0.34375
surrogate, 92, 24.0, 0.34375
surrogate, 92, 24.0, 0.34375
surrogate, 92, 24.0, 0.34375
surrogate, 92, 24.0, 0.34375
surrogate, 92, 24.0, 0.34375
surrogate, 92, 24.0, 0.34375
surrogate, 92, 24.0, 0.34375
surrogate, 92, 24.0, 0.34375
surrogate, 92, 24.0, 0.34375
surrogate, 92, 24.0, 0.34375
surrogate, 92, 24.0, 0.34375
surrogate, 92, 24.0, 0.34375
surrogate, 92, 24.0, 0.34375
surrogate, 92, 24.0, 0.34375
surrogate, 92, 24.0, 0.34375
surrogate, 92, 24.0, 0.34375
surrogate, 92, 24.0, 0.34375
surrogate, 92, 24.0, 0.34375
surrogate, 92, 24.0, 0.34375
surrogate, 92, 24.0, 0.34375
surrogate, 92, 24.0, 0.34375
surrogate, 92, 24.0, 0.34375
surrogate, 92, 24.0, 0.34375
surrogate, 92, 24.0, 0.34375
surrogate, 92, 24.0, 0.34375
surrogate, 92, 24.0, 0.34375
surrogate, 92, 23.0, 0.1875
surrogate, 92, 23.0, 0.1875
surrogate, 92, 23.0, 0.1875
surrogate, 92, 23.0, 0.1875
surrogate, 92, 23.0, 0.1875
surrogate, 92, 23.0, 0.1875
surrogate, 92, 23.0, 0.1875
surrogate, 92, 23.0, 0.1875
surrogate, 92, 23.0, 0.1875
surrogate, 92, 23.0, 0.1875
surrogate, 92, 23.0, 0.1875
surrogate, 92, 23.0, 0.1875
surrogate, 92, 23.0, 0.1875
surrogate, 92, 23.0, 0.1875
surrogate, 92, 23.0, 0.1875
surrogate, 92, 23.0, 0.1875
surrogate, 92, 23.0, 0.1875
surrogate, 92, 23.0, 0.1875
surrogate, 92, 23.0, 0.1875
surrogate, 92, 23.0, 0.1875
surrogate, 92, 23.0, 0.1875
surrogate, 92, 23.0, 0.1875
surrogate, 92, 23.0, 0.1875
surrogate, 92, 23.0, 0.1875
surrogate, 92, 23.0, 0.1875
surrogate, 92, 23.0, 0.1875
surrogate, 92, 23.0, 0.1875
surrogate, 92, 23.0, 0.1875
surrogate, 92, 23.0, 0.1875
surrogate, 92, 23.0, 0.1875
surrogate, 92, 23.0, 0.1875
surrogate, 92, 23.0, 0.1875
surrogate, 92, 23.0, 0.1875
surrogate, 92, 23.0, 0.1875
surrogate, 92, 23.0, 0.1875
surrogate, 92, 23.0, 0.1875
surrogate, 92, 23.0, 0.1875
surrogate, 92, 23.0, 0.1875
surrogate, 92, 23.0, 0.1875
surrogate, 92, 23.0, 0.1875
surrogate, 92, 23.0, 0.1875
surrogate, 92, 23.0, 0.1875
surrogate, 92, 23.0, 0.1875
surrogate, 92, 23.0, 0.1875
surrogate, 92, 23.0, 0.1875
surrogate, 92, 23.0, 0.1875
surrogate, 92, 23.0, 0.1875
surrogate, 92, 23.0, 0.1875
surrogate, 92, 23.0, 0.1875
surrogate, 92, 23.0, 0.1875
surrogate, 92, 23.0, 0.1875
surrogate, 92, 23.0, 0.1875
surrogate, 93, 32.0, 0.875
surrogate, 93, 32.0, 0.875
surrogate, 93, 32.0, 0.875
surrogate, 93, 31.0, 0.75
surrogate, 93, 31.0, 0.75
surrogate, 93, 31.0, 0.75
surrogate, 93, 31.0, 0.75
surrogate, 93, 31.0, 0.75
surrogate, 93, 30.0, 0.65625
surrogate, 93, 30.0, 0.65625
surrogate, 93, 30.0, 0.65625
surrogate, 93, 30.0, 0.65625
surrogate, 93, 30.0, 0.65625
surrogate, 93, 30.0, 0.65625
surrogate, 93, 30.0, 0.65625
surrogate, 93, 30.0, 0.65625
surrogate, 93, 30.0, 0.65625
surrogate, 93, 30.0, 0.65625
surrogate, 93, 30.0, 0.65625
surrogate, 93, 30.0, 0.65625
surrogate, 93, 30.0, 0.65625
surrogate, 93, 30.0, 0.65625
surrogate, 93, 30.0, 0.65625
surrogate, 93, 30.0, 0.65625
surrogate, 93, 30.0, 0.65625
surrogate, 93, 30.0, 0.65625
surrogate, 93, 30.0, 0.65625
surrogate, 93, 29.0, 0.59375
surrogate, 93, 29.0, 0.59375
surrogate, 93, 29.0, 0.59375
surrogate, 93, 29.0, 0.59375
surrogate, 93, 29.0, 0.59375
surrogate, 93, 29.0, 0.59375
surrogate, 93, 29.0, 0.59375
surrogate, 93, 29.0, 0.59375
surrogate, 93, 26.0, 0.53125
surrogate, 93, 26.0, 0.53125
surrogate, 93, 26.0, 0.53125
surrogate, 93, 26.0, 0.53125
surrogate, 93, 26.0, 0.53125
surrogate, 93, 26.0, 0.53125
surrogate, 93, 26.0, 0.53125
surrogate, 93, 26.0, 0.53125
surrogate, 93, 26.0, 0.53125
surrogate, 93, 26.0, 0.53125
surrogate, 93, 26.0, 0.53125
surrogate, 93, 26.0, 0.53125
surrogate, 93, 26.0, 0.53125
surrogate, 93, 26.0, 0.53125
surrogate, 93, 26.0, 0.53125
surrogate, 93, 26.0, 0.53125
surrogate, 93, 26.0, 0.53125
surrogate, 93, 24.0, 0.34375
surrogate, 93, 24.0, 0.34375
surrogate, 93, 24.0, 0.34375
surrogate, 93, 24.0, 0.34375
surrogate, 93, 24.0, 0.34375
surrogate, 93, 24.0, 0.34375
surrogate, 93, 24.0, 0.34375
surrogate, 93, 24.0, 0.34375
surrogate, 93, 24.0, 0.34375
surrogate, 93, 24.0, 0.34375
surrogate, 93, 24.0, 0.34375
surrogate, 93, 24.0, 0.34375
surrogate, 93, 24.0, 0.34375
surrogate, 93, 24.0, 0.34375
surrogate, 93, 24.0, 0.34375
surrogate, 93, 24.0, 0.34375
surrogate, 93, 24.0, 0.34375
surrogate, 93, 24.0, 0.34375
surrogate, 93, 24.0, 0.34375
surrogate, 93, 24.0, 0.34375
surrogate, 93, 24.0, 0.34375
surrogate, 93, 24.0, 0.34375
surrogate, 93, 24.0, 0.34375
surrogate, 93, 24.0, 0.34375
surrogate, 93, 24.0, 0.34375
surrogate, 93, 24.0, 0.34375
surrogate, 93, 24.0, 0.34375
surrogate, 93, 24.0, 0.34375
surrogate, 93, 24.0, 0.34375
surrogate, 93, 24.0, 0.34375
surrogate, 93, 24.0, 0.34375
surrogate, 93, 23.0, 0.1875
surrogate, 93, 23.0, 0.1875
surrogate, 93, 23.0, 0.1875
surrogate, 93, 23.0, 0.1875
surrogate, 93, 23.0, 0.1875
surrogate, 93, 23.0, 0.1875
surrogate, 93, 23.0, 0.1875
surrogate, 93, 23.0, 0.1875
surrogate, 93, 23.0, 0.1875
surrogate, 93, 23.0, 0.1875
surrogate, 93, 23.0, 0.1875
surrogate, 93, 23.0, 0.1875
surrogate, 93, 23.0, 0.1875
surrogate, 93, 23.0, 0.1875
surrogate, 93, 23.0, 0.1875
surrogate, 93, 23.0, 0.1875
surrogate, 93, 23.0, 0.1875
surrogate, 93, 23.0, 0.1875
surrogate, 93, 23.0, 0.1875
surrogate, 93, 23.0, 0.1875
surrogate, 93, 23.0, 0.1875
surrogate, 93, 23.0, 0.1875
surrogate, 93, 23.0, 0.1875
surrogate, 93, 23.0, 0.1875
surrogate, 93, 23.0, 0.1875
surrogate, 93, 23.0, 0.1875
surrogate, 93, 23.0, 0.1875
surrogate, 93, 23.0, 0.1875
surrogate, 93, 23.0, 0.1875
surrogate, 93, 23.0, 0.1875
surrogate, 93, 23.0, 0.1875
surrogate, 93, 23.0, 0.1875
surrogate, 93, 23.0, 0.1875
surrogate, 93, 23.0, 0.1875
surrogate, 93, 23.0, 0.1875
surrogate, 93, 23.0, 0.1875
surrogate, 93, 23.0, 0.1875
surrogate, 93, 23.0, 0.1875
surrogate, 93, 23.0, 0.1875
surrogate, 93, 23.0, 0.1875
surrogate, 93, 23.0, 0.1875
surrogate, 93, 23.0, 0.1875
surrogate, 93, 23.0, 0.1875
surrogate, 93, 23.0, 0.1875
surrogate, 93, 23.0, 0.1875
surrogate, 93, 23.0, 0.1875
surrogate, 93, 23.0, 0.1875
surrogate, 93, 23.0, 0.1875
surrogate, 93, 23.0, 0.1875
surrogate, 93, 23.0, 0.1875
surrogate, 93, 23.0, 0.1875
surrogate, 93, 23.0, 0.1875
surrogate, 94, 32.0, 0.875
surrogate, 94, 32.0, 0.875
surrogate, 94, 32.0, 0.875
surrogate, 94, 31.0, 0.75
surrogate, 94, 31.0, 0.75
surrogate, 94, 31.0, 0.75
surrogate, 94, 31.0, 0.75
surrogate, 94, 31.0, 0.75
surrogate, 94, 30.0, 0.65625
surrogate, 94, 30.0, 0.65625
surrogate, 94, 30.0, 0.65625
surrogate, 94, 30.0, 0.65625
surrogate, 94, 30.0, 0.65625
surrogate, 94, 30.0, 0.65625
surrogate, 94, 30.0, 0.65625
surrogate, 94, 30.0, 0.65625
surrogate, 94, 30.0, 0.65625
surrogate, 94, 30.0, 0.65625
surrogate, 94, 30.0, 0.65625
surrogate, 94, 30.0, 0.65625
surrogate, 94, 30.0, 0.65625
surrogate, 94, 30.0, 0.65625
surrogate, 94, 30.0, 0.65625
surrogate, 94, 30.0, 0.65625
surrogate, 94, 30.0, 0.65625
surrogate, 94, 30.0, 0.65625
surrogate, 94, 30.0, 0.65625
surrogate, 94, 30.0, 0.65625
surrogate, 94, 29.0, 0.59375
surrogate, 94, 29.0, 0.59375
surrogate, 94, 29.0, 0.59375
surrogate, 94, 29.0, 0.59375
surrogate, 94, 29.0, 0.59375
surrogate, 94, 29.0, 0.59375
surrogate, 94, 29.0, 0.59375
surrogate, 94, 29.0, 0.59375
surrogate, 94, 29.0, 0.59375
surrogate, 94, 26.0, 0.53125
surrogate, 94, 26.0, 0.53125
surrogate, 94, 26.0, 0.53125
surrogate, 94, 26.0, 0.53125
surrogate, 94, 26.0, 0.53125
surrogate, 94, 26.0, 0.53125
surrogate, 94, 26.0, 0.53125
surrogate, 94, 26.0, 0.53125
surrogate, 94, 26.0, 0.53125
surrogate, 94, 26.0, 0.53125
surrogate, 94, 26.0, 0.53125
surrogate, 94, 26.0, 0.53125
surrogate, 94, 26.0, 0.53125
surrogate, 94, 26.0, 0.53125
surrogate, 94, 26.0, 0.53125
surrogate, 94, 26.0, 0.53125
surrogate, 94, 26.0, 0.53125
surrogate, 94, 26.0, 0.53125
surrogate, 94, 24.0, 0.34375
surrogate, 94, 24.0, 0.34375
surrogate, 94, 24.0, 0.34375
surrogate, 94, 24.0, 0.34375
surrogate, 94, 24.0, 0.34375
surrogate, 94, 24.0, 0.34375
surrogate, 94, 24.0, 0.34375
surrogate, 94, 24.0, 0.34375
surrogate, 94, 24.0, 0.34375
surrogate, 94, 24.0, 0.34375
surrogate, 94, 24.0, 0.34375
surrogate, 94, 24.0, 0.34375
surrogate, 94, 24.0, 0.34375
surrogate, 94, 24.0, 0.34375
surrogate, 94, 24.0, 0.34375
surrogate, 94, 24.0, 0.34375
surrogate, 94, 24.0, 0.34375
surrogate, 94, 24.0, 0.34375
surrogate, 94, 24.0, 0.34375
surrogate, 94, 24.0, 0.34375
surrogate, 94, 24.0, 0.34375
surrogate, 94, 24.0, 0.34375
surrogate, 94, 24.0, 0.34375
surrogate, 94, 24.0, 0.34375
surrogate, 94, 24.0, 0.34375
surrogate, 94, 24.0, 0.34375
surrogate, 94, 24.0, 0.34375
surrogate, 94, 24.0, 0.34375
surrogate, 94, 24.0, 0.34375
surrogate, 94, 24.0, 0.34375
surrogate, 94, 24.0, 0.34375
surrogate, 94, 24.0, 0.34375
surrogate, 94, 23.0, 0.1875
surrogate, 94, 23.0, 0.1875
surrogate, 94, 23.0, 0.1875
surrogate, 94, 23.0, 0.1875
surrogate, 94, 23.0, 0.1875
surrogate, 94, 23.0, 0.1875
surrogate, 94, 23.0, 0.1875
surrogate, 94, 23.0, 0.1875
surrogate, 94, 23.0, 0.1875
surrogate, 94, 23.0, 0.1875
surrogate, 94, 23.0, 0.1875
surrogate, 94, 23.0, 0.1875
surrogate, 94, 23.0, 0.1875
surrogate, 94, 23.0, 0.1875
surrogate, 94, 23.0, 0.1875
surrogate, 94, 23.0, 0.1875
surrogate, 94, 23.0, 0.1875
surrogate, 94, 23.0, 0.1875
surrogate, 94, 23.0, 0.1875
surrogate, 94, 23.0, 0.1875
surrogate, 94, 23.0, 0.1875
surrogate, 94, 23.0, 0.1875
surrogate, 94, 23.0, 0.1875
surrogate, 94, 23.0, 0.1875
surrogate, 94, 23.0, 0.1875
surrogate, 94, 23.0, 0.1875
surrogate, 94, 23.0, 0.1875
surrogate, 94, 23.0, 0.1875
surrogate, 94, 23.0, 0.1875
surrogate, 94, 23.0, 0.1875
surrogate, 94, 23.0, 0.1875
surrogate, 94, 23.0, 0.1875
surrogate, 94, 23.0, 0.1875
surrogate, 94, 23.0, 0.1875
surrogate, 94, 23.0, 0.1875
surrogate, 94, 23.0, 0.1875
surrogate, 94, 23.0, 0.1875
surrogate, 94, 23.0, 0.1875
surrogate, 94, 23.0, 0.1875
surrogate, 94, 23.0, 0.1875
surrogate, 94, 23.0, 0.1875
surrogate, 94, 23.0, 0.1875
surrogate, 94, 23.0, 0.1875
surrogate, 94, 23.0, 0.1875
surrogate, 94, 23.0, 0.1875
surrogate, 94, 23.0, 0.1875
surrogate, 94, 23.0, 0.1875
surrogate, 94, 23.0, 0.1875
surrogate, 94, 23.0, 0.1875
surrogate, 94, 23.0, 0.1875
surrogate, 94, 23.0, 0.1875
surrogate, 94, 23.0, 0.1875
surrogate, 94, 23.0, 0.1875
surrogate, 95, 32.0, 0.875
surrogate, 95, 32.0, 0.875
surrogate, 95, 32.0, 0.875
surrogate, 95, 31.0, 0.75
surrogate, 95, 31.0, 0.75
surrogate, 95, 31.0, 0.75
surrogate, 95, 31.0, 0.75
surrogate, 95, 31.0, 0.75
surrogate, 95, 30.0, 0.65625
surrogate, 95, 30.0, 0.65625
surrogate, 95, 30.0, 0.65625
surrogate, 95, 30.0, 0.65625
surrogate, 95, 30.0, 0.65625
surrogate, 95, 30.0, 0.65625
surrogate, 95, 30.0, 0.65625
surrogate, 95, 30.0, 0.65625
surrogate, 95, 30.0, 0.65625
surrogate, 95, 30.0, 0.65625
surrogate, 95, 30.0, 0.65625
surrogate, 95, 30.0, 0.65625
surrogate, 95, 30.0, 0.65625
surrogate, 95, 30.0, 0.65625
surrogate, 95, 30.0, 0.65625
surrogate, 95, 30.0, 0.65625
surrogate, 95, 30.0, 0.65625
surrogate, 95, 30.0, 0.65625
surrogate, 95, 30.0, 0.65625
surrogate, 95, 30.0, 0.65625
surrogate, 95, 29.0, 0.59375
surrogate, 95, 29.0, 0.59375
surrogate, 95, 29.0, 0.59375
surrogate, 95, 29.0, 0.59375
surrogate, 95, 29.0, 0.59375
surrogate, 95, 29.0, 0.59375
surrogate, 95, 29.0, 0.59375
surrogate, 95, 29.0, 0.59375
surrogate, 95, 29.0, 0.59375
surrogate, 95, 26.0, 0.53125
surrogate, 95, 26.0, 0.53125
surrogate, 95, 26.0, 0.53125
surrogate, 95, 26.0, 0.53125
surrogate, 95, 26.0, 0.53125
surrogate, 95, 26.0, 0.53125
surrogate, 95, 26.0, 0.53125
surrogate, 95, 26.0, 0.53125
surrogate, 95, 26.0, 0.53125
surrogate, 95, 26.0, 0.53125
surrogate, 95, 26.0, 0.53125
surrogate, 95, 26.0, 0.53125
surrogate, 95, 26.0, 0.53125
surrogate, 95, 26.0, 0.53125
surrogate, 95, 26.0, 0.53125
surrogate, 95, 26.0, 0.53125
surrogate, 95, 26.0, 0.53125
surrogate, 95, 26.0, 0.53125
surrogate, 95, 24.0, 0.34375
surrogate, 95, 24.0, 0.34375
surrogate, 95, 24.0, 0.34375
surrogate, 95, 24.0, 0.34375
surrogate, 95, 24.0, 0.34375
surrogate, 95, 24.0, 0.34375
surrogate, 95, 24.0, 0.34375
surrogate, 95, 24.0, 0.34375
surrogate, 95, 24.0, 0.34375
surrogate, 95, 24.0, 0.34375
surrogate, 95, 24.0, 0.34375
surrogate, 95, 24.0, 0.34375
surrogate, 95, 24.0, 0.34375
surrogate, 95, 24.0, 0.34375
surrogate, 95, 24.0, 0.34375
surrogate, 95, 24.0, 0.34375
surrogate, 95, 24.0, 0.34375
surrogate, 95, 24.0, 0.34375
surrogate, 95, 24.0, 0.34375
surrogate, 95, 24.0, 0.34375
surrogate, 95, 24.0, 0.34375
surrogate, 95, 24.0, 0.34375
surrogate, 95, 24.0, 0.34375
surrogate, 95, 24.0, 0.34375
surrogate, 95, 24.0, 0.34375
surrogate, 95, 24.0, 0.34375
surrogate, 95, 24.0, 0.34375
surrogate, 95, 24.0, 0.34375
surrogate, 95, 24.0, 0.34375
surrogate, 95, 24.0, 0.34375
surrogate, 95, 24.0, 0.34375
surrogate, 95, 24.0, 0.34375
surrogate, 95, 23.0, 0.1875
surrogate, 95, 23.0, 0.1875
surrogate, 95, 23.0, 0.1875
surrogate, 95, 23.0, 0.1875
surrogate, 95, 23.0, 0.1875
surrogate, 95, 23.0, 0.1875
surrogate, 95, 23.0, 0.1875
surrogate, 95, 23.0, 0.1875
surrogate, 95, 23.0, 0.1875
surrogate, 95, 23.0, 0.1875
surrogate, 95, 23.0, 0.1875
surrogate, 95, 23.0, 0.1875
surrogate, 95, 23.0, 0.1875
surrogate, 95, 23.0, 0.1875
surrogate, 95, 23.0, 0.1875
surrogate, 95, 23.0, 0.1875
surrogate, 95, 23.0, 0.1875
surrogate, 95, 23.0, 0.1875
surrogate, 95, 23.0, 0.1875
surrogate, 95, 23.0, 0.1875
surrogate, 95, 23.0, 0.1875
surrogate, 95, 23.0, 0.1875
surrogate, 95, 23.0, 0.1875
surrogate, 95, 23.0, 0.1875
surrogate, 95, 23.0, 0.1875
surrogate, 95, 23.0, 0.1875
surrogate, 95, 23.0, 0.1875
surrogate, 95, 23.0, 0.1875
surrogate, 95, 23.0, 0.1875
surrogate, 95, 23.0, 0.1875
surrogate, 95, 23.0, 0.1875
surrogate, 95, 23.0, 0.1875
surrogate, 95, 23.0, 0.1875
surrogate, 95, 23.0, 0.1875
surrogate, 95, 23.0, 0.1875
surrogate, 95, 23.0, 0.1875
surrogate, 95, 23.0, 0.1875
surrogate, 95, 23.0, 0.1875
surrogate, 95, 23.0, 0.1875
surrogate, 95, 23.0, 0.1875
surrogate, 95, 23.0, 0.1875
surrogate, 95, 23.0, 0.1875
surrogate, 95, 23.0, 0.1875
surrogate, 95, 23.0, 0.1875
surrogate, 95, 23.0, 0.1875
surrogate, 95, 23.0, 0.1875
surrogate, 95, 23.0, 0.1875
surrogate, 95, 23.0, 0.1875
surrogate, 95, 23.0, 0.1875
surrogate, 95, 23.0, 0.1875
surrogate, 95, 23.0, 0.1875
surrogate, 95, 23.0, 0.1875
surrogate, 95, 23.0, 0.1875
surrogate, 96, 32.0, 0.875
surrogate, 96, 32.0, 0.875
surrogate, 96, 32.0, 0.875
surrogate, 96, 31.0, 0.75
surrogate, 96, 31.0, 0.75
surrogate, 96, 31.0, 0.75
surrogate, 96, 31.0, 0.75
surrogate, 96, 31.0, 0.75
surrogate, 96, 30.0, 0.65625
surrogate, 96, 30.0, 0.65625
surrogate, 96, 30.0, 0.65625
surrogate, 96, 30.0, 0.65625
surrogate, 96, 30.0, 0.65625
surrogate, 96, 30.0, 0.65625
surrogate, 96, 30.0, 0.65625
surrogate, 96, 30.0, 0.65625
surrogate, 96, 30.0, 0.65625
surrogate, 96, 30.0, 0.65625
surrogate, 96, 30.0, 0.65625
surrogate, 96, 30.0, 0.65625
surrogate, 96, 30.0, 0.65625
surrogate, 96, 30.0, 0.65625
surrogate, 96, 30.0, 0.65625
surrogate, 96, 30.0, 0.65625
surrogate, 96, 30.0, 0.65625
surrogate, 96, 30.0, 0.65625
surrogate, 96, 30.0, 0.65625
surrogate, 96, 30.0, 0.65625
surrogate, 96, 29.0, 0.59375
surrogate, 96, 29.0, 0.59375
surrogate, 96, 29.0, 0.59375
surrogate, 96, 29.0, 0.59375
surrogate, 96, 29.0, 0.59375
surrogate, 96, 29.0, 0.59375
surrogate, 96, 29.0, 0.59375
surrogate, 96, 29.0, 0.59375
surrogate, 96, 29.0, 0.59375
surrogate, 96, 26.0, 0.53125
surrogate, 96, 26.0, 0.53125
surrogate, 96, 26.0, 0.53125
surrogate, 96, 26.0, 0.53125
surrogate, 96, 26.0, 0.53125
surrogate, 96, 26.0, 0.53125
surrogate, 96, 26.0, 0.53125
surrogate, 96, 26.0, 0.53125
surrogate, 96, 26.0, 0.53125
surrogate, 96, 26.0, 0.53125
surrogate, 96, 26.0, 0.53125
surrogate, 96, 26.0, 0.53125
surrogate, 96, 26.0, 0.53125
surrogate, 96, 26.0, 0.53125
surrogate, 96, 26.0, 0.53125
surrogate, 96, 26.0, 0.53125
surrogate, 96, 26.0, 0.53125
surrogate, 96, 26.0, 0.53125
surrogate, 96, 24.0, 0.34375
surrogate, 96, 24.0, 0.34375
surrogate, 96, 24.0, 0.34375
surrogate, 96, 24.0, 0.34375
surrogate, 96, 24.0, 0.34375
surrogate, 96, 24.0, 0.34375
surrogate, 96, 24.0, 0.34375
surrogate, 96, 24.0, 0.34375
surrogate, 96, 24.0, 0.34375
surrogate, 96, 24.0, 0.34375
surrogate, 96, 24.0, 0.34375
surrogate, 96, 24.0, 0.34375
surrogate, 96, 24.0, 0.34375
surrogate, 96, 24.0, 0.34375
surrogate, 96, 24.0, 0.34375
surrogate, 96, 24.0, 0.34375
surrogate, 96, 24.0, 0.34375
surrogate, 96, 24.0, 0.34375
surrogate, 96, 24.0, 0.34375
surrogate, 96, 24.0, 0.34375
surrogate, 96, 24.0, 0.34375
surrogate, 96, 24.0, 0.34375
surrogate, 96, 24.0, 0.34375
surrogate, 96, 24.0, 0.34375
surrogate, 96, 24.0, 0.34375
surrogate, 96, 24.0, 0.34375
surrogate, 96, 24.0, 0.34375
surrogate, 96, 24.0, 0.34375
surrogate, 96, 24.0, 0.34375
surrogate, 96, 24.0, 0.34375
surrogate, 96, 24.0, 0.34375
surrogate, 96, 24.0, 0.34375
surrogate, 96, 24.0, 0.34375
surrogate, 96, 23.0, 0.1875
surrogate, 96, 23.0, 0.1875
surrogate, 96, 23.0, 0.1875
surrogate, 96, 23.0, 0.1875
surrogate, 96, 23.0, 0.1875
surrogate, 96, 23.0, 0.1875
surrogate, 96, 23.0, 0.1875
surrogate, 96, 23.0, 0.1875
surrogate, 96, 23.0, 0.1875
surrogate, 96, 23.0, 0.1875
surrogate, 96, 23.0, 0.1875
surrogate, 96, 23.0, 0.1875
surrogate, 96, 23.0, 0.1875
surrogate, 96, 23.0, 0.1875
surrogate, 96, 23.0, 0.1875
surrogate, 96, 23.0, 0.1875
surrogate, 96, 23.0, 0.1875
surrogate, 96, 23.0, 0.1875
surrogate, 96, 23.0, 0.1875
surrogate, 96, 23.0, 0.1875
surrogate, 96, 23.0, 0.1875
surrogate, 96, 23.0, 0.1875
surrogate, 96, 23.0, 0.1875
surrogate, 96, 23.0, 0.1875
surrogate, 96, 23.0, 0.1875
surrogate, 96, 23.0, 0.1875
surrogate, 96, 23.0, 0.1875
surrogate, 96, 23.0, 0.1875
surrogate, 96, 23.0, 0.1875
surrogate, 96, 23.0, 0.1875
surrogate, 96, 23.0, 0.1875
surrogate, 96, 23.0, 0.1875
surrogate, 96, 23.0, 0.1875
surrogate, 96, 23.0, 0.1875
surrogate, 96, 23.0, 0.1875
surrogate, 96, 23.0, 0.1875
surrogate, 96, 23.0, 0.1875
surrogate, 96, 23.0, 0.1875
surrogate, 96, 23.0, 0.1875
surrogate, 96, 23.0, 0.1875
surrogate, 96, 23.0, 0.1875
surrogate, 96, 23.0, 0.1875
surrogate, 96, 23.0, 0.1875
surrogate, 96, 23.0, 0.1875
surrogate, 96, 23.0, 0.1875
surrogate, 96, 23.0, 0.1875
surrogate, 96, 23.0, 0.1875
surrogate, 96, 23.0, 0.1875
surrogate, 96, 23.0, 0.1875
surrogate, 96, 23.0, 0.1875
surrogate, 96, 23.0, 0.1875
surrogate, 96, 23.0, 0.1875
surrogate, 96, 23.0, 0.1875
surrogate, 96, 23.0, 0.1875
surrogate, 97, 32.0, 0.875
surrogate, 97, 32.0, 0.875
surrogate, 97, 32.0, 0.875
surrogate, 97, 31.0, 0.75
surrogate, 97, 31.0, 0.75
surrogate, 97, 31.0, 0.75
surrogate, 97, 31.0, 0.75
surrogate, 97, 31.0, 0.75
surrogate, 97, 30.0, 0.65625
surrogate, 97, 30.0, 0.65625
surrogate, 97, 30.0, 0.65625
surrogate, 97, 30.0, 0.65625
surrogate, 97, 30.0, 0.65625
surrogate, 97, 30.0, 0.65625
surrogate, 97, 30.0, 0.65625
surrogate, 97, 30.0, 0.65625
surrogate, 97, 30.0, 0.65625
surrogate, 97, 30.0, 0.65625
surrogate, 97, 30.0, 0.65625
surrogate, 97, 30.0, 0.65625
surrogate, 97, 30.0, 0.65625
surrogate, 97, 30.0, 0.65625
surrogate, 97, 30.0, 0.65625
surrogate, 97, 30.0, 0.65625
surrogate, 97, 30.0, 0.65625
surrogate, 97, 30.0, 0.65625
surrogate, 97, 30.0, 0.65625
surrogate, 97, 30.0, 0.65625
surrogate, 97, 29.0, 0.59375
surrogate, 97, 29.0, 0.59375
surrogate, 97, 29.0, 0.59375
surrogate, 97, 29.0, 0.59375
surrogate, 97, 29.0, 0.59375
surrogate, 97, 29.0, 0.59375
surrogate, 97, 29.0, 0.59375
surrogate, 97, 29.0, 0.59375
surrogate, 97, 29.0, 0.59375
surrogate, 97, 26.0, 0.53125
surrogate, 97, 26.0, 0.53125
surrogate, 97, 26.0, 0.53125
surrogate, 97, 26.0, 0.53125
surrogate, 97, 26.0, 0.53125
surrogate, 97, 26.0, 0.53125
surrogate, 97, 26.0, 0.53125
surrogate, 97, 26.0, 0.53125
surrogate, 97, 26.0, 0.53125
surrogate, 97, 26.0, 0.53125
surrogate, 97, 26.0, 0.53125
surrogate, 97, 26.0, 0.53125
surrogate, 97, 26.0, 0.53125
surrogate, 97, 26.0, 0.53125
surrogate, 97, 26.0, 0.53125
surrogate, 97, 26.0, 0.53125
surrogate, 97, 26.0, 0.53125
surrogate, 97, 26.0, 0.53125
surrogate, 97, 24.0, 0.34375
surrogate, 97, 24.0, 0.34375
surrogate, 97, 24.0, 0.34375
surrogate, 97, 24.0, 0.34375
surrogate, 97, 24.0, 0.34375
surrogate, 97, 24.0, 0.34375
surrogate, 97, 24.0, 0.34375
surrogate, 97, 24.0, 0.34375
surrogate, 97, 24.0, 0.34375
surrogate, 97, 24.0, 0.34375
surrogate, 97, 24.0, 0.34375
surrogate, 97, 24.0, 0.34375
surrogate, 97, 24.0, 0.34375
surrogate, 97, 24.0, 0.34375
surrogate, 97, 24.0, 0.34375
surrogate, 97, 24.0, 0.34375
surrogate, 97, 24.0, 0.34375
surrogate, 97, 24.0, 0.34375
surrogate, 97, 24.0, 0.34375
surrogate, 97, 24.0, 0.34375
surrogate, 97, 24.0, 0.34375
surrogate, 97, 24.0, 0.34375
surrogate, 97, 24.0, 0.34375
surrogate, 97, 24.0, 0.34375
surrogate, 97, 24.0, 0.34375
surrogate, 97, 24.0, 0.34375
surrogate, 97, 24.0, 0.34375
surrogate, 97, 24.0, 0.34375
surrogate, 97, 24.0, 0.34375
surrogate, 97, 24.0, 0.34375
surrogate, 97, 24.0, 0.34375
surrogate, 97, 24.0, 0.34375
surrogate, 97, 24.0, 0.34375
surrogate, 97, 23.0, 0.1875
surrogate, 97, 23.0, 0.1875
surrogate, 97, 23.0, 0.1875
surrogate, 97, 23.0, 0.1875
surrogate, 97, 23.0, 0.1875
surrogate, 97, 23.0, 0.1875
surrogate, 97, 23.0, 0.1875
surrogate, 97, 23.0, 0.1875
surrogate, 97, 23.0, 0.1875
surrogate, 97, 23.0, 0.1875
surrogate, 97, 23.0, 0.1875
surrogate, 97, 23.0, 0.1875
surrogate, 97, 23.0, 0.1875
surrogate, 97, 23.0, 0.1875
surrogate, 97, 23.0, 0.1875
surrogate, 97, 23.0, 0.1875
surrogate, 97, 23.0, 0.1875
surrogate, 97, 23.0, 0.1875
surrogate, 97, 23.0, 0.1875
surrogate, 97, 23.0, 0.1875
surrogate, 97, 23.0, 0.1875
surrogate, 97, 23.0, 0.1875
surrogate, 97, 23.0, 0.1875
surrogate, 97, 23.0, 0.1875
surrogate, 97, 23.0, 0.1875
surrogate, 97, 23.0, 0.1875
surrogate, 97, 23.0, 0.1875
surrogate, 97, 23.0, 0.1875
surrogate, 97, 23.0, 0.1875
surrogate, 97, 23.0, 0.1875
surrogate, 97, 23.0, 0.1875
surrogate, 97, 23.0, 0.1875
surrogate, 97, 23.0, 0.1875
surrogate, 97, 23.0, 0.1875
surrogate, 97, 23.0, 0.1875
surrogate, 97, 23.0, 0.1875
surrogate, 97, 23.0, 0.1875
surrogate, 97, 23.0, 0.1875
surrogate, 97, 23.0, 0.1875
surrogate, 97, 23.0, 0.1875
surrogate, 97, 23.0, 0.1875
surrogate, 97, 23.0, 0.1875
surrogate, 97, 23.0, 0.1875
surrogate, 97, 23.0, 0.1875
surrogate, 97, 23.0, 0.1875
surrogate, 97, 23.0, 0.1875
surrogate, 97, 23.0, 0.1875
surrogate, 97, 23.0, 0.1875
surrogate, 97, 23.0, 0.1875
surrogate, 97, 23.0, 0.1875
surrogate, 97, 23.0, 0.1875
surrogate, 97, 23.0, 0.1875
surrogate, 97, 23.0, 0.1875
surrogate, 97, 23.0, 0.1875
surrogate, 98, 32.0, 0.875
surrogate, 98, 32.0, 0.875
surrogate, 98, 32.0, 0.875
surrogate, 98, 31.0, 0.75
surrogate, 98, 31.0, 0.75
surrogate, 98, 31.0, 0.75
surrogate, 98, 31.0, 0.75
surrogate, 98, 31.0, 0.75
surrogate, 98, 30.0, 0.65625
surrogate, 98, 30.0, 0.65625
surrogate, 98, 30.0, 0.65625
surrogate, 98, 30.0, 0.65625
surrogate, 98, 30.0, 0.65625
surrogate, 98, 30.0, 0.65625
surrogate, 98, 30.0, 0.65625
surrogate, 98, 30.0, 0.65625
surrogate, 98, 30.0, 0.65625
surrogate, 98, 30.0, 0.65625
surrogate, 98, 30.0, 0.65625
surrogate, 98, 30.0, 0.65625
surrogate, 98, 30.0, 0.65625
surrogate, 98, 30.0, 0.65625
surrogate, 98, 30.0, 0.65625
surrogate, 98, 30.0, 0.65625
surrogate, 98, 30.0, 0.65625
surrogate, 98, 30.0, 0.65625
surrogate, 98, 30.0, 0.65625
surrogate, 98, 30.0, 0.65625
surrogate, 98, 29.0, 0.59375
surrogate, 98, 29.0, 0.59375
surrogate, 98, 29.0, 0.59375
surrogate, 98, 29.0, 0.59375
surrogate, 98, 29.0, 0.59375
surrogate, 98, 29.0, 0.59375
surrogate, 98, 29.0, 0.59375
surrogate, 98, 29.0, 0.59375
surrogate, 98, 29.0, 0.59375
surrogate, 98, 29.0, 0.59375
surrogate, 98, 26.0, 0.53125
surrogate, 98, 26.0, 0.53125
surrogate, 98, 26.0, 0.53125
surrogate, 98, 26.0, 0.53125
surrogate, 98, 26.0, 0.53125
surrogate, 98, 26.0, 0.53125
surrogate, 98, 26.0, 0.53125
surrogate, 98, 26.0, 0.53125
surrogate, 98, 26.0, 0.53125
surrogate, 98, 26.0, 0.53125
surrogate, 98, 26.0, 0.53125
surrogate, 98, 26.0, 0.53125
surrogate, 98, 26.0, 0.53125
surrogate, 98, 26.0, 0.53125
surrogate, 98, 26.0, 0.53125
surrogate, 98, 26.0, 0.53125
surrogate, 98, 26.0, 0.53125
surrogate, 98, 26.0, 0.53125
surrogate, 98, 24.0, 0.34375
surrogate, 98, 24.0, 0.34375
surrogate, 98, 24.0, 0.34375
surrogate, 98, 24.0, 0.34375
surrogate, 98, 24.0, 0.34375
surrogate, 98, 24.0, 0.34375
surrogate, 98, 24.0, 0.34375
surrogate, 98, 24.0, 0.34375
surrogate, 98, 24.0, 0.34375
surrogate, 98, 24.0, 0.34375
surrogate, 98, 24.0, 0.34375
surrogate, 98, 24.0, 0.34375
surrogate, 98, 24.0, 0.34375
surrogate, 98, 24.0, 0.34375
surrogate, 98, 24.0, 0.34375
surrogate, 98, 24.0, 0.34375
surrogate, 98, 24.0, 0.34375
surrogate, 98, 24.0, 0.34375
surrogate, 98, 24.0, 0.34375
surrogate, 98, 24.0, 0.34375
surrogate, 98, 24.0, 0.34375
surrogate, 98, 24.0, 0.34375
surrogate, 98, 24.0, 0.34375
surrogate, 98, 24.0, 0.34375
surrogate, 98, 24.0, 0.34375
surrogate, 98, 24.0, 0.34375
surrogate, 98, 24.0, 0.34375
surrogate, 98, 24.0, 0.34375
surrogate, 98, 24.0, 0.34375
surrogate, 98, 24.0, 0.34375
surrogate, 98, 24.0, 0.34375
surrogate, 98, 24.0, 0.34375
surrogate, 98, 24.0, 0.34375
surrogate, 98, 23.0, 0.1875
surrogate, 98, 23.0, 0.1875
surrogate, 98, 23.0, 0.1875
surrogate, 98, 23.0, 0.1875
surrogate, 98, 23.0, 0.1875
surrogate, 98, 23.0, 0.1875
surrogate, 98, 23.0, 0.1875
surrogate, 98, 23.0, 0.1875
surrogate, 98, 23.0, 0.1875
surrogate, 98, 23.0, 0.1875
surrogate, 98, 23.0, 0.1875
surrogate, 98, 23.0, 0.1875
surrogate, 98, 23.0, 0.1875
surrogate, 98, 23.0, 0.1875
surrogate, 98, 23.0, 0.1875
surrogate, 98, 23.0, 0.1875
surrogate, 98, 23.0, 0.1875
surrogate, 98, 23.0, 0.1875
surrogate, 98, 23.0, 0.1875
surrogate, 98, 23.0, 0.1875
surrogate, 98, 23.0, 0.1875
surrogate, 98, 23.0, 0.1875
surrogate, 98, 23.0, 0.1875
surrogate, 98, 23.0, 0.1875
surrogate, 98, 23.0, 0.1875
surrogate, 98, 23.0, 0.1875
surrogate, 98, 23.0, 0.1875
surrogate, 98, 23.0, 0.1875
surrogate, 98, 23.0, 0.1875
surrogate, 98, 23.0, 0.1875
surrogate, 98, 23.0, 0.1875
surrogate, 98, 23.0, 0.1875
surrogate, 98, 23.0, 0.1875
surrogate, 98, 23.0, 0.1875
surrogate, 98, 23.0, 0.1875
surrogate, 98, 23.0, 0.1875
surrogate, 98, 23.0, 0.1875
surrogate, 98, 23.0, 0.1875
surrogate, 98, 23.0, 0.1875
surrogate, 98, 23.0, 0.1875
surrogate, 98, 23.0, 0.1875
surrogate, 98, 23.0, 0.1875
surrogate, 98, 23.0, 0.1875
surrogate, 98, 23.0, 0.1875
surrogate, 98, 23.0, 0.1875
surrogate, 98, 23.0, 0.1875
surrogate, 98, 23.0, 0.1875
surrogate, 98, 23.0, 0.1875
surrogate, 98, 23.0, 0.1875
surrogate, 98, 23.0, 0.1875
surrogate, 98, 23.0, 0.1875
surrogate, 98, 23.0, 0.1875
surrogate, 98, 23.0, 0.1875
surrogate, 98, 23.0, 0.1875
surrogate, 99, 32.0, 0.875
surrogate, 99, 32.0, 0.875
surrogate, 99, 32.0, 0.875
surrogate, 99, 31.0, 0.75
surrogate, 99, 31.0, 0.75
surrogate, 99, 31.0, 0.75
surrogate, 99, 31.0, 0.75
surrogate, 99, 31.0, 0.75
surrogate, 99, 31.0, 0.75
surrogate, 99, 30.0, 0.65625
surrogate, 99, 30.0, 0.65625
surrogate, 99, 30.0, 0.65625
surrogate, 99, 30.0, 0.65625
surrogate, 99, 30.0, 0.65625
surrogate, 99, 30.0, 0.65625
surrogate, 99, 30.0, 0.65625
surrogate, 99, 30.0, 0.65625
surrogate, 99, 30.0, 0.65625
surrogate, 99, 30.0, 0.65625
surrogate, 99, 30.0, 0.65625
surrogate, 99, 30.0, 0.65625
surrogate, 99, 30.0, 0.65625
surrogate, 99, 30.0, 0.65625
surrogate, 99, 30.0, 0.65625
surrogate, 99, 30.0, 0.65625
surrogate, 99, 30.0, 0.65625
surrogate, 99, 30.0, 0.65625
surrogate, 99, 30.0, 0.65625
surrogate, 99, 30.0, 0.65625
surrogate, 99, 29.0, 0.59375
surrogate, 99, 29.0, 0.59375
surrogate, 99, 29.0, 0.59375
surrogate, 99, 29.0, 0.59375
surrogate, 99, 29.0, 0.59375
surrogate, 99, 29.0, 0.59375
surrogate, 99, 29.0, 0.59375
surrogate, 99, 29.0, 0.59375
surrogate, 99, 29.0, 0.59375
surrogate, 99, 29.0, 0.59375
surrogate, 99, 29.0, 0.59375
surrogate, 99, 26.0, 0.53125
surrogate, 99, 26.0, 0.53125
surrogate, 99, 26.0, 0.53125
surrogate, 99, 26.0, 0.53125
surrogate, 99, 26.0, 0.53125
surrogate, 99, 26.0, 0.53125
surrogate, 99, 26.0, 0.53125
surrogate, 99, 26.0, 0.53125
surrogate, 99, 26.0, 0.53125
surrogate, 99, 26.0, 0.53125
surrogate, 99, 26.0, 0.53125
surrogate, 99, 26.0, 0.53125
surrogate, 99, 26.0, 0.53125
surrogate, 99, 26.0, 0.53125
surrogate, 99, 26.0, 0.53125
surrogate, 99, 26.0, 0.53125
surrogate, 99, 26.0, 0.53125
surrogate, 99, 26.0, 0.53125
surrogate, 99, 24.0, 0.34375
surrogate, 99, 24.0, 0.34375
surrogate, 99, 24.0, 0.34375
surrogate, 99, 24.0, 0.34375
surrogate, 99, 24.0, 0.34375
surrogate, 99, 24.0, 0.34375
surrogate, 99, 24.0, 0.34375
surrogate, 99, 24.0, 0.34375
surrogate, 99, 24.0, 0.34375
surrogate, 99, 24.0, 0.34375
surrogate, 99, 24.0, 0.34375
surrogate, 99, 24.0, 0.34375
surrogate, 99, 24.0, 0.34375
surrogate, 99, 24.0, 0.34375
surrogate, 99, 24.0, 0.34375
surrogate, 99, 24.0, 0.34375
surrogate, 99, 24.0, 0.34375
surrogate, 99, 24.0, 0.34375
surrogate, 99, 24.0, 0.34375
surrogate, 99, 24.0, 0.34375
surrogate, 99, 24.0, 0.34375
surrogate, 99, 24.0, 0.34375
surrogate, 99, 24.0, 0.34375
surrogate, 99, 24.0, 0.34375
surrogate, 99, 24.0, 0.34375
surrogate, 99, 24.0, 0.34375
surrogate, 99, 24.0, 0.34375
surrogate, 99, 24.0, 0.34375
surrogate, 99, 24.0, 0.34375
surrogate, 99, 24.0, 0.34375
surrogate, 99, 24.0, 0.34375
surrogate, 99, 24.0, 0.34375
surrogate, 99, 24.0, 0.34375
surrogate, 99, 23.0, 0.1875
surrogate, 99, 23.0, 0.1875
surrogate, 99, 23.0, 0.1875
surrogate, 99, 23.0, 0.1875
surrogate, 99, 23.0, 0.1875
surrogate, 99, 23.0, 0.1875
surrogate, 99, 23.0, 0.1875
surrogate, 99, 23.0, 0.1875
surrogate, 99, 23.0, 0.1875
surrogate, 99, 23.0, 0.1875
surrogate, 99, 23.0, 0.1875
surrogate, 99, 23.0, 0.1875
surrogate, 99, 23.0, 0.1875
surrogate, 99, 23.0, 0.1875
surrogate, 99, 23.0, 0.1875
surrogate, 99, 23.0, 0.1875
surrogate, 99, 23.0, 0.1875
surrogate, 99, 23.0, 0.1875
surrogate, 99, 23.0, 0.1875
surrogate, 99, 23.0, 0.1875
surrogate, 99, 23.0, 0.1875
surrogate, 99, 23.0, 0.1875
surrogate, 99, 23.0, 0.1875
surrogate, 99, 23.0, 0.1875
surrogate, 99, 23.0, 0.1875
surrogate, 99, 23.0, 0.1875
surrogate, 99, 23.0, 0.1875
surrogate, 99, 23.0, 0.1875
surrogate, 99, 23.0, 0.1875
surrogate, 99, 23.0, 0.1875
surrogate, 99, 23.0, 0.1875
surrogate, 99, 23.0, 0.1875
surrogate, 99, 23.0, 0.1875
surrogate, 99, 23.0, 0.1875
surrogate, 99, 23.0, 0.1875
surrogate, 99, 23.0, 0.1875
surrogate, 99, 23.0, 0.1875
surrogate, 99, 23.0, 0.1875
surrogate, 99, 23.0, 0.1875
surrogate, 99, 23.0, 0.1875
surrogate, 99, 23.0, 0.1875
surrogate, 99, 23.0, 0.1875
surrogate, 99, 23.0, 0.1875
surrogate, 99, 23.0, 0.1875
surrogate, 99, 23.0, 0.1875
surrogate, 99, 23.0, 0.1875
surrogate, 99, 23.0, 0.1875
surrogate, 99, 23.0, 0.1875
surrogate, 99, 23.0, 0.1875
surrogate, 99, 23.0, 0.1875
surrogate, 99, 23.0, 0.1875
surrogate, 99, 23.0, 0.1875
surrogate, 99, 23.0, 0.1875
surrogate, 99, 23.0, 0.1875
surrogate, 100, 32.0, 0.875
surrogate, 100, 32.0, 0.875
surrogate, 100, 32.0, 0.875
surrogate, 100, 31.0, 0.75
surrogate, 100, 31.0, 0.75
surrogate, 100, 31.0, 0.75
surrogate, 100, 31.0, 0.75
surrogate, 100, 31.0, 0.75
surrogate, 100, 31.0, 0.75
surrogate, 100, 30.0, 0.65625
surrogate, 100, 30.0, 0.65625
surrogate, 100, 30.0, 0.65625
surrogate, 100, 30.0, 0.65625
surrogate, 100, 30.0, 0.65625
surrogate, 100, 30.0, 0.65625
surrogate, 100, 30.0, 0.65625
surrogate, 100, 30.0, 0.65625
surrogate, 100, 30.0, 0.65625
surrogate, 100, 30.0, 0.65625
surrogate, 100, 30.0, 0.65625
surrogate, 100, 30.0, 0.65625
surrogate, 100, 30.0, 0.65625
surrogate, 100, 30.0, 0.65625
surrogate, 100, 30.0, 0.65625
surrogate, 100, 30.0, 0.65625
surrogate, 100, 30.0, 0.65625
surrogate, 100, 30.0, 0.65625
surrogate, 100, 30.0, 0.65625
surrogate, 100, 30.0, 0.65625
surrogate, 100, 29.0, 0.59375
surrogate, 100, 29.0, 0.59375
surrogate, 100, 29.0, 0.59375
surrogate, 100, 29.0, 0.59375
surrogate, 100, 29.0, 0.59375
surrogate, 100, 29.0, 0.59375
surrogate, 100, 29.0, 0.59375
surrogate, 100, 29.0, 0.59375
surrogate, 100, 29.0, 0.59375
surrogate, 100, 29.0, 0.59375
surrogate, 100, 29.0, 0.59375
surrogate, 100, 29.0, 0.59375
surrogate, 100, 26.0, 0.53125
surrogate, 100, 26.0, 0.53125
surrogate, 100, 26.0, 0.53125
surrogate, 100, 26.0, 0.53125
surrogate, 100, 26.0, 0.53125
surrogate, 100, 26.0, 0.53125
surrogate, 100, 26.0, 0.53125
surrogate, 100, 26.0, 0.53125
surrogate, 100, 26.0, 0.53125
surrogate, 100, 26.0, 0.53125
surrogate, 100, 26.0, 0.53125
surrogate, 100, 26.0, 0.53125
surrogate, 100, 26.0, 0.53125
surrogate, 100, 26.0, 0.53125
surrogate, 100, 26.0, 0.53125
surrogate, 100, 26.0, 0.53125
surrogate, 100, 26.0, 0.53125
surrogate, 100, 26.0, 0.53125
surrogate, 100, 24.0, 0.34375
surrogate, 100, 24.0, 0.34375
surrogate, 100, 24.0, 0.34375
surrogate, 100, 24.0, 0.34375
surrogate, 100, 24.0, 0.34375
surrogate, 100, 24.0, 0.34375
surrogate, 100, 24.0, 0.34375
surrogate, 100, 24.0, 0.34375
surrogate, 100, 24.0, 0.34375
surrogate, 100, 24.0, 0.34375
surrogate, 100, 24.0, 0.34375
surrogate, 100, 24.0, 0.34375
surrogate, 100, 24.0, 0.34375
surrogate, 100, 24.0, 0.34375
surrogate, 100, 24.0, 0.34375
surrogate, 100, 24.0, 0.34375
surrogate, 100, 24.0, 0.34375
surrogate, 100, 24.0, 0.34375
surrogate, 100, 24.0, 0.34375
surrogate, 100, 24.0, 0.34375
surrogate, 100, 24.0, 0.34375
surrogate, 100, 24.0, 0.34375
surrogate, 100, 24.0, 0.34375
surrogate, 100, 24.0, 0.34375
surrogate, 100, 24.0, 0.34375
surrogate, 100, 24.0, 0.34375
surrogate, 100, 24.0, 0.34375
surrogate, 100, 24.0, 0.34375
surrogate, 100, 24.0, 0.34375
surrogate, 100, 24.0, 0.34375
surrogate, 100, 24.0, 0.34375
surrogate, 100, 24.0, 0.34375
surrogate, 100, 24.0, 0.34375
surrogate, 100, 23.0, 0.1875
surrogate, 100, 23.0, 0.1875
surrogate, 100, 23.0, 0.1875
surrogate, 100, 23.0, 0.1875
surrogate, 100, 23.0, 0.1875
surrogate, 100, 23.0, 0.1875
surrogate, 100, 23.0, 0.1875
surrogate, 100, 23.0, 0.1875
surrogate, 100, 23.0, 0.1875
surrogate, 100, 23.0, 0.1875
surrogate, 100, 23.0, 0.1875
surrogate, 100, 23.0, 0.1875
surrogate, 100, 23.0, 0.1875
surrogate, 100, 23.0, 0.1875
surrogate, 100, 23.0, 0.1875
surrogate, 100, 23.0, 0.1875
surrogate, 100, 23.0, 0.1875
surrogate, 100, 23.0, 0.1875
surrogate, 100, 23.0, 0.1875
surrogate, 100, 23.0, 0.1875
surrogate, 100, 23.0, 0.1875
surrogate, 100, 23.0, 0.1875
surrogate, 100, 23.0, 0.1875
surrogate, 100, 23.0, 0.1875
surrogate, 100, 23.0, 0.1875
surrogate, 100, 23.0, 0.1875
surrogate, 100, 23.0, 0.1875
surrogate, 100, 23.0, 0.1875
surrogate, 100, 23.0, 0.1875
surrogate, 100, 23.0, 0.1875
surrogate, 100, 23.0, 0.1875
surrogate, 100, 23.0, 0.1875
surrogate, 100, 23.0, 0.1875
surrogate, 100, 23.0, 0.1875
surrogate, 100, 23.0, 0.1875
surrogate, 100, 23.0, 0.1875
surrogate, 100, 23.0, 0.1875
surrogate, 100, 23.0, 0.1875
surrogate, 100, 23.0, 0.1875
surrogate, 100, 23.0, 0.1875
surrogate, 100, 23.0, 0.1875
surrogate, 100, 23.0, 0.1875
surrogate, 100, 23.0, 0.1875
surrogate, 100, 23.0, 0.1875
surrogate, 100, 23.0, 0.1875
surrogate, 100, 23.0, 0.1875
surrogate, 100, 23.0, 0.1875
surrogate, 100, 23.0, 0.1875
surrogate, 100, 23.0, 0.1875
surrogate, 100, 23.0, 0.1875
surrogate, 100, 23.0, 0.1875
surrogate, 100, 23.0, 0.1875
surrogate, 100, 23.0, 0.1875
surrogate, 100, 23.0, 0.1875
surrogate, 100, 23.0, 0.1875
